1.002743 0.997544 0.998067 1.003106 1.005062 1.002765 0.998577 0.999786 1.001065 0.999465 1.004546 1.008490 0.995492 0.999932 1.005267 1.001649 1.004697 1.006372 1.010627 1.008569 0.996858 1.004551 1.001304 0.996834 0.997754 1.002991 1.000350 0.996932 0.994493 0.998347 0.999237 0.988605 1.000186 1.005850 1.000806 0.999363 0.993310 0.998447 1.006404 1.000556 0.996618 0.998559 0.997499 0.991235 1.000238 1.002443 0.998482 1.004116 1.000026 1.002792 1.000003 0.997758 0.998329 0.995640 0.991274 0.996085 0.995498 0.995315 0.997346 0.993335 1.001790 1.000194 0.997663 1.002210 0.991662 0.995693 1.003620 1.004436 1.001567 0.999207 0.999968 1.001251 1.003969 1.004194 0.998877 1.001841 1.006715 1.010207 0.999158 1.005589 1.007929 1.003643 0.999789 0.999758 1.005940 1.001963 1.001629 0.993592 1.000436 0.996105 1.008750 1.003716 1.004882 0.997995 0.996946 1.002466 0.995416 0.992969 1.006786 0.998683 1.000243 1.005068 0.998826 1.000018 1.006894 1.000343 1.000834 1.000572 0.998272 0.996060 0.998042 0.994962 1.007449 1.007658 1.008500 1.000041 1.002267 0.994512 0.998480 0.997512 1.002482 0.996816 1.001428 0.994456 1.000478 1.004419 0.998962 1.000506 1.003544 1.000965 0.998562 0.998262 0.994052 0.989272 1.006329 1.001365 0.992835 1.002167 1.001849 0.999463 0.999781 1.002577 1.005032 0.985111 1.001918 1.004253 1.004814 0.997288 1.001627 0.999575 1.002136 0.993409 1.000064 1.002338 0.991892 1.003003 0.993633 1.004463 0.997717 0.999504 1.000306 0.999169 0.998493 1.001337 1.004360 1.000946 1.004083 1.008160 0.996134 1.001969 1.005652 1.001143 0.998611 0.992869 0.993751 0.996771 1.003830 1.000006 1.003509 0.991976 0.995059 0.996576 1.006355 1.000411 0.998590 0.997176 1.009639 1.004049 1.001466 0.994645
0.999752 1.004705 0.999101 1.002879 1.004208 1.008387 0.997606 0.993088 1.002677 1.007006 1.008435 1.003279 1.002226 0.998389 0.997675 1.000094 0.999979 1.005312 0.996483 1.000508 1.000925 1.001473 1.000298 0.999626 1.000244 0.992603 0.995849 0.996568 1.001060 0.992469 1.006216 1.001906 1.011192 1.000539 0.995178 0.999736 1.002509 1.000569 1.007517 1.007292 1.002668 0.995510 1.004098 0.998300 0.999811 1.001161 0.996682 1.008389 1.001058 1.002996 0.998093 0.995337 1.000105 0.995508 0.992724 1.002533 1.004283 0.996498 1.002565 0.994260 0.994795 0.990253 0.996321 1.002789 1.001971 1.001850 1.000301 0.999352 0.998439 1.004449 0.998235 1.004253 1.005113 1.001743 1.004402 1.001745 1.000289 0.991306 0.995895 0.986894 0.997616 0.998893 0.995830 1.004468 0.998406 0.996993 1.001056 0.994609 0.996869 0.996259 1.001813 0.995544 0.993706 0.990897 1.004142 1.001719 1.002887 0.996392 0.997912 0.997957 0.994322 1.003922 0.997211 0.993972 0.993773 0.999175 0.999126 1.008183 0.998197 0.998628 1.002381 1.006926 1.001061 0.996308 0.999006 0.998201 0.994901 0.995962 0.995707 0.995008 0.998280 0.993893 1.004504 0.997656 0.998002 1.004932 0.994793 0.991341 1.006081 1.003869 0.996829 0.998699 1.002253 1.003544 0.996708 0.997796 1.000733 0.995607 0.998873 1.001521 1.000231 0.993965 0.998729 0.999613 1.006608 0.996680 1.002071 0.996657 0.999218 1.000061 0.998432 0.994454 0.993114 1.001739 1.002704 0.998474 0.996839 0.999993 0.996799 1.002546 1.000776 1.006874 1.001687 1.004318 1.002683 0.999273 1.001630 1.008074 0.993618 1.001009 1.002899 0.991376 1.001914 0.997057 0.997962 0.999631 1.004863 1.003973 1.003505 1.003715 0.996139 1.004339 0.997119 1.000300 1.004523 1.002229 0.996754 0.998754 0.995111 1.001178
1.005549 0.992810 0.996384 1.003813 1.005116 1.011809 1.000649 1.003181 1.001269 1.004646 1.006474 1.008329 1.002813 0.996164 1.002572 1.008868 0.997769 0.999196 1.006855 0.997209 0.991959 0.992632 0.984654 0.998321 1.010773 0.999411 0.990421 0.995162 1.002485 1.003939 1.007034 1.003914 1.002645 0.998903 0.998370 1.002392 0.996689 0.996947 0.999700 0.999804 0.995912 1.006073 1.006268 1.005095 0.996613 0.990486 0.994342 1.005541 0.996734 1.007908 0.998244 1.003717 1.003376 1.002365 1.000186 1.001179 0.993572 0.999100 0.998664 0.998906 1.000291 1.002682 0.998211 1.003757 0.999068 1.004048 1.003076 0.999601 0.997718 1.003101 1.002232 1.003867 0.999433 1.002025 1.001670 0.999189 0.999962 0.999281 0.997504 0.996517 1.001526 1.004810 1.003169 1.003684 0.997045 0.994713 0.995448 0.999420 1.006335 0.996788 0.999703 0.996890 1.000635 0.989184 0.998719 0.995856 1.011440 1.005068 1.003331 1.007617 1.001299 1.000515 0.993883 1.001223 0.999318 0.995043 0.995082 0.998014 0.998662 1.003687 1.004963 1.005346 0.997000 0.995360 0.998370 1.012087 0.999101 1.005380 1.008401 0.995289 0.997987 1.004090 1.007325 0.998713 0.987878 0.998470 0.996488 0.998463 1.004520 0.996798 0.999872 1.002927 1.004940 1.008051 1.004990 0.997686 1.009546 0.999567 0.992469 0.998815 1.003783 1.005716 1.000811 0.999789 1.003254 1.001944 0.998842 0.997237 0.993984 1.006047 1.006510 1.001852 0.994944 1.002856 0.996985 0.993538 0.998189 0.997013 0.992207 1.002069 0.995703 1.004366 0.999626 0.999836 0.998735 0.997976 0.995373 0.998982 0.998151 1.004677 0.998412 0.993683 1.002410 0.995916 0.995971 1.004132 1.002245 1.009436 1.003525 1.007787 1.005056 1.000039 0.997474 0.999161 1.003100 1.001419 0.995061 0.995049 1.005187 0.998417
1.001814 1.008280 0.998876 0.999518 0.993777 0.999636 0.998901 1.006650 1.001189 0.996907 0.989613 0.997330 0.999923 0.997790 1.005749 1.002881 0.997056 1.000086 1.003156 0.993608 0.994187 1.001719 1.003877 1.002328 0.998793 1.003075 1.002402 1.005085 0.995448 0.996095 1.003206 0.999040 1.000951 0.998161 0.997230 0.996005 0.999187 1.005476 1.000815 0.999422 1.000273 0.996739 0.998443 1.001669 1.004625 0.992493 0.997383 1.010245 0.998403 0.998871 0.998105 0.999237 1.004849 0.998105 1.001489 0.996836 1.004267 1.012675 1.002045 0.993350 0.990989 0.992610 0.993574 1.000771 0.996676 0.995313 1.000434 1.002570 1.002061 1.006380 0.997963 1.000854 1.001180 0.995480 0.997107 1.003204 1.001877 1.002402 0.999987 0.998590 0.997541 0.999665 0.999137 1.001223 0.998248 1.001027 1.004874 0.998423 0.997985 1.004396 1.001976 0.998294 0.987688 0.994209 1.002953 1.000093 1.007924 0.995660 1.004651 1.015327 1.010683 1.006126 1.003561 1.007165 0.998754 1.000286 0.999544 1.007327 1.000464 1.006059 0.996102 0.993224 1.001857 0.995763 0.989710 0.999498 0.994561 1.002228 1.002453 1.000115 1.003301 1.000468 1.003662 1.000630 0.993642 0.997246 1.001072 1.001108 0.991634 0.995622 0.992709 0.998935 1.002484 1.005880 1.001050 0.990033 0.996916 0.998467 1.001261 0.997960 1.006861 1.008736 1.002653 0.999306 0.998793 0.997717 0.995978 0.995198 0.993212 1.001430 1.001899 0.997709 0.990139 0.998854 1.001443 1.004966 0.996051 1.002382 0.995250 1.004338 0.995646 0.997125 0.992444 0.991636 1.004083 0.999881 0.996563 0.998005 0.995340 0.997088 0.996130 0.999806 1.006965 1.004139 1.000495 0.999173 1.006678 0.996238 0.993428 1.009778 0.999115 0.999023 1.000907 0.998386 0.999825 0.998277 0.998869 0.997006 1.009178 1.000360
0.992960 1.010947 1.005238 1.006628 0.999842 0.995248 1.001588 0.998960 0.996318 0.994570 0.999414 1.007281 1.005917 0.998945 0.994749 0.999974 0.996899 1.000427 0.998183 0.995238 1.005829 1.004853 0.998961 0.996615 0.998504 1.004962 1.007069 1.000761 1.000153 1.002453 0.996328 0.999376 0.997663 1.000242 1.011191 0.999552 1.005955 1.006665 1.004706 0.999561 1.001401 0.994634 0.999359 0.999065 1.004710 0.996645 0.993936 0.996604 0.997793 1.001072 0.998874 0.996974 1.005796 0.995122 0.990342 1.000611 1.006102 1.001195 1.000286 0.994850 1.001373 1.000324 0.993830 0.996359 0.997567 0.992129 1.004184 0.994606 0.997709 1.004703 0.999383 0.997454 0.993007 0.997606 1.002954 0.998518 1.000896 0.995160 1.002846 1.002264 1.000087 0.996551 1.003620 1.004510 1.000855 1.007889 1.006750 1.001512 1.001023 1.005940 1.005038 0.999391 0.999465 1.000718 1.005238 1.005259 1.008594 0.997960 0.989421 0.998262 0.993627 0.995465 1.003093 0.995273 1.003155 0.998481 0.993587 1.000364 0.997307 0.996922 1.005218 1.002229 0.995688 0.995354 0.998621 1.009555 1.007279 1.003988 0.999030 0.999681 1.001349 0.986948 1.001293 1.000869 0.995140 0.991313 1.003045 1.007754 1.003399 0.997614 0.993975 1.002072 0.998390 1.005409 0.999635 1.005511 0.998778 1.002082 1.003871 1.003437 1.002768 1.008276 0.995053 0.997571 1.000252 1.004600 0.994080 0.999487 0.998840 1.000425 0.994604 0.989037 0.994562 1.002293 1.004801 1.004409 0.998272 1.009500 1.003154 0.995286 0.997651 1.000816 0.992673 0.998332 1.002375 0.991743 1.001602 1.007993 1.005857 0.998087 0.996579 0.998596 1.005336 0.998356 0.995977 1.002813 1.005957 0.995280 0.995911 0.999682 0.999721 0.997968 1.003116 0.999730 0.996772 0.998789 1.002801 0.998314 0.998937 1.001931
0.997687 0.994150 1.001358 1.002987 0.998099 1.005084 1.005076 1.008236 1.001688 0.997408 1.005146 1.002392 0.998967 1.000072 1.002930 1.007547 0.993420 1.001230 0.998522 0.998256 0.998356 1.009483 1.001349 0.999316 0.998736 0.993786 1.000454 1.000790 0.998773 1.000707 1.000906 0.999372 0.993761 0.994025 0.993461 0.998555 1.000950 0.999532 0.994855 0.999767 0.996903 0.998118 0.998610 1.004587 0.995038 1.002503 1.000119 0.993914 1.000158 1.006700 1.006304 1.002242 1.003799 0.998497 1.002318 0.998450 1.000162 1.005870 0.998137 0.999800 1.002417 1.007050 0.996934 1.008737 1.006587 1.002103 1.003003 0.994027 0.994320 1.003570 1.006182 1.002661 0.997110 0.995772 0.998912 0.999610 0.994626 0.999265 0.996584 0.996239 1.002506 0.998725 1.005624 1.005466 1.001223 0.997189 1.000922 1.000567 1.003220 1.002086 1.008094 1.000354 0.997885 1.001112 1.005160 1.001588 1.001158 0.991722 0.992905 0.997908 0.996514 0.988784 1.000346 0.992982 0.997253 0.998703 0.992671 1.001368 1.003436 1.006011 1.001265 0.998211 1.003508 1.001033 1.006279 1.000165 0.999925 1.000878 0.998675 0.997523 1.002520 1.002729 1.006609 0.999847 0.994982 0.993794 1.003821 1.005176 0.999515 1.002626 0.989981 0.988052 1.004040 1.000403 1.005329 0.996972 1.006587 1.006663 0.993291 1.001051 1.002405 1.000371 0.999769 0.999117 1.000670 0.998193 0.994434 0.998021 0.996899 1.002175 1.000825 1.000872 0.994916 0.997296 0.996530 1.003581 0.994367 1.006544 0.999531 0.999280 1.001018 1.002256 0.997793 1.005999 0.995454 0.998269 1.005214 1.007038 1.001898 1.002617 1.008953 0.998318 1.000005 1.002685 1.001379 1.001721 1.000007 0.997563 0.993907 1.000829 1.000105 1.000835 0.999214 0.998629 0.985195 0.995661 0.997470 1.000624 0.997529 0.999595
1.003411 1.006266 0.996410 0.994496 0.996063 1.001289 0.993332 0.997035 1.001596 0.999248 0.995229 1.001977 0.999335 0.998230 0.997792 1.001663 1.001296 1.000443 0.996578 0.996384 1.002347 1.005893 0.995010 0.998358 1.001424 0.997365 1.003846 1.008724 1.003801 0.999133 1.001919 1.003430 0.995874 1.001346 0.999339 1.006689 1.008288 1.005007 1.003943 1.000969 0.992640 1.000947 0.991288 0.998573 0.997243 1.004961 0.997353 0.998768 1.005963 1.006161 1.002514 1.003133 0.996545 1.001205 1.003650 1.002451 1.000589 1.001083 1.004945 0.997374 1.000644 1.002648 0.997630 0.995940 0.995412 1.002829 0.996876 0.999260 1.003523 1.000103 0.994556 1.005271 1.002637 1.000613 0.995933 1.001028 0.999835 1.001387 1.001265 0.998958 0.999817 0.997075 0.998176 1.008279 1.008603 0.997699 0.997495 1.003873 0.998531 1.002946 0.993511 1.002312 0.999312 1.000629 0.996958 0.994250 0.996657 0.999566 1.005091 1.001439 1.001818 0.999756 0.999625 0.997906 1.003406 1.000246 0.995119 0.997859 1.001130 0.997075 0.999567 0.999954 0.997080 0.991571 1.002141 0.998786 1.001365 1.000203 1.001115 1.001783 1.005037 0.995631 0.996331 0.998248 0.993248 0.999467 1.005926 1.002216 1.003270 1.004355 0.995771 0.997416 1.005873 1.002267 1.004200 1.000505 0.994996 1.000130 0.995263 1.000204 1.009607 1.006605 0.996285 1.000195 1.005454 0.999528 1.002123 0.999092 1.002239 0.997477 1.002106 0.999815 1.003702 1.012992 1.008462 1.000906 0.999363 0.999763 1.000301 1.004691 1.003225 1.001942 1.005040 1.002317 0.990270 1.001516 0.999329 1.009977 1.004383 1.000585 1.003718 0.997065 0.996800 1.001180 1.000839 0.994153 0.999934 1.001436 1.004436 0.996474 0.995317 1.007038 1.003476 1.008945 0.999951 0.995003 0.998499 0.996719 0.996003 0.999868
1.001711 1.010927 1.008716 0.998356 1.006390 1.007043 1.001143 1.007973 1.000511 0.996482 1.005529 1.003139 1.001501 0.998940 1.001476 1.003718 1.000230 1.002836 1.002887 1.002000 0.997611 1.005037 1.001304 0.996941 0.994093 0.995254 1.003608 1.007179 1.002721 1.000910 1.003921 1.002548 0.996049 0.999252 1.006808 0.999579 1.000894 1.004625 1.009573 1.002167 1.008433 0.997123 1.001216 1.001776 0.997245 0.997308 1.003092 1.009339 1.003376 1.000835 0.999132 0.995617 1.003631 1.003517 1.002869 1.001823 1.005961 1.002335 0.998400 0.999530 1.007165 1.006035 1.004857 1.000528 1.000776 1.000636 1.002225 1.006232 0.998913 0.996127 1.002726 1.007801 1.002470 1.006742 0.996771 0.997132 0.998060 0.995771 1.003310 1.000160 1.003415 1.004134 0.995789 1.000257 1.002073 1.001469 1.009142 1.002346 0.997968 0.999834 0.995597 0.992189 0.996748 0.996251 1.004427 1.006781 1.000755 1.005923 0.999167 1.009855 0.999529 0.997991 0.994007 1.005822 0.998491 1.006553 1.002449 1.006351 1.002976 1.000065 1.001627 0.998414 1.007138 1.004109 1.001933 1.000947 0.992650 1.007523 1.008475 1.001256 1.001584 1.002101 0.990826 0.995442 1.003555 0.997826 0.998128 0.992436 1.001845 1.004870 0.997617 1.001571 1.004750 1.005508 0.999222 0.999556 1.005436 1.003163 1.004263 1.003136 1.006336 1.004028 0.991681 1.005001 0.994723 1.005719 0.998639 0.998224 1.000616 0.994018 0.999539 1.001373 1.001817 0.999524 1.003542 0.996799 1.001642 1.005228 1.000574 0.999165 1.004569 1.003469 0.995112 1.002750 1.004018 0.998364 1.000404 0.999970 0.995680 0.995230 0.999965 1.001408 0.993148 1.004913 1.000043 1.002414 1.000160 0.996445 1.003491 0.995488 1.004555 0.997752 0.999185 0.996251 0.991897 1.003721 0.998007 1.002082 1.001507 1.001329
1.014142 0.998081 0.993748 0.989980 1.008992 1.005208 1.000343 1.005350 1.004778 0.999509 0.997516 1.002441 0.998066 0.998915 1.003522 1.007726 1.002692 1.001253 0.998597 0.996530 0.996425 0.998085 1.003126 0.992210 1.003932 1.002750 0.997939 1.002135 1.007245 0.995112 1.002107 1.008844 0.998579 1.002590 0.995967 0.997387 1.000904 1.005572 1.002125 0.996901 0.994478 0.999396 1.006955 1.001208 0.999142 1.000330 0.997741 0.999156 1.000406 0.985355 0.993057 1.004608 1.000789 1.005898 1.000385 0.997504 1.001080 0.999358 1.002435 1.005446 1.002310 0.996228 1.000917 1.002843 1.008432 1.002166 0.999838 1.005115 1.001146 1.005917 1.003013 1.000721 1.004442 0.997426 1.000674 0.996014 0.996837 0.994529 0.999608 1.000862 1.000012 1.001171 0.998539 1.002450 0.993565 1.006459 1.005746 1.005996 1.003217 1.004423 0.999163 0.996876 1.002433 1.000803 1.001358 0.995115 1.000770 1.001693 1.001358 1.006068 1.002010 0.991826 0.998207 1.007495 0.998991 1.000374 1.004873 1.001313 0.999237 1.003600 0.997770 0.995986 1.007804 1.008061 0.995011 0.994012 0.997500 1.004423 0.996620 1.008137 1.002003 1.001509 0.994258 0.997943 1.007327 0.994755 0.998832 1.003098 0.993909 0.995694 0.999609 1.003668 0.998869 1.003125 1.000879 0.998380 1.001319 0.999428 1.001120 0.997084 0.990841 1.001088 1.001756 0.997186 0.998419 1.003338 0.996607 0.997632 0.993354 0.995119 0.992625 0.999443 0.995680 0.997261 0.993263 0.993984 1.001764 1.000754 1.001432 0.995350 1.002697 0.997477 0.994335 0.997615 0.996892 1.002633 1.005135 1.001904 0.994711 1.001993 0.996641 1.003850 1.002997 0.997719 0.997195 1.002306 0.994813 1.001456 0.997202 1.006777 0.999681 0.998637 1.002574 0.996647 0.993844 0.991647 1.010577 1.009874 0.997949 1.002864
1.000065 0.993692 1.004414 0.997471 0.996908 0.999683 1.008232 1.005299 1.005005 0.993154 0.999369 0.995922 1.004209 1.005059 1.003374 1.001796 1.005569 0.993753 0.993771 1.004315 1.001290 0.991763 1.004283 0.998737 0.998070 1.001443 1.001727 1.004381 1.000812 0.999331 1.004449 0.999325 1.004246 1.006771 1.002214 1.003203 1.003779 1.002046 1.008592 0.998338 0.999594 1.004105 0.999336 0.994900 0.998155 0.993031 0.995549 0.998245 0.996677 0.992811 0.997423 1.003673 0.996446 0.998843 0.999017 0.995228 0.998840 0.996765 1.002345 1.000506 0.995784 0.993541 0.999502 0.994691 1.005421 1.005612 1.011377 1.005037 0.996169 1.004820 1.002181 0.993912 0.999876 0.997866 1.007412 1.002351 0.996369 0.998372 1.002718 1.005339 0.995836 0.997939 0.990806 0.993259 0.992645 1.002288 0.996992 0.999838 1.005010 1.007748 1.003315 0.998976 0.994917 1.003328 0.998170 0.993533 1.000645 1.001996 1.005187 1.006098 1.003881 1.000049 1.006763 1.011297 0.997485 0.999480 0.999850 1.000283 0.992228 0.999331 1.000482 1.005511 1.000125 1.008757 0.995027 0.999191 1.005684 1.001897 0.995455 0.997883 0.998066 1.000498 0.999801 0.988633 0.996482 0.994958 1.012989 1.004381 1.003796 0.991251 1.003144 1.000786 1.005308 0.999983 0.996740 0.997547 0.998685 0.998111 0.999987 1.005454 0.998339 0.995262 0.997762 0.998294 1.003003 0.997556 0.997825 1.001684 1.001175 1.001341 1.002178 0.997485 0.998721 0.991970 0.995131 1.002463 1.005100 1.003315 1.000156 0.997267 1.003671 1.000497 1.002990 1.003844 0.997114 1.001017 1.001507 1.002369 1.000990 1.003713 0.999257 0.997890 1.001626 0.997279 1.002748 1.006910 1.002499 1.002132 1.004174 0.995303 0.999375 0.992799 1.004148 0.998706 0.997320 0.991654 0.999408 1.005186 0.993283 1.005818
0.997947 0.993148 1.005385 0.998734 1.002842 0.996226 0.992014 1.003392 0.998037 0.995783 1.003165 0.997598 1.002918 0.994765 1.000444 1.001165 1.002239 0.994264 0.997220 1.003991 0.994770 0.997200 1.000822 1.000944 0.996641 1.005036 1.001370 1.006358 0.995811 1.008289 1.006605 1.000520 1.001128 0.992927 0.997842 1.004088 0.999656 0.999532 0.995633 1.002302 1.003197 1.004641 0.998543 0.995960 0.993128 1.002157 1.000923 0.999764 1.001072 1.002376 1.002459 1.007479 1.001591 0.992548 0.997666 0.990099 1.004381 0.996694 0.999889 1.000783 0.994281 0.996908 1.001575 1.003312 1.006354 0.999527 0.999202 0.990550 0.992338 0.998103 1.001622 0.995010 0.996569 1.001237 1.007439 1.002722 0.996980 1.001295 1.000878 1.000739 1.001689 1.003946 0.998285 1.000334 0.999644 1.003219 0.991937 1.001291 0.995815 1.002062 0.999318 1.003952 0.996785 1.006756 0.999770 0.991876 0.996724 1.002046 1.009087 1.000920 0.997786 0.999363 1.006080 1.000287 0.995691 0.997453 0.997711 0.999348 0.992915 1.007919 1.004182 1.003112 0.997571 0.997019 0.996427 0.997231 1.000294 0.995495 0.994063 1.002132 1.007333 1.007206 0.999023 0.997993 1.003532 0.991724 0.998128 1.003171 1.000551 0.997933 1.003813 0.999034 0.995506 1.000133 0.998806 0.996723 1.000632 0.995450 0.992567 1.002115 1.000495 1.007770 0.994385 0.989701 1.008782 1.003144 0.994153 0.993915 1.001333 0.998939 1.008482 0.999550 1.001427 0.995499 0.997628 1.002427 0.996305 0.997090 0.994648 0.995519 0.997475 0.996412 1.001074 0.995696 0.997983 1.000529 0.998175 1.000102 0.998055 1.003054 1.003556 1.002510 1.004479 0.998953 1.002368 0.998010 1.003245 0.999822 0.997519 0.999446 0.994447 0.998029 0.999996 1.006821 0.999963 1.000160 0.993886 0.998857 1.000354 1.001802
1.004194 0.999843 0.996728 0.999281 1.005547 0.994262 0.998787 1.001965 1.001432 0.995902 1.007113 1.004983 1.001930 0.999807 1.002077 0.997158 1.003016 1.002422 0.996844 0.996059 0.993059 0.994991 0.989586 0.996620 1.003937 1.002525 1.005664 1.001523 0.999356 1.003967 1.001686 0.998064 0.994922 0.994142 0.996011 1.004013 1.000026 0.999128 0.994111 1.007115 1.001045 1.002761 1.002399 1.004778 1.004720 0.998067 1.003348 0.994349 0.995316 0.999063 1.003497 1.004386 1.005397 1.001948 0.997060 0.998493 0.999017 0.997400 1.001293 1.001675 0.995036 0.999081 0.994059 0.997190 1.004926 1.000031 1.001395 0.992200 0.996457 0.993045 0.999874 0.997872 1.001126 1.000555 1.002610 0.998776 1.003738 0.997312 1.000663 1.002995 1.000687 0.999141 1.009202 1.001303 1.005175 1.006029 1.002198 0.996248 0.994726 0.990912 0.993191 0.996831 1.000777 0.995534 0.991781 1.000489 0.995509 1.002802 1.005653 0.994983 1.004937 1.001628 0.999242 0.997846 1.005810 0.994147 1.001610 0.995811 0.996950 1.001881 1.001343 1.002493 1.005148 1.005009 1.004717 0.998709 1.002500 1.000999 0.995301 1.003936 1.004574 0.999332 1.005975 0.994495 1.001830 0.996598 1.010223 0.999792 1.003148 1.002979 0.995586 1.000481 0.994189 0.996502 1.004152 1.002856 0.996419 0.997671 0.999693 1.003244 0.999292 0.997118 0.998382 0.997019 0.994820 0.997045 0.999211 1.001344 1.000686 1.000994 0.997180 0.994311 1.004556 1.002013 0.996127 1.002033 0.999905 0.997358 1.004614 1.000577 1.002263 0.999332 1.002167 0.998702 0.999855 0.998531 1.003548 0.995902 1.007344 0.997300 0.998496 1.007180 1.001200 1.006036 0.999042 0.999787 1.007992 1.010515 0.995359 1.004589 0.994433 0.997760 1.004529 1.007132 0.997126 0.995134 0.995953 1.001236 1.006686 0.996981
1.001323 0.999688 0.997453 0.997744 0.995374 0.997419 0.998503 1.002924 0.998101 1.004452 1.002141 0.998109 1.000884 1.002772 1.000602 0.992660 0.992715 1.003187 0.995120 0.993765 1.005588 0.998716 1.000937 0.996870 0.993359 1.002030 0.999311 1.001358 1.006376 0.999659 1.000855 0.993083 1.003531 1.000735 0.999993 1.002909 0.999655 0.990230 0.990979 1.002461 1.002748 1.005714 0.997677 1.009573 1.006047 0.994381 0.996893 0.993348 0.998917 1.002032 0.999491 0.994084 1.002341 1.005091 0.994298 1.006554 1.009075 0.992512 1.004555 1.001536 0.990709 1.003353 0.994086 0.993589 1.003342 0.996766 1.007385 0.992357 0.997323 0.993617 0.998389 1.002085 1.000362 0.995102 0.997281 0.996108 0.994735 1.004005 0.999287 0.997750 0.991530 0.996554 0.998678 0.988228 1.001946 0.998882 1.001685 1.002894 1.002269 0.985987 0.992740 1.002363 0.994787 1.002290 0.993430 0.999522 0.993764 1.003477 1.000590 0.999858 0.996583 0.996609 0.998515 0.998290 1.002513 1.005073 1.001084 1.000975 1.003039 1.002107 0.999413 1.003411 1.004783 1.002658 1.011178 1.001103 0.995565 0.997551 0.994035 0.994243 0.996142 1.000298 0.999084 1.000406 1.003704 0.995025 0.990038 1.003588 0.997894 0.999284 0.996460 0.998830 1.000000 0.999139 1.006439 1.006953 0.997719 1.003155 1.002676 0.995897 0.997489 0.994279 1.001087 0.998119 0.995223 1.003459 0.993795 1.000307 0.998476 1.003744 0.993277 0.996084 1.000156 1.004105 0.998558 1.003730 1.012828 0.998537 1.003085 0.998983 1.005056 1.001940 1.007407 1.000909 0.995755 1.001099 1.005940 1.005010 1.003370 0.999963 1.001426 0.991921 1.001494 0.999860 1.003348 0.992907 1.007205 1.000301 0.996124 0.994014 0.989521 0.995576 0.999831 0.995561 0.997977 0.992932 0.994710 0.998122 1.003702 0.994461
0.996139 0.999181 0.995262 0.995668 0.995547 1.003578 1.001063 1.002727 0.990842 0.999962 0.988554 1.000640 1.000864 1.002715 1.002030 1.002727 1.000224 0.995931 1.004145 0.994644 0.994264 1.004179 1.000050 1.007316 1.000622 0.998859 0.999360 0.995505 0.993377 0.996285 0.999404 1.004713 1.008502 1.009134 0.996276 0.997549 1.004537 0.994270 0.996168 0.996250 0.996114 0.994929 1.005579 1.004982 0.994537 0.994313 1.001419 0.994374 1.002481 1.002889 0.994391 0.995420 0.994718 1.003180 0.998701 1.000255 1.006481 1.005460 0.997728 1.007057 1.000880 0.994624 1.001356 1.009201 1.006163 1.005293 1.000558 0.997047 0.995813 0.989453 0.993850 0.998928 0.994010 0.992037 1.000579 0.999260 1.002151 1.006762 1.001265 1.002194 1.004355 0.996520 0.999384 0.997612 1.000816 1.000706 1.007397 1.013161 1.005817 0.994221 0.994601 0.999787 0.996430 0.998586 0.996797 0.993092 1.001856 1.006807 0.998224 0.993152 0.996423 1.000389 0.997701 0.996426 0.995097 1.000798 1.003275 1.003625 1.005828 1.000322 1.007969 0.996599 0.995653 0.998236 1.001252 0.999669 0.997581 0.998490 0.996452 0.999333 0.994962 0.996615 1.000419 0.999806 1.002714 1.003374 1.005459 1.010045 0.993332 1.004571 0.997701 0.995387 1.001444 1.001439 1.005219 1.000743 1.000456 0.995421 1.002238 0.999960 0.993649 0.995475 0.996879 0.995429 0.988973 1.007491 0.991590 1.000478 1.007279 0.998724 0.998799 0.995117 1.001514 1.002463 0.999851 1.000102 1.000724 0.997849 0.992835 1.002539 1.002281 0.994060 1.002046 1.002410 1.001248 0.998716 1.007561 0.995215 1.006155 1.004516 1.002249 0.999614 0.997890 0.999630 1.002245 0.991924 0.994656 1.000337 0.999443 0.999904 0.995028 0.995221 1.003556 0.992567 0.995502 1.000453 0.998080 1.002272 0.998445 0.994273
0.998998 1.001716 1.003638 1.000017 1.004801 1.007776 1.001252 1.001908 0.998874 0.999049 0.991829 0.994999 1.000809 1.003098 0.997130 1.002992 0.996702 0.998649 0.999005 0.997327 0.993706 0.997265 0.995113 1.001209 1.001767 0.998754 1.001971 1.006221 0.995632 0.996398 1.000849 1.003104 1.000277 1.000184 1.000259 0.994646 1.004722 1.001780 1.004192 0.998173 0.999528 1.000413 0.997549 1.001162 1.006251 0.995674 0.998880 0.994582 1.004372 1.006893 1.001703 1.004024 0.998156 1.003076 0.998845 1.002145 1.001944 1.000015 0.997334 1.001403 1.002180 0.998348 0.999100 1.004336 0.995835 0.998881 0.999622 1.004694 1.004017 1.000233 1.007546 1.002691 0.994837 1.000480 1.004890 0.996866 0.996033 1.002658 0.997454 1.003164 0.994733 0.997246 0.997591 1.001855 0.996408 1.006625 1.007691 0.998851 0.998855 0.998160 1.003211 1.000691 1.009377 1.004607 1.005138 0.995932 1.001041 0.999071 0.994768 0.998735 1.003773 1.003943 0.992335 1.001119 1.004634 1.004514 1.008484 0.997393 0.998644 0.994656 1.001181 1.005094 0.998813 0.994687 0.989772 1.000540 0.993389 0.995689 0.991984 0.996033 1.006783 1.006974 0.993102 1.004322 1.008634 1.004959 1.001887 0.997967 1.002033 0.993676 0.994904 0.996460 1.007879 1.006532 0.998402 0.997617 0.996485 0.996278 0.997569 0.998807 1.002228 1.003251 1.000894 0.992514 0.995095 0.997942 0.997015 1.000618 0.999821 1.002591 0.998086 0.994974 0.998745 0.993195 0.998825 1.000727 1.009041 0.992474 1.001480 0.999429 1.005757 0.997118 1.005892 0.998486 1.004182 1.000101 1.007721 0.997046 0.995794 1.002339 0.995684 0.997314 1.003968 0.997391 1.000324 1.005519 1.004433 1.004569 0.998458 1.007349 1.005833 1.006661 1.000911 0.998521 1.000613 1.001799 1.004306 0.997519 0.994559 0.990928
0.991427 0.997604 0.999240 0.994396 0.989309 1.001717 1.001874 0.990491 0.996445 1.004893 0.999789 0.993239 0.999318 1.001515 0.994855 1.006611 1.003996 1.006178 1.004561 0.997147 0.998341 0.995849 0.996207 1.005060 1.005438 1.002655 1.006065 1.002923 0.997834 1.000584 1.005374 0.997594 1.004117 1.007374 1.000809 1.001772 0.996202 1.002280 1.004297 0.998310 0.998932 1.000820 1.000626 1.006234 1.000924 0.999952 1.000991 1.001592 1.005097 0.995835 0.995331 1.005334 1.000390 0.999955 0.997142 0.998912 1.007368 1.001792 0.995412 1.006677 0.996547 1.001611 1.002510 0.997972 0.995097 1.000029 0.994661 1.000497 1.003363 1.003655 1.010971 1.002787 1.004679 0.997254 1.007423 0.995344 1.000743 1.003152 1.009583 0.996966 0.994936 0.998485 0.998880 0.994383 0.998260 0.993387 1.001023 1.003627 1.004419 1.003980 0.998828 1.001578 1.004143 0.994056 0.998566 0.992037 1.001794 1.000550 0.993764 0.995459 1.004109 1.001429 0.998714 1.001304 1.001661 1.003658 1.003395 1.003347 0.994991 0.999971 0.996226 0.993564 0.989417 0.998307 1.001283 0.998774 0.998236 0.999811 1.004950 1.000731 0.997058 0.995396 1.000023 1.000875 1.001540 1.001090 0.996432 1.010127 0.994029 0.992842 0.999519 0.995891 1.002211 0.993968 0.996577 1.000611 0.999835 1.000980 1.000057 1.003109 1.001868 0.996763 1.004672 0.997830 0.996891 0.994459 0.996360 1.004841 0.999734 1.004156 0.997986 0.994423 0.998780 1.001848 0.996551 0.998119 1.005201 1.000299 0.998887 0.997621 0.998055 0.994606 0.997744 1.000732 1.004673 1.006189 1.002479 1.007541 0.998952 1.000086 0.991615 1.002052 1.005548 0.996725 0.991484 1.000796 0.999228 1.001149 1.000780 0.995488 0.997375 0.998232 1.002927 0.994770 0.998688 0.999115 1.005837 0.999769 1.001157 0.998538
0.999155 1.002466 0.999108 1.001280 0.996093 0.992648 0.998358 1.001787 1.003974 0.997633 0.997247 0.998608 1.002334 1.004382 1.005352 1.000113 0.994461 0.997925 0.998883 1.002971 1.000267 0.998806 1.007915 1.001726 1.001904 1.003310 1.002220 0.991730 0.995438 0.991120 0.990219 1.002314 0.999713 0.996116 0.992717 1.002320 1.005473 1.000028 0.994993 1.004404 1.004929 1.006226 1.006265 0.996854 0.996854 1.004698 0.999058 1.016842 0.994735 0.996269 0.994633 0.996329 0.999136 1.002746 1.000055 1.000551 0.999800 1.000067 1.000300 1.003552 1.013055 0.999472 0.996167 0.993792 0.990243 0.999275 0.997530 1.005877 1.004672 0.995091 1.003759 0.998511 0.999409 0.995980 1.001346 1.002830 1.005243 1.010548 1.010459 0.998034 1.001955 1.004484 1.000148 1.000167 0.995164 0.997955 0.997334 0.997958 1.004287 1.010533 1.005655 1.001334 1.006934 1.008311 0.997024 0.994108 0.999834 1.009227 1.004704 1.001587 1.014297 1.003360 1.002230 1.000929 1.004373 0.995786 1.000614 1.009425 1.000384 1.000692 1.005501 0.998325 1.003741 0.998786 0.998749 1.005833 1.002564 1.003992 1.000322 1.004873 0.997548 0.997252 1.005336 1.007395 0.996903 1.002535 1.006947 1.011715 1.005377 0.996080 0.994515 0.991882 1.003775 0.995058 0.996028 0.997146 0.999206 0.993540 0.996428 1.000452 0.994351 0.999742 1.004286 1.005042 1.000343 0.993237 0.999506 0.995422 0.996012 1.008616 1.001455 1.004620 1.003966 1.001273 0.997111 0.997647 1.004124 0.996662 0.998706 1.001311 1.002399 0.992174 1.003782 1.001998 0.996077 0.995273 1.008161 0.999814 1.009393 0.993118 1.000426 1.003222 0.998819 1.003800 0.990571 1.005035 1.000828 1.004559 1.005061 0.997524 1.003287 0.999457 1.001532 0.996153 0.997821 1.005405 0.996966 1.001334 0.999185 0.993965
0.999219 1.002436 0.997343 0.997384 0.990169 0.992614 0.997007 1.007393 1.007925 0.994440 0.999732 0.993887 0.999328 1.003370 1.002997 1.001845 0.997247 0.995238 1.003319 0.992295 0.998389 0.994074 0.992516 1.002450 1.001367 1.002170 1.000905 0.998587 0.992812 1.004785 1.002548 0.999562 1.005542 1.006002 0.998802 1.009111 0.993288 0.992948 1.001535 1.002150 0.994416 1.000154 1.000130 0.998622 1.001884 1.001013 0.991912 0.993641 0.989085 0.994336 0.999648 0.999979 1.004479 1.002142 0.996417 0.997390 0.998956 1.001627 0.998285 1.007217 0.998019 1.002286 0.994652 1.000576 0.993067 0.991145 0.992258 1.003894 0.997873 0.996599 0.996029 0.997686 0.992344 0.998274 0.998277 0.997353 0.996633 0.995613 1.003476 0.998813 0.998649 0.994137 1.000783 1.003159 1.003157 1.002463 1.002989 1.008163 0.996503 1.002026 0.997212 1.009806 0.999278 0.994902 0.998753 0.997228 1.010699 1.000443 1.003861 1.007104 1.008035 1.010335 1.001990 0.996262 1.000891 1.005576 0.999247 1.010523 0.999042 1.003342 1.012400 1.001872 1.008069 1.008017 1.001284 1.004739 1.003839 1.002018 0.990676 0.998313 0.994587 1.002029 0.999728 0.996638 0.994275 0.995137 0.996649 0.995614 0.997819 0.997869 1.000261 0.998571 0.998056 1.001351 0.999523 0.999994 0.996145 0.994970 0.992763 0.995080 0.993683 0.997399 1.001150 0.996539 1.005702 0.992188 1.000671 1.005407 1.008122 0.998622 1.003775 0.994641 0.998016 0.998022 0.999071 1.002662 1.005020 0.997088 1.000728 0.998180 0.999307 1.007850 0.994669 0.997701 1.006033 1.003455 0.998514 0.996876 1.006857 1.006748 1.007117 1.000926 0.999880 1.007347 0.999907 0.997572 1.001012 1.006841 1.006172 0.995026 1.001590 0.992779 1.001334 1.000630 0.999280 1.002206 0.999150 0.998914 1.000183 0.999832
1.001219 0.999410 1.000815 1.000477 0.999559 0.996393 0.995959 0.994313 0.997836 0.995307 1.002477 1.002555 0.999411 0.998806 1.003082 1.000146 0.999931 0.998003 1.000250 0.993617 1.000433 1.001649 1.001685 1.001485 1.003917 0.998133 1.001325 1.007546 1.002195 1.000760 1.002841 0.996595 0.995454 0.997724 1.010172 1.004743 0.988226 0.997681 1.000679 0.992801 0.998339 1.002569 0.997404 0.997962 1.007451 1.006049 0.994084 0.999791 0.995088 0.999746 0.997298 1.004619 1.000900 0.990633 1.001526 1.000271 0.998528 1.001073 0.999392 0.997242 0.997045 1.007821 0.991358 1.000647 0.998556 0.986926 0.998093 1.002537 1.001943 0.999880 0.997218 1.002043 0.994732 0.997817 0.999088 1.001155 0.999372 0.996717 1.001941 1.001216 1.000662 0.994774 1.002702 1.002089 1.003172 1.008666 1.005974 0.993228 1.000790 1.003233 0.997486 0.992430 0.999403 1.005189 0.998595 0.995433 1.003454 0.994353 0.995304 0.997914 0.995441 1.002589 0.995503 0.989136 0.999718 0.997423 0.994328 0.995039 1.004996 1.011765 1.005959 1.000930 0.999349 1.000333 0.997495 0.999977 0.998013 1.005850 1.001611 0.997301 0.995866 1.000432 1.003953 1.002558 1.007002 0.998889 1.008089 0.993884 0.992626 1.000646 1.000975 0.998472 0.991873 0.997904 0.998196 0.999672 0.992028 0.995724 0.997189 0.997879 0.997373 1.003659 1.005266 0.995885 0.993953 1.002665 1.009371 1.002951 0.997714 1.001652 1.001737 1.003984 1.004313 0.997933 1.001862 1.001910 1.000731 0.998344 0.988406 0.995778 1.003759 1.002069 0.993560 1.002754 1.002065 1.000868 1.007724 0.999261 1.008226 1.002421 0.997975 1.006496 1.001131 1.001934 1.000408 1.007305 0.994273 1.005832 1.001092 0.998951 1.004953 1.000738 1.003847 1.002579 0.998177 1.004391 1.005587 0.991645 0.990712 0.994278
0.996280 1.004684 0.999274 0.996463 0.995035 0.995889 0.996856 0.996139 0.997866 0.997408 1.002827 0.996600 1.000529 0.992243 0.991145 0.994132 1.004743 1.002483 1.003845 1.001576 1.001846 1.002679 1.005689 0.997102 1.007244 0.997059 0.997822 0.999704 0.998477 1.003649 1.007633 1.000205 1.004448 0.992340 1.002996 0.996538 0.999610 0.998731 1.000092 0.996644 0.997078 1.003067 1.002651 1.005147 0.992799 0.994390 0.998029 1.001778 1.002278 1.005763 1.002198 1.001309 0.996849 0.997013 0.996525 0.999973 0.996246 0.994929 0.996838 1.002777 0.989863 0.999596 0.999939 0.998789 0.997427 1.002850 0.999178 1.002477 1.005036 1.014056 1.008356 1.010292 0.992574 0.990258 0.998724 1.008337 0.998379 1.001286 1.005862 0.999052 1.003602 1.002053 1.003150 1.003284 0.997150 0.999786 1.002799 0.998316 0.998720 1.001815 1.005024 1.000440 0.998588 1.004398 1.004896 1.001070 1.003351 1.002840 1.000917 1.000513 1.000024 1.005035 0.999907 1.004484 0.995695 0.998947 1.001274 0.996518 0.997756 1.003382 1.002774 1.010452 1.000464 0.996920 1.008403 0.995539 0.998532 0.998845 0.998464 1.003006 1.002688 1.004698 1.001688 0.997506 1.004248 0.998034 1.002181 0.994830 0.998421 1.002503 0.998936 1.004485 0.992769 0.993088 1.000582 0.994026 0.999429 1.000709 1.000198 0.997521 0.997381 1.001067 0.996590 0.999328 1.004366 1.009157 1.006010 0.998394 0.997057 1.004269 0.998756 0.996182 0.997083 1.002865 0.999826 0.997776 1.005755 1.001096 1.002238 1.005260 1.006413 1.004714 0.996438 1.003004 0.995435 0.996804 0.998806 0.999428 0.997848 1.003152 0.991027 1.000813 1.007222 0.996138 0.998265 0.997628 0.991395 0.998537 0.997905 0.999884 0.999009 0.998192 1.000081 0.996431 1.000853 0.995348 1.001249 1.011405 0.999150 1.005261
0.995036 1.006735 1.003656 1.004516 0.999372 0.996195 0.996260 1.005549 0.998520 1.003576 0.997188 0.993736 1.005772 1.000825 1.000058 0.998870 1.001468 1.008339 1.002860 1.001919 1.009481 1.004810 1.004021 1.001860 1.000230 0.988432 0.996528 1.003896 0.998148 1.003037 1.000749 0.996977 1.001895 1.005449 0.998825 1.000132 1.003879 1.001186 1.001537 1.002046 0.996854 0.999152 0.999935 1.001735 0.999779 0.997837 1.001765 1.007927 0.996160 0.998764 0.998078 0.993595 0.996925 1.001358 0.999624 0.998038 1.009057 1.001545 1.001856 1.003334 0.991910 0.998862 1.003350 1.002428 0.998618 1.003072 1.001267 1.002206 0.998838 0.998119 0.997606 0.999155 1.003003 1.001460 0.998309 1.002020 1.000826 1.000037 1.007103 1.004163 1.001812 0.994125 1.001076 0.993725 0.988848 0.994812 1.002465 1.003424 0.994475 0.997514 0.998979 0.999786 0.996976 1.003014 1.000357 0.997476 0.997811 1.010184 0.999249 0.996657 0.997494 1.005319 0.999514 1.001317 1.009543 0.997733 1.002176 0.999502 1.000229 1.004960 0.994955 1.004904 0.995858 0.999579 1.004662 1.003254 0.991520 0.995111 0.997881 0.997870 0.994016 0.996647 0.998782 0.996792 0.998953 1.002621 0.998824 0.998506 0.999718 0.998938 1.003544 1.002958 0.997739 1.004802 0.996901 1.001252 1.002176 0.997501 1.000100 1.000246 1.003185 1.001422 0.991086 1.002007 0.999825 1.006352 1.004000 0.993159 0.995160 1.003930 0.999257 0.999301 0.999595 0.997628 0.996456 0.999218 1.004928 0.998910 0.995881 1.012641 1.004210 0.998686 1.000554 1.011680 1.007162 0.993020 0.994640 1.005638 0.996786 0.997558 1.000921 0.995466 0.997767 0.995801 0.996509 0.996385 0.997564 1.003138 0.995339 1.002012 0.999124 0.998295 1.003944 0.990310 1.001553 1.005108 0.999846 0.998606 1.001124 0.993974
0.999215 1.004562 1.005994 1.004005 1.002012 0.999990 1.000062 0.995838 0.991734 1.002107 1.000694 1.003699 1.000499 0.999319 0.999234 0.999983 1.000570 1.001027 1.007173 0.992808 1.003291 1.005362 1.005373 1.001086 0.998973 0.999670 1.005566 1.000538 1.006612 1.003733 0.996776 0.996559 1.000245 0.999835 1.001341 1.000808 1.003341 0.995742 0.999748 1.002876 1.009292 1.001242 0.999476 1.002382 1.005654 0.995916 0.997884 0.991977 0.999187 0.996569 0.998006 1.005332 1.000348 0.996633 0.999976 1.006862 1.007878 1.002511 1.007716 0.996845 0.997290 1.002022 0.993549 0.999095 0.998807 1.005994 1.002039 1.000364 0.997543 1.000604 0.995538 1.004024 1.000764 1.002103 1.004518 1.001248 0.997498 0.999190 1.012715 0.993532 1.001085 0.994258 0.996735 0.995773 0.993716 0.994391 1.002044 1.002738 1.000382 1.001088 1.006897 1.003333 1.005037 1.001622 0.998697 1.000224 1.001535 0.998923 0.997960 0.999334 1.000193 1.003264 0.999174 0.993242 1.001903 1.000564 0.991926 0.998519 1.000457 0.992144 0.996907 1.000873 1.007374 0.996771 1.000294 1.002322 0.996133 1.001221 0.994422 1.005936 0.994400 0.997194 0.996664 0.994357 0.998301 0.994391 1.001016 1.002500 0.997660 0.999377 0.994536 1.003557 0.996763 1.010181 0.994046 1.003626 0.994157 0.989885 0.997549 1.000357 0.999411 0.994989 0.991113 1.001437 1.010049 1.002855 1.001770 0.994722 0.997933 0.995279 0.998151 1.003201 1.000514 0.992780 0.999040 1.008583 0.999044 1.001678 1.001370 1.007245 1.002909 0.997381 1.000330 0.996481 0.998077 1.001675 0.994170 1.006580 0.996693 1.002531 1.008774 1.001151 0.998179 0.998750 1.003296 1.000630 1.007074 1.000143 1.001553 0.996932 1.000902 1.001614 1.007411 1.002375 0.995209 0.994956 0.999010 0.997270 1.005050 0.997942
1.002957 1.004991 0.997469 1.003667 1.002715 0.996605 0.994766 0.991699 1.008726 0.996005 1.002678 1.002853 1.005110 0.996922 0.997771 1.003036 0.993764 0.999401 0.998566 0.997945 1.000848 0.997884 1.003051 0.998451 0.994350 1.000248 1.000797 1.007220 1.004874 0.997178 0.998214 0.997470 1.004279 1.001577 0.997224 0.995721 0.999335 0.999999 0.994564 0.994967 1.004794 0.998792 0.997558 1.001152 0.991630 1.000670 1.006364 1.003010 0.996381 0.998572 1.001635 0.999154 1.003512 1.003924 0.996703 0.996411 0.994369 0.998762 0.999149 0.991253 1.001565 1.006851 0.994984 0.999582 0.995509 1.002830 1.001292 1.004703 0.994713 1.003030 1.005297 0.999509 1.010894 1.008217 1.011221 1.004377 0.999719 1.007252 1.006245 1.003745 1.006432 0.995391 0.999891 1.003826 1.000400 0.993265 0.995486 1.000356 1.003659 1.000112 1.006863 1.005846 1.005176 0.998078 0.996818 0.999612 0.996047 1.004633 0.997778 1.003929 1.002538 0.996261 0.991412 1.000715 0.996183 1.012446 0.994821 1.001074 1.004851 0.993765 0.999614 1.008929 1.003014 1.003036 1.007395 1.003209 1.004894 0.995006 1.002828 0.998201 0.997030 0.998910 1.000712 1.004129 1.006123 1.001280 1.005641 1.004776 1.007076 1.000127 0.992987 0.995841 0.995720 1.004494 0.998312 1.004512 0.997441 0.994064 1.000479 1.001855 1.000919 0.998929 1.006980 1.001436 1.005702 1.005209 0.999318 0.992013 1.002962 0.992722 0.993976 0.999045 0.995430 0.996983 0.996387 1.008255 1.003134 0.997162 1.001055 0.990555 0.998721 0.997511 0.999639 1.000621 0.997893 1.000996 0.994454 0.998668 0.993293 1.000748 0.997426 0.991585 0.997625 0.995355 1.000738 1.002788 0.998502 0.993267 0.998407 0.992359 0.993335 1.005559 0.998361 1.003208 0.999194 0.998315 1.001664 0.998976 0.996817 1.006291
0.998957 0.996219 1.001784 1.002419 0.996385 0.994940 0.999672 1.000463 0.999634 0.989613 0.995642 0.999525 0.998349 1.006021 1.002386 1.001932 0.999613 0.999894 1.005370 0.998215 0.996763 0.993148 0.999749 0.994804 1.000089 0.998232 0.991669 1.003289 0.998894 0.992245 0.994531 1.001523 1.008742 0.998349 0.998153 1.008332 1.005187 1.004224 0.998537 0.993802 0.996183 0.998113 1.002716 1.006568 1.005219 0.996652 1.000031 1.009142 0.996308 1.000832 1.009989 0.999874 0.997153 0.999514 1.002438 0.997785 0.996770 1.001330 1.008174 1.005288 0.998782 1.008151 1.002785 0.999076 1.003776 1.005820 0.999870 1.003329 0.998258 1.003399 1.004937 1.002908 0.994796 1.000786 0.999783 1.000893 1.006956 0.998491 1.003031 0.990952 1.000653 1.002572 1.003612 0.994221 0.999352 0.998912 1.003482 0.998896 1.006136 1.002010 1.003132 1.009422 1.004750 0.998026 0.996744 1.000264 0.995499 1.003757 0.998402 1.003168 0.998814 0.999529 1.001914 1.008985 0.992971 1.000232 1.001366 1.002035 0.990631 0.990539 0.998990 0.999548 0.992993 0.988920 0.996897 1.003298 0.998630 1.000042 1.004901 0.998692 0.993119 0.996796 1.000365 0.990517 1.000405 0.994465 1.001820 1.005394 1.004722 1.007996 1.003442 0.997265 1.000561 1.008003 1.006954 0.997235 0.995757 0.996554 1.001395 0.999221 1.001658 0.995794 1.010251 0.996731 0.999632 0.994166 0.991728 1.003732 0.998673 1.002005 1.004435 0.998900 0.999722 1.000163 0.999332 0.997791 0.998916 0.994177 1.005933 1.000205 1.000045 0.999485 0.998495 1.002802 1.003391 1.000070 1.005859 0.999079 1.005882 1.001462 0.998030 1.004406 0.994281 1.003904 1.009036 1.005722 1.001029 1.000707 0.999740 1.008252 0.996429 0.999075 1.001794 0.999928 0.999131 0.999249 1.008121 1.001139 1.001824 1.004038
1.001981 0.999500 1.003398 1.001134 1.010819 1.002023 1.003003 0.999482 1.004244 0.999806 0.994749 1.001313 0.997981 1.002398 1.002755 0.994626 0.996758 1.003147 1.005304 1.001290 0.998842 1.002407 0.991970 0.998551 1.000398 0.999901 1.001194 1.004736 1.002317 0.995666 0.997141 1.001906 1.002139 0.996989 0.992443 0.993585 1.003452 0.994571 1.000527 1.001350 0.999879 1.001163 0.993059 0.999613 1.004781 0.996138 0.999496 1.003036 1.002739 1.005056 1.005733 0.998151 1.001113 0.998000 0.996985 0.995616 1.006497 1.003597 1.001461 1.005791 1.004479 0.996919 0.996037 1.001364 1.007516 0.998797 1.000187 0.996782 0.999502 1.004620 1.000226 0.998540 1.000765 1.001113 0.995978 1.003351 0.998132 0.993761 1.008140 0.997863 0.998300 0.997986 1.003986 1.000650 0.998533 1.002891 1.002718 1.002115 0.997241 0.999730 0.993015 0.997156 0.991705 1.005841 0.994831 1.002001 1.009761 1.007501 1.003162 1.010904 0.997664 1.007089 1.005527 1.003854 0.999206 1.001575 1.003294 1.003493 1.003149 0.987475 1.000169 0.999786 0.994940 0.996434 1.002953 0.991859 0.998116 1.001980 0.993515 0.997489 0.998537 0.995450 0.996164 1.005149 1.005892 0.998870 0.996811 1.003456 0.997792 1.000204 0.997221 1.002401 1.003544 1.003580 1.005493 0.993825 0.997518 0.999896 1.002030 1.003781 0.998822 1.005607 1.009185 1.003466 1.002948 1.010072 1.003569 0.999206 0.996769 0.998817 1.007982 1.006838 1.001330 1.008857 0.997198 0.989931 1.000161 0.993298 1.004650 1.004194 1.002997 1.006427 1.004668 0.993904 0.998094 0.988470 1.000445 0.996659 1.005036 0.994941 1.002658 1.011854 0.997265 0.997450 0.999249 1.005765 1.006151 0.999790 1.000424 0.994574 1.008606 0.996080 1.007487 1.006163 1.000461 1.000934 1.002818 0.998919 1.001610 1.002671
0.997581 0.996668 0.994989 1.005134 1.002193 1.000080 1.000510 0.999907 1.000661 1.002097 1.008148 0.996445 1.003797 1.000186 1.001799 0.999330 1.000063 0.999594 0.998290 0.997300 1.000423 1.003554 1.004304 0.999780 0.998792 0.998532 1.000349 1.008112 1.003425 1.005004 1.000912 0.993864 0.989118 0.992235 0.990274 1.000923 1.001365 1.004520 1.002625 0.999444 1.003739 0.994785 0.993467 1.000382 1.004005 1.003031 0.991997 1.002444 1.001187 0.998509 1.011906 1.005187 1.000495 0.999921 1.000132 1.004338 1.000597 1.002748 0.998284 0.998331 0.999320 1.000919 1.003446 0.997976 0.999648 0.999749 0.993689 0.993369 0.996684 0.995081 0.999195 0.999685 0.996969 0.993427 0.996923 1.008187 1.003173 1.002890 0.997931 1.002229 1.001504 1.001747 1.000352 1.001804 1.005527 1.001575 0.996617 1.006644 0.989926 0.994111 0.998217 1.001062 1.002029 0.994875 1.002315 0.999018 1.005219 1.003609 1.002118 0.999690 1.005876 0.998477 1.009436 0.998139 0.997112 0.998807 1.001970 0.996735 1.002408 0.997399 0.999805 0.997278 1.008218 1.010453 1.008884 0.998202 0.996614 0.996834 0.997363 1.003294 1.002572 1.000972 0.997480 1.001450 1.002052 0.989503 0.995242 0.999982 0.992637 0.991525 1.000369 0.999215 0.996454 1.004659 1.001617 0.998689 1.000922 1.005009 1.001327 0.997405 0.997899 0.996692 0.994245 1.005388 1.002986 1.000525 1.004830 1.001618 1.000758 0.996353 0.995285 1.003781 0.993971 1.004049 0.999128 1.002117 1.003685 1.002095 1.000457 1.002338 1.005438 1.007607 1.001462 1.000964 1.002334 0.995832 1.001754 1.005598 1.003591 1.010601 1.007115 1.012483 0.998490 1.000964 0.997622 0.997044 0.995998 0.996988 1.000597 1.003563 0.999758 1.003360 1.009044 0.998216 0.991685 1.005215 0.999824 0.997326 1.000732 1.007080
0.999998 1.000400 0.997686 1.006208 1.003317 1.003308 0.992286 1.005072 0.995303 1.000980 1.001674 0.986109 0.987680 0.997593 0.991765 1.007315 1.003052 1.005761 1.000533 1.001707 1.001248 1.002192 1.010310 0.991153 1.003021 0.995500 0.994544 0.998636 1.003099 0.997655 0.999090 1.004350 0.996602 0.994854 1.000041 0.999339 0.992556 1.001937 0.995394 0.997753 1.007423 0.993703 1.005748 1.002261 1.003437 1.000161 1.007760 0.991507 0.998790 1.003454 1.006423 1.003203 1.003083 1.000008 0.989617 1.001908 0.996420 0.996650 0.996805 0.997625 0.998829 0.993762 0.998642 0.992923 1.002195 0.998105 1.003156 1.001302 1.002972 0.996312 1.000043 1.001916 0.996838 1.000036 1.000744 1.004654 1.006081 0.997686 0.997826 1.000549 1.013772 1.001988 1.002800 0.998289 1.001876 0.997663 1.002991 1.002518 0.999992 1.001441 1.005047 1.004917 1.010027 1.001204 1.002483 0.998654 1.002281 1.001710 1.003620 1.000121 0.996398 0.991622 1.000782 1.000583 1.000002 0.999956 1.009472 1.003443 1.000153 1.001227 1.005877 1.002413 0.992827 0.996297 1.001664 0.996501 0.990915 0.997210 1.002413 0.999434 0.996254 1.008175 0.996825 0.996455 0.999669 1.002469 0.999223 0.991136 1.001368 0.993760 0.997912 1.004935 0.991623 0.998244 0.998294 0.998340 0.998131 1.001193 1.002067 1.003688 1.005792 1.000552 0.999115 1.002163 0.995774 1.006569 1.001160 1.001516 1.000796 0.995548 0.998304 1.000003 0.992785 0.998578 1.001790 1.005025 1.001575 0.997706 1.003777 0.999695 0.998765 0.995415 0.995142 1.001821 0.998648 0.994094 0.996804 1.001873 0.996200 0.997861 1.004522 1.006483 1.003488 0.996576 1.005267 1.005026 0.999477 0.992762 1.000094 1.002553 0.996325 1.006091 1.007240 0.999694 1.000516 1.002625 0.998866 1.003032 1.005950 0.998193
1.002223 1.005665 1.002067 1.007614 1.003230 1.003934 0.999903 1.005354 0.999761 1.001528 0.995114 0.990781 0.993164 0.993767 1.000471 0.994891 1.001927 0.999586 0.996454 1.000088 0.996527 0.997910 0.997954 1.004076 1.009257 1.003373 1.001958 1.001167 1.000690 0.992120 0.986099 1.003229 0.998775 1.001207 1.002015 1.003623 1.001951 1.006033 1.002868 1.001237 0.999600 0.999437 0.999444 0.996525 0.997444 0.999961 0.996142 0.997243 0.996579 1.008569 0.999824 1.003798 0.994928 1.003840 1.001253 1.000597 1.010595 1.005636 0.990242 1.002718 1.002077 1.007832 1.000261 0.995848 0.997678 1.004354 1.008005 1.007428 1.004233 0.995981 0.998544 0.989361 0.999112 1.006552 0.999295 1.001381 1.004000 1.002197 0.996046 0.995935 1.002662 1.004247 1.002794 0.997465 0.994335 0.993979 1.000523 0.997794 0.995295 1.004497 0.999911 1.001982 0.995267 1.001208 0.998892 1.004020 0.996455 0.998910 1.002838 0.999574 0.997911 0.991161 0.994425 0.998807 1.001073 0.999872 1.005728 1.000712 0.997642 1.008946 1.000184 1.003661 0.999538 1.003864 1.004186 0.996598 1.001416 0.997272 0.996174 1.001041 0.994236 1.005959 0.996419 0.993183 1.002782 1.004504 0.998298 1.003139 1.007791 0.995153 1.003531 1.002560 0.996353 0.997762 1.003920 1.008025 0.998639 0.995166 0.998339 1.005344 0.993139 1.001634 1.000930 0.997685 0.995574 0.997704 0.999319 1.001681 0.999659 0.991004 0.994899 0.996177 1.001238 0.999182 0.998164 0.995921 0.996358 0.999654 0.997182 0.995807 0.996595 0.997548 0.999495 1.006061 0.991250 0.997752 1.005678 1.001731 1.008076 0.998054 1.003597 0.992368 0.996147 0.987272 0.999101 0.988998 1.003972 0.998309 1.001495 1.001409 0.996467 1.005957 1.013956 0.994131 0.996936 1.001912 1.004533 0.996396 0.994502 1.009379
1.002438 0.997857 0.992383 0.998851 1.002919 1.002445 1.004152 1.005593 0.997323 0.998372 0.995710 0.996106 1.002848 0.999800 0.993211 1.002979 1.002891 1.007855 0.997636 1.000458 0.999076 0.998159 0.993369 0.998627 1.007375 0.995587 1.005038 1.006140 0.999378 0.999402 1.002839 1.001456 1.006954 1.002721 1.000260 0.999872 1.000622 0.997549 1.002799 0.997206 0.997223 0.999697 0.999602 0.995731 0.998648 0.999208 1.002079 1.006981 1.000689 1.003199 1.003883 0.995379 1.010152 1.010405 1.000181 1.003507 0.997022 0.995446 0.995510 0.999950 0.994739 1.005002 0.996815 1.000760 1.002786 1.002889 1.001977 1.002537 1.007890 0.996961 1.000773 1.001996 0.996196 1.003810 1.000323 1.002539 1.005944 1.001193 0.997560 0.994294 0.999017 0.999584 0.994390 1.002718 1.003206 0.997901 0.995311 0.993633 1.002956 0.999363 0.997935 0.998892 0.994495 1.005864 1.003263 1.004885 1.007362 0.997591 1.002647 1.001737 0.997735 0.994273 0.996888 0.997705 0.997603 0.998987 1.003300 1.005628 1.001521 1.001450 0.999785 1.000681 1.000214 0.996301 0.998584 0.996121 0.994096 1.001720 0.998436 1.001202 1.002691 1.004119 0.999405 0.993003 1.004451 0.996958 1.001888 1.000183 1.007522 1.002104 0.995843 1.006523 0.998146 0.998808 0.998029 1.006287 1.001281 1.004446 0.998623 1.009655 0.998654 0.992430 0.994600 0.996528 1.000293 0.994300 1.005476 1.000070 0.991600 0.994713 0.996912 0.994213 1.001902 0.998967 1.000542 1.002752 1.003378 1.002653 0.998866 1.002660 0.994603 0.997922 1.002962 1.004824 0.999782 0.990325 0.997964 0.997275 1.008265 0.998669 1.002520 1.000228 1.001787 0.995434 1.001911 0.996969 1.003425 0.996145 0.997235 1.000239 1.007430 0.998971 0.997851 1.003476 0.997319 0.998111 1.002998 0.994254 1.000346 0.997717
1.002726 0.993144 0.991784 0.998151 0.998056 1.003136 1.001525 1.004613 0.994736 0.998526 1.001162 1.000022 1.002053 1.000151 0.997234 0.997502 1.000275 1.009701 0.999490 1.000064 0.996726 0.996964 0.994968 0.999713 0.999517 1.006765 1.006387 1.005108 0.994446 0.997834 1.003236 0.997491 1.004633 0.999718 1.009049 1.003897 1.003566 1.006682 0.999157 0.997031 0.995980 1.001221 0.999263 0.994108 0.998632 0.998340 1.003186 1.000566 0.993816 1.001747 0.998904 0.994566 0.997780 0.999976 0.999646 1.004031 0.999920 0.995960 1.000817 0.998272 1.003062 1.005307 0.993565 0.991067 0.994469 1.001775 1.002457 0.998642 0.999556 0.998304 1.003437 0.989547 0.994519 0.998159 1.002529 1.004562 1.005355 1.001554 0.998603 0.996079 0.999239 0.997167 0.999494 0.998479 0.996544 0.994133 1.003289 0.994526 0.999475 0.998785 1.003365 1.005076 0.998706 1.004783 1.005241 0.995767 0.999289 0.992714 0.998885 0.996649 1.002724 1.001133 0.999553 1.002165 0.996330 0.999613 1.005040 0.996891 1.002770 1.003065 0.999646 1.003042 1.007260 0.990592 0.999278 1.002125 0.998794 0.998156 0.994852 0.998450 1.000669 1.008856 1.005409 1.002906 1.007258 1.005601 0.995384 1.004197 0.999118 0.996556 0.996761 1.004612 1.004581 1.007200 1.003813 1.002814 0.998542 1.007145 0.995299 0.997197 0.999555 0.997718 0.993887 1.003148 1.005601 0.994116 1.001787 1.001761 1.002250 0.999519 0.998459 0.998512 1.003125 0.996573 0.994464 1.009324 0.997150 1.003368 1.000730 1.001075 1.000348 0.994608 1.001089 0.996722 0.993541 0.997506 1.007280 0.995435 1.004006 0.997751 0.999733 0.994920 0.999833 0.999482 1.005478 1.001372 1.000305 0.997911 0.995306 0.993781 0.997830 1.005407 1.000096 1.005473 0.996009 1.001334 0.999225 1.001874 1.000963 1.003574
1.005697 0.992290 0.999306 0.995248 0.997394 0.996525 0.997672 0.999882 0.995821 1.006471 0.995940 1.004404 0.999681 1.002827 0.999647 1.003541 0.993984 0.998560 1.007398 0.993071 0.996686 0.993686 1.006833 0.992585 0.994208 0.994601 0.996359 1.002947 1.004724 0.993428 0.997080 0.997600 1.003748 1.013867 1.006140 0.992538 0.993631 1.001342 0.999405 0.997274 0.993443 0.994128 0.997787 0.996423 0.999464 0.988848 1.000243 1.006830 1.002588 1.002656 1.007132 0.993983 0.999338 1.007214 1.004643 0.998537 1.003455 0.999740 1.005973 0.999933 1.004847 1.004972 0.994317 0.998019 0.997910 0.995577 0.997651 0.995726 0.999733 0.995581 0.999219 0.998971 1.001276 1.006035 0.996521 0.994301 1.002982 1.003302 0.999863 1.000343 0.997992 0.996718 1.002827 1.004339 0.998175 0.989802 0.998290 0.993032 0.991268 1.000694 1.001097 0.997925 1.001976 1.003126 0.993665 0.996894 0.991454 0.997224 1.001777 0.996065 1.004051 1.003690 1.002437 0.996945 0.996316 0.998238 1.003233 0.996178 1.007558 0.999414 1.001090 0.998142 0.994910 0.996779 0.996992 1.004895 1.004453 0.997189 1.005398 1.003526 0.998921 1.004946 1.002473 0.997561 1.001314 1.001343 0.993590 0.996718 0.998965 1.004419 0.996337 0.999882 0.993919 0.995714 1.002026 0.998087 1.003219 0.992017 0.994468 0.991904 0.999621 0.989787 0.992939 1.001640 1.004770 1.003322 0.995992 1.004258 0.997195 0.996970 1.007116 1.001556 1.005977 0.995841 1.002487 1.002934 1.003077 1.004757 1.002735 1.001337 0.998111 0.998380 0.995393 0.996376 1.003889 1.000890 0.999954 0.995034 0.996729 1.002828 0.999146 0.995186 0.999398 0.997317 0.998833 0.995573 1.013391 1.005503 0.997754 1.001726 1.003671 0.997311 0.991353 0.998887 0.995373 1.008403 1.005823 1.003915 1.003156 0.992530
1.000247 1.005044 1.004177 0.997020 1.000444 0.992594 0.996510 1.005219 1.001071 0.994827 0.996723 0.991669 1.000785 1.006463 0.992250 1.002043 1.005220 0.998931 0.992849 0.995884 0.995092 0.988203 0.989156 0.992358 0.996134 0.996389 0.998022 0.997576 0.993554 1.006533 0.999215 0.996857 0.994698 1.002893 0.994645 1.000774 0.991139 1.001955 1.000033 0.998946 1.002687 1.005014 1.001699 0.996170 0.997738 0.996367 1.003680 1.002299 0.995893 0.999009 1.001690 0.999409 1.004912 1.003119 0.999746 0.998578 0.996548 1.001093 1.003527 0.997752 0.999036 1.006871 1.003276 1.010444 0.999208 0.990973 1.000557 0.993953 0.995817 1.000752 1.002397 1.002074 1.007755 0.995192 0.997362 1.000245 1.007134 0.996712 1.002105 0.996287 1.003508 1.001456 0.993017 0.988127 0.992424 0.989605 0.999246 0.994958 1.002210 1.001779 0.996976 0.999474 1.002466 1.000671 0.997580 1.001823 0.998032 1.004472 1.001901 0.998482 0.998539 0.999207 1.000111 0.996369 0.997764 1.004347 0.996645 1.004088 1.000504 1.005489 1.004627 1.003638 0.996018 1.002299 0.999938 1.001334 1.001684 0.995301 0.995802 0.994098 1.002416 1.002051 0.998799 0.998327 1.003376 1.005284 1.000505 1.003284 0.995702 0.996020 0.994018 0.993081 1.001754 0.997146 1.000141 0.999078 1.008159 1.001128 1.002110 0.995959 1.002712 0.999709 0.999940 0.998819 1.002359 1.006506 0.999515 0.991451 0.999522 0.998627 0.992457 1.006171 1.008910 0.996616 0.994907 1.000082 1.007420 1.002217 0.998870 1.001141 0.996621 0.993825 1.000427 1.012113 1.003306 1.000675 0.999735 1.001614 0.997425 1.002432 1.000884 1.003368 0.995018 0.991447 0.997299 1.002741 1.007456 1.000255 0.995511 0.995180 0.995604 1.010946 0.994060 0.999907 0.995598 0.998245 1.000518 1.004363 0.999742 0.995154
1.002920 0.997270 1.006450 0.998572 1.001348 0.999777 1.003542 1.006375 1.001761 1.002251 1.005262 0.998723 0.995643 0.997321 0.994260 0.996378 0.999368 0.993752 0.992665 1.000435 1.002041 0.999450 1.001986 1.003053 0.999746 1.005206 0.995591 0.994586 1.004587 1.001694 1.001498 0.999109 0.999568 1.003883 0.995394 1.007244 1.001908 0.998546 1.006640 1.000283 0.998014 1.001197 1.003274 0.998422 0.997835 0.997036 0.999983 0.999742 0.991646 1.003249 0.992783 0.993348 0.988750 0.993575 0.995812 1.004131 1.000572 0.996883 1.005566 0.995062 0.994055 0.999494 0.999353 0.996824 1.001368 0.998491 0.996840 0.999795 0.996890 1.002867 1.004870 0.997269 0.999769 0.996004 0.991764 0.997145 1.000259 1.002747 1.001725 1.001037 1.004738 0.995359 0.996862 0.993784 1.000509 0.990385 0.996832 0.994328 0.994085 0.998927 0.993566 0.997753 0.998197 1.004054 1.003870 0.991306 1.003863 1.001960 1.000322 0.999163 0.995445 0.994245 1.000040 1.004603 1.005981 0.997529 1.000068 1.000090 1.000259 1.001065 0.998627 0.994733 1.000013 0.995901 1.002026 1.002964 1.001287 0.998406 1.000181 0.996105 1.001269 0.999632 1.003964 0.992918 0.995127 1.002896 0.997103 1.010834 1.004771 0.995359 0.993815 0.996608 1.000582 1.003635 1.007845 0.997095 1.004517 0.994787 0.999811 0.993048 0.996112 1.002165 0.998180 1.001976 1.004244 0.998548 1.000685 1.005091 1.001982 1.004888 0.998436 1.002325 0.999159 0.999465 0.997217 0.997273 1.000620 1.004654 1.000450 0.999345 0.996466 0.998683 1.000083 1.002814 0.999572 0.999616 0.995113 0.995057 1.005446 0.994124 1.007357 1.007823 1.000479 0.997014 0.998028 1.003586 0.998284 0.998076 1.000665 0.998013 0.999937 1.004493 1.005279 1.005816 0.997061 1.005536 0.990157 1.000061 0.998891 0.999552
1.003713 0.998649 1.003254 1.006941 0.995247 0.993502 1.001520 0.997232 0.996809 1.002179 1.003897 0.998671 0.996814 1.003766 0.998126 0.999118 0.998521 0.998099 0.990443 0.999824 1.003612 1.004139 1.006517 1.006125 0.999037 1.006543 1.006195 0.999783 0.998986 0.993846 0.998566 1.002902 1.005216 0.997703 0.996350 0.995202 0.989711 0.996055 0.996631 0.996351 1.005365 0.995272 0.997636 0.996826 0.997798 0.992749 0.995164 0.990072 0.988377 1.002622 0.999982 0.995940 0.995760 0.994574 1.000050 0.999259 1.005218 0.997569 0.992774 0.991032 1.000307 1.000710 1.009535 1.003638 1.000693 0.996754 1.003056 0.992140 1.005137 0.999081 1.003782 0.993525 1.006482 1.001836 0.995537 0.999081 0.991697 1.002066 1.003323 1.002362 1.000074 0.990712 1.007085 0.991472 0.995399 0.996509 0.998939 0.995706 0.993498 1.003543 0.998781 0.997289 0.995494 1.008756 1.007200 0.999251 0.996459 0.999907 1.003615 1.002224 0.989599 0.995405 0.996872 0.999342 1.003690 0.995782 1.001261 1.007216 0.994791 0.996861 1.000960 1.000311 1.004038 1.010159 1.006918 1.003609 0.997427 1.007019 1.000151 0.997935 1.000952 1.003467 1.004131 1.002993 1.005957 1.001798 0.993639 1.008824 1.001188 0.998029 0.992394 0.993804 0.995207 0.995845 1.002913 0.998298 0.999993 0.995365 1.003888 0.998907 0.997883 1.005769 0.997419 0.996147 0.999650 0.999358 1.004130 1.004878 0.994776 0.998062 1.002061 0.993534 0.994016 0.998564 1.003946 1.003168 0.999602 1.005318 1.003171 0.993878 1.008145 1.004359 0.998260 1.001538 0.996547 1.003873 1.001843 0.996589 0.995406 0.999371 0.999028 1.000788 0.998346 0.992274 0.990041 1.005009 0.999377 0.997932 1.001869 1.006137 0.996535 1.006279 1.002922 1.002511 0.999014 0.998812 0.989897 1.002473 1.001635 1.007334
1.000213 0.994850 1.004293 0.999275 0.999224 1.003452 0.999247 1.002796 1.003307 0.995868 1.000957 0.992714 1.001334 1.000455 1.004430 0.998921 0.993611 0.997952 1.002333 1.000755 0.995439 1.003357 0.996878 0.993185 1.007044 1.011201 0.994887 0.995770 1.001003 0.987375 0.998815 1.006655 1.007319 1.004237 0.996170 0.997040 0.992924 0.990812 0.997302 0.995386 0.994790 1.001725 0.993848 0.992391 1.004665 0.998358 0.998856 1.007223 1.004070 0.999269 1.002310 0.996447 1.002462 1.002693 1.009298 1.008829 1.002220 1.002966 0.994125 0.995150 1.001458 1.000462 1.001583 1.003413 1.004628 0.997589 0.998531 1.001617 0.997489 0.998830 1.001514 0.992577 0.998894 0.999881 1.000216 1.002545 1.003354 1.001540 1.002565 0.997265 1.004982 0.996754 0.996166 0.997883 0.994933 0.997745 1.005820 1.003095 0.995916 0.999662 0.992831 0.995268 1.000406 0.993845 0.999225 0.998678 0.993644 0.994393 1.006213 1.003576 0.999212 1.002628 0.994794 0.998752 0.997713 0.997468 1.003983 1.004133 1.007939 0.997709 1.009234 1.003783 0.997544 1.002291 1.003499 1.003772 0.995967 1.004379 0.996637 0.999735 0.999292 0.998157 1.000808 1.008248 1.007324 0.995853 0.996615 0.999700 0.999279 1.001992 1.001302 0.997038 0.992387 0.998126 1.005448 0.994460 1.002462 0.997580 1.005210 1.006995 0.999883 0.997208 1.000075 1.003343 0.995599 0.994696 1.002231 1.005501 0.995371 1.002357 1.001823 1.004342 0.995571 0.998662 1.002951 1.005088 1.000877 1.002649 1.005494 1.004705 1.003845 1.003019 1.001237 1.009823 0.998986 0.992198 0.994263 0.995816 0.999032 1.007354 1.005851 0.998864 0.995256 0.992084 0.998321 0.999637 0.998954 0.992314 1.000358 0.997987 1.001396 0.998876 1.000395 1.003364 1.002408 1.001953 0.993832 0.996854 0.992055 0.997159
1.003858 1.003275 0.999661 0.988459 0.997230 0.997213 0.994177 1.003053 1.001619 0.997920 1.002181 0.996482 0.992161 0.999147 0.999683 0.996573 0.992977 0.998011 0.999932 1.001118 1.001784 0.998789 1.008003 0.990885 1.006226 1.000084 0.993958 0.997659 0.994333 0.995476 0.999633 0.995500 1.007152 1.000417 0.992724 1.002659 1.002251 0.987739 0.991813 0.998804 1.002412 0.999071 0.997463 0.991817 0.997628 0.995695 1.002469 1.005035 0.999231 1.000301 1.001092 1.006104 1.004080 1.000691 0.999507 1.001911 0.985204 1.006757 1.008592 1.002258 1.002669 0.994933 0.999825 1.000672 0.998507 1.003032 1.005079 1.004604 1.001027 0.998582 0.992536 0.987900 1.000481 1.003509 1.011645 1.002278 1.008246 0.998810 0.993561 1.001045 1.003752 0.997796 0.998957 0.989009 0.998455 1.003082 1.001404 1.004379 1.001905 1.001345 0.997707 1.006287 0.995570 1.002715 0.996596 0.997985 1.003196 0.994731 1.001276 0.998265 1.001524 1.003361 0.996171 0.998825 0.996818 0.999114 1.003051 1.008551 0.998153 1.002510 1.000221 1.004927 0.996681 1.005032 1.001420 0.998543 1.001363 0.999086 1.001069 0.996020 0.998063 1.001471 1.001809 0.997821 0.998217 0.999000 0.993621 1.006299 1.007777 0.997146 1.001548 0.995015 0.998319 0.997300 0.998142 0.992584 0.999968 1.004532 1.005263 1.004363 1.003896 1.002645 1.004974 0.997985 0.996743 1.000622 0.994694 0.997831 1.002201 1.003544 1.001658 0.997588 0.999873 1.004176 1.001404 1.007017 0.998112 1.001723 0.993949 1.003863 1.003183 1.002648 1.008512 1.006672 0.999871 0.996871 0.994973 1.002151 0.993902 0.997144 1.006752 1.001043 1.001667 0.997856 0.999306 1.000686 1.000928 0.993376 0.999134 1.003519 0.996512 1.001757 1.003059 0.991049 0.999710 1.000584 0.998047 1.002543 0.991351 0.996547
0.999609 1.004224 1.005836 1.000012 1.003895 0.992146 0.994510 0.998325 1.003264 1.001919 1.006327 1.009714 0.999143 0.995757 0.997548 0.992854 0.998896 1.010451 0.995232 0.996883 0.996680 1.003593 0.996210 0.995311 1.008167 1.002054 0.994650 1.000104 1.005053 0.991725 1.005259 0.997649 0.995908 1.002093 0.995276 1.002246 1.000860 1.005394 0.995988 1.000336 1.004645 0.995356 0.996216 0.999419 1.001108 0.993526 1.001781 0.998026 0.994746 1.003683 1.008390 1.002888 0.999877 1.000686 0.999195 1.001622 1.000172 1.004808 1.006723 1.007270 0.997775 0.992899 1.003182 1.003395 1.005077 1.002955 1.003122 0.997926 0.998674 0.997945 1.002566 0.995302 0.993857 0.990463 1.010143 1.003956 1.001081 0.990101 1.005244 1.003199 1.002598 1.004449 1.001786 0.999444 0.998616 1.002455 1.006045 1.007948 1.000794 1.003911 0.989776 0.999992 0.999077 1.001688 1.002965 1.002411 1.000714 1.001828 1.001187 1.008306 1.001031 0.991397 0.999715 1.001516 0.997900 1.003295 1.003124 1.008416 1.000943 1.000694 1.002124 1.002604 1.004242 0.996793 0.997079 1.003913 0.995967 0.999342 0.999184 0.993534 0.999141 0.996925 1.001378 1.001832 0.998748 1.004499 0.998951 1.003843 1.004109 1.004927 0.997363 1.000818 0.999258 0.999000 0.997133 1.000199 1.001279 0.995281 1.000946 0.996613 1.006587 0.993918 1.002649 1.000313 1.001190 1.004085 1.002331 1.006181 0.999333 0.999122 1.004125 1.002861 0.998898 0.999951 0.999836 0.999279 1.002057 1.000742 0.996917 0.996285 1.003503 0.993432 0.998677 0.996353 1.000114 1.007229 0.993922 1.002770 0.998349 0.992708 1.003697 0.997807 1.001348 0.996798 0.995997 1.003421 1.006267 0.987546 1.002780 0.998743 1.001738 0.991837 0.993676 1.006589 1.003030 1.002350 0.998190 0.998646 0.997949 1.000554
1.002844 1.004439 1.006716 1.000794 1.003724 1.000161 1.002914 1.000775 1.004084 1.003899 0.996970 0.999029 1.006546 0.996268 1.002316 1.000570 1.004098 1.004476 0.994723 1.002206 0.997891 1.004212 1.008583 0.999340 1.005176 0.995569 0.997309 1.008736 1.009742 1.001844 1.009831 0.995747 0.999551 1.008794 0.994329 0.996342 1.000523 1.006365 0.994798 0.999250 1.003385 0.993748 0.999577 1.001803 0.999078 0.995075 0.997847 1.001970 0.997464 0.995086 0.995880 1.014773 1.000655 0.999667 1.001052 0.995835 0.993938 1.002790 1.007362 0.997746 1.000685 1.002315 1.000920 1.003659 1.000912 0.997177 1.006379 0.998513 0.995434 0.991163 0.996041 1.002777 1.002957 1.001515 0.999408 0.996849 0.990721 0.992967 1.003204 1.001481 0.994282 0.993726 0.999459 0.996300 0.997557 0.995372 0.999313 0.991387 0.995380 1.001619 1.002418 0.997409 1.000443 0.993503 0.993369 0.994196 1.000501 1.005194 0.998176 1.007250 0.997052 1.000148 1.001023 1.003356 0.997539 1.002684 0.999810 1.000967 1.006358 1.002802 1.001383 1.000413 1.003072 1.005543 1.000455 1.001741 0.988651 0.993984 0.992508 0.999873 1.001723 1.008251 0.990283 0.993985 0.998173 1.001240 0.995621 0.993904 0.989197 1.003082 0.997151 0.999402 1.005269 0.998708 0.997946 1.002421 1.003810 0.996140 0.998428 0.996884 0.997200 0.995224 0.989091 0.999913 0.999893 1.006743 1.003368 0.996714 0.990010 0.997343 1.003517 0.994882 0.992519 0.987233 1.000455 0.994610 1.001305 0.998023 1.003900 1.004778 1.000954 0.999429 0.997799 1.000415 1.007406 1.003671 1.002193 1.000566 0.998713 1.000615 1.003891 1.006449 1.001240 1.003675 1.000866 1.006250 0.996611 0.995083 0.994917 0.988945 0.992371 0.997705 0.996530 1.003192 1.000981 1.000028 0.997072 1.006152 0.999905 0.997887
1.002016 1.007435 1.000911 1.003959 0.998700 0.997802 0.996748 1.004461 0.999281 0.998784 1.000600 1.004820 0.992640 1.000010 0.997369 1.001507 1.003324 1.001514 1.002912 1.000190 1.003160 0.997149 1.003928 0.999128 1.005273 1.005892 1.004081 1.001172 1.002148 0.999447 1.001253 1.004173 1.002442 1.002926 0.998784 0.997537 0.991634 1.002558 0.993335 1.003086 1.000392 0.996615 0.994078 0.996247 0.995945 1.001803 0.997714 0.998118 0.998360 0.999746 0.997276 0.998053 0.997629 0.999085 0.998042 0.995074 0.991979 1.003705 0.996647 1.000278 1.000781 1.007321 0.998624 0.992821 1.002775 1.001970 0.994744 1.002022 1.002101 0.997201 0.996278 0.990363 0.996192 0.998741 1.001521 1.000948 1.005022 1.004463 1.004659 0.998640 1.001406 0.994748 0.992947 1.003130 1.009272 1.000381 0.998887 0.993774 0.993905 1.000974 1.003171 0.999652 0.998430 0.992766 0.995324 0.997026 1.006076 1.000431 1.002317 1.001621 0.997954 1.005096 1.002386 0.998628 0.995854 1.000550 0.996070 0.994896 0.999363 0.996420 0.996291 1.002601 0.997707 1.001672 0.995262 0.996771 0.998594 1.000014 0.999289 1.001867 0.999614 1.004013 0.999995 0.998988 1.006317 0.998684 0.993434 1.000640 1.006025 1.000529 1.000539 0.992242 0.996676 0.988257 0.997495 1.005713 1.005224 0.998214 0.991496 0.998220 0.992102 0.994423 1.000634 0.999473 1.006938 1.002225 1.004382 1.002759 1.000731 1.006830 1.004943 1.003272 1.002429 0.998318 0.998324 1.003415 0.993667 0.994257 1.004040 0.998520 0.993603 1.005649 1.001861 1.000280 0.999077 0.994559 0.998864 0.996652 1.000194 1.000206 1.013584 1.005900 0.996756 0.999349 0.999960 0.988469 1.000711 0.993832 0.997407 0.995603 0.998824 0.994768 0.997404 0.995198 1.001989 0.999884 0.993916 1.002752 1.000240 0.994897
1.007049 1.009294 0.991302 1.004061 1.008488 1.000049 0.997477 0.997802 0.996910 0.992499 1.002896 1.002508 1.001631 1.004433 1.001535 0.999591 0.999689 0.999807 1.001301 0.999151 0.998322 0.998794 1.004540 1.000979 1.002561 0.998309 1.000423 1.005041 0.997918 0.996323 1.000785 1.004149 1.008068 1.009421 1.000302 0.987917 1.009483 0.999951 0.996700 0.991369 1.003787 1.001240 0.995705 0.998785 1.000182 1.001600 0.998835 1.002406 1.004026 0.998613 1.000197 1.001585 0.986072 0.997719 0.998323 0.996131 0.995822 0.998412 1.000413 1.006341 0.998796 1.005181 0.998360 1.004072 0.996800 1.003336 1.001936 1.001421 1.001377 0.997163 1.004600 0.994876 0.995161 1.000702 0.995667 1.011771 1.004344 1.002855 1.007240 0.998059 1.001306 1.002710 0.999627 1.003145 1.003479 1.000099 1.004124 1.001999 0.997849 0.996097 1.003319 1.003368 0.996008 0.999565 0.993396 0.997618 1.000549 1.001290 1.001162 1.004236 1.004241 0.999929 1.002641 1.000499 0.995767 0.991693 0.997913 0.991234 0.996505 0.992416 1.001058 0.997713 1.001755 0.994444 0.998972 0.997632 0.998418 1.006621 0.996263 0.996999 0.999716 0.997022 0.999994 1.002070 0.995229 0.992775 0.998788 1.003260 1.000616 0.996851 0.998358 0.997001 0.998869 1.003265 0.998890 1.005610 1.000982 0.996530 0.995768 1.001690 0.993913 1.000001 1.001808 0.988665 0.999490 0.999909 0.999319 1.005666 1.007304 0.998790 0.991351 1.000268 1.000053 1.000331 1.002324 1.008473 0.999592 1.002808 0.989899 0.993257 0.997195 0.994344 1.000303 1.005687 1.004024 1.004572 1.000252 0.993704 0.998743 0.997143 0.997766 1.005051 1.001557 0.994170 0.994273 0.997578 1.009682 1.000658 1.001351 1.004958 1.002435 1.004532 0.997584 0.996169 1.000308 0.998063 0.997931 0.996786 0.991896 0.995570
0.998793 0.997572 1.004182 0.993849 0.993361 0.997131 1.001195 0.995626 0.993793 1.004836 1.000120 1.004667 0.998143 1.003089 0.997794 1.000994 1.001085 1.004250 1.003775 1.002309 1.000630 0.998879 1.001663 0.999547 0.997999 1.005528 1.004217 1.001994 0.999902 1.003305 1.007201 1.001845 1.005974 1.000082 0.996212 0.993692 1.001974 1.006427 0.999864 0.997952 1.002228 0.999641 1.000124 1.002872 0.999307 0.994822 0.999823 1.000153 0.992059 0.987305 0.992671 1.002741 0.996942 1.000673 1.001944 0.995119 0.998455 1.004808 0.995433 1.001053 0.995147 1.001650 1.000696 1.006579 0.989631 1.007831 1.003878 1.009656 0.998549 0.997156 0.999934 0.998831 1.001075 1.001840 0.994320 1.001725 0.998695 0.994712 0.999424 0.995222 0.995143 1.007635 0.999290 1.001379 1.000808 0.998433 1.003121 0.999034 0.997836 0.997611 1.005002 1.008119 1.005081 0.996612 0.999464 0.994219 0.997410 1.000528 1.001835 1.006768 0.997678 0.994093 1.006508 0.999635 1.005688 0.998681 0.997614 0.999077 0.991972 0.997534 0.998077 0.994515 0.997424 0.997619 1.005216 1.000833 1.001077 1.005947 0.993125 0.998849 0.996327 0.996091 1.002992 1.001232 0.996726 1.003241 1.005368 0.997727 0.992393 0.998264 1.000876 1.000425 1.003732 1.006474 1.003100 1.000803 0.993829 1.001602 1.009431 1.005654 1.002745 0.996660 0.991655 0.998370 1.003652 0.998685 1.001328 0.994391 0.996487 0.996729 1.009265 1.003224 1.008164 1.000221 0.997794 0.999926 0.994884 0.999728 1.000671 0.991272 1.002229 0.994096 0.995311 1.001826 1.001571 1.001227 1.005308 1.000593 1.001483 0.999998 0.992443 0.993841 1.004540 0.999921 0.995176 0.991868 1.000535 1.003816 1.005528 1.002247 1.005425 1.011714 0.992381 1.003165 1.005857 1.007599 0.998396 1.001929 0.997084 0.995553
0.995047 0.999766 1.002099 0.999401 0.994369 0.999263 1.002246 1.001895 1.000645 1.002818 1.005196 0.999925 1.002464 0.995676 1.000964 0.994582 1.000901 0.997807 0.997556 0.988991 1.002423 1.002665 0.998775 0.996487 0.998403 1.001731 0.997855 0.988431 0.993267 1.008221 1.009490 1.002955 0.993570 0.990484 0.993451 1.002926 0.996673 0.998503 0.996948 1.003296 1.002383 1.001626 1.004564 1.006000 1.001836 0.995736 0.996457 1.000570 0.989612 0.996899 1.003960 0.995712 0.996569 0.997452 1.001667 1.004606 0.999786 1.008029 0.996702 1.002769 1.004760 0.999052 0.992586 1.002661 1.003491 0.997902 0.998785 0.999017 1.000365 1.001478 1.014040 1.004696 0.997981 0.993979 0.997818 0.995535 0.994881 0.998099 1.004648 0.997129 1.001304 1.005969 1.001921 0.993490 0.993881 1.000371 1.001957 1.006261 1.005301 1.001970 1.000118 1.003205 1.002714 1.000515 1.002054 0.998869 0.997642 1.004089 1.004775 1.004968 0.998842 0.995984 0.996042 1.001683 1.003620 0.997057 0.996332 0.998529 0.988232 1.000990 0.995365 0.991974 0.999924 0.997133 1.007214 1.003940 1.002080 1.001421 1.004591 1.004394 0.998421 0.997889 1.000649 0.995656 0.996141 0.995626 1.004273 0.992476 1.003697 1.001719 0.996785 0.997497 1.004571 1.003744 1.001405 1.005530 1.004949 1.002321 1.003028 0.995807 1.000375 1.011217 0.998118 0.999144 0.997020 0.996479 0.989831 0.992625 0.995176 1.000102 1.004681 0.999957 1.005194 1.001438 0.999729 1.002626 0.994664 0.997125 0.992510 0.998701 0.997875 0.996423 0.998938 1.000152 1.001918 1.004423 1.005068 1.000309 0.998240 1.000944 1.002175 1.003348 0.999592 1.006861 0.998059 1.000860 0.990290 0.998189 0.998399 0.995216 1.005875 1.005580 0.999049 0.996961 1.008759 1.012686 1.008875 0.996827 0.991427 1.000569
0.999023 0.996868 0.997893 1.003329 1.000427 0.999814 0.994628 1.001768 0.998979 0.995960 1.004619 1.000457 1.000783 0.991638 0.998665 1.005461 1.006441 1.001816 1.001590 1.000730 1.002852 1.003490 1.004141 1.000462 0.995602 0.997689 1.002633 0.994773 0.994181 0.995686 1.003069 1.001299 0.994703 1.001578 0.992676 1.003960 0.998687 1.002057 1.006793 1.002583 1.001056 0.995070 0.999693 0.997670 0.994704 1.005918 0.996223 0.998739 0.998626 1.003739 1.003080 1.002962 0.996638 1.000597 1.003015 1.006415 1.000774 0.996712 1.005195 1.000631 1.005132 1.010884 0.999144 1.006221 1.008516 1.005861 1.001965 0.994024 0.998373 0.998250 0.991899 0.997954 1.001419 0.997044 1.000253 0.996713 1.009883 1.001571 1.000376 1.000841 0.993227 0.995126 0.994940 0.996744 0.990831 1.004144 1.003305 1.002644 1.004230 0.997606 0.995636 0.998116 0.998810 0.992858 0.997687 0.992806 1.003939 1.004420 0.997647 1.000486 0.999353 1.001052 1.006085 1.008820 1.007941 1.006739 0.998736 0.998612 0.998592 1.000864 1.000574 1.000028 1.002003 0.998578 0.994713 0.995943 0.996903 0.995753 0.999835 1.012111 0.996088 1.008797 1.000371 1.000231 0.998865 1.002952 1.002399 0.995453 0.998853 0.999246 0.997045 1.003828 1.002867 1.010377 1.001457 0.991448 0.995742 0.998706 1.002625 1.000172 1.005738 1.002031 0.999443 0.996290 0.999053 0.994218 0.995227 0.999117 1.001589 0.999208 1.003135 0.999220 0.999213 1.003847 0.999740 0.997729 1.000037 0.996458 0.992981 1.004257 1.001058 0.996060 0.996624 1.002748 1.003764 1.004523 1.008997 1.003718 0.999036 0.997348 0.998467 1.001459 0.997426 1.001824 0.996536 1.009094 0.998759 0.991604 1.009368 1.004590 1.000631 0.995965 1.005901 0.998009 1.006089 1.005691 0.992203 0.999492 0.994327 0.993072
0.993889 0.996814 1.003033 0.992565 0.991173 0.994794 0.991901 0.998820 1.001312 0.995898 1.000500 1.002448 1.002167 1.008572 1.000449 1.002629 0.999238 1.000269 1.002366 1.000004 1.000932 1.000812 0.995861 1.001316 0.991077 0.996210 0.998547 1.001470 1.003101 0.992183 0.999349 0.999902 0.999798 1.002343 0.993758 0.997353 0.995643 1.001146 0.997272 0.998801 0.997178 0.996504 0.998046 1.002165 0.996871 1.000549 1.000812 1.002324 1.003178 1.003492 1.004270 0.999053 1.000312 1.000035 1.002069 1.003296 1.002273 0.989193 0.996777 1.004277 1.003268 1.003299 0.993023 1.001948 1.008833 1.000538 1.006796 0.995055 0.999133 1.000926 0.996054 0.998079 0.995741 0.990073 0.994268 0.994066 1.000368 1.003944 1.002899 0.996079 0.995730 0.999754 0.999398 1.005981 1.003313 1.007095 1.005849 1.001115 0.996997 1.000446 1.001493 1.000429 1.003561 1.003136 0.997597 1.003524 1.001813 1.000079 0.994607 0.998770 1.002910 1.008086 0.996949 0.995418 0.993632 0.993145 1.000930 0.993586 0.999399 1.006789 1.005712 1.000605 0.998832 1.003487 0.999419 0.996566 1.001569 1.001250 0.996650 0.998779 1.004480 0.999369 0.997595 1.001112 1.001544 1.008884 0.998744 1.000104 0.997368 0.997134 0.999255 0.998703 1.001538 1.003302 1.004922 0.994165 0.996124 0.996404 1.005755 1.006258 1.006045 1.001379 1.001826 0.999982 0.998081 0.998909 0.995925 1.002108 1.001731 0.996538 1.000530 1.006782 0.993361 0.990961 1.004256 1.002868 1.000243 0.998958 0.998188 0.995776 1.001974 0.988322 0.999258 0.998449 1.001967 1.002737 0.997300 0.997105 0.999267 0.988797 0.995963 1.006963 1.005287 1.007990 1.006650 0.998991 0.999943 0.997170 1.005183 0.990358 0.996378 0.993842 0.997438 0.997868 0.995046 1.002534 0.998533 1.002993 0.999732 0.996776
1.003872 0.995208 0.998053 1.000793 1.003955 0.998950 0.998059 0.999612 0.999172 1.005121 1.002571 0.992996 1.006892 0.997015 1.005821 1.000702 0.996767 1.006719 1.004055 0.994359 1.004626 0.999656 0.992509 1.001596 0.999137 0.995348 1.005616 0.995294 0.999032 0.994590 0.992760 1.002404 0.995027 1.000718 0.998116 1.000482 0.996273 1.000822 1.001941 1.005602 1.000527 1.011877 0.995244 1.001715 1.001003 1.000077 1.003294 0.999149 0.999365 0.999891 1.004099 1.005837 0.995719 1.000775 0.998259 0.999862 0.999495 0.994900 1.006677 1.000028 1.000906 1.004743 0.998941 1.004000 1.004191 1.002373 1.002466 0.994427 0.999239 1.004237 0.998259 0.994644 0.999539 0.997773 0.998979 1.001504 0.999913 0.996368 0.999040 1.000497 1.003294 1.001489 0.996207 1.006524 1.005241 0.998522 1.001318 1.002561 1.002627 0.994807 0.998948 1.001370 1.004378 1.001790 0.997138 0.997406 0.996331 0.989133 0.994383 0.997090 0.995775 0.996482 0.995480 0.990666 0.994148 1.001499 0.995633 1.001562 1.003403 1.003859 1.005015 0.999776 0.989869 1.000941 1.005635 1.006011 1.003061 1.005742 1.000260 1.003016 1.003007 1.000142 0.996633 1.000061 0.999772 1.005743 0.991730 0.997430 0.993521 0.994554 0.999478 1.002038 0.996250 0.999618 0.995106 0.995704 1.006063 1.000742 0.998926 1.003471 1.002258 1.000134 1.002108 1.001978 1.001702 0.999370 1.003537 1.001037 0.996646 1.006166 0.998401 1.001907 1.004706 1.003740 1.007276 1.003334 1.004064 1.001084 1.007581 0.999817 1.002009 1.001511 0.997152 0.993734 1.001285 0.994331 0.994936 0.995328 0.994188 1.003077 0.997507 0.995921 1.008564 1.007721 1.007017 1.002381 0.992086 0.988068 0.996908 1.004445 0.992033 0.997777 1.000696 1.000548 0.991917 1.002814 1.002717 1.004763 0.991511 0.998547
1.001987 1.000022 0.995839 1.002936 0.992455 0.992735 1.001570 0.997687 0.995433 0.996221 1.000660 1.005669 1.006182 0.990596 0.992262 0.995642 1.005609 0.996108 0.997162 0.998049 0.993163 0.998809 0.997562 1.000054 1.002213 1.000964 1.004968 0.996165 0.995214 1.002089 1.003304 1.003437 1.003072 0.999010 1.000164 0.998113 1.000094 1.002564 1.001748 1.002645 0.995733 1.002280 0.995082 0.999259 0.992201 0.997150 0.991987 1.003514 1.003593 0.998714 1.000302 1.007542 1.002937 1.002616 1.008400 1.000618 0.999307 0.996827 1.006976 0.999342 0.994789 1.003334 0.998293 1.003242 1.001468 1.006985 0.997326 1.002206 0.997993 1.006081 0.990363 0.996001 0.999784 0.990727 0.998922 1.008033 0.997404 1.001652 0.998792 1.003354 1.006562 1.003154 1.000064 0.999515 0.998767 1.000415 0.999604 0.999855 0.997329 0.992160 1.001609 1.004506 1.001882 1.006473 0.998290 0.999186 1.002370 1.004011 1.008154 1.000037 1.000332 1.001006 1.003234 0.996472 0.998135 1.001517 0.993504 1.001148 1.004748 0.997238 0.997900 0.993067 0.996289 0.999474 0.997644 0.999833 0.994450 0.998573 0.996802 0.998089 0.997994 0.998889 1.004914 0.996683 0.995024 0.997429 0.998067 1.006518 1.000158 1.001087 1.000852 1.005224 1.000949 0.996333 0.998170 1.000709 0.996595 1.000965 0.991235 0.996945 0.999150 1.000812 0.999423 1.003844 0.995475 1.000295 0.994111 1.002889 0.995821 1.001890 1.001190 1.001179 0.997755 0.996467 1.003788 1.002160 0.997263 1.002429 0.998905 0.996946 0.999693 0.999772 1.003570 0.999891 1.002634 0.991743 0.998154 0.995374 0.994737 0.996970 1.003351 1.003934 1.005633 1.010772 0.999503 0.998212 0.997521 0.998972 0.997588 0.999877 0.996839 0.999890 0.988857 0.996238 0.993702 0.994021 1.004077 1.002552 0.993769 1.002395
0.999331 1.000936 0.999955 1.001723 0.995729 0.995539 1.003566 1.002872 1.002393 0.996847 0.994506 1.003367 0.999487 0.996300 0.999278 0.999070 0.998345 1.005398 0.998391 0.998670 0.997216 0.992559 0.999473 0.995760 0.998807 0.996808 0.997995 0.998149 0.997581 1.002713 1.000370 1.001362 1.000803 0.997824 0.997875 1.000087 0.991534 0.995609 0.999561 0.999103 0.992212 0.994593 0.999654 0.996268 0.991654 1.002662 0.997653 1.003090 1.001868 0.996801 1.001260 1.001477 1.004344 1.005166 1.007631 1.004081 1.007969 0.997492 1.002409 1.005965 1.005268 1.000196 1.002992 0.998893 1.003364 1.004625 1.003680 0.997805 0.999865 1.006629 0.994423 0.996769 1.003613 1.000892 0.994812 0.993812 0.996444 1.005120 1.005510 0.998262 1.006283 1.001277 0.996157 0.996208 0.997313 0.999668 0.995075 0.988188 1.008030 1.003089 1.004319 1.003067 1.001905 0.998720 0.996437 1.002690 1.005350 0.993653 1.002254 0.993460 0.991792 1.002311 1.002447 1.004270 1.004773 1.000924 1.004251 1.002696 1.012283 0.995441 0.995050 0.997345 0.996922 0.996086 1.002843 1.002709 1.000765 1.003734 0.999950 0.997017 0.997183 0.986249 1.001613 0.998642 0.996572 1.004250 1.003392 1.004844 0.995224 1.006036 1.003731 1.003756 1.001384 0.995794 0.997445 1.003222 0.998518 0.995954 1.000322 1.005390 1.007414 1.006029 0.993250 0.995799 1.001676 1.002522 1.000065 0.997860 0.998162 1.000326 0.997071 1.003064 1.000644 0.995784 0.998864 0.999393 1.001377 1.004408 1.002472 1.002992 1.008228 1.004787 1.003123 0.999608 0.994609 1.001620 1.000675 0.996548 0.997990 0.999584 0.998110 0.998807 0.996655 0.992910 0.999343 0.988445 0.998108 1.000059 1.001347 1.007640 1.001902 0.997196 0.992063 1.001344 1.001132 1.002432 0.999314 1.002080 0.999890 0.997837
0.999988 1.003013 0.993355 0.996066 0.996518 0.991893 1.000193 0.995806 0.997663 0.996774 0.999331 0.991830 0.999558 0.997122 0.998009 0.998552 1.001272 1.001564 1.009245 1.000050 0.991835 0.993531 1.002480 1.004751 0.999774 0.992488 0.995794 0.994290 0.991139 0.993323 1.001130 1.005574 0.997498 0.990777 0.996935 0.996261 1.001211 0.994562 0.993321 0.999933 0.994140 0.995752 1.000444 0.998791 0.994348 0.996057 1.001665 1.000858 0.992991 0.991170 0.999383 0.999244 0.995697 1.001976 1.000079 0.995255 1.001187 0.994050 0.998754 0.997555 0.997695 1.001939 1.006228 1.004841 0.989415 0.993024 1.005869 1.003366 1.000828 1.000866 1.007687 1.001307 0.998442 0.997230 0.999675 1.006613 0.995110 1.002268 1.002886 0.993970 0.998618 0.998733 1.001383 0.998436 0.996221 1.002831 0.999982 0.995178 0.992933 1.000318 1.001486 1.001670 0.994465 0.998549 1.005679 0.998756 0.998377 1.001757 0.995471 1.002934 1.006661 1.000334 1.011647 1.005084 1.001609 1.001575 1.004669 0.995912 1.006995 1.006874 0.999178 0.996356 1.006320 1.002538 1.010569 1.006208 1.006271 1.008288 1.009068 0.993655 0.998908 0.995953 0.995783 1.000746 1.000649 1.004064 0.994981 0.997798 0.998727 1.002636 1.008950 1.005823 1.001893 0.997708 0.999451 0.996860 0.998495 1.001865 1.001902 1.004419 1.001957 1.001717 0.996885 0.996292 1.009871 1.004873 1.003058 0.994494 1.000241 0.997172 1.003414 0.994065 0.995298 0.996411 0.994436 0.995942 0.998527 1.003635 1.000208 1.004981 1.000322 0.988806 1.004928 1.000295 0.993110 0.994995 1.000745 1.010061 1.003705 0.995025 0.990773 1.002344 1.003405 0.989042 0.996674 1.002696 0.996835 0.998036 0.996059 0.994135 1.001306 0.998353 0.995597 0.999134 1.002385 1.001959 0.999036 0.997362 0.992293 0.999063
0.991601 0.998253 0.997092 1.001449 0.999440 0.997204 0.997732 1.000972 0.993951 1.002142 0.994295 1.001799 1.002733 1.005971 1.005141 1.002169 1.003518 0.997619 0.996602 1.004724 0.995379 1.003101 0.999698 1.000002 0.995399 1.003560 1.000430 0.998612 0.994557 1.004765 0.995114 1.003338 1.006042 1.000603 1.000599 0.997393 0.998088 1.007697 1.000562 0.997240 0.999643 1.001560 0.999950 0.999704 1.001466 1.004614 1.006643 0.993353 0.997230 1.000946 0.997477 0.996387 0.997710 0.997350 0.992942 1.002088 0.997042 1.002968 1.004258 0.991239 0.993352 1.000300 1.006475 1.005145 1.003225 1.000569 0.998999 0.999141 0.995249 0.999400 1.000969 0.992434 0.995211 1.002981 0.999035 0.999996 1.001067 1.003824 1.004129 0.997978 1.002794 1.000054 1.000402 0.995770 0.991341 0.999077 0.998446 0.996239 1.000816 1.004249 0.998091 1.005023 1.002384 0.999652 1.003135 1.000946 0.997896 1.000525 1.006595 1.002409 1.001211 0.992742 0.996196 0.992984 0.999142 0.998089 1.010542 1.002349 0.999742 0.993116 0.997468 0.999212 1.001381 1.003245 1.000482 1.001297 0.997515 1.003554 1.001620 1.000182 1.001774 1.003231 0.999567 0.991011 0.999052 0.995849 1.001921 1.002628 0.995459 1.002454 0.992148 0.998881 0.996726 0.998161 0.999540 1.002447 1.004111 1.000979 0.997766 0.998378 0.994711 0.995276 0.996216 1.002982 1.002275 0.992837 1.000100 1.004087 1.011413 0.999635 1.001747 0.998911 1.000957 0.996070 0.995581 1.006297 1.004497 0.989594 0.991711 0.993502 0.995132 0.995569 1.003252 1.004517 0.996763 0.999630 1.004964 1.008751 1.002470 1.001066 0.997052 1.002456 1.004798 0.995285 0.994547 0.996791 1.000636 0.998891 1.004496 1.005398 1.009135 1.003959 0.998658 0.995397 1.004439 0.999814 1.000849 1.003818 0.998594 0.995774
0.996592 1.001884 1.007735 0.995956 1.001836 0.996880 1.004636 0.999358 0.992981 1.000375 1.001348 0.999815 1.003397 0.989805 0.998871 1.001176 1.008210 0.997461 0.997424 1.001575 0.995553 0.999778 1.004820 0.994965 1.000686 1.009273 1.005233 0.997265 0.996944 1.006862 0.992752 0.994421 0.995269 1.002715 1.006740 1.003172 0.997359 1.002081 1.004239 1.000479 1.004128 0.998104 1.000960 0.995221 1.005004 1.000487 1.005056 1.010290 1.004599 1.002976 1.007955 1.001268 1.004946 0.993255 0.996223 1.000879 1.001403 1.007640 1.006052 1.004497 0.998959 0.997677 1.006149 0.995794 1.002367 1.001683 1.002720 1.003655 1.005115 1.005430 0.997905 1.000691 0.996786 0.998781 0.992572 0.997600 1.002074 1.000712 1.005490 1.003752 1.001368 0.992015 0.998146 1.001432 1.003487 0.995047 0.997660 1.001662 1.007172 1.001442 1.000206 0.996101 0.999488 1.002607 0.998615 0.997426 0.998839 1.002106 1.003952 0.998360 1.006017 0.999805 1.002777 0.998911 0.999730 1.004589 1.000997 0.991779 1.000347 1.000886 1.000909 1.006187 1.008590 0.996569 0.992872 0.994549 0.997712 0.993039 1.003270 1.000012 1.001647 0.999305 0.996543 0.991057 1.002144 0.997379 1.011001 0.998917 0.998776 1.003411 0.996215 0.993948 0.998628 0.996001 0.998092 0.994531 1.003238 1.003855 0.990360 1.000695 0.991763 0.997489 0.997207 1.000187 0.998298 0.997961 0.997213 0.995941 0.999322 0.996003 0.989995 1.004046 1.008613 1.003707 1.004361 1.003228 1.003989 1.000411 0.996089 0.998181 0.999712 1.005927 1.004646 0.997122 1.004717 1.000289 1.007640 0.989509 1.004829 0.998860 1.002518 1.005876 0.998389 0.994553 0.998435 0.994832 0.996407 0.993103 0.999426 1.003136 1.001372 1.007234 0.999025 0.999810 1.003706 1.000107 1.003884 1.007441 0.997432 0.999391
0.997879 1.002605 0.993294 0.994393 1.000659 1.004494 0.997286 0.995692 0.997945 0.999126 1.003330 1.008044 1.004780 1.001746 0.997748 1.000539 1.001407 0.999226 0.995697 0.994922 0.998183 0.987608 1.001632 0.989597 1.006608 1.000373 0.998234 0.994615 1.002477 1.004886 0.991936 1.001991 1.004647 0.998279 1.000510 1.003027 0.995612 1.003534 1.001895 0.998931 1.003495 1.000623 0.993778 0.986888 1.003464 0.999503 0.994829 1.000476 0.997318 0.998746 1.004536 0.998698 1.003610 1.002991 1.001183 1.004792 1.001549 1.001818 0.996172 0.997281 1.000260 0.995871 0.999736 0.994215 0.993900 1.005919 1.002965 1.005866 0.999119 1.006229 1.000690 0.999474 1.009598 1.010073 1.004423 1.000565 1.000836 1.007132 1.002072 1.000059 1.004043 1.006262 1.006257 0.995087 0.999225 1.007582 1.007952 1.002967 1.007582 1.003324 0.999222 1.004982 0.995709 0.997826 1.000162 0.995776 0.996405 1.003483 0.996660 0.999602 0.999935 1.000296 0.994777 1.003565 1.001906 1.001250 0.998285 0.988641 0.993507 0.997283 0.998075 1.000728 1.003498 1.001085 0.996306 1.001315 1.002187 1.000115 0.996962 1.000995 1.002531 0.994172 1.004020 0.991483 1.002983 1.004268 1.000138 0.995731 0.995662 1.003640 1.002259 1.006578 1.002519 1.001739 1.001948 0.993294 1.003496 0.999276 1.003087 0.995066 0.989409 0.991473 1.003337 1.010492 1.003944 1.011053 1.003197 0.995856 1.006193 0.998210 0.995334 0.999173 1.012263 1.000996 0.988830 0.998409 1.002573 1.000909 1.009162 0.997187 1.006010 0.993690 0.993497 0.999601 1.004395 1.007834 1.003323 0.989015 1.000209 1.004529 0.992323 1.004262 1.008928 0.996267 0.992836 0.990814 1.000865 0.996685 0.995815 0.998638 0.996792 0.998215 0.992665 1.002463 0.995219 0.998680 0.986750 1.004605 0.994457 1.001978
1.006556 1.000664 0.994773 1.000025 0.991229 0.991688 1.005204 1.005045 0.998091 1.000012 1.004573 0.992971 1.000977 1.007139 1.000437 1.009428 1.002287 0.996153 1.006537 1.002018 0.998184 1.002461 1.004143 0.999756 1.000476 1.001038 0.996817 0.999802 1.000115 1.002197 0.999745 0.997533 0.992876 1.003166 1.004490 1.001051 0.996471 1.009998 1.000795 1.001622 1.005414 0.993779 0.986585 1.000184 0.996620 0.998161 1.005223 0.995614 0.997160 1.000572 1.008704 0.999304 0.997806 0.996596 1.000628 1.005823 1.009760 1.002075 1.000126 0.997313 1.009021 1.010312 1.007005 1.002227 1.006099 1.010351 0.999070 0.995684 1.006782 0.995299 0.997841 1.003608 1.001880 1.005197 0.996389 0.998379 0.994215 1.001106 0.997419 0.997662 1.005468 1.001026 1.001524 1.005558 1.002804 1.004044 1.004469 1.005849 0.997258 1.005490 0.988254 1.001198 1.004130 1.002421 0.996632 1.002306 1.007478 1.006583 0.994147 0.997376 1.006325 0.995809 0.996370 1.003296 1.000017 1.000080 0.997153 0.996806 1.002043 0.998923 1.004882 1.004114 0.999629 1.005015 1.005456 0.998097 0.997015 1.000723 1.011362 1.006654 1.001126 0.998536 1.002566 0.993472 1.002398 1.002681 0.995801 0.994730 1.000821 1.002232 1.001414 1.004327 0.993018 1.001766 1.002135 0.998055 1.004320 1.005435 0.993606 0.995516 0.999029 0.995398 0.999949 0.999169 1.003407 1.013043 1.001493 0.999599 1.000491 0.990190 0.995085 1.002692 1.001681 0.994887 0.998073 0.999672 1.001466 0.997379 0.997833 1.005420 1.007800 1.001031 0.993808 1.000829 1.000598 1.000204 1.000555 0.995400 1.005038 0.991992 1.000024 0.998607 1.006348 0.996027 0.994027 1.004233 0.993315 0.994032 1.003022 1.001413 0.997906 0.996731 1.004457 0.997583 0.995675 0.998977 1.005049 0.998533 0.994411 1.005364
0.996507 0.993271 1.002415 1.005170 1.004640 1.004329 1.012385 1.009356 0.997040 1.002529 1.000915 1.001527 0.999705 1.001580 0.987345 1.001341 1.000315 0.996672 0.996339 0.998372 0.994808 0.997742 1.003498 0.995694 0.994079 1.002232 0.995597 1.003935 1.007485 1.000671 1.002403 1.008269 0.999986 0.994460 1.006382 1.006157 1.007491 0.997403 0.992700 0.988956 0.999628 0.991393 0.993053 0.994077 0.997361 1.000545 1.003447 1.008252 0.998071 0.996619 1.001250 1.004818 1.010165 0.994756 1.005319 1.005673 1.012277 0.998403 1.001491 0.999400 1.004218 1.000646 1.009364 1.003191 1.001573 1.003391 1.000294 1.001028 0.999522 1.000750 0.997453 0.996071 1.002392 1.002030 1.001201 0.995740 0.999384 0.998814 1.004622 0.997593 1.001946 1.000430 1.001795 1.001879 1.000023 0.999109 0.993036 1.002080 1.007226 1.012280 0.998872 1.001500 0.994613 0.998750 1.003718 1.003174 0.994989 0.999354 0.998728 1.003663 0.998411 0.997934 0.995245 0.992804 0.995701 1.001646 1.000304 1.000949 1.007126 1.001673 1.003296 1.002469 1.002756 0.997018 1.000334 0.993416 1.004115 1.009924 0.997938 0.996776 1.000595 0.993478 0.997776 0.991855 1.002447 0.994647 0.996084 0.997161 1.002262 0.999836 1.003452 1.003590 0.997405 0.998600 0.994281 1.000584 1.000572 1.000278 1.003447 0.992087 1.000437 0.990062 0.987475 0.999556 1.001826 1.005487 1.002466 0.992483 0.994684 0.993365 1.001977 0.998727 1.000075 1.000766 1.001546 0.997487 0.998310 0.997615 0.999139 1.004000 1.003928 1.007752 1.011590 1.004388 0.996288 0.992783 1.006309 0.997326 1.005557 1.000347 0.993308 0.995688 1.006413 1.001356 1.000460 1.000251 0.994454 1.001703 0.998909 1.002324 0.994567 1.003304 1.002940 0.999602 0.998423 1.003035 1.000000 0.998646 0.995526 1.001589
0.995154 0.999560 1.001266 0.994899 0.996972 0.994325 0.994793 1.000796 0.996381 0.994667 0.999591 0.994373 1.000534 1.001497 1.001721 1.007274 0.987156 0.994360 0.993127 0.997276 1.000127 1.005522 1.000317 0.996362 1.003226 1.002969 1.001654 0.993002 1.000263 1.000939 0.997744 1.002813 1.001984 0.995618 0.995338 1.000584 0.996214 1.000777 0.998963 0.995422 0.995730 0.996130 0.999407 0.999701 1.002337 0.993669 0.994436 1.002762 0.999755 0.988872 0.992738 1.004283 1.004599 1.000192 1.001893 1.008672 1.005396 0.999621 0.999768 0.997334 0.997759 1.005214 1.001121 1.002527 1.000748 1.004874 1.006542 0.999217 1.000745 0.993717 1.000721 0.995472 0.998845 0.994291 0.998847 0.995494 1.006843 1.006564 1.003184 1.005227 1.002812 0.996308 1.001477 0.993295 1.001234 1.000828 1.002400 1.000597 0.986889 1.001161 1.001329 0.996057 0.995744 0.995282 0.997645 0.992009 0.999142 0.995163 1.003816 1.002379 0.999161 1.000397 0.994526 0.994502 0.999026 1.000225 0.996154 0.996965 1.000057 0.992534 0.992156 0.998219 1.003582 0.996164 0.990136 0.991590 0.997884 1.003240 0.999315 0.997329 1.002731 0.992459 0.993198 1.005132 1.004165 0.997136 0.997295 1.000409 1.000171 0.995015 0.996618 0.999352 0.999888 0.995365 0.993853 0.995601 0.999544 0.998998 1.000093 0.996034 0.999549 0.996820 1.003354 0.995157 0.994988 1.009385 1.004045 1.000627 0.997625 0.993564 0.992375 1.004307 0.999998 0.997275 1.002778 0.999487 1.004705 0.992642 0.997114 0.997625 0.999872 1.003204 1.001070 0.997344 0.992407 0.990625 0.996239 0.992486 0.995824 0.994112 1.001120 1.001332 0.998434 1.004664 1.005945 1.005085 1.004685 1.008835 1.001074 1.001546 0.994336 0.994317 0.998249 0.999371 1.002860 1.005389 0.996288 0.988324 1.004733 1.000167
1.001277 0.998773 1.002901 0.993192 0.997497 0.997939 1.007130 0.998491 0.999580 1.008154 1.001181 1.007839 1.001788 0.998231 1.002686 0.998877 0.991873 0.993563 0.995168 0.996044 0.994979 1.001681 1.002203 0.993620 1.004559 1.001675 1.002372 0.998121 1.003428 1.006046 0.998396 0.997731 1.003602 0.988334 0.994992 1.004514 0.999998 1.004381 0.998405 0.999719 0.999781 0.997527 0.991999 0.994224 0.991770 0.998975 1.006354 1.006047 1.002652 0.999585 0.991742 0.999309 0.999845 1.004602 1.004380 1.000611 1.007345 1.001254 1.004737 1.001189 0.996819 0.998898 1.004924 1.005183 1.009918 0.999938 0.995601 1.003391 1.001506 1.002862 1.002541 1.001281 1.001755 0.999542 0.998194 1.004362 0.999607 0.993133 0.995052 0.996743 0.995548 0.997267 0.998729 0.998375 0.999391 1.001888 0.994422 0.994761 0.997171 0.993931 0.994744 0.992851 0.999717 1.001934 1.009599 1.006861 1.000880 0.997601 1.002796 1.001490 1.001566 0.999330 0.998332 0.997187 0.992954 0.997636 1.005502 0.998553 1.000057 0.995415 0.997653 1.001982 1.002356 0.999960 0.996249 0.990783 0.995006 1.001611 0.994176 1.006322 0.992357 0.995244 0.997076 0.993540 0.996027 1.001494 0.998298 1.001325 1.003903 1.001868 0.996314 1.004702 1.001376 1.000266 1.001061 1.003526 0.999464 0.993513 1.001353 1.005846 0.997418 0.995443 1.009351 1.002289 1.004610 0.998752 1.003299 0.997412 0.994559 0.995476 0.989901 0.995631 0.997601 0.999909 1.003578 1.000000 0.997467 0.997743 0.999406 0.990128 0.999924 1.008198 0.998117 0.991178 0.993413 0.993923 0.999878 0.994506 0.997784 0.996811 0.994280 0.996284 0.997494 0.999505 1.005866 1.002756 0.998032 0.999683 1.000424 1.004030 0.994895 1.001539 0.999626 0.996461 1.002754 1.006184 1.002162 1.000854 0.993423 1.001629
0.994031 1.000465 0.995529 1.003388 0.995198 0.990400 1.007782 0.997689 0.994388 1.000693 0.996575 0.994830 1.000637 1.000761 0.995171 0.997165 1.001354 0.998544 1.007795 1.004478 0.994440 0.993469 1.005157 1.000232 0.998241 1.000276 1.005016 0.998569 1.003189 1.006514 0.998473 0.999124 0.993911 0.997441 0.994713 0.992678 0.999270 1.009796 0.994369 1.004161 1.007578 0.999358 0.998802 1.007109 1.004755 1.000325 0.995133 0.991108 0.999210 1.003160 1.000307 1.015479 0.998651 1.002482 0.992025 1.002952 1.010269 1.000429 0.991368 1.005811 0.995517 0.991567 1.006469 1.001351 1.006289 1.005821 1.002924 0.998756 0.999662 1.001999 1.003328 1.000505 1.000275 1.006523 1.001285 0.992987 0.998457 1.012616 1.008333 1.001372 0.994809 0.995448 0.999708 1.000147 0.992276 1.003940 0.995920 1.006692 0.995332 0.997873 1.004189 0.995202 1.002812 0.998826 1.004892 1.000845 0.997344 0.998287 0.988204 0.991842 1.002745 1.002393 1.000940 0.995243 0.994552 1.000661 1.000396 1.006242 1.003281 1.000606 1.000198 1.001298 0.994531 1.005381 1.002758 0.996867 1.005192 0.994328 0.995286 0.999406 0.998532 0.997898 0.991665 0.992368 0.996460 1.004600 1.003226 0.997105 0.993580 0.997795 1.005220 0.997276 1.003727 1.004877 0.998782 0.997046 1.001508 1.001221 0.997862 1.000655 0.995599 0.995935 1.011412 0.999451 1.001472 0.996557 0.995371 0.998002 0.998326 1.002610 1.000962 1.000337 1.001057 0.999051 1.000854 1.004203 1.002122 1.000931 0.995935 0.995433 0.998590 1.003465 0.995332 1.004035 1.004027 0.993116 1.007381 1.004212 1.003689 0.992334 0.997699 1.002160 0.999035 1.007716 1.002995 1.000220 0.999943 1.003439 1.001464 0.999837 1.003097 1.002953 0.996602 0.993502 1.004348 0.997532 0.992102 0.997761 0.998974 0.999394
0.999766 1.003352 0.992208 1.000007 0.992950 0.997404 0.993316 0.997815 1.000251 1.011383 1.008732 1.000315 1.002669 1.002217 1.001449 1.008183 1.003275 1.003021 1.003239 0.996690 1.001272 0.992899 1.000256 1.003606 0.997711 0.996129 0.997680 1.000853 1.000569 1.002669 1.001803 1.008111 1.007245 0.994637 0.995774 0.997527 1.003074 0.998788 1.006524 0.998977 1.000191 0.998004 0.999788 1.001357 1.001291 0.995017 1.003728 1.003136 0.998079 1.000537 1.005264 1.009352 1.000493 1.003615 0.995050 1.000048 1.006125 1.002484 1.010735 1.005193 1.004842 0.999819 1.000776 0.995917 1.004409 0.998750 1.000656 0.997305 1.000190 1.004071 0.999678 0.992367 0.997456 1.007932 1.002431 1.002224 1.005702 0.999261 0.992113 0.999092 0.998388 0.994219 1.003359 1.000517 0.996443 1.000714 0.995863 0.998573 1.004091 0.996501 1.001026 0.997021 0.995840 0.990595 1.005979 1.000399 0.995991 1.001973 0.998369 1.001462 1.004410 1.013608 0.994945 0.998953 1.000960 1.001338 0.998083 1.001820 1.003974 1.004327 0.998665 0.994334 0.996472 1.005849 1.000249 0.989305 1.003068 1.002652 0.995305 1.001847 1.001701 0.995494 0.998045 0.989552 0.994450 0.994060 1.000862 0.995878 0.997180 1.005337 1.004756 0.996971 0.998858 1.000184 0.992503 1.011845 1.007256 1.006793 1.003549 1.008375 1.004929 0.995289 1.005439 1.008196 1.000970 0.997479 0.999449 1.001471 1.002233 1.001015 1.011106 1.002628 1.005684 0.996765 0.992773 1.001923 1.003156 0.993229 0.997634 0.995310 0.998295 0.999659 0.999509 0.998131 1.004102 0.998299 0.999245 0.994590 1.002161 1.002933 0.994787 0.999191 1.001227 1.003329 1.000318 1.002255 0.999323 0.996555 1.000630 0.996910 0.999635 1.002486 0.994293 1.006726 1.000099 0.993994 0.997587 0.994108 1.002608 0.994119
0.996594 0.997001 0.998664 0.999075 1.004302 1.004527 1.000044 0.997559 1.006780 0.999533 0.997987 1.000793 1.001967 0.995976 0.995554 0.997982 0.997593 1.001400 0.994110 0.999686 0.989122 0.999731 0.996539 0.998601 1.005254 1.008967 1.001971 1.005354 1.001961 1.001092 0.997433 0.996235 0.997364 0.998334 1.005603 0.993422 0.995745 0.998259 0.998198 0.993103 1.004755 1.003103 0.995805 1.002973 1.009494 0.996208 1.001896 1.001278 0.998170 0.998422 0.999209 0.997474 1.000992 1.000200 1.003863 0.999250 1.009696 1.001303 1.005309 1.000903 1.004766 1.001144 1.005197 0.998653 1.002272 1.001064 1.002576 0.996663 1.007017 1.000021 0.998023 0.997121 0.985549 0.999722 0.997474 1.002801 0.998160 0.997824 1.003719 1.001875 1.000753 0.991241 1.002137 0.996489 1.002771 1.006262 0.999915 0.994789 0.995088 1.001046 1.002760 0.995789 0.991737 0.996077 0.998245 0.995617 0.997636 0.994933 0.998246 1.001090 0.999189 1.000570 1.003735 0.995599 0.992898 0.996131 0.996989 1.000347 1.000259 0.998517 0.999907 1.001948 0.995706 1.004859 1.006605 0.996667 0.999541 1.003558 1.005217 0.997427 0.994199 0.999213 0.998859 0.993766 1.000639 0.998277 1.005420 1.004324 0.997559 0.999692 0.998666 0.998671 1.003650 0.996609 1.005120 1.000577 1.013694 1.003709 1.007203 1.003682 1.001007 0.994935 1.006263 1.001805 1.000383 1.003004 1.000209 1.006572 0.999626 1.002572 1.004249 1.000828 0.994107 1.004338 1.007085 1.002829 1.009782 0.999494 1.001979 1.002358 1.004136 1.002287 0.999746 0.999374 1.003914 0.995469 1.004670 0.998277 1.002500 0.997642 1.001253 0.996749 0.995730 1.002762 1.005119 0.997675 1.001908 1.001800 0.995605 0.988208 0.997967 0.999061 0.999703 1.001212 0.996878 1.000164 1.003086 1.003537 1.001162 1.008140
0.994265 0.995972 1.001123 1.004572 0.998746 1.003237 1.000051 1.004813 0.995574 0.996827 0.994656 0.989110 0.986635 0.999192 0.993903 0.995773 1.001108 1.003340 1.001371 0.998375 0.999314 1.001498 0.998995 0.997895 0.998768 0.999367 1.007327 1.003895 1.002721 1.000506 1.000199 0.993288 0.995433 1.000459 1.000184 1.001684 0.997183 0.995079 0.994429 0.999927 0.992606 1.003519 0.996807 0.993393 1.002816 0.998187 0.995770 1.000704 1.009423 0.998565 1.001189 1.000272 0.998007 0.999867 1.006403 0.994081 1.004053 1.002242 0.999626 0.993963 0.994051 1.003781 1.001674 0.994452 0.995295 1.000421 0.998733 1.007710 0.996798 0.998754 0.999083 0.997983 0.991731 1.012450 0.994917 1.006804 1.001660 1.001481 0.998193 0.994609 0.997877 1.005076 1.001607 1.001912 0.999045 0.997534 1.001657 0.993571 1.006557 0.999410 0.992540 1.000933 0.992897 1.001613 1.000466 0.995665 1.000745 1.002795 0.992871 1.003770 0.997698 0.998724 1.001997 1.003944 1.005555 1.004423 0.996546 0.999541 1.001312 0.996748 1.002559 0.994422 0.992477 0.994657 1.000550 0.996604 0.999494 1.004969 0.999604 0.990339 1.001623 0.993852 0.999811 0.996438 0.991984 1.004883 1.003597 1.004164 0.999846 0.999338 0.994518 0.998749 1.002064 0.997766 1.005582 0.999133 1.003824 1.007685 1.001206 0.999687 0.995041 1.002488 0.998053 1.000551 0.999104 0.993856 1.003755 1.006065 0.996291 0.992558 1.007331 0.999563 0.999737 0.996214 0.997708 0.995110 1.003172 1.007554 0.999006 0.997679 1.000326 1.000932 0.998327 0.998403 1.002218 0.996480 1.000537 0.998371 1.000040 0.999505 0.995799 1.004279 0.998291 1.004189 1.009301 0.999818 0.998552 0.998770 0.999993 0.995476 1.004155 1.001687 1.012782 1.003667 1.001421 0.996342 1.003531 1.004167 0.996000 0.990469
0.998725 0.997240 1.001476 0.999966 0.998124 1.003548 1.004111 1.004136 1.004663 1.003926 1.007871 1.006567 0.990094 0.996043 1.000523 0.990897 1.002038 1.001644 0.998636 0.994399 0.995436 0.999927 0.996082 1.001616 1.005001 1.000297 0.999029 0.997556 0.999150 1.001581 0.998103 0.998431 1.003234 1.008484 0.995053 0.999038 0.996246 1.002952 1.000434 1.006116 0.995932 1.003354 0.995678 0.999181 1.000722 1.002313 1.000209 1.009200 1.009488 1.004125 1.000957 0.993657 0.994352 0.988168 1.004170 1.005473 0.997065 0.997704 0.993702 1.002153 0.997690 1.002644 0.999764 0.995573 0.999330 0.997850 1.005154 1.008976 1.000556 1.002309 1.000355 0.991709 0.996086 0.999594 1.001531 1.000970 0.995990 1.004197 0.996772 1.001788 0.999303 1.005430 0.996580 1.003759 1.004121 1.001656 1.001724 1.001044 1.012023 1.001775 1.001849 1.000658 0.998671 1.003657 1.002241 1.004244 1.015108 1.009358 1.010047 1.007436 0.996349 1.006075 1.008891 1.011951 1.002572 1.000466 1.006066 0.996443 1.005528 0.997687 1.000024 0.997575 0.994483 0.997806 0.994818 0.999982 1.006427 1.003572 1.000742 1.000715 1.000744 1.004833 1.003413 1.000703 0.996893 1.000716 0.995556 0.995592 0.997812 1.004404 1.001562 1.000178 0.991818 0.997033 0.999915 0.999534 0.994633 1.000863 0.999614 1.001169 0.998761 0.998895 0.996332 1.000225 1.005007 0.994535 1.000881 0.996107 1.002452 1.005108 1.002894 1.002891 1.004489 0.994505 0.998003 0.997084 1.005826 0.999237 0.998751 1.005148 0.997156 1.007873 1.001075 1.003390 0.999764 0.996537 0.995607 1.008442 1.000005 0.999591 1.005407 1.002302 0.994833 0.993867 0.997323 1.003626 1.000005 0.996701 1.008865 0.996520 1.003148 1.004084 1.002427 0.996854 1.004212 0.994005 1.000311 1.006520 0.993979 1.001683
0.997673 0.995155 1.008848 1.003156 1.002821 0.992744 1.002012 1.004467 1.005827 1.001733 1.005057 1.000446 0.989146 1.002101 1.004401 0.998061 1.002707 1.002057 1.003208 1.002778 0.998740 1.009577 1.011099 0.999380 1.000223 0.997549 0.996642 1.004062 1.003984 0.999801 0.991243 0.995175 1.002478 1.002108 0.997805 1.003275 1.007970 0.999167 0.991410 0.992443 0.999729 0.999005 0.990785 0.999551 0.994977 0.998076 0.997473 0.997728 0.996863 1.000093 0.996998 1.000416 1.000186 0.988263 0.996435 0.995560 0.999914 1.000906 1.001472 1.002189 1.002831 0.996047 1.007005 1.002107 1.000625 0.994767 1.003426 1.008440 1.001319 0.995957 0.999689 0.997189 0.988115 0.999482 0.997451 1.003492 0.998755 0.996394 1.005369 0.994743 0.998945 1.006158 0.998001 1.001264 0.998936 1.003835 0.999175 1.005311 1.005702 0.999206 1.010313 1.023383 1.024646 1.024623 1.030885 1.037625 1.061718 1.077292 1.076274 1.073636 1.059538 1.050767 1.027816 1.026251 1.013272 1.012265 1.015787 1.013581 0.998780 1.000267 1.000082 1.008179 1.004964 0.998664 0.990969 0.998836 1.007403 1.002120 0.994121 0.995814 0.994258 1.006089 1.004884 0.997014 1.001851 0.996227 1.000460 0.997900 1.002956 0.998833 0.998902 1.000315 0.989058 0.999232 1.002340 0.998835 1.007247 1.003287 1.006558 0.996640 0.994469 0.998878 0.999562 0.998621 0.999542 0.992184 0.999546 0.998489 1.004049 1.001371 0.995559 0.998207 1.006016 1.002594 0.998001 0.994820 1.003613 1.001107 0.997330 0.996434 1.006598 0.999469 0.998386 1.003571 1.004762 1.003216 0.999852 1.002048 1.008637 1.006974 0.999332 1.002797 0.997491 1.004962 0.997195 1.002493 0.995735 1.001290 0.994668 1.002568 1.006933 0.997473 1.000198 1.003242 0.998000 0.997528 0.997673 0.995958 0.995406 1.000536
1.003139 0.990588 0.999505 1.000399 0.996406 0.995059 0.996628 0.993114 0.996401 1.004367 0.996311 0.997684 0.994612 1.002661 0.999815 1.001509 0.994702 1.002223 0.997430 1.002122 0.999278 1.000944 1.006076 1.001912 0.999084 0.994794 0.998544 1.006170 0.999692 0.995409 0.998525 1.000833 1.002593 0.994578 1.002861 1.002411 0.998787 0.999970 1.005711 0.993744 1.002348 0.998121 0.993976 0.992378 0.997222 0.996477 1.000524 0.996685 0.996623 0.999624 0.994194 0.992443 0.995321 0.994728 0.991211 1.005896 1.009199 0.999465 1.008572 0.999645 1.004123 1.000517 1.005964 1.009759 0.989921 0.996089 1.000702 1.003199 1.002963 0.997326 1.006543 0.997328 1.001052 1.005063 0.995499 1.004208 0.999063 0.998871 1.007566 1.002807 0.998389 1.005565 1.000411 0.992890 1.005470 1.003715 1.017643 1.016598 1.030445 1.054854 1.106208 1.088780 1.050163 1.044529 1.027624 0.989544 0.973717 0.951892 0.955137 0.965430 0.977047 1.004147 1.020348 1.039150 1.064872 1.087902 1.117937 1.068689 1.023354 1.016805 1.011245 1.011080 1.004071 0.998032 0.999190 0.998888 0.997756 0.996932 0.989870 0.991522 0.995773 1.002827 0.999744 1.001777 0.994875 1.000620 0.993522 1.003793 1.005792 0.996712 0.998234 0.995014 0.996822 1.002039 0.999911 0.991557 0.997012 0.998148 0.996132 0.994821 1.002797 0.993577 0.992612 0.994266 0.998202 0.992501 0.999495 1.004118 0.995556 1.000416 0.999524 0.998737 0.994770 1.001405 0.995259 0.995767 1.004047 0.998721 0.996844 1.005415 0.999032 1.001786 1.005595 1.007590 1.011648 1.002510 1.002223 0.999373 0.997729 1.001580 1.000804 1.000271 1.006400 1.006773 1.003045 0.994158 0.992348 1.002168 0.995626 1.000455 1.002798 1.004168 0.999464 1.004725 1.000859 0.993641 0.999394 1.001017 1.003487 0.999223
0.997108 1.000869 1.005602 0.996860 0.998995 0.995402 0.997483 1.001045 1.000357 1.006194 0.992683 0.998180 1.007576 1.003544 0.997211 1.001082 1.001152 1.001671 0.993460 1.008044 0.999065 1.002731 0.988373 1.000191 0.993814 1.004901 0.995014 1.005613 1.001031 0.990567 0.991997 1.009163 1.005851 1.000200 0.996341 1.002375 1.002402 1.002003 1.001789 0.995104 1.004345 0.999304 1.009867 1.001341 0.996248 1.008428 1.006708 1.002046 0.994538 1.002816 0.996319 0.995963 1.002449 0.998536 0.996352 0.998630 1.001101 0.997968 0.995211 0.996594 1.000368 1.008031 0.999201 1.002745 0.997950 0.994830 1.008005 0.994833 0.999453 1.007319 0.993879 0.999223 0.998600 0.993519 0.989469 1.001129 1.005745 0.998761 1.000104 0.998529 1.001963 0.999432 1.008696 1.007748 1.016805 1.030643 1.089638 1.094957 1.045348 0.995721 0.928505 0.921202 0.937497 0.942180 0.940215 0.946462 0.942620 0.941330 0.955001 0.947789 0.940343 0.944909 0.944540 0.944848 0.940770 0.927464 0.932476 0.991318 1.048348 1.097893 1.082436 1.030944 1.019004 1.008696 1.006132 1.010206 1.000143 1.003652 1.003895 0.998143 0.996242 0.995403 1.005242 1.004959 0.998930 1.001185 0.998009 1.001946 0.996502 1.005135 0.992695 0.999787 1.000986 0.998391 1.002787 1.007458 1.000740 0.999222 0.992272 1.002211 0.999757 1.004090 0.999600 0.999211 1.005212 0.999460 1.004706 0.998128 0.996017 0.997210 0.994653 1.006062 0.995602 0.994241 0.999698 1.001302 0.998336 1.002650 1.000134 1.003065 1.004877 1.000385 1.000564 0.991021 0.990752 0.993433 1.000683 1.001309 0.993173 0.993097 0.989855 0.996192 1.004114 0.997765 0.996666 1.001334 1.006504 0.999008 1.005962 1.009000 0.999892 0.998548 0.998736 0.996488 1.002915 0.997298 0.996023 1.004742 1.006394 1.005492
1.002623 0.999378 1.006047 1.009229 0.998407 1.001815 1.002604 0.998728 1.003366 1.003985 0.999353 0.999776 1.008465 1.001438 0.999578 1.010449 0.994953 0.997362 0.991436 0.999861 0.998251 1.003422 0.988669 0.993640 0.995781 1.004826 0.999103 1.006205 1.000915 0.993270 1.001984 0.999291 1.000148 1.002700 0.999117 1.005436 1.000438 1.000287 1.001242 1.011629 0.999039 0.999193 1.006699 0.999988 0.997009 0.999692 0.998485 0.997177 0.997227 0.995654 1.003907 0.999246 1.001046 1.002493 1.007572 1.002482 1.003138 0.999575 0.994573 0.997330 1.004623 0.999167 1.005865 1.000896 1.007068 1.003362 1.000411 0.995979 1.004817 1.003359 0.997765 0.998290 0.998849 0.999754 0.997038 1.000804 0.994795 0.998032 0.997499 0.996901 1.005181 1.005163 1.021572 1.060111 1.096625 1.041595 0.953404 0.931938 0.943754 0.945609 0.942439 0.940682 0.939659 0.942582 0.939966 0.933670 0.943380 0.943841 0.936081 0.943077 0.935724 0.941742 0.941654 0.941806 0.942333 0.930947 0.936364 0.935510 0.943267 0.942978 0.966791 1.034097 1.108345 1.055856 1.027373 1.010826 0.995651 1.005696 1.002762 1.003702 0.999267 0.997665 1.003742 1.003798 1.000352 0.994428 1.002822 0.995782 1.003211 0.997094 1.000433 1.002257 0.999450 0.991357 0.998559 0.993488 0.993266 1.010006 1.001769 0.999721 1.000702 1.001514 1.000618 1.007427 1.003942 1.004384 1.007239 1.000026 1.002639 0.999648 0.993209 1.000533 0.989794 1.003983 1.004377 1.007625 0.990974 0.993524 0.997910 0.998773 0.995796 0.993912 0.993640 0.993798 1.000895 0.996970 0.998385 0.999486 1.004558 1.002334 0.996338 1.005066 1.002377 0.996143 1.002239 0.999576 1.002284 0.996162 0.995532 0.996281 1.000791 1.002537 1.010445 0.995465 0.989221 1.000943 1.001951 1.003862 1.002578 1.005599
0.998957 1.002824 1.000147 1.003118 0.997123 0.994935 1.000469 0.999311 0.999572 0.998804 1.003346 0.994308 0.999301 1.003096 0.997768 0.999386 0.998598 1.004082 1.000916 0.999850 1.000657 0.996284 0.993427 0.995826 0.995083 0.999801 1.002118 0.993340 0.990827 0.995296 1.004931 0.998859 1.001900 1.004872 1.004162 1.003295 1.002774 1.002279 1.003159 1.006934 1.005259 1.002204 0.997757 0.995317 1.003040 0.998869 1.000215 0.999748 1.002283 0.997196 0.998253 1.000152 1.000033 0.999121 0.996113 0.997429 0.996319 1.002887 0.993370 0.996494 1.004585 0.996475 1.001487 0.997159 0.990273 0.996123 0.997791 0.999729 0.991859 1.002888 1.002234 1.003211 0.994342 0.999529 1.004455 1.006027 0.996083 0.996621 1.003861 1.010104 1.017925 1.066508 1.077509 1.001784 0.929170 0.941509 0.945212 0.949399 0.938197 0.947046 0.940367 0.933030 0.939866 0.944469 0.938900 0.943663 0.933601 0.945350 0.937216 0.927463 0.934472 0.939700 0.951025 0.947637 0.935193 0.936875 0.941527 0.946849 0.935068 0.941722 0.943609 0.936844 0.923027 1.004281 1.086655 1.072562 1.017561 1.014451 1.003565 0.991447 0.999326 1.007352 1.000978 0.996772 1.005353 0.997658 0.996580 0.996849 0.990556 0.996758 0.997114 1.004231 0.997054 0.998756 0.996759 1.001631 1.005414 1.007129 1.002434 0.997120 0.995920 1.002762 0.997128 1.003915 0.998352 1.000718 1.004331 0.998693 0.996642 1.001483 1.000932 1.004401 1.002033 1.000602 1.004713 1.001071 0.996704 0.997177 0.993781 0.993542 1.001186 0.997158 1.001218 0.987963 0.999578 1.004381 0.993829 1.000158 0.997316 1.003523 1.004625 1.000069 0.997654 0.998635 1.000416 0.996965 0.997421 1.004905 0.997069 0.999470 0.997142 1.001537 1.001589 1.003277 1.003819 1.004191 1.005992 1.003240 0.995829 1.002510
0.993959 0.996762 1.006184 1.009474 1.004297 0.997410 0.996477 1.001541 1.008136 1.004832 1.002249 1.000079 0.993184 0.998699 1.006724 0.992953 1.003714 1.001690 1.001960 1.003723 1.001878 1.000474 0.994872 0.998422 0.999336 0.996405 1.001264 0.998706 1.000373 0.997050 1.000749 0.996383 1.002212 0.994727 1.001933 0.998307 1.002355 0.996751 0.996970 0.999520 1.003410 0.998652 1.003998 0.996865 0.996769 0.997061 0.998436 1.004726 1.007000 1.004566 1.002431 0.998005 0.997985 0.994407 0.999287 0.999525 0.993697 1.003014 0.992459 0.997288 1.001638 0.991417 0.998782 0.993864 0.999322 0.999575 0.997295 0.995865 1.003997 0.998994 1.002521 1.008127 0.990752 0.999066 1.003820 1.005966 1.003075 1.000477 1.018088 1.065124 1.087034 0.989686 0.922118 0.933740 0.949118 0.948333 0.942190 0.938199 0.939960 0.940808 0.934580 0.938470 0.939674 0.941716 0.941834 0.934065 0.941203 0.935819 0.930422 0.936144 0.937227 0.937932 0.939946 0.940698 0.940751 0.943508 0.940804 0.941280 0.946229 0.947332 0.945083 0.942321 0.937233 0.939539 0.923274 0.994310 1.084285 1.054629 1.017907 1.005362 0.999266 0.998272 0.996090 1.003959 0.999290 1.000485 0.999082 1.001064 0.999154 0.997663 0.991732 1.000922 1.000658 1.003742 0.999767 0.993964 0.998448 0.997371 0.996898 1.001354 0.999418 0.994367 0.991758 0.994264 1.003775 1.003612 0.997491 1.000511 0.998062 1.000039 1.002687 1.002435 1.004660 1.007961 0.999532 0.997231 1.000164 0.996469 1.008642 0.997814 0.992075 1.001365 1.005990 1.002991 1.004176 1.000300 1.001024 0.998751 1.003085 1.005685 0.995323 1.001651 1.000319 1.001295 0.998002 0.999364 1.004086 1.003391 1.003452 0.999453 1.000642 0.997375 0.994485 1.000082 1.001923 1.005562 0.998328 0.992491 1.000020 0.989695
0.996154 0.998947 1.000651 0.991568 0.998020 0.995925 0.997054 0.999596 1.002079 1.003317 0.998541 1.004113 1.009385 1.003123 1.000208 1.004316 0.992772 0.994095 1.000780 0.999929 0.993073 1.000603 1.004445 1.005111 0.997809 1.002480 0.992615 1.001484 1.004155 1.008296 1.002999 0.999946 0.995533 0.990505 1.001739 0.998970 1.001403 0.997159 0.992703 0.998368 1.002296 1.000051 1.000156 0.999252 1.001458 0.997667 0.991746 0.996983 0.995127 0.999857 1.000925 0.997869 0.997731 0.999453 0.996358 0.996566 1.000745 1.002703 1.005121 0.998886 1.001397 1.007379 0.995767 0.995606 0.997728 1.000369 1.003989 1.001120 0.996828 1.001166 1.006640 0.996648 1.000046 1.007143 1.003086 1.002623 1.017127 1.026392 1.094164 1.011209 0.934283 0.937237 0.939632 0.945104 0.942258 0.938019 0.945970 0.937674 0.931006 0.937590 0.938641 0.935087 0.935251 0.930613 0.926098 0.933751 0.934758 0.931844 0.936585 0.931167 0.931111 0.933955 0.933260 0.934059 0.935707 0.934680 0.929949 0.937340 0.934072 0.940934 0.938463 0.950113 0.941070 0.945339 0.941676 0.940792 0.923280 1.003804 1.097078 1.035631 1.001387 1.003372 0.990455 0.996639 0.999085 1.005277 1.002672 1.001331 1.001383 1.004495 1.000493 0.997418 1.002288 0.996249 0.994555 1.002812 1.007169 0.998460 0.995524 0.998412 0.990050 0.993995 0.993579 0.993530 0.999264 0.998457 1.008021 1.001831 0.999866 0.998088 0.997913 1.000813 0.999059 0.997079 0.988021 1.002362 1.000455 0.994076 1.002845 1.003444 1.006648 1.003941 1.001607 0.996985 1.000398 0.998639 1.002723 0.995423 0.996447 1.001823 0.996632 0.993830 1.004431 1.001112 0.995659 1.004209 1.001227 1.004259 1.003822 1.002553 1.005400 1.001415 1.006371 1.000178 0.996167 0.989086 0.996240 0.995117 1.000281 0.993764
1.006875 0.997217 0.993477 0.994006 1.001970 0.994406 1.001689 1.006583 1.004409 1.004558 0.994263 0.991093 1.002880 1.001399 0.997362 1.000182 1.001374 0.998874 0.999794 0.996532 0.996741 1.000603 1.000365 1.005735 0.994673 1.002042 0.996912 1.006375 1.007657 1.003219 0.997243 1.001306 0.998476 1.003381 0.999079 1.005838 1.003233 0.995157 0.999947 0.995721 1.005338 0.996865 1.001045 0.995774 0.999611 1.005042 1.000723 1.001730 0.992379 1.002923 1.002104 1.003389 1.002672 1.003120 1.005513 1.010052 1.000815 1.000208 1.003654 0.995867 0.996040 0.997371 0.999610 1.001406 1.004049 1.000621 0.995544 0.997264 1.000577 1.001373 0.999614 0.995272 1.000528 1.005473 1.006311 1.018675 1.069440 1.061496 0.945344 0.928487 0.932434 0.938492 0.939929 0.947829 0.938169 0.928993 0.937601 0.938133 0.934115 0.933773 0.931453 0.933163 0.925929 0.925689 0.931280 0.934423 0.930702 0.926286 0.928399 0.920559 0.923552 0.924818 0.928926 0.927790 0.933722 0.931282 0.925518 0.922183 0.934932 0.930048 0.949762 0.940852 0.938514 0.950047 0.948307 0.942343 0.939956 0.933692 0.936083 1.068501 1.064377 1.017874 0.997620 1.006548 1.006880 1.001537 1.005604 0.998780 0.999189 0.997107 1.004842 1.002728 1.003615 0.995328 1.000865 0.996645 0.999750 0.996900 0.994353 1.000458 0.997803 0.995083 0.997589 1.001932 0.998143 0.996494 1.000143 0.995157 0.998983 0.996566 0.999838 1.013240 0.991505 1.003236 0.999721 0.998383 0.999039 0.994664 0.996169 0.995808 0.999060 1.003620 1.004987 0.994160 0.993594 1.002543 1.005720 1.001944 1.005392 0.993517 0.992526 0.997437 1.005161 1.001068 0.998261 0.998306 0.994848 0.996456 1.002718 0.996577 0.995418 1.005063 1.002553 0.997842 1.004508 0.997081 0.994979 0.993759 1.005580 1.006474
1.003941 1.000829 0.997019 1.004238 1.005237 1.000567 0.996618 0.994419 0.997143 0.996691 1.002936 0.996788 1.001905 0.996965 0.995897 0.994474 0.996493 0.998282 0.998669 0.999570 0.997150 1.001531 1.000476 1.001898 0.999745 0.990197 1.002099 1.008846 1.010408 1.004125 1.006977 0.991406 0.988055 0.992774 0.995413 0.992705 1.002602 0.997012 1.002367 0.998991 1.010785 1.004694 0.993707 0.994729 0.997480 1.004317 1.002367 1.001210 0.997678 1.001450 0.999240 1.006122 0.999086 1.002326 1.001815 1.002375 1.006019 1.004586 0.995243 0.997155 1.000567 1.000778 1.002892 1.002433 1.001193 1.000436 0.997315 0.998404 0.992695 0.994487 0.998788 1.002382 0.999281 1.001960 1.025018 1.087492 1.007908 0.948094 0.945973 0.941146 0.934278 0.938838 0.946033 0.934679 0.933192 0.933411 0.933051 0.928234 0.929185 0.931631 0.927897 0.928270 0.916676 0.923232 0.930287 0.927613 0.929105 0.921928 0.926878 0.923180 0.924400 0.921772 0.920282 0.915785 0.928863 0.926369 0.925380 0.929059 0.923536 0.931387 0.930621 0.940354 0.932513 0.943873 0.933047 0.934841 0.945195 0.938877 0.935283 0.930698 1.008982 1.094794 1.026703 1.007632 1.004441 1.002754 1.000805 1.004555 1.002998 1.000256 1.004223 1.007999 0.992148 0.995891 0.997267 1.001376 0.998039 0.993882 0.998130 1.001698 1.006913 0.995603 0.995486 1.000051 0.997631 1.001647 1.000018 0.994384 1.004197 0.998515 0.995641 0.996359 0.997770 0.997026 1.006299 0.996098 0.994628 1.006872 0.991395 0.993650 1.004843 1.000787 0.995773 0.998582 1.008656 1.000967 0.995158 0.994130 1.003710 1.001363 0.996310 0.994544 0.996123 0.999811 1.000681 1.004304 0.999914 0.996286 1.003081 0.999266 1.004173 0.994058 1.003422 1.001880 0.999245 0.994463 1.005726 1.002556 1.003588 1.005322
1.006871 1.003346 1.008242 0.996716 0.993901 1.001215 0.989675 0.995418 0.990156 1.000923 0.999985 1.001213 0.998460 1.000624 0.999204 0.995342 1.001915 0.997279 1.000031 1.004435 1.004005 1.000160 0.993837 0.995213 0.999051 1.004983 0.999887 0.999172 0.993974 1.000308 1.010203 0.996735 0.996896 0.995057 0.993165 0.996550 1.002863 1.000144 0.996940 0.997615 0.996996 0.989120 1.000653 1.005949 1.002308 1.001957 1.000960 1.000081 0.993740 1.001014 0.998920 0.996127 0.996502 0.996404 0.999076 1.005689 1.000079 1.002316 1.001696 0.995251 0.996358 1.004152 1.003546 1.002362 1.002469 1.001294 0.997255 1.002573 0.997652 0.996145 1.000306 0.999728 1.010212 1.039420 1.083966 0.971297 0.958926 0.944817 0.955469 0.950563 0.940321 0.937279 0.928437 0.931573 0.930453 0.932280 0.927408 0.923182 0.924861 0.920701 0.916094 0.919194 0.919821 0.921454 0.922446 0.918351 0.915490 0.916141 0.909398 0.913423 0.912634 0.914267 0.923281 0.915518 0.919845 0.920652 0.921246 0.921177 0.924087 0.932275 0.925304 0.924468 0.937037 0.933810 0.932905 0.936121 0.944215 0.946273 0.934413 0.932896 0.941419 0.965461 1.098722 1.027693 1.008008 0.998700 0.999983 0.997563 0.999980 1.000754 0.999716 1.009679 0.992751 1.000547 1.004298 1.002520 0.999433 0.994235 0.996952 1.002568 0.995241 0.998445 0.995340 1.004371 1.008010 1.004969 1.004748 0.998414 1.001662 0.997809 0.995688 0.997787 1.003341 1.003523 0.999282 0.994534 0.996639 1.008044 1.000054 0.996226 1.004224 1.000875 1.004873 1.004300 1.010133 1.000256 1.002297 0.998646 1.006893 0.993910 0.996313 1.000856 0.997919 0.994985 1.000562 1.001791 1.000875 1.002243 1.001524 0.992969 0.998566 0.990952 1.004811 1.006105 0.997693 0.999521 1.005461 0.993956 1.000499 1.001240
0.999389 0.998540 0.998083 0.996637 1.004586 1.004743 1.002282 0.996647 0.993248 0.992112 0.994336 0.992845 0.996531 1.005678 1.001669 0.996298 0.998219 1.007742 1.002502 1.001963 1.002962 1.004713 1.009956 0.997303 0.994090 1.001423 0.993977 0.996222 1.003596 1.000277 1.002430 1.001307 0.994579 0.995613 1.001784 0.998943 1.002516 0.990734 0.995664 0.998413 1.001046 0.998734 1.009675 0.998310 0.997766 1.001828 0.997353 1.004011 0.998859 0.998085 1.004743 1.001860 0.996901 0.998006 0.996057 1.006668 1.002122 1.002234 0.996260 0.995297 1.007715 1.002405 0.996484 0.994218 0.997145 1.001555 1.007275 0.996475 0.989949 1.004022 1.000567 1.006139 1.042013 1.079360 0.942856 0.935918 0.943660 0.938997 0.940402 0.936705 0.937933 0.930890 0.925116 0.919025 0.925854 0.927454 0.923963 0.917895 0.919484 0.922700 0.915698 0.918080 0.918898 0.910296 0.912225 0.910711 0.913103 0.904719 0.906188 0.910866 0.906628 0.915748 0.916481 0.913561 0.916214 0.920040 0.909672 0.923364 0.923572 0.924050 0.920388 0.918142 0.927143 0.928925 0.934363 0.931918 0.937729 0.941410 0.943277 0.943407 0.947694 0.941468 0.954987 1.077192 1.030467 1.005638 1.002908 0.996583 0.996309 1.003464 0.993740 1.002370 0.992764 0.994137 0.992222 1.001872 0.999080 0.997307 0.998154 0.995917 1.007194 0.998949 0.999955 0.987925 0.997777 1.002984 0.997309 0.999263 1.000879 0.994793 0.994507 1.000611 0.999902 1.008608 0.996472 0.995633 0.993084 1.000158 1.003465 1.006318 1.005852 0.999633 0.998075 0.997551 1.002006 1.000338 0.998137 1.002109 1.003370 1.005205 1.001951 0.999463 0.997133 1.005962 0.998241 1.003201 1.007374 1.001691 1.004310 1.001590 0.993368 0.999857 1.004949 0.995561 1.004742 0.996921 0.994114 0.999438 0.997165 0.994281
0.999722 0.998135 0.997407 0.990185 0.998984 0.993269 0.997352 0.999024 0.996876 0.994857 0.994282 0.996677 1.002382 0.997631 0.994332 1.004129 1.004409 0.998976 1.000731 0.999584 1.004554 0.999890 1.005564 1.004433 0.998569 1.003336 0.995902 1.001698 0.997189 0.999423 1.009617 1.002412 0.998674 1.002936 1.001324 0.999845 0.996840 1.000069 1.001514 1.003711 0.997370 0.994908 0.999966 0.996836 1.002345 0.999223 1.001791 0.998511 0.991875 0.996625 0.994068 0.997352 1.003782 0.993550 0.997894 1.008397 1.000224 0.995125 0.994883 0.996106 0.997164 1.004311 1.003226 0.998644 1.003191 0.999138 1.000287 0.993300 1.000362 1.002949 1.001931 1.045737 1.077841 0.927742 0.929297 0.939964 0.944472 0.937826 0.938225 0.926789 0.930475 0.928930 0.924259 0.925338 0.927209 0.912422 0.926358 0.914405 0.914681 0.912045 0.917348 0.913900 0.913646 0.911027 0.912781 0.915243 0.917063 0.907037 0.906680 0.906598 0.910361 0.910400 0.911617 0.912805 0.911285 0.918807 0.908373 0.914832 0.917310 0.919359 0.918249 0.914901 0.923466 0.926485 0.930018 0.928387 0.929010 0.939862 0.942917 0.947334 0.944810 0.935217 0.939834 0.948699 1.072700 1.046418 1.003214 0.997811 0.998555 0.994946 0.996625 0.997122 0.999449 1.004375 1.003516 1.001681 0.999021 0.994865 0.995335 0.997552 0.997113 0.997304 1.004563 1.001198 0.993905 1.001837 0.998182 0.997309 1.000104 1.000066 1.003014 1.000152 0.997367 1.004245 1.003957 1.000454 0.999918 1.008111 0.999251 0.993091 0.994225 1.001784 0.995860 0.995514 0.989692 0.999193 1.000451 1.005658 0.999970 1.000346 0.996928 0.995873 1.006726 1.003723 0.999494 1.012079 1.008004 1.000640 0.997953 0.994846 1.000482 1.004061 0.998662 1.002416 0.998761 0.995552 0.993028 0.997903 0.993594 0.999345
1.002132 1.000259 1.000437 1.001622 0.999109 1.001793 1.003715 1.005100 0.994424 0.998255 0.996108 0.999314 1.004992 0.994160 0.999617 0.996716 1.001016 1.001386 1.008536 0.998791 0.998364 0.993315 0.998921 0.998888 0.998840 1.003198 0.998378 1.008844 1.002314 1.005747 0.998820 0.999072 1.001743 0.995934 1.003550 1.003395 0.997388 1.004925 1.002151 1.006210 1.001053 1.000766 0.994977 0.984992 1.002434 0.994746 1.004312 1.002628 0.992117 0.999827 1.001786 0.998777 1.002066 1.000089 0.998472 1.005301 0.997182 0.995333 1.001027 0.999876 1.004368 1.003092 1.004975 1.001522 0.993804 1.003397 0.997431 0.998125 0.998099 1.007155 1.038086 1.069194 0.937216 0.923115 0.938442 0.941566 0.935876 0.944435 0.930844 0.927484 0.929242 0.928030 0.916868 0.916794 0.924556 0.923261 0.927482 0.915647 0.913922 0.911280 0.910018 0.910100 0.910959 0.901802 0.910135 0.908856 0.912069 0.907995 0.902267 0.906118 0.897201 0.907398 0.904640 0.907310 0.903914 0.906677 0.914154 0.921351 0.916419 0.916345 0.909872 0.909032 0.920471 0.915261 0.923544 0.923565 0.928141 0.930958 0.928319 0.940289 0.943254 0.948514 0.950890 0.935626 0.942642 1.066907 1.035758 1.001503 1.007802 1.003244 1.004284 0.994251 1.001261 1.003207 1.002679 0.999212 1.004040 0.996391 0.994886 1.000694 0.999396 0.999773 0.999817 0.997260 0.997565 0.992518 0.992827 0.996777 0.999113 1.000943 0.997744 1.001302 0.998639 0.999941 0.999429 1.000420 0.997283 1.005714 1.000088 1.004592 1.006708 1.004062 1.004326 1.006903 1.000672 1.003766 1.008918 0.994949 1.003959 1.000322 1.002264 0.994117 0.997523 0.999256 1.006002 1.004712 1.005015 0.995914 1.003035 0.998469 1.003934 0.998807 1.001449 1.003314 1.000725 0.999767 0.998544 0.994870 0.996589 1.003236
0.997283 1.005399 1.008235 1.000200 1.004700 1.005680 1.000353 1.002473 0.995724 0.996688 0.999694 1.002127 0.994103 0.995582 0.998109 1.003731 0.992686 1.003356 0.990851 0.995149 0.997161 0.996220 0.998202 0.997197 0.999942 0.996702 0.998962 1.000840 1.006976 1.001597 0.997529 0.998142 1.001543 0.994204 0.990075 1.008955 0.997399 0.999529 1.001491 1.004668 0.996671 1.006253 0.995685 0.992594 1.010092 1.007362 1.002385 1.004226 0.997814 0.994224 1.000407 1.008268 1.004143 1.004224 1.004092 0.998521 0.999711 1.004529 1.006449 0.995358 0.998084 1.003485 1.004545 0.998169 0.991772 0.997598 0.995669 0.999406 1.007528 1.029762 1.093385 0.946408 0.948079 0.941572 0.940983 0.944672 0.938296 0.938646 0.923980 0.926278 0.927912 0.909059 0.919131 0.915148 0.912105 0.914079 0.911164 0.913581 0.909495 0.907113 0.908163 0.906420 0.907685 0.907414 0.908288 0.908181 0.907185 0.905655 0.907179 0.901789 0.903051 0.906499 0.909506 0.915382 0.909103 0.905711 0.906001 0.913443 0.917023 0.916943 0.912872 0.913419 0.914695 0.909699 0.916000 0.921491 0.928468 0.926587 0.932178 0.939193 0.938521 0.936093 0.945735 0.949997 0.945449 0.935044 1.085854 1.026423 1.003471 0.995222 0.995107 0.999808 1.003476 0.997972 0.999840 0.992119 1.001518 1.003439 0.999529 0.992069 0.998472 0.999233 1.009971 0.994603 1.000282 1.001102 1.004155 0.996447 1.002348 1.004243 1.004368 0.992866 0.990152 1.003644 0.996087 1.005958 1.000317 1.000943 0.992816 0.990650 0.996998 0.991592 0.998337 1.005398 1.004341 0.997852 1.007829 0.998420 0.997656 0.995031 0.999348 1.002718 0.998218 0.997716 0.996534 1.000157 0.996215 0.993088 1.006769 1.004946 1.002597 1.008011 1.003139 1.002852 0.996553 0.997660 1.000981 0.993815 0.998276 0.993109
1.005604 0.993755 1.000964 0.990913 0.991620 0.999386 0.995456 1.001184 1.000601 0.993998 0.995934 1.000215 0.996415 1.001251 0.994407 1.001516 1.000940 0.993265 1.004897 1.001167 1.000693 1.000055 1.006581 0.996038 0.995858 0.997947 0.993783 0.997827 1.006774 0.993025 1.004641 0.994532 0.997456 0.996371 0.990518 0.997962 0.994253 0.996616 0.998918 1.006073 1.003337 0.997221 0.997018 0.989324 0.994565 0.998002 1.000904 0.999942 1.002875 0.993498 0.996894 1.008095 0.990921 0.996351 0.996525 1.003794 1.003229 0.996519 1.004284 1.006670 0.997827 0.996983 1.007236 1.002609 0.996816 1.001583 1.006106 1.008942 1.028692 1.087407 0.948287 0.943802 0.951135 0.946349 0.934383 0.927184 0.930377 0.927579 0.928204 0.922707 0.923005 0.916714 0.913623 0.912419 0.914776 0.909788 0.908924 0.900960 0.904654 0.898767 0.910492 0.907313 0.902630 0.904487 0.896411 0.894003 0.905284 0.902164 0.902220 0.902930 0.908246 0.899943 0.905407 0.910439 0.902561 0.907139 0.908852 0.904862 0.911760 0.911370 0.917970 0.907548 0.910165 0.916108 0.910086 0.921233 0.921624 0.923734 0.928396 0.932642 0.933240 0.935139 0.933911 0.941716 0.948174 0.940467 0.945790 1.098833 1.029040 1.003958 1.007944 1.006340 1.003833 1.006394 0.993021 0.993660 0.993889 1.007380 0.999196 0.995200 0.995085 0.999659 0.998476 0.990184 0.997113 0.993046 0.998897 0.999753 0.997581 0.994860 0.997395 0.998410 1.001478 0.996774 0.991492 0.998575 0.998708 0.993811 0.998281 0.998041 0.993365 1.001806 1.004163 0.998433 1.003284 0.996821 0.996951 0.996887 0.999195 0.994542 1.000571 1.007855 0.995331 0.997027 1.003304 1.003019 0.997645 0.994896 0.998438 0.997006 0.999955 1.005248 1.000025 1.007932 1.006046 1.007563 1.006702 1.001109 0.997002 0.996779
1.000847 0.998981 1.004285 1.001772 1.002444 0.997118 1.002306 1.007770 0.997116 0.997369 0.993980 0.997899 0.999835 1.000540 1.002013 1.003515 0.999503 0.996694 1.007592 1.003128 0.997458 1.002914 0.997149 1.000587 1.010768 1.002376 1.000469 0.990668 1.004505 1.000366 1.007402 1.004086 1.006012 1.000087 0.993057 0.992799 0.991454 0.998595 0.995533 0.996654 1.006137 0.994229 0.998316 0.997680 1.000796 1.001361 1.010884 1.000108 1.002963 1.002296 1.002172 1.006568 0.999709 1.000061 0.996035 0.999338 1.005974 1.000851 0.998131 1.004566 1.000758 1.002631 1.006868 1.004315 1.000447 0.995807 0.998922 1.015250 1.087863 0.958309 0.937446 0.945549 0.944352 0.931693 0.921671 0.934770 0.929049 0.918154 0.920082 0.918992 0.921773 0.910183 0.912838 0.918116 0.912388 0.912250 0.902162 0.905363 0.905723 0.903180 0.909053 0.906543 0.906154 0.903901 0.895698 0.889224 0.898586 0.891002 0.900340 0.902684 0.897398 0.897104 0.902154 0.898937 0.900057 0.904575 0.902845 0.902148 0.903800 0.902655 0.906867 0.913199 0.913385 0.912968 0.914936 0.903406 0.920011 0.923641 0.918656 0.925368 0.926559 0.934052 0.926765 0.933437 0.943552 0.945697 0.938198 0.957969 1.085651 1.014080 1.003675 0.995543 1.001680 0.999526 0.998196 1.000514 0.998811 1.008996 1.008799 0.996517 0.989843 0.998062 1.003718 1.000232 0.991892 0.999421 0.993441 1.002580 1.004932 0.991063 0.996202 1.005137 1.006917 0.997464 0.986805 0.995065 1.000065 0.998656 1.004838 0.995421 0.989414 1.008760 1.003798 0.997219 0.998465 0.992586 1.003925 0.990879 0.996687 0.999076 0.990927 1.000403 0.996804 1.002779 0.998836 0.996550 0.996532 0.996336 1.005778 0.996804 1.002611 1.006388 1.008022 1.000425 1.000687 1.002886 1.006245 0.998228 0.997097 0.995476
1.000860 0.995905 1.007187 1.000593 0.999151 1.000805 1.001782 1.006048 0.997438 0.998227 0.994957 0.999198 0.999313 0.996613 0.991967 0.994393 1.001887 1.001735 1.002202 1.010878 0.994354 0.996906 0.993885 0.998428 0.998150 1.002357 0.999374 0.995915 1.002711 1.002118 0.998179 0.998830 0.999140 1.005868 0.996139 0.995225 0.996732 0.999581 0.999736 1.002441 0.999382 1.006320 1.002326 0.995630 0.999012 1.000999 1.003626 1.006030 0.998657 0.991387 0.994836 0.997141 0.999526 0.998915 0.994612 0.995284 0.998328 1.001906 0.993340 1.001542 0.997055 0.997317 1.005648 1.001865 1.003197 1.001983 1.012957 1.075642 0.997787 0.937078 0.940483 0.952470 0.935853 0.942113 0.932498 0.926320 0.919641 0.917494 0.916037 0.921052 0.917142 0.915480 0.912205 0.913952 0.910251 0.902236 0.898364 0.893217 0.903684 0.897538 0.907703 0.904835 0.898887 0.903326 0.894474 0.902080 0.896091 0.899636 0.896108 0.892658 0.896456 0.896891 0.899661 0.895263 0.892355 0.901916 0.898949 0.904633 0.898294 0.904374 0.908556 0.908041 0.903486 0.909855 0.909030 0.906686 0.923670 0.915850 0.916258 0.924173 0.918857 0.924217 0.935557 0.938566 0.934424 0.945845 0.940546 0.935095 0.998236 1.065628 1.013400 1.003045 1.002805 0.996023 0.994606 0.997720 0.999945 1.003361 1.000313 1.005496 1.001501 1.002102 0.995949 1.003226 0.998424 0.999178 0.994120 1.002072 0.999546 0.998356 0.994684 0.996517 1.010489 0.999623 0.990834 0.998958 0.997380 0.994281 1.003715 0.999992 0.992456 1.003107 1.003945 0.996970 0.997207 0.998213 0.999098 1.003387 1.002870 0.995022 1.001663 1.001803 1.005187 1.007134 0.998209 0.999149 0.996219 0.996670 1.006798 0.999446 1.003229 1.003831 0.998148 0.995400 1.004405 0.997487 1.000691 1.006014 0.998627 0.999829
1.004032 1.005974 0.996074 1.004141 0.993563 1.007452 1.000607 1.005405 1.005226 0.998967 0.992755 0.993520 0.993291 0.997713 1.001302 1.002342 1.002694 1.007673 1.001518 1.004050 0.997428 0.999212 1.003852 1.006993 1.004586 1.001416 0.997795 1.001587 1.006072 1.002011 1.007904 0.998471 1.000673 0.998110 1.004990 0.998860 0.997739 1.005154 1.001634 0.992323 0.995970 0.996008 1.006014 0.998031 0.998767 1.002709 0.999010 1.001362 1.002376 0.999092 0.999989 0.997475 0.999574 0.996801 0.993356 0.998044 1.003236 1.000938 0.994494 1.001023 0.997533 1.001564 0.999640 0.996872 0.997295 1.003869 1.024162 1.064985 0.939369 0.943782 0.940686 0.937619 0.940859 0.938326 0.933924 0.921265 0.927188 0.917552 0.915547 0.907899 0.912667 0.906827 0.911003 0.901673 0.906013 0.905346 0.905182 0.901326 0.903628 0.894257 0.897756 0.902546 0.894252 0.895692 0.896055 0.893054 0.894640 0.896524 0.889863 0.894196 0.899599 0.886955 0.889819 0.894388 0.895080 0.891760 0.899298 0.897504 0.899022 0.899982 0.899012 0.903525 0.902586 0.909473 0.900633 0.916186 0.919064 0.914314 0.915687 0.915748 0.917349 0.925139 0.928175 0.929206 0.931468 0.930763 0.940470 0.936082 0.928808 1.059926 1.029528 1.007708 1.004088 1.007531 0.995401 0.991814 0.992527 1.001990 0.994824 0.997686 0.991535 1.003857 0.995229 0.996063 0.998838 0.998016 0.996572 0.999151 1.004893 1.001500 0.994935 0.990019 1.002138 0.996718 1.005660 0.992881 1.002502 0.994154 1.007971 1.001798 0.989924 1.004550 1.005515 1.002927 0.999194 0.993448 0.992104 0.998144 1.007233 0.992563 1.002085 0.996936 1.004488 1.000216 0.992480 0.992204 1.001186 0.998125 0.995836 0.997266 1.008379 0.997586 1.004561 0.995672 1.003100 0.991535 1.000479 0.997379 0.997300 1.002020
0.998306 0.997708 1.002765 1.001404 0.998306 1.003904 1.000331 1.002330 1.003667 0.995358 1.002418 0.997145 1.002407 1.007347 0.995922 0.999129 1.003367 0.999542 1.003927 0.996399 0.996033 1.003788 0.999899 1.000358 1.003910 0.995555 0.995554 1.005495 1.002049 1.003142 0.999547 0.998463 0.999586 0.994183 0.996773 0.999965 0.997300 0.997061 0.996696 0.995178 1.003755 0.999755 1.007412 1.002743 0.995302 0.990440 0.999479 0.996106 0.998270 1.003585 1.001009 1.004564 0.998241 1.000022 0.990854 0.997418 0.996747 1.005251 0.999673 1.006570 1.006949 1.008096 0.998449 1.001892 1.006116 1.018433 1.097119 0.946508 0.938142 0.946552 0.940604 0.938182 0.943076 0.930888 0.920349 0.921186 0.923840 0.921156 0.912532 0.914969 0.914375 0.901028 0.911168 0.901227 0.904395 0.905326 0.895471 0.902159 0.897297 0.896618 0.888756 0.897904 0.899432 0.898864 0.898798 0.896855 0.889967 0.896058 0.893150 0.893831 0.895218 0.892949 0.891831 0.886513 0.890695 0.889552 0.895358 0.904885 0.895848 0.893699 0.898447 0.903313 0.902874 0.904955 0.910017 0.912452 0.918042 0.907835 0.918362 0.914653 0.917344 0.931176 0.920204 0.927500 0.930064 0.942917 0.935705 0.941348 0.934908 0.939719 1.098918 1.025482 1.002074 0.999363 0.994622 1.002082 1.000229 1.003374 1.004017 0.994612 1.002787 1.008522 0.999871 0.996665 1.003525 1.007182 0.994602 0.996870 0.999451 0.997034 0.998165 0.996198 1.002758 0.996483 1.007331 1.001659 0.995814 0.998814 0.995577 0.998969 0.999256 1.002549 1.002819 1.002161 1.002101 0.999425 1.008109 0.997299 0.993981 0.994582 0.998513 0.998906 1.001130 0.998936 1.001647 0.999893 1.004299 1.002788 1.004713 1.002630 0.996475 0.996586 1.005182 0.999774 1.001035 1.001261 1.003928 0.995203 0.993456 0.998646
0.992750 1.001077 1.000611 1.003156 0.999613 0.999215 0.998977 0.991848 0.991892 1.001007 1.000038 1.002389 1.004959 1.001001 0.997480 0.998112 0.994821 1.007355 1.003493 0.989532 1.001966 1.008108 1.002620 1.000916 1.002788 1.001565 0.999114 1.007458 0.996373 1.005203 1.001966 1.003158 1.000762 0.999980 0.998576 1.001635 0.996699 1.000966 1.007129 1.014503 1.004911 0.992212 0.992365 0.990749 1.002729 1.001655 1.009237 0.998305 0.995916 1.003314 1.002418 1.003136 1.010433 0.999894 1.002215 1.007840 1.005934 0.997894 0.988042 1.003713 1.004347 1.001204 0.993667 1.003926 1.011163 1.057776 0.997587 0.949782 0.949486 0.946509 0.946809 0.937582 0.927750 0.927219 0.924392 0.915605 0.924929 0.915817 0.926631 0.906264 0.911214 0.911970 0.900930 0.897511 0.894647 0.900288 0.903034 0.892407 0.894397 0.895705 0.893074 0.891936 0.892232 0.896289 0.897434 0.898327 0.891667 0.886814 0.889593 0.893242 0.893913 0.889555 0.888907 0.883473 0.879661 0.883297 0.889764 0.894261 0.891153 0.896371 0.894757 0.904132 0.898761 0.901568 0.897095 0.905481 0.909895 0.900543 0.909695 0.917309 0.913805 0.924974 0.923460 0.925170 0.930572 0.936871 0.936157 0.940880 0.943395 0.932887 1.013345 1.063970 1.012014 1.003633 0.996539 0.993745 1.006443 1.002631 0.996979 0.998143 1.010165 1.000027 0.996764 0.995738 1.007102 0.998649 1.000830 0.997648 0.999237 1.001477 0.995758 0.994434 0.997789 1.000091 0.995020 0.999313 0.997595 1.004520 0.991963 1.005915 1.001250 1.000039 1.003116 1.003494 1.000934 0.999941 1.002432 0.998990 1.000526 1.000054 0.995079 0.994172 1.001610 0.997576 0.997129 1.003996 1.000637 0.993366 1.003342 1.000944 0.997530 0.995750 0.994185 0.998900 1.001332 1.003688 1.002125 1.001848 1.002802 1.003991
0.998636 0.994621 0.996622 0.996635 1.001069 1.003628 0.994956 0.991600 0.995596 1.003962 0.996754 1.000586 0.994111 0.998160 0.997334 0.994714 0.993699 1.000307 1.004764 0.993693 0.996614 1.001932 1.002452 0.995643 1.000583 1.010847 1.006202 0.997048 0.999193 0.999770 0.996636 1.003165 1.001535 0.998821 0.994219 1.005484 0.997151 0.999411 0.997180 1.005071 1.001067 0.995305 0.994938 0.997004 1.005452 0.997232 1.000027 1.006032 1.001982 1.003503 1.003815 1.001627 1.004727 0.999697 1.002001 1.011968 1.011994 1.011825 0.992828 0.994465 0.993994 1.006452 1.002635 1.002147 1.014267 1.089028 0.928140 0.938006 0.936438 0.941224 0.932944 0.935171 0.926757 0.932745 0.920956 0.919287 0.913249 0.907926 0.913540 0.901783 0.906870 0.904631 0.899002 0.897055 0.896011 0.907913 0.902448 0.891727 0.895086 0.894869 0.889696 0.885758 0.886546 0.888781 0.887805 0.883676 0.889534 0.889107 0.887098 0.887975 0.886380 0.880550 0.889159 0.885928 0.888939 0.894371 0.891214 0.887694 0.891636 0.893019 0.892328 0.890086 0.899525 0.905239 0.901829 0.904353 0.903641 0.906960 0.908007 0.911962 0.915212 0.919327 0.922516 0.927122 0.926879 0.926374 0.934165 0.930517 0.939500 0.931201 0.924562 1.096700 1.023273 1.001655 0.998471 0.994387 1.001924 0.995272 0.996659 0.997729 1.001149 1.000301 0.997454 0.996584 1.000003 0.998379 1.001118 0.999344 0.995474 0.993809 0.998264 0.999226 0.996342 1.003420 1.000642 0.999807 1.003927 0.993156 0.993257 1.000423 1.001451 1.003686 0.999442 1.000667 0.997308 1.006742 1.002466 0.995406 1.002065 0.999655 1.001367 0.998434 0.998808 1.001318 1.003764 1.000191 0.999216 1.005438 1.000721 0.998785 0.997601 0.996020 0.995472 1.000568 1.003616 1.000365 0.996730 0.999143 0.998486 1.002802
1.006198 1.005615 1.002635 1.003006 1.001940 1.004823 1.003003 0.993270 0.991614 0.996283 0.998274 0.999404 0.997374 0.990989 0.997061 1.002964 0.997398 0.997361 0.997589 1.000409 0.995371 0.995888 0.998413 1.003026 1.003739 1.000106 1.000014 0.998616 0.996081 1.000602 0.992981 1.000414 1.003218 1.003779 1.001527 0.999801 0.998108 1.004455 1.000746 0.999238 1.001232 1.002016 0.996250 1.000347 1.002128 1.008688 1.003420 1.002987 1.009485 0.999056 0.997578 0.999675 0.999021 1.001235 0.994172 0.999821 0.996569 1.003782 1.002209 1.002973 0.997815 1.009675 1.001093 1.004978 1.064869 0.990329 0.932149 0.935175 0.934038 0.938893 0.929516 0.919920 0.923540 0.923705 0.925664 0.918593 0.912181 0.905447 0.907658 0.910689 0.901191 0.897147 0.895870 0.900418 0.904656 0.900870 0.900040 0.891683 0.893764 0.890331 0.881065 0.884820 0.887987 0.884265 0.888739 0.883033 0.883418 0.890229 0.889937 0.886003 0.885857 0.886281 0.886958 0.892193 0.885286 0.885341 0.888012 0.879288 0.887873 0.889244 0.892006 0.895540 0.900550 0.901172 0.904973 0.906859 0.906219 0.904821 0.912690 0.915585 0.914529 0.915226 0.915987 0.922228 0.927506 0.927636 0.934821 0.938609 0.930096 0.943649 0.939955 0.992993 1.079348 1.012483 1.002719 0.999975 0.994370 1.004508 1.000817 1.001070 0.994427 0.996952 1.005427 0.999569 1.000320 1.005910 0.998693 0.994775 1.000177 0.998850 1.009504 1.002674 0.999058 1.003286 0.999331 0.995484 0.992993 0.998146 0.994389 0.996663 1.004021 1.007380 1.004537 1.003554 1.004394 0.997238 1.001480 0.998650 1.005944 0.997756 1.008281 0.993961 1.001801 0.996254 1.001291 0.997894 0.996050 0.997897 1.002942 0.997462 1.000345 1.000051 0.995218 0.998130 1.004446 0.999599 0.999802 0.996238 0.997606 0.996292
1.000226 1.000514 0.997931 1.007870 1.007695 1.002900 1.004326 0.998297 0.992832 0.999115 0.997946 1.004596 0.992703 0.996615 0.992853 0.999929 0.994479 0.987743 0.991972 1.000076 1.001298 1.002736 0.997015 0.998954 1.000379 0.987832 0.999628 0.998289 0.993519 1.000299 0.998045 1.007319 1.005431 1.000202 0.997286 0.997892 0.993542 1.005296 0.996472 0.998926 1.000630 1.001847 0.995506 1.001236 0.999626 1.006290 0.998340 1.003794 1.004430 0.998504 0.994826 0.998152 0.996215 0.999677 0.990179 1.002627 0.995542 0.999523 0.997615 1.008060 0.998361 0.999300 1.003003 1.018377 1.079093 0.925975 0.946663 0.944275 0.935011 0.934296 0.929886 0.928107 0.930823 0.919201 0.911960 0.914898 0.914938 0.910161 0.908484 0.908926 0.896686 0.898251 0.904744 0.894961 0.897579 0.903052 0.889848 0.896352 0.886876 0.892721 0.885962 0.894370 0.889992 0.887225 0.888581 0.883582 0.889446 0.892734 0.886243 0.881908 0.888886 0.888494 0.884360 0.884770 0.890753 0.887508 0.886425 0.886474 0.886697 0.888131 0.892081 0.889305 0.894535 0.899184 0.893619 0.899689 0.896310 0.904757 0.910365 0.916209 0.913828 0.911092 0.913124 0.924095 0.918143 0.926732 0.935134 0.938218 0.937085 0.939182 0.935503 0.929931 1.072547 1.020807 1.008320 1.002264 0.998575 1.004203 0.994459 0.994529 0.996861 0.998388 0.992616 0.997651 1.003007 1.000930 0.996262 0.997687 0.994275 0.997266 1.001359 1.000334 1.000276 1.001014 0.998138 1.001300 1.005808 0.997625 0.998780 1.000171 0.995436 0.998660 0.996089 1.000280 1.009061 1.004718 1.002887 0.993409 0.998889 1.001823 0.997275 0.998023 0.999636 0.999173 0.994662 0.995340 0.997890 1.001703 1.000776 1.002487 0.995740 0.991983 0.997967 1.005049 0.993721 1.001116 0.997708 0.999352 1.006941 0.999791
0.998854 1.003908 1.001561 1.002672 0.997704 0.992811 0.995424 1.002308 0.995998 1.003147 1.000275 0.997913 0.988222 0.996645 1.000529 1.005227 1.003114 1.000322 1.000387 0.995714 1.004614 1.000586 1.006045 1.010648 1.005530 1.008603 1.001713 0.998879 0.997199 1.004304 0.997638 1.011717 1.000303 0.998813 0.990318 0.996156 1.003423 0.996528 0.997127 1.004273 0.999877 1.005309 1.003678 1.005711 0.998121 1.001299 0.998205 0.993180 1.002635 0.996743 0.997452 0.994752 0.993898 0.994229 1.002283 0.999549 0.999248 1.001097 1.004673 1.004407 1.007773 1.008437 1.004626 1.060637 1.001805 0.939885 0.947732 0.932562 0.936659 0.936414 0.933798 0.932377 0.914731 0.919978 0.909708 0.905203 0.906670 0.903072 0.900995 0.898008 0.902361 0.891089 0.897426 0.900678 0.894048 0.900748 0.890171 0.891444 0.884640 0.888260 0.882239 0.891949 0.886656 0.884821 0.884611 0.887934 0.885777 0.884005 0.884520 0.877088 0.889540 0.885810 0.885735 0.884605 0.882827 0.887607 0.885889 0.889827 0.889232 0.885032 0.893165 0.893888 0.889665 0.898631 0.896320 0.902501 0.896903 0.902787 0.905065 0.904345 0.909146 0.912072 0.920082 0.925161 0.923151 0.917388 0.927903 0.940121 0.937506 0.941965 0.940232 0.934948 1.000282 1.059737 1.007799 0.998221 0.997693 1.006685 1.001094 1.005188 1.001053 0.994891 1.003409 1.003911 0.998474 1.003105 1.000164 0.996508 0.988683 0.991995 0.997487 1.001911 1.001555 1.008755 1.006149 1.000745 1.004250 1.000172 0.998327 1.008187 1.009910 0.996895 0.996158 1.001166 0.993012 0.998101 0.997114 1.001877 0.996114 1.003699 1.001530 1.003916 0.996899 1.003577 1.004422 0.997486 0.997888 1.006115 1.004539 1.003491 1.003712 0.997328 1.002127 0.998785 1.000910 0.998509 0.996621 0.990181 0.998864 0.995403
0.991742 1.001852 0.999470 1.005668 0.999315 0.997782 0.994830 1.003126 1.005512 1.008281 0.995917 0.995557 1.000398 0.994648 0.992006 0.999029 1.001429 1.004882 1.001299 1.002366 0.993760 0.999632 1.000506 1.007434 1.002936 0.998480 0.998947 1.003819 0.990804 1.000424 0.998468 1.006087 0.998192 1.010405 1.004580 1.005387 1.000542 1.000478 0.994781 1.004602 0.997601 1.003613 1.009025 0.995784 1.002210 1.006418 1.000353 0.988997 0.997668 0.997868 1.000863 0.999717 1.007993 1.002270 0.999684 1.001130 1.002386 1.003358 1.003271 1.006687 1.009063 1.004812 1.008921 1.101890 0.934041 0.944699 0.941508 0.939597 0.942939 0.934299 0.925090 0.920289 0.921596 0.916277 0.913694 0.904711 0.906379 0.906951 0.908519 0.899740 0.893494 0.897999 0.889164 0.893633 0.882859 0.888222 0.890601 0.888221 0.881467 0.883430 0.890921 0.885476 0.884968 0.885900 0.883140 0.882372 0.878678 0.879242 0.884546 0.876369 0.875594 0.883872 0.877188 0.886383 0.885129 0.886772 0.877864 0.879131 0.889587 0.887381 0.887878 0.892008 0.890764 0.891658 0.895367 0.903654 0.901165 0.899074 0.902433 0.904350 0.905440 0.915778 0.918159 0.913968 0.925195 0.921468 0.921339 0.930481 0.931953 0.942837 0.949973 0.941825 0.926404 1.099110 1.011993 0.996696 0.998570 0.999748 1.002374 1.000180 0.997706 0.991749 1.002213 0.996502 0.998204 1.010142 1.008745 0.997352 0.996465 0.998651 0.994785 0.993315 0.997847 1.000047 1.006360 1.002983 1.004332 1.001415 1.004137 1.001879 1.000307 1.004410 1.000311 0.991404 0.992475 1.003057 0.999504 0.996577 1.001976 1.002970 0.994529 0.997920 0.995644 1.001554 1.005344 0.995766 0.990337 0.999494 0.996037 0.999879 0.998658 0.991857 0.996923 0.992485 0.998592 0.995775 0.997369 0.998880 0.999978 0.991380
0.996827 0.994394 0.996818 0.999110 1.002694 1.004017 0.997002 0.996488 0.997368 0.997774 0.997425 0.998670 0.998397 0.997464 0.994859 0.993979 0.997165 0.994224 0.994567 0.992850 1.008349 1.014765 0.997339 1.001260 1.000035 0.997649 1.006384 1.007128 0.997509 0.997175 1.001567 1.008084 0.994780 1.004233 1.002415 0.993886 1.003826 0.997542 0.995168 1.000917 1.006058 1.002719 0.998534 0.997306 1.000217 0.996050 0.999957 0.990774 0.997873 0.999359 0.997766 0.999056 1.003624 1.002426 1.002002 1.005023 0.999966 1.004722 0.993413 1.000107 1.006470 1.007528 1.033286 1.042336 0.933759 0.944047 0.947737 0.934769 0.931656 0.931903 0.924621 0.923123 0.918793 0.916317 0.906715 0.905852 0.899947 0.900357 0.898013 0.892008 0.893458 0.898882 0.892397 0.896403 0.889383 0.883803 0.882171 0.884427 0.884654 0.880002 0.888255 0.888416 0.881224 0.879761 0.884554 0.886565 0.880717 0.885871 0.877150 0.877823 0.883615 0.880716 0.875687 0.886112 0.886710 0.881565 0.887592 0.884164 0.893229 0.885126 0.882444 0.886342 0.891737 0.886906 0.896779 0.900048 0.901356 0.895129 0.889909 0.901121 0.900640 0.911105 0.920422 0.909875 0.919965 0.925710 0.925023 0.927225 0.934432 0.937813 0.944906 0.936296 0.943603 1.038247 1.018963 1.002086 0.993386 0.993435 0.990601 0.995063 0.996268 0.997761 1.000859 1.005334 0.999412 0.997228 1.008269 0.997177 1.003468 1.000878 1.001590 0.994768 0.999998 0.997998 1.002249 0.998635 1.002371 0.996099 1.001223 0.999184 1.001616 0.989752 0.998444 0.995970 1.001243 1.003620 0.998899 0.997942 1.000874 0.995438 1.006621 1.005382 0.997939 0.999583 0.995587 0.993638 1.000443 0.993878 0.995827 0.998504 0.998567 1.000362 1.003265 0.992658 1.000505 1.000124 0.998079 0.997252 0.996475 0.999812
0.997245 0.997126 0.997119 1.001552 1.002515 0.997615 1.007200 1.002842 1.003990 1.000726 0.996161 1.001053 0.995527 1.007120 0.993952 1.000028 0.997590 1.004197 1.000423 0.998801 0.997825 1.002537 0.996988 1.000977 1.001032 1.002986 0.996538 1.008090 0.998875 0.998512 1.001646 1.002162 0.999717 1.004256 0.999482 1.000831 0.997515 1.009855 0.997117 0.992865 0.996424 0.999400 1.001535 1.000698 1.001149 0.996417 0.997789 0.997308 1.005536 1.001670 1.005738 1.008513 1.000127 1.000335 1.005978 0.996391 1.005867 0.998033 0.992194 1.008637 1.003109 1.006741 1.086530 0.966311 0.934478 0.940900 0.937000 0.932051 0.935049 0.927876 0.917589 0.916943 0.915347 0.907532 0.904679 0.901950 0.903709 0.896775 0.901207 0.899241 0.899208 0.898089 0.894248 0.885108 0.889689 0.887495 0.888056 0.881435 0.880353 0.881586 0.885240 0.882491 0.882138 0.875749 0.881605 0.883205 0.877177 0.879504 0.870513 0.880426 0.874600 0.877780 0.882971 0.879348 0.882976 0.887919 0.884889 0.878300 0.889239 0.885096 0.886436 0.885597 0.887859 0.889790 0.887829 0.892753 0.898144 0.898035 0.901178 0.897428 0.903874 0.907103 0.910336 0.919800 0.920273 0.915930 0.918497 0.925241 0.930451 0.940122 0.943017 0.941991 0.946558 0.954893 1.084529 1.014214 1.004246 0.995414 0.998451 0.994908 0.996398 0.999443 1.007677 1.000489 0.995583 0.996362 1.002849 0.997965 0.995695 1.006385 0.998304 0.998364 0.999859 0.999172 0.997395 1.004690 1.000065 0.997227 1.000456 0.998979 0.998562 0.998769 0.997413 1.000624 1.002134 0.998875 1.008749 0.999725 1.002017 0.996873 1.002618 1.002972 0.995267 1.001951 1.001156 0.994985 0.994710 0.992769 1.002664 1.002089 0.999154 0.998829 0.995990 0.993395 1.003393 1.000717 0.991964 0.992573 0.993792 1.001471
0.998652 1.004352 1.001211 0.997100 1.001340 1.005179 1.002506 0.997254 0.998486 1.001439 0.995030 1.009682 1.002834 1.000313 0.998561 0.997034 0.998024 0.999444 0.995426 0.998860 0.998375 1.001168 0.988085 0.995381 1.000484 0.990659 0.996202 1.001673 1.008124 1.004960 1.006941 0.999104 0.993519 0.998217 0.994516 0.995049 0.993853 0.993243 1.004231 0.993295 1.000131 0.998398 1.002861 1.007326 0.992149 0.997398 0.997585 1.005447 0.998077 1.000004 1.001804 1.008958 1.000036 0.999296 0.997503 1.003306 0.989961 1.003626 0.989115 1.003820 1.009013 1.005877 1.088251 0.930750 0.934396 0.936589 0.932866 0.934122 0.924029 0.916634 0.916695 0.920181 0.908982 0.902886 0.900712 0.911380 0.910354 0.899819 0.898828 0.896244 0.900842 0.899347 0.893174 0.893001 0.891098 0.884044 0.878483 0.876786 0.877872 0.878082 0.880032 0.880498 0.883666 0.879306 0.877400 0.876133 0.885802 0.874098 0.879304 0.878322 0.882728 0.875443 0.881983 0.877932 0.885617 0.881971 0.889651 0.884786 0.887653 0.881165 0.890492 0.879502 0.882959 0.886493 0.890198 0.893790 0.897262 0.894509 0.899654 0.895182 0.904856 0.910132 0.912184 0.912172 0.908649 0.923404 0.920712 0.922807 0.923799 0.933766 0.939703 0.942670 0.945114 0.925791 1.079665 1.010452 0.999893 0.995009 1.003648 0.994475 0.997163 0.999284 0.996150 0.996734 0.998708 1.000885 1.002304 0.998540 0.993830 1.002551 1.006065 0.998430 0.993948 0.998581 0.994716 0.998029 0.995840 1.001914 0.997136 1.006667 0.999383 1.000963 1.002037 1.001123 0.997354 1.008114 1.005381 1.001090 1.001628 0.995386 1.003734 1.000967 0.999627 1.002509 0.998075 0.995547 1.001125 1.000122 1.004696 1.005815 0.997821 1.005032 1.001732 1.002487 1.002587 0.998244 0.993868 0.995206 1.002973 1.005030
0.998890 0.997673 0.998965 1.001727 1.000701 1.007694 1.000566 0.996915 0.995080 1.000520 0.996669 1.008916 1.009909 1.002583 0.997197 1.001004 1.002508 1.003776 0.995532 0.992824 0.996962 0.998128 1.002423 1.003189 0.999245 1.002505 0.995034 0.999767 0.996819 0.992966 1.003678 0.998523 0.995812 1.007510 1.000117 1.007612 1.000623 0.998164 1.005320 0.998422 1.002638 0.995075 1.008621 0.999484 1.009189 1.001024 0.995868 1.007339 0.991989 1.003183 1.007511 1.004861 1.000337 0.999149 1.002287 0.998412 1.000363 1.002671 0.998333 0.989418 1.005426 1.025530 1.043128 0.939329 0.934971 0.941220 0.930240 0.931557 0.933190 0.927826 0.921965 0.915670 0.915377 0.912014 0.905902 0.912694 0.901028 0.899712 0.892130 0.895276 0.901480 0.890535 0.896436 0.892140 0.896378 0.887162 0.876473 0.882344 0.883312 0.879147 0.878525 0.877661 0.881688 0.878257 0.877109 0.876827 0.882179 0.879166 0.879212 0.874307 0.880250 0.875811 0.882771 0.883678 0.877822 0.877991 0.882810 0.883949 0.880577 0.881928 0.883550 0.881535 0.891701 0.879943 0.889602 0.886499 0.893992 0.888448 0.898750 0.899447 0.900046 0.909247 0.912531 0.911366 0.915477 0.916676 0.915442 0.917697 0.923016 0.934612 0.936414 0.939900 0.942173 0.939365 1.057263 1.018090 0.997482 0.997263 0.993654 1.003983 1.001453 0.995442 0.989432 0.997248 0.998841 1.000167 1.004396 1.003020 1.003724 1.001507 0.997123 1.002780 1.006530 0.995517 1.004028 1.005267 1.003312 0.997635 1.002707 1.001610 1.001477 1.001059 1.004841 0.995929 0.995454 0.998680 0.990952 1.000004 0.993809 0.992810 0.992681 1.001975 0.993269 0.986911 0.993807 0.994057 0.994714 1.000306 0.993920 1.002528 1.006512 1.002707 1.001773 1.003862 0.996669 0.998650 0.998324 0.999242 0.998954 0.994127
1.004358 0.998211 1.000122 0.994371 0.996456 1.005024 1.001053 1.005174 0.998223 1.001224 1.004183 1.003425 0.997070 1.008234 0.994573 0.999592 0.991225 0.992197 0.994429 0.996441 0.992048 0.997021 1.001982 1.004640 1.001616 0.996838 0.999213 1.000768 1.005249 0.994965 0.993741 0.988356 0.986289 1.000180 0.999600 1.010256 1.003248 0.999632 0.998452 0.998819 0.995332 0.993559 1.002829 0.997863 1.003051 1.005395 1.002390 1.000016 0.995570 1.012607 1.000309 0.997913 1.002774 1.004664 0.998881 0.999263 1.008654 0.997087 0.990606 0.994911 1.008056 1.065232 0.983548 0.940050 0.934766 0.943540 0.940675 0.929204 0.921720 0.921236 0.921817 0.916297 0.911232 0.906754 0.910137 0.906594 0.908124 0.903357 0.899071 0.895071 0.893150 0.891655 0.893663 0.891124 0.883284 0.882766 0.881394 0.882766 0.883628 0.879726 0.882168 0.873885 0.876953 0.883780 0.885350 0.878560 0.878746 0.878078 0.882120 0.874619 0.878078 0.881584 0.882141 0.881454 0.880020 0.883304 0.881182 0.883980 0.875981 0.879594 0.882884 0.882497 0.879633 0.889757 0.900671 0.887612 0.889078 0.893218 0.899529 0.896112 0.902632 0.904124 0.906432 0.907762 0.910429 0.918221 0.916685 0.915079 0.925825 0.925341 0.940333 0.937338 0.942987 0.956968 1.006727 1.062294 1.004277 0.996408 1.002004 1.008505 0.996321 0.997996 1.000665 1.001578 1.005269 1.002901 1.005486 0.999079 0.997219 0.998298 0.999241 0.998109 1.000762 0.998875 1.005152 0.999736 1.001777 0.995134 1.002470 1.005221 1.001055 1.002374 1.003655 1.001750 0.996309 0.997716 0.998104 1.004552 1.002481 0.995454 0.992950 1.004002 0.999075 0.995626 1.000702 1.002244 1.000614 0.996670 0.998220 0.998986 0.997334 0.997985 0.999874 0.998098 0.998265 1.000121 1.005908 0.996827 0.999060 1.001301
0.999518 0.999996 0.996377 0.996007 0.993172 0.998432 0.995291 0.998319 1.002704 1.001501 1.010262 1.004590 0.999459 0.999647 1.004182 0.995793 0.996601 0.999488 1.004662 0.997364 1.000891 1.005623 1.000265 0.999045 1.000081 0.997388 1.001151 1.001202 0.998051 1.001221 0.990717 1.000447 0.996028 0.994407 0.994663 0.999905 1.000268 0.998080 0.999764 1.002223 0.995307 1.001545 0.998329 1.008248 1.003515 0.995968 0.990141 1.001419 0.999113 1.002787 0.990659 1.001593 1.005316 0.997565 0.996416 0.993772 1.003641 0.999994 0.999331 0.996278 1.014100 1.109111 0.914597 0.936457 0.944637 0.936981 0.940133 0.927773 0.932597 0.927894 0.919975 0.910907 0.911862 0.912145 0.898260 0.900576 0.906687 0.903891 0.902518 0.893524 0.892844 0.877841 0.884534 0.890577 0.889822 0.879373 0.882862 0.885920 0.879320 0.879902 0.876240 0.881044 0.877055 0.878411 0.877900 0.869327 0.879159 0.872074 0.878861 0.869849 0.880174 0.874443 0.871958 0.879162 0.880961 0.882275 0.878592 0.883058 0.883333 0.872880 0.881846 0.882196 0.883743 0.893496 0.894637 0.888078 0.898039 0.896050 0.896097 0.897623 0.895743 0.906215 0.909479 0.913530 0.911220 0.921131 0.915787 0.912509 0.920561 0.919042 0.931226 0.940224 0.932935 0.950009 0.924328 1.111599 1.016379 1.005897 1.008806 1.006322 1.003140 0.998227 1.004564 0.997861 1.000882 0.996869 0.999900 1.001691 1.005373 0.999287 1.006011 1.006591 1.001124 0.999061 1.003653 1.010910 1.003457 0.995176 0.986974 0.995014 0.999140 1.001496 1.000141 0.993800 0.995914 0.997660 1.001522 0.998190 1.006351 0.998840 0.998328 1.002044 1.001400 0.990022 0.991926 0.990739 0.994418 1.003278 0.997924 0.996678 0.993171 1.003702 1.000357 1.001930 0.990370 0.991869 1.007389 0.997724 1.005859 1.000802
1.001526 0.999972 1.004181 0.998275 0.995176 0.999666 1.002042 1.001235 0.994463 0.994904 1.000720 0.996574 1.003076 1.000674 1.005575 0.997608 1.004383 1.009054 1.005959 0.998677 1.004459 1.003850 1.001353 0.998834 0.996708 0.991261 0.996997 1.001817 0.993142 1.000075 1.000040 1.000207 0.991044 0.993341 0.993955 0.993322 1.006270 0.997485 1.005711 0.994579 0.996502 1.004975 0.993157 1.000503 1.000033 0.998977 0.993877 1.006222 0.998621 0.991817 0.985988 0.993341 0.995169 1.001192 1.000463 0.993393 0.999994 0.996452 1.002402 1.005556 1.017821 1.095742 0.930285 0.945288 0.936056 0.929094 0.933532 0.933881 0.925064 0.925966 0.914875 0.910699 0.911502 0.907131 0.900751 0.903866 0.896948 0.898969 0.889365 0.887489 0.885180 0.878523 0.887681 0.888663 0.886031 0.885248 0.886138 0.879821 0.877917 0.877264 0.879778 0.887437 0.875038 0.876007 0.871622 0.880937 0.882858 0.876821 0.882512 0.877521 0.875338 0.880207 0.876896 0.874847 0.876192 0.876577 0.878623 0.881500 0.886086 0.878095 0.889592 0.881767 0.881338 0.880120 0.888393 0.888990 0.892382 0.887073 0.889115 0.900732 0.897204 0.903458 0.903881 0.906154 0.907345 0.904407 0.910942 0.920991 0.922275 0.922902 0.929249 0.935943 0.934555 0.952576 0.929845 1.091012 1.005361 0.999507 0.999227 0.999829 1.004765 1.006039 1.002309 1.001698 1.000468 0.998884 0.997911 1.001092 0.997597 0.993785 0.996945 1.000878 1.003325 0.991262 0.992724 1.006665 1.000910 1.000188 1.002622 1.000658 1.000220 1.002995 0.999667 0.993818 0.993023 0.998901 0.992235 0.996975 0.999515 0.995027 0.997031 1.003785 1.005052 0.999360 0.994041 0.997766 0.999933 0.997253 1.003208 1.003274 0.996451 0.996691 1.002231 1.000167 1.002121 1.007350 0.999306 1.002472 0.997516 1.004923
1.002559 0.999336 0.998722 1.002787 1.004790 0.998562 0.994853 0.997346 0.989564 0.996486 0.998544 0.996872 0.993612 0.995429 0.998661 1.000388 0.999680 1.011433 1.004051 0.998383 0.992395 0.998672 0.998873 0.996077 0.993940 1.001866 1.006562 1.008390 0.996719 1.001737 0.993795 1.001678 0.996799 0.995561 0.994847 0.995643 1.007935 0.995938 0.999536 0.999901 1.000554 0.992874 0.993621 1.006488 0.998994 1.002735 0.998203 1.005034 0.997681 1.006497 1.003929 0.995271 1.003438 1.004813 0.995098 0.994759 0.995325 0.999626 1.000608 1.006417 1.020480 1.070638 0.919226 0.937858 0.939421 0.938864 0.935924 0.930554 0.927589 0.916608 0.914300 0.910010 0.904381 0.906034 0.905892 0.902476 0.898014 0.897010 0.886251 0.889911 0.893198 0.885858 0.889026 0.889088 0.882161 0.884216 0.895742 0.881970 0.875474 0.876889 0.881087 0.884818 0.882405 0.871687 0.870793 0.876189 0.878050 0.878579 0.875719 0.880532 0.878239 0.879621 0.876522 0.870251 0.878277 0.877546 0.877041 0.885701 0.888008 0.880533 0.886853 0.887082 0.881669 0.881231 0.888140 0.875299 0.888530 0.885143 0.887852 0.887684 0.905200 0.896050 0.901610 0.904174 0.906673 0.906396 0.909512 0.919976 0.926029 0.922074 0.927978 0.935028 0.946369 0.945727 0.938596 1.063264 1.011413 0.998479 1.005889 1.004335 0.995910 1.007219 1.001311 1.000482 0.997424 1.001289 1.003556 1.004607 0.996089 0.996908 0.990227 0.992237 0.996915 1.005356 1.000326 1.007237 1.007752 1.003471 0.994902 1.004361 1.007220 0.993571 1.005843 0.996943 0.993754 1.001272 0.997002 1.006815 0.988844 0.997394 1.006285 1.007921 1.004085 1.000523 0.995485 1.000055 1.002674 0.996565 1.000070 0.999822 0.998963 0.998329 1.001774 0.999926 1.001358 1.009125 1.001746 0.996104 1.002374 1.002812
0.995931 1.000079 0.991115 0.997960 0.998195 1.012931 1.005417 0.996191 1.004698 1.000227 0.995651 0.994352 1.002075 1.000218 1.006003 1.001068 0.997235 1.007043 1.000835 1.002060 0.996106 0.996023 1.002897 0.995027 1.004559 1.001593 1.000148 0.993792 0.998588 0.997937 0.997186 0.997299 1.003617 0.997120 0.998192 1.005044 0.998725 0.994173 1.005265 0.998630 1.002534 0.999663 0.994842 0.999704 0.998191 1.000158 0.992880 1.004803 0.998018 1.000732 1.006994 1.006910 1.005898 0.997772 1.000724 1.001060 0.997799 0.992630 0.996388 1.001614 1.024854 1.037896 0.937663 0.940019 0.942871 0.928411 0.926351 0.925928 0.917637 0.913527 0.917114 0.910329 0.908725 0.907261 0.898800 0.896547 0.902459 0.897640 0.893342 0.886113 0.891218 0.892863 0.891003 0.887430 0.881055 0.885295 0.890873 0.885459 0.873599 0.875517 0.876004 0.878922 0.878730 0.880424 0.865983 0.872101 0.874331 0.874702 0.877577 0.874787 0.873890 0.866990 0.878096 0.873180 0.874484 0.879148 0.874531 0.880668 0.880188 0.884831 0.880489 0.882606 0.873084 0.891261 0.886877 0.887398 0.889802 0.891236 0.896038 0.893930 0.894837 0.901694 0.907443 0.902506 0.908834 0.908152 0.914787 0.917597 0.928647 0.925421 0.923616 0.933638 0.942181 0.942804 0.945229 1.055714 1.022081 1.000600 0.999555 1.001381 0.996225 0.999627 1.001747 1.003912 1.000166 0.991055 1.001176 1.005580 1.008087 1.002243 0.999214 1.008213 1.003222 1.007392 1.008867 1.006586 1.001508 1.010535 1.003278 1.000895 1.003118 1.001424 1.006558 1.004576 1.006405 1.006567 1.001012 1.003270 1.005110 0.995678 0.995315 1.004652 1.005499 0.994712 1.003483 0.999084 1.001860 1.003053 0.999243 1.001377 0.994873 1.005165 1.001960 0.999040 1.001461 0.994305 0.997041 0.995780 1.003817 0.989724
0.991607 1.003116 0.995774 0.998487 1.001723 1.004464 1.001207 0.997736 0.998310 1.004230 1.001644 0.997217 1.009564 0.998915 0.998980 1.001694 1.000793 1.000542 1.001106 0.997225 0.997818 0.993526 0.998715 0.993932 1.004701 1.002302 0.993454 1.005634 1.004627 1.008253 0.996433 0.997960 0.999887 1.002201 0.997602 0.997739 1.000704 0.996053 1.001268 0.997354 0.991025 1.003048 0.995737 1.003936 1.003544 1.003985 1.000697 0.997545 0.998047 0.994068 0.993622 0.991364 0.994134 0.997486 0.998753 1.005176 0.995964 1.002545 1.000372 1.002232 1.029603 1.024631 0.955617 0.936269 0.936527 0.929217 0.928482 0.919007 0.926286 0.914024 0.920995 0.907191 0.900253 0.903406 0.900521 0.896205 0.899477 0.896198 0.890208 0.894082 0.890497 0.894263 0.882253 0.876357 0.883552 0.885780 0.880224 0.889356 0.882695 0.880620 0.879319 0.878194 0.877361 0.873779 0.868559 0.881571 0.873970 0.877278 0.872509 0.875092 0.876932 0.868659 0.869917 0.876156 0.873755 0.870230 0.881202 0.884609 0.877705 0.882881 0.880727 0.889278 0.881164 0.885683 0.888715 0.888993 0.890877 0.888887 0.892650 0.893716 0.897405 0.899708 0.895805 0.902525 0.915273 0.916135 0.910695 0.917726 0.928525 0.929589 0.929882 0.933651 0.942787 0.951924 0.944896 1.036969 1.032704 1.005739 1.001049 0.998548 1.002298 1.000792 0.998693 0.997144 1.000548 1.002478 1.000312 1.001157 0.999026 1.002047 0.997940 1.007880 1.013588 0.999417 1.000702 0.998479 1.001320 1.003003 1.001625 1.002005 1.003569 0.992679 1.006489 1.003070 1.001102 1.002997 0.992509 1.004378 0.996336 0.997927 0.999491 1.000360 1.003362 0.995542 0.998616 0.995404 0.996989 0.999081 1.003345 1.004529 0.999011 1.000617 0.997902 0.998941 0.994789 1.001617 1.000711 0.997077 0.992668 1.003713
0.999193 1.006323 1.001308 1.002802 1.011809 1.003960 0.992784 0.994377 1.002824 1.007783 0.996761 0.993358 0.993371 1.010142 1.001166 1.010286 0.998889 0.997457 0.994218 0.991686 1.000013 0.993523 1.000475 0.997913 0.997319 0.991354 0.993127 1.001558 1.000017 1.006561 0.998936 1.005716 0.999562 0.996821 0.994046 1.001830 0.998365 0.998835 0.998230 0.995560 1.001690 1.009049 1.005631 1.005879 1.001390 0.997690 1.006552 0.997558 0.994060 1.000051 1.001439 0.989162 0.996913 0.994635 1.002294 1.003960 1.001464 1.000373 1.001832 1.006633 1.049937 0.994073 0.955716 0.943479 0.945312 0.938131 0.931873 0.925644 0.928484 0.919050 0.915297 0.908506 0.905321 0.906163 0.900043 0.900671 0.895340 0.894165 0.894851 0.891848 0.891341 0.888440 0.884697 0.884978 0.884666 0.885139 0.874638 0.878476 0.874155 0.873742 0.880664 0.880211 0.878626 0.873544 0.866398 0.870326 0.871570 0.870913 0.871380 0.874968 0.873748 0.876166 0.873477 0.870940 0.876125 0.874665 0.876721 0.878541 0.871973 0.879056 0.874693 0.878201 0.877321 0.875339 0.880224 0.885669 0.892076 0.895223 0.889296 0.895515 0.896654 0.895492 0.900970 0.899677 0.914984 0.915935 0.919782 0.924017 0.925938 0.926231 0.927722 0.932016 0.931115 0.942063 0.942467 0.999084 1.041888 0.999578 1.000144 0.998841 0.998932 0.993539 0.995788 0.999759 1.002536 1.000120 0.995236 1.001599 1.002488 1.001849 1.008597 0.999452 0.998776 1.005372 1.007607 0.996086 1.003398 1.002812 0.995232 0.999683 0.998534 0.994297 1.002627 1.006144 0.994581 0.996254 1.000238 0.997372 0.996475 0.998851 0.990962 0.992130 0.998942 0.990337 1.000700 0.999507 0.998563 0.995458 1.003163 0.995070 0.999828 1.000987 1.003917 0.993718 1.000697 1.004463 1.002102 0.991495 0.997091 1.000293
1.004984 1.005523 1.008844 1.002155 0.999846 1.000229 0.999902 0.996264 1.004263 1.001132 0.995823 1.004139 0.998909 1.004296 1.000189 1.002559 0.997548 1.000074 0.992980 0.997819 1.000466 0.997169 1.003399 1.000628 0.997811 0.998646 0.997403 0.998048 1.000789 0.988171 1.003840 0.995562 0.999698 0.995870 0.998377 0.994390 0.992916 0.995084 0.996642 0.996819 0.992552 0.993950 1.002869 1.000901 1.005666 1.006729 1.004167 1.006450 0.998195 0.997572 1.002944 1.001975 0.993760 0.998106 0.994791 0.998588 1.002980 1.000582 1.001885 1.004440 1.064857 0.980688 0.945641 0.948115 0.938736 0.936291 0.930558 0.933108 0.917279 0.919505 0.913859 0.912315 0.912081 0.902694 0.899972 0.890568 0.896568 0.888695 0.885294 0.895180 0.890336 0.886697 0.889623 0.876399 0.886975 0.886269 0.879463 0.883001 0.872584 0.874960 0.873790 0.878304 0.881001 0.877244 0.876179 0.875246 0.871747 0.873014 0.874438 0.875250 0.868549 0.874677 0.872391 0.874895 0.878850 0.871707 0.879427 0.878653 0.870145 0.881005 0.879045 0.881030 0.886075 0.881708 0.884497 0.888089 0.894744 0.895193 0.895916 0.891807 0.897562 0.901325 0.906155 0.899336 0.906750 0.906598 0.915127 0.915914 0.919744 0.930280 0.932228 0.938291 0.931963 0.941004 0.943098 0.974250 1.054447 1.012720 1.006465 1.005567 0.997537 1.002621 0.997369 1.000966 1.004850 1.006135 1.002223 0.993268 1.003688 0.996632 0.997433 0.997069 1.004970 1.005868 1.002790 0.996792 1.005542 1.003151 0.999096 1.002301 0.998406 0.999698 0.997002 0.994050 0.999211 0.999953 1.001369 1.000531 0.998829 0.991254 0.991025 0.996357 0.989683 1.003023 1.000398 1.003916 1.001097 1.005435 0.999275 0.999634 1.007218 1.000832 1.007344 0.996899 0.996101 1.003038 1.002617 0.995861 0.997787 1.000012
0.996706 0.994598 0.999861 0.995705 0.998268 1.006685 0.999811 1.005345 1.007021 0.996642 0.999242 0.999675 0.999200 0.989535 1.001743 1.004446 1.000249 1.004274 0.998287 1.005053 1.004393 1.000922 1.000457 1.003109 0.994012 0.999938 0.996648 1.003372 0.990677 0.994150 0.997055 0.998053 1.001280 0.996009 1.001684 0.996951 1.002066 1.006658 1.002251 0.994048 0.998997 0.998217 0.993956 0.995702 1.003763 0.998734 0.998787 1.004293 1.000202 0.998515 1.004480 1.005128 1.004880 0.996379 0.993952 0.995138 1.002742 1.006233 1.002385 1.017400 1.077070 0.963042 0.935556 0.939972 0.939451 0.931963 0.930469 0.922943 0.927203 0.918437 0.912995 0.919825 0.909081 0.899675 0.900442 0.905356 0.901148 0.892126 0.891778 0.889263 0.892676 0.876848 0.875906 0.878700 0.883718 0.884495 0.877297 0.876785 0.885509 0.874010 0.880697 0.877567 0.877256 0.875091 0.878636 0.878518 0.872503 0.871154 0.868813 0.874231 0.873759 0.872092 0.871399 0.881084 0.882110 0.873380 0.871563 0.878176 0.884350 0.878985 0.882816 0.880832 0.890946 0.883305 0.883331 0.883711 0.890452 0.892744 0.890798 0.894284 0.898341 0.896536 0.901261 0.909113 0.913519 0.905273 0.912254 0.919050 0.917838 0.927432 0.932749 0.933794 0.938331 0.941146 0.939657 0.960570 1.069825 1.004710 1.001590 0.998987 0.999342 0.998094 0.994441 0.995248 0.996637 1.000099 1.007046 1.002138 0.998819 1.007260 1.003940 0.998394 1.000563 0.996686 1.000239 0.997607 1.000673 1.000624 1.000581 1.000156 1.005508 1.000925 1.006076 0.996848 0.994572 0.993279 1.001019 0.993952 0.998831 0.996386 1.002701 0.996439 1.002780 0.999959 1.002199 1.003879 0.998639 1.002010 0.997498 1.000901 0.998604 1.003233 1.005067 1.004443 1.004880 0.998711 1.000255 0.994983 0.985984 0.998186
1.000097 0.998420 1.001918 1.003524 0.997601 0.998085 0.994966 1.000110 1.008304 1.013069 0.997061 0.999086 0.993155 0.993317 0.997842 0.998875 1.000353 0.998905 0.993491 0.997951 1.001532 1.003325 1.002370 0.999560 1.003503 0.996209 1.001093 1.005693 1.003961 0.998032 0.998309 0.990795 0.999731 1.002138 1.000494 1.001236 1.000742 1.001458 1.002712 0.996874 0.998103 1.003629 1.000432 0.998419 1.000483 0.995072 1.001304 1.000142 1.006042 1.006114 1.003179 0.997369 0.993978 0.998348 0.998355 1.003435 0.998821 1.008579 1.005583 1.012202 1.077494 0.950963 0.946654 0.938789 0.935185 0.938760 0.927819 0.932451 0.924905 0.911585 0.913641 0.907553 0.907309 0.898889 0.904028 0.902487 0.896370 0.897569 0.894571 0.891536 0.891501 0.886917 0.885602 0.885803 0.883069 0.883678 0.878957 0.877303 0.880434 0.877524 0.867493 0.873125 0.883137 0.876925 0.877339 0.872616 0.871094 0.877996 0.865055 0.872487 0.872945 0.872945 0.871750 0.875952 0.871985 0.876308 0.871106 0.876285 0.880538 0.877532 0.881848 0.878481 0.891072 0.883023 0.885368 0.890136 0.883029 0.892464 0.898915 0.895143 0.896230 0.890499 0.895555 0.898304 0.912465 0.910008 0.915603 0.919499 0.923112 0.934309 0.939577 0.938292 0.947462 0.942792 0.937572 0.958247 1.078288 1.007005 1.009183 0.998803 0.989624 0.992628 0.996900 0.997612 0.995171 0.996571 1.003866 0.999354 0.997030 0.996758 0.994666 1.000500 1.001560 0.992388 0.991523 0.998001 0.999492 0.994084 0.995537 1.001052 0.993152 1.002512 1.001497 1.004468 0.999357 0.995577 0.995484 0.998736 0.996358 0.996607 0.998795 1.000639 1.001571 1.008453 0.995834 0.996424 1.002108 1.002776 0.994591 1.003783 0.997216 0.993413 1.000467 1.003443 1.001376 0.995165 1.005067 1.003353 0.999179 0.991871
0.997217 0.990827 0.994187 1.002260 1.000429 1.003711 0.999068 1.001486 0.997824 1.002029 1.001786 1.000743 0.993928 1.004309 0.998339 0.994555 0.996168 0.998129 0.990436 1.000850 0.996454 1.000310 0.998965 1.000863 1.000272 0.998754 1.002541 1.000664 0.993924 1.000745 1.004031 0.997701 1.002864 1.002564 1.003709 0.997637 0.993738 0.996631 0.991702 0.999464 0.998756 1.001126 1.003957 1.002829 0.999868 0.992529 0.996343 0.999140 1.006201 1.007102 1.001675 0.993617 0.995307 1.004088 1.002020 0.998975 1.001769 0.998787 1.001965 1.011673 1.076917 0.967778 0.947645 0.938966 0.933840 0.928334 0.929479 0.931386 0.926371 0.919256 0.915950 0.910371 0.912171 0.899379 0.900246 0.898006 0.891487 0.897317 0.891900 0.890080 0.897951 0.889448 0.887431 0.887257 0.881379 0.882831 0.878806 0.877230 0.879565 0.875917 0.871525 0.875360 0.871107 0.870924 0.867003 0.876722 0.875172 0.871685 0.874208 0.879777 0.874122 0.880493 0.881784 0.872533 0.876080 0.875788 0.875463 0.879389 0.872184 0.876384 0.880678 0.881071 0.879489 0.881793 0.883455 0.891811 0.885489 0.890382 0.894610 0.894395 0.897268 0.895120 0.890188 0.896495 0.902733 0.912446 0.913934 0.911899 0.924179 0.927965 0.936413 0.933098 0.944835 0.943737 0.946959 0.963472 1.073466 1.007475 0.999481 0.998369 1.001567 0.993147 0.995417 0.998233 1.002684 0.996887 0.992441 0.990257 1.003993 1.004151 1.000120 0.999708 0.993602 0.998402 1.005649 0.997460 1.006723 1.001142 0.993664 0.991889 1.001462 0.994679 1.000953 0.994755 0.999975 0.999438 0.998208 0.999460 0.997200 1.010441 0.995748 1.003597 0.998403 1.007694 0.993875 0.998657 0.993664 0.993176 0.993749 1.003649 1.002123 0.996299 1.001227 0.990366 1.003742 0.998940 0.998368 1.000251 0.997918 0.996310
1.001976 1.007637 1.003703 1.002312 0.998312 1.000177 1.007631 0.999633 1.000350 0.999605 0.997836 0.999539 1.001099 0.999948 0.999177 1.003203 1.000703 0.988637 1.001454 1.005048 1.002205 1.008700 1.001006 1.002755 1.007444 1.005131 0.998366 0.994344 0.991432 0.995130 1.004426 1.000163 1.002709 0.998428 0.997555 1.004380 1.006291 1.002828 1.001191 1.004207 1.004288 1.003352 1.003281 1.002867 0.990692 0.994012 0.993418 1.003433 0.998440 1.004838 0.998836 0.991921 1.001578 0.997277 0.995002 0.998588 0.997666 0.996670 0.993170 1.013982 1.059165 0.990414 0.938283 0.944722 0.942749 0.929569 0.929402 0.935098 0.921045 0.913012 0.909792 0.912652 0.905808 0.904727 0.903948 0.896918 0.900799 0.891028 0.887541 0.888550 0.886150 0.888256 0.887239 0.884675 0.887242 0.886844 0.880365 0.872520 0.883151 0.872203 0.870505 0.877131 0.878675 0.875286 0.878152 0.870754 0.876093 0.877277 0.869864 0.877442 0.869637 0.876562 0.882312 0.870739 0.880270 0.877285 0.881715 0.881033 0.876851 0.881168 0.875265 0.887521 0.878734 0.883337 0.879082 0.883800 0.885635 0.895387 0.892117 0.892822 0.893066 0.896972 0.902519 0.906851 0.906994 0.906756 0.913978 0.921381 0.928988 0.928638 0.941038 0.938461 0.931003 0.943161 0.946090 0.990059 1.059529 1.008810 0.998494 0.995483 1.002373 1.004882 0.989856 1.001311 0.993359 0.999058 0.992220 1.001982 0.999984 0.998881 1.001640 0.995444 0.998608 1.004156 0.997533 0.997962 1.004221 1.002665 0.999203 1.005223 0.998333 0.997949 0.999646 1.006310 1.003975 1.003815 1.003063 1.001314 1.006294 1.003881 0.996755 0.997032 1.003824 0.993852 0.999142 1.002852 1.003333 0.997369 0.997551 0.999011 1.001623 1.002680 0.995643 1.000057 1.002391 1.000860 1.001085 0.997576 1.002895 1.003921
1.001041 0.999375 1.000280 0.999513 1.006771 0.997788 0.997294 1.000796 1.001242 1.001359 1.001654 0.996133 1.003510 0.997872 1.003579 1.002011 1.001796 0.997080 1.002211 0.994835 0.995707 0.992751 1.001298 0.997723 0.998436 0.996656 1.002409 1.001011 0.996567 1.000725 1.001189 0.993072 1.000779 1.000483 0.999902 1.003821 1.003269 1.002029 0.997886 1.007225 0.999799 0.996921 1.001718 1.000933 1.004965 0.998950 0.996199 1.000924 0.996249 0.999188 0.999094 1.000708 1.004491 0.997756 1.000741 1.005888 0.999008 0.996761 0.996440 1.004851 1.049168 1.009458 0.948335 0.940379 0.935321 0.937609 0.930089 0.926359 0.925266 0.914712 0.910843 0.904688 0.907122 0.910988 0.901372 0.898422 0.901384 0.900086 0.890704 0.890392 0.881149 0.886779 0.881946 0.884740 0.880221 0.886986 0.882288 0.877219 0.878872 0.876004 0.877447 0.878103 0.878072 0.880441 0.874537 0.870602 0.882657 0.876362 0.875868 0.874042 0.873568 0.874618 0.881853 0.879245 0.876533 0.876455 0.880604 0.879106 0.875183 0.878925 0.883221 0.885592 0.878181 0.884229 0.882987 0.890692 0.884440 0.893772 0.895734 0.894047 0.890094 0.898958 0.898508 0.899517 0.905213 0.909280 0.910023 0.919994 0.921092 0.923232 0.932862 0.934491 0.934721 0.945734 0.942348 0.999825 1.038957 0.999982 1.001122 0.998969 1.000622 1.001007 0.993084 0.998777 0.996915 1.007245 0.996787 0.991807 0.993706 0.994557 1.008015 1.001932 0.997568 0.996879 0.995299 0.997170 0.998452 0.995397 0.994513 1.001255 1.002105 1.001955 0.999241 1.001280 1.006534 0.999620 0.997128 0.996303 0.996900 1.000118 1.003065 0.994219 1.005309 0.998334 0.993952 1.000611 1.003337 0.996478 0.995374 1.000481 1.001318 0.997617 0.999091 1.000280 1.001108 1.007650 0.999810 0.995446 0.998336 1.004574
0.997054 0.999076 1.005046 0.994334 1.001184 0.995137 0.994412 1.000042 0.986799 1.003799 0.996587 1.004055 0.999683 0.998304 1.003346 0.999325 1.000724 0.996292 1.000955 0.994750 1.002595 1.002953 1.009063 1.005850 0.990403 0.998500 1.004649 1.000052 1.005994 1.001509 1.002968 0.997399 0.995780 0.999421 0.999501 1.002169 0.994866 1.003466 1.001793 0.998371 1.002142 1.001827 0.997108 1.002839 0.998475 0.997220 0.993620 1.004189 1.000732 1.005607 1.004246 1.002530 1.001806 1.000094 0.995214 1.000258 1.007830 0.997016 0.993172 1.001862 1.028737 1.022971 0.947424 0.940095 0.942555 0.936690 0.931092 0.926580 0.920827 0.919509 0.910392 0.909634 0.911143 0.907224 0.906074 0.900738 0.897116 0.892641 0.902309 0.898032 0.875175 0.876699 0.885376 0.885269 0.875820 0.879575 0.884661 0.879988 0.879254 0.883549 0.877146 0.873548 0.878122 0.883782 0.876075 0.871325 0.873213 0.869639 0.876771 0.873917 0.872057 0.863595 0.870821 0.875801 0.876917 0.868255 0.880048 0.877792 0.881117 0.878007 0.879767 0.877665 0.879373 0.881296 0.882744 0.884146 0.889540 0.893275 0.887202 0.893755 0.892351 0.899502 0.898861 0.906672 0.908249 0.910044 0.914022 0.914658 0.930204 0.923566 0.926565 0.936926 0.940258 0.943098 0.938306 1.011729 1.030948 0.998418 1.009693 0.997703 0.996477 1.008365 1.006781 0.996179 1.001808 1.003773 1.005371 0.994603 0.995098 0.991198 0.999319 1.001475 1.002528 0.994523 0.991936 0.995892 0.998476 0.994038 1.000932 1.005156 1.002511 0.996488 0.998661 0.997711 0.999274 1.003412 0.998902 0.993981 0.994322 1.004681 0.998973 1.001282 1.000231 1.007493 1.000855 1.001825 0.993623 1.002404 0.999459 1.001824 1.003228 0.991121 0.997473 0.999177 0.996990 1.005661 0.997193 0.998106 0.998356 1.003111
0.996870 0.998894 0.998047 0.996372 0.999929 1.004618 0.999521 1.006110 0.999245 1.011483 0.994134 0.995332 0.992473 0.997284 0.996474 0.999954 1.002342 0.999651 0.998550 1.001272 0.992350 0.996678 0.995277 1.001284 0.989481 0.998554 1.008890 1.008299 0.999068 1.001380 1.006066 0.994200 1.002650 0.994635 1.001868 0.993876 0.999703 0.999243 1.001427 0.998961 0.996508 1.004556 1.002189 1.003704 0.995920 1.001042 0.994793 0.998899 1.002963 1.002460 0.998051 1.000200 1.007071 1.006846 0.997406 1.007690 1.006614 1.005675 0.995587 1.007863 1.021553 1.042318 0.956617 0.946237 0.940302 0.933340 0.928166 0.919700 0.921411 0.918500 0.912568 0.910179 0.901874 0.901938 0.911535 0.901754 0.903852 0.888576 0.895517 0.889449 0.893578 0.890381 0.895203 0.879938 0.879563 0.884398 0.877252 0.874689 0.875635 0.879127 0.880745 0.882295 0.879556 0.879854 0.878388 0.883650 0.868100 0.869406 0.878654 0.875335 0.877786 0.881832 0.879425 0.873544 0.880018 0.864097 0.874976 0.876023 0.880966 0.878886 0.880007 0.884158 0.881886 0.883460 0.891307 0.889294 0.898507 0.890631 0.898777 0.898117 0.889689 0.899208 0.903732 0.901139 0.904824 0.910926 0.917623 0.914998 0.920837 0.929857 0.933700 0.932750 0.943415 0.951332 0.949803 1.042106 1.011891 1.000838 0.995678 0.996715 0.996478 0.997314 0.995649 0.996663 0.997547 0.994253 0.999441 0.999180 0.991536 0.995707 0.999588 0.993495 0.995958 0.997160 1.000595 1.003314 0.995255 0.997585 1.000736 0.996956 0.997407 0.998260 0.996589 0.997820 1.000977 1.003251 0.998871 1.002417 0.997243 1.000656 0.996173 0.993187 1.004581 1.000237 0.999545 1.001243 0.998689 0.990631 0.993672 0.996089 0.996370 0.998902 0.999318 0.994493 1.000892 1.011069 1.000455 0.996675 1.004133 1.003587
0.992277 0.995185 1.000975 1.003654 0.999207 1.000399 1.000969 1.000109 0.995367 1.016895 1.003868 1.000383 1.004079 0.993077 0.996956 0.993844 0.999686 1.001650 1.000257 1.000677 1.001497 0.997248 0.995070 1.006022 0.989724 0.998302 1.004136 1.000060 0.995604 1.004655 1.002008 0.993908 0.996746 0.996052 1.003312 1.001764 1.004381 0.999569 1.008768 1.001122 0.994575 1.000952 1.002873 1.004822 0.997402 0.998217 0.993577 0.993400 1.000729 0.994048 0.991347 0.999204 0.999690 1.004372 0.998652 0.999008 0.998267 1.004548 1.002842 1.004808 1.020421 1.055201 0.935838 0.941272 0.936520 0.940486 0.931378 0.926594 0.924100 0.920675 0.919861 0.911337 0.907024 0.906244 0.898768 0.900966 0.901168 0.904298 0.903363 0.882796 0.892820 0.891254 0.885952 0.885755 0.886179 0.890563 0.884331 0.883521 0.882707 0.884064 0.875240 0.877157 0.875421 0.879129 0.874212 0.873242 0.885071 0.875068 0.872126 0.877199 0.873119 0.874114 0.876050 0.875277 0.881777 0.871415 0.877054 0.880149 0.871152 0.880318 0.873964 0.882050 0.889886 0.889246 0.884456 0.887112 0.899791 0.889285 0.891366 0.886395 0.898399 0.899396 0.904578 0.903765 0.902253 0.910699 0.914597 0.917101 0.921579 0.928037 0.931225 0.933608 0.935106 0.944290 0.929271 1.069134 1.012328 1.005563 1.003330 1.000777 1.001462 0.999394 0.999369 1.007419 1.003785 0.994907 0.998921 0.994837 0.997231 1.001692 0.989318 0.997817 1.004036 1.000443 0.995347 0.996514 0.992423 1.000091 0.992199 0.993952 1.001545 1.001510 0.996436 0.999304 0.994163 0.999666 1.002108 1.003674 0.998637 1.002298 0.997599 1.000431 1.002003 0.996013 0.997953 1.001057 0.999766 0.998948 0.996032 0.994137 0.996537 1.006723 0.991952 1.001495 1.004453 1.004295 1.006850 0.998719 0.992627 0.991850
1.005119 1.002899 0.998534 0.989571 0.997286 0.995312 1.004450 0.994342 0.999391 1.001356 0.998820 0.997239 0.996458 0.994572 1.000063 0.989705 1.004558 0.991335 0.998449 1.004093 1.004608 1.007125 0.999874 0.998874 0.990562 0.990606 1.004580 1.002897 0.997418 0.995105 0.991541 1.005006 0.997431 0.994771 0.992851 1.003652 0.999995 0.998611 0.992870 0.997715 0.999740 1.001983 1.006628 0.997384 0.997797 0.998259 0.992196 0.998232 1.010261 0.994343 0.998660 1.005519 0.998614 1.000483 1.005268 0.998409 1.005851 1.002446 0.991613 1.001451 1.010993 1.083147 0.932506 0.942201 0.939562 0.933486 0.931523 0.932503 0.926065 0.925804 0.912085 0.915626 0.913087 0.907057 0.903514 0.898635 0.896671 0.898478 0.896877 0.896769 0.889033 0.886242 0.890808 0.889565 0.880738 0.882928 0.882661 0.885004 0.880842 0.875902 0.879835 0.878288 0.872510 0.879854 0.876037 0.873966 0.874296 0.878780 0.887587 0.877962 0.874213 0.877747 0.874666 0.874973 0.881701 0.876044 0.878924 0.878489 0.874444 0.878868 0.882181 0.879135 0.886119 0.887420 0.890225 0.889075 0.890979 0.891254 0.892915 0.900936 0.892026 0.897922 0.900233 0.907505 0.906736 0.910014 0.915042 0.914081 0.921513 0.929634 0.929453 0.938278 0.944212 0.940277 0.922445 1.100963 1.019039 1.000399 0.996335 1.001742 1.001576 1.000628 1.003514 0.999216 1.004116 1.004951 0.999836 0.995441 0.999859 1.004804 0.996386 1.000106 0.995519 0.996255 0.998105 1.008907 0.998101 0.995949 0.997166 0.996357 1.001141 0.994100 0.994549 0.997910 0.994388 0.988025 1.000233 1.000657 0.997377 1.000238 0.997981 1.014652 0.998003 1.003440 1.001111 1.004539 1.002454 1.000199 0.997722 0.993838 1.001646 1.001282 0.993873 0.995401 1.003031 1.011330 0.995883 1.002967 0.991953 0.997138
0.994508 1.003899 0.994402 0.993404 0.998523 0.994099 0.997001 0.999241 0.998318 1.005480 0.996000 0.997318 1.005134 0.995415 0.998554 1.000397 0.996545 0.995871 1.000453 1.001225 1.004496 1.005779 1.009478 1.001200 1.005531 0.994897 1.000462 0.996018 1.004558 0.997274 1.006155 0.999371 1.003430 1.004971 1.002633 1.000563 0.997477 1.001532 1.004847 0.998267 0.997318 0.995293 1.002087 0.998706 1.000680 1.004596 0.994121 0.999342 1.002964 1.001429 0.994739 1.005930 0.996889 0.994024 1.001677 1.008673 1.010804 1.006822 0.993407 1.001471 1.007832 1.106096 0.926014 0.939312 0.940639 0.940299 0.934458 0.928407 0.926886 0.923961 0.912764 0.907092 0.907042 0.909267 0.897816 0.898987 0.898619 0.895545 0.892018 0.887765 0.885254 0.886476 0.885132 0.891586 0.890206 0.887869 0.887768 0.884578 0.879560 0.879475 0.883565 0.878969 0.881707 0.877847 0.881120 0.872673 0.876021 0.878507 0.877696 0.875445 0.877163 0.885352 0.882076 0.876292 0.882657 0.882612 0.880743 0.885330 0.884377 0.878693 0.886651 0.887584 0.884404 0.883484 0.892237 0.889988 0.880680 0.893404 0.893969 0.901262 0.898429 0.908327 0.903376 0.906057 0.907605 0.915988 0.922937 0.920520 0.922664 0.944050 0.938622 0.941920 0.940389 0.936403 0.929961 1.109190 1.017848 0.999149 0.997575 0.998676 0.998326 0.999930 0.993201 1.002146 1.002014 0.998999 1.006217 1.002614 1.004459 0.993025 0.995161 1.001696 1.000215 1.000882 0.989482 1.000966 0.995988 0.994919 1.000948 1.004552 1.013541 0.994197 1.000215 0.999988 1.005209 0.993342 0.997224 1.003852 1.000237 1.001501 0.999995 1.005303 1.002682 0.996042 0.996037 0.999357 0.999120 1.003564 0.996865 0.990951 1.002530 1.004250 0.994247 0.997914 1.003688 1.008360 1.006970 1.002401 1.008393 1.006431
1.005053 0.996592 0.995147 0.998182 1.006411 0.998977 1.000762 1.009838 1.001127 0.997793 0.998302 1.003593 1.006581 1.002624 1.003818 1.006662 0.999413 0.998177 1.003716 1.005410 1.004492 1.002676 1.003531 1.002294 1.007542 0.999839 1.006463 1.001423 0.997089 0.996455 0.996164 1.002850 1.000514 0.999018 1.002184 1.002473 0.992349 1.000199 0.992616 0.997233 0.997242 0.993510 0.997492 0.994225 0.996507 1.004037 0.992239 0.996086 0.999173 1.007591 1.006081 1.007273 1.002557 1.001718 1.002143 1.005279 1.000194 0.999562 1.006985 1.007450 1.009277 1.048744 0.989561 0.941136 0.939871 0.939604 0.940731 0.935165 0.928877 0.921928 0.923736 0.916344 0.910561 0.908140 0.904640 0.901362 0.903645 0.895656 0.888084 0.892037 0.892396 0.886681 0.889403 0.888233 0.889984 0.888426 0.888443 0.878953 0.871158 0.887623 0.880121 0.882253 0.883020 0.880945 0.886330 0.877811 0.874310 0.876744 0.887597 0.876507 0.871095 0.883468 0.877478 0.875217 0.877247 0.881801 0.884556 0.882939 0.882261 0.877347 0.883398 0.882972 0.882164 0.885775 0.886038 0.892434 0.891733 0.896405 0.900509 0.902132 0.902490 0.909981 0.902642 0.909867 0.911726 0.912915 0.915330 0.923091 0.933795 0.928916 0.938796 0.929356 0.933887 0.932817 0.992060 1.066447 1.009908 1.002345 1.005139 0.999473 1.000406 0.998517 1.001305 0.997150 0.999230 1.002690 1.002584 1.002172 1.006053 0.998126 0.994225 1.002778 0.995491 1.001558 0.995582 1.000983 0.991612 0.999694 0.996365 1.003299 1.004428 1.006722 0.995579 0.994696 0.998906 0.998079 0.995061 0.998606 0.998240 1.008941 0.998076 0.998004 0.997788 0.998242 0.987432 1.001759 0.997800 1.005002 1.001984 0.997471 1.004510 0.992082 0.996598 1.003213 1.001254 0.998810 1.001010 0.997464 0.992474 0.996985
0.998963 0.995165 0.995397 1.002253 0.997559 1.002825 0.991353 0.995824 0.996336 0.995578 1.006147 0.999089 1.006666 1.002425 0.997172 1.003847 1.006723 1.005690 0.997232 0.996498 0.998793 1.000630 1.007048 1.001771 1.009202 0.992443 0.997016 0.998559 0.998067 0.991696 0.991644 1.004795 0.998890 1.009062 1.004084 1.002474 1.004502 0.999490 1.002801 1.005013 1.004698 1.000923 0.992265 1.005000 0.996646 1.000339 0.997576 0.997806 1.006672 0.990891 1.005475 0.996112 1.001946 1.003646 1.008315 1.005063 1.004717 1.002337 0.995511 1.005616 0.999534 1.019418 1.044509 0.933786 0.931568 0.939680 0.939707 0.936211 0.919546 0.921069 0.920164 0.924801 0.910714 0.906875 0.904844 0.900223 0.903797 0.902487 0.891879 0.893717 0.897888 0.884042 0.883396 0.889736 0.884125 0.887057 0.887662 0.887671 0.881649 0.889314 0.880978 0.881311 0.881174 0.883646 0.881857 0.877443 0.879176 0.880312 0.883186 0.875738 0.880808 0.879680 0.875850 0.878933 0.882230 0.878465 0.881508 0.882895 0.885237 0.881212 0.883217 0.888073 0.887688 0.880429 0.889069 0.895320 0.892227 0.891635 0.898668 0.906209 0.901053 0.904531 0.907003 0.913505 0.911242 0.909222 0.916169 0.927541 0.933264 0.935454 0.936285 0.944075 0.943798 0.937344 1.051347 1.028268 1.002841 0.998046 0.999488 0.994152 1.000064 0.999690 0.996477 0.994377 0.995355 1.001940 0.998744 1.002437 1.005549 0.993266 1.003449 0.994417 1.001434 0.993237 0.990597 1.000838 0.995494 0.995881 1.008053 0.995530 1.004151 0.997659 0.992508 0.995772 1.000157 0.994207 1.005697 1.004932 1.001171 0.996630 1.004637 1.002800 1.007397 1.001069 0.993111 1.001086 1.000376 1.008990 1.008916 0.994309 0.997461 1.001551 1.006987 0.996393 0.997104 1.003971 1.001832 1.002687 1.002676 0.989375
1.005651 0.994660 1.000912 1.006397 1.005189 0.998430 1.008533 0.995064 0.998959 0.995147 0.999821 0.996405 0.993123 1.004491 1.007085 1.000805 1.002786 1.008595 1.004903 0.995105 1.002744 0.993769 1.003330 0.993985 0.996083 1.009228 1.001562 0.998583 0.995585 0.996600 1.001987 0.998824 1.003736 0.997368 1.002087 1.000962 1.000855 0.997184 0.998322 0.995251 1.003421 0.995835 1.002754 1.001919 0.991369 0.997131 1.007274 0.999558 0.998110 0.999036 0.999597 1.000171 1.001672 1.002332 0.997867 1.001882 0.995028 0.998474 0.997905 0.997827 1.004941 1.018164 1.089372 0.922613 0.941280 0.937402 0.938583 0.929844 0.925756 0.929285 0.917294 0.924754 0.918396 0.905507 0.906127 0.904632 0.899668 0.899958 0.896431 0.897231 0.897627 0.889186 0.890838 0.887681 0.886870 0.887184 0.884648 0.878700 0.879764 0.882165 0.880801 0.884500 0.887665 0.881714 0.878198 0.881008 0.879194 0.879162 0.883598 0.878902 0.883031 0.886485 0.880791 0.874511 0.876929 0.883428 0.880133 0.880244 0.887690 0.886023 0.886057 0.891000 0.883165 0.893749 0.894804 0.892207 0.900087 0.892932 0.901247 0.905852 0.906139 0.908975 0.907413 0.904699 0.909291 0.910480 0.925725 0.925951 0.929713 0.936338 0.937582 0.944984 0.950514 0.924412 1.089836 1.024517 1.002044 0.998335 0.993214 1.000068 1.005746 1.000719 1.001487 0.996344 0.996099 0.993617 0.995146 0.998126 0.999936 0.998290 0.998596 0.994990 0.998604 0.994232 0.995092 0.997765 0.996824 0.994545 0.994783 1.000542 1.002936 0.997460 1.010161 1.002848 0.993128 0.997730 1.004177 0.997788 1.001149 0.998198 1.000375 1.002840 1.003306 0.988364 0.992273 0.998113 0.999029 1.003648 1.005603 1.001068 1.003655 0.993947 1.006191 0.995598 1.005976 1.001164 1.001423 1.006410 0.992896 0.990323
0.996409 1.008139 0.997775 1.005608 1.002598 0.994636 0.998110 0.992084 0.992747 1.002707 1.003786 1.000487 0.997189 1.004275 1.007472 0.999969 0.991074 1.002188 1.005723 0.997339 0.995806 1.002324 1.004310 0.997885 1.001481 1.001060 0.996261 0.993418 0.995479 0.995909 0.998069 0.993619 0.995721 1.005281 1.002061 1.002843 0.998655 1.003186 1.006670 1.001952 1.003688 1.001460 1.005109 1.005182 0.999074 1.002464 1.000739 0.996723 0.996402 1.001794 1.006943 0.998172 0.998970 1.008311 1.000947 1.001205 1.002716 0.996808 0.996365 1.003862 1.004400 1.014372 1.083392 0.958092 0.941240 0.944402 0.934959 0.930893 0.927519 0.928063 0.918784 0.923927 0.917438 0.905681 0.905674 0.908027 0.906015 0.899505 0.898528 0.897759 0.899617 0.893161 0.885550 0.894629 0.897254 0.887835 0.886264 0.881173 0.883605 0.890904 0.884776 0.878613 0.886192 0.880949 0.880066 0.876871 0.883484 0.882442 0.879682 0.883435 0.877620 0.883328 0.882764 0.879820 0.881308 0.879831 0.886755 0.875273 0.884087 0.884651 0.887885 0.892605 0.894748 0.887999 0.889503 0.900543 0.897218 0.889066 0.903397 0.901647 0.907377 0.909713 0.907029 0.909814 0.909822 0.926141 0.919492 0.926499 0.932238 0.933897 0.938831 0.950993 0.940208 0.945947 1.078114 1.015963 1.009783 0.996439 0.997136 0.997256 1.003356 0.999398 1.005661 0.999616 1.000915 1.001786 0.999272 0.992066 0.998351 1.009732 1.000505 0.997842 1.000171 1.002305 0.998357 1.000095 0.998601 0.999982 0.998876 1.004566 1.009326 1.003000 0.996556 1.007139 1.002588 0.999154 0.996480 0.999907 0.998169 1.001588 0.998427 0.998331 1.002083 0.995410 1.003803 1.007615 0.994877 0.994613 0.998673 0.999192 1.001317 0.994211 0.997158 0.999336 1.000244 1.000498 0.991770 0.997925 0.993598 0.991725
0.994796 1.002399 0.995553 0.999580 0.996851 0.998998 1.000430 0.999418 0.994893 0.997462 0.998073 0.989919 0.993963 0.995663 0.993954 0.990853 0.991913 0.984633 1.005439 1.000283 1.001643 1.000376 0.999022 1.006236 1.004620 1.002422 1.002467 1.002179 0.996400 0.998861 0.999908 1.001228 1.000857 1.006005 0.999494 0.995432 1.003173 0.997827 0.999157 0.999899 0.999648 1.000738 0.998302 1.003686 0.997396 0.999948 0.992956 0.999817 1.000863 0.995144 1.008693 1.000514 1.000826 1.004166 1.007224 0.994701 1.003310 1.004449 1.002643 0.995595 1.000165 1.005860 1.033404 1.044423 0.936082 0.941048 0.939464 0.943299 0.938224 0.929708 0.914984 0.918098 0.905096 0.915313 0.910322 0.909704 0.902073 0.906223 0.907335 0.898400 0.895018 0.893870 0.889438 0.890001 0.894177 0.881762 0.883530 0.884480 0.891092 0.890253 0.881073 0.879035 0.879777 0.888791 0.877165 0.884539 0.883693 0.872323 0.879842 0.876607 0.886473 0.889462 0.885499 0.879047 0.882748 0.886565 0.882302 0.883692 0.886793 0.887042 0.890594 0.887664 0.886267 0.881165 0.894073 0.894862 0.895613 0.896738 0.899387 0.893525 0.904201 0.902692 0.905142 0.909842 0.911705 0.928052 0.925374 0.930364 0.927617 0.930170 0.942766 0.950057 0.939899 1.050173 1.026575 1.000359 0.998338 1.002030 1.000025 1.001749 1.001894 0.994964 0.994124 0.997595 1.002125 1.007821 1.003181 0.995258 0.995653 0.998061 1.002584 1.000128 1.001974 0.999808 0.997977 1.004658 1.000788 0.998748 0.996397 0.993479 0.999988 0.998949 1.003295 1.001060 0.998260 1.008150 0.995145 0.996527 1.003523 0.995829 1.006575 0.996947 1.002474 1.006987 0.997441 0.989422 0.991729 0.996021 0.998509 0.998646 0.996603 1.001225 0.996598 1.003676 0.996062 1.000831 0.999892 0.996785 0.996699 1.002988
0.996687 1.001112 1.000408 0.996756 0.997203 1.002208 1.000099 1.002360 0.996988 0.997715 0.998432 0.997976 0.996583 0.999835 1.004815 0.997661 0.999159 0.992657 1.001214 1.001891 1.004264 0.993395 0.997431 1.006829 1.002750 0.999625 1.003342 1.001045 1.003020 0.999792 1.002146 1.003336 1.005850 0.998672 1.000648 0.997027 0.997864 0.995041 0.991594 1.004782 0.989709 0.999150 0.998279 1.005601 1.004655 1.002141 0.996548 0.998579 1.004928 0.995962 1.003102 0.999645 0.995094 1.002055 1.005780 1.002262 1.000120 0.998801 0.998246 0.994437 1.003751 1.006088 1.014388 1.079314 0.925308 0.936093 0.945758 0.940916 0.930746 0.931384 0.925986 0.925955 0.916650 0.914487 0.916918 0.907957 0.901750 0.902809 0.901433 0.903582 0.900631 0.898876 0.896612 0.891540 0.885021 0.886378 0.891265 0.889300 0.890620 0.886340 0.884261 0.886111 0.885132 0.887181 0.887665 0.882680 0.885796 0.881931 0.879676 0.884099 0.882916 0.881970 0.882847 0.882274 0.883227 0.888042 0.882420 0.884916 0.883893 0.876362 0.888987 0.894516 0.892386 0.894098 0.896065 0.897312 0.900351 0.899295 0.902556 0.897731 0.910541 0.914957 0.914749 0.912627 0.908704 0.912102 0.922030 0.930744 0.933983 0.940702 0.934601 0.933586 0.927520 1.100615 1.012204 1.000637 1.000441 0.998505 0.996223 1.003821 0.999948 0.989568 0.993536 0.996466 0.996391 0.998498 0.994128 1.001631 0.999211 0.999420 0.998506 1.000991 1.001462 1.004207 1.005743 1.007489 0.996874 1.005905 0.995183 1.001935 1.000171 0.989918 0.998135 0.997408 1.004863 0.996461 0.999743 1.000531 1.000088 1.002332 0.998670 1.005899 1.001021 0.997635 1.007065 0.996891 0.991897 0.993551 0.991315 0.991395 0.998444 0.993946 1.000826 0.998361 0.997204 0.997725 1.007812 0.994333 0.998201 0.999765
0.991880 1.004677 0.994692 1.001492 0.996161 1.004394 0.997735 0.997916 0.999255 0.998282 1.001122 0.999218 0.999438 1.003387 1.008612 1.001988 0.997712 0.999511 1.000296 0.997019 1.002219 0.997230 1.002602 1.001924 1.007203 1.003055 1.008045 1.005683 0.996535 1.004655 1.004349 1.006109 0.999486 0.996120 0.990775 1.005695 0.999193 1.003618 0.999815 1.000077 0.997358 1.004394 0.995925 0.992789 1.002734 0.992670 1.001755 0.994899 0.999878 1.009035 0.998499 0.999744 0.993658 1.005382 1.002444 1.007449 1.005655 0.996900 0.994667 0.995398 1.003387 1.004076 1.010703 1.059468 1.000809 0.936850 0.943619 0.941987 0.937923 0.929811 0.928332 0.918311 0.921649 0.927164 0.917462 0.910242 0.904254 0.905313 0.903992 0.903164 0.897496 0.901030 0.897297 0.897337 0.892887 0.897613 0.891369 0.893191 0.887776 0.889685 0.892181 0.882281 0.889596 0.888914 0.883467 0.884961 0.889593 0.887054 0.888325 0.878974 0.888949 0.883597 0.879110 0.884250 0.882953 0.883965 0.890432 0.884606 0.883732 0.891021 0.888515 0.900664 0.890516 0.888694 0.889108 0.902045 0.907512 0.904446 0.905652 0.901837 0.907121 0.914046 0.913739 0.910517 0.921393 0.918345 0.925785 0.928778 0.933389 0.941037 0.943087 0.935942 0.992304 1.059431 1.004741 1.003697 0.996953 1.001626 0.998880 1.010704 0.996340 0.992055 0.992065 1.000974 0.995281 1.007021 0.999474 0.999909 0.999717 0.997853 0.998018 0.995885 0.997345 0.999043 1.010984 0.998561 0.996692 1.009215 0.999231 1.003859 1.002085 1.001208 0.998780 0.998189 0.992361 0.995566 0.996949 0.999817 0.994741 0.995752 0.995822 1.000902 1.003043 0.996725 0.988861 0.994129 1.006047 1.000271 0.999365 0.996201 0.992549 0.998684 1.002329 0.998713 1.000292 1.001255 1.005277 0.998660 1.001999 1.000053
0.999968 0.992045 0.996662 0.996625 0.996174 1.003882 1.003701 1.004197 0.999177 0.996340 1.000368 0.994762 0.996154 1.002033 1.008651 1.005475 1.000742 0.997991 0.998966 1.001012 0.999274 0.996462 1.000302 1.004770 1.004841 1.001939 1.003040 0.999405 1.006086 1.003823 1.003919 1.001253 0.997022 1.005259 0.996182 1.000189 1.004492 1.005262 1.000924 1.003307 1.010900 1.006503 1.000106 1.004162 1.003110 0.999236 0.993050 0.996132 0.999036 0.996865 0.999090 0.991560 0.992826 1.005699 1.002764 1.001478 0.995242 0.997107 0.993421 1.000361 0.998681 1.001856 1.000330 1.026017 1.079258 0.924308 0.939006 0.946895 0.937054 0.938532 0.926443 0.925210 0.923231 0.931971 0.913633 0.917757 0.914027 0.911732 0.912001 0.903777 0.902762 0.906327 0.900773 0.894492 0.886442 0.894626 0.893953 0.885695 0.892595 0.896197 0.888511 0.879139 0.886880 0.891302 0.884097 0.881680 0.892235 0.887139 0.883559 0.885615 0.886879 0.887324 0.879642 0.877016 0.885210 0.888899 0.896800 0.895714 0.897478 0.891480 0.891772 0.893035 0.892631 0.893127 0.892294 0.896489 0.901401 0.904878 0.903076 0.905025 0.905583 0.910857 0.911514 0.917499 0.921035 0.927024 0.930863 0.935820 0.938786 0.943160 0.942977 0.922938 1.080849 1.021435 1.002333 1.000067 0.993383 1.002790 0.998278 1.001550 1.000274 0.994154 0.998869 1.001327 0.997528 1.005480 1.003655 0.997044 0.991486 0.996774 1.004377 0.995431 0.998605 1.002868 0.994219 0.996883 1.002959 1.002408 1.001680 1.005517 0.997768 0.998950 0.992976 1.001175 0.997998 1.005122 1.003908 1.001115 0.997882 0.997643 1.004441 0.993431 0.999392 1.004045 1.007076 1.004603 1.005172 1.004523 0.996240 1.001504 0.991893 1.001501 1.005934 0.998156 0.994211 0.999359 1.000528 0.992042 0.996644 0.992545
0.992208 0.994844 0.993922 0.992006 0.995544 0.988041 0.994477 1.000070 1.000258 0.994595 0.996721 1.001048 0.999845 0.999208 1.004110 1.002415 1.006176 0.999820 1.006766 1.002281 1.000211 1.002060 1.001962 0.997098 0.994809 0.999830 1.002065 1.004608 0.999959 1.000351 0.997630 0.997973 1.000965 0.997772 1.005949 0.997553 1.005812 1.001024 0.996603 0.997969 0.999183 1.002668 1.001997 0.993545 0.996121 0.996949 1.004899 0.993917 1.004991 0.991241 0.994841 0.999443 1.000736 1.000452 0.994829 0.994300 1.001481 1.002318 0.997368 1.002761 1.002651 1.001785 1.000823 1.005860 1.065184 0.979954 0.933266 0.938742 0.936210 0.938414 0.926621 0.925712 0.925372 0.921021 0.911945 0.914598 0.911507 0.910621 0.904150 0.901800 0.897511 0.900735 0.895872 0.896283 0.897021 0.891618 0.892431 0.891618 0.887469 0.887010 0.898526 0.889875 0.880906 0.892072 0.890772 0.884628 0.884916 0.884225 0.885780 0.893922 0.892371 0.893672 0.886722 0.890647 0.887866 0.889453 0.901165 0.903927 0.884205 0.888509 0.901754 0.885754 0.898031 0.900342 0.901217 0.903376 0.901429 0.909263 0.904374 0.906682 0.914010 0.915502 0.919303 0.932953 0.921493 0.929968 0.936561 0.932113 0.938147 0.939339 0.942574 0.982777 1.064998 1.008463 0.995086 0.997283 0.997037 1.008437 1.002777 1.006038 1.000794 0.999126 0.999614 0.999796 1.001421 0.998296 0.995966 0.999304 0.996145 1.006068 1.003405 1.001277 0.993386 0.991646 0.990675 0.999054 0.998659 1.003940 0.999449 1.000022 1.002215 1.000699 0.992653 1.002744 0.997007 0.998893 0.997999 1.003355 1.001757 0.999345 1.005377 1.001036 0.995533 0.996084 1.005688 0.997406 1.004373 0.998162 0.998095 1.001991 1.000287 0.993667 0.988799 1.004265 0.996994 0.998761 0.998852 1.004152 0.999092 1.007567
0.999872 1.006096 0.999501 0.999357 1.001834 0.997750 0.999676 0.990234 0.993638 0.998940 0.999199 0.998602 0.995663 0.994134 1.003138 0.997567 0.995683 1.005287 0.999725 0.994544 1.003109 0.996280 0.998027 0.995625 1.001614 1.001173 0.997247 1.007329 1.000798 1.011321 1.001371 0.998500 1.000904 0.997593 0.997226 0.999604 1.003616 1.008760 1.001874 0.998520 0.997053 0.998014 1.004415 0.994146 0.994789 0.999537 1.002748 1.003453 1.007137 1.000615 0.996280 1.000045 1.001759 1.001153 0.996973 1.009615 1.006298 0.998429 0.999510 1.004952 0.999092 0.999928 1.000137 1.000820 1.012125 1.083524 0.938402 0.940038 0.944089 0.942807 0.938991 0.934856 0.930676 0.923675 0.914318 0.909309 0.907303 0.912364 0.903806 0.903253 0.909889 0.898927 0.897571 0.900003 0.895810 0.897146 0.895241 0.886687 0.892461 0.897560 0.894919 0.894996 0.886992 0.889202 0.889651 0.891158 0.888323 0.888592 0.888702 0.887109 0.890609 0.894184 0.889840 0.893279 0.888994 0.887620 0.899955 0.890850 0.892979 0.896696 0.899970 0.900519 0.898277 0.892390 0.907798 0.908397 0.903285 0.908602 0.904658 0.915390 0.918142 0.917827 0.922888 0.920014 0.928376 0.928835 0.929160 0.931757 0.940690 0.937301 0.925990 1.085479 1.023505 1.006255 1.002883 1.004040 0.999823 0.999413 1.002616 1.002155 1.000375 0.996386 1.001904 1.003747 0.995758 0.995261 0.995872 1.003257 0.996469 1.005044 0.999381 1.001397 1.005891 1.004473 1.008811 1.005809 0.998466 1.004618 0.999197 0.996309 0.997600 1.003788 0.996537 1.002821 0.999278 0.998718 0.999954 1.007557 1.002075 1.002304 1.001810 1.004772 1.000683 1.000597 0.996567 0.998456 0.987329 0.998586 0.997363 0.997630 0.998129 0.997365 1.002194 1.000192 0.995695 0.999634 1.007050 1.005184 1.002242 1.003652
0.997025 0.994964 1.002141 1.001928 1.000982 0.992957 0.997327 1.001325 1.000270 0.997271 0.996241 1.006182 1.001291 0.998553 1.001333 1.005485 0.995791 0.995167 0.996758 1.001849 1.003354 0.993986 0.996365 0.997897 0.999946 1.002306 0.999834 1.004694 1.001081 1.001708 0.992788 0.998965 0.998211 0.998071 0.999283 0.997591 1.002714 0.999878 0.996792 1.002774 0.997145 0.998442 1.002217 0.996456 0.995575 0.998633 1.000671 1.003830 0.999639 1.003599 0.997835 0.993521 0.997594 1.002225 0.999529 0.998659 1.001742 1.005177 1.001746 1.001322 1.003453 0.999108 1.005269 1.007432 1.009169 1.062359 1.016420 0.931317 0.932596 0.938575 0.942679 0.938407 0.924979 0.924631 0.920413 0.920021 0.918290 0.916872 0.910111 0.899345 0.904428 0.905188 0.902543 0.900826 0.898495 0.898614 0.905142 0.887598 0.896566 0.889279 0.889796 0.901751 0.893152 0.894527 0.886217 0.888223 0.885561 0.886033 0.889480 0.888103 0.888897 0.891566 0.890631 0.895806 0.884532 0.889062 0.899262 0.889012 0.885109 0.894995 0.901475 0.904938 0.902670 0.902804 0.905844 0.910721 0.908265 0.908586 0.903849 0.912644 0.916101 0.926005 0.926890 0.922106 0.927816 0.935999 0.942313 0.943366 0.935827 0.932636 1.008871 1.058500 1.013783 1.001423 0.997206 0.996853 1.002330 0.994120 0.998372 0.999859 1.008529 0.999855 0.998021 1.003918 1.002149 0.995008 0.999170 0.999021 1.002649 1.001276 0.998661 0.997485 0.993499 0.995503 0.999171 1.010256 1.001617 0.996611 0.996196 0.998917 0.997833 1.000690 1.003117 0.998018 0.995642 0.992961 0.996151 1.003790 1.004158 1.002577 1.005650 0.999076 1.001278 1.003537 1.002899 0.997325 0.999000 0.997491 0.996442 1.007090 1.002282 1.004779 1.004321 0.999053 0.998722 0.997064 0.999981 0.998147 0.997027 0.993613
0.997362 1.000217 0.998031 1.000116 0.999892 1.001204 0.996533 1.002396 0.997524 0.999295 0.998581 1.002128 1.008498 1.001751 0.997073 0.990910 0.989834 0.989501 0.993734 1.002128 0.999403 1.000228 0.994017 0.994594 1.004250 0.999899 1.001463 1.006427 1.006265 0.999808 0.993124 1.004231 1.001087 1.005203 0.999774 1.002257 1.003448 0.995556 0.998026 0.998052 1.001377 0.997588 0.999985 0.993704 1.002320 1.000324 0.999035 1.005739 1.004112 1.005144 0.997019 0.997736 1.005375 1.001676 0.996199 0.996009 0.997316 1.002980 1.003172 0.999810 0.994805 1.001030 0.998187 0.999983 0.997318 1.023393 1.097442 0.940371 0.936556 0.944720 0.935012 0.934860 0.934779 0.932708 0.930566 0.925330 0.929533 0.921125 0.921079 0.908799 0.904693 0.904811 0.904377 0.905826 0.906215 0.899467 0.901040 0.896093 0.901194 0.894760 0.894332 0.890749 0.897499 0.896593 0.883839 0.888336 0.894327 0.890753 0.890549 0.887535 0.888255 0.889802 0.888290 0.889684 0.885889 0.891138 0.889366 0.897097 0.897518 0.898230 0.907704 0.895105 0.898674 0.899967 0.905308 0.904336 0.905813 0.910708 0.911700 0.921377 0.921012 0.926466 0.929003 0.926308 0.928177 0.932078 0.943282 0.933250 0.933101 0.937542 1.091121 1.027481 1.004358 1.001842 0.999936 1.003536 0.994474 1.002103 1.003381 1.004816 1.005283 1.002209 0.999672 0.997488 0.997353 0.997891 0.996179 0.998727 0.997801 0.994379 0.996907 1.000262 0.989915 0.998972 0.998089 1.008311 1.003108 0.997592 0.997730 0.998478 0.997437 0.998693 1.003325 0.999663 1.005451 0.993923 0.994576 1.006777 1.005439 0.996674 0.994735 0.993161 0.991616 1.001589 1.006990 0.997523 1.002779 1.000718 0.998079 0.995178 1.003898 1.002462 1.005325 1.000609 0.993554 0.997757 0.998442 1.001838 1.011650 1.007647
1.000421 1.005658 1.003652 0.998707 1.003190 0.997653 1.002059 0.997500 0.997307 0.999340 1.002913 1.003310 1.001793 1.003689 0.997836 0.995684 1.003877 1.000652 1.001487 1.004989 1.005417 1.005548 1.000881 1.002895 0.996215 0.995819 1.001719 0.996995 1.000402 1.000706 0.995590 1.002401 0.998759 0.999595 0.999799 1.004072 1.012821 1.000633 0.999752 0.995787 1.005689 1.000081 1.008747 1.002792 1.000924 0.994296 1.000347 1.004174 0.996226 0.997642 0.997718 0.996779 1.002245 1.006397 1.008846 1.002641 1.004104 0.998366 1.004802 1.000252 1.002004 0.997902 0.998189 0.995654 0.995157 0.994512 1.032692 1.056372 0.935571 0.944561 0.934456 0.941285 0.939270 0.931171 0.933430 0.928526 0.922945 0.929109 0.919498 0.909212 0.909614 0.903716 0.910031 0.900918 0.909758 0.899460 0.902162 0.896768 0.896115 0.897503 0.896199 0.898515 0.901097 0.896720 0.898023 0.898679 0.893277 0.899729 0.899089 0.886399 0.900395 0.894427 0.890539 0.893758 0.898269 0.895301 0.892038 0.897063 0.896833 0.904432 0.899890 0.904291 0.905051 0.903221 0.910444 0.911736 0.911975 0.914799 0.918391 0.913128 0.922767 0.931517 0.924549 0.935298 0.942167 0.937510 0.942826 0.937308 0.929679 1.062861 1.035774 1.010331 1.000062 0.995580 0.998046 0.999317 1.001272 0.996677 0.995471 1.003653 0.994773 0.999443 0.997440 0.995758 0.993622 1.000572 1.008831 1.001340 1.002245 1.001660 1.002507 1.002331 0.997648 1.000764 0.995869 1.000407 1.007163 1.003897 0.998018 0.997337 0.997502 0.996338 0.997049 0.995861 1.003136 1.004553 0.998743 1.004052 0.998857 0.999463 0.997627 0.995147 0.996964 0.998322 0.999805 0.997536 1.004254 0.998648 0.997911 1.004507 1.003934 0.998651 1.002309 1.005394 0.996528 0.996644 1.001049 1.002689 0.999241 1.006980
0.994802 1.002751 1.001127 0.995856 0.990872 0.995675 0.996288 0.987798 1.000103 0.990780 1.003571 0.994893 1.001146 1.000891 1.002305 0.998609 1.000915 1.005027 1.009769 1.006906 0.999132 1.006297 1.000315 1.000594 0.992373 0.999818 1.001445 0.993826 0.996455 1.002225 1.000889 0.998179 1.003377 0.999605 1.003548 0.999318 1.007679 1.001229 0.996466 1.000576 1.000587 1.002581 1.006002 0.998206 0.993939 0.995751 1.004759 1.004520 0.988391 0.995849 0.995583 1.001279 1.003039 0.999832 1.000545 1.006390 1.007699 1.004577 0.999053 1.000390 1.003848 0.996900 0.997795 1.000368 0.995896 1.002952 1.015975 1.068636 0.997393 0.939971 0.939331 0.945861 0.939691 0.925018 0.928090 0.927764 0.919759 0.925983 0.922975 0.916748 0.910505 0.916241 0.904998 0.908387 0.905609 0.908678 0.913927 0.902762 0.898835 0.899719 0.902859 0.904683 0.896691 0.895605 0.898506 0.898195 0.901813 0.899590 0.895477 0.897642 0.900905 0.894661 0.901135 0.896091 0.909353 0.903341 0.907878 0.900049 0.901180 0.898588 0.899135 0.904192 0.907363 0.903091 0.910800 0.910902 0.918472 0.917031 0.917865 0.919452 0.928187 0.927361 0.935426 0.938900 0.932716 0.933492 0.945581 0.950259 1.012385 1.064327 1.011873 1.007624 1.001451 0.994401 0.999591 1.004964 1.004502 0.998113 0.997879 0.997110 1.001420 0.999678 0.997497 0.995762 0.996610 1.003543 0.999320 1.003045 0.996662 0.997819 0.997497 0.999855 0.991717 0.998242 0.992748 1.003536 0.999053 1.002798 0.995072 0.997906 0.999778 1.003710 1.001961 0.997872 1.006306 1.000831 0.997584 0.998028 1.005330 1.004503 1.001124 0.992964 1.000334 0.993586 0.999688 0.994718 1.000533 1.001694 0.998210 1.001749 0.990914 1.003256 0.998380 0.993290 0.998607 1.002252 1.003019 1.002625 0.996410 1.002127
0.998329 1.003782 0.997437 0.995125 0.998651 1.007753 0.997072 0.997613 0.996269 0.992836 1.002138 0.991709 1.003772 0.997762 1.002298 1.000819 1.002469 0.996610 1.000253 1.003672 0.998550 1.003844 0.997256 1.004349 0.998659 0.998486 1.000210 0.995529 1.003328 0.995339 0.995719 0.999238 0.995164 0.992733 0.991679 0.995524 1.001622 1.002679 1.002096 0.997099 1.000885 1.001872 1.001126 0.997003 0.996805 1.001368 1.002558 1.008020 0.999710 0.998630 0.999730 0.994133 0.995923 1.003904 1.008251 1.004058 1.005995 0.994279 0.999397 1.008718 1.001349 1.000497 1.002002 1.004970 0.997016 1.001199 1.003004 1.014574 1.098105 0.967170 0.938848 0.942112 0.941253 0.936731 0.941391 0.930348 0.936401 0.928719 0.927176 0.922575 0.918822 0.921469 0.914141 0.913904 0.907263 0.909920 0.908412 0.901378 0.898213 0.901057 0.907085 0.903872 0.901744 0.896245 0.900477 0.896869 0.898979 0.889488 0.894412 0.900141 0.897969 0.906154 0.902889 0.896299 0.902549 0.913282 0.914192 0.902417 0.903006 0.902491 0.907255 0.910672 0.916422 0.911545 0.917960 0.927189 0.921072 0.917865 0.915584 0.926674 0.930209 0.929978 0.930355 0.937769 0.941824 0.944054 0.941683 0.959369 1.086003 1.015027 1.003113 0.999680 1.002313 0.994673 0.999764 1.001387 0.999245 1.005027 1.000431 0.994146 1.000645 0.996568 1.005036 1.003686 1.001988 1.003265 0.990384 0.998001 0.997149 1.002692 0.997732 1.003298 1.000199 0.997475 1.005613 1.000773 0.995627 1.002430 0.997252 0.997259 1.002562 1.005504 0.998707 1.002112 1.002248 1.001169 1.005312 1.004464 0.996572 0.994282 0.995024 0.999909 1.000191 1.002398 0.998480 0.993446 0.998722 1.005884 1.002287 0.988657 0.994532 0.993865 1.000957 0.998605 1.001566 1.008097 0.999904 0.998756 1.001203 0.998032
1.003129 1.003274 0.999240 1.000809 1.002759 1.003330 0.997087 0.997364 0.995632 0.996835 0.993658 1.003291 1.004853 1.003311 0.994261 0.998085 0.999306 1.000396 0.995271 0.991450 0.997266 0.997876 0.999846 1.006976 1.002780 0.997863 1.009132 1.003212 0.999445 0.996170 0.998522 1.004468 0.994643 0.998752 0.990748 0.993088 1.000087 0.997574 1.006707 0.995718 0.997583 1.005658 1.003008 0.997881 1.008308 0.998996 1.001856 1.008433 1.005260 1.000816 1.000929 0.999528 0.993827 1.002003 1.005105 1.003596 1.000047 1.001753 1.001742 1.004673 0.991752 0.999289 1.002324 0.997122 0.991699 0.997722 0.993008 1.004296 1.032573 1.095596 0.945846 0.932314 0.928514 0.940965 0.941894 0.941036 0.939274 0.928082 0.924978 0.922982 0.921139 0.926551 0.915309 0.914444 0.909312 0.902697 0.903826 0.908478 0.910181 0.911574 0.902777 0.905559 0.895263 0.900822 0.905577 0.901594 0.901615 0.900524 0.900879 0.902945 0.900689 0.903699 0.910018 0.906343 0.904953 0.901509 0.908671 0.909288 0.905725 0.906771 0.906200 0.908336 0.911884 0.917079 0.919029 0.919088 0.923121 0.917676 0.922112 0.930718 0.933726 0.935715 0.939105 0.935149 0.946103 0.933614 0.941190 1.085826 1.028450 1.002358 1.001970 0.996431 0.996143 0.990860 0.994844 1.005185 1.006960 1.005170 0.999588 0.995810 1.004392 0.994125 0.997972 1.000024 0.994414 1.004783 0.992485 0.999907 1.000631 0.999427 0.995878 0.997778 0.996798 0.993059 1.000110 1.006104 0.999636 0.997259 0.996153 0.995688 0.996216 0.996273 0.991656 0.998673 1.000123 1.000235 1.002580 0.995769 0.999128 1.001725 0.999892 1.004213 1.001447 1.004789 0.997595 1.000869 0.998109 1.007842 1.000663 0.998730 0.995594 0.997030 1.008105 0.996412 0.994811 0.997835 0.997534 0.998066 1.000802 1.000541
1.004376 1.000560 0.997163 1.000239 1.005144 0.998824 1.008413 0.997618 1.000224 0.998114 0.996889 1.004859 1.001364 0.999164 0.995909 0.998253 1.000994 0.995814 1.004883 0.995393 0.995920 1.005861 0.999843 0.987195 0.997086 1.004037 0.992109 1.000900 1.002438 1.000278 0.998413 0.993087 0.995322 1.007819 0.995945 0.991641 1.000028 0.995668 1.002212 1.002380 0.998808 0.996019 1.010650 1.002348 1.000847 1.003590 0.999305 0.995530 0.997787 1.003799 0.996371 0.997930 1.005346 0.999460 1.005168 1.001674 0.997257 1.001139 0.997058 1.002799 0.999876 0.997580 1.000219 0.997882 0.993480 0.996021 0.991835 0.996355 1.000592 1.035582 1.079111 0.935675 0.940298 0.942419 0.931673 0.938410 0.935623 0.930648 0.921594 0.929665 0.929407 0.923161 0.916252 0.913586 0.907291 0.914251 0.913394 0.908615 0.907547 0.904323 0.906506 0.906782 0.905914 0.904742 0.907228 0.904495 0.900600 0.910360 0.908408 0.904860 0.898676 0.898322 0.904363 0.898190 0.907265 0.909758 0.906201 0.905602 0.903805 0.911087 0.917945 0.916816 0.913397 0.918211 0.924103 0.923212 0.922752 0.923581 0.931274 0.937491 0.934154 0.938769 0.943134 0.934471 0.940071 0.926801 1.073303 1.032450 1.012201 1.001591 1.001658 1.008045 1.001659 0.997649 0.998510 0.996537 0.995119 1.005991 1.000455 0.987151 0.996886 0.999026 0.999469 0.995382 0.992780 0.992414 0.998903 0.997664 0.995626 1.000662 0.998029 0.993808 0.996873 0.991557 0.999963 1.002803 1.001320 0.995316 0.999829 0.993396 1.002130 1.008676 1.004771 1.009154 1.000138 1.001396 1.005425 0.995121 0.997058 0.999009 1.003470 1.004606 0.995209 0.994569 1.000443 1.001741 0.997312 1.003709 1.003143 0.999349 0.998461 0.995608 1.003708 0.996724 0.994453 1.000865 1.002123 0.994121 1.001760 0.986948
0.994031 1.004485 0.994303 0.989754 1.000743 0.998972 1.006692 1.001695 1.001378 1.008551 0.994894 1.000107 0.996006 0.997510 0.995943 0.998752 0.998344 0.992427 0.999092 0.999813 1.004457 0.998683 1.006375 1.003875 0.992244 0.992166 0.995498 0.999954 1.003867 1.012040 0.998482 0.997479 0.993718 0.998365 1.000950 0.995066 1.003990 1.000374 1.005018 0.997578 1.004823 1.003003 1.002754 0.997075 1.001596 1.004071 0.992678 0.998493 0.994413 0.999943 1.002379 1.001961 0.995711 0.993761 1.005583 1.000453 0.996503 0.997720 0.995781 1.002074 1.006616 1.000003 1.003470 1.003130 1.000886 0.997015 1.005695 0.997278 0.999304 1.014799 1.044226 1.076157 0.936693 0.939292 0.938689 0.942977 0.934042 0.930161 0.932976 0.924937 0.918951 0.921751 0.925612 0.922387 0.918772 0.922524 0.928943 0.915581 0.909413 0.912600 0.910306 0.910361 0.913320 0.908739 0.905100 0.902831 0.906173 0.904571 0.903811 0.904709 0.905731 0.899468 0.904202 0.903756 0.913418 0.908692 0.907886 0.905250 0.912459 0.909690 0.913955 0.913025 0.922291 0.916124 0.919449 0.924055 0.935207 0.926625 0.927106 0.926237 0.936207 0.935342 0.943979 0.940808 0.939070 1.073592 1.040655 1.005534 1.003462 1.001572 0.992793 1.000181 1.004162 0.998345 0.998354 1.000445 1.005876 1.009113 1.001753 0.994560 1.000378 0.999604 1.001879 1.002623 1.002617 1.005035 1.001615 0.999768 1.000002 0.998796 0.989515 0.998434 1.002015 1.002887 1.001581 1.008680 0.998822 0.999615 1.001244 1.008924 1.007199 1.000521 0.999032 0.991746 1.001524 0.995133 0.994584 1.000731 0.998593 1.005182 0.995462 0.991755 1.001763 0.996184 1.002434 1.002922 0.998205 0.995978 0.993071 0.995456 0.996629 0.993966 0.994140 0.996382 0.999144 1.001827 1.001932 1.003270 0.999040 0.998141
1.001566 0.999394 1.000677 1.000683 0.999968 1.003935 1.012778 1.004942 0.999203 0.997085 1.006690 0.997513 0.996479 0.999362 0.997986 1.003990 0.992642 0.988975 0.998723 0.995254 1.000306 1.000658 1.001899 1.004293 0.994335 0.996512 1.002624 0.993955 0.994865 0.998512 0.994016 1.001013 0.991558 0.993396 0.986996 1.000100 0.994903 1.008731 1.001840 0.998562 0.994808 0.999020 1.002966 1.005875 1.002843 0.999204 0.993046 1.011022 0.998366 1.001988 0.998658 1.000681 1.000085 0.995641 0.994665 0.998692 0.996788 1.000567 1.006321 0.998379 1.003353 0.999776 1.000854 0.999693 1.003612 0.993799 1.001736 0.991912 1.005393 1.003114 1.009153 1.042180 1.074319 0.946829 0.944623 0.944454 0.944246 0.950258 0.940187 0.931090 0.928945 0.931803 0.923708 0.920851 0.919762 0.925767 0.921493 0.920253 0.915973 0.916723 0.909425 0.909825 0.919197 0.911151 0.911166 0.916034 0.909606 0.905837 0.908109 0.908402 0.903469 0.905189 0.907294 0.911058 0.913056 0.908405 0.907900 0.911872 0.915806 0.922217 0.915144 0.923195 0.921782 0.922363 0.920843 0.927481 0.940268 0.940666 0.936545 0.938354 0.943416 0.940273 0.947234 0.933960 1.074632 1.041451 1.002335 1.002060 1.005445 1.001066 0.998418 1.006393 1.005272 1.002941 0.998711 1.006136 0.999214 1.000861 0.996930 0.992584 0.992527 0.996082 0.998183 0.998282 0.992329 0.997099 1.003431 1.005209 1.000696 1.003423 0.998661 1.008067 0.999210 1.001120 1.004829 0.999370 1.002314 0.997388 0.995503 1.005063 1.004132 1.006876 1.005455 0.996102 0.995903 0.990666 0.996100 0.998074 1.002292 0.991838 0.999006 1.000073 0.995531 0.994090 1.001588 1.001255 0.997769 0.998419 0.995204 1.002160 0.995615 0.999637 0.998115 1.002576 1.005098 0.999854 0.996965 1.001397 0.989828 1.005095
1.003847 1.005179 0.997827 0.983072 1.004120 0.995982 1.004291 1.004557 1.000564 0.994436 1.001461 0.995098 1.006450 0.996492 0.996165 0.995539 0.994178 1.001217 1.003487 0.996354 0.998265 1.000984 0.997501 1.002208 0.995979 0.992721 0.996774 1.000866 0.998560 0.999991 0.998541 1.004581 1.000162 0.995215 0.999597 1.000783 1.000860 1.012682 0.995237 1.002722 0.994963 0.991967 1.002619 0.998461 1.000713 1.007060 1.003687 1.012578 1.006803 1.004783 1.000086 1.000077 0.998958 1.000820 1.000434 1.004029 1.004218 0.997966 1.003696 1.002601 0.993587 0.991913 0.998222 1.000368 0.993684 0.994102 0.995202 0.991632 1.003631 1.002032 0.999191 1.001094 1.042757 1.086070 0.945524 0.930333 0.943411 0.947251 0.944675 0.935480 0.933751 0.930248 0.936446 0.930659 0.930982 0.922200 0.924821 0.916953 0.920754 0.915698 0.914965 0.909832 0.922766 0.918863 0.912369 0.913438 0.921014 0.912990 0.914677 0.911549 0.912283 0.910657 0.905776 0.910988 0.915168 0.916675 0.913622 0.916500 0.919218 0.925995 0.920109 0.929660 0.929562 0.923860 0.932252 0.926754 0.944810 0.935299 0.949629 0.950149 0.943175 0.929016 0.940503 1.088293 1.043246 1.010517 1.001918 1.006519 1.006428 1.003598 1.002440 1.004575 1.004814 1.001818 0.996125 1.010918 0.998014 0.993752 1.002713 0.999871 1.002564 0.999249 1.000474 1.001466 0.997202 0.998264 0.993574 1.000540 0.997486 0.999463 0.997422 1.003773 0.992701 0.996005 1.000301 0.998007 1.004769 0.992579 1.002470 1.002063 0.995546 1.003562 1.002401 0.994771 1.004952 0.992823 0.993022 1.001050 1.000630 1.000416 0.999806 0.998185 0.999610 1.002477 0.999860 1.001796 1.009296 0.999817 0.999668 0.999474 1.001586 0.990324 1.001117 0.997197 1.003437 1.004320 0.996366 0.990397 0.999238 1.001619
1.000875 0.992687 0.995489 1.000640 0.997008 0.999309 0.996048 0.994575 1.002420 0.991882 1.003627 1.002688 1.000240 0.994754 0.997961 0.998862 1.000244 0.994466 0.992223 0.987873 1.000248 1.001729 0.997954 0.993968 0.997718 0.998399 0.998935 0.992209 0.997607 1.002161 0.999558 1.001204 0.994067 1.002905 0.996732 1.011373 0.990809 1.005195 1.003685 1.001702 0.997882 0.998197 0.994596 1.014057 1.003250 1.008099 1.005411 1.006043 1.000317 0.993502 0.998486 1.002147 1.006125 0.999728 0.997658 1.005744 1.005095 0.994126 1.001829 1.005699 0.998445 0.997746 0.991737 0.996529 0.996462 1.002617 0.997812 0.999060 1.000283 1.004607 1.004025 0.998877 0.997869 1.033734 1.088146 0.956850 0.940871 0.943381 0.946067 0.949699 0.940969 0.935496 0.935710 0.927688 0.925793 0.921540 0.926617 0.917744 0.920385 0.916864 0.919956 0.919575 0.919710 0.924334 0.927442 0.913510 0.919743 0.915561 0.916129 0.915075 0.918029 0.914145 0.914186 0.911821 0.908292 0.920145 0.921332 0.919213 0.924622 0.926908 0.925106 0.926209 0.929458 0.931982 0.932498 0.935146 0.940593 0.944565 0.945008 0.939244 0.933910 0.962999 1.097470 1.036930 1.001565 0.998834 1.000695 1.001184 0.999104 0.992371 0.995618 0.995204 1.004460 1.005368 1.004084 1.005493 0.994568 0.993304 0.999437 1.000734 1.001425 0.995673 1.006398 0.996706 0.998683 0.998629 1.001285 0.996084 0.995680 1.000068 0.994732 0.995878 0.998064 0.994870 1.000240 1.001392 1.006662 0.998945 1.003760 1.000748 1.002870 0.999284 0.989805 0.997349 0.996530 0.999809 0.996796 1.000315 1.000265 1.001893 1.003257 1.001453 1.002811 1.005823 1.000992 0.990137 1.002350 1.001566 1.002782 0.994623 1.001050 0.995958 1.001893 1.004789 1.003288 1.008560 0.999602 0.998162 0.999130 0.997578
1.001731 0.997312 0.994636 0.995989 1.009896 1.009001 1.001532 0.985756 1.001954 1.000397 1.003907 1.001699 1.004122 1.002823 1.007338 0.998951 1.006221 0.998155 1.003385 1.008970 1.011204 0.999953 1.001290 0.996198 0.998929 0.997016 1.000328 0.998440 1.006988 1.010080 1.009128 0.998673 1.001645 0.996817 0.998604 1.000372 1.002205 0.996972 0.997988 1.001881 1.002802 0.996107 0.995653 1.003049 0.989373 1.000252 1.001941 0.999296 0.998386 0.998981 1.000706 1.004700 1.002273 0.995246 0.998536 1.003037 0.999387 0.998700 0.999073 0.997751 1.000007 0.998863 0.997389 0.997194 0.996629 0.993558 0.999634 0.994373 1.005284 1.004431 0.997037 0.998092 1.000444 0.997922 1.024196 1.091840 1.006455 0.933859 0.938840 0.939783 0.939737 0.939637 0.945586 0.940140 0.930882 0.932926 0.927258 0.935471 0.931322 0.930575 0.922871 0.921739 0.923931 0.916438 0.928580 0.923152 0.918506 0.922714 0.922233 0.915778 0.921042 0.924511 0.916849 0.916410 0.923739 0.924352 0.929341 0.920453 0.927808 0.922684 0.932491 0.918752 0.938360 0.937601 0.939382 0.933777 0.948755 0.946611 0.932167 0.933389 1.001142 1.084164 1.022230 1.005342 1.000975 1.000018 0.994946 1.004385 0.994974 1.006934 1.003961 1.004189 1.011493 1.001516 0.999417 0.996278 0.998429 0.996968 0.994119 1.001316 1.004100 0.997705 1.000816 0.995637 0.994657 1.000623 0.999612 1.001693 0.999751 0.999239 1.000630 0.999698 0.997253 0.994990 0.997295 1.000677 0.994657 1.001529 1.003430 1.002117 0.997530 1.000665 1.003445 1.004015 0.995205 0.997669 1.001663 0.997083 0.999408 0.997708 0.995970 0.996664 0.995755 0.999953 0.998618 1.003784 0.992445 0.997491 1.001515 0.995863 0.987968 0.997867 0.991116 0.998551 1.009562 1.004028 0.994668 1.001736 1.001349 0.998059
1.000906 1.001447 1.001822 1.004869 1.000924 1.001490 1.000827 1.001280 1.000772 1.002831 0.997734 1.002077 1.003212 0.997443 0.995279 0.997836 0.994014 0.999847 1.006828 0.996164 1.004857 0.996744 1.003610 1.007193 0.998586 0.994616 1.002262 1.001318 0.996143 1.001648 0.997645 1.002401 0.993840 1.003351 1.004278 0.999948 0.996247 0.998118 1.002875 0.998538 1.005069 0.991788 1.000047 0.993642 0.998806 1.002918 0.999265 0.999794 0.998864 1.000271 0.995607 0.999125 1.003696 1.003635 1.002561 1.001629 1.006859 1.007400 0.999539 0.996202 0.994324 0.998622 0.995509 0.992981 0.998374 0.999568 0.995519 1.000519 0.990990 0.997505 1.003536 1.000138 0.992331 1.001693 1.000899 1.017055 1.070876 1.063401 0.949441 0.939471 0.932259 0.936311 0.948744 0.942991 0.936725 0.929519 0.931554 0.938874 0.936875 0.928171 0.920085 0.929546 0.930196 0.924913 0.923603 0.933597 0.925972 0.930758 0.919913 0.923189 0.926943 0.927680 0.921931 0.922953 0.928792 0.922331 0.930098 0.927497 0.934078 0.924172 0.937937 0.936583 0.936546 0.941056 0.945739 0.948494 0.949278 0.950033 0.941359 1.065124 1.061823 1.014337 1.002371 1.001388 1.005180 0.997926 1.001342 1.000818 1.000425 1.004332 1.001858 1.004749 0.995522 0.998881 0.998516 1.004025 1.000599 1.000921 0.994781 0.995076 0.996018 0.999469 0.996776 0.998954 0.994498 0.998433 0.999581 0.997551 1.009287 1.003400 1.003396 1.002644 1.005671 0.997802 1.001718 0.995195 1.004162 1.000632 0.995535 0.992706 1.004453 1.002223 0.996367 0.997824 0.994175 0.996849 1.000823 0.999227 1.001371 0.999321 0.997255 0.994146 0.996344 0.996540 1.002926 0.993242 0.997737 0.999390 1.008801 1.001013 0.999473 1.003063 0.998714 0.993586 0.998761 1.002896 1.002981 0.999486 0.991122 0.997021
0.997486 0.995871 1.001343 0.997999 0.991638 1.007090 0.997864 1.000304 0.999371 1.001713 0.992856 0.995868 1.003318 0.995087 0.992206 1.004265 1.003841 1.000555 1.001198 1.001707 1.001035 0.992574 0.999088 1.002657 0.995961 0.994650 1.003431 1.001354 1.007130 1.005580 1.006191 0.998294 0.999797 1.006508 0.997887 0.989412 0.997885 0.991866 0.998118 0.996931 0.993472 0.993419 1.003005 1.002463 0.997137 1.005165 1.002754 1.001221 0.999563 0.999790 0.998904 0.998974 0.997500 0.993895 0.997794 1.000267 1.000777 1.001087 0.994262 1.000348 0.999437 0.994620 0.995540 0.996809 0.993120 0.997231 1.000181 1.007073 1.004710 1.001122 1.004715 1.004635 0.992493 0.999965 0.998700 1.003803 1.012418 1.037378 1.091597 1.021379 0.935162 0.933354 0.942536 0.940257 0.942846 0.942289 0.942154 0.945369 0.946960 0.933682 0.934173 0.939515 0.935844 0.937462 0.938281 0.933563 0.934752 0.938964 0.934040 0.929368 0.930395 0.930055 0.927960 0.936987 0.940911 0.928491 0.934649 0.934932 0.932707 0.941889 0.945551 0.934849 0.941106 0.941162 0.943990 0.944983 0.942443 1.008525 1.089486 1.031147 1.010078 0.993370 0.997476 0.996882 1.001976 0.997777 0.993206 1.004757 1.000236 0.999526 0.994007 0.998270 1.004093 1.002495 0.994125 0.994520 0.994716 1.005063 0.995422 0.995699 0.999554 1.006849 1.003240 1.002397 0.994116 1.002859 1.009314 1.001419 0.992785 0.994131 1.001583 0.999591 1.001198 0.998530 0.999431 0.999210 1.005350 1.010930 1.002835 0.995101 1.002920 0.997706 0.999228 0.992013 0.995796 0.997177 0.997872 1.000878 0.997278 1.004316 1.001586 0.993565 0.996067 1.000515 1.004308 1.003882 0.996571 0.997531 0.999825 1.006390 0.996238 1.002648 0.996888 1.001608 1.006149 0.993874 1.001120 1.001095 1.002776 0.995876
1.001247 0.998990 0.998650 0.999067 1.010405 1.005143 1.006037 0.994610 0.996189 1.005630 1.000611 0.997059 0.994123 0.999565 1.003445 1.001829 1.000201 0.992184 1.002603 1.005623 0.997130 0.991141 0.998238 1.005284 0.999777 0.993907 1.002689 0.999349 1.006097 0.996947 1.002388 1.006925 1.002190 1.004926 0.997839 0.992648 0.999463 0.995604 0.995913 0.988678 0.992719 1.002314 0.999623 0.999988 1.008740 1.003579 1.007274 0.998077 1.007969 1.003201 1.004455 1.003653 1.001618 0.994741 0.989140 1.000994 0.998281 1.000275 0.996398 0.997882 0.995108 0.992683 1.002376 0.997899 0.992749 1.002191 1.007426 1.003646 0.993476 0.999105 0.992540 1.000240 1.007744 0.999204 0.995106 0.993956 1.004067 1.001531 1.012989 1.054171 1.088894 0.982980 0.920271 0.942181 0.936956 0.943829 0.945637 0.944787 0.941973 0.938247 0.946781 0.943013 0.931791 0.941860 0.943290 0.935102 0.937569 0.939457 0.930331 0.926423 0.933459 0.941357 0.940597 0.934464 0.930427 0.938533 0.937286 0.940726 0.943146 0.940432 0.944464 0.946580 0.943955 0.939931 0.920914 0.989316 1.083869 1.049980 1.020244 0.997329 1.002534 1.003895 1.006173 1.000785 0.999922 1.003012 0.999129 1.004258 1.000619 0.993444 0.998034 1.001755 0.991684 0.998726 0.997810 1.003851 0.996075 0.998261 0.994727 1.000191 1.003928 1.000581 0.994112 0.999336 0.995176 0.998686 0.999576 0.996842 0.996546 1.000834 1.000291 1.002471 0.994460 1.002401 0.998781 0.998422 0.998579 0.995197 1.001639 0.996799 0.989622 0.990541 1.001759 1.008732 1.000115 0.995476 1.004130 0.995170 0.994099 0.998312 0.995718 0.995025 0.997173 1.005503 1.006629 1.002798 1.002532 0.999290 1.005712 0.997632 0.998096 1.004699 0.995308 1.006159 1.005158 1.002871 1.004856 1.007050 1.000406 0.997102
0.995820 0.996889 1.007402 0.997086 1.006381 1.001308 1.000996 0.997340 0.994798 1.003281 0.996002 1.002666 1.003964 0.996081 1.004326 0.995087 1.000298 0.998130 1.001134 1.000442 1.007503 0.999337 1.003290 0.999044 0.994306 1.000000 0.995287 0.999637 0.997037 1.002089 0.995525 1.001843 0.998071 0.995751 0.997043 0.994132 0.997972 0.997254 0.992188 0.995651 0.995597 1.001309 0.998054 1.002116 1.000276 0.998677 0.998217 1.006619 1.003582 0.994542 0.998237 0.997244 1.002147 0.994791 0.993289 0.997025 0.994999 0.997606 0.991614 0.994469 1.007431 0.995754 0.993823 1.010091 1.008822 1.000427 1.003481 1.001940 1.000964 1.001055 1.007759 1.005005 0.999867 0.998510 1.010183 1.004403 1.004178 0.994695 1.000060 1.012867 1.022596 1.063553 1.080206 1.004699 0.925211 0.949094 0.941560 0.948884 0.937628 0.947911 0.939157 0.945059 0.947020 0.938428 0.945853 0.944941 0.941006 0.943412 0.933217 0.946758 0.939496 0.948723 0.942737 0.944141 0.945270 0.936411 0.940350 0.942974 0.950647 0.936562 0.936647 0.931582 0.926580 1.003276 1.095728 1.073521 1.021332 1.009910 0.999731 0.994177 0.991685 1.005253 1.005693 0.999087 0.998292 1.002467 0.999297 1.002193 1.004674 0.995060 1.001942 1.004214 1.000022 1.007058 0.998575 1.006989 0.999664 1.006047 1.001675 1.001805 0.994991 0.997291 1.003504 0.999032 0.998315 0.996563 0.996071 1.006608 1.000995 1.002511 1.004619 1.006093 0.999273 1.005358 1.004689 1.002839 0.996677 0.998312 1.001856 1.002698 0.999503 0.993192 0.998987 0.995546 1.001122 0.998242 1.001623 0.999914 0.991802 0.995757 0.996458 1.006855 0.991036 1.003396 1.001777 1.000398 0.999915 1.000888 1.005063 0.997427 1.002360 1.000402 0.997307 1.002462 0.991640 0.991615 0.991738 0.996901 1.000776 1.005281
0.994753 0.999632 0.995753 1.005909 1.004606 0.996174 1.005349 0.996898 0.999385 0.996410 1.004182 0.994477 0.993504 0.993492 0.998949 0.998382 1.002691 1.007877 1.006363 1.003251 1.004073 1.003164 1.001413 0.988757 0.992717 1.003122 1.008301 1.008364 1.007196 1.005266 0.996201 0.993551 1.001582 1.006472 1.002133 1.003951 0.995658 1.001832 1.004926 1.001846 1.000729 0.995964 1.005242 1.007894 1.002196 0.991019 1.002240 1.008177 0.999006 1.000816 0.998881 0.994851 0.997145 0.994597 0.999903 0.995648 1.000658 0.997513 1.002331 0.994437 1.001816 1.001972 0.998801 0.999019 1.005502 1.000521 1.005610 0.995136 0.990327 0.998406 0.996192 1.007694 1.002237 0.999311 1.005577 1.000933 0.995184 1.000821 0.998746 0.996374 1.004942 1.009008 1.021313 1.062424 1.106975 1.051854 0.954903 0.942169 0.936710 0.938418 0.938888 0.939947 0.941933 0.942255 0.940246 0.948386 0.941212 0.946092 0.946991 0.943843 0.940250 0.947301 0.942010 0.938827 0.945108 0.943629 0.938205 0.942152 0.931437 0.919397 0.959436 1.041377 1.088613 1.047879 1.023703 1.010673 1.001779 0.996652 1.000129 1.000949 0.991972 0.998513 1.001155 0.994326 1.002615 0.998052 1.001343 1.001899 1.002826 1.001742 0.998209 0.987194 0.996330 1.000891 0.997609 0.992780 1.002925 1.000535 0.999107 0.999185 0.993932 0.994719 1.006310 0.996239 1.005148 1.000171 1.001274 1.000716 1.003401 0.997634 1.001217 1.002785 1.002834 1.007455 1.007719 1.001824 0.997301 1.001656 0.997287 0.999474 1.003024 0.992751 0.993637 1.002606 0.994319 1.003284 1.003299 0.990913 0.993575 1.004115 1.002444 1.005176 1.001330 0.997687 0.995846 0.998288 1.000298 1.000327 1.001913 0.995156 1.003996 1.004234 1.000753 0.997821 1.002212 1.001877 0.989370 1.002769 1.000241 0.999667
0.998120 1.001031 0.997876 0.996529 1.003484 1.006985 1.004515 1.000880 1.004697 0.992634 0.996924 1.004028 1.003783 0.996600 0.997141 1.000033 0.994945 0.998631 0.996863 0.996296 1.000542 1.005975 1.000573 0.995391 1.000561 1.004711 0.995086 1.006009 1.008467 1.000425 1.001496 0.994027 1.003045 1.000451 0.995814 1.001859 0.997110 0.995304 1.004053 1.003529 1.002864 1.005227 1.002766 0.995110 1.003439 0.997368 0.999362 0.996743 0.999740 1.002818 1.005741 0.996810 1.000227 0.996305 0.996558 0.999024 0.999130 0.992651 1.000438 1.003895 1.005529 1.000418 1.000425 0.995290 1.001232 0.998898 0.993314 1.003493 1.001223 1.004364 0.999112 1.003410 1.004245 1.003807 0.992506 0.998163 1.005883 0.994496 1.005737 0.999519 1.002893 1.004061 0.995867 1.010724 1.007251 1.027488 1.085250 1.090344 1.058479 0.988896 0.932955 0.923790 0.931617 0.940961 0.948185 0.945812 0.942880 0.944196 0.937041 0.929844 0.945988 0.940861 0.934721 0.942642 0.937129 0.929758 0.936039 1.001200 1.055951 1.097870 1.082923 1.034043 1.021380 1.009351 0.999687 1.005437 0.996514 1.001150 1.004259 0.998221 0.992534 0.998417 0.998913 1.000897 1.002868 1.003750 1.002104 0.995206 0.995206 1.001606 1.005905 0.998275 0.998620 1.002588 0.996465 0.994620 0.997137 0.992976 0.994590 0.998742 1.001373 0.999065 0.995317 0.996860 0.998039 0.998975 1.003233 1.000760 0.996069 0.997828 1.000864 0.999883 1.000741 1.000495 1.002593 0.999120 0.999863 1.002381 1.003918 1.000031 0.999224 0.999059 1.000490 1.001893 0.999309 1.000145 1.001935 0.993209 0.998681 0.999545 0.993754 1.002990 0.999065 0.999613 1.004743 1.003609 1.004685 1.002093 0.999857 1.003572 0.998817 1.006808 1.000447 0.997395 0.996521 1.000444 0.999187 0.998349 0.998963 0.997920
1.007500 1.004756 1.000050 0.998041 1.001069 1.002910 1.002980 0.994499 1.002750 1.001357 0.998372 1.007803 1.003015 0.995510 1.007477 0.999079 0.997885 0.996466 0.994683 1.000381 0.998749 1.000135 0.999608 1.001161 1.004904 0.998768 0.991018 0.994991 1.001150 1.003790 1.005986 0.994684 1.002724 0.996075 0.998763 1.003162 0.997275 1.001934 1.000554 1.001932 0.997358 1.001149 1.006596 1.004052 0.990964 0.998705 0.998301 1.000980 1.000318 1.001731 1.002381 1.005706 0.998268 0.999397 1.001674 0.995073 0.997657 0.999015 1.006335 1.000420 1.000807 0.995214 1.002219 1.006419 0.999200 0.997563 1.003425 1.012019 1.004930 0.998681 0.991419 0.996584 0.997576 0.995024 0.994675 0.997040 0.994910 0.991229 0.999847 1.005108 0.999791 1.007224 1.002215 1.003160 0.999925 1.000796 1.009104 1.016488 1.027095 1.061399 1.098467 1.097848 1.068466 1.042309 1.026843 1.009695 0.986921 0.964071 0.963167 0.955147 0.965372 0.996507 1.023411 1.042436 1.058658 1.082820 1.098686 1.063237 1.028188 1.013582 1.008582 1.010546 1.001390 1.009075 1.001306 1.001955 1.006339 1.003391 1.001042 1.002663 0.992846 1.005142 1.003863 0.995808 1.005470 0.997016 1.000233 1.003615 0.994085 0.996013 1.002610 1.008513 1.008889 1.003678 0.997626 1.000093 1.006689 1.002814 0.999079 0.990736 0.995384 1.002067 1.002583 1.001839 0.994204 0.995929 0.997105 0.998712 0.999885 0.999056 1.005868 1.005462 1.007178 1.004408 0.999370 0.998019 1.003761 0.992007 1.007490 0.996595 0.996128 0.999375 0.997128 0.989796 0.991765 0.994719 1.002447 1.003876 1.004868 1.003367 0.998763 1.002827 1.001496 1.007877 0.999735 1.004579 1.004086 1.005916 1.001820 0.996131 1.000094 0.999509 0.997419 0.999742 1.000845 1.000237 0.997392 1.002322 1.000136 1.000244
0.992949 1.001993 0.994077 0.993750 0.992800 0.993799 0.999969 1.001280 1.001440 1.004645 1.000746 1.000033 1.001016 0.998395 0.999541 1.001160 0.997895 1.001102 0.991577 1.001294 1.003346 0.994559 1.006361 1.001076 0.998555 1.006240 0.995336 0.992311 1.000914 1.002836 1.000201 0.999425 1.001704 0.995047 0.999761 1.000737 1.002022 1.001759 1.005680 1.005381 1.000257 1.001105 0.998855 1.004715 1.003975 1.005230 0.999748 1.004421 0.997536 1.002475 0.999542 1.004291 0.999897 0.999576 0.995960 0.992102 0.997687 1.002815 1.005023 1.002713 1.005642 0.996404 1.003307 0.999949 0.995870 0.996464 1.000516 0.999725 0.999082 0.991314 0.994922 0.997565 0.993120 0.992855 0.992442 0.997881 0.997059 0.993422 1.004411 0.995050 0.995591 1.009898 1.008274 0.998609 0.994377 1.006311 1.000618 1.001815 1.010418 1.006878 1.007646 1.016652 1.007954 1.028435 1.033452 1.052396 1.068082 1.072074 1.083376 1.078534 1.058726 1.048978 1.030111 1.020101 1.022807 1.015898 1.009110 1.003072 0.993261 0.990669 0.996005 0.999053 0.994222 1.009992 1.003977 1.005724 0.999406 1.001309 0.994335 0.999258 1.005513 1.001750 0.997996 1.004247 1.004030 1.001621 0.996566 0.996704 0.997556 1.007923 1.000096 0.998550 0.999660 0.996694 1.001555 1.001012 1.000415 1.007981 0.997868 1.001447 1.004481 0.992716 0.994663 1.000617 1.002257 0.994591 1.002813 1.006234 0.994478 1.004518 1.002207 0.998003 0.998426 0.990954 0.997996 1.005921 0.998195 0.991987 1.008122 1.000386 0.998914 1.001994 1.002165 0.997503 0.993968 1.002400 1.004295 0.993366 0.998753 1.000376 0.996069 0.991446 1.004118 1.000056 0.996980 1.004324 1.002633 0.999566 0.993904 0.994931 0.993676 0.998938 1.000093 0.998806 1.000924 1.006722 1.001491 0.998502 0.999140 1.001434
0.994225 0.995936 0.996433 1.000701 0.999275 0.993552 1.004770 0.996068 1.000008 0.997501 1.004408 1.003466 0.996293 1.001210 1.000590 0.993726 0.997946 1.003734 1.001061 1.004711 0.999830 1.003004 1.004936 1.003392 1.003475 0.997479 1.002049 1.003380 1.004026 1.001459 0.997978 0.997962 0.995607 1.004713 0.999867 1.001928 0.998035 1.003456 1.005368 1.006556 0.994502 0.997986 0.995177 0.998329 1.000716 0.997415 1.006674 0.993734 1.001223 1.005770 1.004480 0.992455 1.001877 0.998871 0.994444 0.992506 1.008527 0.999997 1.000845 1.000646 0.995131 0.992708 1.004959 1.006075 0.997017 0.999709 0.994921 1.005223 1.005901 0.991474 0.993932 0.997285 0.999593 0.997028 0.994001 1.003026 1.001804 0.992678 0.999637 1.003488 1.002092 1.010751 1.002838 1.002258 0.996222 0.995812 1.000443 0.998850 1.000330 0.995959 1.000970 1.005556 1.006990 0.996174 0.999797 1.003144 0.997886 1.001463 1.009745 1.001743 1.004815 1.002843 1.008501 1.004997 0.997638 1.008478 0.997390 1.003479 0.996400 0.994349 0.992119 1.000092 0.996487 1.004228 1.001413 1.006742 1.000906 0.996316 0.999550 0.997945 1.005048 1.003213 0.995669 0.991429 0.995614 1.006758 1.000719 0.997946 1.002644 1.002350 1.004149 0.997796 0.997272 1.006469 1.003570 1.000053 0.998315 1.000840 0.995298 0.993861 0.996880 0.996715 0.996141 1.000151 1.001032 1.004335 0.991446 1.001161 1.006312 0.995150 0.998739 0.999216 0.991486 1.002561 1.001791 1.002314 1.002637 1.002678 1.000932 1.008316 0.994927 0.992679 0.998500 1.000017 0.992746 0.995367 0.996796 1.002482 1.001905 0.996691 0.996982 0.993037 0.997109 0.998389 0.999329 0.997699 0.996872 0.994804 0.993487 0.996853 0.990131 0.991866 0.993177 0.991604 0.992254 1.000220 0.993960 0.995290 1.000806 0.996484
1.002651 0.997355 0.997880 0.991599 0.999499 0.996727 0.996572 1.002030 1.001141 0.999650 0.996346 0.992367 0.995375 0.999473 0.994607 0.995105 1.000017 0.992346 0.995117 1.005409 1.003871 0.991004 0.993491 1.002365 0.999152 0.999873 0.995498 0.997496 0.996307 0.996264 0.992970 1.003127 1.006412 1.006228 1.000369 1.003913 1.002449 1.000836 1.000492 1.005178 0.996638 0.990430 0.995233 1.000970 0.999126 1.000165 1.004522 1.007315 0.999776 0.998795 1.005565 1.001219 1.003013 1.007007 0.996925 1.000839 0.998624 1.006430 1.004360 0.993150 1.001970 0.994936 0.995906 1.004160 0.996886 0.996586 1.000078 1.004268 1.008356 0.998858 1.005274 0.997010 0.999002 1.000098 1.004044 1.005121 1.001935 0.990495 1.000984 1.002803 0.998036 1.001336 0.998527 1.001819 0.998554 1.005820 1.000987 0.992523 0.995842 0.992900 1.002902 0.997867 0.996144 0.998550 0.997119 0.999826 1.007540 1.003194 0.998735 0.996593 1.001780 0.997209 1.001892 0.994367 1.001168 1.005792 1.001791 1.007174 0.997568 1.004399 1.000791 1.000323 1.001875 1.003070 0.999553 1.009179 1.011096 1.008963 0.998851 0.991223 1.000828 0.996355 0.998803 0.999744 0.997369 1.000385 1.001052 0.996439 0.996893 1.006977 1.001553 0.997567 0.995712 1.002643 0.998060 1.002088 1.000868 1.002586 1.000085 0.990735 1.001229 1.000136 0.998904 0.998381 0.997198 0.994305 0.996943 1.003056 0.997579 1.000225 1.003331 1.005871 1.000652 1.004410 0.997214 1.006922 1.004813 0.999501 0.999556 0.992632 0.997454 1.003770 0.998934 0.993588 1.000376 0.999713 0.996339 1.005841 0.999690 1.000173 0.994282 0.996887 0.997118 1.002083 0.997489 0.999553 0.999480 1.001907 1.001379 0.996567 0.992331 0.995797 1.002146 1.001027 1.002354 0.996755 1.002632 0.996178 1.002220 0.994951
1.005412 1.009314 1.007729 0.992606 0.997899 0.999168 0.993053 0.999253 1.003968 1.005933 1.006427 1.001056 0.999638 0.998420 0.995595 1.003402 1.000977 0.994857 1.002103 0.999118 1.005631 0.996246 0.997433 0.999619 1.003933 0.998078 1.005113 0.992555 1.001819 0.999057 0.996893 0.994042 1.001223 1.000490 0.998663 1.013819 1.001706 0.998681 1.002593 0.998122 0.994367 1.002390 0.996772 1.001431 0.996922 0.998417 0.999936 1.003467 0.997297 0.996139 0.996445 1.005758 0.997942 1.001446 0.997612 0.999958 1.004283 1.000678 0.994483 0.999582 0.995365 0.988452 0.998715 0.998621 0.997594 0.997886 0.989697 0.991408 0.995775 1.001084 1.000529 0.993222 1.001060 0.999974 1.001968 1.003740 0.999757 0.998702 0.999919 1.002079 0.999679 0.997478 0.999723 0.997178 0.998239 0.998084 0.992676 0.990584 0.997152 1.003597 0.998717 1.001102 1.000924 0.995027 0.996205 1.005013 1.008567 0.995934 1.005053 1.000985 0.999362 1.002018 1.001616 0.995398 0.992476 0.994345 0.997995 0.992270 0.999228 0.996534 1.000589 1.005680 0.999833 1.005229 1.004332 1.005621 1.001366 1.005651 0.997006 0.998284 1.008220 1.002727 0.993747 0.993889 0.989704 1.000999 1.002182 0.998654 0.998393 1.005426 0.998228 1.007502 1.003328 0.991138 1.000228 0.997269 1.003366 1.007179 1.000047 0.997143 1.008267 1.011976 1.003341 0.999669 0.992598 0.993075 0.996568 0.996842 1.004982 0.997363 0.997792 0.992962 1.000914 1.002810 1.002528 0.996060 0.994305 0.999430 0.997452 0.999782 1.008205 0.993839 1.004268 0.999629 0.996390 0.994009 0.994363 0.997034 0.999654 1.005194 0.995615 0.996437 1.001598 1.006336 0.997877 1.004892 1.000810 1.003796 1.001935 0.994395 0.996663 1.001144 0.999782 1.009587 0.996703 1.002403 0.994296 0.996638 1.003101 0.998399
0.998182 1.001463 1.001841 0.993578 0.999093 1.010656 0.996209 1.002131 0.996307 0.996616 0.995262 0.996334 0.996891 1.002317 0.999526 1.006678 1.004085 1.001933 1.004261 0.999879 1.003336 1.004172 0.999543 0.996224 1.000905 1.000285 1.003988 1.001322 0.997827 0.994560 0.994571 0.998838 0.997038 0.995847 0.996836 1.005071 0.999753 0.999371 1.001212 1.007918 1.009654 1.005679 1.003611 1.007141 1.000516 1.007199 1.003303 0.999349 1.007286 1.000253 0.999426 0.998893 0.996904 0.995488 1.001228 0.994035 0.993973 1.003077 0.996804 0.991706 0.994701 0.989915 0.997600 0.993432 1.000870 1.003641 0.998630 1.001832 1.001798 0.999442 0.995661 1.000844 0.998255 0.998751 0.993518 0.997334 0.997513 0.992738 0.995667 1.004280 0.996048 0.997967 0.998343 0.994729 0.996391 0.994193 0.990198 0.999171 1.003094 0.997775 1.002202 0.999695 1.001533 0.993850 1.002739 1.001936 1.005114 1.000612 0.999244 0.992738 0.995855 0.998970 0.998895 1.000096 0.993566 1.002891 1.004469 0.997259 1.012762 0.998702 0.993413 1.000452 1.000032 1.000964 0.998734 0.999214 0.987543 1.005343 0.999696 0.999345 1.008024 0.992201 0.994020 1.000420 0.997867 1.001683 1.001829 1.005295 0.998835 1.005657 1.000654 0.997848 0.997776 0.998354 1.003625 0.999803 0.999351 1.002546 0.997262 1.000431 1.011505 1.003905 1.003713 1.004947 1.009458 1.001877 1.001517 0.997340 0.998812 0.998258 0.997924 0.998727 1.006943 0.998246 1.004691 1.001900 0.999999 1.001197 0.998199 1.003600 1.001316 0.999195 1.000374 1.000807 0.990458 0.990120 1.006078 1.003209 0.997586 1.006791 1.002542 0.998295 0.993040 0.992924 0.999056 1.002461 1.000735 0.999137 0.994287 0.996575 0.995354 1.004598 0.992713 1.000009 0.997306 1.001505 0.996533 1.002180 0.996510 0.995877
1.002187 0.999799 1.007192 0.995067 0.998999 1.003289 1.008110 1.003438 1.006152 0.989313 0.991208 1.003049 1.001779 1.006743 0.999407 1.002563 0.999816 0.992995 0.993390 0.998068 0.996143 0.998757 0.992676 0.998986 1.001185 0.996340 1.003716 1.004216 0.994234 0.998874 1.004688 0.998105 1.004378 0.996576 1.000696 1.000062 1.006520 1.006847 0.998004 0.996454 0.996036 1.002303 1.003980 1.006116 1.002484 1.000169 1.000463 1.007887 1.002916 1.001894 1.000444 0.996764 0.995693 0.992622 1.002988 1.001442 0.999435 0.992081 1.006745 0.997184 1.004332 0.998654 1.001974 0.994333 1.003284 1.002909 0.999945 0.988695 1.004868 1.003700 0.991648 0.996038 1.002215 0.998731 0.998573 0.996064 0.992308 0.999861 1.009276 1.000499 0.996329 0.999358 1.000519 0.997978 0.991330 0.995421 1.003258 1.002806 0.996157 0.998829 1.007392 1.003194 0.995613 0.994150 0.995757 1.004715 1.000387 0.996768 0.993273 1.003718 1.003165 0.993739 1.003624 1.004878 1.000804 0.993027 0.996849 0.997949 0.995922 0.990543 0.996907 0.989685 1.002040 1.000459 0.998419 0.996232 0.994792 1.001763 1.000204 1.000151 0.997750 0.994430 0.992467 0.995716 0.999880 1.001686 1.002964 1.001549 0.997670 1.004882 1.009368 0.998226 1.001200 0.993860 1.007146 0.995494 0.998145 1.004210 1.007528 0.999554 0.997813 1.000338 0.999632 0.991420 1.006681 1.006468 0.997978 1.003148 0.999056 0.996799 0.998948 1.001949 0.996843 1.001202 1.002826 1.002427 1.001071 0.994940 0.994361 1.003574 0.995318 1.007158 1.001240 0.995064 1.000409 1.002091 0.997985 0.997562 1.004195 1.001175 0.999459 1.001309 0.999524 0.998284 0.998531 1.008840 0.998762 1.006541 0.993397 1.005494 1.000885 1.001751 1.005551 0.999594 0.999366 0.990653 0.992864 1.003206 0.996173 1.005907
1.007802 0.998770 1.006481 1.004767 0.998120 0.998643 1.000574 0.999084 0.995785 0.996514 0.998884 0.998888 1.002387 1.005155 0.995369 0.999522 0.999242 1.000808 1.004325 1.005428 1.004933 0.999532 0.996685 0.999254 1.001977 1.000113 1.003211 1.002303 0.996956 1.001311 1.005674 0.999245 0.996203 1.002736 0.999072 1.003257 0.999625 1.002253 0.997369 1.002398 0.997984 1.001970 1.002983 1.000706 1.003134 1.005004 1.001129 1.007194 0.999341 0.996293 0.997664 1.004051 1.004811 1.000167 0.992612 0.995155 0.996370 1.000077 1.004283 0.998786 1.001217 1.001520 0.998665 1.001040 1.000053 0.998470 1.002211 0.991713 0.997007 1.004437 1.002637 1.001916 0.999427 0.998258 1.003584 0.996671 1.004864 1.004322 0.995854 1.003713 1.001299 0.997177 0.993587 0.998682 1.001943 1.002859 1.006360 0.999756 1.001846 1.005752 0.998725 1.006086 1.005443 1.005697 0.998899 1.004630 1.000803 0.995298 0.999264 0.999543 0.996152 1.001703 0.998279 1.002785 0.996773 1.006420 1.000468 0.994923 1.000448 0.990259 0.998926 0.998428 0.999747 1.001772 1.000064 0.992822 1.004772 0.995196 0.994493 0.996391 0.994128 0.996420 0.993530 1.002436 1.000111 1.001750 0.997911 1.001056 1.005455 1.000549 1.001233 0.994855 1.003493 1.004035 0.997128 0.998935 1.001791 1.006095 1.000916 1.002276 1.000880 0.997827 1.004749 1.001800 0.995943 0.998135 0.996836 1.014098 1.001783 0.992994 0.997734 0.999579 0.995785 1.007316 1.000619 0.996204 0.996151 1.004710 1.004528 1.006580 0.998267 0.991847 0.998735 0.996552 0.995566 0.991551 0.988719 0.996436 1.000840 1.008853 1.001078 0.998403 1.006169 0.998352 0.999197 0.996810 0.999978 1.001774 0.992686 0.996376 1.005682 1.001078 1.002890 1.000897 0.998991 0.998002 1.004518 0.998319 0.998337 0.994204
0.996360 0.992498 0.997622 0.998586 1.006638 1.010019 0.995787 1.001225 0.994540 1.000696 1.004488 1.002030 1.004481 1.007745 0.999590 1.009122 1.008406 0.999729 1.000677 0.998546 0.998478 1.004515 0.999597 1.000814 0.996931 0.998064 0.995976 0.997519 0.995292 1.000886 0.995912 0.993110 1.003701 1.000452 0.996582 1.000217 0.998412 0.997530 0.999026 1.002677 1.002520 1.006568 1.000483 1.000575 1.003484 1.002325 1.001191 0.997475 0.997976 0.999132 0.994664 0.994887 0.994889 0.996777 1.000841 0.994094 1.001070 0.998509 0.998595 1.002179 1.000937 1.000378 0.997148 0.997427 0.996871 1.002461 1.006649 0.997777 0.998024 1.000082 1.000037 0.994727 0.992617 0.999437 0.999861 0.996784 0.996448 1.003913 1.001272 1.010487 1.003251 1.005536 1.002359 1.003377 1.003264 0.992784 0.997497 1.005112 0.995968 1.004886 1.002666 1.003456 1.004881 0.998777 0.996366 1.000771 1.005787 1.001041 0.994886 0.999029 0.999117 0.991569 1.000556 0.999153 0.995666 0.996057 0.995851 0.996865 0.994927 0.991689 0.998409 0.990039 0.992834 0.997312 0.996745 0.993783 1.009116 1.008937 1.002567 0.999414 0.995075 1.000461 0.998153 0.994734 1.001344 0.998159 1.002186 0.996406 1.003228 0.995899 1.003136 1.002615 1.002369 0.995444 0.998951 0.999695 0.996029 1.001647 0.994779 1.003425 1.000798 1.000378 1.004165 1.001947 0.996979 1.002377 1.002452 1.005349 0.999576 1.004505 0.993264 1.007967 1.000888 1.007551 0.998162 0.998004 0.996563 1.001051 1.000886 0.996709 0.989483 0.998411 1.010512 1.005376 1.000989 1.004567 1.001882 1.000379 0.999071 1.008221 0.999139 0.997082 1.004052 1.002181 1.001510 0.992211 0.997952 0.999503 0.998364 1.002885 0.999226 0.995415 0.999859 0.988919 0.997975 0.994295 1.003515 0.998214 0.996768 1.001455
0.991053 0.998974 0.998472 1.001923 1.004049 1.002165 0.999296 1.009157 1.007933 0.996177 1.000333 1.005226 1.003845 1.002568 1.002592 1.003905 1.008891 0.996886 0.996571 1.003795 1.001941 1.001554 1.005893 1.004553 1.007925 1.004178 0.999409 0.995481 0.998824 0.992161 1.003266 1.001164 1.005078 1.001506 0.999193 0.997136 1.000427 0.999932 0.994555 0.990423 1.003499 1.004229 1.000370 0.997352 0.997532 0.996495 1.000367 0.998564 1.008655 1.002531 1.004015 0.994925 0.988284 0.989885 0.997251 1.002356 1.001653 0.997611 0.999269 0.997503 0.998987 0.999697 0.999163 0.998600 1.004377 1.004187 1.000367 1.000518 0.995555 0.995659 1.002330 0.999070 0.999562 1.002924 0.997661 1.000227 0.991282 0.998416 0.999451 0.998839 0.993796 1.002280 0.998783 0.999303 1.005094 1.000911 0.997024 1.004478 1.004728 1.006913 0.999347 0.996539 1.000530 0.998713 0.998949 0.991732 0.998622 1.000165 0.995757 1.004534 1.003254 0.998211 1.001987 1.004900 1.004526 0.995418 0.995769 1.000087 1.002817 0.993552 0.995613 0.995464 1.001424 1.000593 1.004062 0.999585 1.005486 1.001046 1.004111 0.994556 0.997789 0.994895 1.003234 0.999538 0.994655 1.004244 1.000535 1.006595 1.006050 0.996509 0.996116 1.005652 1.000578 1.005761 0.998685 0.998559 0.990130 1.001888 1.000082 1.003611 1.001992 1.001426 1.003065 1.005554 0.997583 0.990961 1.005132 1.006603 1.002375 0.998379 0.992529 1.006810 0.991581 0.998365 1.001466 1.000552 0.996634 1.001232 1.002833 1.000043 0.996375 1.001388 1.006898 0.997155 0.999237 0.988710 0.995810 0.990724 0.996200 1.000492 0.996077 0.998189 0.996233 0.997723 1.003258 1.004598 0.997696 1.003107 1.003277 1.005470 1.000328 0.997740 0.998192 0.994032 1.001971 0.993320 1.006131 0.995045 0.997079 0.990998
1.005940 1.002206 0.998032 0.996602 1.004108 1.003853 0.995201 0.999891 1.002093 1.006524 1.003811 1.001648 0.994831 0.997212 1.004674 1.003228 0.999710 0.995706 0.997200 0.993642 0.998666 1.003170 1.000905 0.997006 1.000579 0.999982 0.995419 0.996132 1.003825 1.000870 1.002006 1.004349 1.002889 1.002828 1.002611 1.001123 1.001309 1.000930 0.995928 0.993763 1.001079 1.007317 0.996396 0.993748 0.997611 0.996557 1.002828 1.003309 0.997033 1.002744 0.999585 0.992711 0.998728 0.998567 1.007716 1.003202 1.000322 1.006289 0.999884 0.999770 0.996697 1.000701 1.000507 0.997112 1.000775 1.002517 1.000260 1.000085 0.994773 1.001120 0.999432 0.993723 0.996159 1.000728 0.999962 1.008158 1.001151 1.002922 0.992840 1.004339 1.003272 0.999326 0.995876 0.995270 1.006145 1.000852 1.000143 1.001921 1.006620 0.998928 0.992986 0.999589 1.000266 0.991751 1.004559 0.996646 1.001624 1.004071 1.005737 1.004368 1.005163 1.001211 0.997967 1.009424 0.998491 0.995987 0.996434 1.010961 0.998634 0.992625 0.992983 0.995422 1.006698 1.006041 1.004575 1.003605 1.004243 0.999566 0.994626 1.000179 0.995083 0.999208 1.002892 1.008019 0.992543 1.003693 1.002719 1.000967 0.998395 1.000372 0.997905 1.007895 1.006842 1.001646 1.003436 1.004137 0.999968 1.008630 1.000109 0.999210 0.991124 0.997339 0.999218 1.003424 0.997930 1.000098 1.005859 1.001129 1.000435 0.999846 0.998965 1.004500 0.998524 1.000930 1.003782 0.997034 0.999060 1.005461 0.998638 1.006476 1.002034 1.001737 1.001028 1.009497 0.998216 0.992343 0.997089 1.001211 1.005569 1.010001 1.012367 1.008924 0.997002 0.998731 1.005445 0.996267 1.001707 1.003576 1.001473 0.998642 0.998505 0.999707 0.992696 1.000682 0.997866 0.996783 0.996178 1.003686 0.993823 0.998282
1.010106 1.003846 1.000992 1.000003 1.002563 0.994036 1.003417 1.001557 0.999602 1.001237 1.010744 1.000701 1.002219 0.999632 1.001933 1.003224 1.002187 0.992152 0.998442 0.999648 1.001430 0.997454 0.998622 1.002990 1.004654 0.990313 0.998046 0.999340 0.999717 1.000882 1.001220 1.001691 0.996885 0.999170 0.993273 0.993893 1.010742 1.003027 0.998853 1.002237 1.004731 1.003973 0.999529 0.999557 1.001083 0.991004 0.991668 0.995543 1.000222 1.007678 0.998556 0.994277 1.001048 1.003306 1.006357 1.003822 1.007651 1.011616 1.007755 1.000557 1.003454 1.001964 0.998900 0.995321 0.995836 0.990883 1.003833 1.003588 1.003113 1.001398 1.008349 0.999712 1.004791 0.993767 0.998753 0.996747 1.003577 1.006276 0.997076 0.992413 0.997581 1.004064 0.995278 0.998148 0.989214 1.001464 0.989876 1.000539 0.998466 0.991154 0.985503 1.002342 0.999745 1.000061 0.998616 1.003115 1.007485 0.999593 0.997322 0.994677 0.995786 0.996365 0.997396 1.002665 0.999583 0.998133 1.000693 1.008936 0.994415 0.996122 0.998305 1.003532 1.000041 0.999520 1.001622 0.993652 1.006838 1.001301 1.004504 1.005805 1.002350 1.001760 0.997728 0.997781 0.994641 1.003456 0.999630 0.999877 1.002655 0.990695 1.001827 1.005804 0.997782 0.999298 0.998034 0.995159 1.003045 0.999031 0.991722 0.998823 0.996738 0.998402 1.005534 1.001682 1.002644 0.992658 1.002245 0.998047 1.003755 0.995871 0.999505 0.992428 0.995597 1.008671 1.001553 1.004754 1.001362 0.996765 1.000146 1.002440 1.002906 0.997058 0.999461 1.001628 1.004643 0.996104 0.993868 0.997796 1.005108 1.001346 0.993755 0.996372 1.008567 1.003065 1.004054 0.999103 0.991649 0.992833 0.994073 0.993831 0.994057 0.992492 0.997510 0.999519 0.997034 0.993632 0.996777 1.000399 1.007060 0.998018
0.999321 0.999071 1.000264 1.001316 1.004815 1.006365 1.002472 1.003667 1.001689 1.000782 1.002172 0.999336 1.002289 1.006325 0.999576 1.000622 1.000277 1.000359 1.005556 0.998059 1.002814 1.004913 1.002400 1.002265 1.008767 1.003211 1.001745 0.999241 0.996957 0.998608 1.002169 0.996365 0.996947 0.996983 1.002470 0.995839 0.997622 1.011035 0.998288 1.000970 0.998410 1.001332 0.997903 1.005725 0.997095 0.999962 0.997062 1.000986 0.997768 1.005157 1.002578 1.001007 1.001348 1.002950 0.998390 0.999125 1.000424 1.000476 0.997977 1.004932 1.002805 1.003614 0.997367 1.003047 1.002350 1.005384 1.002365 1.005029 0.995147 1.002717 0.998796 0.995230 0.991578 0.999656 0.991622 0.999295 1.006274 1.009913 0.997987 0.999519 1.002582 1.002389 0.998415 1.001391 0.991720 1.000388 0.999029 0.998671 0.995934 0.995872 0.990547 0.991279 1.001921 0.998582 0.999353 1.003564 1.002943 0.995307 0.998284 1.002915 0.994032 0.998615 0.999261 0.996760 0.999453 0.994678 0.997955 1.000087 0.997903 0.997384 0.998457 0.995499 1.003947 0.991689 0.996242 1.001052 0.997778 0.998913 0.995889 1.001598 0.999134 1.001693 0.987920 0.988844 1.003451 0.999672 1.001500 1.004031 1.001636 1.000543 0.995932 1.000374 0.992448 0.992421 0.998975 0.998122 1.002741 0.996265 0.993414 0.992570 1.003057 1.000288 0.997264 1.003194 1.002900 1.001589 1.000195 1.000242 1.003308 1.001394 1.000248 0.995242 0.996800 1.000846 0.997256 0.991310 1.001097 0.999306 0.993827 0.999198 1.002932 1.005604 0.996166 0.999428 1.010397 1.000426 0.999732 1.001804 0.995735 0.997818 0.995556 1.010329 1.001140 1.001375 0.997288 0.996542 1.000068 0.993944 1.007726 1.003223 0.996429 0.996680 1.000002 1.007575 1.000735 0.994220 1.011178 1.007441 0.999243 1.009152
0.998669 1.000617 1.000184 1.002460 1.004170 1.009910 1.003659 1.007144 0.999030 1.001021 1.001459 0.998324 0.992791 1.002180 0.999297 0.994755 0.996531 0.995657 0.996523 1.001697 0.997612 1.000204 0.997090 0.999246 0.996722 1.004011 1.001443 0.992783 1.004235 1.002390 1.004146 1.000988 0.999311 1.004356 1.002487 0.998226 0.996598 0.995606 0.998489 0.996667 0.992302 0.997343 0.987635 0.994785 0.999458 0.996027 1.004364 0.992980 0.996377 1.001608 0.998559 0.997036 1.003935 0.997779 0.998360 0.993061 1.002773 0.998961 0.997027 0.995194 0.995888 0.995009 0.999415 0.996564 0.994847 0.996644 0.999643 1.006717 0.999992 0.998224 0.999276 0.994071 1.002220 1.000666 0.996264 1.003160 1.002806 1.002665 0.992966 1.002932 0.995542 1.002411 0.999418 1.006980 1.000608 1.005155 0.996340 0.995596 0.998261 0.995414 0.999452 0.997769 1.003034 1.008803 0.999205 1.002558 0.998161 1.000333 0.995679 1.003068 0.993554 0.994370 1.001457 1.005009 1.001023 0.992263 0.988700 0.994879 0.996440 1.003958 1.006005 0.998955 0.994861 1.004829 0.993208 0.993699 0.992642 0.995443 0.997044 0.994207 0.998514 1.002996 1.004648 0.994249 0.996038 0.999568 0.999468 1.004209 1.001011 0.997639 0.994275 0.996310 1.005009 1.006190 0.997774 0.998662 1.005656 0.999913 0.991912 0.993264 1.003605 1.006130 1.008324 1.002504 1.000846 1.007053 1.008674 0.998234 1.000935 1.001693 1.001078 1.000268 0.997496 0.993176 1.007015 1.004178 0.997001 0.998226 0.994990 1.006834 0.998153 0.993990 0.993232 1.001318 0.991979 0.997712 0.998084 1.000169 0.994894 1.001817 0.992860 1.002897 1.007530 1.002919 1.003075 1.003478 1.003709 0.997956 1.002124 1.002985 0.997978 1.000401 0.994636 1.000071 0.998913 1.000339 0.996449 0.997724 1.004690 1.005519
0.989892 1.001393 0.999885 1.000947 0.996715 1.002786 1.003992 0.997156 0.999324 0.994145 0.998354 1.001858 0.995393 1.000491 0.997340 0.998643 0.995801 0.994510 0.991321 0.995192 0.995153 0.993177 0.996156 0.994783 0.997463 1.000554 0.992794 1.000481 0.997772 0.994122 1.006133 1.003668 1.002163 0.999504 0.995886 1.003169 0.998919 1.009301 1.003309 0.999815 0.997870 0.999716 1.006532 0.998256 0.998034 0.993719 1.004148 0.998215 1.000607 0.995780 1.002255 0.990168 0.999920 0.994588 1.000273 1.001763 0.998927 1.001968 1.005146 1.001567 0.994232 1.001647 1.004448 1.002425 0.999955 0.998171 1.004663 1.003355 1.003502 1.004077 1.002060 0.999987 0.996042 1.002752 1.002312 1.003660 1.003494 1.001085 1.003845 1.009739 1.003280 0.995701 1.000529 1.003613 1.003021 1.002963 0.996892 0.998993 1.001837 1.003999 0.997601 0.998810 0.995135 1.006696 0.995392 0.993833 0.994260 0.996336 1.000265 0.998516 1.005386 0.997751 1.001091 1.006473 0.996859 0.995423 0.994203 0.994704 1.003859 0.999084 1.008291 1.002886 0.997998 0.997090 1.001938 0.994415 0.989911 0.997729 0.996153 0.994511 0.999951 0.993587 0.990498 0.995729 0.992967 1.001098 1.005684 1.004045 0.997620 1.000647 0.997474 0.998671 0.998804 1.001040 0.996546 0.997170 0.994870 1.005517 0.996099 0.998797 1.003077 1.008314 0.998769 0.999789 1.006494 1.003465 0.997132 0.996719 0.996203 0.996943 0.996743 1.005678 1.001364 1.005350 0.994951 0.995330 0.992081 0.999932 0.994573 1.007680 1.001948 1.002375 1.002537 1.005257 1.000107 1.001353 0.999848 1.001283 0.998755 1.005368 0.991107 0.996791 1.005279 1.017655 1.001815 1.003889 1.000779 1.003438 1.004411 1.004541 1.000768 0.994506 0.999218 1.006328 1.005577 1.006348 0.996242 0.997575 1.001822 0.996157
1.003767 1.005992 0.999630 0.993130 0.999907 1.002123 0.999975 1.002823 0.997035 0.994281 0.996359 1.005929 1.004704 0.995966 0.992927 1.000495 1.002162 0.994066 0.997681 1.001114 0.998307 1.002574 1.004890 1.005744 0.998695 0.998783 0.998240 1.005083 1.002411 0.999401 1.002413 0.996597 1.000124 1.002546 0.998462 0.997658 1.001027 1.002535 0.995563 1.005049 1.002434 0.999882 0.989977 0.991309 0.989559 0.993593 1.007355 1.000848 1.004386 1.005535 1.001363 1.002938 1.000121 1.001646 1.005620 1.004403 0.999011 1.002605 1.000312 1.001589 0.996900 1.002846 1.003578 1.002105 1.001823 1.005896 1.007747 0.994168 0.998403 1.007239 0.999459 1.003388 1.002050 1.005224 1.004106 0.998934 0.992267 0.997549 1.008628 1.006109 0.999924 0.996360 0.995566 0.997868 0.997406 1.002290 1.007381 1.000615 0.997298 0.991125 0.998643 0.998088 1.004484 1.012428 1.001252 1.001256 0.993802 1.004528 1.000467 1.003031 1.005434 1.006990 0.998978 0.998293 1.002043 0.998962 0.997094 1.005759 1.004397 1.004632 1.003279 1.000644 0.997324 0.995017 0.995371 1.000724 1.003833 1.009237 0.996701 0.997670 1.000251 0.999997 1.001460 0.993806 0.994918 0.996826 0.997927 1.004160 0.996488 0.999379 1.003931 1.003072 0.994558 0.999319 0.996831 1.001186 1.002173 0.998127 0.995250 0.998443 0.992410 0.999582 0.993559 0.997486 1.002385 1.000212 0.996723 0.998857 1.000585 1.004179 1.000081 1.006222 1.000364 1.005445 0.993945 0.998888 0.997065 0.998757 0.996973 1.001071 1.003078 0.994318 0.999942 1.002511 0.997342 1.001820 1.013730 0.994156 0.995482 1.001424 1.003190 1.001029 1.003340 1.003263 1.001306 1.003127 1.000301 1.001216 0.999541 0.999368 0.994139 0.994239 1.003393 0.997155 1.004102 1.003794 0.995275 0.994844 0.994544 0.998880
1.002850 0.993931 1.000375 0.997115 1.000478 1.004139 1.001368 0.996169 1.002601 0.998165 0.995213 1.001355 1.001740 0.994303 0.998144 0.994356 0.997306 1.001628 0.999714 0.998518 1.001789 0.996915 1.007690 1.001206 1.002126 0.997794 1.008375 1.007630 0.994885 0.996691 1.004687 1.003374 0.998062 0.999019 0.994659 0.995805 0.997443 1.004137 1.000685 1.006468 0.993946 0.998602 0.990982 0.998377 1.000872 0.995048 1.002170 1.002910 1.006702 0.995588 0.995716 1.002277 1.006494 0.999904 0.999447 0.995516 1.004735 1.002599 0.997962 0.996241 0.997490 0.995527 0.996322 0.999680 1.008394 0.994975 0.994492 0.994150 1.002425 0.996518 1.000959 0.996858 0.994009 0.991977 0.999581 0.998481 0.994402 0.999830 1.007793 1.000351 0.995680 0.992941 0.996782 1.001384 1.000114 1.001836 0.995245 0.994127 0.999028 1.002736 0.992561 0.988183 1.003178 1.000732 0.992782 0.992478 0.997483 1.003857 1.001241 1.001543 1.005093 1.006157 0.998867 1.005078 1.001689 0.993485 0.997536 0.991183 1.007053 1.013927 0.999711 1.006781 1.005615 0.999406 1.003993 1.002057 0.998939 0.998180 0.991250 1.001076 0.996453 0.997644 0.994922 1.001471 0.996061 1.002008 0.998357 0.996820 1.000892 0.994997 1.004189 1.002322 0.995164 1.000291 1.002001 1.000812 1.004491 0.997536 1.002163 0.994613 0.997795 0.998683 1.000253 1.005268 1.009234 1.001144 1.000225 0.996413 1.005741 1.012042 1.009644 0.999289 1.001185 0.996491 0.999700 0.994435 0.992885 1.001908 0.998299 1.001091 1.000857 0.996647 1.004130 1.004234 1.004743 1.002851 0.997689 0.998132 0.999708 1.003941 1.000558 1.004116 1.003915 0.999872 1.001780 1.005033 0.999858 1.003407 1.000541 0.997490 0.996643 0.993762 1.004671 1.002927 0.993607 0.997541 0.996509 1.004471 0.997319 1.008650
1.000949 0.995552 1.001163 0.996721 1.005951 1.003375 1.002011 1.000107 0.999710 0.999011 0.996638 1.000987 1.004641 0.995305 0.999310 0.998759 0.999415 0.999549 1.000795 0.996588 1.002747 1.004024 1.009124 1.002120 0.992460 0.998810 1.004179 1.006827 1.001654 0.997688 1.000220 1.007352 0.997917 0.999742 0.995933 1.006529 1.005123 0.999600 0.999446 0.995156 1.002400 0.995019 1.000788 1.002385 0.997982 0.999795 0.997673 0.999019 0.995423 0.999421 0.993481 1.006468 1.008671 0.999502 1.008227 1.002839 1.001933 1.000896 1.000803 0.998089 0.996941 1.001022 0.996354 0.998451 1.004937 0.997579 0.996581 0.995478 0.991793 1.003754 1.000347 0.995552 0.993566 0.994713 0.997638 0.996667 0.992891 1.000483 1.004872 1.003412 1.001597 1.001359 0.997172 0.995886 1.000591 1.001498 1.001720 1.007914 0.994608 0.991914 1.002578 1.001606 1.006272 0.996554 0.993256 1.000663 0.994708 0.993704 1.002810 1.000705 1.006154 0.998061 0.997525 1.000346 1.007114 0.998192 1.002038 0.993074 1.003155 1.002705 0.995724 1.003587 1.002665 1.008042 1.003553 1.000859 0.997861 0.996692 0.997599 0.997540 1.001832 0.998445 1.001356 1.005108 1.003327 1.001132 0.996269 0.990021 0.999574 0.998311 1.001287 1.006884 0.994975 1.003669 0.999616 0.992911 1.003752 1.002513 1.007783 1.000849 0.997752 0.993900 1.002425 0.997466 1.003779 0.998715 0.998222 0.998764 0.993157 1.011276 1.004650 1.000086 1.004173 1.002684 1.001676 1.003384 1.006987 0.996212 1.000632 0.995563 0.996301 1.000006 1.001597 1.002055 0.999936 1.000951 0.998097 0.997446 0.994169 0.999226 0.998521 1.001766 1.004844 1.004906 1.004355 1.001203 0.992504 1.005127 0.996849 0.999846 0.998322 1.002882 1.001381 0.996603 1.003042 0.999302 0.993668 0.995301 1.000010 0.997335
1.001842 1.006060 1.002003 0.999917 0.998076 1.001047 1.002414 1.002051 0.998355 0.995094 0.999848 0.996593 1.002867 1.001966 1.005792 0.997100 0.994977 0.998267 0.990383 0.995296 1.006840 1.006473 1.001638 0.996885 0.995987 1.007426 0.998287 0.999916 0.999267 0.998867 1.004780 1.006776 1.002418 1.005486 0.998003 1.006182 1.000226 1.004100 1.005290 1.005954 1.001909 0.997696 1.001600 0.988346 0.998287 0.995546 0.996520 0.994865 0.999316 0.993989 0.998201 1.002054 0.997969 0.997012 0.989241 1.001773 1.006326 1.003546 0.994083 0.998884 0.998319 0.998126 0.998096 1.004375 0.997771 0.998231 1.002040 1.001996 0.999436 0.991565 1.003462 0.997474 0.998284 0.993460 0.999484 1.004075 1.005817 1.001610 0.995191 0.996346 0.996622 0.998138 1.001096 1.004654 1.003241 0.999377 0.995515 0.995490 1.005946 1.004073 1.000810 1.007146 0.996508 0.995106 0.994543 1.001767 0.994318 1.007181 1.001664 0.999350 1.004839 0.993421 0.997860 0.999713 1.003462 0.997550 0.998548 0.997221 1.006952 0.997770 1.003200 1.003397 1.004844 1.000452 0.997632 1.001044 1.001843 1.001655 0.998486 0.998019 1.003531 1.001996 1.002791 1.007665 1.006178 0.997429 1.001011 0.996982 0.997124 0.995608 0.998216 1.004927 0.999870 1.002683 0.995066 0.998505 0.993568 1.004894 1.001821 0.998252 1.003508 1.007480 1.010009 0.995502 0.992644 1.002146 0.996024 0.996215 1.007567 1.001754 0.997428 0.993098 1.001958 1.009895 1.003581 1.001138 1.004675 0.998157 1.002635 1.002918 0.997934 0.999310 1.004327 0.996445 0.989927 0.986516 0.997920 0.995006 1.002978 1.005405 0.993889 0.993713 1.003136 1.000063 0.992736 0.990237 1.001252 0.998011 0.998498 0.996986 0.998923 0.999688 1.000142 0.997689 1.001179 1.002784 0.996056 0.995139 0.996392 1.002750
1.003359 1.005243 1.002268 1.010105 1.002308 0.998930 1.005082 1.003708 0.998354 0.996908 0.995778 0.996936 1.000663 1.001154 0.992055 0.997377 0.998153 1.002495 1.001633 1.002260 0.995342 1.003144 1.004545 0.999057 0.995236 1.002861 1.006638 1.003216 1.002855 1.002339 1.002162 1.000242 0.993742 0.997897 1.005207 1.000910 1.004541 1.002687 0.996756 1.007387 0.999304 0.991351 0.995156 0.996201 1.003507 1.002205 0.998397 0.998298 0.997815 1.002402 1.009947 1.002014 0.994980 1.001470 1.003626 0.999365 1.004645 1.003390 0.995942 1.000018 0.999817 0.998922 0.996646 0.994591 1.000636 1.001133 1.003802 0.998950 0.999459 0.998193 0.994507 0.997871 0.997689 0.996673 1.002793 0.998202 0.995897 0.994575 1.002314 1.004771 0.988144 0.989797 0.999525 1.008992 0.999472 0.997572 0.995311 1.002887 1.006207 0.998459 1.003878 1.000797 0.996808 1.002121 0.996831 0.998556 0.998539 1.004404 1.002137 1.002006 0.994182 0.996955 0.996384 1.002667 1.005367 1.011120 0.995733 1.000337 0.991195 1.000834 0.997641 0.999860 1.000704 1.007931 0.992868 0.996363 1.005369 0.996696 0.992936 1.002826 1.002658 1.000042 0.999237 0.994967 0.996140 0.998506 0.991438 0.997494 0.998313 0.997479 0.995480 0.997921 1.005829 1.006192 0.995169 0.992562 0.994237 1.002838 0.999649 0.999497 1.005858 0.998604 0.996513 0.996578 1.000592 1.006594 1.006580 1.000629 1.004626 1.006846 1.009109 0.998011 0.997572 1.000041 1.000293 0.995540 1.002747 1.004708 1.003958 0.996987 0.997820 1.003545 0.996054 0.998687 0.993281 0.996537 1.006615 1.004789 1.001012 1.003259 1.003962 1.001667 0.996815 1.001370 1.004475 0.996941 1.003143 0.994529 0.996998 1.000846 1.005012 0.997321 1.006788 1.002514 0.997103 1.000287 0.999920 1.002684 1.008501 1.002195
1.003609 1.010692 0.998173 1.004280 1.000966 0.996728 0.999122 1.001484 1.000881 1.003604 0.999738 0.996489 1.005375 1.004402 0.998783 1.001485 0.997690 0.999852 0.996316 1.000858 1.000798 1.001677 1.005225 1.012128 1.005077 0.998082 1.001112 1.002847 1.004498 0.996917 0.998941 0.995592 0.995073 1.001542 0.996828 1.005328 1.001979 0.999327 0.999205 0.995593 0.997433 0.995361 0.998699 0.994234 1.001751 1.007251 1.000638 0.990785 0.990965 1.000317 0.999073 0.998087 1.000177 0.998058 1.002872 1.003514 0.993722 1.003290 1.005437 1.001015 0.999845 0.999940 1.002659 1.002595 0.997818 1.003334 0.995011 0.999193 0.997867 1.000158 1.003502 0.995459 1.002198 1.001391 0.993462 0.993287 0.995761 1.003120 1.002135 0.997684 0.998396 0.995487 0.999439 1.008116 0.999239 0.996157 1.007109 1.000421 0.996729 1.000118 1.006508 0.998274 1.002487 0.997867 1.001595 1.005613 1.003046 1.003931 1.004281 1.004234 1.005865 1.012630 0.996789 1.007646 1.000154 1.001715 1.000092 1.001426 0.999744 0.997020 0.994361 0.993769 1.000036 1.004558 0.992518 0.999035 0.999836 0.996074 1.002432 1.002531 0.996377 1.001841 0.997484 0.997841 1.002164 0.995615 0.999958 1.004196 0.996711 0.996506 0.995545 0.994738 0.994626 0.994404 0.987683 0.998632 1.001660 1.001164 0.994687 1.003348 1.002745 1.005978 0.998193 1.001648 0.999688 1.002798 0.999738 1.001876 1.002588 1.012720 1.003936 1.004511 1.000938 0.995046 0.994330 0.994067 0.991366 0.995252 1.001778 0.995250 0.994762 1.001392 0.999164 0.999308 0.995275 1.005741 1.004222 0.994468 1.001078 1.000914 0.995651 0.996119 0.994416 0.998937 1.003345 0.997140 1.000471 0.996945 0.998471 1.008441 1.002105 0.996247 1.005269 1.000769 1.000996 0.997477 1.004952 1.005280 1.008641 0.997496
1.002911 1.003813 0.994602 0.999560 1.007006 0.997382 0.999861 1.000930 1.006260 0.998507 0.999982 1.004202 1.003237 0.998868 0.999658 0.999775 0.997946 0.993266 0.993953 1.000995 1.006157 0.998023 1.004729 1.003963 1.003111 0.996942 0.995681 1.003568 0.997403 0.995400 1.001032 0.996782 0.998457 1.005757 1.001594 0.994209 1.005008 1.007579 0.992877 0.997172 1.000806 0.998383 0.995862 0.995884 1.000938 0.995384 1.004644 0.993384 0.994027 1.001264 0.999199 0.994683 1.000436 0.997833 1.003378 1.004788 0.994669 0.994781 0.994511 0.995271 1.006901 1.001231 0.995951 0.995996 0.998026 1.000402 0.999032 0.998890 1.000728 0.995426 0.995975 1.001722 1.000531 1.004342 0.994944 1.000781 1.007734 1.002395 1.000510 0.996131 0.993337 1.001503 0.997711 0.997121 0.998719 0.997979 1.004502 0.995759 0.998604 0.999766 0.999589 0.998387 1.004938 0.996479 1.008114 1.002623 1.001767 1.007177 1.007283 1.004651 0.991631 0.995636 0.992383 1.000599 0.998773 0.995420 1.000790 1.000339 0.999081 0.994492 1.000141 1.002824 1.003281 1.004334 0.995376 1.004023 1.001112 0.994239 1.003551 0.996506 0.993805 1.001847 0.995274 0.995445 0.998129 0.995486 0.994643 0.994854 1.008173 1.006053 1.000970 1.002871 1.000356 1.007912 0.998941 1.003768 0.993274 0.997152 0.999362 1.002078 0.999966 1.002078 1.006274 0.998891 1.004266 1.006516 1.005672 1.001212 1.002946 0.993176 0.992243 0.997236 1.006166 0.993081 0.993922 0.987895 0.992396 0.991919 0.995623 1.000659 1.004092 1.003001 0.999274 1.007938 1.002727 0.997595 1.000812 1.000308 1.001258 1.003466 1.001922 1.004325 1.002818 0.997220 0.999286 0.993910 1.002781 1.000112 0.995810 0.995922 0.997162 1.004390 0.999753 1.000213 0.998433 0.994639 1.007723 1.004392 1.007023 1.001358
0.991096 0.993676 0.998093 1.003085 1.005518 0.997915 0.999330 1.003461 1.003578 0.998447 0.996311 1.002581 1.001477 0.999394 1.001288 1.002180 0.995344 1.000659 0.995167 0.994937 0.997110 0.999548 1.001104 0.996517 1.010488 1.000547 0.998426 0.997463 0.995025 0.999522 1.008566 1.005972 0.998012 1.004576 1.002590 0.999321 1.004413 0.999303 0.995346 1.008339 1.001523 0.998736 0.998206 1.001853 1.006207 1.002802 1.000682 0.997238 0.996265 0.991707 0.994202 1.001094 1.008697 0.997310 0.998810 1.007394 0.999844 1.004626 1.006195 1.002703 1.002023 0.998503 0.995774 0.996857 1.003333 0.999913 0.999039 1.002537 1.003703 0.998655 0.998999 0.998698 0.996898 1.001164 0.996686 1.002702 0.995668 0.997509 1.003310 1.002229 0.997703 1.002126 0.989482 0.995413 1.001947 1.004518 1.002199 1.000769 0.993483 1.001014 1.002508 1.003348 0.996973 1.004750 1.004040 1.001220 0.998422 1.003386 1.001431 0.997911 1.000053 1.008470 1.005027 0.999390 0.996072 0.995224 0.998268 0.997381 1.001517 1.000906 1.004877 0.993771 1.007938 1.002642 0.989457 1.000947 1.003808 0.999567 1.004994 0.998448 0.999130 0.994257 0.994288 0.992694 0.995867 1.001071 0.992482 1.007072 0.996724 0.994780 0.991052 0.995485 1.002027 0.996143 1.011636 1.002292 0.996395 0.999348 1.005733 1.006574 1.004524 1.003790 1.001746 1.007243 1.000675 1.003183 0.994834 0.998645 0.994955 1.001085 0.995886 0.997279 0.993595 0.992794 0.992004 0.992923 0.991787 1.001476 1.001363 1.001013 1.003377 0.992594 0.992346 0.998388 0.996592 0.996534 0.997336 0.999500 1.000022 1.000012 0.997443 0.993527 1.003290 1.000005 1.000364 1.005376 1.002591 0.995831 1.002684 0.998900 0.991362 1.002553 1.005679 0.999423 0.999498 0.996921 1.001053 1.001867 0.997077 1.005679
0.995132 0.995256 1.002538 1.007261 1.000789 0.998681 1.005240 1.003216 1.005629 0.994744 1.001661 0.999973 0.989588 0.992502 0.996903 1.008978 0.996468 1.000325 1.001089 0.998992 0.998689 0.996758 1.002550 1.004868 1.004767 0.997328 1.003870 1.001460 1.004819 0.997708 1.001130 0.998587 1.003378 1.006701 1.010526 1.010099 1.004708 1.006575 0.997155 1.000281 1.000386 1.000205 0.996320 0.996255 1.000734 0.995169 1.000566 0.999280 0.997368 0.996472 0.997737 0.997177 0.998201 1.002747 0.998108 1.003059 0.994061 1.000162 0.999894 1.001013 0.996370 0.999262 0.989193 0.994102 1.004293 1.001448 0.998506 1.000447 1.000867 0.997233 1.001542 1.002803 1.001818 1.005981 1.001358 1.014386 0.998305 0.996735 1.001058 0.993244 0.997970 1.003632 0.997325 0.995798 0.999864 1.003497 0.996003 0.993067 0.998898 0.994892 1.000482 0.997539 0.994883 0.998686 1.000068 0.997519 1.002056 1.002466 1.001063 1.003651 0.997483 1.002920 0.993110 1.001482 0.996139 0.994514 1.000071 1.006269 0.997148 1.005215 0.998168 0.996810 1.000820 0.995989 1.000496 1.005756 1.005055 0.999555 1.001622 1.001225 1.002036 0.999074 0.991642 0.998573 0.994097 0.998759 0.998072 0.994918 1.000168 0.997378 0.999028 0.999029 0.997887 0.999095 1.001119 1.006556 1.001552 1.003539 0.998573 1.001668 0.998839 1.003299 1.003439 1.004445 1.000396 1.007137 0.998313 1.003818 0.999503 1.009209 1.002023 0.995450 0.988591 0.994143 0.996214 1.004066 1.001723 1.001732 1.001686 1.004417 1.001950 0.997950 0.995582 0.998568 0.993415 1.001325 1.000294 1.002023 1.006637 0.999641 0.991800 0.995797 1.002103 1.005497 0.996520 0.998696 1.004093 1.000134 1.001959 0.999313 0.988641 0.996098 1.007353 0.999024 0.999570 1.002399 0.998361 0.999604 0.998586 1.000948
1.001462 0.990819 1.003029 0.997373 0.993149 1.004822 1.002136 0.999145 0.999888 1.002342 0.998060 0.995173 0.993784 0.998237 1.002554 1.000680 0.996546 1.001004 0.995356 0.995667 1.003270 1.001785 1.006308 1.001653 0.998890 0.998625 0.992758 1.002750 1.007237 1.004598 1.000586 0.992821 0.999035 0.999021 1.005557 1.004457 0.999345 1.005285 1.001423 0.989631 1.001590 0.996751 0.993149 0.998638 0.998891 1.008101 1.004786 0.999530 1.000899 0.995760 0.997185 0.996754 1.000270 0.995656 0.996579 1.003676 0.992959 1.004577 1.001521 0.995425 1.000827 0.997060 1.003326 0.998507 1.004883 0.999784 0.993109 1.002275 0.999851 0.996180 0.999918 0.994499 1.000298 0.999231 0.997742 1.001196 1.003745 0.999052 0.995828 1.000292 0.996969 1.001071 1.001475 0.994157 1.000805 0.998987 0.999821 0.997996 1.005995 0.996598 1.001277 1.008083 1.002311 1.002423 1.007574 1.000306 0.999453 0.994745 0.999707 1.002200 0.995615 1.001603 0.998834 0.999273 1.000090 1.007945 0.994981 0.997453 0.995045 1.000488 0.996577 0.995732 0.993409 0.997991 0.998497 0.991368 1.001364 0.996878 0.999386 0.992889 1.001194 0.990812 0.997720 1.000448 1.006494 1.006607 1.003462 1.005262 1.006603 1.003208 0.998755 0.994663 0.997762 1.015307 1.000859 0.999190 0.998257 0.991934 0.999110 0.989983 1.003375 0.998504 1.002236 1.001601 1.009212 1.003984 0.989763 0.989064 0.996006 0.997921 0.997883 0.999094 1.008266 1.004422 0.999491 0.999443 0.994545 0.997370 0.994099 0.998570 0.996574 1.004073 0.998138 1.002449 1.001997 1.000578 0.994265 1.006436 0.999571 0.998546 0.996183 0.996421 1.005002 1.003615 1.003199 1.006961 1.002756 0.995306 0.998618 1.003698 0.995908 0.998257 0.998572 0.993753 0.995569 0.994262 0.987902 0.997701 0.999043 1.007414
1.002002 1.001928 1.003444 0.998322 0.995438 0.997092 0.997343 0.992289 1.003061 1.003355 1.000580 0.994516 0.995623 0.998880 1.006989 1.001025 1.000219 0.996731 0.998501 1.006177 1.002319 0.999978 1.001369 1.004936 0.998523 1.007153 0.998040 0.999166 0.997377 0.994237 0.993518 0.995885 0.994796 1.005236 0.999273 0.995652 0.996774 0.992682 0.999040 0.997907 0.997754 0.996400 0.993951 1.007292 1.002805 0.999930 0.990942 0.995406 1.004559 0.997393 0.998844 1.002431 0.999351 0.991754 0.998629 1.005249 0.999795 1.004357 0.998530 0.992994 1.002139 1.008531 1.006923 0.997506 1.004627 0.992526 1.000396 0.996763 0.994710 0.994794 1.004581 0.996037 1.000728 0.993060 1.004945 1.004036 1.008937 0.998831 1.000974 1.000816 1.002512 0.994405 0.998237 1.000556 0.990592 0.997844 1.004876 0.996892 0.996956 1.001824 1.005139 0.999895 0.999209 1.002789 1.003626 1.004059 0.996541 0.998248 1.001005 0.993057 0.998588 0.995094 0.998874 0.996457 0.998551 0.998379 0.996256 1.004147 0.996954 1.001791 0.996543 0.995183 0.994459 0.999834 0.999674 1.004150 0.997747 0.994429 0.996249 0.997710 1.001157 0.997553 1.003277 1.002737 1.004802 0.992887 0.998351 0.995128 1.002552 1.004224 1.000897 0.997052 0.993431 0.992732 0.998887 1.000928 0.998069 0.994470 1.000492 0.991566 1.001966 1.001086 0.995901 0.995232 0.998949 0.999157 0.994106 1.005551 0.997250 0.997015 1.001920 0.999251 1.005153 0.999903 1.005853 0.997375 0.993558 1.004178 1.000160 0.995519 1.000031 1.009697 0.999576 0.996694 1.002931 1.000528 0.998505 1.003859 0.994618 1.006319 1.000080 0.999241 1.001465 1.000298 1.003924 1.005125 0.999286 1.001397 0.999013 0.997451 0.996454 1.006357 0.999053 0.994509 1.005339 1.004615 0.990641 0.993322 0.998073 1.004342
1.001088 0.997388 1.006687 1.007890 0.995945 0.991871 0.997156 0.999465 0.995105 0.991364 0.999115 1.004359 0.996636 0.992415 1.002275 0.998198 0.999278 1.002575 0.999244 1.003879 0.998576 0.999577 0.989165 0.997678 1.000199 0.997894 1.000442 0.997241 0.995479 0.997229 1.004609 0.998490 1.000095 1.002177 1.005055 1.000666 0.997236 1.004208 1.000340 0.996871 1.001931 1.003077 1.004814 1.000385 1.007688 1.001691 1.001667 1.001714 1.004806 0.992761 1.002236 1.005487 0.997301 0.994974 0.994438 1.003777 1.003942 1.002911 1.001638 1.000905 0.992983 1.000766 0.997491 1.003088 1.003678 0.998678 0.998233 1.008483 0.998596 0.998712 0.999652 1.003605 1.004116 1.000418 1.001013 1.006275 1.004679 1.003103 1.005037 0.996085 1.001314 0.994234 1.003409 0.996405 0.997612 0.995782 0.999562 0.997709 0.996209 0.997308 0.996992 1.007106 0.995663 0.993107 1.002315 0.996857 0.994506 0.999758 0.998189 1.003130 1.010158 1.002557 1.001884 1.000034 1.003550 1.007373 1.001571 1.007143 1.006048 1.007678 1.000945 0.991464 0.993646 0.997474 1.001333 1.008093 1.008458 0.996540 0.997372 1.002835 0.993638 1.001362 1.005471 1.000267 0.998507 1.000318 1.008799 1.002331 0.997425 1.004287 0.993019 1.003117 1.001069 0.997005 1.003831 0.994651 0.995828 1.001243 1.001244 1.000853 1.000247 1.002632 0.996124 0.999322 0.994555 0.996305 0.994330 0.999482 0.995261 0.995924 1.001238 1.000934 0.996214 0.987417 0.992176 0.998792 1.003301 0.994004 0.997103 1.004688 0.999077 1.005211 0.998984 1.001514 0.999729 0.996437 0.989910 0.999388 0.998340 1.009165 0.999904 1.002676 0.997486 1.004387 1.003464 1.004252 0.998279 1.002312 0.996923 0.996300 0.998635 0.998341 0.997350 0.991182 0.992854 1.000812 1.004782 1.001510 1.000561 0.998287
0.994836 0.999060 0.999318 1.001085 1.008536 1.002847 1.005562 0.998037 1.000434 0.990748 1.002128 0.995085 0.998129 1.003587 1.000011 0.991199 1.002309 0.998625 0.998335 1.000502 0.996671 0.994131 1.002226 0.999636 1.004120 0.988428 1.002567 0.999028 0.996165 1.005201 1.010207 0.999589 0.990102 1.002481 1.005422 0.991184 0.999774 0.998672 0.999310 1.001708 0.996932 0.996375 1.003636 1.002107 1.007521 1.003166 0.998183 0.993574 1.000387 0.998215 0.991784 0.996518 1.002554 0.992613 1.006930 1.001528 0.997655 0.998525 0.999195 0.996812 0.999511 0.995569 0.997857 1.004724 0.998694 0.998962 0.998475 1.005937 1.006589 1.001026 0.997468 0.999081 1.005299 0.994245 0.998601 1.002601 0.993371 0.998854 1.000088 0.992243 0.998609 0.997473 0.999732 1.000145 0.996128 0.994437 1.004141 1.008544 1.002080 1.000812 1.000052 1.001562 1.004213 1.006624 0.996900 1.001860 0.998269 1.000573 1.000509 1.006294 1.002409 0.996879 0.995848 1.003231 1.009603 1.003649 0.998051 0.994374 0.994263 1.000372 0.999420 0.996287 1.001701 0.998116 0.994436 0.999696 0.997262 1.001456 0.992454 1.003509 1.000438 0.999336 1.002396 0.999398 0.996843 1.006400 0.992965 1.001019 0.995862 0.999299 1.004541 0.998153 1.004582 1.000386 1.002590 0.998931 1.000424 0.994807 0.998214 0.998923 1.000243 0.993462 1.000181 0.999774 1.000566 1.001520 0.996585 0.998053 0.999470 0.995907 0.998804 1.002790 1.005717 0.998669 1.005965 0.993076 1.002472 0.999875 1.001414 1.000912 1.000637 1.000777 1.000141 0.996119 0.998961 0.998089 1.000303 1.003297 0.998203 1.000564 0.999587 0.994314 0.998031 0.998065 0.998085 1.001090 0.999802 1.001120 1.000234 1.004271 1.003359 0.996343 0.995988 1.003248 1.002612 1.000566 0.998996 0.997428 0.996272 0.995693
1.002876 0.992725 1.000561 0.999928 1.008285 0.999525 1.001838 0.998426 0.993799 0.995863 1.003937 1.001058 0.997004 0.999189 1.003120 1.000119 0.998447 0.999828 0.998764 1.006064 1.006498 1.000920 1.005122 1.003688 0.999785 1.002647 1.010309 1.004401 0.998657 0.999320 0.997897 1.007056 1.006107 0.994374 1.009791 1.003380 1.003489 1.005893 1.003506 0.999849 1.001009 0.995459 0.999461 0.993355 1.004129 1.006471 0.996125 0.994533 1.005630 1.002273 0.996501 0.996643 0.999842 1.005194 1.008361 0.997077 1.003484 1.011745 0.998945 1.001062 0.987843 0.998804 1.002211 0.998218 1.002220 1.005783 1.000741 1.006739 1.002125 1.003561 1.004817 0.998784 0.999253 0.997687 0.999305 1.000879 1.003812 1.000846 1.002726 0.997910 1.001709 1.001232 0.991548 1.015238 1.009180 1.007527 1.001594 0.995656 0.997356 1.006928 1.000732 1.000841 0.999368 1.003898 1.002411 1.002991 0.999029 0.999258 0.997573 0.999800 0.992412 0.998275 0.991953 1.000997 0.996021 0.993158 1.003547 1.005461 0.994477 1.005014 1.001068 0.998106 0.997584 1.001274 0.999447 1.006103 0.993084 0.989548 1.001374 0.996400 1.000260 1.003883 0.998811 1.001347 0.999734 1.001596 1.004118 1.004972 0.997269 0.996844 1.003672 1.003063 1.009896 0.999557 1.010829 1.007359 1.003413 1.001292 1.001031 1.002279 0.998423 0.996432 0.999177 1.000714 0.999147 0.995375 0.997951 0.999380 0.997201 0.997292 0.992441 1.002414 0.995949 0.999432 1.007302 1.002690 1.005286 0.996531 0.993214 0.997916 0.997305 1.001931 0.999607 0.997686 1.003349 1.002168 1.000339 1.005271 1.002598 1.000363 0.997911 0.991458 0.998048 0.995088 0.994482 0.998680 1.007083 0.997855 0.995567 0.999621 1.005611 0.998199 0.998473 1.008643 0.999920 0.997311 1.000924 1.000982 1.007608 0.999666
0.995440 1.000710 1.011745 1.007960 1.011432 1.002739 0.999109 0.994586 1.001933 0.993014 1.000041 0.999841 0.997683 0.999440 1.000762 1.000999 1.000181 1.008546 1.006014 0.995037 1.006848 1.004091 0.993022 0.992929 0.996022 1.006316 1.000508 1.000268 0.992238 0.994977 0.998840 1.002774 0.997034 1.001659 1.010748 1.002567 1.001817 0.993434 0.997303 0.994978 0.996359 1.000174 0.996125 1.000257 1.007391 1.005272 0.998001 0.995114 0.999824 1.005283 0.999497 1.000688 1.000846 1.001774 1.003365 1.007234 0.999744 1.007074 0.998193 1.006846 1.001866 1.007841 1.000122 1.002472 1.000301 0.993218 1.004760 1.003031 1.006938 1.005670 0.995064 0.993856 0.997892 1.000531 0.998812 0.996793 0.993233 0.997644 0.999735 1.001482 0.994115 1.002309 0.997083 0.998857 1.004162 1.000039 0.994536 0.999439 0.995223 1.002727 1.000894 0.996525 0.998347 0.998005 1.000017 1.002287 1.000595 0.999600 0.998420 0.998231 0.996017 0.999592 0.996645 1.000375 0.999232 1.001055 1.008984 1.006102 1.003237 0.998997 1.002015 1.002086 1.003825 1.004236 0.998947 1.002108 0.994676 1.004042 0.995342 0.999396 0.991996 0.990064 1.001537 0.998638 1.001646 1.009821 1.004241 0.999714 1.003069 0.998493 0.999077 0.999880 0.998373 0.996872 0.998379 0.995885 1.002828 1.004920 1.003909 0.999474 0.999115 0.995315 1.001623 1.001304 1.002739 1.002566 0.987742 0.990548 0.998496 1.002644 0.999790 0.998937 1.002674 0.994444 1.004059 0.997088 1.002791 1.003429 0.996163 0.993819 0.996364 1.002505 1.000176 0.995317 1.005684 1.001000 0.996741 0.993344 0.997399 1.003910 0.999999 1.006545 1.002878 0.996133 1.001923 1.000307 0.994561 0.998579 0.997361 0.999308 0.999336 1.004786 1.004581 1.000913 1.003087 1.003922 1.001119 0.992825 1.001096 0.995294
0.999060 1.005462 0.996471 0.997074 0.998701 1.004199 0.988808 1.001791 1.004064 0.999139 0.996057 1.003864 0.997591 1.006208 1.001087 1.006018 0.992291 1.005676 0.999351 0.995821 1.002221 0.997905 1.002078 0.999178 1.003132 1.000239 1.005002 1.002100 0.989434 0.997534 0.996551 0.998309 1.007222 0.998724 0.997990 1.003816 0.995906 1.000967 1.004331 1.003321 0.993191 1.001307 1.002073 1.003005 0.999700 0.999576 0.998480 0.990067 0.993789 1.006142 1.004432 0.999381 0.997779 0.996816 1.004139 0.996305 1.001098 1.006535 1.001229 1.007228 1.002448 0.997650 1.000091 1.002707 1.007889 0.992305 0.999876 0.999321 0.997159 0.996622 0.997931 0.997924 0.995214 0.999642 0.996713 0.994704 1.002557 0.995740 0.998415 0.996972 1.000766 0.995337 1.003969 1.006229 1.003548 0.991054 0.998942 1.004742 0.998780 1.009312 1.003231 1.001998 1.002371 0.997718 1.001731 1.002221 1.001916 0.993869 1.004358 0.997955 1.001909 1.000663 0.996619 1.007231 1.004527 0.999973 0.999527 1.005489 1.008640 1.000794 0.992053 0.992098 0.998109 1.002539 1.004731 0.993759 1.005933 1.002875 1.004925 0.995860 0.996075 0.997558 1.001389 1.004494 1.000128 1.000558 1.006113 1.003306 1.008496 0.996662 1.002915 1.004634 0.994760 1.004405 0.989037 0.994651 0.999730 1.000966 1.005388 1.002606 0.994479 1.006108 0.996476 0.997102 1.004910 0.999872 1.001901 0.999078 1.000835 0.997920 0.996768 1.000197 1.004640 0.998420 1.001079 0.996047 1.002806 1.007643 0.997621 1.002440 0.997391 0.991396 1.001330 0.997714 0.996783 1.001568 1.006022 0.999079 0.990164 0.998556 1.002711 1.001268 1.006176 1.000887 0.988948 0.994587 0.997812 1.006360 1.004858 1.000274 1.004193 1.004480 0.995572 1.001029 0.993016 0.998545 1.001006 0.994445 0.996123 1.001531
0.997469 0.994371 0.997007 0.998968 1.000287 0.997520 0.997804 1.003931 0.996782 0.997689 0.995163 1.000365 0.995833 0.991553 1.001046 0.999234 1.004235 0.995326 1.003727 1.002254 1.004271 0.995753 0.993611 0.998363 1.006724 1.003850 0.999517 1.001715 1.001505 0.995087 0.998766 0.999066 1.001515 1.010050 0.998729 0.990194 0.998161 0.999567 1.005777 0.999272 1.004071 1.000738 1.000928 1.000919 0.998513 1.000101 1.002228 0.999973 1.002386 0.996150 0.995331 1.001635 0.999189 0.998976 0.992305 1.001174 0.996256 0.998995 0.994534 1.001568 0.997230 0.997762 1.002312 1.003892 0.999734 1.002230 0.995571 1.002403 0.994200 0.986245 1.006887 0.997391 1.000246 1.004913 0.998423 1.004033 1.007587 1.002737 1.001597 0.996504 0.999558 1.000255 0.995448 1.006217 1.004206 0.997996 0.998237 0.989018 0.998177 0.991458 0.993890 0.988145 0.993435 0.999381 1.009261 1.009674 0.997342 0.995411 1.005666 0.994460 0.999232 0.996480 0.998271 0.994787 1.004523 0.996277 0.999449 0.996555 1.001910 0.989514 0.996996 0.998139 0.997968 0.997523 0.998313 0.999341 1.000440 0.998439 0.994994 1.005467 0.999834 0.999481 1.001184 0.994536 1.000428 0.997000 0.995745 1.005457 0.999191 1.003018 1.002832 0.999212 0.993191 0.998414 0.999391 0.996447 1.000318 1.000912 0.998413 1.010221 0.999052 1.003254 0.999892 1.006562 0.994960 0.999411 1.000519 1.004745 0.999278 0.998492 0.992847 1.004086 0.992871 0.999108 0.998228 0.997160 1.007953 1.000546 0.998135 1.000674 1.000032 0.996302 1.003320 0.996086 0.999438 1.001546 1.008214 0.995904 0.993723 0.999064 1.003612 1.002643 1.005535 0.999749 0.997270 0.999078 0.996365 0.994666 1.000034 1.003031 1.007455 1.003838 1.004556 0.997239 0.991462 1.002311 0.994666 0.997647 0.998573 1.001412
1.001698 1.003521 1.001028 0.995148 0.995027 1.000243 0.999744 1.004640 1.004885 1.004389 1.001206 0.993884 0.996258 0.993819 1.003925 0.998439 0.998171 1.005224 0.997896 0.998946 0.996300 0.999201 0.992791 0.996733 1.000984 1.000845 1.000707 1.001838 0.989623 0.991912 1.003612 1.000748 0.995271 1.001883 1.000049 1.008290 0.999475 0.997499 0.994276 1.004998 1.001781 0.992812 1.002097 0.993567 1.004382 1.000627 0.998830 0.998517 0.995598 1.000125 0.995772 0.998200 0.995281 0.998991 1.002236 0.999257 0.999574 0.993617 0.995698 0.994572 1.002726 1.000243 1.003106 1.001942 1.001764 0.992111 1.010584 1.004170 1.001033 1.001445 1.001942 0.987352 0.996446 1.003298 1.000747 1.003865 1.003358 0.995653 1.009905 1.007531 0.993166 0.998519 0.998996 1.002762 0.998333 0.994811 0.999369 1.000761 0.998609 0.998846 0.993779 0.993132 0.995313 0.997646 1.000358 1.006566 1.011641 1.003174 0.998001 0.996787 1.002711 1.000277 0.999213 0.996039 1.003506 1.000834 0.995292 0.996397 0.991092 0.991513 0.999625 0.997991 0.996214 1.002071 0.998845 0.990173 0.999727 0.997400 0.998034 1.002898 1.007824 1.002701 1.001200 1.002299 1.002692 0.998993 0.999633 1.001917 1.004442 1.002236 0.995800 1.004004 1.000375 1.005363 1.004908 0.999202 0.998599 1.004975 0.999114 0.989645 0.994126 1.001985 1.000956 1.002504 0.995492 0.998526 1.006333 1.000203 1.005164 0.997774 1.000700 1.006034 0.993660 1.001159 0.998330 1.000732 0.992828 1.002460 0.994404 0.997378 0.992619 1.004002 0.998790 0.998470 0.997032 0.995151 1.004156 0.998526 1.000796 0.993732 0.996205 0.992327 1.000771 1.001106 1.002801 1.002260 0.997371 0.992420 1.005753 1.000826 0.998863 0.993727 1.002202 0.994541 0.992050 1.001498 1.003888 0.995236 1.001503 1.002463
1.002861 0.994316 0.995611 1.002443 0.999758 1.002694 1.000928 0.994085 1.000517 1.001078 1.003294 1.001325 1.000697 1.000452 0.998522 0.995512 1.001482 1.001348 0.996915 1.001282 1.001040 0.991926 0.993925 1.000207 1.006551 0.999214 1.000896 0.996486 1.000007 0.995881 0.997782 0.994788 1.000266 1.000620 0.998365 1.003845 0.998579 0.999536 0.994766 0.998947 0.996785 0.994892 0.997776 1.001229 1.002927 0.990469 0.996922 1.000656 0.993124 1.000291 1.003054 1.003546 0.997066 1.006256 1.004767 0.994829 1.003775 1.000701 0.997780 0.998980 0.992426 0.996120 0.999792 0.996672 1.005450 1.006073 1.003975 0.996389 1.002699 0.997597 0.991774 0.998378 0.990384 0.992185 1.002138 1.000715 1.006947 1.001514 1.006587 1.001590 1.002869 1.002077 0.995218 0.997567 0.998175 0.994719 0.999831 1.003518 0.997766 1.000016 0.998908 1.007199 0.992736 1.001809 0.997778 1.002004 1.004045 0.997314 0.991181 0.999952 0.999056 0.999324 0.998606 0.994751 0.995893 0.999146 1.008696 1.001703 0.992578 1.001862 0.998930 0.997783 1.003742 1.004316 1.003111 1.001641 0.998385 1.002667 0.999910 1.003751 1.004029 1.002037 1.004571 1.005281 0.999302 1.004087 0.997058 1.000520 1.000402 1.000656 0.995122 1.004455 1.009376 1.003584 0.994489 1.000705 1.005938 0.999524 1.008133 1.000803 1.001516 1.000284 1.002542 0.998576 0.998576 0.998038 0.999555 0.997334 1.005105 1.000794 1.000047 1.001271 0.994588 0.999218 1.003708 1.001259 0.997203 0.998760 0.987454 0.997714 1.005471 1.003976 1.008537 0.995138 1.001730 1.004088 0.997673 1.000754 0.997520 0.994181 1.002125 1.007058 1.011212 1.001228 1.000470 1.002065 0.998457 0.999886 0.999183 1.000701 1.003531 1.000106 1.003837 1.000188 1.000257 1.010225 0.995492 1.000010 0.999868 0.991860
1.000677 0.991862 0.994425 1.005668 0.998866 1.005357 1.000947 1.003875 1.000082 0.999046 1.000500 1.007085 1.001654 0.998843 0.994446 0.995838 0.999810 1.002532 1.000075 1.000355 1.000437 0.998773 0.996112 1.003143 0.998756 0.999521 0.990285 0.996862 1.000648 0.999085 0.999266 1.002691 1.008949 1.000829 1.001855 1.006046 1.006130 0.999310 0.994005 0.992585 0.994073 0.997466 1.003332 1.002709 1.001599 0.996441 0.996873 0.999486 0.997741 1.003980 1.006944 1.003912 0.994829 1.005062 0.993780 0.994852 1.000053 1.002004 0.995607 0.996339 1.001411 0.997663 0.991191 1.004939 1.003483 0.993582 0.996015 0.997770 1.003238 1.001221 0.992030 0.996248 0.998270 0.999966 0.999918 0.997118 1.003592 0.997487 0.994764 0.986145 0.989578 0.996046 1.002372 0.998148 1.003235 1.003897 1.000297 0.995729 0.992713 0.993367 1.005744 1.004335 0.992638 0.998257 0.990695 1.000761 1.004161 1.006274 1.006718 0.999544 0.999749 0.999427 0.997114 0.996637 0.999938 1.000168 1.002439 1.001045 0.994919 0.999107 1.006381 1.004491 0.999843 1.003759 1.001880 0.999255 1.003074 1.006442 0.998549 1.005602 1.007776 0.999335 1.003379 0.998289 1.008624 1.001281 1.001943 1.000634 1.001907 0.999703 0.996929 1.004275 1.003250 1.009127 0.999808 0.998316 0.999978 0.998779 1.003070 1.000483 1.009675 0.999660 0.999765 0.994461 0.991361 1.003899 1.005186 1.010326 0.996653 1.003216 0.998895 1.000337 0.997943 1.005421 1.000851 0.998241 0.999550 0.994073 0.994498 1.006312 1.009248 1.007625 1.009444 1.001262 1.002057 1.002998 0.998324 1.000736 1.002647 0.990854 0.995986 0.991960 1.002253 0.999306 0.988319 0.995695 0.999481 0.999453 0.998661 1.000267 1.005117 0.998422 0.999009 0.994495 1.006054 1.003872 0.993251 0.996325 1.000168 0.998133
0.998154 0.995882 0.996416 1.002158 1.005441 1.002729 1.000088 1.002295 0.999936 1.004907 1.001264 1.003960 1.005284 0.994599 1.000625 0.996891 0.997384 0.997376 0.997558 0.995372 0.994196 0.998494 1.000546 0.999479 1.006507 1.004375 0.986081 1.003878 1.007862 0.992635 0.985943 1.001959 1.005397 1.009556 0.996930 1.005544 1.002782 1.000529 1.006613 0.992337 0.998905 1.004045 1.011153 1.005599 1.006417 1.006985 1.004412 1.000989 1.004562 1.000255 1.002435 0.997160 1.001235 1.002449 1.003929 1.002426 0.998502 1.004169 1.004651 1.008099 1.002717 0.997334 0.997847 1.001870 1.001271 0.999428 1.000077 0.997165 1.004921 0.993717 0.995852 1.002643 1.001932 1.009495 1.000400 0.998538 0.998478 0.999476 0.997184 1.002781 0.999536 0.999694 1.001129 0.999954 0.998185 1.003221 0.997727 1.002929 0.992712 1.005133 0.996359 1.003706 1.002277 1.000351 1.003393 0.997153 1.002017 0.999624 1.004558 1.004511 0.994471 0.999120 1.000991 0.999295 0.998589 0.997626 1.001738 0.999448 1.001720 0.999926 0.999819 0.995777 1.000703 0.992814 1.004105 1.003930 1.002383 1.000141 0.999667 1.004721 1.002263 1.000205 1.000361 0.999711 0.996822 1.002172 0.998542 0.995307 1.005090 1.007346 0.996483 1.001180 0.993498 1.002427 1.004015 0.996205 1.000339 0.998538 0.994499 0.997928 1.002290 0.993472 0.999142 1.007812 0.995650 0.999452 1.002185 1.000978 0.990175 1.004572 1.004385 0.996352 0.998764 1.002056 1.001038 0.995233 1.004347 0.998262 0.994825 0.998463 1.002466 1.003960 0.995396 0.992529 1.001311 1.004492 0.992842 0.999191 1.010295 1.006442 1.005930 1.001853 1.005219 0.995469 0.995049 0.999679 1.000512 1.010455 0.998358 0.998835 1.001145 0.997246 0.998598 1.012540 1.004688 0.990354 1.003983 0.995258 0.997768 1.004405
1.005362 0.988690 0.994979 0.999904 1.001277 1.002726 0.998235 1.000482 0.999521 0.994624 0.990726 0.998486 1.005226 0.996084 0.997343 0.998111 0.995630 1.001685 0.997133 0.997936 0.999540 1.001162 1.001391 0.995357 0.997542 0.999397 0.998370 1.001417 1.006696 0.992894 0.988228 0.999393 1.000115 1.004435 0.996951 0.999391 0.997496 1.000585 0.998793 0.994099 1.002843 0.998925 1.011587 1.002345 0.999386 0.996497 1.003378 1.001317 1.000947 0.995122 0.998195 1.003418 0.997046 0.993094 0.997929 1.000441 0.999506 0.999322 0.995995 1.006150 1.008256 0.998166 1.005203 1.001378 1.005252 1.006053 1.008230 0.995877 1.001248 1.000478 0.997002 1.005381 0.998472 0.996772 0.997951 0.999666 0.997405 1.003181 0.994864 0.996524 0.997139 0.993148 1.002180 0.999112 0.992360 1.005554 1.007104 1.004363 1.000032 0.993337 1.005100 1.002118 0.997588 1.000396 0.999298 1.002724 0.997675 0.997182 0.996989 1.001546 0.991830 0.996015 1.005617 0.997243 1.001475 0.998450 0.999502 1.000349 0.995338 0.996566 1.001397 0.997843 1.000271 0.994350 0.997609 0.998505 1.000133 0.999410 0.996035 0.999788 0.998312 1.000512 1.002603 1.004591 1.000806 0.997441 1.002010 1.000142 1.001756 1.002009 0.997711 0.997405 0.997052 0.996866 0.992584 1.001100 1.005012 0.996102 1.000339 1.001377 0.999388 0.999909 1.005557 0.993376 0.992977 0.999087 1.006452 1.000113 0.995962 1.005690 1.013168 1.005167 1.002072 0.999756 0.992649 0.998943 0.997148 1.003403 0.997137 1.008132 1.002035 1.001831 0.997473 0.998486 0.996746 0.994902 0.993551 1.001082 0.995379 0.993908 0.999667 0.997502 1.004599 0.999122 1.006466 1.000754 0.999505 1.001189 1.001781 1.001592 1.000851 0.999837 1.010231 1.002983 1.002857 0.996904 1.001304 0.995583 0.987288 0.998348
0.994194 0.993715 0.998675 0.994288 0.997182 0.993918 1.009008 1.000403 1.004475 0.997607 0.993588 0.996195 1.007102 0.999731 1.002713 1.005115 0.993702 0.995796 1.001983 0.994496 0.996801 0.996228 0.998397 1.006231 0.994085 0.995032 1.003078 0.994693 0.999233 0.993126 0.998703 0.998956 0.995027 1.000785 0.998495 0.998880 1.002641 0.999146 0.994690 1.007833 1.002292 1.003766 1.003350 0.996934 0.993886 0.999292 0.993443 0.997487 0.999219 0.996632 0.997840 1.002819 0.994197 1.001942 0.997874 1.002606 1.001054 0.998220 0.999199 1.007513 1.001780 1.006650 1.004400 1.003188 1.002737 1.001718 0.993703 0.993089 0.998717 1.002902 1.001110 1.005855 1.006222 1.001014 1.002658 1.000852 0.991568 0.992535 0.994558 1.001074 0.999889 0.988418 0.994400 1.004051 0.999004 0.998489 1.006613 1.005033 0.994021 1.002567 1.001383 0.997814 0.998525 1.004374 1.004504 1.007207 0.999797 1.000787 1.001398 1.009568 1.001155 0.996912 0.999396 0.994154 1.008962 0.998207 1.004031 0.998074 0.999254 0.997874 0.999047 1.005325 0.996972 0.992646 1.002129 1.003144 0.999140 0.997704 1.004402 1.006877 1.000297 0.995846 1.000620 0.999941 1.011878 1.003445 0.996574 1.006332 1.001977 0.993857 0.998729 0.996457 1.002910 0.999840 1.006691 1.000749 0.998269 0.999392 1.003664 1.005409 0.991505 1.001546 0.993752 0.988360 0.992586 0.994196 0.994174 0.996637 0.995995 1.003654 1.002121 1.007327 0.999953 0.996907 0.995131 0.998502 0.999394 0.993518 0.996826 0.991381 1.004288 0.997365 0.991119 0.994762 0.999619 0.995129 1.000984 0.999213 0.999940 1.002310 1.001135 0.997315 0.997038 0.999780 0.997284 1.000271 1.002855 0.997840 0.992778 0.999615 0.987975 1.000054 1.006437 1.002461 1.002922 0.999977 0.994559 1.000047 1.005683 1.000671
0.996683 1.006306 0.994792 0.997023 1.001612 1.004245 1.005502 0.999735 0.994713 0.997203 1.002722 0.999967 1.000111 0.993674 1.002411 0.998795 0.995378 1.000433 0.999519 0.997501 1.002940 0.998257 0.990416 1.000734 1.000543 0.997618 1.002079 0.998927 0.999409 0.998917 1.003057 1.000626 1.003098 0.997877 0.994004 0.995765 0.999786 0.994631 0.997030 0.992897 1.006797 0.995642 1.001730 0.998538 0.998103 1.009837 0.994443 1.006169 1.001981 0.997440 0.993566 0.996832 0.993107 0.998284 0.998253 1.003708 1.008028 1.000217 0.999389 0.999632 0.997049 0.999871 1.001540 0.997861 1.002735 1.005727 1.004574 1.004532 1.003743 1.003742 0.998804 1.002290 1.000382 0.999772 1.009715 1.004574 0.994828 0.991321 1.002357 1.000591 1.002472 1.001423 0.998341 1.005579 0.985640 1.002616 1.003311 0.999083 0.994760 0.996534 1.001764 0.999191 0.994701 1.002988 1.002908 0.995956 0.997078 0.999275 0.998290 0.998405 1.002549 0.998428 1.003043 0.999909 1.013075 0.997029 0.993480 0.999894 0.992337 1.002456 0.994633 1.002793 0.996216 0.996406 1.002206 1.001137 1.002616 0.995577 0.997057 1.002446 1.005789 0.997752 1.004582 1.001318 1.001907 1.003968 1.001689 0.997422 0.997334 1.003633 0.999578 0.998913 0.995231 0.995294 1.010841 0.997454 0.996897 0.997522 1.002474 1.003285 1.001221 1.001761 1.001004 0.996528 0.998847 1.005181 1.001226 0.994293 0.998915 0.996700 1.002649 1.005519 1.000873 1.004852 1.000179 0.991588 0.996480 1.007251 0.997657 1.002866 1.003634 0.999317 0.994916 1.001097 0.997594 0.994677 0.997081 0.996946 1.006179 1.002001 0.999531 0.998717 0.996587 1.002833 1.000263 1.001981 1.000704 0.998533 0.995474 0.996101 0.997259 1.001858 1.004710 1.002901 0.994122 0.998718 1.003630 0.999150 1.002836 1.001173
1.002581 1.001953 1.000003 1.002614 1.003107 1.000308 1.000043 0.995683 1.000373 0.998772 1.003155 1.000717 1.000945 0.996166 1.009651 1.007864 0.998980 0.999438 1.002552 1.002457 1.004312 1.001510 0.997122 1.007761 0.996134 1.004003 1.004453 1.005412 0.997405 0.999266 1.005034 0.997377 1.003018 0.998168 0.994163 0.999902 1.000327 0.998751 0.993416 0.998236 1.004234 0.998688 0.995584 1.003255 1.003075 1.002236 1.003884 0.996413 0.996557 1.002511 0.998779 0.991766 0.994928 0.999265 0.993699 0.993819 0.996160 0.999596 0.995575 1.000132 0.996468 0.999397 0.995381 0.995673 1.000187 1.000300 1.003496 1.006826 1.005594 1.003484 0.991360 0.994084 0.996093 0.994548 1.004912 0.997570 0.992954 0.999886 1.007784 1.003173 0.998640 0.999063 0.995320 0.996958 0.996715 1.001572 1.001913 1.000318 0.999231 0.992098 0.995911 1.003564 0.997576 1.000900 1.003954 0.997813 1.004467 1.000596 0.998015 0.992628 0.994944 0.997865 1.005606 1.005369 1.008647 1.003228 1.001307 1.002772 1.005659 1.002491 0.995862 0.999576 1.004411 1.003270 0.998720 0.998687 1.003494 1.004996 0.990368 1.000850 1.000967 1.003183 1.000795 0.994356 1.003047 0.996659 1.000504 0.990765 0.995965 0.998062 1.006749 1.002271 0.998954 1.008337 1.000878 1.005554 0.995469 0.998016 1.003717 1.000917 0.997066 1.003440 0.996388 0.988774 0.998699 1.000764 1.002831 0.997945 0.998938 0.996947 0.999553 1.004776 0.999583 0.993695 0.996701 1.002520 1.001234 0.996877 0.993749 1.003236 1.004404 0.999208 1.001466 0.998413 0.995625 0.998836 0.992945 0.997864 1.004258 0.996319 1.002184 1.002496 1.004405 1.001826 1.003043 1.004370 1.003161 1.002561 1.003332 1.001486 0.996345 0.997496 1.000884 1.000032 0.999894 1.000070 0.998392 1.000738 0.999869 0.997219
0.997683 0.997159 0.998674 1.003284 0.999548 0.998714 1.000125 1.001337 0.999722 1.000585 1.000167 0.996389 0.993298 1.009412 1.003259 0.996774 0.997118 1.005484 1.001420 0.999516 1.001563 0.997415 0.998126 1.002547 1.001578 1.005049 1.001421 1.000931 1.006550 1.000789 1.002317 0.999362 0.999578 1.001191 0.997199 0.997609 1.004378 1.000677 1.003690 1.004955 1.001341 0.997750 1.001879 1.004136 0.994832 0.995821 1.002254 1.002695 1.003531 0.997695 1.000725 0.996716 1.001602 1.001584 0.993947 1.001315 0.997046 1.006010 1.000765 1.001742 0.997382 0.997128 0.999583 1.003053 1.003107 1.002793 1.000276 1.001673 0.997241 0.993882 0.999729 0.998155 1.001989 0.998285 1.003702 1.007945 1.001489 1.004100 1.005419 1.003727 0.999015 0.998626 1.001789 1.003934 0.995201 0.998973 1.004420 0.995445 1.002891 1.003085 0.997591 0.994834 1.002171 1.002413 1.008757 1.002620 1.001663 1.005516 1.000488 1.003243 1.000129 0.992052 0.998550 1.000309 1.001420 0.993235 1.000398 0.998054 1.005868 1.004911 1.003135 0.997243 1.002822 1.004992 1.004651 1.003614 0.998949 0.998634 0.998508 1.002902 0.999560 0.992021 1.002151 0.999139 1.000541 1.002682 0.997665 0.999446 1.001840 1.002118 0.990385 0.994844 1.001360 0.999657 1.000019 0.997055 1.000234 0.999924 1.004512 1.003669 0.997412 0.999243 1.007386 0.993055 0.996499 1.001441 0.995712 0.993779 0.993078 0.997755 0.997768 0.995493 0.995507 0.992892 0.999365 0.994478 0.996855 0.990732 1.003474 1.004232 0.998415 0.999580 1.006842 1.000704 0.995418 1.003580 0.995671 1.006282 0.993472 0.998489 0.995492 0.993507 1.001051 0.990986 1.005434 1.005571 1.003427 1.005527 0.997627 1.005914 0.994387 0.994115 1.002791 1.004522 0.999390 0.999975 1.003721 1.002025 1.003576 1.000678
1.007872 1.003769 0.996906 1.002949 1.006008 1.001706 0.999897 0.993348 0.990481 0.997820 0.995482 0.995933 0.997361 0.997166 0.993456 0.998187 0.998694 0.996771 1.005562 1.001030 1.003648 1.005216 1.005071 1.000851 1.001912 1.000504 0.998275 1.004751 1.000659 0.999323 1.002303 1.003159 0.995434 0.998165 1.005547 1.006198 0.997614 1.001719 1.000228 1.000756 0.998605 1.003459 0.997403 0.997793 1.001100 0.993898 0.995243 1.000902 0.999774 0.998492 1.004467 1.007737 0.999735 0.994925 0.997756 0.991658 0.991441 0.997932 1.002930 1.003552 1.000494 0.998401 1.006919 1.002270 0.994200 0.996881 0.994484 0.995024 0.996548 0.992060 0.995001 1.000707 1.004579 1.002441 1.004755 1.002998 0.996267 1.001136 0.996724 1.001340 0.996087 0.996625 1.000115 0.998856 0.996869 1.006499 0.999976 1.002757 1.003761 0.991951 0.998288 0.999196 1.000242 0.998031 0.999167 0.997834 0.997343 0.996863 0.997953 0.992966 0.991647 0.999656 1.000801 1.008939 1.005792 0.998264 0.999157 1.003790 1.006771 1.003588 1.001746 0.992952 1.001141 0.999849 0.995274 1.005959 0.999148 1.000537 1.002975 1.000859 0.995555 0.998391 1.000219 1.001765 1.000055 0.996646 0.993996 0.995953 0.999913 0.997872 0.996310 0.995029 0.997803 0.998714 1.009746 0.996863 0.993896 0.996120 0.995265 0.999267 0.999318 0.999267 1.008689 0.999142 0.998277 0.999879 1.004548 0.998768 0.994554 1.002143 1.005880 1.009555 1.002751 0.994272 1.000479 0.993932 0.999152 1.001089 0.995193 0.994784 0.995817 1.000919 1.005910 1.004652 0.998603 1.000324 0.996250 1.001033 0.994469 0.993902 1.000531 0.994074 0.995224 1.000638 0.999533 1.000832 0.994087 0.994561 0.996848 0.993075 0.991160 1.000981 1.003530 0.999680 1.005379 1.002094 1.004074 0.995035 1.001227 0.998073
0.996647 0.995222 1.002297 1.004581 0.999467 1.003342 1.006928 0.996154 0.994778 1.001528 0.997504 1.006636 1.003276 0.994955 0.992613 1.005583 0.998648 1.005673 1.000448 1.003006 0.998623 1.006783 1.002917 0.994569 0.992671 0.994556 0.993345 0.995625 1.001113 0.995800 1.005320 0.995316 1.008057 1.004517 1.003620 1.012199 1.000137 1.007374 1.007637 0.999509 1.002793 1.002165 1.002008 0.999197 0.993093 0.988187 0.994263 1.003569 0.994194 0.998569 1.008598 1.011209 1.000232 1.003144 1.003138 1.001120 1.005480 1.000248 0.992388 1.004233 0.997547 1.006203 0.996659 0.995600 0.995956 0.983698 0.995572 0.993986 1.003503 0.993449 0.995059 0.993889 0.996293 0.996167 0.997360 0.994015 0.989680 0.991327 0.998387 1.002888 0.993239 0.999788 0.993167 1.000549 0.999906 1.000810 0.999145 1.002706 0.998487 0.995083 0.999216 0.996168 1.001171 1.002951 0.991795 0.999460 0.997917 0.996418 1.005577 0.999933 0.995930 1.003521 1.004498 1.003071 0.995191 1.007079 1.000881 0.997638 1.001871 0.995253 0.999955 0.990956 1.007797 0.998923 1.005562 1.001265 0.997757 1.000412 0.998306 0.992201 0.992545 0.993290 0.995334 1.000015 1.002852 1.001519 0.998800 1.000652 1.004042 0.993505 0.993715 0.993547 0.995491 1.003292 1.001752 0.993389 1.001857 1.001889 1.000242 0.997928 0.996937 0.997339 1.004185 1.002284 0.995739 1.003759 0.995979 1.003018 0.991121 0.998836 1.002211 1.002738 1.000457 0.994309 1.006078 0.995417 1.000208 1.006869 1.006979 1.003252 1.000302 0.995468 0.998690 1.003344 0.998063 0.999031 0.995469 0.998649 0.996128 1.000689 0.999649 1.002263 1.002335 1.010920 0.995779 0.995471 0.994443 1.001690 0.997374 0.998290 0.995678 0.995528 0.993279 1.000768 1.003034 1.007005 0.999913 1.000026 1.002161 1.002322
0.996481 0.997427 1.006608 0.997326 0.995701 1.009527 1.007137 1.005496 1.008451 0.999035 0.992806 0.998596 1.001751 1.000733 0.998095 1.005912 0.993956 0.999732 1.005726 0.997111 0.994944 1.003472 1.000886 0.991999 0.999273 1.004886 1.000628 1.000088 1.004192 1.007407 1.000081 0.997157 1.000467 1.003249 1.000474 0.999309 0.996717 0.997771 0.999665 1.000511 0.996639 0.999963 0.996785 0.998928 0.993694 0.997036 1.003438 0.997577 1.000325 1.002050 0.997422 1.003135 0.997440 1.002116 1.004420 1.004268 1.000248 0.998840 0.994654 1.002208 1.001597 0.996136 0.997128 1.001182 0.996613 0.999617 0.999579 0.998496 0.997843 0.994958 0.995069 0.993157 0.996177 0.995162 1.002064 0.994295 0.996321 0.986808 0.997777 1.002116 1.008660 0.999688 0.998558 0.993181 0.995123 0.999139 0.998823 0.996832 0.999011 0.996000 1.003355 0.992767 0.996736 0.996081 0.995126 1.009321 0.997421 1.003374 1.001053 0.998937 1.008258 1.000276 0.996377 1.003207 1.004035 1.006257 0.999575 1.002984 1.002979 1.002504 0.997853 0.999388 1.000276 1.000095 0.998177 1.003019 1.002582 0.995709 0.998022 0.991943 0.992866 0.992402 0.998656 0.990946 0.998811 1.002781 0.997626 1.000734 0.997362 0.996531 1.000479 0.996342 0.994075 1.003640 1.006067 1.001896 0.996825 1.005214 0.995286 0.997688 0.998427 1.001189 0.993821 0.996062 0.997074 1.000517 0.994354 0.989776 1.002161 1.007099 1.004050 0.997364 0.998965 0.993918 0.998866 0.999182 1.002973 0.996839 1.004777 1.003153 1.000359 0.996024 1.000069 0.992188 0.996763 1.001041 0.997965 1.001982 1.000871 0.999885 0.997821 0.999208 1.003381 1.004533 0.994888 1.004251 0.998697 1.006368 1.000983 1.002277 0.999806 0.989378 0.998766 0.995594 0.998642 1.001511 0.994975 1.000222 1.001420 1.002069
1.000107 0.999194 0.999458 0.988637 1.002135 0.999352 0.997315 0.992429 0.998730 0.995774 0.995838 0.996872 0.995999 1.000980 1.000018 1.004129 0.998023 0.997853 0.999834 1.002674 0.999927 1.003595 0.997242 1.001484 1.001794 1.001593 0.995363 0.998363 0.999116 0.997973 1.005735 1.004102 1.002149 1.000629 1.011380 1.000381 1.003311 1.000024 1.008482 1.004174 1.002729 1.006630 1.005174 1.000730 0.999074 1.004202 1.000110 1.005621 0.997397 0.996263 0.996727 1.000209 1.002185 1.001729 1.004317 1.000021 0.991404 0.999401 0.994836 0.997894 0.995759 0.995166 0.992697 1.005491 0.991728 0.999984 1.002303 1.003523 0.992422 1.002396 0.997964 0.997134 1.003971 1.001935 1.003950 0.998213 0.996872 0.997822 0.998028 1.007163 0.996350 0.995890 0.991939 1.002757 1.001077 0.995022 1.004978 0.999535 1.006574 0.991316 0.997866 0.995959 1.000941 1.001070 0.998742 1.010789 1.000780 0.986003 0.994837 0.999078 0.999582 0.989869 1.001061 1.003102 1.001919 1.003489 1.001660 1.007383 0.996243 0.995187 1.001801 1.005821 1.000787 1.001520 1.005516 0.999865 0.995661 0.997229 1.000037 0.997993 1.001588 1.002778 0.999630 0.997945 0.998856 1.005116 0.998759 1.000838 1.002578 0.995643 0.995966 1.003401 0.993352 1.001598 1.007923 0.997633 0.995539 0.997969 0.994907 1.001715 0.998096 1.001187 0.997658 0.991354 0.995547 1.002203 1.001962 1.008030 0.994218 1.001563 1.010839 1.004111 0.999122 1.006726 0.998606 0.996317 0.995243 0.995457 1.011838 0.999069 0.994518 1.001708 1.004424 0.997636 1.004000 1.002253 0.995584 1.005907 1.006996 0.997823 0.999229 1.007159 0.997506 1.005090 1.010545 1.002290 0.993981 1.001360 1.002927 1.007729 1.001356 1.000865 0.998250 1.000225 0.997343 1.006413 0.991370 0.998557 0.999161 1.000182
0.998179 1.001576 0.996234 0.996565 1.002288 0.999742 1.001675 0.997509 1.000696 0.998661 0.995962 0.994842 0.999734 0.996308 1.002935 1.001606 1.005597 0.996361 0.998158 1.002728 0.997402 0.997232 1.000401 1.002562 0.997710 1.000572 0.990472 1.001299 0.997654 1.005429 0.995356 0.990036 1.002535 1.003074 1.008776 0.996571 1.002440 1.000353 0.996228 0.997653 1.001985 0.997259 0.991593 0.996478 0.996334 1.002639 1.002223 1.001576 1.006244 0.998532 0.998907 0.999676 1.003619 0.998523 1.002043 1.004361 1.005685 1.002929 1.004287 0.994065 0.998383 0.996484 1.000105 1.008040 0.997099 0.996085 1.003602 1.000275 1.005312 1.000168 1.001468 1.004046 1.001438 0.994415 1.002885 0.995374 0.996064 1.005894 1.003934 0.999783 1.001594 0.999522 0.999248 1.002438 0.994185 0.995978 1.003783 1.002249 1.001010 1.002195 0.996500 1.004108 0.995172 1.006655 0.996815 1.002542 1.002131 0.997564 0.994447 0.999970 0.993998 0.999710 1.002076 0.998620 1.004230 0.999859 1.003781 1.004658 1.003943 0.993503 0.992855 0.999968 1.007151 1.000980 0.992871 0.995369 1.002559 1.008657 1.003877 0.992442 0.996451 1.002580 0.993474 1.003184 0.993875 0.989890 0.999634 0.994366 0.997984 0.995972 0.997843 0.998755 0.996975 0.992327 0.997059 0.997041 0.999393 0.998701 0.994455 0.992441 0.995481 0.994631 0.991640 1.011836 0.993119 0.994980 1.007049 1.001214 1.003077 1.000047 0.996299 0.999617 0.997799 1.000014 0.998530 0.999419 0.997595 1.003665 1.003706 1.002761 1.003770 1.001519 0.997190 0.997688 0.994856 1.001075 1.001630 1.003650 1.000255 0.994965 0.999052 1.001524 0.998416 1.000499 0.996836 0.992631 1.004805 1.006448 1.002711 1.000463 1.004170 1.005629 0.999261 0.999847 0.998681 0.996564 0.998609 0.999020 0.997386 0.997315
1.000754 0.994008 1.007236 0.998948 0.995546 0.999644 0.998169 0.998638 1.003880 0.983320 0.985953 0.990702 1.006928 0.998383 0.996359 0.999867 1.002830 1.005788 1.006323 0.999898 0.993500 0.992710 0.988784 0.992859 1.002871 0.999907 0.999619 0.998352 1.005711 1.007237 0.997880 1.004400 1.005850 0.998364 0.997775 1.001161 1.002135 1.001619 1.002645 0.994983 0.993499 0.996802 0.988290 0.993103 0.993357 0.999426 1.001692 1.001138 1.007935 0.991695 0.997695 1.005877 0.999586 1.002163 0.999866 0.999613 0.997142 1.004031 0.995314 0.992609 1.009432 0.999655 1.006395 1.004566 0.999275 1.000610 1.001094 0.998953 0.996920 1.004957 1.008501 1.004384 0.991958 0.994352 1.003602 1.002397 1.001797 0.993885 0.995812 0.997475 0.993560 0.997446 1.004363 0.996479 0.998303 1.004285 0.996655 0.992757 0.991415 1.000042 1.002211 1.003757 0.999422 1.007718 0.993806 1.000411 0.999953 1.003682 1.003674 1.004177 0.999836 0.997535 1.002954 1.005727 1.003777 1.002349 1.000045 1.004512 1.006000 1.002119 0.997197 0.996237 1.000974 0.999726 0.993834 0.998031 0.998694 0.990159 0.995479 0.989999 0.995393 0.995922 1.003305 1.004358 0.999653 0.996288 1.000827 0.994287 0.999332 1.002912 1.001160 0.998057 1.005342 1.000852 0.993838 0.992988 0.995779 1.001467 0.993021 0.999200 0.996708 0.998220 0.996514 0.995214 0.994636 0.999773 0.996677 1.005658 0.992759 0.994380 0.996513 1.002171 0.997606 0.997902 1.003971 1.003810 0.999510 0.997330 0.991193 1.004330 1.001475 1.002771 1.003189 0.997366 1.011045 0.997842 0.989164 0.998573 0.997324 1.006225 0.999557 0.999523 0.997987 0.998208 1.002500 0.992405 1.000729 0.996443 0.997201 0.997986 1.009404 1.005165 1.000911 0.993453 0.993835 0.996491 0.995747 0.996747 0.998210 0.997998
1.000050 1.006976 0.999871 0.994996 1.006740 1.000076 1.002204 1.002852 1.001059 0.997358 0.997308 0.991696 0.991032 1.001270 0.997712 0.998971 1.002508 1.001569 0.996612 0.998116 0.999272 1.001173 0.993326 1.000289 0.999854 0.997116 0.999370 0.995824 1.003767 0.994315 0.993139 1.003589 0.995921 1.002447 1.003062 1.003724 0.998899 0.999045 1.004764 0.998848 0.999948 1.000932 0.994313 0.994492 0.993081 0.991390 0.998248 1.002945 0.998274 0.996948 0.996529 0.995456 0.998145 1.001923 1.006575 1.001410 0.997413 1.000052 0.995883 0.997897 0.996881 1.000458 1.002811 0.999034 0.998548 1.001543 0.999426 1.004064 1.003500 1.004634 1.001569 1.003311 0.990694 0.996573 1.006561 1.003215 0.999860 0.999089 0.994945 0.995117 0.996710 1.005944 0.999068 0.997543 1.006202 0.997375 0.998037 0.999761 0.995064 0.998136 1.008688 1.001734 0.995107 1.004038 1.000532 0.997438 0.995272 0.993226 0.999164 0.994631 1.005236 0.998585 1.001881 1.001777 0.995547 1.000458 0.997005 0.991581 0.999941 0.994850 0.993534 0.996216 0.998118 0.998924 1.007668 1.001075 1.005233 0.996360 1.004383 1.006703 1.007269 1.003909 0.997882 0.997032 0.996587 0.997764 0.996479 1.003514 1.001631 1.006105 0.995065 0.999692 1.002520 1.005251 0.996468 1.002285 1.007055 1.004854 0.994826 1.006593 1.001985 0.999956 0.992902 1.004282 1.000442 1.002111 0.998937 0.997590 0.993340 0.996281 1.002901 0.995923 0.997424 1.001119 1.001731 0.999043 1.005135 0.999846 0.998785 0.995288 1.000924 1.001149 0.999932 1.005027 1.003500 0.995136 0.990351 0.998605 1.002648 1.000771 0.996123 0.996561 1.008674 1.005327 1.007582 0.998014 0.998342 1.005461 1.007193 1.000909 1.004558 0.997642 1.002219 1.003066 1.002717 1.001861 0.997508 0.996178 1.003018 0.995238
0.996396 0.998832 1.001787 1.005097 1.000835 0.996076 0.997976 0.996129 0.998346 0.997897 1.001608 1.000994 0.996001 1.003657 0.994775 0.993943 0.999434 1.011006 1.012315 0.997646 1.003577 1.005183 0.998843 0.997613 1.005617 0.997038 0.999742 1.006456 0.997556 1.002892 0.999450 1.004775 0.997077 1.000673 1.009266 1.008873 1.010367 0.998677 1.012898 1.009995 1.003830 1.002760 1.002159 1.003324 0.999621 1.000940 1.001232 1.004846 0.997610 0.993924 1.000482 0.998780 1.001634 1.004131 0.994056 1.003835 1.000778 0.994618 0.998920 0.992504 1.000259 0.991073 0.999143 1.001250 1.001323 1.003588 0.993323 1.004756 1.000361 0.992642 0.988607 1.002089 1.005876 1.001305 1.003200 1.004077 0.995772 0.995404 0.998273 1.001487 0.995656 0.992138 1.004313 0.999183 0.999987 0.996203 0.999201 0.995827 0.994093 1.001921 1.001891 0.996535 0.998551 0.991972 0.998147 1.000158 0.991139 0.999526 0.994403 1.000761 1.002366 0.999321 1.005567 0.994648 1.001425 1.003550 0.998537 0.997142 1.001683 0.998493 1.007339 0.998324 0.997977 0.998376 1.002467 1.002156 0.996723 1.005089 1.001885 1.006912 1.008230 1.010698 0.999980 1.000828 1.005759 0.996743 1.001783 1.002321 0.992045 1.003533 0.997604 0.998955 1.001529 1.004972 0.993117 1.003701 1.008662 1.002397 0.992628 1.000016 0.994479 1.000614 0.994066 0.998435 1.000970 1.000211 0.995414 0.999567 0.995315 1.004876 0.995114 0.995408 0.996965 0.998489 1.000491 0.999712 1.003783 0.993516 0.988409 1.000292 1.002671 1.001186 1.001196 1.005259 0.998281 1.007397 1.008792 0.999919 1.005149 1.005810 0.998615 1.002794 1.003856 1.000692 0.998673 0.989132 0.998304 1.001399 1.000133 1.003523 1.007329 0.996787 1.005040 0.999688 1.004553 1.012194 1.003602 1.001949 0.998909 1.003025
0.998711 0.995197 0.998189 0.997496 1.002682 0.993608 0.999473 0.997237 0.997714 0.996254 0.996728 0.999341 1.006782 0.993189 0.996668 1.005295 1.002630 1.001417 0.992194 0.998959 1.000987 0.996560 1.006130 1.005329 1.010485 1.007328 1.000205 1.000686 0.993930 1.000508 0.999867 1.001085 0.994374 0.996003 0.998972 0.997730 1.000943 0.998454 1.010531 0.997055 0.997800 0.999248 1.001002 1.004560 0.992967 0.998090 1.003354 1.003168 0.997230 1.002065 0.993861 0.991272 0.996845 1.001899 0.995117 0.988940 0.999433 1.001490 1.007942 1.004547 1.000959 0.998444 1.002621 1.002394 0.999248 1.000365 0.997443 1.000138 0.998253 1.001144 1.001968 0.997420 0.995452 0.990675 0.997288 0.998921 0.995529 1.002126 1.003261 1.000534 0.997549 0.993088 0.997105 1.008920 1.007307 0.996044 0.996211 0.996917 0.999934 1.002357 0.989618 0.988013 1.002567 1.002266 1.007509 0.998560 1.001512 0.992063 0.997928 0.996708 0.995401 0.998477 0.997744 1.000438 1.001570 1.002658 1.000949 0.998744 0.998574 1.000308 1.002593 1.004425 1.004025 1.001827 1.000285 1.000536 0.992700 0.997946 1.003557 0.994756 0.994832 0.999777 1.005295 1.007287 1.002545 0.996049 1.005779 1.003017 0.991408 0.993627 1.001344 0.999253 0.998055 1.003156 1.002465 0.993415 1.002170 1.003109 0.997585 0.997363 0.990157 0.998407 1.000859 1.002271 1.003517 1.010094 0.998295 1.002795 1.000436 1.006564 1.001945 1.000316 1.000328 1.005429 0.998098 0.998023 1.002006 1.000393 1.002845 1.001746 0.995753 1.003796 0.996894 0.999863 0.991763 1.006443 1.005722 1.000268 1.005921 1.003620 0.996736 1.007471 1.000747 1.006735 1.006120 1.003419 1.002617 0.988460 0.998091 1.002232 1.003149 1.006454 0.999852 0.996806 1.003309 1.004657 0.989378 0.996358 0.994447 1.003616
1.000054 1.003317 1.001120 0.997488 0.998691 0.996059 1.002324 1.001179 0.993651 0.999986 1.001250 1.004665 0.999318 1.003533 1.002439 1.001892 1.002421 1.004484 0.997897 1.002631 0.996184 0.994391 1.009962 1.000739 1.005778 1.004595 1.006185 1.001634 0.998225 0.998893 0.994882 0.998752 0.995872 0.992056 1.000382 1.009630 1.005107 1.008576 1.003038 0.996784 1.004751 1.001706 0.999789 1.005312 0.999237 0.995020 1.003291 0.999196 1.003505 1.002496 1.001411 1.001541 1.004090 0.996613 0.997019 1.000222 0.993271 0.998799 1.002339 1.000746 1.000391 0.997200 0.990909 0.996008 0.996335 1.007194 1.002747 1.002035 0.996779 0.999928 0.998650 1.001788 0.997423 1.005038 0.991513 1.003203 0.995039 0.995512 0.997691 0.997898 0.998280 1.001123 0.997322 0.996906 0.999845 1.004604 1.000756 0.999814 1.001168 1.002887 1.008061 0.996146 1.003781 0.995046 0.995100 0.999932 1.000394 1.001437 1.002434 0.995298 1.003911 1.001962 1.012325 1.006059 1.005427 0.998044 0.996443 0.997315 0.999748 0.992779 0.994281 0.996942 0.997181 1.001406 0.998737 1.000394 0.993347 1.000784 1.002838 1.005534 1.001202 1.007536 1.002454 1.002054 0.998434 0.998839 1.001117 0.999209 1.003196 0.994259 0.995898 1.005338 0.999229 1.007198 1.005178 0.999171 0.999405 1.003330 0.995369 0.992075 0.998154 0.996798 0.997396 0.999506 0.999550 0.998585 1.003014 1.003298 0.997237 1.001547 0.995764 1.004493 1.000176 1.003125 1.005414 0.997650 0.998400 1.000932 1.001190 0.995899 1.002002 1.004478 0.997909 1.000432 0.992860 1.001542 1.002818 0.997015 1.005009 0.998851 0.990619 0.997057 0.999311 1.007061 1.002197 1.002009 1.002162 1.001433 1.003661 1.001953 0.996685 0.997612 1.005051 0.995935 1.001639 1.000500 0.996328 1.002411 0.995945 1.001658
0.999085 1.002854 1.010752 1.002717 0.995999 1.002230 1.000847 1.000917 1.001093 0.991102 0.992840 0.999644 0.993126 0.997803 1.006717 1.003757 1.002802 0.999526 0.995424 0.999738 0.995525 1.001445 0.998658 0.999108 1.001959 0.999997 0.998676 0.995500 0.999156 0.995549 0.994638 0.996926 0.998290 1.000759 0.997214 1.001008 1.004086 0.997192 0.996213 0.993910 0.997304 0.990820 0.999983 0.992714 0.995621 0.999968 1.000474 0.999509 1.004703 0.995229 0.999233 1.002817 1.000449 0.997566 0.998008 0.994704 1.000784 1.001711 0.997885 0.998757 0.996170 0.995956 0.991507 0.998903 1.002497 1.003891 0.998066 0.994324 1.004836 1.000754 0.998208 0.996195 1.001770 1.003716 1.000378 1.004946 0.997826 0.999197 0.996543 0.998998 0.994425 0.995580 1.000163 0.991781 0.995994 0.999926 1.000535 0.997884 1.003639 0.999379 1.000166 1.000737 0.999485 1.004587 0.998668 0.997267 0.994731 1.000687 0.997768 0.994632 1.004185 0.999626 1.004277 0.999261 1.001187 1.004899 0.997393 1.002593 1.004225 0.998727 0.997395 1.005678 1.005739 1.006680 1.006265 1.003655 0.999701 0.999516 1.006870 0.998630 1.001330 1.003345 1.000359 0.993993 0.994536 0.995971 1.002088 0.991818 0.990264 1.000727 1.007005 0.997570 0.990674 0.991376 0.996707 1.006325 1.006103 0.995064 0.999815 1.002728 1.003911 1.002086 1.006698 0.994112 0.999889 0.998381 0.999950 1.000553 0.999870 1.007998 0.997859 1.003625 1.002744 1.005095 1.004020 0.996909 1.000373 1.006018 0.997353 1.000979 1.000195 1.002323 1.004276 0.999646 1.000408 1.006811 1.000983 0.992841 0.997270 0.999943 0.994435 1.005166 0.999150 0.999908 0.995568 1.003277 1.000677 1.000280 0.995499 0.999302 0.992565 0.991465 0.990196 0.991783 0.997668 0.997686 0.999142 1.006004 0.998570 1.005395
0.993578 0.999327 0.995395 1.001600 1.007466 1.007138 0.999694 0.999823 1.000160 0.995088 0.993064 0.999675 0.999412 1.003395 0.997587 1.002557 1.000215 0.994711 0.999962 0.999217 0.999469 1.005371 1.008962 1.005450 1.001950 0.996454 1.002656 1.000931 1.002488 1.000295 0.997608 1.000187 1.002522 1.002342 0.990689 1.006597 0.999442 0.998844 1.001207 1.001072 1.003428 0.993212 0.997384 1.006449 0.999596 1.000640 0.994570 1.006324 1.001714 1.003937 1.007945 1.004365 0.998274 1.002959 1.007669 1.003608 1.000404 0.998061 0.995683 1.002392 0.998925 1.005938 0.998839 0.997666 1.003443 0.998426 0.998098 1.004701 0.997654 1.000367 0.996007 1.000321 0.997377 0.998253 0.996543 0.997292 0.995237 1.001668 1.000731 1.002555 1.000116 1.003344 1.005730 1.001744 0.997164 0.999067 1.003676 0.993791 0.996524 1.003393 1.002742 0.995073 0.997872 1.002081 1.000483 1.004469 0.990199 1.001306 0.997781 1.001290 0.999417 0.987937 1.000604 0.997580 1.002751 0.997242 1.003222 0.997693 0.998007 0.998044 0.999097 1.000323 0.996094 0.999988 1.000500 1.005749 1.004142 1.005826 1.001032 0.999374 1.001839 0.992155 0.994264 0.995366 1.000862 0.993595 1.004086 0.996920 0.994692 1.004452 1.003269 0.996505 0.998217 0.997477 0.997926 0.998293 0.999962 1.000860 0.993618 0.998730 1.006604 0.994178 1.000761 0.997790 1.002775 0.998249 1.000755 1.001515 0.999006 0.996061 0.997484 1.001889 1.002794 1.000615 0.994500 0.993856 1.002307 0.997463 0.991242 0.999078 1.001949 1.002407 0.999980 0.997027 0.999628 0.995650 0.996565 1.001228 1.004361 1.002521 0.997477 0.997363 0.998809 0.996439 0.994103 0.997903 0.996164 0.994339 1.005420 1.005197 1.004944 1.005158 0.998085 0.995082 0.995725 0.994964 1.000780 1.000623 0.999854 0.999116
0.993315 1.000012 0.998925 0.999165 0.995710 0.998548 0.997504 0.997891 1.004623 1.006129 1.001775 0.992823 0.994056 1.002021 1.002911 0.996760 0.995628 0.988545 1.008343 0.998439 0.995133 1.003364 1.001965 1.009420 1.001173 0.998743 0.997744 0.993127 0.997193 0.993320 0.992937 0.993189 0.995683 0.994290 0.996719 1.004916 1.003425 0.999553 1.003673 1.001947 1.005097 1.000372 0.992818 0.996707 0.997739 1.002788 0.992374 0.999064 1.003281 1.000419 0.998006 1.000951 1.000888 1.002723 1.001023 1.000098 1.001086 1.003092 0.996608 0.995444 0.997204 0.996010 0.997956 0.990858 0.998017 0.999570 0.995369 1.002650 0.998800 1.003041 0.997219 1.004992 0.997017 1.000620 1.003434 1.005439 1.007528 1.004750 1.010961 0.993714 0.999407 1.005115 1.002478 0.999049 0.994990 0.998390 0.994311 0.993056 0.998415 1.000040 1.003035 0.993550 0.995234 0.997445 1.007797 1.003573 0.992824 0.995166 0.997406 0.996687 0.998527 1.000713 0.996789 1.004301 1.006136 1.002416 0.996824 1.001675 1.001602 1.001554 0.996320 1.003829 0.996013 0.996229 0.999977 0.997562 1.003187 1.006919 1.006064 1.000692 1.006763 0.998788 0.997982 0.999939 1.001322 1.002984 0.995705 0.991930 0.993273 1.003161 0.996633 0.999242 1.004954 0.998062 1.000013 0.999149 1.004944 0.996496 1.002579 0.998232 0.992429 0.993253 1.001468 1.008231 1.002799 0.996471 1.000183 1.004071 0.997089 0.999612 1.005424 1.008005 1.004872 1.001451 0.999075 0.997224 0.998597 0.996099 0.999232 0.992824 1.001511 1.003140 1.000921 0.996030 0.998579 0.996983 1.002276 1.000631 0.998398 1.001963 0.996662 0.997417 1.006848 0.995557 1.000927 0.997620 1.002379 0.997804 1.003149 1.000231 1.002537 1.003349 0.997325 0.996667 0.994917 1.001140 0.997673 1.007138 1.002060 1.006948
0.997689 0.996546 0.998094 1.002723 0.998432 1.007541 1.006463 1.006841 1.004587 0.997691 0.994959 0.999647 0.988877 0.989917 0.992206 0.999632 0.999994 0.998787 0.991845 1.000332 0.996214 1.000511 0.995745 0.998505 0.997563 0.991796 0.992761 1.002236 1.007115 1.000881 0.994481 1.008946 1.002773 1.001325 0.993229 0.996138 1.002119 0.998880 0.998604 1.004383 0.998261 1.003208 1.003710 1.000057 1.000173 1.004477 1.000597 0.995898 0.999788 0.996840 1.004795 1.000740 1.003657 1.000204 0.994692 1.000418 0.998875 1.003614 0.992786 1.001756 1.002818 0.995908 0.999266 1.002882 0.994482 1.000017 0.992334 1.006733 1.000330 1.007798 1.004952 1.006720 0.997210 1.002794 1.003476 1.006304 1.005522 0.997582 1.005918 1.003711 0.998026 0.995354 1.009629 0.997679 1.009794 1.002712 1.000390 0.999643 0.992427 0.995615 0.994888 1.006849 1.002051 1.007362 0.999416 1.003694 1.000846 0.999352 0.998915 0.997266 0.996897 0.999917 0.997012 1.000490 0.994646 0.997481 0.998735 1.001617 1.002143 0.996192 0.998136 0.994033 0.995492 1.000105 1.001647 0.986946 1.004761 0.999740 0.994092 0.999659 0.998845 0.997655 0.994141 0.999890 1.008454 0.998688 0.999843 1.003163 0.998571 1.000909 0.996195 1.004538 1.002165 0.999470 1.000510 1.000718 0.995373 0.996960 0.996523 1.002888 0.997002 1.001998 1.002094 0.995947 0.994225 1.002262 1.007464 1.000840 0.996675 0.999619 1.012231 1.006919 0.992593 0.992830 0.990873 0.998118 0.997716 0.996902 0.997530 0.998363 1.004666 1.003502 0.995108 0.993381 0.994604 0.997536 0.999543 1.006768 1.004880 1.006844 1.003209 1.000972 0.999091 0.998578 0.999589 0.995195 1.001122 1.000537 0.998383 1.003750 1.001447 0.999230 0.997332 0.995589 0.997498 0.996400 1.000303 1.007458 0.999729 1.001974
