-0.011252 0.014025 -0.008601 -0.024048 -0.025974 -0.024542 -0.028719 -0.019512 -0.008791 0.017848 0.018397 0.005317 -0.001929 -0.014139 -0.004080 -0.018250 -0.028434 -0.018645 -0.025314 -0.001721 0.019555 -0.001243 -0.046455 -0.002302 -0.004755 0.004260 -0.030187 0.004698 -0.020616 -0.008121 -0.017201 -0.008347 0.004753 -0.048871 -0.032908 -0.032629 -0.020114 -0.045424 -0.056637 -0.029513 -0.037077 -0.043736 -0.032703 0.010523 -0.001984 0.006857 0.015004 -0.022684 -0.024489 0.003163 -0.027057 -0.026095 -0.029440 0.010643 0.031098 0.000097 -0.013263 0.009146 -0.005666 -0.044178 -0.005445 0.012237 -0.015858 -0.000519 -0.002890 -0.007379 0.022537 0.003656 -0.004165 -0.024388 0.001822 0.028612 0.009338 -0.047113 -0.054067 -0.039315 -0.016250 -0.038738 -0.060005 -0.026606 -0.020105 -0.028083 -0.038313 -0.031150 0.021049 0.023268 -0.022488 -0.016705 0.014982 -0.007072 -0.046140 -0.028884 -0.016531 -0.027892 -0.027136 -0.033545 0.020870 0.028103 0.003431 -0.008578 0.007075 0.016142 0.001803 -0.002482 -0.029004 0.000225 -0.021071 0.006036 -0.064009 -0.008839 0.059280 0.009744 0.016257 0.010357 -0.038336 -0.010402 -0.022906 -0.040020 -0.017537 -0.024227 -0.022374 -0.012692 -0.043948 -0.024750 0.018318 0.022020 0.038553 0.021370 -0.006452 -0.009607 -0.006380 0.007650 -0.013557 -0.009368 -0.013192 -0.008506 0.001231 0.016688 -0.014788 -0.023068 -0.047590 -0.041154 -0.035407 -0.034401 -0.033306 -0.002530 0.024354 0.011221 -0.005202 -0.013739 -0.005436 -0.034198 -0.046004 -0.031606 -0.026726 -0.032449 -0.054211 -0.031168 -0.016477 -0.019631 0.008488 0.013376 -0.019898 -0.015446 -0.015017 0.004866 -0.010915 0.004570 0.033876 -0.001788 0.001982 0.008008 -0.027456 -0.045908 -0.005972 -0.026278 -0.042196 -0.008458 -0.009234 0.016946 -0.008528 -0.011975 -0.042433 -0.020798 -0.010824 -0.006949 -0.032970 -0.045951 -0.020696 -0.014000
0.007214 0.009027 -0.004863 -0.043656 -0.046204 -0.005117 -0.019114 -0.003483 -0.002413 -0.023820 -0.020971 0.020048 0.018472 0.018041 -0.004958 0.003255 -0.008957 -0.016190 -0.020983 -0.037632 0.000043 -0.024441 -0.031171 0.007659 -0.001923 0.000006 0.004937 0.015711 -0.037707 -0.012694 0.013001 -0.010217 -0.005428 -0.015976 -0.003867 -0.025008 -0.028068 -0.006580 -0.017291 0.008059 0.008470 -0.033790 -0.026704 -0.002769 -0.029274 -0.009107 0.049629 -0.002992 -0.035863 -0.012961 -0.018485 -0.018181 -0.009382 -0.001924 0.001626 -0.004240 -0.000970 -0.004589 0.003404 -0.034782 0.014447 0.001577 0.003239 -0.003769 0.023414 -0.008368 -0.013339 -0.003569 -0.019485 -0.001503 -0.001238 0.016724 -0.029957 -0.044015 -0.004246 0.012558 0.008644 0.004384 -0.003705 0.019861 0.001855 -0.006954 -0.024534 -0.020742 0.013083 0.010958 -0.022420 -0.013517 0.017274 -0.004264 -0.034986 -0.018006 -0.006255 -0.019513 -0.008526 -0.023788 -0.002408 0.024522 -0.022849 -0.026885 -0.014859 0.024251 0.028207 0.012290 -0.001656 -0.004958 -0.013978 0.004932 -0.020223 -0.024750 0.004540 0.018415 -0.000424 0.002459 0.008969 -0.017782 -0.012989 -0.015421 -0.007805 -0.041320 -0.030722 0.024308 -0.020161 -0.033792 0.005968 0.023871 -0.003464 0.012278 0.006720 -0.001029 -0.001582 0.012345 -0.018664 -0.007293 0.004150 0.001925 0.009651 -0.004483 -0.011059 0.004211 -0.027077 -0.026565 -0.032317 0.002031 -0.009375 -0.018459 0.000680 -0.004640 -0.001969 -0.034731 -0.007388 -0.000134 -0.008883 -0.011715 -0.035191 -0.035031 -0.043065 -0.027555 -0.005704 -0.009089 -0.017141 -0.014787 -0.021124 -0.008643 0.023491 -0.003788 -0.006965 -0.022047 -0.011781 -0.015388 -0.015737 -0.004881 -0.016109 -0.013061 0.002557 -0.012682 -0.043379 -0.013450 -0.011726 -0.038490 0.003316 0.012216 0.004697 0.014815 0.024811 -0.016814 -0.029048 -0.027872 -0.001271 0.008999
0.031300 0.013080 -0.046645 -0.008222 -0.011523 -0.012646 -0.030021 -0.004396 0.004721 -0.010006 0.006640 -0.000657 -0.007732 0.017902 0.025757 -0.000781 -0.074645 -0.029328 0.010161 -0.004332 -0.001604 -0.005975 -0.013834 -0.011233 0.005732 0.009823 0.005508 -0.013094 -0.016962 -0.009452 -0.000709 -0.012013 -0.034879 -0.041143 0.002427 -0.008778 -0.013228 -0.017182 0.002864 0.003198 0.002580 -0.031652 -0.035507 -0.016898 0.003927 -0.012302 -0.011566 -0.040790 -0.066181 -0.033021 -0.011967 -0.015137 -0.053721 -0.035392 -0.012301 -0.045390 -0.023517 -0.010785 -0.015103 0.008098 0.011571 0.021414 0.039414 -0.009075 -0.004955 -0.011693 -0.020084 -0.046506 -0.023714 -0.013961 -0.006765 -0.009439 -0.046294 0.006466 -0.002648 0.001586 -0.006693 -0.018368 -0.003988 -0.010655 0.045391 0.034420 0.003513 0.012440 0.003361 -0.018232 -0.019916 -0.016030 -0.020914 -0.051249 -0.030732 -0.011814 -0.018448 0.045249 0.010424 -0.010622 -0.019126 0.015926 -0.005434 -0.038250 -0.045569 0.009708 0.028301 -0.012215 -0.031730 -0.013342 -0.008053 -0.030851 -0.020475 -0.009967 -0.008976 -0.010532 -0.053094 -0.031824 0.001441 0.021095 0.016546 0.010175 -0.001373 -0.034746 -0.003685 0.009514 -0.008487 -0.013682 -0.010827 -0.031650 -0.020952 -0.029645 0.001864 0.003848 -0.013565 -0.027512 -0.005910 -0.017410 -0.019977 -0.029102 0.002386 -0.019668 -0.040369 -0.045957 -0.013299 -0.019343 -0.015584 0.018623 -0.028639 -0.022725 -0.008201 -0.011620 -0.026516 -0.017822 -0.016246 -0.000014 -0.023140 -0.023491 -0.027403 0.001184 -0.031479 -0.041435 -0.018746 -0.007714 -0.006039 -0.017451 -0.030396 -0.034338 -0.039524 -0.061098 0.015008 -0.034247 -0.061787 -0.019219 -0.044905 -0.052468 0.000175 0.017080 -0.011038 -0.050741 -0.036904 -0.025360 -0.028672 -0.020233 -0.006659 0.043034 0.022449 -0.022733 -0.014287 -0.045627 -0.026644 -0.015517 -0.019000 -0.004246
0.027303 0.013899 -0.031574 -0.032907 -0.043984 -0.033267 -0.020031 -0.020942 0.007037 -0.006976 0.005056 -0.010609 -0.000689 0.017907 -0.003655 -0.039056 -0.046721 -0.041441 -0.007577 -0.004402 -0.003732 0.003260 -0.010974 -0.019948 -0.009436 0.015112 -0.015289 -0.017689 -0.022189 -0.054640 -0.032500 -0.015959 -0.055582 -0.015759 0.023604 0.009090 0.007444 -0.028229 0.010379 -0.003352 0.001912 0.005065 -0.015765 -0.018949 -0.011829 -0.002119 -0.015124 -0.033802 -0.045620 -0.031492 -0.035104 -0.028425 -0.022619 -0.005679 0.014857 0.040115 0.001548 -0.019794 -0.059776 -0.006274 -0.011359 -0.004908 0.007534 -0.048491 -0.056721 -0.011610 0.001236 -0.050748 -0.012549 -0.021416 -0.003063 -0.008260 -0.018677 0.012538 0.013651 0.015249 -0.027286 -0.039189 0.007470 0.019846 -0.012632 0.012969 -0.011186 0.008554 0.014994 -0.013477 -0.029082 0.019526 0.001937 -0.022881 -0.004173 -0.025906 0.002825 0.045375 -0.001083 -0.016722 -0.012899 0.025467 0.024245 -0.029153 -0.028495 0.013317 0.010643 -0.000005 0.010561 -0.020207 -0.016657 -0.006574 -0.008088 0.015242 -0.004663 0.004081 -0.032238 -0.040410 0.003514 0.051600 -0.016650 -0.034965 0.000666 0.007090 -0.036648 -0.043802 -0.018211 -0.024479 -0.018670 -0.000972 -0.056013 -0.042772 -0.019011 -0.012552 -0.038588 -0.024855 -0.026349 -0.008278 0.011537 -0.064700 -0.042791 -0.016499 -0.042813 -0.019959 -0.016999 -0.008943 0.020555 -0.002692 -0.034150 -0.034581 -0.027360 -0.062385 -0.029654 -0.035240 -0.000875 0.007056 0.006177 0.007424 -0.008851 -0.003861 -0.004225 -0.026978 -0.014001 0.033028 -0.015388 -0.001910 -0.006880 -0.009490 -0.037521 -0.028565 -0.012126 -0.030762 -0.038676 -0.037846 -0.048655 0.017563 0.017564 -0.012025 -0.006180 -0.031846 -0.033609 -0.006056 -0.008343 -0.013258 0.000214 0.019973 -0.031659 -0.008915 -0.018927 -0.025785 -0.017641 -0.001700 -0.013731 0.002360
-0.025236 -0.022375 -0.007526 -0.006745 -0.035346 -0.047306 -0.053572 -0.014642 0.010223 -0.005560 -0.009622 -0.027023 -0.019510 -0.002799 0.016031 -0.000777 -0.009241 -0.032855 -0.009560 -0.017692 -0.014028 -0.023584 -0.008602 -0.031557 -0.000875 0.009670 -0.028059 -0.011896 -0.010486 -0.011043 -0.030684 -0.026069 -0.017222 -0.007703 -0.019909 0.013648 0.004155 -0.032547 -0.027795 -0.008520 -0.007613 0.000549 -0.025456 -0.012411 -0.012815 -0.016430 -0.035620 -0.022207 -0.025476 -0.019341 -0.051710 -0.062885 -0.003952 0.014368 0.002097 0.006373 -0.039837 -0.012367 -0.041050 -0.010387 -0.007185 0.005546 -0.014882 -0.027952 -0.048241 -0.000125 0.001235 -0.010385 -0.032003 -0.017202 -0.011268 -0.024067 -0.012889 -0.005792 -0.013912 0.018709 0.017645 -0.005555 -0.001330 0.023534 -0.026230 -0.008007 -0.037322 -0.014186 -0.036623 -0.004635 -0.009241 0.018679 0.014222 -0.011818 -0.021850 -0.050447 0.007395 0.013345 0.009806 -0.014879 -0.031306 -0.004851 -0.004212 -0.027819 0.014719 -0.009110 -0.011319 -0.012995 0.018821 0.008270 -0.054932 -0.021374 -0.015211 -0.002130 0.016351 0.009522 -0.007808 -0.033891 -0.038638 0.017159 -0.010288 0.002815 -0.005868 0.004782 0.008310 0.022322 -0.003807 0.005203 -0.016648 -0.020003 -0.026222 -0.023486 -0.006940 -0.026535 -0.068060 -0.048641 -0.035541 -0.040363 -0.014245 -0.043158 -0.009534 -0.017382 -0.036736 -0.004158 -0.015505 -0.014268 0.000712 -0.019568 -0.011044 -0.029310 -0.011875 -0.051088 -0.035597 -0.048922 -0.003367 0.013260 0.021002 -0.003813 0.000569 0.019836 -0.019303 0.007796 0.002452 -0.000153 -0.006255 0.010462 -0.003535 -0.028588 0.004963 -0.008492 -0.027413 -0.015938 0.000107 -0.025203 -0.016610 -0.000406 0.011771 -0.024382 -0.021634 -0.019270 -0.004182 -0.006600 -0.010038 -0.042721 -0.033156 -0.037465 -0.046121 -0.036921 -0.055233 -0.025856 0.016398 -0.013542 -0.025320 -0.004316
-0.006905 0.001360 0.007912 -0.015318 -0.000822 0.006962 -0.004566 -0.000381 -0.011550 -0.006077 -0.007443 -0.016091 -0.016907 0.004509 0.021506 -0.010041 0.001771 -0.015539 -0.004007 0.006856 0.000040 -0.002329 -0.028590 -0.027377 0.040798 -0.015503 -0.042686 0.008009 0.018833 -0.040253 -0.020820 -0.015040 -0.018026 -0.031773 -0.031385 -0.010292 -0.001702 -0.000918 -0.005598 0.003984 -0.010554 -0.007712 -0.013669 -0.032583 -0.006505 -0.030430 -0.040835 -0.004849 -0.027423 -0.020931 -0.036898 0.009572 -0.013406 -0.004273 -0.007149 -0.043179 -0.033338 -0.000595 -0.017651 -0.027781 -0.031542 -0.016545 -0.008468 -0.024566 -0.028232 -0.004546 0.003709 0.011439 -0.004593 -0.003389 -0.003136 0.002951 -0.015824 -0.046401 -0.015520 -0.033825 -0.015702 -0.012718 -0.009880 0.009883 -0.001913 -0.019160 -0.016004 -0.027205 -0.025948 -0.020759 0.015210 -0.013293 -0.013640 -0.020846 -0.017318 -0.011388 -0.010640 -0.008686 -0.002015 -0.035859 -0.001918 -0.010894 -0.010118 0.012274 0.011117 -0.013740 -0.020497 -0.025175 -0.050835 0.009408 0.005652 0.018446 0.001543 -0.019533 -0.012301 0.007599 0.015263 -0.007983 -0.013759 -0.017419 -0.036499 -0.030745 0.003796 0.010124 -0.029999 0.013329 0.011175 -0.020809 -0.033118 -0.037593 -0.032095 -0.014457 -0.015819 -0.025353 -0.029105 -0.022262 -0.026738 -0.000219 -0.029394 -0.027448 -0.016157 -0.023874 -0.036898 -0.001956 -0.008111 0.008600 0.005904 -0.003448 0.023013 -0.024594 -0.043855 -0.019950 -0.034255 -0.033181 0.008443 0.025272 0.003407 0.008964 0.006200 -0.005208 0.001120 0.016085 -0.011633 -0.039908 -0.006308 -0.000803 -0.009935 0.003103 -0.031539 -0.054583 0.000766 -0.004863 -0.013234 -0.027151 -0.027796 0.006030 0.001828 -0.030601 -0.003055 -0.025312 -0.023447 -0.007476 0.013567 -0.041802 -0.000608 -0.024535 -0.019628 -0.033341 -0.064382 -0.056788 -0.009431 -0.003114 -0.020632 -0.039992
0.009051 0.023519 -0.000983 -0.027453 -0.021309 -0.042782 -0.008952 -0.013355 -0.038122 -0.008070 -0.010070 -0.014931 -0.013899 0.015296 0.008280 -0.003487 0.009163 -0.003677 -0.021103 -0.039505 -0.000853 0.010203 -0.029996 -0.010360 -0.002876 -0.009113 0.016009 0.000039 -0.028773 -0.030230 -0.010022 -0.001194 -0.015589 -0.060212 -0.031262 -0.032313 -0.043535 -0.020685 0.007935 0.000149 0.014263 0.000060 0.005228 -0.013263 0.000897 0.002153 -0.011856 -0.004451 0.024260 -0.022966 -0.040132 0.006601 0.026973 -0.008406 -0.008757 -0.008848 0.002108 0.022833 -0.009360 -0.009806 -0.019287 -0.010149 -0.015903 0.012021 -0.007898 -0.053233 -0.004895 -0.005545 0.008213 -0.012975 -0.020797 0.025080 -0.013560 -0.029517 -0.010722 -0.039617 -0.010460 -0.006463 0.005804 0.025728 -0.006629 -0.037272 -0.013759 0.005683 0.006316 -0.003393 -0.002980 -0.020190 -0.019999 -0.005752 -0.029513 -0.029441 0.003839 0.014284 0.009123 -0.030017 0.012036 -0.008632 -0.000172 0.000890 -0.007718 0.002689 -0.001754 -0.027729 -0.031556 -0.034843 0.009027 0.016585 0.006546 -0.007003 -0.019521 -0.002216 -0.005257 -0.011282 -0.009976 -0.074333 -0.025123 -0.014785 -0.019613 0.013365 -0.014395 0.005722 -0.004521 -0.039471 0.013252 -0.005420 -0.021645 -0.030053 -0.037304 -0.048242 -0.014857 -0.008545 -0.024645 -0.013109 -0.024207 -0.013890 -0.007381 -0.022361 -0.047067 0.022256 0.001715 0.019684 0.010692 -0.012304 -0.024738 -0.018791 -0.028583 -0.032925 0.025101 0.001593 -0.005483 0.031718 -0.005916 -0.011101 -0.012242 -0.031994 -0.023288 -0.012322 0.008273 -0.038177 -0.026982 -0.035660 -0.021292 0.010155 -0.018840 -0.039448 -0.027207 0.001525 -0.010069 -0.007053 -0.009726 -0.005406 0.016924 0.014644 -0.018982 -0.051882 -0.042849 -0.033940 0.029540 0.049567 0.028353 -0.003520 -0.002028 -0.015420 -0.015597 -0.019477 0.002410 0.014472 -0.032962 -0.030377
-0.007875 0.016905 -0.062406 -0.024032 -0.005692 -0.017214 -0.007586 -0.018892 -0.008634 -0.007136 -0.009106 0.022647 0.031533 -0.011215 -0.009554 0.003979 -0.022001 -0.011469 -0.030240 -0.025134 -0.017298 -0.003238 -0.025641 -0.031490 -0.002806 0.000825 0.039484 0.018649 -0.037468 -0.008320 -0.032106 -0.033644 -0.042514 -0.032953 -0.027160 -0.028436 0.000835 -0.010102 0.022280 0.003839 -0.012728 0.014468 0.011764 -0.013092 -0.008607 -0.007435 -0.012500 0.001491 -0.006314 -0.012619 -0.002429 -0.046218 -0.016422 0.011108 -0.000209 0.020036 -0.000027 -0.005781 -0.006925 -0.012321 -0.009007 0.000418 -0.047634 -0.006485 -0.002880 -0.015395 -0.012754 -0.004618 -0.006917 0.000196 0.015095 0.012686 -0.021044 -0.005054 -0.015924 -0.000661 0.014589 -0.007607 -0.031715 0.017156 -0.002174 -0.033125 -0.031185 -0.001839 0.008587 -0.009392 -0.025047 -0.026896 -0.009954 0.018636 0.000970 -0.007867 0.001009 -0.020620 0.003020 -0.000509 -0.011984 -0.001355 -0.033888 -0.000415 -0.000268 -0.002474 -0.030455 -0.002391 0.000933 0.007718 0.030351 -0.001360 0.019078 0.019566 0.004501 -0.008324 -0.031784 -0.022680 -0.003046 -0.077003 -0.007816 -0.007184 -0.018728 -0.009782 0.010064 0.020632 -0.043949 -0.049748 0.004189 0.004693 -0.012630 -0.012018 -0.039772 -0.038824 -0.021450 -0.043042 -0.032174 -0.041823 -0.039547 0.023676 0.004143 -0.004961 -0.011736 0.023283 -0.003459 -0.015536 -0.037047 -0.035003 -0.052055 -0.005711 0.005086 -0.010034 0.000816 -0.018936 -0.032698 -0.003389 -0.008503 -0.020327 0.005962 -0.028215 -0.003613 -0.010421 -0.041132 -0.057412 -0.011308 -0.028499 -0.041442 -0.008365 -0.038441 -0.035476 -0.012893 0.004585 -0.005808 -0.027102 -0.023496 0.004889 0.009492 0.030554 0.010656 -0.031155 0.010136 -0.018733 -0.015383 0.000628 -0.010407 -0.024940 -0.038781 -0.042160 -0.009117 -0.027603 -0.011332 0.020455 -0.020372 -0.016007
-0.032505 -0.016418 -0.029947 0.017161 0.044772 0.018618 -0.017061 -0.014342 -0.025298 -0.028132 0.003651 0.008303 -0.000233 -0.034502 -0.007224 -0.008803 -0.005576 0.009645 -0.045554 -0.030267 -0.010252 -0.031586 -0.017212 -0.035083 -0.012088 -0.019301 -0.003220 0.006199 -0.042800 -0.030827 -0.041805 -0.048378 -0.028380 -0.002136 0.002415 -0.009346 -0.001300 -0.006932 -0.003787 -0.000477 -0.037271 -0.025377 0.023731 -0.006897 0.001253 0.016796 -0.001490 -0.003142 -0.027780 0.003142 0.001530 -0.041708 -0.035794 0.025555 0.027679 -0.023400 -0.047949 -0.028694 -0.021867 0.006483 0.018491 -0.023517 -0.030238 -0.014495 -0.014107 -0.018284 -0.017006 -0.023435 -0.012724 0.018552 0.029623 -0.009125 -0.030752 -0.033223 -0.028473 -0.066333 -0.027304 0.001603 0.003649 -0.006941 0.011731 -0.013254 -0.017977 -0.020728 0.000620 -0.003913 -0.021676 -0.029776 -0.024713 -0.032113 -0.027292 -0.019882 -0.047697 -0.032430 0.014162 0.003554 -0.008382 0.028611 -0.037429 -0.015209 0.004543 0.008276 -0.021293 -0.000390 -0.016104 -0.018123 0.000517 -0.000177 -0.003880 0.019336 0.000420 -0.036054 -0.042389 -0.032654 -0.001866 0.004766 0.008367 0.009881 0.003774 -0.028505 0.001782 -0.009939 -0.041418 -0.028754 -0.048342 -0.034131 -0.015828 -0.029759 -0.003991 -0.012022 0.001401 -0.020998 -0.046015 -0.059353 -0.014633 0.030967 -0.002872 0.019008 -0.007118 -0.001172 -0.024325 -0.031521 -0.016201 -0.016857 -0.049538 -0.007462 0.028781 0.007046 -0.009435 -0.018652 -0.053461 -0.010379 -0.026538 -0.006379 -0.004237 -0.027207 -0.022689 0.006276 -0.010444 -0.042565 -0.003099 -0.030937 -0.021765 0.009896 -0.005812 0.001421 -0.006337 -0.003293 -0.002125 -0.016257 -0.049576 -0.024408 0.015617 0.033680 0.017901 -0.014801 0.033779 -0.000158 -0.016670 0.000897 0.011333 -0.010764 -0.012225 -0.014484 0.012238 -0.013539 -0.018573 -0.037939 -0.037215 -0.023325
-0.005659 -0.017499 -0.025989 0.009099 0.004658 -0.026799 -0.022945 -0.018196 -0.000588 -0.005665 0.006947 -0.023867 -0.012110 0.042531 -0.020167 -0.007332 -0.019127 -0.038337 -0.032399 0.008617 -0.009459 -0.018977 0.001031 -0.043059 -0.048692 -0.036780 -0.028189 -0.015262 -0.024722 -0.045609 -0.021349 -0.029299 0.010533 0.004593 -0.025632 -0.025318 -0.018692 -0.017920 -0.018828 0.004612 -0.020430 -0.006714 -0.019604 -0.018127 -0.017036 -0.002898 -0.022962 0.025733 -0.027524 -0.047293 -0.044444 -0.066356 -0.022793 -0.025086 -0.013710 0.007041 -0.001963 -0.028664 -0.011082 0.003053 -0.000060 0.005627 -0.015442 -0.008915 -0.017063 -0.060193 -0.017154 -0.022333 -0.006057 -0.001408 0.026357 -0.023855 -0.042724 -0.016546 -0.015140 -0.014783 -0.014332 -0.005280 0.011100 0.002661 -0.005466 -0.019502 -0.026153 -0.038079 0.003318 -0.006332 -0.026716 -0.031562 -0.039077 -0.014071 -0.027651 -0.053465 -0.034016 -0.033221 -0.031353 -0.021054 0.029531 0.029735 -0.018709 -0.015763 -0.024926 -0.005776 -0.022977 -0.018732 -0.026126 -0.015530 0.010749 0.009901 -0.014335 -0.026616 -0.028413 -0.036410 -0.027208 -0.036402 -0.033229 0.038826 -0.027850 -0.041159 -0.019339 -0.020888 -0.019530 -0.011623 0.000717 -0.016640 -0.030647 -0.063985 -0.026671 -0.022822 -0.019666 -0.008336 -0.037442 -0.035374 -0.064163 -0.041058 -0.006409 -0.006882 0.019900 0.045580 0.031289 0.000965 -0.013251 0.008188 -0.003236 0.001726 -0.001204 -0.018909 -0.010457 -0.010065 -0.003026 -0.000502 0.013730 -0.001061 -0.025204 -0.022638 -0.015326 -0.009517 -0.011673 -0.019652 -0.012914 -0.023312 -0.025937 0.001734 0.018352 0.011698 -0.014332 0.018060 -0.005683 0.005580 -0.010740 -0.065405 -0.015272 -0.019553 0.036166 0.030191 0.007427 -0.055322 -0.024494 -0.028785 -0.012865 0.003672 -0.025917 -0.000905 -0.009446 -0.004075 -0.017265 0.005003 0.003111 -0.033449 -0.032415 -0.015038
-0.022265 -0.021957 0.006068 -0.017730 -0.045446 0.001011 -0.010585 -0.023065 -0.036540 -0.031441 -0.022709 -0.060784 -0.010771 0.000193 -0.026346 -0.013145 -0.027929 -0.050348 -0.001733 -0.060267 -0.071227 -0.046903 0.001001 -0.018741 -0.027367 -0.001880 -0.008081 -0.010726 -0.017149 -0.035515 -0.031870 -0.021410 0.005846 0.013704 0.011063 0.000004 -0.026087 -0.018052 -0.024117 -0.038565 0.001015 -0.000633 -0.018746 -0.005535 -0.013383 -0.036448 -0.024999 0.023060 -0.007916 -0.028853 -0.001241 -0.037435 -0.061739 -0.056005 -0.073727 0.014037 0.008219 -0.013320 -0.015721 0.001305 -0.003055 -0.002358 -0.020679 -0.007461 -0.058540 -0.059059 -0.042501 -0.051712 -0.003982 0.003191 -0.021567 -0.036810 -0.049163 -0.026160 0.000291 -0.000962 -0.013277 -0.003042 -0.008631 0.000562 -0.007333 -0.037346 -0.014966 -0.021573 -0.007792 -0.027995 -0.044396 -0.049616 -0.022170 -0.002930 -0.011514 -0.023946 -0.021363 -0.005013 -0.034668 -0.018525 -0.008780 0.005856 0.001137 -0.004465 -0.021926 -0.007737 0.008581 0.003983 0.027069 -0.027690 -0.009914 -0.011243 -0.042877 -0.034219 -0.022974 -0.040958 -0.031530 -0.011450 -0.019378 -0.030734 -0.027538 -0.038760 -0.014489 -0.005892 -0.034942 -0.019360 0.006624 -0.023567 -0.004912 -0.010609 -0.003956 -0.029921 -0.014659 -0.042638 -0.057539 0.005255 -0.041451 -0.005714 0.020558 0.044066 0.005926 -0.012593 -0.001435 0.003225 0.031419 0.022533 -0.009295 -0.019338 0.000326 -0.012877 -0.021898 -0.039379 -0.074532 -0.009766 0.013791 0.002278 -0.018800 -0.003420 -0.036571 -0.023147 0.006400 -0.033377 -0.041454 -0.014952 0.014048 -0.028374 -0.022060 -0.018447 -0.044096 -0.018141 -0.032237 0.008844 -0.044144 -0.057796 0.020015 0.000460 0.002827 -0.008648 -0.011922 -0.036286 -0.033170 -0.052664 -0.004092 0.006555 -0.029371 -0.041371 -0.034887 -0.033498 -0.019809 0.009020 0.015653 -0.002356 -0.011518 0.001664
-0.022044 -0.024938 0.010056 0.012832 -0.049270 -0.010280 -0.006773 -0.047808 -0.034283 -0.012357 -0.023486 -0.085364 -0.006160 0.006678 -0.022088 -0.034269 0.000628 -0.019025 -0.003932 -0.030553 -0.052552 -0.006502 0.009135 0.002108 -0.030080 -0.000452 -0.016846 -0.039761 -0.026092 -0.027231 0.003090 -0.001988 0.016618 -0.014108 -0.008033 -0.006218 -0.016596 -0.006383 0.005169 -0.011729 -0.028627 -0.038496 -0.029584 -0.036963 -0.015960 -0.021771 -0.035295 -0.020796 -0.046941 0.008146 0.029345 0.015916 0.001109 -0.021561 -0.000303 -0.045892 -0.018145 -0.001970 -0.007522 -0.022493 -0.004004 0.015444 -0.015790 -0.017397 -0.043343 0.040122 -0.002303 0.008370 0.000692 -0.000254 -0.033112 -0.030455 -0.005664 0.011438 -0.021908 -0.016438 -0.002476 -0.005495 -0.029784 -0.009419 0.009520 -0.044051 0.002213 -0.009613 -0.008209 -0.013655 -0.028219 -0.050270 -0.029761 0.013847 0.005850 0.011476 -0.006695 0.001366 -0.013408 -0.026443 -0.020889 -0.012622 0.009847 0.010404 -0.008103 -0.001413 -0.019082 -0.015204 0.009547 -0.030042 -0.012816 -0.017554 -0.033568 -0.034454 -0.021310 0.002513 -0.015239 -0.015312 -0.017747 -0.020113 -0.015380 -0.016357 0.004477 0.002738 -0.032485 -0.021627 -0.030076 -0.027324 -0.027771 -0.022542 -0.023576 -0.026301 -0.029025 -0.023838 0.001104 0.040843 0.008736 -0.029082 -0.001183 -0.001869 -0.060978 -0.021157 -0.013516 -0.006604 0.002086 -0.005190 -0.037023 -0.055996 -0.050950 -0.001385 0.001388 -0.009915 -0.035429 -0.019585 -0.019118 0.001429 0.000371 -0.010741 -0.030152 -0.011852 -0.034781 -0.003116 -0.006068 -0.005576 0.015340 -0.002542 -0.027707 -0.030871 -0.021574 -0.018138 -0.014500 -0.021437 -0.021757 0.007175 -0.042445 -0.018963 0.001051 -0.015576 -0.031405 -0.027902 0.004309 -0.022709 -0.000263 -0.010060 -0.020438 -0.051818 -0.006913 0.004786 -0.012128 -0.012738 -0.019824 0.004703 -0.025657 -0.007227
0.002416 -0.013398 0.022801 -0.019855 -0.047883 -0.020748 -0.005557 -0.021041 -0.024545 -0.007839 -0.014904 -0.005952 0.008775 0.013391 -0.004138 -0.025902 -0.007323 -0.015287 0.001040 -0.009320 -0.005616 -0.000304 -0.015864 -0.018137 -0.034871 -0.017928 -0.034989 -0.029458 -0.027080 -0.051325 -0.021357 -0.003748 0.012576 -0.019049 -0.027359 -0.037456 -0.015739 -0.005011 0.020118 -0.026028 -0.016530 -0.018901 -0.025148 -0.046380 -0.028214 0.011370 -0.009361 -0.012690 -0.036018 0.012259 0.004851 -0.007008 -0.014208 -0.029557 -0.025992 -0.011285 0.002262 -0.024135 -0.036961 -0.057606 -0.001022 -0.019566 -0.022018 -0.054672 -0.071878 -0.015241 -0.004330 0.038279 -0.010830 0.010033 -0.001188 -0.005486 -0.005146 -0.041403 -0.021022 -0.029238 -0.023753 -0.030145 0.017790 0.031276 0.016783 0.010900 -0.016804 -0.016756 0.006379 -0.029174 -0.044244 -0.050369 -0.074734 -0.019050 -0.016960 -0.021566 -0.018392 -0.003448 -0.016922 -0.026306 -0.041344 -0.016144 -0.049403 0.005586 -0.032471 -0.032892 -0.042953 -0.008500 -0.007899 -0.010446 0.005840 0.005155 0.002709 -0.031025 -0.007496 0.018188 0.026886 -0.011100 -0.015800 -0.020045 -0.003598 0.000150 -0.034779 0.001484 -0.018291 -0.037552 -0.041396 -0.031214 -0.051602 -0.029567 -0.046837 -0.035536 0.011338 0.009204 0.003297 -0.008850 -0.007552 -0.010794 -0.037702 -0.012041 -0.023815 -0.009402 -0.023751 -0.009692 0.006231 0.017923 -0.034523 -0.045590 -0.031534 0.033233 0.022569 -0.021898 -0.038719 -0.032217 -0.028358 -0.022088 -0.010545 -0.025774 -0.023153 -0.027041 -0.035525 0.017178 -0.003181 -0.007801 0.016061 0.010322 -0.045694 -0.035523 -0.028204 -0.010923 -0.004819 -0.034790 0.008509 0.021015 -0.055173 -0.030088 -0.017733 -0.008461 -0.021598 -0.019084 -0.013258 -0.018859 -0.031947 -0.037615 -0.019835 -0.024040 -0.005014 -0.009821 -0.009670 0.013088 -0.015148 -0.019430 -0.031932 -0.009318
-0.003204 0.001597 0.029156 -0.045359 -0.073207 -0.023583 -0.021810 -0.018886 -0.023621 -0.022581 -0.044382 -0.001672 0.007191 0.007453 -0.012885 -0.014924 0.006992 -0.017816 -0.022183 -0.032676 0.004737 0.004342 -0.015156 -0.015511 -0.033886 -0.011652 0.013500 0.005356 0.000008 -0.037296 -0.026609 -0.020191 -0.009163 -0.022462 -0.046995 -0.018962 0.027573 -0.001311 -0.015971 -0.015721 -0.014761 0.004907 -0.019320 -0.014537 -0.021501 -0.042097 -0.042699 -0.014225 -0.023624 -0.009983 -0.035581 -0.026095 -0.018890 -0.011586 -0.034633 -0.009308 0.009811 -0.028269 -0.011044 -0.001537 0.003559 -0.000865 0.012399 -0.034446 -0.058608 -0.003575 -0.010030 -0.029934 -0.009472 0.010969 -0.021168 -0.024576 0.001841 -0.046788 -0.030220 -0.005899 0.013095 -0.018137 0.015643 0.016419 -0.005898 0.016700 -0.003476 -0.011419 -0.016557 -0.023324 -0.011719 -0.004720 -0.077625 -0.079559 -0.020139 -0.011515 0.005216 0.007122 0.000923 -0.030077 -0.045635 -0.027580 -0.035167 0.008439 -0.009761 -0.027574 -0.037918 -0.024598 -0.012180 -0.015203 -0.005841 -0.018734 -0.029007 -0.034985 0.000050 -0.002868 -0.008028 -0.012941 -0.012150 -0.029517 -0.032019 -0.006706 -0.005002 -0.018473 0.004373 -0.026421 -0.034115 -0.022581 0.005788 -0.026003 -0.001672 0.004682 0.016657 -0.008834 -0.026498 0.000718 -0.009104 0.000498 -0.034008 -0.036250 -0.012911 0.009631 -0.007829 -0.002802 0.007902 -0.028140 -0.058973 -0.040593 -0.041086 -0.014710 -0.013115 0.000997 -0.032192 0.008887 -0.030342 -0.018307 -0.024675 -0.008250 -0.010879 -0.028729 -0.018375 0.023650 -0.009248 -0.061613 -0.023564 -0.032047 -0.045256 0.011092 -0.002996 0.000709 -0.042009 -0.055466 -0.040597 -0.001090 -0.035937 0.003547 -0.006051 -0.006287 -0.022021 0.010270 0.008628 -0.015631 -0.012248 -0.029159 -0.006856 -0.009669 0.013287 -0.006032 0.017573 0.013365 0.023387 -0.013634 -0.038691 -0.006038
-0.032519 -0.000457 0.009921 -0.012613 -0.041929 -0.046095 -0.032419 -0.003915 0.011234 0.016470 0.003143 -0.026732 -0.007639 -0.000376 -0.010443 -0.000190 0.002973 -0.013236 -0.034348 -0.036116 -0.002675 -0.001185 0.018515 0.022643 -0.038154 -0.024291 0.012494 -0.014617 0.002351 -0.000936 -0.019606 -0.011335 0.012538 -0.011181 -0.029098 -0.038454 0.000056 0.004898 0.008454 0.006702 -0.028149 -0.016906 -0.002055 0.004673 -0.036652 -0.011922 -0.025970 0.004106 -0.005692 -0.013741 -0.022200 -0.011461 -0.011727 0.015570 -0.009415 -0.031006 -0.000357 0.002764 -0.049347 -0.034241 -0.007433 0.003124 -0.009992 -0.008210 -0.024683 0.009939 0.000211 -0.001935 -0.023040 -0.007766 -0.018719 -0.036418 -0.021717 -0.050077 -0.010548 -0.026379 -0.034508 -0.018419 0.014378 -0.006853 -0.016341 -0.006058 -0.018363 0.026406 -0.035725 -0.022897 0.028427 0.027832 -0.024663 -0.035887 -0.040322 -0.006467 -0.020325 -0.026861 -0.004071 -0.009362 -0.036058 -0.049891 -0.021205 -0.007674 0.008653 -0.027069 -0.031422 0.022482 -0.003192 -0.020535 0.000723 -0.003028 -0.030420 -0.010035 -0.006673 -0.015456 -0.018175 -0.002281 -0.026874 -0.029283 -0.023347 -0.012721 -0.023148 -0.043459 -0.040547 0.006089 -0.006310 -0.047441 -0.032860 -0.040231 0.001437 0.010601 -0.003092 -0.008393 -0.051106 -0.006819 -0.035430 -0.002871 -0.011621 -0.022750 -0.018862 0.005660 0.004862 -0.014997 -0.024281 -0.035279 -0.037259 -0.027597 -0.012587 -0.035049 -0.033386 -0.043193 -0.037958 -0.012425 -0.024124 -0.035691 -0.050514 -0.019334 0.016346 0.006311 0.025675 0.004270 -0.026730 -0.055358 -0.078063 -0.042055 -0.005949 -0.023628 0.003234 -0.003893 -0.045232 -0.041072 -0.051194 -0.006665 0.000410 -0.014985 0.005505 0.014352 -0.002513 0.014191 0.023164 0.008070 0.018437 0.005907 -0.002966 0.009992 0.014650 -0.035932 -0.023652 -0.076642 -0.004539 -0.011480 -0.030249 -0.015787
-0.013815 -0.016220 0.016957 0.006281 -0.016885 -0.033471 -0.067361 -0.014600 -0.009932 -0.010303 0.007009 -0.024103 -0.001923 -0.011386 -0.001946 -0.023294 -0.027901 -0.003945 0.017559 0.004697 0.003036 0.003182 -0.015201 0.011573 -0.031978 -0.042131 -0.031073 0.019317 0.013141 -0.030586 0.000793 0.018982 -0.002011 -0.000292 -0.009507 0.006426 0.002741 0.010836 -0.004776 -0.013235 -0.015423 -0.077713 -0.033719 0.004413 -0.035022 -0.009844 -0.035284 -0.002720 -0.000476 -0.011711 -0.014268 -0.014161 -0.027056 0.007597 0.015626 -0.010722 -0.022919 -0.037564 0.005825 0.002560 0.027107 0.016753 0.003238 -0.002138 -0.017401 -0.023151 -0.015243 -0.017710 -0.039484 -0.018352 -0.010775 -0.004741 -0.025331 -0.022123 -0.018811 -0.000803 -0.007070 -0.016801 -0.010780 -0.008063 -0.016189 -0.041361 -0.007871 0.018719 -0.039591 -0.022568 0.006387 -0.015089 -0.018121 -0.030132 -0.049565 -0.047476 -0.010021 -0.018175 -0.029012 -0.012412 -0.035281 -0.007408 -0.020991 -0.019298 -0.005054 -0.034442 -0.017554 -0.022749 -0.004534 -0.008937 0.012785 -0.006720 -0.016279 -0.027692 -0.002099 -0.017752 -0.009427 -0.027065 -0.001131 -0.007696 -0.012265 -0.013538 -0.012534 -0.022449 -0.021144 0.004477 0.020034 -0.017825 -0.049232 -0.002458 0.020297 0.027957 -0.001448 0.009602 -0.044147 -0.054833 -0.025727 -0.015468 0.010652 0.004440 -0.015570 -0.003326 -0.026232 -0.038394 -0.000727 -0.012341 -0.002677 -0.037751 -0.037628 -0.021779 0.001879 -0.015629 0.003578 0.038096 -0.013598 -0.032307 -0.039610 -0.024436 -0.034197 -0.033548 0.030579 -0.008800 -0.022411 -0.007877 -0.017505 -0.022027 -0.013592 -0.023106 -0.021329 0.003138 -0.013650 -0.023707 -0.036683 -0.005538 -0.018901 0.009091 0.034748 0.000769 -0.024318 -0.027949 -0.020180 -0.006812 -0.022169 -0.018051 0.002813 -0.030915 -0.019707 -0.016042 -0.018532 -0.031971 0.002678 0.002306 0.005725 -0.019379
0.015020 0.005899 0.010880 -0.009217 -0.020104 -0.002905 -0.016729 -0.040640 0.008475 -0.013329 0.000519 -0.021836 0.002522 -0.007600 0.005383 0.000612 0.002093 -0.010452 0.010514 0.001674 -0.015890 0.012266 -0.009683 -0.018556 -0.048913 -0.047290 -0.021213 -0.019513 -0.024238 -0.053385 0.006548 0.000277 -0.040378 -0.016080 0.012896 0.014740 -0.020117 -0.016467 0.009344 -0.020508 0.010301 -0.012198 -0.051147 0.002339 -0.019726 -0.024101 -0.015812 -0.017360 -0.000856 -0.014131 -0.007266 0.016852 -0.011891 -0.013385 -0.041422 -0.027444 -0.012648 -0.017538 0.014109 -0.006759 0.001854 -0.023739 -0.008076 -0.022554 -0.025309 -0.031133 -0.006247 -0.027557 -0.020197 -0.033207 0.013872 -0.018891 -0.034107 -0.010927 -0.033589 -0.001296 -0.003664 -0.006526 -0.008352 -0.021275 -0.008658 -0.002022 -0.033605 -0.002054 -0.015668 -0.001941 0.020597 -0.012981 -0.020318 -0.039620 -0.041987 -0.027835 -0.048099 -0.040315 -0.025145 -0.037041 0.006612 0.019372 -0.039901 -0.027618 -0.009375 0.006465 -0.013708 -0.015415 0.005589 0.005111 -0.007594 -0.011341 -0.029302 -0.016612 -0.007870 -0.004914 -0.016372 -0.016450 0.008184 -0.010704 -0.005379 -0.023922 -0.010252 0.003496 0.007875 0.018567 -0.007458 -0.020597 -0.018324 -0.025971 -0.012268 -0.007551 0.006240 -0.008159 -0.011155 -0.020623 0.017581 -0.009820 -0.012442 -0.026293 -0.012336 -0.011839 -0.022920 -0.034465 -0.036160 -0.028900 -0.018945 -0.029138 -0.015440 -0.008110 -0.043607 -0.027202 -0.001645 0.026410 0.021564 -0.038643 -0.041937 -0.034023 -0.021381 -0.019610 0.001869 0.006148 0.003417 -0.011981 -0.022265 0.000617 0.010798 -0.000630 -0.054188 -0.025760 -0.022247 -0.031243 -0.040513 -0.023063 -0.044961 0.006965 -0.031677 -0.038506 -0.031557 -0.034053 -0.027475 -0.013311 -0.009296 -0.025988 -0.021469 -0.012668 -0.006944 -0.013157 -0.002653 0.000495 -0.008150 -0.010819 0.021711 0.006510
-0.045356 -0.000536 0.018229 -0.026705 -0.013054 -0.013251 -0.000481 -0.021611 0.009668 -0.014701 -0.006136 0.013354 -0.004431 -0.000141 -0.031756 -0.005758 -0.004780 -0.011574 -0.001591 -0.011981 -0.024525 0.013127 -0.001886 -0.049732 -0.043114 -0.024374 -0.025799 -0.023927 -0.022666 -0.039257 -0.030443 -0.024798 -0.031506 -0.030145 0.006304 0.003642 -0.029976 -0.011339 -0.006299 -0.028688 -0.020822 -0.028960 -0.011131 -0.001659 -0.016673 -0.014731 0.023209 0.008332 -0.023407 -0.035949 -0.024668 -0.030302 0.006633 -0.002325 -0.038097 -0.017901 -0.031458 -0.020618 -0.004348 -0.018423 -0.032023 -0.015881 0.003291 -0.030420 -0.031670 -0.020930 -0.004699 -0.034969 -0.024042 -0.012516 0.023980 -0.005521 -0.005389 -0.010014 -0.024864 0.011672 -0.019000 -0.025866 -0.005375 -0.026358 -0.035785 -0.023457 -0.041559 -0.026202 -0.010556 -0.016620 0.022536 0.012650 -0.004783 -0.016731 -0.021532 0.000265 -0.000268 0.003720 -0.024919 -0.042573 -0.000429 -0.000138 -0.016940 -0.042328 -0.022579 0.000583 -0.015351 -0.022598 -0.016675 -0.023089 -0.032152 -0.031232 -0.054584 -0.013485 -0.000084 0.000663 -0.010023 0.014403 0.033437 0.007572 -0.007140 -0.036618 -0.007941 -0.011565 0.006788 0.011099 0.004789 -0.023530 -0.034360 -0.023817 0.005415 0.003632 0.011384 0.006824 0.025244 -0.009148 -0.018889 -0.030086 -0.035321 -0.058792 -0.047521 -0.002068 0.009637 0.019653 -0.023648 -0.037055 0.001959 0.006320 -0.034162 0.003080 -0.025781 0.002217 -0.046894 -0.026485 -0.025019 -0.016879 0.019781 -0.015641 -0.048765 -0.025168 0.020249 -0.007265 -0.009988 -0.037532 -0.064715 -0.039249 0.001716 -0.050218 -0.035134 -0.013723 -0.007268 -0.049403 -0.029504 -0.031138 -0.024506 -0.005494 -0.007751 -0.018885 -0.001510 -0.024882 -0.049412 -0.034892 -0.008074 -0.020462 -0.006496 -0.006246 0.005160 0.002665 0.016121 0.028154 -0.001550 -0.028156 -0.016796 -0.030842
-0.033730 -0.064485 -0.020382 -0.016467 -0.017788 -0.026835 -0.018198 0.001352 -0.013097 -0.026150 -0.043858 -0.021931 -0.024283 0.009361 -0.007041 0.014695 -0.006574 0.000572 -0.012728 -0.007739 -0.033750 -0.020319 -0.019220 -0.023372 -0.003828 -0.031727 -0.030571 -0.028747 -0.020571 -0.033277 -0.029190 -0.020541 0.026277 0.027675 -0.009392 -0.008030 -0.030020 -0.023419 -0.015933 -0.035037 -0.015500 -0.010664 0.011249 0.018534 0.019616 -0.020498 -0.018754 -0.003298 -0.028856 -0.065672 -0.016862 0.008025 -0.000202 0.020358 0.020536 0.015972 -0.056637 -0.044717 -0.018817 -0.002653 -0.026015 0.023523 0.001757 0.006328 0.024192 -0.003479 -0.040225 0.001488 -0.016560 -0.023854 0.023421 0.030120 -0.010037 -0.039743 -0.022225 -0.025276 -0.002955 -0.006144 -0.036909 -0.017567 0.001594 -0.024490 -0.040097 -0.037741 -0.025254 -0.027390 0.009045 0.002157 -0.016766 -0.030728 -0.001574 0.008444 -0.021354 -0.024173 -0.012905 0.015948 -0.030413 -0.027650 -0.045681 -0.022898 0.001502 -0.011520 -0.015769 -0.019163 -0.034735 -0.025045 -0.012372 -0.014274 -0.008196 -0.021812 0.002911 -0.018734 -0.012521 0.021812 0.003771 0.018225 -0.035953 -0.079764 -0.054496 -0.066777 -0.031040 -0.008080 0.031872 0.001980 -0.019314 -0.006215 0.002507 -0.004830 0.013746 0.017696 0.006285 -0.017788 0.016619 -0.025907 0.010761 0.004663 0.011307 -0.026236 -0.015755 -0.022418 -0.006212 -0.000554 0.026702 0.026660 -0.021410 0.008160 -0.018722 0.018329 0.005407 -0.001696 -0.037506 -0.016995 -0.004518 -0.043603 -0.045450 -0.028615 -0.028313 -0.040435 -0.030438 -0.015160 -0.069343 -0.033850 -0.008473 -0.022174 -0.036642 -0.019357 -0.025197 -0.021125 0.006469 0.001326 0.011768 -0.007482 0.019092 0.009640 0.002414 -0.009933 0.013285 -0.003884 -0.001948 0.012284 -0.019071 0.007143 -0.001733 -0.034082 0.008667 0.003509 -0.011024 0.012569 -0.000275 -0.010028
-0.031700 -0.048500 -0.043511 -0.028198 0.011443 -0.012404 -0.009521 0.005445 -0.006949 -0.028246 -0.044662 -0.031939 -0.001226 -0.000992 -0.007981 -0.004862 -0.030563 0.001296 0.009662 -0.011860 -0.006253 0.031858 -0.000672 -0.020597 -0.036039 -0.013278 -0.020928 -0.012775 0.011337 -0.034742 -0.049298 -0.038974 -0.005330 0.028064 0.005220 -0.008053 -0.026967 -0.031753 -0.040309 -0.027065 -0.029411 -0.004310 0.002803 0.011015 0.011578 -0.007234 -0.014514 0.018484 0.005498 -0.000421 -0.002135 -0.012532 -0.011198 -0.004987 0.006406 0.004532 0.022027 -0.000157 -0.039977 0.016136 -0.029251 -0.047940 0.000580 0.006494 0.005652 -0.045183 -0.044646 -0.004634 0.008383 0.009439 0.045387 -0.005574 -0.008586 0.000524 -0.021879 -0.042571 -0.007984 0.003018 0.017711 -0.009336 -0.004859 0.000589 -0.010920 -0.028759 -0.026044 -0.009966 0.012697 -0.020477 -0.032434 -0.042317 -0.031186 -0.035386 -0.016890 -0.023745 -0.007627 0.019499 -0.025845 -0.051121 -0.018910 -0.022386 -0.040675 -0.022273 -0.039829 -0.029521 -0.042543 -0.017044 -0.003665 -0.003126 -0.002997 0.000918 0.014934 -0.016426 -0.010397 0.001573 -0.002352 -0.027326 -0.051237 -0.042715 -0.040264 -0.015813 -0.000680 -0.001733 0.004778 -0.015706 -0.033481 -0.019383 -0.008326 -0.025603 -0.012543 -0.007582 0.000140 -0.013191 -0.009178 -0.034048 -0.036017 -0.005162 0.008971 -0.016367 -0.031170 -0.069425 -0.038917 -0.034121 -0.028881 -0.010099 -0.004447 0.016904 -0.011730 0.030689 0.024793 0.003165 -0.013873 -0.017980 -0.010377 -0.016237 0.019063 0.009163 -0.053931 -0.039640 -0.017588 -0.071589 -0.011199 0.001844 0.004510 0.001361 -0.047990 -0.013011 -0.019087 0.000305 -0.008298 -0.006947 -0.005052 -0.016665 -0.008596 -0.009269 -0.001724 0.015173 -0.006315 -0.008369 0.006117 -0.019106 -0.034136 -0.005026 -0.002149 -0.020232 -0.012191 -0.020286 -0.053629 -0.024713 0.001351 -0.000647
-0.009581 -0.011610 -0.008579 0.004271 0.056466 0.005088 -0.028652 -0.031274 -0.017239 0.008001 -0.023758 -0.041756 -0.002674 -0.037894 -0.000989 0.007039 -0.025832 -0.025088 0.000808 0.035280 0.015641 0.044235 -0.002094 -0.040660 -0.023824 -0.005982 -0.010781 0.002477 0.002255 0.000479 -0.057646 -0.011721 0.017673 0.015294 -0.008987 -0.019644 -0.016386 -0.007532 -0.034382 0.001675 -0.059419 -0.043262 0.032201 0.047033 0.005085 -0.022877 -0.024647 0.026471 0.011763 -0.016419 -0.004617 -0.011734 -0.013066 0.007796 -0.009368 -0.027514 -0.013374 0.009624 -0.013589 0.007890 -0.010172 -0.010793 -0.013261 -0.013374 0.001576 0.000744 -0.024749 -0.026232 -0.015085 -0.011452 0.021367 -0.007587 -0.014535 0.010118 -0.005005 -0.040927 -0.016276 -0.026539 0.005277 -0.022360 -0.015508 0.001535 -0.010730 -0.008396 -0.010228 0.001393 0.002699 0.008175 -0.025819 -0.038044 -0.066360 -0.028004 -0.033703 -0.032258 0.006563 -0.011471 0.007339 -0.025044 -0.038327 -0.004666 -0.056192 -0.015628 -0.003413 -0.006121 0.006865 -0.007778 0.023151 0.002126 -0.000155 0.001261 -0.018457 -0.043563 -0.024163 -0.015742 -0.047102 -0.050433 -0.046400 -0.016033 -0.051007 -0.008344 -0.002296 -0.010482 -0.001729 -0.010894 0.004034 -0.020096 0.023454 0.009449 -0.013058 0.004544 -0.001636 -0.012350 0.016790 0.029150 -0.058082 -0.028113 -0.008176 -0.008264 -0.025122 -0.024471 -0.028545 -0.035327 -0.020786 -0.025585 -0.014640 0.013803 0.002977 -0.025982 -0.040519 -0.006843 -0.015596 -0.003179 0.000659 -0.018721 0.005700 -0.013784 -0.027281 -0.029476 -0.023477 -0.007826 -0.000159 -0.017029 -0.020098 -0.015774 -0.030487 -0.012152 -0.006427 0.011615 -0.019480 -0.028450 -0.029679 -0.017986 -0.006600 0.030333 0.043614 -0.009113 -0.035894 -0.011402 0.003923 -0.022675 -0.044839 -0.031080 0.013467 0.000961 -0.009496 0.002903 -0.013811 -0.015404 -0.031631 -0.015543
-0.012628 -0.029738 -0.010728 0.016993 0.004321 -0.008725 -0.042803 -0.062965 -0.055723 -0.011454 -0.026547 -0.037764 -0.020014 0.009911 -0.016035 -0.004510 0.002109 0.020422 -0.038029 -0.014143 0.000347 -0.010388 -0.034076 -0.038691 0.005383 -0.011918 0.006485 -0.003404 -0.042272 0.003299 -0.035736 -0.016707 -0.015887 0.000953 0.005009 -0.004751 0.004765 -0.005120 -0.004075 -0.014288 -0.038018 -0.068507 -0.037041 -0.000867 -0.006854 0.026956 -0.041375 -0.001395 0.006845 -0.000877 0.010685 0.008497 0.005002 0.005719 -0.025012 -0.021464 0.012631 -0.030260 -0.012412 0.024746 0.012430 -0.010911 -0.011335 0.031532 0.010832 0.018202 0.004572 -0.013655 -0.042241 -0.016205 -0.006751 -0.014214 -0.004260 0.013095 0.022772 -0.001637 -0.021331 -0.031117 -0.000065 -0.006109 -0.019446 -0.043359 -0.022338 -0.030747 0.005192 0.023088 -0.021844 -0.039968 -0.048088 -0.009500 -0.041596 -0.030906 -0.045199 -0.047066 -0.033777 -0.020493 -0.015935 -0.034279 -0.043636 -0.020727 -0.021188 -0.039588 -0.025123 -0.011476 -0.022830 -0.006680 0.027905 0.020790 -0.009055 -0.036038 -0.075999 -0.041547 -0.030402 0.003375 -0.024833 -0.002262 -0.027039 -0.050365 -0.045967 -0.020718 -0.008139 0.005202 0.006745 -0.025078 -0.009583 -0.018336 0.008050 -0.005630 -0.023924 0.023293 -0.006271 -0.024283 -0.024668 -0.012221 -0.021958 -0.013545 -0.039020 -0.029273 -0.034216 -0.004074 -0.008533 -0.002233 -0.013521 -0.027414 -0.039633 0.004849 -0.018020 -0.044279 -0.018359 0.023938 -0.004607 -0.031519 -0.019587 -0.018955 -0.018702 -0.001328 0.003996 0.001664 0.011778 0.007384 -0.009053 -0.000693 -0.030072 -0.002472 0.000128 -0.037377 -0.009711 -0.002574 0.016671 -0.007148 -0.023575 -0.005878 -0.015111 -0.010127 -0.034057 -0.023788 -0.017257 -0.008292 0.019758 -0.020641 -0.039833 -0.021732 -0.003769 -0.020457 -0.024585 0.011367 -0.000231 0.010105 -0.035998 0.000981
-0.006310 -0.024367 -0.023679 0.029501 -0.023989 -0.021871 -0.010472 -0.007551 -0.033616 -0.009281 -0.011257 0.006739 0.004904 0.015217 -0.021195 -0.035377 -0.021821 -0.012675 -0.044995 -0.021871 0.003200 0.007941 -0.014661 -0.041157 -0.007075 -0.040373 -0.025149 -0.022596 -0.032075 -0.013335 -0.009766 -0.005913 -0.023455 -0.029901 -0.008053 -0.000244 -0.020963 -0.023688 -0.003609 -0.022644 -0.010137 -0.024190 -0.032893 -0.022396 -0.039049 -0.013971 -0.041200 0.013362 0.018444 0.014693 -0.026166 -0.020155 0.007651 -0.002387 -0.021242 -0.020663 0.019262 -0.015963 -0.032620 -0.024431 -0.026136 -0.034166 -0.023204 0.027404 0.006014 -0.015274 0.012198 0.027961 -0.030639 -0.013689 0.017596 0.005152 -0.032752 -0.015222 0.013568 -0.008587 0.013474 -0.002522 0.009366 -0.009574 -0.002027 -0.016358 -0.014358 -0.022495 -0.036449 -0.028531 -0.008038 -0.018615 -0.052362 -0.021183 -0.031475 -0.063531 -0.028990 -0.010551 -0.039765 0.006493 -0.023227 -0.051410 -0.049130 -0.010340 -0.025824 -0.034077 -0.043707 -0.014911 -0.030464 -0.025149 -0.054671 0.010408 -0.012394 -0.028879 -0.023659 0.002949 -0.001685 0.027114 0.001504 -0.007733 -0.041510 -0.040788 -0.047531 -0.029953 -0.007243 0.003932 0.013026 -0.006976 -0.048083 -0.037493 -0.015671 -0.016071 -0.017731 -0.000844 -0.009931 -0.036444 -0.028211 -0.004034 -0.000005 0.000523 0.004762 -0.028542 -0.047966 0.010071 -0.004090 0.010282 -0.030329 -0.043051 -0.018018 0.001560 0.011338 -0.027639 -0.010472 0.000992 -0.034696 -0.002607 0.000048 0.006508 -0.003537 -0.023701 -0.019231 -0.010267 0.000758 0.026272 -0.010637 -0.027756 -0.014252 -0.013133 -0.017164 -0.032679 -0.012257 -0.010367 -0.000906 -0.020631 -0.039685 0.008553 -0.051016 -0.039445 -0.056505 -0.049420 -0.040901 0.007857 0.002431 -0.047413 -0.042359 -0.016974 -0.019392 -0.010681 -0.023142 0.006623 -0.025450 -0.016973 -0.018004 0.009207
0.011772 0.010148 0.010962 -0.003693 -0.022317 -0.037205 0.015506 0.048743 -0.011045 -0.010477 -0.016531 0.001341 0.011287 -0.016532 -0.024026 -0.008579 0.013404 -0.034885 -0.036433 -0.068546 -0.009261 0.001785 -0.007726 -0.037509 -0.011386 0.007285 0.008975 -0.037380 -0.063134 -0.017851 -0.010437 -0.028914 -0.012336 -0.016448 -0.017980 -0.037014 -0.050931 -0.009330 -0.008608 -0.019404 -0.015800 -0.011471 -0.013147 -0.033191 -0.046423 -0.017843 0.009688 0.017395 0.029594 0.016821 -0.009296 -0.008992 0.002146 -0.014096 -0.013121 0.001804 -0.023240 -0.003539 0.014360 -0.000725 -0.022837 -0.025899 -0.021910 -0.003023 -0.011338 -0.030835 -0.027975 -0.004714 -0.023633 -0.023413 0.007859 -0.023594 -0.039714 -0.007936 0.014247 -0.017882 -0.009790 -0.007736 -0.001920 -0.018977 -0.011242 0.001088 -0.021755 -0.031451 0.007432 -0.007840 -0.041780 -0.018086 -0.039684 -0.002269 -0.011214 -0.041972 -0.015391 0.029871 -0.022434 -0.010040 -0.022628 -0.022290 -0.029760 0.000344 0.014048 -0.056147 -0.038886 -0.001042 -0.029103 -0.031552 -0.056956 -0.010252 -0.008063 0.002440 0.007933 0.015158 -0.009651 -0.005971 -0.024550 -0.041440 -0.026095 -0.007069 -0.026821 -0.030197 -0.018543 -0.024988 -0.034512 -0.005007 -0.035867 -0.010161 0.038071 -0.017679 -0.003184 0.019458 0.004470 -0.034851 -0.030510 0.008103 -0.003498 0.012142 -0.007403 -0.001916 -0.043783 -0.031474 -0.036633 -0.022652 -0.030714 -0.025810 -0.015290 -0.021423 0.014539 -0.009403 -0.033852 -0.017090 -0.003693 0.002311 -0.013337 0.022343 -0.037683 -0.032329 -0.054416 -0.003031 0.012249 -0.004278 -0.014922 -0.033465 0.006690 -0.002916 0.020663 0.017302 -0.003466 -0.002911 -0.005115 -0.031046 -0.024379 0.003290 -0.015017 -0.033182 -0.068119 -0.038345 -0.017683 0.015458 0.016503 0.025867 -0.024122 -0.000053 -0.006008 -0.016274 -0.000009 -0.017487 0.001857 -0.009460 -0.026346 -0.018460
0.017706 0.012773 -0.028557 -0.037073 -0.048916 -0.055665 -0.006368 0.021445 -0.006465 -0.024044 0.001967 -0.012754 0.027894 0.008657 -0.018752 -0.013866 0.004866 -0.021129 -0.023025 -0.052599 -0.017098 -0.010452 -0.015556 -0.036925 -0.022013 0.004455 -0.010147 -0.027604 -0.015745 -0.014208 -0.025406 -0.020909 -0.044779 -0.027502 -0.038662 -0.066021 -0.021414 -0.015452 -0.040504 -0.014976 -0.013099 -0.016904 -0.010219 -0.015241 -0.021410 -0.004282 0.001147 -0.017982 -0.004431 0.008817 0.018923 -0.016474 -0.012452 -0.016345 -0.028013 -0.015089 0.009180 -0.002381 0.029005 -0.010756 -0.012752 -0.002378 0.004341 -0.028236 -0.039078 -0.028497 -0.007859 -0.011202 -0.032056 -0.034144 -0.014307 -0.018646 -0.015325 -0.017716 -0.026757 -0.054425 -0.031036 0.008029 0.017979 -0.007837 -0.004625 -0.025329 -0.028695 -0.013057 -0.012881 0.003584 0.000109 -0.042444 -0.042007 0.001624 -0.004537 -0.024872 0.004439 -0.017578 -0.015828 -0.033392 0.002889 -0.000194 -0.032397 -0.027697 -0.011112 -0.007650 -0.022076 -0.010115 -0.006380 -0.047649 -0.039891 -0.029339 -0.002137 -0.001518 -0.002892 -0.003274 -0.009488 0.023282 -0.029955 -0.012613 -0.020085 0.006721 0.020546 0.010197 0.010843 0.023732 0.001022 -0.001090 -0.034500 -0.040483 -0.005106 0.010109 -0.023026 -0.006603 -0.016468 0.003961 -0.024470 -0.014707 -0.029833 -0.009267 -0.031217 -0.021304 -0.017949 -0.027278 -0.024739 -0.023777 -0.045742 -0.025872 -0.004002 0.018600 -0.012739 0.012275 -0.024451 -0.004038 0.003947 0.015614 -0.014075 -0.044775 -0.025515 0.001667 -0.017560 -0.008545 0.007134 -0.015927 -0.018356 -0.037701 -0.019633 -0.017312 0.026804 -0.008139 -0.017190 -0.019090 -0.015025 0.004742 0.023781 0.016849 -0.000489 -0.002411 -0.042359 -0.026148 0.016338 0.016281 -0.014245 -0.006795 -0.009989 -0.000697 -0.027573 -0.027970 -0.021537 -0.044820 -0.003967 -0.001615 -0.004817 -0.018100
0.001471 0.010550 0.008983 -0.004323 -0.035072 -0.036077 -0.035435 -0.004177 0.002420 -0.012806 -0.017070 -0.015033 -0.002939 0.018133 0.005987 -0.003653 -0.008245 -0.012990 0.008603 -0.015466 0.003294 0.021930 0.000982 -0.010821 -0.018772 -0.017615 -0.009136 0.005353 -0.015799 -0.025849 -0.030604 -0.017741 -0.044806 -0.040763 -0.059334 -0.015447 -0.009305 -0.010239 -0.032770 -0.007565 0.009982 -0.005058 -0.033139 -0.012317 -0.000389 -0.017475 -0.029012 -0.018400 -0.039049 -0.026080 -0.009069 -0.010373 -0.024982 -0.004226 -0.001354 -0.032390 -0.031072 -0.002012 0.017869 -0.002110 -0.042331 -0.004457 0.004867 -0.034988 -0.024184 -0.013446 0.019185 0.010765 -0.017696 -0.000044 -0.022200 -0.013034 0.014924 -0.021664 -0.020905 -0.029266 0.037956 0.006442 0.003635 0.021262 -0.000716 -0.011895 -0.022720 -0.041192 -0.043379 -0.026377 -0.020424 -0.029317 -0.040423 0.020952 0.011726 -0.041910 -0.031923 -0.014939 -0.013179 -0.041256 -0.002701 -0.011028 -0.015040 -0.028588 -0.022124 -0.011156 -0.020085 -0.022924 -0.010397 -0.030279 0.001701 -0.048657 -0.024926 -0.000823 -0.001180 0.016162 -0.013317 0.000958 0.003114 -0.010207 -0.007859 0.003594 -0.000655 -0.009888 -0.005708 0.003274 -0.006759 -0.027283 -0.032750 -0.028713 -0.021511 0.013730 0.011910 -0.000746 -0.006462 0.021961 0.004611 -0.027519 -0.035269 -0.027168 -0.047133 -0.011648 -0.006942 -0.021053 -0.000412 -0.024196 -0.057921 -0.069869 -0.026611 0.027970 0.007494 0.009937 -0.049103 -0.012206 -0.003299 0.007927 -0.011682 -0.031259 0.015005 -0.008001 -0.039610 -0.009863 -0.014924 -0.015693 0.012060 -0.003702 -0.016442 -0.023749 -0.022109 -0.020392 -0.012219 -0.032029 -0.006146 -0.013819 -0.049443 0.021479 -0.021718 -0.035069 -0.010883 -0.032054 -0.012351 -0.021847 -0.005838 -0.021297 -0.013543 -0.000474 -0.042140 -0.051787 -0.032150 -0.017896 -0.007673 -0.007457 -0.030311 -0.048788
-0.012811 -0.014010 -0.008336 0.016429 0.001078 -0.014101 -0.003335 0.006085 -0.007439 -0.010593 -0.022174 -0.040382 -0.025784 0.025183 0.004517 -0.008974 -0.015436 -0.051850 -0.015232 -0.022777 -0.016697 -0.012301 -0.013385 -0.003653 -0.018975 -0.014953 -0.025158 -0.003092 -0.008190 -0.026604 -0.063906 0.003507 -0.005523 -0.069604 -0.034032 0.037807 0.031096 0.016740 -0.013852 -0.013435 -0.017623 0.029828 0.019266 -0.026820 -0.011102 -0.040845 -0.026072 -0.019820 -0.033645 -0.023206 -0.034104 -0.006912 0.036432 0.005092 -0.018283 -0.038366 -0.056035 -0.039549 -0.001561 0.014803 -0.038772 -0.048846 0.005514 -0.013935 -0.027328 -0.001384 0.006084 -0.038384 -0.060610 -0.015132 0.002102 -0.020055 -0.027061 -0.014508 -0.017966 -0.037187 0.002405 -0.019888 -0.025646 -0.017678 -0.023080 -0.016302 -0.042185 -0.043996 -0.015095 -0.041099 -0.018345 -0.012331 -0.021166 -0.000258 0.033657 -0.005164 0.002731 -0.029392 -0.021360 -0.002179 -0.001342 -0.019551 -0.004219 -0.030629 -0.036758 -0.026206 0.011183 -0.033092 -0.049046 -0.051373 -0.043378 -0.034667 -0.002696 -0.017277 -0.046658 0.000316 -0.012264 0.003194 0.014425 -0.009071 -0.014834 -0.000694 -0.021630 -0.033886 -0.038842 -0.016606 -0.011427 -0.036277 -0.026947 -0.012949 -0.015026 0.004222 -0.003144 0.004108 -0.018848 -0.015844 -0.002934 -0.002080 -0.032246 -0.024784 -0.011803 -0.010916 0.003728 -0.008435 0.000846 -0.004372 0.022219 -0.016419 0.024234 0.023859 0.002626 -0.002972 -0.005780 0.019443 0.007618 -0.015623 -0.001587 0.002269 0.000726 -0.054802 -0.078261 -0.001313 0.000735 -0.023603 0.018564 0.009205 0.007644 0.010837 -0.020958 -0.007074 -0.037600 -0.031708 -0.000164 -0.027409 -0.045513 -0.000191 -0.028639 -0.023171 -0.001994 -0.035816 0.001471 -0.027147 -0.008821 -0.008070 -0.007026 -0.019580 -0.000316 -0.017972 -0.039433 -0.044286 -0.018102 -0.035241 -0.030342 -0.043004
-0.006146 -0.002856 -0.052159 -0.023749 -0.004598 -0.025538 0.009998 0.015407 0.016732 0.007985 -0.000878 -0.011152 -0.033817 -0.017426 -0.012695 0.009420 -0.005788 -0.036909 -0.017423 -0.025355 -0.030072 -0.011637 0.011383 -0.034686 -0.033630 -0.009529 -0.027206 0.006960 -0.024214 -0.024504 0.001557 0.004673 0.001100 -0.023288 -0.030274 0.016834 -0.001401 -0.005392 -0.027250 -0.027834 -0.055647 -0.010272 0.037779 -0.037635 -0.034033 -0.025528 -0.029136 0.008682 -0.040827 0.012538 0.015858 0.005894 0.017772 -0.015451 -0.044089 -0.039095 -0.049558 -0.031679 -0.010983 -0.032639 -0.045291 -0.024845 0.000863 -0.000147 -0.021606 -0.015780 -0.014372 -0.022954 -0.016662 -0.022180 -0.025788 -0.013794 -0.015847 -0.001648 0.016859 -0.020352 0.005108 -0.003559 -0.019285 -0.004606 -0.020174 -0.020898 -0.005866 -0.008299 -0.012403 -0.022168 -0.003875 0.012193 0.010390 -0.028717 -0.016399 -0.019593 -0.000434 -0.009855 -0.019042 -0.006238 0.000771 0.010633 -0.013474 -0.023278 -0.023758 -0.015440 0.010855 -0.012017 -0.052540 -0.049328 -0.030277 -0.014843 -0.028295 -0.042313 -0.027246 -0.023666 -0.040659 -0.000232 0.014224 0.018964 -0.008010 -0.015238 -0.024482 -0.032154 -0.049149 -0.000089 -0.000536 -0.040729 -0.000393 0.008113 0.003835 -0.009683 -0.035920 -0.010448 -0.003568 0.010017 -0.005877 -0.003761 -0.017549 -0.037778 -0.008246 -0.026770 -0.020554 0.027938 0.007386 0.008062 0.024571 0.014857 0.022057 -0.009059 -0.027624 -0.011008 -0.015424 -0.018713 -0.027972 -0.013501 -0.000265 0.000762 -0.016015 -0.017301 0.004775 0.022028 0.006380 -0.027430 -0.008215 -0.001219 -0.001900 -0.016374 -0.026796 0.019834 0.012681 -0.021517 -0.012869 0.007855 -0.011883 -0.037564 0.012388 -0.014222 -0.013291 0.004343 -0.008408 -0.046700 -0.004870 0.004310 0.002332 -0.033809 -0.029059 -0.015419 -0.013901 -0.032326 -0.031079 -0.027026 -0.034926 -0.030645
-0.005297 0.003337 -0.023427 -0.005587 -0.004810 -0.033968 -0.021428 -0.020681 0.029430 0.016908 -0.000536 -0.002783 -0.015657 -0.011479 0.015932 -0.023710 -0.021230 -0.023565 -0.008869 0.007324 -0.038611 -0.025461 0.014419 -0.003774 -0.041462 -0.026517 -0.043601 -0.022861 -0.001435 -0.017408 -0.007985 -0.007682 -0.010863 -0.014668 -0.020036 -0.022795 -0.046162 -0.009631 -0.011538 -0.027738 -0.040867 -0.012066 -0.001683 -0.028471 -0.018677 -0.028416 -0.031466 0.010168 -0.024865 0.007560 -0.010077 -0.020815 -0.011331 -0.003666 -0.030676 -0.002462 -0.034837 -0.039952 -0.019767 -0.011430 0.005893 -0.012529 -0.013502 0.025177 -0.038997 -0.018767 -0.032760 -0.047214 -0.015346 -0.015606 -0.026425 0.000631 -0.001453 -0.000356 -0.001090 -0.020098 -0.032285 -0.018664 -0.022396 -0.002688 0.001455 -0.003456 -0.014648 0.017927 -0.000466 -0.020963 -0.019002 -0.032053 -0.014796 -0.022040 -0.022523 0.006341 0.029295 0.000873 -0.008804 -0.034395 0.018496 0.048766 -0.022162 -0.021250 -0.027911 -0.020084 -0.012250 0.002805 -0.017324 -0.046745 -0.022468 0.006567 -0.027086 -0.022985 0.008953 0.011766 -0.024787 0.000745 -0.008803 0.004023 -0.005035 -0.000210 -0.020525 0.017756 0.029748 0.017338 0.001376 0.003554 0.021744 0.017456 -0.008815 -0.033517 -0.060316 -0.006601 -0.012631 -0.015270 -0.014266 -0.027470 -0.021878 -0.017215 -0.015736 -0.017175 -0.055851 -0.013237 0.006565 -0.012998 -0.030423 -0.017044 0.003834 -0.020027 -0.026105 -0.031598 -0.018296 -0.014271 -0.015289 0.027404 0.005665 -0.023550 -0.005026 0.009932 0.031260 0.018032 0.005085 -0.005825 0.019531 -0.012723 -0.010775 -0.008300 -0.013368 -0.009746 0.008533 0.004759 -0.006327 0.004819 -0.027324 -0.037932 -0.007121 -0.017680 -0.017842 0.005829 -0.023013 -0.012906 -0.008411 -0.027853 -0.019538 -0.022868 -0.008607 -0.022002 -0.001788 -0.015841 -0.000877 0.018773 -0.005382 -0.029642
-0.015342 -0.011948 -0.028773 -0.030563 0.003078 -0.001244 -0.002026 -0.017380 -0.012510 -0.006509 -0.012047 0.012161 0.006587 -0.017057 -0.006707 -0.017770 -0.021241 -0.043221 -0.005002 -0.013663 -0.017813 -0.001007 -0.005184 -0.030823 -0.027246 -0.051870 -0.041216 -0.005868 -0.009090 -0.021638 -0.016278 -0.027333 -0.021981 -0.017452 0.003312 -0.040924 -0.046431 0.021041 -0.011155 -0.029255 -0.021324 0.021432 0.010271 -0.011999 -0.009260 -0.018388 -0.019498 -0.001886 -0.005364 -0.016811 -0.035551 -0.020702 -0.003954 -0.014629 -0.013721 -0.008925 -0.010694 -0.001434 -0.022894 -0.007429 -0.020871 -0.005960 -0.041133 -0.035932 -0.033309 -0.030231 -0.034785 -0.047112 -0.019294 0.001800 -0.007603 0.023169 0.002841 -0.007848 -0.006036 0.001807 -0.011898 -0.013436 0.008229 -0.029511 0.021790 -0.004495 -0.018738 0.023214 0.001559 -0.013448 -0.013734 -0.043333 -0.025355 -0.028992 -0.011971 -0.014737 0.027323 -0.000197 -0.044576 -0.036058 -0.004779 0.032442 -0.016147 -0.007279 -0.021660 0.000226 -0.013163 -0.007733 0.019636 -0.003825 0.007663 -0.019459 -0.024211 0.001687 -0.011996 0.006727 -0.012524 0.001521 0.019694 -0.020323 0.001891 -0.029493 -0.001948 0.017537 -0.007929 -0.018325 0.020882 0.041861 0.000468 -0.006716 -0.026989 0.009193 0.002501 0.018974 -0.010513 -0.038561 -0.030802 -0.020095 -0.022153 -0.018312 0.025688 0.010607 -0.005674 0.001978 0.009701 -0.020848 -0.013573 0.010159 0.006514 -0.032672 0.008062 0.014546 0.001828 -0.036273 -0.043733 0.044948 0.029752 -0.006570 0.016810 -0.014473 -0.006797 0.002440 0.017481 0.030682 0.007980 -0.025409 -0.028991 -0.021982 -0.020573 -0.052574 -0.049589 0.003888 0.000461 -0.030606 -0.023700 -0.020113 -0.013480 -0.022372 -0.032703 -0.005994 -0.022155 -0.004464 -0.028124 -0.024958 -0.016839 -0.027539 -0.010757 -0.013027 0.012549 0.003957 -0.002693 -0.014890 0.007472 -0.002957
-0.040455 -0.042079 -0.034431 -0.022329 0.004194 0.001827 -0.018150 -0.016730 0.002138 0.013029 0.006217 -0.008615 0.000541 -0.027192 -0.027477 -0.018169 -0.038219 -0.007315 0.044960 0.014146 0.009909 0.002292 0.005582 -0.020155 -0.007809 -0.032505 -0.045698 -0.012348 -0.011143 -0.026401 -0.005439 -0.029616 -0.039743 -0.012978 -0.016623 -0.008357 0.004148 -0.006757 -0.031250 -0.010013 0.003058 0.019748 0.008645 -0.025672 -0.017733 -0.024044 -0.011611 -0.020905 -0.033046 -0.033536 -0.029104 -0.004402 0.010042 -0.020750 -0.021502 -0.005429 0.004485 0.015602 -0.000796 -0.012513 -0.001996 -0.023790 -0.009033 -0.028481 -0.020136 -0.013863 -0.005417 -0.030776 0.004343 0.003954 -0.024251 -0.013726 -0.006408 -0.008506 0.008331 -0.024579 -0.009139 -0.004560 0.023598 -0.008395 0.002268 0.002968 0.019821 0.003912 -0.011393 -0.007186 0.007652 -0.007916 -0.017952 -0.029697 -0.006664 0.001381 -0.006163 -0.019101 -0.039511 -0.043711 -0.031915 -0.014905 0.001213 -0.017238 -0.042154 -0.052443 -0.010565 0.005611 -0.010213 0.001399 0.036806 0.002947 -0.027150 -0.005039 0.022785 -0.000386 -0.020682 -0.008438 -0.003747 0.013720 -0.015540 -0.047029 -0.015405 -0.001010 -0.024654 -0.034860 -0.009951 0.005299 0.026898 0.015320 -0.001680 0.019576 0.019267 0.027852 -0.002043 -0.036117 -0.040389 -0.017570 -0.020911 -0.028294 0.016848 0.017770 0.009482 -0.018697 -0.016000 -0.071122 -0.011364 0.016384 -0.014132 -0.032437 -0.016372 -0.064695 -0.043609 -0.031441 -0.049578 -0.048625 0.008325 -0.001828 0.008656 -0.022085 -0.016468 0.001306 0.018400 0.021424 -0.031329 -0.037586 0.011417 -0.002991 -0.006528 0.012433 -0.017599 -0.002592 -0.000696 -0.020158 0.001538 -0.001088 -0.019999 -0.019435 -0.030987 -0.009693 -0.011963 -0.013574 -0.023748 -0.015074 -0.021894 -0.026661 -0.011606 0.012073 -0.015790 -0.035455 -0.032595 -0.018819 -0.000078 -0.008350
0.005072 -0.017001 0.007434 0.011887 -0.010906 0.009685 -0.007832 -0.042924 0.006151 -0.017059 -0.021470 -0.016716 -0.024925 -0.006415 0.018810 -0.030969 -0.013541 -0.020436 0.004154 -0.000942 0.018479 0.011827 -0.046719 -0.009375 0.010303 -0.016019 -0.039772 -0.037460 -0.019459 -0.027527 -0.047388 -0.036067 -0.017243 -0.023805 -0.014429 0.012759 0.008207 -0.010211 -0.017110 -0.016386 -0.015044 -0.022285 -0.025105 -0.004597 -0.010793 -0.020477 0.011792 0.001207 -0.022879 -0.015517 0.006171 0.014871 0.010231 -0.007097 -0.014441 -0.016765 -0.016070 -0.014175 -0.000425 -0.007114 -0.024696 -0.039684 -0.004614 -0.026896 -0.015425 -0.015764 0.012477 -0.027434 -0.000897 -0.006098 -0.037321 -0.003014 -0.020244 -0.030282 -0.001191 -0.003847 -0.015315 -0.000125 0.002848 -0.028042 -0.050488 0.003709 0.004094 -0.025041 -0.006690 -0.031118 -0.044164 0.038451 0.012634 -0.003509 -0.003961 -0.002485 0.005857 -0.013224 -0.002991 0.004552 -0.008283 -0.009226 -0.002057 -0.042265 -0.047893 -0.036235 -0.029527 -0.017854 -0.037563 -0.017816 -0.011818 -0.002859 0.003103 -0.014721 -0.005252 0.019266 -0.007006 -0.021792 -0.037025 -0.012216 -0.045667 -0.044907 -0.023221 0.023173 0.016109 -0.030291 -0.006760 -0.014272 0.016438 -0.008765 0.002070 -0.006790 -0.014829 -0.008170 -0.030392 -0.024912 -0.008768 -0.002176 -0.021810 -0.014673 0.008800 0.010369 0.003084 0.000232 -0.026320 -0.041594 -0.030342 -0.001057 -0.017084 -0.018401 0.007886 -0.032697 -0.026952 -0.040724 -0.032817 -0.033275 -0.023619 0.009415 0.000125 -0.003973 -0.016377 0.007815 -0.024592 -0.050478 -0.025035 -0.030374 -0.017725 -0.029392 -0.017462 0.014332 -0.018417 0.004341 0.005054 -0.002070 -0.022586 0.036070 0.001444 0.014052 -0.005139 -0.014722 0.011854 -0.015104 -0.004645 -0.025931 -0.006419 -0.007839 -0.017804 0.001148 -0.000896 -0.015038 -0.014221 -0.000361 -0.014418 -0.027335
-0.015118 -0.013021 -0.020969 0.019907 -0.022969 -0.026751 -0.012858 -0.058622 -0.032202 -0.047750 0.010046 -0.007200 -0.002174 0.008174 -0.007022 -0.021170 -0.015013 -0.035014 -0.025685 0.007449 -0.008176 -0.016451 -0.014376 0.000244 -0.008260 0.011012 -0.004144 -0.061385 -0.004620 -0.031532 -0.026082 -0.031552 -0.004771 -0.022586 -0.026598 -0.024529 -0.015456 -0.005976 0.017127 0.002134 0.005621 -0.003827 -0.035879 -0.021395 -0.032700 0.000598 0.006569 -0.026828 0.021238 0.012357 -0.043274 0.001956 -0.019131 -0.045641 -0.033448 -0.008377 -0.014184 -0.005986 0.003740 -0.009895 -0.008949 -0.024559 -0.012892 -0.013002 -0.008114 -0.043158 -0.011600 -0.018309 -0.001039 0.018819 -0.005500 -0.023017 -0.007237 -0.006988 0.000090 0.023913 -0.028541 -0.008578 0.025571 0.012425 -0.018635 -0.001804 0.027300 -0.018946 -0.051845 -0.066035 -0.016603 -0.031235 -0.026320 -0.021294 -0.002689 0.012364 0.010176 -0.011753 0.025559 0.024581 0.002133 0.011914 -0.047135 -0.013226 -0.003652 -0.023404 -0.022530 -0.032404 -0.013746 -0.013518 -0.032211 -0.040278 -0.017749 -0.007100 -0.035860 0.006416 0.011048 -0.024592 -0.020104 -0.005667 -0.034105 -0.004430 -0.022157 -0.021689 -0.029711 -0.017945 -0.034024 -0.037281 -0.018625 -0.010834 -0.047269 -0.042927 -0.011935 -0.037821 -0.002254 0.020715 0.026187 -0.025436 -0.008381 -0.015580 -0.027166 -0.021018 0.018871 0.033637 -0.000433 0.011048 -0.017328 -0.030947 -0.011672 0.018244 0.029294 -0.040024 -0.014512 -0.014872 -0.036166 -0.043594 -0.006491 0.011963 -0.012498 -0.007439 -0.019669 -0.011866 -0.046489 -0.088899 -0.090517 -0.022835 0.014022 -0.057952 -0.048270 -0.000189 -0.003692 -0.013188 0.018788 0.005291 -0.049580 -0.014758 -0.010595 0.004763 -0.010641 0.004044 -0.014471 -0.045125 -0.008573 -0.023685 -0.037030 -0.028395 -0.037137 -0.037919 -0.007705 -0.029644 0.019625 0.012469 0.013552 0.004729
-0.014695 -0.029255 -0.002745 0.025786 0.004405 0.005025 -0.020405 -0.030337 -0.025236 -0.046339 -0.006319 0.007400 -0.007611 -0.016085 -0.037372 -0.024256 -0.024086 -0.019455 -0.014337 -0.019757 -0.012857 0.006525 0.015717 0.010721 -0.018532 -0.019216 -0.044336 -0.042250 -0.001418 -0.003558 -0.005031 -0.009191 -0.023335 -0.015066 -0.010401 -0.034274 -0.011100 0.006947 0.003697 0.000671 -0.004726 -0.045926 -0.030714 -0.038474 -0.058888 -0.013023 -0.022239 -0.034297 -0.016815 -0.000353 -0.014961 -0.054255 -0.029453 -0.032272 -0.048543 -0.022391 -0.008267 -0.019583 -0.010453 -0.029252 0.011598 0.005913 -0.016125 -0.002598 0.009087 0.008654 -0.021575 -0.016291 0.006667 -0.011427 0.018045 -0.002160 -0.003037 -0.021511 -0.013490 0.002135 -0.004171 -0.021664 -0.009563 0.020054 -0.020189 -0.024245 0.015933 0.019219 -0.005298 -0.005601 -0.026822 -0.033391 -0.014497 -0.020760 -0.000631 0.007004 -0.019288 0.015129 0.005441 0.021449 -0.046622 -0.004978 -0.033133 0.011127 -0.025069 -0.051464 -0.037719 -0.018769 0.003611 -0.005585 -0.037461 -0.063900 -0.033586 -0.024619 -0.036663 -0.009629 -0.026869 -0.039450 -0.018035 0.022622 0.003206 -0.003704 -0.022239 -0.047463 -0.023594 -0.001319 -0.021169 -0.030081 -0.020993 -0.036483 -0.046275 -0.045800 -0.023971 -0.018538 -0.014952 -0.005539 0.013619 -0.028824 -0.013664 0.004964 -0.000851 -0.017291 0.016390 -0.025454 -0.007349 -0.019971 -0.008861 -0.005510 -0.005149 0.020854 -0.032613 -0.062733 0.008815 -0.019216 -0.008673 0.004036 0.003557 0.003248 0.007711 -0.003772 -0.011381 -0.002825 0.005925 -0.009137 -0.046840 -0.035636 -0.000569 -0.017085 -0.042413 -0.053528 -0.018877 -0.016122 -0.008173 -0.018782 -0.034696 -0.028675 -0.019763 -0.000811 -0.038669 -0.036072 -0.013032 -0.032165 -0.034986 -0.048569 -0.051060 -0.022815 0.014193 -0.022430 0.017426 0.005870 0.004809 -0.022737 -0.017033 -0.047380
-0.019490 -0.029732 -0.006983 0.022599 -0.008438 -0.005311 -0.001600 -0.008309 -0.027296 -0.012375 0.005781 -0.021073 -0.009088 -0.026105 -0.005573 -0.007320 -0.016385 -0.011789 -0.025003 -0.010959 -0.030619 -0.010746 -0.021255 -0.043103 -0.039347 -0.040509 -0.045069 0.007697 -0.001062 -0.026782 -0.035735 -0.032543 -0.026727 0.013821 0.012310 -0.044379 -0.029682 0.008583 0.010015 -0.016174 -0.019359 -0.009447 0.001244 -0.034418 -0.009382 0.033286 0.035326 -0.005050 -0.018346 -0.035624 -0.028583 -0.037981 0.004304 -0.037050 -0.014754 0.003202 0.001023 -0.039192 -0.020698 -0.022596 -0.018076 -0.015528 -0.022865 -0.002392 0.013257 -0.026648 -0.037239 0.021733 0.020061 0.002080 0.013379 -0.000661 -0.030371 -0.054002 -0.015405 -0.012980 -0.002579 -0.013511 0.002600 -0.005336 -0.025502 -0.018512 0.020822 0.005863 0.004945 0.025693 0.006062 -0.008758 -0.037612 -0.029549 -0.007569 0.001709 -0.001504 -0.000390 -0.024260 0.016741 -0.046123 -0.026516 -0.044223 -0.002082 -0.008044 -0.002752 -0.034180 -0.023975 -0.014022 0.011402 0.015407 -0.020888 -0.013497 -0.012927 -0.019017 -0.048407 -0.011117 -0.007512 -0.012269 0.009987 0.004083 -0.003223 -0.010999 -0.032933 -0.004024 -0.020487 -0.011926 -0.034352 -0.002933 -0.023933 -0.027333 -0.031531 -0.050097 -0.044257 -0.072260 -0.020979 0.006870 -0.043638 -0.032349 0.007904 0.041565 -0.003909 -0.039006 -0.033913 -0.014966 -0.024707 -0.036208 -0.038812 -0.021816 -0.022518 -0.039762 -0.048776 -0.025571 -0.041479 -0.029239 -0.011482 -0.005878 0.004439 0.014203 0.000284 -0.030067 -0.007507 0.029841 0.003843 -0.006800 -0.039318 -0.046007 -0.012005 -0.012664 -0.035233 -0.037690 -0.052789 -0.019893 -0.016653 -0.048745 -0.041413 -0.042081 -0.032933 0.017572 -0.061042 -0.033133 -0.005884 -0.006126 -0.002451 -0.007638 -0.002274 -0.003775 -0.024430 0.006501 -0.005221 0.003978 -0.007862 -0.038244 -0.014382
-0.005151 0.014770 0.021211 0.029123 -0.014336 -0.001956 0.011061 0.008622 0.011796 0.006935 -0.028488 0.002674 0.003756 -0.034034 0.003818 -0.004145 -0.008025 -0.010794 -0.057052 -0.014983 -0.016608 -0.017760 -0.031994 -0.043057 -0.053609 -0.020999 -0.018558 -0.028192 -0.008501 -0.009242 -0.025541 -0.044094 -0.035244 0.021228 -0.008825 -0.040972 0.000992 -0.014759 -0.000706 -0.019083 -0.037807 -0.042561 0.010590 -0.003323 0.005091 0.017102 0.009482 -0.019442 -0.021181 -0.020274 -0.024602 -0.022623 -0.000840 -0.012020 0.004097 0.004406 -0.014692 -0.026815 -0.041364 0.005158 -0.015160 -0.007561 0.012959 -0.005553 0.014368 -0.020984 -0.037903 -0.017960 -0.037893 -0.008560 -0.017591 -0.020865 -0.010461 0.004021 0.002293 -0.010672 -0.008770 -0.029866 -0.006580 0.015930 -0.032848 -0.029685 0.007958 -0.004353 -0.012917 0.009289 0.004949 -0.060861 -0.010663 0.004350 -0.025531 -0.004528 0.000189 -0.018643 -0.006147 0.000532 -0.017140 -0.025240 -0.039105 0.018544 0.014098 -0.005336 0.007466 -0.017048 -0.025254 -0.000378 0.011095 0.006869 0.000252 -0.008767 -0.014717 -0.013100 0.028013 0.019891 0.030311 0.001157 -0.011942 -0.004893 -0.015323 -0.005974 0.028339 0.001295 -0.046618 -0.039017 0.000423 -0.034943 -0.040765 -0.008937 -0.034054 -0.017138 -0.027839 -0.001638 0.000926 -0.016087 0.007139 -0.048341 -0.005001 -0.028242 -0.050959 -0.039403 -0.023008 -0.054376 -0.000195 -0.004519 -0.003146 -0.026712 -0.001092 -0.013911 0.007092 -0.007116 -0.020531 -0.001235 0.006962 -0.009248 0.009954 -0.018620 -0.031595 0.000538 -0.031564 -0.011706 -0.020547 -0.022981 -0.034842 -0.045806 -0.033125 -0.014108 -0.034274 -0.041327 -0.006080 -0.014447 -0.032262 -0.035266 -0.024649 -0.027871 -0.006225 -0.007605 -0.002771 0.000111 -0.009731 0.020609 -0.011632 0.005320 0.003748 -0.016885 -0.028967 0.018179 0.029027 -0.022263 -0.019142 -0.003790
0.021197 0.018942 0.001026 0.019659 0.049251 0.002764 0.008592 -0.026707 -0.027404 -0.027435 -0.016248 -0.009950 0.011345 -0.041990 -0.002517 0.030220 -0.006871 -0.037151 -0.023944 0.007224 0.017374 -0.011763 -0.037434 -0.039828 -0.034310 -0.014451 -0.013033 -0.036049 -0.035528 -0.041802 -0.024434 -0.018716 -0.026774 -0.002640 -0.018563 -0.016083 -0.004528 0.010488 0.023900 -0.001595 -0.023021 -0.017008 -0.003008 -0.021929 0.001413 -0.020731 -0.019808 -0.018191 -0.024166 -0.011900 -0.048326 -0.025092 -0.045717 -0.054829 -0.035248 0.004531 -0.031240 -0.024192 0.002768 -0.002368 -0.017214 0.015654 0.003374 -0.021729 -0.036193 0.001742 -0.017188 -0.001458 -0.012484 -0.025738 -0.034364 -0.052445 -0.026213 -0.009791 -0.048691 -0.025465 -0.003946 0.013706 -0.013344 -0.008248 -0.019614 -0.015355 0.011714 -0.019116 -0.044297 -0.010388 -0.002975 -0.012525 -0.012123 0.008173 0.010027 0.013808 -0.028074 -0.016864 -0.013508 -0.032646 0.003139 0.021779 -0.007259 -0.003320 0.001450 -0.000772 0.009139 0.003573 0.007558 -0.009506 -0.021436 0.010722 0.000841 -0.009979 -0.030384 -0.003260 0.032175 0.025959 0.001821 -0.019082 -0.016769 0.005207 0.012686 0.007554 0.022718 -0.002228 -0.061040 -0.037251 -0.005989 -0.025764 -0.026395 0.003683 -0.014103 -0.011801 -0.035659 -0.024596 -0.014861 -0.039524 -0.017481 0.002490 0.010855 -0.001783 -0.010438 -0.061968 -0.014428 0.012008 0.016214 -0.012111 -0.005702 0.030525 0.034206 -0.000458 -0.012391 0.008519 0.020436 0.036455 0.009570 0.000919 0.004034 -0.008594 -0.019220 -0.042956 -0.048908 -0.025909 -0.028712 0.010898 0.023200 -0.034012 -0.035674 -0.011136 -0.003704 -0.022195 -0.022240 -0.039087 -0.013856 0.009664 -0.021632 0.011343 0.002776 -0.006342 -0.007806 -0.003498 0.006484 0.001649 -0.016748 -0.009815 -0.021812 -0.034803 -0.030801 0.003784 -0.006068 -0.018531 -0.035745 -0.056975
-0.008351 -0.038485 -0.042904 -0.002059 0.004391 -0.019954 0.008455 -0.011984 -0.021846 -0.012051 -0.006887 -0.005159 0.013341 -0.020680 -0.038966 -0.026209 -0.033649 -0.035020 0.021872 0.025574 0.018324 -0.008188 0.003888 -0.047429 -0.035963 -0.021460 -0.031823 -0.003814 -0.004447 -0.036376 0.014128 0.005456 -0.001570 0.002834 -0.014174 -0.029734 -0.043295 -0.038591 -0.006713 0.007284 -0.013088 -0.002797 -0.012732 -0.012453 -0.016631 -0.059080 -0.024885 -0.049304 -0.019150 -0.003634 -0.026852 -0.015842 -0.045745 -0.056506 -0.017736 -0.017742 -0.014933 -0.019176 -0.034677 -0.027885 -0.020505 -0.002500 -0.007972 -0.012409 -0.027086 -0.009930 -0.023306 -0.007990 -0.032778 -0.011392 -0.002783 -0.016134 -0.004757 0.008814 -0.001523 -0.026788 -0.038953 -0.000842 0.024025 -0.029937 -0.019268 -0.006613 0.006904 -0.025143 -0.017062 -0.005153 -0.018791 0.015694 0.009757 0.005130 0.002187 -0.000250 -0.051638 -0.041251 -0.049389 -0.016120 0.017268 -0.014685 -0.011393 0.004641 -0.031451 -0.029845 -0.006087 0.004585 -0.029725 -0.006345 -0.019675 -0.008867 -0.022345 0.025238 -0.011094 -0.030887 -0.019118 -0.013382 -0.052604 -0.052267 -0.011254 -0.020409 -0.009317 0.005727 -0.017446 -0.049037 -0.031144 -0.016024 -0.011345 -0.006509 -0.026527 -0.016585 0.004317 -0.030793 -0.012316 -0.019366 0.000992 -0.019854 -0.042036 -0.011000 0.001095 0.014552 0.001319 -0.040016 -0.030426 -0.001075 -0.017180 -0.011886 0.017969 0.022615 0.042340 0.011736 -0.002309 0.016464 0.004968 0.013841 0.017948 0.005284 0.009710 -0.016422 -0.009699 -0.024719 -0.026870 -0.034545 -0.034273 0.003738 0.016519 -0.030515 -0.013455 -0.000089 -0.028020 -0.056379 -0.039959 -0.049011 -0.042092 -0.039864 -0.012989 -0.021890 -0.005865 -0.016714 -0.024279 -0.020391 0.002694 -0.017984 -0.005867 -0.003667 -0.034150 -0.034470 -0.023083 -0.022808 -0.023092 0.009112 -0.018632 -0.026313
-0.004079 -0.028150 -0.034940 -0.027341 -0.039406 -0.016041 0.020828 0.006777 -0.006756 -0.015931 -0.015194 -0.007655 -0.001104 -0.004647 0.003768 -0.044859 -0.047151 -0.014742 -0.006635 0.000541 0.031376 0.014238 -0.003638 -0.045298 -0.054555 -0.007320 -0.021871 -0.029666 0.018154 -0.019553 -0.022195 -0.030931 -0.009993 -0.034899 -0.017304 -0.054279 -0.048308 -0.021377 -0.028994 -0.018720 -0.048009 -0.023480 -0.007545 0.002979 -0.020547 -0.061047 -0.074126 -0.036330 0.014742 0.009254 0.000550 0.017567 0.006340 0.003077 -0.016407 -0.000211 -0.004659 -0.012113 0.005244 0.009950 -0.033115 -0.002954 -0.010037 -0.024492 0.017080 -0.037944 -0.003638 -0.023159 -0.069351 -0.019152 -0.018590 -0.034924 -0.000952 0.002720 -0.002882 -0.030328 -0.028948 -0.025146 -0.005834 -0.032269 0.002010 0.018365 -0.011449 -0.045232 -0.027088 -0.017448 -0.015611 -0.020156 0.024840 -0.016098 -0.002878 0.005616 -0.007356 -0.018712 -0.031142 -0.012990 -0.020877 -0.008478 -0.013562 0.005860 -0.018904 -0.027727 -0.002961 -0.011296 -0.002765 0.007912 -0.012540 -0.021054 -0.044316 -0.005647 0.000765 -0.035641 -0.024755 -0.024867 -0.013121 -0.000782 0.016481 0.006771 -0.016506 -0.044093 -0.034876 -0.051816 -0.011004 0.010235 -0.020468 -0.006124 -0.013809 0.005821 -0.010970 -0.007387 0.017572 -0.022610 -0.011575 -0.014791 -0.034564 -0.045520 -0.010763 0.013415 -0.004629 -0.023860 -0.025722 -0.012654 -0.030269 -0.004645 0.016838 0.003628 0.003094 0.029927 0.026736 0.001185 -0.031250 -0.001292 0.003864 0.011358 -0.017677 -0.025324 -0.009592 -0.024592 -0.014948 -0.007242 0.008326 0.011482 -0.010453 -0.028311 -0.016720 -0.014839 -0.038805 -0.027729 -0.000835 -0.031947 -0.065221 -0.014376 0.001713 -0.032893 -0.024516 -0.009198 -0.000313 -0.024325 -0.000307 -0.003483 0.014930 0.014617 0.000605 -0.018680 -0.050210 -0.038692 0.002648 -0.007304 -0.015042 0.006693
-0.013128 0.000078 -0.011083 -0.019463 -0.040902 -0.051793 -0.023830 -0.013827 -0.013935 -0.026599 -0.025663 -0.023826 0.005708 0.024349 -0.009130 -0.012809 -0.050618 -0.033874 0.011316 0.004535 0.004056 -0.018319 -0.012228 -0.020666 -0.035898 0.002065 -0.001097 -0.049098 -0.029755 -0.031198 -0.029477 -0.030585 -0.000544 -0.028268 -0.004691 -0.010817 -0.012899 -0.007342 -0.003939 -0.043243 -0.025191 -0.009104 -0.044186 -0.047592 -0.027514 -0.027868 -0.024326 -0.004390 0.014411 0.031054 -0.005573 -0.027906 -0.011618 0.011578 0.003821 -0.012736 -0.039782 -0.025698 0.020234 -0.032827 -0.046904 0.001183 0.014461 -0.043715 -0.000979 -0.023870 0.005022 -0.033671 -0.018935 -0.004361 0.003375 -0.043568 -0.048048 -0.021456 -0.009166 -0.018125 -0.028830 -0.017566 -0.004236 -0.013367 -0.010144 0.023547 0.005893 -0.020597 -0.039926 -0.023791 -0.027130 -0.013878 -0.038898 -0.032410 -0.036954 -0.001586 -0.025996 -0.016807 -0.002658 -0.008304 -0.050960 -0.009975 0.031338 -0.017260 -0.015571 0.010066 -0.010136 -0.016841 0.010245 0.015468 -0.028200 -0.043525 -0.000759 -0.022938 -0.015783 -0.009213 -0.020759 -0.010147 -0.010429 -0.009571 0.000136 0.008052 0.011643 -0.024486 -0.047241 -0.044108 -0.020051 -0.000762 -0.008545 -0.017350 -0.020856 -0.032544 -0.019751 -0.015188 -0.020693 -0.007851 -0.009629 0.005540 -0.006972 -0.023466 -0.010221 -0.000933 0.007153 -0.002994 -0.008742 -0.006067 -0.037009 -0.013106 -0.018496 -0.003989 -0.004229 0.014497 0.002035 -0.012046 -0.019140 -0.027372 -0.006220 0.000703 -0.050774 -0.019684 -0.016226 -0.016370 -0.017924 -0.005517 -0.025758 -0.008999 -0.030349 -0.035319 -0.050418 -0.040753 -0.023215 -0.001392 -0.005285 -0.031951 -0.041142 -0.029787 -0.030889 -0.046632 0.003807 -0.010306 -0.001591 -0.004636 0.001785 -0.019103 0.004339 -0.019055 -0.034615 -0.028486 -0.039537 -0.030089 -0.001824 -0.025591 -0.008260 -0.015078
-0.024373 -0.015225 -0.000620 -0.037130 -0.018353 -0.035021 -0.042672 -0.033350 -0.003970 -0.028458 0.016962 0.025473 0.016613 -0.006974 0.003175 -0.003969 -0.033174 -0.007440 0.007865 0.004095 -0.012475 -0.017420 -0.016146 -0.045984 -0.034574 -0.012209 -0.038308 -0.060319 -0.027375 -0.004783 -0.025094 -0.035725 -0.056840 -0.045900 -0.036587 -0.053510 -0.064058 -0.029147 -0.012549 -0.034507 -0.026688 -0.016274 -0.003596 -0.053163 -0.020733 -0.063878 -0.063032 -0.067963 -0.057200 -0.023093 -0.020017 -0.025647 -0.035107 -0.017070 -0.013083 -0.028553 -0.036681 -0.004868 -0.002722 -0.011106 -0.022675 -0.015881 -0.014752 -0.048821 -0.009942 -0.010250 0.009934 -0.021637 -0.000472 0.004104 0.007213 -0.013711 -0.032889 -0.018747 -0.009709 -0.016224 -0.036508 -0.023971 0.019902 -0.004793 -0.020079 0.011455 -0.019741 -0.006384 -0.014827 -0.004288 -0.007711 -0.005694 -0.009867 -0.023160 -0.009802 -0.006106 -0.012916 -0.024499 -0.032909 -0.017072 -0.040585 -0.018085 0.009057 -0.015016 -0.001615 0.011018 -0.012134 -0.008041 -0.028667 -0.001501 -0.009734 -0.031586 -0.008955 -0.034858 -0.033135 -0.024382 -0.048256 0.001094 -0.007528 -0.016200 0.006870 -0.007925 -0.013274 -0.024914 -0.004744 -0.019857 -0.023462 -0.018783 -0.029808 -0.040354 -0.031309 -0.023688 -0.011508 -0.014279 -0.016757 0.001316 -0.025434 -0.046875 0.001555 -0.008598 -0.032190 -0.035531 -0.004538 0.001863 -0.033324 -0.033010 0.012767 -0.006127 -0.026082 -0.015984 -0.028300 -0.004107 0.028411 0.002230 -0.010250 -0.013049 -0.019522 -0.006808 -0.028931 -0.035885 0.007140 0.023971 -0.023395 -0.034339 -0.016132 -0.033295 -0.029294 -0.018195 -0.016161 -0.028933 -0.020636 -0.000907 -0.021138 -0.027899 -0.013996 -0.020610 -0.003076 -0.024279 -0.002810 -0.018786 0.020126 0.017633 -0.024672 -0.024618 -0.025737 -0.057275 -0.002474 0.020452 -0.013839 -0.029668 -0.026447 -0.047681 -0.045999 -0.067373
-0.033329 -0.026707 -0.007411 -0.022558 -0.020713 -0.042499 -0.046958 -0.016321 -0.009653 -0.022813 -0.004280 -0.026661 -0.045048 -0.029774 -0.004764 -0.016098 -0.022661 0.031166 -0.024783 -0.048851 -0.005724 0.009954 0.008148 -0.022012 -0.045719 -0.018911 -0.006850 -0.007854 -0.022785 -0.011838 -0.034117 0.000708 -0.031546 -0.000926 -0.006728 -0.006829 0.013897 -0.018884 0.002516 -0.015568 -0.025083 -0.029869 -0.017846 -0.041051 -0.022167 -0.031817 -0.028904 -0.030847 -0.008590 0.004058 -0.011963 -0.005787 -0.017570 -0.036075 -0.039757 0.000409 0.036838 -0.022838 -0.014284 0.017461 -0.005352 -0.030259 -0.028290 -0.035059 -0.026054 -0.049623 -0.018284 -0.014256 -0.023517 0.007536 -0.002624 0.002494 -0.023442 -0.000576 0.003096 -0.002656 0.008205 0.015319 -0.022914 -0.003645 0.003636 0.019730 -0.012236 -0.008483 -0.012031 -0.022608 -0.016960 -0.022524 -0.004248 -0.010410 0.000892 -0.024532 -0.018813 -0.017663 -0.001768 0.000120 0.000713 -0.017383 0.004455 -0.021195 0.007470 0.014854 -0.042118 -0.009643 -0.009410 0.000540 0.020021 0.006996 -0.018413 -0.031409 -0.039239 0.016847 -0.017765 0.019754 -0.006402 0.001050 -0.004353 -0.031332 -0.007470 0.015842 0.014678 -0.025655 -0.016142 0.007045 -0.009993 -0.015776 -0.029489 -0.008034 -0.025980 -0.008409 -0.003020 -0.011927 -0.001165 -0.031200 -0.033883 -0.007870 -0.019775 -0.027251 0.002416 -0.008412 -0.023054 -0.030743 -0.000390 -0.005203 -0.004406 -0.035100 -0.003116 0.002057 0.003166 -0.022452 -0.029061 -0.004461 -0.013103 -0.044731 -0.028315 -0.027053 0.001890 -0.012382 -0.022790 0.006865 0.004321 -0.019400 -0.011464 0.017882 0.019056 -0.004500 0.001652 0.009324 -0.036264 -0.041009 0.008527 -0.008342 0.014162 0.016814 -0.018010 -0.011725 -0.010848 0.003162 0.000438 -0.026322 -0.049666 -0.029745 -0.004008 -0.014101 -0.021554 0.008068 -0.015674 -0.053192 -0.025622 -0.003291
-0.052395 -0.032691 -0.017057 -0.013191 -0.030076 -0.012930 -0.036056 -0.014754 -0.002731 -0.018193 -0.020649 -0.018865 -0.022719 -0.028011 -0.003937 -0.008741 -0.030075 0.019129 -0.005140 -0.046593 -0.026915 -0.011106 -0.002269 0.000323 -0.039930 -0.001529 0.001221 -0.004206 0.016718 -0.013763 -0.047125 -0.009047 0.018411 0.013670 0.011583 0.012114 0.000170 0.004141 -0.009329 -0.041754 -0.002312 -0.012251 -0.027079 -0.015185 0.002856 -0.020442 0.001581 0.002681 -0.035675 -0.021646 -0.006870 -0.046166 -0.028351 -0.036807 -0.024372 -0.009729 -0.014982 -0.011995 0.014280 -0.013363 -0.008532 0.004062 -0.015095 -0.015230 -0.005853 -0.046856 -0.008351 -0.002494 -0.015336 0.002455 -0.028216 -0.000168 -0.015006 -0.009565 -0.025389 -0.012705 0.011628 -0.044146 -0.048553 -0.028282 -0.039877 -0.006375 -0.032404 -0.012903 -0.021525 -0.022946 -0.002183 -0.057622 -0.036576 0.000416 -0.011613 -0.029031 -0.015348 -0.026785 -0.016302 0.010097 -0.013272 -0.004192 -0.033864 -0.040565 -0.003182 0.025992 -0.031553 -0.042053 0.000277 0.030695 0.034577 -0.006126 -0.003496 -0.001818 -0.043939 -0.019583 0.003993 -0.007726 -0.015170 -0.022474 -0.022819 -0.000097 -0.016635 -0.012477 0.019107 0.004459 0.005264 0.001667 0.003213 0.007134 -0.038368 -0.036553 -0.023740 0.006033 0.005555 -0.032674 0.006951 0.002252 -0.022406 0.024847 0.003391 0.004333 0.009075 -0.009664 -0.023236 0.010757 -0.019991 -0.012740 -0.003051 -0.058892 -0.016287 -0.038099 -0.050507 -0.024542 -0.026034 -0.008883 -0.018423 -0.038757 -0.010267 0.009939 0.020614 -0.016928 0.000837 0.020277 -0.021029 -0.033127 -0.022541 -0.017309 0.002243 -0.025125 -0.038883 -0.029422 -0.018954 -0.016639 0.003341 0.023504 -0.001186 -0.006859 0.014057 0.009187 -0.020453 -0.050203 -0.016900 -0.035442 -0.017784 -0.020662 -0.050843 -0.044289 -0.023912 -0.012348 -0.018261 -0.030369 0.008148 0.009774
-0.018948 -0.012845 -0.034562 0.000438 -0.029155 -0.000060 0.006036 -0.022875 -0.027457 -0.020819 -0.006380 0.001697 -0.020087 -0.005009 -0.036093 -0.047232 -0.013025 0.008721 -0.005652 -0.016266 -0.023379 -0.009650 -0.025723 -0.004489 -0.002850 0.020834 0.009624 -0.002234 0.001477 -0.008005 -0.052071 -0.005549 0.022012 0.001614 0.021259 0.008844 -0.005680 -0.033648 -0.068258 -0.051947 0.021130 -0.000906 -0.029249 -0.021491 -0.019854 -0.043861 -0.014129 -0.028507 -0.017810 -0.013495 -0.027534 -0.014889 -0.033038 -0.014012 -0.022112 -0.035388 -0.008602 0.022960 -0.006657 -0.024009 0.002899 -0.005616 -0.012831 -0.004426 0.001371 -0.007483 -0.045295 -0.025254 -0.021524 0.005318 -0.027039 -0.022178 0.016973 -0.031148 -0.063301 0.003235 -0.032510 -0.023181 -0.013806 -0.028904 -0.036564 -0.011040 -0.036928 -0.026231 -0.028879 -0.005750 0.016557 -0.010484 -0.027044 -0.000772 -0.001137 -0.019416 0.001105 0.004968 0.016356 -0.003361 -0.025423 -0.005955 -0.020324 0.009597 -0.008714 -0.005868 -0.045637 -0.031558 0.005923 0.015362 -0.008010 -0.026253 0.007433 0.016765 -0.015519 -0.014023 -0.009239 -0.039393 -0.032086 -0.020739 -0.011249 -0.018792 -0.040208 -0.022779 -0.000017 -0.007672 -0.004688 -0.055269 -0.031235 0.023503 -0.010869 -0.045292 -0.001224 -0.010406 -0.002851 -0.013212 -0.034444 -0.041691 0.006686 0.010726 0.014695 0.013854 0.004803 -0.026284 -0.014280 -0.012488 -0.023094 -0.004233 -0.005557 -0.002881 -0.007979 -0.047937 -0.023742 -0.042633 -0.004618 0.011850 -0.002152 -0.033287 -0.008975 -0.029253 0.014538 -0.000409 -0.025476 0.006028 -0.013138 -0.053119 -0.023983 -0.015164 -0.029026 -0.068253 -0.048060 -0.024139 -0.053505 -0.013125 -0.010193 -0.006531 0.011131 -0.033155 0.001655 -0.006033 -0.010087 -0.029184 -0.031180 -0.045643 -0.014169 -0.044124 -0.036565 -0.046099 -0.042220 -0.027404 -0.011415 -0.066687 -0.012563 0.001601
0.004375 -0.004519 0.006596 0.019900 -0.018391 -0.013190 0.012260 -0.020851 -0.022912 -0.033605 -0.007515 0.027790 -0.001321 -0.014063 -0.031538 -0.030042 0.021506 -0.026968 -0.036747 0.000162 0.004721 -0.006895 -0.020430 -0.035997 0.016791 0.021043 -0.018887 -0.007492 0.019699 0.009910 -0.021888 -0.001752 0.010227 -0.029259 -0.016232 -0.014082 -0.019231 -0.029895 -0.022829 -0.021817 0.011362 -0.010223 -0.013357 -0.010064 -0.018926 -0.035201 0.000851 -0.017495 -0.027574 -0.021280 -0.042584 0.015984 -0.003362 -0.021765 -0.014849 -0.016651 -0.006255 0.032192 -0.016953 -0.047573 -0.016525 -0.002174 0.010277 0.006444 -0.010924 0.012815 0.020904 -0.006828 0.010062 -0.003617 -0.037696 -0.034761 -0.011031 -0.019731 -0.029184 -0.019713 -0.038690 0.010486 -0.029543 -0.012783 -0.010146 -0.008440 -0.030568 -0.029528 -0.010694 0.006415 0.016020 0.009796 -0.029610 0.007885 -0.009957 -0.017373 -0.023845 -0.006610 0.024799 -0.013040 -0.037522 -0.030731 -0.050169 -0.022520 -0.021276 -0.034245 -0.040113 -0.020483 -0.010256 -0.025686 -0.031068 -0.000329 -0.006673 -0.008840 -0.001815 -0.013578 -0.013892 -0.024230 -0.015870 -0.037362 -0.015436 -0.020047 -0.040802 -0.026898 -0.027660 -0.011846 -0.003675 -0.048032 -0.005787 0.009512 -0.004568 -0.034193 0.000643 -0.008491 0.010676 -0.008186 -0.009973 0.000501 0.007846 -0.004318 -0.015889 -0.025169 -0.001184 -0.002158 -0.015894 -0.029645 -0.034804 -0.007970 -0.026576 -0.016738 0.002461 -0.022570 0.001711 -0.012354 -0.025184 -0.003561 0.008826 -0.037412 -0.027913 -0.010912 0.013244 -0.009922 -0.014468 -0.012640 0.007057 -0.037074 -0.060715 -0.005643 -0.027310 -0.024090 -0.037748 -0.023030 0.001018 0.014765 -0.021733 -0.026576 0.003778 -0.005614 -0.014019 -0.027963 -0.004832 -0.019829 -0.000278 -0.000430 -0.021318 -0.019496 0.008882 -0.037802 -0.024964 0.005766 -0.007485 -0.037210 0.003649 0.006642
-0.041617 -0.022326 0.019550 -0.014173 -0.007693 -0.013636 -0.016451 -0.004035 0.003514 0.000942 0.003704 0.008473 -0.017722 -0.007006 0.012983 0.026319 0.012218 -0.013741 -0.017941 0.002919 -0.008593 0.005978 -0.001368 -0.011510 0.011567 -0.001833 0.000477 -0.024731 0.003268 0.021002 0.023464 -0.006663 -0.020435 -0.028839 -0.027553 -0.004335 0.018060 -0.001927 -0.012655 -0.019119 -0.014862 -0.045070 -0.053298 -0.053931 -0.006446 -0.021472 -0.014294 -0.017726 -0.027499 -0.018769 -0.017613 -0.021196 -0.002016 -0.014243 -0.003608 0.014538 -0.022085 -0.033383 0.000093 -0.017692 -0.006697 0.021597 0.017847 -0.020525 -0.016291 -0.012729 0.006896 -0.005214 0.001007 -0.015350 0.001290 -0.013143 -0.024447 0.008599 -0.000525 -0.031341 -0.029182 -0.007452 -0.037474 -0.003233 -0.006364 -0.022790 -0.003360 -0.015795 -0.000611 0.020915 -0.009053 -0.002396 -0.016955 -0.013151 -0.041314 -0.041211 -0.035565 -0.016450 -0.011241 -0.019021 -0.007225 -0.011694 -0.006987 0.000048 -0.012475 -0.019383 -0.043375 -0.010348 -0.017600 -0.009912 -0.030323 -0.025001 -0.009715 0.017564 -0.008036 -0.013622 -0.003511 -0.000652 0.001800 -0.008338 -0.009533 -0.015109 0.001080 -0.016455 0.001644 -0.011757 -0.009997 -0.046028 0.022952 -0.010971 -0.020508 -0.022651 -0.037531 -0.059237 -0.015403 -0.002137 -0.004742 0.004231 -0.011553 -0.036998 -0.010868 -0.016898 -0.004573 -0.004130 0.003403 -0.018506 -0.024508 -0.004524 0.012958 0.003835 0.015262 -0.049924 -0.019049 -0.017791 -0.036347 0.008301 -0.013762 -0.021182 -0.025154 -0.036199 -0.022393 0.010729 0.012461 -0.040580 -0.031229 -0.047643 -0.049997 -0.024900 -0.038417 -0.036159 -0.016516 -0.005807 0.017470 0.014462 -0.033349 -0.009718 -0.024874 -0.016503 -0.004314 -0.045815 -0.038463 0.003643 -0.016968 -0.003489 -0.015264 -0.000575 -0.012052 -0.028532 0.000224 0.025370 0.022439 -0.009397 -0.009490 0.013177
-0.027932 -0.012758 -0.013721 -0.023663 0.001831 -0.008423 0.006242 0.020077 -0.040107 -0.003207 0.018681 -0.038516 0.009187 -0.012799 -0.023170 -0.001422 -0.032693 -0.002658 -0.008796 -0.023874 -0.039750 -0.029604 -0.033038 -0.009770 -0.000753 0.003296 -0.015532 -0.021048 -0.028348 0.001899 -0.023502 -0.039889 -0.007984 -0.004277 -0.037585 0.005624 -0.019770 -0.026342 0.011797 0.008508 0.008997 -0.019248 -0.034994 -0.021248 -0.020410 -0.010010 -0.027006 -0.020219 -0.018618 -0.019231 -0.029903 -0.020111 -0.019785 -0.033311 -0.012033 0.036749 -0.006596 -0.008595 -0.017927 -0.022858 0.033737 0.010662 -0.000277 0.011754 -0.024131 -0.029222 -0.023162 -0.024955 -0.021466 0.018730 -0.023747 -0.004389 0.017175 -0.018445 -0.001432 -0.005143 -0.025673 -0.006965 0.020506 0.009161 -0.033762 -0.018801 0.012102 0.018463 0.005088 -0.005058 -0.020644 -0.011486 -0.022923 0.007324 -0.016102 -0.015665 -0.013691 0.004048 -0.007791 0.007698 -0.006939 -0.014907 0.000518 0.040769 0.000421 -0.039762 -0.039081 0.022157 -0.028572 0.013534 -0.004156 0.015057 -0.002008 -0.000651 -0.015509 -0.045031 -0.020178 0.020891 -0.004296 0.000526 0.004895 -0.027019 -0.003045 -0.004342 -0.009684 0.012096 -0.011957 -0.032844 -0.036996 -0.029944 -0.001631 -0.010131 -0.030510 0.025892 -0.021655 -0.032210 -0.017054 -0.014673 -0.019343 -0.009163 0.004350 0.009880 -0.010414 -0.007690 -0.009309 -0.033152 0.017695 0.012204 0.010067 -0.013981 0.007846 -0.062142 -0.027305 -0.017509 -0.041335 0.028121 0.009073 0.000557 -0.010197 -0.018461 -0.015805 0.000223 -0.014119 -0.011851 -0.011088 -0.030009 -0.061566 -0.000546 0.029341 -0.027324 -0.009449 0.004615 -0.005465 -0.009984 -0.018615 -0.004873 -0.022196 -0.034432 -0.020942 -0.047494 -0.084621 0.000462 -0.007553 -0.022037 -0.025531 0.006400 -0.024204 -0.028299 -0.014271 0.008315 0.016853 0.016627 -0.015901 0.003956
-0.012687 -0.013333 0.002923 -0.011718 -0.005659 -0.018104 -0.042901 -0.026965 -0.037667 -0.016452 -0.005022 -0.013842 0.000066 0.020241 0.001134 -0.001687 -0.020862 -0.004609 -0.031316 -0.040102 -0.032667 -0.020965 0.013681 0.017375 0.016836 0.008959 -0.007014 -0.019527 -0.010801 -0.022985 -0.048108 -0.005642 0.012525 -0.001507 -0.036871 -0.010629 -0.031158 0.008795 0.001332 0.008133 0.019656 -0.005522 -0.031783 -0.021864 -0.030340 -0.002295 -0.004141 -0.028830 -0.028201 -0.008154 0.000229 -0.017653 -0.019865 -0.036491 -0.025745 0.002715 -0.033372 -0.018470 -0.041935 -0.047069 0.034004 -0.001268 -0.016093 0.037471 0.010952 -0.028392 -0.039921 -0.036633 -0.021457 -0.015914 -0.020961 -0.012756 -0.004382 -0.015685 0.000333 -0.006438 -0.030922 0.008736 0.022607 -0.016613 -0.054442 0.000004 0.028921 -0.003283 -0.017112 -0.001244 0.007307 0.027871 0.003611 -0.011977 0.008935 -0.018618 0.009098 -0.009707 -0.022108 0.004410 -0.006783 -0.017594 -0.043666 -0.014277 -0.013212 -0.033356 -0.010272 0.016713 -0.016644 0.027871 0.002516 0.002374 0.005072 -0.016488 -0.032050 -0.044188 -0.017208 -0.016923 -0.002848 -0.009987 -0.024022 -0.000405 -0.025670 -0.014822 -0.002745 0.024011 0.002275 -0.032449 -0.061641 0.012724 0.003216 -0.006786 -0.014153 0.006228 0.006085 -0.056799 -0.021240 -0.002714 -0.029378 -0.008419 0.011568 0.027533 -0.007710 0.024916 -0.032382 -0.036714 0.000369 -0.018291 -0.051415 -0.070379 -0.019868 -0.011692 0.001284 -0.044530 -0.026067 -0.015900 -0.000160 0.001462 -0.015312 -0.026736 -0.016380 0.026012 0.001716 -0.015775 -0.014223 -0.019688 -0.025306 0.011244 -0.013027 -0.018946 -0.003583 -0.008762 -0.007236 -0.008948 -0.027637 -0.013341 -0.032319 -0.027673 -0.026572 -0.018321 -0.015817 -0.000171 0.008382 0.017206 -0.007074 0.009859 -0.010719 -0.042877 -0.027404 -0.004462 -0.039604 -0.012681 -0.010239 -0.001496
-0.028846 -0.029842 0.011669 -0.025260 -0.005349 0.010949 -0.034433 0.029958 0.021568 -0.004236 -0.029142 -0.012162 -0.024202 -0.011237 -0.021502 -0.017304 -0.010400 -0.025049 -0.029945 -0.040037 0.004689 0.007227 0.026047 -0.004805 0.017328 0.010314 0.007088 -0.020502 -0.012138 -0.014307 -0.015713 -0.003507 -0.009751 -0.023270 -0.016336 -0.031367 -0.021031 -0.026596 -0.012789 -0.009560 -0.047194 -0.008867 -0.003753 -0.002663 -0.001864 -0.016235 -0.021118 -0.025061 -0.025521 0.000790 0.034134 -0.003814 -0.010625 -0.007599 -0.030267 -0.039744 -0.034556 -0.005362 -0.008655 -0.005372 -0.035907 -0.028517 -0.009502 0.041744 -0.020304 -0.007645 0.005772 -0.018169 -0.040428 -0.063996 -0.040281 -0.029984 -0.005716 0.008070 -0.009698 -0.037948 -0.044294 -0.008017 -0.037385 -0.020523 -0.006708 0.011467 -0.023522 -0.032947 -0.020624 0.014252 0.004050 0.007998 0.001301 -0.020388 0.010523 0.004232 -0.016986 -0.030487 -0.019093 -0.016134 -0.007976 0.003705 -0.027581 -0.017207 -0.001689 -0.022591 0.013518 -0.007069 -0.001477 0.012774 0.009689 -0.026926 -0.003472 0.008101 0.003212 -0.022455 -0.042409 -0.063864 -0.039491 -0.036495 -0.010028 -0.017851 -0.015651 -0.000641 -0.026210 -0.006072 -0.006892 -0.037233 -0.044573 0.030728 0.011924 -0.015847 -0.002920 -0.022468 0.010012 -0.037117 -0.036285 -0.012108 -0.024348 -0.033641 -0.006535 -0.004267 -0.020499 -0.011356 -0.017991 -0.036799 0.000627 -0.033229 -0.036984 -0.028107 -0.004531 0.001686 -0.022635 -0.036695 -0.011829 -0.000196 -0.021387 -0.020737 0.007435 0.003554 -0.022524 0.015737 -0.007978 -0.020886 -0.033027 -0.025207 -0.005418 -0.021847 0.000642 -0.017961 -0.026775 -0.043780 -0.045167 -0.031096 -0.039115 -0.007707 -0.001639 -0.019837 -0.048471 -0.019732 0.006327 0.011206 0.018663 0.025893 0.024935 0.014478 -0.019779 -0.022029 0.030277 -0.006758 -0.036065 0.007797 0.003321 0.003411
-0.030749 -0.035340 -0.028124 -0.019220 -0.023487 0.003893 -0.002413 0.051675 0.021050 -0.002539 -0.018336 0.004985 0.006858 -0.018548 -0.020248 0.016983 0.005577 -0.031575 -0.040881 -0.018484 0.006601 -0.015343 0.010183 0.020248 -0.013301 0.005469 -0.009453 0.007929 -0.013602 0.004505 -0.003959 -0.015589 -0.004404 -0.035948 -0.022889 -0.029228 -0.042033 -0.050241 -0.035166 -0.062155 -0.040906 -0.038501 -0.016221 -0.007759 -0.001493 -0.018205 -0.021232 -0.025758 0.000449 -0.033076 -0.015005 -0.001093 -0.013532 -0.021217 0.006525 0.005970 -0.030794 -0.034889 -0.006144 -0.014199 -0.020011 0.006660 -0.012571 -0.009544 -0.009172 -0.001614 -0.009311 -0.016463 -0.024246 -0.036774 -0.036124 -0.010023 -0.019927 -0.016526 -0.024671 -0.006117 0.015759 -0.011262 -0.037902 0.009934 0.012338 -0.007708 -0.008443 0.000968 -0.009838 0.000667 0.024811 -0.008994 -0.003237 -0.003442 0.022581 0.007431 -0.021426 -0.015179 0.004510 -0.014457 -0.052584 -0.012228 -0.047402 -0.010452 -0.012704 -0.026398 -0.006812 0.012242 0.003469 -0.007956 -0.026553 -0.008587 -0.020820 -0.034537 0.004921 -0.011508 -0.027319 -0.038554 -0.027636 0.021600 -0.027278 -0.058505 -0.017369 -0.015423 -0.053271 -0.038088 -0.044943 -0.045202 -0.036699 -0.009551 -0.030757 -0.021267 -0.057320 -0.020134 0.004071 -0.032689 0.004528 0.001750 -0.033247 -0.030625 -0.021104 -0.005081 -0.001847 -0.005547 -0.016850 -0.015184 -0.024047 -0.044018 -0.058499 -0.042749 -0.037342 0.003046 -0.018620 0.004619 0.003903 -0.015249 -0.054496 -0.018367 -0.001359 -0.022353 -0.030141 -0.005876 -0.011769 0.024394 -0.012894 -0.014256 -0.016666 -0.019866 -0.034060 -0.030408 -0.006821 -0.025085 -0.024216 0.020135 0.008329 -0.011382 0.004186 0.001664 0.001123 -0.018908 -0.031238 -0.001673 -0.006517 -0.000523 -0.000067 -0.001768 -0.012696 -0.012359 0.006745 -0.018596 -0.065496 -0.031831 0.014876 0.032862
-0.022735 -0.026463 -0.015462 -0.035865 -0.005136 -0.011910 -0.017205 0.019680 0.012513 -0.039742 -0.009573 0.010563 -0.007974 -0.041912 -0.013631 0.020001 0.013111 -0.019433 -0.021988 -0.037817 -0.020992 0.013627 -0.030246 -0.003352 -0.032567 -0.025859 -0.001416 -0.007865 -0.004381 -0.002515 -0.014309 0.001621 0.027741 -0.008798 -0.032262 0.006502 -0.020913 -0.031213 -0.035123 0.010936 0.031941 -0.023734 -0.001973 0.010846 -0.012583 -0.019898 -0.002017 -0.023536 0.011033 -0.004083 -0.030680 -0.027845 -0.019583 -0.055048 -0.019590 -0.017677 -0.005371 0.007165 -0.016753 0.005677 0.011444 0.013814 -0.028457 -0.018675 -0.024308 -0.051345 0.012441 0.015180 0.009581 -0.037640 -0.008411 0.024437 -0.014058 -0.023180 -0.049899 -0.021733 0.028159 -0.004549 -0.029740 -0.036229 0.010962 -0.015348 -0.033945 -0.005655 0.003143 -0.021659 -0.010521 -0.018574 0.001204 -0.038087 -0.025402 0.001564 0.001456 -0.022994 -0.013686 -0.009304 -0.065704 -0.052483 -0.002894 0.027073 -0.012639 -0.012767 0.001274 -0.014287 -0.003689 -0.025851 -0.038507 -0.014549 -0.010118 -0.014367 0.023738 0.026426 -0.009610 -0.019831 0.028335 0.021509 0.012816 -0.012280 0.010460 -0.010797 -0.047903 -0.012102 -0.020609 -0.047755 -0.048471 -0.003096 -0.028229 -0.029470 -0.044029 -0.003791 -0.027329 -0.022416 -0.010214 -0.001528 -0.012048 -0.027519 -0.043055 -0.010607 -0.025972 -0.016046 -0.021846 0.005780 -0.004922 -0.013319 0.019383 0.028150 -0.017669 -0.014941 -0.026732 -0.033018 -0.011909 -0.008456 -0.028519 -0.037095 -0.005478 -0.005660 0.003513 -0.006317 0.005279 0.014231 -0.022093 -0.027577 -0.012822 -0.013157 -0.061613 -0.055615 -0.035457 -0.026852 -0.039184 -0.037666 0.023033 0.036527 -0.005367 -0.006117 -0.017370 -0.037847 -0.005020 -0.016003 -0.002440 0.017394 0.025653 -0.023195 -0.015734 -0.002663 -0.012833 0.006531 -0.051224 -0.055491 0.001002 0.017192
0.007295 0.017782 0.031323 -0.015060 -0.001058 -0.026052 -0.026244 -0.032820 -0.023288 -0.017086 -0.005406 0.000800 -0.009663 -0.014570 -0.005170 -0.013676 0.009619 -0.022870 -0.024209 -0.002406 -0.024247 0.010380 -0.016934 -0.037772 -0.041973 -0.001682 -0.009620 -0.010932 -0.004238 0.003024 -0.028431 -0.030018 -0.035897 -0.012017 -0.044672 -0.022676 -0.023610 -0.042033 -0.018168 -0.007579 0.009517 0.007431 0.009582 -0.031681 -0.025798 -0.015264 -0.029316 -0.014911 0.008498 -0.027741 -0.016964 -0.014956 0.007272 0.000380 0.021481 0.002427 -0.000066 -0.001493 -0.006915 0.005207 -0.026798 -0.006341 -0.034860 -0.036037 -0.024764 -0.034908 0.024477 0.012687 0.004339 -0.028601 -0.005501 0.001825 0.006317 0.015207 0.008322 0.003089 0.015912 -0.026437 -0.056225 -0.078803 -0.025597 -0.029683 -0.049542 -0.032675 0.006049 0.012243 -0.010284 -0.007976 0.006693 -0.008988 -0.002606 0.016040 -0.026988 -0.018033 -0.022075 -0.034803 -0.042874 -0.028127 -0.012829 -0.032984 -0.008594 -0.000059 -0.004677 -0.012130 -0.015376 -0.008280 -0.003865 -0.028916 -0.024400 -0.018320 -0.014713 -0.020063 -0.020246 -0.019826 0.007080 0.022877 -0.025268 0.016933 0.034545 -0.008049 -0.030494 -0.001795 -0.007657 -0.034662 -0.018530 0.003358 -0.033166 -0.042066 -0.003164 0.000323 -0.018790 -0.023890 -0.039896 -0.005195 0.016429 -0.016588 -0.020675 0.008506 -0.001874 0.001352 -0.014849 -0.030646 -0.041514 0.010015 -0.002975 -0.002960 0.014122 -0.017778 -0.030613 -0.027814 -0.018169 -0.015384 -0.013176 0.010468 0.005169 0.014943 -0.017074 -0.005961 -0.002363 -0.020192 -0.044563 -0.055587 -0.010688 -0.011562 -0.033895 -0.029161 -0.027669 -0.051321 -0.019301 -0.023208 0.002525 0.000618 -0.009166 -0.003482 -0.007122 -0.040851 -0.035572 -0.027866 -0.009535 0.021550 0.002261 -0.028917 -0.031515 0.017113 -0.012494 -0.023959 -0.012891 -0.038876 -0.012704 -0.005312
-0.023989 0.011081 0.020011 -0.001052 -0.015714 0.015392 0.008533 -0.026025 -0.021152 -0.004313 0.012451 0.012453 -0.009762 -0.001242 -0.030660 -0.038173 0.001556 -0.021005 -0.032845 0.003612 0.012241 0.008560 -0.022731 -0.001530 0.014793 -0.002101 -0.012169 -0.014023 -0.009172 -0.024392 -0.012318 -0.015102 -0.061258 -0.030907 -0.008534 -0.012401 -0.002314 -0.050705 -0.060354 -0.022131 -0.031144 -0.006195 -0.026911 -0.029084 0.012518 0.032837 0.010189 -0.011350 0.000957 -0.045258 -0.040095 -0.026366 0.017565 0.028723 0.022064 0.006498 -0.005920 -0.003865 0.013418 -0.017591 -0.037096 -0.001366 -0.011069 -0.016783 -0.003336 0.014943 0.003027 -0.019847 -0.011193 -0.004052 -0.022596 -0.004429 0.014013 0.003186 -0.021643 -0.006431 -0.004933 -0.019715 -0.021967 -0.043784 -0.039264 0.000109 -0.038277 -0.017742 0.035703 0.021178 -0.022618 0.006778 0.004368 -0.022524 -0.008049 -0.007945 -0.026385 0.003599 -0.018478 -0.027858 -0.037446 -0.026737 -0.036106 -0.016273 0.011820 0.002664 -0.002551 -0.002505 -0.013978 0.000278 0.007075 -0.011185 -0.023827 -0.039564 -0.019058 -0.008979 -0.005296 0.015647 0.017183 0.026169 0.004079 0.004704 0.013659 0.004938 -0.030783 0.010107 0.002565 -0.039055 -0.031535 -0.046724 -0.034818 -0.003309 -0.015588 -0.033249 -0.025134 -0.002639 0.001241 -0.045047 -0.036368 -0.044703 -0.030097 -0.027077 -0.014242 -0.011438 -0.044874 -0.027018 0.005125 -0.004389 -0.024250 0.031832 0.036737 -0.016512 -0.040136 -0.029258 -0.013315 -0.001785 -0.005524 0.062215 0.024334 -0.026572 -0.043820 0.004365 -0.002403 0.000590 -0.008672 -0.020830 0.001246 -0.020048 0.015990 -0.000799 -0.040307 -0.007039 -0.007420 -0.029115 -0.055895 -0.032746 -0.010135 -0.033403 0.015851 -0.013870 -0.043632 -0.025597 -0.031824 -0.011904 -0.011404 -0.019666 -0.028168 -0.001929 -0.012021 -0.028823 -0.006033 -0.010855 -0.013351 -0.016043
-0.001268 -0.019143 -0.014247 -0.004929 0.001936 -0.003409 -0.007335 -0.028211 -0.010457 -0.000429 0.000084 -0.014441 0.001679 0.013083 -0.011055 -0.004310 -0.006466 -0.014795 -0.024998 -0.026863 -0.026055 -0.027557 -0.024129 -0.003619 0.008566 -0.001971 -0.010340 -0.034308 -0.019370 -0.016908 0.003628 -0.043279 -0.030909 -0.027059 -0.021060 0.002705 -0.004633 -0.065941 -0.055945 -0.027893 -0.052020 -0.039498 -0.032523 -0.030783 -0.004908 0.010333 0.005366 -0.041273 -0.024105 -0.038311 -0.041842 -0.015016 -0.013093 0.000789 -0.017602 -0.021741 -0.053130 -0.033484 -0.025858 -0.017800 -0.026646 0.000386 0.004244 -0.025455 -0.021958 0.013401 0.024285 0.012630 -0.008028 -0.012815 -0.008277 0.014374 -0.007258 -0.004878 0.001825 -0.010342 -0.027612 -0.028741 -0.030462 -0.031209 -0.013652 -0.027294 -0.025541 0.030188 0.024557 0.002566 -0.042397 -0.013320 -0.020108 -0.018878 -0.011462 -0.022213 -0.015210 0.008768 -0.012988 0.015001 0.003485 -0.020287 -0.002756 -0.003430 0.002373 -0.005377 -0.024234 -0.001332 -0.003343 0.010693 0.011114 -0.021992 -0.015376 -0.015589 -0.005633 -0.014809 -0.000314 0.014606 0.028119 -0.017810 0.012132 0.004880 -0.007603 -0.007337 -0.022927 -0.030303 0.012249 -0.028251 -0.017725 -0.002319 0.004256 0.020700 -0.014298 -0.001211 0.016368 -0.003256 -0.021923 -0.019562 -0.017500 -0.007316 -0.027506 -0.026605 -0.001841 -0.019320 -0.041418 -0.027492 -0.018778 -0.033830 -0.019506 0.008972 0.002439 0.009154 0.003134 0.022458 0.012305 -0.021987 -0.001678 0.023892 -0.002545 -0.038922 -0.037445 0.002439 0.003696 -0.014119 -0.021514 0.002727 0.007884 -0.042904 -0.021488 -0.023136 0.002658 0.000700 -0.006303 -0.017351 -0.039675 -0.021704 -0.042009 -0.026441 0.018063 -0.029861 -0.029008 0.015494 -0.011445 -0.006730 0.000448 -0.013662 -0.025578 -0.048987 0.012852 -0.013392 -0.040359 -0.051968 -0.014556 0.031906
0.008704 0.011080 -0.003726 -0.011309 -0.018329 -0.001061 -0.023973 0.017641 0.004569 -0.008722 -0.011111 -0.002839 -0.022821 -0.026322 -0.021927 0.003945 -0.002103 -0.024311 -0.023069 -0.026155 -0.029175 0.001524 -0.019119 -0.026286 -0.010265 -0.014962 0.003721 -0.019527 -0.044947 -0.014005 -0.007065 -0.032464 -0.020648 -0.027739 -0.005930 -0.012568 -0.029430 -0.036920 -0.041520 -0.063343 -0.055977 -0.048011 0.002670 -0.013197 -0.010720 0.003804 0.016917 -0.010954 -0.019456 0.003422 -0.019458 -0.027535 -0.048435 -0.028857 -0.004520 -0.026459 -0.015044 -0.032688 -0.021139 0.008814 -0.005616 -0.014936 -0.005724 -0.016576 0.009438 -0.029935 -0.022767 0.002497 -0.008046 0.009964 0.000793 0.024291 0.011352 -0.029411 0.006878 -0.014249 -0.016912 -0.014607 -0.028755 -0.001971 -0.015898 -0.007299 0.004755 0.026048 0.014939 -0.011191 -0.015728 -0.004387 -0.042497 -0.022938 -0.006432 -0.034286 -0.025868 -0.017869 -0.017874 -0.001535 0.005218 -0.008219 0.005011 -0.015693 -0.032585 -0.030874 -0.015155 -0.025366 -0.016126 0.000115 0.001279 -0.035916 -0.009044 -0.048928 -0.047493 -0.030804 0.001762 0.001208 -0.015272 -0.004711 -0.002508 0.024699 0.007976 -0.001555 0.012328 0.003637 0.018503 -0.023407 -0.024267 0.005226 -0.009541 -0.011556 -0.010484 -0.017316 0.006958 -0.013270 -0.054099 -0.046342 0.013513 0.034841 0.002543 -0.012122 -0.041536 -0.039560 -0.026524 -0.025461 -0.034440 -0.027187 0.011118 -0.006008 -0.000349 -0.024547 0.003717 -0.016459 -0.020051 -0.032752 -0.006175 0.004770 0.005104 -0.002781 -0.009073 -0.002309 -0.016129 -0.031378 -0.007649 0.015020 -0.004219 -0.000404 0.021086 0.002143 0.010404 -0.001395 -0.015961 -0.015795 -0.048553 -0.040412 -0.057946 -0.025815 0.004487 -0.002676 0.001413 -0.028454 -0.008881 0.003571 0.000789 -0.008154 -0.007215 -0.022157 0.028691 0.002689 -0.038446 -0.034525 0.004760 0.001006
0.027852 0.022502 0.019946 -0.026635 -0.042764 -0.001259 -0.014184 0.004868 0.012903 0.004694 -0.014432 0.020367 0.000873 -0.031780 -0.011749 -0.029935 -0.041001 -0.022701 -0.044073 -0.064414 -0.062543 -0.011661 0.001908 -0.038465 -0.027465 -0.043142 -0.010938 -0.026970 -0.042692 -0.024044 0.004929 0.004142 0.000166 -0.049426 -0.044095 -0.030627 -0.036680 -0.032382 -0.061166 -0.039889 -0.012943 -0.006241 -0.029095 -0.027627 -0.006104 -0.002076 -0.011434 -0.025976 -0.005372 0.009766 -0.020034 -0.039325 -0.059504 -0.046651 -0.039822 -0.053106 -0.041683 -0.033760 -0.002017 0.002646 -0.030058 -0.048097 -0.016499 -0.025462 -0.027563 -0.021561 -0.046721 -0.000320 -0.015443 -0.010158 -0.015745 0.002841 0.002645 -0.011866 -0.023038 -0.015751 -0.010295 -0.025462 -0.027569 -0.012972 -0.053722 -0.039408 -0.014149 -0.014414 -0.032184 -0.052713 -0.005925 0.038666 0.009016 -0.004144 -0.027441 -0.047702 -0.028944 -0.005160 -0.006683 -0.019703 -0.005984 -0.029511 0.003219 -0.014745 -0.023850 -0.034195 -0.005345 0.007299 0.021115 -0.020349 -0.010303 -0.010267 -0.022282 -0.052216 -0.024625 -0.009052 -0.013009 0.020311 0.014840 -0.004284 -0.013716 -0.009210 -0.002924 -0.046728 -0.010863 -0.006502 -0.007408 -0.023706 -0.009459 -0.021375 -0.014291 -0.009719 -0.028166 -0.032230 -0.029257 -0.006312 -0.002650 -0.009770 0.021758 0.031122 -0.003657 -0.031868 -0.030129 -0.023153 -0.040035 -0.011943 -0.031842 -0.023654 0.014865 -0.030758 -0.019812 0.002541 -0.010838 -0.046396 -0.033323 -0.006279 0.002853 -0.022047 0.008490 -0.021559 -0.026744 -0.012511 -0.001862 -0.015371 -0.018391 -0.024489 -0.026466 -0.006458 -0.031396 0.000817 -0.005860 -0.022169 -0.017221 0.027833 0.012238 -0.030644 -0.055422 -0.045140 -0.026900 -0.012591 0.003666 -0.029854 -0.014707 0.002955 -0.000414 -0.003000 -0.011286 -0.007218 0.010008 -0.025274 -0.051562 -0.029172 0.035107 0.014636
-0.010602 -0.001226 -0.035949 -0.071747 -0.031486 -0.011727 -0.038274 -0.013730 0.027480 0.010851 -0.030449 -0.024343 -0.005581 0.013707 0.018848 -0.000962 -0.003813 -0.003038 -0.022513 0.003984 -0.017874 -0.051986 -0.023894 -0.002451 -0.024434 -0.031698 -0.039786 -0.041735 -0.056342 -0.015231 -0.007416 0.012710 0.012754 -0.057720 -0.061889 -0.004405 -0.024898 -0.078672 -0.075304 -0.036394 -0.005840 -0.010104 -0.009413 -0.021461 -0.008538 -0.018839 0.002736 -0.024718 -0.034265 0.007742 -0.014822 -0.035705 0.001480 -0.019763 -0.027067 -0.037259 -0.040656 -0.003065 0.013744 -0.005251 -0.032537 -0.042783 -0.025630 -0.028213 -0.033950 -0.021566 -0.020315 -0.010986 -0.009645 -0.035734 -0.022134 -0.023015 -0.024661 -0.010149 -0.014589 0.026269 -0.005736 -0.024490 -0.031788 -0.024662 -0.048907 -0.026365 0.011687 -0.000177 0.003646 -0.019433 -0.019974 0.007804 -0.008828 -0.008776 -0.000736 0.004318 -0.023300 -0.035904 -0.028094 -0.024761 -0.017971 -0.003040 -0.009019 0.013130 -0.018456 -0.029071 -0.012144 0.006109 0.009402 -0.043205 0.006032 0.020836 0.013166 0.004365 0.009692 0.018452 0.007253 -0.034859 -0.041149 -0.060631 -0.027363 -0.032337 -0.011776 -0.017385 -0.029521 -0.019162 0.009990 0.001060 -0.013646 -0.032196 -0.013050 -0.018189 -0.075986 -0.059587 0.003534 -0.001849 -0.030001 0.006847 0.019205 0.009944 -0.020510 -0.029643 -0.002572 -0.000306 -0.035399 -0.018496 -0.011251 -0.023601 0.005569 -0.027189 -0.004373 0.007421 -0.024171 -0.032710 -0.021207 -0.006097 -0.000471 0.014638 0.004992 -0.012902 -0.021728 -0.006877 -0.052285 -0.026116 0.015447 -0.034697 -0.029471 0.017953 -0.029975 -0.006542 -0.013459 0.003147 -0.006240 0.004236 -0.009511 -0.011502 -0.028928 -0.030227 -0.032565 -0.022153 -0.006440 -0.007652 -0.002035 -0.015374 -0.003144 -0.016035 0.010360 -0.016772 0.000259 -0.024086 -0.043379 -0.015121 -0.010894 -0.005866
-0.011296 0.014485 -0.015468 -0.010503 -0.005294 -0.012989 0.003461 0.000848 0.010399 0.008919 -0.020000 -0.020137 -0.023342 -0.016414 -0.037117 -0.020477 0.003825 -0.000007 -0.017834 0.024804 -0.019005 -0.033842 -0.016616 0.019758 -0.005155 -0.002218 -0.006951 -0.009520 -0.032862 -0.005396 -0.025734 -0.012174 -0.020100 0.002488 -0.018810 -0.034540 -0.030598 -0.039727 -0.047855 -0.043413 -0.046247 -0.008400 -0.020352 -0.012620 0.008476 -0.010177 0.005559 -0.000941 -0.012405 -0.011787 -0.019364 -0.025034 -0.035121 -0.014607 -0.022149 -0.028763 -0.033825 -0.010490 -0.047940 -0.007857 -0.021692 -0.025970 -0.011771 -0.005027 -0.039968 -0.059319 -0.015037 -0.020742 -0.026999 -0.025836 -0.040095 -0.038721 -0.003183 -0.021581 0.014121 0.004726 -0.034843 -0.012668 -0.031247 -0.034811 -0.052221 -0.017687 -0.014766 -0.036609 -0.016088 -0.003462 0.003712 0.007527 0.003998 -0.001068 0.014997 0.008669 0.018289 -0.017360 -0.050265 -0.050244 -0.039119 -0.006214 -0.011777 -0.002468 -0.013140 -0.035007 -0.037857 -0.030484 -0.022498 -0.008991 0.010602 -0.021006 0.010481 0.004507 -0.006830 -0.034203 -0.019555 -0.060036 -0.045114 -0.026580 -0.019430 -0.019605 -0.011036 0.014962 -0.004133 -0.022311 -0.014778 0.001971 0.017126 -0.006904 -0.041319 -0.029403 -0.017182 -0.025994 -0.008927 -0.057062 -0.048131 -0.031141 -0.004961 -0.000509 -0.008042 -0.009692 0.007893 -0.014532 -0.023060 -0.030274 -0.005250 0.005673 0.001280 0.002096 0.014488 -0.016355 -0.056410 -0.044774 -0.035939 0.003234 -0.007084 0.025090 -0.007760 -0.008076 -0.002734 -0.007038 -0.000575 -0.018297 -0.007869 0.002135 0.013724 0.012752 -0.022481 -0.043585 -0.019087 -0.010693 -0.009243 -0.017191 -0.012255 0.003413 -0.025900 -0.030277 -0.060843 -0.042809 -0.025907 -0.068414 -0.054069 -0.033302 -0.027543 -0.028990 -0.001051 -0.033676 -0.016931 -0.037854 -0.040116 -0.005371 -0.032274 -0.039435
-0.007931 -0.010963 -0.011782 -0.019360 -0.009251 -0.013849 0.013756 0.007226 -0.015949 -0.010445 -0.028562 -0.021743 0.017173 -0.003431 -0.008349 -0.021675 -0.003742 -0.003598 0.009806 0.013088 0.019874 0.012438 -0.015623 0.003212 -0.001565 0.025748 0.009414 -0.011561 -0.007838 -0.010532 -0.059171 0.015665 -0.012647 -0.002815 0.009614 -0.008006 -0.019381 -0.020342 -0.027804 -0.020837 -0.015856 0.012336 -0.002141 -0.027149 -0.020365 -0.049765 -0.013953 -0.012161 0.007527 -0.009040 -0.012709 -0.006960 -0.042863 -0.031092 -0.002306 -0.007254 -0.036747 -0.050309 -0.038900 -0.007733 -0.027962 -0.031058 -0.039511 -0.021157 -0.006107 -0.044920 -0.036345 -0.038859 -0.023002 -0.011006 -0.056916 -0.047814 0.005259 0.024985 0.005777 -0.015928 -0.022048 -0.028680 -0.022881 -0.003619 -0.036254 -0.013645 -0.047375 -0.085054 -0.021408 0.015403 0.013908 -0.004964 0.006412 -0.020292 -0.031032 -0.017520 0.016822 -0.023999 -0.032406 -0.031958 -0.013525 0.002504 -0.016981 -0.006139 -0.013464 -0.020100 -0.032886 -0.027363 -0.057756 -0.010441 0.003708 -0.025543 -0.026447 -0.007146 -0.009045 -0.012408 -0.029927 0.001906 -0.009752 -0.011724 -0.051324 -0.010612 -0.012846 0.019839 -0.009190 -0.046798 -0.022943 -0.004551 -0.018269 -0.016750 -0.032937 -0.011549 0.000916 0.000319 -0.019769 -0.010657 -0.030345 -0.024251 -0.027610 -0.022602 0.000179 -0.000974 -0.035440 -0.014590 -0.029984 -0.031676 -0.029646 -0.013393 0.008516 -0.009942 -0.010769 -0.028518 -0.025035 -0.024161 -0.001936 0.028056 0.002318 -0.013708 -0.004831 0.000033 -0.007485 -0.007359 -0.010119 0.000155 -0.008862 0.001264 0.008002 0.010009 -0.004133 -0.017114 -0.022569 -0.034612 -0.027159 -0.026428 -0.022550 0.002919 -0.011641 -0.005541 0.011139 -0.047346 -0.016987 -0.011643 -0.035535 -0.007917 -0.021192 -0.014670 -0.003113 -0.006266 0.006963 -0.015560 -0.006515 -0.017106 -0.040259 -0.039722
-0.031056 -0.008822 0.001650 -0.026522 0.007728 -0.020219 -0.045483 -0.031849 -0.046545 -0.019152 -0.013034 0.004714 -0.005393 -0.002973 -0.014299 -0.030557 -0.020716 -0.037302 -0.022662 -0.013311 0.028921 0.015428 0.009283 -0.004586 0.009354 0.010285 -0.023795 -0.007160 0.030916 -0.004919 -0.042659 -0.013838 0.002022 0.016807 0.006503 -0.023892 -0.048501 -0.028909 0.011096 -0.017535 -0.029986 -0.012345 -0.013518 -0.015369 -0.034190 -0.012643 0.000686 -0.001105 -0.007534 -0.015569 -0.028208 -0.002839 -0.005462 -0.035844 -0.060960 -0.045005 -0.022789 -0.046266 -0.029734 -0.011536 -0.013134 -0.006471 -0.046936 -0.046866 -0.042307 -0.034289 -0.030723 -0.050751 -0.017704 0.003076 -0.036691 -0.035782 0.031261 0.027757 -0.013623 -0.008299 0.009881 -0.010139 0.012561 -0.009244 0.020664 -0.020926 -0.018142 -0.028431 -0.018013 -0.018042 -0.031736 0.005656 0.011920 -0.002201 0.001174 -0.011617 0.021707 -0.015783 -0.026378 -0.018984 0.016764 0.013665 -0.003849 0.007141 0.033975 -0.024019 -0.007383 -0.014021 -0.031016 -0.026798 -0.014931 -0.007054 -0.016785 0.006265 0.007890 -0.013626 -0.035429 -0.012614 -0.017002 -0.024656 -0.045839 -0.015567 0.006622 -0.030405 -0.022389 -0.041280 -0.077123 -0.031682 -0.002512 -0.040821 -0.025645 -0.010950 0.000188 0.000005 -0.028850 -0.001935 -0.014770 -0.050209 -0.038503 -0.012588 -0.005756 0.007613 -0.011221 -0.034015 -0.075066 -0.042338 -0.024335 -0.010235 -0.016726 -0.012602 -0.031577 -0.022607 -0.008362 -0.015765 -0.023637 -0.027659 0.005671 0.005803 0.004576 0.008616 -0.022491 -0.000729 -0.014029 -0.019345 0.003483 -0.015103 0.003705 -0.007893 -0.020646 -0.022861 -0.003694 -0.021462 -0.020676 -0.029848 -0.016495 0.002285 0.015181 -0.000279 -0.001897 -0.048250 -0.046120 -0.001588 0.008419 0.001464 -0.031914 0.001316 -0.009221 -0.005812 0.014359 -0.015789 -0.031500 -0.065048 -0.041987 -0.038384
-0.048136 -0.011135 -0.015953 -0.004643 -0.017431 -0.035291 -0.046732 -0.037311 -0.007439 -0.047136 -0.017433 -0.028618 -0.026945 -0.001181 -0.018730 -0.003100 -0.018855 -0.038530 -0.015683 -0.006483 -0.014349 -0.005435 -0.003277 -0.018303 -0.001169 -0.008023 -0.010626 0.002280 0.000424 -0.011258 -0.042891 -0.029706 -0.008506 -0.012547 -0.003261 0.014231 -0.018905 -0.018255 -0.018284 -0.031220 -0.037617 -0.046647 -0.034203 -0.013490 -0.028359 -0.011069 0.005228 -0.006505 -0.036838 -0.008828 -0.006185 0.002818 -0.020489 -0.004218 -0.014786 -0.003226 0.001050 -0.032995 0.000850 -0.020285 -0.007610 -0.015790 -0.003205 -0.019022 -0.010369 -0.016433 -0.010532 -0.001296 -0.000865 -0.017431 -0.017253 -0.042986 -0.024344 -0.003431 0.013506 -0.026160 -0.034017 -0.006483 0.014903 -0.008454 0.026751 -0.014265 -0.000487 0.008074 0.003102 0.014215 -0.009217 0.008834 -0.000777 -0.022007 -0.044108 -0.012121 0.006111 0.013480 -0.018640 -0.022256 -0.011818 -0.015669 -0.016140 -0.009019 -0.025090 -0.036250 -0.024239 -0.000423 0.029090 0.047500 -0.035019 -0.010225 0.026221 0.005847 -0.000237 -0.014415 -0.034257 -0.026391 -0.052666 -0.025326 -0.001218 0.003562 -0.002506 -0.041646 -0.034218 -0.012973 -0.031901 -0.031304 -0.074217 -0.040402 0.003127 -0.024228 -0.072623 -0.048845 -0.004704 -0.030819 -0.039172 -0.005086 -0.023776 -0.053894 -0.017801 -0.013427 -0.000215 -0.007053 -0.031683 -0.021237 -0.022034 -0.027672 -0.006162 -0.008127 -0.051782 -0.006804 -0.001639 -0.000642 -0.017412 -0.016790 -0.003521 -0.004005 0.007447 -0.005862 0.009080 0.001763 0.002351 -0.030703 -0.000672 -0.005156 0.011263 -0.029510 -0.032100 -0.002175 -0.000958 -0.012330 -0.015521 -0.039560 -0.045037 -0.025594 -0.017631 -0.002167 -0.018322 -0.025107 -0.017396 -0.003721 -0.003444 -0.009551 -0.037074 -0.040080 -0.014077 -0.015632 -0.004904 -0.038074 -0.022185 -0.029799 0.002317 -0.031456
-0.019719 -0.009501 -0.018444 0.010160 -0.022613 -0.037293 -0.047030 -0.033500 -0.027117 -0.026524 0.003135 -0.005764 -0.000696 -0.030927 -0.022040 0.012899 -0.008657 -0.020013 -0.022377 -0.025486 -0.002424 0.010503 0.019909 -0.002626 -0.023635 -0.008833 0.001792 -0.070609 -0.030975 0.022714 0.003187 -0.013459 -0.018990 -0.043301 -0.025683 -0.007939 -0.031847 -0.030725 -0.031412 -0.042982 -0.059226 -0.053096 -0.027628 -0.005754 -0.041428 -0.017122 -0.002238 -0.013721 -0.019960 -0.020697 -0.029784 -0.026628 0.012419 0.023003 -0.010489 0.006569 0.010894 0.016802 -0.009965 0.025149 0.028238 -0.009108 0.017609 -0.016937 -0.039361 -0.023707 -0.018398 0.011588 -0.008037 -0.055423 -0.042883 -0.030338 -0.015362 -0.041412 0.009717 -0.009237 -0.036632 -0.012484 -0.016160 -0.034911 -0.036461 -0.025833 -0.017176 -0.014417 -0.025712 0.002842 -0.014141 -0.033915 -0.042183 -0.066831 -0.075721 0.008888 0.047309 -0.010538 -0.053230 -0.035788 -0.016180 -0.008155 -0.003912 0.011487 -0.016341 -0.064807 -0.034563 -0.011275 -0.076499 -0.042165 -0.004357 -0.008811 -0.010420 -0.018173 -0.014540 -0.017769 -0.022086 -0.013905 -0.003660 -0.011642 -0.026175 -0.018274 -0.003565 -0.034286 -0.022383 -0.036372 -0.024542 -0.023496 -0.035170 0.020541 0.011610 -0.018488 -0.026952 -0.043489 -0.005474 0.033506 -0.022508 -0.022603 -0.006547 -0.032231 0.004621 -0.018942 -0.030286 -0.016273 -0.005499 -0.006307 -0.008856 -0.037518 -0.026522 0.011485 -0.000296 -0.008631 -0.008936 0.026616 0.011927 0.003314 -0.015493 -0.001600 -0.005998 -0.024021 -0.005983 0.002495 0.008750 -0.000483 -0.043510 -0.020279 -0.002824 0.013292 0.015244 -0.016501 -0.027229 -0.002028 0.004458 -0.010714 -0.025334 -0.004013 0.004768 -0.021846 -0.014470 0.006905 -0.025673 -0.023378 -0.005286 0.015044 -0.037968 -0.042044 -0.045385 -0.025005 0.007127 -0.050384 -0.015124 0.014372 -0.009102 -0.011154
0.001290 -0.004588 -0.000405 0.020163 0.012693 0.010478 -0.036697 -0.033749 -0.017948 -0.015332 -0.047654 0.002230 0.007308 -0.037264 -0.011329 0.012801 0.004478 -0.014960 -0.019130 -0.047552 0.004869 -0.000278 0.001509 -0.003979 0.002967 -0.027042 -0.029556 -0.060104 -0.010905 0.024329 0.008681 -0.019458 -0.033457 -0.043281 -0.032556 -0.044821 -0.004385 -0.014458 0.007376 -0.017931 -0.013111 -0.008181 -0.048658 -0.003658 0.001725 0.000098 -0.023632 0.004899 -0.018195 -0.027338 -0.044665 -0.009920 -0.009380 0.007100 -0.002675 0.007987 -0.028118 0.002857 -0.003070 -0.035373 -0.014438 0.008989 0.030692 -0.025261 -0.037138 -0.011057 0.012128 -0.006705 -0.018667 -0.026823 -0.021595 -0.030482 -0.002696 -0.018790 0.007830 -0.016664 -0.022975 -0.017453 0.018026 -0.026473 -0.045311 -0.033632 -0.012945 0.029206 0.019542 -0.034161 -0.099034 -0.128872 -0.085902 -0.031021 0.025844 0.064232 0.057698 0.004427 -0.060875 -0.030811 -0.010498 0.002411 0.014220 0.005910 -0.024661 -0.042274 0.029231 0.017716 -0.065259 -0.094833 -0.029437 -0.012311 -0.017670 -0.070391 -0.064468 0.008659 0.069208 -0.008851 -0.007231 0.017644 0.021965 0.002284 0.029702 -0.011548 -0.024880 -0.026528 -0.039345 -0.028987 0.005125 0.012275 -0.006969 -0.022041 -0.031411 -0.039240 -0.017477 -0.009899 -0.027762 -0.001717 -0.002698 -0.011983 -0.011944 -0.035639 -0.047901 0.018576 -0.008609 -0.012491 0.005184 0.003550 -0.019856 -0.011659 -0.031728 -0.029213 -0.030801 -0.015543 -0.003295 0.010964 0.008533 0.001274 -0.043215 -0.049727 -0.030753 -0.016272 0.000101 -0.010535 -0.040035 -0.039860 -0.028044 -0.037416 0.016214 -0.006599 0.012229 -0.019805 -0.004364 0.021415 0.000652 0.002711 -0.020117 -0.023596 -0.015206 -0.003046 -0.008280 -0.010120 -0.037174 -0.040859 -0.016978 -0.038577 -0.010444 0.002907 -0.040529 -0.035102 0.012684 -0.022900 -0.022324 -0.027005
-0.029675 -0.018380 -0.018260 -0.019691 -0.029401 -0.004288 -0.011790 -0.028282 -0.017415 -0.003719 -0.025793 0.006923 0.015960 0.015275 -0.012391 -0.020022 -0.002645 -0.021193 -0.000759 -0.004683 -0.031951 -0.005673 -0.029032 -0.021774 0.025257 -0.003656 -0.036129 0.005868 0.004048 0.015763 -0.014452 -0.050703 0.014234 0.006559 0.000574 -0.059104 -0.018093 -0.002343 0.016116 -0.000323 -0.028826 -0.032694 -0.034455 -0.002352 -0.000215 -0.008082 -0.009362 -0.011409 -0.005519 -0.012726 -0.038243 -0.003831 0.020223 0.009285 -0.013392 0.006496 -0.015530 0.004804 -0.017627 -0.015169 -0.013805 -0.015894 -0.016395 0.018061 -0.002752 -0.013200 -0.000710 0.000365 0.012019 0.012890 0.003529 -0.019415 -0.030656 -0.016068 -0.011704 -0.015123 -0.023265 0.006362 0.003694 -0.024450 -0.020406 0.000956 0.036627 0.003943 -0.015225 -0.057331 -0.049941 -0.037193 -0.035668 -0.041380 -0.031002 -0.038293 -0.037268 0.003355 0.001302 0.000492 -0.001999 0.002087 -0.026640 -0.005242 -0.024652 -0.038141 0.016957 -0.030289 -0.035520 -0.026502 0.008377 0.006799 -0.007478 -0.013677 -0.004198 -0.010435 -0.078112 -0.041713 -0.037558 -0.016532 0.023675 0.004001 0.008468 -0.017686 -0.010545 -0.026985 0.004079 -0.018800 -0.028441 -0.013214 -0.006484 -0.021002 -0.005174 -0.007976 -0.006529 -0.006914 -0.013592 0.000565 0.006658 -0.000860 -0.009063 -0.042823 -0.028479 0.013529 -0.005367 0.034297 0.021977 0.009271 -0.017054 0.017350 0.012614 -0.025005 -0.004497 0.004576 -0.040680 -0.009589 -0.017932 0.019867 -0.032618 -0.023570 -0.006756 -0.031188 -0.023464 -0.011082 -0.032105 0.008454 -0.026353 -0.061193 -0.019764 0.001402 -0.019675 -0.079526 -0.042115 0.004117 0.012425 -0.000507 -0.034319 -0.006130 0.005036 -0.012960 0.022771 0.012392 -0.005150 -0.012517 -0.012220 -0.015648 -0.006804 -0.022889 -0.024227 -0.045293 -0.021259 0.000057 0.002430 -0.039782
0.007430 -0.033009 -0.037341 -0.022899 -0.043734 -0.040524 -0.040329 -0.045125 -0.026328 -0.008973 -0.032798 -0.004571 0.001172 -0.010452 -0.027625 -0.015228 -0.003127 -0.008899 0.001366 -0.004433 0.001561 0.033387 -0.024698 -0.044779 0.001916 0.013433 -0.027390 0.008686 0.025179 0.015199 0.001193 0.001453 0.044146 0.001546 -0.008500 -0.017519 -0.019437 -0.026236 -0.008511 0.013612 -0.026016 -0.031548 0.000373 0.003368 -0.029296 -0.032930 -0.016941 0.019509 -0.002791 -0.016370 -0.026819 -0.003842 0.012729 -0.000294 -0.004718 0.017255 -0.027728 -0.008227 -0.028881 -0.017278 -0.002042 -0.020263 0.003278 -0.010979 0.002858 -0.009825 0.011530 -0.006844 -0.018385 -0.009750 -0.014435 -0.002366 -0.019038 0.008676 0.026726 -0.031491 -0.041742 -0.005278 -0.005999 -0.018633 -0.042359 -0.020048 0.073849 0.045485 0.014418 0.011022 0.000958 0.010948 0.005294 0.003045 -0.010899 -0.016219 0.028343 -0.001379 -0.020621 0.010803 0.004054 -0.026557 -0.045503 -0.015100 0.009223 -0.017012 0.005479 -0.026215 -0.021026 -0.017482 -0.010139 -0.006083 -0.017410 -0.014431 -0.025614 0.007458 -0.067742 -0.111506 -0.082172 0.010351 0.019508 -0.020780 -0.007998 -0.006548 -0.002612 -0.014803 -0.027624 -0.001400 -0.011291 -0.034733 -0.058473 -0.039261 0.005076 0.005755 -0.028998 -0.014959 -0.013737 -0.003400 0.013779 0.006326 0.007289 0.016113 -0.017209 -0.012533 -0.012022 -0.003366 -0.013083 -0.031715 -0.019609 -0.010121 -0.027387 -0.047608 -0.045580 0.000451 -0.050125 -0.030537 -0.043658 -0.008930 -0.003860 -0.010357 -0.026646 -0.007788 0.025044 0.001975 -0.015269 0.014657 -0.024623 0.002589 -0.005347 -0.017402 -0.022977 -0.028637 -0.024360 0.009347 -0.024350 -0.014309 0.003027 -0.005963 -0.015962 0.013039 0.028435 0.018119 -0.000556 0.002203 -0.005791 -0.004726 -0.026905 -0.023710 0.026462 -0.006926 0.019801 0.021881 -0.015429 -0.004799
0.005023 -0.042689 -0.009557 -0.012195 -0.023652 -0.008732 -0.017826 -0.033284 -0.031387 -0.003877 -0.011202 -0.028024 -0.022578 -0.049287 -0.015759 0.002277 -0.016313 -0.017203 -0.015682 0.003303 0.023554 0.022944 0.048138 -0.012336 -0.032910 -0.033139 -0.001631 0.011427 0.024225 0.008986 -0.026870 0.008986 0.001932 -0.011738 -0.002335 -0.018622 -0.031182 -0.009719 -0.005844 -0.013756 -0.014653 -0.021609 -0.000434 0.009127 -0.025907 -0.010175 -0.018450 0.022206 -0.035268 -0.031218 -0.010814 0.006343 0.003986 -0.000081 -0.017847 0.042057 0.002351 0.010878 -0.010892 -0.000375 0.008280 -0.016855 -0.010075 -0.016381 -0.010354 -0.019829 -0.003506 -0.019414 -0.018551 -0.032419 -0.026098 -0.008806 -0.045268 -0.001735 -0.015170 -0.048419 -0.019871 -0.016488 -0.000414 -0.016711 0.025521 0.024505 0.052610 -0.004105 -0.052090 -0.062055 -0.010177 -0.010952 -0.020787 0.008179 0.000054 0.025035 -0.001023 0.008120 -0.036702 0.007587 0.002537 0.002515 -0.049257 -0.024676 -0.014410 -0.003341 -0.007499 -0.003174 -0.012564 -0.019113 -0.032049 -0.051821 -0.026511 -0.038969 -0.059662 -0.073068 0.007665 0.001827 -0.021269 0.050720 -0.037824 -0.050193 -0.033362 -0.025674 0.002707 -0.028338 -0.049256 -0.007333 -0.017524 -0.034904 -0.027278 -0.011010 -0.011433 -0.016023 -0.041055 -0.037787 0.008161 -0.007055 0.001072 0.008492 0.014633 0.003720 -0.021695 0.006813 0.020065 -0.004276 -0.025736 -0.006461 -0.022340 -0.037831 -0.040826 -0.018361 -0.016467 0.023071 0.001343 -0.021888 -0.036229 -0.028133 -0.064150 -0.012722 -0.014156 0.000087 -0.018251 -0.030847 -0.026230 -0.021120 -0.013549 0.019980 -0.033198 -0.031950 0.005144 0.003760 0.020480 0.010537 -0.009818 -0.027715 0.020792 0.000888 0.001330 -0.009965 -0.016794 -0.017189 -0.016088 -0.035562 -0.017388 0.006430 0.020892 -0.001180 0.011723 0.004169 0.006691 -0.001875 -0.029342 -0.003177
-0.003623 -0.008276 -0.014302 0.023493 -0.014448 -0.044598 -0.017135 0.016891 -0.041977 -0.045307 0.013706 0.008053 -0.012141 -0.005093 -0.000302 0.002483 -0.019406 -0.004523 0.014958 0.007120 -0.025248 0.001301 -0.016977 -0.008800 -0.020009 -0.075917 -0.049885 -0.021358 0.036493 -0.014428 -0.046263 -0.001588 -0.020480 -0.014634 0.006159 -0.007186 -0.026043 -0.018994 0.028178 -0.001905 0.012941 -0.000549 -0.015072 -0.019957 -0.016270 -0.011639 -0.004473 -0.005766 -0.047012 -0.031024 -0.022144 -0.007484 -0.007143 -0.026810 -0.056046 -0.015869 -0.006299 -0.020631 -0.007478 0.003818 0.011973 -0.006822 -0.006249 -0.029207 -0.038033 -0.004956 0.015850 0.000496 -0.005067 0.004246 -0.032119 -0.001908 -0.009624 0.019412 -0.025030 -0.022746 0.004909 -0.024648 -0.006046 0.015022 0.101703 -0.014714 -0.038382 -0.035978 0.003949 -0.034569 -0.025609 0.016451 0.001342 0.004785 -0.006767 0.008939 -0.051702 -0.004942 -0.028441 0.002609 0.010440 -0.000706 -0.052351 -0.033412 -0.040175 -0.025793 0.002109 0.024438 -0.005710 -0.011794 -0.025928 -0.041295 -0.034241 -0.009616 0.000822 -0.038244 -0.013278 -0.021022 -0.022712 0.028904 0.078511 0.036830 0.020513 -0.045581 -0.010257 0.001029 -0.010830 -0.023350 -0.006568 0.008247 0.005931 -0.008352 -0.001407 -0.031226 -0.026888 -0.031583 0.012300 0.007449 0.006338 -0.008734 -0.009365 -0.037823 -0.020940 0.013318 0.013266 0.003273 0.022053 0.007195 -0.042518 -0.023706 -0.005075 -0.005529 0.007956 0.021685 -0.001373 -0.025482 0.007772 0.018040 -0.047877 0.008656 -0.001993 -0.002138 0.013254 -0.007000 -0.028651 -0.001499 -0.001679 0.024414 0.026281 -0.028486 0.001924 0.022102 0.015103 -0.035464 -0.048459 0.000168 0.009272 -0.002504 0.004106 -0.006672 -0.034317 -0.039719 0.004340 0.005427 0.010100 -0.003259 0.009892 -0.011406 -0.036042 -0.043206 -0.025150 -0.016289 -0.008639 0.005775
-0.012682 -0.035350 -0.000103 0.018998 -0.055145 -0.055428 -0.038126 -0.054007 -0.036945 -0.058616 -0.033781 0.018589 -0.005737 0.004950 0.017824 -0.007366 -0.006670 0.009815 -0.023149 -0.027058 -0.029798 -0.026496 -0.010850 -0.046205 -0.016713 0.005329 -0.041586 -0.063402 -0.029236 -0.014515 -0.025335 -0.052333 0.001086 -0.002591 -0.035491 -0.034792 -0.032098 -0.010212 0.029716 -0.010763 -0.011306 0.026765 -0.011667 -0.011475 -0.014107 0.009967 0.012094 -0.012503 -0.021258 -0.021419 -0.013336 0.014793 -0.038105 -0.049738 -0.033386 -0.046663 -0.019894 -0.046014 -0.035243 0.000433 0.016495 -0.014890 -0.018977 -0.043427 -0.021349 -0.007546 0.013072 0.032205 0.005592 -0.033763 -0.026084 0.007072 -0.005506 0.008159 -0.029031 0.001484 -0.025065 -0.041285 -0.002798 -0.033778 -0.032760 -0.024276 0.013258 0.011655 0.008641 -0.020918 -0.010043 -0.002070 0.008896 -0.011212 -0.019563 -0.019673 -0.018217 0.011004 -0.008168 -0.008523 -0.008268 0.005507 0.009505 0.007992 -0.029872 -0.017475 -0.005060 -0.016749 -0.027756 -0.016791 -0.014754 -0.025882 0.000036 -0.010164 -0.033255 -0.023124 -0.022373 -0.021026 -0.017034 -0.009403 -0.021586 -0.009980 0.074845 -0.019503 0.015327 0.007534 0.004924 -0.013593 -0.026500 -0.032573 -0.026701 -0.030291 -0.033241 -0.030161 -0.010272 -0.007639 0.015464 0.004838 -0.023585 -0.027088 -0.034369 -0.043520 -0.036785 -0.010790 -0.006150 0.001441 0.033254 0.003617 -0.010994 -0.055535 -0.040637 -0.003701 0.003360 -0.032815 -0.014188 -0.006048 0.012355 -0.006915 -0.021608 0.012372 -0.006454 -0.013332 0.021731 0.010429 0.000687 -0.017230 -0.034844 -0.027010 0.022940 0.005781 -0.010233 0.000827 0.018283 -0.040640 -0.041046 0.033174 -0.021904 -0.017585 -0.015759 0.018024 -0.017680 -0.039010 -0.009887 -0.021505 0.002101 -0.001823 -0.012398 -0.022415 -0.039618 -0.043532 -0.044255 -0.020350 -0.018419 -0.026859
-0.012959 -0.042142 -0.016409 0.019269 -0.021399 -0.025604 -0.012008 -0.042503 0.002478 -0.016796 -0.003093 -0.015219 -0.033430 -0.011342 0.002923 -0.020982 -0.030452 -0.014461 -0.070270 -0.021762 -0.030409 -0.037284 -0.039912 -0.058036 -0.016903 -0.002654 -0.046400 -0.024947 -0.010412 -0.004862 -0.020614 -0.009106 -0.028516 -0.005586 -0.001241 -0.021871 -0.032946 -0.007356 0.015476 0.011546 0.002236 0.013493 -0.014231 0.036179 0.019037 -0.014641 -0.053574 -0.030639 -0.003018 -0.013869 -0.014653 0.011537 0.000529 -0.024634 -0.015326 -0.062274 -0.013833 -0.024727 -0.037468 0.008495 0.025260 -0.001760 -0.017714 -0.022199 -0.008829 -0.013725 0.007169 0.028632 0.016223 -0.003717 -0.028200 -0.013812 -0.013838 -0.003996 0.011314 -0.047658 -0.037247 0.027579 -0.058965 -0.040986 -0.024630 -0.020305 0.022013 0.025262 0.002413 -0.000127 -0.018224 -0.014673 0.008536 -0.011936 -0.037628 0.003809 -0.023992 -0.033019 -0.030913 -0.028889 -0.025387 0.006586 -0.005664 -0.025679 -0.012961 -0.024731 0.008272 -0.009392 -0.004288 -0.013535 -0.014159 -0.028474 -0.033794 -0.034653 -0.029543 -0.018202 -0.005761 -0.030830 -0.009936 -0.011364 -0.023491 -0.040302 -0.020981 0.032250 0.134646 0.047758 -0.007966 0.002683 0.003313 -0.029042 -0.009855 -0.025625 -0.021625 -0.026660 -0.000913 -0.021840 -0.027221 0.003798 -0.023585 0.018793 -0.033946 -0.040263 -0.037371 0.011893 0.027186 -0.019549 -0.015243 -0.010130 0.045868 0.019877 -0.023880 -0.033495 -0.069424 -0.036936 -0.029171 -0.015660 0.012417 -0.024458 -0.052233 -0.041605 0.016400 -0.022490 -0.002824 -0.005897 -0.014825 -0.055549 -0.026018 -0.036886 -0.014002 0.001183 -0.022430 -0.017364 0.001893 0.011747 0.003386 -0.011463 -0.007367 0.001707 -0.039639 -0.012365 0.004065 -0.018739 -0.030995 -0.052026 -0.050665 -0.028083 -0.004442 -0.023234 -0.007074 -0.032757 -0.062886 -0.040617 -0.047538 -0.052754
-0.002794 0.002994 -0.022943 -0.023836 -0.021568 -0.036901 -0.013142 -0.022165 -0.021335 -0.011646 0.025783 -0.020875 -0.014137 0.017228 -0.023245 -0.027906 -0.041942 -0.015521 -0.040055 -0.021426 -0.055992 -0.003208 -0.009521 -0.000924 -0.026785 -0.029948 0.006861 -0.001268 0.026341 -0.009229 0.011757 0.004074 -0.028317 -0.012742 -0.017529 -0.018514 -0.012525 -0.003120 0.029503 0.003843 -0.005045 0.009432 -0.007794 -0.004087 0.004257 0.015569 -0.007896 -0.003314 -0.038223 -0.031815 -0.018565 -0.010879 -0.005108 -0.012669 -0.000683 -0.013033 -0.009185 -0.024271 0.009302 0.003109 -0.033103 -0.003281 0.003186 0.000342 0.014568 -0.018622 -0.002104 -0.000597 -0.003345 0.026433 -0.005164 0.009175 -0.028174 -0.036139 0.006933 -0.012044 -0.014283 0.013618 -0.020123 -0.027300 -0.029838 -0.022380 0.041247 -0.000974 0.002415 0.011663 -0.002110 -0.042176 -0.009107 0.006430 -0.001470 0.010578 -0.007347 -0.020372 -0.027659 -0.029426 -0.010907 -0.018862 -0.018186 -0.018243 -0.011512 -0.032232 0.004256 0.018851 -0.008067 0.019061 -0.011025 -0.008933 -0.008670 -0.006623 0.007547 -0.011462 -0.017897 -0.018446 -0.016202 -0.013130 -0.009426 -0.019243 -0.018574 0.014587 0.087812 0.100543 -0.021725 -0.008628 -0.007109 0.018561 -0.009349 -0.017589 -0.041734 -0.019934 -0.004458 -0.001395 -0.040890 -0.036628 -0.056337 -0.011118 -0.014130 -0.011489 0.019598 0.015948 0.011441 -0.010051 -0.005135 -0.021293 -0.007920 0.006292 -0.004583 -0.036553 -0.012606 0.009644 -0.032796 -0.016000 -0.000562 -0.014003 -0.016898 -0.057118 -0.056097 -0.002404 -0.029132 -0.004160 0.013640 -0.025342 -0.008156 0.016071 0.013034 -0.021005 0.007557 0.005421 0.019781 -0.012047 -0.011179 -0.049066 -0.010713 -0.012878 -0.008471 -0.031900 -0.043910 -0.028632 -0.050340 -0.044195 -0.027404 -0.032059 0.004692 -0.012861 -0.003588 0.001887 -0.006674 -0.026517 -0.036435 -0.045303
-0.011195 0.005616 -0.009515 0.003296 -0.033620 -0.031764 -0.049999 -0.034559 -0.037645 -0.029677 -0.022153 -0.040949 -0.013622 0.024584 -0.028799 -0.015230 -0.004584 -0.010900 -0.036655 -0.007892 -0.010255 -0.030180 -0.025039 -0.031973 -0.015490 0.018698 0.008882 -0.012623 -0.017316 -0.039238 -0.042362 -0.039507 -0.006846 0.002188 -0.004824 -0.023930 -0.022415 -0.014365 -0.008175 -0.024431 -0.036879 -0.004825 -0.052240 -0.045154 0.011630 0.032187 0.015905 0.023192 -0.009753 -0.018719 -0.032220 -0.027946 -0.048656 -0.047670 -0.044314 0.033424 -0.011098 -0.033197 -0.017761 -0.040788 -0.068008 -0.006627 -0.005478 0.016456 0.013170 -0.031335 -0.021529 -0.037242 0.011910 0.026042 0.000258 -0.026981 -0.065638 -0.028139 0.024485 -0.016155 0.003531 -0.007675 -0.004059 -0.006369 -0.035245 -0.028122 -0.003552 -0.031568 -0.018745 -0.031892 -0.011168 -0.004592 0.008302 0.018947 0.008794 -0.037262 -0.019837 -0.025028 -0.050660 -0.076189 -0.036446 -0.029398 -0.005804 0.002370 0.002385 -0.006218 0.007649 0.018531 -0.000954 0.006189 0.006738 0.020421 -0.001487 0.003037 0.004156 -0.003314 -0.028674 -0.026426 -0.015735 -0.005143 -0.016134 -0.034776 -0.049139 -0.007543 -0.077983 -0.029290 0.036058 -0.055972 -0.010589 -0.000529 -0.010300 -0.016774 -0.026447 -0.011703 -0.007980 0.007851 -0.007932 -0.022826 -0.018840 0.006315 -0.001004 -0.005622 0.016607 -0.007869 -0.017246 -0.008746 0.015058 -0.027170 -0.030926 -0.008003 0.008052 -0.013356 0.002206 -0.004161 -0.022558 -0.019401 0.002843 -0.021769 -0.021573 -0.036630 -0.041093 -0.021157 -0.021405 -0.011092 -0.020645 -0.035397 -0.009739 0.006999 0.021266 0.001411 -0.014594 -0.002458 0.020788 -0.010258 -0.043747 -0.028355 -0.011278 -0.032410 -0.021385 -0.007529 -0.025709 -0.020741 -0.025632 -0.045487 -0.029539 -0.022275 0.004262 -0.019019 -0.029757 0.009896 0.010689 -0.053577 -0.045552 -0.023876
0.004390 -0.033935 -0.026787 0.005145 -0.027991 -0.034040 -0.046469 -0.036466 -0.015753 -0.026392 -0.031211 -0.009139 0.005035 -0.022466 0.018893 0.001230 -0.034222 -0.030193 0.004095 -0.004435 -0.016829 -0.030437 -0.035202 0.008735 -0.008687 -0.010287 -0.022182 -0.014764 -0.010863 -0.037003 -0.021267 -0.014893 -0.001151 0.029708 0.002742 -0.023898 -0.013015 -0.022198 -0.035848 -0.021213 -0.067700 -0.027055 -0.025691 -0.040765 0.012667 0.005605 -0.004041 0.023664 0.004842 -0.013450 -0.041567 0.002319 -0.028278 -0.043602 -0.049120 -0.023333 0.009946 0.002187 -0.021898 -0.044718 -0.036805 -0.004873 -0.004941 0.008260 -0.014853 -0.027861 -0.035892 0.020905 -0.020441 -0.002653 -0.018547 -0.045566 -0.061830 -0.011747 -0.045488 0.002235 0.003333 -0.000836 -0.002501 0.000256 -0.005629 -0.014025 -0.005294 0.000470 -0.014583 0.015182 0.015059 -0.037191 -0.000794 0.025680 0.007864 -0.034939 0.006257 0.006792 -0.047939 -0.029699 -0.032239 -0.034454 -0.016044 -0.002302 -0.003991 -0.008707 -0.022163 -0.012113 -0.027304 -0.003938 0.024339 0.014490 0.000601 -0.012415 0.008694 -0.003794 0.000524 -0.014041 -0.000783 0.007153 -0.004243 -0.055735 -0.066763 -0.051131 -0.023573 -0.033849 0.023774 0.058290 -0.002060 -0.007755 -0.019369 -0.018747 -0.005801 0.001318 0.015121 0.028818 0.000738 -0.037832 -0.017330 0.016709 -0.022267 -0.029985 -0.005345 -0.008835 -0.033433 -0.021411 0.015994 -0.001518 -0.026621 -0.042990 -0.052996 -0.003621 -0.010487 -0.024497 0.005809 -0.006398 0.003113 -0.013860 0.003060 -0.029799 -0.027131 -0.026027 -0.012814 -0.006955 -0.008398 -0.003343 -0.004539 -0.023451 0.000630 -0.001703 -0.020205 0.001475 0.004115 -0.016364 -0.012721 0.006215 0.028225 0.000011 -0.009891 -0.002615 -0.021941 -0.014595 -0.030591 -0.027600 -0.022572 -0.025105 -0.002830 -0.016139 -0.025771 -0.034657 -0.017549 -0.033122 -0.000764 -0.009035
0.011663 0.001315 -0.003981 -0.027118 -0.014507 -0.008685 -0.011406 -0.040293 -0.016813 -0.057676 -0.025668 0.026921 0.007275 -0.034502 0.013836 -0.010273 -0.037311 -0.057171 0.002191 -0.009808 -0.006875 0.034391 0.004223 0.008430 0.000766 -0.019229 -0.000914 -0.002489 0.028051 -0.005082 -0.001776 0.002440 -0.019285 -0.001704 -0.025436 -0.020537 0.014582 0.010804 0.007903 0.003744 -0.029363 -0.013083 -0.035733 -0.025676 -0.015236 -0.026697 -0.033108 -0.025024 0.001211 0.000370 -0.013075 -0.010587 -0.019353 -0.016504 0.009982 -0.041936 -0.005823 -0.007037 -0.017459 -0.031145 -0.010060 -0.028177 -0.002757 -0.049829 -0.038402 -0.006156 0.005828 -0.009506 -0.015059 -0.007260 -0.015861 -0.107125 -0.068860 -0.026264 0.019996 -0.002205 -0.029526 -0.033836 0.010303 -0.003749 -0.033203 -0.016430 0.005808 0.010031 0.000104 0.007041 -0.012704 -0.016895 -0.001286 0.024108 -0.002102 -0.003617 0.018416 -0.001880 -0.025544 -0.008197 -0.029538 -0.018671 -0.032406 -0.030139 -0.027436 0.014015 0.011553 -0.032807 0.000451 -0.020807 -0.049194 -0.048198 -0.044590 -0.030915 -0.016287 -0.022310 -0.010791 -0.001032 0.004132 -0.021396 -0.011166 -0.024819 -0.042192 -0.065596 -0.047912 -0.010407 -0.003440 0.017601 0.068981 -0.006073 -0.027820 -0.019760 -0.022081 -0.016224 -0.004725 0.002454 -0.010221 -0.041248 -0.044667 -0.043849 -0.028637 -0.031468 -0.034165 -0.056880 -0.034157 -0.006198 0.017969 -0.000531 -0.004450 -0.003766 -0.025960 0.005662 -0.018524 -0.014023 -0.038241 -0.017553 -0.006501 0.014290 -0.015469 -0.039367 -0.021793 -0.039152 0.008513 0.035436 -0.022213 -0.003441 0.005509 -0.016783 -0.029262 -0.046368 -0.019933 -0.042741 0.003123 0.009880 -0.010475 0.007717 0.023020 0.001552 -0.019458 -0.024984 0.000178 -0.018524 -0.013847 0.004162 0.011001 -0.024051 0.002863 0.005491 0.019520 0.001511 -0.005769 0.002660 -0.002883 -0.001961
0.000094 -0.005738 0.003244 0.022881 0.021499 -0.006282 -0.007439 -0.024560 -0.025586 -0.043110 -0.041989 -0.015602 -0.026951 -0.024141 0.003720 -0.007299 -0.010124 0.001611 -0.002987 -0.018013 -0.004644 0.021451 -0.009695 -0.022019 0.009266 -0.002920 -0.000545 -0.011419 -0.003426 -0.037368 -0.031119 -0.051855 -0.054678 -0.044027 -0.034238 -0.008405 0.058788 0.010931 0.014983 0.001784 0.017930 -0.026483 -0.001504 -0.010201 -0.048372 -0.007060 0.025837 0.003685 -0.002565 0.004142 0.055848 -0.020802 -0.046740 -0.015658 -0.017040 -0.010392 -0.053826 -0.013395 -0.010972 -0.042097 -0.057934 -0.005976 -0.011217 -0.045206 -0.017245 -0.020518 0.000665 -0.018295 0.020604 0.005196 -0.129634 -0.014290 -0.025887 -0.044504 -0.032871 -0.049999 -0.068722 -0.027386 -0.001968 0.007652 -0.000803 -0.018674 -0.031801 0.000232 -0.012857 -0.022143 -0.010295 -0.025367 -0.023304 0.005458 0.004250 -0.005575 -0.006971 -0.032266 -0.003905 0.017276 -0.009616 -0.024125 -0.017699 -0.004573 -0.021530 -0.003113 0.004788 0.005190 0.014834 -0.007326 -0.044267 -0.038132 -0.019171 -0.020326 -0.027399 -0.051222 -0.015901 -0.001621 0.029369 0.005925 0.003197 0.000341 -0.013331 0.009521 -0.023764 -0.024389 -0.044454 -0.047507 -0.027091 0.086840 0.060433 -0.004219 0.000884 0.009698 -0.023911 0.012368 -0.046284 -0.023326 -0.028808 -0.056288 -0.023188 -0.014450 -0.010678 -0.008396 -0.016986 0.000755 0.017833 -0.000871 -0.011309 -0.009107 -0.008076 0.023870 -0.013882 -0.048653 -0.040530 0.000112 0.001238 0.014238 0.002419 -0.024637 -0.033828 -0.016352 -0.008019 0.004425 -0.007744 -0.009869 -0.014869 -0.043826 -0.049867 -0.069830 -0.026722 -0.042990 -0.014575 0.009627 -0.018666 0.011408 0.029914 -0.028203 -0.021385 -0.039009 -0.003854 -0.013419 -0.008803 -0.003891 0.013658 -0.019875 -0.005840 0.001569 -0.000444 -0.023068 -0.001133 -0.031721 -0.062980 -0.035381
-0.004845 -0.033335 -0.024074 0.014062 0.024992 0.006566 -0.026038 -0.007772 -0.026885 -0.018022 -0.065509 -0.039179 -0.021193 -0.004145 -0.041171 -0.050418 0.002057 0.014059 -0.021175 -0.029423 -0.001919 0.024988 -0.008323 -0.007824 -0.028191 -0.017777 -0.001515 -0.022406 -0.027422 -0.052336 -0.023184 -0.028340 -0.030914 -0.004663 -0.017447 -0.004023 0.020585 -0.016845 -0.000347 -0.000696 -0.018181 -0.020237 0.027622 0.002329 -0.006160 0.013722 0.003945 0.015085 -0.011483 -0.017942 0.002584 -0.034588 -0.028165 -0.005070 -0.028782 -0.008155 -0.019280 -0.033758 -0.048076 -0.026440 -0.011342 -0.044477 -0.057009 -0.013634 0.015078 0.017676 -0.006713 0.047126 0.067067 0.064586 -0.057387 -0.025154 0.009977 -0.054655 -0.022606 0.022161 -0.026564 0.003198 0.002937 -0.002611 -0.010799 -0.023424 -0.014178 -0.036507 0.000473 0.010301 -0.016523 -0.028622 -0.017754 0.006939 -0.010509 -0.023830 0.004270 -0.008625 0.025426 0.006271 0.031137 0.024086 0.002113 0.004107 -0.042674 -0.023043 -0.020038 0.005599 0.015338 -0.008203 -0.009786 -0.028402 -0.033129 -0.044061 -0.020356 -0.007538 -0.007797 0.019307 0.031343 0.052918 -0.024673 -0.023756 -0.004417 0.009639 -0.005399 -0.016588 -0.017919 -0.041959 -0.021575 -0.022631 0.115307 0.035533 0.001365 -0.011837 -0.039508 0.016480 0.010713 -0.016634 -0.040599 -0.047284 -0.019807 -0.013298 0.007963 -0.006124 -0.020520 -0.039365 -0.043908 -0.005385 0.031778 0.005086 -0.022167 -0.012694 0.006478 -0.033928 -0.032405 -0.021072 -0.032246 -0.025721 -0.002096 -0.002123 -0.011808 -0.018492 -0.006213 -0.012694 0.024215 -0.009729 -0.014296 -0.021127 -0.034564 -0.025347 -0.013836 -0.033200 -0.023020 -0.033976 -0.026298 0.000646 0.012624 -0.007364 -0.027270 -0.042932 -0.034044 -0.032601 -0.005907 0.005179 -0.007083 -0.009405 -0.000187 -0.001450 0.005256 0.004718 -0.024479 -0.004332 -0.010999 -0.007259
0.003065 -0.023091 -0.038475 -0.052240 -0.014065 -0.021771 -0.000968 -0.021066 -0.000356 -0.005697 -0.039910 -0.025465 -0.018350 -0.031580 -0.049296 -0.021533 -0.017436 0.005286 -0.025092 0.001784 0.011604 -0.006054 -0.047131 -0.018120 -0.009946 -0.011381 0.003220 -0.027867 0.012373 -0.014452 -0.023015 0.002978 -0.000753 0.017617 -0.009215 -0.040850 -0.012021 0.006389 -0.008539 -0.074635 -0.042865 -0.033893 -0.032119 0.010772 0.027387 -0.026109 -0.044350 -0.011757 0.000327 0.017973 0.000471 -0.041853 -0.025792 -0.004185 0.004059 0.013399 -0.005731 -0.026598 -0.021177 -0.031401 0.003092 -0.019411 -0.057377 -0.000757 -0.015114 -0.042896 0.009997 0.041148 0.046951 0.103551 -0.010236 -0.024557 -0.018951 -0.020298 0.017037 0.012056 -0.021906 -0.005363 0.023185 -0.017625 -0.033900 -0.012488 -0.004039 -0.040902 -0.010424 0.003230 -0.033422 -0.055114 -0.052864 -0.018687 -0.010285 0.004017 0.009445 -0.030714 0.003906 -0.022115 -0.011899 0.004522 -0.020944 -0.023367 -0.034106 -0.030343 -0.021433 -0.040935 -0.029435 -0.006253 -0.017971 -0.035739 -0.035230 -0.025723 -0.015178 -0.012336 -0.051071 -0.041377 -0.023161 -0.018112 -0.023971 0.006875 -0.001874 0.003016 -0.016133 0.002616 -0.000476 -0.011488 -0.006499 -0.032286 0.007519 0.052022 -0.019107 -0.049075 -0.015906 -0.026383 -0.024522 0.007303 -0.026099 -0.007458 0.007154 -0.023340 -0.020156 0.010531 -0.000632 -0.016140 -0.018048 -0.007604 0.007793 -0.003644 -0.009269 -0.007745 -0.029107 -0.016224 -0.013023 -0.019343 -0.032108 -0.013871 -0.000846 -0.008937 0.004924 -0.021207 -0.017474 -0.017033 -0.008693 -0.035617 -0.013583 -0.004936 -0.001621 -0.003627 -0.020096 -0.059085 -0.009844 -0.001395 0.003307 0.001615 -0.049316 -0.032908 -0.035355 -0.033379 -0.022451 -0.039253 -0.006755 -0.014206 -0.009521 -0.004541 -0.010360 0.019928 0.014542 -0.009960 -0.018569 0.018797 0.021194 0.019302
0.009966 -0.003672 -0.039172 -0.062135 -0.002221 -0.027434 0.026200 -0.003459 -0.007050 -0.003817 -0.011654 0.012215 -0.023279 -0.047976 -0.002099 -0.012783 -0.032107 0.004671 -0.039819 -0.042724 -0.001919 0.006145 -0.022638 -0.016748 -0.014330 -0.020248 -0.014275 -0.023266 -0.034858 -0.026506 -0.021276 -0.012343 -0.014632 -0.031211 -0.020766 -0.034657 -0.040121 -0.004672 -0.008373 -0.015884 -0.017700 -0.028271 -0.049816 -0.052033 -0.021060 -0.034616 -0.036192 -0.002663 0.021982 0.005592 -0.004457 -0.047019 -0.034399 0.004287 0.005518 0.021555 0.009605 -0.038076 -0.043715 -0.044904 -0.011851 0.013617 -0.027005 -0.007589 -0.006569 -0.045267 0.063937 -0.012995 0.063874 0.068272 -0.011342 -0.019782 -0.025424 0.004336 0.018560 0.020627 -0.009730 -0.018480 -0.021215 0.013763 0.005456 -0.007318 -0.034231 0.001969 0.009274 -0.016386 0.001138 0.003977 -0.017810 -0.024944 -0.027237 0.002658 -0.034517 -0.073909 -0.010673 0.015271 -0.006388 -0.014963 -0.012283 -0.035081 -0.010335 -0.018464 -0.015995 -0.016992 -0.044867 -0.003875 -0.016085 0.003774 -0.006985 -0.034935 0.025642 0.021897 -0.023274 -0.022813 0.011613 -0.037080 -0.037417 0.020224 -0.028505 -0.033787 -0.000945 0.018972 -0.025606 -0.024905 0.014322 -0.052492 -0.061127 -0.010744 0.055575 -0.069481 0.000840 -0.012680 -0.001225 0.006670 -0.014926 -0.024275 -0.002435 -0.018855 -0.033384 -0.001125 -0.006934 -0.014493 -0.001773 -0.010915 0.000414 0.001024 -0.016056 -0.037568 -0.032639 -0.010895 0.001306 -0.005327 -0.044640 -0.055516 -0.002910 0.006963 0.006434 -0.009448 -0.007790 -0.009395 -0.006691 -0.042845 -0.018316 -0.021314 -0.014306 -0.024515 -0.021197 -0.017287 -0.003077 -0.001482 0.004691 0.007886 -0.042417 -0.031776 -0.013213 -0.039131 -0.039311 -0.037761 -0.032690 0.019235 0.004715 -0.004574 -0.004046 0.000220 -0.008254 -0.019648 -0.011121 -0.019460 0.001977 -0.014039
-0.008902 0.002721 0.005055 -0.015020 0.013866 -0.020803 -0.007758 0.020718 -0.001900 -0.000027 0.014182 -0.010571 -0.030729 -0.017716 0.009015 -0.005701 -0.022824 -0.003646 -0.002319 -0.019313 0.018770 0.000398 -0.005420 0.003356 -0.041174 -0.014691 -0.022394 -0.001107 -0.018478 -0.016027 -0.038718 0.026781 0.017945 -0.027307 -0.027878 -0.026804 -0.016893 0.000877 0.013072 -0.002014 -0.037536 -0.025705 -0.029648 -0.040410 -0.036868 -0.023333 0.002779 -0.001356 0.004126 -0.000933 0.034976 -0.014221 -0.041519 0.015631 -0.002600 0.008005 -0.008014 -0.050418 -0.035917 0.006456 -0.009912 -0.004659 -0.028231 -0.012506 -0.028341 -0.013672 0.021063 0.018726 0.054416 -0.006650 0.030254 0.025959 -0.017714 -0.029584 -0.030804 -0.026717 -0.015584 0.004064 0.032510 0.006047 -0.013444 -0.048332 -0.024096 0.012713 -0.031648 -0.036408 0.020170 0.016894 -0.039550 -0.055526 -0.029026 -0.015664 -0.033213 -0.013591 0.021548 0.047925 0.031138 0.030740 -0.020211 -0.020899 -0.017256 0.000942 0.008493 0.019951 -0.033461 -0.028378 -0.035121 -0.027331 0.003626 0.000256 -0.026791 -0.021841 0.006310 0.018975 0.028929 -0.004757 -0.010767 -0.027945 -0.044436 -0.030975 -0.012252 -0.008439 -0.063840 -0.021132 -0.041569 -0.028752 0.001260 -0.043834 -0.000555 -0.057445 -0.002503 -0.012528 -0.019052 0.016032 -0.013110 -0.017629 -0.018715 -0.023019 -0.005702 -0.032663 -0.035975 0.009611 -0.008353 -0.005891 -0.016417 -0.037611 -0.044658 -0.033317 -0.007141 0.019450 -0.002146 -0.000395 -0.006830 -0.035228 -0.026693 0.000275 0.013813 -0.026194 -0.014292 0.000778 -0.023236 -0.055432 0.021051 -0.013905 -0.038910 -0.016449 -0.002208 -0.016553 -0.018105 0.007630 0.020506 -0.001939 -0.042968 -0.039242 -0.014756 -0.016551 -0.016703 -0.015985 -0.023058 -0.013172 -0.004241 -0.006722 -0.001771 -0.022840 -0.014840 -0.002958 -0.005219 -0.038120 -0.017880 -0.023573
-0.023838 -0.041869 0.003440 0.012815 0.011648 -0.000703 -0.008058 0.037056 -0.024197 -0.047216 0.023062 -0.006463 -0.012718 -0.025964 -0.029758 -0.030452 -0.053192 -0.018258 -0.036031 -0.021264 0.012521 -0.015003 -0.000615 -0.014206 -0.030674 0.004509 -0.006681 0.004975 -0.000202 -0.016379 -0.028904 0.009222 0.020957 0.004118 -0.007940 -0.009038 0.006264 -0.022233 0.001647 0.002916 -0.005151 -0.014923 -0.011810 -0.002029 -0.032014 -0.039858 -0.022298 -0.016145 -0.031863 -0.027142 0.001182 0.001782 -0.036830 -0.033876 -0.018680 -0.015103 -0.024663 -0.020223 -0.005833 -0.019257 -0.025537 0.003700 -0.014552 -0.005005 0.001864 -0.012475 -0.057578 0.004466 -0.021436 -0.039331 0.002480 0.022240 0.002055 -0.022830 -0.063672 -0.056974 -0.012065 -0.002967 0.003184 -0.000645 -0.019808 -0.014022 -0.009039 -0.001627 -0.025758 0.001905 -0.014205 -0.012800 -0.020057 -0.029988 -0.043646 -0.035543 -0.012548 -0.020893 -0.001011 0.013549 -0.005497 -0.010354 -0.011480 -0.012921 -0.015680 0.014150 -0.016323 -0.025006 -0.015776 -0.035403 -0.026299 0.002431 -0.017736 -0.001619 0.000826 -0.034567 -0.018466 -0.017553 -0.015098 -0.001577 -0.022484 -0.019559 -0.025259 -0.030804 -0.011365 0.001488 -0.015990 -0.015340 -0.031254 -0.018957 0.000147 -0.048403 -0.065243 0.008530 -0.008482 -0.005241 -0.013007 0.014795 0.000670 -0.002888 -0.014385 -0.032966 -0.001429 -0.020983 -0.027220 -0.027848 -0.015170 0.013191 0.002867 -0.006204 -0.036283 -0.031067 -0.018404 0.013266 -0.008354 -0.036810 -0.040341 -0.015532 0.000455 0.002748 0.002101 -0.001400 -0.008444 -0.036078 0.013626 -0.045658 -0.006217 -0.032981 -0.034032 -0.023801 -0.017360 -0.009388 -0.025854 -0.018639 0.010660 -0.011546 -0.014175 0.001303 -0.015917 -0.029310 -0.048214 -0.047619 -0.019594 -0.004875 -0.019109 -0.004662 0.019938 0.017032 -0.014047 0.012400 0.005346 -0.014931 -0.033366 -0.034095
-0.006330 -0.019265 -0.001289 -0.014678 -0.033699 -0.014202 -0.017425 -0.005437 0.018483 -0.011573 0.011261 0.005206 -0.008951 -0.017560 -0.040422 -0.051180 -0.039422 -0.049511 -0.044915 -0.006915 -0.021026 0.008161 0.002835 -0.040387 -0.014620 0.001767 -0.014597 -0.007252 -0.020749 -0.010134 -0.007604 0.002057 -0.003980 -0.020240 0.021044 0.017124 0.005691 -0.006959 -0.019043 -0.021908 0.004322 -0.002869 -0.006355 -0.005645 -0.023464 -0.034789 -0.038465 -0.017038 0.005628 -0.028044 -0.011408 -0.022570 -0.050646 -0.044560 -0.035480 -0.012680 -0.025411 -0.005797 0.002722 0.007664 -0.000746 0.011802 -0.022936 -0.011247 0.023718 -0.004700 -0.017004 0.012173 -0.010372 -0.032161 -0.029073 -0.036044 -0.008321 -0.000377 -0.052244 -0.034409 -0.025429 -0.013833 -0.005514 -0.019073 -0.053347 -0.006493 -0.012426 -0.006305 -0.003720 0.003384 -0.021108 -0.009475 -0.016671 -0.010625 -0.037844 -0.038010 -0.005413 -0.022660 -0.017808 -0.010389 -0.040247 -0.027037 -0.046711 -0.013512 0.004112 0.009921 0.001877 -0.021265 0.002986 -0.035846 -0.028804 -0.026915 -0.039652 -0.026851 -0.016763 -0.039482 -0.022573 -0.022831 -0.023358 -0.015348 -0.019035 -0.002761 0.009715 -0.030042 -0.016571 -0.008095 0.013479 -0.024115 -0.025670 -0.001780 -0.031892 -0.021505 -0.028139 -0.043998 -0.051400 -0.092387 -0.007620 0.016051 0.036488 -0.012267 -0.015235 -0.056830 -0.025680 0.005979 -0.008208 -0.044502 -0.011338 -0.000367 0.005859 0.001212 -0.015347 -0.033156 -0.047789 -0.008554 0.006625 -0.018374 -0.009634 -0.011115 -0.041834 -0.035224 -0.015211 0.008081 0.010511 -0.046857 -0.068668 -0.011517 -0.032202 -0.039192 -0.006389 -0.007517 -0.014886 -0.027707 -0.028601 -0.009151 0.005184 -0.010715 -0.030468 -0.018132 -0.039705 -0.054138 -0.026938 -0.032464 -0.019735 0.012068 -0.017577 0.017135 0.028837 -0.002738 -0.021375 -0.006819 -0.023015 0.010461 0.013411 -0.031946
-0.022321 0.005739 -0.021687 0.003167 0.003312 -0.040155 -0.028694 -0.008594 0.017119 0.003187 -0.011897 -0.006360 0.007444 -0.018954 -0.031695 -0.064096 -0.016881 -0.061459 -0.061322 -0.013137 -0.028195 -0.032623 -0.044407 -0.015361 0.009455 -0.023113 -0.066827 -0.030042 -0.054810 -0.036745 -0.035743 -0.015659 -0.025343 -0.016678 -0.019843 0.000575 0.021202 0.002883 -0.003125 -0.000859 -0.015304 -0.001488 0.002022 -0.031855 -0.029211 -0.061185 -0.041814 -0.028535 -0.012310 -0.028625 0.005263 -0.013726 -0.016712 0.000490 -0.012576 0.006103 -0.013887 -0.023135 0.008871 0.023094 -0.004604 -0.032468 -0.055877 -0.036217 -0.006011 -0.048897 -0.026636 -0.007200 -0.011346 -0.023194 0.013897 -0.011361 -0.042126 -0.006986 -0.014275 -0.015679 -0.034954 -0.006977 -0.021281 -0.045280 -0.020107 0.004651 -0.018320 -0.010435 0.005888 0.000275 0.006023 0.042958 -0.025496 -0.053278 -0.020938 -0.026094 0.008750 -0.004197 -0.002170 -0.020697 -0.011026 -0.023607 -0.048903 -0.004456 0.014204 -0.010776 0.018796 0.026321 -0.011695 -0.016489 -0.004744 -0.008140 0.024818 -0.009627 -0.014114 -0.005927 -0.009273 -0.016127 -0.006357 -0.012871 0.024382 0.030670 -0.016166 -0.017012 -0.008106 -0.053901 -0.034157 -0.041708 0.012088 -0.013922 -0.019215 -0.006921 -0.024182 -0.022280 -0.007751 -0.075949 0.006225 -0.011677 -0.013937 0.004038 -0.000651 -0.043371 -0.031420 -0.011490 0.017208 -0.006567 -0.016628 -0.026332 -0.013504 -0.038731 0.001806 -0.016435 -0.037292 -0.000654 0.016906 0.002308 -0.009076 -0.025324 -0.053582 -0.011073 -0.009181 -0.035621 0.012606 -0.004016 -0.030443 0.017361 -0.010665 -0.010829 -0.021724 -0.033802 0.018197 -0.026702 -0.049059 -0.042432 -0.033530 -0.019470 -0.017994 -0.016701 -0.017356 -0.029717 -0.016171 -0.012960 0.002849 -0.009535 -0.033339 0.006882 0.003241 0.013996 -0.008366 -0.036905 -0.011798 0.016812 0.023161 0.003694
-0.029185 -0.027704 -0.034663 -0.015301 -0.020750 -0.019924 -0.008882 -0.033764 -0.007406 -0.013250 -0.056121 -0.039933 -0.027637 -0.031225 -0.042137 -0.046378 -0.005902 -0.035115 -0.046330 -0.009534 0.016072 -0.006604 -0.031321 -0.002650 0.021530 -0.026257 -0.044717 -0.020482 -0.041848 -0.040708 -0.033938 -0.018122 0.002333 0.006698 -0.042582 -0.029322 0.027908 -0.014021 -0.016419 0.015619 0.032860 0.025767 0.001731 -0.000366 -0.027949 -0.027164 0.008506 -0.046711 -0.031665 0.011678 0.016348 -0.020464 -0.035180 -0.008579 0.009624 -0.010047 -0.015016 -0.016404 -0.000918 -0.033952 0.017420 -0.005247 -0.040002 -0.025708 -0.028738 0.012506 0.000117 -0.012193 0.001232 -0.020352 -0.000010 0.005794 -0.032255 -0.050644 -0.017256 -0.025263 -0.010453 -0.014122 -0.000019 -0.018038 -0.008552 -0.002755 0.005590 -0.018931 -0.013762 -0.021809 -0.027159 -0.029666 -0.034224 -0.008952 -0.005996 0.015030 -0.011338 -0.015625 -0.015278 -0.009929 0.018786 -0.026792 -0.033058 -0.010768 -0.003583 -0.012331 -0.034642 -0.049194 -0.023584 -0.007750 0.025918 0.036507 0.011135 -0.035920 -0.030478 0.015095 -0.018313 -0.002309 0.020059 -0.005175 0.002020 0.001095 -0.019075 -0.013220 -0.015980 -0.060218 -0.033890 -0.018093 0.006623 -0.038103 -0.038585 -0.042241 -0.058631 -0.001628 -0.013152 -0.056609 -0.029868 -0.012772 -0.002172 0.003132 -0.010775 -0.039250 -0.012815 -0.023449 -0.016265 -0.011616 -0.033443 0.015036 0.030405 -0.034323 0.015937 -0.008965 -0.017913 -0.017893 0.011727 0.006842 -0.034100 -0.049629 -0.052766 -0.021626 -0.041392 -0.048636 0.002750 -0.007135 0.000371 -0.000170 -0.027161 -0.037899 -0.004981 -0.035468 -0.056337 -0.041118 -0.031011 -0.015249 -0.004902 -0.019190 -0.019773 -0.018696 0.010056 0.001884 -0.050778 -0.044791 -0.039008 -0.005937 -0.006606 -0.028388 -0.011620 0.009434 -0.011504 -0.017387 -0.019206 -0.015230 -0.013744 0.014011
-0.026248 -0.027748 -0.021230 0.012597 -0.020302 -0.029106 0.023946 -0.011181 -0.028032 -0.008162 0.002439 -0.000367 -0.034307 -0.016542 0.002626 -0.014689 0.010759 -0.009990 -0.036956 -0.014062 -0.003739 -0.027210 0.010709 0.013777 0.010462 0.017697 -0.009733 -0.032240 -0.055634 -0.031161 -0.033478 -0.016145 -0.005848 -0.030149 -0.028563 -0.038892 0.013990 -0.012191 -0.018721 0.016834 0.004189 -0.010109 -0.027372 -0.012208 -0.009705 -0.025705 -0.017018 -0.031710 -0.042561 0.021673 0.000915 -0.017724 -0.007757 0.005938 -0.007282 -0.012195 -0.017977 -0.003689 -0.008221 -0.023575 -0.009513 0.003123 -0.030933 -0.037802 -0.027799 0.011030 -0.006758 -0.032521 -0.020800 0.003224 -0.044585 -0.048127 -0.003131 -0.043113 -0.010968 0.007661 -0.002438 -0.011735 0.016017 0.009149 -0.016807 0.004185 0.002611 -0.018240 -0.024665 -0.015449 -0.031097 -0.042816 0.006682 0.017545 -0.009513 -0.013017 -0.023067 0.002115 0.003615 -0.039937 -0.024675 -0.010854 0.000881 -0.034436 -0.011317 0.007609 -0.034810 -0.029734 -0.031544 -0.011130 0.031257 0.030513 -0.000658 0.035856 0.002092 0.013631 0.010314 -0.000871 0.013732 -0.002591 -0.014001 0.000836 -0.004010 -0.025179 -0.038040 -0.037303 -0.004408 0.001148 -0.000638 -0.050956 -0.037627 -0.024563 -0.042255 -0.019103 -0.026778 0.047765 0.029590 0.030342 -0.009957 -0.028691 -0.025010 -0.050698 -0.035996 -0.021540 -0.015070 -0.028234 -0.036106 -0.001126 0.031396 -0.009663 -0.006074 0.003472 -0.006567 -0.014459 -0.024618 -0.012505 -0.016004 -0.021953 -0.039503 -0.021811 -0.034558 -0.018720 -0.017793 -0.032557 -0.012872 -0.021029 0.004201 0.003803 0.002062 -0.006472 -0.073862 -0.035493 -0.001696 -0.017292 -0.009909 -0.012586 -0.021248 -0.004611 -0.019502 -0.057464 -0.038806 -0.026893 -0.004701 0.007777 -0.030586 -0.044650 -0.023254 -0.002130 -0.020799 0.012605 -0.022301 -0.013418 0.004570 -0.041597
0.007321 0.017042 -0.024459 -0.003343 0.006879 -0.010982 0.018622 -0.011127 -0.009438 -0.005076 0.003903 -0.026695 -0.039050 -0.034759 0.041211 -0.005402 -0.018374 0.002514 -0.050920 -0.016625 -0.002863 0.010261 0.021437 -0.012679 -0.029874 -0.005519 -0.006602 -0.003628 -0.039203 -0.038775 -0.024517 -0.025294 0.009584 -0.015396 -0.033159 -0.044155 -0.044267 -0.014777 -0.025394 0.017194 0.006378 -0.033556 -0.035636 -0.024382 0.001666 -0.008265 -0.002011 0.004775 -0.006309 -0.033373 -0.038091 -0.018886 0.003457 -0.024220 -0.039100 -0.006179 0.000138 -0.000691 -0.001164 -0.010407 -0.029566 -0.004664 -0.045729 -0.036264 0.002438 0.000375 0.030529 0.016327 -0.024357 -0.007901 -0.027205 -0.005021 0.007473 0.019550 -0.006600 0.017432 0.006208 0.006177 0.006360 -0.034065 -0.047116 -0.013171 0.011115 -0.018187 -0.025671 -0.005730 0.003186 0.013643 0.019718 0.000919 -0.004622 -0.012904 -0.007592 -0.012845 -0.021613 -0.037711 -0.011635 0.019430 0.032992 0.001872 -0.007175 -0.021424 -0.006185 0.015856 0.017478 0.020396 0.007364 -0.007194 -0.014866 0.036419 0.013298 0.014187 0.010135 0.012602 -0.010781 -0.024585 -0.027377 -0.009652 -0.007861 -0.002310 0.000383 -0.000554 -0.006363 -0.008065 -0.008380 -0.024833 0.001221 -0.008907 -0.038079 -0.022344 -0.013548 0.027480 -0.009299 0.035352 0.008217 -0.022211 -0.030229 -0.065137 -0.025526 -0.026726 -0.027581 0.014997 -0.012194 -0.036923 -0.004041 -0.014165 -0.018291 -0.014757 -0.023468 -0.010687 -0.019136 0.010379 -0.006754 -0.011669 -0.026081 -0.031331 -0.031691 -0.009216 -0.016157 -0.015167 -0.026937 0.000045 -0.001066 -0.023788 -0.011677 -0.004699 -0.006763 -0.027487 -0.027851 -0.026447 -0.009986 -0.041275 -0.045358 -0.032697 -0.037431 -0.030094 -0.009730 -0.016720 -0.001722 0.005278 -0.047238 -0.062947 -0.028270 0.001666 -0.007846 -0.011498 -0.027422 -0.038519 -0.033009 -0.029800
0.005725 0.001142 0.016568 0.001787 -0.010405 -0.020547 -0.014295 -0.018697 -0.029281 -0.006967 -0.023057 -0.026514 -0.035338 -0.011880 -0.004572 -0.000001 0.003047 0.006918 -0.009427 0.004609 -0.002925 -0.007847 -0.038825 -0.034093 -0.019414 -0.023313 -0.004488 -0.017275 -0.022127 -0.032854 0.008279 0.001515 0.002061 -0.004335 -0.007418 0.005224 0.000673 0.031544 -0.018958 -0.003868 -0.048851 -0.063993 -0.007181 -0.001695 0.008107 0.015287 0.022396 -0.020643 -0.019594 -0.026936 0.010295 0.009498 -0.002819 -0.020321 -0.026202 -0.037965 -0.011001 -0.011554 -0.009800 -0.023168 -0.011804 -0.002762 -0.033840 -0.050112 -0.021587 -0.038166 -0.006240 -0.028374 -0.051922 -0.032427 -0.023070 -0.017095 -0.001311 0.006445 0.009502 0.003284 -0.012509 -0.001935 0.014972 -0.014039 -0.022857 -0.019163 -0.020425 -0.018158 -0.016409 -0.023937 -0.018420 0.017765 0.001062 -0.030406 -0.027603 -0.022387 -0.001811 -0.008994 -0.004639 -0.017432 -0.007703 -0.023737 -0.017468 -0.049635 -0.023228 -0.036142 -0.020332 -0.013869 -0.002921 -0.007709 -0.009836 0.001411 -0.017914 0.011868 -0.012274 -0.012363 -0.030753 0.014516 -0.007147 -0.017782 -0.014481 0.011957 0.027554 0.010326 0.013369 0.002992 -0.046620 -0.011515 -0.009510 -0.003354 -0.008162 -0.005465 -0.023513 -0.019137 0.013873 -0.015762 0.082839 0.075245 0.023113 0.020056 -0.009643 -0.032126 -0.018331 -0.012101 -0.033960 -0.026467 -0.018950 -0.019312 -0.003919 0.008634 -0.005983 0.004368 -0.032481 -0.006705 0.008399 -0.003073 0.018667 0.026043 -0.018195 -0.017514 -0.025508 -0.029161 -0.030654 0.001951 0.000831 -0.033627 -0.035050 -0.029403 0.005963 -0.012957 -0.002195 -0.056848 -0.049000 -0.010477 -0.012990 -0.029833 -0.056696 -0.034504 -0.019280 -0.028699 -0.030547 -0.027446 -0.022116 0.006748 -0.023331 -0.053799 -0.041040 -0.029158 0.057741 0.017338 -0.012047 -0.014270 -0.024830 -0.005506
0.012002 -0.018360 -0.009208 0.009004 -0.018982 -0.022702 -0.031431 -0.008646 -0.000107 0.009757 -0.036089 -0.020480 -0.031167 -0.023904 -0.011731 0.000544 -0.004029 0.011823 0.029845 -0.003540 -0.028019 -0.011483 -0.010010 -0.023456 -0.002075 -0.030346 -0.030886 -0.023481 -0.010887 -0.031106 -0.013470 -0.014741 -0.019842 0.003843 -0.019576 -0.037391 -0.006204 0.012382 -0.028897 -0.010620 -0.029430 -0.035881 -0.002522 0.025196 0.023920 0.041816 -0.005232 -0.017770 0.000930 0.000409 -0.035298 -0.003280 -0.015320 0.001346 -0.026023 -0.021114 -0.011675 -0.009004 0.009775 -0.010152 -0.010023 -0.016256 -0.014439 -0.111452 -0.052217 -0.034310 -0.050243 -0.041895 -0.020107 -0.030876 -0.007696 0.004943 -0.002519 -0.025940 -0.014262 0.003945 0.002139 -0.027525 -0.022482 -0.018855 -0.001281 0.003074 -0.037571 -0.014713 -0.009585 -0.023270 -0.005915 0.017393 -0.017473 -0.023510 -0.016882 -0.009652 0.016216 0.003619 0.006967 0.013167 -0.002719 -0.058285 -0.036301 -0.028141 -0.010416 -0.033611 -0.051559 -0.019286 0.011529 0.018066 -0.007121 -0.032634 -0.015664 -0.015336 -0.021268 -0.026287 -0.001692 -0.000967 0.003229 -0.011096 -0.010951 0.014478 -0.019807 -0.017271 -0.004017 -0.019215 -0.029326 -0.015023 0.007507 -0.013424 -0.000290 -0.004262 -0.037556 -0.007274 0.034098 0.001457 0.054130 0.058980 0.042470 0.025931 0.007495 -0.012210 0.005640 0.012516 -0.023764 -0.058922 -0.036368 -0.006872 -0.002445 0.018890 -0.023130 -0.037270 -0.028177 -0.017027 0.010894 -0.006606 0.017408 -0.006041 -0.037348 -0.012982 -0.008707 -0.029030 -0.032817 -0.006021 -0.005198 -0.038682 0.013320 0.007742 0.003840 -0.010532 -0.035716 -0.039921 0.004820 0.002868 -0.004181 -0.010436 -0.024610 -0.048588 -0.030054 -0.041500 -0.011022 0.022614 -0.004990 -0.034252 -0.044972 -0.019176 0.015177 -0.032194 -0.006591 0.007428 -0.005209 -0.002452 0.016691 -0.003683
-0.022150 -0.026284 0.005008 -0.013213 -0.013724 -0.032724 -0.044242 -0.021675 0.004343 -0.002881 -0.026267 -0.010422 -0.028146 -0.059554 -0.024449 -0.011540 -0.040074 0.005621 -0.006201 -0.030469 -0.035645 -0.072244 -0.027534 -0.013703 0.007653 -0.023395 -0.016067 -0.017116 -0.002600 -0.059664 -0.015957 -0.010343 -0.035883 0.003245 0.005574 -0.109570 -0.022297 -0.003001 -0.032353 -0.016350 0.007044 -0.007146 0.018984 0.035821 -0.002319 0.024083 -0.046067 0.003202 -0.005785 0.016618 -0.009585 -0.007598 -0.012484 -0.043575 -0.029259 -0.016413 -0.007100 -0.007588 -0.008031 -0.011332 -0.042973 -0.030111 -0.029957 -0.038774 -0.026491 -0.023930 -0.061102 -0.015092 -0.029329 -0.030392 -0.003772 0.018270 0.019144 -0.002796 -0.021923 -0.009044 0.004959 -0.031918 -0.029688 -0.037069 -0.012700 0.003772 -0.033655 0.009713 -0.013134 -0.041446 0.000005 -0.005431 -0.033064 -0.005762 0.020131 -0.000996 0.001914 0.001986 0.000867 -0.002891 -0.038448 -0.054658 -0.045424 -0.029070 -0.010453 -0.001050 -0.037925 -0.021971 0.001228 -0.008938 -0.026381 -0.028152 -0.009303 -0.006260 -0.024119 0.014959 0.002788 -0.015659 -0.000258 0.000655 0.000500 0.001031 -0.029594 -0.047328 -0.041705 -0.009642 -0.012628 -0.038286 -0.044963 0.017131 -0.018666 -0.044820 -0.017632 -0.018224 -0.023101 -0.017485 0.005613 0.087971 0.046603 0.018133 -0.019873 -0.013780 0.022741 0.008013 0.036810 -0.011259 -0.012320 -0.013927 -0.029344 -0.016269 -0.015992 -0.006779 0.017274 -0.028382 -0.015111 -0.002857 0.001906 -0.014423 -0.047476 -0.039555 -0.047745 -0.053833 -0.009660 -0.003239 -0.013789 -0.033575 -0.008281 -0.010497 -0.008055 -0.010028 -0.033051 -0.001075 0.011359 -0.022202 -0.028737 -0.003087 -0.005279 0.023085 -0.064482 -0.030618 -0.018961 0.011106 0.007917 -0.000869 -0.029145 0.014094 0.008910 -0.023281 -0.009362 -0.011729 -0.004770 0.023582 -0.000355 -0.017091
-0.029556 0.000302 -0.004259 -0.007617 -0.011748 -0.016772 -0.030802 -0.035618 -0.016210 -0.000479 -0.011116 0.011727 0.004731 -0.009883 -0.023062 -0.005803 -0.004222 -0.010797 -0.047138 -0.048156 -0.020342 0.001022 -0.024608 -0.014526 0.014937 0.009015 -0.068866 -0.057379 -0.044142 -0.049025 -0.020938 -0.001146 0.004787 0.019235 0.005848 -0.034101 -0.010698 -0.005074 -0.024538 0.000621 -0.003079 -0.011064 0.017115 0.002298 -0.037253 -0.015121 -0.019519 -0.025528 -0.020408 0.004169 0.013866 -0.012892 -0.040747 -0.037003 -0.004066 -0.035301 -0.027408 -0.027227 -0.004095 -0.018321 -0.035960 0.051766 0.003805 0.024481 -0.023650 -0.050129 -0.043742 -0.039479 -0.021843 -0.018951 -0.028304 -0.021283 -0.025391 -0.001931 -0.049713 -0.071768 -0.038146 0.021184 0.006206 -0.022511 -0.019745 -0.021287 -0.013530 -0.032047 -0.024918 -0.003188 -0.005768 -0.027297 -0.020108 -0.007119 0.015572 -0.007206 -0.043541 -0.019869 -0.016292 -0.018616 -0.035753 -0.057983 -0.033508 -0.028376 -0.033685 -0.015278 -0.046819 -0.009400 -0.007267 -0.026490 -0.026555 -0.033538 -0.041865 -0.032802 0.005882 0.022637 -0.010478 -0.009136 0.007504 -0.039318 -0.009760 -0.005378 0.002887 -0.014485 -0.030186 -0.047863 -0.042970 -0.036742 -0.005869 -0.011427 0.006890 -0.017470 -0.023337 -0.015025 0.006013 -0.011238 -0.040004 0.062056 0.002874 -0.011591 -0.044493 -0.035971 0.006100 0.005758 0.016067 0.010346 0.014941 -0.012967 -0.010311 -0.015693 -0.032998 -0.004798 0.007447 -0.019997 -0.022080 -0.010985 0.000924 -0.013677 -0.025760 -0.018149 -0.009840 -0.030538 -0.005235 -0.000903 -0.001636 -0.021596 -0.012561 -0.018608 -0.028185 -0.052084 -0.023130 0.016991 0.008205 -0.030180 -0.024404 -0.027843 -0.061181 0.001110 -0.020035 -0.026910 -0.019570 -0.006710 -0.008988 -0.018859 -0.004917 0.021149 -0.010019 -0.029539 -0.036509 -0.005224 -0.027199 -0.014001 -0.020275 0.007462
-0.047386 -0.024697 -0.019913 -0.018947 -0.013561 0.002929 0.000690 -0.024918 0.008909 0.001386 -0.046433 -0.001815 -0.016448 0.009469 0.002922 0.001490 -0.004408 -0.027964 -0.042715 0.013000 0.009332 -0.014396 0.017493 0.027257 -0.036820 -0.020703 -0.060680 -0.048819 -0.013688 0.006679 -0.044703 -0.025638 -0.005687 -0.007702 -0.021380 0.001769 0.000701 -0.027815 0.003061 0.017057 -0.012995 -0.049198 -0.012998 -0.006737 0.006987 -0.004643 -0.045211 -0.050439 0.020976 0.015757 -0.005461 -0.022483 -0.022082 -0.032363 -0.050242 -0.038806 -0.014154 -0.029249 -0.022399 -0.007753 -0.031493 -0.023765 -0.022409 0.044243 0.012379 0.035050 0.032268 -0.005661 0.005819 -0.030298 -0.003301 -0.038086 0.001192 -0.005459 -0.020665 -0.046563 -0.009388 0.032271 -0.018499 -0.022595 -0.013610 -0.011064 0.008752 -0.016997 -0.001334 0.005038 -0.017370 -0.021198 -0.041012 -0.010655 -0.008467 -0.008774 -0.011850 -0.017778 -0.026702 -0.037110 -0.039543 -0.031714 0.001160 0.000343 -0.019445 -0.025077 -0.037420 -0.006476 0.012480 -0.002567 -0.004192 -0.015539 -0.048436 -0.058363 -0.031462 -0.003589 -0.010069 0.020869 0.017149 0.003537 -0.015736 -0.012327 -0.010188 0.008085 -0.017825 -0.031086 0.005722 -0.023647 -0.009525 -0.024358 -0.010093 -0.006325 0.011881 0.007523 0.009213 -0.000553 -0.036802 0.074061 0.033659 -0.011266 0.006539 0.007039 -0.006275 0.017595 0.001602 0.014784 -0.006585 0.003395 -0.000312 -0.013468 -0.010884 -0.024832 -0.022603 -0.005388 -0.005110 -0.011778 -0.000224 -0.025451 -0.012904 0.008754 0.009778 -0.004749 -0.009470 0.002970 0.002086 -0.028999 -0.029814 -0.005676 0.011739 -0.016836 -0.031890 -0.027319 -0.013172 -0.010085 -0.010204 -0.003582 -0.015260 -0.024225 -0.021352 0.007151 -0.008425 -0.017371 -0.011997 0.002140 0.009973 0.012431 -0.021772 -0.018795 -0.027025 0.015321 -0.027562 -0.043817 -0.024541 0.016157
-0.039476 -0.033349 -0.001032 -0.016859 -0.026339 -0.003608 0.003537 -0.032135 0.019344 0.014932 -0.024108 -0.005061 0.009864 0.000253 -0.007217 -0.009811 -0.016496 -0.001619 -0.046568 -0.001517 -0.051679 -0.095389 -0.029546 0.020379 -0.055335 -0.043085 -0.039691 -0.026649 -0.012702 -0.007585 -0.018630 -0.009291 -0.008828 -0.008080 -0.007285 -0.017678 -0.024876 -0.029939 -0.003757 -0.011295 -0.021877 -0.037110 -0.049233 -0.045035 -0.000336 -0.018719 -0.036687 -0.036415 -0.007995 -0.019389 -0.014772 -0.023445 -0.013672 -0.013844 -0.040522 -0.046720 0.001173 -0.009392 -0.029161 -0.018344 -0.020657 -0.070671 -0.041496 0.016873 -0.022989 0.030559 0.049306 -0.020847 -0.021628 -0.035125 -0.016664 -0.024408 -0.010575 -0.021166 -0.028987 -0.062805 -0.039167 0.002763 0.003991 0.063558 -0.009406 0.002118 -0.027591 -0.032979 -0.014183 -0.000238 -0.021093 -0.019537 -0.008042 0.005855 0.042110 -0.007613 -0.006527 -0.003154 -0.005807 -0.016898 -0.031251 -0.019463 -0.010962 -0.002322 -0.006553 -0.028152 0.001634 0.014613 0.003625 -0.001258 -0.000671 -0.006753 -0.022820 -0.022748 -0.023101 -0.013618 0.000780 -0.025819 -0.005024 -0.026163 -0.044630 -0.014176 -0.010926 0.022842 -0.021540 0.007475 -0.005754 -0.022303 -0.038450 -0.002949 -0.004901 0.012560 0.013837 -0.016544 -0.007554 -0.020888 -0.041500 -0.003925 -0.023682 -0.076245 -0.004187 -0.021811 -0.013738 0.005700 0.009072 0.000961 -0.007650 -0.002852 -0.017114 -0.014593 -0.011339 -0.017212 0.000813 0.002609 -0.004546 0.007469 -0.022354 -0.060133 -0.022468 -0.005153 -0.011074 0.002788 -0.003463 0.007096 -0.010605 -0.019348 0.018361 0.013147 -0.007176 0.005862 -0.021151 -0.027625 -0.013868 0.009820 -0.016612 0.002304 -0.011901 -0.001677 -0.008191 0.015649 -0.012026 -0.041605 -0.011771 0.001701 0.022382 0.002198 -0.013127 -0.047752 -0.052018 -0.038989 -0.045727 -0.046880 -0.028628 -0.027505
-0.043173 -0.000564 0.020379 -0.007199 -0.014013 -0.039329 -0.026037 -0.026887 -0.002670 0.024753 -0.006709 -0.012706 0.009507 -0.000659 -0.025933 -0.004915 -0.015680 -0.031019 -0.037293 -0.000217 0.003291 -0.047303 -0.009462 0.037548 0.004037 -0.035354 -0.027892 -0.030900 -0.009539 0.026236 0.042029 0.026086 -0.026151 -0.028837 -0.014804 -0.016710 -0.011640 -0.010007 -0.014304 -0.020390 -0.006003 -0.016630 -0.029860 -0.018884 0.034134 0.007291 -0.021332 -0.015942 0.004435 -0.019591 -0.022959 -0.017908 0.019619 -0.001880 -0.022967 -0.021374 0.007265 -0.013040 -0.023868 -0.013174 0.017193 -0.025155 -0.021581 -0.023113 -0.031228 -0.012429 0.011868 -0.022102 -0.020545 -0.041099 -0.064325 -0.040107 -0.037998 -0.022159 0.001758 -0.032489 -0.020366 -0.020637 -0.037328 -0.018882 0.005389 -0.011397 -0.032718 -0.022648 -0.003827 -0.043102 -0.042422 -0.027761 0.008741 -0.001570 0.018485 -0.033393 -0.003511 -0.004058 -0.011013 0.007645 -0.014083 0.000414 -0.015261 -0.032290 -0.009941 0.000006 -0.011108 0.003343 0.006226 -0.036122 -0.029004 -0.016051 -0.010250 -0.002702 -0.021499 -0.010943 -0.037221 -0.022994 -0.034131 -0.029149 -0.032821 -0.020276 0.000212 0.017250 -0.019624 -0.025276 -0.030873 -0.033871 -0.012716 0.000987 -0.002899 0.008201 -0.012214 -0.047031 -0.017337 -0.022364 -0.043513 -0.021602 -0.075553 -0.129734 0.002500 -0.009937 -0.026269 -0.007154 0.022587 -0.020387 -0.000170 0.001092 -0.013988 -0.006101 -0.021278 -0.041632 -0.011233 0.045231 -0.010420 -0.035366 -0.010104 -0.022906 -0.024742 -0.013461 -0.043471 -0.040774 -0.029208 0.000139 0.001909 -0.021007 0.007388 0.029141 0.006349 -0.007504 -0.033828 -0.010694 -0.016364 -0.017454 0.004546 -0.004198 -0.016671 -0.017501 -0.005379 0.012104 0.041621 0.008447 -0.038676 -0.018972 0.004858 0.015573 -0.002131 -0.061611 -0.043665 -0.024558 -0.039134 -0.028199 -0.050912 -0.024173
-0.070119 -0.029058 -0.008597 -0.005314 -0.006169 -0.019423 -0.021161 -0.031913 -0.032478 -0.031389 0.003311 -0.009423 -0.029572 -0.033210 -0.037210 -0.006525 0.009485 -0.017506 -0.057216 -0.043255 0.002725 -0.013066 -0.000739 0.002395 -0.006756 -0.010692 -0.003317 -0.019489 0.031738 0.000735 -0.002578 -0.004623 -0.016523 -0.010570 -0.015137 -0.001581 -0.006141 -0.007094 -0.027015 0.003355 -0.004229 -0.026194 -0.008171 -0.022791 0.008598 -0.018907 -0.026474 -0.042565 -0.037135 -0.057580 -0.019168 -0.001842 0.014632 0.022017 0.005844 0.009018 0.005627 -0.025697 -0.022314 -0.009088 -0.018511 -0.011307 0.038493 -0.012853 -0.011301 -0.007439 -0.025649 -0.018688 0.023525 -0.012037 -0.038578 -0.018581 -0.044392 -0.035003 -0.013416 -0.019385 -0.020681 -0.034458 -0.025614 -0.027362 0.002738 -0.023027 -0.011879 -0.001654 0.015345 0.013592 -0.006691 0.015090 -0.000534 -0.028410 -0.018945 -0.013122 -0.003229 -0.009330 0.001201 0.017717 0.017874 -0.001694 0.010539 0.001801 0.006997 -0.020543 -0.011860 0.007675 0.025994 -0.010074 -0.005986 -0.006129 -0.008799 -0.015818 -0.011785 0.013055 -0.025513 -0.042174 -0.028451 -0.014642 -0.002763 0.025020 0.015264 0.003880 -0.013165 -0.058651 -0.021118 -0.036437 -0.022612 -0.010595 -0.018920 -0.004134 0.011119 -0.008117 -0.010481 0.008004 -0.010974 -0.008321 -0.125366 -0.151463 0.033199 0.008799 -0.010328 -0.026258 -0.021268 -0.028667 -0.005390 0.002381 -0.006349 -0.006887 -0.007975 -0.025519 -0.041493 -0.008698 -0.021465 -0.025088 -0.020246 -0.026924 0.001059 0.008139 -0.016070 -0.011995 -0.011007 -0.037980 -0.019637 -0.022590 -0.031077 -0.014527 0.009023 0.009644 0.018690 0.022411 -0.004926 -0.008828 -0.012926 -0.009905 -0.021454 -0.006822 -0.043878 -0.021914 0.019159 0.008393 -0.021667 0.016269 0.010031 -0.030151 -0.041264 -0.028189 -0.012446 -0.044906 -0.062282 0.007584 0.004329 -0.033329
-0.045506 -0.027347 -0.027560 -0.003932 0.009894 0.002973 -0.014193 0.003663 -0.025700 -0.044622 0.018500 0.029134 0.005458 -0.028866 -0.035371 -0.004999 -0.000031 -0.012526 -0.039850 -0.051284 -0.030515 0.010558 0.016827 -0.007349 0.015342 -0.000147 0.000008 0.015937 0.006731 -0.037980 -0.030763 -0.030528 -0.019278 -0.006827 -0.022942 -0.014522 0.015021 0.021479 -0.007897 -0.007215 -0.024043 -0.010608 0.002040 -0.015280 -0.031977 0.002958 0.000504 -0.019538 -0.019363 -0.026668 -0.013396 0.002413 -0.005804 0.012262 -0.014296 0.009457 -0.001438 -0.004266 -0.013356 -0.022009 -0.038168 -0.029923 0.070329 0.001294 -0.039215 -0.025174 -0.035726 -0.018235 0.003274 -0.013765 -0.022078 -0.023400 0.000834 0.006993 -0.002085 -0.000501 -0.009434 -0.016810 -0.020489 -0.032339 -0.028939 -0.018376 -0.007755 -0.024289 0.022695 0.032683 0.021093 0.010509 -0.013042 -0.051524 -0.057685 -0.040826 -0.040139 0.004339 0.016299 0.012020 0.017606 0.001371 0.000573 -0.014969 -0.009207 -0.029221 -0.037607 -0.002153 0.018568 -0.003371 -0.013505 -0.018458 -0.005524 -0.016598 -0.000112 0.001809 -0.026802 -0.048268 -0.029982 0.004700 -0.009310 0.008410 -0.002613 -0.037802 -0.017180 -0.025776 -0.009379 -0.034495 -0.024400 -0.035157 -0.025530 0.003227 -0.031742 -0.025420 0.017388 -0.001491 -0.014058 -0.015116 -0.074668 -0.086211 -0.019146 0.007855 -0.015615 -0.029135 -0.022788 -0.016043 0.002708 -0.014699 -0.000108 -0.020291 0.000652 -0.013920 -0.039709 -0.021805 -0.012063 0.007811 -0.004649 -0.004279 0.000384 -0.041817 -0.020781 0.011409 -0.022982 -0.028095 -0.010902 -0.010674 -0.012103 -0.007098 -0.014194 0.015915 0.016353 -0.009268 0.017141 -0.006982 -0.024722 -0.026444 -0.027312 -0.001118 -0.018984 -0.012124 -0.012105 -0.007264 0.002963 0.029186 -0.005152 -0.030668 -0.039869 -0.069875 -0.037650 -0.023932 0.009345 -0.032937 -0.026470 -0.014892
-0.027507 -0.030163 -0.013594 0.003251 0.006276 0.003300 -0.011519 -0.014562 -0.022511 -0.002799 0.010725 -0.017194 -0.028591 -0.001087 0.001582 0.019650 0.029325 0.000594 -0.019507 -0.041946 -0.063388 -0.035696 -0.025938 -0.012311 -0.025564 -0.041927 -0.039779 -0.006215 0.002015 -0.021983 -0.010752 0.026506 -0.016080 0.013351 0.013574 -0.003551 0.007944 0.006308 -0.021116 -0.007385 -0.018398 -0.041455 0.005489 -0.000334 -0.044276 0.014831 0.008059 -0.007485 -0.008870 -0.002707 -0.009272 -0.000760 -0.001847 0.006616 -0.020359 -0.004527 0.011540 0.005313 -0.015166 0.011085 0.003654 -0.033469 -0.007501 -0.015894 -0.062893 -0.037797 -0.008448 -0.002158 0.017601 0.046876 0.001864 -0.028650 -0.041745 0.001509 -0.002667 -0.013681 -0.019321 -0.031454 -0.023843 -0.034848 -0.009499 0.000738 -0.047982 -0.035009 -0.001656 -0.031182 -0.023577 -0.027085 -0.013430 -0.016996 0.002796 -0.008574 -0.012706 -0.029279 0.006420 0.005276 0.045023 0.009467 -0.029301 -0.020753 0.016806 0.020732 -0.011976 0.000458 0.001957 -0.019074 -0.056926 -0.018924 0.019187 -0.022647 -0.028340 -0.021201 -0.022986 -0.011805 -0.012718 -0.024947 -0.017530 0.017430 0.019258 0.015308 0.012751 0.030560 -0.021206 -0.033992 -0.011617 -0.003840 0.005129 -0.005092 -0.023328 -0.029923 0.030988 -0.017410 -0.014723 -0.009742 -0.088909 -0.112488 -0.041220 -0.015079 -0.001757 -0.030396 -0.007917 -0.042578 -0.005954 -0.002203 -0.031634 -0.014725 0.000830 -0.016283 -0.019477 -0.006626 -0.006821 0.023300 -0.003018 -0.013370 0.003835 -0.035790 -0.010349 0.009564 -0.042582 -0.045192 -0.045235 -0.022126 -0.030347 0.001601 -0.022130 -0.041496 -0.060464 -0.034833 0.013171 0.013236 0.017046 -0.018393 0.000962 -0.005959 -0.002926 0.036914 -0.001193 -0.020749 0.021184 -0.006331 -0.009238 -0.005382 0.012325 -0.039654 -0.003546 -0.010887 0.016627 -0.002486 0.005868 -0.010616
-0.033080 -0.024811 -0.018398 -0.008763 -0.008740 -0.017281 -0.034190 -0.015429 -0.015425 0.008046 0.015812 -0.028179 -0.033483 0.012716 0.014088 -0.013055 -0.004634 -0.002886 -0.023729 -0.038660 -0.015143 -0.023366 -0.020128 -0.038464 -0.058549 -0.019547 -0.029140 -0.018782 -0.008649 -0.023854 -0.026101 0.035464 -0.012588 0.005340 0.030301 -0.005207 -0.028553 -0.018185 -0.022679 0.005499 -0.034248 -0.019848 0.018530 -0.015259 -0.027979 -0.005138 -0.012953 -0.023107 -0.023665 0.004677 -0.005407 0.015757 -0.007662 -0.011708 -0.017088 -0.006044 -0.007029 0.010298 -0.035647 0.037878 0.020986 -0.015570 -0.023030 -0.006808 -0.027848 -0.047272 -0.044265 -0.012988 0.009658 -0.012563 -0.003878 -0.005554 -0.010361 -0.022468 -0.001976 -0.009454 0.023990 -0.032395 -0.031110 -0.019666 -0.039408 -0.046470 -0.066475 -0.025763 -0.029329 -0.034320 -0.033702 -0.012221 -0.005393 -0.026130 -0.038057 0.020133 0.030926 -0.010871 0.005470 0.044409 0.006369 -0.015824 -0.015570 -0.041123 0.011259 0.010746 -0.015301 -0.007362 -0.029055 -0.032367 -0.040729 0.016292 0.012631 -0.008965 -0.020174 -0.026038 -0.003287 -0.008715 -0.018428 0.020469 -0.004657 0.010365 0.011910 0.043569 0.029881 0.015104 0.004938 -0.009613 -0.023617 -0.016188 -0.027135 -0.019351 -0.003159 -0.009439 -0.024902 -0.032744 -0.036483 -0.011019 -0.042208 -0.101143 0.007374 -0.001730 -0.012287 -0.040466 -0.035233 -0.038062 0.010544 -0.041884 -0.080167 -0.020720 0.000364 0.003178 0.006442 -0.016632 -0.076069 -0.025229 -0.006028 -0.011378 -0.002313 -0.027472 -0.036213 -0.030461 -0.010290 -0.035488 -0.025790 -0.023535 -0.045314 -0.020924 -0.031988 -0.038572 -0.036820 -0.001457 0.015279 -0.004565 -0.018204 -0.017678 -0.008677 -0.004579 0.004172 0.009039 -0.013446 -0.017386 -0.002779 -0.001599 -0.014778 -0.030466 -0.000517 -0.018130 0.026372 0.011066 0.012471 0.018580 -0.003972 -0.025222
-0.010508 -0.040177 -0.029893 -0.018316 -0.019554 -0.016577 -0.015737 -0.008507 -0.014230 0.014874 0.002560 -0.018396 -0.012624 -0.005241 -0.016544 -0.003172 -0.003514 -0.011588 -0.030695 -0.020797 0.018922 -0.006301 -0.031780 -0.030023 -0.021647 -0.011691 -0.027314 0.004088 -0.024160 -0.040679 -0.047244 0.017984 -0.016076 -0.048449 -0.002060 -0.021883 -0.004281 0.000115 -0.023155 -0.004017 -0.021594 -0.047906 -0.017837 0.010538 -0.001701 -0.006306 -0.015737 -0.025989 -0.019832 0.007942 -0.005170 -0.041764 -0.030477 -0.009098 -0.000623 -0.009440 0.002985 -0.033606 -0.061566 0.051760 0.031426 0.039479 0.023946 -0.033899 0.023752 -0.007061 -0.037985 -0.020686 -0.000288 -0.004195 -0.010324 -0.022085 -0.021162 -0.034669 -0.052977 -0.030950 0.007595 -0.012287 -0.004944 0.005470 -0.047872 -0.054515 -0.015873 -0.018720 -0.009883 -0.013661 -0.019837 -0.045438 -0.006345 -0.008232 -0.023641 0.002690 -0.012522 -0.018390 -0.016965 0.008170 0.005511 0.008384 0.002261 -0.010312 -0.013560 -0.033198 -0.010508 0.020440 -0.023665 -0.029200 -0.002901 0.005986 -0.006102 -0.019492 -0.042406 -0.042059 -0.020580 -0.029388 -0.021087 -0.026610 -0.013400 0.008109 -0.009420 0.014705 0.000015 0.006200 0.007730 0.007665 -0.019075 0.011934 -0.012215 -0.010223 -0.001834 0.002001 -0.005435 0.004191 -0.018489 -0.029143 -0.025454 0.002540 0.002350 0.003741 -0.006601 -0.003062 -0.004450 -0.034032 -0.027713 -0.044363 -0.021582 -0.042074 -0.031010 -0.003694 0.004866 -0.005791 -0.055589 -0.030301 -0.019378 -0.033645 -0.032824 0.011576 -0.018561 -0.046952 -0.005721 -0.010123 0.001219 -0.006284 -0.022086 -0.021030 -0.041018 -0.013264 -0.009844 0.001419 0.019668 -0.002686 -0.015650 -0.012182 -0.028095 -0.023902 -0.027863 -0.015633 0.021193 -0.005851 -0.049770 0.003023 -0.007790 -0.004784 -0.011479 0.007982 0.018149 0.006065 -0.006614 -0.019666 -0.038234 -0.056543
-0.007081 0.005498 -0.002728 -0.009726 -0.014691 0.007755 -0.019541 -0.017490 -0.024988 -0.001030 0.011165 -0.021752 -0.027001 -0.025364 -0.012646 -0.005909 -0.022469 -0.002629 -0.003763 -0.006424 -0.024437 -0.021432 -0.014274 -0.022112 -0.029714 -0.038986 -0.006810 0.003421 0.005238 -0.009189 -0.007026 -0.024360 -0.001498 -0.014843 -0.016057 -0.032006 0.004085 0.013373 0.001676 -0.001724 -0.004207 -0.039532 -0.030457 -0.011540 0.012621 0.001076 -0.054332 -0.025845 -0.006116 -0.013468 -0.017424 -0.039010 -0.029474 -0.015093 -0.021350 -0.005855 0.014651 0.017307 0.014767 0.060454 0.002914 0.036710 -0.001913 -0.000145 0.003061 -0.020181 -0.036249 -0.013337 -0.031621 -0.020246 -0.020494 -0.002109 -0.015199 -0.010276 -0.027121 -0.022483 -0.002113 -0.028104 -0.027064 -0.011522 0.035945 0.023274 -0.000515 -0.032346 -0.019121 -0.019453 -0.019607 -0.024982 -0.008006 -0.005585 -0.037687 -0.004254 0.006340 -0.022788 -0.036735 -0.004108 -0.026571 -0.028056 -0.015272 -0.016525 -0.035420 -0.020542 -0.008617 -0.003022 -0.049901 -0.025404 -0.001460 0.008766 0.003717 -0.028764 0.001108 0.009315 0.016564 -0.008745 -0.000845 0.004995 -0.004540 -0.006614 0.000775 0.025638 0.010759 0.025572 0.025936 0.015875 -0.024871 -0.054378 -0.009935 -0.009334 -0.029893 -0.025809 0.020507 0.003982 -0.009098 -0.031928 -0.017356 0.048941 0.010786 0.011219 -0.009327 -0.000770 0.011209 -0.002565 0.002134 -0.013334 -0.017608 -0.045677 -0.013440 -0.000374 -0.028474 -0.011247 -0.010674 -0.024189 -0.019980 0.001736 -0.003039 -0.037761 -0.041330 -0.062758 -0.031350 0.012098 0.027937 -0.010565 -0.022491 -0.044722 -0.014007 0.015620 0.000455 0.011138 0.027141 -0.003131 0.001550 -0.012615 -0.017125 -0.014191 -0.022583 -0.005190 -0.013962 -0.039148 -0.043339 0.001348 -0.013016 0.002067 -0.004410 -0.020377 -0.014789 -0.011183 -0.026094 -0.019272 -0.017861 -0.078492
-0.036117 0.004647 0.015188 -0.023576 -0.041642 -0.005925 -0.018133 0.005652 -0.009169 -0.043673 -0.014654 -0.013830 -0.009864 -0.024068 -0.021433 0.006615 -0.033612 -0.023237 -0.015180 0.010368 -0.025123 -0.004110 -0.012036 -0.007221 0.010731 -0.021840 -0.010751 0.002707 -0.004832 0.020679 -0.016152 -0.009096 0.002634 -0.011557 -0.020647 -0.026035 -0.031783 -0.034039 -0.018654 -0.045399 -0.023339 -0.021207 -0.009014 -0.046536 -0.016964 0.012889 -0.055157 -0.011135 -0.001261 -0.036567 -0.021966 0.000842 -0.007758 -0.013607 -0.014950 0.007440 0.002080 -0.011097 -0.017162 0.012253 -0.057975 -0.045404 -0.037939 0.009333 -0.019829 -0.029375 -0.016880 -0.014441 -0.011529 0.010870 -0.003447 0.004810 -0.004186 -0.040298 -0.049410 -0.025538 -0.036219 -0.017114 -0.021632 -0.023631 -0.018381 -0.015251 -0.010656 -0.042891 -0.061070 -0.045919 0.006960 0.007961 -0.007893 0.005724 -0.015215 -0.018797 -0.027002 -0.023778 -0.020407 0.008426 0.043553 0.002421 0.014352 0.002558 -0.018332 -0.032286 -0.000398 -0.024110 -0.024847 0.021406 -0.010747 -0.033545 -0.006191 -0.002524 -0.003389 0.001708 0.006661 0.011673 0.011593 -0.013021 -0.000201 -0.020821 -0.032949 0.003042 0.007074 -0.000303 0.000893 0.003222 -0.017000 -0.057651 -0.019240 0.001502 -0.017748 -0.022245 -0.050633 -0.017156 0.006675 -0.011009 -0.027233 0.054906 -0.002716 -0.002812 -0.012953 -0.014455 -0.007044 0.036183 0.011455 -0.003574 -0.017413 -0.050810 -0.037455 -0.018503 -0.023648 -0.031985 -0.020848 -0.037439 -0.010911 -0.006551 0.023281 -0.010987 -0.056328 -0.017306 0.010146 -0.024663 -0.013800 -0.021883 -0.035906 -0.013145 -0.027123 -0.026821 -0.008152 0.027454 0.020523 -0.026312 0.001346 0.038713 0.004720 -0.000943 0.012494 0.014574 0.009365 -0.036058 0.008973 0.019442 0.002364 0.032459 0.019512 -0.031120 -0.055637 -0.066888 -0.037896 -0.029329 -0.024473 -0.045816
-0.025071 -0.031856 -0.026243 -0.020492 -0.011614 -0.007213 -0.037540 -0.018320 -0.025404 -0.041171 -0.005266 -0.009117 -0.003554 0.013874 0.008206 -0.003125 -0.015315 -0.046377 -0.042027 -0.000637 -0.014188 -0.017567 -0.041363 -0.018672 0.020095 -0.005878 -0.043988 -0.052554 -0.028529 -0.010325 -0.019995 -0.019283 -0.020668 -0.012640 -0.001034 -0.014899 -0.038665 -0.049983 0.015853 -0.023660 -0.035423 -0.026959 -0.035211 -0.024110 -0.026442 -0.027722 -0.007160 -0.020837 -0.038743 -0.052697 -0.034480 -0.014905 -0.016447 -0.030840 -0.015011 -0.006117 -0.032640 -0.009553 -0.030473 -0.024716 -0.022188 -0.000308 -0.044163 0.005383 -0.017139 -0.027051 -0.039004 -0.027857 -0.011063 0.034153 0.010544 0.010285 -0.030192 -0.011820 -0.004984 -0.018830 -0.043003 -0.016781 -0.022407 -0.039366 -0.025248 0.055138 0.009312 -0.038199 -0.020357 -0.029552 0.015839 0.011074 -0.033836 -0.047522 -0.008295 0.013074 0.009539 0.005862 0.019121 -0.007168 0.006572 0.013447 0.023845 0.007745 -0.013443 -0.014568 0.007147 -0.034343 -0.009681 -0.016707 -0.037869 -0.064871 -0.010647 0.011433 -0.038408 0.002153 0.006460 -0.002881 0.019440 0.001160 0.002129 -0.034544 -0.053674 -0.012888 -0.023394 -0.022907 -0.044688 -0.042885 -0.014049 -0.010150 -0.026699 -0.025564 -0.029034 -0.046978 -0.038912 0.010086 -0.003622 -0.016437 -0.000679 0.097476 0.027479 -0.005343 -0.025787 -0.011046 0.001622 -0.001143 -0.011846 -0.016074 0.028423 -0.002579 -0.032095 0.000132 -0.003053 -0.011107 -0.031024 -0.020574 -0.005558 -0.007002 0.002867 -0.023711 -0.029536 -0.013799 -0.012909 -0.022221 -0.033727 -0.066302 -0.026817 0.011652 -0.020570 -0.017064 0.010498 0.005273 0.005614 -0.028066 -0.006031 -0.000405 0.012847 -0.004742 0.013606 0.018801 0.008081 -0.022766 -0.027467 -0.027542 -0.018139 0.014014 0.008115 -0.000328 -0.019573 -0.027546 -0.003686 -0.017412 -0.005032 0.011566
-0.008820 0.009246 -0.043979 -0.008965 0.013148 0.008747 0.005649 -0.002355 -0.044317 -0.018291 0.012110 -0.003451 0.013185 -0.011692 -0.019520 0.004046 -0.022092 -0.037809 -0.003048 0.023533 0.001946 -0.005165 -0.006931 -0.006550 0.023911 0.002627 -0.042696 -0.035931 -0.014564 -0.022690 -0.040225 -0.026692 -0.037502 -0.003203 -0.033524 -0.047974 -0.054411 -0.034785 -0.026707 -0.021118 -0.023001 -0.045835 -0.017217 -0.013928 0.022260 -0.028310 -0.029692 -0.040582 -0.060157 -0.037479 -0.034398 -0.031954 -0.015528 -0.040920 -0.039532 -0.031744 -0.015825 0.002324 -0.011570 -0.027761 -0.008108 0.027752 -0.002602 0.011429 -0.002039 -0.006978 -0.011885 -0.008805 -0.022743 0.004483 -0.014203 -0.029877 0.003788 0.011022 -0.003692 0.023978 -0.004483 -0.017279 -0.028345 -0.023299 -0.043224 -0.002276 0.016642 -0.008987 -0.002369 -0.016809 -0.048990 -0.018778 -0.024386 -0.008781 0.031137 0.008857 0.002267 -0.000834 -0.023618 -0.036329 -0.026569 0.013899 -0.004209 -0.008121 -0.014771 -0.007913 -0.012698 -0.000897 -0.011565 -0.022058 -0.036734 -0.024766 -0.006089 -0.001750 -0.019314 0.019213 0.007441 -0.015532 0.002072 0.015966 -0.009301 -0.007731 -0.010149 0.016619 -0.018060 -0.051136 -0.023313 -0.028974 -0.014388 0.018843 -0.020587 -0.038322 -0.020319 -0.020373 0.002544 0.024702 -0.003758 0.002996 0.045159 0.109882 0.036662 -0.007923 -0.002217 0.005447 -0.010386 -0.015755 0.001728 0.016191 -0.009529 -0.003178 -0.028690 -0.016974 -0.025554 0.009500 0.020313 -0.001386 0.001446 -0.021343 -0.008849 -0.021280 -0.012087 -0.018397 -0.017991 -0.009834 -0.047887 -0.058079 -0.017139 0.004959 -0.016048 -0.036082 0.002482 0.002326 -0.029215 -0.011043 -0.004447 -0.006460 -0.000729 0.020256 0.029644 0.006491 -0.014107 -0.004335 -0.012566 -0.010113 0.023866 0.024235 -0.028212 -0.019558 -0.021721 -0.040603 -0.021974 -0.013305 -0.050839 -0.031546
-0.016170 0.035951 0.006519 -0.039508 -0.029930 -0.015503 0.024022 0.015114 -0.002043 0.000199 0.016081 0.024523 0.026379 0.002871 -0.038440 -0.008143 -0.023875 -0.056415 -0.017562 0.029000 -0.005720 -0.019587 0.009112 -0.024834 -0.008043 -0.048114 -0.049986 -0.019778 0.008630 -0.008535 -0.010935 -0.003774 0.013917 -0.009052 -0.028730 -0.042267 -0.012580 0.008377 -0.017233 0.001803 -0.009681 -0.042032 -0.020169 -0.015356 0.002944 -0.028996 -0.018789 -0.004008 -0.055056 -0.027250 -0.034183 -0.058678 -0.048721 -0.006105 -0.016041 -0.045662 -0.018150 0.018467 -0.012723 -0.023603 -0.068365 -0.017082 -0.012650 0.010129 -0.011216 -0.003729 0.015913 -0.006972 -0.044510 -0.027314 -0.029991 -0.080792 -0.020146 -0.038903 -0.017841 0.014732 0.006372 0.003746 0.002730 0.000245 -0.010641 -0.025441 -0.005072 -0.000377 -0.019517 -0.011790 -0.033310 -0.002052 -0.015163 -0.001576 0.024260 -0.020049 -0.020112 0.016519 -0.004019 -0.031543 -0.007358 -0.015850 -0.029759 0.018816 0.010665 -0.008574 -0.008483 -0.017096 0.010675 -0.020112 -0.043663 -0.056472 -0.035246 -0.039167 -0.026374 -0.002209 0.006777 0.001257 -0.005449 -0.002214 -0.015136 -0.003023 0.000857 -0.006553 0.004959 0.011475 0.024181 -0.009999 -0.032147 0.015503 0.027357 0.006342 -0.008791 -0.026680 -0.038834 0.000354 -0.016010 -0.014957 -0.026570 0.066471 0.007014 -0.033732 0.030459 0.008930 -0.000833 0.006745 -0.025670 -0.016999 -0.030531 -0.021796 -0.026661 -0.029433 -0.040514 -0.015445 -0.004714 -0.009038 -0.008477 -0.023210 -0.016730 -0.014262 -0.014193 -0.009063 -0.031382 -0.011403 -0.017368 -0.020269 -0.016395 -0.016470 -0.018625 -0.021952 -0.044875 -0.009299 -0.000744 -0.024239 0.003017 -0.009153 0.011055 0.003242 -0.011686 0.004639 -0.013161 -0.023475 0.006532 0.024822 0.025311 -0.001008 -0.007479 -0.014651 -0.015554 -0.044319 -0.019333 -0.022248 -0.030521 -0.003213
-0.000656 0.022029 0.009572 -0.046286 -0.047528 -0.002031 0.020104 0.008329 -0.009506 -0.030507 -0.016538 -0.001350 -0.022539 -0.010106 -0.023155 -0.010285 -0.022005 -0.060245 -0.015717 0.009942 -0.030498 -0.016338 0.021574 0.017859 -0.003399 -0.028121 -0.032046 -0.030003 -0.030717 -0.020229 -0.028689 -0.013597 -0.026292 -0.036329 -0.017481 -0.034509 -0.008073 0.001831 0.027672 0.027932 -0.007454 -0.041015 0.014784 -0.004745 -0.020245 -0.038516 -0.013224 -0.022557 -0.009120 -0.017054 -0.008637 -0.037274 -0.071886 -0.004782 -0.016268 -0.035869 -0.013357 0.021961 -0.026987 -0.029022 -0.046280 -0.051195 -0.029943 -0.025211 -0.020053 0.014610 0.016823 -0.008546 -0.030728 0.002815 -0.017355 -0.007381 -0.007047 -0.021349 -0.043119 -0.019852 0.024418 0.013743 -0.023367 -0.012358 -0.015051 0.000782 -0.005629 -0.023105 -0.011967 -0.021709 -0.008080 -0.013926 -0.004391 0.025504 -0.006616 -0.018083 -0.018603 -0.037628 -0.007045 -0.015123 -0.046182 -0.015732 -0.019005 -0.015860 -0.034029 -0.027597 0.023423 -0.005535 0.000362 -0.004233 -0.030627 -0.032234 -0.010203 -0.043401 -0.051891 -0.004052 -0.028479 -0.018432 -0.005427 -0.028777 -0.005903 -0.014774 -0.001039 -0.014688 -0.000621 -0.019137 -0.036843 -0.047436 -0.038378 -0.014807 0.008603 0.008690 -0.007120 -0.032678 -0.011849 -0.039946 -0.025701 -0.009588 -0.009451 0.039454 -0.002238 -0.011600 -0.017001 -0.023387 0.013591 0.021577 -0.004018 -0.031155 -0.026755 -0.009230 -0.036022 -0.026027 -0.021189 0.008771 0.014814 0.017491 -0.017192 -0.029198 -0.000814 -0.009077 -0.006801 0.015110 0.002709 0.004222 -0.002316 -0.006816 -0.023191 -0.018690 -0.008897 -0.034466 -0.016471 0.004518 -0.027471 -0.004137 -0.007519 -0.036283 0.001410 -0.015817 -0.048782 -0.021306 0.000943 -0.010225 -0.014556 -0.004349 -0.011728 0.002062 0.022800 -0.046454 -0.022066 -0.012930 -0.013209 -0.011453 -0.007997 -0.022330
-0.000346 -0.010122 0.013344 0.016237 -0.034477 -0.003716 -0.011864 -0.034363 -0.004641 -0.025251 0.010676 0.002431 -0.018138 -0.005179 -0.025209 -0.009623 -0.007020 -0.022779 -0.014597 -0.038374 -0.041218 -0.030759 -0.034008 0.026438 0.022602 0.004763 -0.026283 -0.015111 -0.023337 0.001109 -0.005408 0.015143 -0.003562 -0.020156 -0.007436 -0.007254 -0.022641 -0.048311 0.002515 -0.002170 -0.010147 -0.033094 -0.020450 0.008612 -0.001317 -0.033199 0.013038 0.002794 -0.004531 -0.036329 -0.030884 -0.013134 -0.025974 -0.023558 -0.027223 -0.011173 0.021751 0.004855 -0.026796 -0.059466 -0.028895 -0.056527 -0.037910 -0.012920 -0.031917 0.011105 -0.027486 -0.022560 -0.023491 -0.007369 -0.006128 0.013272 -0.037839 -0.007306 -0.038212 -0.022083 0.016096 0.001963 -0.018506 -0.022608 -0.030683 -0.025062 -0.027837 0.008729 0.019952 -0.027201 -0.034672 -0.022055 0.001006 0.026003 -0.000452 0.013462 0.012420 -0.056627 -0.030357 -0.006824 -0.006014 -0.047450 -0.033287 -0.044315 -0.019165 -0.005253 0.015610 -0.013668 -0.019707 -0.007822 -0.006094 -0.012636 -0.015990 -0.015842 -0.024546 -0.023063 -0.037831 -0.003648 -0.020932 -0.011028 -0.003804 -0.029560 -0.026571 -0.052197 -0.007772 -0.013349 -0.025318 -0.028638 -0.054127 -0.008606 -0.000234 0.016128 0.006197 -0.048381 -0.007713 0.006078 0.016144 -0.005767 0.037470 -0.000906 -0.017423 -0.034411 -0.051797 -0.032308 -0.018689 -0.000413 0.004286 -0.005603 -0.015440 0.006992 -0.029403 -0.015168 -0.011565 0.011367 0.014219 0.022514 -0.017213 -0.021403 -0.005093 -0.021141 -0.022498 -0.030655 0.008805 0.022264 -0.011516 -0.049979 -0.055844 -0.029060 -0.006604 -0.029938 0.010704 -0.051521 -0.021896 0.014982 -0.047085 -0.038842 -0.024999 -0.011918 -0.005627 -0.018250 0.005793 -0.008392 -0.028231 -0.022383 0.004530 0.019216 -0.002555 -0.041161 -0.026051 -0.027397 -0.013130 -0.010727 -0.026557 -0.019077
0.030511 -0.025022 -0.008218 0.002562 -0.018013 0.014695 -0.012900 -0.020936 -0.017098 -0.009708 -0.023588 0.014009 0.000011 -0.024185 -0.023095 -0.007683 -0.024223 -0.012087 -0.043391 -0.055595 -0.022371 -0.005121 -0.031963 -0.003446 0.000675 -0.012953 -0.001590 -0.018042 -0.008755 0.038583 0.007899 0.028350 -0.009624 -0.015222 -0.011692 -0.048497 -0.028385 -0.051571 -0.059248 -0.034765 0.003121 0.014772 0.020816 0.023592 -0.010217 -0.014214 -0.013373 -0.024397 0.003585 -0.006975 -0.042833 -0.015377 -0.007161 -0.024257 -0.013996 -0.021591 -0.000617 -0.013157 -0.029105 -0.032175 -0.027520 -0.080742 -0.028043 0.006792 0.002666 -0.010508 -0.026029 -0.017401 0.006835 -0.005886 -0.002805 -0.005085 -0.049884 -0.017549 -0.009030 0.004321 -0.010057 0.021396 0.009354 0.007496 -0.031646 -0.055090 -0.053967 -0.013559 0.004213 -0.017763 -0.048192 -0.036850 -0.008226 -0.010087 0.003423 0.017146 -0.021673 -0.007294 -0.024318 -0.005771 -0.007484 0.001577 -0.003661 -0.016433 -0.011808 0.012717 0.012178 -0.008300 0.000542 -0.009004 -0.013769 -0.017821 -0.025725 -0.028899 -0.008375 -0.018830 -0.036377 -0.039202 -0.003888 -0.011191 -0.013318 0.014951 -0.013579 -0.031469 -0.009744 0.007198 0.003166 -0.035963 -0.035738 -0.016220 -0.032810 0.011619 0.006265 -0.014539 -0.018822 -0.014265 -0.014031 -0.023179 0.023432 0.027069 -0.004019 -0.045388 -0.028853 -0.014186 -0.029542 -0.030532 0.020733 0.006571 -0.010992 0.009704 0.005351 -0.025890 0.001288 0.008771 -0.021269 -0.036673 -0.015693 -0.002232 -0.036445 -0.016135 -0.017654 -0.041684 -0.012439 -0.021094 -0.003729 -0.049655 -0.058409 -0.029057 0.020909 0.019907 0.011289 -0.023123 -0.013491 -0.011945 -0.025728 -0.028557 -0.021847 0.025383 0.004760 -0.021509 -0.008093 -0.015520 0.000860 -0.007248 0.005231 0.027703 -0.003987 -0.034882 -0.024585 -0.036078 -0.025811 -0.013787 0.006939 -0.014253
-0.001977 -0.000303 0.008159 -0.034257 -0.026135 -0.007633 0.015719 0.016804 0.020520 0.010442 -0.018960 0.019105 0.016442 -0.026012 -0.020458 0.008934 -0.018257 0.012444 -0.010688 -0.034395 -0.006157 0.014683 0.012836 -0.006941 0.000814 -0.007692 -0.008544 -0.016626 0.017652 0.007474 -0.007374 0.001921 -0.006681 -0.003478 0.004024 -0.008505 0.004339 -0.002583 -0.058893 -0.056838 -0.007686 0.008787 0.036019 -0.000816 -0.030406 -0.020141 -0.006723 -0.030248 -0.011231 0.009079 0.005432 -0.022737 -0.001582 -0.013942 -0.019310 0.019129 -0.003188 -0.044900 -0.034648 -0.004856 0.009198 -0.106176 -0.073591 -0.009656 0.007012 0.003700 0.004104 -0.041289 0.000039 0.010176 -0.003897 -0.004265 -0.024564 -0.010757 -0.039253 -0.017127 -0.016778 -0.013907 0.017510 -0.002110 -0.003444 -0.042989 -0.047176 -0.031049 -0.024413 -0.022569 -0.020420 -0.026210 -0.018673 0.012307 0.043795 0.013653 0.000453 0.024010 -0.018851 -0.006559 -0.007164 -0.020151 0.007338 -0.006790 -0.017965 -0.003139 -0.015863 -0.022104 -0.024841 -0.009424 -0.016518 -0.003976 -0.002780 0.009680 -0.028309 -0.032717 -0.019253 -0.038993 -0.029218 -0.006023 -0.011117 0.001494 -0.037923 -0.015034 -0.023188 -0.024063 0.009478 0.003735 -0.000444 -0.006640 -0.033090 -0.001759 0.017518 0.024917 -0.003839 0.005440 -0.032483 -0.015202 0.018576 -0.008285 -0.032936 -0.031002 -0.034736 -0.017050 -0.026455 -0.024684 0.017124 -0.005104 -0.014205 0.004064 0.005237 -0.022452 -0.022370 -0.017630 -0.036978 -0.045430 -0.030309 -0.014579 0.010146 -0.010838 -0.012029 -0.038874 -0.003666 -0.023229 0.011766 -0.034976 -0.036746 -0.025935 0.022632 0.013480 -0.017030 -0.021114 -0.017069 0.011704 0.002359 -0.011308 -0.024118 0.014750 -0.013853 -0.010743 0.020987 -0.020578 -0.031176 -0.010920 0.021164 0.005283 -0.007978 0.006695 0.014409 -0.046147 -0.009280 0.029751 -0.004183 -0.055693
0.009234 0.007993 -0.018771 -0.006150 -0.015139 -0.014957 -0.000086 -0.017928 0.001081 -0.043455 -0.018794 0.026139 -0.002140 -0.020817 -0.006231 0.036702 -0.004302 -0.019024 -0.002916 -0.040753 -0.000963 0.006404 0.002538 0.003070 -0.004862 -0.002745 -0.022273 -0.015817 0.008791 -0.018601 -0.002959 -0.011029 -0.012776 -0.015578 -0.005294 -0.020231 -0.024703 -0.034009 0.009423 -0.002819 -0.045718 -0.010006 -0.012875 -0.009242 -0.037289 0.022786 0.013292 -0.014729 -0.009353 -0.017680 -0.021170 -0.009648 -0.020525 -0.022532 0.004247 0.013687 -0.022367 -0.042649 -0.041081 -0.037697 0.031424 -0.090971 -0.089930 -0.040092 -0.036988 -0.000767 0.006190 -0.023426 -0.039483 -0.014931 -0.011238 -0.015960 -0.015467 -0.023776 -0.011690 -0.011188 0.001067 0.014631 -0.002332 -0.026903 0.021616 -0.028625 -0.035133 -0.028711 -0.036027 0.000969 0.007146 -0.008331 -0.017428 0.007482 0.021600 0.019930 -0.012325 -0.009445 -0.029054 -0.004736 -0.013714 -0.003853 0.016116 0.022463 0.016489 0.003261 -0.006535 -0.032696 -0.023205 -0.007498 -0.026223 0.007739 0.004213 -0.020741 -0.058022 -0.055667 -0.034403 -0.004194 -0.027706 -0.003638 -0.019681 0.002212 -0.024483 -0.029641 -0.040128 -0.055059 -0.033621 0.000817 0.022117 -0.012339 -0.000801 0.017225 0.017652 0.011147 0.004821 0.036329 -0.005456 -0.017407 -0.043888 -0.078826 -0.005945 -0.064901 -0.008440 0.002031 -0.028303 -0.040903 0.000355 -0.024131 0.003468 -0.009292 -0.014636 -0.027309 -0.013887 -0.040653 -0.035857 -0.060611 -0.068223 -0.032524 -0.009080 -0.025496 -0.023465 -0.016802 -0.011782 -0.003225 0.036609 0.012669 0.017852 0.010483 -0.012730 -0.008493 0.027291 0.000230 -0.029909 -0.036680 -0.009312 -0.010202 -0.012689 -0.017639 -0.002275 -0.006140 -0.004910 -0.015183 -0.009850 0.012089 -0.009097 -0.016407 -0.005215 0.006266 -0.014244 -0.065571 -0.018305 0.001674 -0.006061 -0.029239
0.002573 -0.000732 0.005158 -0.047878 -0.017566 0.011817 0.021571 0.014680 -0.013770 -0.016033 -0.042249 -0.006515 -0.005154 -0.030548 -0.035440 0.014779 0.003781 -0.019903 -0.017990 -0.051574 0.002951 0.003409 -0.009289 0.022147 -0.037669 -0.019603 -0.040279 -0.014614 -0.014978 -0.030990 -0.007202 -0.028018 -0.015018 -0.000918 0.016085 0.002663 -0.000224 -0.041569 -0.005175 -0.019181 -0.012418 -0.025719 -0.018416 -0.027533 -0.051068 -0.019840 -0.033964 -0.013641 0.010749 0.015805 -0.006595 -0.008133 -0.015744 -0.000700 -0.019263 0.020262 -0.006491 -0.024192 -0.038669 -0.053254 -0.026966 -0.079869 -0.035694 0.026723 -0.007627 -0.039401 -0.026079 -0.011245 -0.003856 -0.020130 -0.029244 -0.012780 -0.023078 -0.027536 -0.017677 -0.018461 -0.002672 0.014135 0.002511 -0.028885 0.001067 -0.036146 -0.021474 -0.009066 -0.018122 -0.018181 0.004769 -0.005591 -0.036443 -0.013928 0.010562 -0.015298 -0.031762 -0.015830 -0.008704 0.002822 0.004386 0.008956 0.010808 0.020231 -0.015169 -0.050375 -0.000795 -0.030097 -0.028869 0.004082 -0.002620 0.008560 -0.018878 -0.004460 -0.012697 -0.042981 -0.030546 0.010260 -0.007384 0.007180 -0.009943 -0.012183 0.005758 -0.012064 -0.024446 -0.021690 -0.020775 0.003204 0.047691 0.004613 -0.015985 -0.020007 -0.006210 -0.018133 0.005580 -0.002789 -0.009013 -0.046810 0.005224 -0.017170 0.012403 -0.040655 -0.007249 -0.008820 -0.005506 -0.003975 -0.024502 -0.021079 0.011678 -0.016278 -0.052825 -0.031233 0.001697 -0.008583 -0.021617 -0.003560 -0.003162 -0.024053 -0.022710 -0.006718 -0.027860 -0.004076 -0.029895 -0.015583 0.007366 0.015900 -0.028592 -0.018716 -0.024286 -0.021900 -0.009890 -0.004058 0.010964 -0.007857 -0.002257 -0.001275 -0.004874 -0.027737 -0.046565 -0.008067 -0.000830 -0.009041 -0.000405 -0.009441 -0.005548 -0.038533 -0.036560 -0.036971 -0.015043 -0.019643 0.003469 0.002688 -0.001529 -0.009675
-0.002799 -0.010083 0.013644 -0.024971 -0.012178 -0.010933 -0.000689 -0.033697 -0.018117 0.019408 -0.031321 -0.020210 -0.014330 -0.011840 -0.036566 -0.015951 -0.017732 -0.009218 0.002555 -0.004839 -0.011661 -0.022261 -0.029119 -0.004626 -0.054374 -0.008269 -0.019108 -0.014210 -0.013360 -0.023971 0.006232 -0.009300 -0.003392 -0.003266 -0.014566 -0.009699 -0.007879 -0.032437 0.001668 -0.012820 -0.025217 -0.007885 -0.024596 -0.032871 -0.038212 -0.016546 -0.037519 0.001909 -0.002957 -0.023569 -0.009622 -0.010000 -0.018741 0.008683 -0.036883 -0.036350 -0.028281 -0.030757 -0.006747 -0.014655 -0.029261 -0.021812 -0.011941 0.031594 -0.004803 0.009444 0.002360 -0.017003 -0.026095 -0.030325 0.003927 -0.035307 -0.012182 -0.025881 -0.025512 -0.001749 -0.011879 0.002467 0.015585 -0.035542 -0.027630 0.003053 -0.030977 -0.029593 -0.020522 -0.046487 -0.035960 -0.003258 -0.012544 -0.045662 -0.015292 -0.013743 -0.022883 -0.001572 -0.004925 0.006241 -0.037974 -0.028847 -0.018614 -0.028569 0.023423 -0.041952 0.000309 0.005992 -0.005311 -0.001771 0.013916 -0.032027 -0.017878 -0.004166 -0.000110 -0.009318 -0.045188 -0.005967 -0.001483 -0.043962 -0.031415 -0.008360 0.025691 0.024728 -0.019654 -0.037663 -0.019175 -0.023703 -0.051731 -0.037764 -0.006773 -0.016874 -0.008536 -0.076170 -0.027513 -0.010223 -0.021039 -0.005409 0.009729 -0.023057 0.027011 0.007112 0.011948 0.002373 -0.031059 -0.011254 -0.005405 -0.013797 0.026695 0.004552 -0.000843 -0.009128 -0.024091 -0.025995 -0.039934 -0.033984 -0.006608 -0.012374 -0.028653 0.005887 -0.003181 -0.036177 -0.020204 0.034074 -0.004804 -0.037653 -0.043163 -0.058993 -0.044659 -0.000318 -0.016102 -0.021714 0.003666 -0.006151 -0.000270 -0.011825 -0.005487 0.014563 -0.006780 -0.007459 0.019118 0.024447 0.016670 -0.024529 -0.045414 0.014661 -0.016435 -0.037959 0.007364 0.008551 -0.013336 -0.004969 0.003245 0.001798
0.003450 0.007018 -0.025990 0.000256 0.015760 0.001793 -0.016745 -0.019272 -0.002150 -0.007305 -0.067728 -0.044976 -0.004315 0.036721 -0.019861 -0.029196 -0.031263 -0.032412 -0.017904 -0.019262 -0.029711 -0.031351 0.001856 -0.000581 -0.020596 -0.007052 0.024031 0.000657 -0.008751 0.004004 -0.013895 -0.015136 -0.025444 -0.002962 -0.015279 -0.018721 -0.023457 -0.044210 -0.025411 -0.024947 0.027530 0.024337 0.009942 -0.008478 -0.007370 -0.011572 -0.024236 -0.026453 -0.015994 -0.026026 -0.031237 -0.006055 -0.012140 -0.003626 -0.012727 -0.019888 -0.030868 -0.028972 0.002112 -0.022164 -0.024809 -0.016629 -0.020444 -0.001632 0.002655 0.019526 0.025169 -0.003357 -0.048607 -0.063837 -0.017471 -0.021038 -0.005059 -0.032593 -0.010470 -0.006954 0.027227 0.024741 0.006043 -0.004260 -0.018440 0.002889 0.012701 -0.038779 -0.022828 -0.030185 -0.035062 -0.024047 -0.005400 -0.018659 -0.002798 -0.028897 0.005720 -0.005111 -0.017157 -0.023208 -0.027659 -0.022122 -0.017971 -0.026156 -0.006898 -0.018703 -0.012977 -0.019349 -0.018769 -0.038358 -0.047900 -0.038584 -0.011421 -0.027332 -0.063046 -0.023332 -0.018816 0.011171 -0.002786 -0.046529 -0.021776 -0.004508 -0.013209 0.011900 0.022199 -0.017107 -0.018671 -0.004908 -0.010188 -0.008673 0.014080 -0.035150 -0.038650 -0.006494 0.018785 0.009739 0.007495 0.071878 -0.006985 -0.051768 0.001879 -0.008743 -0.004905 -0.017428 0.004573 -0.012957 -0.003234 -0.023145 0.001158 -0.029929 -0.058342 -0.038802 -0.056933 -0.003575 -0.016106 -0.025693 -0.019319 -0.039870 -0.057450 -0.012779 -0.011209 -0.005832 -0.001864 0.019994 -0.005097 -0.028010 -0.036098 -0.053589 -0.045143 -0.017113 -0.027547 -0.013838 -0.033250 -0.008870 -0.017869 -0.030858 0.019644 -0.018209 0.003933 -0.012178 0.009594 0.000212 0.010416 -0.017284 -0.030807 -0.007088 -0.023514 -0.024829 0.027621 -0.022918 -0.008183 -0.009144 -0.022704 -0.000242
-0.012286 -0.013494 -0.051067 -0.012679 -0.011617 -0.029447 -0.037166 -0.018702 -0.021042 -0.014161 -0.007763 0.008857 -0.027196 0.003584 -0.011539 -0.024057 -0.013719 -0.001126 0.014862 -0.027363 -0.033129 -0.010033 -0.011678 -0.037169 -0.012847 0.007377 0.021722 0.018004 -0.013693 0.016937 -0.012262 -0.008582 -0.001805 -0.006786 -0.014178 -0.024153 -0.016031 -0.041216 -0.041062 -0.023789 0.030425 0.023333 0.017543 0.008985 -0.017848 -0.009987 -0.002723 -0.000615 0.022554 -0.038090 -0.007109 -0.038819 -0.044978 -0.017168 0.003022 -0.026835 -0.036016 -0.021932 -0.015193 -0.027036 -0.004550 0.006482 -0.051212 -0.041531 0.008409 -0.000628 0.011251 0.021046 0.001377 -0.031681 0.005132 0.025676 -0.008432 -0.061644 -0.015890 0.002051 -0.028405 -0.012458 0.000416 -0.038805 -0.015950 0.007137 0.020164 0.038357 -0.019787 -0.038032 -0.005514 -0.013069 0.014327 0.036358 0.010535 -0.002852 0.018294 -0.010535 -0.015712 -0.045015 -0.061888 -0.049764 -0.038241 -0.031185 -0.004943 0.007568 -0.025069 -0.011275 -0.028104 -0.026776 -0.051586 -0.009055 0.027685 -0.019313 -0.054028 -0.017593 0.007597 -0.029722 -0.012832 -0.006789 -0.000178 -0.012744 -0.007509 0.009925 0.003790 -0.005682 -0.002984 -0.025493 -0.017447 -0.023688 -0.019950 -0.053940 -0.053864 -0.002930 0.003390 0.031660 0.019672 0.037560 -0.040755 -0.037453 -0.020263 -0.016844 -0.011409 0.013845 0.019847 -0.007163 0.000410 -0.010009 -0.023353 -0.027850 -0.003380 0.024130 -0.063666 0.003197 -0.020667 -0.011265 0.009622 0.000015 -0.028654 -0.001062 -0.017097 0.017815 0.005628 0.015056 0.001516 -0.010824 -0.015037 -0.023770 -0.042270 -0.034214 -0.026421 0.021271 -0.009820 0.010737 -0.018357 -0.006755 0.020380 -0.003152 -0.020172 0.026400 0.008313 -0.012924 0.021437 -0.031062 -0.040502 0.005507 0.001374 -0.011771 -0.004753 -0.050134 -0.041191 -0.015465 0.009882 0.019761
0.003511 -0.018982 -0.056926 -0.028974 -0.014486 -0.027005 -0.027305 -0.018494 -0.016444 0.000673 -0.014840 -0.006730 -0.040008 -0.015693 -0.016665 -0.020321 0.004207 0.008497 -0.008070 -0.041860 0.003108 0.012690 -0.028014 -0.009507 -0.017752 -0.032606 -0.031200 -0.024124 -0.031515 0.000599 0.019052 0.015380 0.009856 -0.044309 -0.036888 -0.028892 -0.037945 -0.029908 -0.032613 0.000307 -0.000611 -0.013066 -0.020506 0.007485 -0.020953 -0.030839 -0.014604 -0.013460 0.016185 -0.032625 -0.023805 -0.012543 -0.019496 -0.007768 -0.006727 -0.024070 -0.005615 -0.005560 -0.013126 -0.009013 -0.031182 0.009413 0.034547 0.031641 -0.002644 -0.002515 0.018096 0.002550 -0.004597 -0.018473 -0.002512 -0.058711 -0.020625 -0.042760 -0.002130 -0.006710 -0.053631 -0.016891 -0.021846 -0.039895 -0.013536 -0.015367 -0.018452 0.020712 -0.011471 -0.035195 0.012294 -0.030516 -0.019380 -0.016619 -0.008446 0.014092 -0.017880 -0.039792 -0.037539 -0.030551 -0.038606 -0.035426 0.003238 0.008757 0.010499 0.048645 -0.029628 -0.010327 -0.014472 -0.025459 0.003321 -0.012246 -0.009891 -0.014894 -0.025667 0.006433 -0.010805 -0.038085 -0.010225 0.017158 -0.019164 -0.013367 -0.000973 0.007288 -0.025182 -0.026906 -0.012512 -0.041480 -0.031794 -0.051918 -0.049828 -0.032956 0.006068 -0.040638 -0.017984 -0.019915 -0.011062 -0.008185 -0.047540 -0.016736 -0.006996 0.014166 -0.001659 0.006040 0.013003 0.011442 -0.003920 -0.010006 -0.017631 -0.001501 -0.021806 -0.018543 -0.025671 0.009277 -0.031091 -0.006773 0.014641 -0.025112 -0.007320 -0.017603 -0.019188 -0.008854 -0.015751 -0.000870 0.002026 -0.006371 -0.013592 -0.000884 0.012755 0.010579 0.002760 -0.011726 -0.022848 -0.013407 -0.033265 -0.005791 -0.002597 0.007865 -0.019980 0.000184 0.006364 0.006649 -0.012907 -0.028029 -0.012047 -0.015711 -0.027160 -0.015632 -0.008786 -0.013267 -0.031059 -0.017993 0.007783 0.003048
-0.030813 -0.007128 -0.031121 -0.037436 -0.034259 -0.008377 -0.023378 -0.048477 -0.008137 0.018781 -0.014579 -0.015829 0.015212 0.026255 -0.006331 -0.028206 -0.017928 -0.030393 -0.042689 -0.031442 -0.014666 0.011707 -0.032404 0.014552 -0.015253 -0.037900 -0.042097 -0.029488 -0.029703 -0.002828 0.004731 0.031079 -0.025770 -0.013926 0.009663 -0.003904 -0.025566 -0.046047 -0.022536 0.026917 0.003518 -0.049158 -0.056887 0.012779 0.015608 -0.022789 -0.014864 -0.012678 0.032087 -0.007666 -0.035384 -0.006336 -0.019171 -0.016767 0.022393 0.014541 -0.002057 -0.013596 -0.026202 -0.030804 -0.040546 -0.024720 0.009216 -0.011588 -0.026299 -0.024908 -0.022790 -0.003443 -0.009335 -0.032460 0.004266 -0.012349 -0.017794 0.001698 0.004398 -0.050240 -0.029540 -0.020820 -0.002321 0.012413 -0.028032 -0.060780 -0.065695 -0.008958 -0.007573 -0.047808 -0.036302 -0.027144 -0.002219 -0.006235 0.006976 0.002186 -0.006321 0.004027 -0.011974 -0.013890 0.001376 0.022100 0.015016 -0.050049 -0.018566 0.002791 -0.048337 -0.012051 0.020763 -0.020865 -0.040736 -0.004750 -0.022627 -0.020322 -0.022011 0.008485 0.019746 -0.049643 -0.031085 -0.019242 0.023182 -0.015855 -0.015549 -0.007753 -0.018709 -0.013934 -0.007304 -0.015501 -0.000076 -0.016219 -0.048680 0.008720 -0.001925 -0.023779 -0.003054 -0.004878 -0.020106 -0.099650 -0.024820 -0.017718 0.005604 -0.001451 -0.018889 -0.021719 -0.033776 -0.027678 -0.035326 -0.014564 0.000426 -0.020024 -0.038817 -0.068548 -0.016539 -0.052943 -0.015617 -0.017932 0.003382 -0.020727 0.005119 -0.021062 -0.005206 -0.005897 -0.001227 -0.024285 -0.011364 -0.015711 -0.032242 -0.032345 0.011429 0.011648 -0.018052 -0.016370 -0.026864 -0.019149 0.004423 -0.005076 -0.022714 -0.041374 -0.011189 -0.024461 -0.042911 -0.016424 -0.029385 0.003034 -0.028516 -0.006937 0.000166 -0.016183 0.000441 0.021566 -0.001050 0.014721 0.017631 0.020279
-0.007406 -0.022602 -0.050366 -0.026160 -0.033850 -0.029726 -0.008022 -0.012623 -0.001598 -0.007826 -0.001001 0.006584 0.013205 0.014996 0.004004 -0.022916 -0.024742 -0.035262 -0.009150 -0.002479 0.000353 0.004075 -0.014125 -0.002661 0.008235 -0.012085 -0.055398 -0.035951 -0.016171 0.006007 -0.010279 -0.001922 0.016768 0.012479 0.006103 0.002156 -0.024375 -0.022657 -0.047924 -0.038204 -0.044711 -0.030662 -0.014529 0.013216 0.017694 -0.021372 -0.035070 -0.009500 -0.017111 -0.035975 -0.023645 -0.037312 -0.039123 -0.017630 -0.013395 -0.016055 -0.005325 0.004391 -0.027198 -0.022117 -0.002534 -0.023997 0.006007 -0.064441 -0.026198 -0.006771 -0.006895 0.002991 -0.033263 -0.024278 -0.018076 -0.017013 -0.015563 -0.005329 -0.040509 -0.062705 0.015439 0.005693 0.039047 0.018768 -0.014431 -0.013805 -0.027374 -0.056888 -0.053878 -0.022130 -0.048302 -0.027914 -0.011889 -0.009091 0.008990 0.007148 0.013662 -0.016050 -0.011439 0.000663 0.005377 -0.003945 0.000207 -0.024515 -0.002268 0.011735 -0.030330 -0.013326 0.000656 -0.015844 -0.018421 -0.004181 -0.024141 -0.025310 -0.048916 -0.019235 0.011685 -0.023282 -0.003193 0.003612 0.014875 0.012146 -0.002632 0.014396 -0.006247 0.002549 -0.020106 0.010053 -0.021982 -0.008174 -0.023066 -0.014243 -0.031506 -0.008710 -0.009155 -0.000723 0.026499 -0.096423 -0.072926 -0.008812 -0.030012 -0.004052 -0.003342 -0.025552 -0.042523 -0.031525 -0.013069 -0.018794 -0.024826 -0.038209 -0.040968 -0.088155 -0.032676 -0.056886 -0.006466 -0.004107 -0.024041 -0.033291 -0.010722 -0.015051 -0.020978 -0.006417 0.010599 -0.018747 -0.022548 0.007206 -0.032374 -0.012724 0.013255 -0.003902 -0.042533 -0.036427 0.013503 -0.001217 -0.007198 -0.024071 0.005645 -0.009640 -0.009633 0.008802 -0.002549 -0.029757 0.008942 -0.009978 -0.005777 0.001388 0.017864 -0.010128 -0.030706 -0.022694 -0.007502 0.001090 -0.030276 0.000959
-0.006862 -0.072437 -0.069273 -0.003670 0.007687 -0.019920 0.013112 -0.002259 0.001022 -0.015465 -0.000559 -0.015372 -0.021214 -0.025589 0.016627 -0.001750 -0.010974 -0.010850 -0.030513 -0.046690 -0.032189 -0.016619 -0.004587 -0.011403 0.008302 -0.024280 -0.046092 -0.040196 0.004404 -0.034780 -0.015593 -0.009213 -0.006183 -0.004324 -0.007339 -0.006335 -0.006844 0.017590 -0.009293 -0.024075 -0.025745 0.000884 -0.023348 0.017593 0.011704 0.005558 -0.018800 -0.036274 -0.048959 -0.033767 -0.003307 -0.021255 -0.037927 -0.034370 -0.019710 -0.030208 0.004914 0.009667 -0.013611 -0.016311 -0.031871 0.008146 -0.014462 -0.055356 -0.075211 -0.050032 -0.031626 -0.032906 -0.022741 -0.028162 -0.045649 -0.030642 -0.011727 0.011772 -0.006331 -0.014761 0.002630 -0.001677 -0.002038 -0.008620 -0.020771 -0.032743 -0.013900 -0.039701 -0.072556 -0.042328 -0.015945 -0.014226 0.006288 -0.015854 -0.013310 -0.004437 0.006628 0.006982 -0.032451 -0.008100 -0.030594 -0.015355 -0.009997 -0.021462 -0.007028 0.002509 -0.035449 -0.038779 -0.026041 -0.013929 -0.019817 -0.018947 -0.027946 -0.028683 -0.043863 -0.039083 -0.007256 0.004590 0.012148 -0.009416 -0.050905 -0.013241 0.014528 -0.006134 -0.005102 -0.010875 -0.019734 -0.013402 -0.062960 -0.042959 -0.002406 0.011654 -0.012895 -0.044897 -0.046508 -0.031161 0.014563 -0.044518 -0.022138 0.013557 0.001473 0.032991 0.012493 -0.015506 -0.005501 0.016428 0.000648 -0.009465 -0.010882 -0.030226 -0.023902 -0.027884 0.000940 -0.045379 -0.017529 -0.031481 -0.020839 0.007220 -0.030478 -0.039022 -0.035162 -0.022868 0.016228 -0.002379 -0.023163 0.014999 -0.004310 0.012450 0.018002 0.004403 -0.000513 -0.011995 0.001063 0.009910 0.001067 0.005750 0.029606 -0.005795 -0.013462 -0.026592 -0.025947 0.003476 0.012319 -0.002892 0.006851 0.003196 -0.008632 -0.016244 -0.016592 0.014303 -0.015787 -0.032219 -0.028588 0.014749
-0.026665 -0.048875 -0.039211 -0.013859 -0.008574 -0.031055 0.010597 -0.028632 -0.017908 -0.005086 0.028808 -0.032553 -0.038805 -0.037433 0.022060 0.017179 -0.003843 -0.017796 -0.043023 -0.040983 -0.025655 -0.013796 -0.029088 -0.010150 -0.011776 0.001072 -0.017703 -0.009990 -0.000812 -0.015114 0.000747 -0.002242 -0.003682 -0.033547 -0.017810 0.001426 -0.017209 0.006726 0.005758 0.017847 0.020919 0.002815 -0.021665 0.005868 -0.008915 -0.014758 -0.011053 -0.017102 -0.013181 -0.006427 -0.004440 -0.012963 -0.036852 -0.000456 -0.010120 -0.013678 0.017514 -0.012676 -0.018736 -0.036900 -0.025446 -0.014294 -0.012581 0.015828 -0.100951 -0.065149 -0.025804 -0.041772 0.004598 -0.010261 -0.012855 -0.020459 -0.015517 0.012146 0.005120 0.021992 -0.021421 -0.038257 -0.008886 -0.016320 -0.001578 -0.031012 -0.031839 -0.039584 -0.042541 -0.023310 -0.032071 -0.034318 -0.036612 -0.039798 -0.049287 -0.020330 0.012612 -0.017937 -0.041988 -0.020602 -0.050401 -0.017374 -0.006264 0.014903 -0.025848 -0.005067 -0.002363 -0.001307 0.006151 -0.013814 0.002078 0.002471 -0.005926 0.003700 -0.046974 -0.060947 0.019807 -0.001166 -0.006939 -0.055932 -0.070046 -0.066272 -0.040950 -0.017560 0.014107 -0.025902 -0.028951 -0.028031 -0.021522 -0.025081 -0.014510 -0.003953 -0.034994 -0.033758 -0.014865 0.055457 -0.006990 -0.012929 0.014870 -0.000840 0.002536 -0.024617 -0.042421 -0.043235 -0.007266 -0.036000 -0.029521 0.008144 -0.000436 -0.007359 -0.015300 -0.001102 0.008645 -0.037850 -0.015011 -0.024480 -0.002352 0.028258 -0.001870 -0.028596 -0.025684 -0.020321 0.002532 0.008370 -0.010978 -0.016230 -0.050375 0.009163 0.010927 0.010149 -0.002974 -0.023127 -0.023888 0.013013 -0.014916 -0.006310 -0.015435 -0.004712 0.011352 -0.020917 0.004551 0.000927 -0.013547 -0.028399 0.027869 -0.016982 -0.034358 -0.024756 -0.036124 -0.036826 -0.013561 -0.042821 -0.070136 0.002219
-0.041025 -0.037243 -0.045603 0.010895 0.017384 -0.020219 -0.000872 -0.007001 -0.029168 -0.024630 -0.013763 -0.021451 -0.014234 -0.014372 -0.006076 0.020310 0.001514 0.008230 -0.015430 -0.064858 -0.005041 -0.003396 -0.010815 0.002837 -0.018155 0.004943 -0.027066 -0.025873 -0.031227 -0.004966 -0.046563 -0.021278 -0.000190 -0.062716 -0.036361 -0.031876 -0.033882 -0.037237 -0.029217 0.029513 0.004619 -0.015792 0.009354 -0.006170 -0.002088 0.020589 -0.009536 -0.013292 -0.013529 -0.005349 0.007579 -0.007747 -0.024216 -0.012713 0.001408 0.008651 0.012393 -0.012608 -0.022488 -0.008731 -0.022765 -0.030711 -0.015864 0.005060 -0.040409 -0.071062 0.007466 -0.017124 0.038027 -0.023931 -0.011996 -0.012264 -0.029257 -0.008360 -0.028518 -0.032492 -0.041746 -0.050869 -0.006728 0.012610 -0.002070 -0.003858 -0.004957 -0.012136 -0.007767 -0.001598 -0.043859 -0.026276 -0.034196 -0.022989 -0.038034 -0.004344 -0.009323 -0.015747 0.018689 -0.000561 -0.046682 -0.036672 0.007534 0.022040 -0.059619 -0.027743 -0.023420 -0.026737 -0.001673 -0.028079 -0.003997 0.021723 -0.012025 -0.059423 -0.055104 -0.082440 -0.005423 -0.016405 -0.014824 -0.046899 -0.054609 -0.034704 -0.011667 -0.000237 0.007480 0.005136 -0.006073 -0.018911 -0.031345 -0.028203 -0.031825 0.004292 -0.048691 -0.027109 -0.033093 0.044376 -0.009247 -0.019751 0.010728 -0.022022 -0.007248 -0.027214 -0.007369 -0.016940 -0.017814 0.001623 -0.016780 -0.013572 -0.015510 -0.002771 -0.019507 -0.023049 0.008813 -0.020720 -0.029523 -0.001213 -0.017392 -0.015561 0.006225 -0.019908 -0.035279 0.001139 -0.007768 -0.002996 -0.015850 0.007444 -0.010287 -0.000111 -0.004037 -0.009297 -0.015828 -0.011901 -0.008042 -0.027933 -0.033134 0.005441 -0.007184 -0.002550 0.002269 0.011786 -0.020588 -0.009233 0.001228 0.007623 0.011606 -0.008016 -0.060183 -0.053051 -0.021015 0.001337 -0.011938 -0.032347 -0.045833 -0.011368
-0.019813 -0.037946 -0.023823 0.006917 -0.013001 -0.017914 -0.016549 -0.010129 -0.029713 -0.003665 -0.004854 -0.057772 -0.052887 -0.009549 -0.002946 0.013994 0.003286 0.006449 -0.005802 -0.027365 0.013144 0.011730 -0.024861 -0.027494 -0.037151 -0.006642 0.005517 -0.002134 -0.022953 -0.016561 -0.020980 -0.008128 -0.002634 -0.046625 -0.078694 -0.089080 -0.028639 0.003227 -0.016611 0.005269 -0.041884 0.003217 0.009323 -0.011386 0.018522 0.020686 -0.012371 -0.012989 -0.022219 -0.017892 0.005210 0.002319 -0.046100 -0.053487 -0.003955 0.009195 0.006340 -0.013116 -0.013134 0.010874 -0.019001 -0.031160 -0.013827 -0.018154 -0.011933 -0.119875 -0.032537 -0.023482 -0.028736 -0.011191 -0.003679 -0.016345 -0.003363 -0.009281 0.003529 -0.011214 -0.033808 -0.041410 -0.010978 -0.008485 -0.013920 -0.007053 -0.038380 -0.036966 0.012229 -0.035290 -0.047085 -0.035582 -0.015673 0.001619 -0.014040 0.020179 -0.027255 -0.032530 -0.008071 0.023093 -0.005430 -0.013422 0.002196 0.005948 -0.022085 -0.014390 -0.030573 -0.017001 -0.035039 -0.041967 -0.021759 -0.005902 -0.047693 -0.072746 -0.024971 -0.042750 -0.013008 0.019710 0.007329 -0.022007 -0.020694 -0.015648 -0.012414 0.005914 -0.003874 0.016655 0.023719 -0.003883 -0.023212 -0.002409 -0.022988 -0.015683 -0.038420 -0.037533 0.006041 -0.021052 -0.015230 -0.018297 -0.013859 -0.005727 -0.009254 -0.015000 -0.007663 -0.027418 -0.017542 0.010596 -0.011722 -0.016654 -0.005747 0.015006 -0.007297 -0.034877 -0.013807 0.000271 0.019942 -0.007173 0.002079 0.003528 -0.003966 -0.031815 -0.026885 -0.003116 0.007915 0.002820 -0.021758 -0.020092 0.009686 0.013317 0.031567 0.022478 0.035024 0.003498 -0.005377 -0.029183 -0.022459 0.009472 0.004591 0.003045 -0.039379 -0.021380 0.001985 0.022645 -0.011199 -0.022112 -0.018356 -0.031805 -0.010336 0.016258 0.032692 0.019354 0.008989 0.001550 0.009438 -0.014416
0.001071 -0.018861 0.005333 0.017528 -0.024838 -0.021166 -0.020607 0.013402 -0.005102 -0.000816 0.029298 -0.032020 -0.006554 -0.004324 -0.033310 -0.029964 -0.014193 -0.011374 -0.027670 -0.003930 0.042391 0.015392 -0.026993 -0.029158 -0.051085 -0.015340 0.010193 0.055213 0.032097 0.005644 0.009874 -0.023537 -0.018880 -0.004302 -0.025820 -0.006560 -0.008733 0.003965 -0.029752 -0.004476 -0.023275 -0.016110 0.022053 0.042847 0.054222 0.011621 -0.024991 -0.007420 0.005214 -0.017011 0.005287 -0.000058 -0.021778 -0.035888 -0.007559 -0.019539 -0.019339 -0.010434 -0.008092 -0.028834 -0.031417 -0.020141 -0.011114 -0.020538 -0.018018 -0.040198 -0.021294 0.006670 -0.025427 0.004172 -0.032734 -0.007677 -0.006610 0.008560 -0.034205 -0.050968 -0.047032 -0.054084 -0.006928 0.007373 -0.027133 -0.038535 -0.017220 0.004755 0.044709 -0.015801 -0.017108 -0.029956 -0.013170 0.002027 -0.028995 -0.028218 -0.025478 -0.018547 -0.027094 -0.040268 -0.008829 -0.019606 -0.025242 -0.020893 -0.006683 0.001397 -0.033260 -0.026504 -0.025739 -0.016375 -0.007864 -0.027079 -0.023426 -0.042120 -0.028195 -0.038283 -0.014295 -0.003004 0.012164 -0.002913 -0.010632 -0.049217 -0.048211 -0.026624 -0.016869 -0.002921 0.009482 -0.015081 -0.024987 -0.022157 -0.024472 -0.021038 -0.002094 -0.001679 -0.053169 -0.043841 0.002971 -0.006485 0.004764 0.012876 -0.006641 -0.013590 0.006006 0.002092 0.005968 0.020560 -0.011563 -0.023079 -0.027154 -0.029267 -0.026726 -0.026975 -0.020309 0.021840 0.010165 -0.032580 -0.012249 0.026405 0.000249 -0.010347 0.004854 -0.047566 0.001152 -0.019154 -0.008481 -0.001193 -0.011623 -0.010253 0.000692 -0.017128 -0.028046 -0.013932 0.004353 -0.004025 -0.008798 -0.000017 -0.005459 0.003999 -0.027110 -0.027463 -0.010222 -0.024723 -0.005495 -0.012952 -0.010888 -0.016446 -0.010380 -0.001706 0.007543 -0.015111 -0.027641 -0.004008 -0.014465 -0.015066
0.003053 0.007117 -0.009138 -0.000469 -0.021126 -0.005708 -0.007006 0.006747 0.033675 -0.006936 -0.009189 -0.025591 0.008197 0.018705 -0.009550 -0.026189 -0.008032 -0.010095 -0.032503 -0.021350 -0.035108 0.006259 -0.017932 -0.026222 -0.074586 -0.032531 -0.028947 -0.021168 0.006754 -0.010599 -0.028375 -0.046408 -0.010865 0.016201 0.004510 0.018086 -0.022824 -0.002416 -0.025498 -0.040010 -0.033682 -0.014623 0.013226 -0.025346 -0.005190 -0.018097 -0.035507 -0.025523 -0.006515 -0.021102 -0.013105 0.007690 -0.020244 -0.031079 -0.012576 -0.022240 -0.005101 -0.006658 0.010704 -0.020894 -0.004280 -0.021727 -0.004636 -0.009018 0.005946 -0.040369 -0.025331 0.040295 0.035755 0.015776 -0.047168 -0.017521 -0.017178 -0.029784 -0.038887 -0.038859 -0.044340 -0.039749 -0.013735 -0.012538 -0.010532 -0.023175 0.004595 0.006586 0.007829 -0.048936 -0.023742 -0.006352 -0.001089 -0.038926 -0.034602 0.026834 -0.003305 -0.015133 0.001856 0.001410 0.010055 -0.006062 -0.033990 -0.056120 -0.011258 0.011184 -0.000807 -0.023593 -0.019034 -0.005165 -0.034259 -0.039428 -0.019408 -0.050255 -0.012891 -0.020730 -0.006195 0.012025 0.018407 0.010398 0.005585 -0.005266 -0.019395 0.027982 -0.003921 0.000688 -0.007917 -0.032870 -0.016698 -0.051439 -0.032400 -0.003421 -0.006656 -0.017605 -0.060259 0.046498 -0.001751 -0.021256 0.003111 0.012894 -0.038127 -0.021085 0.000452 -0.015188 -0.012106 -0.032438 -0.033399 0.009625 -0.006889 -0.008389 -0.022882 -0.022487 -0.007497 -0.015504 -0.029814 -0.020424 -0.028136 0.006855 0.024644 -0.004004 0.002699 -0.032175 -0.023390 -0.010949 0.008095 -0.013003 -0.047185 -0.043104 -0.028469 -0.020886 -0.011601 -0.053410 -0.004905 -0.021637 -0.030179 -0.005521 0.001271 -0.011384 -0.035770 0.003587 -0.015512 -0.069278 -0.046409 -0.012365 -0.006256 -0.008909 -0.011857 -0.017375 0.007810 -0.029572 -0.041382 0.008792 -0.031836 -0.019179
-0.032702 -0.002077 -0.014117 -0.005466 -0.033939 -0.014212 -0.010997 0.001423 0.036814 -0.014989 -0.051361 -0.006334 0.010407 0.017434 0.003438 -0.050759 -0.025930 -0.022651 -0.022917 0.002527 -0.032795 0.002036 0.008620 0.011902 0.000327 -0.012408 -0.012339 -0.027302 -0.010105 -0.007107 -0.036233 -0.021955 -0.002903 0.005602 -0.004068 0.030133 -0.002013 -0.018066 -0.027200 0.000078 -0.013943 -0.028420 -0.009513 -0.029105 -0.026823 0.010749 0.024366 0.010113 -0.009131 -0.022812 -0.033800 -0.033318 -0.008325 -0.006470 -0.019966 -0.000492 0.019765 0.006209 -0.005126 -0.014298 -0.004491 -0.016827 -0.004643 0.024382 0.019546 -0.039318 -0.014514 -0.024621 0.005249 -0.018144 -0.028076 -0.007091 0.000673 -0.000736 0.004882 0.009031 -0.025119 -0.024026 0.017917 -0.024527 -0.028310 0.025602 0.016623 -0.006201 -0.010251 -0.034164 -0.053057 -0.005920 -0.029384 0.002277 -0.000232 -0.023617 -0.032583 -0.021760 -0.011140 0.000708 0.004545 -0.005636 -0.022120 -0.013050 -0.037292 -0.034174 0.012146 0.012277 -0.004801 0.008678 0.017681 -0.018611 -0.029629 -0.027740 -0.006308 -0.017160 -0.005616 -0.004808 0.016077 -0.003525 -0.060832 -0.039622 0.007215 0.051633 0.012853 -0.011108 -0.026177 -0.024924 0.015729 -0.022729 -0.015554 -0.001379 0.057125 -0.025894 0.002763 0.013676 0.002669 -0.008667 -0.014240 0.012095 0.001173 0.006623 -0.012027 -0.024311 -0.026036 -0.018225 -0.007102 0.003753 -0.006123 0.015517 -0.003058 -0.031847 -0.012199 0.020126 -0.013129 -0.012829 -0.020300 -0.009969 0.024670 0.002102 -0.017375 -0.023366 -0.015499 -0.023803 -0.005200 -0.035281 -0.048655 -0.036678 -0.008460 0.024684 0.026597 -0.022390 -0.027411 -0.055015 -0.008169 -0.016158 -0.035500 -0.008010 -0.002886 0.007555 -0.024699 -0.004889 -0.033585 -0.039416 -0.018840 -0.021417 -0.010152 0.000468 -0.046675 0.011660 0.004794 0.010139 -0.042125 -0.019041
-0.047266 -0.022150 -0.020148 -0.015222 -0.002691 -0.001259 -0.017025 -0.025480 -0.012228 -0.022231 -0.052836 -0.022290 -0.025169 -0.004681 -0.024213 -0.052569 -0.009430 -0.000340 -0.009676 -0.019489 -0.025244 -0.002447 0.003937 0.020287 0.020992 -0.014231 -0.011506 0.006047 -0.008298 0.005797 -0.010449 -0.007007 -0.026329 -0.042530 -0.003616 0.001481 -0.023984 -0.026623 -0.035067 -0.002081 -0.004214 -0.009829 -0.014419 0.015064 -0.045605 -0.018714 0.021123 0.014587 -0.016473 -0.021335 -0.024089 -0.035280 -0.024265 -0.019826 -0.035250 0.011755 0.007245 -0.000011 -0.000907 0.004859 -0.032215 -0.009290 -0.013141 -0.019664 -0.000522 0.003568 0.012638 -0.003530 -0.070681 -0.023975 0.014742 -0.010014 -0.020482 -0.004790 0.006896 -0.011122 -0.036804 -0.028293 -0.028854 -0.018128 -0.009579 0.020659 -0.007813 -0.012627 -0.010276 0.010040 -0.041322 -0.032932 -0.064781 -0.042426 -0.015774 -0.029935 -0.017538 -0.005848 0.059665 0.000736 0.015009 0.009259 -0.031681 -0.017556 -0.011152 -0.044548 -0.012597 0.020796 -0.023849 -0.007951 0.032188 -0.009217 -0.049483 -0.022669 -0.024016 -0.073197 -0.050851 -0.021831 -0.002043 -0.012468 -0.067826 -0.037196 0.009826 0.030244 -0.014190 -0.013016 -0.023617 -0.045256 -0.030516 -0.027765 -0.042243 0.029672 0.039390 -0.036564 0.002758 -0.026039 -0.005207 -0.009197 -0.016748 -0.018652 0.002779 -0.022359 -0.008788 -0.004975 0.008460 -0.011292 -0.003093 -0.022941 -0.013059 -0.012358 0.005373 -0.007706 -0.022861 0.002253 0.003807 -0.019105 -0.026045 -0.026987 -0.012320 -0.018244 -0.024718 0.023983 0.003595 -0.003297 -0.006954 -0.012807 -0.000547 0.006797 0.017233 -0.004354 -0.046604 -0.022890 0.004385 -0.010692 -0.003208 -0.020836 -0.009088 -0.003725 -0.014610 -0.010730 -0.015788 -0.000837 -0.018835 -0.041310 -0.009984 -0.005342 -0.016473 -0.006348 0.009769 -0.017136 0.002168 -0.024401 0.003561 -0.018726
-0.024018 -0.038280 -0.039677 -0.052831 -0.012350 -0.009243 -0.001921 0.013774 -0.010963 -0.025900 -0.016921 -0.036491 -0.028336 0.005575 -0.024373 0.009788 -0.006163 -0.015413 0.005759 -0.011637 -0.014446 -0.038472 -0.011430 0.009262 -0.007226 -0.027840 -0.031701 -0.007563 -0.023198 -0.001744 -0.017526 0.004362 -0.039030 -0.008313 -0.010114 -0.032462 -0.017166 -0.036578 -0.068136 -0.025213 0.009852 0.000669 -0.048236 -0.022473 -0.026091 0.003589 -0.007961 0.002996 -0.009691 -0.028068 -0.020947 -0.013120 -0.010424 0.004942 -0.013060 0.002939 0.011440 0.022411 0.006372 -0.011717 0.028487 -0.019723 -0.020243 -0.025603 -0.014842 -0.009947 0.007985 0.038997 -0.105762 -0.145737 -0.033317 -0.025664 -0.014567 0.008818 -0.000901 -0.020364 -0.028455 -0.042728 -0.028842 0.002976 -0.016442 -0.008708 -0.011035 -0.042607 -0.025910 -0.000830 -0.024120 -0.048089 -0.048678 -0.044973 -0.033879 -0.010699 -0.002048 -0.004196 0.004246 -0.002229 -0.007498 0.023485 -0.019690 -0.014259 -0.008141 -0.018902 -0.068108 -0.028722 -0.024380 0.008349 0.018344 -0.017911 -0.021530 -0.001186 -0.020850 -0.046812 -0.036065 -0.024901 -0.016112 0.013097 -0.029793 -0.005350 0.006731 -0.005024 -0.037926 -0.027353 -0.009713 0.016137 -0.008199 -0.021001 0.025752 0.109781 0.013089 0.008990 -0.001412 -0.006524 -0.004197 -0.018563 -0.027249 -0.012141 -0.004647 -0.007452 0.020562 -0.014902 -0.006785 -0.019936 0.008333 -0.002795 -0.003057 -0.004614 -0.030425 -0.004396 0.015909 0.007644 -0.021261 -0.013235 -0.002743 -0.022641 -0.026310 -0.021802 -0.008034 0.000132 -0.010443 -0.027547 -0.043640 -0.030541 -0.006066 0.002988 -0.029784 -0.033093 -0.009652 -0.037199 -0.006659 -0.008360 0.009757 -0.036024 -0.057562 -0.020111 -0.026914 -0.005089 -0.034569 -0.022991 0.002482 0.011135 0.012799 -0.007023 0.004542 -0.016968 -0.009288 -0.015898 -0.000186 -0.007397 -0.013884 -0.027961
-0.009877 -0.025716 -0.016444 -0.044877 -0.032317 -0.019651 -0.006475 0.006277 -0.010540 -0.026770 -0.022940 -0.040707 -0.005656 0.014390 -0.024389 -0.036709 -0.026837 0.009055 -0.016692 -0.000292 0.016962 0.015741 0.035861 -0.007685 -0.012811 -0.010261 -0.015177 -0.012359 -0.022459 -0.007579 -0.009652 -0.021022 0.001035 0.007432 -0.018457 -0.007818 -0.007947 -0.032621 -0.050648 -0.019124 -0.005191 -0.011070 -0.030507 -0.011634 0.021190 -0.007118 -0.006262 -0.045228 -0.009142 -0.016781 -0.020881 -0.025565 -0.025220 0.006500 0.016116 -0.009545 0.006926 0.011997 -0.001146 -0.022197 0.024309 -0.011296 -0.004789 0.000325 0.020122 0.011973 -0.012927 0.008934 -0.021944 -0.122842 -0.093739 -0.032223 -0.024582 -0.015068 -0.004237 0.022626 0.003064 -0.020183 -0.019852 0.002269 -0.024478 -0.035657 -0.022453 0.002955 -0.001198 -0.012829 -0.009396 -0.038724 -0.044188 -0.025302 -0.006223 0.012656 -0.006135 -0.012703 -0.030890 -0.011912 -0.023464 0.005126 -0.029324 -0.023535 -0.022924 -0.008682 0.005763 -0.009996 -0.033382 -0.024144 -0.035053 -0.030257 -0.012509 0.007848 -0.011987 -0.017794 -0.020478 -0.027383 -0.037615 0.006466 0.001049 -0.019437 -0.011632 -0.000091 -0.004655 -0.003391 -0.006953 -0.005188 0.005832 0.030669 0.045854 -0.041154 -0.035109 0.001201 -0.018735 -0.011061 0.013963 -0.022424 -0.025392 -0.041239 -0.004054 0.012254 -0.020861 -0.009162 -0.037237 -0.022308 0.003570 0.007824 -0.045431 -0.037411 -0.000975 -0.004759 -0.007385 0.020760 -0.019833 -0.001217 -0.025540 -0.019973 -0.015117 -0.017397 -0.017237 -0.033253 -0.025968 -0.015749 -0.037654 -0.036717 0.005625 -0.037113 -0.014915 -0.027568 -0.040488 -0.002232 -0.034596 -0.032316 0.016123 -0.019729 -0.034547 -0.028450 -0.040993 -0.037835 -0.063648 -0.037777 -0.037948 -0.015664 0.014381 0.016788 0.000444 -0.028476 -0.003461 0.005667 0.015732 -0.011655 -0.039863 -0.025425
-0.041396 -0.032307 -0.000802 -0.004932 -0.032929 -0.030133 0.002679 -0.012836 -0.032330 -0.027917 -0.028872 -0.009400 -0.031807 -0.011730 -0.003326 -0.024642 -0.009212 -0.022898 -0.046840 -0.012684 0.008465 0.000323 0.033182 -0.005549 -0.009178 -0.020692 -0.033415 0.003456 -0.035196 -0.038558 -0.022353 -0.022959 0.000322 -0.024805 -0.019697 0.016607 -0.003427 -0.029568 -0.019315 -0.027635 0.021119 0.003815 -0.008790 -0.004584 -0.001385 -0.036897 -0.023190 -0.017501 -0.024055 -0.006409 -0.013045 -0.021024 -0.012834 -0.004681 -0.000275 -0.005620 -0.014996 -0.008855 -0.019356 -0.010792 -0.009382 0.019532 0.013019 0.032872 0.009919 -0.013169 -0.031271 -0.038216 -0.029982 -0.012365 -0.113871 -0.115580 -0.002768 -0.004561 -0.029096 -0.040768 -0.053681 -0.016885 -0.011528 -0.004521 -0.034695 0.006866 -0.006673 0.004183 0.008682 0.009061 0.006936 -0.014351 -0.022289 -0.024584 -0.010852 0.003065 -0.001540 0.004305 -0.010754 -0.028058 -0.022353 -0.004161 0.000607 -0.045499 -0.007198 -0.029972 -0.012938 -0.026222 -0.029292 0.000724 -0.001538 -0.011609 -0.016507 -0.025057 -0.017949 -0.028713 -0.039543 -0.025090 -0.013316 -0.013109 -0.025985 0.023289 -0.010720 -0.008021 0.021842 -0.003762 -0.019126 -0.013110 -0.013546 0.015686 0.004149 -0.027965 -0.037934 -0.007833 -0.013455 -0.026854 -0.017956 -0.026566 -0.026460 -0.025890 -0.000037 0.023252 0.010551 0.020396 -0.011605 -0.017779 -0.017812 -0.014187 -0.015598 -0.015861 -0.009792 -0.004395 -0.034896 -0.032320 -0.021560 -0.002877 -0.010584 0.004581 -0.020893 -0.047484 -0.048381 -0.025840 -0.043760 -0.024240 -0.008736 0.002098 0.021170 -0.002604 0.025132 -0.009216 -0.019928 -0.007127 -0.059637 -0.039149 0.011780 -0.064499 -0.030403 -0.005380 -0.014576 -0.020915 -0.038187 -0.033899 -0.027609 0.014475 0.001679 0.005527 -0.010706 -0.039206 -0.034194 0.003143 0.010755 -0.027062 -0.034857 -0.023635
-0.016045 -0.004622 0.008638 0.004448 -0.017917 -0.020798 -0.005905 -0.020828 -0.043457 0.022585 -0.010952 -0.031026 -0.044729 -0.026611 0.003071 0.027604 -0.022781 -0.037468 -0.019570 -0.009577 -0.003559 -0.004704 -0.003002 -0.036831 -0.032402 0.000156 -0.022700 -0.019707 -0.012885 -0.045417 -0.053301 -0.028284 -0.004306 -0.029008 0.003989 0.036667 0.017393 -0.020191 -0.048756 -0.053997 0.014660 -0.003785 -0.032184 -0.036736 -0.021651 -0.030653 -0.020826 -0.014770 -0.029546 0.003156 -0.022983 0.002507 0.014454 -0.030426 -0.029337 -0.051913 -0.024552 -0.025873 -0.042893 -0.033079 0.001861 0.004218 0.008983 0.023242 -0.011248 0.012084 -0.023437 -0.026600 -0.002995 -0.005464 -0.035812 -0.092219 -0.049074 0.012940 -0.016599 -0.030297 -0.035978 -0.075241 -0.046167 -0.040024 -0.026236 0.017279 -0.021826 -0.023031 -0.021200 -0.000025 -0.038025 -0.014698 -0.008834 -0.014591 0.007253 -0.016134 -0.010137 0.000905 -0.042809 -0.057620 -0.043008 -0.034875 0.006165 -0.038660 -0.003672 0.008036 -0.001532 -0.020630 0.005923 0.014282 0.020311 0.002206 0.019076 -0.005247 -0.026073 -0.003313 -0.015090 0.013704 0.044904 -0.002060 -0.017486 0.008993 0.005500 -0.023531 0.007024 -0.000179 -0.046743 0.000328 -0.027542 -0.084906 0.025285 -0.046944 -0.033531 -0.000285 -0.002410 -0.018568 -0.000299 -0.028184 -0.058356 -0.021119 -0.006369 0.002117 0.006038 -0.007578 -0.033912 -0.048405 -0.010137 -0.011555 -0.027013 -0.022737 -0.005778 0.008269 -0.009032 -0.048663 -0.001424 0.055861 0.028314 0.004280 -0.002513 -0.004510 -0.039302 -0.058587 -0.035259 -0.039867 -0.014128 0.001731 0.034050 0.009365 -0.030108 0.003420 0.003023 -0.001566 -0.016982 -0.045691 -0.026185 -0.003493 -0.020924 -0.014520 0.021028 0.011713 0.000464 -0.017509 0.003486 -0.017621 -0.023575 -0.014174 -0.001725 -0.026796 -0.036206 -0.013301 -0.018287 -0.061138 -0.026405 0.001580
0.000870 -0.006675 0.005289 -0.026757 0.001059 0.011438 -0.000275 0.022004 -0.015721 -0.020092 -0.019932 -0.023382 -0.035142 -0.020616 -0.025023 -0.024402 -0.027908 -0.027682 -0.049605 -0.028862 0.021374 0.019966 0.005130 -0.038763 -0.016535 0.003147 -0.040243 -0.028253 0.000982 -0.005722 -0.034526 -0.018476 0.001301 -0.006348 -0.043591 0.004178 -0.035685 -0.022176 -0.016073 -0.041899 -0.029822 -0.021586 -0.011412 -0.022589 0.014139 -0.026160 -0.039022 -0.021263 -0.034844 -0.012883 -0.003061 -0.017376 -0.012754 -0.013074 -0.014562 -0.042751 0.036864 0.001603 -0.041125 -0.015558 0.000922 -0.002151 0.018513 0.037433 -0.003218 0.005166 -0.009089 -0.020493 -0.016641 -0.036288 -0.023778 0.003019 -0.094310 -0.071991 -0.028331 0.005794 0.000464 -0.008883 -0.012600 -0.033285 -0.013816 0.018439 -0.018329 -0.036951 -0.032132 -0.046955 -0.029325 0.001665 -0.024256 -0.021322 -0.011346 -0.003310 0.008877 0.009449 -0.050269 -0.039411 -0.047179 -0.029044 0.002733 -0.034264 -0.026995 -0.010304 0.004972 0.008353 0.025696 -0.010022 -0.007591 -0.008671 0.001922 -0.016285 -0.041515 -0.024334 -0.015808 -0.012524 -0.029920 0.009462 -0.016195 -0.034208 -0.025418 -0.027543 -0.001414 -0.025418 -0.081645 -0.063831 -0.021382 -0.023502 -0.037534 -0.046727 -0.012482 0.005229 0.000858 -0.043186 -0.023981 -0.026507 -0.027052 -0.009820 -0.025495 0.002361 -0.002714 -0.023793 -0.040094 -0.037097 -0.031590 -0.042910 -0.006810 -0.007559 -0.025808 -0.008794 -0.029436 -0.045189 -0.010574 0.020475 0.003799 0.010997 0.014271 0.001288 -0.025121 -0.027437 -0.024849 -0.020818 -0.006469 -0.002303 -0.013169 -0.028052 -0.038431 -0.003380 -0.045794 -0.041633 -0.009204 -0.066805 -0.059601 -0.004112 -0.036225 -0.043230 -0.010068 -0.028343 -0.030214 -0.015527 -0.007060 0.001165 -0.001314 -0.027377 -0.002252 -0.025608 -0.035908 -0.012109 -0.005994 -0.054925 0.004941 -0.023549
-0.001964 -0.013720 0.024803 0.007254 0.017338 0.015213 0.005033 -0.022183 -0.011623 -0.004679 0.020741 0.014352 -0.005982 -0.026856 -0.060212 -0.045556 -0.057966 0.017071 -0.000578 -0.019430 0.012068 0.011179 0.023858 -0.004422 -0.017610 -0.010483 -0.011141 -0.034270 -0.008237 -0.005741 -0.029851 -0.024303 -0.018672 -0.002076 -0.021721 -0.023658 -0.044328 -0.015091 -0.010137 0.013799 -0.026262 -0.005941 -0.010831 -0.011969 -0.016403 -0.021785 -0.040906 -0.010308 -0.040960 -0.030472 -0.003450 0.009868 -0.006456 -0.017322 0.014707 0.005496 -0.004881 -0.028473 -0.019563 -0.015196 -0.004723 -0.008456 0.018322 0.006068 -0.007808 0.016548 0.019351 -0.001493 0.018038 -0.026916 -0.043935 -0.034193 -0.043222 -0.144768 -0.055625 -0.021790 -0.002245 -0.017113 -0.037648 -0.024443 -0.009485 -0.014018 -0.010471 -0.049779 -0.035042 -0.031227 -0.025511 -0.015538 -0.026144 -0.024309 -0.032734 -0.013530 0.018338 0.018318 -0.018929 -0.026092 -0.022476 0.003947 -0.031715 -0.026987 -0.034354 -0.026209 0.001683 -0.014114 -0.011502 -0.003613 -0.010316 0.011495 -0.012760 -0.002301 -0.015699 -0.029107 -0.032983 0.004667 -0.016761 0.000477 -0.042651 -0.038019 -0.005720 -0.010329 -0.010672 0.016397 -0.003567 -0.097124 -0.016754 -0.002030 -0.004641 -0.003088 -0.021573 0.023218 -0.009608 -0.033420 -0.031139 -0.013417 -0.014552 0.001714 -0.009911 0.012359 -0.028090 -0.025164 0.000585 0.000213 -0.004975 -0.002590 0.006365 -0.032215 -0.054523 -0.034747 -0.020864 -0.024903 -0.013134 -0.000288 -0.006638 -0.000529 0.002232 -0.006443 -0.033661 0.006677 0.013662 -0.009275 -0.010631 -0.020185 -0.019590 -0.003759 -0.000272 -0.011052 -0.038700 -0.019778 0.010044 -0.048024 -0.043838 0.015713 -0.008487 -0.063247 -0.033733 -0.041031 -0.023556 0.022212 0.001832 -0.017641 0.013269 -0.017207 -0.020451 -0.017655 -0.034831 -0.014284 -0.010995 -0.018230 -0.021964 -0.013515
-0.060854 -0.039440 -0.010267 -0.009978 0.008905 -0.003111 0.003848 -0.045910 -0.018250 -0.010162 -0.002205 0.002928 -0.000319 -0.037038 -0.034623 -0.040320 -0.017200 -0.027178 -0.003819 0.005723 -0.012810 -0.004964 0.020747 0.012531 0.008717 0.014310 0.003111 -0.036766 -0.020939 -0.000381 -0.058081 -0.046368 -0.000341 -0.017379 -0.011374 -0.021043 -0.032705 -0.027373 -0.011790 -0.006127 0.002655 0.013231 -0.012632 -0.034991 -0.013377 -0.026864 -0.021840 -0.002107 -0.015567 -0.003978 -0.030406 -0.043770 -0.041979 -0.026640 -0.006585 0.029603 -0.009983 -0.000602 0.015054 0.027536 -0.012273 -0.050178 -0.026792 -0.030477 0.000190 0.003100 -0.016879 -0.016381 -0.018640 -0.014949 -0.022129 -0.013469 0.024173 0.024510 -0.012876 -0.099835 -0.017851 -0.016386 -0.037514 -0.037244 -0.025564 -0.035573 -0.016548 0.009130 0.001333 -0.010022 -0.043947 -0.045268 -0.021680 -0.016048 -0.025635 -0.038951 -0.016011 0.012160 0.009499 -0.002962 0.014366 0.023963 -0.032322 -0.017363 -0.002523 -0.016097 -0.019593 -0.011432 -0.026719 -0.035207 -0.016331 0.004908 -0.042499 -0.040909 -0.039581 -0.033542 -0.053818 -0.003072 0.001118 0.006574 -0.002854 -0.022690 0.014241 -0.019557 0.056049 0.118464 -0.004716 -0.035394 -0.020988 -0.025341 -0.001972 -0.011009 -0.017755 -0.010203 -0.006637 -0.031988 -0.015275 -0.027958 -0.012465 0.020237 -0.006574 -0.025855 0.004756 -0.007821 -0.026814 -0.011155 -0.032784 -0.010021 -0.019412 -0.030430 -0.019666 -0.005972 -0.008509 -0.013845 -0.008717 0.023235 -0.007749 0.007122 0.006838 -0.025741 -0.037733 -0.023767 -0.008443 -0.001718 0.022988 -0.015296 -0.026444 -0.022116 -0.011603 0.000058 -0.038415 -0.028350 0.002726 0.016006 -0.023215 -0.007106 -0.002246 -0.017776 0.021421 0.016012 -0.040982 0.000448 -0.009978 -0.011011 -0.016294 0.003343 -0.005136 -0.009481 -0.026219 -0.021912 -0.032426 -0.029031 -0.014641 -0.012671
-0.027149 -0.004636 -0.028134 -0.033363 -0.021705 -0.018612 0.003403 0.006620 -0.029317 -0.020253 0.012074 -0.012078 -0.014312 -0.017868 -0.032076 -0.025934 -0.026736 -0.018865 -0.029595 -0.030405 -0.025670 -0.003744 0.006718 0.004619 0.002296 -0.023324 -0.017471 -0.024029 -0.025820 0.018580 -0.018441 -0.013618 -0.006240 0.004654 -0.000142 -0.009789 -0.045596 -0.042606 -0.029345 -0.017765 0.008448 -0.011444 -0.000747 -0.014229 -0.007095 -0.003645 -0.000978 -0.013844 -0.007419 -0.005681 -0.030083 -0.019187 -0.028938 -0.030465 0.011353 0.042749 -0.018147 0.005458 0.027824 0.046213 -0.008198 -0.035708 -0.020312 -0.018076 -0.000195 -0.008251 -0.024583 -0.047066 -0.032262 0.002956 -0.016216 -0.024930 0.014029 0.025761 0.026038 -0.099385 -0.046500 0.031309 -0.036703 -0.023454 -0.009802 -0.015323 -0.013848 0.041942 0.003322 0.007561 -0.025654 -0.043233 -0.013827 0.012753 0.002565 -0.029094 0.001943 0.016981 0.005977 -0.022874 -0.007518 0.028563 0.002417 -0.026963 0.002455 0.014036 0.005412 -0.015663 -0.033552 -0.050695 -0.002638 0.005085 -0.031084 0.002798 -0.016461 -0.020516 -0.013834 -0.011342 -0.039437 -0.029719 -0.008653 -0.025672 0.005377 0.054392 0.084760 0.003988 -0.057428 -0.038025 -0.036901 -0.014601 -0.028822 -0.022347 -0.026466 -0.026191 -0.004718 -0.036150 -0.018307 -0.041747 -0.051599 -0.010274 0.003345 -0.025079 -0.008090 0.004584 -0.010576 -0.011497 -0.029389 0.009049 -0.002949 -0.032556 -0.017474 -0.005400 -0.017188 -0.019812 -0.014840 0.008751 -0.025058 -0.018713 -0.003751 -0.013775 0.002706 0.022552 -0.009570 -0.007059 0.012035 -0.002231 -0.016796 -0.046444 -0.004900 0.016044 -0.003179 -0.028285 -0.032675 -0.038188 -0.032163 -0.028773 -0.009324 0.002147 -0.018152 -0.020258 -0.068753 -0.039158 -0.030947 -0.011112 -0.014197 0.005392 -0.034423 -0.038017 -0.041536 -0.037476 -0.020031 -0.030339 -0.010738 0.004326
0.007436 -0.004090 -0.021455 0.012168 -0.015898 -0.028558 -0.010849 -0.006852 -0.014072 -0.029388 -0.041473 -0.018695 -0.035108 -0.020026 -0.016454 -0.052309 -0.036499 -0.008783 -0.027839 -0.015586 -0.014465 -0.036605 -0.023575 -0.004659 -0.003925 -0.044803 -0.060276 -0.028085 -0.013514 -0.008008 -0.025851 -0.025313 -0.016995 0.010711 -0.000533 0.002479 -0.012771 -0.048951 -0.008774 -0.042359 -0.022588 -0.010927 -0.005913 0.000510 0.007191 0.012533 0.010511 -0.015394 -0.006257 -0.024577 -0.020002 -0.036900 -0.016924 -0.000790 0.020751 0.029930 -0.007502 -0.012028 -0.020035 0.018897 0.007403 -0.028338 -0.026233 -0.014625 -0.043680 -0.011855 -0.049825 -0.034174 -0.013506 -0.043382 -0.046152 -0.024316 -0.003436 -0.006378 -0.007452 0.033174 -0.025236 -0.007789 0.045966 -0.028541 -0.028002 -0.000656 -0.026633 -0.018397 -0.006396 0.022264 0.022532 -0.029324 -0.003203 0.002946 -0.007997 -0.006615 -0.027653 -0.033428 -0.019361 -0.013795 -0.034723 -0.025247 -0.010492 0.007566 -0.001375 0.009894 0.012597 -0.029205 -0.003459 -0.002198 -0.011500 0.011730 -0.027450 0.014582 0.000949 -0.030690 -0.016608 -0.031312 -0.046074 -0.049657 -0.043373 -0.005156 -0.026796 -0.051596 -0.013420 -0.002347 -0.021890 -0.002430 -0.019427 -0.004448 -0.033009 -0.019927 -0.013931 -0.020394 -0.010608 -0.029749 -0.026924 -0.029012 -0.051740 -0.053423 -0.046512 -0.005644 0.001434 0.000065 -0.002328 -0.013297 -0.002468 0.004824 0.006079 -0.025809 -0.023729 -0.003216 -0.001782 -0.008637 0.009423 0.000334 -0.013769 -0.017582 -0.004575 0.021760 0.000983 -0.026276 -0.021749 -0.019067 -0.006493 0.018513 0.009938 -0.057599 -0.027933 -0.014174 -0.050618 -0.045005 -0.029017 -0.021610 -0.015418 -0.008863 -0.016884 -0.057575 -0.060364 -0.023798 -0.024213 -0.004822 -0.016525 -0.008892 0.026175 0.025173 -0.025851 -0.046656 -0.019868 -0.006455 -0.006102 -0.014093 -0.016309 -0.002428
0.020706 -0.021805 -0.017822 0.020883 -0.001343 -0.024997 -0.013764 -0.004787 -0.004577 -0.035204 -0.053275 -0.025153 -0.030792 0.001164 -0.035161 -0.038511 -0.007629 0.001024 0.005088 -0.011007 -0.004401 -0.029135 -0.016449 -0.027706 -0.025757 -0.041618 -0.036223 -0.015055 0.014351 -0.021060 -0.034418 -0.040098 -0.050065 -0.031767 0.001469 0.003014 -0.022143 -0.056880 -0.022157 -0.006578 0.013806 -0.009962 -0.019670 -0.023384 -0.012922 0.007547 0.014332 -0.010297 -0.032984 -0.047394 -0.029692 -0.030773 0.032300 0.005583 0.020859 -0.004695 -0.010466 -0.007537 -0.012675 0.017973 -0.000083 -0.019470 -0.061075 0.002396 -0.024113 -0.024962 -0.049147 -0.036008 0.009063 -0.007620 -0.026217 0.006566 -0.007626 -0.017482 -0.018703 -0.030088 -0.012714 -0.017408 -0.053602 -0.023101 -0.029060 -0.027499 -0.021995 -0.018873 -0.028933 -0.042215 0.000840 -0.026784 -0.026217 -0.014349 -0.027695 -0.006696 -0.005531 -0.014130 -0.013205 0.027191 0.001420 -0.061284 -0.024879 0.013803 -0.010321 -0.008352 -0.014251 -0.005849 0.015814 0.020435 -0.012813 -0.026102 -0.034247 0.023555 -0.003025 -0.028069 0.017341 -0.041297 0.003518 -0.000728 -0.017350 -0.016586 -0.025955 0.000633 0.026243 0.015123 -0.011895 -0.008686 0.007370 -0.007682 0.000703 -0.025978 -0.008813 -0.019821 -0.009621 -0.008713 0.006561 -0.017561 -0.010921 -0.047780 -0.049356 -0.017108 0.002511 -0.027594 0.000262 -0.009680 -0.043945 -0.024445 0.009119 -0.000829 -0.024802 -0.028388 -0.014730 -0.022411 -0.023801 -0.003974 -0.018779 -0.015146 -0.006130 -0.008028 0.009007 -0.009748 -0.032340 0.003217 -0.003944 0.000910 -0.005290 -0.025754 -0.009848 0.026948 -0.024181 -0.025924 -0.008989 -0.004569 0.001090 -0.030539 -0.016656 -0.050965 -0.040633 -0.035112 -0.014659 -0.001036 -0.007155 -0.028694 -0.021121 0.002582 -0.022260 -0.041842 -0.000658 0.000869 0.001482 -0.020106 -0.027167 -0.054155
0.001433 -0.014538 0.011797 0.012382 -0.001072 -0.028504 -0.003514 -0.012781 -0.047916 -0.057288 -0.088755 -0.013964 0.043109 0.010860 -0.011643 -0.007114 -0.026808 -0.003970 -0.009196 -0.030675 -0.017947 -0.017180 -0.005642 -0.041168 -0.035371 -0.012497 0.022581 0.002476 0.006014 -0.028618 -0.025718 -0.009809 -0.019875 0.019481 -0.014045 -0.015344 -0.019062 -0.027240 -0.010148 -0.008502 -0.013385 -0.030641 -0.031837 -0.021501 -0.008601 -0.003812 0.010771 -0.011837 -0.035694 -0.015878 -0.021844 -0.001632 0.024337 -0.032422 0.014293 -0.010477 -0.019730 -0.015794 -0.023034 -0.005919 -0.004929 0.007400 -0.020517 -0.014706 -0.033485 -0.025030 -0.028923 -0.005227 0.007851 -0.015506 -0.022475 -0.033939 -0.000030 -0.009231 -0.029890 -0.008471 0.006674 0.011333 -0.018510 -0.050556 -0.060081 0.002699 -0.061071 -0.030512 -0.003650 -0.016235 0.015104 0.000464 -0.004362 -0.033072 -0.014812 -0.031225 -0.037572 -0.001240 -0.009322 -0.016983 -0.031609 -0.050044 -0.010091 0.008834 -0.017347 -0.032718 -0.029999 -0.006720 0.002681 -0.010978 -0.036198 -0.024741 0.006085 -0.019333 0.001878 -0.018823 -0.032631 -0.014355 0.011940 0.027244 -0.033714 0.003454 0.044146 0.026841 0.011204 0.025879 -0.011230 0.000201 -0.026949 0.000174 -0.004543 -0.026993 -0.019646 0.000331 0.005999 -0.008428 -0.031538 -0.026474 0.008038 -0.007320 -0.015739 -0.017375 -0.001047 -0.032904 -0.006256 -0.013214 -0.029828 -0.016790 0.011560 0.021485 -0.020435 -0.006659 -0.015468 0.011734 -0.020135 -0.015110 -0.035515 -0.031219 0.008354 0.002489 0.013843 0.006741 -0.002718 -0.010745 -0.009155 -0.002456 -0.003252 -0.011649 0.017884 -0.014394 -0.017695 -0.031698 -0.002232 -0.000381 -0.016408 0.012839 -0.016158 -0.040039 -0.025465 -0.007956 -0.014098 -0.025719 -0.009862 -0.019277 -0.031498 -0.040747 -0.031391 -0.023279 -0.027276 0.027502 0.013300 -0.007489 -0.015309 -0.031724
-0.049440 -0.033489 -0.030066 0.004406 -0.019571 -0.040209 -0.012255 -0.004960 -0.052137 -0.014810 -0.034446 0.010775 0.030840 0.003671 -0.000478 0.025826 -0.007438 0.003649 -0.021091 -0.036923 0.002339 0.014905 -0.021689 -0.021738 -0.002940 0.015986 0.041266 0.046057 -0.001902 -0.045092 -0.025556 -0.001473 -0.010920 0.019018 0.017821 -0.007695 -0.028426 -0.024143 -0.004178 -0.008636 0.006262 -0.033481 -0.032164 0.001500 -0.003611 -0.005947 0.003822 -0.013116 -0.038496 -0.041971 -0.011835 -0.022862 -0.018093 -0.016565 -0.004000 -0.006357 0.010062 -0.030298 -0.013685 -0.000904 -0.016450 -0.000846 -0.006874 0.006783 -0.013999 -0.014108 -0.012151 0.013381 -0.012756 -0.017075 -0.007463 -0.017881 -0.016403 -0.024290 -0.022869 -0.026071 -0.043004 -0.027543 0.011337 -0.017353 -0.004549 -0.022239 -0.072883 -0.075334 -0.017915 0.002219 -0.022914 -0.033479 -0.025753 -0.057343 -0.021505 -0.001288 -0.018187 0.006148 0.004599 -0.020403 -0.032260 -0.013105 -0.000135 -0.012502 0.013526 0.003091 -0.023528 0.008245 -0.051963 -0.029423 -0.013052 -0.022877 0.002865 -0.016460 -0.020943 0.045317 0.042300 -0.016216 -0.070450 -0.054026 -0.007361 0.021981 -0.000190 -0.024676 -0.032136 0.024087 -0.004595 -0.012804 -0.027684 -0.000540 0.034663 -0.009114 -0.003058 -0.013464 0.007708 -0.023773 -0.021687 0.006088 0.007015 -0.026393 -0.060853 -0.012546 -0.006717 0.009970 -0.023888 -0.027500 -0.028693 -0.015147 -0.005168 -0.016475 -0.034802 -0.011503 0.002762 -0.019301 -0.052358 -0.003316 -0.001645 -0.020118 -0.006225 -0.010153 0.007831 -0.004109 -0.002092 -0.021789 -0.043554 -0.031097 -0.001838 -0.011278 -0.007677 -0.032743 -0.015469 -0.026875 0.012884 -0.018975 -0.039599 0.001108 -0.034340 -0.034344 -0.037879 -0.039432 -0.019055 0.001699 -0.014446 -0.044615 -0.045113 -0.015042 0.004210 -0.007115 -0.018147 0.000613 0.010327 -0.009251 -0.013983 -0.027273
-0.046455 -0.037413 -0.003696 -0.011465 -0.035710 -0.020032 -0.013910 -0.019359 -0.039087 -0.019995 -0.005575 -0.010974 -0.046679 -0.017213 -0.005038 0.011364 0.002445 0.008001 -0.043475 -0.028720 -0.007671 -0.007627 0.037209 -0.029187 -0.012001 0.009015 -0.002075 0.006766 0.008591 -0.020531 -0.016953 -0.007274 -0.044242 0.005941 0.006095 0.024283 -0.028651 -0.031779 -0.001735 0.006453 -0.012372 -0.015973 -0.011747 -0.065442 -0.021567 -0.006115 -0.033911 -0.033677 -0.020027 -0.009369 -0.011905 -0.002226 -0.006544 -0.004558 -0.015585 -0.017771 0.011688 -0.016526 -0.000718 0.004130 -0.021253 -0.005910 0.017276 0.006202 -0.008411 -0.013323 0.002115 0.035798 0.018336 -0.002637 0.007916 -0.002393 -0.018586 -0.011665 -0.019488 0.002752 -0.023254 0.009718 -0.015948 -0.029693 -0.012957 0.006887 0.009452 -0.066186 -0.104788 -0.028069 0.036997 0.029805 -0.012285 -0.021876 0.000203 0.004582 -0.005753 -0.022062 -0.018978 -0.041222 -0.028116 -0.000436 -0.005730 -0.011584 -0.047145 -0.031577 -0.023710 -0.023967 -0.043314 -0.045859 0.005278 0.017123 -0.037004 -0.033341 -0.013265 0.008401 0.009733 0.003524 -0.050869 -0.040770 -0.055855 -0.016748 -0.002399 -0.004219 -0.006440 0.003281 0.002595 -0.029494 -0.026958 -0.008440 -0.013121 -0.005914 0.002419 -0.016504 -0.018027 -0.023583 -0.010301 -0.026046 -0.008146 -0.012797 -0.039094 0.015144 -0.021168 -0.011827 -0.013259 -0.017668 -0.009226 0.005255 -0.003621 -0.017948 -0.017146 -0.019659 -0.013408 -0.020532 0.036746 -0.016670 0.002335 0.002243 -0.007455 -0.003595 0.014979 -0.002199 0.001777 0.008334 -0.018470 -0.001531 -0.000967 0.019200 -0.013185 -0.039599 -0.027880 -0.028575 -0.012497 -0.006518 0.011625 0.017489 -0.027269 -0.028580 -0.036419 -0.007728 -0.002747 -0.016358 -0.005275 -0.019790 -0.028672 0.010438 0.009583 -0.021555 -0.003035 -0.016793 -0.014549 -0.076412 -0.019099 -0.019783
-0.034167 -0.015703 -0.013039 -0.023625 -0.015094 -0.017730 -0.029270 -0.047025 -0.028314 -0.034900 -0.011426 -0.019943 -0.072058 -0.051658 -0.024986 -0.032063 0.004997 0.020757 -0.025481 -0.035796 -0.016750 -0.029083 0.013117 -0.023969 -0.001847 0.011935 -0.017400 -0.012422 -0.000796 -0.010748 0.004006 -0.014558 -0.020952 0.009087 0.014504 0.005920 -0.032371 -0.010562 0.006654 0.000810 -0.018489 0.025107 0.021849 -0.061433 -0.026976 -0.014466 -0.019330 -0.020366 -0.015764 -0.010913 -0.003681 0.012118 0.005640 -0.017930 -0.044799 -0.027888 -0.026924 0.002652 -0.012864 -0.009563 -0.009614 0.007647 0.016321 -0.008244 -0.017703 0.005475 0.008909 -0.009265 -0.016224 -0.026650 -0.027546 -0.029887 -0.025205 -0.000093 0.012413 -0.005126 -0.015722 0.019116 -0.028392 -0.037406 -0.009964 -0.015620 -0.033614 -0.024689 -0.048691 -0.024920 0.019966 0.014009 -0.047500 -0.079112 -0.024658 -0.032142 -0.094773 -0.037031 -0.002846 -0.007213 0.004182 0.005332 0.006503 -0.006934 -0.033528 -0.042548 0.025965 0.083871 0.140680 0.156719 0.067042 -0.043287 -0.095618 -0.073085 -0.011888 0.032825 0.037202 -0.024258 -0.054320 -0.047339 -0.041717 -0.014387 -0.015183 -0.015286 0.003771 -0.017047 -0.016003 -0.048122 -0.030940 -0.026906 -0.031515 -0.035604 -0.029116 -0.001724 -0.016022 -0.024225 0.011563 -0.001343 -0.009083 0.003131 -0.019682 -0.036571 -0.029197 -0.052619 -0.026280 -0.019516 0.013444 -0.033266 -0.013596 -0.011300 0.000226 -0.011770 -0.036028 -0.032019 0.000429 -0.020321 -0.005533 -0.010207 -0.000300 -0.030779 0.006830 -0.007564 0.013812 0.055317 0.011771 0.007278 -0.002220 0.002617 -0.011620 -0.020669 -0.036854 -0.022699 -0.018052 -0.014988 -0.011808 -0.003191 -0.016347 -0.025947 -0.010952 0.008445 -0.022373 -0.020812 -0.004234 0.001915 -0.003157 0.005634 0.015677 0.006205 -0.005206 -0.040397 -0.012510 -0.032827 -0.011191 -0.034103
-0.019103 0.002681 0.006640 -0.018983 -0.018681 -0.009235 -0.040717 -0.012502 -0.007516 0.000783 -0.009284 -0.033148 -0.003059 -0.031579 -0.047721 -0.020719 0.006621 0.013694 0.003342 -0.008000 -0.002661 -0.010388 -0.031233 0.003822 -0.003231 0.014951 -0.006940 0.000071 -0.018557 -0.013113 0.013638 -0.020988 -0.009484 -0.017021 -0.004405 -0.014021 -0.014427 -0.016331 -0.010606 0.011013 0.004142 0.006897 -0.021791 -0.038112 -0.003362 -0.028963 -0.004219 0.000178 -0.010119 -0.037821 -0.011309 -0.004488 0.010027 0.010231 -0.038399 -0.009204 -0.019873 0.026382 0.007280 0.007996 0.024176 -0.009083 -0.001081 0.014742 0.010506 -0.005952 -0.020642 -0.015004 -0.027179 -0.030318 -0.036055 -0.001550 -0.018910 -0.042157 -0.031313 -0.028359 0.018455 -0.010959 -0.036413 -0.022608 -0.052825 -0.028000 0.008730 -0.011717 -0.013288 -0.029613 -0.015629 0.015111 -0.003956 -0.012432 -0.019430 -0.048621 -0.062058 -0.014020 -0.013742 0.044782 -0.014491 -0.001271 -0.006693 -0.027618 -0.028184 -0.058332 -0.043754 0.013441 0.055313 0.060640 0.010498 -0.036989 -0.035035 0.020640 0.032703 0.031094 -0.016765 -0.049317 -0.030782 -0.006916 -0.015287 -0.009895 -0.004618 -0.037960 -0.019175 0.029421 0.023988 -0.003458 -0.001031 -0.008265 -0.000384 -0.004606 0.000611 -0.000191 -0.005142 -0.031902 0.009739 0.011632 -0.025670 -0.011994 0.004126 -0.031917 -0.021192 -0.033355 -0.032493 0.004841 0.013562 -0.022511 -0.013584 -0.005817 -0.001402 -0.012338 -0.008414 -0.016495 -0.016155 0.009081 -0.014222 -0.017464 -0.001117 -0.068223 -0.021162 -0.034303 -0.044599 -0.001257 0.011549 -0.002346 0.002142 -0.012806 -0.034535 -0.034482 -0.015283 -0.020577 -0.036201 -0.017898 -0.004878 0.011547 -0.016499 -0.011063 -0.036664 -0.027693 0.011948 -0.001660 -0.009803 0.000929 -0.034257 -0.035245 -0.032054 0.014845 0.022245 -0.015348 -0.034413 0.023518 0.002671 -0.023665
-0.016028 -0.003745 -0.021398 -0.043417 -0.039107 -0.017986 -0.008967 -0.013070 0.003198 -0.018761 -0.015664 -0.011329 -0.003010 -0.028390 0.000063 0.015776 -0.010634 -0.002203 0.012390 -0.023028 -0.024002 -0.031312 -0.003920 -0.001513 -0.008652 -0.027350 -0.052251 -0.016419 -0.008489 -0.022960 -0.007697 -0.014396 -0.022419 -0.012208 0.010507 -0.002144 0.008883 -0.027291 -0.027987 -0.022068 -0.002374 0.010007 -0.002944 -0.010940 -0.014496 -0.018522 -0.000481 -0.022201 0.023149 -0.009443 -0.007768 0.000261 0.007817 0.016850 0.000375 0.004614 -0.004884 -0.003641 0.017321 -0.001930 0.003612 -0.019279 -0.022522 0.012787 -0.004582 0.007908 -0.009528 -0.028150 -0.038699 -0.018854 -0.006117 0.001789 -0.008299 -0.014953 -0.028462 -0.017446 0.003876 -0.008654 -0.035718 -0.012872 -0.026237 -0.049153 -0.008353 -0.002064 -0.000526 -0.000736 -0.005271 -0.001251 0.011997 0.007167 0.011160 -0.036004 -0.027468 -0.027009 -0.017007 -0.005959 -0.033595 -0.043248 -0.032099 -0.011367 -0.043527 -0.032980 -0.053320 -0.025123 -0.021356 -0.011456 -0.027046 -0.011263 -0.035595 -0.001826 -0.039956 -0.038182 -0.042974 -0.033757 -0.020839 0.002396 0.006683 0.025013 0.013793 -0.016421 -0.003577 0.020698 0.027716 -0.003441 -0.008375 0.019706 -0.006286 0.006507 0.023894 0.012336 -0.005561 -0.012873 -0.012505 -0.026495 -0.053805 -0.048138 -0.013018 -0.007953 -0.015105 -0.015458 -0.049852 -0.018719 0.008301 -0.032627 -0.026087 -0.023492 0.000834 0.003935 -0.009195 -0.008610 -0.016202 0.002445 -0.006478 -0.012154 0.018058 0.011908 -0.018297 -0.006706 -0.035494 -0.000173 0.037279 0.033441 -0.013703 -0.013115 -0.000249 0.001181 0.022812 0.009607 0.002562 -0.007727 -0.018236 0.013055 -0.005861 0.002011 -0.002487 0.006500 -0.008312 -0.013693 -0.023220 -0.038950 -0.043824 -0.023293 -0.036309 -0.004093 -0.029870 -0.024006 0.002901 0.022936 -0.003497 -0.004167
-0.030014 -0.007143 -0.047756 -0.021444 -0.038448 -0.036829 -0.008258 -0.000040 -0.032224 -0.057279 -0.047979 0.008484 0.007944 0.014816 -0.011421 -0.013483 0.002602 -0.029278 -0.023942 -0.031822 -0.016169 -0.021371 -0.013868 0.002205 -0.024468 -0.014983 -0.033578 -0.021146 0.010010 -0.031198 0.002066 0.005890 -0.010529 0.026919 0.012720 -0.013561 -0.008901 -0.021486 -0.003620 -0.016445 0.002584 0.036738 0.024951 -0.014658 -0.043853 -0.060429 -0.020082 -0.024512 -0.000496 -0.009764 -0.011723 -0.016882 0.008389 -0.008614 0.001087 -0.013109 0.004449 0.000323 -0.018098 -0.008864 0.003754 0.013261 -0.004307 -0.014755 0.005111 -0.010933 -0.048154 -0.008485 -0.010790 -0.021398 -0.007328 -0.017371 -0.001046 0.010469 0.015192 0.006483 -0.011308 -0.008191 -0.005524 0.006292 0.001839 -0.014498 0.013741 -0.004238 0.003434 0.013935 -0.027336 0.002341 0.019641 -0.022409 -0.031087 -0.044238 -0.003890 -0.027128 0.021500 0.007055 -0.000020 -0.006383 0.004214 0.032722 0.001102 -0.013095 0.006182 0.016773 -0.030328 -0.009732 -0.067252 -0.017198 0.018618 -0.008858 -0.022163 -0.048810 -0.035775 -0.012716 -0.004083 -0.003211 -0.003019 -0.023565 0.012950 0.021476 0.022237 0.014485 0.016852 -0.001423 -0.028003 0.013034 -0.011135 -0.019207 -0.010198 0.035907 0.055848 0.027391 0.006268 0.003184 -0.031072 -0.019666 0.003822 0.018781 0.004649 0.023226 -0.027792 -0.014871 -0.009164 -0.023575 -0.032497 -0.013483 0.036856 0.001166 -0.030176 -0.018133 -0.000396 -0.016573 -0.029240 -0.031509 -0.034480 -0.042514 -0.020086 0.004148 -0.041143 0.000224 0.011843 0.017026 0.005619 -0.010310 0.001118 0.025359 0.001871 -0.017201 -0.006452 0.016136 -0.035415 0.002627 0.040072 0.005672 -0.012029 -0.028101 -0.036929 -0.001474 0.001107 -0.036426 -0.051477 -0.023851 -0.001085 -0.007754 -0.034581 -0.029782 0.018666 0.003903 -0.005974 0.010917
0.003383 -0.017499 -0.004078 -0.004933 -0.018631 -0.003572 -0.009255 -0.018544 -0.002806 0.006951 0.000031 0.010220 0.014197 0.028298 -0.018970 -0.021233 0.009513 -0.006664 -0.024425 -0.028477 -0.020648 -0.021445 -0.025404 -0.011438 -0.004410 -0.003459 0.010831 -0.029652 -0.018307 -0.050842 -0.024427 0.000280 0.014160 0.005563 -0.018678 -0.033045 -0.038934 -0.034694 -0.022177 -0.001843 -0.010233 -0.008778 0.015247 -0.015707 -0.032480 -0.013032 -0.040881 -0.018112 0.005010 -0.022794 -0.009043 -0.004603 0.029177 -0.000665 -0.001213 -0.029706 -0.000923 -0.003893 -0.012306 -0.020696 -0.029153 0.005657 0.015345 -0.014690 -0.005372 -0.035432 -0.051825 -0.023583 -0.013236 -0.005108 -0.006881 -0.002847 -0.004161 -0.028289 -0.039051 -0.005326 0.010596 0.004242 -0.016051 -0.004933 -0.026389 -0.017296 -0.012522 0.001834 -0.011238 -0.030192 -0.023532 -0.006227 0.010716 -0.034772 -0.048532 -0.048660 -0.024463 -0.026728 -0.013297 -0.002125 0.000026 -0.045180 -0.012393 -0.004319 0.005612 0.004046 -0.019234 -0.017968 -0.026783 0.001557 -0.020947 -0.001799 -0.016370 -0.010077 -0.014144 -0.020248 -0.048842 -0.007103 0.005701 -0.000912 -0.002955 -0.046314 -0.023820 0.010178 -0.011517 0.012389 -0.003920 0.000628 0.016205 0.017508 -0.024685 0.002563 -0.020217 0.011416 0.015997 0.018135 0.018285 0.022425 0.002179 -0.008240 0.042151 -0.033804 -0.029131 0.011318 -0.024022 -0.001951 -0.026351 -0.045394 -0.027929 -0.016104 0.005202 0.009716 -0.006763 -0.004561 -0.004711 -0.018615 -0.002350 -0.020294 -0.048384 -0.037845 -0.035063 -0.032522 -0.053587 -0.006779 -0.007948 -0.008183 0.015666 0.001412 -0.006544 -0.003462 -0.028143 -0.024194 0.012600 0.010552 -0.007848 0.003571 0.019378 -0.006000 -0.000787 -0.026145 -0.058801 -0.035782 -0.023619 -0.041640 -0.032653 0.013297 0.007506 0.005276 -0.010661 -0.018986 0.027716 -0.012059 0.001695 0.001075
0.036967 0.006401 -0.001032 -0.018032 -0.020211 0.000155 -0.006739 -0.021392 0.000365 0.000350 0.001518 -0.005977 -0.017498 -0.016482 0.003901 -0.042763 -0.000209 -0.011406 0.001086 -0.030840 -0.038327 -0.035257 -0.028855 -0.040764 -0.028274 -0.009629 0.000308 -0.012515 -0.004970 0.021364 -0.007659 -0.015688 0.009220 -0.011712 -0.015680 -0.027544 -0.038120 -0.025586 -0.009144 -0.012764 -0.021990 -0.009339 0.005247 0.007354 0.017542 0.020357 0.015049 0.000459 -0.011275 -0.001628 -0.009741 -0.020978 0.002696 0.006356 -0.000563 0.005193 0.005864 -0.002315 0.000432 0.001463 -0.008388 -0.006349 0.004397 -0.028043 -0.022787 -0.036985 -0.004573 0.018993 -0.004158 -0.000900 0.006757 -0.007367 -0.009712 0.009008 -0.018784 -0.014420 0.002274 0.008559 -0.004925 -0.013026 -0.004730 -0.002392 -0.026115 -0.009705 -0.028862 -0.010940 -0.004282 -0.019091 -0.011623 -0.016219 0.011084 -0.009495 0.004875 -0.004990 0.001379 0.009167 0.007223 -0.026469 -0.015545 -0.002780 0.002830 0.005512 -0.016527 -0.022464 -0.008957 0.008775 0.005517 -0.010583 -0.005409 -0.005901 0.014345 0.002197 -0.001011 -0.008580 0.001590 -0.000440 0.001279 -0.003881 -0.028099 -0.032646 0.010938 0.029895 -0.007662 -0.001883 0.018026 -0.008893 -0.024462 0.040905 0.012718 -0.004397 -0.058914 -0.029302 -0.017556 -0.023025 0.000526 -0.042321 -0.002737 -0.029014 -0.055651 -0.048294 -0.017912 0.000081 -0.013875 -0.044711 -0.020473 -0.003412 0.014671 -0.002031 0.003443 0.004120 -0.032100 0.005786 0.045233 -0.009458 -0.031226 -0.014806 0.006199 0.000608 -0.013026 -0.028107 -0.010082 -0.028877 -0.036291 -0.037954 -0.026220 -0.016405 0.020498 0.007985 0.006198 -0.000597 -0.003487 -0.025157 0.005070 -0.012274 -0.030097 -0.008728 -0.037380 -0.031119 -0.001846 0.000109 -0.008868 0.004443 -0.022491 0.035468 0.014142 -0.012581 -0.001466 0.012756 -0.009734 -0.035634
-0.002021 0.012731 0.007908 -0.017373 -0.012428 0.005181 -0.007726 -0.021657 -0.034603 -0.009590 -0.007285 -0.026526 -0.015879 -0.022654 -0.018455 -0.057077 -0.004859 -0.048122 -0.029311 -0.022154 -0.032774 -0.025445 -0.013871 -0.025323 -0.014309 -0.011410 -0.009037 -0.017548 -0.030832 -0.000428 -0.014639 -0.039908 -0.026973 -0.016265 0.001258 -0.020647 -0.010064 -0.032095 -0.016986 -0.029973 -0.005274 0.001411 -0.016431 -0.034035 -0.012760 0.013104 -0.002632 0.009608 -0.009426 -0.009807 -0.019431 -0.040173 -0.035998 -0.021579 -0.039522 0.015572 0.007987 0.009461 -0.017461 0.004016 -0.014270 0.000050 0.007530 -0.040050 -0.024257 0.007411 -0.001122 -0.012457 -0.051656 -0.018264 -0.027552 -0.003212 0.014740 0.023346 -0.034533 -0.029583 -0.016521 0.008223 -0.031426 -0.015753 -0.011670 -0.026018 -0.005435 -0.016585 -0.032782 -0.019694 0.008869 -0.022092 -0.030258 -0.039209 -0.001110 -0.003666 -0.013024 -0.005409 0.010324 0.019652 -0.010149 -0.045397 -0.026634 -0.013967 0.003913 -0.033850 -0.012270 0.002551 -0.003573 -0.012165 0.008009 -0.014278 -0.023318 -0.011560 0.008979 0.018809 0.009424 -0.001262 -0.011268 0.021694 0.001327 -0.015236 -0.023500 -0.029372 0.028215 0.020974 -0.004630 -0.004234 -0.003473 -0.028983 -0.034461 0.014692 0.007923 -0.033909 -0.043387 -0.031113 -0.028134 -0.011445 0.004114 -0.034762 -0.012717 -0.011815 -0.025510 -0.042454 -0.038281 -0.018119 -0.008389 -0.026906 -0.019821 0.008433 0.014308 -0.012229 -0.030683 -0.007235 -0.001738 -0.025122 -0.002624 0.007066 -0.014499 -0.015966 -0.032347 -0.018932 0.013518 0.019113 -0.032317 -0.037928 -0.044966 -0.016551 -0.008916 0.019572 0.021980 -0.015315 -0.013824 -0.012435 -0.019714 -0.011373 -0.021943 -0.016132 -0.009439 0.003365 -0.010572 -0.004150 0.010295 0.010428 0.013014 0.012113 -0.006922 0.006829 -0.024131 -0.004070 -0.002478 0.005097 -0.009862 0.002494
-0.008009 0.004154 -0.007973 -0.042246 -0.022680 0.013477 -0.006043 -0.041387 -0.032888 -0.004240 -0.000549 -0.023696 -0.004343 -0.002704 -0.027750 -0.013947 -0.008410 -0.008795 -0.022674 -0.019936 -0.034207 -0.031002 -0.014778 0.021081 -0.009815 -0.035469 -0.042313 0.008821 0.008975 -0.011697 -0.050643 -0.021505 -0.015735 -0.018564 0.000037 0.010847 -0.039622 -0.033659 -0.000762 -0.030328 0.016155 0.018966 -0.027679 -0.032330 -0.050732 -0.026350 0.015450 -0.004659 -0.030023 -0.031213 -0.024394 -0.037741 -0.025527 -0.028398 -0.044651 -0.031016 -0.010992 -0.038625 -0.018133 -0.018482 -0.002818 0.012530 -0.027047 0.001096 0.011884 -0.009501 -0.022809 -0.037860 -0.033978 -0.015608 -0.025854 -0.003321 0.013468 -0.005432 -0.025747 -0.027947 -0.012097 -0.034002 -0.037941 0.011329 -0.004202 -0.006808 -0.012089 -0.012377 -0.035567 -0.036275 -0.043581 -0.032439 -0.015737 -0.024328 -0.016308 0.003772 -0.016447 -0.022091 -0.024649 0.007417 0.008390 -0.021254 0.007738 0.007417 -0.003235 -0.007010 -0.007625 0.000737 -0.019287 -0.006541 -0.007722 -0.003225 -0.041485 -0.011237 0.006420 0.007005 -0.004658 -0.022867 -0.017557 0.004049 -0.002628 -0.005894 -0.005034 0.004623 0.010981 -0.003025 -0.007012 -0.005087 0.006729 -0.008870 -0.013702 -0.026083 -0.009028 -0.025237 -0.008338 -0.006568 -0.013206 -0.014014 0.015757 -0.000774 -0.001003 0.019856 -0.013339 -0.023601 -0.047229 -0.021091 -0.007704 -0.015509 -0.009324 -0.001154 -0.023795 -0.027487 -0.043107 -0.017022 -0.006914 -0.000597 -0.023952 0.013718 0.003999 -0.024998 -0.031022 -0.010170 -0.020453 -0.005811 -0.016552 -0.003963 -0.004394 0.001491 -0.008403 0.002397 -0.005596 -0.021010 -0.000605 -0.004382 -0.036927 -0.031391 -0.037286 -0.017990 -0.022218 0.010599 0.028360 -0.013932 -0.003705 0.006873 0.014098 0.013176 -0.011585 -0.002895 -0.017799 -0.006822 -0.007603 0.017396 0.006612 -0.028530
-0.004783 -0.003960 -0.002292 -0.023438 -0.028302 -0.021975 0.007956 -0.011029 -0.040082 0.010122 0.010674 -0.029034 -0.001261 0.041888 -0.002809 -0.024575 -0.036470 -0.013590 -0.001737 -0.024431 -0.024167 0.002954 0.016445 0.024015 -0.007315 -0.022046 0.004422 0.024779 -0.009061 -0.028394 -0.041062 -0.004912 -0.014441 0.001210 -0.008310 -0.016441 -0.003507 -0.017067 -0.055492 -0.050095 0.014678 0.026081 0.000770 -0.014140 -0.022024 -0.019973 -0.012636 -0.020811 -0.032624 -0.014383 0.000106 -0.001928 -0.015565 0.002232 -0.010412 0.000921 0.008154 -0.042597 -0.030620 -0.010757 -0.005410 0.003311 -0.021571 0.010917 0.006868 -0.004292 -0.003283 0.023122 -0.013235 -0.005547 -0.002030 -0.021278 -0.014604 -0.001268 -0.004945 -0.005459 -0.022409 -0.028354 -0.028241 -0.004960 0.009782 0.010225 -0.020705 -0.013992 -0.005002 0.001933 -0.007675 0.003214 -0.038545 0.010059 0.023426 0.001404 0.007346 -0.001006 -0.017721 -0.007343 0.006216 0.027723 -0.014595 -0.023597 -0.033723 -0.021094 -0.028033 -0.011104 -0.026682 -0.034830 -0.048062 -0.043407 -0.073038 -0.035366 -0.012286 -0.022046 -0.026316 -0.027374 -0.039203 -0.063107 -0.031130 0.006696 -0.017419 -0.021594 -0.003827 0.014025 -0.026343 -0.018353 0.020969 0.007839 -0.001295 -0.003018 -0.021055 -0.019458 -0.007838 -0.009049 -0.019222 -0.018905 0.009709 -0.030009 -0.019531 0.005215 -0.033117 -0.022646 -0.048429 -0.019338 0.006545 -0.011047 -0.008800 0.016272 -0.024411 -0.050588 -0.021389 -0.020338 -0.010366 -0.011659 -0.001662 -0.004554 0.002841 -0.004522 -0.023792 -0.020514 -0.038816 -0.048820 -0.039293 0.006735 0.001794 -0.019806 -0.011813 0.002062 -0.005796 -0.011851 -0.012829 -0.019884 -0.011098 -0.024033 -0.047103 -0.017388 0.009765 0.004597 -0.019504 -0.040917 -0.034434 -0.042468 -0.013931 -0.027938 -0.013112 0.023195 0.003611 -0.004954 -0.025296 -0.000609 -0.016080 -0.018535
-0.016784 0.001385 -0.000171 -0.020001 -0.014286 -0.014696 0.004417 -0.010627 -0.004787 0.017250 0.004220 -0.016624 0.003920 0.018158 -0.027220 0.000003 -0.005295 -0.006973 -0.014765 -0.009959 -0.043415 -0.004690 0.021820 -0.020154 -0.029582 -0.007669 -0.040382 0.014408 -0.048895 -0.050432 -0.028431 -0.027176 -0.012888 0.007565 -0.004154 -0.013395 -0.009652 -0.010835 -0.015785 0.031035 0.011800 -0.009558 -0.034831 -0.025261 0.000051 0.010867 -0.001583 0.005799 -0.030641 -0.001648 -0.006841 -0.002731 -0.004151 0.010851 0.010329 0.040059 0.018227 -0.003261 -0.007103 0.011089 -0.031339 -0.029400 -0.017390 -0.014019 -0.005733 -0.004699 -0.014552 -0.013515 -0.027808 0.014758 0.015705 -0.018524 -0.015742 0.022686 -0.006113 -0.009472 -0.002998 -0.020305 0.001804 -0.001105 0.011005 0.004340 -0.017732 0.001327 0.009513 -0.010749 -0.025493 -0.002589 -0.005920 0.006209 0.000595 0.007261 -0.003800 0.006127 0.001956 -0.002511 -0.002613 -0.007049 -0.020515 -0.037379 -0.021043 -0.018295 0.008707 -0.011725 -0.019758 -0.027776 0.022223 0.026380 -0.016808 0.010702 -0.023928 -0.022428 -0.005467 0.004123 -0.031097 -0.065362 -0.027097 0.000326 -0.018557 -0.046938 -0.033077 -0.001893 -0.000740 0.001580 -0.018295 -0.026360 -0.018842 -0.000938 0.006780 -0.025038 -0.048646 -0.004564 0.060885 0.006615 -0.004692 -0.015613 -0.013156 -0.001098 -0.040363 -0.029261 0.000691 -0.021690 0.006537 -0.035533 -0.002866 -0.001782 -0.027875 0.000488 0.020241 -0.032259 -0.018871 -0.023763 0.013799 -0.008135 -0.010395 0.013454 -0.005164 -0.013146 -0.006603 -0.025415 -0.009664 -0.031930 -0.024876 -0.055442 -0.020234 -0.017301 -0.006386 0.010292 -0.005646 -0.015933 0.014367 -0.010912 -0.042777 -0.021744 -0.009640 -0.034721 -0.034272 -0.014617 -0.012576 -0.050155 -0.018680 -0.056663 -0.032074 -0.003913 -0.006521 0.000216 -0.007385 0.004795 -0.023126 0.003833
-0.012875 -0.021575 -0.021815 -0.036343 -0.002831 0.006655 -0.010256 -0.020188 -0.013911 0.018164 0.032379 -0.001963 0.000123 -0.020436 -0.026992 -0.016836 -0.011756 -0.006432 -0.018730 -0.048754 -0.044573 -0.040568 0.007547 -0.012643 -0.034660 -0.028184 -0.044527 -0.008573 -0.027696 -0.022576 0.004980 -0.045022 -0.022695 -0.001167 -0.008384 0.012153 -0.003407 -0.017677 0.013232 0.002920 -0.017981 0.013073 0.013466 0.019068 -0.032865 -0.002247 -0.027990 -0.025046 -0.011258 0.016115 -0.034754 -0.016395 -0.005918 -0.015659 0.002980 -0.000820 -0.023054 0.017875 -0.004799 -0.013612 -0.005139 -0.020629 -0.032953 -0.023509 -0.023517 -0.043990 -0.013389 -0.023413 -0.011489 0.024156 0.028164 -0.007439 -0.022330 -0.023622 -0.028069 0.019475 0.022779 -0.013681 0.025803 -0.006416 0.005863 0.018009 -0.029936 -0.011555 -0.004309 -0.017926 -0.017965 -0.012786 -0.004864 -0.001607 -0.010250 0.011760 -0.011704 -0.004009 -0.010893 0.003647 0.000306 -0.003767 -0.004055 -0.033414 -0.033775 -0.019353 -0.009020 -0.056561 -0.050297 -0.043657 0.007477 -0.002898 -0.031083 0.018199 -0.011056 -0.042089 -0.002002 -0.009189 -0.014508 -0.040133 -0.036873 0.005678 0.001154 -0.036157 -0.014978 -0.036323 -0.021781 0.001095 -0.007266 -0.008368 -0.016766 -0.019923 -0.032547 -0.063527 -0.048309 0.006463 0.009831 0.022296 0.009881 -0.004631 -0.021234 -0.012511 0.001235 -0.010934 -0.010946 -0.021426 -0.001369 -0.045454 -0.013239 0.002304 -0.017462 -0.017560 -0.004797 -0.001772 -0.014836 -0.003636 0.013598 0.011705 -0.003415 -0.002436 -0.007785 -0.011039 0.019523 -0.013575 -0.031307 -0.032907 -0.011222 -0.038931 -0.004802 0.005853 -0.019942 -0.012060 0.036669 0.030828 -0.016635 -0.047133 -0.051996 -0.009863 -0.051861 -0.067954 -0.044411 -0.015444 -0.032490 -0.017994 -0.009534 -0.023496 -0.021176 -0.003218 -0.023547 -0.028879 -0.021884 0.010004 0.005174 -0.004390
-0.010341 -0.023895 -0.001784 -0.020124 -0.002770 -0.015741 -0.012544 -0.030457 -0.018942 0.019310 0.031824 0.007547 0.009873 0.003545 0.000704 0.006418 -0.009413 -0.000972 -0.039792 -0.060286 -0.009569 -0.017891 -0.012328 -0.004850 -0.016838 -0.026187 0.003075 0.011623 -0.001131 -0.010707 -0.001237 -0.008631 -0.033881 -0.055092 -0.029525 0.003148 0.031560 0.006245 -0.012514 -0.042360 -0.026747 -0.005178 0.006651 0.007069 -0.036611 -0.016582 -0.022579 -0.027016 -0.020482 -0.016654 -0.042875 -0.031673 -0.020336 -0.018801 0.001288 -0.041102 -0.021029 0.025902 0.023632 -0.010850 -0.021031 -0.013162 -0.017333 -0.015609 -0.001084 -0.014346 -0.045522 -0.033072 -0.021699 -0.006495 0.005380 -0.028335 -0.031711 0.006307 0.006475 0.028703 0.029125 0.000985 0.005983 -0.009542 -0.035788 -0.038298 0.007119 0.015718 -0.025471 -0.058617 -0.035997 0.001104 0.023115 0.046164 0.007636 0.012132 -0.010442 -0.034669 -0.018456 -0.001012 -0.015258 -0.027391 -0.043861 -0.037408 -0.031653 -0.046615 -0.037259 -0.049725 -0.020062 -0.039211 -0.020080 0.003526 -0.003214 0.000986 -0.012209 -0.016972 -0.034027 -0.039018 -0.016069 -0.008972 -0.013638 -0.000833 -0.036510 -0.034434 -0.017037 -0.027500 0.004072 -0.001824 0.008442 -0.006773 -0.004904 -0.007542 -0.022046 -0.020245 -0.016453 -0.002934 0.015296 0.009032 -0.006627 -0.022850 -0.022737 0.001815 -0.005743 -0.027496 -0.036280 -0.016522 0.003555 -0.039433 -0.007225 0.022268 0.003755 0.002092 0.025233 0.014547 -0.028011 -0.004072 0.024179 0.027142 -0.008323 -0.053945 -0.030619 -0.009050 -0.007743 -0.010188 -0.011249 0.017040 0.021163 -0.001571 -0.012921 -0.000003 0.003417 -0.012519 0.021601 0.032105 0.005626 -0.027383 -0.028575 -0.014514 -0.050221 -0.047244 -0.020431 -0.003244 -0.034508 -0.025720 -0.009338 0.006667 -0.024963 -0.010015 -0.013568 -0.033989 -0.019984 0.013276 0.006821 -0.004258
-0.033825 -0.009557 -0.009603 -0.024239 -0.014123 -0.029964 -0.036538 -0.015103 -0.015220 0.003012 -0.020002 -0.000171 -0.015965 0.009164 0.022513 0.001167 -0.031329 0.000867 -0.024464 0.000117 0.011906 0.013309 0.010542 0.011905 -0.039153 -0.006768 -0.002840 0.022742 0.000836 -0.006156 -0.004349 -0.015902 -0.048915 -0.057437 0.003602 -0.002341 -0.007026 -0.021932 -0.022063 -0.044541 -0.000986 -0.000555 -0.019094 -0.003971 -0.021388 -0.020515 -0.014132 -0.020197 -0.004388 -0.003061 -0.016375 -0.013591 -0.026912 0.013324 0.015243 -0.043033 0.003181 0.000362 0.010802 -0.007973 -0.036670 -0.028312 -0.004167 0.020004 0.005101 -0.009699 -0.035471 -0.026043 -0.026639 0.002269 -0.024054 -0.019198 -0.053423 -0.021354 -0.009273 0.006699 0.019776 0.000506 0.004703 -0.000254 -0.016684 -0.026837 0.013007 0.017087 -0.017591 -0.024988 -0.029901 -0.045629 -0.025360 0.008358 0.016542 0.015391 -0.021656 -0.032615 -0.004681 -0.012756 -0.000933 0.006821 -0.031503 -0.009881 -0.026462 -0.017807 -0.025848 -0.012949 -0.011791 -0.020795 -0.008702 -0.009540 -0.013570 -0.005646 -0.005080 -0.016124 -0.015720 -0.020289 -0.015105 -0.006477 0.004931 0.000721 0.003188 0.011031 0.001343 -0.028558 -0.023920 -0.014436 -0.005687 -0.008871 -0.020207 -0.019110 -0.032805 -0.006259 -0.015616 -0.022148 -0.006590 -0.016646 -0.002610 -0.010247 -0.013824 0.011877 -0.010750 -0.014692 -0.000962 -0.013184 0.001918 0.007398 -0.006656 0.017748 -0.024662 -0.011038 -0.010237 -0.007935 0.003079 -0.005090 0.006168 0.016463 -0.045577 -0.046372 -0.067896 -0.042043 -0.021169 -0.008852 0.026892 0.038616 0.020380 0.010272 -0.016572 -0.033362 -0.009883 -0.011427 -0.025689 0.025244 0.015252 0.000514 0.025179 -0.003342 -0.000645 -0.015196 -0.009914 -0.017534 -0.011683 -0.037804 0.029911 -0.001263 -0.020347 0.003031 -0.033955 -0.077087 -0.036595 -0.009606 -0.015275 -0.032399
-0.020760 -0.009477 -0.009273 -0.027724 -0.010887 -0.009501 -0.022080 0.014398 -0.013025 0.012387 0.013973 -0.014270 -0.045708 0.003984 -0.021824 -0.006895 -0.011172 -0.022951 -0.027636 0.036218 0.013894 -0.001357 0.005572 0.004955 -0.023248 -0.019854 -0.015352 -0.002723 -0.020888 0.007753 -0.017180 -0.005910 -0.034249 -0.015781 0.008985 0.004717 -0.002280 -0.016645 -0.031761 -0.018804 0.000595 0.006272 -0.007079 -0.010173 -0.011384 -0.039053 -0.057324 -0.018666 0.003069 0.000894 -0.014441 -0.031469 -0.000015 -0.006955 0.001224 -0.006386 -0.004949 -0.001953 -0.001413 0.010004 0.019095 -0.036902 -0.012250 0.012535 -0.035937 0.005416 -0.006805 -0.006347 0.001081 -0.020522 -0.029275 -0.001151 -0.046436 -0.020391 -0.026774 -0.017746 0.019479 0.000425 0.007473 -0.002888 -0.010959 -0.023540 -0.001129 -0.007035 -0.019404 -0.016086 -0.038918 -0.034093 -0.021284 0.004242 0.005781 0.003995 -0.010093 -0.017146 -0.009751 -0.008801 -0.004003 0.018531 -0.006822 -0.013674 -0.032515 0.000803 0.003419 -0.041035 -0.059840 0.004101 0.011072 -0.007180 -0.046161 -0.038548 -0.017413 -0.014442 0.010089 -0.002550 0.001572 0.000424 -0.006112 -0.005079 -0.018313 0.020647 0.005175 -0.024571 -0.007917 0.008261 -0.008473 -0.030659 -0.032813 -0.020458 -0.015267 -0.021308 -0.025892 0.007989 0.002238 -0.009841 -0.011938 -0.030587 0.010577 0.022798 -0.012975 0.010443 0.006048 -0.027510 0.005832 0.003369 -0.033846 -0.014851 -0.014713 -0.017035 0.001320 0.013892 0.001602 -0.022802 -0.045021 -0.015763 -0.033842 -0.030315 0.009292 -0.007567 -0.012114 -0.005844 0.006805 -0.029485 -0.016848 0.010118 -0.014759 -0.024844 -0.034208 -0.012892 0.005507 -0.010682 0.010398 0.012090 -0.007722 -0.043808 -0.025944 -0.012269 -0.022594 -0.001660 -0.001666 -0.001939 0.006226 -0.045862 -0.015831 -0.001277 -0.031925 -0.041589 -0.020279 -0.013043 -0.012456 -0.039960
-0.000343 -0.026065 0.024760 -0.014656 -0.010190 -0.006557 0.005860 -0.012321 -0.030810 -0.026633 0.007705 -0.025453 -0.028463 0.005092 -0.012055 0.000471 -0.027673 -0.015097 -0.036579 -0.002609 0.017368 -0.001248 -0.014270 -0.034523 -0.063066 -0.059262 -0.021481 -0.017213 -0.042757 0.002181 -0.043985 -0.007688 -0.010991 -0.004332 -0.005904 0.011256 0.032535 -0.021150 -0.009499 -0.010317 -0.006407 -0.021943 -0.022495 0.015930 -0.011658 -0.022770 -0.022130 -0.027297 -0.033512 0.009352 -0.000777 -0.032069 -0.008041 -0.025801 -0.018101 -0.003342 -0.017822 0.002439 0.014065 -0.008346 0.018207 -0.008084 -0.040193 0.007887 -0.011809 -0.009659 0.006699 -0.001105 -0.025711 -0.014177 0.005413 -0.002800 0.011818 -0.002676 0.008158 -0.000856 -0.000056 -0.004331 0.003548 -0.026760 -0.031905 -0.015270 0.026101 -0.000308 -0.042296 -0.035909 -0.031652 -0.024099 -0.003354 -0.005255 0.006812 0.011654 -0.007525 -0.024919 -0.011641 0.009548 -0.017224 -0.023716 -0.021044 -0.011023 -0.003212 -0.014095 -0.007442 -0.004091 -0.024502 0.012853 0.014804 0.008798 -0.042290 -0.040261 -0.012733 -0.025342 -0.014080 -0.021359 0.007263 -0.010005 -0.010063 -0.000262 -0.022321 -0.024955 -0.019183 0.005223 0.002838 -0.011891 -0.036346 -0.020385 -0.022021 -0.039088 -0.007717 -0.016883 -0.030456 -0.022535 -0.008243 -0.027768 0.000911 -0.049466 -0.018893 0.023109 -0.012758 -0.004810 0.022099 -0.005960 -0.036384 -0.019596 -0.014727 -0.012285 0.011845 -0.001063 0.020996 -0.004059 -0.014579 -0.009276 -0.029290 -0.046780 -0.023578 -0.042253 0.008877 -0.031595 -0.042939 -0.008930 -0.014555 -0.054824 -0.028135 -0.035326 0.001583 0.001317 -0.027677 -0.026196 -0.028958 -0.005262 -0.006022 0.002217 -0.005373 -0.031865 0.002752 -0.002279 -0.012320 0.003180 0.017219 -0.008649 -0.045953 -0.028658 0.027322 0.010233 -0.036510 -0.022994 -0.009146 -0.015622 -0.008792 -0.003562
-0.012820 -0.002379 -0.009132 -0.002707 -0.021846 -0.046646 -0.002603 -0.035103 -0.021542 -0.020635 -0.019577 -0.024287 0.004129 0.012481 -0.017073 -0.030178 -0.026119 -0.003086 -0.028389 -0.025875 -0.022059 -0.015848 -0.022676 -0.026794 -0.038704 0.004034 -0.029882 -0.032545 -0.020276 -0.001786 -0.032891 -0.030923 0.004254 -0.014815 -0.003374 0.005611 0.020481 -0.029425 -0.017227 -0.045565 -0.024933 -0.008109 -0.004735 -0.015809 -0.028792 -0.009987 0.003248 -0.017533 -0.038135 -0.018956 -0.035177 0.003498 -0.017316 -0.014838 -0.018871 -0.023171 -0.023385 -0.009571 -0.004157 -0.018156 0.011252 -0.005413 -0.032272 0.002357 -0.004499 -0.031328 0.033637 0.001146 -0.033260 -0.014377 0.018622 0.021137 -0.015289 -0.003839 0.024139 -0.006937 -0.035706 -0.028548 -0.011316 -0.012624 -0.014854 0.014340 -0.023672 -0.009035 -0.001395 -0.009630 0.001971 -0.003640 -0.003511 0.014153 0.007913 -0.009338 -0.031018 -0.017260 -0.008958 -0.025615 -0.041715 -0.005502 -0.031274 -0.010636 -0.009457 -0.004584 -0.031098 -0.010038 0.003277 0.010730 0.013017 -0.001051 0.018837 0.009093 -0.012576 -0.032543 -0.021742 -0.008931 0.039370 0.000002 0.009053 -0.011067 -0.030013 -0.027907 -0.028401 -0.022456 -0.011747 -0.014003 -0.042082 -0.019069 -0.032923 -0.018016 0.009441 -0.002659 -0.007211 -0.019258 -0.007871 0.009127 0.034294 -0.036279 -0.012621 0.014657 0.005652 -0.054425 -0.009148 -0.007046 -0.041382 -0.009739 -0.051769 -0.042284 -0.001073 -0.008550 0.002248 -0.033804 -0.044600 -0.037457 -0.048314 -0.052796 0.002153 -0.017340 -0.046407 -0.013110 0.006993 -0.006355 -0.042119 -0.076128 -0.017531 -0.012314 -0.016527 -0.021525 -0.004418 -0.007083 -0.013248 -0.015830 -0.009574 -0.010367 0.001707 0.005661 -0.008955 -0.020559 -0.017827 -0.020970 0.016264 -0.036937 -0.044025 -0.024076 0.000870 0.030280 -0.020348 -0.045046 0.005322 -0.036026 -0.045781 0.011515
-0.005861 0.007873 -0.030354 0.003115 -0.000394 -0.031198 -0.002705 -0.027446 -0.018604 -0.002323 -0.021158 -0.041979 -0.003600 -0.010760 -0.003749 -0.002428 -0.035855 -0.027248 -0.012243 -0.012306 -0.002958 -0.003486 -0.017043 -0.011323 -0.025389 -0.020263 -0.018558 0.005692 0.020008 0.001703 -0.004365 0.015920 0.018615 -0.010939 -0.005466 -0.013887 -0.005869 -0.004953 -0.017408 -0.029820 -0.023325 -0.021662 -0.024433 -0.025706 -0.016948 -0.016483 -0.040336 -0.005908 -0.021075 0.013059 -0.030213 -0.036774 -0.020480 -0.009651 -0.009755 -0.006485 -0.007677 -0.028138 -0.026080 -0.006213 -0.011181 -0.000841 0.021454 -0.015848 -0.031436 0.017816 -0.008017 -0.000431 -0.021703 -0.028793 -0.024388 -0.012307 -0.018099 -0.008343 0.020515 0.009913 -0.010761 -0.009412 -0.008925 0.015969 -0.013642 0.015383 -0.032481 -0.005269 0.018647 -0.007851 -0.024580 -0.038832 -0.012314 0.018056 0.010161 -0.003793 -0.011151 0.003249 0.013409 -0.042505 -0.044198 -0.001413 -0.052538 -0.047944 -0.054595 -0.002716 -0.008854 -0.031022 0.014655 0.008779 0.013598 -0.023520 0.012293 0.003498 -0.018610 -0.002056 -0.030544 0.004201 0.002729 0.007743 0.005462 0.007224 -0.063528 -0.037836 -0.028235 0.008524 -0.028765 -0.019152 -0.029941 -0.035539 -0.011834 -0.004687 -0.011742 0.002635 -0.003673 -0.022551 -0.024056 -0.003798 0.009501 -0.012288 -0.002132 0.021452 0.014348 0.029335 0.003453 0.010119 -0.018341 -0.007746 -0.022512 -0.000871 0.021073 -0.025586 -0.035435 -0.015154 -0.001830 -0.032928 -0.020526 -0.015973 -0.017916 -0.000275 -0.049127 -0.025528 -0.004242 -0.013809 -0.066357 -0.032867 0.013362 0.008849 -0.030968 -0.043514 -0.015277 -0.038014 -0.044048 -0.041107 -0.029005 -0.003896 -0.009311 0.023668 -0.006827 -0.010578 -0.001182 -0.014300 -0.034117 0.007609 -0.004887 -0.017163 -0.020594 0.000426 -0.003872 -0.048492 -0.044244 -0.033574 -0.025441 -0.014782
-0.009806 -0.027062 -0.022868 -0.017042 -0.007753 -0.023618 -0.003681 -0.027301 -0.049718 -0.001937 -0.008226 -0.038244 -0.028931 -0.008426 0.013038 0.005191 -0.016193 0.002967 0.001501 -0.021890 -0.017903 0.007996 -0.007682 0.002884 -0.023432 -0.005826 -0.004688 -0.017025 0.002411 0.023229 -0.002397 0.006228 0.007608 0.000574 -0.003991 -0.008759 -0.014361 0.003225 0.001917 -0.009808 -0.024238 -0.025916 -0.035973 -0.010270 -0.010430 -0.028306 -0.028629 -0.006848 -0.001898 0.020690 0.014509 -0.005754 -0.002642 -0.009697 -0.001925 0.011999 -0.015143 -0.028183 0.002621 -0.013023 -0.007534 0.009507 0.024200 0.013585 -0.007945 -0.007978 -0.014521 -0.022462 0.005227 0.002153 -0.015571 -0.001957 0.028460 -0.013708 -0.029265 -0.014511 0.008692 -0.013075 0.002546 -0.018883 -0.024935 -0.004930 -0.031028 -0.029591 -0.011510 -0.036126 -0.010975 -0.027385 -0.016534 -0.025101 -0.003450 0.006623 -0.039893 -0.034273 0.018862 0.011919 -0.032046 -0.014097 -0.017930 -0.001955 -0.011341 -0.039484 -0.003341 -0.005976 -0.009384 -0.022733 0.001236 -0.001784 -0.013549 0.013827 -0.005422 -0.016230 0.001533 -0.001317 -0.003443 -0.005784 -0.009715 0.007267 -0.019638 -0.034630 -0.014871 -0.010060 -0.021607 -0.033367 -0.031348 -0.033185 0.013940 -0.015824 -0.006702 0.002399 0.007533 0.003528 -0.013736 -0.010657 0.021268 0.032563 0.000867 -0.020956 -0.061185 0.021235 0.008598 -0.016347 -0.000650 -0.013280 -0.010335 0.000798 -0.004372 -0.011774 -0.035316 -0.015361 0.003863 -0.027584 -0.025376 -0.031516 -0.015140 -0.005110 -0.019584 -0.012915 -0.000729 -0.001884 -0.035832 -0.003794 -0.013394 -0.035176 -0.049537 -0.070418 -0.064510 -0.042877 -0.028359 -0.008939 -0.030103 -0.010527 0.027497 0.031610 -0.005379 -0.024720 -0.000359 -0.009625 -0.016063 -0.005735 0.004322 -0.015047 0.027009 0.023225 -0.014143 -0.015022 -0.019293 -0.017742 -0.011706 -0.029267
-0.037702 -0.029584 -0.017839 -0.032412 -0.029971 -0.013066 -0.009085 -0.011405 -0.026879 0.001018 0.003767 0.003055 0.020963 -0.009009 -0.018825 -0.006784 0.003883 -0.011895 -0.042755 -0.023320 -0.023066 -0.009492 0.001408 0.010847 0.035200 -0.002382 -0.013785 -0.009226 0.020037 0.026558 -0.006895 -0.020974 -0.001686 -0.015177 -0.042736 -0.023347 0.000888 0.022605 -0.013610 -0.015261 0.001007 -0.005131 -0.013190 -0.018918 -0.035789 -0.032949 -0.038894 -0.028209 -0.007916 -0.008492 0.018232 0.016492 -0.012302 -0.021256 -0.021074 0.022951 -0.001049 0.006530 0.009069 -0.045366 -0.015084 0.003170 0.033712 0.019030 -0.001794 0.005062 -0.006729 -0.027651 -0.012158 -0.007186 -0.001362 -0.010273 0.013376 0.003106 -0.004475 -0.041527 -0.020852 0.009389 -0.007298 -0.025110 -0.024793 -0.008186 -0.029618 -0.033114 -0.018250 -0.007219 0.011780 -0.011206 0.003294 -0.022091 -0.007655 -0.019259 -0.011773 -0.011820 0.001853 0.003240 0.010793 -0.024228 -0.008306 0.005369 -0.003350 0.004154 -0.009405 -0.012722 -0.001018 -0.014591 -0.016172 -0.021983 -0.026932 -0.012900 -0.019222 -0.018366 0.003314 -0.005718 0.014550 -0.016929 -0.031792 -0.012895 0.015032 -0.007830 0.015338 -0.015187 -0.023286 -0.001692 -0.027271 -0.026250 0.014884 -0.015907 -0.008483 -0.012864 0.002718 0.009263 -0.030483 -0.059204 -0.000184 0.009217 0.004762 -0.013664 -0.013501 -0.014647 0.023806 -0.026718 0.004421 0.018929 -0.002163 0.009958 0.022651 0.000187 -0.021885 -0.012291 0.020333 -0.026942 -0.003988 -0.034780 -0.032688 -0.026963 -0.010064 -0.017152 -0.006730 -0.020994 -0.028149 -0.009645 -0.012969 -0.050488 -0.032854 -0.009310 -0.020382 -0.000731 0.008795 -0.005079 -0.011887 0.008378 0.011227 -0.020069 -0.008006 -0.024096 -0.001415 -0.016553 -0.022408 -0.023624 0.018734 0.002171 0.035708 0.019996 0.004554 0.008979 0.002803 0.002794 -0.010544 0.019399
-0.019178 -0.008065 -0.004981 -0.052704 -0.035491 -0.063761 -0.028398 -0.047864 -0.030878 -0.005121 -0.016183 0.013918 0.020130 -0.025198 -0.013377 0.035087 0.026084 0.006628 -0.008950 -0.017026 -0.027216 -0.038359 0.002282 0.009074 0.016588 -0.022540 -0.017257 -0.015202 -0.013538 0.000921 -0.010939 -0.017825 -0.030154 -0.052963 -0.001628 -0.021470 -0.021063 -0.009934 -0.011239 -0.024385 -0.014511 -0.001677 -0.015833 -0.029756 -0.003430 -0.008505 -0.013806 -0.025408 -0.002589 -0.022883 -0.042944 -0.004025 -0.017055 -0.015822 -0.021440 -0.003234 0.013162 -0.013347 -0.032485 0.005855 -0.008525 -0.018574 0.019124 -0.012362 -0.026442 -0.005068 -0.029720 -0.039028 -0.029362 -0.006802 0.003213 -0.008202 -0.017011 -0.015173 -0.017707 0.014657 0.021416 0.003040 -0.006243 -0.001173 -0.028867 -0.040376 -0.010190 0.010898 0.012859 -0.015291 -0.005932 -0.013409 -0.008780 -0.028278 -0.018601 0.015337 0.009476 0.000445 0.001393 0.005245 0.026902 -0.007129 -0.005270 0.014296 0.014828 -0.008932 -0.002966 -0.028453 -0.016427 -0.004475 -0.021397 -0.014669 -0.031813 0.003698 -0.004651 0.009957 0.025761 0.008609 -0.008862 -0.011778 -0.006138 -0.024379 0.004874 0.028983 -0.004785 -0.023428 -0.019691 -0.013750 -0.059020 -0.040331 -0.003674 0.001622 -0.008329 -0.031516 -0.044902 -0.039069 -0.049891 -0.043691 0.008587 -0.007095 0.005437 -0.004778 -0.011974 0.037958 0.036965 -0.029951 -0.029189 0.007040 -0.001581 -0.006551 -0.028942 -0.001640 -0.020361 -0.020111 0.009757 -0.023102 0.006759 -0.017221 -0.038820 -0.062503 -0.017680 -0.013315 -0.015089 -0.032573 0.005041 -0.020370 -0.022578 0.008608 0.001096 -0.030301 -0.067722 -0.030534 -0.001821 -0.011790 -0.014341 -0.005992 -0.011207 -0.038678 -0.019576 -0.003434 -0.016369 -0.001615 -0.013890 -0.002738 0.003934 -0.024532 0.002192 -0.009391 0.000615 0.003626 -0.015897 -0.028371 0.006552 0.020883
0.000632 -0.008747 -0.022031 -0.050930 -0.028335 -0.033538 -0.015572 -0.018346 -0.012226 -0.018393 -0.027511 -0.002759 0.003992 -0.013193 -0.021537 -0.009989 -0.007480 -0.025333 0.003335 0.000477 -0.006171 0.015359 -0.003490 -0.009033 -0.012538 -0.015815 0.003822 -0.017131 -0.045440 -0.034597 -0.014784 -0.032465 -0.041458 -0.009040 0.011344 -0.011979 -0.000563 0.004922 0.011262 -0.011755 -0.014070 0.014558 -0.011113 -0.010579 -0.003564 -0.018367 -0.003313 -0.009498 0.012608 -0.014328 -0.015806 0.038312 0.007397 -0.015749 -0.012350 0.016686 -0.000964 -0.046667 -0.025877 0.018988 0.009918 0.010557 -0.000396 -0.021883 -0.018417 -0.018620 -0.028071 -0.011163 -0.012558 0.000200 -0.029506 -0.023355 0.000805 -0.021424 -0.021795 -0.024460 -0.019014 -0.016033 -0.020572 -0.014764 -0.009012 -0.020752 0.026310 0.001288 -0.046179 -0.014013 -0.017338 -0.031786 -0.023351 0.023900 -0.006339 -0.046656 -0.035702 0.002393 0.001760 -0.008056 -0.019879 -0.009811 0.014132 0.014722 0.010146 0.012613 -0.016816 -0.035273 -0.039222 -0.029335 -0.008237 -0.002267 -0.003786 -0.017440 -0.009786 0.008995 0.042744 0.003172 -0.009088 -0.022333 -0.010189 -0.008944 -0.010061 0.018377 0.013043 -0.007288 -0.008170 0.010931 -0.030362 -0.044744 -0.031765 -0.003827 -0.004996 -0.016231 -0.028670 -0.006641 -0.002704 -0.016116 -0.019126 -0.020566 0.018976 -0.043893 -0.041538 0.024854 0.030068 -0.010609 0.005835 -0.042759 -0.058398 -0.052159 -0.033689 -0.013163 0.003849 0.026883 -0.008988 0.000432 -0.009229 -0.024997 -0.034434 -0.032631 -0.009257 -0.020456 -0.021156 -0.018816 0.021479 0.000936 -0.009470 0.016467 0.032068 -0.015537 -0.017027 -0.004792 -0.022765 -0.004765 -0.001274 -0.043934 -0.018579 -0.010932 -0.014650 -0.017686 0.007607 0.015979 -0.016628 -0.000372 0.008623 0.000057 -0.028264 -0.023247 -0.023776 -0.002967 -0.010554 -0.017678 -0.008385 -0.003925
-0.023532 -0.015491 -0.024265 -0.037029 -0.030805 0.009715 -0.014586 -0.009358 -0.004315 0.001667 -0.002485 -0.028129 -0.002049 -0.033049 -0.049552 -0.037798 -0.012980 0.016634 0.007166 0.010456 -0.007722 0.003039 -0.024080 -0.042454 -0.041423 0.007244 -0.013330 -0.015441 -0.020767 -0.045321 -0.030012 -0.041824 -0.028781 0.013509 -0.004591 -0.005466 -0.030612 -0.020171 -0.012172 0.000726 -0.012770 -0.024321 -0.022023 0.003300 -0.014706 -0.030891 -0.007023 -0.005718 0.004612 0.002138 0.002739 -0.004353 -0.017596 -0.032454 -0.020946 -0.000755 -0.014718 0.004999 0.008278 -0.008239 -0.011768 -0.015255 -0.005467 -0.005545 0.008708 -0.008266 -0.002294 0.008517 0.022362 -0.027565 -0.041356 -0.044774 0.003871 -0.014983 -0.044447 -0.048822 -0.062101 -0.042558 -0.034956 -0.017433 0.012823 -0.004940 -0.013754 -0.026981 -0.023254 0.013679 -0.004223 0.014707 -0.001165 -0.008545 -0.007702 -0.016766 -0.028430 -0.029740 -0.016372 0.008297 -0.029177 -0.024152 -0.013744 -0.006486 -0.018992 -0.050765 -0.024900 -0.013221 -0.017517 -0.045382 -0.022758 0.002801 -0.005417 -0.007473 -0.009908 -0.016274 0.000799 -0.001525 -0.026778 -0.035091 -0.026485 -0.016254 -0.034002 -0.024404 -0.002732 -0.032367 -0.023147 0.013609 0.004013 -0.038324 -0.030590 -0.002904 -0.024804 -0.033671 -0.027742 -0.023689 -0.022345 -0.030571 -0.013842 -0.014680 0.002186 -0.031014 -0.012955 0.030267 0.006700 0.012525 0.008520 -0.022239 -0.050499 -0.013442 0.002896 -0.011154 0.003416 -0.015890 -0.009258 0.000970 -0.013017 -0.010434 -0.029515 -0.020977 -0.031123 -0.000647 -0.003687 -0.000650 -0.038567 -0.016726 -0.027058 -0.055039 -0.022899 -0.021235 -0.016148 0.012798 -0.013752 -0.020599 -0.010338 -0.007014 -0.017808 0.007589 -0.011621 -0.026878 -0.005503 0.006781 -0.007745 -0.004041 0.020986 -0.007209 -0.041620 -0.024647 0.010096 0.017536 0.011368 -0.014346 -0.028796 0.018474
-0.032023 0.013951 -0.036227 -0.022375 0.016844 0.011106 -0.017775 -0.016769 -0.046067 0.005206 0.005462 -0.004872 -0.002285 0.006524 -0.029221 -0.015273 -0.006432 -0.001910 0.008582 -0.022072 -0.055731 -0.029575 -0.021191 -0.010690 -0.025662 -0.013307 -0.028558 -0.007622 -0.015644 -0.030443 -0.001490 0.007169 -0.010076 -0.031688 -0.036315 -0.030653 -0.041669 -0.023089 -0.025579 -0.015501 -0.011934 -0.017842 -0.011255 -0.037884 -0.022942 0.003404 -0.004904 -0.019959 -0.006953 0.001080 -0.008417 -0.031302 -0.030804 -0.027135 -0.007384 -0.015029 0.005247 0.010759 0.008355 -0.018263 -0.027975 -0.001136 0.000869 -0.034148 -0.022584 -0.023108 0.008644 0.009287 0.026254 0.020481 -0.001913 -0.027353 -0.012638 -0.005328 -0.046023 -0.030166 -0.025258 -0.038946 0.001418 0.001839 0.001234 0.002329 -0.004608 -0.022156 -0.022030 0.002076 -0.020360 -0.009503 0.008969 0.003410 -0.014758 -0.035605 -0.027140 -0.047816 0.011153 0.019996 -0.010686 0.023084 -0.018522 -0.012279 -0.025830 0.012154 0.004301 -0.022317 -0.018322 -0.009796 -0.008308 -0.006506 -0.006266 -0.002469 -0.030861 -0.010525 0.008538 0.015264 -0.011694 -0.019867 -0.053964 -0.034523 -0.021727 -0.018377 0.004790 -0.023763 0.003861 -0.016053 -0.011610 -0.002313 0.002117 -0.041122 -0.032591 -0.016500 -0.006388 -0.007979 -0.027488 -0.034643 0.011565 -0.018310 -0.029849 -0.028348 -0.042498 0.009450 -0.000301 0.008107 -0.009722 -0.015016 -0.022138 -0.012255 -0.033399 -0.036933 -0.018749 -0.038220 -0.024149 -0.006359 -0.006817 -0.012038 -0.010033 0.014678 -0.027467 -0.001282 -0.021556 -0.016849 -0.046694 0.009720 -0.006557 -0.029049 -0.015360 -0.012628 -0.009574 -0.005629 -0.028209 -0.032130 -0.009074 -0.000995 0.008318 0.001088 -0.011456 0.005636 -0.002474 -0.005521 -0.027059 -0.032910 0.019746 -0.027331 -0.030978 -0.031476 0.010075 -0.019337 -0.004286 -0.016018 -0.015715 -0.006316
-0.008766 -0.007155 -0.048874 -0.008864 0.026085 0.017302 0.003067 -0.021824 -0.050020 -0.017640 0.001676 0.004980 -0.016908 0.024527 0.014451 -0.004466 -0.016877 -0.006313 0.011809 -0.017869 -0.018807 -0.011600 0.002296 -0.014347 -0.031364 -0.030857 0.007727 -0.011297 -0.007363 -0.020469 -0.042781 -0.011277 -0.023484 -0.043310 -0.013943 0.001264 0.000067 -0.006445 0.006108 -0.016606 -0.023856 -0.024232 0.007422 -0.030115 -0.034680 -0.041417 -0.008544 -0.019778 -0.001182 -0.036868 -0.030227 -0.011272 -0.000138 -0.016539 -0.006676 -0.000827 -0.039140 0.011815 0.023504 -0.003600 -0.025777 -0.032137 -0.033811 -0.016427 0.003635 0.008719 -0.014906 0.004367 0.009042 0.007919 -0.014380 -0.043915 -0.032162 0.001750 -0.022518 -0.004587 -0.010645 -0.025011 -0.001948 0.005631 0.002241 0.000705 0.000473 0.014220 0.011016 0.009662 0.002660 -0.009469 -0.002930 0.006950 0.002116 -0.017885 -0.031398 -0.039592 -0.000160 0.005967 0.001723 -0.022183 0.016116 0.017551 -0.023885 -0.014971 -0.015418 -0.010552 0.004378 -0.019531 0.007404 0.045156 0.026032 -0.024151 -0.029397 -0.015264 0.002992 0.016821 -0.000107 -0.013177 0.017750 0.019922 -0.004436 -0.024292 -0.018042 -0.004355 -0.002540 -0.006540 -0.014227 -0.008249 0.006755 -0.023479 -0.028254 -0.035019 -0.072890 -0.048484 -0.017726 -0.028361 -0.024800 -0.024828 0.007535 -0.008574 -0.020574 -0.005023 0.032600 0.049872 -0.019569 0.009580 0.017335 -0.012355 -0.007105 -0.007946 -0.013483 -0.024680 -0.029619 -0.021723 -0.011054 0.000286 0.023134 0.007581 -0.016554 -0.024393 -0.037909 -0.026999 -0.028172 -0.007513 -0.020382 0.008697 0.007953 0.005959 0.005709 -0.013874 -0.008819 -0.014602 -0.021374 -0.035188 -0.013198 -0.003656 -0.000085 0.010114 0.013592 -0.010238 -0.035687 -0.041124 0.024314 -0.029204 -0.051667 -0.039098 -0.008022 -0.018741 -0.033440 -0.019714 0.003582 0.015894
-0.028725 0.008121 -0.009959 -0.005491 -0.011405 0.011636 0.027710 0.015955 -0.037280 -0.047258 0.000781 -0.004760 0.010612 -0.036601 -0.014471 0.010768 -0.001906 -0.003611 -0.025568 -0.037996 -0.002831 0.019260 0.001764 -0.011102 -0.027562 -0.022984 0.020957 0.010077 -0.018256 -0.031726 -0.046128 -0.021790 -0.037525 -0.024181 -0.013465 0.001168 -0.017094 -0.032081 0.022393 0.053264 0.004649 -0.032220 0.021456 -0.007124 -0.005376 -0.034375 -0.004814 -0.007308 -0.020243 -0.020804 -0.016247 0.009162 0.010001 -0.025787 -0.023650 0.012100 -0.031678 0.001615 0.010470 0.007450 0.009955 0.002412 0.001577 0.005487 0.013191 -0.016515 -0.032898 -0.001523 -0.001084 -0.012027 -0.020157 -0.048590 -0.050583 -0.016355 -0.007480 0.009304 -0.012955 -0.049490 -0.035717 -0.039360 -0.011054 -0.003676 -0.018601 0.019120 0.006659 0.004666 0.019884 -0.006315 -0.012184 0.015205 0.016782 -0.008292 -0.030264 -0.044840 0.003850 -0.010451 -0.006632 -0.018848 0.009076 0.008900 -0.008818 -0.016553 -0.023151 -0.017003 -0.015387 -0.029063 -0.019724 0.014942 0.009524 -0.009468 -0.015545 -0.018449 -0.013262 -0.001060 -0.013820 -0.025541 0.010007 -0.007133 -0.001103 -0.023529 -0.022438 0.000721 0.008092 -0.015147 -0.021342 -0.036335 -0.016336 0.025013 -0.008464 -0.009426 -0.030444 -0.039640 -0.032397 -0.008629 -0.036461 -0.021871 -0.028326 -0.045541 -0.011150 0.002284 -0.011787 -0.014041 -0.005734 0.012544 -0.042583 -0.060409 -0.042592 -0.046749 -0.032494 -0.005255 -0.032086 -0.048033 -0.022068 -0.013182 0.002316 -0.005723 0.003694 -0.007095 -0.011469 -0.010248 0.000055 0.004144 -0.024749 0.001139 0.022772 0.004360 -0.005697 -0.029910 -0.022208 -0.011847 -0.020307 -0.033550 -0.023015 -0.013929 -0.007985 -0.006292 0.006021 -0.027792 -0.014492 0.004565 0.006178 -0.010383 -0.012868 -0.021010 -0.015742 0.004744 -0.007708 -0.015073 0.009302 0.005884
0.001723 0.017098 -0.016191 -0.027072 -0.004242 0.015075 -0.004642 0.022413 -0.015943 -0.051600 -0.026387 -0.011455 -0.034391 -0.016436 -0.004997 -0.010874 0.002477 -0.023209 -0.032366 -0.012390 0.028039 -0.001088 -0.025090 0.005652 -0.000050 -0.010511 -0.009593 0.001755 -0.038476 -0.043214 -0.031432 -0.026974 -0.041781 -0.037031 -0.025490 -0.005673 -0.036574 0.017389 0.019110 0.018831 -0.014872 -0.031322 0.007839 -0.010321 -0.003850 -0.006348 -0.014959 -0.007376 0.006260 -0.000566 -0.019396 -0.032058 0.005321 -0.017313 -0.029550 -0.046048 0.002890 0.004807 -0.025284 -0.013232 0.004417 0.015288 0.003080 -0.002952 -0.008301 -0.038141 -0.016667 -0.002713 0.008472 0.004393 0.004892 -0.015701 -0.010591 -0.022040 -0.005932 0.007349 -0.013756 0.003825 -0.014781 0.004160 0.014285 -0.008273 -0.012391 0.000382 -0.010564 -0.008163 -0.015347 -0.009910 0.004575 0.025695 -0.011559 -0.011211 -0.012756 -0.033316 0.012255 -0.014297 -0.037598 -0.015713 -0.044581 -0.013781 -0.011759 -0.032551 -0.024927 0.018264 0.007275 -0.002238 -0.016034 -0.017030 -0.012313 -0.014647 0.006123 -0.011041 -0.013296 -0.034145 -0.024219 -0.005631 0.000643 0.018548 0.011517 0.009991 -0.000402 -0.040224 -0.018439 -0.009210 -0.042599 -0.017511 -0.017332 -0.030015 -0.012816 0.011007 -0.022794 -0.017051 0.002190 -0.010930 0.005714 0.013657 -0.033105 -0.040116 0.000515 0.021408 -0.015523 -0.006580 -0.029446 -0.031124 -0.037685 -0.013534 -0.022824 -0.033901 -0.004361 0.011061 -0.008684 -0.043124 -0.047864 -0.021177 -0.053800 -0.039973 0.001415 -0.023452 -0.005878 -0.038957 -0.012517 -0.026003 -0.012634 -0.008042 0.003590 0.012019 -0.022856 -0.038384 -0.026152 -0.015991 -0.022643 -0.043302 -0.039979 0.008146 -0.008656 -0.018218 -0.004502 -0.013068 -0.022880 -0.001523 -0.013134 -0.016834 0.003743 -0.024705 -0.023752 0.007847 0.027320 -0.006347 -0.007692 -0.017925
0.017247 0.019774 -0.025127 -0.039255 -0.010985 -0.014903 -0.007149 0.014470 -0.021312 -0.061951 -0.019945 -0.002328 -0.022378 -0.031417 -0.042785 -0.030098 -0.034126 -0.004578 -0.019094 -0.020525 0.004825 -0.037982 -0.011817 0.005005 -0.007035 -0.015266 -0.012608 -0.040524 -0.027186 -0.027407 -0.026695 -0.014715 -0.034350 -0.044016 0.006263 0.011641 0.012466 0.041338 -0.001026 0.010613 0.005171 -0.021725 -0.025062 -0.008451 -0.034454 -0.010062 -0.029719 -0.020138 -0.001990 -0.021652 0.009722 -0.012837 -0.026540 -0.013224 -0.032633 -0.033547 0.012627 0.008111 -0.008272 0.001020 0.026656 0.007757 0.001850 -0.016407 -0.024519 -0.010699 -0.010194 -0.014265 0.011882 0.007744 -0.002981 -0.016841 0.013578 -0.009506 0.006996 -0.016567 -0.002841 0.014335 0.001060 -0.035690 -0.015842 -0.001827 0.006375 0.007344 -0.001175 -0.024137 -0.015021 0.003342 0.012647 0.023283 -0.004728 -0.013017 -0.005067 -0.015375 0.009972 -0.008024 -0.040893 -0.002029 -0.033479 0.003698 0.006077 -0.012066 -0.023485 -0.029846 0.017682 0.013506 0.011656 -0.017124 -0.030181 -0.010007 0.003894 0.000771 -0.029303 -0.024145 0.013736 0.028692 -0.017540 0.028555 -0.006200 -0.004912 -0.036091 -0.033613 -0.036935 -0.000788 -0.056470 -0.034673 0.000838 -0.055833 -0.018832 -0.013179 -0.010044 -0.042239 -0.019421 -0.033116 -0.028193 -0.033912 -0.071443 -0.017843 0.009932 -0.005263 -0.003144 0.016174 -0.045264 -0.029584 -0.004701 0.040263 0.002909 -0.013184 0.030916 0.024894 -0.014368 -0.038171 -0.033981 -0.005228 -0.009608 -0.032846 -0.009131 -0.007432 -0.027023 -0.049772 -0.013183 -0.017280 -0.035658 -0.031555 -0.009721 0.006550 -0.026814 -0.015266 -0.025376 -0.026284 -0.023023 -0.016365 -0.035803 -0.014457 0.012880 -0.011046 -0.027982 -0.021254 -0.048828 -0.004532 -0.015981 -0.018479 -0.026982 -0.057614 -0.029865 -0.037153 -0.022254 -0.006703 -0.009202 -0.026077
-0.020150 -0.008083 -0.028174 -0.038468 -0.044075 -0.004011 -0.001623 -0.002263 -0.015755 -0.033484 -0.011830 -0.016310 -0.022061 -0.005410 -0.035384 0.002504 -0.073708 -0.046395 -0.017604 -0.057735 -0.010182 -0.014064 -0.022568 -0.023920 -0.026972 -0.017248 0.021793 0.006022 -0.014861 -0.000816 -0.013658 -0.031335 0.016291 -0.000639 0.000682 -0.017472 0.004713 0.026356 0.024117 0.000152 -0.001030 -0.045533 -0.046127 -0.032858 -0.018075 -0.018108 -0.013208 -0.008083 -0.002050 -0.029657 -0.018879 -0.017200 -0.008220 -0.002265 -0.042268 -0.033477 -0.008667 0.002304 0.002047 -0.018615 0.005947 -0.002019 -0.029111 -0.042116 -0.015964 -0.028202 -0.033594 -0.031997 -0.020812 -0.037853 -0.046940 -0.030164 0.004847 -0.003076 0.013375 -0.015991 0.004837 0.005334 -0.008847 -0.009970 -0.016976 -0.030125 -0.019336 -0.000599 0.004207 0.008134 -0.004090 -0.003861 0.005506 -0.004316 -0.009631 -0.018504 -0.000494 0.002966 -0.015672 -0.010751 -0.017333 -0.006687 0.034060 0.014844 -0.009470 -0.059878 -0.025791 -0.017114 0.004499 0.001412 -0.035935 0.005152 -0.012901 -0.004491 -0.051554 -0.015678 0.012360 -0.025390 0.025076 -0.002481 -0.026005 -0.005510 -0.006796 -0.029765 -0.022950 -0.048965 -0.072638 -0.044014 -0.045120 -0.041455 -0.039633 -0.033975 -0.035599 -0.017930 -0.026305 -0.022070 -0.049007 -0.027901 0.006369 -0.022351 -0.029886 -0.005965 -0.030045 0.002766 0.032065 0.024309 -0.002554 0.005979 -0.001287 0.034723 0.007053 -0.039081 -0.031016 -0.001427 -0.002026 -0.018008 -0.054808 -0.035693 0.002655 -0.010850 -0.047757 -0.022204 -0.022009 -0.012183 0.011823 0.009528 -0.006790 -0.016050 -0.018162 0.027526 -0.016293 -0.010422 0.005051 -0.016901 -0.015169 0.012711 0.005978 -0.021705 -0.020594 -0.011716 -0.055329 -0.023017 0.012335 0.012347 -0.020106 -0.032790 -0.021093 -0.028850 -0.024474 -0.029482 -0.043383 0.020210 0.010705 -0.015193
0.022732 -0.012362 -0.028899 -0.008748 -0.035972 -0.005529 -0.007462 -0.007114 0.023974 -0.003356 -0.019528 -0.012698 -0.001278 -0.008935 -0.033539 -0.002675 -0.021677 -0.035438 -0.019231 -0.017633 -0.020609 -0.028108 -0.009829 -0.013497 -0.004907 -0.024664 -0.015414 -0.011060 -0.023419 -0.007249 0.007999 0.012795 0.014880 -0.042757 0.004556 0.002509 -0.001622 0.005120 -0.012748 -0.019508 -0.001043 -0.044664 -0.042049 0.011817 0.037058 0.022228 -0.003790 -0.006372 0.016127 -0.006306 -0.026167 -0.040467 -0.001391 0.004485 -0.019373 -0.000074 -0.015564 0.000048 -0.007732 -0.015602 -0.015840 -0.001158 -0.006799 0.015814 -0.008154 -0.003297 -0.000461 -0.018166 -0.026994 -0.007457 0.011974 0.005523 -0.032559 -0.028155 -0.028320 -0.010603 0.006447 -0.010486 -0.023166 -0.036325 -0.038724 -0.035766 0.003969 -0.010800 -0.003421 -0.000268 0.006524 -0.020331 -0.008499 -0.029462 -0.007972 -0.003278 -0.017998 0.003030 -0.000654 -0.021445 -0.009784 -0.030512 -0.052881 0.005594 -0.016013 -0.042058 -0.058767 -0.002753 0.014574 -0.004645 -0.035524 -0.040271 -0.017782 -0.004175 -0.037884 -0.058886 0.008634 -0.014134 -0.026841 -0.015783 -0.032309 -0.011265 0.003965 -0.006060 -0.008283 -0.027156 -0.061057 -0.036547 -0.007736 -0.024908 -0.011620 -0.034587 -0.026359 -0.035617 -0.018438 -0.016135 -0.015826 0.023845 0.018664 -0.053756 -0.010164 -0.033827 -0.054713 -0.019597 -0.004212 -0.017421 0.000549 -0.042048 -0.031481 -0.005500 -0.018183 -0.013451 -0.027126 -0.039299 -0.024602 -0.026736 -0.037536 -0.050353 -0.026313 -0.040198 -0.041868 -0.000037 0.007012 -0.003187 0.009959 -0.000633 0.007839 0.015099 -0.022812 -0.016471 -0.023971 -0.027260 -0.011198 -0.006881 0.009463 -0.019098 -0.029862 -0.035218 0.011180 0.011602 -0.031844 -0.004451 -0.009005 -0.016121 0.016113 -0.020812 -0.015591 -0.015079 -0.010521 -0.009699 -0.033219 -0.024736 -0.000149 -0.033072
0.006917 -0.011944 0.010812 0.000070 -0.018520 -0.016849 -0.009266 -0.018893 0.000960 -0.030319 -0.021461 -0.037526 -0.001805 -0.037459 -0.026309 -0.006673 -0.000918 -0.042854 -0.015412 -0.000435 -0.003131 0.007066 0.000163 0.010582 -0.005765 -0.019137 -0.020397 -0.020247 -0.025441 0.009699 -0.017588 -0.008161 -0.018279 -0.026631 -0.005176 -0.000156 0.017770 0.009805 -0.012043 -0.005954 0.007930 -0.050527 -0.030537 -0.034941 -0.004104 0.002668 0.011926 0.011525 -0.006054 0.025437 0.000164 -0.005082 -0.012396 -0.018852 -0.029238 0.001941 0.011447 0.014492 -0.021142 -0.013613 0.011556 0.007771 0.007670 -0.015417 -0.005881 0.001717 0.025888 0.018750 -0.004070 0.007041 -0.015140 0.004638 -0.035628 -0.017763 -0.026976 -0.012601 -0.027211 -0.015639 -0.007807 -0.003920 -0.022480 -0.016931 0.010974 -0.033564 -0.007241 0.001379 -0.001791 -0.022477 -0.003534 -0.016160 -0.024699 -0.018180 -0.025221 -0.003134 -0.020241 -0.014035 -0.020248 -0.026207 -0.022166 -0.032727 -0.039221 0.004338 -0.011846 -0.004782 0.035020 -0.009898 -0.027049 -0.025249 -0.020413 -0.026889 -0.034844 -0.010550 -0.003054 -0.036559 -0.009870 -0.017624 -0.025400 -0.002659 -0.012208 0.004119 -0.014358 -0.011668 -0.033451 -0.003543 -0.032352 -0.019203 0.016900 -0.026236 -0.031465 -0.001954 -0.019401 -0.003242 -0.004508 0.017442 0.000910 -0.063886 -0.016274 -0.020257 -0.013986 -0.015606 -0.020925 -0.020357 0.004362 -0.027124 -0.012933 0.001639 -0.002872 0.019961 0.017115 -0.017425 -0.022302 0.015714 -0.017869 -0.014151 -0.009648 -0.018044 -0.050815 -0.017906 -0.004654 -0.002199 0.013834 -0.012062 -0.004334 0.004806 0.008934 -0.016310 -0.021706 -0.016976 -0.007075 0.005492 0.008298 -0.023760 -0.037768 -0.052306 -0.028959 -0.007912 -0.033880 -0.015879 -0.028385 -0.043459 -0.003949 -0.027219 -0.003855 -0.000721 0.002182 -0.000875 -0.018022 -0.030047 -0.019577 -0.040306
0.011016 -0.001310 -0.023895 -0.019978 -0.043789 -0.033566 -0.028167 -0.033562 -0.012306 -0.023196 -0.003561 -0.028252 -0.050127 -0.049580 -0.016814 -0.064147 -0.026232 -0.026028 -0.019983 -0.007618 -0.018967 -0.001045 -0.000380 0.005980 0.007212 -0.018423 -0.021466 -0.028903 -0.038143 -0.002899 -0.049387 -0.050541 -0.059684 -0.022352 -0.000658 -0.010784 0.015328 -0.010434 -0.014900 -0.018723 -0.003402 -0.035033 -0.018001 -0.028097 -0.040599 0.008366 0.010479 0.018260 -0.012665 -0.020111 0.002874 0.012388 0.005210 0.022610 -0.028826 -0.018378 0.007263 -0.010812 -0.035953 -0.028991 0.040421 0.008767 -0.026820 -0.048496 -0.039445 -0.014274 0.014640 -0.001811 -0.030983 -0.010089 -0.048359 -0.040446 -0.021124 0.008543 -0.007774 -0.008024 -0.014022 -0.009592 -0.019200 -0.007123 -0.009305 0.000550 -0.014226 -0.016656 -0.007498 0.007184 -0.014380 -0.024401 -0.022645 -0.035031 -0.030322 -0.036025 -0.014910 0.012962 -0.025760 0.001400 -0.004038 -0.018589 0.008989 -0.033383 -0.023992 -0.004603 -0.011536 -0.006358 -0.004216 -0.007780 -0.006928 0.030281 0.000633 -0.042556 -0.020033 -0.041643 -0.026646 -0.003521 -0.006597 -0.013344 -0.024031 -0.011635 -0.012988 0.008394 -0.018227 0.003827 0.013860 0.007339 -0.051812 -0.039045 0.006207 -0.009584 -0.032472 -0.034078 -0.009105 -0.015736 -0.028667 -0.027664 -0.030641 0.004098 -0.039985 -0.056303 -0.003023 0.003086 0.017036 0.009484 -0.021938 -0.040273 -0.056842 0.010717 0.026689 0.020734 0.018479 -0.003966 -0.015459 0.037132 -0.002450 -0.018602 -0.003132 -0.034275 -0.032797 -0.015795 -0.028740 0.005369 0.018434 -0.013814 -0.029282 0.006644 0.012984 -0.009289 -0.033272 -0.012701 -0.005157 -0.019483 -0.000077 -0.030768 -0.031797 -0.020964 -0.030300 -0.028646 -0.006892 -0.018488 -0.006003 -0.008401 -0.011027 -0.006985 0.001982 -0.014752 -0.014154 0.017060 -0.031381 -0.033695 -0.007997 -0.021470
0.015123 -0.027706 -0.017114 0.000676 -0.008420 -0.002222 -0.007221 -0.012383 -0.031294 -0.045702 -0.030984 -0.015098 -0.013431 -0.021045 -0.018379 -0.035309 -0.007407 -0.014825 -0.031503 -0.001614 0.000706 -0.006693 0.002182 0.005268 -0.025203 -0.045221 -0.010054 -0.014864 -0.014618 -0.003279 0.007623 -0.035670 -0.045464 -0.032063 -0.017176 -0.002377 -0.007274 -0.048506 -0.024144 -0.009374 0.004696 -0.015997 0.011447 -0.016642 0.017856 0.011502 0.002302 -0.011132 -0.016588 -0.008647 -0.012028 -0.022426 -0.023165 0.011792 0.022734 -0.015688 -0.003783 -0.003254 -0.046569 -0.059299 0.021864 -0.024012 -0.034808 -0.022647 -0.034400 -0.045877 -0.016948 -0.010221 -0.007528 -0.017778 -0.013985 -0.037075 -0.007486 -0.005125 -0.023650 -0.059016 -0.060406 -0.031765 -0.033491 -0.011198 -0.004831 -0.011926 -0.039832 -0.018225 0.011457 -0.008191 -0.032393 -0.042166 -0.008544 -0.008171 -0.005563 -0.030221 0.002161 0.005303 -0.002894 0.000126 -0.010249 -0.008351 0.026580 0.008713 -0.017806 -0.007035 0.001697 0.003135 -0.037062 -0.025938 -0.011450 0.007092 -0.010337 -0.009504 -0.019217 0.008151 0.023043 0.011015 -0.045892 -0.009603 -0.003506 -0.025920 0.004752 0.000482 0.014053 -0.000510 -0.000210 -0.011347 -0.041418 -0.044736 0.031194 0.025997 -0.012519 -0.029074 -0.008080 -0.015801 0.000682 0.003811 -0.028309 -0.018002 -0.028479 -0.025737 -0.015680 0.009810 -0.002131 -0.038586 -0.061252 -0.017591 -0.015771 0.002784 0.014382 0.006115 0.006231 -0.017190 -0.008354 0.003621 -0.020004 0.006887 0.002766 0.017797 0.019317 0.016240 -0.017179 -0.024652 -0.003708 -0.021587 -0.052983 -0.000364 -0.014960 -0.028167 -0.024357 -0.013576 -0.000709 -0.021028 -0.045524 -0.011603 -0.037118 0.000782 -0.004451 -0.031441 -0.021022 -0.046907 -0.011742 -0.013681 -0.030761 -0.005943 -0.033127 -0.012487 0.005732 0.022515 -0.007929 -0.012929 0.004929 -0.009575
-0.022276 -0.012623 -0.003071 -0.028428 -0.002663 -0.014498 -0.014234 -0.007233 0.002689 -0.021734 -0.017301 0.021195 0.016462 -0.016893 0.001299 -0.023252 -0.006069 -0.016535 -0.018995 -0.028095 0.010211 -0.026819 -0.011527 -0.009198 -0.026794 -0.047044 0.001097 -0.027301 -0.024933 -0.009325 -0.018773 -0.014567 -0.004536 0.004603 -0.017374 -0.005401 0.001261 -0.019661 -0.006740 0.033811 0.012782 0.008767 0.042606 0.000305 0.019305 -0.034135 -0.024503 -0.007268 0.011874 -0.002367 -0.007137 0.010855 -0.018468 -0.001182 -0.012819 -0.043042 -0.032008 -0.004120 -0.022852 -0.017692 -0.004891 -0.013181 -0.029709 -0.045341 -0.028023 -0.035544 -0.030480 -0.028096 0.019480 0.010931 0.000026 -0.018777 -0.023252 -0.035640 -0.006190 -0.041659 -0.036240 -0.015762 0.001162 -0.004222 0.012180 -0.000018 -0.009587 0.011343 0.035277 0.008895 -0.007032 -0.006400 0.007522 -0.019420 -0.017826 -0.051458 0.000811 -0.005682 0.000825 0.005646 0.006305 -0.002541 0.026945 -0.013573 -0.044889 0.000507 -0.023153 -0.032747 -0.031750 -0.014863 0.001152 0.013356 0.014361 -0.002749 0.018380 0.026888 0.008404 -0.006957 -0.047066 -0.018873 -0.032868 0.005980 0.005106 -0.028495 0.016432 0.013291 -0.033160 -0.030727 0.013127 -0.024908 -0.030208 -0.013230 -0.027305 -0.028233 -0.025418 -0.027061 0.011670 0.017065 -0.043027 -0.033790 -0.028405 -0.021657 -0.002639 -0.000437 -0.015591 -0.014932 -0.016764 0.010317 -0.016608 0.015115 -0.024916 -0.008084 0.020700 0.032575 0.010066 -0.004927 -0.039641 -0.051335 -0.028740 0.016819 -0.008407 -0.008649 0.001092 -0.043017 -0.031533 -0.018568 -0.040815 0.001619 -0.019744 0.001207 -0.007708 -0.000582 0.008447 -0.029430 -0.038942 -0.018692 -0.029253 0.004052 -0.027554 -0.013520 -0.022694 -0.030075 -0.023423 -0.015293 -0.018278 -0.015702 -0.010019 -0.002006 -0.003264 -0.031629 -0.037740 -0.020778 -0.063913 -0.046173
-0.046394 -0.034897 -0.022929 -0.016701 0.003371 -0.028082 0.001956 0.015342 0.050912 0.013449 -0.004755 -0.032478 0.003349 -0.031843 -0.002228 -0.011959 -0.010147 -0.033578 -0.023228 0.005306 0.037937 -0.012436 0.008159 -0.004051 -0.007677 -0.006478 -0.027113 -0.029572 -0.036326 -0.009460 -0.044410 -0.007626 0.018818 -0.014742 -0.019985 -0.022496 0.013545 0.019939 -0.016370 -0.007268 -0.005186 -0.038168 -0.005984 -0.003939 0.009970 -0.039804 0.000808 -0.012581 -0.015970 -0.020720 -0.030874 -0.031187 -0.026687 0.013812 0.018718 0.012607 -0.019470 -0.028975 -0.012313 0.003494 -0.022981 -0.008212 -0.015234 -0.017541 -0.004101 0.001094 -0.006303 -0.009077 -0.017897 0.007543 -0.003116 -0.008189 0.018034 -0.012640 -0.002345 -0.022715 -0.011784 -0.018717 -0.024528 -0.040396 0.000712 0.008276 0.009185 0.006982 0.014079 -0.025321 -0.007931 -0.029665 -0.028989 -0.015287 0.011298 -0.047207 0.026472 -0.005099 -0.003986 -0.028237 -0.014479 -0.026237 0.000706 -0.012283 -0.027954 -0.018971 -0.042394 -0.021341 -0.014165 0.005452 -0.003477 0.013335 0.030393 -0.010496 0.008901 0.041578 0.028010 -0.001309 -0.034001 -0.003934 -0.022547 -0.010488 -0.006646 -0.009133 -0.026671 -0.003122 -0.015277 -0.011155 -0.017901 -0.014932 -0.022970 -0.023683 -0.010050 -0.015564 0.001008 -0.008685 -0.010978 0.001827 -0.008529 -0.008896 -0.021768 0.017882 0.021556 0.011663 -0.009075 0.008797 -0.002790 0.009272 -0.038815 -0.030090 -0.018354 -0.008807 -0.025626 0.006859 0.029156 0.000503 -0.045896 -0.062183 -0.035322 -0.010154 0.016741 0.007190 -0.034098 -0.050601 -0.016681 -0.042656 -0.040798 -0.000374 -0.008186 0.010400 -0.006676 -0.010864 -0.001460 -0.034888 0.001454 0.008815 -0.003136 0.002106 -0.004315 0.024694 -0.006303 -0.017850 0.006702 -0.019833 -0.027508 -0.015519 -0.004677 -0.010064 -0.009987 -0.027229 -0.025235 -0.035998 -0.039065 -0.025783
-0.017235 0.000255 -0.037089 -0.032684 -0.031810 -0.040085 -0.027375 -0.014551 0.004350 0.023769 -0.005828 -0.021728 0.003967 -0.003404 -0.039392 -0.005850 -0.017510 -0.030338 -0.006465 -0.013011 0.006342 -0.006730 -0.011286 -0.018953 -0.016914 -0.016765 -0.014243 -0.005457 -0.042295 -0.006160 -0.001628 -0.004226 0.005566 0.001583 -0.003566 0.014254 0.023318 -0.000322 0.009592 -0.015887 -0.033552 -0.044366 -0.008773 0.007957 -0.014066 -0.028785 0.021355 -0.003524 -0.020126 -0.036364 -0.045336 -0.028384 -0.016162 0.004986 -0.015575 -0.003031 -0.018960 -0.015243 -0.031819 -0.022810 -0.015836 -0.027470 -0.037357 0.005942 0.004687 0.016548 0.004392 0.018163 -0.031604 -0.030591 0.000239 0.015783 0.037846 0.007301 0.002051 0.002575 -0.025058 -0.027127 -0.023526 -0.041302 -0.023793 -0.007598 0.007433 -0.013725 -0.025770 -0.035105 -0.008235 -0.004738 -0.022138 -0.036235 -0.003312 -0.003582 -0.006029 -0.022008 -0.009184 -0.000404 -0.022950 -0.010075 0.006209 -0.018996 -0.025639 -0.017186 -0.036657 -0.021786 0.004133 -0.020346 -0.004273 0.010682 0.006527 -0.041185 0.000489 -0.005890 -0.007404 0.002177 -0.017532 -0.015700 0.000268 0.008207 0.017511 0.022514 -0.024374 -0.002326 -0.024309 -0.052250 -0.026737 0.001122 -0.004128 -0.025162 0.012205 0.019839 -0.019375 0.014746 -0.002065 -0.012037 0.002034 -0.024826 -0.004006 0.000365 -0.012147 -0.020006 -0.019521 0.020997 -0.000182 -0.030037 -0.052106 -0.039148 -0.020894 -0.038751 -0.038223 -0.052660 -0.002786 -0.004260 -0.019085 -0.009475 -0.026370 -0.039504 -0.031559 0.025177 -0.004774 -0.024456 -0.011371 -0.041586 -0.014260 -0.020129 -0.009127 -0.013602 0.001132 0.019884 -0.016788 -0.056923 0.000886 0.017064 0.012547 -0.017726 -0.002454 0.006939 0.010367 -0.043662 0.002236 -0.020837 -0.023606 -0.006958 -0.035192 0.008302 -0.030177 -0.030037 0.008938 -0.009909 -0.007607 -0.023326
-0.014587 -0.010681 -0.018265 -0.042525 -0.021631 -0.033952 -0.022578 -0.015366 -0.015586 -0.006292 0.000052 0.007502 0.003614 -0.006041 -0.028566 -0.004943 0.014181 0.005533 -0.031194 -0.036022 0.006200 0.000052 -0.024168 0.012357 0.025739 -0.013432 -0.021155 -0.004739 0.001951 0.000888 0.006540 -0.000417 -0.008020 -0.039933 -0.018507 -0.014908 -0.012364 -0.008663 -0.002946 0.007083 0.022977 -0.014339 -0.003237 0.014520 -0.025241 -0.009210 0.002340 -0.016448 -0.010648 -0.010084 -0.037476 -0.019482 -0.029774 -0.028235 -0.034120 -0.013975 -0.005771 -0.019811 -0.021994 -0.036422 -0.029846 -0.039231 -0.014542 -0.009877 -0.017731 0.008434 -0.013819 0.001156 -0.011130 -0.015090 -0.013598 0.020485 0.008046 0.017178 0.000843 -0.008063 -0.015371 -0.018971 -0.017824 0.010165 -0.038589 -0.036111 -0.010494 -0.017150 -0.019916 -0.034100 -0.010632 -0.022150 -0.025719 -0.047133 -0.037319 -0.013088 -0.023459 -0.014947 -0.004760 -0.008502 -0.004200 0.021638 0.015505 0.000425 -0.016515 -0.013417 0.009798 -0.021151 -0.027995 -0.057578 -0.044955 -0.018189 -0.011234 -0.020623 -0.036335 -0.046638 -0.035698 -0.020715 -0.018814 -0.038787 -0.014337 0.000059 0.021956 0.003173 -0.019493 -0.004618 0.013465 -0.021772 -0.049768 -0.010630 -0.014806 -0.028068 0.016469 -0.002547 -0.014787 0.028062 -0.002330 -0.038102 -0.008629 -0.006414 -0.020581 -0.042027 -0.020943 -0.003913 0.008030 -0.001023 0.016176 -0.044112 -0.028829 -0.009795 -0.055388 -0.007333 0.007845 -0.041286 -0.040022 -0.004669 -0.022132 -0.034095 0.003228 0.010974 -0.017244 0.010864 0.010457 -0.006404 0.025834 -0.005717 -0.018318 -0.036712 -0.027547 -0.020748 -0.009452 -0.004987 -0.035363 -0.037693 -0.018853 -0.012144 -0.026814 -0.050162 -0.011510 -0.023839 -0.014997 -0.028841 -0.020163 -0.017147 -0.012231 -0.039079 -0.036957 -0.008998 -0.044717 -0.021196 0.031675 0.027770 0.015257 -0.014006
-0.013267 0.000611 -0.030142 -0.028413 0.014920 -0.016765 -0.003379 0.001710 -0.006300 0.030864 -0.013476 0.015100 0.005924 -0.031220 -0.000639 -0.015877 -0.009030 -0.005244 -0.020034 -0.033815 -0.021394 -0.018523 -0.005608 0.011841 0.033775 0.028212 -0.016704 -0.038007 -0.028339 -0.063746 0.010920 0.024027 -0.005884 -0.037852 -0.035678 0.013683 0.017513 0.001948 -0.001481 0.006999 0.000852 -0.015177 -0.026895 0.021012 0.018062 0.008199 -0.008318 0.006270 -0.013035 0.002013 -0.019612 -0.006517 -0.037734 -0.037484 -0.013697 -0.012743 -0.010645 -0.012259 -0.021573 -0.041034 -0.034300 -0.053791 -0.024754 -0.010139 -0.015119 -0.010939 -0.030217 -0.001391 -0.011576 -0.012780 0.000888 -0.011281 -0.030804 -0.008705 0.007301 -0.010457 -0.020319 -0.032611 -0.028615 0.016777 0.015704 -0.014101 -0.035539 -0.002069 0.006405 -0.009496 -0.001826 -0.015582 -0.025674 -0.040741 -0.030743 -0.011043 -0.037441 -0.013853 -0.005108 0.003817 -0.003412 0.029165 -0.001159 -0.001885 0.013460 -0.015660 0.005158 -0.036628 -0.036351 -0.037743 -0.050270 -0.020186 -0.015689 0.000211 -0.016871 -0.039174 -0.016813 0.000599 0.008189 -0.035400 -0.009967 -0.020820 -0.024167 0.008773 0.011593 0.007955 0.004298 -0.029620 -0.058528 -0.010046 -0.033122 -0.030550 -0.008323 -0.000506 0.013811 0.013965 -0.022078 -0.057586 -0.034174 -0.005878 0.004148 -0.022906 -0.009902 -0.012370 -0.008117 -0.007102 -0.004331 -0.021756 -0.062243 -0.053942 -0.028316 0.005008 -0.042708 -0.047274 -0.028225 -0.019963 -0.023968 -0.047037 0.005327 0.026555 -0.020813 0.001807 0.013324 -0.027982 0.010286 0.017444 -0.020083 -0.035648 -0.024495 0.019160 -0.025498 -0.010619 -0.028167 0.023335 0.013617 -0.005164 -0.010604 -0.025010 -0.012180 -0.000950 -0.025378 0.007219 0.010308 -0.010875 -0.036890 -0.018836 -0.005045 -0.018564 -0.020424 -0.016215 0.007758 0.029289 0.029807 -0.056335
0.006132 -0.035940 -0.034442 -0.030361 0.012994 -0.017610 -0.041399 -0.004353 -0.004551 -0.000116 0.001864 0.014080 -0.015458 -0.012787 -0.020769 -0.026900 -0.027610 -0.025343 -0.019905 -0.001651 -0.002183 -0.017023 -0.001911 0.012895 0.010328 0.009101 0.001523 -0.040703 -0.014732 -0.011274 0.011861 -0.008690 -0.020109 -0.021270 0.000081 -0.002377 -0.027952 -0.026921 -0.014393 0.002000 0.002841 0.007314 -0.032723 -0.012792 -0.000088 -0.001537 0.017072 0.021125 -0.011399 -0.015961 -0.033894 -0.008629 -0.019823 0.003212 -0.023462 0.003437 0.019101 0.003454 -0.010522 -0.031201 -0.040502 -0.044283 -0.019852 -0.041635 -0.023392 -0.027289 -0.029774 -0.021542 -0.010293 -0.001792 0.003765 -0.034119 -0.002600 -0.009937 -0.003666 -0.012982 -0.004269 0.016367 0.019827 -0.034185 -0.006498 -0.006293 -0.059510 -0.051204 -0.042986 0.015231 -0.015857 0.017140 0.002472 -0.002906 -0.013718 0.010500 -0.011161 -0.018438 -0.066189 0.001963 -0.010458 -0.008446 -0.011802 -0.028441 -0.011161 -0.014475 0.026231 -0.036022 -0.034471 -0.036085 0.001594 -0.009319 -0.011487 -0.007951 -0.007354 0.004076 -0.025464 -0.022772 0.005157 0.011094 -0.019849 -0.004202 -0.066086 -0.005770 0.012601 -0.009841 -0.023860 -0.050504 -0.006104 0.003416 -0.047023 -0.007292 -0.015752 -0.038463 0.004130 -0.009425 -0.004044 -0.030345 -0.032938 -0.024897 -0.032545 0.006890 0.012967 -0.006968 0.014100 -0.000213 -0.029325 -0.027381 -0.016109 -0.052368 -0.033182 0.019412 -0.016474 -0.050445 -0.033871 -0.021647 -0.003903 -0.024484 -0.012488 -0.016750 -0.043377 0.003285 0.019024 -0.008821 -0.011600 0.041677 0.012336 -0.014147 -0.011216 -0.017044 -0.019959 0.012926 -0.024539 -0.012209 0.005135 0.019325 0.001872 -0.025245 -0.021402 -0.006311 -0.030345 -0.001486 0.013029 0.016398 -0.012861 -0.022436 -0.004553 0.001604 -0.001266 -0.036872 -0.007704 -0.007106 -0.012052 -0.045639
-0.005642 -0.051607 -0.017154 -0.033010 -0.012456 -0.038029 -0.057846 -0.031629 -0.019502 -0.025638 -0.035095 -0.029660 -0.016369 -0.024954 -0.045794 -0.053404 -0.027273 -0.041179 -0.008087 0.019433 -0.004292 -0.015244 -0.016685 -0.005204 0.009684 0.009026 -0.005995 -0.031527 -0.028277 -0.029944 -0.012458 -0.015796 -0.026048 -0.029171 -0.001388 0.011181 0.004556 -0.037322 0.006621 0.002829 0.017494 -0.012285 0.005795 0.019804 -0.007703 -0.013942 -0.003527 0.008879 -0.035499 -0.054705 -0.026592 -0.012858 -0.026677 0.009272 -0.016203 0.015324 0.024889 -0.015410 -0.020251 -0.024250 -0.020088 -0.024375 -0.009217 -0.010447 -0.013693 -0.003510 -0.007688 -0.022151 -0.019597 -0.004354 -0.008911 0.001014 -0.014617 -0.010651 -0.031985 -0.025066 -0.041489 -0.029816 0.008883 -0.014871 -0.035669 -0.018946 -0.021196 -0.021950 -0.046215 -0.006021 -0.027862 -0.033914 0.010310 0.002142 0.032180 0.018464 -0.021465 -0.008220 -0.043757 -0.034757 -0.008083 -0.010237 0.018641 0.009108 -0.032265 -0.042995 -0.035230 -0.009393 -0.020123 -0.031586 -0.003379 -0.045251 -0.031876 -0.011863 0.004570 0.007278 0.008089 -0.033244 -0.019089 0.010745 -0.011453 -0.055089 -0.072873 0.002923 0.005637 -0.009261 -0.051263 -0.047593 0.019422 -0.005663 -0.003587 0.010237 -0.002424 -0.042182 -0.012938 0.005546 0.005426 0.001192 0.033710 0.031031 -0.026483 -0.011932 -0.004376 -0.025227 -0.010923 0.037948 -0.042750 -0.049745 0.010155 0.016809 -0.006324 0.001771 0.001131 -0.013195 -0.034197 -0.020905 0.010538 -0.027672 -0.001238 0.006461 -0.000539 0.001323 -0.036529 -0.035538 0.011692 0.044739 -0.019247 -0.036231 -0.033084 -0.018560 -0.005462 -0.002427 -0.000841 -0.029750 -0.026515 -0.015137 0.016221 0.010618 -0.011710 -0.023188 -0.012218 -0.002035 0.015894 -0.014169 -0.006399 0.002933 0.017367 -0.004684 -0.009094 -0.012238 0.021326 -0.021951 -0.015999 0.007919
0.004391 -0.012319 -0.010192 -0.035015 -0.020541 -0.025475 0.001590 -0.010719 -0.014162 -0.015411 -0.040590 -0.002589 -0.037132 -0.038074 -0.025155 -0.014993 0.009110 -0.026209 -0.039497 -0.019181 -0.011565 -0.021438 -0.004527 -0.007695 -0.030273 -0.010982 -0.027438 0.007628 -0.003716 -0.035819 -0.018379 -0.019563 -0.013005 -0.024267 -0.010439 0.016228 0.008256 -0.035789 -0.007223 0.012447 -0.008680 -0.014706 0.005450 -0.004018 -0.015447 -0.004050 0.001134 -0.012445 -0.008816 -0.021687 -0.015397 0.001806 -0.039953 0.012751 -0.019623 -0.026017 -0.018071 0.003955 0.004233 -0.007064 0.010798 0.009003 0.005186 -0.011238 -0.033600 -0.022907 -0.003465 0.016758 -0.004753 0.004302 0.011076 0.019870 -0.029392 -0.029203 -0.035784 -0.034260 -0.052684 0.003343 0.019792 0.021740 -0.015412 -0.027092 0.009837 0.027597 -0.021705 -0.038842 -0.013012 -0.030764 -0.022560 -0.008027 0.004880 -0.028341 0.018770 0.028302 -0.025314 -0.016129 -0.032262 -0.031697 0.004867 0.007653 0.012702 0.000309 -0.024183 -0.029396 -0.023260 0.001207 -0.006367 -0.005908 -0.012402 -0.003875 0.025412 -0.013020 0.014137 -0.000532 -0.031627 -0.010572 -0.003548 -0.011470 -0.028829 -0.004934 0.021582 0.012698 -0.046198 -0.062713 -0.028566 -0.026439 -0.040466 -0.057739 -0.016341 -0.034236 -0.002102 -0.002219 -0.052893 -0.010110 0.036501 0.023616 0.004642 -0.014098 -0.052591 -0.071271 -0.034099 -0.002364 -0.014286 -0.042550 -0.024516 -0.000237 -0.022865 -0.042129 0.020331 0.005352 -0.005769 0.022167 -0.001414 -0.003481 0.004808 -0.026846 -0.021144 -0.021309 -0.024348 -0.016151 -0.029775 -0.023691 -0.044372 -0.055688 -0.025048 -0.009938 -0.019753 -0.038107 -0.016913 -0.015748 0.011180 0.003755 0.007289 0.008925 0.009302 -0.031633 -0.015234 0.011292 0.001563 -0.043682 -0.015832 0.000907 -0.015046 -0.041912 0.003254 -0.005703 -0.023144 -0.021441 0.007445 0.047795
-0.002494 0.003331 0.026557 -0.030283 -0.025170 -0.006299 -0.028396 -0.013608 -0.003136 0.007506 -0.022172 0.010489 -0.008646 -0.022550 -0.037593 -0.061089 -0.004339 0.005045 -0.027421 -0.032824 -0.035811 -0.001077 -0.014212 -0.012397 -0.029179 -0.005510 -0.004849 0.000061 -0.039670 -0.025389 0.006442 -0.012668 -0.007500 0.001712 0.003119 0.014676 -0.026299 -0.056600 -0.033684 -0.038741 0.004195 -0.031200 -0.024291 -0.033074 -0.022628 -0.031556 0.009953 0.013836 -0.009220 -0.011870 -0.005062 0.001900 -0.018063 -0.020791 -0.019382 -0.009217 0.021960 -0.001856 -0.028924 -0.036335 -0.024083 -0.004417 0.009813 0.008699 -0.034639 -0.029618 0.004713 0.001604 0.009787 -0.000590 -0.030581 -0.042234 -0.054429 -0.038829 0.016579 -0.011450 -0.041802 -0.004270 0.018052 0.028601 0.014297 -0.000037 -0.043622 0.013320 -0.000707 -0.019991 -0.004275 -0.018528 -0.019903 -0.004378 -0.035098 -0.023451 0.021407 0.010478 -0.028611 -0.020320 -0.025573 -0.032960 -0.046311 -0.035759 -0.012920 -0.004376 -0.045710 -0.026633 0.001217 -0.001185 -0.044324 -0.006712 -0.013851 -0.012691 0.005404 -0.018106 -0.013655 -0.009759 -0.032047 -0.020402 -0.015632 0.001674 -0.008338 -0.019659 0.006537 0.009781 -0.016933 -0.036947 -0.000594 -0.008846 -0.022568 -0.049601 -0.041057 -0.029642 -0.019581 -0.020965 -0.057271 -0.058612 -0.019179 0.023717 0.006432 -0.007555 -0.020932 -0.022612 0.006386 -0.036238 -0.004143 0.012824 -0.000761 -0.021127 -0.023549 0.000372 -0.003621 -0.017602 -0.024874 0.004757 -0.020856 0.010440 -0.011620 -0.033777 -0.024405 -0.005770 -0.012881 -0.002448 -0.033952 -0.056497 -0.024815 -0.038128 -0.042526 0.015978 -0.015895 -0.045402 -0.028765 -0.030146 -0.004820 0.008704 0.011649 -0.003371 -0.005739 -0.007837 -0.023976 0.023394 0.022978 -0.011041 0.008208 -0.003098 -0.017305 -0.011902 0.016667 0.004764 -0.032164 0.010702 0.009883 0.022415
-0.014804 0.014244 0.011984 -0.051275 -0.029309 0.018491 -0.033710 -0.021791 0.007018 -0.006508 -0.055924 -0.017576 -0.027697 0.019734 0.041484 -0.023879 -0.021610 -0.015438 -0.022270 -0.000521 -0.001713 0.021221 -0.023973 -0.016056 -0.011936 0.018196 0.009413 -0.028111 -0.017244 -0.004486 -0.006098 -0.028884 -0.024834 -0.022786 -0.000168 0.007517 -0.014165 -0.025801 -0.001677 -0.017822 0.002591 -0.003707 -0.048953 -0.039611 -0.029255 -0.010746 0.015018 0.000480 -0.001023 -0.020032 -0.012761 -0.023752 -0.004273 -0.018390 -0.010451 -0.001091 -0.017690 -0.011145 -0.037284 -0.041965 -0.030106 -0.022506 -0.009926 -0.019708 -0.018521 -0.005889 -0.020419 -0.031032 -0.042560 -0.037486 -0.019806 -0.029135 -0.010590 -0.037021 -0.011633 0.022577 0.006931 -0.013273 -0.008991 -0.001186 0.001641 0.007482 -0.025373 -0.040864 -0.005173 -0.007968 -0.026183 -0.013344 -0.000134 -0.013189 -0.025096 -0.018023 0.001520 0.000396 -0.032551 -0.027081 -0.004238 -0.027459 -0.035482 0.008572 -0.020736 -0.030790 -0.035301 0.006576 -0.003018 0.027747 -0.014760 -0.017932 -0.012254 -0.031047 -0.032601 -0.024429 -0.019610 -0.022023 -0.015863 -0.012061 -0.020134 -0.014556 -0.017105 -0.027351 -0.013922 0.019578 -0.038742 -0.029732 -0.019142 -0.006215 -0.001449 -0.003281 -0.043654 -0.017135 -0.008872 -0.047926 0.005797 -0.031519 -0.015434 0.015533 0.013887 -0.010638 -0.024202 -0.010490 0.014595 0.042263 -0.038506 0.048778 0.017037 -0.048449 -0.045925 -0.003793 -0.016583 -0.031062 0.008659 0.010985 0.004836 -0.013463 -0.030119 -0.044249 -0.031733 -0.030490 0.000268 0.008819 -0.024050 -0.021641 0.016678 -0.010664 -0.027220 -0.006910 0.026596 -0.035553 -0.058585 -0.043636 -0.008015 -0.006144 -0.035992 -0.027378 0.018363 -0.003380 -0.004050 0.018301 -0.002106 -0.025945 -0.012517 -0.026049 -0.026710 0.001029 -0.014031 -0.002242 -0.019092 0.004575 -0.024541 0.001554
-0.012649 0.000729 0.001314 -0.038847 0.019434 -0.005049 -0.006001 -0.011721 -0.009767 -0.046977 -0.021588 -0.016695 -0.012844 -0.025136 0.010264 0.015257 -0.003811 -0.023339 -0.027840 0.016488 0.033641 0.019951 -0.005489 -0.021143 0.004690 0.021700 0.033643 0.006406 -0.029812 -0.033887 0.008930 -0.006518 -0.015082 0.006164 -0.006353 0.002031 -0.036568 -0.061798 -0.044332 -0.012298 -0.001124 0.006348 -0.001621 0.004143 -0.018925 0.000120 0.000540 -0.001451 -0.017811 -0.007385 -0.019092 -0.024093 -0.006297 -0.024430 -0.018581 0.018423 -0.008421 -0.030581 -0.014347 -0.018328 0.004195 -0.006741 0.003082 -0.030645 0.002568 0.003058 -0.018814 -0.022831 -0.044598 -0.057675 -0.043362 -0.008413 0.002166 -0.039590 -0.041441 -0.014510 -0.001203 0.005039 0.009224 0.006647 -0.004219 -0.011022 -0.010847 -0.024604 -0.032931 -0.040706 -0.030892 -0.022209 -0.016399 -0.015182 -0.018640 0.010803 0.003812 0.019268 0.007867 -0.015374 -0.001925 -0.011521 0.020415 0.010059 -0.024736 -0.006402 -0.006779 -0.014532 -0.027639 -0.002814 0.003674 -0.004523 0.021144 0.012085 -0.010316 -0.010774 -0.017885 -0.017530 0.001549 -0.009566 -0.023901 -0.010870 -0.001874 -0.026487 -0.011643 0.011044 -0.001119 0.000059 -0.021495 -0.013198 -0.032492 -0.047454 -0.018444 -0.008192 0.000735 0.003975 -0.019472 0.005470 -0.034746 -0.029890 -0.007178 -0.037187 -0.079702 -0.065668 -0.038336 0.025436 -0.014094 0.024238 -0.027651 -0.018558 -0.015237 -0.011630 0.001952 -0.031639 -0.011526 0.002404 -0.007367 -0.023226 -0.010614 -0.030522 0.009434 -0.015878 0.024354 0.018554 0.019888 0.007626 -0.020692 0.021563 0.013410 -0.030281 -0.022461 -0.034445 -0.034654 -0.010755 -0.009020 -0.039865 -0.029008 -0.004337 0.016798 -0.019441 0.010607 -0.008846 -0.003369 0.006854 -0.008974 -0.017887 -0.025751 -0.015372 -0.011393 -0.006902 -0.000160 -0.055484 -0.028863 -0.019883
0.021958 -0.011425 -0.020002 -0.002032 0.024678 -0.040517 -0.007039 -0.003629 0.000675 -0.042405 -0.019921 0.018836 -0.000175 -0.036905 -0.029949 0.025518 0.019078 -0.015570 0.004995 0.011902 0.019663 0.013888 -0.019045 -0.011371 -0.017334 -0.023225 0.010914 0.015663 0.000045 -0.001154 -0.009726 0.013394 0.016246 0.004922 0.001572 -0.004233 -0.030059 -0.020676 -0.035373 0.008277 -0.007713 -0.008701 0.014392 -0.021536 -0.000530 0.004547 -0.025733 -0.018405 -0.029445 -0.015244 -0.016640 -0.006364 0.006558 -0.024946 -0.029081 0.020605 -0.007891 -0.027363 0.007254 -0.020350 -0.004420 0.007522 0.003055 0.020177 -0.004930 -0.026062 -0.021197 -0.024105 -0.053425 -0.070177 -0.056537 -0.007140 -0.013782 -0.025476 0.001938 -0.021309 -0.015087 -0.004195 -0.000899 -0.026480 -0.011781 -0.008293 -0.035533 -0.011377 -0.011406 0.000491 0.000881 0.001292 -0.022440 -0.025884 -0.014220 0.009407 0.016010 0.018365 -0.010381 -0.019907 0.002061 -0.008888 -0.037316 -0.006218 -0.017044 -0.000272 -0.001721 -0.001378 -0.001464 0.011456 -0.007468 -0.005634 -0.015734 0.005746 0.006056 -0.003820 -0.001490 0.008430 -0.016631 -0.006955 -0.001635 -0.013928 -0.000610 -0.011967 -0.023463 -0.009359 0.003725 -0.001671 -0.012905 0.014535 0.014878 -0.002351 -0.029496 0.016494 -0.000024 -0.003911 -0.027758 -0.003860 -0.031464 0.022329 0.025184 -0.029248 -0.060093 -0.034925 -0.034639 -0.036936 -0.002872 0.005545 -0.037555 -0.007023 0.008009 0.013926 -0.025866 -0.050022 -0.008912 0.020279 -0.025764 -0.019295 0.018509 -0.027555 0.003672 0.015163 -0.021161 -0.004067 0.000389 -0.003506 -0.025984 0.011456 0.017070 -0.004276 -0.014917 -0.027223 -0.009367 -0.000647 -0.024776 -0.036834 -0.004453 -0.005047 -0.033059 -0.031568 0.023912 0.030551 0.003274 -0.030974 -0.030044 -0.005148 -0.010255 0.000519 -0.011661 -0.000582 -0.008271 -0.049090 -0.008273 -0.026382
0.032106 -0.031618 -0.034580 -0.040242 -0.009832 -0.030807 -0.018306 -0.010362 -0.014544 -0.047627 -0.031418 0.021368 0.015255 -0.026272 -0.049383 -0.004509 -0.030174 -0.020608 -0.008917 0.010791 0.002353 -0.014630 -0.024526 0.007744 -0.034927 -0.041499 -0.008393 0.036038 -0.014468 -0.012485 0.005779 -0.008190 -0.005372 0.013606 0.018741 -0.026312 -0.006238 -0.000178 0.003131 0.003771 -0.019121 -0.009678 -0.006621 -0.033333 -0.011544 -0.006102 -0.000777 -0.007365 0.015375 0.004858 -0.017049 -0.018602 -0.024309 -0.019132 -0.028547 -0.009802 0.012000 -0.006427 -0.030787 -0.025373 -0.010675 -0.026987 0.002027 -0.013288 -0.012027 -0.000746 -0.050353 -0.072772 -0.027767 0.002981 -0.015535 0.023698 -0.010083 -0.004079 0.025386 -0.046133 -0.038484 -0.023403 -0.013022 -0.002081 -0.002835 0.024491 0.009228 0.001244 0.006131 -0.005940 -0.009642 0.020478 -0.015766 -0.011641 0.002463 0.011612 0.018667 -0.014555 -0.010067 -0.015289 -0.049732 -0.008188 -0.031333 -0.018835 -0.010229 -0.002643 -0.001382 0.017217 0.017248 -0.011811 0.013372 -0.009455 -0.022203 -0.014524 -0.023328 -0.030611 -0.033512 0.005142 -0.007462 -0.005380 -0.036197 -0.027541 -0.004219 -0.003754 0.025125 -0.015927 -0.007093 -0.003282 -0.004481 -0.026358 0.002279 -0.013767 -0.032729 -0.005688 -0.015213 -0.027703 -0.040064 -0.034113 -0.052029 -0.003270 0.019561 -0.034839 -0.013237 -0.012240 -0.028834 0.004134 -0.010859 -0.028384 -0.039447 -0.038459 -0.024839 -0.023291 0.006333 -0.008409 0.007267 -0.002885 -0.029880 -0.016525 0.003162 -0.019426 -0.031332 -0.010326 -0.014845 0.009239 -0.020149 -0.036357 -0.004264 -0.011609 -0.011225 0.014617 0.008266 -0.009801 -0.010407 -0.037648 -0.049927 -0.019948 0.007280 -0.011880 -0.011231 -0.037372 -0.020437 -0.023608 -0.056118 -0.045297 -0.055357 -0.040927 -0.035066 -0.033849 -0.044826 -0.013904 -0.026934 -0.017700 -0.030329 -0.027153
-0.043795 -0.027413 -0.007773 -0.035016 -0.016829 -0.031429 -0.008752 -0.012233 -0.034243 -0.037279 -0.014942 0.025392 -0.020432 -0.028529 -0.002486 -0.014647 -0.042571 0.003109 -0.014439 -0.008495 -0.008531 -0.026135 -0.013042 0.008631 -0.021650 -0.026218 -0.022910 0.024388 0.009280 -0.024353 -0.008856 0.000503 0.012086 -0.009333 0.000607 -0.012894 -0.013996 -0.027511 -0.019167 -0.008849 -0.032720 -0.004252 0.000391 -0.009500 -0.019581 -0.017763 -0.009720 -0.021538 -0.008671 0.010952 0.018134 0.014263 -0.023793 -0.011956 -0.017723 -0.000967 -0.027705 -0.005421 -0.003409 0.002248 0.002319 0.004375 -0.001765 -0.013513 -0.013991 -0.026197 -0.015764 -0.011159 0.004907 -0.028672 -0.042809 0.001322 -0.011828 -0.018803 0.024182 -0.037490 -0.048265 -0.024088 -0.037450 -0.012668 0.006528 0.018470 -0.001873 -0.034272 0.010901 -0.045376 -0.043761 0.002046 -0.010583 -0.006875 -0.000394 0.009416 0.009584 -0.014930 -0.017814 0.010310 -0.013685 0.006654 -0.004029 -0.012614 -0.021769 -0.000453 0.010212 0.011803 -0.001614 -0.044341 0.028663 0.007434 -0.028520 -0.005133 -0.035148 -0.015832 -0.027558 -0.037874 -0.036389 -0.030083 -0.017521 -0.021304 -0.011501 0.037359 0.000394 -0.055325 -0.029206 -0.022431 -0.032439 -0.044753 -0.044794 -0.027680 -0.019087 -0.012210 -0.031581 -0.015728 -0.027842 -0.061670 -0.054385 -0.022566 -0.027299 -0.022461 -0.023209 -0.021815 -0.024258 0.022723 -0.002423 0.003804 0.012664 0.007347 -0.019637 -0.069725 -0.057287 -0.017742 0.005085 -0.011885 -0.016798 -0.012783 -0.026508 -0.018298 -0.019355 -0.020688 -0.016664 -0.030597 -0.044494 -0.025536 -0.019031 -0.043063 -0.041663 -0.003564 -0.037426 -0.036853 -0.004523 -0.007617 -0.025914 -0.015949 0.013472 -0.000132 0.013831 -0.009385 -0.022617 0.000727 0.007009 -0.009852 -0.005460 0.003501 -0.006040 -0.039151 -0.003776 0.006918 -0.014695 -0.004103 -0.018477 -0.010176
-0.039504 -0.026353 -0.003840 -0.018815 -0.013795 -0.022114 0.001390 0.007357 -0.006185 -0.009429 -0.005667 0.012594 -0.031763 -0.017068 -0.026275 -0.024274 -0.020651 -0.002906 -0.027216 -0.019321 0.017203 -0.004076 -0.004013 -0.011674 0.009678 0.022104 -0.018887 -0.000794 -0.001041 -0.048794 -0.007081 -0.013132 0.000443 -0.019612 -0.010385 0.003820 -0.015127 -0.025891 -0.004585 -0.004906 -0.013825 0.008765 -0.013185 -0.015439 0.016328 0.000411 -0.001629 -0.014195 -0.014535 -0.010504 -0.003712 0.020599 -0.001580 0.001889 -0.007724 0.018375 0.015731 -0.008352 0.006206 -0.011089 -0.007636 -0.016612 -0.032572 -0.032707 -0.033247 -0.018530 -0.008693 -0.006466 -0.006600 -0.039721 -0.035555 -0.023130 -0.014293 -0.025807 -0.005626 -0.032871 -0.041655 -0.018730 0.000946 -0.031384 0.044458 -0.025754 -0.052588 -0.036846 0.005877 -0.018346 -0.007126 -0.011818 0.003515 -0.006457 -0.014576 -0.036459 -0.011974 -0.022742 -0.024182 -0.024191 -0.014152 0.010111 0.006643 0.026547 -0.022869 -0.019369 -0.012151 -0.001452 -0.012942 -0.005010 0.008559 0.019736 0.001837 -0.026042 0.003938 0.002279 -0.015903 -0.042743 -0.021933 0.016175 0.015066 0.000510 -0.004331 -0.014035 -0.005328 -0.059364 -0.052083 -0.021679 -0.054088 -0.034800 -0.041243 -0.055089 -0.016600 -0.000202 -0.007000 -0.021101 -0.011995 0.001176 0.003078 0.003109 -0.008897 0.004674 -0.006208 -0.007840 -0.005220 0.009604 -0.031617 -0.008701 -0.014818 -0.030022 -0.027679 -0.005020 -0.048308 -0.040174 -0.027827 -0.059473 -0.006708 0.009277 -0.007285 0.026684 -0.001802 -0.014219 -0.018984 -0.017272 -0.025129 -0.011395 -0.014766 -0.022584 -0.033612 -0.003153 -0.055315 -0.033680 -0.027169 -0.010615 -0.010061 0.004839 0.015560 0.039957 0.017575 0.015973 -0.002489 -0.015171 -0.014577 -0.012073 -0.009280 0.000637 -0.001589 -0.020638 0.001137 -0.002752 0.008770 0.022307 -0.011485 -0.037537
-0.040743 -0.042247 -0.008251 -0.025025 -0.023154 -0.006492 -0.007686 0.000533 -0.000490 -0.001017 -0.018537 -0.035221 -0.014776 -0.003816 -0.013044 -0.000491 -0.005083 -0.006426 -0.040114 -0.033668 -0.019219 -0.014962 -0.029698 0.002034 0.016202 -0.012692 -0.008455 -0.001990 -0.010683 -0.047177 -0.055498 -0.019261 -0.017024 -0.033169 -0.019672 0.007657 0.010214 -0.011875 -0.025248 0.007468 -0.033291 -0.015667 -0.023397 -0.027942 -0.012810 -0.016506 -0.005753 0.022449 -0.014119 -0.038967 -0.025733 0.001618 -0.029388 -0.000717 -0.027424 -0.017814 -0.011586 -0.043815 -0.018051 -0.022888 -0.027459 -0.013278 -0.031185 -0.068819 -0.036054 0.003358 -0.004657 -0.028032 -0.026783 -0.015431 -0.040931 -0.041719 0.012232 -0.041916 -0.056834 -0.024262 -0.005490 -0.006614 0.017854 0.027546 -0.031973 -0.063448 -0.041084 -0.016015 -0.006299 -0.008538 0.040478 0.003555 -0.012942 -0.007452 -0.005102 -0.031078 -0.012959 -0.016821 0.016351 0.018106 -0.006153 -0.012505 -0.005350 0.018065 -0.003050 -0.019865 0.011068 0.019317 0.015169 -0.021302 -0.034469 -0.015606 -0.022899 -0.054116 -0.023236 0.010703 0.003680 -0.021770 -0.029455 -0.022103 0.011554 -0.032399 -0.019336 -0.032617 -0.005259 0.009947 -0.022360 -0.027423 -0.039232 -0.022494 0.006295 -0.002361 -0.030025 -0.048231 -0.023406 -0.059246 -0.012213 -0.034170 0.002315 -0.038619 -0.022893 -0.011564 -0.022215 -0.019521 -0.024545 -0.020829 -0.032320 -0.021301 -0.039502 -0.006434 -0.039618 -0.011661 -0.017640 -0.024282 -0.022870 -0.034753 -0.035899 0.000551 -0.026380 0.002382 -0.013004 -0.003962 -0.021698 -0.007969 0.000068 0.008378 -0.030104 -0.039626 -0.042193 -0.014234 0.006814 -0.030458 -0.021819 -0.042627 -0.048929 0.000579 -0.017228 0.001118 -0.021106 0.007480 0.001921 -0.051517 -0.059916 0.021320 -0.023059 0.003235 0.015901 -0.007443 -0.024332 -0.009555 -0.001892 0.003035 -0.023436 -0.009639
-0.026727 -0.044144 -0.016797 -0.015305 0.034228 0.017232 -0.007189 0.003068 0.016850 0.006618 -0.001444 -0.018884 -0.024787 0.009288 -0.014559 -0.013384 -0.021654 -0.011213 -0.034249 -0.034274 -0.020844 -0.000205 -0.004913 -0.008396 -0.039450 -0.022796 -0.007826 -0.012834 -0.016222 -0.002669 -0.017768 -0.015479 -0.003078 -0.026826 -0.040887 -0.013514 -0.005167 -0.018930 -0.035073 -0.008232 -0.010195 -0.033676 -0.015460 0.005100 -0.030008 -0.020432 -0.033351 -0.016815 -0.001696 -0.016735 -0.037918 -0.016541 -0.028660 -0.042450 -0.060593 -0.029661 -0.001263 0.010388 0.000680 -0.027152 -0.033787 -0.000958 -0.022608 -0.034796 -0.012837 0.009464 0.006411 -0.019540 -0.006090 -0.011837 -0.014278 -0.041412 -0.016431 0.004208 0.006921 0.003899 -0.023841 -0.015542 -0.008431 0.011162 -0.028220 -0.027366 -0.020072 -0.009822 -0.012312 -0.010985 -0.007112 0.003609 -0.010457 -0.013638 0.002357 -0.024952 -0.017378 -0.029469 -0.014291 0.000487 -0.007953 -0.023514 -0.004591 0.006219 0.003246 -0.007489 0.023132 -0.000908 0.001298 -0.017815 -0.003886 0.007040 -0.004122 -0.032039 -0.006981 0.006956 -0.011349 -0.014739 0.001250 -0.016537 -0.026014 -0.028021 -0.018820 -0.004093 -0.010349 -0.006089 -0.016442 -0.047183 -0.025306 -0.012858 -0.008558 -0.011102 -0.025930 0.006203 -0.012695 -0.017299 -0.006636 -0.026406 0.002504 -0.009407 -0.010680 -0.014124 0.020741 -0.000998 -0.025606 -0.018068 -0.011988 -0.018057 -0.015187 -0.008627 -0.007990 -0.012743 0.015053 -0.033164 -0.035650 -0.021298 -0.032865 -0.003848 0.001349 -0.000142 -0.017544 -0.020854 -0.026996 0.004394 -0.004697 -0.000911 -0.028465 -0.011361 0.017843 -0.010527 0.020054 0.005250 -0.001969 -0.011955 -0.036432 -0.031985 -0.021136 -0.008677 -0.020307 0.019453 -0.021471 -0.033627 -0.039543 0.005839 -0.024936 -0.034295 -0.029136 -0.052252 -0.043146 0.008147 -0.007141 0.004093 0.011305 0.023725
0.002600 -0.030007 -0.034594 0.017974 0.032318 0.013667 -0.002690 0.003532 0.002083 -0.006225 -0.023272 -0.031287 0.020313 -0.021383 -0.031200 -0.014220 0.025573 0.016257 -0.004584 -0.021638 -0.014390 0.001260 0.025691 0.011602 -0.007589 -0.020869 -0.001594 -0.019088 -0.035891 -0.010061 -0.022086 0.004881 0.030396 -0.026922 -0.022085 -0.006778 0.003610 -0.032999 -0.012859 0.000153 -0.016296 -0.024495 -0.030254 0.016331 -0.048832 -0.014614 0.025193 -0.021916 -0.013033 -0.016938 -0.013819 -0.007639 0.008187 -0.018503 -0.015283 0.003296 0.000549 0.015787 0.000113 -0.024822 -0.064970 -0.018211 -0.016367 0.001810 -0.005894 0.003708 -0.014764 0.003767 0.016087 -0.009277 -0.004184 -0.011099 -0.020238 -0.021937 0.004325 -0.026257 -0.038492 -0.012758 -0.039035 -0.026805 0.010556 -0.015079 -0.015898 0.026775 -0.017097 -0.044753 -0.032495 0.010478 -0.021848 -0.009183 -0.012102 -0.009547 -0.000917 -0.009050 -0.051371 -0.033853 -0.018014 -0.003045 -0.011926 -0.024633 -0.005660 0.007292 0.001850 -0.020595 -0.024089 -0.015889 -0.014523 -0.009587 -0.026949 -0.019181 -0.010535 -0.017091 -0.022187 0.011810 0.002667 -0.044958 -0.023685 -0.000184 -0.005943 -0.008691 -0.015988 -0.015442 -0.019537 -0.021231 -0.013410 -0.016682 -0.027736 -0.042465 -0.030993 -0.004483 -0.027871 0.014108 -0.022524 -0.031126 -0.011582 -0.021515 -0.035710 -0.036483 -0.002136 -0.012645 -0.012540 -0.004342 0.000088 -0.037235 -0.039313 -0.011314 0.004472 0.002062 -0.005771 -0.042433 -0.052450 -0.022959 0.004910 0.005095 -0.005626 -0.011774 -0.030138 -0.022975 -0.018910 0.028760 0.006969 -0.009356 -0.020363 0.009087 0.009185 -0.019469 -0.005207 -0.005650 -0.030100 -0.011718 -0.023752 -0.026728 -0.007676 -0.001259 -0.032254 -0.042489 -0.008165 -0.026849 -0.037225 -0.010724 -0.005413 -0.016033 -0.016434 -0.018680 -0.003995 -0.013493 -0.024359 -0.003960 0.003410 0.021629
-0.031061 -0.076366 -0.016225 -0.026265 -0.009140 0.019184 -0.019583 -0.013870 -0.014395 -0.038948 -0.020546 -0.010248 0.012300 -0.008755 -0.026970 -0.022164 0.020402 0.020042 -0.008594 -0.024498 -0.005949 0.010715 -0.007926 -0.014927 -0.009244 0.004809 -0.014744 -0.018110 -0.023669 -0.037793 -0.037334 -0.013166 0.016228 -0.009902 -0.015402 0.023950 0.008158 -0.041876 -0.018791 0.002553 -0.014537 -0.031317 -0.020697 -0.041363 -0.044090 -0.024419 0.001685 -0.008787 -0.021636 -0.020683 -0.006209 -0.000879 0.033869 0.028383 0.009953 0.002861 -0.025008 -0.043604 -0.021094 -0.025009 -0.028970 -0.023331 -0.012410 -0.009686 -0.002720 0.003236 -0.032923 -0.035371 -0.018948 -0.032706 -0.010184 -0.005276 -0.038603 0.025712 -0.000180 -0.055958 0.022889 0.004526 -0.022363 -0.012047 0.002474 -0.012233 -0.046321 -0.016584 -0.070680 -0.049503 -0.030450 -0.025620 -0.010848 -0.009218 0.000095 0.021750 -0.003226 -0.009060 -0.066404 -0.067874 -0.019605 -0.013476 -0.007211 -0.029311 -0.017109 -0.030358 -0.003990 0.016957 -0.024926 -0.026549 -0.037242 0.003080 0.010862 0.019893 -0.041650 -0.022297 0.003924 -0.008749 -0.022255 -0.028099 -0.009476 -0.029082 -0.010210 -0.021087 -0.003331 -0.027248 -0.025759 -0.017912 0.008431 0.003005 -0.050795 -0.011732 -0.016541 -0.024084 0.016056 0.024092 -0.020389 -0.017513 -0.025623 -0.006926 -0.003383 -0.015816 0.017596 -0.015954 -0.017767 0.003420 -0.011990 -0.019222 -0.030864 0.029822 -0.011732 -0.021150 -0.036713 -0.041980 -0.064043 -0.021876 -0.002983 0.016456 0.012227 0.001383 -0.040543 -0.003452 -0.014474 0.012462 -0.009823 -0.033603 -0.009055 -0.018170 -0.006590 0.009242 0.010896 -0.028198 -0.046283 -0.014541 -0.033505 -0.033200 -0.023828 -0.009456 -0.007820 -0.023487 -0.057881 -0.029085 -0.021583 -0.009564 -0.002498 -0.031910 0.006662 -0.004021 0.011959 -0.011657 -0.016626 0.000849 0.000677 -0.002015
-0.034943 -0.074587 -0.000989 -0.015510 -0.031276 -0.005132 -0.025421 -0.022173 -0.011903 -0.012689 -0.018139 0.001286 -0.000174 0.003672 0.005835 -0.022999 -0.011429 -0.032623 -0.027964 0.007653 -0.006844 -0.005341 -0.024624 -0.027423 -0.021759 0.014361 -0.020879 -0.018303 -0.005889 -0.057372 -0.081736 -0.047085 -0.008871 -0.034104 -0.030540 -0.029419 -0.028411 -0.044040 -0.041347 -0.023247 -0.013922 -0.039227 -0.006477 0.003535 0.023548 -0.013764 -0.034669 -0.012038 -0.036895 -0.022686 0.003198 -0.018455 0.010844 0.004737 -0.004175 0.016926 0.029613 -0.018912 -0.038053 -0.063373 -0.043105 -0.024259 -0.016435 -0.004097 0.002486 0.003897 -0.002693 -0.008878 0.025911 0.007008 0.003698 -0.037094 -0.033813 -0.004034 -0.038539 -0.034423 0.036867 -0.000234 0.006176 0.003505 -0.008203 -0.009710 -0.023867 -0.068825 -0.033528 -0.001108 0.007429 -0.014495 -0.029746 -0.024845 -0.033188 0.016287 0.017584 -0.024615 -0.019400 -0.037002 -0.042052 -0.040888 -0.006033 -0.014527 0.038992 -0.009565 -0.021893 -0.007821 -0.035329 -0.023084 -0.002617 0.023448 -0.007946 0.002177 -0.011473 0.006333 -0.030190 -0.038063 -0.017977 -0.017637 -0.004415 0.011541 0.011123 -0.013850 -0.013129 -0.039231 -0.009322 -0.003173 -0.031516 -0.039529 -0.005322 0.002940 -0.016558 0.001654 0.002293 0.014227 -0.016873 -0.056257 -0.063994 -0.003988 0.004984 -0.007102 0.017770 -0.021388 0.009557 0.011816 0.007127 -0.015863 -0.006130 0.013470 -0.016832 -0.072283 -0.064547 -0.019223 -0.036225 -0.023063 -0.007806 -0.005146 -0.023331 -0.019878 -0.012639 0.012176 0.000385 -0.008046 -0.045967 -0.044252 -0.029896 -0.035554 -0.042618 -0.013332 -0.034292 0.004969 -0.043009 -0.032317 -0.026234 -0.032241 0.001632 0.016189 0.001384 0.001185 -0.033788 -0.008723 0.008211 -0.012227 0.014413 -0.013593 0.007019 0.007388 0.004553 0.002992 -0.001835 -0.046380 -0.024134 -0.027691
-0.014058 -0.032968 -0.029330 -0.014655 -0.041740 -0.040825 -0.016888 -0.013672 -0.025586 0.000790 -0.019282 -0.010802 0.008936 0.024056 0.016312 -0.013749 -0.016082 -0.009329 0.009087 0.007137 0.002443 0.012052 0.000839 -0.049289 -0.020040 0.000513 0.002343 0.012838 -0.012250 -0.031580 -0.060722 -0.039638 0.008175 -0.009278 -0.040191 -0.033869 -0.032936 -0.033177 -0.004074 0.007397 0.013779 -0.017235 -0.015373 0.020504 0.012614 -0.021109 -0.007743 0.005874 -0.029859 0.003358 0.044436 -0.000612 0.003686 0.005545 -0.000823 0.016082 -0.015438 -0.025463 -0.016035 -0.015789 -0.010361 -0.013010 0.003253 -0.002156 -0.002959 -0.030841 -0.001681 -0.005062 0.027786 0.012935 -0.018149 -0.050588 -0.027310 -0.015503 -0.040436 -0.016858 0.007683 0.005702 0.001637 0.005585 -0.011088 -0.035666 -0.026505 -0.033727 -0.038433 -0.005668 0.001979 -0.008469 0.009878 -0.011442 -0.013758 0.015737 0.002922 -0.024746 -0.033652 0.010897 0.004993 -0.016051 -0.014982 0.009967 0.019490 -0.023151 -0.045451 -0.014711 -0.018985 -0.007698 0.018406 0.031440 0.001834 -0.007641 -0.042851 -0.016917 -0.029635 -0.037299 -0.005979 -0.002611 -0.000194 0.007489 -0.019921 -0.009254 -0.013396 -0.022768 -0.001538 -0.022534 -0.029057 -0.011163 -0.024414 -0.030732 -0.016698 -0.003169 -0.004642 -0.002607 -0.012024 -0.035036 -0.028066 0.008828 0.016688 -0.015074 -0.015585 -0.028583 -0.004283 -0.002748 -0.019190 -0.032812 -0.003550 0.022919 -0.008030 -0.022329 -0.034279 0.026812 -0.023904 -0.013171 -0.018205 -0.017699 -0.031508 -0.047804 -0.029529 -0.005757 -0.021780 -0.007765 -0.012769 -0.015719 -0.029023 -0.053815 -0.053929 -0.021129 -0.039905 -0.029897 -0.020375 -0.021603 -0.017926 0.003377 0.027884 0.024402 -0.018556 -0.019089 -0.002508 0.003062 0.004710 -0.005261 -0.022267 0.001594 0.000218 0.025679 0.002859 -0.019098 -0.013332 -0.014065 -0.028353 -0.045247
-0.010020 -0.012871 -0.016030 -0.009037 -0.018380 -0.009992 -0.006774 -0.032728 -0.020177 -0.010191 -0.018327 -0.024261 -0.005531 0.001732 -0.020427 -0.036146 -0.009272 0.005169 0.012002 0.004048 -0.019237 -0.001637 -0.002061 -0.009448 -0.014935 -0.000577 -0.035706 -0.007576 -0.009199 0.005148 -0.027645 -0.025673 0.017443 0.033320 0.007997 -0.015125 -0.040769 -0.033902 0.018601 0.011144 -0.004104 0.001858 -0.012723 0.008912 0.017951 0.002711 0.011183 -0.034168 -0.038181 -0.003598 0.027104 -0.013569 0.000940 -0.012445 -0.012163 0.021477 -0.006330 -0.016169 -0.008660 -0.004959 -0.003748 -0.020612 -0.025404 0.000383 0.011118 -0.042520 -0.040949 -0.006060 -0.005624 0.012878 -0.020499 -0.010932 0.000107 -0.043110 -0.020368 -0.010847 -0.053715 -0.013371 -0.020243 0.014304 -0.019752 -0.014787 -0.035613 -0.019238 -0.047354 -0.033006 -0.010098 -0.035994 -0.026556 -0.009255 -0.009664 -0.008921 -0.030623 -0.014768 0.014412 -0.016764 -0.003564 -0.001141 0.003244 -0.018532 -0.038424 -0.028156 -0.031482 0.003748 -0.019188 -0.013046 -0.027197 -0.019559 0.024183 -0.002479 -0.045392 -0.015265 -0.001931 -0.014819 -0.004000 -0.013681 -0.020468 -0.013734 0.020778 0.006468 -0.008862 -0.011807 -0.000283 0.005919 -0.009483 0.021818 -0.046586 -0.063150 -0.021332 0.031462 0.003576 -0.020543 -0.023546 -0.042075 -0.020453 -0.005645 -0.032691 -0.029386 -0.012681 -0.004652 0.001670 -0.015940 -0.018166 -0.020642 -0.033469 -0.002415 -0.011023 -0.011428 0.026364 0.033413 -0.022315 -0.027583 -0.037959 -0.032305 -0.015250 -0.036134 -0.028618 0.004697 -0.016515 -0.006791 0.015225 -0.011088 -0.001203 -0.026769 -0.032415 -0.004342 -0.030331 -0.036727 -0.004090 -0.010292 -0.009555 -0.026690 -0.043985 -0.032152 -0.020953 -0.008912 0.007656 -0.009115 -0.010108 -0.017982 -0.006520 -0.014711 -0.018829 -0.015571 -0.014239 -0.017437 -0.020473 -0.021095 -0.024043 -0.041530
0.017399 -0.014786 -0.011310 -0.034752 -0.033535 -0.016229 -0.011046 -0.045739 -0.019056 -0.007060 -0.018803 -0.015292 -0.015212 -0.018079 0.016997 -0.038813 -0.042514 0.003916 0.020185 -0.014726 -0.007905 -0.004214 -0.025689 -0.027244 -0.007394 -0.003076 -0.032926 -0.024563 -0.027207 -0.007314 -0.022545 -0.002915 0.008423 0.011795 0.002937 -0.034826 0.014741 -0.010372 -0.023328 -0.001500 -0.009587 -0.026008 -0.024768 -0.058047 -0.049064 -0.017784 -0.032105 -0.041602 -0.028774 -0.019428 -0.009595 -0.000337 -0.012512 0.000162 0.007661 -0.002169 -0.000015 0.005993 -0.002376 -0.017724 -0.017961 -0.041186 -0.055455 -0.027543 -0.020773 -0.004268 -0.010921 0.013408 0.001533 -0.011240 -0.002570 -0.015336 -0.030418 -0.017989 -0.012565 -0.006371 -0.024463 -0.014384 -0.016162 0.004432 -0.003885 -0.027200 0.001727 -0.005649 -0.016760 -0.048642 -0.000986 0.004476 -0.027921 -0.033715 -0.032293 -0.024911 -0.035178 0.000523 -0.002908 -0.001360 0.025524 0.001086 -0.034368 -0.017210 -0.002699 -0.011217 -0.019872 -0.000479 -0.011259 0.000816 -0.012711 -0.027865 -0.003593 0.003134 -0.040913 -0.024124 0.008542 -0.000102 -0.005739 -0.015445 -0.025845 -0.018093 0.005845 -0.010728 -0.020000 -0.044089 -0.033131 0.023298 -0.003595 -0.008839 -0.006739 -0.028596 -0.020148 0.013338 -0.000413 -0.037824 0.008633 0.002792 -0.015364 0.010118 -0.011032 -0.012976 0.008671 -0.009709 0.012586 -0.004794 -0.019815 -0.009131 0.014198 -0.021798 -0.009759 -0.054566 -0.038888 -0.012268 0.006930 -0.015714 -0.013132 -0.018566 -0.028730 -0.044803 -0.027618 0.003149 -0.027097 -0.016607 -0.007380 -0.000389 -0.002279 0.013450 0.000423 -0.010465 -0.051718 -0.021409 -0.006917 0.016339 0.023213 -0.051252 -0.028497 -0.009075 -0.012998 0.006465 -0.010690 -0.012012 -0.013777 -0.030030 -0.020531 -0.031551 -0.032014 -0.025961 -0.012606 -0.011228 -0.014420 -0.026888 -0.031724 -0.032564
0.007482 -0.013820 -0.000171 -0.009536 -0.006678 -0.015145 -0.029124 -0.039604 -0.033211 -0.036919 -0.025940 0.011314 0.023658 0.007673 -0.022277 -0.044098 -0.045421 -0.014484 -0.004642 -0.001894 0.029288 -0.004739 -0.031104 -0.021638 -0.014529 -0.018907 -0.034418 -0.006429 0.009442 -0.021066 -0.031741 -0.020803 -0.023108 0.010276 -0.018038 -0.057746 -0.004766 -0.016361 -0.018936 -0.032326 -0.026114 -0.059676 -0.028453 -0.025885 -0.029646 -0.031513 -0.072810 -0.069334 -0.015323 -0.023698 -0.025214 0.013385 -0.010014 0.008377 0.003195 -0.004853 -0.003199 0.009516 0.004283 -0.019287 -0.006969 -0.034147 -0.020940 -0.026916 -0.012390 0.004399 0.015609 0.042196 0.012306 0.020020 0.007623 0.012222 0.014379 -0.018885 -0.030042 0.010370 0.005581 0.024665 0.022972 0.003943 -0.037419 -0.031311 0.001687 0.001657 0.000586 -0.043451 -0.015654 0.009912 -0.019879 -0.020566 0.007266 0.000622 -0.022872 -0.041050 -0.025207 -0.007493 0.018529 0.012951 -0.006412 -0.022993 -0.000322 -0.010817 -0.039998 -0.025559 -0.022966 -0.015583 -0.008440 -0.020901 -0.039395 0.014051 -0.022152 0.008372 0.010185 -0.040006 -0.037916 -0.022616 -0.016151 -0.022261 -0.024066 -0.004839 -0.038027 -0.051070 0.025270 -0.000927 -0.000813 -0.006618 -0.013831 -0.020119 -0.009303 -0.027036 -0.007803 -0.023538 -0.015321 0.005496 -0.021134 -0.000319 -0.015906 -0.028306 -0.005727 -0.009199 -0.019334 0.015726 -0.008389 -0.016965 -0.001068 -0.005099 0.011178 -0.027653 -0.021389 0.005386 -0.014463 -0.019197 -0.014542 -0.012940 -0.017335 -0.066034 -0.023880 -0.026597 -0.010860 -0.053648 0.003691 0.016882 -0.043590 -0.019383 0.004189 -0.011822 -0.038366 -0.033391 -0.021897 0.018036 0.018012 -0.023200 -0.042472 -0.023797 -0.005646 0.043019 -0.006113 0.008445 0.018060 0.004612 -0.011014 -0.008257 -0.021338 -0.024471 -0.034788 -0.011540 -0.022629 -0.004816 -0.022994 -0.035280
