-1.95589047e-02 -1.31438486e-02 -1.60289258e-02 -1.71833374e-02 -1.82357337e-02 -1.91293582e-02 -2.03218739e-02 -2.13556942e-02 -2.22584605e-02 -2.27361172e-02 -2.19916143e-02 -2.19657607e-02 -2.19893809e-02 -2.06977427e-02 -1.94262397e-02 -1.98409259e-02 -2.00921465e-02 -1.98529959e-02 -2.01161336e-02 -2.11984403e-02 -2.01276224e-02 -1.91232450e-02 -1.99465398e-02 -1.85844861e-02 -1.79494973e-02 -1.70983374e-02 -1.64885931e-02 -1.54946754e-02 -1.48945190e-02 -1.68425888e-02 -1.84133947e-02 -1.73690282e-02 -1.63834095e-02 -1.84155516e-02 -2.11148933e-02 -1.94861423e-02 -1.64110158e-02 -1.76019445e-02 -1.76939927e-02 -1.75518934e-02 -1.73201598e-02 -1.69243254e-02 -1.68080460e-02 -1.79392956e-02 -1.86358150e-02 -1.78486966e-02 -1.74320024e-02 -1.73134431e-02 -1.74410045e-02 -1.78325735e-02 -1.76779348e-02 -1.76269524e-02 -1.59044564e-02 -1.47195188e-02 -1.68115571e-02 -1.85043849e-02 -1.94520205e-02 -1.90264527e-02 -1.90187749e-02 -1.80821866e-02 -1.70076154e-02 -1.74597967e-02 -1.63609572e-02 -1.55565534e-02 -1.77917071e-02 -1.88399386e-02 -1.88662671e-02 -1.77529939e-02 -1.73067749e-02 -1.64814033e-02 -1.77010112e-02 -1.99728496e-02 -2.02787574e-02 -1.79789141e-02 -1.49495136e-02 -1.41554233e-02 -1.48750059e-02 -1.55527676e-02 -1.57446004e-02 -1.64520293e-02 -1.77932642e-02 -1.73495859e-02 -1.64132379e-02 -1.59717202e-02 -1.41083430e-02 -1.25116054e-02 -1.22834668e-02 -1.33382371e-02 -1.50445439e-02 -1.63670219e-02 -1.57813411e-02 -1.54519528e-02 -1.56594180e-02 -1.53081045e-02 -1.50601305e-02 -1.58759635e-02 -1.62683092e-02 -1.48973120e-02 -1.44615462e-02 -1.48060573e-02 -1.60053745e-02 -1.69718973e-02 -1.79792065e-02 -1.82961691e-02 -1.78811010e-02 -1.72042437e-02 -1.66948754e-02 -1.68264471e-02 -1.78159140e-02 -1.74891595e-02 -1.65226925e-02 -1.63856260e-02 -1.66708324e-02 -1.68735478e-02 -1.71032865e-02 -1.71510465e-02 -1.75430886e-02 -1.65459141e-02 -1.55980568e-02 -1.58789046e-02 -1.55430622e-02 -1.58862807e-02 -1.65267084e-02 -1.66376065e-02 -1.60565339e-02 -1.49184428e-02 -1.43317441e-02 -1.52533902e-02 -1.59299038e-02 -1.53668951e-02 -1.44076431e-02 -1.45214554e-02 -1.57537144e-02 -1.50381550e-02 -1.37405600e-02 -1.42090367e-02 -1.51391178e-02 -1.58100426e-02 -1.66716557e-02 -1.71497967e-02 -1.71757750e-02 -1.69184376e-02 -1.65726878e-02 -1.67152267e-02 -1.73851997e-02 -1.65314823e-02 -1.63687058e-02 -1.74541585e-02 -1.84595808e-02 -1.82971712e-02 -1.62437819e-02 -1.56198535e-02 -1.71710439e-02 -1.92406122e-02 -2.02272385e-02 -1.84510984e-02 -1.67130418e-02 -1.66423004e-02 -1.67017020e-02 -1.69312283e-02 -1.79287866e-02 -1.85579956e-02 -1.81845091e-02 -1.83410849e-02 -1.93119068e-02 -2.04267949e-02 -2.02457383e-02 -1.98483691e-02 -1.95219889e-02 -2.04370376e-02 -1.88664310e-02 -1.83470268e-02 -1.89961232e-02 -1.82863437e-02 -1.77416336e-02 -1.79419033e-02 -1.66592561e-02 -1.70705020e-02 -1.85571183e-02 -2.08043065e-02 -2.17957124e-02 -2.03365907e-02 -1.99706219e-02 -2.16435343e-02 -2.00076755e-02 -1.78133845e-02 -1.80680323e-02 -1.94410309e-02 -2.09156200e-02 -2.04716101e-02 -1.96040124e-02 -1.87589638e-02 -1.85712725e-02 -1.92990974e-02 -1.80389043e-02 -1.65244117e-02 -1.72887426e-02 -1.80791616e-02 -2.03502513e-02 -2.84787286e-02
-1.56034175e-02 -9.13647097e-03 -1.25794113e-02 -1.30634364e-02 -1.20818373e-02 -1.25735551e-02 -1.50388051e-02 -1.51297711e-02 -1.43836867e-02 -1.56695414e-02 -1.56069128e-02 -1.53895291e-02 -1.55183487e-02 -1.38549767e-02 -1.36339469e-02 -1.29785901e-02 -1.13952057e-02 -1.16708921e-02 -1.28260721e-02 -1.40666766e-02 -1.44114923e-02 -1.29547855e-02 -1.28146829e-02 -1.12803681e-02 -1.14190672e-02 -1.08873229e-02 -9.93033405e-03 -8.07987340e-03 -7.44225085e-03 -1.02021359e-02 -1.23837851e-02 -1.08265337e-02 -1.09211924e-02 -1.47701818e-02 -1.74641684e-02 -1.53996861e-02 -1.03521328e-02 -1.10202441e-02 -1.27453553e-02 -1.29351085e-02 -1.21430298e-02 -1.04310857e-02 -1.11069866e-02 -1.42394369e-02 -1.44285066e-02 -1.24057075e-02 -1.18981721e-02 -1.30708739e-02 -1.15549192e-02 -1.14900628e-02 -1.21057034e-02 -1.25016226e-02 -1.08528705e-02 -9.02723148e-03 -1.14388857e-02 -1.40883271e-02 -1.45918326e-02 -1.37586948e-02 -1.35798845e-02 -1.26523711e-02 -1.16329705e-02 -1.11099677e-02 -8.83776229e-03 -7.62855820e-03 -1.08687291e-02 -1.31589305e-02 -1.26939770e-02 -1.26288682e-02 -1.19737899e-02 -1.12232510e-02 -1.15996972e-02 -1.32974759e-02 -1.40547222e-02 -1.17456028e-02 -7.32673239e-03 -6.33672904e-03 -7.69096706e-03 -9.23596416e-03 -1.03426967e-02 -1.16018821e-02 -1.36688091e-02 -1.28963441e-02 -1.15499161e-02 -1.08610829e-02 -8.98250844e-03 -7.55528733e-03 -6.95271324e-03 -8.38224124e-03 -1.08799310e-02 -1.13843922e-02 -9.96066816e-03 -8.84426199e-03 -9.60521679e-03 -9.38811153e-03 -8.80961306e-03 -9.94370971e-03 -1.08456602e-02 -9.08631645e-03 -8.48120544e-03 -9.92040988e-03 -1.13745965e-02 -1.16418861e-02 -1.17741181e-02 -1.21407788e-02 -1.22586442e-02 -1.17926123e-02 -1.12354578e-02 -1.14666158e-02 -1.22720059e-02 -1.18178725e-02 -1.10568600e-02 -1.10177202e-02 -1.14671597e-02 -1.15802567e-02 -1.16784107e-02 -1.09797297e-02 -1.13150571e-02 -1.04133366e-02 -8.95922538e-03 -1.00773973e-02 -1.03120292e-02 -1.11778276e-02 -1.21899527e-02 -1.32495565e-02 -1.29813375e-02 -1.06300525e-02 -8.98849592e-03 -1.05527462e-02 -1.23289060e-02 -1.13847498e-02 -9.90812201e-03 -9.22645908e-03 -8.92069656e-03 -8.49333592e-03 -7.51282368e-03 -8.10121465e-03 -1.05661079e-02 -1.07457321e-02 -1.20754009e-02 -1.30778700e-02 -1.31908990e-02 -1.18307378e-02 -1.02270329e-02 -1.06405318e-02 -1.15517452e-02 -1.12855313e-02 -1.14086764e-02 -1.23997405e-02 -1.27130775e-02 -1.17885945e-02 -9.36483312e-03 -8.30088463e-03 -9.80252679e-03 -1.21203475e-02 -1.37160653e-02 -1.25384098e-02 -1.12834256e-02 -1.09231491e-02 -1.02157509e-02 -1.08566023e-02 -1.32088512e-02 -1.31672667e-02 -1.24735590e-02 -1.13791740e-02 -1.14665460e-02 -1.33343600e-02 -1.40197258e-02 -1.45008229e-02 -1.18573550e-02 -1.12051805e-02 -1.17675262e-02 -1.18130464e-02 -1.28278695e-02 -1.24757420e-02 -1.24675008e-02 -1.12282308e-02 -8.42995197e-03 -1.11264801e-02 -1.38852270e-02 -1.66632831e-02 -1.74199622e-02 -1.61100961e-02 -1.54373460e-02 -1.52763966e-02 -1.30826561e-02 -1.10607203e-02 -1.08082769e-02 -1.24305496e-02 -1.52089577e-02 -1.45210298e-02 -1.32124117e-02 -1.26144523e-02 -1.22453598e-02 -1.35919666e-02 -1.25669390e-02 -9.39545222e-03 -9.41717345e-03 -1.08635724e-02 -1.23933535e-02 -2.07220018e-02
-1.54207544e-02 -8.02084710e-03 -9.00111906e-03 -1.10042095e-02 -8.06812383e-03 -8.25584307e-03 -1.11244265e-02 -1.05642918e-02 -9.11197066e-03 -1.17840059e-02 -1.35381585e-02 -1.21010300e-02 -1.10891741e-02 -1.00189056e-02 -1.12968702e-02 -1.11225732e-02 -8.77898373e-03 -7.60592334e-03 -8.23562965e-03 -9.84972902e-03 -1.28676454e-02 -1.25496844e-02 -1.11836148e-02 -8.93600099e-03 -9.35331173e-03 -9.84889921e-03 -8.72454979e-03 -6.95342012e-03 -6.08493388e-03 -9.19804163e-03 -9.53795854e-03 -7.60544837e-03 -7.82584772e-03 -1.20181860e-02 -1.44680897e-02 -1.24836853e-02 -9.11058672e-03 -9.42410901e-03 -1.07683819e-02 -1.17804082e-02 -1.21331373e-02 -1.10005839e-02 -9.35565308e-03 -1.05804671e-02 -1.20980293e-02 -1.12887137e-02 -9.81789827e-03 -1.16938893e-02 -1.13567421e-02 -1.12283072e-02 -1.12038357e-02 -1.08648185e-02 -9.77462344e-03 -9.16366652e-03 -1.09239779e-02 -1.18055008e-02 -1.08586196e-02 -1.18925916e-02 -1.08835427e-02 -9.98497196e-03 -9.04700533e-03 -9.01672617e-03 -6.47348724e-03 -4.04928438e-03 -6.92086481e-03 -1.07123405e-02 -1.13751590e-02 -1.20672733e-02 -1.12143978e-02 -8.34728219e-03 -7.94503838e-03 -1.17492788e-02 -1.42027345e-02 -9.98943578e-03 -2.06364319e-03 -9.72199254e-04 -2.75448803e-03 -5.79406973e-03 -8.44309106e-03 -9.70611442e-03 -1.11234300e-02 -9.91707016e-03 -8.85169487e-03 -8.41364637e-03 -7.28571601e-03 -6.43931981e-03 -5.10121323e-03 -5.46948798e-03 -8.39447882e-03 -9.03380197e-03 -7.63562601e-03 -6.51327986e-03 -6.91789947e-03 -6.37275539e-03 -5.36753144e-03 -6.95203710e-03 -9.35500953e-03 -8.40728730e-03 -6.90581836e-03 -7.81169813e-03 -8.57570115e-03 -8.60894099e-03 -8.53203051e-03 -8.63359682e-03 -8.82284530e-03 -9.27981082e-03 -9.35289543e-03 -9.82420053e-03 -9.96389892e-03 -9.59752779e-03 -9.17422771e-03 -8.02785624e-03 -7.75110628e-03 -8.45466182e-03 -7.98187871e-03 -5.49449585e-03 -6.43148553e-03 -7.39583280e-03 -6.52141869e-03 -8.21046252e-03 -8.69704504e-03 -9.45740845e-03 -9.37136263e-03 -1.05494112e-02 -1.09069310e-02 -8.05677380e-03 -6.38623349e-03 -8.65959097e-03 -1.11710113e-02 -1.07566593e-02 -8.89992062e-03 -8.45517684e-03 -7.93408137e-03 -5.92811964e-03 -4.38516401e-03 -6.07508421e-03 -9.54227243e-03 -8.88741855e-03 -1.00490507e-02 -1.12333577e-02 -1.03596989e-02 -8.13388731e-03 -6.70252368e-03 -7.97521044e-03 -9.20289941e-03 -8.63407459e-03 -9.09623969e-03 -1.08042713e-02 -1.09322742e-02 -9.94978566e-03 -7.95925222e-03 -6.98039867e-03 -7.86349736e-03 -8.82464088e-03 -9.87481233e-03 -1.01277148e-02 -9.76757333e-03 -9.11565125e-03 -7.83504266e-03 -8.46108142e-03 -1.01823164e-02 -9.89408698e-03 -9.74037126e-03 -9.78995673e-03 -1.09122396e-02 -1.27706882e-02 -1.32504143e-02 -1.42830331e-02 -1.30101386e-02 -1.03764664e-02 -9.23572946e-03 -9.94789228e-03 -1.03302235e-02 -8.60420521e-03 -8.64660554e-03 -7.62884319e-03 -5.73327765e-03 -7.75384717e-03 -1.03830900e-02 -1.34021454e-02 -1.49499867e-02 -1.51507854e-02 -1.50092877e-02 -1.44120324e-02 -1.01712123e-02 -6.92542270e-03 -7.19488692e-03 -8.58370494e-03 -1.14902379e-02 -1.16842519e-02 -9.74206999e-03 -9.56871547e-03 -1.10801272e-02 -1.28290858e-02 -1.12369237e-02 -6.78511988e-03 -5.98306488e-03 -7.03293085e-03 -6.05423748e-03 -1.36503568e-02
-1.66585557e-02 -9.29888524e-03 -7.73497298e-03 -8.74950737e-03 -8.60192347e-03 -1.06022777e-02 -1.32430671e-02 -1.26933642e-02 -1.02048032e-02 -1.03013646e-02 -1.16401482e-02 -1.04660690e-02 -8.94729793e-03 -9.56771895e-03 -1.18929818e-02 -1.16706826e-02 -9.24877822e-03 -7.45183416e-03 -6.15789928e-03 -3.84168141e-03 -9.15214792e-03 -1.30503513e-02 -1.08505571e-02 -8.40897299e-03 -8.94232187e-03 -1.08876685e-02 -1.08151482e-02 -8.64545815e-03 -7.49177486e-03 -9.24883597e-03 -8.42502899e-03 -6.96219131e-03 -7.59894960e-03 -1.12459436e-02 -1.46284187e-02 -1.41867297e-02 -1.03752334e-02 -8.92077386e-03 -1.13807432e-02 -1.23500954e-02 -1.15799680e-02 -9.71761905e-03 -8.37482326e-03 -9.01709497e-03 -1.03348885e-02 -1.19361486e-02 -1.01907905e-02 -1.08326301e-02 -1.12110153e-02 -1.11940261e-02 -1.14109311e-02 -1.12981647e-02 -9.75343771e-03 -1.04828756e-02 -1.19688082e-02 -8.84129107e-03 -7.57609494e-03 -1.06942728e-02 -1.00664767e-02 -8.59567337e-03 -7.80375954e-03 -7.97812268e-03 -7.69314542e-03 -7.48158619e-03 -1.14246672e-02 -1.20641273e-02 -9.98381339e-03 -1.08141918e-02 -1.03825908e-02 -7.95239396e-03 -5.60454465e-03 -1.01281870e-02 -1.54375928e-02 -1.25709707e-02 -3.39473225e-03 -8.37918371e-04 -2.78722215e-03 -5.34253754e-03 -8.66617635e-03 -9.28528979e-03 -9.63874348e-03 -8.82831961e-03 -8.67887493e-03 -8.53158813e-03 -6.65968750e-03 -5.37711661e-03 -4.09804657e-03 -3.84837203e-03 -7.91663118e-03 -9.11572203e-03 -8.41755047e-03 -7.80978333e-03 -6.87637832e-03 -4.72151767e-03 -2.74535827e-03 -5.10621816e-03 -9.59755387e-03 -8.31790268e-03 -6.83894102e-03 -7.20627513e-03 -7.52094109e-03 -7.01334979e-03 -6.88007846e-03 -6.41464069e-03 -7.14483671e-03 -8.89037270e-03 -9.88960173e-03 -1.00267529e-02 -1.00532034e-02 -1.00048119e-02 -9.15669370e-03 -7.18523748e-03 -6.79966062e-03 -8.72228947e-03 -9.58716776e-03 -6.18006475e-03 -3.65467928e-03 -4.96768020e-03 -6.28697127e-03 -8.48299079e-03 -9.64133721e-03 -1.10277748e-02 -9.63048078e-03 -9.57158301e-03 -8.87211319e-03 -6.60077296e-03 -6.76661916e-03 -9.52885766e-03 -1.11868335e-02 -1.04845595e-02 -9.69193038e-03 -9.37879737e-03 -7.95732066e-03 -4.47187014e-03 -3.23195383e-03 -6.04140013e-03 -1.05938334e-02 -9.50812735e-03 -9.71111376e-03 -9.87059996e-03 -8.28665961e-03 -7.28075858e-03 -6.93417713e-03 -8.11618473e-03 -8.42469465e-03 -7.99994916e-03 -8.63702316e-03 -9.89041291e-03 -9.70339682e-03 -8.98653176e-03 -7.91607238e-03 -7.23935664e-03 -7.46700168e-03 -7.43226148e-03 -7.66212307e-03 -9.61697660e-03 -1.08205164e-02 -9.95509513e-03 -9.25054681e-03 -8.90687201e-03 -1.00221885e-02 -9.19117406e-03 -9.37505439e-03 -8.81020911e-03 -9.47297737e-03 -1.24642048e-02 -1.42467730e-02 -1.45436451e-02 -1.22055449e-02 -9.10007395e-03 -9.44532081e-03 -1.13392724e-02 -1.08104069e-02 -9.34874360e-03 -9.23842564e-03 -1.19995959e-02 -1.10598560e-02 -1.01507138e-02 -9.59036499e-03 -1.17650684e-02 -1.33094750e-02 -1.40033327e-02 -1.36005115e-02 -1.25313140e-02 -9.33878310e-03 -7.54392985e-03 -8.16082489e-03 -9.40769445e-03 -1.08933840e-02 -1.17239878e-02 -1.19822957e-02 -1.20436624e-02 -1.09669827e-02 -1.19283553e-02 -1.06777083e-02 -6.37492724e-03 -5.87855745e-03 -4.89994977e-03 -2.91374885e-03 -1.01181185e-02
-1.56989470e-02 -1.02967666e-02 -9.23838001e-03 -8.41901731e-03 -7.81320408e-03 -1.09244268e-02 -1.45678082e-02 -1.31785311e-02 -1.08560063e-02 -1.03171226e-02 -1.07838232e-02 -9.38589685e-03 -8.10938142e-03 -1.01115350e-02 -1.31709967e-02 -1.14093609e-02 -9.15503316e-03 -7.24636763e-03 -6.54502399e-03 -4.25517000e-03 -7.76842609e-03 -1.17596770e-02 -1.02705974e-02 -8.18478130e-03 -8.58532824e-03 -1.03850812e-02 -1.16621125e-02 -1.13631859e-02 -1.00029260e-02 -1.18240658e-02 -1.03107244e-02 -7.27556460e-03 -6.44289888e-03 -1.04400925e-02 -1.47203170e-02 -1.53223593e-02 -1.30355433e-02 -9.41226073e-03 -1.06259733e-02 -1.23156682e-02 -1.16015151e-02 -1.06601361e-02 -9.70490277e-03 -1.02639031e-02 -1.10110529e-02 -1.20318271e-02 -1.07345898e-02 -9.07831639e-03 -1.01174060e-02 -1.14615280e-02 -1.27773900e-02 -1.21530406e-02 -1.17142815e-02 -1.10113621e-02 -1.11435186e-02 -9.35319439e-03 -7.44776055e-03 -1.09853540e-02 -1.01038469e-02 -7.38415495e-03 -6.36613928e-03 -8.10373761e-03 -1.09969089e-02 -1.11363344e-02 -1.20752165e-02 -1.11335292e-02 -9.31734033e-03 -1.03829149e-02 -1.13428719e-02 -1.05962679e-02 -9.68354940e-03 -9.55099612e-03 -1.23654362e-02 -1.23788975e-02 -4.07336373e-03 -1.51986256e-03 -3.13854497e-03 -5.76849375e-03 -8.84367712e-03 -8.85572657e-03 -8.29395838e-03 -8.66178051e-03 -9.03834868e-03 -8.52121226e-03 -6.66741934e-03 -5.32769971e-03 -3.92336957e-03 -3.84373218e-03 -8.96931812e-03 -1.11607425e-02 -1.05095208e-02 -8.25912412e-03 -6.51049521e-03 -3.87844630e-03 -1.54351443e-03 -2.97290832e-03 -7.86455907e-03 -7.51277711e-03 -6.41292892e-03 -6.92853238e-03 -7.33656157e-03 -7.10451696e-03 -6.36305287e-03 -5.55786677e-03 -6.58824295e-03 -9.13236104e-03 -1.04585923e-02 -1.03117228e-02 -1.01184677e-02 -1.05402181e-02 -9.29137878e-03 -6.50119223e-03 -6.14644587e-03 -9.04530752e-03 -1.06993224e-02 -9.15567670e-03 -6.32413290e-03 -6.65674917e-03 -7.54274242e-03 -9.47229564e-03 -1.13017773e-02 -1.23435687e-02 -1.07370727e-02 -9.01660044e-03 -7.79022556e-03 -6.18149340e-03 -7.67846778e-03 -1.04480507e-02 -1.04932198e-02 -8.11651163e-03 -9.93258413e-03 -1.01001123e-02 -8.32611509e-03 -6.50991499e-03 -6.13465160e-03 -7.21634552e-03 -1.08742323e-02 -1.09832399e-02 -9.73552186e-03 -8.76145530e-03 -6.81981444e-03 -6.08374737e-03 -7.55902380e-03 -8.02159775e-03 -7.41753634e-03 -7.40034599e-03 -7.89068732e-03 -8.85106809e-03 -8.51650815e-03 -8.81194230e-03 -8.40066932e-03 -7.53430836e-03 -7.50916824e-03 -7.26777688e-03 -7.80007057e-03 -1.04808640e-02 -1.27943624e-02 -1.12335626e-02 -7.90045783e-03 -8.21278803e-03 -9.36499238e-03 -9.33967903e-03 -1.06199682e-02 -9.14645009e-03 -8.95207003e-03 -1.38959140e-02 -1.57553069e-02 -1.54417790e-02 -1.33551117e-02 -9.90957394e-03 -6.90243579e-03 -1.00150034e-02 -9.26994346e-03 -7.17695244e-03 -9.18789953e-03 -1.27708148e-02 -1.36847589e-02 -1.21992007e-02 -1.11798458e-02 -1.26438979e-02 -1.26448255e-02 -1.33571364e-02 -1.39373336e-02 -1.29619185e-02 -9.31406580e-03 -6.60883449e-03 -8.24099779e-03 -1.04671195e-02 -1.29349865e-02 -1.33731030e-02 -1.18591189e-02 -1.17058102e-02 -1.10644791e-02 -1.18987393e-02 -1.08208135e-02 -7.94029422e-03 -6.78031426e-03 -4.55442537e-03 -2.25364882e-03 -7.94662908e-03
-1.52510293e-02 -7.90250208e-03 -9.19646304e-03 -8.93656258e-03 -1.01173064e-02 -1.17921112e-02 -1.24446340e-02 -1.17807183e-02 -1.04211848e-02 -9.35129635e-03 -8.81106779e-03 -8.10819678e-03 -7.77641870e-03 -1.16279032e-02 -1.38445161e-02 -1.14655849e-02 -9.90256108e-03 -7.75295310e-03 -9.26452503e-03 -7.05119036e-03 -7.37442635e-03 -9.59189609e-03 -9.86502320e-03 -7.95919076e-03 -7.03271106e-03 -9.06433351e-03 -1.03225596e-02 -1.09391790e-02 -9.92286578e-03 -1.05055887e-02 -1.04308557e-02 -7.62422197e-03 -5.43610379e-03 -9.39491205e-03 -1.49153862e-02 -1.64693613e-02 -1.47388168e-02 -1.11254044e-02 -9.92139429e-03 -1.11177489e-02 -1.25922021e-02 -1.18323117e-02 -1.09142642e-02 -1.06114261e-02 -1.10076312e-02 -1.13561135e-02 -1.23180822e-02 -1.01453289e-02 -8.17200914e-03 -9.02868249e-03 -1.22842323e-02 -1.40226986e-02 -1.22119412e-02 -9.69342515e-03 -8.92875530e-03 -8.49721581e-03 -9.00921039e-03 -9.83649865e-03 -8.20574723e-03 -6.10310026e-03 -4.92808688e-03 -7.41983205e-03 -1.10807111e-02 -9.85818170e-03 -9.00329836e-03 -9.11364891e-03 -8.82957503e-03 -9.22572426e-03 -9.16917622e-03 -9.57749598e-03 -9.85056907e-03 -1.05552096e-02 -1.23859094e-02 -1.13249933e-02 -4.72385064e-03 -2.94205919e-03 -4.53489739e-03 -6.11250848e-03 -9.90677625e-03 -1.11163594e-02 -1.07039735e-02 -9.14502889e-03 -7.41632842e-03 -6.77815638e-03 -7.26570934e-03 -5.94722945e-03 -4.16750833e-03 -1.43435597e-03 -4.25206125e-03 -7.41082616e-03 -9.59899649e-03 -8.80206842e-03 -6.44726399e-03 -4.43106797e-03 -3.64139583e-03 -3.32738180e-03 -4.86792158e-03 -4.73865401e-03 -5.07152919e-03 -6.14044908e-03 -6.86121080e-03 -6.68813474e-03 -6.07966632e-03 -4.78847511e-03 -5.85755892e-03 -8.64491425e-03 -1.05046919e-02 -9.81590152e-03 -9.27322730e-03 -9.79886111e-03 -8.04453343e-03 -4.31382842e-03 -3.97618115e-03 -7.70029426e-03 -9.11358465e-03 -8.76923371e-03 -7.34594092e-03 -6.86431117e-03 -7.75983557e-03 -9.86274052e-03 -1.02446973e-02 -1.07760290e-02 -9.77735315e-03 -8.91213026e-03 -7.22866319e-03 -5.61572425e-03 -7.52314180e-03 -1.06121982e-02 -9.11034644e-03 -4.95938212e-03 -7.11965188e-03 -9.50697903e-03 -8.58834013e-03 -8.54657963e-03 -1.10349637e-02 -9.21128690e-03 -8.29230994e-03 -1.01249032e-02 -9.25151445e-03 -6.94067404e-03 -5.21181151e-03 -5.34880906e-03 -7.63455313e-03 -8.08497705e-03 -5.98222390e-03 -6.05288893e-03 -6.79291785e-03 -8.54732003e-03 -8.16510431e-03 -8.48674215e-03 -9.12646949e-03 -8.80711898e-03 -9.01402347e-03 -7.31376745e-03 -6.79267012e-03 -1.04124472e-02 -1.09158196e-02 -9.66692530e-03 -7.87958317e-03 -8.59531201e-03 -1.00557953e-02 -9.76068340e-03 -9.52621177e-03 -7.09555671e-03 -6.07023574e-03 -1.14756972e-02 -1.64299700e-02 -1.65586770e-02 -1.31751392e-02 -7.78887421e-03 -4.32007387e-03 -6.95486739e-03 -9.51774232e-03 -8.89002346e-03 -1.09161083e-02 -1.49755925e-02 -1.40606444e-02 -1.15847494e-02 -9.94131714e-03 -1.06389560e-02 -1.24695823e-02 -1.31177492e-02 -1.30585451e-02 -1.21451840e-02 -9.71413217e-03 -7.75215589e-03 -1.04872007e-02 -1.28042847e-02 -1.44686569e-02 -1.30224489e-02 -9.12342221e-03 -1.05301011e-02 -1.25481412e-02 -1.39547326e-02 -1.26115838e-02 -7.66624603e-03 -3.75727098e-03 -1.80845708e-03 -1.60328951e-03 -6.21792302e-03
-1.46854091e-02 -7.33475480e-03 -1.02004064e-02 -9.00852866e-03 -1.07926084e-02 -1.07631292e-02 -8.75531137e-03 -7.04954751e-03 -6.42116182e-03 -7.40350038e-03 -6.41755573e-03 -6.97692111e-03 -1.06553994e-02 -1.33740380e-02 -1.50029976e-02 -1.10504311e-02 -9.00263712e-03 -8.53038207e-03 -1.01039242e-02 -8.97342153e-03 -7.38724880e-03 -8.34125467e-03 -9.52396169e-03 -8.64010677e-03 -6.84118643e-03 -8.33782740e-03 -1.01265330e-02 -1.12472847e-02 -8.96253064e-03 -8.63691978e-03 -8.98564979e-03 -7.40228593e-03 -6.03533536e-03 -9.78245586e-03 -1.61124710e-02 -1.81210581e-02 -1.63443647e-02 -1.21582802e-02 -1.00598540e-02 -1.07352845e-02 -1.30643863e-02 -1.34687945e-02 -1.29728075e-02 -1.23551358e-02 -1.30454469e-02 -1.31739080e-02 -1.20466053e-02 -9.17239860e-03 -8.76862928e-03 -1.10360105e-02 -1.36920121e-02 -1.26948506e-02 -1.02658235e-02 -7.30527006e-03 -8.83200951e-03 -1.09031461e-02 -1.14693176e-02 -8.04705732e-03 -3.54873948e-03 -3.52437142e-03 -3.51579487e-03 -6.48207404e-03 -9.53224860e-03 -7.92076811e-03 -6.83170371e-03 -9.04390961e-03 -1.01294983e-02 -9.13835317e-03 -6.77792542e-03 -5.93900308e-03 -5.87504543e-03 -7.92139769e-03 -1.05791902e-02 -1.05292136e-02 -5.78377116e-03 -4.88021132e-03 -6.07611611e-03 -6.87237084e-03 -1.15941968e-02 -1.16008334e-02 -1.17578693e-02 -1.03923380e-02 -6.58943504e-03 -7.17794709e-03 -7.45390076e-03 -5.90937678e-03 -6.21724594e-03 -8.66361242e-03 -1.10742915e-02 -7.87037984e-03 -4.04773839e-03 -4.13974561e-03 -6.55675586e-03 -5.63383754e-03 -5.65540977e-03 -3.50902695e-03 -1.85009092e-03 -2.40684487e-03 -4.03739884e-03 -5.86797670e-03 -5.98417968e-03 -5.70497289e-03 -3.82392108e-03 -2.96492502e-03 -5.08961082e-03 -7.81672634e-03 -9.15226899e-03 -9.52013768e-03 -8.69598612e-03 -9.16215219e-03 -7.05842674e-03 -3.20367888e-03 -3.46505456e-03 -8.02918151e-03 -9.75601654e-03 -1.00288540e-02 -8.19915440e-03 -5.83528727e-03 -5.59207797e-03 -9.44698881e-03 -1.09446216e-02 -8.97092931e-03 -8.90379213e-03 -9.59708448e-03 -7.70022348e-03 -7.24137574e-03 -9.77773685e-03 -1.12862475e-02 -8.92958790e-03 -3.29020247e-03 -4.76852804e-03 -8.79726000e-03 -9.73356701e-03 -8.53501260e-03 -1.29106324e-02 -1.22504216e-02 -9.57288966e-03 -1.09252147e-02 -8.71229172e-03 -5.71207888e-03 -4.69334610e-03 -4.86133434e-03 -6.36881217e-03 -7.12040439e-03 -5.24614751e-03 -4.22231667e-03 -4.91627492e-03 -8.42979085e-03 -1.02193272e-02 -8.81082751e-03 -8.34529474e-03 -8.49606283e-03 -6.61768019e-03 -5.97583503e-03 -4.92358953e-03 -6.62615523e-03 -8.89780372e-03 -8.40172172e-03 -7.77968951e-03 -8.88372771e-03 -1.06041860e-02 -9.72818956e-03 -8.95874761e-03 -5.59694692e-03 -1.39571168e-03 -6.49152324e-03 -1.36558581e-02 -1.53434984e-02 -1.06288716e-02 -6.28760457e-03 -4.56210785e-03 -1.02416407e-02 -1.34345740e-02 -1.52840875e-02 -1.54307261e-02 -1.48766749e-02 -1.26598626e-02 -1.10334009e-02 -1.03909131e-02 -1.20325536e-02 -1.32926684e-02 -1.24264937e-02 -1.08546540e-02 -8.64252262e-03 -8.61718133e-03 -8.90655257e-03 -1.19893923e-02 -1.54707395e-02 -1.65543798e-02 -1.39160175e-02 -9.85747017e-03 -1.04241688e-02 -1.27584916e-02 -1.34279411e-02 -1.11766914e-02 -6.75146934e-03 -3.14462651e-03 -9.90920700e-04 -1.73811801e-03 -4.73072659e-03
-1.82197280e-02 -9.44434479e-03 -1.20578380e-02 -1.15872882e-02 -1.22988392e-02 -1.17430016e-02 -9.59162228e-03 -8.15062970e-03 -1.03187282e-02 -1.24316420e-02 -8.44573788e-03 -8.09890218e-03 -1.31884553e-02 -1.55156329e-02 -1.39891766e-02 -9.41473246e-03 -7.60681741e-03 -8.92373733e-03 -1.16938706e-02 -1.16107073e-02 -8.85308720e-03 -8.76577571e-03 -1.09027233e-02 -1.03432816e-02 -8.84217769e-03 -9.74042341e-03 -1.09661985e-02 -1.33195110e-02 -1.23511497e-02 -8.98787379e-03 -6.61299378e-03 -6.34304993e-03 -7.66929984e-03 -1.22654773e-02 -1.83577035e-02 -1.93777215e-02 -1.68520622e-02 -1.39129031e-02 -1.20027903e-02 -1.17422100e-02 -1.39795076e-02 -1.37053356e-02 -1.35077331e-02 -1.37924962e-02 -1.35802813e-02 -1.30689703e-02 -1.26289483e-02 -1.08834580e-02 -1.16572343e-02 -1.42964497e-02 -1.62255168e-02 -1.30588580e-02 -1.03466958e-02 -7.93070532e-03 -7.00012408e-03 -9.31673124e-03 -1.19092949e-02 -1.10181468e-02 -7.15083256e-03 -4.92124725e-03 -4.50262241e-03 -8.21219012e-03 -1.14702545e-02 -1.01158842e-02 -9.07520950e-03 -1.10575464e-02 -1.28150508e-02 -1.06271449e-02 -5.38417511e-03 -3.83079425e-03 -5.08023985e-03 -8.81848857e-03 -1.26521923e-02 -1.26534859e-02 -7.71131087e-03 -7.32953381e-03 -8.98819044e-03 -9.53962095e-03 -1.30514894e-02 -1.20988339e-02 -1.19610690e-02 -1.18824225e-02 -7.98661821e-03 -7.25972094e-03 -7.55899213e-03 -6.41140062e-03 -8.89389124e-03 -1.19335400e-02 -1.29713044e-02 -9.82431136e-03 -4.00707126e-03 -2.33080424e-03 -7.43412413e-03 -8.00078642e-03 -8.01544078e-03 -5.98713104e-03 -2.44569220e-03 -1.89295970e-03 -3.95602919e-03 -6.59488514e-03 -8.38428549e-03 -7.55544007e-03 -6.76083565e-03 -6.77535683e-03 -6.78638741e-03 -8.80023092e-03 -1.11933723e-02 -1.14042964e-02 -1.10825188e-02 -1.13689322e-02 -9.23013501e-03 -5.95215708e-03 -6.77594915e-03 -1.12310732e-02 -1.27275065e-02 -1.17149306e-02 -8.81255046e-03 -5.98732755e-03 -6.48701563e-03 -1.03386100e-02 -1.13703515e-02 -8.76969285e-03 -9.19191539e-03 -1.05229765e-02 -8.86086002e-03 -8.86047818e-03 -1.09086996e-02 -1.08543327e-02 -8.89058597e-03 -5.78324497e-03 -5.80364652e-03 -8.59515369e-03 -1.03938822e-02 -9.41956602e-03 -1.17799137e-02 -1.35395713e-02 -1.20690595e-02 -1.22065004e-02 -8.98742862e-03 -6.31889142e-03 -7.30945356e-03 -8.07895977e-03 -9.71107744e-03 -9.99171659e-03 -7.26132281e-03 -2.21955031e-03 -9.39190388e-04 -7.98182748e-03 -1.29849343e-02 -1.22548500e-02 -9.61176306e-03 -7.25101121e-03 -6.34406321e-03 -9.16694663e-03 -1.14167836e-02 -1.12129897e-02 -1.04925204e-02 -8.75330903e-03 -8.20009224e-03 -1.08797308e-02 -1.26559623e-02 -1.08977556e-02 -1.02465227e-02 -8.98299180e-03 -5.03789075e-03 -7.91770779e-03 -1.31913535e-02 -1.49457864e-02 -1.17088482e-02 -9.64837335e-03 -9.69026051e-03 -1.18969120e-02 -1.44793931e-02 -1.67960767e-02 -1.61685366e-02 -1.37159955e-02 -1.31929237e-02 -1.45236738e-02 -1.47019941e-02 -1.53567381e-02 -1.42630544e-02 -1.17127448e-02 -9.54268873e-03 -8.61724839e-03 -1.16660465e-02 -1.09465960e-02 -1.15869790e-02 -1.64104458e-02 -1.84359085e-02 -1.52143408e-02 -1.08543430e-02 -1.04848891e-02 -1.35378391e-02 -1.40021928e-02 -1.04512163e-02 -6.55129831e-03 -4.44348529e-03 -2.02692300e-03 -2.90104933e-03 -6.00064080e-03
-2.22873297e-02 -1.05903093e-02 -1.07757654e-02 -1.28325447e-02 -1.53968763e-02 -1.39439795e-02 -1.19072068e-02 -8.59495811e-03 -8.39261711e-03 -1.38402954e-02 -1.36084333e-02 -1.30916145e-02 -1.43463090e-02 -1.35891028e-02 -1.41580254e-02 -1.16205402e-02 -8.98982771e-03 -9.77518223e-03 -1.44363046e-02 -1.37676243e-02 -1.08629111e-02 -9.79734026e-03 -1.20271016e-02 -1.21852681e-02 -1.06225088e-02 -1.12029407e-02 -1.21637322e-02 -1.37987398e-02 -1.42492000e-02 -1.07956640e-02 -7.57623836e-03 -5.15679270e-03 -6.35384582e-03 -1.28028095e-02 -1.98720992e-02 -2.19036862e-02 -1.89607181e-02 -1.66140273e-02 -1.38000511e-02 -1.29085053e-02 -1.65205989e-02 -1.67499278e-02 -1.28757805e-02 -1.23597477e-02 -1.35299079e-02 -1.44398715e-02 -1.51437242e-02 -1.39893740e-02 -1.43717322e-02 -1.42447576e-02 -1.24951378e-02 -1.25055686e-02 -1.38199087e-02 -1.06722843e-02 -6.96975738e-03 -8.02420452e-03 -1.07961185e-02 -1.09853884e-02 -8.28756485e-03 -5.26108779e-03 -8.09338503e-03 -1.07414238e-02 -1.17400177e-02 -1.25347506e-02 -1.17136184e-02 -1.14113633e-02 -1.23254079e-02 -1.23108234e-02 -8.78273882e-03 -6.58746250e-03 -5.66319935e-03 -9.68471169e-03 -1.26808882e-02 -1.15636261e-02 -9.04364511e-03 -9.91393439e-03 -1.26886154e-02 -1.24039017e-02 -1.24918129e-02 -1.18387509e-02 -1.38986353e-02 -1.38119757e-02 -1.01430956e-02 -8.10429640e-03 -6.41114824e-03 -7.39553291e-03 -8.73548072e-03 -1.10363718e-02 -1.24197640e-02 -1.30261816e-02 -1.08751450e-02 -6.25859760e-03 -8.37821513e-03 -9.86176264e-03 -8.68021976e-03 -6.13514706e-03 -3.35965864e-03 -3.23618576e-03 -4.86075692e-03 -8.69359262e-03 -1.11753009e-02 -9.99913923e-03 -1.06978733e-02 -1.27584226e-02 -1.06741656e-02 -9.43787023e-03 -1.20525435e-02 -1.38620045e-02 -1.40423924e-02 -1.41151622e-02 -1.22013576e-02 -9.77000780e-03 -1.08602047e-02 -1.33343088e-02 -1.32164741e-02 -1.14448816e-02 -8.66773725e-03 -7.91308656e-03 -1.08410362e-02 -1.27915870e-02 -1.09419953e-02 -9.41673853e-03 -1.07521806e-02 -1.11902617e-02 -9.31590982e-03 -1.05918515e-02 -1.26360171e-02 -1.18141593e-02 -8.90634954e-03 -6.90855645e-03 -7.38792494e-03 -1.05395392e-02 -1.23915216e-02 -8.61394592e-03 -8.51687416e-03 -1.22997873e-02 -1.50202289e-02 -1.44863967e-02 -1.08423717e-02 -8.33685324e-03 -9.95324180e-03 -1.12645002e-02 -1.18853785e-02 -1.30419992e-02 -9.45679471e-03 -4.63953614e-03 -3.28598730e-03 -8.68126005e-03 -1.44770890e-02 -1.51385097e-02 -1.31297614e-02 -9.11899656e-03 -7.46595114e-03 -1.19925346e-02 -1.50261614e-02 -1.20401960e-02 -1.05944537e-02 -9.94019397e-03 -9.77897085e-03 -1.17997695e-02 -1.43564958e-02 -1.31350793e-02 -1.30424723e-02 -1.06368549e-02 -7.34231435e-03 -1.32481437e-02 -1.79633554e-02 -1.76815949e-02 -1.53904986e-02 -1.15674827e-02 -1.12322830e-02 -1.40458606e-02 -1.62391048e-02 -1.65608972e-02 -1.68290678e-02 -1.34047903e-02 -1.29899364e-02 -1.56334341e-02 -1.71477217e-02 -1.78256966e-02 -1.44204758e-02 -1.23509858e-02 -1.16637982e-02 -1.10833682e-02 -1.26843154e-02 -1.21766385e-02 -1.28303375e-02 -1.75354946e-02 -1.93174891e-02 -1.73467584e-02 -1.41544044e-02 -1.21434871e-02 -1.32105220e-02 -1.31501686e-02 -9.95624624e-03 -6.72098156e-03 -5.43212052e-03 -2.36018654e-03 -2.29668897e-03 -6.19264087e-03
-2.09166836e-02 -8.40351731e-03 -6.69876300e-03 -1.05191264e-02 -1.32539775e-02 -1.05575826e-02 -9.32032801e-03 -8.94544646e-03 -7.85897672e-03 -1.19915344e-02 -1.27838906e-02 -1.48236379e-02 -1.44039020e-02 -9.49940458e-03 -1.20585617e-02 -1.29806045e-02 -9.67924856e-03 -9.72295552e-03 -1.40675791e-02 -1.30730979e-02 -9.65276733e-03 -8.50001723e-03 -1.12151038e-02 -1.20780021e-02 -1.05707459e-02 -1.03261527e-02 -1.18019097e-02 -1.26021951e-02 -1.18129048e-02 -9.87659395e-03 -7.66994059e-03 -8.48528370e-03 -8.93839821e-03 -1.01783313e-02 -1.58077572e-02 -1.92935858e-02 -1.77142024e-02 -1.59996375e-02 -1.35206506e-02 -1.08055118e-02 -1.13848820e-02 -1.21318903e-02 -9.41385701e-03 -7.51730613e-03 -8.46366212e-03 -1.24397129e-02 -1.56501383e-02 -1.52844787e-02 -1.49274804e-02 -1.26685482e-02 -1.02434661e-02 -1.05479192e-02 -1.19094625e-02 -1.21446941e-02 -9.92599316e-03 -7.90863670e-03 -8.58234055e-03 -8.50275159e-03 -7.97576550e-03 -6.07403554e-03 -8.16630758e-03 -1.05455816e-02 -7.88106956e-03 -7.82517530e-03 -1.03136767e-02 -9.18808766e-03 -1.06119495e-02 -1.19935516e-02 -1.01493858e-02 -6.17708266e-03 -3.83499451e-03 -7.07031973e-03 -1.04217669e-02 -1.02508673e-02 -8.94188695e-03 -9.98593681e-03 -1.20342886e-02 -1.16650965e-02 -9.70836915e-03 -9.39877331e-03 -1.15009751e-02 -1.05740167e-02 -9.59070772e-03 -8.67567025e-03 -5.96229546e-03 -7.05026556e-03 -8.43649637e-03 -8.81904550e-03 -9.11177695e-03 -1.10619757e-02 -1.36273578e-02 -8.96071643e-03 -5.52985631e-03 -6.82567246e-03 -7.37926178e-03 -6.43804111e-03 -4.48517874e-03 -4.64276597e-03 -4.44459543e-03 -5.52078150e-03 -8.68941471e-03 -8.58830847e-03 -9.41368565e-03 -1.18434280e-02 -1.06115919e-02 -8.89125839e-03 -1.03778113e-02 -1.17128734e-02 -1.30886175e-02 -1.32268816e-02 -1.13142058e-02 -1.04675815e-02 -1.13392100e-02 -1.15615185e-02 -1.13739055e-02 -1.14087863e-02 -1.01438016e-02 -7.87764229e-03 -8.57542455e-03 -1.04048382e-02 -9.59977880e-03 -9.51874256e-03 -9.75507125e-03 -8.57635960e-03 -6.67571835e-03 -9.18174163e-03 -1.20816035e-02 -1.14606386e-02 -8.88839737e-03 -6.25822693e-03 -7.10942596e-03 -7.34454952e-03 -8.60604271e-03 -7.32804090e-03 -9.78121907e-03 -1.23186111e-02 -1.23484675e-02 -1.20144412e-02 -1.13128982e-02 -1.03736036e-02 -9.80771147e-03 -1.08415578e-02 -1.10830758e-02 -1.08894873e-02 -8.67242180e-03 -5.67497686e-03 -4.92775068e-03 -7.23667629e-03 -1.03343222e-02 -1.33530237e-02 -1.35423206e-02 -9.80808772e-03 -7.89684989e-03 -1.08651780e-02 -1.33834332e-02 -1.09630618e-02 -9.65264067e-03 -1.06111299e-02 -9.87264700e-03 -1.13275144e-02 -1.38358884e-02 -1.40828267e-02 -1.44233052e-02 -9.70941968e-03 -6.05292805e-03 -1.27180032e-02 -1.76022537e-02 -1.53186880e-02 -1.39611214e-02 -1.05522349e-02 -9.96308029e-03 -1.33913253e-02 -1.50762349e-02 -1.47313513e-02 -1.38156097e-02 -1.09591372e-02 -1.10952556e-02 -1.39098242e-02 -1.45779550e-02 -1.56412963e-02 -1.42754465e-02 -1.30423289e-02 -1.17866732e-02 -9.67313722e-03 -9.65886191e-03 -1.06262472e-02 -1.20130908e-02 -1.50344297e-02 -1.63649153e-02 -1.47488154e-02 -1.40116643e-02 -1.19767673e-02 -1.18360147e-02 -1.21086445e-02 -9.10197198e-03 -6.15793839e-03 -5.45531325e-03 -2.33684015e-03 -1.82347093e-03 -6.38983166e-03
-1.85617954e-02 -7.81149417e-03 -8.86876695e-03 -9.87567753e-03 -1.24694426e-02 -8.96845013e-03 -6.38755783e-03 -8.66922364e-03 -9.64475982e-03 -1.03735775e-02 -9.21212323e-03 -1.15276780e-02 -1.38715114e-02 -7.89256021e-03 -8.65339860e-03 -1.36313271e-02 -1.22657362e-02 -9.97545384e-03 -1.22200344e-02 -1.10428128e-02 -1.08113028e-02 -1.05991755e-02 -1.10726468e-02 -1.02843717e-02 -8.71254690e-03 -9.55601782e-03 -1.11763775e-02 -1.14307851e-02 -1.05139650e-02 -9.45606455e-03 -8.70838389e-03 -1.02573764e-02 -1.08714402e-02 -1.15999617e-02 -1.35586932e-02 -1.62960123e-02 -1.55676547e-02 -1.40110664e-02 -1.17732938e-02 -1.09902360e-02 -1.13684647e-02 -1.26202907e-02 -1.06291231e-02 -8.66618007e-03 -7.65500590e-03 -1.00901872e-02 -1.44750159e-02 -1.49798226e-02 -1.48216598e-02 -1.26288757e-02 -8.71653855e-03 -7.48990662e-03 -9.21565853e-03 -1.18720457e-02 -1.21726803e-02 -8.63857195e-03 -5.80253452e-03 -5.99869713e-03 -7.39726610e-03 -6.52421825e-03 -8.53876956e-03 -1.06094498e-02 -8.31331126e-03 -5.15014492e-03 -7.84501806e-03 -7.93386251e-03 -9.33027826e-03 -1.05899237e-02 -9.08433646e-03 -6.07763231e-03 -4.83502820e-03 -7.33997859e-03 -9.32395365e-03 -9.16010886e-03 -9.23465379e-03 -1.02121131e-02 -1.00281127e-02 -8.19685124e-03 -6.62407652e-03 -8.48753750e-03 -9.67405736e-03 -7.69349188e-03 -9.17807221e-03 -9.39352252e-03 -6.46914914e-03 -7.13784341e-03 -8.39639734e-03 -7.59728253e-03 -7.18393177e-03 -8.63297470e-03 -1.08854324e-02 -9.19020362e-03 -4.79494594e-03 -6.71549514e-03 -9.23123676e-03 -7.17232376e-03 -4.79475781e-03 -8.03280622e-03 -9.10757482e-03 -7.83029199e-03 -7.67756067e-03 -8.76361690e-03 -1.00913532e-02 -1.16305947e-02 -1.17273089e-02 -1.05255991e-02 -1.03417877e-02 -9.63400491e-03 -8.58495012e-03 -9.11314040e-03 -9.58340243e-03 -1.08965077e-02 -1.21342959e-02 -1.04276165e-02 -7.87393562e-03 -7.99911655e-03 -8.72682221e-03 -8.59044120e-03 -8.90945271e-03 -9.32835042e-03 -8.45082104e-03 -8.31435621e-03 -8.46021436e-03 -8.57895799e-03 -7.50429928e-03 -8.86285864e-03 -1.05094882e-02 -8.96252505e-03 -6.55022264e-03 -5.15053421e-03 -6.24889135e-03 -7.19020702e-03 -8.31495039e-03 -8.18421133e-03 -9.18705016e-03 -1.08323116e-02 -1.07254200e-02 -1.04532186e-02 -1.10475384e-02 -1.22017404e-02 -1.06622148e-02 -1.00898873e-02 -1.03408024e-02 -1.00657120e-02 -8.13350827e-03 -7.85689242e-03 -9.05328803e-03 -7.96063431e-03 -6.97397441e-03 -1.03623532e-02 -1.36004016e-02 -1.22371670e-02 -9.58741643e-03 -1.09745953e-02 -1.12316050e-02 -8.99063796e-03 -9.31218453e-03 -1.03501678e-02 -1.09163169e-02 -1.27753653e-02 -1.39859281e-02 -1.27400346e-02 -1.35067236e-02 -9.88879986e-03 -5.50140627e-03 -1.00410786e-02 -1.41681973e-02 -1.29429456e-02 -1.08304303e-02 -1.01933498e-02 -1.02675743e-02 -1.26855578e-02 -1.34783983e-02 -1.09975170e-02 -1.05083026e-02 -1.06115527e-02 -1.35771167e-02 -1.57187022e-02 -1.38566624e-02 -1.36097986e-02 -1.23677738e-02 -1.32337455e-02 -1.08439028e-02 -8.41419026e-03 -8.81403126e-03 -1.08190514e-02 -1.19756926e-02 -1.19588543e-02 -1.30678713e-02 -1.33160762e-02 -1.29732825e-02 -1.19166914e-02 -1.08303204e-02 -1.19672567e-02 -9.18290857e-03 -5.58845699e-03 -4.68607247e-03 -1.99987646e-03 -1.53062493e-03 -5.61257219e-03
-1.76767707e-02 -7.14480318e-03 -9.06327181e-03 -9.85329226e-03 -1.22047383e-02 -1.05279814e-02 -6.93428516e-03 -6.74662180e-03 -7.66587257e-03 -8.54453444e-03 -8.55991431e-03 -1.14389099e-02 -1.33930407e-02 -8.39495100e-03 -6.98469952e-03 -1.37601197e-02 -1.46430945e-02 -1.04490947e-02 -8.58951919e-03 -9.50220972e-03 -1.03047956e-02 -1.24067198e-02 -1.14301722e-02 -8.92690569e-03 -8.61480087e-03 -9.53131914e-03 -9.90639627e-03 -9.08948295e-03 -9.16966982e-03 -1.02460813e-02 -9.76659358e-03 -1.06520820e-02 -9.85593721e-03 -1.07651446e-02 -1.50779728e-02 -1.58115234e-02 -1.36797018e-02 -1.04022566e-02 -1.01273116e-02 -1.21347606e-02 -1.24789607e-02 -1.25058386e-02 -1.18881743e-02 -9.77914408e-03 -8.40310752e-03 -1.01466626e-02 -1.31623466e-02 -1.38942003e-02 -1.25505663e-02 -1.11968815e-02 -8.22025165e-03 -7.35791586e-03 -1.10389628e-02 -1.48005961e-02 -1.29011720e-02 -7.76307099e-03 -5.23290783e-03 -5.98040782e-03 -7.81299174e-03 -7.93822855e-03 -8.58701579e-03 -9.10385326e-03 -8.55439156e-03 -6.02218136e-03 -6.86739013e-03 -7.40464963e-03 -8.26741941e-03 -9.37722065e-03 -8.18349607e-03 -5.88357076e-03 -6.54263981e-03 -9.20130685e-03 -1.06321489e-02 -1.03007015e-02 -1.06626339e-02 -1.04020927e-02 -8.69315118e-03 -6.55264594e-03 -6.89013302e-03 -1.04551334e-02 -9.71771777e-03 -5.44258207e-03 -7.17990287e-03 -8.97045061e-03 -7.98557699e-03 -7.16003776e-03 -7.72871170e-03 -6.57774322e-03 -7.34682754e-03 -8.83165002e-03 -1.00591239e-02 -1.03919208e-02 -8.35449249e-03 -7.36533105e-03 -7.66562112e-03 -5.29098697e-03 -4.52153571e-03 -7.46881589e-03 -8.55163857e-03 -9.47362557e-03 -8.79223645e-03 -8.01116787e-03 -9.81304795e-03 -1.19264945e-02 -1.29722031e-02 -1.26658147e-02 -1.31128440e-02 -1.17120724e-02 -8.03775713e-03 -7.59096630e-03 -8.66061077e-03 -1.13195470e-02 -1.33575927e-02 -1.11552635e-02 -8.20758566e-03 -6.89822808e-03 -8.72193649e-03 -1.07141361e-02 -1.09162442e-02 -8.79574195e-03 -7.93202780e-03 -8.63969885e-03 -8.22547264e-03 -9.06850956e-03 -8.51384923e-03 -7.74283148e-03 -7.85757601e-03 -6.77692518e-03 -7.13351928e-03 -7.08326697e-03 -5.20795211e-03 -4.09529172e-03 -7.67828710e-03 -8.86056572e-03 -9.62193497e-03 -1.05320998e-02 -1.17306039e-02 -1.16610155e-02 -1.13948137e-02 -1.25330212e-02 -1.11010578e-02 -9.06761177e-03 -8.31759162e-03 -1.00742429e-02 -9.19765793e-03 -8.58818740e-03 -9.50405374e-03 -1.02643482e-02 -9.25200060e-03 -1.07095074e-02 -1.27022695e-02 -1.15825143e-02 -8.18136707e-03 -8.20581988e-03 -1.02673285e-02 -9.07786191e-03 -9.20584239e-03 -1.00161303e-02 -1.10036470e-02 -1.34675447e-02 -1.31375641e-02 -1.07370373e-02 -1.25589017e-02 -1.33469496e-02 -1.05696153e-02 -1.18593443e-02 -1.22641996e-02 -1.05811469e-02 -1.06933322e-02 -1.11151971e-02 -1.01119317e-02 -9.77287441e-03 -1.10352170e-02 -9.59722511e-03 -9.15875100e-03 -1.13585684e-02 -1.38257686e-02 -1.50185935e-02 -1.38573628e-02 -1.22709870e-02 -1.04875024e-02 -1.15052927e-02 -1.01394709e-02 -9.49527696e-03 -1.01225227e-02 -1.07167438e-02 -1.19766109e-02 -1.17278323e-02 -1.21681746e-02 -1.29372925e-02 -1.28269065e-02 -1.12144835e-02 -1.04934089e-02 -1.15770195e-02 -8.82513169e-03 -4.79998533e-03 -4.12250869e-03 -1.59308035e-03 -1.72227435e-03 -5.15224645e-03
-1.71570443e-02 -6.67349435e-03 -8.82911496e-03 -9.34715383e-03 -1.18191689e-02 -1.39103178e-02 -1.11567434e-02 -5.45020029e-03 -4.01750579e-03 -7.27012008e-03 -1.01951975e-02 -1.22635867e-02 -1.36743002e-02 -1.26232989e-02 -9.39027593e-03 -1.16341505e-02 -1.35307927e-02 -1.00152325e-02 -6.41912967e-03 -9.44068842e-03 -1.14005711e-02 -1.23532824e-02 -1.17094666e-02 -8.62423517e-03 -8.90217721e-03 -9.95382667e-03 -8.82734545e-03 -7.29286671e-03 -8.00164975e-03 -1.01760961e-02 -9.50715132e-03 -7.30173662e-03 -6.46770373e-03 -9.30876471e-03 -1.47385150e-02 -1.51232500e-02 -1.14558954e-02 -9.21430625e-03 -9.50679742e-03 -1.12036746e-02 -1.19294282e-02 -1.08480174e-02 -1.01612266e-02 -1.01715606e-02 -8.08427483e-03 -8.79830495e-03 -1.10157579e-02 -1.19070075e-02 -1.13609098e-02 -1.02426372e-02 -7.74581358e-03 -6.52220659e-03 -1.09263975e-02 -1.34888561e-02 -1.04685668e-02 -7.79781491e-03 -6.43285736e-03 -6.42829016e-03 -9.58239660e-03 -8.68907571e-03 -7.87539966e-03 -8.52594338e-03 -8.33041035e-03 -5.27775474e-03 -5.86080365e-03 -6.99968077e-03 -7.30722398e-03 -8.57701339e-03 -7.77844526e-03 -6.05208986e-03 -6.94457442e-03 -9.55751538e-03 -1.12121534e-02 -1.13129020e-02 -1.21398289e-02 -1.12294834e-02 -8.10797326e-03 -5.18103875e-03 -6.74927793e-03 -1.13895610e-02 -1.14457719e-02 -7.35388510e-03 -9.27108712e-03 -8.86803865e-03 -7.21935369e-03 -7.08938576e-03 -6.21915422e-03 -5.67752682e-03 -7.21542351e-03 -9.57308523e-03 -1.18143223e-02 -1.26911951e-02 -1.20458184e-02 -8.65428895e-03 -7.33557716e-03 -5.49009256e-03 -6.55089505e-03 -9.69309360e-03 -9.84501187e-03 -1.05812885e-02 -1.01439897e-02 -8.12896155e-03 -7.19622336e-03 -8.64086300e-03 -1.20743169e-02 -1.34635139e-02 -1.29207512e-02 -1.17424512e-02 -8.81599076e-03 -8.09634291e-03 -8.60257633e-03 -1.01953708e-02 -1.44197242e-02 -1.33789694e-02 -9.38306190e-03 -7.67364725e-03 -9.04674828e-03 -1.13299154e-02 -1.15933111e-02 -8.14098306e-03 -6.38579763e-03 -8.35415907e-03 -9.12635028e-03 -9.51428991e-03 -8.20019096e-03 -7.26050884e-03 -7.35402107e-03 -5.87569177e-03 -5.44305705e-03 -8.14683177e-03 -7.88925029e-03 -4.46511433e-03 -5.03524952e-03 -8.16647150e-03 -9.58178192e-03 -9.62857343e-03 -1.12806726e-02 -1.33229038e-02 -1.27004199e-02 -1.20935459e-02 -1.10342614e-02 -8.75123776e-03 -7.62038119e-03 -9.51464288e-03 -9.75072756e-03 -9.73842107e-03 -1.06500760e-02 -1.03975907e-02 -9.28219035e-03 -9.42501239e-03 -1.19473636e-02 -1.29227657e-02 -8.26164708e-03 -4.99128364e-03 -7.00433739e-03 -8.03892873e-03 -1.00464113e-02 -1.04115196e-02 -1.11112893e-02 -1.33700352e-02 -1.29451416e-02 -1.03697721e-02 -1.21424142e-02 -1.35190822e-02 -1.32693257e-02 -1.31059755e-02 -1.22000631e-02 -1.12195797e-02 -1.08794235e-02 -1.19659249e-02 -9.91591066e-03 -8.90343636e-03 -1.03126764e-02 -8.88943486e-03 -7.99480081e-03 -1.04150213e-02 -1.40007399e-02 -1.45542398e-02 -1.32166594e-02 -1.29167829e-02 -1.12582333e-02 -1.08787902e-02 -9.73452814e-03 -1.02787670e-02 -1.11658424e-02 -1.06879584e-02 -1.16661489e-02 -1.30309965e-02 -1.22396499e-02 -1.11316405e-02 -1.10959914e-02 -9.63654742e-03 -9.88484547e-03 -1.04529969e-02 -6.69624936e-03 -4.06267866e-03 -3.88803147e-03 -1.21395849e-03 -1.75088737e-03 -4.77800285e-03
-1.64874643e-02 -6.47166930e-03 -8.87382962e-03 -8.64071958e-03 -1.04133151e-02 -1.33429356e-02 -1.37996543e-02 -8.76848213e-03 -6.00082800e-03 -8.47038627e-03 -9.91706550e-03 -1.12093799e-02 -1.17948446e-02 -1.44336913e-02 -1.57147683e-02 -1.45225236e-02 -1.24724563e-02 -7.66077265e-03 -1.86589547e-03 -7.37429596e-03 -1.19118076e-02 -1.34826936e-02 -1.18984040e-02 -1.00673139e-02 -1.07202232e-02 -1.09980032e-02 -7.77740218e-03 -5.72751835e-03 -5.99472225e-03 -8.14321451e-03 -9.67425294e-03 -1.02351792e-02 -9.19533521e-03 -1.03344396e-02 -1.18354261e-02 -1.13798287e-02 -1.11863855e-02 -1.01858992e-02 -9.85240936e-03 -1.08658373e-02 -1.18828807e-02 -1.09079815e-02 -1.02789551e-02 -9.74956527e-03 -7.50588998e-03 -8.93959589e-03 -1.13995373e-02 -1.06468257e-02 -9.79149900e-03 -9.17087868e-03 -7.92379491e-03 -7.47772306e-03 -1.10918097e-02 -1.21534579e-02 -1.01089627e-02 -9.89692286e-03 -8.06839392e-03 -5.52789867e-03 -8.50318559e-03 -8.12154822e-03 -5.31748496e-03 -8.88273120e-03 -1.08462721e-02 -6.09092228e-03 -6.14733994e-03 -6.80053607e-03 -7.31468201e-03 -9.23709478e-03 -8.50709900e-03 -6.37559965e-03 -6.76524639e-03 -8.90329294e-03 -1.07099395e-02 -1.11635849e-02 -1.24211879e-02 -1.15100220e-02 -7.34428689e-03 -3.49608436e-03 -6.03213347e-03 -1.07306801e-02 -1.08828712e-02 -8.82007368e-03 -9.75264050e-03 -9.92252491e-03 -9.17957909e-03 -8.34933110e-03 -5.66901825e-03 -4.43905592e-03 -5.45893237e-03 -9.65307467e-03 -1.46483788e-02 -1.42178619e-02 -1.13537097e-02 -6.04309142e-03 -3.91693227e-03 -4.63967770e-03 -8.42965394e-03 -1.09334355e-02 -9.81662422e-03 -9.22359340e-03 -8.08444247e-03 -7.42690824e-03 -7.88483769e-03 -7.33007118e-03 -7.95613043e-03 -1.02594374e-02 -1.22726513e-02 -1.19844312e-02 -1.09820962e-02 -1.08254869e-02 -7.51373172e-03 -5.32054529e-03 -1.25421071e-02 -1.47289215e-02 -1.16411978e-02 -8.16123746e-03 -7.97466375e-03 -8.95451009e-03 -9.61446576e-03 -9.11546499e-03 -7.82165118e-03 -8.06349330e-03 -8.56494904e-03 -9.07013193e-03 -8.54841247e-03 -8.88313539e-03 -9.15058888e-03 -7.51963258e-03 -6.31699711e-03 -8.50172713e-03 -1.06220832e-02 -9.36018489e-03 -7.00546429e-03 -5.94870932e-03 -6.82523288e-03 -9.32372920e-03 -1.26848398e-02 -1.39358733e-02 -1.24514801e-02 -9.65677015e-03 -9.50966962e-03 -9.79940221e-03 -9.88911092e-03 -1.09275170e-02 -8.84754956e-03 -8.51777941e-03 -8.75083916e-03 -1.00594666e-02 -1.09669454e-02 -1.08260345e-02 -1.25125013e-02 -1.42798228e-02 -1.00544319e-02 -3.24284285e-03 -3.83927487e-03 -6.53855875e-03 -1.03036761e-02 -1.20297056e-02 -1.22853555e-02 -1.39238946e-02 -1.30871274e-02 -1.14543214e-02 -1.14847124e-02 -1.19439997e-02 -1.34141389e-02 -1.45027507e-02 -1.41048450e-02 -1.32955257e-02 -1.03614256e-02 -9.63298231e-03 -9.73415934e-03 -9.62627213e-03 -1.09746708e-02 -9.19095799e-03 -9.32674296e-03 -1.17435381e-02 -1.29012838e-02 -1.12002492e-02 -1.10535882e-02 -1.27432682e-02 -1.31371655e-02 -1.19079482e-02 -1.03778299e-02 -9.57777910e-03 -9.32392478e-03 -8.71842727e-03 -1.02714077e-02 -1.29486267e-02 -1.22498032e-02 -9.69024934e-03 -8.43655318e-03 -8.49063508e-03 -9.48488712e-03 -9.04417969e-03 -4.95566335e-03 -3.26260924e-03 -4.05849051e-03 -2.02727271e-03 -3.13725788e-03 -5.23827597e-03
-1.50735052e-02 -5.93546405e-03 -8.64030421e-03 -7.37006776e-03 -8.33592564e-03 -1.19828116e-02 -1.30013376e-02 -1.05736461e-02 -8.79402272e-03 -9.07547958e-03 -8.79797153e-03 -1.00391507e-02 -1.10478140e-02 -1.19974129e-02 -1.26100089e-02 -1.21622905e-02 -1.10733397e-02 -8.33021849e-03 -1.69770420e-03 -4.29491512e-03 -8.49837810e-03 -1.13533419e-02 -1.33499000e-02 -1.08123701e-02 -1.17468424e-02 -1.13967936e-02 -7.35144131e-03 -5.66872209e-03 -5.80193289e-03 -7.15197809e-03 -8.96810554e-03 -1.02147646e-02 -1.00441724e-02 -9.47992317e-03 -1.01291481e-02 -9.21302103e-03 -1.00793932e-02 -1.30055901e-02 -1.07560679e-02 -1.08771715e-02 -1.06892996e-02 -8.87717307e-03 -9.23023559e-03 -9.48041398e-03 -7.67826475e-03 -9.22743976e-03 -1.13406722e-02 -9.89875011e-03 -9.12597589e-03 -9.49686393e-03 -9.79280472e-03 -1.02408789e-02 -1.09794643e-02 -9.88567993e-03 -9.10483301e-03 -1.19709847e-02 -1.07473638e-02 -4.16781195e-03 -5.28470986e-03 -7.73044117e-03 -9.16411355e-03 -1.18912254e-02 -1.27944062e-02 -7.74630345e-03 -7.18003884e-03 -7.35157914e-03 -8.44099559e-03 -1.09735355e-02 -8.89030844e-03 -7.01107644e-03 -8.44037719e-03 -9.36188549e-03 -9.90948081e-03 -1.06999502e-02 -1.19711999e-02 -1.14485053e-02 -7.03855790e-03 -3.05062719e-03 -5.48552722e-03 -9.87333804e-03 -1.04602035e-02 -9.74289514e-03 -1.05484668e-02 -9.30033997e-03 -8.93573090e-03 -8.60315375e-03 -5.70651144e-03 -6.41316921e-03 -7.18013942e-03 -1.04021616e-02 -1.32816005e-02 -1.11184968e-02 -8.81919079e-03 -6.41774386e-03 -5.89704514e-03 -4.73422371e-03 -7.93535635e-03 -9.15399007e-03 -7.32556731e-03 -7.06688687e-03 -8.09496641e-03 -8.58040340e-03 -9.01679695e-03 -1.00462604e-02 -9.16370563e-03 -8.31798557e-03 -9.75395646e-03 -1.09234443e-02 -1.11904936e-02 -1.06571410e-02 -7.65616074e-03 -3.13828513e-03 -9.02807340e-03 -1.30921975e-02 -1.07595092e-02 -8.42146203e-03 -7.89766386e-03 -7.92637840e-03 -7.58128241e-03 -6.28076307e-03 -6.23208471e-03 -7.22625479e-03 -7.76256435e-03 -8.49854574e-03 -8.57952610e-03 -8.88733007e-03 -1.08685996e-02 -9.83003713e-03 -8.10569711e-03 -8.38553347e-03 -9.79723409e-03 -1.22191394e-02 -1.23200184e-02 -9.16403346e-03 -6.63317367e-03 -7.73698278e-03 -1.17785493e-02 -1.26216207e-02 -1.03079360e-02 -6.72519393e-03 -6.75999373e-03 -1.00778118e-02 -1.18430946e-02 -1.07270535e-02 -8.74146260e-03 -7.60947727e-03 -8.51328298e-03 -1.06188655e-02 -1.17347054e-02 -1.08893383e-02 -1.18540879e-02 -1.35689816e-02 -1.18722543e-02 -6.53921254e-03 -4.63348255e-03 -8.02081637e-03 -1.10444669e-02 -1.21044479e-02 -1.27821267e-02 -1.42032299e-02 -1.45894028e-02 -1.26802325e-02 -9.66908224e-03 -9.79967974e-03 -1.29357539e-02 -1.57210883e-02 -1.71537269e-02 -1.58181190e-02 -1.35155786e-02 -1.24744326e-02 -1.06408484e-02 -9.48594604e-03 -1.00961057e-02 -9.53038223e-03 -1.12050902e-02 -1.21024884e-02 -1.15343742e-02 -9.41163301e-03 -9.69949178e-03 -1.26953479e-02 -1.46080367e-02 -1.34915411e-02 -1.20455455e-02 -1.17343757e-02 -1.14229247e-02 -9.01852362e-03 -7.82288238e-03 -1.23356599e-02 -1.22317653e-02 -9.45691392e-03 -7.71822408e-03 -8.35709553e-03 -9.58945695e-03 -8.62340722e-03 -4.50375769e-03 -3.40222288e-03 -3.86787578e-03 -3.11277434e-03 -3.66206700e-03 -4.43092640e-03
-1.50155174e-02 -5.79427555e-03 -8.78413767e-03 -6.01140037e-03 -6.04902580e-03 -1.08167380e-02 -1.36513170e-02 -1.26314852e-02 -1.23289097e-02 -1.21712051e-02 -9.76441428e-03 -7.45097362e-03 -9.51131992e-03 -1.22653339e-02 -1.26715619e-02 -1.16321631e-02 -1.21492185e-02 -1.23101827e-02 -8.62435065e-03 -8.42645206e-03 -8.35710764e-03 -8.39097984e-03 -1.35015417e-02 -1.26918964e-02 -1.35608912e-02 -1.20947342e-02 -6.23297784e-03 -4.19408083e-03 -3.57086398e-03 -5.08206710e-03 -7.46955536e-03 -1.00951232e-02 -9.78000648e-03 -1.19135734e-02 -1.28729381e-02 -1.00723542e-02 -8.64162855e-03 -1.16559658e-02 -1.19123347e-02 -1.00399703e-02 -9.00422595e-03 -7.46206939e-03 -8.00360739e-03 -8.48258194e-03 -7.89205171e-03 -9.81255248e-03 -1.14906020e-02 -9.50762071e-03 -9.46874358e-03 -9.25667770e-03 -1.04432553e-02 -1.14227273e-02 -1.07246712e-02 -8.18899274e-03 -8.10012594e-03 -1.26128094e-02 -1.26833757e-02 -8.46531801e-03 -8.77070799e-03 -9.02074203e-03 -9.81049985e-03 -1.14806797e-02 -1.04845222e-02 -8.44535790e-03 -9.21193883e-03 -8.75784084e-03 -9.02229361e-03 -1.06422389e-02 -8.89290310e-03 -6.61753863e-03 -8.28587264e-03 -9.21585411e-03 -9.81126726e-03 -1.11254174e-02 -1.22881662e-02 -1.15499143e-02 -7.00856000e-03 -4.04449366e-03 -6.17076270e-03 -9.82555188e-03 -1.02277445e-02 -8.96561891e-03 -1.02207586e-02 -9.36000422e-03 -6.59319386e-03 -6.29952550e-03 -5.81486151e-03 -9.88847297e-03 -1.28470296e-02 -1.06652575e-02 -9.55815054e-03 -8.42352770e-03 -8.01650994e-03 -8.25482048e-03 -9.13802162e-03 -6.66319393e-03 -6.83686323e-03 -7.84246810e-03 -5.88843413e-03 -6.41980208e-03 -8.62036459e-03 -9.08516347e-03 -9.60161723e-03 -1.05255414e-02 -7.91597739e-03 -7.01838546e-03 -8.20272695e-03 -1.01913931e-02 -1.13349156e-02 -9.98063572e-03 -7.91885890e-03 -5.79790398e-03 -8.11215676e-03 -1.10727018e-02 -9.94717050e-03 -8.86434317e-03 -9.36120655e-03 -8.40631686e-03 -7.15033151e-03 -5.25931083e-03 -5.73255681e-03 -8.44199955e-03 -9.69363190e-03 -9.28492472e-03 -8.63501616e-03 -9.11458209e-03 -1.12404823e-02 -1.12386514e-02 -8.89937952e-03 -7.62379169e-03 -9.06538591e-03 -1.20629510e-02 -1.23851048e-02 -9.96929780e-03 -6.46700151e-03 -5.50387613e-03 -8.43010470e-03 -9.47534665e-03 -9.56304371e-03 -7.24025257e-03 -6.86475262e-03 -1.06711406e-02 -1.24398228e-02 -1.17588844e-02 -8.34994204e-03 -7.25439563e-03 -9.22651961e-03 -1.16074514e-02 -1.22627541e-02 -1.17759053e-02 -1.19894650e-02 -1.30148670e-02 -1.20307300e-02 -9.80718620e-03 -8.18946585e-03 -7.24195689e-03 -7.33267330e-03 -1.08424686e-02 -1.38898958e-02 -1.60245020e-02 -1.48011427e-02 -1.31980609e-02 -9.95766185e-03 -6.92002103e-03 -9.10761394e-03 -1.43624414e-02 -1.69895310e-02 -1.56204775e-02 -1.33390855e-02 -1.12904571e-02 -9.76004079e-03 -8.13586544e-03 -8.98922794e-03 -9.92061757e-03 -1.26527436e-02 -1.45646408e-02 -1.31065063e-02 -9.02260467e-03 -7.61966221e-03 -1.11992974e-02 -1.51304305e-02 -1.55790467e-02 -1.34747829e-02 -1.29852518e-02 -1.44270379e-02 -1.21269710e-02 -5.40695153e-03 -9.61388461e-03 -1.12362225e-02 -9.54086147e-03 -7.08029047e-03 -7.21774716e-03 -9.46099404e-03 -7.94490054e-03 -5.24759665e-03 -4.21729777e-03 -3.91553249e-03 -2.69961124e-03 -2.69736024e-03 -3.26119177e-03
-1.51963569e-02 -4.61401790e-03 -7.78873265e-03 -5.06106578e-03 -4.72073443e-03 -9.50443745e-03 -1.53313763e-02 -1.29436981e-02 -1.15220975e-02 -1.10637881e-02 -1.02583971e-02 -7.13203289e-03 -7.57476874e-03 -1.05330162e-02 -1.08568296e-02 -1.12087764e-02 -1.15003455e-02 -1.17747840e-02 -1.06352009e-02 -9.19009186e-03 -7.83079304e-03 -8.09620880e-03 -1.42616108e-02 -1.64332800e-02 -1.58130154e-02 -1.22610796e-02 -4.98679001e-03 -2.52292026e-03 -2.87976395e-03 -6.13807980e-03 -9.42464545e-03 -9.51307267e-03 -8.11482780e-03 -9.45239700e-03 -1.23829208e-02 -9.74882394e-03 -6.19875453e-03 -8.52337852e-03 -1.09670833e-02 -1.09352153e-02 -9.00779665e-03 -7.47314468e-03 -8.18083901e-03 -9.02870297e-03 -8.45375285e-03 -8.87358561e-03 -9.56849381e-03 -8.07926990e-03 -9.59515385e-03 -1.09638162e-02 -1.13999564e-02 -1.28861805e-02 -1.13727469e-02 -7.15292059e-03 -5.30062802e-03 -1.02459360e-02 -1.29316552e-02 -1.21051688e-02 -1.09575596e-02 -7.39957951e-03 -7.05656968e-03 -9.67686251e-03 -8.28457065e-03 -6.87052682e-03 -8.63616727e-03 -8.28047469e-03 -8.35277885e-03 -9.47040599e-03 -8.39649700e-03 -5.98728471e-03 -6.78266957e-03 -9.05051269e-03 -1.12118553e-02 -1.18783880e-02 -1.13204159e-02 -1.05466377e-02 -6.77790120e-03 -5.87324426e-03 -8.23849253e-03 -1.00546051e-02 -8.99955444e-03 -7.84134679e-03 -9.21154767e-03 -8.11938569e-03 -6.01289049e-03 -5.45936450e-03 -7.89089687e-03 -1.02883540e-02 -1.08814584e-02 -8.73831660e-03 -6.47081807e-03 -7.16858543e-03 -7.89106265e-03 -9.36123170e-03 -1.09383594e-02 -9.90354829e-03 -7.48776458e-03 -6.35913014e-03 -5.21380082e-03 -5.47976419e-03 -7.91598856e-03 -9.46656056e-03 -8.68700445e-03 -1.00556966e-02 -7.73043558e-03 -6.53650519e-03 -7.87434075e-03 -9.74806305e-03 -1.03938179e-02 -8.31482559e-03 -6.07581809e-03 -6.36980683e-03 -9.12855938e-03 -9.52313095e-03 -7.93913007e-03 -8.64539854e-03 -1.00346496e-02 -8.16394389e-03 -7.62634911e-03 -5.74164651e-03 -4.69459035e-03 -7.85730965e-03 -1.07030775e-02 -1.01735815e-02 -8.63783062e-03 -9.29590315e-03 -1.18252840e-02 -1.18651642e-02 -9.14041512e-03 -7.17826001e-03 -8.81179050e-03 -1.13185737e-02 -1.12636779e-02 -8.38917308e-03 -8.14946182e-03 -8.68431665e-03 -8.87520425e-03 -7.35108368e-03 -6.06284477e-03 -6.66726753e-03 -7.86442868e-03 -1.03023909e-02 -1.12691019e-02 -1.15388092e-02 -9.60014574e-03 -6.89335912e-03 -9.30674188e-03 -1.22135486e-02 -1.35288648e-02 -1.29149165e-02 -1.24722533e-02 -1.17434654e-02 -1.07662082e-02 -1.01287551e-02 -9.19505954e-03 -7.39311986e-03 -7.75191560e-03 -1.15118548e-02 -1.45743173e-02 -1.57063641e-02 -1.48144122e-02 -1.46221090e-02 -1.08155720e-02 -5.86688332e-03 -7.20028765e-03 -1.34415682e-02 -1.80882905e-02 -1.85989048e-02 -1.41310208e-02 -9.54211690e-03 -8.58815946e-03 -5.74887171e-03 -6.87109120e-03 -1.08318701e-02 -1.42785907e-02 -1.48551650e-02 -1.18455719e-02 -9.74104367e-03 -9.27331671e-03 -1.15002692e-02 -1.55698862e-02 -1.78297199e-02 -1.54463071e-02 -1.41348671e-02 -1.57393254e-02 -1.47283971e-02 -8.35035555e-03 -8.66178609e-03 -9.98203270e-03 -8.75149295e-03 -6.27571996e-03 -5.65565843e-03 -8.48501455e-03 -7.54971430e-03 -5.22554945e-03 -4.73749265e-03 -3.91517952e-03 -2.20712088e-03 -1.89668592e-03 -3.17413779e-03
-1.45425219e-02 -4.29183617e-03 -7.32790306e-03 -5.63725084e-03 -4.24833409e-03 -7.63314217e-03 -1.54355299e-02 -1.36782229e-02 -1.17065050e-02 -1.12510491e-02 -1.00717340e-02 -6.72196783e-03 -5.81681542e-03 -8.61431845e-03 -1.15546808e-02 -1.20869372e-02 -1.15587525e-02 -1.22333486e-02 -1.23476349e-02 -1.13111380e-02 -7.45221972e-03 -6.18952513e-03 -1.18043013e-02 -1.68980658e-02 -1.88867394e-02 -1.20927002e-02 -6.41719531e-03 -4.90831491e-03 -3.41545045e-03 -5.67406323e-03 -8.00027139e-03 -8.60113837e-03 -7.49940239e-03 -1.07261110e-02 -1.37912259e-02 -1.15918014e-02 -7.19994865e-03 -5.34159504e-03 -5.79057820e-03 -7.09231570e-03 -8.75307061e-03 -1.06832171e-02 -1.15438122e-02 -1.10432655e-02 -9.27403010e-03 -9.78812762e-03 -9.81683098e-03 -5.44760935e-03 -6.97819516e-03 -9.78032686e-03 -1.12379650e-02 -1.20830936e-02 -1.28006674e-02 -1.15864575e-02 -9.09716450e-03 -9.80177894e-03 -1.05783008e-02 -1.09526254e-02 -1.08324271e-02 -6.68901391e-03 -5.60900383e-03 -8.99322145e-03 -8.30661505e-03 -5.99081255e-03 -6.40607625e-03 -7.26765767e-03 -7.73936138e-03 -7.41023384e-03 -1.01352772e-02 -1.02513935e-02 -7.93674402e-03 -8.32445920e-03 -1.04837175e-02 -9.65140201e-03 -8.66889022e-03 -9.60515067e-03 -8.47711787e-03 -9.08200070e-03 -1.12906769e-02 -9.92391631e-03 -7.14359246e-03 -6.28057495e-03 -8.84466432e-03 -9.07364860e-03 -7.50114582e-03 -6.55635446e-03 -8.56084004e-03 -1.01246899e-02 -9.58703086e-03 -8.06884840e-03 -6.15537167e-03 -6.81210868e-03 -9.07423347e-03 -1.17340442e-02 -1.32538378e-02 -1.15911048e-02 -8.86028446e-03 -7.22970255e-03 -6.28450327e-03 -6.77726045e-03 -1.03602186e-02 -1.10453684e-02 -9.65324044e-03 -9.32925008e-03 -7.92511739e-03 -7.12393597e-03 -8.09102599e-03 -9.40628629e-03 -9.50375013e-03 -6.85971230e-03 -4.72648628e-03 -7.74079375e-03 -1.24431858e-02 -9.10161994e-03 -5.17251156e-03 -7.71742687e-03 -9.74501576e-03 -7.92125985e-03 -8.18497501e-03 -8.72165337e-03 -7.57200271e-03 -6.69920631e-03 -7.70635158e-03 -8.42011161e-03 -8.04447941e-03 -9.44382511e-03 -1.30658010e-02 -1.28989434e-02 -1.01190917e-02 -8.74688849e-03 -9.78094153e-03 -1.01924930e-02 -9.48621891e-03 -7.79379718e-03 -8.50902125e-03 -1.21358195e-02 -1.09707098e-02 -6.75002672e-03 -5.59411570e-03 -6.49707951e-03 -8.20864923e-03 -1.01485290e-02 -1.13722384e-02 -1.17178708e-02 -1.19876843e-02 -1.10526420e-02 -1.10286064e-02 -8.73249024e-03 -8.66355002e-03 -1.07432511e-02 -1.22050997e-02 -1.15203094e-02 -1.08190179e-02 -1.12690404e-02 -1.24684609e-02 -1.09851826e-02 -8.95051286e-03 -1.17942505e-02 -1.49044655e-02 -1.45736020e-02 -1.40666515e-02 -1.48545559e-02 -1.33453552e-02 -9.00785998e-03 -8.98188911e-03 -1.28607359e-02 -1.52428094e-02 -1.40732396e-02 -1.18148476e-02 -9.15398076e-03 -9.71163902e-03 -7.04507343e-03 -7.19076954e-03 -1.06354598e-02 -1.45233609e-02 -1.69482715e-02 -1.41053926e-02 -1.06363147e-02 -7.67930783e-03 -9.63690132e-03 -1.32994521e-02 -1.76640414e-02 -1.54718775e-02 -1.40334554e-02 -1.42602548e-02 -1.37934703e-02 -1.00608729e-02 -9.84157063e-03 -9.10535827e-03 -8.03925097e-03 -6.84303325e-03 -6.52709510e-03 -8.12135916e-03 -6.35268539e-03 -4.82264906e-03 -4.89213597e-03 -4.49221767e-03 -2.24320311e-03 -1.32375117e-03 -3.38740926e-03
-1.23924389e-02 -5.21590374e-03 -8.21284205e-03 -7.24327751e-03 -7.00060837e-03 -7.69558549e-03 -1.35309100e-02 -1.21671595e-02 -1.09331198e-02 -1.11309793e-02 -1.00103822e-02 -5.83514571e-03 -7.15081207e-03 -1.00617874e-02 -1.25606861e-02 -1.35424538e-02 -1.10595599e-02 -1.21893417e-02 -1.28424559e-02 -8.60757194e-03 -3.27450037e-03 -6.15207106e-03 -1.22391209e-02 -1.65092647e-02 -1.86069775e-02 -1.33034103e-02 -8.56361911e-03 -7.57240131e-03 -3.49557027e-03 -3.46756727e-03 -5.87409548e-03 -7.91130215e-03 -8.99962895e-03 -1.10539906e-02 -1.37640256e-02 -1.27122216e-02 -1.05339680e-02 -6.49865344e-03 -3.27336043e-03 -1.93304569e-03 -4.98966873e-03 -1.01890285e-02 -1.39522459e-02 -1.22206323e-02 -1.11483093e-02 -1.15388278e-02 -1.00482702e-02 -3.86789069e-03 -3.60356644e-03 -8.01793858e-03 -1.13281142e-02 -1.21983206e-02 -1.21356323e-02 -1.19911171e-02 -1.09444726e-02 -9.34326462e-03 -8.88359360e-03 -1.08706336e-02 -1.10970959e-02 -7.27585889e-03 -5.35257906e-03 -7.75345601e-03 -9.23781656e-03 -8.07991065e-03 -8.45074840e-03 -8.92802328e-03 -6.41155243e-03 -3.31756659e-03 -8.61951523e-03 -1.21793011e-02 -1.18009886e-02 -1.10211596e-02 -1.14935543e-02 -1.00806523e-02 -8.12384114e-03 -1.03824902e-02 -1.06807686e-02 -9.94016789e-03 -9.95872729e-03 -9.38344002e-03 -6.43654726e-03 -5.29010966e-03 -9.46710259e-03 -1.03638638e-02 -7.27307610e-03 -6.79212809e-03 -8.40860792e-03 -9.33712255e-03 -9.08423774e-03 -7.39941932e-03 -5.84679656e-03 -7.27698766e-03 -9.73681174e-03 -1.33806542e-02 -1.58670396e-02 -1.18114948e-02 -9.37419944e-03 -8.56381841e-03 -7.31497630e-03 -7.21720234e-03 -9.44945216e-03 -1.09600127e-02 -9.85108316e-03 -9.54760797e-03 -8.37270170e-03 -7.65677728e-03 -8.74236971e-03 -8.87214206e-03 -7.88336433e-03 -6.34459034e-03 -6.01935573e-03 -8.97014141e-03 -1.13844061e-02 -6.86112233e-03 -2.99369171e-03 -5.56948967e-03 -9.58225876e-03 -9.00031999e-03 -8.82488303e-03 -8.82044248e-03 -8.81105475e-03 -7.47360103e-03 -7.57579133e-03 -7.49772042e-03 -7.49690086e-03 -1.00635607e-02 -1.41723370e-02 -1.32004302e-02 -1.01040807e-02 -9.59798507e-03 -1.02208313e-02 -9.95630771e-03 -9.83738527e-03 -8.06381367e-03 -8.53069313e-03 -1.18074622e-02 -1.09285973e-02 -7.30627030e-03 -5.30379824e-03 -5.15849888e-03 -8.29821080e-03 -1.14093553e-02 -1.10734142e-02 -1.04357041e-02 -1.27803665e-02 -1.25159156e-02 -1.17751434e-02 -7.99230859e-03 -8.50852020e-03 -1.13047082e-02 -1.24738645e-02 -1.15221720e-02 -1.10693127e-02 -1.20436400e-02 -1.23542175e-02 -1.14352461e-02 -1.04028434e-02 -1.17909685e-02 -1.49348285e-02 -1.45761687e-02 -1.40773710e-02 -1.46360509e-02 -1.32244676e-02 -1.00038312e-02 -9.77981836e-03 -1.35731567e-02 -1.50383618e-02 -1.15912613e-02 -6.25938550e-03 -8.05499032e-03 -1.09347655e-02 -9.79662407e-03 -9.74611379e-03 -1.07944179e-02 -1.35082304e-02 -1.81280263e-02 -1.58738960e-02 -1.19902752e-02 -9.62512940e-03 -9.48655978e-03 -1.15938243e-02 -1.53423902e-02 -1.41592529e-02 -1.36984363e-02 -1.34728123e-02 -1.07460842e-02 -8.85685906e-03 -9.55940410e-03 -8.41145962e-03 -7.80124776e-03 -7.29088858e-03 -6.86027296e-03 -7.04058167e-03 -4.71010339e-03 -3.57997883e-03 -4.27607074e-03 -4.33047395e-03 -1.55628938e-03 -8.51461664e-06 -3.61362938e-03
-1.27008772e-02 -5.67520130e-03 -8.27365648e-03 -7.00326636e-03 -6.38208352e-03 -6.99976832e-03 -1.12250857e-02 -1.01211816e-02 -1.00252125e-02 -1.12284087e-02 -9.94586758e-03 -8.34477134e-03 -8.96890275e-03 -8.21634196e-03 -9.40724090e-03 -1.26811583e-02 -1.15371905e-02 -1.07538924e-02 -1.20836403e-02 -9.77119990e-03 -7.36402534e-03 -1.26753431e-02 -1.25915743e-02 -7.50782713e-03 -1.07105449e-02 -1.13990400e-02 -1.05844047e-02 -9.95601621e-03 -4.56421729e-03 -3.33334319e-03 -5.94482012e-03 -8.72490555e-03 -1.06042586e-02 -1.15307961e-02 -1.36992689e-02 -1.29710641e-02 -1.16693415e-02 -1.04206875e-02 -7.33597204e-03 -5.04754484e-03 -3.73164564e-03 -8.43976811e-03 -1.39433416e-02 -1.23738805e-02 -1.06980056e-02 -1.08128339e-02 -9.21332464e-03 -5.44056296e-03 -6.28193654e-03 -9.41012520e-03 -1.06598577e-02 -1.12335756e-02 -1.17694903e-02 -1.16879940e-02 -1.21010859e-02 -1.03809759e-02 -9.50633548e-03 -1.03784427e-02 -1.12888403e-02 -8.45579617e-03 -6.47008792e-03 -7.48392753e-03 -8.24821554e-03 -8.69287364e-03 -9.48107056e-03 -9.76547413e-03 -8.12675618e-03 -4.46865708e-03 -8.64076801e-03 -1.22934012e-02 -1.33550558e-02 -1.29895499e-02 -1.17740110e-02 -9.43343341e-03 -7.51974992e-03 -9.66859236e-03 -1.17496504e-02 -1.00228358e-02 -9.26596299e-03 -9.06480290e-03 -6.94721565e-03 -5.41953556e-03 -9.31360200e-03 -1.06510986e-02 -6.74640015e-03 -5.39090298e-03 -8.47230479e-03 -9.83837899e-03 -9.64818336e-03 -1.01867002e-02 -1.14288060e-02 -1.10202190e-02 -9.22382623e-03 -1.09595507e-02 -1.57172307e-02 -1.28790382e-02 -1.00942012e-02 -9.52054746e-03 -8.51072744e-03 -8.10822845e-03 -1.04454141e-02 -1.14120748e-02 -1.13433748e-02 -1.01469420e-02 -8.65572877e-03 -7.38060102e-03 -8.31850246e-03 -7.96315819e-03 -6.94220141e-03 -7.19528645e-03 -8.52595083e-03 -8.71857256e-03 -8.28547776e-03 -5.40002622e-03 -3.57289612e-03 -6.78916089e-03 -8.54559429e-03 -8.71172547e-03 -8.67502019e-03 -8.77051987e-03 -8.83699208e-03 -8.12395848e-03 -8.04335997e-03 -6.91454858e-03 -6.79666921e-03 -9.86228883e-03 -1.23784244e-02 -1.11849327e-02 -1.03386492e-02 -1.16621051e-02 -1.31529663e-02 -1.23563837e-02 -1.12711340e-02 -8.65343772e-03 -9.40899551e-03 -1.21890027e-02 -1.09472349e-02 -9.42534208e-03 -8.58930498e-03 -4.57941741e-03 -7.08198734e-03 -1.12396926e-02 -1.00528914e-02 -9.64986347e-03 -1.27425380e-02 -1.30355656e-02 -1.18310750e-02 -7.98669271e-03 -8.25544260e-03 -1.36037041e-02 -1.29204020e-02 -9.81674716e-03 -1.17791928e-02 -1.25900432e-02 -1.34111699e-02 -1.29303019e-02 -1.15586463e-02 -1.15097966e-02 -1.49328150e-02 -1.50212962e-02 -1.29681304e-02 -1.21452212e-02 -1.16514582e-02 -1.09664388e-02 -1.20227374e-02 -1.47066489e-02 -1.68626364e-02 -1.20684467e-02 -4.41145711e-03 -5.46911731e-03 -1.08739492e-02 -1.18070375e-02 -1.08877830e-02 -1.08610578e-02 -1.25213228e-02 -1.50155500e-02 -1.49008390e-02 -1.24927405e-02 -1.27959158e-02 -1.32306162e-02 -1.37450099e-02 -1.45465545e-02 -1.29248872e-02 -1.32712461e-02 -1.36163421e-02 -1.12079661e-02 -8.91536660e-03 -8.93981196e-03 -8.80564377e-03 -8.68909620e-03 -8.08489602e-03 -7.23092351e-03 -7.15728197e-03 -4.98500839e-03 -3.46956216e-03 -3.39576975e-03 -3.56201082e-03 -1.57294329e-03 -1.47347338e-04 -4.19281982e-03
-1.30023351e-02 -4.75972425e-03 -8.21612682e-03 -7.06110895e-03 -5.34043834e-03 -7.11109117e-03 -9.83366743e-03 -8.71601515e-03 -9.58555378e-03 -1.24167614e-02 -1.50307547e-02 -1.45370215e-02 -1.40789244e-02 -9.28858109e-03 -6.13896549e-03 -8.48989189e-03 -9.35779698e-03 -1.04592256e-02 -1.46727655e-02 -1.24338735e-02 -8.49539787e-03 -1.30455568e-02 -1.60381850e-02 -1.09132342e-02 -1.14696827e-02 -1.23001374e-02 -1.07776197e-02 -8.92114639e-03 -5.11576887e-03 -5.60020283e-03 -9.98706371e-03 -1.09362863e-02 -1.07964016e-02 -1.00347884e-02 -1.18587352e-02 -1.21736154e-02 -1.06975101e-02 -1.24737378e-02 -1.24761369e-02 -1.18710361e-02 -1.17534660e-02 -1.18858032e-02 -1.30720083e-02 -9.78657790e-03 -9.91203636e-03 -1.15526151e-02 -9.63366777e-03 -5.70904464e-03 -6.89961761e-03 -1.11189401e-02 -1.13107963e-02 -1.20486040e-02 -1.11369900e-02 -8.78932886e-03 -1.13167316e-02 -1.10173523e-02 -8.71130265e-03 -6.97323307e-03 -9.20019858e-03 -9.65016522e-03 -9.30278189e-03 -9.95052792e-03 -9.12335329e-03 -8.39684531e-03 -9.18131880e-03 -8.91984999e-03 -9.03172418e-03 -7.23641738e-03 -8.15480202e-03 -9.15765949e-03 -1.09631736e-02 -1.21098990e-02 -1.17997192e-02 -1.01206210e-02 -7.79908895e-03 -8.72983225e-03 -1.06272176e-02 -9.65060294e-03 -9.42757539e-03 -1.03737954e-02 -8.57448578e-03 -6.31906837e-03 -1.02294199e-02 -1.24899400e-02 -7.69373961e-03 -7.01307133e-03 -1.02051767e-02 -1.00628044e-02 -9.99665260e-03 -1.17174033e-02 -1.06197279e-02 -9.02463309e-03 -7.53814168e-03 -9.22715105e-03 -1.62340570e-02 -1.46696027e-02 -1.12294536e-02 -1.01562794e-02 -9.65479948e-03 -8.82381573e-03 -1.05251446e-02 -1.14443246e-02 -1.08877327e-02 -9.55252536e-03 -8.04786012e-03 -7.21657835e-03 -7.54028931e-03 -7.79275782e-03 -7.52938539e-03 -8.42999667e-03 -8.37434083e-03 -8.16056505e-03 -7.17229396e-03 -5.40650077e-03 -3.99287418e-03 -6.79474138e-03 -8.02331790e-03 -7.46358931e-03 -8.72946531e-03 -9.75388475e-03 -9.58247483e-03 -8.20104778e-03 -8.63276608e-03 -7.42757134e-03 -7.47177750e-03 -9.46293026e-03 -1.07859671e-02 -8.48988630e-03 -8.89738090e-03 -1.30591840e-02 -1.57338157e-02 -1.47970039e-02 -1.32511854e-02 -1.00535732e-02 -9.17541049e-03 -1.01364143e-02 -1.10188238e-02 -1.01427920e-02 -9.56388563e-03 -5.73154166e-03 -5.75229339e-03 -1.14326291e-02 -1.29304621e-02 -1.13354996e-02 -1.28241535e-02 -1.17499754e-02 -1.06204636e-02 -9.86049511e-03 -1.13680121e-02 -1.45245381e-02 -1.20625012e-02 -6.58390112e-03 -1.24475360e-02 -1.54460426e-02 -1.39013492e-02 -1.09961908e-02 -9.34405811e-03 -1.26045011e-02 -1.62558537e-02 -1.52081344e-02 -1.15587581e-02 -9.58441570e-03 -1.04569513e-02 -1.16802417e-02 -1.46729127e-02 -1.47277694e-02 -1.45923216e-02 -1.56282466e-02 -9.87635367e-03 -5.60278632e-03 -6.72161952e-03 -1.03474800e-02 -1.38941854e-02 -1.45152751e-02 -1.28324367e-02 -1.40463673e-02 -1.57490913e-02 -1.43642388e-02 -1.31279733e-02 -1.36562437e-02 -1.38370059e-02 -1.35452207e-02 -1.21956933e-02 -1.26305334e-02 -1.36610642e-02 -1.22785121e-02 -9.14148055e-03 -8.32640007e-03 -9.24412906e-03 -9.44269635e-03 -7.98234809e-03 -7.14419410e-03 -7.94918090e-03 -6.28833286e-03 -4.32723388e-03 -3.26155778e-03 -2.92257965e-03 -2.08367221e-03 -1.32676587e-03 -4.39896062e-03
-1.27288140e-02 -4.83722333e-03 -7.94530101e-03 -7.31834956e-03 -6.81209005e-03 -8.34259205e-03 -9.71012563e-03 -8.62156413e-03 -1.07435826e-02 -1.35676991e-02 -1.53751560e-02 -1.43488031e-02 -1.19133368e-02 -8.85531865e-03 -6.22437708e-03 -8.00864026e-03 -4.85016778e-03 -4.23140824e-03 -1.26336180e-02 -1.47543903e-02 -1.07693281e-02 -1.30138826e-02 -1.58597492e-02 -1.37559194e-02 -1.43328998e-02 -1.41321514e-02 -1.01632373e-02 -7.93236773e-03 -6.81384094e-03 -9.81568359e-03 -1.27550922e-02 -1.29948072e-02 -1.11415442e-02 -7.85647519e-03 -1.04117282e-02 -1.40735731e-02 -1.33260190e-02 -1.35680437e-02 -1.15725249e-02 -1.12059955e-02 -1.16963033e-02 -1.20776854e-02 -1.21192578e-02 -1.02219619e-02 -9.57612135e-03 -1.06343906e-02 -1.08639635e-02 -9.01136920e-03 -8.20112601e-03 -1.14504872e-02 -1.15634017e-02 -1.21978465e-02 -1.36941839e-02 -1.00701880e-02 -1.07216593e-02 -1.20039508e-02 -1.14133563e-02 -7.68266618e-03 -6.13878109e-03 -5.66191599e-03 -6.41677342e-03 -9.57090594e-03 -1.15279332e-02 -1.04388297e-02 -9.97116044e-03 -8.89027491e-03 -9.65848006e-03 -1.00654811e-02 -9.56441276e-03 -8.53107497e-03 -1.08987652e-02 -1.17836110e-02 -1.09056029e-02 -1.09581295e-02 -1.01225376e-02 -8.76183994e-03 -9.37502086e-03 -9.99778323e-03 -1.08216368e-02 -1.06241908e-02 -1.05389524e-02 -9.01635922e-03 -1.00228414e-02 -1.16918329e-02 -1.01450328e-02 -8.43641534e-03 -1.02754086e-02 -9.40303504e-03 -9.36327502e-03 -1.27336495e-02 -1.09868366e-02 -9.66865569e-03 -1.04292072e-02 -1.14112347e-02 -1.51027478e-02 -1.40745770e-02 -1.28730331e-02 -1.27974767e-02 -1.15150716e-02 -1.07000321e-02 -1.12085454e-02 -1.15194190e-02 -1.07761826e-02 -9.25458595e-03 -8.14713910e-03 -8.12300853e-03 -8.22576508e-03 -8.81201215e-03 -9.44028236e-03 -9.99797136e-03 -9.67298262e-03 -9.44863819e-03 -8.01293738e-03 -7.26342946e-03 -6.64409995e-03 -8.76368955e-03 -7.93599896e-03 -6.37374446e-03 -8.55115056e-03 -1.12726633e-02 -1.14411246e-02 -9.51420516e-03 -8.96787457e-03 -8.05631094e-03 -8.20951164e-03 -9.08685289e-03 -9.12994519e-03 -7.91990757e-03 -7.09781796e-03 -9.93243232e-03 -1.48700643e-02 -1.56478193e-02 -1.36047304e-02 -1.10761989e-02 -1.08216144e-02 -1.20341461e-02 -1.17729492e-02 -1.01524461e-02 -8.54693539e-03 -6.22402877e-03 -8.88405368e-03 -1.25956498e-02 -1.35015342e-02 -1.38067771e-02 -1.35154910e-02 -1.12584140e-02 -9.97661054e-03 -1.26184225e-02 -1.62284821e-02 -1.60443224e-02 -1.02845170e-02 -4.24344279e-03 -1.05170440e-02 -1.44019742e-02 -1.18399896e-02 -9.69670713e-03 -9.77418758e-03 -1.42597500e-02 -1.74922161e-02 -1.53211188e-02 -1.09609272e-02 -7.76659139e-03 -8.01901706e-03 -9.66537930e-03 -1.53243095e-02 -1.72666125e-02 -1.51404869e-02 -1.64386127e-02 -1.67363789e-02 -1.05579831e-02 -3.03199515e-03 -4.64676693e-03 -1.18501112e-02 -1.47749670e-02 -1.35502219e-02 -1.37447473e-02 -1.53364837e-02 -1.41256247e-02 -1.30216144e-02 -1.26327425e-02 -1.27994288e-02 -1.22805256e-02 -1.16647370e-02 -1.20635070e-02 -1.35443062e-02 -1.38672125e-02 -1.07284058e-02 -9.21923108e-03 -9.94739309e-03 -9.75343212e-03 -8.17272998e-03 -7.41964765e-03 -8.42965208e-03 -7.79982749e-03 -5.00640925e-03 -3.50273307e-03 -3.45696043e-03 -3.16233514e-03 -2.07705284e-03 -3.69214779e-03
-1.09438896e-02 -3.22808698e-03 -7.06812739e-03 -7.56322034e-03 -8.08852725e-03 -1.00755002e-02 -1.03818551e-02 -1.01311132e-02 -1.24074798e-02 -1.38891935e-02 -1.56012047e-02 -1.46350954e-02 -1.14224311e-02 -8.96519236e-03 -7.27235712e-03 -7.89001025e-03 -7.55659677e-03 -5.44258393e-03 -9.60627198e-03 -1.10213067e-02 -7.98650272e-03 -1.01142861e-02 -1.56415235e-02 -1.57050043e-02 -1.54939629e-02 -1.37706324e-02 -1.02118952e-02 -7.57286698e-03 -8.29369575e-03 -1.16443187e-02 -1.54125839e-02 -1.43740196e-02 -1.02857687e-02 -6.81726635e-03 -1.13377143e-02 -1.76945888e-02 -1.83242746e-02 -1.58986710e-02 -1.09530408e-02 -9.37835500e-03 -9.64416377e-03 -1.02197193e-02 -1.03959572e-02 -9.63197649e-03 -1.02671981e-02 -1.12994928e-02 -1.03904344e-02 -8.17383081e-03 -6.67238235e-03 -9.99279693e-03 -1.34536698e-02 -1.57327559e-02 -1.56468563e-02 -1.17294304e-02 -1.09174363e-02 -1.21908654e-02 -1.08933598e-02 -8.60172324e-03 -8.97347182e-03 -8.57961364e-03 -9.31686163e-03 -1.07051004e-02 -1.06215831e-02 -1.00092907e-02 -1.09949913e-02 -9.42577608e-03 -9.75399837e-03 -9.80312191e-03 -9.27878357e-03 -1.07955895e-02 -1.06848106e-02 -9.62021574e-03 -9.38859768e-03 -1.12030171e-02 -1.23306140e-02 -1.06121618e-02 -9.50682350e-03 -1.07773896e-02 -8.24719667e-03 -6.34784065e-03 -9.70300846e-03 -1.24537470e-02 -1.21885147e-02 -1.12508982e-02 -1.10425819e-02 -8.78096931e-03 -9.68515314e-03 -9.50207748e-03 -8.33100826e-03 -1.10167302e-02 -1.23416279e-02 -1.18230805e-02 -1.19986050e-02 -1.16550289e-02 -1.27015803e-02 -1.39657520e-02 -1.29028503e-02 -1.28746033e-02 -1.45386588e-02 -1.34280790e-02 -1.25617199e-02 -1.19068380e-02 -1.01328194e-02 -6.76192716e-03 -7.46204704e-03 -1.06876157e-02 -1.13428906e-02 -1.13986433e-02 -1.11519005e-02 -1.10582355e-02 -1.17970463e-02 -1.17433909e-02 -9.92812775e-03 -8.10625218e-03 -7.02237338e-03 -8.69046710e-03 -8.31668265e-03 -6.30314462e-03 -9.02380981e-03 -1.26211122e-02 -1.48179037e-02 -1.19016431e-02 -9.43170674e-03 -8.12791660e-03 -8.94011185e-03 -9.50134359e-03 -1.14848427e-02 -1.10913757e-02 -8.33980925e-03 -8.74463841e-03 -1.15713272e-02 -1.33047570e-02 -1.28500946e-02 -1.30973756e-02 -1.58037357e-02 -1.60282832e-02 -1.18273832e-02 -7.89863989e-03 -6.52919896e-03 -7.61373714e-03 -1.21402517e-02 -1.42831318e-02 -1.32938232e-02 -1.39034260e-02 -1.47489514e-02 -1.36043560e-02 -1.11817271e-02 -1.11328475e-02 -1.29950438e-02 -1.14058442e-02 -8.93547013e-03 -5.47179580e-03 -1.01617612e-02 -1.34346373e-02 -1.14243422e-02 -9.99862328e-03 -1.10243391e-02 -1.43294036e-02 -1.65835600e-02 -1.46212745e-02 -1.07738655e-02 -9.34299827e-03 -1.01095531e-02 -8.83743539e-03 -1.20366178e-02 -1.62167326e-02 -1.62557829e-02 -1.57074723e-02 -1.48351789e-02 -1.04071200e-02 -5.31562045e-03 -8.43266770e-03 -1.61166061e-02 -1.80977564e-02 -1.66609325e-02 -1.45335142e-02 -1.37833487e-02 -1.31645985e-02 -1.22390892e-02 -1.28235966e-02 -1.40143484e-02 -1.32972524e-02 -1.24520604e-02 -1.05045009e-02 -1.08661279e-02 -1.39217395e-02 -1.23299174e-02 -1.07818209e-02 -1.03420280e-02 -1.01074874e-02 -8.80498067e-03 -8.39854125e-03 -9.68014356e-03 -9.30872094e-03 -6.11144584e-03 -4.03455272e-03 -4.09023184e-03 -3.22070625e-03 -1.31192897e-03 -1.72090391e-03
-1.17856562e-02 -1.39449909e-03 -4.59361169e-03 -6.67383149e-03 -8.08221661e-03 -9.89265181e-03 -1.12158172e-02 -1.17778070e-02 -1.36479419e-02 -1.36990994e-02 -1.47847291e-02 -1.37873348e-02 -1.14189163e-02 -9.45675373e-03 -8.69181007e-03 -9.75566916e-03 -1.05843619e-02 -1.05766151e-02 -9.86584276e-03 -7.74010271e-03 -7.23454915e-03 -1.14624202e-02 -1.56990122e-02 -1.38318483e-02 -1.17881801e-02 -1.08595751e-02 -9.55033302e-03 -9.80448350e-03 -1.18778143e-02 -1.47624593e-02 -1.45537816e-02 -1.31094158e-02 -9.80805606e-03 -8.23724270e-03 -1.30394753e-02 -1.77981984e-02 -1.71245262e-02 -1.38541553e-02 -8.31854716e-03 -7.14501925e-03 -1.05090607e-02 -1.08704697e-02 -9.53636318e-03 -9.84463468e-03 -1.13925915e-02 -1.17445569e-02 -1.01077203e-02 -7.91045465e-03 -7.46042840e-03 -7.85453990e-03 -1.16418824e-02 -1.61711946e-02 -1.67417899e-02 -1.31349768e-02 -1.11754686e-02 -1.14686303e-02 -1.16846506e-02 -1.25335045e-02 -1.34328380e-02 -1.33682154e-02 -1.26538891e-02 -1.08202454e-02 -8.63041542e-03 -9.21640173e-03 -1.24213882e-02 -1.07662082e-02 -9.38082114e-03 -9.73568670e-03 -9.88559797e-03 -1.24174729e-02 -1.20488051e-02 -9.34960879e-03 -8.94513167e-03 -1.06718838e-02 -1.17129926e-02 -1.14208292e-02 -1.25448462e-02 -1.33227445e-02 -9.55840200e-03 -4.95502912e-03 -8.76759738e-03 -1.30159529e-02 -1.28766447e-02 -1.15369055e-02 -1.15143992e-02 -1.00722071e-02 -1.08211543e-02 -1.08386297e-02 -1.06496159e-02 -1.27507113e-02 -1.28619093e-02 -1.24642774e-02 -1.21006034e-02 -1.14814509e-02 -1.26549788e-02 -1.35735180e-02 -1.14849303e-02 -9.77038220e-03 -1.11962892e-02 -1.46034677e-02 -1.53284930e-02 -1.33789629e-02 -8.49906355e-03 -2.14473344e-03 -2.92589515e-03 -8.35280679e-03 -1.00384951e-02 -1.19416397e-02 -1.34413615e-02 -1.18669011e-02 -1.19240507e-02 -1.31625403e-02 -1.18977185e-02 -9.95713286e-03 -7.76257925e-03 -8.66863504e-03 -9.14079323e-03 -6.45183586e-03 -8.23474303e-03 -1.25349239e-02 -1.72675774e-02 -1.50783937e-02 -1.04079787e-02 -8.18710588e-03 -1.06725711e-02 -1.13553572e-02 -1.15189403e-02 -1.35014486e-02 -1.21396985e-02 -1.07573662e-02 -9.41911712e-03 -8.85310955e-03 -1.10719390e-02 -1.66103318e-02 -1.80848502e-02 -1.52362976e-02 -1.13896783e-02 -8.93490389e-03 -7.17349350e-03 -9.82921198e-03 -1.61753781e-02 -1.80229209e-02 -1.56752151e-02 -1.33785717e-02 -1.36699565e-02 -1.41091049e-02 -1.24942809e-02 -1.01912208e-02 -1.15403309e-02 -9.97022539e-03 -5.97038120e-03 -6.69562630e-03 -1.13236606e-02 -1.28023122e-02 -1.03180241e-02 -9.14472342e-03 -1.13193709e-02 -1.36942305e-02 -1.52459033e-02 -1.39179602e-02 -1.23281386e-02 -1.07682459e-02 -1.11422241e-02 -9.40447859e-03 -9.43222269e-03 -1.29832365e-02 -1.49461702e-02 -1.42389275e-02 -1.37389135e-02 -1.26260761e-02 -1.14638936e-02 -1.40449181e-02 -1.81376413e-02 -1.72745064e-02 -1.53898131e-02 -1.28514152e-02 -1.24849677e-02 -1.26298033e-02 -9.25861672e-03 -1.07807033e-02 -1.56215541e-02 -1.55297108e-02 -1.31112635e-02 -8.05099867e-03 -5.71807288e-03 -1.26217175e-02 -1.40460227e-02 -1.17082372e-02 -1.03058461e-02 -9.87379998e-03 -9.63893719e-03 -9.36349761e-03 -1.09579926e-02 -9.95996967e-03 -6.03368413e-03 -4.09189519e-03 -4.25069686e-03 -2.90288310e-03 -1.67517550e-03 -1.87171530e-03
-1.40319103e-02 -3.36465891e-03 -2.57454440e-03 -7.01852515e-03 -7.26136938e-03 -8.98308493e-03 -1.28805377e-02 -1.41677707e-02 -1.64196119e-02 -1.54826250e-02 -1.31919906e-02 -1.15896240e-02 -1.14068985e-02 -1.14351120e-02 -1.01114605e-02 -9.29837674e-03 -8.82782601e-03 -1.06787998e-02 -1.19063873e-02 -1.15443673e-02 -1.07293501e-02 -1.20651592e-02 -1.47865843e-02 -1.21372417e-02 -9.92211699e-03 -1.04947165e-02 -1.04118977e-02 -1.18196383e-02 -1.43944118e-02 -1.53070036e-02 -1.29611492e-02 -1.18578393e-02 -9.56785865e-03 -8.33111815e-03 -1.29184555e-02 -1.67651884e-02 -1.44243538e-02 -1.02108717e-02 -7.29342923e-03 -7.43611902e-03 -1.07417926e-02 -1.13965478e-02 -1.04418509e-02 -1.15195420e-02 -1.20886173e-02 -1.15811843e-02 -1.04422830e-02 -9.02904011e-03 -9.38825868e-03 -9.03572142e-03 -8.46058875e-03 -1.45494286e-02 -1.77751053e-02 -1.46729387e-02 -1.18837673e-02 -1.15741156e-02 -1.18566286e-02 -1.34921577e-02 -1.38157103e-02 -1.20866410e-02 -1.11856032e-02 -1.03654396e-02 -8.52210820e-03 -1.11627597e-02 -1.43729467e-02 -1.33692566e-02 -1.03935823e-02 -8.68412480e-03 -9.94930789e-03 -1.36772133e-02 -1.26069132e-02 -1.08991843e-02 -1.02422386e-02 -1.10190734e-02 -1.15577709e-02 -1.24721508e-02 -1.35785025e-02 -1.29088350e-02 -1.09462496e-02 -7.87984952e-03 -8.48324783e-03 -1.38277886e-02 -1.35609824e-02 -1.13037601e-02 -1.10247415e-02 -9.35151055e-03 -1.08536202e-02 -1.34050250e-02 -1.37124844e-02 -1.26123428e-02 -1.23207048e-02 -1.24752726e-02 -1.24713294e-02 -9.88859497e-03 -8.29741545e-03 -1.40502770e-02 -1.65759604e-02 -1.43902432e-02 -1.15461182e-02 -1.27173346e-02 -1.51342060e-02 -1.48028787e-02 -1.15784965e-02 -8.08621943e-03 -9.12599266e-03 -1.25820264e-02 -1.23358462e-02 -1.18732248e-02 -9.41366516e-03 -6.80535287e-03 -9.57668014e-03 -1.51956920e-02 -1.49329584e-02 -1.22625437e-02 -1.02304202e-02 -9.38783027e-03 -8.92273523e-03 -5.17808460e-03 -8.59520026e-03 -1.37949158e-02 -1.68269500e-02 -1.35659967e-02 -8.92224908e-03 -9.19463113e-03 -1.29319616e-02 -1.32478029e-02 -1.24226864e-02 -1.33935325e-02 -1.38481744e-02 -1.39952656e-02 -1.24621708e-02 -9.47280228e-03 -9.44044068e-03 -1.62598975e-02 -1.80301163e-02 -1.59731526e-02 -1.35616157e-02 -1.07709225e-02 -1.02620218e-02 -1.41588040e-02 -1.82207040e-02 -1.65325608e-02 -1.22485813e-02 -1.09114479e-02 -1.38061848e-02 -1.64442100e-02 -1.21177621e-02 -8.71499069e-03 -9.51574370e-03 -8.97174887e-03 -5.13336994e-03 -5.45199960e-03 -1.28629524e-02 -1.61128901e-02 -1.41773280e-02 -9.36204195e-03 -8.53893906e-03 -1.07725803e-02 -1.33508462e-02 -1.54332165e-02 -1.45857837e-02 -1.19669326e-02 -1.19632930e-02 -1.31528955e-02 -1.23485960e-02 -1.39645338e-02 -1.45333447e-02 -1.19412821e-02 -1.33938044e-02 -1.53306108e-02 -1.34148356e-02 -1.47289354e-02 -1.66564807e-02 -1.50900465e-02 -1.24407075e-02 -1.10036321e-02 -1.27017479e-02 -1.22116525e-02 -9.30614397e-03 -9.98222828e-03 -1.50380060e-02 -1.60694625e-02 -1.34334508e-02 -9.23001394e-03 -3.33390199e-03 -1.02924779e-02 -1.60538368e-02 -1.29377227e-02 -1.10543836e-02 -1.12809837e-02 -1.14619564e-02 -1.10489046e-02 -1.08610876e-02 -9.24781244e-03 -5.87813091e-03 -4.19230480e-03 -4.27478738e-03 -2.90707778e-03 -2.19366048e-03 -3.40654003e-03
-1.27475820e-02 -3.18997819e-03 -2.31116265e-03 -5.27054071e-03 -4.58866172e-03 -7.25431927e-03 -1.46375131e-02 -1.68417785e-02 -1.80485733e-02 -1.47349872e-02 -1.12152025e-02 -9.39630903e-03 -1.10891890e-02 -1.42280068e-02 -1.25235608e-02 -1.06926709e-02 -8.98234174e-03 -1.09801386e-02 -1.27509907e-02 -1.33155063e-02 -1.36217009e-02 -1.32900309e-02 -1.44883636e-02 -1.20180268e-02 -1.29602402e-02 -1.43845938e-02 -1.12575553e-02 -1.02282967e-02 -1.32074580e-02 -1.54495426e-02 -1.44641027e-02 -1.39669124e-02 -1.32982042e-02 -1.08613670e-02 -1.22672468e-02 -1.44202635e-02 -1.20913256e-02 -9.38616320e-03 -8.26726109e-03 -7.32412748e-03 -8.70270841e-03 -1.07529201e-02 -1.20039526e-02 -1.32803489e-02 -1.31040737e-02 -1.11591816e-02 -1.00111589e-02 -9.99965891e-03 -1.29282791e-02 -1.32840276e-02 -1.05589665e-02 -1.12618115e-02 -1.62727647e-02 -1.80070922e-02 -1.37206465e-02 -1.08876359e-02 -1.24912448e-02 -1.46688875e-02 -1.39794312e-02 -1.15312971e-02 -1.02345590e-02 -1.01625361e-02 -9.09269601e-03 -1.20346732e-02 -1.47309043e-02 -1.31584685e-02 -8.33603926e-03 -6.89857081e-03 -8.22180696e-03 -1.31935216e-02 -1.59349572e-02 -1.40090361e-02 -1.27216484e-02 -1.23956613e-02 -1.26511678e-02 -1.34874023e-02 -1.37953069e-02 -1.34327542e-02 -1.23997889e-02 -1.06956158e-02 -9.28406790e-03 -1.24089178e-02 -1.19861979e-02 -1.02343336e-02 -1.22622643e-02 -1.25946533e-02 -1.22466516e-02 -1.30837802e-02 -1.50639229e-02 -1.34528186e-02 -1.23245027e-02 -1.34652704e-02 -1.33360848e-02 -1.34139434e-02 -1.06130671e-02 -1.26099065e-02 -1.65531598e-02 -1.70486178e-02 -1.31688081e-02 -1.08145792e-02 -1.14639085e-02 -1.39781814e-02 -1.41248405e-02 -1.30781494e-02 -1.35162119e-02 -1.37839690e-02 -1.10172443e-02 -1.08516421e-02 -9.48023051e-03 -6.22692890e-03 -9.78303142e-03 -1.39956959e-02 -1.37128197e-02 -1.33441035e-02 -1.31588560e-02 -1.11538339e-02 -8.76869448e-03 -6.48103468e-03 -1.00520197e-02 -1.43146534e-02 -1.50903147e-02 -1.30896680e-02 -8.84518772e-03 -8.71668383e-03 -1.51001364e-02 -1.40519999e-02 -1.03705600e-02 -1.06106512e-02 -1.38324909e-02 -1.61034167e-02 -1.58016868e-02 -1.32163297e-02 -7.87339546e-03 -9.68740694e-03 -1.37641393e-02 -1.54884215e-02 -1.54551901e-02 -1.41583309e-02 -1.26849953e-02 -1.49270333e-02 -1.77074280e-02 -1.77664831e-02 -1.43155400e-02 -1.41332429e-02 -1.53373647e-02 -1.50859933e-02 -1.15798600e-02 -6.97909296e-03 -8.29782523e-03 -1.09540895e-02 -9.32941958e-03 -7.04127736e-03 -1.05420873e-02 -1.48902303e-02 -1.40338745e-02 -8.57291557e-03 -7.25198537e-03 -1.02099180e-02 -1.41760688e-02 -1.64340846e-02 -1.48713868e-02 -1.17115323e-02 -1.25640165e-02 -1.47801526e-02 -1.42768975e-02 -1.40060261e-02 -1.12554897e-02 -9.59839858e-03 -1.30226072e-02 -1.80999190e-02 -1.60362963e-02 -1.43704768e-02 -1.72204096e-02 -1.70153696e-02 -1.38371922e-02 -1.01330057e-02 -1.19921714e-02 -1.37632117e-02 -1.07146278e-02 -7.20852613e-03 -8.67461041e-03 -1.24791171e-02 -1.33289974e-02 -1.31849069e-02 -8.95619951e-03 -1.06415469e-02 -1.35249887e-02 -1.07561443e-02 -1.08381473e-02 -1.20188389e-02 -1.10022267e-02 -8.97409022e-03 -1.03596905e-02 -8.92163254e-03 -6.16711099e-03 -4.21562139e-03 -3.62875592e-03 -2.62617785e-03 -1.74821261e-03 -3.62520618e-03
-1.29649546e-02 -3.34768835e-03 -3.38352844e-03 -4.14195284e-03 -2.03183293e-03 -5.41912019e-03 -1.59661397e-02 -1.75502133e-02 -1.74467321e-02 -1.56533942e-02 -1.06398966e-02 -8.06869753e-03 -1.05173886e-02 -1.49004171e-02 -1.41626243e-02 -1.07496623e-02 -8.55163671e-03 -1.05568375e-02 -1.17469635e-02 -1.32869985e-02 -1.42364651e-02 -1.34020541e-02 -1.43262129e-02 -1.23150591e-02 -1.62130911e-02 -1.90897640e-02 -1.36222094e-02 -1.13696922e-02 -1.47306770e-02 -1.57903247e-02 -1.45505350e-02 -1.48992445e-02 -1.34210959e-02 -1.24215223e-02 -1.35377683e-02 -1.37380455e-02 -1.07668787e-02 -7.49736466e-03 -7.55177438e-03 -9.16852243e-03 -9.83109139e-03 -1.10354424e-02 -1.31556652e-02 -1.28672644e-02 -1.22687761e-02 -1.27053317e-02 -1.03052668e-02 -1.19960308e-02 -1.44906994e-02 -1.56259928e-02 -1.31509900e-02 -1.24103054e-02 -1.47170555e-02 -1.57182328e-02 -1.50361378e-02 -1.02230161e-02 -1.21110491e-02 -1.55697297e-02 -1.39478333e-02 -1.18109509e-02 -9.62271355e-03 -1.02097113e-02 -9.18802619e-03 -1.10774245e-02 -1.33128222e-02 -1.24361031e-02 -1.06322188e-02 -1.21886618e-02 -1.23782679e-02 -1.30644813e-02 -1.53631121e-02 -1.49151571e-02 -1.46511830e-02 -1.46416202e-02 -1.42914094e-02 -1.46232042e-02 -1.34367812e-02 -1.47054344e-02 -1.45083088e-02 -1.00495666e-02 -8.25718418e-03 -1.20336395e-02 -1.24813505e-02 -1.19257327e-02 -1.30853169e-02 -1.19165312e-02 -1.19512603e-02 -1.14540737e-02 -1.42197292e-02 -1.29187051e-02 -1.04772747e-02 -1.25735011e-02 -1.45257376e-02 -1.57420766e-02 -1.31631978e-02 -1.22291632e-02 -1.33089777e-02 -1.49382707e-02 -1.56558622e-02 -1.30899623e-02 -9.56474058e-03 -1.08462442e-02 -1.32152587e-02 -1.53285488e-02 -1.52627006e-02 -1.28236804e-02 -1.24833230e-02 -1.35491621e-02 -1.01239905e-02 -5.07580116e-03 -8.37701932e-03 -1.48911811e-02 -1.42298993e-02 -1.15500726e-02 -1.30408276e-02 -1.29139517e-02 -1.16533916e-02 -1.24096908e-02 -1.49877798e-02 -1.59671269e-02 -1.53139364e-02 -1.17129441e-02 -6.62524253e-03 -8.79346021e-03 -1.54637098e-02 -1.49082374e-02 -1.09561253e-02 -9.23707522e-03 -1.35758016e-02 -1.83223076e-02 -1.81535520e-02 -1.57542713e-02 -1.10090394e-02 -1.13021713e-02 -1.45986788e-02 -1.58668030e-02 -1.53932534e-02 -1.18331425e-02 -8.03824887e-03 -1.24747697e-02 -1.87667590e-02 -1.90733280e-02 -1.30027104e-02 -1.10961441e-02 -1.53619889e-02 -1.52538102e-02 -1.24096386e-02 -7.96953402e-03 -7.90906884e-03 -1.08750891e-02 -1.09461732e-02 -8.82948190e-03 -9.91750881e-03 -1.15896650e-02 -1.13641601e-02 -8.80017690e-03 -1.00904461e-02 -1.34926997e-02 -1.58000514e-02 -1.46641023e-02 -1.22698136e-02 -1.26215070e-02 -1.46742817e-02 -1.60833038e-02 -1.44517310e-02 -1.43520460e-02 -1.16359387e-02 -1.13541037e-02 -1.42737236e-02 -1.87091287e-02 -1.51997171e-02 -1.37674566e-02 -1.78005844e-02 -1.79991014e-02 -1.45476293e-02 -1.28353667e-02 -1.33185778e-02 -1.43438745e-02 -1.39927361e-02 -1.20228212e-02 -9.38830338e-03 -9.91560332e-03 -9.94541124e-03 -1.35562886e-02 -1.43619291e-02 -1.17506254e-02 -9.67931934e-03 -8.26291181e-03 -1.11264549e-02 -1.21105677e-02 -9.68041644e-03 -7.15172291e-03 -9.66129452e-03 -9.16866772e-03 -5.63932490e-03 -4.07283753e-03 -3.16261407e-03 -3.05653270e-03 -1.70285441e-03 -4.04684385e-03
-1.30901895e-02 -4.20706347e-03 -5.11198957e-03 -6.55086525e-03 -4.20298614e-03 -3.57109308e-03 -1.23170540e-02 -1.60484947e-02 -1.62759703e-02 -1.43383201e-02 -1.02863498e-02 -9.84780118e-03 -1.33167710e-02 -1.55061958e-02 -1.30386828e-02 -1.02706980e-02 -9.26981121e-03 -1.08016636e-02 -1.20940842e-02 -1.41357165e-02 -1.61854252e-02 -1.38477255e-02 -1.14390124e-02 -1.05711222e-02 -1.70077179e-02 -1.99798904e-02 -1.42486021e-02 -1.07991956e-02 -1.39339752e-02 -1.53704546e-02 -1.50031447e-02 -1.69818383e-02 -1.50889177e-02 -1.18613299e-02 -1.43859163e-02 -1.33384932e-02 -1.02656242e-02 -7.34107755e-03 -6.53310120e-03 -8.42684135e-03 -9.77769867e-03 -1.11455526e-02 -1.23114064e-02 -1.05799660e-02 -1.02500785e-02 -1.30682476e-02 -1.15683917e-02 -1.27569903e-02 -1.51598416e-02 -1.49370637e-02 -1.24770962e-02 -1.10537428e-02 -1.05410833e-02 -1.15374923e-02 -1.31710600e-02 -1.08723883e-02 -1.05354525e-02 -1.32576860e-02 -1.48113463e-02 -1.50041133e-02 -1.39226671e-02 -1.16694067e-02 -9.30875726e-03 -1.09122600e-02 -1.23904180e-02 -1.17998570e-02 -1.07307918e-02 -1.39364544e-02 -1.67419426e-02 -1.39150098e-02 -1.36669520e-02 -1.40628144e-02 -1.41218305e-02 -1.59701072e-02 -1.59191061e-02 -1.43800844e-02 -1.18849389e-02 -1.54859349e-02 -1.70076732e-02 -1.01337042e-02 -6.86545856e-03 -1.14541221e-02 -1.26250423e-02 -1.15401875e-02 -1.36584379e-02 -1.20607391e-02 -1.14966817e-02 -1.19226296e-02 -1.41411200e-02 -1.27780717e-02 -9.32093523e-03 -1.13974642e-02 -1.47767868e-02 -1.64339375e-02 -1.60185210e-02 -1.36724524e-02 -1.25172697e-02 -1.31612867e-02 -1.54295880e-02 -1.61680169e-02 -1.26308966e-02 -1.08389761e-02 -1.30568370e-02 -1.61252581e-02 -1.42889861e-02 -1.07520428e-02 -9.89921764e-03 -1.30155589e-02 -1.28823854e-02 -9.09174606e-03 -1.09269954e-02 -1.46076325e-02 -1.39299538e-02 -1.10131446e-02 -1.17254555e-02 -1.25799533e-02 -1.30202733e-02 -1.42577924e-02 -1.51761156e-02 -1.53172631e-02 -1.28671303e-02 -9.64285806e-03 -7.72531889e-03 -1.00514609e-02 -1.77596994e-02 -1.78997312e-02 -1.22578479e-02 -7.84360804e-03 -1.17175691e-02 -1.55709144e-02 -1.58332139e-02 -1.52767673e-02 -1.39426719e-02 -1.49330311e-02 -1.65277831e-02 -1.66770387e-02 -1.38914920e-02 -1.03305019e-02 -6.41000830e-03 -9.76474024e-03 -1.75602138e-02 -1.99699067e-02 -1.42351184e-02 -1.09736286e-02 -1.40490923e-02 -1.49475429e-02 -1.26787778e-02 -8.41522776e-03 -9.21175815e-03 -1.04593560e-02 -9.01213102e-03 -8.24503042e-03 -9.92415100e-03 -1.14573427e-02 -1.15160570e-02 -9.00779478e-03 -1.03839841e-02 -1.34704541e-02 -1.35472342e-02 -1.18685346e-02 -1.16526522e-02 -1.34709142e-02 -1.63175873e-02 -1.54777765e-02 -1.29000954e-02 -1.29190739e-02 -1.50070824e-02 -1.41443610e-02 -1.66275408e-02 -1.77153833e-02 -1.31709781e-02 -1.06285531e-02 -1.46821588e-02 -1.52410511e-02 -1.36352722e-02 -1.30953789e-02 -1.38045754e-02 -1.27484649e-02 -1.24197658e-02 -1.11011211e-02 -1.03055295e-02 -9.01759230e-03 -9.45710950e-03 -1.17676798e-02 -1.43397935e-02 -1.23633929e-02 -7.98182562e-03 -7.98726268e-03 -1.14995204e-02 -1.20529337e-02 -8.73166695e-03 -5.18422015e-03 -9.24260728e-03 -9.67704877e-03 -5.90262935e-03 -5.03645837e-03 -3.98273952e-03 -3.25920619e-03 -1.35080889e-03 -3.48174246e-03
-1.18208546e-02 -5.41386288e-03 -7.58669339e-03 -7.05384929e-03 -6.52091391e-03 -6.37994893e-03 -1.08560044e-02 -1.48856044e-02 -1.62933823e-02 -1.46872755e-02 -1.25266090e-02 -1.36469137e-02 -1.48430001e-02 -1.28962286e-02 -1.07242968e-02 -1.00931879e-02 -9.72270407e-03 -1.07580833e-02 -1.17774159e-02 -1.49875283e-02 -1.68292131e-02 -1.26798488e-02 -8.87062214e-03 -1.16232522e-02 -1.70650408e-02 -1.87574700e-02 -1.62998568e-02 -1.29410066e-02 -1.32509600e-02 -1.34355258e-02 -1.29778571e-02 -1.49568915e-02 -1.39965881e-02 -1.20785572e-02 -1.26224589e-02 -1.24450717e-02 -9.75860283e-03 -8.50148499e-03 -7.04078190e-03 -7.75876828e-03 -9.07599926e-03 -1.09447520e-02 -1.15192104e-02 -1.03283357e-02 -8.99762660e-03 -1.16653424e-02 -1.14569422e-02 -1.28362272e-02 -1.54193472e-02 -1.57391094e-02 -1.35237072e-02 -1.06983688e-02 -6.84325211e-03 -9.15720873e-03 -1.25540029e-02 -1.22511648e-02 -1.27855036e-02 -1.43842474e-02 -1.48964021e-02 -1.53560471e-02 -1.41391847e-02 -1.20087359e-02 -8.90625268e-03 -1.19425245e-02 -1.39640197e-02 -1.26526225e-02 -1.07835177e-02 -1.18556209e-02 -1.44641008e-02 -1.26906075e-02 -1.21802557e-02 -1.17928181e-02 -1.35551374e-02 -1.89514365e-02 -1.77450385e-02 -1.37062967e-02 -9.84987058e-03 -1.38442721e-02 -1.95453651e-02 -1.48307830e-02 -1.00640450e-02 -1.13204047e-02 -1.29537806e-02 -1.16421841e-02 -1.17633138e-02 -1.19409412e-02 -1.15843974e-02 -1.09964982e-02 -1.43462997e-02 -1.57226864e-02 -1.47807933e-02 -1.44974720e-02 -1.54209752e-02 -1.73807014e-02 -1.80581082e-02 -1.58515889e-02 -1.19524989e-02 -1.19953025e-02 -1.47092063e-02 -1.67710856e-02 -1.50151961e-02 -1.21680312e-02 -1.30323451e-02 -1.58768278e-02 -1.51884947e-02 -1.18902754e-02 -1.07007530e-02 -1.27154104e-02 -1.39843635e-02 -1.16226599e-02 -1.22699551e-02 -1.25874542e-02 -1.13345422e-02 -1.10598244e-02 -1.19428243e-02 -9.83591937e-03 -1.15112104e-02 -1.57857276e-02 -1.65165234e-02 -1.34245120e-02 -1.08382329e-02 -9.74466279e-03 -1.13091860e-02 -1.50165856e-02 -1.82814971e-02 -1.81707144e-02 -1.48645900e-02 -1.08791422e-02 -9.99669172e-03 -1.11503955e-02 -1.35949608e-02 -1.50711797e-02 -1.42239630e-02 -1.61229577e-02 -1.73852108e-02 -1.38029195e-02 -1.22092254e-02 -1.10313091e-02 -6.59565441e-03 -6.76558912e-03 -1.48719773e-02 -1.83432829e-02 -1.32314563e-02 -1.15441382e-02 -1.42021049e-02 -1.40370876e-02 -1.28403604e-02 -9.04589891e-03 -8.19011778e-03 -8.59619677e-03 -6.36643358e-03 -7.16435723e-03 -1.08759161e-02 -1.20985880e-02 -1.36472601e-02 -1.12647600e-02 -9.36726108e-03 -1.07163247e-02 -1.17855463e-02 -1.18436385e-02 -1.36947241e-02 -1.61434896e-02 -1.43312942e-02 -1.25367604e-02 -1.36612672e-02 -1.37868058e-02 -1.80460997e-02 -1.89959519e-02 -1.97552908e-02 -1.82235930e-02 -1.37557331e-02 -1.04746316e-02 -1.21701024e-02 -1.21562630e-02 -1.05488095e-02 -1.18580665e-02 -1.58582833e-02 -1.51831098e-02 -1.34433433e-02 -1.11956522e-02 -1.02998950e-02 -1.12788454e-02 -1.12296473e-02 -1.06368531e-02 -1.10980347e-02 -1.32458769e-02 -9.73535515e-03 -9.97878239e-03 -1.21960687e-02 -1.13800289e-02 -7.66601600e-03 -3.03586759e-03 -5.12604415e-03 -6.72754087e-03 -4.29139193e-03 -5.78542799e-03 -5.69024682e-03 -3.24716140e-03 -9.37934034e-04 -3.08219576e-03
-1.19191371e-02 -6.74284250e-03 -9.30511672e-03 -6.92001078e-03 -5.95169142e-03 -7.97655620e-03 -1.19251497e-02 -1.51838195e-02 -1.65952016e-02 -1.32674426e-02 -1.16131697e-02 -1.42731983e-02 -1.32362545e-02 -1.08610876e-02 -1.07031576e-02 -1.08701140e-02 -1.02404300e-02 -1.01601426e-02 -1.11190192e-02 -1.39417183e-02 -1.62539240e-02 -1.50454938e-02 -1.29512101e-02 -9.79269110e-03 -1.18940938e-02 -1.55285411e-02 -1.72899161e-02 -1.53253097e-02 -1.33793764e-02 -1.13442969e-02 -1.22648794e-02 -1.53224338e-02 -1.37192234e-02 -1.02480184e-02 -9.45709459e-03 -9.34343785e-03 -1.05128698e-02 -1.01769939e-02 -8.49981606e-03 -7.91481696e-03 -8.90387781e-03 -1.06155518e-02 -1.42996758e-02 -1.34352241e-02 -9.42652673e-03 -9.39807296e-03 -8.96860473e-03 -1.22133009e-02 -1.69196874e-02 -1.61652435e-02 -1.36343893e-02 -1.22160949e-02 -8.03716853e-03 -7.66698457e-03 -1.06543619e-02 -1.13175157e-02 -1.29787512e-02 -1.47737060e-02 -1.53862890e-02 -1.53485369e-02 -1.47945806e-02 -1.20332520e-02 -9.00160521e-03 -1.34178549e-02 -1.67591199e-02 -1.45164281e-02 -9.71382670e-03 -8.30213353e-03 -1.34477075e-02 -1.47964824e-02 -1.09842420e-02 -8.37355852e-03 -1.22780111e-02 -1.96941830e-02 -1.79985408e-02 -1.51844956e-02 -1.23366565e-02 -1.15927029e-02 -1.79854520e-02 -1.61312968e-02 -1.21684540e-02 -1.17388815e-02 -1.17119495e-02 -1.08236354e-02 -1.07180271e-02 -1.16261672e-02 -1.33746788e-02 -1.09024104e-02 -1.02943238e-02 -1.39816981e-02 -1.80353783e-02 -1.90046653e-02 -1.54773258e-02 -1.59796737e-02 -1.71206202e-02 -1.39113907e-02 -1.08901132e-02 -1.09948944e-02 -1.26794316e-02 -1.62032973e-02 -1.62347257e-02 -1.48646664e-02 -1.45007111e-02 -1.78613290e-02 -1.86377205e-02 -1.63565781e-02 -1.31894443e-02 -1.36597212e-02 -1.45904142e-02 -1.29213929e-02 -1.32828671e-02 -1.26892384e-02 -1.06625389e-02 -1.16733909e-02 -1.28707290e-02 -8.90303776e-03 -8.81707296e-03 -1.41363703e-02 -1.65915750e-02 -1.23430770e-02 -9.03290510e-03 -8.83389078e-03 -1.30696837e-02 -1.84321031e-02 -1.87241416e-02 -1.80522520e-02 -1.66304074e-02 -1.23702753e-02 -1.18524488e-02 -1.15758702e-02 -1.30231269e-02 -1.31995212e-02 -1.13553572e-02 -1.57190170e-02 -1.90899186e-02 -1.68403052e-02 -1.35353636e-02 -1.37242805e-02 -9.80043598e-03 -8.84569995e-03 -1.37688126e-02 -1.74996052e-02 -1.35013610e-02 -1.28708687e-02 -1.45227350e-02 -1.43946856e-02 -1.38241779e-02 -1.14162490e-02 -8.35173391e-03 -5.85908070e-03 -4.36676107e-03 -5.43252379e-03 -1.15362555e-02 -1.43807735e-02 -1.60324592e-02 -1.26881618e-02 -8.73413496e-03 -8.77454691e-03 -1.08128395e-02 -1.28362942e-02 -1.59831811e-02 -1.65482126e-02 -1.51956696e-02 -1.13527980e-02 -1.28889102e-02 -1.64694879e-02 -1.94281135e-02 -2.02858616e-02 -1.95618644e-02 -1.82368532e-02 -1.54515468e-02 -1.13541055e-02 -1.31419040e-02 -1.37313008e-02 -9.58116539e-03 -9.62734781e-03 -1.59269292e-02 -1.63887069e-02 -1.33980587e-02 -1.03026070e-02 -1.01427846e-02 -1.21053904e-02 -1.34414099e-02 -1.04633421e-02 -8.87008198e-03 -1.21069904e-02 -1.17104743e-02 -1.14890318e-02 -1.14306584e-02 -1.02469902e-02 -8.95943306e-03 -6.92707300e-03 -6.37431815e-03 -5.43218851e-03 -4.33862861e-03 -5.09398617e-03 -3.93960904e-03 -2.17936467e-03 1.69720501e-04 -2.55411025e-03
-1.25461249e-02 -7.05848262e-03 -9.16597899e-03 -6.77345507e-03 -5.71858324e-03 -8.45728815e-03 -1.23871658e-02 -1.51011869e-02 -1.54813919e-02 -1.12905428e-02 -1.04519837e-02 -1.29923802e-02 -1.09142307e-02 -9.53160413e-03 -1.10125151e-02 -1.22670177e-02 -1.05800796e-02 -9.19221900e-03 -1.01705939e-02 -1.30941160e-02 -1.46665294e-02 -1.48819052e-02 -1.49473231e-02 -1.23670623e-02 -8.92071798e-03 -1.00103617e-02 -1.40175093e-02 -1.43986940e-02 -1.43376179e-02 -1.36100873e-02 -1.30534712e-02 -1.36746373e-02 -1.11395270e-02 -9.57947597e-03 -8.80820304e-03 -9.14306380e-03 -1.07033458e-02 -1.16464822e-02 -8.99913721e-03 -8.55602697e-03 -8.89603607e-03 -1.16073061e-02 -1.44447442e-02 -1.29680410e-02 -8.79985280e-03 -9.14217345e-03 -9.38497111e-03 -1.39732435e-02 -2.08909269e-02 -1.82038657e-02 -1.43346358e-02 -1.36909224e-02 -1.25852358e-02 -1.06257778e-02 -1.04261599e-02 -1.14095006e-02 -1.25942398e-02 -1.25527121e-02 -1.41517408e-02 -1.60461385e-02 -1.68031789e-02 -1.46456156e-02 -9.96699929e-03 -1.43858679e-02 -1.76943056e-02 -1.51260234e-02 -1.28580220e-02 -1.23982672e-02 -1.54804252e-02 -1.37888920e-02 -8.98991711e-03 -6.77141175e-03 -1.13507677e-02 -1.97274759e-02 -1.73189156e-02 -1.44292265e-02 -1.24719292e-02 -9.44750942e-03 -1.25648901e-02 -1.27989948e-02 -1.06151551e-02 -1.20639782e-02 -1.45108867e-02 -1.29452404e-02 -1.15700606e-02 -1.22327358e-02 -1.60280187e-02 -1.54452957e-02 -1.12259556e-02 -1.15160551e-02 -1.56570859e-02 -1.73808914e-02 -1.40606780e-02 -1.63992681e-02 -1.56755242e-02 -1.07242819e-02 -9.58044827e-03 -1.29074696e-02 -1.47165153e-02 -1.58403441e-02 -1.55735798e-02 -1.53421182e-02 -1.46919303e-02 -1.76674575e-02 -1.87432263e-02 -1.69161037e-02 -1.35862716e-02 -1.23552419e-02 -1.32174604e-02 -1.09381415e-02 -1.11598913e-02 -1.39156077e-02 -1.26254037e-02 -1.10123921e-02 -1.07375346e-02 -9.98536497e-03 -9.30253230e-03 -1.24512538e-02 -1.50490571e-02 -1.28013883e-02 -1.13229826e-02 -1.18409488e-02 -1.37239862e-02 -1.83632281e-02 -1.81999169e-02 -1.61410961e-02 -1.41935777e-02 -1.10572800e-02 -1.13932546e-02 -1.34655666e-02 -1.24907549e-02 -1.07635427e-02 -7.72944652e-03 -1.20658949e-02 -1.80505011e-02 -1.85384043e-02 -1.79174561e-02 -1.77038908e-02 -1.29713491e-02 -7.83059560e-03 -1.08504929e-02 -1.50239356e-02 -1.44716781e-02 -1.50531605e-02 -1.53082442e-02 -1.40676331e-02 -1.43020507e-02 -1.28717814e-02 -1.01921037e-02 -8.75161774e-03 -8.22553225e-03 -7.09616579e-03 -1.19346119e-02 -1.38310585e-02 -1.34521443e-02 -1.14151426e-02 -9.08262469e-03 -9.31589492e-03 -1.41484588e-02 -1.52612906e-02 -1.48192104e-02 -1.67026501e-02 -1.61461160e-02 -1.21367853e-02 -1.16958376e-02 -1.75412465e-02 -2.17011441e-02 -2.18346845e-02 -1.96572039e-02 -1.73575226e-02 -1.46947522e-02 -1.10474546e-02 -1.16614494e-02 -1.39456149e-02 -9.39154811e-03 -9.24750976e-03 -1.57730654e-02 -1.63950063e-02 -1.37628950e-02 -1.09235644e-02 -1.11893322e-02 -1.25340447e-02 -1.28240399e-02 -1.19888019e-02 -8.99625756e-03 -9.87578928e-03 -1.05974041e-02 -1.09817330e-02 -1.05724633e-02 -9.19146650e-03 -8.33122805e-03 -7.48618133e-03 -8.13088473e-03 -7.40729831e-03 -5.34351077e-03 -3.93194426e-03 -2.05611251e-03 -1.20017026e-03 2.63938680e-04 -1.89506542e-03
-1.40552167e-02 -7.22464826e-03 -8.10052734e-03 -7.13620521e-03 -6.38947450e-03 -7.94505142e-03 -1.14614777e-02 -1.43013820e-02 -1.53504517e-02 -1.30320396e-02 -1.16751418e-02 -1.17557067e-02 -8.59179720e-03 -6.98408671e-03 -1.06064193e-02 -1.25689041e-02 -1.12691987e-02 -9.78769362e-03 -1.09587088e-02 -1.30832549e-02 -1.38036385e-02 -1.33992173e-02 -1.59276891e-02 -1.43253449e-02 -9.59714130e-03 -8.89519416e-03 -1.29421428e-02 -1.16442256e-02 -1.27413552e-02 -1.24654956e-02 -1.36327557e-02 -1.40803214e-02 -1.05011594e-02 -8.45706649e-03 -1.06469896e-02 -9.40800831e-03 -9.67886299e-03 -1.11356024e-02 -9.88459773e-03 -9.08446871e-03 -9.35121626e-03 -1.29191484e-02 -1.39389616e-02 -9.30803083e-03 -7.23768584e-03 -1.16469227e-02 -1.44378114e-02 -1.48757547e-02 -1.68400165e-02 -1.65842678e-02 -1.30999777e-02 -1.26276650e-02 -1.48255043e-02 -1.34923458e-02 -1.18643772e-02 -1.28209572e-02 -1.19725596e-02 -8.32402706e-03 -8.94138403e-03 -1.61119252e-02 -2.08968464e-02 -2.02800427e-02 -1.41222924e-02 -1.17099751e-02 -1.40994415e-02 -1.36280637e-02 -1.46710183e-02 -1.53030641e-02 -1.53121762e-02 -1.30890403e-02 -1.09669324e-02 -7.97263347e-03 -8.01216811e-03 -1.50343515e-02 -1.40484665e-02 -1.23364292e-02 -1.32478941e-02 -1.18227471e-02 -1.33845005e-02 -1.15465596e-02 -8.80860910e-03 -1.01744942e-02 -1.53127853e-02 -1.53755732e-02 -1.15967523e-02 -1.42374858e-02 -2.00633686e-02 -2.07159556e-02 -1.47349779e-02 -1.03404075e-02 -8.36661458e-03 -1.23852044e-02 -1.60395391e-02 -1.83902252e-02 -1.76235791e-02 -1.32225696e-02 -1.32098123e-02 -1.53907426e-02 -1.53292455e-02 -1.42364819e-02 -1.35630183e-02 -1.39703806e-02 -1.41360536e-02 -1.58326123e-02 -1.41658746e-02 -1.25331432e-02 -1.23401415e-02 -1.41977053e-02 -1.23449992e-02 -9.57410038e-03 -1.01335272e-02 -1.51803400e-02 -1.55910216e-02 -1.30853131e-02 -1.06455795e-02 -1.24480557e-02 -1.06065217e-02 -7.89772160e-03 -1.21327974e-02 -1.50221717e-02 -1.63678918e-02 -1.66349839e-02 -1.57923810e-02 -1.60957333e-02 -1.66334361e-02 -1.56424269e-02 -1.41241774e-02 -1.24528464e-02 -1.32268295e-02 -1.49682481e-02 -1.32111199e-02 -8.76865350e-03 -6.29538298e-03 -9.35101323e-03 -1.62236318e-02 -1.94971152e-02 -1.83210783e-02 -1.82613246e-02 -1.55476239e-02 -1.19071398e-02 -1.31731555e-02 -1.31944623e-02 -1.07921008e-02 -1.33518111e-02 -1.34831574e-02 -1.30800903e-02 -1.45587493e-02 -1.32722296e-02 -1.03536360e-02 -9.69778001e-03 -8.81528482e-03 -9.39890370e-03 -1.23797953e-02 -1.18149314e-02 -1.14464927e-02 -1.13570169e-02 -1.19959116e-02 -1.27948634e-02 -1.58173051e-02 -1.47105381e-02 -1.27273947e-02 -1.40401591e-02 -1.74637064e-02 -1.55160576e-02 -1.30024031e-02 -1.44122224e-02 -1.82073116e-02 -1.91351417e-02 -1.74284875e-02 -1.57984234e-02 -1.63434073e-02 -1.61910374e-02 -1.55989137e-02 -1.44420434e-02 -9.62326862e-03 -8.14391300e-03 -1.41596701e-02 -1.56958066e-02 -1.37451142e-02 -1.20436400e-02 -1.21203009e-02 -1.22447517e-02 -1.14285536e-02 -1.33817885e-02 -1.49775092e-02 -1.25629213e-02 -9.28443484e-03 -8.95558670e-03 -9.83625464e-03 -1.04111740e-02 -9.55299754e-03 -7.95812160e-03 -8.03208165e-03 -8.90438911e-03 -6.24872651e-03 -3.87678947e-03 -1.44819077e-03 -1.07231736e-03 -8.31901096e-04 -3.00502498e-03
-1.39465593e-02 -6.70264009e-03 -7.41401967e-03 -7.60483369e-03 -7.60936178e-03 -7.95274414e-03 -9.92185809e-03 -1.33885425e-02 -1.45052467e-02 -1.33026056e-02 -1.38795879e-02 -1.21762920e-02 -8.87901150e-03 -7.78540783e-03 -1.03579685e-02 -1.13581587e-02 -9.77831520e-03 -1.10129118e-02 -1.35854147e-02 -1.34781189e-02 -1.25610325e-02 -1.27790123e-02 -1.54133700e-02 -1.36560313e-02 -9.95773822e-03 -1.04822889e-02 -1.30097661e-02 -1.06754154e-02 -1.11697707e-02 -1.23140961e-02 -1.35357473e-02 -1.42041408e-02 -9.79875214e-03 -8.57934169e-03 -1.23037081e-02 -1.19196326e-02 -1.11072976e-02 -1.28254024e-02 -1.09603032e-02 -1.07881818e-02 -1.11312997e-02 -1.22267287e-02 -1.19438823e-02 -8.15918483e-03 -6.19559363e-03 -1.33506712e-02 -1.89799592e-02 -1.59193110e-02 -1.24619771e-02 -1.20589864e-02 -1.07249934e-02 -1.27138551e-02 -1.52191799e-02 -1.38465967e-02 -1.16092488e-02 -1.33023467e-02 -1.43359285e-02 -1.13999862e-02 -9.98519734e-03 -1.62772331e-02 -2.03224346e-02 -1.99365597e-02 -1.52052231e-02 -1.12093668e-02 -1.22477803e-02 -1.40360985e-02 -1.54652633e-02 -1.55474525e-02 -1.11928564e-02 -8.49550217e-03 -1.00954156e-02 -8.31520930e-03 -3.05383094e-03 -8.51762667e-03 -1.22683644e-02 -1.35232788e-02 -1.30720921e-02 -1.25737768e-02 -1.49852615e-02 -1.51278935e-02 -1.13628078e-02 -8.48236494e-03 -1.22342464e-02 -1.18930452e-02 -9.37981904e-03 -1.40748844e-02 -2.03113053e-02 -2.08633002e-02 -1.53026991e-02 -1.16691645e-02 -9.12345201e-03 -1.09078828e-02 -1.70126799e-02 -1.84591226e-02 -1.78497639e-02 -1.69175658e-02 -1.60144083e-02 -1.47661604e-02 -1.42989904e-02 -1.20928343e-02 -1.28716659e-02 -1.37025695e-02 -1.43970959e-02 -1.51501689e-02 -1.32010560e-02 -1.15511138e-02 -1.30430665e-02 -1.54068302e-02 -1.22840498e-02 -9.65055637e-03 -9.17069614e-03 -1.56276599e-02 -1.74675081e-02 -1.50681250e-02 -1.09498147e-02 -1.17059704e-02 -1.11226272e-02 -8.75655748e-03 -1.21776182e-02 -1.77125521e-02 -1.76279303e-02 -1.67585015e-02 -1.68714467e-02 -1.60904694e-02 -1.58657301e-02 -1.47844069e-02 -1.25825275e-02 -1.16561782e-02 -1.31195635e-02 -1.30536556e-02 -1.09858308e-02 -9.43276286e-03 -9.35940817e-03 -1.13484208e-02 -1.56830326e-02 -1.91601794e-02 -1.70960557e-02 -1.56115685e-02 -1.56984292e-02 -1.39188487e-02 -1.40035786e-02 -1.28671192e-02 -1.11052189e-02 -1.30765773e-02 -1.54238269e-02 -1.51624698e-02 -1.42864063e-02 -1.19829327e-02 -1.13932788e-02 -1.21025555e-02 -1.13344546e-02 -1.02345478e-02 -1.19767878e-02 -9.10947658e-03 -9.31235589e-03 -1.24905054e-02 -1.73367225e-02 -1.46776475e-02 -1.45378094e-02 -1.17891058e-02 -9.58644599e-03 -1.19268000e-02 -1.47967916e-02 -1.50076095e-02 -1.60314571e-02 -1.70993302e-02 -1.54009853e-02 -1.21696331e-02 -1.24585833e-02 -1.47305895e-02 -1.59729794e-02 -1.44695360e-02 -1.40826367e-02 -1.51364747e-02 -1.03558749e-02 -8.36424902e-03 -1.24944989e-02 -1.53828245e-02 -1.48603208e-02 -1.32025592e-02 -1.32430978e-02 -1.31708588e-02 -1.24640837e-02 -1.31075308e-02 -1.41399056e-02 -1.20559577e-02 -1.07456669e-02 -1.09817367e-02 -1.23080313e-02 -1.09986840e-02 -9.28796828e-03 -7.68717378e-03 -7.88909197e-03 -8.68509524e-03 -6.48067053e-03 -3.24280281e-03 -2.34548934e-04 4.01958823e-04 -1.33874267e-03 -4.29344876e-03
-1.29080061e-02 -6.26369286e-03 -7.34196231e-03 -8.18013772e-03 -8.88806954e-03 -8.57849792e-03 -9.33754072e-03 -1.27321538e-02 -1.38166454e-02 -1.19828656e-02 -1.30949095e-02 -1.30503271e-02 -1.01880170e-02 -9.57467780e-03 -1.19860452e-02 -1.07802898e-02 -7.26704486e-03 -8.88069160e-03 -1.35055576e-02 -1.42245665e-02 -1.29785165e-02 -1.31515022e-02 -1.51555520e-02 -1.32155064e-02 -9.55485739e-03 -1.05227213e-02 -1.18836816e-02 -1.08376835e-02 -1.11515988e-02 -9.94188711e-03 -1.05673168e-02 -1.21698622e-02 -9.92301665e-03 -8.82117637e-03 -1.04997568e-02 -9.92486998e-03 -1.12670939e-02 -1.35816233e-02 -1.23753678e-02 -1.08288899e-02 -9.97976214e-03 -1.12789385e-02 -1.16401128e-02 -1.08296424e-02 -8.59235227e-03 -1.27250422e-02 -1.66186783e-02 -1.41584072e-02 -9.88300331e-03 -7.99230672e-03 -6.07664138e-03 -8.32918100e-03 -1.23500004e-02 -1.10830963e-02 -9.66725312e-03 -1.21997297e-02 -1.53444353e-02 -1.36284102e-02 -1.25684869e-02 -1.57319903e-02 -1.57438368e-02 -1.56221595e-02 -1.46082714e-02 -1.30472425e-02 -1.31852645e-02 -1.45792812e-02 -1.46029349e-02 -1.16619337e-02 -6.93169609e-03 -7.29643181e-03 -1.33743379e-02 -1.43294036e-02 -7.03482516e-03 -4.77907248e-03 -8.65236297e-03 -1.31415185e-02 -1.30142048e-02 -1.29017700e-02 -1.50398631e-02 -1.71932839e-02 -1.57149285e-02 -1.10613853e-02 -8.91287811e-03 -7.90357962e-03 -8.74884054e-03 -1.50393676e-02 -1.68767758e-02 -1.36921629e-02 -1.25734136e-02 -1.42560471e-02 -1.58452690e-02 -1.38565116e-02 -1.50886942e-02 -1.72770619e-02 -1.82363261e-02 -1.68330017e-02 -1.60310417e-02 -1.49982050e-02 -1.40783973e-02 -1.26317125e-02 -1.21970400e-02 -1.30787250e-02 -1.62323695e-02 -1.45717971e-02 -1.13447122e-02 -1.02355629e-02 -1.09347422e-02 -1.42147094e-02 -1.37321353e-02 -1.05960928e-02 -1.01019461e-02 -1.39506627e-02 -1.65289305e-02 -1.52029749e-02 -1.14044622e-02 -1.22593828e-02 -1.44064911e-02 -1.25633404e-02 -1.12517159e-02 -1.43730361e-02 -1.32621489e-02 -1.21205486e-02 -1.56321228e-02 -1.73558760e-02 -1.53767001e-02 -1.31077282e-02 -1.08447019e-02 -1.22145247e-02 -1.38946678e-02 -1.36035718e-02 -1.09853912e-02 -8.55951943e-03 -1.01411641e-02 -1.14394687e-02 -1.54801495e-02 -1.84623767e-02 -1.52575616e-02 -1.27886608e-02 -1.43098235e-02 -1.48784574e-02 -1.61721744e-02 -1.38697010e-02 -1.16239227e-02 -1.39283612e-02 -1.50951482e-02 -1.47044864e-02 -1.27318706e-02 -1.00212749e-02 -1.28429681e-02 -1.50393900e-02 -1.22800339e-02 -1.15253609e-02 -1.23082474e-02 -9.88984294e-03 -1.00918412e-02 -1.19611565e-02 -1.74941737e-02 -1.58616677e-02 -1.36528611e-02 -1.18084289e-02 -1.03429798e-02 -1.30799040e-02 -1.55361909e-02 -1.48009565e-02 -1.49676856e-02 -1.69769544e-02 -1.32284742e-02 -9.17845592e-03 -9.41945612e-03 -1.16946753e-02 -1.29162669e-02 -1.39489025e-02 -1.65264662e-02 -1.66877974e-02 -1.31028984e-02 -9.64079425e-03 -1.22903921e-02 -1.57414936e-02 -1.60935018e-02 -1.47623159e-02 -1.51480604e-02 -1.47477947e-02 -1.11396629e-02 -1.21774971e-02 -1.34479627e-02 -1.20041799e-02 -1.16957277e-02 -1.45313963e-02 -1.40198814e-02 -1.07485782e-02 -8.16515461e-03 -7.19691254e-03 -8.21298920e-03 -9.19951871e-03 -7.33032264e-03 -3.41657083e-03 1.16190594e-03 2.40544230e-03 -1.65262260e-04 -5.64907491e-03
-1.37681272e-02 -6.52825646e-03 -6.50987402e-03 -8.29271972e-03 -9.39054228e-03 -8.94762576e-03 -1.05969999e-02 -1.35876238e-02 -1.32702682e-02 -9.67157446e-03 -1.20996889e-02 -1.33303553e-02 -1.15321800e-02 -1.02041047e-02 -1.17414817e-02 -9.74345952e-03 -5.68624400e-03 -7.68472254e-03 -1.28993690e-02 -1.57222990e-02 -1.50508564e-02 -1.39517244e-02 -1.35544911e-02 -1.18346494e-02 -9.80534032e-03 -9.59445164e-03 -1.16715692e-02 -1.23452786e-02 -1.14744026e-02 -1.13114417e-02 -1.17409844e-02 -1.27821434e-02 -1.16541702e-02 -9.23736952e-03 -9.16864537e-03 -8.62983428e-03 -1.17019862e-02 -1.59006175e-02 -1.38196908e-02 -1.15836132e-02 -1.02329478e-02 -1.10926908e-02 -1.23139657e-02 -1.26978941e-02 -9.39125381e-03 -9.68592428e-03 -1.36482585e-02 -1.36582479e-02 -1.14190280e-02 -9.63197462e-03 -8.21359083e-03 -7.78501667e-03 -9.71297175e-03 -9.24167782e-03 -9.37576778e-03 -1.31928250e-02 -1.60305947e-02 -1.45380665e-02 -1.20143369e-02 -1.47238337e-02 -1.44841373e-02 -1.43108703e-02 -1.26728956e-02 -1.10875852e-02 -1.07964985e-02 -1.19057633e-02 -1.35626346e-02 -1.05980523e-02 -4.24074940e-03 -7.37070106e-03 -1.28401667e-02 -1.63784958e-02 -1.20246504e-02 -7.45239109e-03 -7.19208270e-03 -1.09855905e-02 -1.08822808e-02 -1.26627926e-02 -1.56241059e-02 -1.45803280e-02 -1.36992428e-02 -1.31749678e-02 -1.16999056e-02 -8.86413269e-03 -9.16082598e-03 -1.56768151e-02 -1.54697280e-02 -1.15633514e-02 -1.14869978e-02 -1.48341656e-02 -1.84542835e-02 -1.67775806e-02 -1.33430623e-02 -1.55000463e-02 -1.69476066e-02 -1.47729944e-02 -1.35129821e-02 -1.40872337e-02 -1.63044874e-02 -1.37600955e-02 -8.65538605e-03 -9.51214693e-03 -1.67995635e-02 -1.65316891e-02 -1.14027802e-02 -7.53670372e-03 -8.07381235e-03 -1.33403856e-02 -1.59629118e-02 -1.31613743e-02 -1.19439177e-02 -1.38538629e-02 -1.56064965e-02 -1.70556121e-02 -1.52511690e-02 -1.38863418e-02 -1.50677040e-02 -1.50213111e-02 -1.24002751e-02 -1.22479238e-02 -8.71701911e-03 -7.56197423e-03 -1.24563035e-02 -1.68212336e-02 -1.50866900e-02 -1.42121613e-02 -1.07800290e-02 -1.09004527e-02 -1.23127233e-02 -1.24316644e-02 -1.03212651e-02 -9.77400690e-03 -1.31152850e-02 -1.24016572e-02 -1.34112164e-02 -1.61054935e-02 -1.22702513e-02 -1.13611575e-02 -1.34576187e-02 -1.49772670e-02 -1.53044742e-02 -1.31420977e-02 -1.19520184e-02 -1.58991255e-02 -1.77367385e-02 -1.64455287e-02 -1.42225195e-02 -1.30179860e-02 -1.63584910e-02 -1.49492230e-02 -1.20818652e-02 -1.36367548e-02 -1.15759987e-02 -1.24293137e-02 -1.28047075e-02 -1.29060410e-02 -1.42375492e-02 -1.39403846e-02 -1.48103125e-02 -1.62762627e-02 -1.49007086e-02 -1.45202558e-02 -1.47408191e-02 -1.29269753e-02 -1.14690196e-02 -1.30178239e-02 -9.61641222e-03 -9.36047360e-03 -1.14633329e-02 -1.09706186e-02 -1.20706428e-02 -1.36723164e-02 -1.97529029e-02 -1.90206449e-02 -1.38094909e-02 -1.20242797e-02 -1.42408852e-02 -1.64960194e-02 -1.59873683e-02 -1.57496016e-02 -1.57289449e-02 -1.42283756e-02 -1.10464990e-02 -1.19173024e-02 -1.42453909e-02 -1.23391561e-02 -1.23829376e-02 -1.47836190e-02 -1.36805214e-02 -1.03288591e-02 -8.24831240e-03 -7.00022466e-03 -8.73528421e-03 -8.45829956e-03 -5.88992797e-03 -3.76721937e-03 -4.29339707e-04 -1.49165280e-04 -5.75743616e-06 -4.32095584e-03
-1.29848141e-02 -6.48610760e-03 -7.31127337e-03 -8.56608711e-03 -9.34942812e-03 -7.79164955e-03 -1.01935305e-02 -1.40942205e-02 -1.32658388e-02 -9.99404490e-03 -1.21557415e-02 -1.35337021e-02 -1.14505403e-02 -1.05969012e-02 -1.09816771e-02 -9.35759954e-03 -6.14792481e-03 -8.46464187e-03 -1.33928917e-02 -1.46106109e-02 -1.28697883e-02 -1.13989115e-02 -1.21346042e-02 -1.16129387e-02 -8.99521075e-03 -7.99577683e-03 -1.03895869e-02 -1.20896026e-02 -1.01410169e-02 -9.71622020e-03 -1.15809906e-02 -1.05790757e-02 -9.32335481e-03 -9.02561098e-03 -9.56288539e-03 -8.49296898e-03 -1.00677405e-02 -1.42623382e-02 -1.42779015e-02 -1.16343871e-02 -1.03100054e-02 -1.16681326e-02 -1.31368134e-02 -1.38533749e-02 -1.07130241e-02 -1.09280199e-02 -1.26950871e-02 -1.22446716e-02 -1.15799643e-02 -1.11974087e-02 -1.07839704e-02 -9.07059573e-03 -7.69037008e-03 -8.01270083e-03 -7.08153471e-03 -1.03331935e-02 -1.45185906e-02 -1.48790553e-02 -1.38434973e-02 -1.43867880e-02 -1.44631676e-02 -1.36483740e-02 -1.10986512e-02 -8.96536186e-03 -8.85883905e-03 -1.29275750e-02 -1.75311454e-02 -1.42207909e-02 -5.49123064e-03 -5.97007200e-03 -1.05189569e-02 -1.23678073e-02 -1.31426118e-02 -1.20363720e-02 -1.23137832e-02 -1.36169065e-02 -1.11065563e-02 -1.12891458e-02 -1.39776431e-02 -1.24380346e-02 -1.10599436e-02 -1.36792678e-02 -1.33392978e-02 -1.04796793e-02 -1.04897153e-02 -1.56329330e-02 -1.45548899e-02 -1.18744355e-02 -1.16495900e-02 -1.29577909e-02 -1.50456335e-02 -1.45254191e-02 -1.32669397e-02 -1.32186245e-02 -1.35595687e-02 -1.27860233e-02 -1.29343625e-02 -1.33289099e-02 -1.41877998e-02 -1.23185050e-02 -9.51802544e-03 -9.58854891e-03 -1.88277103e-02 -1.85647272e-02 -1.30402166e-02 -7.53516331e-03 -8.03129375e-03 -1.37303360e-02 -1.55043751e-02 -1.24614611e-02 -1.02288146e-02 -1.13049541e-02 -1.29899997e-02 -1.45325493e-02 -1.46749094e-02 -1.46746170e-02 -1.63168516e-02 -1.57067161e-02 -1.28053501e-02 -1.31229553e-02 -1.11192130e-02 -7.33038411e-03 -8.08072835e-03 -1.30171049e-02 -1.49578508e-02 -1.54492278e-02 -1.11052431e-02 -8.81919265e-03 -1.02103464e-02 -1.15718972e-02 -1.13321450e-02 -1.17711425e-02 -1.30312946e-02 -9.81919840e-03 -9.72781889e-03 -1.50467139e-02 -1.12735368e-02 -9.55859572e-03 -1.21879727e-02 -1.41767208e-02 -1.47757698e-02 -1.28014032e-02 -1.26093123e-02 -1.50140263e-02 -1.67436432e-02 -1.58296265e-02 -1.63073726e-02 -1.68087929e-02 -1.87354609e-02 -1.48270801e-02 -9.98946838e-03 -1.49325002e-02 -1.32983327e-02 -1.41919777e-02 -1.42821278e-02 -1.35228690e-02 -1.29911285e-02 -1.19318608e-02 -1.39673315e-02 -1.73223242e-02 -1.61665566e-02 -1.37888398e-02 -1.32462494e-02 -1.25786960e-02 -1.28318667e-02 -1.38650574e-02 -1.07375830e-02 -9.92618874e-03 -1.20528471e-02 -1.22136679e-02 -9.51108336e-03 -1.19081233e-02 -1.70316752e-02 -1.81512460e-02 -1.48406681e-02 -1.51856709e-02 -1.58608034e-02 -1.60822235e-02 -1.63656920e-02 -1.65198371e-02 -1.67813469e-02 -1.29915215e-02 -8.18824582e-03 -1.27439424e-02 -1.46549102e-02 -1.34073049e-02 -1.20289233e-02 -1.35982540e-02 -1.23706535e-02 -9.70350951e-03 -8.64585303e-03 -7.77279958e-03 -8.49843770e-03 -7.86873698e-03 -5.41089289e-03 -5.26340492e-03 -4.02124226e-03 -2.50503793e-03 -1.00977626e-03 -3.80381988e-03
-1.28298160e-02 -6.40780758e-03 -8.95814970e-03 -9.33470391e-03 -9.83282179e-03 -6.68785349e-03 -8.79965536e-03 -1.35241039e-02 -1.41944941e-02 -1.19756293e-02 -1.40511617e-02 -1.24539211e-02 -9.81454737e-03 -1.11194961e-02 -1.24829784e-02 -9.96843539e-03 -8.15004669e-03 -1.06145926e-02 -1.40324198e-02 -1.32033434e-02 -9.61183757e-03 -8.75021517e-03 -1.00037288e-02 -1.07740294e-02 -1.08474642e-02 -8.10689107e-03 -7.78758898e-03 -8.70673358e-03 -7.17513449e-03 -6.52238168e-03 -1.10023730e-02 -9.22966376e-03 -6.51378743e-03 -7.68186338e-03 -1.02262702e-02 -1.06184334e-02 -1.08048208e-02 -1.30790081e-02 -1.35200545e-02 -1.28686726e-02 -1.18934307e-02 -1.24999043e-02 -1.30893588e-02 -1.28119066e-02 -1.33590158e-02 -1.36165153e-02 -1.18006878e-02 -1.00888908e-02 -1.04548037e-02 -1.12208370e-02 -1.19880345e-02 -1.05555523e-02 -7.97691196e-03 -8.00226629e-03 -8.40744190e-03 -1.02677755e-02 -1.30895041e-02 -1.34643894e-02 -1.35328583e-02 -1.34028867e-02 -1.35745443e-02 -1.28890648e-02 -9.88169573e-03 -8.88068974e-03 -9.70273092e-03 -1.22460034e-02 -1.73357446e-02 -1.71204954e-02 -8.48848000e-03 -6.76368363e-03 -8.74973647e-03 -1.03031266e-02 -1.25321019e-02 -1.33308414e-02 -1.28475260e-02 -1.19666364e-02 -9.90294851e-03 -1.02632195e-02 -1.19928811e-02 -8.91451910e-03 -9.22330283e-03 -1.53200049e-02 -1.39699541e-02 -1.11522395e-02 -1.10368356e-02 -1.35486685e-02 -1.24595240e-02 -1.27116013e-02 -1.09144002e-02 -5.59118018e-03 -8.52558017e-03 -1.34744328e-02 -1.55769419e-02 -1.47826020e-02 -1.25752203e-02 -1.20750368e-02 -1.40421912e-02 -1.34021398e-02 -1.28878355e-02 -1.07973460e-02 -8.80024023e-03 -7.81812333e-03 -1.29850712e-02 -1.50030926e-02 -1.43229049e-02 -1.14126150e-02 -9.79702361e-03 -1.14765055e-02 -1.37920044e-02 -1.25807878e-02 -1.22381225e-02 -1.20775569e-02 -1.06536634e-02 -1.26521066e-02 -1.19788181e-02 -1.15711074e-02 -1.45027712e-02 -1.46835372e-02 -1.22596733e-02 -1.28442962e-02 -1.16547570e-02 -8.32652859e-03 -7.00018182e-03 -1.18637979e-02 -1.58088133e-02 -1.59048680e-02 -1.05229542e-02 -6.71808049e-03 -7.76910968e-03 -1.05744153e-02 -1.16563682e-02 -1.19865611e-02 -1.28871668e-02 -1.03230607e-02 -1.01600792e-02 -1.44418292e-02 -1.13413949e-02 -1.05540678e-02 -1.62235200e-02 -1.72273219e-02 -1.47155337e-02 -1.09461080e-02 -9.33231227e-03 -1.37020350e-02 -1.56969093e-02 -1.70877520e-02 -1.82663780e-02 -1.83721688e-02 -1.82016008e-02 -1.52234733e-02 -1.24037024e-02 -1.73008684e-02 -1.63884517e-02 -1.41818654e-02 -1.34781562e-02 -1.35907978e-02 -1.36270598e-02 -1.20808613e-02 -1.35853253e-02 -1.67129729e-02 -1.65454708e-02 -1.43393315e-02 -1.28421802e-02 -1.15520507e-02 -1.51593350e-02 -1.76143292e-02 -1.28632952e-02 -8.09307396e-03 -7.24229589e-03 -8.20796564e-03 -9.32380930e-03 -1.38660446e-02 -1.57240573e-02 -1.63064785e-02 -1.65393297e-02 -1.83356013e-02 -1.74581055e-02 -1.53700076e-02 -1.54402871e-02 -1.79263875e-02 -1.90951284e-02 -1.54280141e-02 -9.05952975e-03 -9.65586677e-03 -1.21169258e-02 -1.44847855e-02 -1.39761642e-02 -1.29122045e-02 -1.04363170e-02 -8.60144198e-03 -1.04233958e-02 -9.61218961e-03 -8.17905739e-03 -6.47449121e-03 -5.22891618e-03 -6.95523527e-03 -6.60793018e-03 -3.86709999e-03 -2.00869702e-03 -4.45202924e-03
-1.22407982e-02 -6.26563746e-03 -8.63715075e-03 -9.90701653e-03 -9.69250314e-03 -6.74586557e-03 -8.49779509e-03 -1.23257898e-02 -1.42773278e-02 -1.39239505e-02 -1.49446819e-02 -1.25697888e-02 -9.37600434e-03 -1.11052413e-02 -1.26431752e-02 -1.12312306e-02 -9.74987820e-03 -1.11448672e-02 -1.29888114e-02 -1.21894404e-02 -8.60164501e-03 -7.77526200e-03 -1.02293938e-02 -1.09802000e-02 -1.14435926e-02 -1.06929373e-02 -1.01639032e-02 -1.20030642e-02 -1.07045285e-02 -6.92831539e-03 -7.79459998e-03 -6.97681494e-03 -5.12877293e-03 -6.91801682e-03 -1.05780344e-02 -1.33351693e-02 -1.30212605e-02 -1.12209953e-02 -1.21913273e-02 -1.30418241e-02 -1.42620876e-02 -1.41820703e-02 -1.22479480e-02 -1.07662361e-02 -1.38869435e-02 -1.49130868e-02 -1.04753114e-02 -8.26686062e-03 -9.12295468e-03 -1.02985352e-02 -1.09043922e-02 -9.41929966e-03 -7.08607398e-03 -8.06965306e-03 -1.00992946e-02 -9.48705524e-03 -8.62536207e-03 -8.68923776e-03 -1.13549717e-02 -1.36173051e-02 -1.25375986e-02 -1.09927747e-02 -9.82164592e-03 -8.81846808e-03 -7.24850409e-03 -1.02982968e-02 -1.47290565e-02 -1.41802225e-02 -1.00187175e-02 -7.26607814e-03 -7.02150539e-03 -8.78038816e-03 -1.25451144e-02 -1.40902586e-02 -1.24523323e-02 -1.05143711e-02 -9.62746516e-03 -1.00337435e-02 -9.39319097e-03 -6.06906787e-03 -8.00112449e-03 -1.37360170e-02 -1.53148156e-02 -1.28886662e-02 -1.09342914e-02 -1.17234197e-02 -1.06983781e-02 -1.11017842e-02 -1.07523873e-02 -5.04251197e-03 -3.69885005e-03 -7.83545151e-03 -1.24680959e-02 -1.53029170e-02 -1.37365330e-02 -1.20468549e-02 -1.27415955e-02 -1.29674356e-02 -1.20260622e-02 -1.05041210e-02 -1.04469601e-02 -9.03633982e-03 -1.17690098e-02 -1.36215426e-02 -1.49534121e-02 -1.39897931e-02 -1.09847952e-02 -1.00341011e-02 -1.13701466e-02 -1.07248500e-02 -1.15508083e-02 -1.24900807e-02 -1.09301098e-02 -1.08015575e-02 -9.48152691e-03 -7.67804869e-03 -1.20819230e-02 -1.51635483e-02 -1.34550314e-02 -1.23272724e-02 -1.12557840e-02 -8.68026726e-03 -8.90316069e-03 -1.21984687e-02 -1.40066594e-02 -1.27319302e-02 -1.01758745e-02 -6.76267594e-03 -7.37109780e-03 -9.72343422e-03 -9.71129350e-03 -9.09909979e-03 -9.92681645e-03 -1.10360421e-02 -1.24081057e-02 -1.30068697e-02 -1.01364311e-02 -1.31228287e-02 -1.75519120e-02 -1.72712170e-02 -1.58326123e-02 -1.23309363e-02 -7.32585415e-03 -1.00964215e-02 -1.34266801e-02 -1.65041666e-02 -1.99739300e-02 -1.83358230e-02 -1.67901944e-02 -1.56047717e-02 -1.63099524e-02 -1.70873851e-02 -1.54665280e-02 -1.27980933e-02 -1.24632865e-02 -1.19002126e-02 -1.37960240e-02 -1.34489927e-02 -1.52380746e-02 -1.84074696e-02 -1.74203310e-02 -1.70078240e-02 -1.43497773e-02 -1.06483102e-02 -1.59581881e-02 -1.99017376e-02 -1.61783751e-02 -1.16097704e-02 -7.09817559e-03 -7.15631247e-03 -7.96625763e-03 -1.33051109e-02 -1.36410128e-02 -1.12333931e-02 -1.28799230e-02 -1.75214466e-02 -1.86027661e-02 -1.61647443e-02 -1.47383027e-02 -1.72781758e-02 -2.06059646e-02 -2.06398070e-02 -1.49207674e-02 -1.22733749e-02 -1.02253743e-02 -1.18829906e-02 -1.53466836e-02 -1.28448848e-02 -1.08314324e-02 -8.77582841e-03 -9.29006375e-03 -9.93927196e-03 -8.97574238e-03 -6.19006343e-03 -3.77085991e-03 -6.01920299e-03 -6.69154245e-03 -3.93866654e-03 -2.02082843e-03 -4.27727494e-03
-1.31003670e-02 -5.27365506e-03 -5.98236918e-03 -9.67583805e-03 -9.23168100e-03 -8.00058059e-03 -9.00901668e-03 -1.10430941e-02 -1.34150852e-02 -1.40627399e-02 -1.55034438e-02 -1.45490691e-02 -1.23424903e-02 -1.27201844e-02 -1.29458848e-02 -1.14601087e-02 -1.11955348e-02 -1.07556861e-02 -1.08169392e-02 -1.12052448e-02 -9.66728479e-03 -8.75881873e-03 -1.01054125e-02 -1.00929420e-02 -1.00401454e-02 -1.11263525e-02 -1.15230288e-02 -1.22092683e-02 -1.28172580e-02 -8.51210579e-03 -6.53192773e-03 -4.54538502e-03 -4.16145474e-03 -6.02369569e-03 -9.03966464e-03 -1.18959695e-02 -1.08911004e-02 -8.73505697e-03 -1.04140714e-02 -1.27634201e-02 -1.42664164e-02 -1.52906943e-02 -1.48685277e-02 -1.39837041e-02 -1.56928990e-02 -1.38784954e-02 -8.13813694e-03 -6.93412777e-03 -8.31477437e-03 -8.70145764e-03 -9.54920426e-03 -8.84791091e-03 -6.50273077e-03 -6.14675879e-03 -7.69446511e-03 -7.80952629e-03 -7.78888352e-03 -7.82515854e-03 -8.94706883e-03 -1.10266674e-02 -1.07980445e-02 -1.04573686e-02 -1.00893658e-02 -9.57076438e-03 -9.01794061e-03 -1.12502966e-02 -1.24003533e-02 -1.12945233e-02 -9.12075676e-03 -6.89354725e-03 -4.36567329e-03 -6.73247315e-03 -1.18747381e-02 -1.37833031e-02 -1.17994696e-02 -9.98648815e-03 -9.79636796e-03 -8.54297914e-03 -7.97284208e-03 -9.29022953e-03 -1.21756047e-02 -1.43215004e-02 -1.27108339e-02 -1.00838840e-02 -1.00687370e-02 -1.06986705e-02 -9.40791517e-03 -1.03411954e-02 -1.24541894e-02 -9.40974616e-03 -6.81820698e-03 -7.67653808e-03 -8.83405283e-03 -1.18651837e-02 -1.22615173e-02 -1.14366896e-02 -1.12159159e-02 -1.30622946e-02 -1.25586577e-02 -1.12468172e-02 -9.93374176e-03 -9.30484571e-03 -1.02334674e-02 -1.24269109e-02 -1.46047380e-02 -1.35143828e-02 -9.70705785e-03 -9.50942561e-03 -1.23640038e-02 -1.14771221e-02 -1.18122306e-02 -1.54514164e-02 -1.22478306e-02 -9.93621536e-03 -7.59538636e-03 -6.15438633e-03 -1.10909287e-02 -1.47906682e-02 -1.41003607e-02 -1.15462961e-02 -9.57842171e-03 -8.18244554e-03 -1.15604941e-02 -1.38164200e-02 -1.13716833e-02 -7.82302953e-03 -6.83652796e-03 -6.55762292e-03 -7.46057928e-03 -9.84637067e-03 -8.82562809e-03 -7.92335160e-03 -9.86572355e-03 -1.35130398e-02 -1.67008396e-02 -1.52950436e-02 -1.17159337e-02 -1.12340637e-02 -1.46164298e-02 -1.61845256e-02 -1.47453807e-02 -1.32814255e-02 -9.40798037e-03 -1.19740069e-02 -1.30800772e-02 -1.60846114e-02 -2.00285036e-02 -1.74994487e-02 -1.54564437e-02 -1.67390592e-02 -1.75052360e-02 -1.80203170e-02 -1.58179551e-02 -1.30151045e-02 -1.10591408e-02 -1.01886932e-02 -1.40755139e-02 -1.55207645e-02 -1.46027356e-02 -1.53457634e-02 -1.75224077e-02 -2.06718612e-02 -1.80996135e-02 -1.04414057e-02 -1.32971928e-02 -1.71498712e-02 -1.48699898e-02 -1.17989779e-02 -7.86230713e-03 -5.77295572e-03 -7.76091591e-03 -1.35997571e-02 -1.63429752e-02 -1.42703224e-02 -1.30276084e-02 -1.46822482e-02 -1.65055320e-02 -1.45037510e-02 -1.36784073e-02 -1.93453822e-02 -2.17690431e-02 -1.80264637e-02 -1.48580894e-02 -1.37097314e-02 -1.07004829e-02 -9.21896473e-03 -1.22805852e-02 -1.18167121e-02 -1.04149263e-02 -9.09333304e-03 -1.04550999e-02 -1.04378052e-02 -9.07196105e-03 -6.63184375e-03 -3.25365923e-03 -4.40465938e-03 -6.21105451e-03 -4.40181419e-03 -1.97296590e-03 -4.65602009e-03
-1.27081564e-02 -6.54508080e-03 -4.49835509e-03 -8.25384818e-03 -6.37486763e-03 -7.27917627e-03 -1.08893067e-02 -1.40470620e-02 -1.51054244e-02 -1.30098891e-02 -1.27607584e-02 -1.19219981e-02 -1.22940503e-02 -1.30121466e-02 -1.19378697e-02 -1.09314341e-02 -1.13999099e-02 -1.14821307e-02 -1.12280417e-02 -1.13580059e-02 -1.03451535e-02 -1.00771263e-02 -9.46974941e-03 -9.51084122e-03 -1.06024388e-02 -1.15549229e-02 -1.22911334e-02 -1.26927383e-02 -1.20995902e-02 -9.14466381e-03 -6.04171865e-03 -5.58679365e-03 -5.57005964e-03 -7.83580728e-03 -8.30252469e-03 -1.05825365e-02 -9.34332423e-03 -6.89854473e-03 -8.27330165e-03 -9.58886556e-03 -1.40000191e-02 -1.70109887e-02 -1.59725044e-02 -1.45180542e-02 -1.43654905e-02 -1.06328269e-02 -4.88207210e-03 -4.63701971e-03 -7.59226829e-03 -9.77934338e-03 -1.16639612e-02 -1.00739775e-02 -6.32381160e-03 -3.06447037e-03 -4.32760548e-03 -6.81514572e-03 -6.05761819e-03 -6.07087649e-03 -6.69351779e-03 -9.10985470e-03 -1.04949474e-02 -1.18709560e-02 -1.19897649e-02 -1.03620049e-02 -9.59794223e-03 -1.11763198e-02 -1.08322669e-02 -9.60014947e-03 -9.32806637e-03 -6.35670777e-03 -1.81449577e-04 -2.07618438e-03 -8.81524198e-03 -1.33640850e-02 -1.27349524e-02 -1.10721048e-02 -9.80741344e-03 -7.43258558e-03 -8.62093829e-03 -1.19074415e-02 -1.25726499e-02 -1.04876868e-02 -8.91726837e-03 -7.81774148e-03 -9.47789848e-03 -1.02072209e-02 -8.55384395e-03 -8.45842436e-03 -1.02048516e-02 -1.16684325e-02 -1.17675904e-02 -7.52934627e-03 -2.12631747e-03 -6.24141283e-03 -1.13721173e-02 -1.27084721e-02 -1.28292628e-02 -1.40191400e-02 -1.07270423e-02 -8.56612436e-03 -9.04198550e-03 -9.34029929e-03 -1.03329141e-02 -1.19255129e-02 -1.24254264e-02 -1.26823131e-02 -1.09126046e-02 -1.15667563e-02 -1.18470192e-02 -9.43252258e-03 -1.08721871e-02 -1.50465854e-02 -1.39531568e-02 -9.23296623e-03 -6.22335449e-03 -6.13344461e-03 -1.07404832e-02 -1.35525679e-02 -1.24750817e-02 -1.02573885e-02 -8.45271721e-03 -7.30167702e-03 -1.01109017e-02 -1.27668120e-02 -1.12103168e-02 -6.91210851e-03 -4.00579721e-03 -3.05930339e-03 -5.06046787e-03 -9.47455131e-03 -8.79896432e-03 -6.98670745e-03 -8.74691457e-03 -1.15859192e-02 -1.71519704e-02 -1.77459046e-02 -1.45873092e-02 -9.08253528e-03 -6.41896389e-03 -1.10052135e-02 -1.28341764e-02 -1.35467667e-02 -1.36821717e-02 -1.46242641e-02 -1.46640372e-02 -1.66996419e-02 -1.96328312e-02 -1.54676363e-02 -1.39952190e-02 -1.65574588e-02 -1.83703378e-02 -1.91968009e-02 -1.68741029e-02 -1.46349706e-02 -1.41318291e-02 -1.21241491e-02 -1.47678126e-02 -1.53429378e-02 -1.00748241e-02 -1.17049664e-02 -1.66767091e-02 -1.89955495e-02 -1.83005333e-02 -1.32342689e-02 -1.41870063e-02 -1.54157821e-02 -1.37050413e-02 -9.56510380e-03 -7.52582401e-03 -6.85507059e-03 -9.16165486e-03 -1.52078886e-02 -1.95918586e-02 -1.81331430e-02 -1.30808614e-02 -8.42829980e-03 -1.03903729e-02 -1.32751483e-02 -1.26262810e-02 -1.89623572e-02 -2.12445315e-02 -1.73985567e-02 -1.34229548e-02 -1.31402221e-02 -1.13748088e-02 -1.08715743e-02 -1.32935923e-02 -1.26002319e-02 -1.05204638e-02 -1.11248177e-02 -1.21955555e-02 -1.13635287e-02 -7.48870894e-03 -5.82989305e-03 -3.21063958e-03 -2.54145265e-03 -4.96870559e-03 -4.56176326e-03 -1.66368950e-03 -4.39665560e-03
-1.19513543e-02 -7.33365957e-03 -6.06697425e-03 -9.49933752e-03 -7.76391849e-03 -8.61233659e-03 -1.08148362e-02 -1.28707215e-02 -1.45056732e-02 -1.29391365e-02 -1.41948033e-02 -1.42305437e-02 -1.26920957e-02 -1.40448175e-02 -1.16905496e-02 -9.73935612e-03 -1.03813037e-02 -1.17470585e-02 -1.11015849e-02 -1.08216945e-02 -1.03903264e-02 -1.03915371e-02 -1.15751643e-02 -1.11973435e-02 -9.55648907e-03 -1.04553290e-02 -1.10246334e-02 -1.15799177e-02 -1.11240186e-02 -8.63071345e-03 -6.93671219e-03 -7.20490329e-03 -6.50359504e-03 -7.49124587e-03 -7.63482600e-03 -7.41865113e-03 -7.50472397e-03 -9.36594047e-03 -1.20230913e-02 -1.15286112e-02 -1.24087688e-02 -1.73365101e-02 -1.87945366e-02 -1.46968421e-02 -1.27336141e-02 -8.82968958e-03 -3.39460094e-03 -3.62690538e-03 -6.46375958e-03 -8.40149727e-03 -9.80988797e-03 -8.84246267e-03 -4.20702342e-03 -2.55646184e-04 -1.25399977e-03 -5.10636717e-03 -5.85315656e-03 -5.43395244e-03 -5.90576418e-03 -7.14384951e-03 -9.54032131e-03 -1.19437221e-02 -1.25998445e-02 -1.00431461e-02 -8.21866747e-03 -9.43401922e-03 -8.55360832e-03 -8.04472622e-03 -7.31142610e-03 -4.95297369e-03 -1.32665411e-03 -2.84994021e-04 -5.30128740e-03 -1.28153842e-02 -1.34115005e-02 -1.13056842e-02 -9.59710218e-03 -7.62692839e-03 -8.51579010e-03 -1.19318143e-02 -1.15600582e-02 -8.18090513e-03 -7.75002316e-03 -7.72971101e-03 -8.23104754e-03 -9.25419293e-03 -7.37030432e-03 -6.86935149e-03 -7.64388219e-03 -9.00302455e-03 -9.80335288e-03 -7.56803714e-03 -2.83678994e-03 -5.94624877e-03 -1.08726230e-02 -1.32477395e-02 -1.23454137e-02 -1.06095113e-02 -6.44276291e-03 -6.79200888e-03 -8.59317183e-03 -9.96613316e-03 -1.06065180e-02 -1.03655010e-02 -1.09531246e-02 -1.21034067e-02 -1.10560153e-02 -1.08977668e-02 -1.09781791e-02 -8.76389816e-03 -1.04102027e-02 -1.42603666e-02 -1.33039691e-02 -8.78558680e-03 -6.97654672e-03 -9.08099487e-03 -1.11231580e-02 -1.09427683e-02 -1.02250241e-02 -8.78130831e-03 -7.36972690e-03 -7.04579055e-03 -1.00706872e-02 -1.01820845e-02 -8.17812234e-03 -6.64744526e-03 -5.09836711e-03 -3.97482142e-03 -4.59359586e-03 -8.58760066e-03 -9.31332074e-03 -7.09230453e-03 -7.79495016e-03 -9.16966982e-03 -1.26214176e-02 -1.78639330e-02 -1.85900647e-02 -1.15329176e-02 -4.68594208e-03 -7.20742717e-03 -1.31539088e-02 -1.69895552e-02 -1.72541570e-02 -1.66420415e-02 -1.53416675e-02 -1.57965682e-02 -1.62054934e-02 -1.16130058e-02 -1.10145155e-02 -1.61177516e-02 -1.77666619e-02 -1.88531168e-02 -1.82576757e-02 -1.82173532e-02 -1.67852733e-02 -1.32848490e-02 -1.55596081e-02 -1.48464628e-02 -8.74494016e-03 -1.02558844e-02 -1.69140082e-02 -1.96526516e-02 -1.88522283e-02 -1.42357312e-02 -1.43701062e-02 -1.47520099e-02 -1.39844120e-02 -1.08269081e-02 -9.67455283e-03 -8.42263177e-03 -1.05058663e-02 -1.60027426e-02 -1.98805872e-02 -1.84631180e-02 -1.40165109e-02 -9.01793316e-03 -8.41814093e-03 -1.16039235e-02 -1.27084907e-02 -1.90722421e-02 -2.20489763e-02 -1.76424384e-02 -1.33243874e-02 -1.18382592e-02 -1.05683450e-02 -9.80270095e-03 -1.03844795e-02 -1.06770862e-02 -9.46002640e-03 -1.25525948e-02 -1.36526395e-02 -1.20432507e-02 -8.77640024e-03 -6.97275437e-03 -4.89102677e-03 -3.11912317e-03 -3.55511811e-03 -2.99880654e-03 -4.29601409e-04 -3.81333008e-03
-1.20999049e-02 -6.24202937e-03 -6.16593845e-03 -6.56761415e-03 -7.07462057e-03 -8.50943848e-03 -9.46009718e-03 -1.24896709e-02 -1.41207017e-02 -1.30143072e-02 -1.41747594e-02 -1.27100311e-02 -1.10342540e-02 -1.35034472e-02 -1.17597766e-02 -9.80536453e-03 -1.03004035e-02 -1.14138462e-02 -1.02542639e-02 -9.84528847e-03 -1.10637099e-02 -1.14430860e-02 -1.20183062e-02 -1.04161091e-02 -8.95019248e-03 -1.19105335e-02 -1.35191344e-02 -1.16198678e-02 -9.70641337e-03 -7.92757422e-03 -7.59327225e-03 -8.37119669e-03 -6.78408891e-03 -7.13809766e-03 -7.25573301e-03 -5.75748645e-03 -5.09501621e-03 -8.63223337e-03 -1.25349946e-02 -1.19235534e-02 -1.27797909e-02 -1.71312783e-02 -1.88173763e-02 -1.36824865e-02 -1.14063006e-02 -9.13202576e-03 -5.30036539e-03 -5.85644785e-03 -8.73808656e-03 -8.71142093e-03 -9.01521463e-03 -7.90324528e-03 -5.48905134e-03 -2.29512341e-03 -1.50120258e-03 -4.49214969e-03 -5.77885378e-03 -6.31656684e-03 -6.69694319e-03 -8.40499625e-03 -1.18127037e-02 -1.27799138e-02 -1.12858471e-02 -7.84620084e-03 -5.11313789e-03 -5.57115022e-03 -7.59402942e-03 -8.74136668e-03 -8.38896725e-03 -5.06375823e-03 -9.96164978e-04 -5.63284382e-04 -4.23570350e-03 -1.10912537e-02 -1.22737223e-02 -1.13222674e-02 -1.05192009e-02 -9.19671543e-03 -1.02818832e-02 -1.32482396e-02 -1.20808892e-02 -7.90104829e-03 -5.70238009e-03 -7.22407736e-03 -8.70675407e-03 -8.81389901e-03 -7.30683655e-03 -6.86386786e-03 -6.85787760e-03 -7.90177658e-03 -9.72288474e-03 -8.80389661e-03 -7.23071583e-03 -7.97642395e-03 -1.14963157e-02 -1.39465639e-02 -1.28789721e-02 -7.45377876e-03 -4.30714339e-03 -6.69534132e-03 -9.09313932e-03 -1.17244646e-02 -1.26148723e-02 -1.08361691e-02 -1.04585607e-02 -1.19992495e-02 -1.38914725e-02 -1.40030943e-02 -1.18156094e-02 -7.08535686e-03 -8.76494870e-03 -1.41720325e-02 -1.30169224e-02 -8.10705312e-03 -6.68545440e-03 -9.99856368e-03 -1.08605903e-02 -1.10486373e-02 -1.16236759e-02 -9.87946987e-03 -5.94256073e-03 -5.44604473e-03 -8.51135142e-03 -9.03029740e-03 -8.02114978e-03 -7.38949329e-03 -7.32241757e-03 -6.82667270e-03 -5.91797382e-03 -7.94563070e-03 -9.34743695e-03 -9.30730440e-03 -1.02222990e-02 -9.90872271e-03 -1.21418331e-02 -1.72195807e-02 -1.84213296e-02 -1.43078454e-02 -9.92804579e-03 -8.46575759e-03 -1.25146694e-02 -1.45961847e-02 -1.57174002e-02 -1.59737207e-02 -1.32726002e-02 -1.29690040e-02 -1.36337820e-02 -1.12585649e-02 -9.91396233e-03 -1.29054766e-02 -1.60636045e-02 -1.68397836e-02 -1.66837536e-02 -1.91179458e-02 -1.84651390e-02 -1.60729531e-02 -1.74705591e-02 -1.36284083e-02 -8.59067217e-03 -1.19495392e-02 -1.99353732e-02 -1.97215844e-02 -1.61880385e-02 -1.27501357e-02 -1.24797542e-02 -1.31244659e-02 -1.59264114e-02 -1.45782232e-02 -1.34885274e-02 -1.19362734e-02 -1.18859690e-02 -1.58733539e-02 -1.98011342e-02 -1.89125966e-02 -1.54072177e-02 -1.31011102e-02 -1.40319113e-02 -1.36380736e-02 -1.21485628e-02 -1.57243665e-02 -1.82600040e-02 -1.76437888e-02 -1.47970244e-02 -1.28871910e-02 -1.27847549e-02 -1.21875796e-02 -1.02183558e-02 -7.53472187e-03 -7.34428316e-03 -1.21553130e-02 -1.40964277e-02 -1.23671517e-02 -9.09213163e-03 -7.94230029e-03 -6.17463887e-03 -5.87858912e-03 -5.38429525e-03 -2.80602742e-03 -3.53672542e-04 -3.16744717e-03
-1.22220255e-02 -4.47217096e-03 -5.30139171e-03 -4.72124666e-03 -6.58337772e-03 -8.65465961e-03 -8.84741172e-03 -1.20620746e-02 -1.43953785e-02 -1.18761063e-02 -1.23667717e-02 -1.20286494e-02 -9.82674211e-03 -1.35427732e-02 -1.30749103e-02 -1.17532481e-02 -1.17501318e-02 -1.05084833e-02 -8.86419229e-03 -9.63030383e-03 -1.18126469e-02 -1.13505051e-02 -1.06133539e-02 -1.05947759e-02 -8.97370465e-03 -1.05399266e-02 -1.19625852e-02 -1.08199101e-02 -1.07847769e-02 -9.63149220e-03 -8.44057836e-03 -9.14865173e-03 -7.80373439e-03 -8.23215954e-03 -9.60844010e-03 -7.10174255e-03 -4.50097769e-03 -7.55721144e-03 -1.20034795e-02 -1.34597216e-02 -1.42569412e-02 -1.67800132e-02 -1.70102026e-02 -1.13828555e-02 -8.81830975e-03 -9.46698245e-03 -7.15331640e-03 -6.30198698e-03 -8.17117002e-03 -7.95993675e-03 -7.80289713e-03 -7.11968821e-03 -5.53572644e-03 -3.46455816e-03 -1.70869380e-03 -3.31164338e-03 -6.99000247e-03 -1.04540745e-02 -1.08009567e-02 -1.01759844e-02 -1.26880668e-02 -1.10000670e-02 -7.84597360e-03 -5.49257081e-03 -2.34716292e-03 -3.37652303e-03 -7.11338129e-03 -9.05538164e-03 -7.29144923e-03 -3.50449048e-03 -4.30133380e-03 -6.68517686e-03 -8.71318765e-03 -9.80949402e-03 -8.64938833e-03 -9.20286216e-03 -1.02422070e-02 -1.02735274e-02 -1.10987443e-02 -1.39142228e-02 -1.29319951e-02 -8.86535831e-03 -5.22148982e-03 -5.20120002e-03 -8.01044144e-03 -1.03245899e-02 -9.67870373e-03 -7.91633129e-03 -6.39915653e-03 -5.83443977e-03 -8.97402316e-03 -1.19225690e-02 -1.14036649e-02 -1.02802152e-02 -1.04756067e-02 -1.14415297e-02 -1.11126173e-02 -7.10462220e-03 -5.53765334e-03 -7.73855671e-03 -9.67628881e-03 -1.18782837e-02 -1.29402019e-02 -1.14292465e-02 -1.05490442e-02 -1.16181057e-02 -1.25294467e-02 -1.27144670e-02 -1.02011021e-02 -7.85386562e-03 -1.09088272e-02 -1.45258363e-02 -1.24524813e-02 -7.15504400e-03 -6.28046505e-03 -1.01701580e-02 -1.15715712e-02 -9.64903831e-03 -9.60002840e-03 -1.02849808e-02 -1.02283955e-02 -8.14468414e-03 -8.12454149e-03 -7.63390958e-03 -7.18254223e-03 -9.23272409e-03 -1.00230724e-02 -1.01627074e-02 -8.89584795e-03 -9.07249562e-03 -1.05003025e-02 -1.06144827e-02 -1.14900563e-02 -1.03670433e-02 -1.23283658e-02 -1.79141406e-02 -1.79153681e-02 -1.33999269e-02 -1.21480767e-02 -1.07907895e-02 -1.21855810e-02 -1.10435542e-02 -1.34244822e-02 -1.67073868e-02 -1.63567234e-02 -1.45075880e-02 -1.53520536e-02 -1.55527797e-02 -1.43161807e-02 -1.43435914e-02 -1.56315900e-02 -1.73102543e-02 -1.85508393e-02 -1.94369964e-02 -1.71430632e-02 -1.37727261e-02 -1.68780889e-02 -1.63886547e-02 -1.14326924e-02 -1.29252188e-02 -2.14078128e-02 -2.09232178e-02 -1.63794383e-02 -1.22027211e-02 -1.15483105e-02 -1.31027959e-02 -1.69046745e-02 -1.60153974e-02 -1.39944721e-02 -1.53360739e-02 -1.55470967e-02 -1.69942360e-02 -2.17605736e-02 -1.97686087e-02 -1.55037101e-02 -1.44738816e-02 -1.63890813e-02 -1.55574586e-02 -1.09937396e-02 -1.11686382e-02 -1.43206753e-02 -1.97082460e-02 -1.85842421e-02 -1.37938503e-02 -1.22087765e-02 -1.11473948e-02 -1.01558082e-02 -8.41653161e-03 -7.89114647e-03 -1.33806597e-02 -1.44585511e-02 -1.18907802e-02 -8.90756398e-03 -8.15154985e-03 -6.14168122e-03 -4.98732459e-03 -4.28955909e-03 -2.01566052e-03 -2.54179351e-04 -2.39997357e-03
-1.21254828e-02 -4.91126440e-03 -5.90273738e-03 -4.92940657e-03 -7.00047053e-03 -9.13502835e-03 -9.78998281e-03 -1.21755693e-02 -1.46121122e-02 -1.14717800e-02 -1.07681379e-02 -1.01913065e-02 -9.89337079e-03 -1.38934534e-02 -1.39292069e-02 -1.38549553e-02 -1.31782144e-02 -1.04665123e-02 -8.67074914e-03 -9.77671705e-03 -1.01686083e-02 -8.71425681e-03 -8.71224329e-03 -9.55091603e-03 -8.28101486e-03 -9.13071074e-03 -1.07902344e-02 -1.06251612e-02 -1.19242258e-02 -1.17934495e-02 -9.49971378e-03 -8.96264240e-03 -8.53389315e-03 -9.39733349e-03 -1.14685893e-02 -9.47722979e-03 -5.07555157e-03 -6.48308545e-03 -1.01013016e-02 -1.06801912e-02 -1.39234755e-02 -1.92614049e-02 -1.63747128e-02 -6.52875565e-03 -3.86407971e-03 -7.43820518e-03 -8.96012876e-03 -7.59908743e-03 -8.46707448e-03 -7.90703483e-03 -7.41300918e-03 -7.30569568e-03 -6.86723087e-03 -5.61149325e-03 -2.38331966e-03 -3.76391783e-03 -9.33189690e-03 -1.14744985e-02 -8.17389600e-03 -9.05772112e-03 -1.35282166e-02 -1.14433058e-02 -7.53864273e-03 -4.56107687e-03 -1.74248219e-03 -4.33859881e-03 -8.54198728e-03 -8.74626264e-03 -4.73013520e-03 -1.28573366e-03 -5.50081581e-03 -1.01930983e-02 -1.07399710e-02 -9.05344076e-03 -7.16397166e-03 -5.83491661e-03 -6.55480288e-03 -8.73821415e-03 -1.17278527e-02 -1.50158042e-02 -1.49586331e-02 -1.19042080e-02 -5.57240471e-03 -1.57203898e-03 -3.00929695e-03 -7.18498603e-03 -1.10080400e-02 -1.19456025e-02 -8.27609375e-03 -2.90173106e-03 -6.02516159e-03 -1.26412483e-02 -1.47513365e-02 -1.31501295e-02 -1.06529742e-02 -9.84651223e-03 -1.02689862e-02 -8.60979222e-03 -6.92830421e-03 -7.96288438e-03 -9.65001993e-03 -1.17744375e-02 -1.33851804e-02 -1.18807666e-02 -1.06070098e-02 -1.06195789e-02 -1.30543010e-02 -1.31235747e-02 -1.05755031e-02 -1.00053269e-02 -1.44019946e-02 -1.50920711e-02 -1.09660719e-02 -7.31903687e-03 -8.24403577e-03 -1.25257168e-02 -1.26193576e-02 -8.99329223e-03 -9.98380035e-03 -1.22862402e-02 -1.13898646e-02 -1.00220889e-02 -9.89834778e-03 -9.13781859e-03 -4.77086008e-03 -5.89422882e-03 -1.10466555e-02 -1.24407858e-02 -1.21004954e-02 -1.29065532e-02 -1.05110798e-02 -8.70738178e-03 -1.08786058e-02 -1.34753529e-02 -1.50869135e-02 -1.75714139e-02 -1.59245413e-02 -1.14801191e-02 -1.06816385e-02 -1.28124952e-02 -1.27707459e-02 -8.73598643e-03 -1.00451093e-02 -1.60682909e-02 -1.76740121e-02 -1.43319983e-02 -1.37483645e-02 -1.85639933e-02 -1.89537685e-02 -1.56453215e-02 -1.72248613e-02 -2.10804138e-02 -2.10018773e-02 -1.87395718e-02 -1.62046161e-02 -1.38922185e-02 -1.76641401e-02 -1.73890274e-02 -1.20824948e-02 -1.24787875e-02 -1.90203506e-02 -1.93322804e-02 -1.45995747e-02 -1.13969129e-02 -1.45173911e-02 -1.69046521e-02 -1.55251604e-02 -1.14056356e-02 -1.10724233e-02 -1.55825671e-02 -1.74172297e-02 -1.93819534e-02 -2.12888159e-02 -1.70205981e-02 -1.15093961e-02 -1.28093027e-02 -1.58608928e-02 -1.70302093e-02 -1.44166201e-02 -1.31884217e-02 -1.20959487e-02 -1.64480824e-02 -1.70261301e-02 -1.39186252e-02 -1.43325236e-02 -1.47707500e-02 -1.12860464e-02 -8.33233260e-03 -9.35924798e-03 -1.34750865e-02 -1.39745213e-02 -1.16116162e-02 -9.31778364e-03 -8.21636058e-03 -6.24977425e-03 -5.64821064e-03 -4.93839569e-03 -2.84705311e-03 -1.45220850e-03 -2.58066179e-03
-1.20008849e-02 -5.36942482e-03 -7.51418900e-03 -5.95891289e-03 -7.55274482e-03 -9.88580287e-03 -1.05871446e-02 -1.17024221e-02 -1.41052101e-02 -1.16416328e-02 -1.11541711e-02 -1.20396763e-02 -1.36831887e-02 -1.54139856e-02 -1.21270046e-02 -1.24942083e-02 -1.36262309e-02 -1.03828162e-02 -8.37491639e-03 -1.03470050e-02 -9.03958641e-03 -8.19582492e-03 -9.53104906e-03 -1.11437999e-02 -9.41316970e-03 -7.51802325e-03 -9.06018540e-03 -9.50693153e-03 -1.19456034e-02 -1.30857667e-02 -1.07682040e-02 -8.49504955e-03 -8.13604519e-03 -1.03365276e-02 -1.29885003e-02 -1.10554155e-02 -6.13860041e-03 -5.70393167e-03 -1.21868122e-02 -1.17898379e-02 -1.05626993e-02 -1.57594047e-02 -1.50545239e-02 -8.16604681e-03 -3.42265517e-03 -6.44228607e-03 -1.02974400e-02 -1.13089299e-02 -1.03979409e-02 -8.56152177e-03 -7.50762597e-03 -8.43481161e-03 -8.96051619e-03 -8.08238704e-03 -5.36412373e-03 -5.70185669e-03 -9.77504160e-03 -8.51750933e-03 -5.60235232e-03 -9.79358889e-03 -1.55837461e-02 -1.21335983e-02 -6.64998963e-03 -3.29479109e-03 -1.04212575e-03 -4.20957338e-03 -7.44319148e-03 -6.66184630e-03 -3.72411124e-03 -1.18486769e-03 -6.53090328e-03 -1.14253312e-02 -1.09573603e-02 -7.56058469e-03 -6.19368255e-03 -4.83963452e-03 -4.30579856e-03 -7.23508932e-03 -1.18085500e-02 -1.59357935e-02 -1.39719583e-02 -9.81298834e-03 -7.68622942e-03 -7.59376772e-03 -7.06084259e-03 -8.27632658e-03 -1.27426805e-02 -1.44102164e-02 -1.20124202e-02 -8.21606070e-03 -7.71537982e-03 -1.16722099e-02 -1.25302942e-02 -1.08480724e-02 -9.02803428e-03 -8.62464495e-03 -1.17596202e-02 -1.08577460e-02 -8.34021904e-03 -7.65863620e-03 -9.54405405e-03 -1.23040900e-02 -1.33777130e-02 -1.11907255e-02 -1.06096901e-02 -9.50395502e-03 -1.10926870e-02 -1.33467671e-02 -1.16324984e-02 -1.11541338e-02 -1.34439413e-02 -1.42513383e-02 -1.19072534e-02 -9.20570828e-03 -1.10183097e-02 -1.30504984e-02 -1.15804821e-02 -8.77718627e-03 -9.88809578e-03 -1.41195115e-02 -1.35280900e-02 -1.07560176e-02 -1.15579516e-02 -1.36730839e-02 -9.70272347e-03 -8.34427960e-03 -1.24757513e-02 -1.44577567e-02 -1.39276441e-02 -1.38694476e-02 -1.17484927e-02 -9.62646678e-03 -1.00243520e-02 -1.42859053e-02 -1.79690849e-02 -1.69554800e-02 -1.36643443e-02 -9.61797871e-03 -9.21714492e-03 -1.22428499e-02 -1.30070690e-02 -1.11405235e-02 -1.40399784e-02 -1.92947630e-02 -1.94180347e-02 -1.33412778e-02 -1.33845732e-02 -1.98206473e-02 -1.92157533e-02 -1.29752681e-02 -1.42505225e-02 -1.96235385e-02 -1.99249350e-02 -1.90610234e-02 -1.80288833e-02 -1.51986293e-02 -1.33166388e-02 -1.45288184e-02 -1.68521907e-02 -1.56124644e-02 -1.57683585e-02 -1.33846775e-02 -1.13734901e-02 -1.19833555e-02 -1.54894944e-02 -1.82905179e-02 -1.64498780e-02 -1.21682286e-02 -1.15804337e-02 -1.44404192e-02 -1.58897173e-02 -1.50214899e-02 -1.43551771e-02 -1.29260290e-02 -1.00885741e-02 -1.32065229e-02 -1.51781123e-02 -1.61015280e-02 -1.42028518e-02 -1.45878009e-02 -1.45388097e-02 -1.57831535e-02 -1.34598017e-02 -1.11677870e-02 -1.41642336e-02 -1.37015507e-02 -1.02772154e-02 -7.87904859e-03 -9.37902741e-03 -1.34407897e-02 -1.40653085e-02 -1.17070433e-02 -9.28808935e-03 -7.08248094e-03 -5.26425242e-03 -6.33231644e-03 -5.95874619e-03 -3.73192038e-03 -3.01909726e-03 -3.83037282e-03
-1.29035916e-02 -4.97952476e-03 -6.19562902e-03 -6.49297982e-03 -7.53689185e-03 -9.98035073e-03 -1.10891424e-02 -1.13753397e-02 -1.27674099e-02 -1.10790618e-02 -1.26767121e-02 -1.39012914e-02 -1.47417970e-02 -1.42653491e-02 -1.03464983e-02 -1.11153796e-02 -1.22857559e-02 -1.08540878e-02 -1.00138448e-02 -1.13425776e-02 -9.94178466e-03 -8.90200026e-03 -1.11284219e-02 -1.20347813e-02 -8.86729732e-03 -6.34313188e-03 -8.47356208e-03 -1.05586760e-02 -1.15658483e-02 -1.24160340e-02 -1.14837755e-02 -9.57847573e-03 -7.59886764e-03 -6.90315291e-03 -1.00879818e-02 -1.23606324e-02 -9.92877781e-03 -7.52603076e-03 -1.26981502e-02 -1.42432572e-02 -1.15119126e-02 -1.28745586e-02 -1.25084780e-02 -7.92880915e-03 -3.71958874e-03 -3.92168202e-03 -9.34997201e-03 -1.42603619e-02 -1.35236671e-02 -9.46973450e-03 -8.55035335e-03 -1.12732630e-02 -1.29181324e-02 -1.21714380e-02 -1.11258244e-02 -1.07454676e-02 -1.16870012e-02 -8.14922899e-03 -1.21400319e-03 -5.77207841e-03 -1.23135056e-02 -1.10786371e-02 -7.69124553e-03 -4.84464131e-03 -2.92645860e-03 -4.85322904e-03 -6.31113723e-03 -5.69187570e-03 -6.28221780e-03 -6.11746311e-03 -8.64367373e-03 -1.13430414e-02 -1.25325751e-02 -1.00532062e-02 -5.70391491e-03 -6.16692007e-03 -9.01181623e-03 -8.88494216e-03 -1.21920705e-02 -1.63123757e-02 -1.46823823e-02 -1.08504854e-02 -9.56963934e-03 -1.18043125e-02 -1.30378939e-02 -1.23126544e-02 -1.17120612e-02 -1.21092815e-02 -1.32235009e-02 -1.26342308e-02 -1.09527633e-02 -1.14710629e-02 -1.26857292e-02 -1.18927155e-02 -9.33411159e-03 -8.94833915e-03 -1.13287363e-02 -1.22108161e-02 -8.66331533e-03 -7.00419769e-03 -9.93010402e-03 -1.36813335e-02 -1.15655232e-02 -8.55097920e-03 -1.17098074e-02 -1.33068971e-02 -1.14655383e-02 -1.19116381e-02 -1.14795305e-02 -1.11683030e-02 -1.29218232e-02 -1.39216166e-02 -1.37231704e-02 -1.16756596e-02 -1.12706143e-02 -9.96162184e-03 -9.86432843e-03 -8.05166364e-03 -8.29284079e-03 -1.22502651e-02 -1.33203380e-02 -1.27053391e-02 -1.32557414e-02 -1.48718078e-02 -1.27401277e-02 -1.07337944e-02 -1.27812903e-02 -1.46038141e-02 -1.37121789e-02 -1.47413518e-02 -1.48365013e-02 -1.16411559e-02 -8.18514079e-03 -1.07240453e-02 -1.69082545e-02 -1.76288858e-02 -1.48742069e-02 -1.21915992e-02 -1.05420705e-02 -1.15279369e-02 -1.17988456e-02 -1.21201873e-02 -1.64614376e-02 -2.05236040e-02 -1.87772196e-02 -1.32219978e-02 -1.15602538e-02 -1.72586571e-02 -1.74201485e-02 -1.24917626e-02 -1.27809606e-02 -1.84020400e-02 -1.78705249e-02 -1.71499848e-02 -1.94788259e-02 -1.48856007e-02 -1.20554939e-02 -1.32438689e-02 -1.62079260e-02 -1.91268045e-02 -1.59447771e-02 -1.10343415e-02 -9.33930837e-03 -1.31932665e-02 -1.81385726e-02 -1.90976616e-02 -1.86955873e-02 -1.62995029e-02 -1.30876508e-02 -9.22318548e-03 -9.23725963e-03 -9.88500193e-03 -1.18817836e-02 -1.39974374e-02 -1.42311789e-02 -1.47003345e-02 -1.27722435e-02 -1.41772889e-02 -1.47356074e-02 -1.70649365e-02 -1.72409024e-02 -1.68471299e-02 -1.46748833e-02 -1.33274328e-02 -1.51607785e-02 -1.25896372e-02 -1.14506278e-02 -8.03337991e-03 -8.84234160e-03 -1.29171666e-02 -1.28791276e-02 -1.08502433e-02 -8.27079266e-03 -6.13998622e-03 -5.16741350e-03 -7.64236413e-03 -7.41039217e-03 -4.02494613e-03 -2.88341660e-03 -4.71880333e-03
-1.46894064e-02 -4.31949738e-03 -3.55685875e-03 -6.65412471e-03 -7.35090300e-03 -9.55890119e-03 -1.05989128e-02 -1.13775637e-02 -1.28739439e-02 -1.14316549e-02 -1.43683236e-02 -1.49212275e-02 -1.32784974e-02 -1.26128085e-02 -1.02299657e-02 -1.08788796e-02 -1.20578073e-02 -1.25175659e-02 -1.23640969e-02 -1.21066663e-02 -8.75539519e-03 -8.41565803e-03 -1.18810702e-02 -1.17618460e-02 -9.61779617e-03 -7.28044845e-03 -8.41357373e-03 -9.49428417e-03 -8.79022293e-03 -9.64084920e-03 -1.02861580e-02 -8.84310622e-03 -8.11841339e-03 -6.45056553e-03 -6.97777048e-03 -1.09834597e-02 -1.11868130e-02 -8.08306225e-03 -1.07108746e-02 -1.45643158e-02 -1.46879647e-02 -1.43955462e-02 -1.18064322e-02 -1.07968375e-02 -9.92596895e-03 -8.65020975e-03 -8.62031244e-03 -1.37765594e-02 -1.48686841e-02 -1.06586237e-02 -9.46887583e-03 -1.27073471e-02 -1.55385779e-02 -1.39749441e-02 -1.14567243e-02 -1.12961140e-02 -1.21008437e-02 -9.56253707e-03 -4.04025242e-03 -5.86021133e-03 -9.42847505e-03 -7.96248950e-03 -8.30527954e-03 -6.66865427e-03 -5.63802943e-03 -6.27003890e-03 -5.49899880e-03 -5.24146855e-03 -8.25295970e-03 -9.38948803e-03 -8.34603794e-03 -8.69487226e-03 -1.31265186e-02 -1.23675596e-02 -5.86006232e-03 -7.76013546e-03 -1.30884834e-02 -8.97870399e-03 -9.33345966e-03 -1.59000326e-02 -1.52073149e-02 -1.15375202e-02 -1.11941621e-02 -1.30121335e-02 -1.49115101e-02 -1.56144798e-02 -1.16953515e-02 -9.77995060e-03 -1.28350332e-02 -1.62924547e-02 -1.47339441e-02 -1.24155432e-02 -1.20511614e-02 -1.19988322e-02 -1.27962343e-02 -1.14539564e-02 -1.10508334e-02 -1.20633654e-02 -9.81495157e-03 -8.07543285e-03 -9.80831683e-03 -1.23828351e-02 -1.28132105e-02 -1.17934085e-02 -1.41110942e-02 -1.25985220e-02 -1.00113526e-02 -1.16489846e-02 -1.25370491e-02 -1.13482978e-02 -1.14463717e-02 -1.29032284e-02 -1.21762026e-02 -1.21262223e-02 -1.10828988e-02 -7.25725666e-03 -9.76745784e-03 -1.26813091e-02 -1.27956457e-02 -1.26289818e-02 -1.12628080e-02 -1.08854789e-02 -1.41863041e-02 -1.67147312e-02 -1.52188912e-02 -1.30096301e-02 -1.29452776e-02 -1.38982870e-02 -1.48240384e-02 -1.59510896e-02 -1.69402994e-02 -1.56684555e-02 -9.48453136e-03 -8.38841498e-03 -1.41889714e-02 -1.76030975e-02 -1.57294478e-02 -1.42098106e-02 -1.32246632e-02 -1.28363408e-02 -1.19309891e-02 -1.16324686e-02 -1.24848578e-02 -1.64042376e-02 -1.74685288e-02 -1.36109404e-02 -1.04503185e-02 -1.21393949e-02 -1.57515071e-02 -1.47503056e-02 -1.47424452e-02 -1.57361701e-02 -1.55895762e-02 -1.68244988e-02 -1.89618506e-02 -1.72576681e-02 -1.42050236e-02 -1.31939687e-02 -1.50570758e-02 -1.85397156e-02 -1.95461642e-02 -1.52995512e-02 -1.08616780e-02 -1.20943952e-02 -1.73593257e-02 -1.84246711e-02 -1.67237539e-02 -1.46259107e-02 -1.22538116e-02 -1.06918290e-02 -1.03948638e-02 -9.04788077e-03 -1.23524740e-02 -1.67209618e-02 -2.01006606e-02 -1.88798010e-02 -1.28192808e-02 -1.40452515e-02 -1.90420318e-02 -1.95947774e-02 -1.72793921e-02 -1.55405495e-02 -1.36938468e-02 -1.31186377e-02 -1.54343043e-02 -1.36071648e-02 -1.04218591e-02 -7.89136626e-03 -7.60939345e-03 -1.24887247e-02 -1.30999051e-02 -1.01607535e-02 -7.64119811e-03 -6.11886196e-03 -6.37174025e-03 -9.94603615e-03 -8.14900920e-03 -2.52084527e-03 -8.19469802e-04 -4.39237338e-03
-1.35926306e-02 -4.33833711e-03 -3.49050201e-03 -7.29453750e-03 -8.98510218e-03 -8.91535357e-03 -1.08909681e-02 -1.32846646e-02 -1.21913850e-02 -9.76433419e-03 -1.34557579e-02 -1.50740314e-02 -1.25161596e-02 -1.11232623e-02 -9.87282582e-03 -9.61649604e-03 -1.21096559e-02 -1.31835509e-02 -1.28020830e-02 -1.12702046e-02 -1.01436917e-02 -8.44928622e-03 -1.01707298e-02 -1.21261170e-02 -1.01969261e-02 -7.97010027e-03 -7.59580545e-03 -8.24334286e-03 -6.79921545e-03 -7.72304647e-03 -1.01867253e-02 -9.15137026e-03 -8.04952905e-03 -7.12492876e-03 -6.41540997e-03 -9.36318003e-03 -1.09362947e-02 -8.05256516e-03 -9.79462638e-03 -1.56987049e-02 -1.81230977e-02 -1.58691164e-02 -1.05580110e-02 -8.44818540e-03 -1.08110514e-02 -1.22529548e-02 -9.96319763e-03 -1.10079199e-02 -1.27443131e-02 -9.57447104e-03 -1.00638848e-02 -1.56911127e-02 -1.87603459e-02 -1.68058388e-02 -1.25976298e-02 -1.19720213e-02 -1.38476938e-02 -1.28098950e-02 -8.15236010e-03 -7.86387548e-03 -8.56093690e-03 -7.54664838e-03 -9.33840312e-03 -8.10700748e-03 -7.24015199e-03 -7.55522400e-03 -5.90534788e-03 -5.92788123e-03 -9.85476375e-03 -1.12738647e-02 -9.06595588e-03 -9.61309671e-03 -1.36566926e-02 -1.34328492e-02 -7.91761838e-03 -1.01694819e-02 -1.65717173e-02 -1.17198098e-02 -8.16401839e-03 -1.38450861e-02 -1.30723082e-02 -9.47217643e-03 -1.26469713e-02 -1.42042246e-02 -1.50018353e-02 -1.78318005e-02 -1.46934558e-02 -1.08034089e-02 -1.26080047e-02 -1.48762409e-02 -1.37837492e-02 -1.24573372e-02 -1.27916168e-02 -1.27369668e-02 -1.42012388e-02 -1.41522437e-02 -1.28009971e-02 -1.31533723e-02 -1.23363081e-02 -1.17006693e-02 -1.16850529e-02 -1.25789177e-02 -1.34577379e-02 -1.44634917e-02 -1.55999698e-02 -1.35862157e-02 -9.64155607e-03 -1.04250256e-02 -1.15722734e-02 -1.16047133e-02 -1.33923553e-02 -1.55429374e-02 -1.31880045e-02 -9.80793685e-03 -1.01821925e-02 -9.68842953e-03 -1.21093988e-02 -1.19994804e-02 -1.27337892e-02 -1.46935936e-02 -1.40899625e-02 -1.31937470e-02 -1.36263855e-02 -1.48303825e-02 -1.48459878e-02 -1.53068155e-02 -1.75193548e-02 -1.70875601e-02 -1.51022077e-02 -1.45204626e-02 -1.52225066e-02 -1.53856836e-02 -1.06378067e-02 -1.15016364e-02 -1.46527421e-02 -1.62154865e-02 -1.57671683e-02 -1.54573210e-02 -1.47905666e-02 -1.52253099e-02 -1.47163812e-02 -1.18737053e-02 -8.23279098e-03 -1.00317113e-02 -1.47287771e-02 -1.38869956e-02 -1.06710643e-02 -1.13826320e-02 -1.76172070e-02 -1.92736574e-02 -1.74240656e-02 -1.47410110e-02 -1.44696049e-02 -1.70822144e-02 -1.86187737e-02 -1.87424794e-02 -1.77376755e-02 -1.60430819e-02 -1.53734721e-02 -1.64089929e-02 -2.00313944e-02 -1.93716567e-02 -1.40662678e-02 -9.78755020e-03 -1.34736467e-02 -1.78874880e-02 -1.44069064e-02 -1.33088063e-02 -1.27922613e-02 -1.07550658e-02 -1.05682090e-02 -1.01609901e-02 -1.52317565e-02 -2.13071723e-02 -2.30704285e-02 -2.04370674e-02 -1.34758521e-02 -1.64146591e-02 -2.33169310e-02 -2.18784567e-02 -1.59187354e-02 -1.24134887e-02 -1.15988608e-02 -1.27099976e-02 -1.50484759e-02 -1.27046239e-02 -9.20596905e-03 -7.59753399e-03 -9.58923809e-03 -1.44595895e-02 -1.38075277e-02 -1.06414072e-02 -7.12120719e-03 -6.17035292e-03 -8.03421903e-03 -1.12578385e-02 -8.57257377e-03 -1.63874403e-03 1.77835114e-04 -3.75132728e-03
-1.28177200e-02 -4.51677106e-03 -4.31385543e-03 -7.94566981e-03 -1.12055168e-02 -1.04255006e-02 -1.13944709e-02 -1.44551527e-02 -1.65652130e-02 -1.22582559e-02 -1.17829274e-02 -1.25574246e-02 -1.16569344e-02 -1.12475250e-02 -1.00420266e-02 -8.83345120e-03 -1.14573967e-02 -1.38779506e-02 -1.30271893e-02 -1.00341067e-02 -1.00133624e-02 -1.03621129e-02 -9.43361223e-03 -1.09034702e-02 -1.00677721e-02 -7.45094009e-03 -6.91556744e-03 -8.35809857e-03 -8.42037611e-03 -8.12079757e-03 -1.01626571e-02 -8.93920753e-03 -7.77440146e-03 -8.75494629e-03 -8.23712908e-03 -9.44378413e-03 -1.04451841e-02 -8.57374072e-03 -1.01702549e-02 -1.55750019e-02 -1.79058574e-02 -1.42569840e-02 -9.59262438e-03 -9.15354118e-03 -1.02823805e-02 -1.05466433e-02 -8.98537599e-03 -1.07277874e-02 -1.17591619e-02 -9.47081484e-03 -1.27903242e-02 -1.98554564e-02 -2.23335549e-02 -1.84064023e-02 -1.21178254e-02 -1.15529820e-02 -1.51892249e-02 -1.52096283e-02 -1.24222711e-02 -1.27112828e-02 -1.21993944e-02 -9.81556438e-03 -1.12650339e-02 -1.00769624e-02 -8.75578355e-03 -7.90817663e-03 -6.61306735e-03 -7.49657117e-03 -1.10377353e-02 -1.13669336e-02 -9.68902558e-03 -1.04417652e-02 -1.37641802e-02 -1.50645263e-02 -1.17956307e-02 -1.46703497e-02 -1.97355617e-02 -1.44700501e-02 -9.51949507e-03 -1.37092732e-02 -1.64428838e-02 -1.29924659e-02 -1.06914695e-02 -1.08991470e-02 -1.52845737e-02 -2.04387493e-02 -1.88290998e-02 -1.54085513e-02 -1.30855795e-02 -1.10222474e-02 -9.90600325e-03 -1.05751082e-02 -1.35947522e-02 -1.44217145e-02 -1.45735815e-02 -1.41323768e-02 -1.52554307e-02 -1.67471208e-02 -1.48328915e-02 -1.40011664e-02 -1.49644967e-02 -1.43123269e-02 -1.37792919e-02 -1.54711325e-02 -1.65528003e-02 -1.55482199e-02 -1.33604128e-02 -1.22167263e-02 -9.75575112e-03 -9.51902941e-03 -1.45061966e-02 -1.72550939e-02 -1.37015097e-02 -8.83023813e-03 -1.12648159e-02 -1.67082213e-02 -1.55634470e-02 -1.23727787e-02 -1.18113440e-02 -1.76114384e-02 -1.73770599e-02 -1.52376555e-02 -1.54049285e-02 -1.56286880e-02 -1.59890298e-02 -1.92042720e-02 -2.09986009e-02 -1.89233944e-02 -1.54870078e-02 -1.16308350e-02 -1.13711152e-02 -1.45321675e-02 -1.26610268e-02 -1.29296035e-02 -1.51745025e-02 -1.54086072e-02 -1.36635639e-02 -1.39381662e-02 -1.50770284e-02 -1.26686320e-02 -1.42375994e-02 -1.48811266e-02 -1.08836852e-02 -8.93471763e-03 -1.42914169e-02 -1.56119391e-02 -1.56472363e-02 -1.54295452e-02 -1.88317932e-02 -1.85983069e-02 -1.62219703e-02 -1.42474957e-02 -1.61417946e-02 -1.78628080e-02 -1.79814845e-02 -1.95763856e-02 -2.04852503e-02 -1.79005209e-02 -1.35332905e-02 -1.45457946e-02 -2.03998014e-02 -2.18010638e-02 -1.53517518e-02 -8.33975524e-03 -9.54992324e-03 -1.28328260e-02 -1.14322584e-02 -1.20622199e-02 -1.29384603e-02 -1.42261814e-02 -1.49432365e-02 -1.77839492e-02 -2.10199710e-02 -2.15728674e-02 -1.93168335e-02 -1.83398202e-02 -1.41880941e-02 -1.71352904e-02 -2.39222683e-02 -2.11288836e-02 -1.62938721e-02 -1.34113971e-02 -1.10439491e-02 -1.10187586e-02 -1.14494618e-02 -1.17765255e-02 -9.82847624e-03 -1.08923838e-02 -1.26906820e-02 -1.50165930e-02 -1.38021018e-02 -1.03823077e-02 -6.06855936e-03 -6.28920831e-03 -9.26019903e-03 -1.05353864e-02 -7.19874352e-03 -1.41506083e-03 -3.22279520e-04 -4.02646465e-03
-1.10904593e-02 -5.04298974e-03 -5.58365323e-03 -8.87803920e-03 -1.15139280e-02 -1.01266727e-02 -1.28946174e-02 -1.50481742e-02 -1.69148576e-02 -1.40830949e-02 -1.02834888e-02 -9.14870948e-03 -1.02967769e-02 -1.19797606e-02 -1.36943925e-02 -1.31124761e-02 -1.22149922e-02 -1.07823536e-02 -1.11277159e-02 -9.43501480e-03 -9.82980058e-03 -1.27950190e-02 -1.05902124e-02 -7.84014165e-03 -8.40072893e-03 -7.53826648e-03 -6.33138977e-03 -7.76015781e-03 -9.77339316e-03 -9.92167089e-03 -1.02340505e-02 -7.91008957e-03 -5.57610765e-03 -8.79627746e-03 -1.02999266e-02 -9.34926514e-03 -1.04939612e-02 -1.07117174e-02 -1.08429994e-02 -1.22101903e-02 -1.55735742e-02 -1.38198286e-02 -1.02899224e-02 -1.10622067e-02 -1.05797984e-02 -9.00804810e-03 -9.28782858e-03 -1.38161294e-02 -1.53612867e-02 -1.11540947e-02 -1.15334950e-02 -1.96156129e-02 -2.30063703e-02 -2.03184579e-02 -1.18598174e-02 -1.04986448e-02 -1.55471861e-02 -1.65192056e-02 -1.49061978e-02 -1.62542947e-02 -1.57252066e-02 -1.32126715e-02 -1.19700227e-02 -9.18635167e-03 -7.35895149e-03 -7.56566692e-03 -6.91646524e-03 -8.64060968e-03 -1.26993675e-02 -1.26304738e-02 -1.08061321e-02 -1.16582457e-02 -1.47240721e-02 -1.61123239e-02 -1.57258846e-02 -1.53804272e-02 -1.84213929e-02 -1.76667254e-02 -1.34728607e-02 -1.48558225e-02 -2.11340170e-02 -2.09907740e-02 -1.30349696e-02 -7.37902150e-03 -1.25738475e-02 -1.78888403e-02 -1.66354515e-02 -1.38457380e-02 -1.23297181e-02 -1.12606455e-02 -1.17288101e-02 -1.10810772e-02 -1.35308467e-02 -1.39413886e-02 -1.52152162e-02 -1.69735253e-02 -2.05209628e-02 -1.66679304e-02 -1.40961930e-02 -1.43294297e-02 -1.50980912e-02 -1.26225036e-02 -1.20762605e-02 -1.44577231e-02 -1.65826306e-02 -1.63906813e-02 -1.49098597e-02 -1.25424862e-02 -8.18529911e-03 -6.60640746e-03 -1.31113846e-02 -1.75072160e-02 -1.57971773e-02 -1.10014677e-02 -1.32253990e-02 -1.95649341e-02 -1.69340596e-02 -1.36342738e-02 -1.36425216e-02 -1.62889548e-02 -1.65615212e-02 -1.64167397e-02 -1.69028100e-02 -1.41914599e-02 -1.42021347e-02 -1.86706092e-02 -2.05039252e-02 -1.90818850e-02 -1.86212026e-02 -1.63000189e-02 -1.41263418e-02 -1.58586316e-02 -1.41126756e-02 -1.35671459e-02 -1.48028657e-02 -1.62628889e-02 -1.58202834e-02 -1.28222629e-02 -1.05103776e-02 -9.16760415e-03 -1.23284180e-02 -1.74620375e-02 -1.69117134e-02 -1.28174014e-02 -1.51223987e-02 -1.67374164e-02 -1.66654661e-02 -1.65129527e-02 -1.94406435e-02 -1.80206224e-02 -1.78457461e-02 -1.72628760e-02 -1.65020041e-02 -1.51383579e-02 -1.38375834e-02 -1.57815218e-02 -1.80015638e-02 -1.53138787e-02 -1.22614317e-02 -1.30624659e-02 -1.68651212e-02 -1.96116716e-02 -1.81500204e-02 -1.20812319e-02 -9.83572006e-03 -1.02992505e-02 -8.10160115e-03 -1.14942659e-02 -1.57169048e-02 -1.56559460e-02 -1.62769593e-02 -2.14586500e-02 -2.25560237e-02 -1.70483235e-02 -1.48964692e-02 -1.73443519e-02 -1.53114237e-02 -1.74991060e-02 -2.12629251e-02 -1.86264273e-02 -1.61987245e-02 -1.48800202e-02 -1.24310125e-02 -1.12588964e-02 -1.06174853e-02 -1.01752635e-02 -9.72772948e-03 -1.16552357e-02 -1.42465942e-02 -1.53415836e-02 -1.29085220e-02 -9.45745967e-03 -7.25735910e-03 -6.55283034e-03 -7.86071364e-03 -8.23994353e-03 -6.27227686e-03 -2.69384868e-03 -1.29753444e-03 -4.58398554e-03
-9.80377197e-03 -6.40048832e-03 -7.53195584e-03 -9.32342187e-03 -1.11623034e-02 -1.02178715e-02 -1.39646549e-02 -1.39795002e-02 -1.55995917e-02 -1.29528828e-02 -1.02052148e-02 -8.44587758e-03 -9.24540311e-03 -1.14107002e-02 -1.53808994e-02 -1.55303059e-02 -1.20883789e-02 -8.63338448e-03 -8.82065669e-03 -8.33974779e-03 -9.65509005e-03 -1.28162410e-02 -1.04613509e-02 -7.79592246e-03 -8.10674578e-03 -7.33565353e-03 -5.37305139e-03 -7.09653646e-03 -9.47698206e-03 -1.04168877e-02 -9.87086352e-03 -8.75033159e-03 -6.65791146e-03 -8.86574294e-03 -1.18278693e-02 -1.05209155e-02 -9.44403838e-03 -8.60603154e-03 -9.64919478e-03 -9.86392051e-03 -1.43522564e-02 -1.40644852e-02 -1.15073435e-02 -1.22540053e-02 -1.14031173e-02 -1.06077287e-02 -1.22105461e-02 -1.61560886e-02 -1.73210856e-02 -1.19466167e-02 -1.11857168e-02 -1.89203192e-02 -2.36152075e-02 -2.12808494e-02 -1.52409412e-02 -1.28750261e-02 -1.56377796e-02 -1.52443778e-02 -1.29566435e-02 -1.61463451e-02 -1.63486116e-02 -1.58697069e-02 -1.43902488e-02 -1.00922473e-02 -7.35391304e-03 -5.67100011e-03 -5.10207564e-03 -8.90861638e-03 -1.40523221e-02 -1.37189422e-02 -1.23429224e-02 -1.41151417e-02 -1.48478728e-02 -1.46957077e-02 -1.54234450e-02 -1.45713501e-02 -2.04183534e-02 -2.08705161e-02 -1.65778417e-02 -1.53284315e-02 -2.12843791e-02 -2.62878239e-02 -1.99641399e-02 -1.10875107e-02 -1.11661106e-02 -1.28233097e-02 -1.30765960e-02 -1.41037907e-02 -1.40782800e-02 -1.39537565e-02 -1.36002563e-02 -1.42011847e-02 -1.69423353e-02 -1.74917579e-02 -1.84277464e-02 -1.81792416e-02 -2.02809051e-02 -1.62782650e-02 -1.35083161e-02 -1.50255933e-02 -1.52977072e-02 -1.31896604e-02 -1.43554509e-02 -1.88288931e-02 -2.08299253e-02 -1.85304508e-02 -1.49008650e-02 -1.15357991e-02 -8.80568475e-03 -7.13421777e-03 -1.12529006e-02 -1.48513187e-02 -1.69639457e-02 -1.61125772e-02 -1.81392338e-02 -2.25825943e-02 -1.94094293e-02 -1.57336090e-02 -1.70495752e-02 -1.68898609e-02 -1.53343417e-02 -1.59532893e-02 -1.68787204e-02 -1.69240460e-02 -1.47396903e-02 -1.49236321e-02 -1.53944306e-02 -1.65901408e-02 -1.79985650e-02 -1.75253041e-02 -1.70947146e-02 -1.80648863e-02 -1.56141259e-02 -1.30682439e-02 -1.10333767e-02 -1.57283414e-02 -1.94798503e-02 -1.71591975e-02 -1.34210680e-02 -7.80068338e-03 -1.11472271e-02 -1.73597317e-02 -1.93361696e-02 -1.64627992e-02 -1.51076391e-02 -1.53432041e-02 -1.77540369e-02 -1.86546035e-02 -1.88128911e-02 -1.59819238e-02 -1.50635615e-02 -1.61742494e-02 -1.54542886e-02 -1.42923258e-02 -1.20071173e-02 -1.11130215e-02 -1.17414743e-02 -1.04421973e-02 -1.08604245e-02 -1.12798624e-02 -1.37283802e-02 -1.78360473e-02 -1.87392142e-02 -1.77935362e-02 -1.33627318e-02 -9.10599157e-03 -7.96946883e-03 -1.27570555e-02 -1.84729081e-02 -1.58177074e-02 -1.59360394e-02 -1.93587728e-02 -1.91802755e-02 -1.38358697e-02 -1.41077172e-02 -1.78702399e-02 -1.70353614e-02 -1.63013078e-02 -1.62171051e-02 -1.60373785e-02 -1.63243357e-02 -1.54327881e-02 -1.53870042e-02 -1.48253012e-02 -1.31930169e-02 -1.15591604e-02 -1.04270633e-02 -1.08874291e-02 -1.34559218e-02 -1.48345008e-02 -1.14707313e-02 -8.92676227e-03 -8.22381675e-03 -5.21196052e-03 -6.25426136e-03 -7.84775894e-03 -6.89272955e-03 -3.79395206e-03 -1.36858318e-03 -4.12628101e-03
-1.10988980e-02 -7.09975790e-03 -8.30510538e-03 -9.69516113e-03 -1.06514376e-02 -1.09844171e-02 -1.44884475e-02 -1.18059330e-02 -1.31137799e-02 -1.10032279e-02 -1.01109166e-02 -1.08633116e-02 -8.94257799e-03 -1.00498740e-02 -1.45656941e-02 -1.56013621e-02 -1.26325302e-02 -1.00063309e-02 -7.80290179e-03 -6.31866977e-03 -8.86074640e-03 -1.28539130e-02 -1.15407752e-02 -8.89510661e-03 -8.10644031e-03 -6.66536577e-03 -5.55699319e-03 -7.00095855e-03 -9.22627747e-03 -9.74561740e-03 -8.82741902e-03 -9.99586377e-03 -9.13664233e-03 -8.92208610e-03 -1.06095430e-02 -1.07678790e-02 -8.62184633e-03 -6.04573078e-03 -8.31974484e-03 -1.05146728e-02 -1.37652494e-02 -1.27912536e-02 -1.04820598e-02 -1.14282221e-02 -1.15388595e-02 -1.11397728e-02 -1.14493109e-02 -1.46218743e-02 -1.84928123e-02 -1.45573821e-02 -1.29729174e-02 -1.84072927e-02 -2.29374077e-02 -2.15358585e-02 -1.52818188e-02 -1.45467948e-02 -1.79487914e-02 -1.50969960e-02 -1.17985234e-02 -1.37676820e-02 -1.51162036e-02 -1.57534964e-02 -1.41798500e-02 -1.07813627e-02 -7.75108486e-03 -6.13112375e-03 -4.76806797e-03 -8.37590173e-03 -1.42683145e-02 -1.61609612e-02 -1.64795648e-02 -1.66045651e-02 -1.32774077e-02 -9.47212800e-03 -1.34099126e-02 -1.64311342e-02 -2.14536451e-02 -1.97310653e-02 -1.49315260e-02 -1.45922452e-02 -1.92118417e-02 -2.27228887e-02 -2.02494767e-02 -1.42993554e-02 -1.10435504e-02 -8.44246335e-03 -7.14625046e-03 -1.08141769e-02 -1.33639164e-02 -1.34617705e-02 -1.12090316e-02 -1.23034026e-02 -1.83912385e-02 -2.13956647e-02 -2.00358350e-02 -1.71976332e-02 -1.80317853e-02 -1.53480209e-02 -1.50285307e-02 -1.68994274e-02 -1.68822780e-02 -1.59997959e-02 -1.79585479e-02 -2.15200558e-02 -2.26101168e-02 -1.96496081e-02 -1.63630899e-02 -1.41057018e-02 -1.23214982e-02 -8.15028697e-03 -9.82480869e-03 -1.05651524e-02 -1.50162410e-02 -1.59533899e-02 -1.67362411e-02 -1.97322872e-02 -1.71659384e-02 -1.55021697e-02 -1.96874831e-02 -2.00223960e-02 -1.83045678e-02 -1.75142121e-02 -1.65868942e-02 -1.59986578e-02 -1.45307034e-02 -1.27413459e-02 -1.16009600e-02 -1.43013801e-02 -1.63953435e-02 -1.80347245e-02 -1.87339522e-02 -1.88909993e-02 -1.66553725e-02 -1.45839490e-02 -1.07917264e-02 -1.22255962e-02 -1.91541761e-02 -1.92484707e-02 -1.55192949e-02 -1.14559084e-02 -1.30399242e-02 -1.90997198e-02 -2.25219689e-02 -1.98182464e-02 -1.35648549e-02 -1.41824409e-02 -1.73616372e-02 -1.72882266e-02 -1.57172754e-02 -1.15545914e-02 -9.52242315e-03 -1.24521405e-02 -1.30623281e-02 -1.48136765e-02 -1.43334046e-02 -1.04100667e-02 -8.83795694e-03 -6.95380569e-03 -9.90715623e-03 -1.23503879e-02 -1.33427456e-02 -1.62374750e-02 -1.83389504e-02 -1.80430319e-02 -1.50409229e-02 -1.10565536e-02 -1.30233448e-02 -1.64229069e-02 -1.86567027e-02 -1.61164775e-02 -1.55832823e-02 -1.72331389e-02 -1.45254750e-02 -1.41937081e-02 -1.68710053e-02 -1.98120512e-02 -1.64108649e-02 -1.53585318e-02 -1.28607992e-02 -1.30163226e-02 -1.42382272e-02 -1.59386192e-02 -1.89071521e-02 -1.92686133e-02 -1.72690731e-02 -1.31473914e-02 -1.02415290e-02 -1.02753974e-02 -1.14825293e-02 -1.45483799e-02 -1.27617177e-02 -1.00137927e-02 -5.74238226e-03 -3.82299349e-03 -5.06202318e-03 -6.13777153e-03 -7.17552658e-03 -4.36137989e-03 -1.32551976e-03 -3.76792904e-03
-1.03733232e-02 -6.41511288e-03 -8.74809176e-03 -1.02013275e-02 -1.17821004e-02 -1.21044908e-02 -1.51219722e-02 -1.20922960e-02 -1.15789697e-02 -8.96133855e-03 -1.10043045e-02 -1.39570031e-02 -9.10972990e-03 -7.05347955e-03 -1.13438517e-02 -1.43241147e-02 -1.23401899e-02 -1.01859048e-02 -9.24281217e-03 -6.80383295e-03 -8.75890441e-03 -1.24516198e-02 -1.14891669e-02 -9.02733020e-03 -8.04045796e-03 -8.27135146e-03 -8.86869244e-03 -1.03117563e-02 -1.12050818e-02 -9.14322305e-03 -5.92963398e-03 -7.59586878e-03 -9.35440231e-03 -9.32704564e-03 -1.10416785e-02 -1.08270152e-02 -7.75097311e-03 -3.97531316e-03 -6.16321340e-03 -8.86324234e-03 -1.29469819e-02 -1.17014274e-02 -1.06314775e-02 -1.27118919e-02 -1.19656157e-02 -9.34384391e-03 -1.04680099e-02 -1.59412064e-02 -2.07776558e-02 -1.73272248e-02 -1.52386799e-02 -1.89350192e-02 -1.99848469e-02 -1.70924962e-02 -1.42847430e-02 -1.55022889e-02 -1.92474332e-02 -1.48458183e-02 -1.29758492e-02 -1.22373961e-02 -1.44991130e-02 -1.51514541e-02 -1.35798100e-02 -1.18590090e-02 -1.08438749e-02 -9.27801058e-03 -5.75468130e-03 -7.46641122e-03 -1.52837709e-02 -1.85294971e-02 -1.66325662e-02 -1.60853844e-02 -1.46325640e-02 -1.14156120e-02 -1.15048401e-02 -1.36209615e-02 -2.18041036e-02 -2.11204980e-02 -1.57307833e-02 -1.38357207e-02 -1.65263936e-02 -1.89798027e-02 -1.73128899e-02 -1.39600113e-02 -1.19394287e-02 -1.13313012e-02 -1.06772240e-02 -1.30428225e-02 -1.49391051e-02 -1.51116438e-02 -1.08912252e-02 -8.48522037e-03 -1.60579868e-02 -2.07304955e-02 -2.03543566e-02 -1.90681387e-02 -1.76943857e-02 -1.57529209e-02 -1.57857183e-02 -1.43936239e-02 -1.57774854e-02 -1.96539070e-02 -2.34153941e-02 -2.25047246e-02 -1.95725001e-02 -2.00140942e-02 -1.82705913e-02 -1.42324232e-02 -1.20183416e-02 -9.88076627e-03 -1.29915792e-02 -1.43430401e-02 -1.30254552e-02 -1.21694654e-02 -1.35330558e-02 -1.87983736e-02 -1.74237452e-02 -1.60870738e-02 -2.13381089e-02 -2.19554435e-02 -1.82777680e-02 -1.70234554e-02 -1.53571349e-02 -1.46115255e-02 -1.53425187e-02 -1.59476623e-02 -1.37290563e-02 -1.33499615e-02 -1.48284268e-02 -1.38291158e-02 -1.34035312e-02 -1.55727677e-02 -1.69812888e-02 -1.78096388e-02 -1.48924496e-02 -1.25425383e-02 -1.65629517e-02 -1.90940220e-02 -1.84561312e-02 -1.51558444e-02 -1.53419115e-02 -2.00328734e-02 -2.13615652e-02 -1.78140476e-02 -1.42060779e-02 -1.59667879e-02 -1.75910927e-02 -1.57251321e-02 -1.37931220e-02 -1.03768930e-02 -6.22306764e-03 -8.77486542e-03 -1.31758898e-02 -1.83693990e-02 -1.75552778e-02 -1.08737424e-02 -8.37568939e-03 -8.38266313e-03 -1.14257149e-02 -1.48247406e-02 -1.70421004e-02 -1.70413330e-02 -1.82233378e-02 -1.73347183e-02 -1.56020969e-02 -1.38068907e-02 -1.61988921e-02 -1.90111008e-02 -1.92550793e-02 -1.60314422e-02 -1.69613343e-02 -1.27371922e-02 -9.73242149e-03 -1.25600472e-02 -1.73116047e-02 -1.82231031e-02 -1.43943764e-02 -1.30293556e-02 -1.16116423e-02 -1.19715128e-02 -1.46878026e-02 -1.55205615e-02 -1.91452764e-02 -1.88726634e-02 -1.67600438e-02 -1.60227641e-02 -1.41484998e-02 -1.34255830e-02 -1.16831623e-02 -1.43860169e-02 -1.39868595e-02 -1.13978218e-02 -8.48781131e-03 -4.40140255e-03 -4.56454419e-03 -3.90340853e-03 -4.83186636e-03 -4.95010894e-03 -9.52407718e-04 -3.94592015e-03
-1.15004107e-02 -5.58865815e-03 -6.91993162e-03 -8.84883106e-03 -1.37520414e-02 -1.40251927e-02 -1.42490026e-02 -1.20950732e-02 -1.06731039e-02 -9.96809080e-03 -1.14820469e-02 -1.56939123e-02 -9.82293487e-03 -6.79432414e-03 -1.03761479e-02 -1.25729684e-02 -9.61768255e-03 -9.85995308e-03 -1.04373023e-02 -7.86251761e-03 -8.90905596e-03 -1.18497787e-02 -1.09265074e-02 -9.53235477e-03 -7.90165365e-03 -6.94724359e-03 -7.76458345e-03 -1.00777019e-02 -1.13160210e-02 -7.34101050e-03 -3.84175777e-03 -6.66786171e-03 -9.74991638e-03 -1.01250177e-02 -1.19338101e-02 -1.09275542e-02 -9.41096433e-03 -6.59663603e-03 -7.76590221e-03 -9.13369283e-03 -1.03618782e-02 -9.50432755e-03 -9.51052643e-03 -1.40372124e-02 -1.25845186e-02 -9.83415172e-03 -1.12556666e-02 -1.61198787e-02 -2.06422582e-02 -1.95085872e-02 -1.71136819e-02 -1.78176332e-02 -1.48965567e-02 -1.27046742e-02 -1.37738623e-02 -1.61412247e-02 -1.93487331e-02 -1.57300271e-02 -1.33644231e-02 -1.35347061e-02 -1.47843920e-02 -1.55336894e-02 -1.45634525e-02 -1.33442283e-02 -1.22919083e-02 -1.09940153e-02 -6.95029274e-03 -8.25233012e-03 -1.58039667e-02 -1.88038480e-02 -1.52607039e-02 -1.64777972e-02 -1.94441993e-02 -1.70785673e-02 -1.34193115e-02 -1.34198107e-02 -2.09104195e-02 -2.06343867e-02 -1.72813646e-02 -1.56800635e-02 -1.65614039e-02 -1.77663751e-02 -1.43852066e-02 -1.11804176e-02 -1.30309556e-02 -1.65789593e-02 -1.42268520e-02 -1.33231189e-02 -1.72464680e-02 -1.92077365e-02 -1.63646657e-02 -1.15492232e-02 -1.17001757e-02 -1.49256624e-02 -1.84130240e-02 -2.05979813e-02 -1.79184116e-02 -1.32868737e-02 -1.40320286e-02 -1.36474706e-02 -1.40283890e-02 -1.79663282e-02 -2.20586304e-02 -2.18301676e-02 -1.92881580e-02 -1.91932078e-02 -1.68991685e-02 -1.25220716e-02 -1.24258101e-02 -1.54688675e-02 -2.07246561e-02 -1.85917206e-02 -1.44367199e-02 -1.26712359e-02 -1.41196400e-02 -1.75779052e-02 -1.43773239e-02 -1.40211843e-02 -2.08429657e-02 -2.18343306e-02 -1.79768484e-02 -1.63994003e-02 -1.38239600e-02 -1.35661028e-02 -1.66098531e-02 -1.71369854e-02 -1.56104099e-02 -1.42662767e-02 -1.25446767e-02 -1.07870176e-02 -9.23543796e-03 -1.11775436e-02 -1.49486214e-02 -1.73171051e-02 -2.00877320e-02 -1.73071790e-02 -1.47434510e-02 -1.41479224e-02 -1.69798210e-02 -1.84996277e-02 -1.70018300e-02 -1.69216096e-02 -1.95352621e-02 -1.74496062e-02 -1.42963082e-02 -1.60783753e-02 -1.36880241e-02 -1.15318596e-02 -1.34467520e-02 -1.18554905e-02 -7.38394260e-03 -9.50796157e-03 -1.27948523e-02 -1.49300061e-02 -1.42582320e-02 -1.18848719e-02 -1.28702745e-02 -1.38020962e-02 -1.46104582e-02 -1.78939253e-02 -1.75073184e-02 -1.59744658e-02 -1.82613581e-02 -1.97224617e-02 -1.68802850e-02 -1.34480894e-02 -1.37119256e-02 -1.57779325e-02 -1.71785932e-02 -1.50015932e-02 -1.59293152e-02 -1.26851052e-02 -1.01756677e-02 -1.29710939e-02 -1.63406078e-02 -1.68408491e-02 -1.36248432e-02 -1.21498834e-02 -1.27498228e-02 -1.39619019e-02 -1.25256721e-02 -1.23565588e-02 -1.75739005e-02 -1.70891434e-02 -1.48683824e-02 -1.73405576e-02 -1.76808815e-02 -1.70031376e-02 -1.23535134e-02 -1.27272978e-02 -1.35559570e-02 -1.20718088e-02 -7.64608569e-03 -4.98473644e-03 -5.72065823e-03 -3.91217228e-03 -4.09401208e-03 -5.04669361e-03 -5.79332002e-04 -3.07079358e-03
-1.29616419e-02 -6.62431121e-03 -5.67670446e-03 -8.42010789e-03 -1.33259166e-02 -1.41551569e-02 -1.44470520e-02 -1.21410545e-02 -1.71107762e-02 -1.82995591e-02 -1.18877739e-02 -1.02258623e-02 -9.56648774e-03 -8.38612020e-03 -1.04711503e-02 -1.05345882e-02 -7.83861428e-03 -9.66109335e-03 -1.15619078e-02 -9.24656913e-03 -9.82075930e-03 -1.23899179e-02 -1.07431449e-02 -9.22777317e-03 -7.01040961e-03 -6.22574240e-03 -7.98821263e-03 -9.46299732e-03 -1.05906082e-02 -8.00485350e-03 -4.69967909e-03 -5.46797179e-03 -8.54188669e-03 -1.01036690e-02 -1.11993896e-02 -9.90486983e-03 -8.56257044e-03 -7.60822184e-03 -7.16289878e-03 -7.98766129e-03 -8.55580717e-03 -8.93387757e-03 -8.26320052e-03 -1.23204999e-02 -1.46352667e-02 -1.38266906e-02 -1.32781900e-02 -1.64868198e-02 -1.93110649e-02 -1.91956386e-02 -1.50613710e-02 -1.40689164e-02 -1.05425268e-02 -1.11421235e-02 -1.48706362e-02 -1.65051334e-02 -1.80048794e-02 -1.64884143e-02 -1.44518688e-02 -1.63715184e-02 -1.54137667e-02 -1.48358326e-02 -1.65847745e-02 -1.59899909e-02 -1.43218450e-02 -1.18726771e-02 -7.43140280e-03 -9.46802273e-03 -1.70965362e-02 -1.80178452e-02 -1.58698522e-02 -1.48674604e-02 -1.89605858e-02 -1.76033005e-02 -1.39444098e-02 -1.58682391e-02 -2.11226493e-02 -1.93334147e-02 -1.71634443e-02 -1.64929312e-02 -1.65455770e-02 -1.51434876e-02 -1.22208148e-02 -8.75275955e-03 -1.14403870e-02 -1.86296981e-02 -1.67426318e-02 -1.30429342e-02 -1.40436348e-02 -1.43134929e-02 -1.51014421e-02 -1.42028872e-02 -1.40852202e-02 -1.19771734e-02 -1.67090688e-02 -2.01334693e-02 -1.61564611e-02 -1.09465867e-02 -1.25970282e-02 -1.61124002e-02 -1.14712454e-02 -1.43954623e-02 -2.04312466e-02 -2.20496301e-02 -1.96477417e-02 -1.79268606e-02 -1.56612247e-02 -1.36754103e-02 -1.49916708e-02 -1.67496111e-02 -2.21726466e-02 -2.37440057e-02 -1.83264781e-02 -1.32391565e-02 -1.17932372e-02 -1.25742592e-02 -1.12218708e-02 -1.37368105e-02 -1.90432183e-02 -2.22385768e-02 -1.95598267e-02 -1.41133629e-02 -1.04150213e-02 -1.06073879e-02 -1.49390679e-02 -1.59003977e-02 -1.55128594e-02 -1.63946338e-02 -1.39525812e-02 -1.00199841e-02 -1.03715397e-02 -1.04967020e-02 -1.50089487e-02 -1.91896800e-02 -2.29474679e-02 -2.41558421e-02 -1.92320012e-02 -1.50470696e-02 -1.74741447e-02 -2.15078294e-02 -1.68622173e-02 -1.21841580e-02 -1.21907368e-02 -1.36924423e-02 -1.29639357e-02 -1.18342787e-02 -1.10967830e-02 -1.07590295e-02 -1.15939602e-02 -7.25092739e-03 -3.94225493e-03 -8.51780921e-03 -1.46778859e-02 -1.32355094e-02 -1.29648782e-02 -1.37671493e-02 -1.34081468e-02 -1.21987946e-02 -1.57701895e-02 -1.97202377e-02 -1.79555118e-02 -1.54529475e-02 -1.70876794e-02 -2.05945037e-02 -1.96247436e-02 -1.71423573e-02 -1.47351548e-02 -1.66807324e-02 -1.68585330e-02 -1.15460679e-02 -1.30585860e-02 -1.22305192e-02 -1.05484985e-02 -1.20004863e-02 -1.22869741e-02 -1.25414636e-02 -1.20803621e-02 -1.26833413e-02 -1.37755852e-02 -1.60196312e-02 -1.42649245e-02 -1.09383725e-02 -1.68129429e-02 -1.83082111e-02 -1.58243179e-02 -1.86352208e-02 -1.92706566e-02 -1.89601276e-02 -1.38861500e-02 -1.13621801e-02 -1.20648872e-02 -1.12103503e-02 -9.88288224e-03 -7.23776221e-03 -5.58556244e-03 -4.55118343e-03 -2.99345516e-03 -3.06043960e-03 5.68160787e-04 -2.71240529e-03
-1.30753107e-02 -6.40428625e-03 -8.62997957e-03 -9.73731373e-03 -1.07793137e-02 -1.19777415e-02 -1.34899467e-02 -1.17454249e-02 -1.70808714e-02 -1.92854367e-02 -1.09413099e-02 -7.47981481e-03 -1.02036763e-02 -1.11390669e-02 -1.19330324e-02 -1.03125814e-02 -8.66399705e-03 -1.02281645e-02 -1.11240279e-02 -8.70519876e-03 -9.98088904e-03 -1.17658414e-02 -1.11578051e-02 -8.68419372e-03 -5.29711880e-03 -4.87451814e-03 -8.05791840e-03 -9.83121805e-03 -1.01843430e-02 -8.69715773e-03 -6.19683228e-03 -5.06920926e-03 -6.90980256e-03 -1.10246101e-02 -1.15934303e-02 -9.39053297e-03 -8.91965628e-03 -8.93669203e-03 -7.91857205e-03 -8.55454989e-03 -9.25520994e-03 -8.74864869e-03 -6.96389005e-03 -1.12974979e-02 -1.48110706e-02 -1.64455697e-02 -1.66323464e-02 -2.08064336e-02 -2.19195597e-02 -1.53874122e-02 -1.18911900e-02 -1.11826248e-02 -9.04116035e-03 -9.79112834e-03 -1.33175552e-02 -1.35444254e-02 -1.47062838e-02 -1.80856213e-02 -1.51283406e-02 -1.39022321e-02 -1.34823695e-02 -1.31550375e-02 -1.42012779e-02 -1.38104670e-02 -1.37429647e-02 -1.22473240e-02 -9.45157371e-03 -1.08722411e-02 -1.67458653e-02 -1.60918850e-02 -1.32426191e-02 -1.20125823e-02 -1.60305500e-02 -1.72658972e-02 -1.64922662e-02 -1.81969255e-02 -1.90423243e-02 -1.48818456e-02 -1.39053129e-02 -1.58760324e-02 -1.55610014e-02 -1.41198356e-02 -1.18931644e-02 -9.81551409e-03 -1.39907785e-02 -1.89704485e-02 -1.85893420e-02 -1.39141027e-02 -1.15199611e-02 -1.19997449e-02 -1.59489289e-02 -1.90965235e-02 -1.68680493e-02 -1.11112818e-02 -1.17272474e-02 -1.54453851e-02 -1.33394264e-02 -1.16762482e-02 -1.66634824e-02 -1.89759843e-02 -1.29258931e-02 -1.13689564e-02 -1.66741982e-02 -1.93772484e-02 -1.87404510e-02 -1.71191320e-02 -1.52655281e-02 -1.37029551e-02 -1.68866627e-02 -2.00729873e-02 -2.23927535e-02 -2.14101076e-02 -1.85985193e-02 -1.49741862e-02 -1.32858753e-02 -1.24219954e-02 -9.26848873e-03 -1.10946707e-02 -1.71690565e-02 -1.95367169e-02 -1.64352134e-02 -1.03964917e-02 -7.25012273e-03 -1.32925101e-02 -1.94124319e-02 -1.88352428e-02 -1.58556644e-02 -1.58576742e-02 -1.48427319e-02 -1.21962912e-02 -1.25377141e-02 -1.49488747e-02 -1.87994428e-02 -1.92179475e-02 -2.04036906e-02 -2.27949750e-02 -2.27272939e-02 -1.75237991e-02 -1.72167383e-02 -2.13894993e-02 -1.37478337e-02 -7.18584657e-03 -7.46749714e-03 -1.05464682e-02 -1.01489834e-02 -9.46502760e-03 -8.98322463e-03 -1.34721696e-02 -1.44084655e-02 -5.96775860e-03 -2.93809921e-04 -4.54925373e-03 -1.01193972e-02 -8.84969160e-03 -1.10129602e-02 -1.27104707e-02 -1.14026032e-02 -9.20589641e-03 -1.31529160e-02 -1.89405680e-02 -1.71726383e-02 -1.52225122e-02 -1.60519816e-02 -1.73427481e-02 -1.83787458e-02 -1.90486312e-02 -1.73928402e-02 -1.93942729e-02 -2.04849076e-02 -1.35975275e-02 -1.14221238e-02 -1.19692981e-02 -9.84939933e-03 -9.58421081e-03 -1.00070871e-02 -1.22224987e-02 -1.30724367e-02 -1.31096821e-02 -1.29326619e-02 -1.33891907e-02 -1.32214054e-02 -1.19640902e-02 -1.72644686e-02 -1.96977388e-02 -1.75425019e-02 -1.78149845e-02 -1.85010508e-02 -2.06262413e-02 -1.91602800e-02 -1.44364480e-02 -1.13802198e-02 -9.49244387e-03 -8.80620256e-03 -7.19189644e-03 -6.75127842e-03 -5.76213934e-03 -3.21141724e-03 -1.61702931e-03 1.31626893e-03 -2.68456154e-03
-1.21914344e-02 -7.50470441e-03 -8.25828221e-03 -8.98151565e-03 -1.01117138e-02 -1.22710820e-02 -1.35425031e-02 -1.10712256e-02 -1.53616685e-02 -1.70881059e-02 -1.03850998e-02 -6.94682635e-03 -1.07756164e-02 -1.28583815e-02 -1.43920965e-02 -1.14504080e-02 -9.09224711e-03 -9.73926671e-03 -1.00970771e-02 -9.20525752e-03 -1.10700615e-02 -1.09844264e-02 -1.07201189e-02 -8.35165381e-03 -5.37173264e-03 -6.36499189e-03 -9.38963704e-03 -8.13128799e-03 -7.78943487e-03 -9.75097809e-03 -8.77577066e-03 -6.63610548e-03 -6.00993261e-03 -9.75066051e-03 -1.18655916e-02 -9.42840986e-03 -8.50629993e-03 -8.66586156e-03 -8.08682665e-03 -9.23194923e-03 -9.90945287e-03 -9.54882056e-03 -7.72224925e-03 -1.23430658e-02 -1.69962160e-02 -1.74272247e-02 -1.58359259e-02 -1.87942106e-02 -1.75747573e-02 -6.67554513e-03 -5.09346277e-03 -7.30036199e-03 -7.49082863e-03 -8.88323039e-03 -1.12109482e-02 -1.15655623e-02 -1.26842000e-02 -1.78897716e-02 -1.70145147e-02 -1.40779726e-02 -1.36627406e-02 -1.47988070e-02 -1.48731060e-02 -1.29254684e-02 -1.36583205e-02 -1.45645104e-02 -1.29412077e-02 -1.31778587e-02 -1.66502669e-02 -1.50065739e-02 -9.96358320e-03 -7.21342489e-03 -1.05935931e-02 -1.60482451e-02 -1.77938677e-02 -1.71011016e-02 -1.43420212e-02 -1.20774619e-02 -1.14054680e-02 -1.40976086e-02 -1.40340254e-02 -1.21967681e-02 -1.24813356e-02 -1.17418803e-02 -1.67544950e-02 -1.90615840e-02 -1.97261162e-02 -1.53276455e-02 -1.06857643e-02 -1.28436983e-02 -1.83740780e-02 -1.80068258e-02 -1.39456950e-02 -7.06167147e-03 -5.98722324e-03 -1.28188170e-02 -1.57041997e-02 -1.60044059e-02 -1.92864053e-02 -1.92112178e-02 -1.38909463e-02 -1.25899781e-02 -1.52242240e-02 -1.68914981e-02 -1.39845051e-02 -1.52198672e-02 -1.56489015e-02 -1.28484741e-02 -1.51874013e-02 -2.20241304e-02 -2.34851371e-02 -2.04626210e-02 -1.79483891e-02 -1.46636833e-02 -1.13784522e-02 -1.04982145e-02 -8.31486657e-03 -1.04035400e-02 -1.45399123e-02 -1.74572840e-02 -1.58163272e-02 -1.34247355e-02 -1.26115829e-02 -1.68409031e-02 -2.19623614e-02 -2.02234033e-02 -1.47486571e-02 -1.39428135e-02 -1.49561372e-02 -1.52812954e-02 -1.89246088e-02 -2.12103501e-02 -2.16893777e-02 -1.98230203e-02 -1.88138951e-02 -2.15265136e-02 -2.05788091e-02 -1.98971517e-02 -1.85658671e-02 -1.77298971e-02 -8.51472840e-03 -4.91314381e-03 -6.32623583e-03 -1.10865049e-02 -1.08192302e-02 -9.59519669e-03 -8.57134536e-03 -1.09277181e-02 -1.07052140e-02 -3.37961689e-03 6.70365989e-04 -2.69009918e-03 -7.51329586e-03 -8.57345387e-03 -1.06930025e-02 -9.44710895e-03 -7.14323297e-03 -7.31260329e-03 -1.09634064e-02 -1.27305873e-02 -1.40276477e-02 -1.57255121e-02 -1.53988153e-02 -1.56556573e-02 -1.66212115e-02 -1.81595776e-02 -1.77595727e-02 -2.38203872e-02 -2.52197348e-02 -1.80346146e-02 -1.28357150e-02 -1.12921149e-02 -1.23261176e-02 -1.33616887e-02 -1.27944425e-02 -1.37479007e-02 -1.35115013e-02 -1.18092261e-02 -1.09108947e-02 -1.15955584e-02 -1.48047786e-02 -1.70254055e-02 -1.67837664e-02 -1.66471191e-02 -1.51177179e-02 -1.58470925e-02 -1.67050175e-02 -1.89969391e-02 -1.84732974e-02 -1.63177326e-02 -1.37256682e-02 -1.03220306e-02 -9.54722241e-03 -9.01297480e-03 -6.79449365e-03 -4.51174937e-03 -2.31402833e-03 -6.82226382e-04 1.55858789e-03 -2.62239994e-03
-1.20648528e-02 -7.33777229e-03 -7.54058268e-03 -7.56816752e-03 -9.41632316e-03 -1.20138172e-02 -1.49328522e-02 -1.20304562e-02 -1.28358863e-02 -1.26898903e-02 -7.27315992e-03 -8.32466222e-03 -1.06432550e-02 -1.22284330e-02 -1.59795396e-02 -1.21829994e-02 -9.10842232e-03 -9.47935134e-03 -1.11407712e-02 -1.00689046e-02 -1.19437426e-02 -1.10157169e-02 -1.04365908e-02 -8.37950595e-03 -6.14547729e-03 -6.99902698e-03 -1.01413829e-02 -7.15953298e-03 -3.70604545e-03 -7.59011321e-03 -9.56891198e-03 -1.06019648e-02 -7.74352066e-03 -6.47431426e-03 -8.80188495e-03 -9.76197235e-03 -9.17550363e-03 -9.13839042e-03 -9.51276347e-03 -8.98068585e-03 -8.41379724e-03 -8.15851055e-03 -8.96481797e-03 -1.48405060e-02 -1.95631217e-02 -2.08713915e-02 -1.71237886e-02 -1.34959891e-02 -7.91670009e-03 -1.06304884e-04 1.36345625e-04 -5.08844107e-03 -5.54256141e-03 -7.58908316e-03 -1.02878213e-02 -1.08070783e-02 -1.16819330e-02 -1.60144269e-02 -1.68332234e-02 -1.48746558e-02 -1.53040290e-02 -1.66169871e-02 -1.55777838e-02 -1.18438452e-02 -1.15410443e-02 -1.34127159e-02 -1.43415947e-02 -1.53078716e-02 -1.74727142e-02 -1.39359199e-02 -7.90646672e-03 -4.98716533e-03 -8.01399723e-03 -1.64911710e-02 -2.05090865e-02 -1.72327422e-02 -1.48183852e-02 -1.41870752e-02 -1.26466416e-02 -1.40773691e-02 -1.42030902e-02 -1.22737922e-02 -1.35378093e-02 -1.63755175e-02 -1.75390374e-02 -1.62966531e-02 -1.74141210e-02 -1.49924289e-02 -1.16964728e-02 -1.52863916e-02 -1.78175122e-02 -1.53662488e-02 -9.72434506e-03 -5.17000258e-03 -5.05487621e-03 -1.29994117e-02 -1.92549918e-02 -1.95062347e-02 -1.75797679e-02 -1.81427542e-02 -1.68199427e-02 -1.65147353e-02 -1.59790199e-02 -1.21310167e-02 -1.06449015e-02 -1.46930106e-02 -1.62249282e-02 -1.14678107e-02 -1.13749839e-02 -1.99183077e-02 -2.22003181e-02 -1.99132282e-02 -1.80049930e-02 -1.58148538e-02 -1.51477400e-02 -1.33600198e-02 -8.57224315e-03 -9.36740264e-03 -1.38913505e-02 -1.64347962e-02 -1.68857351e-02 -1.43682025e-02 -1.34122148e-02 -1.80717539e-02 -2.33231876e-02 -2.11736243e-02 -1.49463154e-02 -1.24394801e-02 -1.34946834e-02 -1.49458032e-02 -1.73207838e-02 -1.99095458e-02 -1.87523533e-02 -2.00268906e-02 -1.97108071e-02 -2.13657338e-02 -2.04358883e-02 -2.03120708e-02 -2.10922547e-02 -1.43765919e-02 -7.19079003e-03 -4.23258543e-03 -6.96020573e-03 -1.21507235e-02 -9.88980383e-03 -9.01048258e-03 -9.95670632e-03 -1.09624490e-02 -9.57111269e-03 -4.88513336e-03 -1.63591281e-03 -4.74410877e-03 -9.51487571e-03 -1.27562024e-02 -1.22330077e-02 -6.37499616e-03 -2.91985273e-03 -7.16316700e-03 -9.92266834e-03 -8.43775645e-03 -1.07390881e-02 -1.55998692e-02 -1.59383025e-02 -1.80278681e-02 -1.74692478e-02 -1.55376550e-02 -1.44715346e-02 -2.21581068e-02 -2.66200304e-02 -1.93562098e-02 -1.41462311e-02 -1.16214789e-02 -1.41091235e-02 -1.77861489e-02 -1.58125143e-02 -1.59741659e-02 -1.45947319e-02 -1.22825727e-02 -1.28696784e-02 -1.27028674e-02 -1.72105972e-02 -1.98155697e-02 -1.66546032e-02 -1.65903345e-02 -1.39410291e-02 -1.36234928e-02 -1.45988613e-02 -1.78605299e-02 -1.82643794e-02 -1.54617168e-02 -1.39190797e-02 -1.22297592e-02 -1.14789549e-02 -1.15191527e-02 -8.54302477e-03 -4.72059846e-03 -2.52255052e-03 -1.61549356e-03 1.27593614e-03 -2.75630923e-03
-1.27331670e-02 -6.07618969e-03 -5.11710811e-03 -7.19600450e-03 -8.87529925e-03 -1.22329276e-02 -1.49718244e-02 -1.31013803e-02 -1.22178942e-02 -8.74832831e-03 -3.43166664e-03 -8.75244103e-03 -9.28564183e-03 -1.09705273e-02 -1.74497403e-02 -1.42700355e-02 -9.28163156e-03 -8.26394372e-03 -1.08035859e-02 -1.03573836e-02 -1.20189600e-02 -1.12873595e-02 -1.12260934e-02 -9.85285640e-03 -7.10179657e-03 -7.18516111e-03 -9.52859689e-03 -9.72648244e-03 -5.49495593e-03 -6.55527599e-03 -7.82876741e-03 -8.03250354e-03 -7.17742927e-03 -6.39708713e-03 -8.89495015e-03 -1.10931881e-02 -1.09635722e-02 -9.93691571e-03 -1.17544103e-02 -9.19195265e-03 -7.43221119e-03 -9.89968702e-03 -1.08077396e-02 -1.26677342e-02 -1.67148001e-02 -1.67989619e-02 -1.20231695e-02 -7.07289949e-03 -2.01356038e-03 1.63663179e-03 -1.62892044e-04 -5.26513532e-03 -6.25529513e-03 -7.95286894e-03 -1.01085976e-02 -1.02314018e-02 -1.03283338e-02 -1.40229650e-02 -1.77569687e-02 -1.77487526e-02 -1.85586158e-02 -1.68377850e-02 -1.49177406e-02 -1.18117109e-02 -9.99731384e-03 -1.24735385e-02 -1.46525819e-02 -1.68782342e-02 -1.79224070e-02 -1.40099227e-02 -9.51625407e-03 -7.75896758e-03 -1.10147335e-02 -1.77835971e-02 -2.10601650e-02 -1.72566213e-02 -1.43327452e-02 -1.67450719e-02 -1.61280986e-02 -1.75774340e-02 -1.80303268e-02 -1.53829902e-02 -1.56713314e-02 -1.87250730e-02 -1.86732598e-02 -1.69445351e-02 -1.65326577e-02 -1.69716496e-02 -1.35261472e-02 -1.33995954e-02 -1.57100838e-02 -1.35201737e-02 -9.88592207e-03 -7.26941973e-03 -8.18339735e-03 -1.49544254e-02 -2.07101963e-02 -1.86057221e-02 -1.72380432e-02 -1.69607084e-02 -1.69286821e-02 -1.62304789e-02 -1.65343303e-02 -1.44615956e-02 -1.09652579e-02 -1.20333694e-02 -1.62699185e-02 -1.64719447e-02 -1.99833121e-02 -2.38832477e-02 -2.28831135e-02 -1.70511585e-02 -1.65043604e-02 -1.80952121e-02 -1.96730010e-02 -1.77321360e-02 -1.17879249e-02 -1.25176273e-02 -1.69061068e-02 -1.64932888e-02 -1.60140805e-02 -1.45459659e-02 -1.40284114e-02 -1.99485011e-02 -2.12092847e-02 -1.88173987e-02 -1.66010596e-02 -1.55612491e-02 -1.76746491e-02 -1.63956489e-02 -1.46944895e-02 -1.51515231e-02 -1.41008347e-02 -1.71737019e-02 -2.21019033e-02 -2.32991409e-02 -2.15005036e-02 -1.84131786e-02 -1.82375126e-02 -1.60450786e-02 -1.35245435e-02 -1.58608332e-02 -1.33857764e-02 -1.13412812e-02 -7.31539354e-03 -8.65587592e-03 -1.34678558e-02 -1.40628777e-02 -1.03890635e-02 -7.26755708e-03 -6.69459254e-03 -9.37962532e-03 -1.00291967e-02 -1.38220675e-02 -1.52471289e-02 -6.83713332e-03 -1.87636912e-03 -7.95022398e-03 -9.68808308e-03 -9.23645496e-03 -1.28223859e-02 -1.63361784e-02 -1.66672543e-02 -1.94989182e-02 -2.01830249e-02 -1.56487301e-02 -1.42903514e-02 -2.07883716e-02 -2.47691106e-02 -2.21183430e-02 -1.54283457e-02 -1.07434466e-02 -1.47626847e-02 -2.16077007e-02 -2.02103760e-02 -1.93397012e-02 -1.64514314e-02 -1.37650874e-02 -1.59892403e-02 -1.55318733e-02 -1.81873403e-02 -1.74933393e-02 -1.45411696e-02 -1.61111932e-02 -1.38378125e-02 -1.22776721e-02 -1.35914870e-02 -1.66855324e-02 -1.74253434e-02 -1.46396551e-02 -1.28424838e-02 -1.22581031e-02 -1.11875851e-02 -1.22815510e-02 -1.08290268e-02 -6.38798159e-03 -3.73093784e-03 -2.53914297e-03 9.61522572e-04 -2.24597845e-03
-1.15483552e-02 -4.89485357e-03 -6.50143903e-03 -8.38440564e-03 -9.52066854e-03 -1.15951356e-02 -1.42307319e-02 -1.27827525e-02 -1.46665312e-02 -9.42236558e-03 -2.42679380e-03 -8.23537633e-03 -7.76931643e-03 -7.66438246e-03 -1.66766550e-02 -1.52794104e-02 -1.24785397e-02 -9.53651592e-03 -1.12690702e-02 -9.13563557e-03 -9.92384739e-03 -9.87504981e-03 -1.00730713e-02 -1.07343905e-02 -8.49020667e-03 -7.44614750e-03 -9.40184481e-03 -1.03975451e-02 -8.11826438e-03 -7.25790113e-03 -6.78095780e-03 -5.56870922e-03 -6.18307851e-03 -8.97134840e-03 -1.10790133e-02 -1.22992098e-02 -1.23895556e-02 -1.15348864e-02 -1.45647861e-02 -1.28558818e-02 -8.17572325e-03 -7.57431239e-03 -8.79688375e-03 -8.44989344e-03 -1.32411327e-02 -1.11235641e-02 -6.35382906e-03 -3.57910991e-03 -4.27601486e-03 -5.13969362e-03 -4.14478779e-03 -6.49478659e-03 -8.23299214e-03 -1.13895796e-02 -1.23805627e-02 -1.00784041e-02 -9.66548547e-03 -1.37831047e-02 -1.97515301e-02 -2.07290575e-02 -1.69630479e-02 -1.40041560e-02 -1.16570331e-02 -1.13597885e-02 -1.03565808e-02 -1.13507714e-02 -1.34400595e-02 -1.62555315e-02 -1.72141027e-02 -1.35915820e-02 -9.05188173e-03 -1.16364658e-02 -1.42649487e-02 -1.84793696e-02 -2.00074501e-02 -1.71588287e-02 -1.64622068e-02 -1.60340779e-02 -1.52243264e-02 -1.83561724e-02 -2.06528399e-02 -1.95506904e-02 -1.74261127e-02 -1.84620507e-02 -1.78079270e-02 -1.76714864e-02 -1.75442044e-02 -1.75719373e-02 -1.57998931e-02 -1.40278265e-02 -1.32696349e-02 -1.16077662e-02 -1.08484291e-02 -1.10809356e-02 -1.30114779e-02 -1.54947899e-02 -1.79636050e-02 -1.64392572e-02 -1.63312815e-02 -1.63153000e-02 -1.61122195e-02 -1.48049984e-02 -1.71472486e-02 -1.82381123e-02 -1.66774187e-02 -1.48263536e-02 -1.60919391e-02 -1.70921907e-02 -1.97892226e-02 -1.99790802e-02 -1.81274097e-02 -1.24396197e-02 -1.35322884e-02 -1.76248122e-02 -2.08370928e-02 -2.22606026e-02 -1.84755940e-02 -1.85768344e-02 -2.02119146e-02 -1.88048445e-02 -1.79690830e-02 -1.38364136e-02 -1.03848763e-02 -1.72440670e-02 -2.08258722e-02 -2.00231709e-02 -1.81046929e-02 -1.59448143e-02 -1.66433528e-02 -1.74963456e-02 -1.58557668e-02 -1.56645980e-02 -1.25424750e-02 -1.40439309e-02 -1.87418014e-02 -2.08267104e-02 -2.03462746e-02 -1.66502669e-02 -1.60128586e-02 -1.55763812e-02 -1.74298808e-02 -2.16932893e-02 -2.05294937e-02 -1.36562511e-02 -5.02337888e-03 -6.09769300e-03 -1.35534070e-02 -1.58840567e-02 -1.50067024e-02 -1.36193968e-02 -1.17600821e-02 -1.34450197e-02 -1.59922466e-02 -1.73185915e-02 -1.72657147e-02 -1.07836612e-02 -4.95554134e-03 -8.25583562e-03 -1.20647587e-02 -1.42167769e-02 -1.84662696e-02 -1.63375400e-02 -1.46157313e-02 -1.84283778e-02 -2.09035929e-02 -1.63376164e-02 -1.34491473e-02 -1.88681502e-02 -2.24160384e-02 -2.03009639e-02 -1.78673621e-02 -1.45513192e-02 -1.49702318e-02 -1.92282051e-02 -1.99593212e-02 -2.18886510e-02 -2.14418974e-02 -1.77591890e-02 -1.55805144e-02 -1.60445292e-02 -1.93064678e-02 -1.71317868e-02 -1.35251023e-02 -1.49835330e-02 -1.18092671e-02 -1.13488846e-02 -1.25028398e-02 -1.63171291e-02 -1.78883485e-02 -1.47097241e-02 -1.27304997e-02 -1.05945505e-02 -9.09180567e-03 -1.09301191e-02 -9.45937447e-03 -6.95562083e-03 -4.62423544e-03 -3.11585236e-03 -3.60165723e-04 -2.89064599e-03
-1.06580332e-02 -3.73565592e-03 -8.87455232e-03 -9.89001803e-03 -1.05691357e-02 -1.20559670e-02 -1.32997576e-02 -1.15357414e-02 -1.39245000e-02 -1.11752376e-02 -4.89318557e-03 -1.05165839e-02 -1.28042083e-02 -7.63248838e-03 -1.31091438e-02 -1.43036507e-02 -1.56981274e-02 -1.32943187e-02 -9.33670998e-03 -5.93433157e-03 -7.30229355e-03 -1.22986864e-02 -1.23421531e-02 -1.11972075e-02 -9.15708393e-03 -7.86600448e-03 -9.84485447e-03 -1.08162174e-02 -9.21458006e-03 -7.87680037e-03 -7.47723691e-03 -7.55485520e-03 -7.62511604e-03 -8.33825395e-03 -9.16018896e-03 -1.05822999e-02 -1.23661496e-02 -1.23942234e-02 -1.54085215e-02 -1.48611646e-02 -1.11707114e-02 -1.13573596e-02 -1.21893696e-02 -9.20595229e-03 -1.23550929e-02 -8.27909634e-03 -4.09282371e-03 -2.89487466e-03 -7.41608068e-03 -1.34200677e-02 -1.20445006e-02 -9.96709988e-03 -1.31102279e-02 -1.56051591e-02 -1.38092600e-02 -9.30400565e-03 -1.07735917e-02 -1.56725086e-02 -2.17868034e-02 -2.19019577e-02 -1.52614638e-02 -1.05459020e-02 -8.84229317e-03 -9.50320065e-03 -1.06004477e-02 -1.13400668e-02 -1.29700229e-02 -1.64464861e-02 -1.70734022e-02 -1.49896387e-02 -1.18109584e-02 -1.55844595e-02 -1.87260490e-02 -2.03051250e-02 -2.14254837e-02 -1.89599879e-02 -1.91848483e-02 -1.68427508e-02 -1.21980160e-02 -1.76412556e-02 -2.07997207e-02 -1.90904811e-02 -1.74508840e-02 -1.82511471e-02 -2.00407617e-02 -1.95973031e-02 -1.77015476e-02 -1.69964172e-02 -1.69275533e-02 -1.68778636e-02 -1.55887399e-02 -1.22711845e-02 -1.30797699e-02 -1.38591975e-02 -1.35747306e-02 -1.47834010e-02 -1.71928219e-02 -1.72011685e-02 -1.70073286e-02 -1.55163035e-02 -1.42460074e-02 -1.49066001e-02 -1.76091604e-02 -1.84393190e-02 -1.81066114e-02 -1.41934827e-02 -1.25826187e-02 -1.57561749e-02 -2.05230452e-02 -1.90451164e-02 -1.59825254e-02 -1.03993565e-02 -1.09712668e-02 -1.63936503e-02 -1.70008857e-02 -1.94681864e-02 -1.94153208e-02 -1.96189042e-02 -2.04071198e-02 -1.78796239e-02 -1.74215585e-02 -1.48945451e-02 -1.26035474e-02 -1.52917877e-02 -1.75459646e-02 -1.95410643e-02 -1.75517723e-02 -1.44033749e-02 -1.48124807e-02 -1.64393615e-02 -1.59411058e-02 -1.49258301e-02 -1.33275520e-02 -1.55024715e-02 -1.68643333e-02 -1.51402541e-02 -1.82229746e-02 -1.50745884e-02 -1.42772645e-02 -2.03044228e-02 -1.88533850e-02 -1.97583064e-02 -1.62863433e-02 -1.24228559e-02 -4.15174291e-03 -4.56004962e-03 -1.28911585e-02 -1.72004960e-02 -1.75114907e-02 -1.71630494e-02 -1.65879764e-02 -1.86067782e-02 -1.88922063e-02 -1.60628408e-02 -1.28399059e-02 -1.10996254e-02 -1.19571947e-02 -1.48538314e-02 -1.54461227e-02 -1.68510415e-02 -1.85820162e-02 -1.59060415e-02 -1.29955746e-02 -1.58637986e-02 -1.83219276e-02 -1.78591385e-02 -1.64455362e-02 -1.93221290e-02 -2.10208446e-02 -2.03611907e-02 -2.06498094e-02 -1.75480004e-02 -1.48301721e-02 -1.81603003e-02 -2.12582033e-02 -2.10086480e-02 -1.87154151e-02 -1.55523457e-02 -1.27105508e-02 -1.66228302e-02 -1.85784549e-02 -1.33136343e-02 -9.71795246e-03 -1.23406462e-02 -1.30274817e-02 -1.31748598e-02 -1.35186035e-02 -1.44474003e-02 -1.78711992e-02 -1.61921326e-02 -1.30211283e-02 -1.01220980e-02 -8.24263319e-03 -8.85869376e-03 -7.08265603e-03 -5.82419056e-03 -5.24332561e-03 -3.00149433e-03 -1.86945405e-03 -3.27244354e-03
-1.04362052e-02 -3.27498559e-03 -9.33365338e-03 -1.03123514e-02 -1.09606916e-02 -1.21080782e-02 -1.28721390e-02 -1.08694229e-02 -1.35682113e-02 -1.28823612e-02 -7.74023496e-03 -1.11886263e-02 -1.53172016e-02 -1.02188792e-02 -9.81860049e-03 -1.12830102e-02 -1.41118336e-02 -1.34252384e-02 -8.83631222e-03 -5.00976294e-03 -4.29289229e-03 -7.54553825e-03 -1.22185163e-02 -1.20239295e-02 -1.04532689e-02 -9.96079296e-03 -1.14501454e-02 -1.09221665e-02 -8.16395506e-03 -7.38607906e-03 -8.93403683e-03 -8.95033404e-03 -7.04343989e-03 -6.30564615e-03 -8.89435224e-03 -1.04168486e-02 -1.26101729e-02 -1.28708165e-02 -1.40881576e-02 -1.35721508e-02 -1.33995134e-02 -1.48133337e-02 -1.57717038e-02 -1.00699104e-02 -1.04558654e-02 -8.97428021e-03 -6.89959154e-03 -4.96497005e-03 -9.80849564e-03 -1.95044838e-02 -2.05309503e-02 -1.40205175e-02 -1.53881162e-02 -1.73380040e-02 -1.43296681e-02 -1.25962384e-02 -1.52917281e-02 -1.84052736e-02 -2.38993783e-02 -2.18257867e-02 -1.40241850e-02 -9.34557989e-03 -7.77301565e-03 -9.47728008e-03 -1.09508727e-02 -1.29652042e-02 -1.45792812e-02 -1.45622678e-02 -1.51010156e-02 -1.47981271e-02 -1.36699714e-02 -1.42529663e-02 -1.68991219e-02 -1.83856878e-02 -1.91819966e-02 -1.83613300e-02 -1.99608058e-02 -1.92939900e-02 -1.33149289e-02 -1.51252393e-02 -2.04805527e-02 -2.02763490e-02 -1.69211589e-02 -1.62588488e-02 -1.94471572e-02 -1.99206844e-02 -1.66182518e-02 -1.55182686e-02 -1.69791374e-02 -1.88915320e-02 -1.75207332e-02 -1.45138763e-02 -1.58924125e-02 -1.56964026e-02 -1.42902546e-02 -1.56712867e-02 -1.86729860e-02 -1.66966058e-02 -1.51649658e-02 -1.35996044e-02 -1.36361476e-02 -1.69143286e-02 -1.91157889e-02 -1.85585786e-02 -1.75287612e-02 -1.55285094e-02 -1.22912303e-02 -1.46757308e-02 -1.75209343e-02 -1.57156475e-02 -1.52606536e-02 -9.93068144e-03 -1.01188123e-02 -1.67465433e-02 -1.54265687e-02 -1.51582640e-02 -1.67957712e-02 -1.88740622e-02 -1.87631827e-02 -1.65435318e-02 -1.40107032e-02 -1.42612830e-02 -1.53812636e-02 -1.51939094e-02 -1.39583461e-02 -1.67962778e-02 -1.78365186e-02 -1.61018502e-02 -1.60893984e-02 -1.50396675e-02 -1.42309088e-02 -1.33341551e-02 -1.58974845e-02 -1.70468390e-02 -1.53150167e-02 -1.31281391e-02 -1.39965676e-02 -1.44757591e-02 -1.14640817e-02 -2.22270358e-02 -2.41100062e-02 -1.72751099e-02 -1.15056001e-02 -1.12225376e-02 -1.11093633e-02 -8.85706022e-03 -1.05960183e-02 -1.50888041e-02 -1.65659562e-02 -1.66172162e-02 -1.78763829e-02 -1.90935209e-02 -1.82608254e-02 -1.51495934e-02 -1.09680854e-02 -1.01644434e-02 -1.84901506e-02 -2.19537802e-02 -1.84148103e-02 -1.72332861e-02 -1.71441287e-02 -1.42512340e-02 -1.31318178e-02 -1.53810978e-02 -1.87929701e-02 -1.85659360e-02 -1.63077246e-02 -1.76928435e-02 -1.83530170e-02 -2.15532202e-02 -2.28269324e-02 -2.17954181e-02 -1.81658305e-02 -2.07770839e-02 -2.37497706e-02 -2.13705059e-02 -1.71087775e-02 -1.61545947e-02 -1.35200415e-02 -1.48430262e-02 -1.67859420e-02 -1.16418060e-02 -8.14564154e-03 -9.61061940e-03 -1.35857072e-02 -1.40041281e-02 -1.25825945e-02 -1.34168994e-02 -1.67309009e-02 -1.63888745e-02 -1.40621271e-02 -1.13758799e-02 -9.88473371e-03 -1.06648169e-02 -8.17162823e-03 -4.83897794e-03 -3.84092610e-03 -2.47763842e-03 -1.88262854e-03 -3.07466183e-03
-1.16612799e-02 -4.21798881e-03 -8.54811165e-03 -1.02468533e-02 -1.11014275e-02 -1.13491435e-02 -1.09953135e-02 -8.91935267e-03 -1.34512000e-02 -1.40962452e-02 -1.04995780e-02 -1.17570665e-02 -1.42219458e-02 -1.03699584e-02 -9.09076445e-03 -1.01467818e-02 -1.34546142e-02 -1.24543961e-02 -8.45498592e-03 -7.13894330e-03 -8.03686865e-03 -7.63844512e-03 -9.52045247e-03 -1.08809881e-02 -1.09735131e-02 -1.19385496e-02 -1.29401116e-02 -1.02882218e-02 -6.36079907e-03 -6.80203363e-03 -9.04268865e-03 -9.35664959e-03 -7.21059740e-03 -7.95790739e-03 -1.11171231e-02 -1.23425070e-02 -1.31380148e-02 -1.17138103e-02 -1.05876978e-02 -1.17002781e-02 -1.36025883e-02 -1.67740267e-02 -1.70798674e-02 -1.24925729e-02 -1.43583361e-02 -1.35514066e-02 -1.11062266e-02 -1.31573826e-02 -1.65894218e-02 -2.05305852e-02 -2.17009112e-02 -1.34963170e-02 -1.36346407e-02 -1.65365189e-02 -1.54119879e-02 -1.62521750e-02 -2.03361101e-02 -2.07720883e-02 -2.39912048e-02 -2.31623985e-02 -1.41186379e-02 -9.32558067e-03 -7.93428160e-03 -8.97141173e-03 -1.11780036e-02 -1.33303702e-02 -1.34152919e-02 -1.14657134e-02 -1.17241032e-02 -1.40507240e-02 -1.49943382e-02 -1.40712503e-02 -1.17199011e-02 -1.35235377e-02 -1.71597824e-02 -1.83047187e-02 -2.12250203e-02 -1.97808836e-02 -1.44469142e-02 -1.52864736e-02 -1.94880199e-02 -1.89984739e-02 -1.53410733e-02 -1.63243506e-02 -2.00117603e-02 -1.87107883e-02 -1.46449506e-02 -1.39070880e-02 -1.55783705e-02 -1.62259415e-02 -1.62246022e-02 -1.74473766e-02 -2.05198918e-02 -1.78500488e-02 -1.29414685e-02 -1.62784960e-02 -1.90345403e-02 -1.62794311e-02 -1.42948665e-02 -1.21277533e-02 -1.21796187e-02 -1.60187166e-02 -1.99559014e-02 -2.01683287e-02 -1.81439426e-02 -1.62878949e-02 -1.19147748e-02 -1.21364463e-02 -1.31848566e-02 -1.45964511e-02 -1.72726251e-02 -1.25123821e-02 -1.00981370e-02 -1.34788640e-02 -1.28202178e-02 -1.36274695e-02 -1.51925683e-02 -1.64894331e-02 -1.66910067e-02 -1.48104392e-02 -1.35695301e-02 -1.37184076e-02 -1.73202399e-02 -1.58704184e-02 -9.29084979e-03 -1.33314151e-02 -1.67922415e-02 -1.55847296e-02 -1.58882011e-02 -1.41615868e-02 -1.26856081e-02 -1.37360096e-02 -1.60378944e-02 -1.78006217e-02 -1.61769297e-02 -1.49033964e-02 -1.51764378e-02 -1.62488818e-02 -1.15877613e-02 -1.91070884e-02 -2.48716027e-02 -1.70399901e-02 -1.16548315e-02 -1.37686506e-02 -1.76187195e-02 -1.51027702e-02 -1.29211098e-02 -1.22174956e-02 -1.34677105e-02 -1.74972415e-02 -1.71949342e-02 -1.73331015e-02 -1.31804347e-02 -1.17647424e-02 -1.07322708e-02 -1.23022050e-02 -2.08886787e-02 -2.42287572e-02 -1.93556566e-02 -1.67662073e-02 -1.84782650e-02 -1.55075453e-02 -1.54919494e-02 -1.44110080e-02 -1.63320098e-02 -1.73778348e-02 -1.51375905e-02 -1.52187832e-02 -1.61005817e-02 -2.15678979e-02 -2.51118895e-02 -2.31433921e-02 -1.88632775e-02 -2.14004871e-02 -2.53533795e-02 -2.17271578e-02 -1.57492384e-02 -1.56887695e-02 -1.43255666e-02 -1.38601400e-02 -1.44965090e-02 -1.18902586e-02 -1.02824308e-02 -9.50228795e-03 -1.41120832e-02 -1.53045859e-02 -1.34619568e-02 -1.39028318e-02 -1.80711076e-02 -1.84487011e-02 -1.56037994e-02 -1.29393339e-02 -1.10350829e-02 -1.24093629e-02 -9.84072685e-03 -4.53801360e-03 -2.82572210e-03 -1.77916139e-03 -1.22816116e-03 -2.63219234e-03
-1.16439629e-02 -5.94360474e-03 -9.33891442e-03 -1.05648888e-02 -1.10971294e-02 -1.11051034e-02 -9.61055979e-03 -6.06546737e-03 -1.18813701e-02 -1.57142170e-02 -1.22134797e-02 -1.20655037e-02 -1.25472248e-02 -1.05497763e-02 -9.60258581e-03 -1.04426574e-02 -1.27993636e-02 -1.20528899e-02 -8.71245377e-03 -9.54837725e-03 -1.18510276e-02 -9.70781222e-03 -8.49296711e-03 -7.94936717e-03 -7.34633580e-03 -9.67428833e-03 -1.31820766e-02 -1.03500336e-02 -6.48592785e-03 -7.99379498e-03 -1.19515406e-02 -1.13303773e-02 -6.44562207e-03 -8.91750492e-03 -1.44747812e-02 -1.30492784e-02 -1.27923880e-02 -1.07538756e-02 -8.31863470e-03 -1.16162244e-02 -1.28484741e-02 -1.53671931e-02 -1.64999180e-02 -1.37730874e-02 -1.52281411e-02 -1.57753862e-02 -1.42194796e-02 -1.78224370e-02 -1.91853102e-02 -1.98081657e-02 -2.08830237e-02 -1.80635601e-02 -1.45935565e-02 -1.46543160e-02 -1.31694935e-02 -1.57395080e-02 -2.11802162e-02 -2.33281404e-02 -2.50233375e-02 -2.29208004e-02 -1.45595986e-02 -9.61494818e-03 -7.93539174e-03 -8.94787721e-03 -1.07862558e-02 -1.31224282e-02 -1.36706233e-02 -1.21208504e-02 -1.07406955e-02 -1.39587130e-02 -1.57137699e-02 -1.48803741e-02 -1.26503520e-02 -9.60594043e-03 -1.18862987e-02 -1.43122561e-02 -1.69640835e-02 -1.85487289e-02 -1.69700403e-02 -1.69117954e-02 -1.79137178e-02 -1.67817306e-02 -1.37651041e-02 -1.60706583e-02 -2.07998659e-02 -1.91334207e-02 -1.44455377e-02 -1.37859900e-02 -1.49177592e-02 -1.53414048e-02 -1.58526190e-02 -1.90143008e-02 -2.19154675e-02 -1.90712195e-02 -1.32633522e-02 -1.36763863e-02 -1.40229985e-02 -1.23600923e-02 -1.17572583e-02 -9.61160474e-03 -1.10367872e-02 -1.55720841e-02 -2.14415528e-02 -2.17646938e-02 -1.85328927e-02 -1.48630925e-02 -1.21280979e-02 -1.10831279e-02 -1.36819072e-02 -1.58798788e-02 -2.07997598e-02 -1.51828751e-02 -9.35954601e-03 -9.63848457e-03 -1.29467212e-02 -1.54484529e-02 -1.55151859e-02 -1.44904032e-02 -1.36330295e-02 -1.30846202e-02 -1.22669190e-02 -1.41299404e-02 -1.79848615e-02 -1.66248959e-02 -1.11590214e-02 -1.29031874e-02 -1.52346045e-02 -1.37889273e-02 -1.44351460e-02 -1.45090166e-02 -1.46384276e-02 -1.50590725e-02 -1.62266102e-02 -1.69407241e-02 -1.45735834e-02 -1.46959201e-02 -1.60004385e-02 -1.83106307e-02 -1.57042202e-02 -1.52390283e-02 -2.04224326e-02 -1.95595454e-02 -1.58936828e-02 -1.55904293e-02 -1.76691413e-02 -1.69118084e-02 -1.28015801e-02 -1.04625002e-02 -1.23097003e-02 -2.15717591e-02 -2.14324296e-02 -1.70211308e-02 -6.92661479e-03 -7.43330643e-03 -1.14314854e-02 -1.56775750e-02 -2.19238847e-02 -2.20911317e-02 -1.69278104e-02 -1.55447256e-02 -1.79869998e-02 -1.71876177e-02 -1.68736167e-02 -1.57656483e-02 -1.58538073e-02 -1.84895694e-02 -1.76365171e-02 -1.34489276e-02 -9.76662710e-03 -1.71927400e-02 -2.54176594e-02 -2.65499558e-02 -2.19023805e-02 -2.19295956e-02 -2.37319861e-02 -2.08082534e-02 -1.58168171e-02 -1.52382366e-02 -1.65030528e-02 -1.53890830e-02 -1.41847655e-02 -1.36628114e-02 -1.35891624e-02 -1.28807928e-02 -1.44081470e-02 -1.35602262e-02 -1.33387744e-02 -1.46922208e-02 -1.85968969e-02 -1.89483520e-02 -1.77043658e-02 -1.45795997e-02 -1.05970018e-02 -1.12562533e-02 -9.42066777e-03 -5.00663277e-03 -3.26112378e-03 -1.76033843e-03 -7.91815110e-05 -1.70643209e-03
-1.17900185e-02 -6.44644909e-03 -9.16369352e-03 -9.82110202e-03 -9.59849637e-03 -1.04292724e-02 -9.98801738e-03 -5.72759472e-03 -1.04021616e-02 -1.60736088e-02 -1.61704607e-02 -1.53491516e-02 -1.37081277e-02 -1.04958806e-02 -8.98465887e-03 -9.84856673e-03 -1.23454966e-02 -1.16793513e-02 -9.19427164e-03 -9.64037143e-03 -1.29414443e-02 -1.12798642e-02 -8.93856585e-03 -5.51371090e-03 -2.38301605e-03 -5.76844253e-03 -1.18276179e-02 -1.13514420e-02 -9.56899114e-03 -1.18986284e-02 -1.25633599e-02 -9.68085043e-03 -5.25085256e-03 -7.77699798e-03 -1.44893266e-02 -1.30798612e-02 -1.15358084e-02 -9.73522291e-03 -7.87529349e-03 -1.26145780e-02 -1.27965175e-02 -1.30296722e-02 -1.35989729e-02 -1.31535586e-02 -1.45357121e-02 -1.61120482e-02 -1.63481645e-02 -1.62169915e-02 -1.59670468e-02 -1.64261200e-02 -2.02255659e-02 -2.09876113e-02 -1.70142017e-02 -1.64424852e-02 -1.90864913e-02 -1.95498057e-02 -2.13322751e-02 -2.23877616e-02 -2.32105479e-02 -2.16113050e-02 -1.47710294e-02 -1.06286164e-02 -8.62666778e-03 -9.74833779e-03 -1.10966954e-02 -1.24921761e-02 -1.36720873e-02 -1.31904017e-02 -1.19539946e-02 -1.26318224e-02 -1.39643662e-02 -1.45152044e-02 -1.30475555e-02 -1.14771612e-02 -1.30185150e-02 -1.66403167e-02 -1.81282498e-02 -1.90181434e-02 -1.97196919e-02 -1.82461441e-02 -1.57703031e-02 -1.45912543e-02 -1.36202537e-02 -1.51725020e-02 -1.93554647e-02 -1.99433956e-02 -1.50346365e-02 -1.35188065e-02 -1.46159604e-02 -1.58564206e-02 -1.69767532e-02 -1.78031120e-02 -1.73642561e-02 -1.51359979e-02 -1.26744770e-02 -1.46450195e-02 -1.39629301e-02 -1.34003144e-02 -1.32729542e-02 -1.02671087e-02 -1.09273158e-02 -1.72446966e-02 -2.35279575e-02 -2.34096162e-02 -1.95728652e-02 -1.67950466e-02 -1.57777425e-02 -1.43917520e-02 -1.64123904e-02 -1.71402059e-02 -2.02061832e-02 -1.89274531e-02 -1.48133971e-02 -1.36145391e-02 -1.88641101e-02 -2.02961788e-02 -1.77839175e-02 -1.38964262e-02 -1.14892200e-02 -1.09744035e-02 -1.05170049e-02 -1.43140387e-02 -1.98748149e-02 -1.83812920e-02 -1.17047802e-02 -1.12742148e-02 -1.29709970e-02 -1.19261649e-02 -1.24810301e-02 -1.45224314e-02 -1.52801666e-02 -1.53699052e-02 -1.43655520e-02 -1.32245347e-02 -1.47416946e-02 -1.69414189e-02 -1.79476272e-02 -1.78286638e-02 -1.37478746e-02 -1.31407660e-02 -1.62138809e-02 -2.05666982e-02 -2.11762898e-02 -1.84237063e-02 -1.55970156e-02 -1.34758838e-02 -1.11213662e-02 -1.32398754e-02 -1.79571509e-02 -2.60887370e-02 -2.35060118e-02 -1.86570585e-02 -1.02957897e-02 -1.13582164e-02 -1.75616853e-02 -1.77145209e-02 -1.77772734e-02 -1.78194288e-02 -1.67861246e-02 -1.59709826e-02 -1.69568863e-02 -1.72765348e-02 -1.89821292e-02 -1.89948585e-02 -1.44528914e-02 -1.34730339e-02 -1.65324006e-02 -1.58147644e-02 -1.13109760e-02 -1.66525878e-02 -2.55283937e-02 -2.57134382e-02 -2.31922530e-02 -1.94361452e-02 -1.88322216e-02 -1.84853934e-02 -1.66982152e-02 -1.67365670e-02 -1.98385529e-02 -1.60001703e-02 -1.16238799e-02 -1.22685991e-02 -1.42350160e-02 -1.62549112e-02 -1.68922227e-02 -1.66179780e-02 -1.58821754e-02 -1.30476281e-02 -1.35207567e-02 -1.53771788e-02 -1.65385567e-02 -1.38767548e-02 -1.03956610e-02 -1.05122067e-02 -8.38566385e-03 -4.47035860e-03 -2.49969587e-03 -1.41424499e-03 2.79786531e-04 -2.04292638e-03
-1.13442149e-02 -5.98945376e-03 -8.16473644e-03 -9.04630870e-03 -9.37010534e-03 -1.03576314e-02 -1.33557003e-02 -9.33473557e-03 -7.96469115e-03 -1.33701395e-02 -1.75621733e-02 -1.82772595e-02 -1.40697490e-02 -9.43694077e-03 -9.09083523e-03 -1.09433942e-02 -1.26776975e-02 -1.16087385e-02 -9.05827247e-03 -1.01116281e-02 -1.19314920e-02 -1.03224218e-02 -8.20345059e-03 -8.19857046e-03 -4.69310582e-03 -2.76339240e-03 -8.59128870e-03 -1.05853919e-02 -9.91791114e-03 -1.02989860e-02 -1.11297891e-02 -1.16804894e-02 -8.85116681e-03 -9.09837522e-03 -1.36215426e-02 -1.27735846e-02 -1.16986167e-02 -9.27249715e-03 -9.12662409e-03 -1.24326348e-02 -1.20970476e-02 -1.30281560e-02 -1.58274062e-02 -1.49193872e-02 -1.26168933e-02 -1.24975313e-02 -1.37209091e-02 -1.38096306e-02 -1.50158945e-02 -1.81526039e-02 -2.11105365e-02 -1.92545615e-02 -1.64467692e-02 -1.80439092e-02 -2.18081735e-02 -2.18654685e-02 -2.08862908e-02 -1.90296099e-02 -2.02497821e-02 -1.89776253e-02 -1.53914932e-02 -1.22719649e-02 -1.06679816e-02 -1.19614135e-02 -1.23231113e-02 -1.17875282e-02 -1.26423184e-02 -1.25881452e-02 -1.15734227e-02 -1.31883807e-02 -1.25011411e-02 -1.19268671e-02 -1.44010503e-02 -1.47930272e-02 -1.66938454e-02 -1.84781142e-02 -1.91623736e-02 -1.84817351e-02 -1.77217498e-02 -1.61758699e-02 -1.36645697e-02 -1.42432228e-02 -1.51926726e-02 -1.54770929e-02 -1.64373349e-02 -1.78923067e-02 -1.59455389e-02 -1.35190543e-02 -1.23937335e-02 -1.32183116e-02 -1.36873275e-02 -1.33882258e-02 -1.41750220e-02 -1.22435018e-02 -1.22425593e-02 -1.54329333e-02 -1.69901531e-02 -1.74418986e-02 -1.42498203e-02 -8.35970603e-03 -8.97691213e-03 -1.61498170e-02 -2.46068016e-02 -2.23991834e-02 -1.47978533e-02 -1.13425534e-02 -1.50672793e-02 -1.77105125e-02 -1.74503978e-02 -1.95168387e-02 -2.05544382e-02 -2.28942409e-02 -2.30739228e-02 -2.02204119e-02 -2.18079332e-02 -2.31273323e-02 -1.96499042e-02 -1.47033576e-02 -1.15975291e-02 -1.04023907e-02 -9.74998809e-03 -1.34137701e-02 -1.77498329e-02 -1.57325398e-02 -1.15865935e-02 -1.12347472e-02 -1.41672511e-02 -1.03459507e-02 -8.69484618e-03 -1.27448812e-02 -1.42306648e-02 -1.48105677e-02 -1.51947364e-02 -1.44742690e-02 -1.55615732e-02 -1.71414576e-02 -1.46696679e-02 -1.13190450e-02 -1.21646598e-02 -1.50261093e-02 -1.70632824e-02 -1.90333705e-02 -2.13863458e-02 -1.88098624e-02 -1.31244510e-02 -1.04746707e-02 -1.02525018e-02 -1.53971910e-02 -2.03475021e-02 -2.14467756e-02 -1.87704936e-02 -1.82359517e-02 -1.23417117e-02 -1.49021894e-02 -1.93141326e-02 -1.85800400e-02 -1.70688331e-02 -1.61135420e-02 -1.64765213e-02 -1.61391310e-02 -1.65239125e-02 -1.64521318e-02 -1.87173728e-02 -2.03298405e-02 -1.48615353e-02 -1.26666762e-02 -1.55116748e-02 -1.46753695e-02 -1.19997114e-02 -1.66874640e-02 -2.54096091e-02 -2.45900452e-02 -1.98965520e-02 -1.62750334e-02 -1.30616017e-02 -1.52375568e-02 -1.57767069e-02 -1.83063056e-02 -2.04729196e-02 -1.57349128e-02 -1.00064669e-02 -1.10333283e-02 -1.57840960e-02 -2.00470705e-02 -1.95060559e-02 -1.64414570e-02 -1.75212584e-02 -1.47661865e-02 -1.41561348e-02 -1.51408631e-02 -1.61598995e-02 -1.37371272e-02 -1.05406884e-02 -1.03574786e-02 -8.38001445e-03 -3.44486348e-03 -1.51499361e-03 -1.08220521e-03 -4.14751470e-04 -2.98800832e-03
-1.08070429e-02 -6.14710897e-03 -7.56100938e-03 -8.72635189e-03 -9.52984579e-03 -1.05707403e-02 -1.42359529e-02 -1.40356738e-02 -1.06007773e-02 -1.13921445e-02 -1.73878726e-02 -1.88407674e-02 -1.51279159e-02 -9.35712270e-03 -1.01208221e-02 -1.30882058e-02 -1.31036062e-02 -1.11739412e-02 -8.68269615e-03 -9.51264612e-03 -1.07135829e-02 -9.82846320e-03 -8.82037729e-03 -9.11640190e-03 -7.31186010e-03 -2.53509544e-03 -7.17489608e-03 -1.06510092e-02 -9.79818776e-03 -1.04981717e-02 -1.15604326e-02 -1.33449733e-02 -1.18646417e-02 -1.05778333e-02 -1.48049630e-02 -1.49251092e-02 -1.27305016e-02 -1.00098215e-02 -9.97815840e-03 -1.11514069e-02 -1.22548584e-02 -1.46541744e-02 -1.61229875e-02 -1.37018226e-02 -1.33866742e-02 -1.60266701e-02 -1.48422327e-02 -1.28120910e-02 -1.43818632e-02 -1.67425983e-02 -2.04631593e-02 -1.88923031e-02 -1.90655775e-02 -1.83840469e-02 -1.85073502e-02 -2.08097249e-02 -2.51217335e-02 -1.85227692e-02 -1.67406574e-02 -1.48683749e-02 -1.40910409e-02 -1.37406792e-02 -1.25238989e-02 -1.41007910e-02 -1.34079419e-02 -1.05595402e-02 -1.09880436e-02 -1.24297496e-02 -1.25396550e-02 -1.30794551e-02 -1.04697458e-02 -9.75509547e-03 -1.48499999e-02 -1.71878394e-02 -1.81733612e-02 -1.81124639e-02 -1.98570434e-02 -1.77719928e-02 -1.44822765e-02 -1.58651527e-02 -1.59355719e-02 -1.55161750e-02 -1.66700128e-02 -1.67492405e-02 -1.61310919e-02 -1.75252724e-02 -1.51375588e-02 -1.25780180e-02 -1.10798683e-02 -1.02502983e-02 -1.26279388e-02 -1.35700870e-02 -1.55117791e-02 -1.34497862e-02 -1.29328109e-02 -1.50626302e-02 -1.68975089e-02 -1.44904200e-02 -1.11480299e-02 -1.04960315e-02 -1.08643211e-02 -1.47512089e-02 -2.06860881e-02 -2.16218978e-02 -1.47715714e-02 -1.02661457e-02 -8.46121274e-03 -8.03351216e-03 -1.08790416e-02 -1.26378536e-02 -1.59787498e-02 -2.04685796e-02 -2.25230940e-02 -1.99434832e-02 -1.87781770e-02 -2.07218565e-02 -1.91560406e-02 -1.62344631e-02 -1.43208075e-02 -1.26874968e-02 -1.16376281e-02 -1.28277559e-02 -1.47782471e-02 -1.20983850e-02 -8.76155868e-03 -1.12181138e-02 -1.48270801e-02 -1.38243213e-02 -1.04123186e-02 -1.10164192e-02 -1.18123908e-02 -1.29675288e-02 -1.43508762e-02 -1.33281145e-02 -1.53314266e-02 -1.64183509e-02 -1.25705451e-02 -1.12159885e-02 -1.63698979e-02 -1.96439624e-02 -1.82265881e-02 -1.54099446e-02 -1.72188897e-02 -1.86798833e-02 -1.50792189e-02 -1.19044594e-02 -1.19066797e-02 -1.77317932e-02 -1.84405632e-02 -1.56347826e-02 -1.34595521e-02 -1.42404549e-02 -1.20650902e-02 -1.52695663e-02 -1.84429660e-02 -1.99269019e-02 -1.79438423e-02 -1.43562704e-02 -1.34173557e-02 -1.44409109e-02 -1.54923536e-02 -1.63531769e-02 -1.75035428e-02 -2.03745887e-02 -1.66150369e-02 -1.31263491e-02 -1.52100548e-02 -1.30389594e-02 -9.90497321e-03 -1.67530272e-02 -2.28183568e-02 -1.93560813e-02 -1.46125257e-02 -1.23685561e-02 -1.28266513e-02 -1.77260432e-02 -1.78054925e-02 -1.71247255e-02 -1.93381179e-02 -1.56973694e-02 -1.08691305e-02 -1.20949522e-02 -1.62573587e-02 -2.07484439e-02 -1.94610637e-02 -1.52594633e-02 -1.61873065e-02 -1.54949650e-02 -1.45498179e-02 -1.44543219e-02 -1.46790892e-02 -1.26916859e-02 -9.09117050e-03 -9.42218304e-03 -8.82049557e-03 -3.28943320e-03 -1.00477692e-03 -1.34362374e-03 -1.50267500e-03 -3.66816809e-03
-1.03767924e-02 -6.75806683e-03 -8.01943708e-03 -9.05563217e-03 -9.72832367e-03 -1.04659684e-02 -1.39269363e-02 -1.59606449e-02 -1.46968868e-02 -1.35815181e-02 -1.76809076e-02 -1.81681309e-02 -1.50410812e-02 -1.11386478e-02 -9.02797282e-03 -1.28550828e-02 -1.39527041e-02 -1.14197321e-02 -9.81643237e-03 -1.01882145e-02 -1.11729633e-02 -1.02971867e-02 -9.34112258e-03 -9.76548903e-03 -6.90194778e-03 -2.95814499e-03 -6.46858849e-03 -1.10590085e-02 -9.74931195e-03 -1.02433395e-02 -1.32174809e-02 -1.44431274e-02 -1.29186772e-02 -1.19531229e-02 -1.55498348e-02 -1.71678308e-02 -1.43132657e-02 -1.07628349e-02 -1.07404701e-02 -1.08236689e-02 -1.18997451e-02 -1.41756386e-02 -1.46404970e-02 -1.22656971e-02 -1.29508749e-02 -1.46000106e-02 -1.39680095e-02 -1.19489562e-02 -1.36547554e-02 -1.40022151e-02 -1.65267829e-02 -1.83157418e-02 -2.05368865e-02 -2.06517465e-02 -1.67206228e-02 -1.62511282e-02 -2.10696645e-02 -1.88894868e-02 -1.73337311e-02 -1.51122510e-02 -1.58847831e-02 -1.33855734e-02 -1.09365843e-02 -1.30628627e-02 -1.31130721e-02 -9.44138132e-03 -9.96517017e-03 -1.29240025e-02 -1.26256943e-02 -1.23004802e-02 -1.13884341e-02 -1.01624485e-02 -1.46321375e-02 -1.64499898e-02 -1.57398917e-02 -1.62377190e-02 -1.78453457e-02 -1.73857473e-02 -1.44361313e-02 -1.38728973e-02 -1.70110911e-02 -1.71695817e-02 -1.79042686e-02 -1.69772003e-02 -1.40125621e-02 -1.36668514e-02 -1.28495768e-02 -1.06569733e-02 -8.16626474e-03 -6.46015629e-03 -9.25872847e-03 -1.10430252e-02 -1.98014695e-02 -2.85095535e-02 -3.18137929e-02 -2.98908278e-02 -2.31224522e-02 -1.47120198e-02 -1.19541073e-02 -1.27250422e-02 -6.00169972e-03 -6.40496612e-04 -6.56561926e-03 -1.54229607e-02 -2.07651630e-02 -2.32503600e-02 -1.61568057e-02 -6.06920198e-03 -9.68004204e-03 -1.46601181e-02 -1.22951120e-02 -9.47961211e-03 -1.18963495e-02 -1.31471623e-02 -8.01084749e-03 -5.83703071e-03 -1.02311559e-02 -1.51365800e-02 -1.80686768e-02 -1.88374817e-02 -1.54054137e-02 -1.45567190e-02 -1.45914108e-02 -1.17624495e-02 -8.86895694e-03 -1.22431666e-02 -1.59223992e-02 -1.44618358e-02 -1.13815926e-02 -9.75911878e-03 -1.00469403e-02 -1.18826777e-02 -1.31463930e-02 -1.39655769e-02 -1.58633590e-02 -1.51269026e-02 -1.07303038e-02 -1.13759674e-02 -1.84486341e-02 -1.80844888e-02 -1.56980418e-02 -1.28326658e-02 -1.78067964e-02 -2.11825650e-02 -1.46805979e-02 -1.30612813e-02 -1.25068873e-02 -1.53027363e-02 -1.59253217e-02 -1.30408034e-02 -1.17610618e-02 -1.40836276e-02 -1.07575208e-02 -1.51498280e-02 -1.76555067e-02 -1.92132760e-02 -1.79014653e-02 -1.20516848e-02 -9.67660360e-03 -1.23807359e-02 -1.63502712e-02 -1.81741994e-02 -1.76366121e-02 -1.94683000e-02 -1.48471575e-02 -1.35338791e-02 -1.69910137e-02 -1.34885851e-02 -7.70448148e-03 -1.09923296e-02 -1.95078067e-02 -1.84527505e-02 -1.47944205e-02 -1.20956674e-02 -1.49636213e-02 -1.89632978e-02 -1.90093182e-02 -1.46627054e-02 -1.58852451e-02 -1.51750371e-02 -1.21246520e-02 -1.15433447e-02 -1.46896932e-02 -1.98485404e-02 -1.94145720e-02 -1.56085845e-02 -1.50659364e-02 -1.57499611e-02 -1.69140510e-02 -1.49507392e-02 -1.32783763e-02 -1.14115346e-02 -7.54755549e-03 -5.88891283e-03 -7.33441673e-03 -3.81211471e-03 -1.87662989e-03 -2.06010975e-03 -2.28933990e-03 -3.67228081e-03
-1.08870380e-02 -7.02341832e-03 -8.14774446e-03 -9.51322261e-03 -9.75461677e-03 -1.02515016e-02 -1.37063768e-02 -1.53245106e-02 -1.47682689e-02 -1.36664063e-02 -1.63612980e-02 -1.85746755e-02 -1.78836938e-02 -1.43833309e-02 -8.56338255e-03 -9.64211486e-03 -1.40376221e-02 -1.37687027e-02 -1.10962689e-02 -1.01677217e-02 -1.09784286e-02 -1.17121097e-02 -1.08244214e-02 -1.32550765e-02 -9.33999568e-03 -5.17521426e-03 -8.90371203e-03 -1.25850737e-02 -1.05804801e-02 -8.15001689e-03 -1.22372285e-02 -1.44980457e-02 -1.28618516e-02 -1.37612056e-02 -1.66259110e-02 -1.62123162e-02 -1.37265529e-02 -1.03969537e-02 -1.12857930e-02 -1.08130202e-02 -1.07228849e-02 -1.33087579e-02 -1.23543348e-02 -9.74895619e-03 -1.39520206e-02 -1.72627587e-02 -1.38373803e-02 -9.98121500e-03 -9.94479842e-03 -7.27348402e-03 -9.69285145e-03 -1.39596406e-02 -1.93221886e-02 -2.09144820e-02 -1.72325112e-02 -1.68474168e-02 -1.84217207e-02 -1.79332048e-02 -1.87995639e-02 -1.66412015e-02 -1.52588319e-02 -1.30353607e-02 -1.08442418e-02 -1.32897086e-02 -1.28120631e-02 -8.61358829e-03 -1.00371633e-02 -1.32432338e-02 -1.31356530e-02 -1.21288858e-02 -1.25302095e-02 -1.19721666e-02 -1.33465976e-02 -1.49932336e-02 -1.55020077e-02 -1.38231944e-02 -1.66135151e-02 -1.73572879e-02 -1.34410337e-02 -1.27493590e-02 -1.73619352e-02 -1.91191528e-02 -1.75271127e-02 -1.30471811e-02 -1.06125455e-02 -1.15074795e-02 -1.11844232e-02 -9.98080522e-03 -9.17533599e-03 -8.47978517e-03 -1.42488144e-02 -2.19770037e-02 -3.48690599e-02 -4.31836247e-02 -3.72585505e-02 -2.63921153e-02 -1.42741557e-02 -6.08468056e-03 -8.58159363e-03 -1.21471146e-02 -1.73605978e-03 5.62188402e-03 1.41019188e-03 -1.06113404e-02 -2.50508469e-02 -3.25741470e-02 -1.95402540e-02 -6.48272783e-03 -1.14727020e-02 -1.98352076e-02 -1.20528881e-02 -3.08367237e-03 -6.01746514e-03 -1.28990654e-02 -8.73793848e-03 2.51238421e-03 1.02528911e-02 6.46638870e-03 -1.03497989e-02 -2.40036417e-02 -2.24315748e-02 -1.75574794e-02 -1.54126957e-02 -1.66517887e-02 -1.50192399e-02 -1.26271918e-02 -1.09776091e-02 -1.00255515e-02 -9.34274308e-03 -8.38899985e-03 -9.19515453e-03 -1.06187537e-02 -1.16745066e-02 -1.33239683e-02 -1.57317109e-02 -1.43224690e-02 -8.37350264e-03 -6.64129108e-03 -1.55286640e-02 -1.76725108e-02 -1.40719358e-02 -1.06916800e-02 -1.42240636e-02 -2.06556376e-02 -2.00787373e-02 -1.87280588e-02 -1.37277171e-02 -1.34941265e-02 -1.22805499e-02 -1.22659728e-02 -1.35056041e-02 -1.59858279e-02 -1.33151188e-02 -1.57335512e-02 -1.66269019e-02 -1.78033300e-02 -1.70429461e-02 -1.17958244e-02 -9.52495448e-03 -1.18010137e-02 -1.49511136e-02 -1.65903550e-02 -1.81952547e-02 -1.79824587e-02 -1.35961175e-02 -1.41539779e-02 -1.98446959e-02 -1.55673102e-02 -7.62708858e-03 -6.41139969e-03 -1.29205585e-02 -1.57436319e-02 -1.60142649e-02 -1.64960958e-02 -1.66813657e-02 -1.81601513e-02 -1.84933487e-02 -1.60404518e-02 -1.67976692e-02 -1.54671390e-02 -1.28451921e-02 -1.25170965e-02 -1.37298871e-02 -1.89534072e-02 -1.88545566e-02 -1.50683951e-02 -1.42246168e-02 -1.53915994e-02 -1.76749062e-02 -1.48575939e-02 -1.19789746e-02 -1.05287302e-02 -7.78963976e-03 -6.05573133e-03 -5.42336050e-03 -3.99708562e-03 -3.42511479e-03 -2.86007673e-03 -1.53985061e-03 -2.57035624e-03
-1.06840450e-02 -5.87822869e-03 -8.16709641e-03 -9.60389711e-03 -9.14685428e-03 -9.00590606e-03 -1.26612540e-02 -1.54982209e-02 -1.72423571e-02 -1.73135344e-02 -1.83907542e-02 -1.89582761e-02 -1.82528701e-02 -1.44320074e-02 -7.36103021e-03 -6.71160035e-03 -1.22364573e-02 -1.47996936e-02 -1.16802789e-02 -1.05092041e-02 -1.26326997e-02 -1.16576590e-02 -1.00397151e-02 -1.34998057e-02 -1.17887929e-02 -9.70981270e-03 -1.23102069e-02 -1.47968587e-02 -1.05711892e-02 -4.55919467e-03 -9.58178006e-03 -1.48296766e-02 -1.45488326e-02 -1.37252174e-02 -1.36500336e-02 -1.33025739e-02 -1.29371155e-02 -1.15815904e-02 -1.14446990e-02 -1.00625511e-02 -9.00400989e-03 -1.17290858e-02 -1.13337468e-02 -1.09067429e-02 -1.53220836e-02 -1.90138593e-02 -1.76404510e-02 -1.21320225e-02 -1.00286324e-02 -4.00038436e-03 -4.79509681e-03 -1.24082807e-02 -1.93928201e-02 -2.11755205e-02 -1.97731182e-02 -1.97321810e-02 -1.62001885e-02 -1.54511258e-02 -1.71155967e-02 -1.66752283e-02 -1.54993776e-02 -1.43043995e-02 -1.24791451e-02 -1.36424210e-02 -1.26799848e-02 -9.65327024e-03 -1.12244841e-02 -1.42184086e-02 -1.19405072e-02 -1.00008007e-02 -1.21425819e-02 -1.16829947e-02 -1.26258694e-02 -1.47789121e-02 -1.46202352e-02 -1.35457888e-02 -1.30442511e-02 -1.32319946e-02 -1.38467196e-02 -1.60304140e-02 -1.91397555e-02 -1.71580575e-02 -1.34885702e-02 -8.99579190e-03 -6.66353106e-03 -7.77578913e-03 -1.02175139e-02 -1.30735515e-02 -1.99009050e-02 -2.64742561e-02 -2.77302563e-02 -2.53793988e-02 -3.05632744e-02 -3.23526561e-02 -2.40561850e-02 -1.70511045e-02 -1.14908889e-02 -6.04919717e-03 -1.00933183e-02 -1.61314439e-02 -7.16066733e-03 2.28786096e-03 2.05248594e-03 -5.83557412e-03 -2.17663422e-02 -2.85966229e-02 -1.82097666e-02 -4.57772613e-03 -9.27215070e-03 -1.95518024e-02 -1.60981528e-02 -8.25786404e-03 -1.32151246e-02 -2.27770023e-02 -1.98431145e-02 -3.96998227e-03 9.13376361e-03 1.34710353e-02 5.88594005e-03 -2.86907889e-03 -7.95175880e-03 -1.55781265e-02 -1.98759884e-02 -2.23589987e-02 -1.81295127e-02 -1.41732059e-02 -1.14116501e-02 -9.86703485e-03 -7.65807927e-03 -5.32411225e-03 -6.29876368e-03 -8.86586867e-03 -1.06367879e-02 -1.23601854e-02 -1.39276441e-02 -1.53222904e-02 -1.19929370e-02 -5.75544685e-03 -9.93461162e-03 -1.50617305e-02 -1.29003711e-02 -1.06839184e-02 -1.39978100e-02 -1.88145954e-02 -1.82708800e-02 -1.85387544e-02 -1.43649653e-02 -1.58561133e-02 -1.63813829e-02 -1.77728534e-02 -1.75647885e-02 -1.73603520e-02 -1.39308311e-02 -1.40872151e-02 -1.66175626e-02 -1.75066050e-02 -1.75496079e-02 -1.34161003e-02 -1.09705515e-02 -1.02052633e-02 -1.25034451e-02 -1.54578406e-02 -1.95944179e-02 -1.87845454e-02 -1.48271024e-02 -1.56513937e-02 -2.02866849e-02 -1.59359425e-02 -9.40399244e-03 -7.68345594e-03 -1.08134672e-02 -1.40746348e-02 -1.56822689e-02 -1.78227276e-02 -1.71855688e-02 -1.73373800e-02 -1.87659804e-02 -1.98520273e-02 -1.94892026e-02 -1.24121644e-02 -8.02172348e-03 -1.26112457e-02 -1.52970422e-02 -1.80631746e-02 -1.77612454e-02 -1.70343556e-02 -1.70876924e-02 -1.63448770e-02 -1.60242803e-02 -1.37061570e-02 -1.11212377e-02 -9.07945260e-03 -7.33315013e-03 -7.40163773e-03 -5.32034785e-03 -4.19974793e-03 -4.85570449e-03 -3.44606023e-03 -1.43506192e-03 -1.95691269e-03
-1.03234006e-02 -5.23421634e-03 -9.48655140e-03 -1.02042574e-02 -8.92373174e-03 -8.58333893e-03 -1.29120219e-02 -1.63487047e-02 -1.77271664e-02 -1.80687793e-02 -1.85759161e-02 -1.84522159e-02 -1.66667867e-02 -1.26123000e-02 -8.39356706e-03 -7.91741163e-03 -1.13925822e-02 -1.41465683e-02 -1.32876299e-02 -1.16527323e-02 -1.23605710e-02 -1.14430431e-02 -8.05391744e-03 -1.23408083e-02 -1.16404779e-02 -1.08983126e-02 -1.45450924e-02 -1.49646159e-02 -1.08676199e-02 -6.22433610e-03 -1.15075000e-02 -1.56291015e-02 -1.37375854e-02 -1.03319511e-02 -1.06328633e-02 -1.32342204e-02 -1.51417982e-02 -1.43676028e-02 -1.28480047e-02 -9.10231657e-03 -6.08931854e-03 -9.80889797e-03 -1.26436073e-02 -1.25585720e-02 -1.68106090e-02 -1.94111988e-02 -1.85301285e-02 -1.44935548e-02 -1.30039603e-02 -7.95865431e-03 -7.72151724e-03 -1.23798139e-02 -1.83237270e-02 -2.18903236e-02 -2.07796097e-02 -2.16665305e-02 -1.44614205e-02 -1.02096125e-02 -1.41571239e-02 -1.61772929e-02 -1.75554063e-02 -1.77012142e-02 -1.42402723e-02 -1.27740819e-02 -1.26214996e-02 -1.15567986e-02 -1.19667966e-02 -1.28852930e-02 -1.22203287e-02 -9.57966782e-03 -9.17787105e-03 -9.96634550e-03 -1.07099898e-02 -1.36395078e-02 -1.48641821e-02 -1.18342806e-02 -9.65924375e-03 -9.13528167e-03 -1.25739854e-02 -1.89110953e-02 -1.80198271e-02 -1.48158912e-02 -1.09054036e-02 -9.03055072e-03 -8.14557262e-03 -1.15677994e-02 -1.60181783e-02 -1.77037455e-02 -2.18685828e-02 -2.62591988e-02 -2.45308951e-02 -1.79709606e-02 -2.02811565e-02 -2.17576977e-02 -1.73322633e-02 -1.63146611e-02 -1.05504673e-02 -3.87797877e-03 -5.50643913e-03 -1.07589392e-02 -9.22128651e-03 -7.95980915e-03 -6.67586923e-03 -7.14299083e-03 -1.44712580e-02 -1.84326433e-02 -1.20620653e-02 -4.36784327e-03 -2.56959535e-03 -1.35226045e-02 -1.80165712e-02 -1.10079050e-02 -1.04605593e-02 -1.86302215e-02 -2.19885167e-02 -1.45078655e-02 -5.35992347e-03 -6.46356493e-04 1.66364573e-03 9.41321440e-03 1.33892335e-02 3.05394828e-03 -1.02880877e-02 -2.22002901e-02 -2.08907239e-02 -1.59985423e-02 -1.20875314e-02 -1.00879204e-02 -7.77004100e-03 -5.18823974e-03 -6.07857481e-03 -8.68359022e-03 -1.04283858e-02 -1.27301272e-02 -1.33993775e-02 -1.33181848e-02 -1.30132809e-02 -8.90425034e-03 -8.84574093e-03 -1.39713399e-02 -1.32401884e-02 -1.19636953e-02 -1.65754557e-02 -1.75263491e-02 -1.33324675e-02 -1.49748474e-02 -1.48509406e-02 -1.78343765e-02 -1.88484266e-02 -2.00562589e-02 -2.10303217e-02 -1.91758871e-02 -1.95397455e-02 -1.81310568e-02 -1.74728930e-02 -1.59283262e-02 -1.64417122e-02 -1.54175367e-02 -1.23708565e-02 -9.38728079e-03 -1.02251265e-02 -1.30014978e-02 -1.88260321e-02 -1.95571035e-02 -1.66299436e-02 -1.52706616e-02 -1.79438815e-02 -1.63170062e-02 -1.21743158e-02 -9.09447484e-03 -1.04185622e-02 -1.07282568e-02 -1.17379166e-02 -1.51544735e-02 -1.60832498e-02 -1.55834612e-02 -1.55624207e-02 -1.78418290e-02 -1.91961695e-02 -1.42695941e-02 -8.69993493e-03 -1.41688101e-02 -1.65235661e-02 -1.57468207e-02 -1.48090590e-02 -1.80583950e-02 -1.87683310e-02 -1.69939939e-02 -1.47163160e-02 -1.18736178e-02 -9.35384817e-03 -7.99489394e-03 -7.07145967e-03 -8.29928182e-03 -6.66817185e-03 -5.10062277e-03 -5.37019037e-03 -3.30885686e-03 -1.27443764e-03 -1.83336250e-03
-1.12680607e-02 -4.61916160e-03 -7.61395134e-03 -1.09552629e-02 -1.10472627e-02 -1.00445691e-02 -1.09092928e-02 -1.40851010e-02 -1.75328366e-02 -1.80897117e-02 -1.85101926e-02 -1.70345139e-02 -1.57323666e-02 -1.24821849e-02 -9.02138092e-03 -8.58153775e-03 -1.04570277e-02 -1.26850195e-02 -1.24956723e-02 -1.23031195e-02 -1.28339827e-02 -1.04762111e-02 -7.98969530e-03 -1.21986363e-02 -1.13370717e-02 -1.05071049e-02 -1.41641591e-02 -1.42616313e-02 -1.28602777e-02 -1.06703509e-02 -1.50270034e-02 -1.47050060e-02 -9.41140950e-03 -6.64521195e-03 -1.00667048e-02 -1.45717990e-02 -1.42702609e-02 -1.29665192e-02 -1.16654988e-02 -8.08651932e-03 -4.48446162e-03 -7.03625195e-03 -1.15956087e-02 -1.36750378e-02 -1.75680965e-02 -1.70972962e-02 -1.58921834e-02 -1.55410469e-02 -1.50942840e-02 -1.20248403e-02 -1.11590251e-02 -1.16753206e-02 -1.49033088e-02 -1.93324592e-02 -2.03945227e-02 -2.08581872e-02 -1.22559294e-02 -5.91901690e-03 -1.14725828e-02 -1.48123130e-02 -1.71430167e-02 -1.88310649e-02 -1.39090698e-02 -1.18780266e-02 -1.26675628e-02 -1.29973236e-02 -1.20687895e-02 -1.20010544e-02 -1.17676966e-02 -1.01790000e-02 -9.00044106e-03 -9.49897617e-03 -9.96094756e-03 -1.29381325e-02 -1.50656030e-02 -1.34372748e-02 -9.64975730e-03 -7.10682012e-03 -8.56009871e-03 -1.47149432e-02 -1.62886661e-02 -1.49917360e-02 -1.60312206e-02 -2.17310227e-02 -3.03605143e-02 -2.60450765e-02 -1.75071657e-02 -1.33222658e-02 -1.37157738e-02 -1.80072188e-02 -1.77979171e-02 -1.25830565e-02 -1.19859353e-02 -1.32750776e-02 -1.32350028e-02 -1.58072989e-02 -1.21485647e-02 -4.56857681e-03 -2.86557153e-03 -4.34459466e-03 -6.96674827e-03 -1.22575415e-02 -1.42197767e-02 -9.93927289e-03 -9.76188853e-03 -1.17450273e-02 -1.34590352e-02 -1.04649132e-02 -5.10840677e-03 -8.14033672e-03 -1.57987382e-02 -1.21697616e-02 -8.56320374e-03 -1.16139855e-02 -1.44899404e-02 -1.45566212e-02 -1.38130607e-02 -1.66034419e-02 -1.28197372e-02 4.59280238e-03 1.75828002e-02 1.59581639e-02 8.13268498e-03 -4.44442220e-03 -1.17547587e-02 -1.54289883e-02 -1.49067966e-02 -1.49371400e-02 -1.26408180e-02 -8.86379182e-03 -7.17933290e-03 -6.53938204e-03 -9.73659568e-03 -1.25752445e-02 -1.24042071e-02 -1.17848311e-02 -1.20706484e-02 -1.10301860e-02 -1.03605427e-02 -1.20842624e-02 -1.26756430e-02 -1.43280514e-02 -1.87455826e-02 -1.76849123e-02 -1.19676888e-02 -1.43802874e-02 -2.03582849e-02 -2.02166736e-02 -1.65696926e-02 -1.71582438e-02 -2.03707069e-02 -2.12578289e-02 -2.15116683e-02 -1.89658068e-02 -1.67948380e-02 -1.50456466e-02 -1.50194410e-02 -1.48559846e-02 -1.22265946e-02 -9.78850015e-03 -1.08738169e-02 -1.26449056e-02 -1.79137364e-02 -1.91240590e-02 -1.75353959e-02 -1.62269808e-02 -1.55678727e-02 -1.60996988e-02 -1.44276749e-02 -1.07920207e-02 -1.10778194e-02 -1.04758870e-02 -1.12182554e-02 -1.41204800e-02 -1.63905304e-02 -1.58973988e-02 -1.36036221e-02 -1.48862414e-02 -1.68638062e-02 -1.54201053e-02 -9.68250073e-03 -1.33296959e-02 -1.62997339e-02 -1.21442191e-02 -1.01872683e-02 -1.62051115e-02 -1.84350144e-02 -1.68217067e-02 -1.46011878e-02 -1.02041159e-02 -7.15860166e-03 -7.29146227e-03 -7.97538646e-03 -9.89692658e-03 -8.04145355e-03 -5.29298093e-03 -3.99463996e-03 -2.19814293e-03 -1.24475453e-03 -2.64615566e-03
-1.12309605e-02 -3.85622587e-03 -5.29108569e-03 -9.72075574e-03 -1.29069919e-02 -1.21467430e-02 -8.80553946e-03 -1.17719937e-02 -1.67744961e-02 -1.58545114e-02 -1.77674443e-02 -1.54169425e-02 -1.52150709e-02 -1.28557980e-02 -9.51269269e-03 -8.71291943e-03 -9.90956463e-03 -1.10736080e-02 -1.14896931e-02 -1.13253687e-02 -1.19182132e-02 -1.17862076e-02 -1.27498303e-02 -1.50263160e-02 -1.25957001e-02 -9.19757411e-03 -1.13404412e-02 -1.32032800e-02 -1.29209720e-02 -1.12463776e-02 -1.34245250e-02 -1.23924147e-02 -7.32462108e-03 -6.36683218e-03 -1.08876377e-02 -1.58057567e-02 -1.45801846e-02 -1.25481766e-02 -1.25951432e-02 -9.56227444e-03 -5.34800626e-03 -6.30769320e-03 -9.59938206e-03 -1.38973705e-02 -1.84375253e-02 -1.55382231e-02 -1.17760189e-02 -1.35400388e-02 -1.53187457e-02 -1.40221324e-02 -1.49933007e-02 -1.40543580e-02 -1.42800249e-02 -1.65310688e-02 -1.78429857e-02 -1.90170184e-02 -1.29086301e-02 -8.88369977e-03 -1.40119120e-02 -1.49436686e-02 -1.66343693e-02 -1.91339701e-02 -1.54838897e-02 -1.33497715e-02 -1.40388962e-02 -1.22381542e-02 -1.09443497e-02 -1.09692942e-02 -1.11107901e-02 -9.84373875e-03 -9.21013951e-03 -8.79154541e-03 -8.74348171e-03 -1.11445617e-02 -1.54439732e-02 -1.53802596e-02 -1.05999019e-02 -5.41464612e-03 -4.24786657e-03 -9.92570072e-03 -1.46029927e-02 -1.96330976e-02 -2.94008069e-02 -3.63952853e-02 -3.14981006e-02 -1.82984602e-02 -1.00785820e-02 -8.72012693e-03 -1.12174861e-02 -1.61210932e-02 -1.54633401e-02 -9.79214907e-03 -9.72441211e-03 -1.06640831e-02 -1.45470370e-02 -2.19702311e-02 -1.75777785e-02 -5.58458455e-03 -2.13636272e-03 -1.00601651e-03 -2.86476128e-03 -1.26934890e-02 -1.76655110e-02 -1.17700072e-02 -9.17883124e-03 -1.05490545e-02 -1.53921479e-02 -1.46676395e-02 -8.24114121e-03 -7.84788094e-03 -1.13497414e-02 -1.08245201e-02 -8.94725136e-03 -1.51375346e-02 -1.57619677e-02 -8.79507512e-03 -4.33312356e-03 -5.90985827e-03 -1.19469035e-02 -7.62880035e-03 3.38850915e-03 1.18027925e-02 1.22244731e-02 7.48210028e-03 6.00875169e-03 9.48606059e-04 -1.03592593e-02 -2.19066851e-02 -2.06293538e-02 -1.30084651e-02 -8.22767429e-03 -5.13624959e-03 -9.62617248e-03 -1.42982993e-02 -1.42537095e-02 -1.20332334e-02 -1.15001053e-02 -1.05453245e-02 -1.09006725e-02 -1.38295908e-02 -1.39593221e-02 -1.44808143e-02 -1.56923402e-02 -1.42367184e-02 -1.13303550e-02 -1.62944943e-02 -2.34952047e-02 -2.36681532e-02 -1.77454390e-02 -1.48035064e-02 -1.67065226e-02 -2.01853085e-02 -2.28400268e-02 -1.97151937e-02 -1.66880079e-02 -1.55169554e-02 -1.45311356e-02 -1.38027072e-02 -1.16059780e-02 -1.05109662e-02 -1.25826485e-02 -1.35176647e-02 -1.59844756e-02 -1.89627279e-02 -1.81628224e-02 -1.54696293e-02 -1.33606829e-02 -1.49724409e-02 -1.43584665e-02 -1.07069742e-02 -1.30721964e-02 -1.47942081e-02 -1.41304266e-02 -1.26743242e-02 -1.47919320e-02 -1.48152895e-02 -1.17831342e-02 -1.27646271e-02 -1.67175494e-02 -1.81467179e-02 -1.26131065e-02 -1.51056275e-02 -1.66297387e-02 -1.00533105e-02 -7.53921643e-03 -1.23073328e-02 -1.68569162e-02 -1.66782793e-02 -1.49912536e-02 -1.06623732e-02 -5.91854192e-03 -7.05436803e-03 -9.86597501e-03 -1.15119116e-02 -8.85816291e-03 -4.22853976e-03 -1.93829276e-03 -1.30139198e-03 -1.47266500e-03 -3.31696263e-03
-1.13972798e-02 -5.58789261e-03 -7.23403506e-03 -9.40053165e-03 -1.19195199e-02 -1.24895088e-02 -9.25030559e-03 -1.27850119e-02 -1.73096918e-02 -1.51729174e-02 -1.68640818e-02 -1.49081796e-02 -1.40641555e-02 -1.29712410e-02 -1.02368277e-02 -9.43695381e-03 -9.09716636e-03 -9.82292369e-03 -9.97323170e-03 -9.08010639e-03 -1.02060679e-02 -1.08005907e-02 -1.21019855e-02 -1.56464539e-02 -1.52464686e-02 -1.30321495e-02 -1.12953223e-02 -1.03498586e-02 -1.10421479e-02 -1.06601249e-02 -1.24784354e-02 -1.15197599e-02 -8.66359286e-03 -8.70342366e-03 -1.14329681e-02 -1.46916434e-02 -1.54581890e-02 -1.20145287e-02 -1.15266461e-02 -8.63202289e-03 -5.74970059e-03 -7.66380876e-03 -1.00790914e-02 -1.22833531e-02 -1.87083688e-02 -1.72084384e-02 -1.05364993e-02 -1.19392257e-02 -1.60732083e-02 -1.71106029e-02 -1.73047222e-02 -1.62821095e-02 -1.58502981e-02 -1.56484544e-02 -1.58945285e-02 -1.44804604e-02 -1.43753290e-02 -1.31165795e-02 -1.46334562e-02 -1.68387946e-02 -1.79840494e-02 -1.96653903e-02 -1.60955396e-02 -1.39125120e-02 -1.53893605e-02 -1.25724319e-02 -9.48603824e-03 -1.00253113e-02 -1.04679279e-02 -9.72667150e-03 -9.19274054e-03 -9.10891965e-03 -9.23272781e-03 -1.21462457e-02 -1.45786814e-02 -1.35241356e-02 -1.03425756e-02 -6.26255572e-03 -3.01741064e-03 -1.06584541e-02 -2.39455700e-02 -3.55086178e-02 -3.69886495e-02 -2.98434719e-02 -2.05988288e-02 -1.19895041e-02 -8.92333034e-03 -1.03401830e-02 -1.13150142e-02 -1.43158501e-02 -1.45578226e-02 -1.05989743e-02 -1.09194051e-02 -1.25251990e-02 -1.66245885e-02 -2.36951914e-02 -1.87476911e-02 -5.25423139e-03 -1.21254474e-04 2.54165754e-03 2.96835788e-03 -8.51142593e-03 -1.83559600e-02 -1.29141295e-02 -9.33657028e-03 -1.42392945e-02 -2.11067535e-02 -1.74391083e-02 -7.77123310e-03 -4.87732887e-03 -5.45408949e-03 -4.52953577e-03 -7.99612701e-03 -2.11253241e-02 -2.14524120e-02 -9.21579730e-03 5.38278371e-04 3.88268568e-03 -4.00750898e-03 -1.13253128e-02 -8.21699388e-03 2.89300084e-03 4.55431640e-03 -7.56941736e-04 6.27447665e-03 1.78327765e-02 1.16234310e-02 -1.45088406e-02 -2.57096626e-02 -1.68416388e-02 -1.26931146e-02 -8.71575624e-03 -1.01982784e-02 -1.34229828e-02 -1.42799877e-02 -1.24624223e-02 -1.02353375e-02 -8.62680934e-03 -1.06518362e-02 -1.45618133e-02 -1.52204428e-02 -1.43969264e-02 -1.39972419e-02 -1.20983757e-02 -1.03804618e-02 -1.44491494e-02 -2.29054354e-02 -2.59151757e-02 -1.95743255e-02 -1.46203712e-02 -1.20067224e-02 -1.39706768e-02 -1.98074840e-02 -1.87582448e-02 -1.52508616e-02 -1.48861948e-02 -1.43357683e-02 -1.27138440e-02 -1.20860524e-02 -1.26687177e-02 -1.46010742e-02 -1.50231328e-02 -1.65644754e-02 -1.87586099e-02 -1.78486109e-02 -1.50103197e-02 -1.28104910e-02 -1.47431996e-02 -1.51993893e-02 -1.33446492e-02 -1.49884876e-02 -1.73089691e-02 -1.67701337e-02 -1.31633766e-02 -1.32169537e-02 -1.61428899e-02 -1.58067401e-02 -1.48363821e-02 -1.46110673e-02 -1.41347814e-02 -1.02276355e-02 -1.34697910e-02 -1.73723456e-02 -1.20989624e-02 -9.16193053e-03 -1.20293349e-02 -1.43997669e-02 -1.68541111e-02 -1.54828206e-02 -1.07388142e-02 -5.00542484e-03 -5.87843172e-03 -1.10468585e-02 -1.27428835e-02 -9.58512630e-03 -4.13696002e-03 -1.13843102e-03 -1.11655332e-03 -1.83522981e-03 -4.38799523e-03
-1.11087877e-02 -6.00911304e-03 -8.31631664e-03 -9.25886631e-03 -1.07996222e-02 -1.01502966e-02 -7.38413818e-03 -1.25813875e-02 -1.91562120e-02 -1.68862771e-02 -1.66539680e-02 -1.45886019e-02 -1.28844623e-02 -1.34944320e-02 -1.18751507e-02 -9.82211903e-03 -9.43081081e-03 -9.15435515e-03 -7.92539120e-03 -6.82993233e-03 -8.61499272e-03 -9.60727409e-03 -1.23480856e-02 -1.56942103e-02 -1.47631783e-02 -1.18841771e-02 -1.06194764e-02 -9.74087603e-03 -1.03296712e-02 -9.22721997e-03 -1.14608798e-02 -1.30396020e-02 -1.10947862e-02 -1.12155750e-02 -1.22722052e-02 -1.38060153e-02 -1.65538397e-02 -1.39394309e-02 -1.28884967e-02 -9.10850056e-03 -5.39085269e-03 -8.96272436e-03 -1.15026403e-02 -1.51807889e-02 -1.89363305e-02 -1.74090602e-02 -1.29994135e-02 -1.36943404e-02 -1.74996126e-02 -1.87032726e-02 -1.89631600e-02 -1.82241965e-02 -1.92520265e-02 -1.70017257e-02 -1.58525556e-02 -1.76272541e-02 -1.47848800e-02 -1.22673623e-02 -1.25997700e-02 -1.60151850e-02 -2.05617212e-02 -1.97107755e-02 -1.75137687e-02 -1.65057108e-02 -1.63705423e-02 -1.11539401e-02 -6.09843433e-03 -8.06747563e-03 -1.06384866e-02 -9.98159498e-03 -9.42594558e-03 -8.96340795e-03 -1.02509111e-02 -1.23982690e-02 -1.16993748e-02 -1.07984971e-02 -1.15443654e-02 -1.17469057e-02 -9.55664366e-03 -2.35055257e-02 -4.12864760e-02 -4.18995842e-02 -2.45259963e-02 -1.13159651e-02 -9.01850406e-03 -1.21780345e-02 -1.53618501e-02 -1.45555893e-02 -1.04250470e-02 -9.68901068e-03 -1.09800119e-02 -1.22029018e-02 -1.51217971e-02 -1.48400646e-02 -1.65236928e-02 -2.31962241e-02 -1.92363001e-02 -6.77971449e-03 7.51631334e-04 3.73313203e-03 2.87698954e-03 -6.65919483e-03 -1.52243683e-02 -1.41951460e-02 -1.03301648e-02 -1.40994219e-02 -1.80888809e-02 -1.56135941e-02 -7.11029023e-03 -2.95901112e-03 -2.41978467e-03 -4.17149439e-03 -8.97429138e-03 -2.12250911e-02 -2.36092415e-02 -9.85012855e-03 -2.33259983e-03 1.18556991e-03 -4.26979549e-03 -1.40127633e-02 -1.36489347e-02 -1.48073211e-03 1.65894628e-03 -5.56813367e-03 -1.35774724e-03 1.42069515e-02 2.51333322e-02 7.67489895e-03 -1.58154480e-02 -1.88602731e-02 -1.50396908e-02 -1.28335878e-02 -1.29184369e-02 -1.41906925e-02 -1.48007739e-02 -1.23980492e-02 -7.47856684e-03 -5.54355048e-03 -9.11197066e-03 -1.39122941e-02 -1.62125211e-02 -1.52714681e-02 -1.36651061e-02 -1.33037232e-02 -1.43540464e-02 -1.57027617e-02 -1.88964792e-02 -2.24013273e-02 -1.87157393e-02 -1.30691305e-02 -1.00042783e-02 -1.16614997e-02 -1.43417586e-02 -1.56193823e-02 -1.50993522e-02 -1.57337748e-02 -1.60322692e-02 -1.62628982e-02 -1.54865086e-02 -1.29616037e-02 -1.37685537e-02 -1.76830217e-02 -1.90597828e-02 -1.94996782e-02 -1.82367023e-02 -1.44478362e-02 -1.29072536e-02 -1.50659122e-02 -1.54203419e-02 -1.28728058e-02 -1.31678302e-02 -1.69238169e-02 -1.84968784e-02 -1.27549358e-02 -1.04334410e-02 -1.41936783e-02 -1.90534573e-02 -1.89444385e-02 -1.53020453e-02 -1.25205405e-02 -8.95128399e-03 -1.17529910e-02 -1.47997700e-02 -1.27229672e-02 -1.20922141e-02 -1.36181787e-02 -1.51490662e-02 -1.69302747e-02 -1.45741161e-02 -1.11575089e-02 -6.28061406e-03 -5.95444441e-03 -1.10442322e-02 -1.25836255e-02 -9.95064992e-03 -4.85850871e-03 -1.76546164e-03 -1.91640947e-03 -1.65629294e-03 -3.79176065e-03
-1.14201158e-02 -7.39013962e-03 -9.99045093e-03 -9.76501871e-03 -9.67028737e-03 -8.69111903e-03 -6.48819469e-03 -1.24224648e-02 -1.81742031e-02 -1.48223359e-02 -1.48775056e-02 -1.47409253e-02 -1.31204706e-02 -1.38861742e-02 -1.27817281e-02 -1.10582449e-02 -1.00707244e-02 -9.80968215e-03 -8.07438977e-03 -6.98588975e-03 -7.45644979e-03 -6.49994984e-03 -7.52857327e-03 -1.29257329e-02 -1.40819512e-02 -1.29580293e-02 -1.33189857e-02 -1.20017622e-02 -8.41481052e-03 -5.40143065e-03 -9.07462463e-03 -1.43359229e-02 -1.41470861e-02 -1.28739569e-02 -1.29480809e-02 -1.23857222e-02 -1.54695921e-02 -1.46476999e-02 -1.37371551e-02 -1.10905375e-02 -7.36882724e-03 -9.14433412e-03 -1.27749331e-02 -1.49250273e-02 -1.74931455e-02 -1.75231695e-02 -1.46188624e-02 -1.32061373e-02 -1.50444116e-02 -1.54495332e-02 -1.84704717e-02 -2.02625897e-02 -1.87358018e-02 -1.40120350e-02 -1.24984235e-02 -1.57514811e-02 -1.38489753e-02 -1.01922899e-02 -8.43442604e-03 -1.25998091e-02 -2.08855681e-02 -1.87447742e-02 -1.64426640e-02 -1.50904190e-02 -1.36580840e-02 -9.80667956e-03 -7.71428272e-03 -8.42983276e-03 -9.34016518e-03 -9.33493674e-03 -1.01676565e-02 -9.46813822e-03 -9.80849192e-03 -1.03526544e-02 -9.25945491e-03 -9.68624838e-03 -1.23548955e-02 -1.67163461e-02 -2.28238963e-02 -3.49623859e-02 -4.09650430e-02 -3.05263866e-02 -1.14106163e-02 -7.64321536e-04 -6.72610663e-03 -1.75904017e-02 -2.25315392e-02 -1.77056976e-02 -8.14479403e-03 -7.19935261e-03 -1.04446486e-02 -1.30672622e-02 -1.59241818e-02 -1.21540930e-02 -1.11702690e-02 -1.79704037e-02 -1.69988424e-02 -8.85667745e-03 -1.61753502e-03 2.37005018e-03 3.23392451e-05 -8.32807925e-03 -1.37496311e-02 -1.27371447e-02 -9.13226604e-03 -9.01655387e-03 -1.26356240e-02 -1.32003855e-02 -8.21554847e-03 -4.23658267e-03 -5.34038618e-03 -7.66291097e-03 -9.90183093e-03 -1.66508518e-02 -1.83164869e-02 -1.11757340e-02 -8.39115027e-03 -2.78055854e-03 -1.83301978e-03 -9.10286792e-03 -1.31395254e-02 -4.79345955e-03 6.09572977e-04 -6.80824928e-03 -7.40475394e-03 2.66285613e-03 1.39927547e-02 1.72040388e-02 5.83142601e-03 -9.33735166e-03 -1.77726038e-02 -1.95105895e-02 -1.93172209e-02 -1.63089689e-02 -1.18768271e-02 -8.51103663e-03 -6.26518764e-03 -6.45836070e-03 -1.00526474e-02 -1.36442818e-02 -1.53975729e-02 -1.47114247e-02 -1.27829630e-02 -1.20652653e-02 -1.71878207e-02 -1.85773689e-02 -1.90595947e-02 -1.79945882e-02 -1.17907003e-02 -7.99953565e-03 -9.35147330e-03 -1.25108734e-02 -1.28111020e-02 -1.19943582e-02 -1.24262702e-02 -1.43937971e-02 -1.76728684e-02 -1.79176684e-02 -1.53858084e-02 -1.18516535e-02 -1.31319873e-02 -1.67056043e-02 -1.85049847e-02 -1.92607883e-02 -1.79261286e-02 -1.48047656e-02 -1.48347560e-02 -1.60200093e-02 -1.56760626e-02 -1.29458811e-02 -1.22697446e-02 -1.68566164e-02 -1.82871167e-02 -1.60315838e-02 -1.23836361e-02 -1.37060396e-02 -1.84589438e-02 -2.20691971e-02 -1.84824914e-02 -1.38049610e-02 -9.06100497e-03 -1.03480853e-02 -1.26859881e-02 -1.28671024e-02 -1.36284977e-02 -1.18399672e-02 -1.34807676e-02 -1.67186335e-02 -1.45362224e-02 -1.35674775e-02 -1.02872699e-02 -6.61508366e-03 -9.10249166e-03 -1.14417328e-02 -9.79383942e-03 -6.67580497e-03 -3.49743757e-03 -1.83779933e-03 -7.73901120e-04 -3.00731370e-03
-1.18093695e-02 -7.65605271e-03 -1.00058969e-02 -9.12725460e-03 -9.80770029e-03 -1.04925558e-02 -8.67572241e-03 -1.13362856e-02 -1.50165427e-02 -1.14851538e-02 -1.30449310e-02 -1.64548829e-02 -1.41660925e-02 -1.39161963e-02 -1.32701639e-02 -1.19293537e-02 -1.02788750e-02 -9.86990146e-03 -9.48620588e-03 -9.97558609e-03 -1.00421291e-02 -6.96976297e-03 -7.01198168e-03 -1.19707976e-02 -1.35154966e-02 -1.12047512e-02 -9.33694653e-03 -9.47914831e-03 -9.75597464e-03 -7.83046335e-03 -8.78596492e-03 -1.27593167e-02 -1.42182875e-02 -1.35251861e-02 -1.27021745e-02 -1.19275413e-02 -1.40129980e-02 -1.35585833e-02 -1.27928611e-02 -1.15461498e-02 -1.11468658e-02 -1.29883755e-02 -1.34147089e-02 -1.30060818e-02 -1.41811073e-02 -1.60678551e-02 -1.60026047e-02 -1.38974246e-02 -1.46419127e-02 -1.53824855e-02 -1.70730185e-02 -2.04232391e-02 -1.84655394e-02 -1.11051835e-02 -7.60766119e-03 -1.16934143e-02 -7.94352964e-03 -2.15307251e-03 -3.28997895e-03 -9.12895799e-03 -1.87094975e-02 -1.81645695e-02 -1.49200391e-02 -1.42154898e-02 -1.32128317e-02 -1.09280422e-02 -9.55972634e-03 -1.09667536e-02 -1.08642969e-02 -9.94527340e-03 -9.40021500e-03 -9.20311920e-03 -9.11820307e-03 -8.21780786e-03 -8.41692835e-03 -1.03921853e-02 -1.21298842e-02 -2.02085599e-02 -2.78237574e-02 -3.09393015e-02 -3.20962332e-02 -2.68368721e-02 -1.21853743e-02 -5.03907911e-03 -1.03285052e-02 -2.03999132e-02 -2.26420630e-02 -1.69426017e-02 -9.21260938e-03 -7.95247778e-03 -1.41731333e-02 -1.64522901e-02 -1.48351919e-02 -9.06062219e-03 -7.44098052e-03 -1.40989283e-02 -1.52934976e-02 -9.31137707e-03 -1.31201558e-03 2.12115049e-03 -2.72160396e-03 -1.08216507e-02 -1.43826101e-02 -1.28911110e-02 -9.58427694e-03 -8.45988560e-03 -9.15511977e-03 -1.02785444e-02 -7.55283237e-03 -4.25844267e-03 -6.51799515e-03 -1.24910548e-02 -1.70908272e-02 -1.71832666e-02 -1.20059792e-02 -7.13748485e-03 -9.79458168e-03 -7.94156641e-03 -1.99796818e-03 -3.27627920e-03 -6.99617155e-03 -3.75667214e-03 -9.43668187e-04 -7.76573643e-03 -1.13774519e-02 -7.79454410e-03 -2.50993297e-03 1.06925890e-02 1.95694733e-02 1.32929031e-02 -7.40802288e-03 -2.33087912e-02 -2.57315692e-02 -1.77141502e-02 -9.63970646e-03 -7.17399456e-03 -9.93186608e-03 -9.43115354e-03 -1.04820654e-02 -1.28803998e-02 -1.48315188e-02 -1.43333748e-02 -1.39159244e-02 -1.24102980e-02 -1.54749937e-02 -1.87168401e-02 -1.85242631e-02 -1.35385171e-02 -8.45641643e-03 -7.63021782e-03 -1.01830103e-02 -1.30509287e-02 -1.30586196e-02 -1.52988248e-02 -1.46555640e-02 -1.47359427e-02 -1.63874198e-02 -1.78705249e-02 -1.58593077e-02 -1.25674326e-02 -1.28462836e-02 -1.49574764e-02 -1.67433172e-02 -1.90124009e-02 -1.72161851e-02 -1.57901458e-02 -1.54362284e-02 -1.49159580e-02 -1.53145902e-02 -1.43115371e-02 -1.33090578e-02 -1.62003264e-02 -1.66989118e-02 -1.58170220e-02 -1.31226387e-02 -1.17961597e-02 -1.66573022e-02 -2.21466981e-02 -1.98354404e-02 -1.35318562e-02 -9.77389328e-03 -1.12818461e-02 -1.39216296e-02 -1.24372914e-02 -1.13997757e-02 -9.50339809e-03 -1.07488930e-02 -1.50656644e-02 -1.38821192e-02 -1.42393280e-02 -1.28261242e-02 -8.50147195e-03 -8.81755352e-03 -9.81393456e-03 -8.56754184e-03 -6.70117792e-03 -4.67856787e-03 -2.46114284e-03 -9.61810350e-04 -3.58305033e-03
-1.22209992e-02 -7.99673703e-03 -9.79698170e-03 -8.09520297e-03 -7.97432289e-03 -9.38723236e-03 -8.36778246e-03 -1.11419298e-02 -1.44866742e-02 -1.15120690e-02 -1.24361496e-02 -1.61698423e-02 -1.46756116e-02 -1.38532948e-02 -1.27412993e-02 -1.18252356e-02 -9.24141891e-03 -9.12990421e-03 -1.01222508e-02 -1.12463869e-02 -1.21120028e-02 -9.85528342e-03 -1.02633294e-02 -1.18450597e-02 -1.11686997e-02 -1.10604055e-02 -9.20664147e-03 -7.34427013e-03 -9.90919955e-03 -1.21311788e-02 -1.14253629e-02 -1.01679936e-02 -9.68691520e-03 -1.09148584e-02 -1.33466963e-02 -1.35466177e-02 -1.50137972e-02 -1.40250828e-02 -1.20931789e-02 -1.26928873e-02 -1.45525970e-02 -1.45742185e-02 -1.18829105e-02 -1.04938224e-02 -1.28259230e-02 -1.68350507e-02 -1.67656112e-02 -1.67544689e-02 -1.80413835e-02 -1.40544418e-02 -1.30453184e-02 -1.66482273e-02 -1.78204719e-02 -1.09220333e-02 -5.48220053e-03 -8.07786733e-03 -4.42578644e-03 1.49972737e-04 -1.83546543e-03 -9.72086564e-03 -1.72544885e-02 -1.62937660e-02 -1.47328023e-02 -1.41347647e-02 -1.35796405e-02 -1.15213804e-02 -1.05878748e-02 -1.09404512e-02 -1.09229628e-02 -1.12506617e-02 -1.14190169e-02 -9.70312580e-03 -6.85868412e-03 -5.47049381e-03 -8.52062926e-03 -1.54597890e-02 -2.29791831e-02 -3.08420006e-02 -2.88350191e-02 -2.00633723e-02 -1.98821127e-02 -2.30321139e-02 -1.60393827e-02 -1.02106854e-02 -1.66133605e-02 -2.29075793e-02 -2.15130374e-02 -1.50242634e-02 -7.90745392e-03 -7.57687911e-03 -1.30235432e-02 -1.86304450e-02 -2.11949609e-02 -1.37362489e-02 -6.58887811e-03 -7.99526740e-03 -7.72071723e-03 -5.90767618e-03 -4.07696888e-03 -1.23857334e-03 -3.42690758e-03 -7.77434465e-03 -1.03779500e-02 -1.32826827e-02 -1.26785124e-02 -9.15669929e-03 -7.43183121e-03 -7.36075826e-03 -5.65919094e-03 -5.18517196e-03 -9.58784856e-03 -1.49256960e-02 -1.55600794e-02 -1.09091643e-02 -6.08381256e-03 -6.81323931e-03 -1.24783656e-02 -1.34253334e-02 -6.49029948e-03 1.49157643e-03 3.64253484e-03 3.59844044e-03 -4.92613763e-04 -8.43319856e-03 -1.49887744e-02 -1.36380233e-02 -1.29069705e-02 1.87713467e-03 2.08304115e-02 2.41676848e-02 1.34125631e-02 -1.33398920e-02 -2.96073183e-02 -2.34441496e-02 -1.36404745e-02 -8.97865184e-03 -1.09411087e-02 -1.20769609e-02 -1.30671952e-02 -1.28449779e-02 -1.25832297e-02 -1.36913285e-02 -1.61134563e-02 -1.53932478e-02 -1.37020163e-02 -1.31219812e-02 -1.34810880e-02 -1.09823123e-02 -8.19451362e-03 -9.27400589e-03 -1.15639009e-02 -1.21518038e-02 -1.29033495e-02 -1.58147123e-02 -1.60916205e-02 -1.45098958e-02 -1.59197003e-02 -1.80188026e-02 -1.63208619e-02 -1.48639772e-02 -1.61976311e-02 -1.59688238e-02 -1.33935828e-02 -1.62327364e-02 -1.56502184e-02 -1.48092732e-02 -1.51262898e-02 -1.36991870e-02 -1.49202775e-02 -1.48834120e-02 -1.32495388e-02 -1.58917028e-02 -1.70988385e-02 -1.66113172e-02 -1.48010682e-02 -1.24753322e-02 -1.38533916e-02 -1.88738238e-02 -1.96818579e-02 -1.41657405e-02 -1.08685680e-02 -1.26208942e-02 -1.46537013e-02 -1.31795537e-02 -1.16299503e-02 -8.86673294e-03 -9.85470414e-03 -1.38229504e-02 -1.41879767e-02 -1.44947227e-02 -1.30783617e-02 -9.58460569e-03 -8.64324719e-03 -8.03623907e-03 -8.41526967e-03 -7.51866214e-03 -5.28850593e-03 -2.85707880e-03 -9.79721546e-04 -3.76133481e-03
-1.18089970e-02 -7.72471353e-03 -9.71795060e-03 -7.11033493e-03 -7.47656636e-03 -9.44707170e-03 -8.10433365e-03 -9.81301069e-03 -1.42419077e-02 -1.41066443e-02 -1.37917418e-02 -1.68841500e-02 -1.45237762e-02 -1.27994027e-02 -1.13436524e-02 -1.00373086e-02 -8.04295018e-03 -8.86327773e-03 -1.01800896e-02 -1.13686640e-02 -1.21799614e-02 -1.03164818e-02 -1.06416307e-02 -1.10869743e-02 -9.29053873e-03 -9.97540168e-03 -9.45428945e-03 -7.43720867e-03 -1.00955404e-02 -1.40707511e-02 -1.35599747e-02 -9.68003832e-03 -7.06219673e-03 -8.09802674e-03 -1.33452546e-02 -1.46212187e-02 -1.56640541e-02 -1.49065200e-02 -1.35963205e-02 -1.33359879e-02 -1.31770261e-02 -1.35350693e-02 -1.14110690e-02 -1.04273502e-02 -1.26705896e-02 -1.53483357e-02 -1.84357949e-02 -2.16878727e-02 -2.32398696e-02 -1.80485472e-02 -1.22162662e-02 -1.14223436e-02 -1.24351084e-02 -1.01120695e-02 -7.35731050e-03 -6.99816272e-03 -3.49161774e-03 -3.60620767e-03 -8.58976319e-03 -1.19333435e-02 -1.34629272e-02 -1.42280757e-02 -1.55876614e-02 -1.42367501e-02 -1.23324692e-02 -1.22127403e-02 -1.10851098e-02 -9.71651636e-03 -8.96476023e-03 -1.15610585e-02 -1.27138458e-02 -9.61025245e-03 -6.29683770e-03 -5.15065342e-03 -1.21152569e-02 -2.28668824e-02 -3.22876684e-02 -3.52346636e-02 -2.78348029e-02 -1.63434073e-02 -1.58641338e-02 -1.75940022e-02 -1.31169911e-02 -1.24396794e-02 -1.97359659e-02 -2.37582829e-02 -1.94681808e-02 -1.13618951e-02 -8.06942955e-03 -7.93220289e-03 -8.80420674e-03 -1.50816208e-02 -2.26267111e-02 -2.11596005e-02 -1.07192453e-02 -4.85806633e-03 -3.50592472e-03 -6.15840778e-03 -9.01314802e-03 -8.71409941e-03 -7.20475893e-03 -5.94354793e-03 -7.59469718e-03 -1.28671713e-02 -1.43133579e-02 -9.35098622e-03 -5.71908057e-03 -6.49568066e-03 -4.91496362e-03 -6.92232326e-03 -1.14802904e-02 -1.62006840e-02 -1.58750825e-02 -8.08181055e-03 -4.45466861e-03 -8.43020715e-03 -1.21998731e-02 -1.49532091e-02 -1.05846245e-02 -1.43956020e-03 1.18051469e-03 2.99314223e-03 4.03159484e-03 -1.63006969e-03 -1.38246706e-02 -1.92124024e-02 -1.64140966e-02 5.26363030e-04 1.86896697e-02 2.43702158e-02 2.29821857e-02 8.70821439e-03 -1.84162837e-02 -2.78949048e-02 -2.02281866e-02 -1.33149866e-02 -1.20132025e-02 -1.14303678e-02 -1.23838484e-02 -1.15375929e-02 -1.21175796e-02 -1.48594230e-02 -1.75957885e-02 -1.79342553e-02 -1.32762343e-02 -9.21749696e-03 -8.37473944e-03 -8.31877440e-03 -8.08672607e-03 -1.12751722e-02 -1.68578047e-02 -1.55835357e-02 -1.65860672e-02 -1.77973043e-02 -1.61256921e-02 -1.42786298e-02 -1.60067063e-02 -1.76077355e-02 -1.50426403e-02 -1.35536548e-02 -1.60382278e-02 -1.48591213e-02 -1.10042281e-02 -1.45840291e-02 -1.54733453e-02 -1.51058435e-02 -1.50137022e-02 -1.36175267e-02 -1.41280852e-02 -1.41103286e-02 -1.20309275e-02 -1.62118729e-02 -1.78655684e-02 -1.64067540e-02 -1.46866720e-02 -1.25575401e-02 -1.25345774e-02 -1.66291725e-02 -1.81201957e-02 -1.51525922e-02 -1.26436409e-02 -1.31679885e-02 -1.42135583e-02 -1.24670547e-02 -1.12826694e-02 -9.36043449e-03 -8.36005807e-03 -1.09233484e-02 -1.38874203e-02 -1.41290631e-02 -1.19524468e-02 -1.11798681e-02 -9.11479816e-03 -6.96673431e-03 -8.04485474e-03 -7.69380946e-03 -4.93019447e-03 -2.87543517e-03 -2.24950258e-03 -5.19415690e-03
-1.20598003e-02 -6.69876393e-03 -8.90253671e-03 -7.13680871e-03 -7.47654215e-03 -9.30141844e-03 -8.84446315e-03 -1.00767054e-02 -1.58107709e-02 -1.62061919e-02 -1.40153393e-02 -1.57170892e-02 -1.46628562e-02 -1.29373483e-02 -1.13011636e-02 -1.00116115e-02 -8.31961818e-03 -9.47036594e-03 -1.07895471e-02 -1.18932426e-02 -1.15722101e-02 -9.93446261e-03 -1.08974408e-02 -1.04822461e-02 -8.70932639e-03 -8.56870599e-03 -8.75001401e-03 -9.45454277e-03 -1.13513879e-02 -1.36146452e-02 -1.55185908e-02 -1.38206240e-02 -8.82027484e-03 -6.55252114e-03 -1.13084540e-02 -1.49297453e-02 -1.57401059e-02 -1.50704384e-02 -1.31519008e-02 -1.22833718e-02 -1.20530333e-02 -1.25202760e-02 -1.20224059e-02 -1.07702743e-02 -1.15286913e-02 -1.58809368e-02 -2.08135899e-02 -2.40879040e-02 -2.44375728e-02 -2.14299150e-02 -1.82805229e-02 -1.43002402e-02 -9.91629064e-03 -6.62961230e-03 -1.00646727e-02 -1.16403885e-02 -8.01903754e-03 -8.55332986e-03 -1.31518897e-02 -1.35781989e-02 -1.31348651e-02 -1.38351321e-02 -1.45461503e-02 -1.39411855e-02 -1.19475871e-02 -1.13511626e-02 -9.51725803e-03 -8.64996761e-03 -8.52873363e-03 -1.07043646e-02 -1.26747116e-02 -9.74455290e-03 -6.64140284e-03 -1.13850124e-02 -2.26568840e-02 -2.84572206e-02 -2.92182583e-02 -3.18770036e-02 -2.69114263e-02 -2.11005080e-02 -2.01526545e-02 -1.64334066e-02 -1.02836136e-02 -1.32941641e-02 -2.34761983e-02 -2.47254055e-02 -1.74053032e-02 -8.39807279e-03 -8.10665265e-03 -9.30492580e-03 -6.87566772e-03 -9.54329874e-03 -1.88507251e-02 -2.51839105e-02 -1.82775222e-02 -7.68071041e-03 -1.60616450e-03 -4.11757641e-03 -8.83363094e-03 -1.13228168e-02 -9.95139219e-03 -5.58922533e-03 -3.70684918e-03 -9.45640262e-03 -1.47318942e-02 -1.15610287e-02 -6.34671561e-03 -6.61038421e-03 -5.45147248e-03 -8.17115046e-03 -1.22999754e-02 -1.56462193e-02 -1.35405399e-02 -6.31491281e-03 -4.14679945e-03 -9.71238688e-03 -1.16388723e-02 -1.03283934e-02 -8.50806758e-03 -6.72498904e-03 -6.21148758e-03 -3.92517820e-03 -1.21255592e-03 -2.03606300e-03 -9.08673834e-03 -1.72695108e-02 -1.55126918e-02 -1.69314444e-06 1.36810876e-02 1.48455724e-02 1.92586146e-02 1.97870769e-02 -1.54752284e-04 -2.20583081e-02 -2.46496666e-02 -1.76888760e-02 -1.31443404e-02 -1.19866878e-02 -1.29623916e-02 -1.28105637e-02 -1.19893476e-02 -1.45351440e-02 -1.72086507e-02 -1.94837898e-02 -1.84711665e-02 -1.24469362e-02 -1.06225610e-02 -1.08572952e-02 -9.87856463e-03 -1.42023638e-02 -2.11144388e-02 -2.03027371e-02 -1.81811862e-02 -1.67683586e-02 -1.50443725e-02 -1.42922550e-02 -1.71259046e-02 -1.79084949e-02 -1.57208089e-02 -1.24184825e-02 -1.33869350e-02 -1.40071809e-02 -1.14278849e-02 -1.06913876e-02 -1.34619772e-02 -1.39221493e-02 -1.50225721e-02 -1.30922180e-02 -1.30636934e-02 -1.73915848e-02 -1.46255270e-02 -1.69895273e-02 -1.55913774e-02 -1.35305263e-02 -1.42647307e-02 -1.47557333e-02 -1.32188275e-02 -1.54663585e-02 -1.79441031e-02 -1.59491487e-02 -1.40700173e-02 -1.33116879e-02 -1.21777076e-02 -1.04128439e-02 -1.28907040e-02 -1.37134679e-02 -1.16142835e-02 -1.18237324e-02 -1.38133299e-02 -1.11834202e-02 -8.57554004e-03 -1.16003957e-02 -1.02568865e-02 -6.45665638e-03 -6.88394997e-03 -6.17908500e-03 -3.92578170e-03 -3.02171800e-03 -2.92993849e-03 -5.41420793e-03
-1.15184672e-02 -5.77082578e-03 -8.64040758e-03 -8.38138349e-03 -1.08498521e-02 -1.22742523e-02 -9.89651680e-03 -8.97436403e-03 -1.58110466e-02 -1.70154795e-02 -1.41540021e-02 -1.58605874e-02 -1.59578640e-02 -1.37929916e-02 -1.11458693e-02 -1.04865991e-02 -1.02996156e-02 -1.11338701e-02 -1.16501544e-02 -1.20811071e-02 -1.27016790e-02 -1.10810716e-02 -1.18437856e-02 -1.00666136e-02 -8.38600658e-03 -8.19800887e-03 -7.19721057e-03 -9.61843506e-03 -1.17277615e-02 -1.28033943e-02 -1.43028162e-02 -1.33941863e-02 -1.17269214e-02 -7.99731351e-03 -9.39852186e-03 -1.36015974e-02 -1.40754823e-02 -1.36240590e-02 -1.36520714e-02 -1.31833758e-02 -1.14125740e-02 -1.14982054e-02 -1.27146430e-02 -1.29520036e-02 -1.28631238e-02 -1.71492416e-02 -2.21453607e-02 -2.28970740e-02 -2.17512511e-02 -2.07437519e-02 -1.98993515e-02 -1.60871502e-02 -1.04674883e-02 -5.02038375e-03 -5.98642975e-03 -9.84629616e-03 -9.76460055e-03 -1.29042454e-02 -1.42454151e-02 -1.34571586e-02 -1.41138546e-02 -1.33705884e-02 -1.30724777e-02 -1.15967616e-02 -1.06786434e-02 -9.86002572e-03 -8.85365717e-03 -7.65895844e-03 -6.56746328e-03 -7.31964037e-03 -9.55765694e-03 -8.45585763e-03 -1.23808123e-02 -2.44207457e-02 -3.13748233e-02 -2.46176384e-02 -1.80995353e-02 -2.37123556e-02 -2.61480976e-02 -2.47160718e-02 -2.13312060e-02 -1.36286113e-02 -9.44091938e-03 -1.61491577e-02 -2.56410055e-02 -2.46636868e-02 -1.36248088e-02 -4.59610485e-03 -7.10901245e-03 -1.31410556e-02 -1.00789489e-02 -8.87366757e-03 -1.39607918e-02 -2.14396641e-02 -1.89447589e-02 -1.00425174e-02 -4.28025145e-03 -5.24866022e-03 -9.45171528e-03 -1.16586108e-02 -9.17405635e-03 -3.49872466e-03 -5.53797930e-04 -5.39047364e-03 -1.14549054e-02 -1.30253257e-02 -1.07762218e-02 -8.97163153e-03 -6.00484014e-03 -7.82129727e-03 -9.97893885e-03 -1.25454571e-02 -1.19133769e-02 -7.47475028e-03 -6.27782755e-03 -6.93943352e-03 -5.42123429e-03 -4.26839106e-03 -4.68380935e-03 -5.41079603e-03 -7.10268877e-03 -6.11667521e-03 -4.36422601e-03 -3.52707691e-03 -5.30011766e-03 -1.00510893e-02 -1.33702420e-02 -6.80957548e-03 6.22092560e-03 1.08903460e-02 1.38890017e-02 1.71324536e-02 1.30259059e-02 -2.84504518e-03 -1.84624773e-02 -2.30093673e-02 -1.86993144e-02 -1.55446511e-02 -1.53470617e-02 -1.51192658e-02 -1.28386412e-02 -1.47638414e-02 -1.75146759e-02 -1.83296818e-02 -2.01389417e-02 -1.79704968e-02 -1.33406855e-02 -1.43321231e-02 -1.32420175e-02 -1.53541919e-02 -2.08469313e-02 -2.10166238e-02 -1.95593759e-02 -1.65801737e-02 -1.48823205e-02 -1.25168785e-02 -1.45557281e-02 -1.40903797e-02 -1.35803334e-02 -1.16041061e-02 -1.24771595e-02 -1.34631563e-02 -1.03675332e-02 -9.85028408e-03 -1.45114064e-02 -1.52256899e-02 -1.31617412e-02 -1.33526884e-02 -1.53538454e-02 -2.03169975e-02 -1.77672021e-02 -1.76975597e-02 -1.65168606e-02 -1.40123013e-02 -1.56378075e-02 -1.56067200e-02 -1.23266280e-02 -1.50033738e-02 -1.79396849e-02 -1.70359612e-02 -1.56724546e-02 -1.39573216e-02 -1.15268454e-02 -9.12817940e-03 -1.20580234e-02 -1.46477669e-02 -1.16012003e-02 -1.17476843e-02 -1.01780724e-02 -1.06808897e-02 -6.74427673e-03 -8.98857042e-03 -1.06428210e-02 -8.30902904e-03 -6.71801623e-03 -4.43817023e-03 -2.50564795e-03 -2.39635725e-03 -2.47045327e-03 -4.43017762e-03
-1.10774040e-02 -6.34357054e-03 -9.75286588e-03 -9.12797637e-03 -1.41238580e-02 -1.57514624e-02 -1.04198083e-02 -7.39712454e-03 -1.39987748e-02 -1.67970359e-02 -1.48408283e-02 -1.53397936e-02 -1.58176050e-02 -1.28810555e-02 -1.07356813e-02 -1.11604035e-02 -1.27499439e-02 -1.30314082e-02 -1.13431308e-02 -1.05354358e-02 -1.22470260e-02 -1.22013837e-02 -1.25565808e-02 -9.47516784e-03 -7.28040002e-03 -8.76821857e-03 -9.34756082e-03 -1.01539558e-02 -1.09942146e-02 -1.19597763e-02 -1.41195096e-02 -1.40453670e-02 -1.30357426e-02 -1.18686259e-02 -9.25867073e-03 -1.10299997e-02 -1.24410409e-02 -1.25319045e-02 -1.27227996e-02 -1.32503659e-02 -1.37803350e-02 -1.43964496e-02 -1.53366886e-02 -1.26223695e-02 -1.13937557e-02 -1.57062858e-02 -2.03267373e-02 -2.21564472e-02 -2.15396285e-02 -1.92965884e-02 -1.73350275e-02 -1.68663040e-02 -1.37374457e-02 -7.98470527e-03 -1.73369795e-03 -5.38184121e-03 -1.32575706e-02 -1.92686822e-02 -1.84007380e-02 -1.20381452e-02 -1.05908848e-02 -1.06459148e-02 -1.18718408e-02 -1.11768506e-02 -1.05788969e-02 -9.62637551e-03 -5.69919497e-03 -5.32847270e-03 -6.15926832e-03 -6.92070462e-03 -8.68709013e-03 -9.68209840e-03 -2.17619650e-02 -3.42208222e-02 -3.02874278e-02 -1.77815631e-02 -1.21657997e-02 -2.14984491e-02 -2.65054293e-02 -2.38231346e-02 -1.93131175e-02 -1.18864719e-02 -1.08874962e-02 -1.90564543e-02 -2.63944641e-02 -2.43102983e-02 -1.46882860e-02 -5.75071760e-03 -5.59018739e-03 -8.99134763e-03 -8.83005559e-03 -9.19813477e-03 -1.08520640e-02 -1.50221987e-02 -1.63032375e-02 -1.20785125e-02 -9.03018471e-03 -6.71446510e-03 -8.52333754e-03 -1.08775310e-02 -8.15662462e-03 -2.46045459e-03 1.81406736e-03 -1.37559697e-03 -7.89753627e-03 -1.26720909e-02 -1.28885182e-02 -1.16264299e-02 -1.02144442e-02 -1.14681199e-02 -1.12484396e-02 -1.04269460e-02 -9.68698598e-03 -8.44163820e-03 -9.24065150e-03 -8.35263170e-03 -4.26235050e-03 -1.11768208e-03 -3.94266099e-05 -1.51218101e-03 -7.10556656e-03 -1.02825658e-02 -8.05802830e-03 -5.14883269e-03 -4.28938679e-03 -5.61629422e-03 -1.05127925e-02 -1.22075872e-02 -8.81088898e-04 6.31684251e-03 7.18705356e-03 8.05827416e-03 1.23352893e-02 1.28393024e-02 -2.53162719e-03 -2.14442797e-02 -2.36367024e-02 -2.02682745e-02 -1.72712039e-02 -1.40919629e-02 -1.15393586e-02 -1.43387076e-02 -1.75832231e-02 -1.71908271e-02 -1.88529752e-02 -1.64764039e-02 -1.08514130e-02 -1.64412558e-02 -1.69620458e-02 -1.53529290e-02 -1.71446390e-02 -2.11514290e-02 -2.34792717e-02 -1.95995998e-02 -1.54850036e-02 -1.28140319e-02 -1.28307324e-02 -1.29694529e-02 -1.28557514e-02 -1.15433950e-02 -1.11564733e-02 -1.23528652e-02 -1.14247445e-02 -1.05069373e-02 -1.63891762e-02 -1.62716880e-02 -1.19459908e-02 -1.26253404e-02 -1.62231661e-02 -2.02694032e-02 -1.95953436e-02 -1.77841820e-02 -1.59804747e-02 -1.48184821e-02 -1.64254680e-02 -1.63313169e-02 -1.19871870e-02 -1.19330510e-02 -1.61027703e-02 -1.79954730e-02 -1.75192934e-02 -1.56087708e-02 -1.26662571e-02 -7.33742677e-03 -1.02492087e-02 -1.48622226e-02 -1.17751695e-02 -1.27399545e-02 -1.00269914e-02 -1.28341932e-02 -9.50151868e-03 -5.67097776e-03 -7.30670430e-03 -8.84849019e-03 -7.92143494e-03 -4.72549628e-03 -1.88234448e-03 -1.51933171e-03 -2.29828618e-03 -4.85066511e-03
-1.16434321e-02 -6.46069087e-03 -9.81626566e-03 -1.04307570e-02 -1.51875587e-02 -1.59271881e-02 -1.27104297e-02 -1.10016391e-02 -1.57353152e-02 -1.70476604e-02 -1.61520019e-02 -1.50868800e-02 -1.69803631e-02 -1.48111414e-02 -1.25956926e-02 -1.23534352e-02 -1.46694630e-02 -1.41007379e-02 -8.98003392e-03 -7.07123801e-03 -1.13685075e-02 -1.32117569e-02 -1.43678188e-02 -1.05471686e-02 -7.48797599e-03 -6.61598798e-03 -6.98765088e-03 -9.59863886e-03 -9.65298340e-03 -1.17883775e-02 -1.47846565e-02 -1.41640119e-02 -1.32537186e-02 -1.26604307e-02 -9.65432636e-03 -8.55585374e-03 -9.64180939e-03 -1.21284686e-02 -1.49172843e-02 -1.57228801e-02 -1.47821773e-02 -1.45422332e-02 -1.54411867e-02 -1.45516507e-02 -1.43735278e-02 -1.76052712e-02 -1.86643321e-02 -1.83482952e-02 -1.78433210e-02 -1.61233842e-02 -1.38939302e-02 -1.35091301e-02 -1.34182721e-02 -9.75295529e-03 -2.94921920e-03 -7.19210505e-03 -1.79871321e-02 -2.03043725e-02 -1.83333047e-02 -1.16780829e-02 -9.00207832e-03 -8.69435817e-03 -9.91834328e-03 -1.04570482e-02 -1.02686379e-02 -9.30267759e-03 -6.25813380e-03 -5.22500277e-03 -6.75095618e-03 -8.25779140e-03 -1.17155425e-02 -2.05977224e-02 -3.54037732e-02 -3.52189951e-02 -2.19610464e-02 -1.28401360e-02 -1.69588029e-02 -2.45327894e-02 -2.70109642e-02 -2.12338604e-02 -1.37919765e-02 -1.12827178e-02 -1.42410062e-02 -2.14619525e-02 -2.62261480e-02 -2.40258779e-02 -1.47965038e-02 -7.36831129e-03 -6.38569146e-03 -7.02706166e-03 -7.02668168e-03 -9.67985671e-03 -1.04145156e-02 -1.08106583e-02 -1.23406649e-02 -1.22194877e-02 -1.11008985e-02 -7.41192419e-03 -7.70207401e-03 -8.94248299e-03 -7.34448433e-03 -3.09751555e-03 2.51117162e-03 2.67346203e-03 -4.32433747e-03 -1.05948467e-02 -1.15229897e-02 -1.00244600e-02 -1.16037894e-02 -1.59934610e-02 -1.53962476e-02 -1.18826246e-02 -1.00780306e-02 -9.21478588e-03 -1.11155715e-02 -9.61200148e-03 -5.28002903e-03 -2.15702318e-03 -1.31703913e-03 -1.03763118e-03 -5.92025556e-03 -9.87648498e-03 -9.20522772e-03 -5.77288028e-03 -2.86438689e-03 -2.60035321e-03 -5.86809404e-03 -1.28967101e-02 -6.86401501e-03 1.70560367e-03 2.34437548e-03 -5.06879762e-04 5.80236316e-03 1.80796497e-02 1.40360538e-02 -1.07731242e-02 -2.46491246e-02 -2.27350444e-02 -1.96648147e-02 -1.37657169e-02 -1.03459898e-02 -1.49442386e-02 -1.79792624e-02 -1.81091595e-02 -1.85490735e-02 -1.56600960e-02 -1.06780939e-02 -1.68017615e-02 -1.92469992e-02 -1.53163243e-02 -1.13615692e-02 -1.46815404e-02 -2.05315761e-02 -1.88118666e-02 -1.45593826e-02 -1.36157628e-02 -1.44537445e-02 -1.34394951e-02 -1.16013680e-02 -1.12154540e-02 -1.09737571e-02 -1.21576283e-02 -1.28944032e-02 -1.18070636e-02 -1.65683907e-02 -1.63983237e-02 -1.11460127e-02 -1.07825939e-02 -1.60151478e-02 -1.88193955e-02 -1.78458281e-02 -1.80584416e-02 -1.67456940e-02 -1.60182137e-02 -1.61655527e-02 -1.64123252e-02 -1.42132323e-02 -1.32849012e-02 -1.47478785e-02 -1.74859315e-02 -1.83709934e-02 -1.71233695e-02 -1.49089545e-02 -1.24766976e-02 -1.30071063e-02 -1.35867614e-02 -1.02181099e-02 -1.00338031e-02 -9.27234627e-03 -1.09260716e-02 -9.65909474e-03 -6.22740388e-03 -7.17644207e-03 -9.84885357e-03 -9.44318064e-03 -5.60152996e-03 -1.65207032e-03 -9.19047743e-04 -1.60038192e-03 -4.55627870e-03
-1.21679902e-02 -5.76512422e-03 -8.87261704e-03 -8.72529112e-03 -1.34964213e-02 -1.65585428e-02 -1.64959561e-02 -1.58217661e-02 -1.57634057e-02 -1.41167901e-02 -1.34951472e-02 -1.36970449e-02 -1.79438610e-02 -1.72755793e-02 -1.44626629e-02 -1.21706799e-02 -1.50190964e-02 -1.35887228e-02 -6.74051605e-03 -5.25602512e-03 -1.07554402e-02 -1.33978035e-02 -1.55284386e-02 -1.42076006e-02 -1.02477325e-02 -6.42929878e-03 -3.41071188e-03 -4.58868966e-03 -6.66471384e-03 -1.11911092e-02 -1.49525488e-02 -1.34599488e-02 -1.31205451e-02 -1.38672981e-02 -1.34649724e-02 -9.57799889e-03 -5.74489683e-03 -8.95753503e-03 -1.54229030e-02 -1.77087300e-02 -1.49295162e-02 -1.33035928e-02 -1.42809637e-02 -1.42815262e-02 -1.78457033e-02 -2.12583225e-02 -1.71096902e-02 -1.44949276e-02 -1.32768489e-02 -1.43395904e-02 -1.23062674e-02 -1.04897525e-02 -9.56888497e-03 -1.22382455e-02 -9.89165530e-03 -1.37869716e-02 -2.00434849e-02 -1.92852411e-02 -1.55810323e-02 -1.37442462e-02 -1.11227613e-02 -8.22849944e-03 -7.50823691e-03 -8.39262456e-03 -1.02521908e-02 -1.06477346e-02 -7.91361555e-03 -6.27725571e-03 -7.34407455e-03 -9.17007588e-03 -1.68847721e-02 -3.73923481e-02 -4.44413647e-02 -2.88728643e-02 -1.40938796e-02 -1.26510672e-02 -2.01978050e-02 -2.64486335e-02 -2.51071416e-02 -1.99831333e-02 -1.45492163e-02 -1.20867845e-02 -1.42948199e-02 -1.97478049e-02 -2.25906856e-02 -2.15052925e-02 -1.52388299e-02 -8.83946382e-03 -7.72353075e-03 -6.91565499e-03 -5.75776026e-03 -8.62607360e-03 -8.93821474e-03 -6.80424180e-03 -8.40668008e-03 -1.39793251e-02 -1.47744399e-02 -8.89183581e-03 -4.44701873e-03 -4.29628603e-03 -6.78912178e-03 -8.00738484e-03 -1.15452707e-03 3.60392220e-03 -3.56961042e-04 -7.14421272e-03 -9.14649107e-03 -7.69447163e-03 -1.13884825e-02 -1.88504867e-02 -1.92126371e-02 -1.38067491e-02 -1.17167383e-02 -1.01432484e-02 -1.16256131e-02 -9.48327221e-03 -5.79980947e-03 -4.66792472e-03 -5.16343303e-03 -4.16941382e-03 -6.07053377e-03 -7.38287251e-03 -4.53243405e-03 -3.07302177e-03 -2.19459087e-03 -9.63684171e-04 -2.59435922e-03 -1.01586543e-02 -7.14593008e-03 1.00649893e-04 -1.26507133e-04 -3.95553187e-03 -6.46253303e-03 4.42513078e-03 1.93012338e-02 9.85738449e-03 -1.82055570e-02 -2.70393826e-02 -2.09819078e-02 -1.51397921e-02 -1.01738516e-02 -1.57732293e-02 -1.99072324e-02 -1.99693479e-02 -1.90578066e-02 -1.50880478e-02 -1.06839277e-02 -1.56100988e-02 -2.30005123e-02 -1.90244075e-02 -1.10007562e-02 -9.47394222e-03 -1.73281822e-02 -1.83343384e-02 -1.37392767e-02 -1.26971342e-02 -1.36057828e-02 -1.25107225e-02 -1.10361613e-02 -1.09645016e-02 -1.29907075e-02 -1.51955355e-02 -1.60901845e-02 -1.23375058e-02 -1.44307818e-02 -1.70860421e-02 -1.21120270e-02 -9.47402976e-03 -1.44373309e-02 -1.68013927e-02 -1.62314810e-02 -1.76427551e-02 -1.60948560e-02 -1.37897599e-02 -1.38231702e-02 -1.36132445e-02 -1.45863611e-02 -1.53052267e-02 -1.54073797e-02 -1.57258064e-02 -1.51643232e-02 -1.43133998e-02 -1.52354427e-02 -1.73844062e-02 -1.65200382e-02 -1.05482638e-02 -8.34214687e-03 -9.50947218e-03 -1.07053407e-02 -1.02998726e-02 -9.19422135e-03 -7.30023719e-03 -9.32952948e-03 -1.14560248e-02 -9.87602118e-03 -5.80045488e-03 -1.77717209e-03 -7.94346444e-04 -8.23884271e-04 -3.26814177e-03
-1.40770366e-02 -6.74232934e-03 -6.23911619e-03 -7.88490847e-03 -1.27321761e-02 -1.59714520e-02 -1.51867531e-02 -1.42319538e-02 -1.42932665e-02 -1.35804601e-02 -1.25488285e-02 -1.26834828e-02 -1.86643805e-02 -1.96158476e-02 -1.56210847e-02 -1.17846634e-02 -1.29356477e-02 -1.06494129e-02 -5.08398935e-03 -5.28290123e-03 -1.21815819e-02 -1.50428396e-02 -1.46449655e-02 -1.31354919e-02 -1.08078104e-02 -8.10986664e-03 -4.13978659e-03 -3.85578349e-03 -6.40973262e-03 -1.14580058e-02 -1.46583458e-02 -1.27271861e-02 -1.28540546e-02 -1.35094319e-02 -1.33179296e-02 -1.03896465e-02 -5.94722666e-03 -6.75402582e-03 -1.45258252e-02 -1.82418469e-02 -1.64443478e-02 -1.49343833e-02 -1.36719532e-02 -1.14741158e-02 -1.46145187e-02 -1.88580398e-02 -1.69875398e-02 -1.39389168e-02 -1.32801067e-02 -1.44603271e-02 -1.26597490e-02 -1.09929722e-02 -9.48733091e-03 -9.69693437e-03 -1.23400949e-02 -1.77267566e-02 -2.30477601e-02 -2.06710156e-02 -1.54409930e-02 -1.46607403e-02 -1.26581173e-02 -8.36319476e-03 -5.63810766e-03 -7.39002414e-03 -1.11306682e-02 -1.29499845e-02 -1.06391571e-02 -7.64362887e-03 -8.90466571e-03 -1.40016302e-02 -3.12101971e-02 -5.59135005e-02 -4.68876064e-02 -1.54385399e-02 -7.29551446e-03 -1.24234464e-02 -2.18382552e-02 -2.55389847e-02 -1.95748955e-02 -1.80429183e-02 -1.97875947e-02 -1.82745885e-02 -1.71084441e-02 -1.93047058e-02 -2.02392079e-02 -1.77137367e-02 -1.39749385e-02 -9.19395499e-03 -8.52626562e-03 -7.73852691e-03 -6.04843907e-03 -6.76837750e-03 -7.54569285e-03 -4.41548601e-03 -6.93723746e-03 -1.68231688e-02 -1.71250738e-02 -7.20227882e-03 -1.54739991e-03 -1.16435997e-03 -7.18964729e-03 -1.21354694e-02 -6.05434552e-03 6.27148896e-04 6.78349286e-04 -3.06052528e-03 -6.02164865e-03 -6.95459172e-03 -1.31909978e-02 -2.02477146e-02 -2.03105956e-02 -1.50461355e-02 -1.27788438e-02 -1.20619945e-02 -1.16566168e-02 -8.94894078e-03 -6.21973351e-03 -5.76228835e-03 -5.54326549e-03 -6.01289421e-03 -5.98705560e-03 -3.46390344e-03 -2.79134139e-04 -2.23078765e-03 -4.77387384e-03 -3.01231444e-03 -1.19940937e-03 -6.42739423e-03 -5.72137348e-03 -4.29283828e-05 -4.44291160e-04 -5.67577220e-03 -1.47841601e-02 -8.03102553e-03 2.02422459e-02 3.23536023e-02 1.76539272e-03 -2.70817075e-02 -2.12438852e-02 -1.71743222e-02 -1.18600782e-02 -1.37594957e-02 -1.72275044e-02 -1.79908574e-02 -1.85291413e-02 -1.93704907e-02 -1.66501626e-02 -1.87551137e-02 -2.23230198e-02 -1.99326351e-02 -1.29690953e-02 -8.41423497e-03 -1.31767280e-02 -1.75661389e-02 -1.43821947e-02 -9.42282565e-03 -1.10194683e-02 -1.29262544e-02 -1.14237685e-02 -1.06687658e-02 -1.29103474e-02 -1.55424438e-02 -1.70932300e-02 -1.43727865e-02 -1.37524884e-02 -1.38276014e-02 -1.26514863e-02 -1.14602372e-02 -1.52318142e-02 -1.49118863e-02 -1.35809090e-02 -1.58139244e-02 -1.48194395e-02 -1.31607503e-02 -1.22043900e-02 -1.24345720e-02 -1.48293860e-02 -1.80787873e-02 -1.91990733e-02 -1.68725587e-02 -1.23115946e-02 -1.12264697e-02 -1.36275850e-02 -1.58869661e-02 -1.57410707e-02 -1.04582049e-02 -8.63066316e-03 -1.14795342e-02 -1.16637517e-02 -1.07759424e-02 -9.87284258e-03 -9.48900916e-03 -1.11224540e-02 -1.16698751e-02 -8.06620996e-03 -5.13339788e-03 -2.53376458e-03 -2.67179962e-03 -1.46715343e-03 -2.13425560e-03
-1.31977051e-02 -5.42216934e-03 -5.42416237e-03 -8.68491828e-03 -1.33482050e-02 -1.55127523e-02 -1.28456857e-02 -1.05047915e-02 -1.36765204e-02 -1.71429366e-02 -1.43428314e-02 -8.53176042e-03 -1.43391807e-02 -1.72285996e-02 -1.56113598e-02 -1.12401694e-02 -1.18878298e-02 -8.12694430e-03 -2.68889405e-03 -5.31191751e-03 -1.14653483e-02 -1.45327980e-02 -1.54317217e-02 -1.38566494e-02 -1.04957661e-02 -8.86831433e-03 -8.69426131e-03 -9.32436623e-03 -9.79538262e-03 -1.01778526e-02 -1.26035493e-02 -1.31434444e-02 -1.34093240e-02 -1.38784386e-02 -1.30456723e-02 -9.17825289e-03 -7.91783072e-03 -9.75309312e-03 -1.58347823e-02 -1.74654350e-02 -1.44921597e-02 -1.45816002e-02 -1.37889534e-02 -1.11447554e-02 -1.30192284e-02 -1.72830801e-02 -1.89870447e-02 -1.67424232e-02 -1.59048028e-02 -1.86873786e-02 -1.84369422e-02 -1.36577282e-02 -8.34676996e-03 -6.57885149e-03 -9.81765613e-03 -1.74734145e-02 -2.10349523e-02 -1.63888261e-02 -1.35358777e-02 -1.30027048e-02 -1.23608354e-02 -9.98657383e-03 -6.84199855e-03 -8.11633840e-03 -1.09736528e-02 -1.16406381e-02 -1.14195049e-02 -8.44196603e-03 -8.51763785e-03 -2.09143236e-02 -5.21162152e-02 -6.90442026e-02 -3.77912559e-02 -2.84749642e-03 -6.18798658e-04 -4.44030389e-03 -1.19619155e-02 -1.91231649e-02 -1.67190731e-02 -1.92320086e-02 -2.59865485e-02 -2.50569209e-02 -2.03043148e-02 -2.07419153e-02 -2.03224774e-02 -1.63328443e-02 -1.35657284e-02 -1.06731998e-02 -9.63928178e-03 -9.29790549e-03 -8.15211609e-03 -6.12416118e-03 -7.07347319e-03 -5.28180785e-03 -7.92780239e-03 -1.85140278e-02 -1.75408982e-02 -6.69038575e-03 -7.94518739e-04 -8.28729942e-04 -6.55945577e-03 -1.28070526e-02 -8.95631220e-03 -1.58842467e-03 1.77385099e-03 1.92769431e-03 -3.58966738e-03 -8.77021998e-03 -1.60474777e-02 -1.95486546e-02 -1.86535530e-02 -1.68238394e-02 -1.47533650e-02 -1.29996948e-02 -1.04088113e-02 -6.45217113e-03 -4.27359343e-03 -6.01123273e-03 -6.40205294e-03 -4.61873785e-03 -5.39208390e-03 -3.61618400e-03 1.23368762e-03 2.10980698e-03 -2.37401575e-03 -3.15584987e-03 -2.09294818e-03 -6.67221472e-03 -7.25120492e-03 -6.91486523e-04 -2.12598592e-04 -6.79640565e-03 -1.76272746e-02 -1.90698914e-02 7.57233053e-03 4.10817564e-02 2.85241939e-02 -1.30875334e-02 -2.18538083e-02 -1.84316915e-02 -1.55762862e-02 -1.65572539e-02 -1.89636815e-02 -1.61011294e-02 -1.19640678e-02 -1.82004813e-02 -2.10753996e-02 -2.21490767e-02 -2.30550803e-02 -2.09590085e-02 -1.72398929e-02 -1.08129382e-02 -1.23122130e-02 -1.70246419e-02 -1.41296051e-02 -9.91798192e-03 -1.10829603e-02 -1.37879942e-02 -1.37112569e-02 -1.18000805e-02 -1.30867139e-02 -1.52664669e-02 -1.63571462e-02 -1.39209740e-02 -1.25447847e-02 -1.17978249e-02 -1.35387518e-02 -1.51559319e-02 -1.59900095e-02 -1.56487394e-02 -1.44510027e-02 -1.53422784e-02 -1.25873219e-02 -1.32123418e-02 -1.38665903e-02 -1.30383689e-02 -1.46436933e-02 -1.77783445e-02 -1.95600465e-02 -1.63701195e-02 -1.12825949e-02 -1.10101104e-02 -1.47704165e-02 -1.66426171e-02 -1.40877515e-02 -9.71782766e-03 -1.00802109e-02 -1.34755336e-02 -1.23843197e-02 -1.14605352e-02 -1.12405177e-02 -1.08484458e-02 -1.00239217e-02 -9.50783119e-03 -7.25147128e-03 -4.30399086e-03 -2.76257284e-03 -3.91581189e-03 -3.17264674e-03 -1.68730970e-03
-1.24378679e-02 -5.59895299e-03 -7.09210709e-03 -1.10694543e-02 -1.35256518e-02 -1.36082480e-02 -9.90311243e-03 -8.86190310e-03 -1.43520050e-02 -1.88242774e-02 -1.77193116e-02 -1.28363948e-02 -1.40927415e-02 -1.56675223e-02 -1.20295528e-02 -7.56734051e-03 -9.63550061e-03 -7.78143667e-03 -4.73076105e-03 -7.15808198e-03 -1.06463972e-02 -1.38184251e-02 -1.62943304e-02 -1.45361070e-02 -1.05510112e-02 -7.84576871e-03 -8.52434710e-03 -1.01146102e-02 -9.58829001e-03 -9.24812444e-03 -1.17377099e-02 -1.49568571e-02 -1.49948383e-02 -1.42442733e-02 -1.17443129e-02 -8.08377564e-03 -1.04503408e-02 -1.42713152e-02 -1.68949366e-02 -1.40682999e-02 -9.37562995e-03 -1.29609033e-02 -1.47032626e-02 -1.48126837e-02 -1.65277328e-02 -1.76778473e-02 -1.86821241e-02 -1.77407097e-02 -1.92350745e-02 -2.12725718e-02 -1.97967049e-02 -1.70902275e-02 -1.47928856e-02 -1.05466582e-02 -9.70541686e-03 -1.25121735e-02 -1.80682205e-02 -1.64108276e-02 -1.15273073e-02 -1.03027876e-02 -1.19689237e-02 -1.21493414e-02 -1.05918683e-02 -1.08359195e-02 -1.08055081e-02 -1.04308110e-02 -1.15762893e-02 -7.63616338e-03 -1.06583647e-02 -3.39596644e-02 -6.79361224e-02 -6.40715063e-02 -1.51855182e-02 6.99323043e-03 2.14975514e-03 -2.54911557e-03 -1.04506779e-02 -1.90666169e-02 -1.87917799e-02 -2.20087469e-02 -3.11867818e-02 -2.98082605e-02 -2.41386127e-02 -2.38601565e-02 -2.13282444e-02 -1.67358890e-02 -1.46641405e-02 -1.19658103e-02 -9.79597308e-03 -9.43219289e-03 -8.83285329e-03 -6.40518777e-03 -8.49518925e-03 -7.91512057e-03 -7.29920529e-03 -1.40259005e-02 -1.31665748e-02 -5.22904564e-03 -3.14180274e-03 -4.62144613e-03 -7.64896162e-03 -9.23605077e-03 -6.83966186e-03 -1.63949654e-03 2.02924944e-03 1.97480805e-03 -3.57161835e-03 -1.16386935e-02 -1.75644346e-02 -1.84997395e-02 -1.46956444e-02 -1.43194329e-02 -1.47062531e-02 -1.24513144e-02 -8.26838240e-03 -4.42478433e-03 -3.83807346e-03 -7.30643887e-03 -8.46203975e-03 -3.51349823e-03 -2.59451196e-03 -2.93820910e-03 9.56451520e-04 3.04908119e-03 2.32070871e-03 -7.81048089e-04 -2.71168165e-03 -6.49360940e-03 -8.50936305e-03 -4.42982651e-03 -1.79335102e-03 -6.35586958e-03 -1.43819358e-02 -1.76150315e-02 -3.05651687e-03 3.15922424e-02 4.43472713e-02 1.09639019e-02 -1.77418739e-02 -2.10530162e-02 -1.62674151e-02 -1.55586004e-02 -1.71647705e-02 -1.57040823e-02 -9.67178866e-03 -1.70240644e-02 -2.26158053e-02 -2.24314481e-02 -2.21995115e-02 -2.13657282e-02 -1.90655421e-02 -1.40124522e-02 -1.25292409e-02 -1.45521984e-02 -1.27113834e-02 -1.07236616e-02 -1.13203283e-02 -1.23415384e-02 -1.31076202e-02 -1.25440340e-02 -1.24733578e-02 -1.23542938e-02 -1.30633470e-02 -1.53284334e-02 -1.57580283e-02 -1.52508188e-02 -1.44524351e-02 -1.52905174e-02 -1.58377942e-02 -1.43285580e-02 -1.43905468e-02 -1.49195325e-02 -1.22433063e-02 -1.60599742e-02 -1.78031884e-02 -1.60137303e-02 -1.39425620e-02 -1.27176717e-02 -1.53035391e-02 -1.41794402e-02 -1.13795977e-02 -1.24443024e-02 -1.54017247e-02 -1.60948336e-02 -1.47646442e-02 -1.16516668e-02 -1.08169392e-02 -1.35016162e-02 -1.39098819e-02 -1.32364612e-02 -1.24353450e-02 -1.16260350e-02 -9.68781486e-03 -9.74440202e-03 -8.63727462e-03 -4.58120462e-03 -2.52389070e-03 -4.07253299e-03 -5.15400432e-03 -3.29273520e-03
-1.36296209e-02 -6.69132359e-03 -6.17730618e-03 -1.12180710e-02 -1.31806768e-02 -1.33734038e-02 -9.95015167e-03 -1.00459121e-02 -1.28657203e-02 -1.55975502e-02 -1.85175501e-02 -1.70689058e-02 -1.48453023e-02 -1.20527018e-02 -1.05099995e-02 -6.02937490e-03 -8.28603469e-03 -7.82441720e-03 -6.81372359e-03 -8.20640661e-03 -7.55357742e-03 -1.11648757e-02 -1.62014887e-02 -1.41056599e-02 -1.04619060e-02 -6.53575361e-03 -6.22637942e-03 -7.80623034e-03 -7.94823095e-03 -9.66648944e-03 -1.19106956e-02 -1.49118742e-02 -1.46654351e-02 -1.23896468e-02 -8.80716741e-03 -7.55753927e-03 -1.10656898e-02 -1.67154316e-02 -1.83572322e-02 -1.28910020e-02 -5.85985184e-03 -1.11298952e-02 -1.48895402e-02 -1.49179995e-02 -1.77702289e-02 -1.85384247e-02 -1.80887356e-02 -1.73035171e-02 -1.98907815e-02 -2.19173338e-02 -1.91707909e-02 -1.69633385e-02 -1.59160998e-02 -1.49612986e-02 -1.45943407e-02 -1.31831113e-02 -1.53949484e-02 -1.64153092e-02 -1.44678541e-02 -1.15946420e-02 -1.21587235e-02 -1.35663636e-02 -1.27525702e-02 -1.31496806e-02 -1.28988381e-02 -1.21532530e-02 -1.06979273e-02 -8.47411901e-03 -1.62194148e-02 -4.61227074e-02 -6.76940978e-02 -4.79897819e-02 -9.85579565e-04 9.35130753e-03 -2.31305882e-03 -7.49891624e-03 -1.39343143e-02 -2.18279231e-02 -2.33744420e-02 -2.28574127e-02 -2.81960033e-02 -2.89254002e-02 -2.55992413e-02 -2.69749090e-02 -2.35431232e-02 -1.63183175e-02 -1.42701715e-02 -1.39093166e-02 -1.02201551e-02 -6.82683848e-03 -6.27994165e-03 -7.32758455e-03 -8.29586200e-03 -5.75311109e-03 -3.71380057e-03 -8.49998742e-03 -8.58479366e-03 -5.46805281e-03 -6.55490160e-03 -9.22303181e-03 -9.24427621e-03 -6.08457718e-03 -4.87513840e-03 -5.83644770e-03 -5.43451868e-03 -1.12563372e-03 -6.42785802e-04 -1.02327745e-02 -1.91720687e-02 -1.58427153e-02 -1.10614933e-02 -9.60700586e-03 -1.11713512e-02 -1.11761307e-02 -6.52191602e-03 -4.83131781e-03 -5.27172908e-03 -6.85812719e-03 -6.48504402e-03 -1.05136633e-03 1.00212172e-03 -2.09094398e-03 -1.88476779e-03 -1.40702352e-03 1.19238906e-03 4.46004048e-03 1.35356188e-03 -7.64287449e-03 -1.08769573e-02 -6.32020459e-03 2.07206607e-03 2.46473402e-03 -4.17919457e-03 -1.30805010e-02 -1.12012178e-02 1.32567361e-02 3.44866589e-02 2.17883233e-02 -9.59740765e-03 -2.20395401e-02 -1.47935096e-02 -1.24519207e-02 -1.48754176e-02 -1.87623948e-02 -1.23714469e-02 -1.51734948e-02 -1.78152956e-02 -2.18369383e-02 -2.39662211e-02 -2.16201209e-02 -2.06948705e-02 -1.65084545e-02 -1.49490591e-02 -1.45822950e-02 -1.39108077e-02 -1.22131445e-02 -1.17687136e-02 -1.15779564e-02 -1.28968973e-02 -1.27897263e-02 -1.20472945e-02 -1.29824951e-02 -1.33945625e-02 -1.66005455e-02 -1.76971145e-02 -1.60469990e-02 -1.33064911e-02 -1.31197665e-02 -1.55645162e-02 -1.71827693e-02 -1.78295784e-02 -1.70303527e-02 -1.15528274e-02 -1.44850947e-02 -1.71412565e-02 -1.68389417e-02 -1.37834810e-02 -1.12175029e-02 -1.33494679e-02 -1.16914008e-02 -9.20675695e-03 -1.20628122e-02 -1.51042081e-02 -1.75831448e-02 -1.81188192e-02 -1.40316375e-02 -9.86431539e-03 -1.12598389e-02 -1.31276771e-02 -1.33154299e-02 -1.28087495e-02 -1.30215511e-02 -1.05880238e-02 -1.06669031e-02 -9.68374964e-03 -5.26117999e-03 -3.45876720e-03 -4.07270808e-03 -5.15685650e-03 -4.14260989e-03
-1.40751023e-02 -8.99074879e-03 -6.02945499e-03 -9.76776890e-03 -1.21292155e-02 -1.19637474e-02 -1.00565152e-02 -1.07498262e-02 -1.16485003e-02 -1.24327168e-02 -1.57017913e-02 -1.59261618e-02 -1.49324555e-02 -1.29109360e-02 -1.13610271e-02 -8.62421468e-03 -1.01125985e-02 -9.00714472e-03 -1.11828316e-02 -1.34003824e-02 -9.47025605e-03 -9.39979963e-03 -1.35110104e-02 -1.24232946e-02 -1.09320860e-02 -7.57039525e-03 -6.10525161e-03 -7.62130134e-03 -7.05447048e-03 -8.75303149e-03 -1.03593878e-02 -1.22466851e-02 -1.20298807e-02 -1.05006061e-02 -6.56426139e-03 -7.93805346e-03 -1.27179716e-02 -1.63761154e-02 -1.56682674e-02 -1.10799856e-02 -5.52975014e-03 -8.61737505e-03 -1.51202157e-02 -1.48274843e-02 -1.47393830e-02 -1.74350254e-02 -1.96309369e-02 -2.01865695e-02 -1.95263792e-02 -1.98235791e-02 -1.53766032e-02 -1.56691317e-02 -1.50688887e-02 -1.34450179e-02 -1.40141938e-02 -1.53204910e-02 -1.62263755e-02 -1.63091347e-02 -1.22894775e-02 -8.46939534e-03 -1.00811310e-02 -1.17364023e-02 -1.38606094e-02 -1.55498628e-02 -1.46469194e-02 -1.27245188e-02 -1.20360702e-02 -1.17304698e-02 -2.48182211e-02 -5.34851626e-02 -6.12373129e-02 -3.43719833e-02 2.60188803e-03 9.92710330e-03 -2.68021598e-04 -1.03360871e-02 -1.81779265e-02 -2.54577193e-02 -2.69473605e-02 -2.08113566e-02 -2.13477034e-02 -2.46100277e-02 -2.74185799e-02 -3.06405351e-02 -2.56059915e-02 -1.62688121e-02 -1.39241572e-02 -1.42114880e-02 -1.10508837e-02 -6.70483522e-03 -4.66964953e-03 -5.03554754e-03 -7.14784116e-03 -6.93901069e-03 -4.51830309e-03 -3.60493362e-03 -5.10165421e-03 -6.10637665e-03 -8.49881023e-03 -1.31489513e-02 -1.35681257e-02 -4.88049723e-03 -4.35447879e-03 -7.10335746e-03 -7.01966882e-03 -1.98243000e-03 -1.79458410e-04 -9.25237872e-03 -1.81365684e-02 -1.72886141e-02 -1.26838833e-02 -9.67041403e-03 -6.46867789e-03 -6.81405328e-03 -7.04788975e-03 -8.38407408e-03 -6.01280015e-03 -3.89017817e-03 -1.78691931e-03 5.07922843e-04 2.27028877e-03 -1.39481761e-03 -4.02234588e-03 -6.43692445e-03 -2.45485548e-03 3.64399888e-03 4.27489728e-03 -4.54756990e-03 -1.19606070e-02 -6.17870502e-03 5.83648309e-03 1.08893085e-02 2.85530090e-03 -1.06539298e-02 -1.16938772e-02 1.95008330e-03 2.30012648e-02 2.67492756e-02 -1.40387565e-05 -2.19598785e-02 -1.56463739e-02 -1.07483044e-02 -1.17854588e-02 -1.72205009e-02 -1.46969762e-02 -1.22303627e-02 -1.38494931e-02 -2.08776724e-02 -2.33442355e-02 -2.09105238e-02 -2.01948564e-02 -1.51084252e-02 -1.41468477e-02 -1.66895036e-02 -1.62021574e-02 -1.21890847e-02 -1.05839390e-02 -1.12673417e-02 -1.32139027e-02 -1.36898402e-02 -1.29260961e-02 -1.41079910e-02 -1.41961090e-02 -1.64637417e-02 -1.74724050e-02 -1.52216218e-02 -1.26170237e-02 -1.39004644e-02 -1.61498524e-02 -1.72460321e-02 -1.78518407e-02 -1.79520305e-02 -1.41100772e-02 -1.33457705e-02 -1.35641918e-02 -1.48581248e-02 -1.58599485e-02 -1.63765959e-02 -1.70636326e-02 -1.24934427e-02 -8.72518495e-03 -1.30613279e-02 -1.66210923e-02 -1.93927418e-02 -2.01223362e-02 -1.60442200e-02 -9.55554843e-03 -8.23729299e-03 -9.30341892e-03 -9.36035253e-03 -1.12405196e-02 -1.48589034e-02 -1.15327891e-02 -1.04666706e-02 -9.56404302e-03 -5.88505436e-03 -4.78344597e-03 -4.32436448e-03 -3.99644114e-03 -3.81032564e-03
-1.38551351e-02 -1.06944200e-02 -8.23713280e-03 -8.88731703e-03 -1.09765250e-02 -1.07099228e-02 -1.00832498e-02 -1.17610507e-02 -1.24998111e-02 -1.17541403e-02 -1.30606424e-02 -1.43570434e-02 -1.48391332e-02 -1.35205891e-02 -1.28669441e-02 -1.11975968e-02 -1.06772166e-02 -5.76085038e-03 -7.09075294e-03 -1.45531977e-02 -1.34991808e-02 -9.54861008e-03 -1.04952212e-02 -1.09633151e-02 -1.14431689e-02 -9.49161127e-03 -6.76058978e-03 -6.45461865e-03 -6.70901313e-03 -8.66500475e-03 -9.60093923e-03 -9.94963385e-03 -1.09115280e-02 -1.10236667e-02 -8.25120509e-03 -9.72121954e-03 -1.27183162e-02 -1.36588961e-02 -1.33628882e-02 -1.16976630e-02 -8.53780843e-03 -1.04665440e-02 -1.51599534e-02 -1.38238911e-02 -1.09887309e-02 -1.32104419e-02 -1.90683492e-02 -2.11249571e-02 -1.85201876e-02 -1.68416984e-02 -1.36244204e-02 -1.52761713e-02 -1.43621974e-02 -1.43147651e-02 -1.57311186e-02 -1.58022698e-02 -1.49430111e-02 -1.53275467e-02 -1.35160889e-02 -9.87991877e-03 -9.12135839e-03 -9.47704725e-03 -1.30795669e-02 -1.61965638e-02 -1.50503907e-02 -1.25915892e-02 -1.38357803e-02 -1.93990078e-02 -3.33782583e-02 -5.39702699e-02 -5.24503738e-02 -2.60617211e-02 9.03615728e-04 8.53441563e-03 -7.05815852e-04 -1.40176769e-02 -1.94482189e-02 -2.24517304e-02 -2.38880031e-02 -1.98858678e-02 -1.81200057e-02 -2.18469929e-02 -2.78119259e-02 -3.23149152e-02 -2.76128016e-02 -1.67834125e-02 -1.30190048e-02 -1.55768124e-02 -1.55882603e-02 -1.09308101e-02 -1.07009709e-03 1.95768476e-03 -2.38259323e-03 -7.85497203e-03 -8.02872516e-03 -3.94112431e-03 -5.91735961e-03 -8.48618522e-03 -1.09397834e-02 -1.46029815e-02 -1.37532353e-02 -4.73593548e-03 -3.03279608e-03 -5.41264005e-03 -7.63313286e-03 -6.85647316e-03 -4.44421172e-03 -1.12939328e-02 -1.97770968e-02 -2.04034559e-02 -1.58604849e-02 -1.19540039e-02 -8.16150568e-03 -4.26021218e-03 -2.93762423e-03 -7.40090292e-03 -4.85618878e-03 -2.52731424e-03 6.65301457e-04 8.15648586e-04 8.26306641e-04 -1.00676622e-03 -4.61774226e-03 -7.00832158e-03 -3.43773514e-03 1.40953436e-03 4.64509428e-03 -3.08373943e-04 -8.49799905e-03 -5.59929758e-03 6.35348260e-03 1.64588504e-02 1.08591337e-02 -7.81551003e-03 -1.02777518e-02 -9.69585031e-04 1.09397136e-02 2.33044438e-02 8.20420496e-03 -1.86617915e-02 -2.02996731e-02 -1.53460745e-02 -1.18412022e-02 -1.38161611e-02 -1.56772677e-02 -1.37216933e-02 -1.26697905e-02 -1.56722367e-02 -1.94709115e-02 -2.18430534e-02 -2.34588627e-02 -1.55510716e-02 -9.49412957e-03 -1.24070048e-02 -1.76828317e-02 -1.23182889e-02 -1.02988705e-02 -1.17246285e-02 -1.28419232e-02 -1.39320120e-02 -1.28824431e-02 -1.41945817e-02 -1.43340193e-02 -1.48768649e-02 -1.43536236e-02 -1.40980128e-02 -1.57078765e-02 -1.68457069e-02 -1.42538361e-02 -1.28890797e-02 -1.37219634e-02 -1.59536600e-02 -1.47172883e-02 -1.35414805e-02 -1.34500135e-02 -1.65537614e-02 -1.92816202e-02 -2.14045215e-02 -1.82067789e-02 -1.15368087e-02 -9.52912867e-03 -1.39501188e-02 -1.49904341e-02 -1.76396109e-02 -1.79938935e-02 -1.48999132e-02 -1.17111430e-02 -1.19172428e-02 -1.13633741e-02 -7.71789625e-03 -7.36772828e-03 -1.33900344e-02 -1.16643030e-02 -1.04688462e-02 -9.16574802e-03 -6.37032092e-03 -6.06896263e-03 -5.25676133e-03 -4.18906473e-03 -3.60405445e-03
-1.24719441e-02 -9.94354021e-03 -1.12365782e-02 -1.02843791e-02 -1.12460852e-02 -9.45189781e-03 -1.02361962e-02 -1.29632242e-02 -1.24344956e-02 -1.04594193e-02 -9.34482738e-03 -1.07068736e-02 -1.42392144e-02 -1.48388855e-02 -1.37400292e-02 -1.30477548e-02 -1.25438757e-02 -5.13493828e-03 -1.58027001e-03 -9.30772722e-03 -1.26771098e-02 -1.14409942e-02 -9.54862311e-03 -9.12191346e-03 -1.06605561e-02 -1.02546727e-02 -8.46221671e-03 -7.78117217e-03 -6.02708757e-03 -7.43014924e-03 -9.32236016e-03 -8.86163674e-03 -9.75123234e-03 -1.16868205e-02 -1.03766713e-02 -1.14901047e-02 -1.24118850e-02 -1.08323358e-02 -1.11788046e-02 -1.37065910e-02 -1.22114047e-02 -9.62954015e-03 -1.27869789e-02 -1.34048816e-02 -1.27002764e-02 -1.35151371e-02 -1.65300872e-02 -1.87179521e-02 -1.79795157e-02 -1.49458311e-02 -1.34950895e-02 -1.48012489e-02 -1.47269629e-02 -1.53663475e-02 -1.71868820e-02 -1.59197785e-02 -1.39691997e-02 -1.51843764e-02 -1.45247076e-02 -1.09015163e-02 -9.46825370e-03 -8.57280940e-03 -1.06448866e-02 -1.44855771e-02 -1.54873393e-02 -1.15138628e-02 -1.38382725e-02 -2.87877545e-02 -4.74216416e-02 -5.34304753e-02 -4.10259813e-02 -2.00452749e-02 -2.00056564e-03 5.07805776e-03 -2.31502578e-03 -1.64718218e-02 -2.06164680e-02 -1.74802523e-02 -1.82532128e-02 -2.14649104e-02 -2.08523441e-02 -2.27068290e-02 -2.68381387e-02 -2.94773951e-02 -2.75949761e-02 -1.77018084e-02 -1.50892492e-02 -1.75183639e-02 -1.85698085e-02 -1.40225142e-02 -2.75555067e-03 3.83986905e-03 1.34531222e-03 -1.78400055e-03 -4.18234244e-03 -4.68255021e-03 -8.85172281e-03 -9.82050598e-03 -9.10396874e-03 -1.19560361e-02 -1.14870481e-02 -6.91755116e-03 -5.50773926e-03 -6.72681257e-03 -1.04114022e-02 -1.10190390e-02 -8.96103308e-03 -1.34321358e-02 -2.01152116e-02 -2.15740576e-02 -1.87137946e-02 -1.38217341e-02 -9.07421671e-03 -4.84213978e-03 -1.11006759e-03 -3.53810377e-03 -2.92197242e-03 -2.13135127e-03 -1.78016350e-03 -1.20784342e-03 3.38377431e-04 3.28869559e-04 -4.03764285e-03 -5.82682434e-03 -1.99061260e-03 1.13057625e-03 3.00168619e-03 1.89490058e-03 -1.75142102e-03 -2.93559767e-03 -4.89614904e-05 8.16549547e-03 8.54889676e-03 -9.57570970e-04 -2.60154530e-03 2.69552507e-03 6.10979460e-03 1.69128068e-02 1.25038978e-02 -1.37704210e-02 -2.33267471e-02 -1.70877017e-02 -1.11708976e-02 -1.22175459e-02 -1.92887243e-02 -1.95553061e-02 -1.83811896e-02 -1.65746175e-02 -1.50977112e-02 -1.84280984e-02 -1.94883477e-02 -1.33006573e-02 -9.50713083e-03 -1.26518272e-02 -1.71927288e-02 -1.11006759e-02 -8.25720467e-03 -9.76346619e-03 -1.10756643e-02 -1.27280075e-02 -1.31202005e-02 -1.42179634e-02 -1.36763211e-02 -1.27316136e-02 -1.14054102e-02 -1.27475224e-02 -1.73023194e-02 -1.88589059e-02 -1.52306799e-02 -1.35626495e-02 -1.37462616e-02 -1.51615087e-02 -1.62835158e-02 -1.56573467e-02 -1.52246524e-02 -1.67094693e-02 -1.88393313e-02 -1.96717922e-02 -1.60725024e-02 -1.23375487e-02 -1.26908813e-02 -1.56616308e-02 -1.49003733e-02 -1.69993248e-02 -1.79946292e-02 -1.56740397e-02 -1.33948009e-02 -1.29207186e-02 -1.38172843e-02 -1.02514289e-02 -6.53538108e-03 -1.10471360e-02 -1.12123471e-02 -1.05841868e-02 -8.80446192e-03 -5.59525937e-03 -6.67790789e-03 -5.37563628e-03 -3.76654649e-03 -2.83887563e-03
-1.17758233e-02 -8.25709943e-03 -1.14464629e-02 -1.16296522e-02 -1.12480335e-02 -9.14905593e-03 -1.11771021e-02 -1.26581676e-02 -1.11114681e-02 -1.00981724e-02 -9.52093862e-03 -1.13241430e-02 -1.50762983e-02 -1.58109255e-02 -1.33301038e-02 -1.31964646e-02 -1.42736919e-02 -7.66399875e-03 9.39257443e-04 -3.79881635e-03 -1.16372686e-02 -1.25589548e-02 -1.00742951e-02 -8.70085508e-03 -1.04489056e-02 -1.06818927e-02 -8.80750082e-03 -6.99210167e-03 -6.04379736e-03 -8.24593194e-03 -1.08421259e-02 -9.93445888e-03 -1.04242545e-02 -1.07924510e-02 -9.67925601e-03 -9.92693380e-03 -9.19384509e-03 -8.48389789e-03 -1.01853199e-02 -1.43823847e-02 -1.54501535e-02 -1.20674241e-02 -1.23652481e-02 -1.42536163e-02 -1.40677150e-02 -1.23340450e-02 -1.35654714e-02 -1.56112667e-02 -1.76034421e-02 -1.42114870e-02 -1.24077629e-02 -1.47255622e-02 -1.73371974e-02 -1.89938173e-02 -1.89766120e-02 -1.52235907e-02 -1.38291921e-02 -1.53168160e-02 -1.51439905e-02 -1.38296057e-02 -1.39316674e-02 -1.31799821e-02 -1.32247657e-02 -1.50462333e-02 -1.22472253e-02 -6.49050996e-03 -1.31042078e-02 -3.87294106e-02 -6.38948306e-02 -5.37786596e-02 -2.67636664e-02 -1.12513872e-02 -3.15764826e-03 3.28568742e-04 -5.64399175e-03 -1.72667094e-02 -1.92756038e-02 -1.23224445e-02 -1.30309612e-02 -2.08035465e-02 -2.36647483e-02 -2.48224232e-02 -2.73241214e-02 -2.83060223e-02 -2.81933788e-02 -2.09299959e-02 -1.57549828e-02 -1.73015613e-02 -1.85085796e-02 -1.64560229e-02 -9.01756808e-03 -3.32175940e-03 -4.20906954e-03 -2.00690329e-03 2.51056813e-03 -2.53170263e-03 -7.21360603e-03 -6.21287571e-03 -6.97901892e-03 -9.38125048e-03 -1.21295024e-02 -1.52293751e-02 -1.34063931e-02 -1.11709712e-02 -1.11986911e-02 -1.02513935e-02 -8.08279030e-03 -1.31315663e-02 -2.05047689e-02 -2.46588923e-02 -2.18512882e-02 -1.51135102e-02 -1.11752544e-02 -8.78194347e-03 -1.37150660e-03 1.85407698e-03 -5.92658296e-04 -4.33343556e-03 -5.15681226e-03 -2.71846447e-03 1.27088092e-03 2.42193043e-03 -3.04128416e-03 -4.59909299e-03 -1.58214010e-03 -6.84308819e-04 4.34336253e-04 4.79631126e-04 -1.07311644e-03 -2.76244432e-03 -5.67232911e-03 -3.25747579e-03 1.87677331e-03 3.00197490e-03 8.86130892e-03 1.08036157e-02 9.18740407e-03 1.39222685e-02 1.02031771e-02 -1.17911641e-02 -2.62892228e-02 -1.85955390e-02 -9.86368395e-03 -1.06826965e-02 -1.81095507e-02 -1.95003022e-02 -2.17387099e-02 -1.89650711e-02 -1.38514265e-02 -1.44856386e-02 -1.13995746e-02 -9.97912139e-03 -1.13709420e-02 -1.38529018e-02 -1.67872105e-02 -9.82448831e-03 -8.50528292e-03 -1.01018306e-02 -1.06434803e-02 -1.21555571e-02 -1.28100757e-02 -1.29718576e-02 -1.28832459e-02 -1.20200384e-02 -1.01059061e-02 -1.13988165e-02 -1.67720802e-02 -2.02765912e-02 -1.84947271e-02 -1.64281707e-02 -1.44970119e-02 -1.39907189e-02 -1.44936703e-02 -1.57567021e-02 -1.56679247e-02 -1.70734785e-02 -1.87488832e-02 -2.01128945e-02 -1.67669542e-02 -1.37744490e-02 -1.37452874e-02 -1.39008816e-02 -1.28981285e-02 -1.64062381e-02 -1.82959456e-02 -1.66817531e-02 -1.44583303e-02 -1.44988857e-02 -1.52838025e-02 -1.47231054e-02 -8.52922350e-03 -7.68188387e-03 -9.15877894e-03 -1.03918463e-02 -7.56722316e-03 -4.42799088e-03 -6.21203706e-03 -5.23905875e-03 -3.72143975e-03 -2.18529534e-03
-1.24180224e-02 -7.75880832e-03 -9.94267501e-03 -1.14091784e-02 -1.38774198e-02 -1.10362321e-02 -9.69887711e-03 -1.08615234e-02 -1.02482401e-02 -1.09202303e-02 -9.96884704e-03 -1.11845098e-02 -1.52027160e-02 -1.55671369e-02 -1.24106966e-02 -1.31610073e-02 -1.44368913e-02 -1.25776827e-02 -8.69782828e-03 -7.64976069e-03 -7.73556344e-03 -7.52314553e-03 -7.06426613e-03 -6.96373731e-03 -9.97864455e-03 -1.13437334e-02 -9.62335989e-03 -7.85704330e-03 -8.51706602e-03 -1.07255038e-02 -1.19872782e-02 -9.97930579e-03 -9.66326892e-03 -1.05130598e-02 -9.85041447e-03 -8.79013352e-03 -6.96371309e-03 -7.09908642e-03 -1.00506321e-02 -1.41653456e-02 -1.45962872e-02 -1.30551085e-02 -1.46326385e-02 -1.61121674e-02 -1.32284258e-02 -1.07544232e-02 -1.37901939e-02 -1.47519726e-02 -1.32895764e-02 -1.19185317e-02 -1.16440989e-02 -1.51293054e-02 -1.75419878e-02 -1.97861269e-02 -1.95421670e-02 -1.58819668e-02 -1.33486837e-02 -1.30908173e-02 -1.14860646e-02 -1.13942996e-02 -1.31935477e-02 -1.43695064e-02 -1.35074742e-02 -1.49059650e-02 -1.04791783e-02 -3.54730710e-03 -1.30600967e-02 -4.62963916e-02 -6.66141957e-02 -5.05075604e-02 -1.85351279e-02 -6.94975071e-03 -2.48887949e-03 -2.50891410e-03 -8.24997202e-03 -1.85207687e-02 -2.17270292e-02 -1.38092041e-02 -1.21230688e-02 -2.16770023e-02 -2.85349004e-02 -3.05471327e-02 -3.19925621e-02 -3.05835381e-02 -2.54608318e-02 -1.94670241e-02 -1.47005916e-02 -1.54431164e-02 -1.68496724e-02 -1.13753267e-02 -4.94287908e-03 -4.28680331e-03 -6.69815205e-03 -2.68599391e-03 2.34820880e-03 1.02108344e-04 -4.64857090e-03 -2.38112547e-03 -5.48405387e-03 -8.40135291e-03 -1.10836001e-02 -1.60549879e-02 -1.81992184e-02 -1.63429417e-02 -1.24396682e-02 -7.23043457e-03 -6.64068758e-03 -1.48546565e-02 -2.38858573e-02 -2.88138799e-02 -2.37571429e-02 -1.63759515e-02 -1.22250132e-02 -8.63671489e-03 -6.06164336e-04 3.79333086e-03 5.02284616e-04 -4.02965676e-03 -7.13316817e-03 -4.89802938e-03 1.83407310e-03 5.09447418e-03 3.54817137e-04 -3.40153044e-03 -3.37605225e-03 -4.32702014e-03 -4.66159452e-03 -5.28637506e-03 -3.95294558e-03 -1.95110589e-03 -3.65967304e-03 -5.40853664e-03 -4.76247072e-03 1.28466636e-03 1.09212082e-02 1.30075999e-02 1.08810775e-02 1.33990236e-02 1.23123396e-02 -4.89062630e-03 -2.36361139e-02 -1.82123519e-02 -1.05933081e-02 -1.10345073e-02 -1.82754323e-02 -1.95609201e-02 -2.12037750e-02 -2.02423725e-02 -1.39941312e-02 -1.26376711e-02 -7.63091445e-03 -8.18395987e-03 -1.23726930e-02 -1.42619703e-02 -1.46277752e-02 -9.14226659e-03 -8.66201892e-03 -1.07968841e-02 -1.22283623e-02 -1.29091516e-02 -1.17213354e-02 -1.12974178e-02 -1.21060405e-02 -1.24810878e-02 -1.13190059e-02 -1.17082745e-02 -1.57047380e-02 -1.99869983e-02 -1.89957935e-02 -1.74136665e-02 -1.60109084e-02 -1.52789596e-02 -1.40234455e-02 -1.45024136e-02 -1.48652885e-02 -1.54676847e-02 -1.76221412e-02 -1.85331069e-02 -1.58619173e-02 -1.42163709e-02 -1.52764730e-02 -1.52624864e-02 -1.72247663e-02 -2.01884340e-02 -1.88039076e-02 -1.61561258e-02 -1.32085644e-02 -1.39267817e-02 -1.46843102e-02 -1.42312869e-02 -1.14541613e-02 -7.05814548e-03 -7.14271888e-03 -9.21664946e-03 -7.83274602e-03 -4.34061792e-03 -5.36513049e-03 -4.46731970e-03 -3.42575600e-03 -2.52093142e-03
-1.03133461e-02 -7.14042317e-03 -1.05465623e-02 -1.18158367e-02 -1.43287387e-02 -1.08459406e-02 -7.19680078e-03 -8.66960548e-03 -1.10521242e-02 -1.26038995e-02 -1.08576268e-02 -1.06196869e-02 -1.30199809e-02 -1.44060105e-02 -1.35594420e-02 -1.32599864e-02 -1.56991854e-02 -1.41686723e-02 -1.27747394e-02 -1.19258072e-02 -1.06959566e-02 -8.85061175e-03 -7.82213919e-03 -6.03586994e-03 -7.48330541e-03 -1.07904095e-02 -1.05011985e-02 -9.11943614e-03 -1.02298465e-02 -1.23897661e-02 -1.21959690e-02 -9.57089476e-03 -8.79689306e-03 -9.45997238e-03 -8.84122960e-03 -8.19240138e-03 -6.24431483e-03 -6.94397464e-03 -1.10046361e-02 -1.54966824e-02 -1.61804520e-02 -1.42773949e-02 -1.50367450e-02 -1.54366791e-02 -1.30028650e-02 -1.09085385e-02 -1.45038515e-02 -1.43205617e-02 -9.16020572e-03 -1.03853680e-02 -1.26784891e-02 -1.77079141e-02 -2.02233959e-02 -1.88641548e-02 -1.81764252e-02 -1.75310969e-02 -1.49266422e-02 -1.31657291e-02 -1.08581632e-02 -1.07878447e-02 -1.36082433e-02 -1.50901489e-02 -1.41781829e-02 -1.39891207e-02 -1.03945509e-02 -7.54844025e-03 -2.07554959e-02 -5.42886183e-02 -6.30008876e-02 -4.18426916e-02 -1.81527063e-02 -7.62617029e-03 -3.39846499e-03 -3.41540575e-03 -7.55278394e-03 -1.88015364e-02 -2.75822505e-02 -2.03895997e-02 -1.46735534e-02 -2.22203713e-02 -2.95350589e-02 -3.30277830e-02 -3.47948149e-02 -3.15867700e-02 -2.36339867e-02 -1.79587509e-02 -1.61244739e-02 -1.69123784e-02 -1.40821747e-02 -5.75550832e-03 -8.69872048e-04 -4.56416421e-03 -8.56906734e-03 -6.57922775e-03 -1.72267109e-03 3.14207748e-04 -1.13756023e-03 -2.11184565e-03 -7.57200550e-03 -8.30753520e-03 -7.55394064e-03 -1.47363320e-02 -1.93015039e-02 -1.77430268e-02 -1.65649299e-02 -1.03154071e-02 -6.31054863e-03 -1.46315023e-02 -2.19905917e-02 -2.81172208e-02 -2.32474282e-02 -1.71525907e-02 -1.33669153e-02 -1.06055401e-02 -5.70489094e-03 -9.73194838e-05 4.62230109e-03 3.46619263e-03 -4.42718621e-03 -9.10578109e-03 -1.27205718e-03 6.42276648e-03 5.17807342e-03 -1.01455674e-03 -6.28711050e-03 -9.31948796e-03 -1.01420265e-02 -6.29626401e-03 -2.54592299e-03 -2.72547826e-03 -4.84404713e-03 -7.02886283e-03 -8.84153694e-03 -3.49968113e-03 7.44398870e-03 1.43789817e-02 1.42915398e-02 1.07942671e-02 9.45066102e-03 2.95076519e-04 -1.81702748e-02 -2.15062071e-02 -1.50872283e-02 -8.57819058e-03 -1.19496882e-02 -1.52338371e-02 -1.83553454e-02 -1.88620929e-02 -1.66574642e-02 -1.39767006e-02 -8.28504562e-03 -8.85684416e-03 -1.43118147e-02 -1.73061658e-02 -1.53631959e-02 -1.03222765e-02 -9.24970210e-03 -1.21217389e-02 -1.41181257e-02 -1.42326467e-02 -1.05374586e-02 -1.00149903e-02 -1.26709566e-02 -1.37838200e-02 -1.30311288e-02 -1.23843849e-02 -1.31637119e-02 -1.64136048e-02 -1.62214190e-02 -1.52175501e-02 -1.51180383e-02 -1.57835726e-02 -1.34305172e-02 -1.14043243e-02 -1.43888723e-02 -1.75746754e-02 -1.79039035e-02 -1.81733370e-02 -1.64549388e-02 -1.33730322e-02 -1.29486546e-02 -1.53481066e-02 -1.84166860e-02 -2.08773259e-02 -1.70577634e-02 -1.36738624e-02 -1.18134357e-02 -1.31552983e-02 -1.46129783e-02 -1.44158695e-02 -1.21446867e-02 -7.39421695e-03 -6.19011000e-03 -8.07453319e-03 -7.90986698e-03 -6.02375623e-03 -4.96767741e-03 -3.89415398e-03 -3.15317884e-03 -3.98345524e-03
-1.26238065e-02 -6.60101324e-03 -8.22135434e-03 -9.09977965e-03 -1.17019787e-02 -9.97026265e-03 -5.46300970e-03 -8.12156126e-03 -1.45087671e-02 -1.44397449e-02 -1.15939267e-02 -1.13215763e-02 -1.26208812e-02 -1.36715863e-02 -1.21308155e-02 -1.23974774e-02 -1.60256382e-02 -1.58738643e-02 -1.30829718e-02 -9.61796194e-03 -8.03595223e-03 -8.77503306e-03 -9.53518227e-03 -8.70830938e-03 -7.36251473e-03 -7.80626200e-03 -7.96484947e-03 -7.99438357e-03 -9.92454588e-03 -1.24888960e-02 -1.28071737e-02 -1.06095001e-02 -8.14371742e-03 -9.24538448e-03 -9.09009576e-03 -7.15373456e-03 -4.80023399e-03 -6.40631653e-03 -1.22713242e-02 -1.76656991e-02 -1.79778393e-02 -1.48900226e-02 -1.42332837e-02 -1.52501501e-02 -1.36982352e-02 -1.07941609e-02 -1.40676685e-02 -1.20255128e-02 -8.08646902e-03 -1.15962811e-02 -1.60011332e-02 -2.03610677e-02 -2.03304272e-02 -1.60504822e-02 -1.36208236e-02 -1.55566782e-02 -1.59353372e-02 -1.46220997e-02 -1.25586037e-02 -1.12314019e-02 -1.32549182e-02 -1.60581209e-02 -1.54198930e-02 -1.37865636e-02 -9.15818848e-03 -1.06348321e-02 -3.13965566e-02 -6.12773933e-02 -5.56290969e-02 -3.35657559e-02 -1.98034942e-02 -1.17760748e-02 -3.68261710e-03 -1.35869347e-03 -6.37070276e-03 -2.04843059e-02 -3.08875814e-02 -2.67886966e-02 -1.88751388e-02 -2.18304545e-02 -2.69690342e-02 -3.20772901e-02 -3.60668488e-02 -3.28795612e-02 -2.14694254e-02 -1.46216583e-02 -1.65325329e-02 -1.87498182e-02 -1.69081297e-02 -8.89003649e-03 -2.11684965e-03 -3.33832204e-03 -8.02712329e-03 -1.09816166e-02 -8.42378475e-03 -1.01525337e-03 2.87233479e-03 -2.27484945e-03 -9.10909660e-03 -7.89076556e-03 -4.01745737e-03 -1.13492729e-02 -1.66633166e-02 -1.54958684e-02 -1.87692195e-02 -1.66226737e-02 -1.46163534e-02 -2.01696698e-02 -2.07580067e-02 -2.40386035e-02 -2.09330674e-02 -1.69439968e-02 -1.57084074e-02 -1.45474505e-02 -1.15046836e-02 -6.70026429e-03 2.20203586e-03 8.26507062e-03 3.59364692e-03 -4.51622065e-03 -1.70402974e-03 6.09430578e-03 7.29513681e-03 3.02134082e-04 -7.74995331e-03 -1.17739448e-02 -1.27258291e-02 -7.53838662e-03 -1.22364238e-03 -2.23243050e-03 -4.86441702e-03 -4.00785916e-03 -5.05393557e-03 -3.47715244e-03 4.77734953e-03 1.27050560e-02 1.45291202e-02 8.14408064e-03 4.40348126e-03 5.75599261e-03 -1.11573730e-02 -2.09151879e-02 -1.91000812e-02 -1.21701080e-02 -9.84350033e-03 -1.35371555e-02 -1.82568692e-02 -1.62576325e-02 -1.47514567e-02 -1.29139610e-02 -1.25733465e-02 -1.37328543e-02 -1.61740184e-02 -1.95361618e-02 -1.63132381e-02 -1.11392345e-02 -9.35231894e-03 -1.37379821e-02 -1.71533842e-02 -1.35651156e-02 -9.28543322e-03 -1.04045533e-02 -1.41945332e-02 -1.40607841e-02 -1.32506620e-02 -1.27782095e-02 -1.19709745e-02 -1.52337346e-02 -1.46689862e-02 -1.42404828e-02 -1.58750284e-02 -1.97614152e-02 -1.49259251e-02 -9.40101966e-03 -1.21361800e-02 -1.67610943e-02 -1.75722037e-02 -1.62409507e-02 -1.52231771e-02 -1.59802344e-02 -1.40612219e-02 -1.55930482e-02 -2.04088166e-02 -2.14170124e-02 -1.54147409e-02 -1.32942516e-02 -1.17776114e-02 -1.31968670e-02 -1.56285744e-02 -1.44525953e-02 -1.11374483e-02 -7.27765635e-03 -6.87781349e-03 -7.01228157e-03 -7.28227198e-03 -7.44342525e-03 -5.19171450e-03 -3.66688799e-03 -3.24202050e-03 -4.78466181e-03
-1.26244985e-02 -5.01694717e-03 -5.80468588e-03 -9.77005996e-03 -1.14463344e-02 -1.09777711e-02 -6.83666207e-03 -8.50973651e-03 -1.60120055e-02 -1.57345664e-02 -1.24624763e-02 -1.28227454e-02 -1.24184843e-02 -1.20410006e-02 -1.31012667e-02 -1.38795953e-02 -1.50276255e-02 -1.38682276e-02 -1.14575103e-02 -9.53244604e-03 -9.33006778e-03 -1.02968477e-02 -1.12320725e-02 -1.00273900e-02 -7.03927875e-03 -6.89571351e-03 -7.70166330e-03 -8.10922682e-03 -8.99932161e-03 -1.07971691e-02 -1.22593138e-02 -1.18183708e-02 -9.15852003e-03 -8.32716934e-03 -7.78985210e-03 -7.10737519e-03 -4.62360866e-03 -5.14815003e-03 -1.19763408e-02 -1.73532721e-02 -1.90292560e-02 -1.66726224e-02 -1.50066968e-02 -1.50536504e-02 -1.32822227e-02 -1.00208186e-02 -1.07509792e-02 -9.28738341e-03 -9.27989185e-03 -1.42630041e-02 -1.63477212e-02 -1.93805061e-02 -1.87446047e-02 -1.65027604e-02 -1.31618511e-02 -1.45480763e-02 -1.67086497e-02 -1.48845147e-02 -1.22065227e-02 -1.07712504e-02 -1.23076010e-02 -1.68585684e-02 -1.73165686e-02 -1.36762969e-02 -8.45574215e-03 -1.24703776e-02 -4.05391306e-02 -6.44657537e-02 -4.68590818e-02 -2.30712220e-02 -1.85620300e-02 -1.44188534e-02 -7.38238916e-03 -2.96777301e-03 -7.85365701e-03 -2.07488593e-02 -3.05923000e-02 -3.08316536e-02 -2.81606913e-02 -2.68461052e-02 -2.46967897e-02 -2.89041698e-02 -3.28412540e-02 -2.94902045e-02 -2.21529510e-02 -1.58666261e-02 -1.66766662e-02 -1.92164406e-02 -1.98920425e-02 -1.49593595e-02 -5.72761707e-03 -2.52027065e-03 -6.09555468e-03 -1.25725605e-02 -1.29427481e-02 -3.31923366e-03 4.84859012e-03 -1.13580376e-03 -6.15183357e-03 -3.08359787e-03 -1.49416924e-03 -9.58671328e-03 -1.42135881e-02 -1.21805621e-02 -1.74040683e-02 -1.90897919e-02 -1.90855488e-02 -2.21691020e-02 -2.09895317e-02 -2.35982835e-02 -2.11732257e-02 -1.80577002e-02 -1.62993390e-02 -1.56513546e-02 -1.52422003e-02 -9.69494414e-03 -7.17360526e-05 6.68329746e-03 4.01653349e-03 -2.18026992e-03 7.24586658e-04 6.97680470e-03 7.45751197e-03 2.35241465e-03 -5.26631577e-03 -1.08336005e-02 -1.53890327e-02 -1.12789981e-02 -3.33347637e-03 -2.26290897e-03 -3.75273637e-03 -1.54784322e-03 -1.38329156e-03 -2.72100419e-03 -2.56355852e-04 5.00603206e-03 8.75516795e-03 6.31471351e-03 7.32491538e-03 1.45107005e-02 -2.69972719e-03 -2.06190478e-02 -1.97405219e-02 -1.62587333e-02 -1.34410318e-02 -1.49994213e-02 -1.82692446e-02 -1.40133742e-02 -1.07039884e-02 -1.11257732e-02 -1.48352981e-02 -1.63538698e-02 -1.39661804e-02 -1.66701134e-02 -1.56445652e-02 -1.45819075e-02 -1.57769062e-02 -1.72271244e-02 -1.33637767e-02 -8.88894312e-03 -9.83119383e-03 -1.39114633e-02 -1.53633980e-02 -1.37796272e-02 -1.45383663e-02 -1.42135695e-02 -9.72444937e-03 -1.12019274e-02 -1.31665822e-02 -1.58831812e-02 -1.93224195e-02 -2.04408523e-02 -1.45759191e-02 -1.12222526e-02 -1.09993909e-02 -1.22646205e-02 -1.45490132e-02 -1.52166001e-02 -1.61014479e-02 -1.87456198e-02 -1.47431269e-02 -1.46782752e-02 -1.84972230e-02 -1.91651490e-02 -1.38845220e-02 -1.21950749e-02 -1.21001061e-02 -1.25883054e-02 -1.48885548e-02 -1.38308145e-02 -1.17404908e-02 -9.37700085e-03 -8.00755993e-03 -6.94548711e-03 -6.94595091e-03 -8.20970628e-03 -6.06841967e-03 -3.33444308e-03 -2.76893843e-03 -5.04473504e-03
-1.29938414e-02 -4.09800652e-03 -3.70628573e-03 -8.45397078e-03 -1.13125239e-02 -1.22731403e-02 -8.85910727e-03 -9.78359394e-03 -1.32345613e-02 -1.31004229e-02 -1.26052797e-02 -1.41476691e-02 -1.35375988e-02 -1.17605887e-02 -1.11875869e-02 -1.14618968e-02 -1.35132689e-02 -1.38290022e-02 -1.05671566e-02 -1.02377404e-02 -1.11110527e-02 -1.15401335e-02 -1.31853484e-02 -1.15196593e-02 -8.24148022e-03 -8.83541442e-03 -9.50542651e-03 -9.89080779e-03 -1.07004661e-02 -1.02438387e-02 -1.02530941e-02 -1.03952382e-02 -8.16590339e-03 -6.84595294e-03 -6.87801838e-03 -7.60850869e-03 -6.36606477e-03 -6.27533160e-03 -1.24762990e-02 -1.69432834e-02 -1.66080687e-02 -1.56852640e-02 -1.67145357e-02 -1.71416439e-02 -1.32797267e-02 -1.04288608e-02 -1.22406892e-02 -1.19076557e-02 -1.28162503e-02 -1.51496753e-02 -1.71838105e-02 -1.87288523e-02 -1.61101334e-02 -1.52776763e-02 -1.36068203e-02 -1.25506148e-02 -1.28950756e-02 -1.15956012e-02 -9.97021236e-03 -1.07708927e-02 -1.18761454e-02 -1.64246913e-02 -1.89122260e-02 -1.64268054e-02 -1.07071269e-02 -1.50695276e-02 -4.60746698e-02 -6.25607967e-02 -3.70637402e-02 -1.52896773e-02 -1.81438867e-02 -1.87654644e-02 -1.21687651e-02 -5.09770215e-03 -9.43761878e-03 -2.17173435e-02 -2.76602246e-02 -2.89307889e-02 -2.87152305e-02 -2.67794095e-02 -2.60342993e-02 -2.85466649e-02 -2.95946673e-02 -2.61440575e-02 -2.33107843e-02 -2.03005318e-02 -1.94626842e-02 -2.10138485e-02 -2.22799201e-02 -1.76369306e-02 -9.00067203e-03 -5.17886505e-03 -7.81173259e-03 -1.30447317e-02 -1.27717750e-02 -4.50222008e-03 3.26362625e-03 -4.59913164e-04 -3.50122526e-03 -1.04108825e-03 -8.65433365e-04 -7.84152839e-03 -1.12794591e-02 -1.00798616e-02 -1.55254165e-02 -1.93539001e-02 -2.40047406e-02 -2.39123181e-02 -1.93795301e-02 -2.34576222e-02 -2.29703579e-02 -1.87580734e-02 -1.41889136e-02 -1.16266832e-02 -1.31975906e-02 -1.18624913e-02 -4.89582773e-03 6.11802563e-04 1.42964628e-03 1.53417420e-03 7.50933494e-03 1.07741756e-02 6.41733408e-03 4.12290916e-04 -3.24311340e-03 -7.96466507e-03 -1.73239410e-02 -1.64081845e-02 -6.37819432e-03 -9.27882269e-04 -1.45402178e-03 1.19632483e-03 1.60525925e-03 -2.06262805e-03 -7.54157081e-04 -2.35950574e-04 -4.29259613e-04 3.23164463e-03 1.35095026e-02 2.99490578e-02 8.53084028e-03 -2.05559991e-02 -1.95294060e-02 -1.77991204e-02 -1.65771544e-02 -1.89357270e-02 -2.04281397e-02 -1.56003889e-02 -1.06895156e-02 -9.99952853e-03 -1.49489604e-02 -1.65350195e-02 -1.37906391e-02 -1.52209755e-02 -1.47447363e-02 -1.57526582e-02 -1.74499098e-02 -1.68621652e-02 -1.25096627e-02 -8.09935667e-03 -1.00589599e-02 -1.55149614e-02 -1.62317865e-02 -1.45092048e-02 -1.48680713e-02 -1.36094373e-02 -8.93143564e-03 -1.00322235e-02 -1.26916505e-02 -1.71647742e-02 -1.92541648e-02 -1.70518160e-02 -1.52946226e-02 -1.72921605e-02 -1.31673254e-02 -9.04859975e-03 -1.12509578e-02 -1.38507597e-02 -1.55960619e-02 -1.98613275e-02 -1.84724294e-02 -1.54341795e-02 -1.55799519e-02 -1.49160959e-02 -1.45316962e-02 -1.50144212e-02 -1.36603173e-02 -1.31006353e-02 -1.38207227e-02 -1.20374244e-02 -1.27112083e-02 -1.36010833e-02 -1.09741464e-02 -7.59932026e-03 -5.01008518e-03 -8.00697319e-03 -7.43148196e-03 -3.61171179e-03 -1.82167254e-03 -3.98264965e-03
-1.16016380e-02 -3.62518709e-03 -2.70101987e-03 -7.71909580e-03 -1.16509572e-02 -1.41970888e-02 -1.30289849e-02 -1.26091614e-02 -1.23024918e-02 -1.26941670e-02 -1.34633444e-02 -1.41419992e-02 -1.33379027e-02 -1.13119204e-02 -1.05528980e-02 -1.14661809e-02 -1.28732137e-02 -1.16549972e-02 -7.90337287e-03 -8.71564634e-03 -1.05472188e-02 -1.05980653e-02 -1.26327071e-02 -1.20494440e-02 -8.82945210e-03 -9.40000825e-03 -1.05424281e-02 -1.16671156e-02 -1.33443736e-02 -1.10033564e-02 -8.15814175e-03 -8.70105904e-03 -7.86133390e-03 -6.64188899e-03 -6.60114922e-03 -8.15576315e-03 -8.76505859e-03 -9.00646299e-03 -1.31449010e-02 -1.58141125e-02 -1.51715502e-02 -1.47215221e-02 -1.69802252e-02 -1.86041836e-02 -1.18812788e-02 -8.67446139e-03 -1.37306787e-02 -1.86482184e-02 -2.07462311e-02 -1.68942660e-02 -1.73810497e-02 -1.82384085e-02 -1.58064906e-02 -1.53990835e-02 -1.39023531e-02 -1.19911637e-02 -1.03552844e-02 -8.15548748e-03 -8.54278170e-03 -1.22596342e-02 -1.55675858e-02 -1.81151945e-02 -1.77787598e-02 -1.44402459e-02 -1.17395464e-02 -1.89155210e-02 -4.96536307e-02 -6.03560880e-02 -2.96349563e-02 -8.85819830e-03 -1.75123420e-02 -2.22752839e-02 -1.68149956e-02 -8.88707116e-03 -1.06892344e-02 -1.86704714e-02 -2.42949333e-02 -2.68187597e-02 -2.80945189e-02 -2.55998969e-02 -2.68602632e-02 -3.01360674e-02 -3.00824158e-02 -2.57176384e-02 -2.39381790e-02 -2.43628267e-02 -2.38020625e-02 -2.15481613e-02 -1.93288233e-02 -1.65375229e-02 -1.17813833e-02 -1.01203229e-02 -1.17078908e-02 -1.41960410e-02 -1.31849293e-02 -5.56014478e-03 1.79913640e-03 1.97404437e-03 -2.03640945e-03 -3.38773243e-03 -3.15065496e-03 -7.15713296e-03 -1.11247553e-02 -9.63604823e-03 -1.31545868e-02 -1.96075346e-02 -2.58397590e-02 -2.32321806e-02 -1.66022424e-02 -1.83677934e-02 -2.14230679e-02 -2.00636424e-02 -1.37722697e-02 -8.08520429e-03 -9.22602229e-03 -1.14635602e-02 -9.35841165e-03 -1.69092882e-03 3.79523914e-03 3.35951615e-03 7.25972094e-03 1.26250992e-02 6.72419462e-03 -1.20518543e-03 -3.50032281e-03 -6.23179041e-03 -1.55383172e-02 -1.73180681e-02 -8.37360602e-03 -3.72933224e-04 1.71076879e-03 2.89957784e-03 2.47371569e-03 1.07605197e-03 3.23789194e-03 2.61850283e-03 -3.56280245e-03 -3.20150144e-03 7.65954889e-03 2.76024602e-02 1.55773945e-02 -1.70478243e-02 -1.92952119e-02 -1.70740485e-02 -1.75744984e-02 -2.00346466e-02 -1.95800755e-02 -1.39035117e-02 -1.06784143e-02 -1.27846785e-02 -1.91012844e-02 -1.99185684e-02 -1.50416456e-02 -1.33609939e-02 -1.19548962e-02 -1.48376580e-02 -1.69929229e-02 -1.58324819e-02 -1.46871842e-02 -1.05589088e-02 -8.85691307e-03 -1.32135898e-02 -1.65097974e-02 -1.55783733e-02 -1.50848739e-02 -1.27671529e-02 -7.59538449e-03 -7.73829408e-03 -1.18446853e-02 -1.79768037e-02 -2.02248618e-02 -1.53098926e-02 -1.26027334e-02 -1.94050148e-02 -1.72617733e-02 -9.37892497e-03 -9.90685262e-03 -1.19000282e-02 -1.59171131e-02 -2.05850229e-02 -2.08303723e-02 -1.93720832e-02 -1.63716637e-02 -1.15856305e-02 -1.36757214e-02 -1.59318168e-02 -1.39551647e-02 -1.37285814e-02 -1.33599844e-02 -8.45487043e-03 -1.06210876e-02 -1.57346763e-02 -1.30080115e-02 -9.29144211e-03 -4.94176708e-03 -7.42105395e-03 -8.31140578e-03 -3.97882983e-03 -1.60920247e-03 -2.99601909e-03
-1.24597419e-02 -4.43387032e-03 -2.89361924e-03 -6.47480972e-03 -1.16361100e-02 -1.45107694e-02 -1.13252457e-02 -9.82847251e-03 -1.07956827e-02 -1.26051418e-02 -1.51396468e-02 -1.48373879e-02 -1.24545265e-02 -1.17032733e-02 -1.23052914e-02 -1.11618396e-02 -1.08715259e-02 -1.17324628e-02 -9.50061902e-03 -1.00298170e-02 -1.00889187e-02 -9.18945670e-03 -1.23861451e-02 -1.27619896e-02 -9.80829634e-03 -1.01548601e-02 -1.04004107e-02 -1.19666662e-02 -1.50354244e-02 -1.19134784e-02 -7.97289982e-03 -9.22895223e-03 -9.85614676e-03 -8.37259367e-03 -6.85424171e-03 -7.31437095e-03 -1.03130098e-02 -1.37225650e-02 -1.68913100e-02 -1.74912736e-02 -1.52385123e-02 -1.25700235e-02 -1.28529314e-02 -1.87732577e-02 -1.63330156e-02 -1.37193054e-02 -1.72445104e-02 -2.34180372e-02 -2.58600637e-02 -1.58131681e-02 -1.39132924e-02 -1.31171271e-02 -1.23296753e-02 -1.60020720e-02 -1.45863481e-02 -1.13913901e-02 -1.02321710e-02 -9.82302241e-03 -1.05680451e-02 -1.39321871e-02 -1.76176522e-02 -1.95663255e-02 -1.62523240e-02 -1.14892330e-02 -9.13544558e-03 -2.09727958e-02 -5.29158115e-02 -5.86689934e-02 -2.44505629e-02 -4.60958108e-03 -1.53550208e-02 -2.27528028e-02 -2.06516162e-02 -1.34158563e-02 -1.18376743e-02 -1.85536016e-02 -2.45336965e-02 -2.95075160e-02 -2.93802936e-02 -2.44347397e-02 -2.47166418e-02 -2.69644335e-02 -2.70892419e-02 -2.57063247e-02 -2.46354602e-02 -2.42090840e-02 -2.33711135e-02 -2.01904010e-02 -1.79601647e-02 -1.63844414e-02 -1.60613433e-02 -1.52976848e-02 -1.50036151e-02 -1.52652189e-02 -1.42582953e-02 -7.80892000e-03 4.88966703e-04 3.20255198e-03 -1.31190754e-03 -6.22330420e-03 -6.24566711e-03 -6.82465546e-03 -1.04426751e-02 -1.02344081e-02 -1.27868727e-02 -1.87893454e-02 -2.42892187e-02 -2.23000646e-02 -1.54283382e-02 -1.31965298e-02 -1.71329696e-02 -1.97935570e-02 -1.25426929e-02 -6.83339499e-03 -8.81138630e-03 -1.18221799e-02 -9.30610951e-03 -8.92231241e-04 6.56274054e-03 8.40573292e-03 1.12340525e-02 1.41021600e-02 8.34214780e-03 -1.11203268e-03 -3.96992359e-03 -6.13989914e-03 -1.37091083e-02 -1.54801318e-02 -9.53875482e-03 -2.12293491e-03 2.38034502e-03 5.60442358e-03 4.32955846e-03 -1.44492835e-04 2.77041644e-03 6.27683848e-03 3.73011455e-04 -3.60494107e-03 3.83367576e-03 2.24101990e-02 1.60685740e-02 -1.24158934e-02 -1.74060129e-02 -1.62640940e-02 -1.61481891e-02 -1.94439385e-02 -1.95930228e-02 -1.50308553e-02 -1.34825185e-02 -1.81699060e-02 -2.25137472e-02 -2.10952200e-02 -1.61803048e-02 -1.36157516e-02 -9.80479456e-03 -1.11265145e-02 -1.59298982e-02 -1.71561055e-02 -1.62341800e-02 -1.12353917e-02 -8.67670961e-03 -1.34365633e-02 -1.50674433e-02 -1.38525292e-02 -1.28132682e-02 -1.14727803e-02 -8.58980604e-03 -8.27957690e-03 -1.28834024e-02 -1.92611944e-02 -2.05652155e-02 -1.69085916e-02 -1.42645426e-02 -2.07841992e-02 -1.83624029e-02 -1.12858061e-02 -9.76903364e-03 -9.54698585e-03 -1.48385726e-02 -2.05324590e-02 -2.09737308e-02 -1.95095632e-02 -1.54507458e-02 -9.15112346e-03 -1.29696932e-02 -1.84285883e-02 -1.69490166e-02 -1.58279277e-02 -1.45621318e-02 -7.61101022e-03 -6.91520423e-03 -1.50586851e-02 -1.44622400e-02 -1.05928183e-02 -5.49237616e-03 -6.21513743e-03 -7.83452950e-03 -4.75787837e-03 -2.25067791e-03 -3.22030252e-03
-1.30965980e-02 -5.77123370e-03 -6.62454683e-03 -8.65206774e-03 -9.91292112e-03 -1.07398815e-02 -9.97011736e-03 -1.00720618e-02 -1.10270195e-02 -1.18373837e-02 -1.66192371e-02 -1.50020998e-02 -1.19693466e-02 -1.18207019e-02 -1.27047319e-02 -1.18889287e-02 -1.07007790e-02 -1.10835265e-02 -9.85186361e-03 -9.96545143e-03 -9.72994789e-03 -9.64366831e-03 -1.23896506e-02 -1.13280416e-02 -8.44766200e-03 -9.02313925e-03 -1.02131646e-02 -1.34418178e-02 -1.57685634e-02 -1.09718908e-02 -7.35063106e-03 -9.48978774e-03 -1.02217011e-02 -9.49693844e-03 -9.03580710e-03 -6.69933856e-03 -8.05350579e-03 -1.36872884e-02 -1.76945366e-02 -1.83109920e-02 -1.64009091e-02 -9.77020152e-03 -8.15583393e-03 -1.79757122e-02 -1.76922735e-02 -1.72995329e-02 -2.02539731e-02 -2.29881648e-02 -2.73959078e-02 -2.17361264e-02 -1.50972120e-02 -7.82697648e-03 -3.86503711e-03 -1.10940449e-02 -1.44070033e-02 -1.18857957e-02 -1.08595248e-02 -1.11563299e-02 -1.27431639e-02 -1.50632933e-02 -1.85775030e-02 -2.10168809e-02 -1.65152363e-02 -8.69725086e-03 -5.66388294e-03 -2.22957395e-02 -5.97416461e-02 -5.76679111e-02 -2.00179517e-02 -6.34510070e-04 -1.33801289e-02 -2.47021727e-02 -2.68045031e-02 -1.97796058e-02 -1.50196776e-02 -1.95375532e-02 -2.71112416e-02 -3.20096388e-02 -3.03411465e-02 -2.35316120e-02 -2.04404164e-02 -2.03811321e-02 -2.14489233e-02 -2.37143189e-02 -2.45752838e-02 -2.19333153e-02 -1.91006847e-02 -1.94812939e-02 -2.22105328e-02 -2.25315932e-02 -1.86373908e-02 -1.41579863e-02 -1.39592588e-02 -1.44175431e-02 -1.43470988e-02 -1.12012429e-02 -3.30865383e-03 1.68201886e-03 -1.72505155e-04 -4.17196751e-03 -7.75570981e-03 -7.61702470e-03 -9.48802009e-03 -8.77492689e-03 -8.77567194e-03 -1.64378099e-02 -2.42107082e-02 -2.39023939e-02 -1.74605772e-02 -1.28415469e-02 -1.48243438e-02 -1.97427068e-02 -1.31225269e-02 -5.48409671e-03 -7.83222727e-03 -1.19815953e-02 -1.02588041e-02 1.79000199e-06 1.10444501e-02 1.21416049e-02 9.08997096e-03 1.05512878e-02 8.79326556e-03 8.00574198e-05 -6.92695333e-03 -8.60697962e-03 -1.31053682e-02 -1.46903498e-02 -1.06442356e-02 -3.74407880e-03 3.76912206e-03 6.89093582e-03 4.35215235e-03 -2.64549814e-03 -1.02247670e-03 6.21625967e-03 4.36850451e-03 -6.47027045e-04 2.44453363e-03 1.82144213e-02 1.44976694e-02 -1.14973038e-02 -1.92083567e-02 -1.90123450e-02 -1.61704477e-02 -1.55957770e-02 -1.40958633e-02 -1.30116865e-02 -1.61323175e-02 -2.19786186e-02 -2.45923642e-02 -2.13776436e-02 -1.80620346e-02 -1.53367333e-02 -1.23486686e-02 -1.06208771e-02 -1.37366802e-02 -1.58314575e-02 -1.37725845e-02 -9.23922844e-03 -1.04559790e-02 -1.43719539e-02 -1.42071564e-02 -1.14328153e-02 -1.26342233e-02 -1.26365758e-02 -1.15287453e-02 -9.16849263e-03 -1.00451671e-02 -1.72378086e-02 -2.06787046e-02 -1.80073064e-02 -1.41006950e-02 -1.79978665e-02 -1.58477388e-02 -1.01608410e-02 -1.14005022e-02 -9.16268863e-03 -1.17662586e-02 -1.94468331e-02 -1.93647258e-02 -1.87453274e-02 -1.58169102e-02 -1.07464641e-02 -1.43097918e-02 -2.12220829e-02 -1.84916127e-02 -1.52627677e-02 -1.54857785e-02 -1.20518133e-02 -9.47309099e-03 -1.24033540e-02 -1.24038160e-02 -1.11538563e-02 -6.65072910e-03 -6.08761795e-03 -6.46786299e-03 -3.83907277e-03 -1.97336730e-03 -3.13550606e-03
-1.25649348e-02 -5.35433367e-03 -7.07951095e-03 -8.19837674e-03 -7.96946697e-03 -8.73836502e-03 -9.80224274e-03 -1.14968475e-02 -1.30430758e-02 -1.12751499e-02 -1.53896995e-02 -1.54645890e-02 -1.17412098e-02 -1.14009101e-02 -1.10411290e-02 -1.02118161e-02 -9.72133689e-03 -1.06345024e-02 -8.62696767e-03 -8.14945623e-03 -9.14195180e-03 -9.68763046e-03 -1.01490971e-02 -8.67885537e-03 -7.64958933e-03 -9.28653777e-03 -1.19495336e-02 -1.51495915e-02 -1.61327645e-02 -1.22149065e-02 -8.96570645e-03 -9.95896012e-03 -9.77523625e-03 -1.00988615e-02 -1.19177848e-02 -1.17004663e-02 -9.99389030e-03 -1.18985865e-02 -1.46227889e-02 -1.64535064e-02 -1.61394496e-02 -9.98690352e-03 -7.52371550e-03 -1.50101520e-02 -1.67191494e-02 -1.78767871e-02 -2.02394128e-02 -2.13208180e-02 -2.34818961e-02 -1.78850256e-02 -1.47898085e-02 -1.21753626e-02 -9.71994363e-03 -1.35518480e-02 -1.48672070e-02 -1.20368507e-02 -1.35883614e-02 -1.66028384e-02 -1.66619644e-02 -1.56410821e-02 -1.66521780e-02 -1.91305131e-02 -1.51033979e-02 -7.44075701e-03 -4.64042276e-03 -2.83265486e-02 -6.46660775e-02 -5.19037805e-02 -1.41725270e-02 -4.62013856e-03 -1.71237774e-02 -2.44647637e-02 -2.38139983e-02 -1.90131534e-02 -1.98499523e-02 -2.53169648e-02 -2.87842527e-02 -3.11211757e-02 -2.97882278e-02 -2.50824429e-02 -2.21217927e-02 -1.82666536e-02 -1.48567706e-02 -1.83856562e-02 -2.32885666e-02 -2.14956794e-02 -1.63000841e-02 -1.79320108e-02 -2.48064771e-02 -2.72917356e-02 -2.00927462e-02 -1.31176952e-02 -1.30938310e-02 -1.32047758e-02 -1.25519140e-02 -1.10067045e-02 -5.42043243e-03 -6.69192523e-04 -1.69022009e-03 -4.45408188e-03 -7.92672485e-03 -8.52163136e-03 -9.42986831e-03 -9.09300335e-03 -8.74484889e-03 -1.60617847e-02 -2.29866784e-02 -2.22564973e-02 -1.82385556e-02 -1.42061710e-02 -1.72086991e-02 -1.90612618e-02 -1.28442254e-02 -6.12576120e-03 -6.57139905e-03 -9.98388790e-03 -9.32989735e-03 -9.42170620e-04 9.14984941e-03 1.09791402e-02 5.93143702e-03 7.38458708e-03 9.89684276e-03 3.50380968e-03 -6.64161332e-03 -1.07620563e-02 -1.36256507e-02 -1.46703692e-02 -1.12071317e-02 -3.35789099e-03 4.79730777e-03 6.46570325e-03 2.47003697e-03 -2.92737409e-03 -2.50689499e-03 2.89215520e-03 3.48011218e-03 1.39583647e-03 3.25010158e-03 1.79669317e-02 1.56284627e-02 -1.16747823e-02 -2.02731825e-02 -1.81310289e-02 -1.61239412e-02 -1.24185830e-02 -1.02689452e-02 -1.44418702e-02 -2.07904316e-02 -2.26075687e-02 -2.25445740e-02 -1.88239831e-02 -1.60917230e-02 -1.44344792e-02 -1.34335794e-02 -1.26873516e-02 -1.36454608e-02 -1.42593738e-02 -1.21335369e-02 -8.94757174e-03 -1.19029041e-02 -1.58280898e-02 -1.39163379e-02 -1.00752693e-02 -1.10004712e-02 -1.28075089e-02 -1.46322157e-02 -1.41788255e-02 -1.28990673e-02 -1.63510814e-02 -1.92265045e-02 -1.70121845e-02 -1.23168677e-02 -1.40433349e-02 -1.19264126e-02 -9.02970880e-03 -1.25684813e-02 -9.98319872e-03 -9.04722884e-03 -1.86678618e-02 -2.14597937e-02 -1.99037045e-02 -1.69373062e-02 -1.39582362e-02 -1.42253265e-02 -2.01029480e-02 -1.86136160e-02 -1.41448081e-02 -1.30374711e-02 -1.11381486e-02 -1.13214739e-02 -1.25514306e-02 -1.20480694e-02 -1.02638025e-02 -7.72242434e-03 -8.29153880e-03 -6.66286331e-03 -3.14801093e-03 -1.57483667e-03 -3.35132563e-03
-1.22897215e-02 -6.43789861e-03 -8.93099234e-03 -8.28195736e-03 -7.62131996e-03 -8.95922817e-03 -1.12481918e-02 -1.35328379e-02 -1.52871776e-02 -1.26831979e-02 -1.39713883e-02 -1.46392044e-02 -1.23942830e-02 -1.13330819e-02 -1.01136006e-02 -8.24775547e-03 -8.13072920e-03 -9.39081796e-03 -7.30106048e-03 -7.16165639e-03 -9.28485021e-03 -1.04759075e-02 -8.87200795e-03 -6.40686788e-03 -6.70189597e-03 -9.33440402e-03 -1.15395132e-02 -1.34424288e-02 -1.41445696e-02 -1.14511289e-02 -9.49994847e-03 -9.89307091e-03 -9.68020037e-03 -1.03135835e-02 -1.37104020e-02 -1.51625965e-02 -1.30458549e-02 -1.21135749e-02 -1.28474012e-02 -1.50891524e-02 -1.60319507e-02 -1.13313738e-02 -1.04668774e-02 -1.39293466e-02 -1.51664671e-02 -1.68519076e-02 -1.51538309e-02 -1.58611182e-02 -2.01013219e-02 -1.52193513e-02 -1.23532191e-02 -1.30387899e-02 -1.35958679e-02 -1.44173782e-02 -1.26133859e-02 -1.09946821e-02 -1.45381372e-02 -1.78954732e-02 -1.85512789e-02 -1.69783067e-02 -1.53163187e-02 -1.52357500e-02 -1.30104348e-02 -9.00958851e-03 -8.52077454e-03 -3.59216854e-02 -6.24692105e-02 -4.10836302e-02 -1.05322544e-02 -1.19332243e-02 -2.27880180e-02 -2.21004877e-02 -1.90797076e-02 -1.77179519e-02 -2.22917832e-02 -2.97892299e-02 -3.11927907e-02 -2.84812525e-02 -2.80814283e-02 -2.74876803e-02 -2.53379047e-02 -1.84833948e-02 -1.37825347e-02 -1.69386454e-02 -2.10396312e-02 -1.89312808e-02 -1.48020145e-02 -1.71094611e-02 -2.16173120e-02 -2.40234472e-02 -2.25786492e-02 -1.83114521e-02 -1.57924574e-02 -1.18860416e-02 -9.37308930e-03 -9.54686012e-03 -6.84584584e-03 -5.50336670e-03 -6.85455371e-03 -5.49288653e-03 -5.42452931e-03 -8.27238150e-03 -1.22146234e-02 -1.35959219e-02 -1.22119058e-02 -1.58502404e-02 -2.02325042e-02 -2.10743546e-02 -2.04653740e-02 -1.91015266e-02 -1.94189474e-02 -1.62500106e-02 -7.51696154e-03 -4.82011214e-03 -5.94534725e-03 -7.26083107e-03 -8.19468684e-03 -5.54581545e-03 3.36049311e-03 8.73258989e-03 6.02866616e-03 4.83077951e-03 6.59464579e-03 3.45904101e-03 -3.65224481e-03 -7.92137720e-03 -1.11023840e-02 -1.35586336e-02 -1.23197325e-02 -8.21052119e-04 7.65367597e-03 3.81336175e-03 -3.62047367e-03 -3.62574309e-03 -3.14970687e-03 -1.47578865e-03 1.94478966e-03 4.29131463e-03 6.47283718e-03 2.15100441e-02 1.95493456e-02 -1.10214129e-02 -2.40758937e-02 -1.88259631e-02 -1.71145052e-02 -1.18682012e-02 -8.71036574e-03 -1.42495297e-02 -2.12376751e-02 -2.17348132e-02 -1.96506958e-02 -1.58631653e-02 -1.22320205e-02 -1.16914604e-02 -1.35403238e-02 -1.59585923e-02 -1.64784621e-02 -1.49901379e-02 -1.14398990e-02 -1.04412362e-02 -1.30150449e-02 -1.43091306e-02 -1.25613194e-02 -1.13582071e-02 -1.22164041e-02 -1.28645841e-02 -1.42541267e-02 -1.52332317e-02 -1.43257510e-02 -1.49709936e-02 -1.46820676e-02 -1.30068175e-02 -1.15755834e-02 -1.22799240e-02 -1.13335047e-02 -9.35172103e-03 -1.19789205e-02 -1.19097438e-02 -1.13304406e-02 -2.06534825e-02 -2.01754197e-02 -1.83866769e-02 -1.68729350e-02 -1.51310898e-02 -1.35935619e-02 -1.60780586e-02 -1.68130752e-02 -1.41866449e-02 -1.20993871e-02 -1.10737104e-02 -1.35744624e-02 -1.55293401e-02 -1.15768053e-02 -8.37685727e-03 -7.78055936e-03 -9.03896056e-03 -7.45315291e-03 -2.98905745e-03 -7.90804625e-04 -2.52048578e-03
-1.20496787e-02 -6.65080454e-03 -9.74955317e-03 -9.18967091e-03 -8.82033259e-03 -9.98294726e-03 -1.12959091e-02 -1.41928811e-02 -1.69938877e-02 -1.49075519e-02 -1.39220264e-02 -1.40445698e-02 -1.44067314e-02 -1.24454722e-02 -9.80820321e-03 -6.90880977e-03 -6.32746704e-03 -8.57859477e-03 -7.03355111e-03 -6.72305003e-03 -8.92073475e-03 -1.04937665e-02 -1.00400820e-02 -7.22995773e-03 -7.04161264e-03 -8.82194564e-03 -9.22388211e-03 -1.06563643e-02 -1.25185754e-02 -1.27975903e-02 -1.06597487e-02 -1.03029087e-02 -1.00061949e-02 -1.11335348e-02 -1.39035992e-02 -1.56243965e-02 -1.39133595e-02 -1.27856899e-02 -1.30754299e-02 -1.24116074e-02 -1.57094486e-02 -1.36434063e-02 -1.24551058e-02 -1.38178412e-02 -1.15930457e-02 -1.64021645e-02 -1.51968524e-02 -1.24151874e-02 -1.39575284e-02 -1.15474947e-02 -1.18012913e-02 -1.48364156e-02 -1.56662278e-02 -1.47792436e-02 -1.35986619e-02 -1.27721783e-02 -1.57562103e-02 -1.80608276e-02 -1.80210564e-02 -1.67889986e-02 -1.29536763e-02 -1.20256823e-02 -1.22713894e-02 -9.79711860e-03 -1.01519357e-02 -3.91003788e-02 -5.58859035e-02 -3.23039591e-02 -1.09981261e-02 -2.13836618e-02 -2.83505134e-02 -2.04977263e-02 -1.66203100e-02 -1.79582816e-02 -2.50918940e-02 -3.33212949e-02 -3.25278267e-02 -2.60247942e-02 -2.42250133e-02 -2.83311941e-02 -2.82713622e-02 -2.12994777e-02 -1.57425813e-02 -1.73541512e-02 -1.75963696e-02 -1.60809215e-02 -1.37845911e-02 -1.50832012e-02 -1.70972217e-02 -2.01555956e-02 -2.37174705e-02 -2.27542743e-02 -1.89703479e-02 -1.49895586e-02 -1.02414023e-02 -8.16359930e-03 -6.67504407e-03 -8.35625641e-03 -1.16942432e-02 -8.72280076e-03 -5.79970516e-03 -8.24790634e-03 -1.29156541e-02 -1.49713159e-02 -1.37682837e-02 -1.43486168e-02 -1.75940599e-02 -2.09305715e-02 -2.30179280e-02 -2.17645001e-02 -1.96523517e-02 -1.38535444e-02 -4.28307243e-03 -3.23766470e-03 -6.38752431e-03 -7.50268437e-03 -9.08637606e-03 -6.82255439e-03 -2.90239230e-04 5.69268502e-03 7.87063595e-03 5.39131463e-03 2.29436159e-03 9.70733352e-04 -1.09092705e-03 -2.57746503e-03 -5.55008836e-03 -1.05610210e-02 -1.17750959e-02 1.82853267e-03 8.36478546e-03 2.81470083e-03 -5.04366681e-03 -2.02231295e-03 -3.44515033e-03 -4.13395464e-03 -4.31459397e-04 4.25859913e-03 6.37189858e-03 2.39587575e-02 2.65020765e-02 -9.41969641e-03 -2.84394771e-02 -2.35072747e-02 -1.81616116e-02 -1.10455267e-02 -6.14102930e-03 -1.06875263e-02 -1.72304325e-02 -1.81078278e-02 -1.49045102e-02 -1.15775019e-02 -8.65064561e-03 -9.86470841e-03 -1.27888024e-02 -1.53243579e-02 -1.81415137e-02 -1.79606155e-02 -1.49490628e-02 -1.21448208e-02 -1.03100184e-02 -1.22520663e-02 -1.46421399e-02 -1.50298830e-02 -1.38198435e-02 -1.08136237e-02 -1.18591711e-02 -1.37573089e-02 -1.40510388e-02 -1.39294323e-02 -1.45651586e-02 -1.35500506e-02 -1.21773854e-02 -1.34069640e-02 -1.27926376e-02 -1.06025524e-02 -1.06775761e-02 -1.12903155e-02 -1.21508334e-02 -2.16325577e-02 -2.33443119e-02 -1.83252338e-02 -1.50357056e-02 -1.31242834e-02 -1.11851841e-02 -1.31634716e-02 -1.42999701e-02 -1.45230331e-02 -1.29908379e-02 -1.19336676e-02 -1.59593485e-02 -1.83211192e-02 -1.41298734e-02 -8.20733793e-03 -7.37753324e-03 -8.78284127e-03 -7.61111919e-03 -3.42381466e-03 -2.87203118e-04 -1.98240019e-03
-1.18073113e-02 -6.35027606e-03 -1.05071375e-02 -1.08577190e-02 -1.18600754e-02 -1.22526139e-02 -8.93989392e-03 -1.02789849e-02 -1.55845694e-02 -1.60389915e-02 -1.36362277e-02 -1.55258216e-02 -1.58361848e-02 -1.35136601e-02 -9.48233530e-03 -6.61749952e-03 -5.44631109e-03 -7.93935917e-03 -6.32314943e-03 -6.66273758e-03 -8.69156048e-03 -1.02735553e-02 -1.05573060e-02 -8.92015360e-03 -7.75388069e-03 -8.62721168e-03 -8.60164687e-03 -9.84103046e-03 -1.23418029e-02 -1.29435062e-02 -1.09763090e-02 -1.06725972e-02 -1.09883621e-02 -1.26258843e-02 -1.31297689e-02 -1.18931569e-02 -1.19309369e-02 -1.39936227e-02 -1.51995178e-02 -1.24993231e-02 -1.32058579e-02 -1.34298801e-02 -1.56847611e-02 -1.58794913e-02 -1.16777141e-02 -1.52935199e-02 -1.72265805e-02 -1.09643564e-02 -7.25597888e-03 -8.67286325e-03 -1.20743588e-02 -1.55214835e-02 -1.64317433e-02 -1.58587638e-02 -1.46691483e-02 -1.40850674e-02 -1.57493521e-02 -1.70829967e-02 -1.69745181e-02 -1.58971660e-02 -1.31914429e-02 -1.26956832e-02 -1.26156118e-02 -8.76448117e-03 -9.49288160e-03 -3.82877775e-02 -5.05988672e-02 -3.00318208e-02 -1.50480103e-02 -2.42364071e-02 -2.88603306e-02 -1.78633742e-02 -1.70016401e-02 -2.67152488e-02 -3.22657898e-02 -3.28640640e-02 -2.87767332e-02 -2.38905065e-02 -2.35303491e-02 -2.71757580e-02 -2.62109507e-02 -2.19735894e-02 -1.86540913e-02 -1.90083794e-02 -1.76890921e-02 -1.66082159e-02 -1.49468910e-02 -1.31507665e-02 -1.24889761e-02 -1.42986644e-02 -2.00878587e-02 -2.29295939e-02 -2.13962197e-02 -1.91403367e-02 -1.46583291e-02 -7.96243362e-03 -4.27283719e-03 -7.69627467e-03 -1.39274048e-02 -1.19875204e-02 -7.44454563e-03 -8.05005804e-03 -1.16887745e-02 -1.40951015e-02 -1.31354164e-02 -1.11201890e-02 -1.38769727e-02 -2.06341725e-02 -2.40382571e-02 -2.28425097e-02 -2.00719200e-02 -1.47698466e-02 -6.31116517e-03 -5.69461845e-03 -8.69246945e-03 -8.64727981e-03 -5.88133372e-03 -3.73384543e-03 -3.10919620e-03 3.37036327e-04 7.41928071e-03 6.46290369e-03 -1.32913888e-03 -2.42470298e-03 -5.99543564e-04 9.96310264e-05 -1.24327280e-03 -8.19019973e-03 -1.22154672e-02 2.13942863e-03 8.51967745e-03 3.62688303e-03 -3.23651358e-03 -1.27357803e-03 -5.89536969e-03 -9.45940986e-03 -4.16237116e-03 3.11380439e-03 6.12048805e-03 2.54141297e-02 3.43471505e-02 -4.28386033e-03 -3.17724124e-02 -2.73911916e-02 -2.04857104e-02 -1.36044510e-02 -8.62263888e-03 -9.57573205e-03 -1.07286051e-02 -1.01959109e-02 -8.90472904e-03 -8.22094083e-03 -1.11233220e-02 -1.24142207e-02 -1.21757463e-02 -1.34670716e-02 -1.66274365e-02 -1.87379569e-02 -1.65457260e-02 -1.34541020e-02 -9.73593257e-03 -1.08623244e-02 -1.45973247e-02 -1.64617337e-02 -1.33363027e-02 -9.39729623e-03 -1.12921409e-02 -1.35186706e-02 -1.30178165e-02 -1.23665836e-02 -1.25894211e-02 -1.21984333e-02 -1.20029915e-02 -1.36043429e-02 -1.55026410e-02 -1.31825488e-02 -1.15379617e-02 -1.31866783e-02 -1.45317689e-02 -2.14588363e-02 -1.93861350e-02 -1.49991792e-02 -1.27328001e-02 -1.49020292e-02 -1.49599910e-02 -1.30719803e-02 -1.15687922e-02 -1.31576024e-02 -1.47528257e-02 -1.65021792e-02 -1.70876272e-02 -1.77760106e-02 -1.41228475e-02 -7.48115219e-03 -6.47927076e-03 -8.79082642e-03 -7.28586130e-03 -3.46214697e-03 -3.86742875e-04 -2.09461246e-03
-1.13313412e-02 -5.48792537e-03 -1.05599547e-02 -1.18145803e-02 -1.22760534e-02 -1.18904430e-02 -8.29799660e-03 -9.24681313e-03 -1.30409747e-02 -1.46390107e-02 -1.53686088e-02 -1.76956523e-02 -1.80272907e-02 -1.48167945e-02 -1.05965380e-02 -7.60534219e-03 -5.35081886e-03 -6.50744140e-03 -5.43398783e-03 -6.37490302e-03 -9.66674928e-03 -1.04702311e-02 -9.51143540e-03 -9.91012529e-03 -8.93871859e-03 -8.64445791e-03 -9.39437188e-03 -9.33405757e-03 -1.16713084e-02 -1.45662008e-02 -1.35906059e-02 -1.28472466e-02 -1.16205979e-02 -1.17926951e-02 -1.18768346e-02 -9.47431475e-03 -1.00554433e-02 -1.36879105e-02 -1.44467745e-02 -1.22589301e-02 -1.25685241e-02 -1.28300246e-02 -1.65593587e-02 -1.94508415e-02 -1.47881173e-02 -1.33662317e-02 -1.51791163e-02 -9.32030380e-03 -6.52457774e-03 -7.10012391e-03 -1.28157195e-02 -1.43996384e-02 -1.48808025e-02 -1.55691020e-02 -1.47884097e-02 -1.32635850e-02 -1.51849892e-02 -1.53116658e-02 -1.47285219e-02 -1.55914351e-02 -1.34325232e-02 -1.26832370e-02 -1.21435728e-02 -8.24278593e-03 -8.43311660e-03 -3.73079851e-02 -4.91466150e-02 -3.25769484e-02 -1.81188323e-02 -2.35325173e-02 -2.54373699e-02 -1.47297177e-02 -1.37466062e-02 -2.65381802e-02 -3.48601416e-02 -3.07858977e-02 -2.41980590e-02 -2.26211715e-02 -2.33331118e-02 -2.84481607e-02 -2.58814096e-02 -2.20804065e-02 -1.99710112e-02 -1.92020759e-02 -1.68562699e-02 -1.51276402e-02 -1.48779787e-02 -1.63506437e-02 -1.64797921e-02 -1.40128005e-02 -1.54481623e-02 -1.97800510e-02 -2.30973102e-02 -2.20035855e-02 -1.82102211e-02 -1.00176949e-02 -4.14977409e-03 -6.38307817e-03 -1.38655938e-02 -1.51223373e-02 -1.17335897e-02 -1.07239727e-02 -1.20168831e-02 -1.31699424e-02 -1.19949132e-02 -9.47716460e-03 -9.68024880e-03 -1.66559462e-02 -2.34820880e-02 -2.45765373e-02 -2.01940928e-02 -1.51260477e-02 -9.42271575e-03 -7.79425725e-03 -1.07765980e-02 -9.63426195e-03 -3.15610692e-03 2.94726342e-04 -4.88163717e-03 -8.69030599e-03 1.71633344e-03 5.09276520e-03 -2.69942079e-03 -3.71130742e-03 -1.42015424e-03 -1.74205843e-03 -2.20426451e-03 -6.51373621e-03 -8.69960897e-03 3.26217897e-03 6.04860857e-03 3.68944928e-03 1.34261325e-04 5.56236133e-04 -4.40710690e-03 -8.68182071e-03 -5.29903173e-03 3.31038609e-04 2.07559392e-03 2.34364495e-02 3.79360951e-02 -3.20468098e-04 -3.26931104e-02 -3.09090726e-02 -2.32783221e-02 -1.63290575e-02 -1.22992657e-02 -8.28839466e-03 -5.45947999e-03 -7.26149976e-03 -8.46628100e-03 -1.19884200e-02 -1.56961512e-02 -1.37942825e-02 -1.02170426e-02 -8.97259824e-03 -1.30040590e-02 -1.91355515e-02 -1.96030885e-02 -1.71246491e-02 -1.22565851e-02 -1.12574100e-02 -1.42208096e-02 -1.59903802e-02 -1.33136138e-02 -1.00699645e-02 -1.27471611e-02 -1.43013261e-02 -1.22603606e-02 -1.03739370e-02 -1.09030027e-02 -1.31782200e-02 -1.38810351e-02 -1.30061843e-02 -1.33168381e-02 -1.30663905e-02 -1.45032573e-02 -1.60171259e-02 -1.34709720e-02 -1.62941571e-02 -1.48817282e-02 -1.48083288e-02 -1.45944413e-02 -1.65231880e-02 -1.65752470e-02 -1.32727809e-02 -1.15260072e-02 -1.15391221e-02 -1.26711316e-02 -1.44305881e-02 -1.45200174e-02 -1.71575174e-02 -1.41366553e-02 -6.67480752e-03 -6.30849041e-03 -8.19969829e-03 -5.99861890e-03 -2.02657469e-03 -1.59766525e-04 -2.58183060e-03
-1.17967855e-02 -4.91735991e-03 -9.65976622e-03 -1.10741258e-02 -1.16219055e-02 -1.13376435e-02 -1.06701329e-02 -1.02127995e-02 -1.13907680e-02 -1.29707977e-02 -1.53428260e-02 -1.79564208e-02 -1.87210105e-02 -1.63203292e-02 -1.23870037e-02 -1.04065984e-02 -6.23500533e-03 -6.55769370e-03 -6.39107637e-03 -7.91681185e-03 -9.90324281e-03 -9.60860029e-03 -7.59351067e-03 -8.40777345e-03 -9.02060047e-03 -8.55188444e-03 -9.55378264e-03 -1.08207911e-02 -1.27506088e-02 -1.42561430e-02 -1.31947640e-02 -1.28513724e-02 -1.30712520e-02 -1.21965688e-02 -1.19798537e-02 -7.60907680e-03 -7.77747668e-03 -1.14517212e-02 -1.28539875e-02 -1.26822591e-02 -1.25853531e-02 -1.20331328e-02 -1.73149165e-02 -1.92656983e-02 -1.62624139e-02 -1.21837258e-02 -1.45518724e-02 -1.08108595e-02 -1.03605986e-02 -1.12885684e-02 -1.36394929e-02 -1.27658974e-02 -1.44530963e-02 -1.62410047e-02 -1.58108752e-02 -1.59137659e-02 -1.88988764e-02 -1.93124264e-02 -1.71746835e-02 -1.59251019e-02 -1.39236245e-02 -1.30757149e-02 -1.21980682e-02 -6.96261786e-03 -6.50793500e-03 -3.53982374e-02 -4.85114940e-02 -3.44576985e-02 -1.84882805e-02 -2.14696266e-02 -2.50520241e-02 -1.57871936e-02 -9.65319760e-03 -2.05536056e-02 -3.10997032e-02 -2.87474934e-02 -2.33155955e-02 -2.22112872e-02 -2.52072439e-02 -2.91170962e-02 -2.64267139e-02 -2.35971697e-02 -2.13596784e-02 -1.83262806e-02 -1.41822957e-02 -1.36675648e-02 -1.47770066e-02 -1.75733976e-02 -2.03776155e-02 -1.73667986e-02 -1.93254650e-02 -1.94301885e-02 -2.03384198e-02 -2.01693475e-02 -1.76636837e-02 -1.15891527e-02 -6.97609410e-03 -7.52331689e-03 -1.39172785e-02 -1.67705547e-02 -1.49072800e-02 -1.38970278e-02 -1.34190731e-02 -1.31130554e-02 -1.21211298e-02 -9.61579010e-03 -8.43998604e-03 -1.24675538e-02 -2.18027923e-02 -2.40441300e-02 -1.93338469e-02 -1.50244851e-02 -1.07262097e-02 -8.39428045e-03 -1.23219565e-02 -1.14771463e-02 -2.26636603e-03 3.74240614e-03 -2.50657089e-03 -1.13734305e-02 -4.34350967e-03 1.58239994e-03 -3.07857152e-03 -3.37703805e-03 -2.73144897e-03 -3.66725028e-03 -7.62893818e-04 -1.35217980e-03 -5.24547510e-03 8.64764675e-04 2.81388871e-03 8.36158171e-04 1.52772479e-03 3.14233825e-03 1.03682093e-03 -4.03806008e-03 -6.05790876e-03 -2.84667872e-03 1.51001476e-03 1.87037475e-02 2.75635496e-02 -2.98881903e-03 -2.98232734e-02 -2.95542888e-02 -2.34794933e-02 -1.67368203e-02 -1.13915876e-02 -7.25616515e-03 -6.41990453e-03 -1.09525435e-02 -1.33848414e-02 -1.60027649e-02 -1.80693958e-02 -1.60111915e-02 -1.31771192e-02 -1.05434638e-02 -1.21279191e-02 -1.83123145e-02 -2.01974455e-02 -1.72082074e-02 -1.36081912e-02 -1.32834259e-02 -1.44866761e-02 -1.58101413e-02 -1.45745985e-02 -1.26342494e-02 -1.34229753e-02 -1.42861046e-02 -1.27355065e-02 -1.22292750e-02 -1.22153927e-02 -1.32387821e-02 -1.48882605e-02 -1.47774816e-02 -1.42345838e-02 -1.21458545e-02 -1.47334654e-02 -1.57054905e-02 -1.31007768e-02 -1.38812270e-02 -1.62356831e-02 -1.90101620e-02 -1.65179744e-02 -1.30233224e-02 -1.30550861e-02 -1.32786594e-02 -1.61045492e-02 -1.62955895e-02 -1.25243701e-02 -1.32949408e-02 -1.40957832e-02 -1.73039641e-02 -1.42858010e-02 -6.55252114e-03 -6.52010180e-03 -8.09556898e-03 -4.71348502e-03 -8.65596347e-04 -3.69979069e-04 -3.29559343e-03
-1.23086451e-02 -4.70901746e-03 -7.78075866e-03 -1.03279967e-02 -1.13320928e-02 -1.13898609e-02 -1.11507140e-02 -1.17647983e-02 -1.23557020e-02 -1.61761679e-02 -1.69577412e-02 -1.37842167e-02 -1.41919870e-02 -1.56362094e-02 -1.42195970e-02 -1.30626243e-02 -7.85551406e-03 -7.92001374e-03 -8.81384127e-03 -8.72581080e-03 -9.81492549e-03 -1.02182440e-02 -6.23842143e-03 -6.15795888e-03 -8.66539590e-03 -7.31848180e-03 -8.88639502e-03 -1.19779389e-02 -1.19180381e-02 -1.21277235e-02 -1.19360425e-02 -1.22414771e-02 -1.23809688e-02 -1.15010031e-02 -1.44735202e-02 -1.10552087e-02 -6.97145984e-03 -1.00397021e-02 -1.30564272e-02 -1.29949246e-02 -1.26613509e-02 -1.04930252e-02 -1.55225303e-02 -2.03718599e-02 -1.70747582e-02 -1.23873465e-02 -1.49199460e-02 -1.20811686e-02 -1.24699138e-02 -1.54213142e-02 -1.67667381e-02 -1.35202259e-02 -1.33764222e-02 -1.56541932e-02 -1.71691254e-02 -1.70830842e-02 -1.86612308e-02 -1.77712385e-02 -1.71636399e-02 -1.55522916e-02 -1.20204743e-02 -1.16939880e-02 -1.23448838e-02 -8.00662115e-03 -5.94418310e-03 -3.24581452e-02 -4.71466146e-02 -3.53891738e-02 -1.92526784e-02 -2.11253390e-02 -2.55290978e-02 -1.94540322e-02 -9.81591083e-03 -1.47995483e-02 -2.60383785e-02 -2.57705189e-02 -2.19954196e-02 -2.58525442e-02 -2.87271347e-02 -2.93743908e-02 -2.68791001e-02 -2.53219120e-02 -2.10883226e-02 -1.61979888e-02 -1.37118492e-02 -1.32110957e-02 -1.48172788e-02 -1.90242808e-02 -2.20581554e-02 -1.66968890e-02 -1.70785189e-02 -1.75612494e-02 -1.81749091e-02 -1.78927109e-02 -1.53438197e-02 -1.25855245e-02 -1.15237683e-02 -1.19563658e-02 -1.57419369e-02 -1.79531761e-02 -1.68318953e-02 -1.73468813e-02 -1.60772800e-02 -1.34492312e-02 -1.21804494e-02 -1.18536633e-02 -1.02074575e-02 -1.12999119e-02 -1.70569383e-02 -2.24219672e-02 -1.84613392e-02 -1.54491402e-02 -1.26843136e-02 -8.31953622e-03 -9.80892964e-03 -8.65795091e-03 -2.50647590e-03 -3.97711992e-04 -3.94773670e-03 -1.00947525e-02 -7.11601414e-03 -3.73332482e-03 -3.42607498e-03 -1.34234875e-03 -2.52248626e-03 -4.41800058e-03 -1.34173781e-04 -1.13648362e-04 -3.34228855e-03 -1.62753463e-03 -9.65390354e-04 -2.13323161e-04 8.17449763e-04 1.92121044e-03 4.79810499e-03 3.28581594e-03 -4.71579470e-03 -5.06674871e-03 2.92627141e-04 1.41628571e-02 1.93233751e-02 -5.22632897e-03 -2.36202292e-02 -2.58011930e-02 -2.23555155e-02 -1.60705373e-02 -1.06425732e-02 -9.97679681e-03 -1.31540559e-02 -1.52471997e-02 -1.85770374e-02 -1.77280139e-02 -1.66244674e-02 -1.41801406e-02 -1.34532023e-02 -1.26246717e-02 -1.42961033e-02 -1.73158776e-02 -1.84377134e-02 -1.64172072e-02 -1.54401045e-02 -1.67110823e-02 -1.71932708e-02 -1.70319211e-02 -1.66708604e-02 -1.51965339e-02 -1.43423174e-02 -1.40483733e-02 -1.35246627e-02 -1.39704794e-02 -1.40238572e-02 -1.37571394e-02 -1.39914621e-02 -1.43610239e-02 -1.47732720e-02 -1.22067872e-02 -1.41689554e-02 -1.65049043e-02 -1.43572073e-02 -1.36343222e-02 -1.32915769e-02 -1.69474557e-02 -1.52139217e-02 -1.01695769e-02 -9.70483944e-03 -1.24403816e-02 -1.76847074e-02 -1.86541211e-02 -1.17687676e-02 -1.15094632e-02 -1.41236577e-02 -1.68265887e-02 -1.45890173e-02 -8.49067979e-03 -7.72957690e-03 -7.84635823e-03 -3.71312071e-03 1.03991479e-05 -7.95547850e-04 -4.51712357e-03
-1.31602790e-02 -5.03092911e-03 -6.20441325e-03 -1.04638077e-02 -1.15705654e-02 -1.18305180e-02 -1.23324618e-02 -1.09797176e-02 -1.07684117e-02 -1.52494684e-02 -1.63718332e-02 -1.28759146e-02 -1.17135067e-02 -1.42039247e-02 -1.42136384e-02 -1.12150665e-02 -6.96754083e-03 -9.54542495e-03 -1.15982611e-02 -1.06657110e-02 -1.05852652e-02 -1.06955674e-02 -7.41547719e-03 -8.41095112e-03 -1.17886104e-02 -8.59806687e-03 -8.23070668e-03 -1.19429119e-02 -1.28750829e-02 -1.20132379e-02 -1.08588170e-02 -1.05260126e-02 -1.09929889e-02 -1.08742043e-02 -1.55743053e-02 -1.40496437e-02 -9.69425961e-03 -9.16416384e-03 -1.05942655e-02 -1.16175562e-02 -1.16347820e-02 -1.16566680e-02 -1.55926887e-02 -1.75473429e-02 -1.53162405e-02 -1.45892277e-02 -1.38703212e-02 -1.12260208e-02 -1.41458474e-02 -1.83715653e-02 -1.90963242e-02 -1.64386462e-02 -1.39698982e-02 -1.56927723e-02 -1.89255048e-02 -1.85562354e-02 -1.65759213e-02 -1.57230813e-02 -1.83417518e-02 -1.56769976e-02 -1.11745596e-02 -1.05100442e-02 -1.20983459e-02 -8.63682851e-03 -6.75415061e-03 -2.71459594e-02 -4.65222970e-02 -4.01131362e-02 -2.29759812e-02 -2.11730581e-02 -2.37239730e-02 -1.86784267e-02 -9.38129053e-03 -1.60878506e-02 -2.66810693e-02 -2.57393215e-02 -2.15847604e-02 -2.50364188e-02 -3.06703225e-02 -3.12350988e-02 -2.76893135e-02 -2.50508636e-02 -2.07537320e-02 -1.62039008e-02 -1.34250596e-02 -1.22685153e-02 -1.49390232e-02 -1.81992948e-02 -1.70483496e-02 -1.16391275e-02 -1.41921919e-02 -1.88356712e-02 -1.90665536e-02 -1.77335106e-02 -1.45013127e-02 -1.29308160e-02 -1.28985438e-02 -1.24009978e-02 -1.57642402e-02 -1.91068798e-02 -1.98651515e-02 -2.29722597e-02 -1.94918327e-02 -1.43979397e-02 -1.19692665e-02 -1.32772513e-02 -1.17482264e-02 -9.29562747e-03 -1.41724963e-02 -2.00769454e-02 -1.89346187e-02 -1.60825215e-02 -1.41310152e-02 -9.25295800e-03 -8.82782601e-03 -7.65554793e-03 -4.44862247e-03 -3.71229462e-03 -3.44442576e-03 -6.19588885e-03 -6.30669110e-03 -4.70670965e-03 -2.82101426e-03 -1.42722856e-03 -5.46390750e-03 -6.00636099e-03 -5.17126173e-04 -2.08375975e-04 -2.31052097e-03 -1.54935196e-03 -2.28411332e-03 -1.63699500e-03 -2.26540305e-03 -1.55515596e-03 4.98140790e-03 6.63632900e-03 -3.16831283e-03 -6.73794374e-03 1.02931261e-03 1.56690888e-02 1.43879354e-02 -1.03562027e-02 -2.26217695e-02 -2.45016403e-02 -2.07497831e-02 -1.70731805e-02 -1.46176741e-02 -1.36074089e-02 -1.60347857e-02 -1.98795144e-02 -2.16650013e-02 -1.86946616e-02 -1.52487811e-02 -1.49332508e-02 -1.54814404e-02 -1.41919870e-02 -1.27615370e-02 -1.66448355e-02 -1.72223672e-02 -1.25032775e-02 -1.00615136e-02 -1.45026930e-02 -1.92393512e-02 -1.98818352e-02 -1.84533801e-02 -1.66569911e-02 -1.42642446e-02 -1.37678329e-02 -1.49598718e-02 -1.58315785e-02 -1.57523733e-02 -1.45383384e-02 -1.22774430e-02 -1.30034983e-02 -1.57506764e-02 -1.58120226e-02 -1.67369638e-02 -1.69686861e-02 -1.64869986e-02 -1.71482731e-02 -1.55900251e-02 -1.50727313e-02 -1.23137999e-02 -9.81345400e-03 -1.10182632e-02 -1.06054787e-02 -1.29482914e-02 -1.73722878e-02 -1.10955052e-02 -1.11248251e-02 -1.41863991e-02 -1.59095097e-02 -1.49945952e-02 -1.22101028e-02 -1.01227015e-02 -8.33652169e-03 -3.10785137e-03 1.04552973e-03 -6.51332084e-04 -4.91829589e-03
-1.27764763e-02 -7.62553141e-03 -6.99531101e-03 -8.73478688e-03 -1.15100425e-02 -1.31078288e-02 -1.33478642e-02 -1.22348331e-02 -1.11668389e-02 -1.52550247e-02 -1.77013706e-02 -1.40441526e-02 -1.08406562e-02 -1.29983872e-02 -1.44696273e-02 -1.14661939e-02 -7.14242645e-03 -1.10542439e-02 -1.46236718e-02 -1.31677072e-02 -1.11545175e-02 -1.11211557e-02 -8.99622031e-03 -9.48577747e-03 -1.29123200e-02 -1.07313655e-02 -8.02617706e-03 -1.09499181e-02 -1.16981706e-02 -1.09110065e-02 -9.19503905e-03 -8.13337229e-03 -9.03767347e-03 -9.18923505e-03 -1.37063395e-02 -1.38252415e-02 -9.73560102e-03 -9.00902413e-03 -9.47184302e-03 -9.22069512e-03 -8.72479379e-03 -1.22562572e-02 -1.53667443e-02 -1.64088551e-02 -1.53165180e-02 -1.66617762e-02 -1.50294602e-02 -1.13855042e-02 -1.42673478e-02 -1.77810155e-02 -1.87483095e-02 -1.88347399e-02 -1.60886180e-02 -1.44692678e-02 -1.72569919e-02 -1.81940626e-02 -1.61192454e-02 -1.20552648e-02 -1.65571030e-02 -1.55749656e-02 -1.08132884e-02 -1.14841219e-02 -1.16692707e-02 -9.25018080e-03 -9.08987224e-03 -2.30561942e-02 -4.48038280e-02 -4.91945520e-02 -2.93806158e-02 -1.92428455e-02 -1.93847269e-02 -1.68568380e-02 -1.28020886e-02 -1.88224465e-02 -2.67604515e-02 -2.52425000e-02 -2.05586310e-02 -2.14132220e-02 -2.79651210e-02 -3.09304018e-02 -2.74893679e-02 -2.52089910e-02 -2.06392258e-02 -1.66353416e-02 -1.53733511e-02 -1.28425658e-02 -1.17750075e-02 -1.22893732e-02 -1.28617175e-02 -1.23981629e-02 -1.49170477e-02 -1.68075413e-02 -1.74069889e-02 -1.79702118e-02 -1.55134182e-02 -1.45153571e-02 -1.45360529e-02 -1.22157224e-02 -1.35642886e-02 -1.85565911e-02 -2.01541260e-02 -2.37285215e-02 -2.28320099e-02 -1.72432102e-02 -1.41764544e-02 -1.41511392e-02 -1.27695836e-02 -1.01863388e-02 -1.29195303e-02 -1.73091814e-02 -1.65383052e-02 -1.77626014e-02 -1.59841292e-02 -1.04154497e-02 -6.19103387e-03 -5.16280532e-03 -5.51687367e-03 -6.44202344e-03 -5.34974597e-03 -5.01286332e-03 -5.29026147e-03 -5.96918073e-03 -3.95671371e-03 -2.74544954e-03 -7.25775771e-03 -8.27689283e-03 -3.02277878e-03 -1.68576464e-03 -2.20356695e-03 -5.54503873e-04 -7.76361674e-04 4.43212688e-04 -7.42208213e-04 -3.11240740e-03 6.58942387e-04 3.12522426e-03 -3.53795663e-03 -5.42441010e-03 3.53599526e-03 2.22381316e-02 1.55574344e-02 -1.42389350e-02 -2.24692598e-02 -2.37891283e-02 -2.37743407e-02 -2.01921780e-02 -1.69403814e-02 -1.88811831e-02 -1.91857032e-02 -2.05829926e-02 -2.08163131e-02 -1.66859441e-02 -1.50081851e-02 -1.63325779e-02 -1.70185082e-02 -1.50614120e-02 -9.67246480e-03 -1.28633510e-02 -1.50829405e-02 -1.42590180e-02 -1.14091635e-02 -1.23547576e-02 -1.60839371e-02 -1.94534212e-02 -2.08759811e-02 -1.88935325e-02 -1.63461491e-02 -1.54387690e-02 -1.70224458e-02 -1.82409249e-02 -1.62289422e-02 -1.36463661e-02 -1.30591970e-02 -1.36149097e-02 -1.42420586e-02 -1.49779785e-02 -1.78054068e-02 -1.95930209e-02 -1.95615608e-02 -1.58532355e-02 -9.29384679e-03 -7.31438026e-03 -9.26995277e-03 -1.35656465e-02 -1.71872173e-02 -1.31098721e-02 -8.40154104e-03 -1.05847195e-02 -1.18233450e-02 -1.16129220e-02 -1.40114687e-02 -1.44213047e-02 -1.23388413e-02 -1.16434880e-02 -9.82315000e-03 -7.95054715e-03 -2.96316575e-03 2.09417846e-03 -4.99883667e-04 -4.69246972e-03
-1.31600192e-02 -1.04490863e-02 -9.19629075e-03 -8.07603262e-03 -8.69511999e-03 -1.13377385e-02 -1.33910924e-02 -1.34892184e-02 -1.28665362e-02 -1.60704851e-02 -1.79463550e-02 -1.61078088e-02 -1.32890884e-02 -1.43890809e-02 -1.52166039e-02 -1.12371258e-02 -7.40030222e-03 -1.23523585e-02 -1.57520864e-02 -1.40426960e-02 -1.20100528e-02 -1.13923270e-02 -1.15893614e-02 -1.09737534e-02 -1.23922378e-02 -1.00907367e-02 -7.84972124e-03 -1.00844549e-02 -1.12438956e-02 -1.05322246e-02 -1.01240445e-02 -8.88064317e-03 -8.23479332e-03 -8.57930258e-03 -1.25219785e-02 -1.45446006e-02 -1.14918575e-02 -9.59388725e-03 -9.38965566e-03 -8.69424827e-03 -7.06840679e-03 -1.11053661e-02 -1.73554979e-02 -1.63780600e-02 -1.61525700e-02 -1.88722108e-02 -1.84289850e-02 -1.47793628e-02 -1.56250000e-02 -1.67350415e-02 -1.73877478e-02 -2.11900491e-02 -1.89027563e-02 -1.30132139e-02 -1.48634855e-02 -1.83760189e-02 -1.66667625e-02 -1.33013837e-02 -1.43840611e-02 -1.36633199e-02 -1.28185004e-02 -1.38635505e-02 -1.21900346e-02 -9.26907174e-03 -1.05411448e-02 -2.07331777e-02 -4.44486216e-02 -5.41928671e-02 -3.30058001e-02 -1.77640598e-02 -1.90145262e-02 -1.90339312e-02 -1.56190265e-02 -1.76191162e-02 -2.22946517e-02 -2.16246638e-02 -2.11971253e-02 -2.20495574e-02 -2.64784377e-02 -3.17907445e-02 -2.75753494e-02 -2.41289698e-02 -2.31926963e-02 -1.90802142e-02 -1.59430522e-02 -1.39586646e-02 -1.18265506e-02 -1.00268479e-02 -1.31203160e-02 -1.78281851e-02 -1.64249130e-02 -1.23806801e-02 -1.34968124e-02 -1.78288817e-02 -1.81656927e-02 -1.68074649e-02 -1.56790055e-02 -1.02773421e-02 -8.72550718e-03 -1.43515673e-02 -1.87532920e-02 -2.40445845e-02 -2.56808661e-02 -2.08192021e-02 -1.71574615e-02 -1.46769229e-02 -1.18124876e-02 -1.06537938e-02 -1.28087029e-02 -1.44921858e-02 -1.35959499e-02 -1.59509331e-02 -1.67254396e-02 -1.02297030e-02 -7.32974336e-03 -7.52124190e-03 -7.70569034e-03 -6.73839264e-03 -3.17109562e-03 -3.25921923e-03 -6.08784705e-03 -7.76332896e-03 -5.59681002e-03 -2.31567770e-03 -7.26358779e-03 -1.02472147e-02 -4.83581517e-03 -1.64930709e-03 -1.37815624e-03 3.14509496e-04 3.27190384e-04 1.38778053e-03 -1.23162195e-03 -4.50759754e-03 -2.13895924e-03 -1.16112269e-03 -4.26582433e-03 -5.59481047e-03 4.21363302e-03 2.68490240e-02 1.90197378e-02 -1.38362590e-02 -2.11200584e-02 -2.27318667e-02 -2.48170607e-02 -2.36157589e-02 -2.01312490e-02 -1.95266269e-02 -1.90588199e-02 -1.72938146e-02 -1.65639389e-02 -1.50951706e-02 -1.53923072e-02 -1.64462924e-02 -1.63072962e-02 -1.35447271e-02 -8.53008032e-03 -8.59542750e-03 -1.17464531e-02 -1.47430431e-02 -1.58523526e-02 -1.55016966e-02 -1.37874708e-02 -1.50360186e-02 -1.79605689e-02 -1.65678952e-02 -1.49677377e-02 -1.45147219e-02 -1.92539413e-02 -2.22599301e-02 -1.83371231e-02 -1.37171615e-02 -1.38289612e-02 -1.47197768e-02 -1.43197142e-02 -1.48013253e-02 -1.78120546e-02 -1.94156356e-02 -1.94233414e-02 -1.37242880e-02 -7.11977854e-03 -4.59376723e-03 -9.46316496e-03 -1.62035711e-02 -2.07661875e-02 -1.53944623e-02 -9.53738578e-03 -8.61191936e-03 -1.14944000e-02 -1.38040241e-02 -1.43974219e-02 -1.28821358e-02 -1.11499894e-02 -1.08562745e-02 -9.06387251e-03 -8.27132352e-03 -4.30219714e-03 2.07717530e-04 -8.96923710e-04 -3.52158165e-03
-1.20285191e-02 -7.33041391e-03 -7.11270049e-03 -7.20530003e-03 -7.38444738e-03 -9.07032751e-03 -1.16668716e-02 -1.16507243e-02 -1.25507247e-02 -1.63915176e-02 -1.79794859e-02 -1.60255786e-02 -1.38391834e-02 -1.52568296e-02 -1.51718520e-02 -1.10961497e-02 -8.54369067e-03 -1.20811928e-02 -1.51656512e-02 -1.38913393e-02 -1.18633825e-02 -1.15207992e-02 -1.25422273e-02 -1.18674561e-02 -1.17484909e-02 -9.33148898e-03 -5.98897412e-03 -8.26784875e-03 -9.98974126e-03 -8.77952576e-03 -8.98902863e-03 -9.63960215e-03 -9.12528299e-03 -8.83127563e-03 -1.06433127e-02 -1.39492285e-02 -1.30022038e-02 -1.01111364e-02 -9.25853476e-03 -8.79649632e-03 -6.56061061e-03 -9.65302438e-03 -1.57929435e-02 -1.67035237e-02 -1.48297660e-02 -1.60081051e-02 -1.84854753e-02 -1.81742907e-02 -1.62682906e-02 -1.75609197e-02 -1.92552898e-02 -2.16267668e-02 -2.00096723e-02 -1.37096643e-02 -1.46961585e-02 -1.99318938e-02 -1.89062916e-02 -1.52059812e-02 -1.32266581e-02 -1.21566858e-02 -1.40402000e-02 -1.59206018e-02 -1.33916121e-02 -9.36356746e-03 -9.27065872e-03 -1.78843923e-02 -4.35488336e-02 -5.56930900e-02 -3.66521999e-02 -1.79252476e-02 -1.91180445e-02 -1.93531606e-02 -1.69714782e-02 -1.40618961e-02 -1.58515312e-02 -1.90610625e-02 -1.98795777e-02 -2.06027888e-02 -2.62589585e-02 -3.18935998e-02 -2.89331619e-02 -2.42069978e-02 -2.61192881e-02 -2.16717143e-02 -1.57079808e-02 -1.57561712e-02 -1.45559870e-02 -1.05805118e-02 -1.41477697e-02 -2.10162476e-02 -1.67760737e-02 -7.59520195e-03 -8.80068727e-03 -1.71747543e-02 -2.06752829e-02 -1.90365557e-02 -1.75764244e-02 -1.25711281e-02 -7.55026005e-03 -8.91613588e-03 -1.56689696e-02 -2.35026218e-02 -2.68411376e-02 -2.26884596e-02 -1.91333182e-02 -1.51925944e-02 -1.12503264e-02 -1.03474539e-02 -1.14936475e-02 -1.08821802e-02 -1.14204548e-02 -1.50764184e-02 -1.44126117e-02 -8.90979171e-03 -8.08511488e-03 -1.03757512e-02 -8.41611251e-03 -3.94506007e-03 -8.70378688e-04 -1.88402645e-03 -7.72214960e-03 -1.29835326e-02 -7.92506430e-03 -2.50797346e-03 -5.92145696e-03 -9.66145750e-03 -3.34805250e-03 3.86441126e-04 -4.28270549e-04 7.78842717e-04 2.04762258e-03 6.14518858e-03 2.42729671e-03 -7.11226277e-03 -6.89956918e-03 -4.68783453e-03 -6.42762706e-03 -7.48466700e-03 5.56995720e-03 2.47256123e-02 1.60766840e-02 -1.33451875e-02 -2.09698807e-02 -1.98903140e-02 -2.10480131e-02 -2.31591221e-02 -2.20102500e-02 -1.99689157e-02 -1.92675795e-02 -1.81799047e-02 -1.54910292e-02 -1.41220856e-02 -1.53147262e-02 -1.38952620e-02 -1.19409766e-02 -1.15267728e-02 -1.09170526e-02 -9.06379335e-03 -9.01008397e-03 -1.41680688e-02 -2.06406228e-02 -2.03769840e-02 -1.54844876e-02 -1.39537361e-02 -1.86210852e-02 -1.83193646e-02 -1.34683102e-02 -9.57845151e-03 -1.52671430e-02 -2.26445440e-02 -2.11679451e-02 -1.65286120e-02 -1.51339900e-02 -1.64985415e-02 -1.60272736e-02 -1.58665124e-02 -1.62901729e-02 -1.76343098e-02 -2.04030741e-02 -1.54247954e-02 -7.50058517e-03 -2.27173790e-03 -8.39659199e-03 -1.61482990e-02 -2.05737762e-02 -1.77853964e-02 -1.29824430e-02 -1.15646031e-02 -1.32602584e-02 -1.42749976e-02 -1.37333088e-02 -1.27499718e-02 -1.11552794e-02 -1.02648325e-02 -8.37908685e-03 -7.71757122e-03 -5.53079136e-03 -1.74034107e-03 -1.43911596e-03 -2.88268365e-03
-1.08201839e-02 -6.49230462e-03 -7.59721454e-03 -7.26142526e-03 -7.22767040e-03 -8.92922468e-03 -1.12678222e-02 -1.07122008e-02 -1.24336760e-02 -1.66131817e-02 -1.74511056e-02 -1.65658761e-02 -1.45059638e-02 -1.36699192e-02 -1.29322801e-02 -1.03497412e-02 -9.25293937e-03 -1.18263476e-02 -1.46810003e-02 -1.40355639e-02 -1.29074976e-02 -1.19978394e-02 -1.34586822e-02 -1.26940813e-02 -1.07837338e-02 -7.81819038e-03 -3.86383757e-03 -6.09933585e-03 -8.49883072e-03 -7.22211041e-03 -8.55106674e-03 -1.15057603e-02 -1.11007635e-02 -8.09734315e-03 -8.27147439e-03 -1.19199213e-02 -1.30332056e-02 -1.00098923e-02 -8.07494856e-03 -8.88027810e-03 -8.75253230e-03 -1.20597109e-02 -1.44966170e-02 -1.36006977e-02 -1.31585877e-02 -1.67705342e-02 -2.00098380e-02 -1.89160071e-02 -1.60827152e-02 -1.70193687e-02 -1.96204334e-02 -2.10761018e-02 -1.86832864e-02 -1.33832507e-02 -1.46137737e-02 -2.15006601e-02 -2.20267773e-02 -1.67573299e-02 -1.32721197e-02 -1.27527677e-02 -1.49275437e-02 -1.59194376e-02 -1.42894313e-02 -1.14468187e-02 -8.33052583e-03 -1.32128820e-02 -3.87201905e-02 -5.52265719e-02 -4.04846929e-02 -2.05458626e-02 -2.13909522e-02 -2.37989463e-02 -1.92701295e-02 -9.52003524e-03 -5.76991588e-03 -1.06994733e-02 -1.91525258e-02 -2.47159414e-02 -2.95548216e-02 -3.29185165e-02 -2.98525766e-02 -2.54722759e-02 -2.76734196e-02 -2.21903753e-02 -1.59000121e-02 -1.63509417e-02 -1.65333115e-02 -1.28015410e-02 -1.66632105e-02 -2.20254008e-02 -1.59794465e-02 -6.57600164e-03 -8.24314356e-03 -1.64894108e-02 -1.89476982e-02 -1.69777032e-02 -1.76688060e-02 -1.46168098e-02 -8.42279382e-03 -6.81423396e-03 -1.21437199e-02 -2.19384357e-02 -2.66306195e-02 -2.21827440e-02 -1.86679773e-02 -1.62690170e-02 -1.26314070e-02 -1.10128280e-02 -9.72123817e-03 -7.88098201e-03 -1.07125565e-02 -1.50958234e-02 -1.12515595e-02 -4.77956794e-03 -7.27835670e-03 -1.18491836e-02 -1.08879153e-02 -6.72959350e-03 -3.11062112e-03 -2.60107778e-03 -9.04619507e-03 -1.75938737e-02 -1.05622401e-02 -2.76102126e-03 -3.84022854e-03 -7.55253807e-03 -8.78529623e-04 3.37403826e-03 -2.13580206e-04 3.78878787e-04 5.19035757e-03 9.84909572e-03 1.88810192e-03 -1.00788893e-02 -7.86707550e-03 -2.84585170e-03 -2.92340480e-03 -3.43777798e-03 6.88289106e-03 1.51403248e-02 2.96568498e-03 -2.03215275e-02 -2.58368384e-02 -2.04517115e-02 -1.77248158e-02 -1.99372377e-02 -2.14683451e-02 -1.81887709e-02 -1.59909576e-02 -1.75412707e-02 -1.47551652e-02 -1.42582040e-02 -1.53239500e-02 -1.14484187e-02 -7.97035731e-03 -9.85576771e-03 -1.14885438e-02 -9.73313302e-03 -9.26570594e-03 -1.42737422e-02 -2.00562552e-02 -2.12134589e-02 -1.93080660e-02 -1.80724412e-02 -1.85474474e-02 -1.69742629e-02 -1.28581692e-02 -5.63807040e-03 -8.80000368e-03 -1.80494413e-02 -2.16687098e-02 -1.87154505e-02 -1.52487401e-02 -1.68629345e-02 -1.68160144e-02 -1.72076076e-02 -1.59358718e-02 -1.49439834e-02 -2.03644074e-02 -1.75948981e-02 -1.01487748e-02 -4.12636250e-03 -1.06995516e-02 -1.73301771e-02 -1.92837082e-02 -1.70997288e-02 -1.39094796e-02 -1.21589992e-02 -1.36053823e-02 -1.37405004e-02 -1.28319114e-02 -1.27904229e-02 -1.25520565e-02 -1.09552499e-02 -8.34439695e-03 -6.62893895e-03 -4.21350449e-03 -2.88091041e-03 -1.60313630e-03 -3.00609320e-03
-1.05752703e-02 -5.72945923e-03 -8.05700105e-03 -6.69324957e-03 -6.15247153e-03 -8.97878408e-03 -1.11064091e-02 -1.12342071e-02 -1.23685654e-02 -1.31551009e-02 -1.44720934e-02 -1.48499478e-02 -1.47219915e-02 -1.39648058e-02 -1.26020629e-02 -1.01992860e-02 -9.69249196e-03 -1.04935355e-02 -1.49502698e-02 -1.50783900e-02 -1.26624480e-02 -1.06443521e-02 -1.22627877e-02 -1.21462177e-02 -1.10168923e-02 -8.26819800e-03 -4.21613269e-03 -5.61797619e-03 -7.39327446e-03 -6.38636574e-03 -8.25900398e-03 -1.20222811e-02 -1.19341351e-02 -9.44086909e-03 -8.95403326e-03 -1.22093558e-02 -1.36661772e-02 -9.20891203e-03 -7.08548538e-03 -1.01786889e-02 -1.35524143e-02 -1.45154465e-02 -1.30542740e-02 -1.03457924e-02 -1.06202401e-02 -1.53680630e-02 -1.60612762e-02 -1.83073245e-02 -1.84596106e-02 -1.76162180e-02 -1.83994602e-02 -1.89555995e-02 -1.88026708e-02 -1.67628303e-02 -1.67342108e-02 -2.26393826e-02 -2.42949240e-02 -1.86085906e-02 -1.44175347e-02 -1.50488578e-02 -1.67643446e-02 -1.51164234e-02 -1.44865420e-02 -1.43404081e-02 -9.97197442e-03 -9.96657647e-03 -3.16821933e-02 -5.39093502e-02 -4.69198823e-02 -2.44062450e-02 -2.22867355e-02 -2.48759389e-02 -1.92229468e-02 -7.55985081e-03 1.53005123e-04 -5.47477230e-03 -1.90604646e-02 -2.70330086e-02 -3.32484655e-02 -3.35572809e-02 -2.90275738e-02 -2.62647271e-02 -2.87746117e-02 -2.35462673e-02 -1.73071660e-02 -1.73138194e-02 -1.68856103e-02 -1.38775446e-02 -1.58602428e-02 -2.08706260e-02 -1.70314461e-02 -8.09471682e-03 -8.41658190e-03 -1.56316776e-02 -1.73150208e-02 -1.49466563e-02 -1.68544557e-02 -1.67234465e-02 -1.23914834e-02 -7.69166276e-03 -8.08871165e-03 -1.88474245e-02 -2.56977584e-02 -2.12578736e-02 -1.77529175e-02 -1.69728491e-02 -1.41684841e-02 -1.18146483e-02 -1.00114159e-02 -7.52714649e-03 -9.29929875e-03 -1.38993086e-02 -1.02895666e-02 -2.78930739e-03 -4.93798219e-03 -1.09475963e-02 -1.23790391e-02 -1.08072199e-02 -6.95259310e-03 -4.98886965e-03 -9.23201814e-03 -1.98810678e-02 -1.33929932e-02 -3.45797837e-03 -1.61988474e-03 -5.06714173e-03 -8.87196511e-05 3.80754843e-03 -2.18954869e-04 -1.78208388e-03 5.44348173e-03 1.31873228e-02 6.01969287e-03 -8.64476245e-03 -8.88741855e-03 -9.63188708e-04 3.95513885e-03 4.54541668e-03 1.08674802e-02 5.96119463e-03 -9.44486633e-03 -2.24201959e-02 -2.54113711e-02 -2.14067567e-02 -1.58638861e-02 -1.58854667e-02 -1.72630865e-02 -1.46931708e-02 -1.48442946e-02 -1.86369140e-02 -1.56378169e-02 -1.52435079e-02 -1.46201141e-02 -9.76146013e-03 -5.89831732e-03 -8.45456310e-03 -1.05894301e-02 -1.08415037e-02 -1.04722604e-02 -1.49980336e-02 -2.11790185e-02 -1.92991942e-02 -1.77037176e-02 -1.82853397e-02 -1.85069498e-02 -1.67522188e-02 -1.52560081e-02 -9.57141817e-03 -8.22804123e-03 -1.40171982e-02 -1.86980888e-02 -1.95641648e-02 -1.75988153e-02 -1.65643543e-02 -1.41942669e-02 -1.45201832e-02 -1.22110918e-02 -1.31039619e-02 -2.05843896e-02 -1.95069592e-02 -1.23107843e-02 -7.43491203e-03 -1.32189635e-02 -1.63606238e-02 -1.68011822e-02 -1.81531869e-02 -1.59085207e-02 -1.37647633e-02 -1.28190219e-02 -1.20400321e-02 -1.21947043e-02 -1.36462152e-02 -1.33634415e-02 -1.20480228e-02 -1.03094736e-02 -7.29754195e-03 -4.48480528e-03 -3.55593022e-03 -1.81636680e-03 -1.86042581e-03
-8.84922128e-03 -4.43528220e-03 -8.12911894e-03 -5.98231331e-03 -5.63891046e-03 -8.80591013e-03 -1.23654380e-02 -1.24815516e-02 -1.37208663e-02 -1.19893569e-02 -1.23220850e-02 -1.51323993e-02 -1.62291992e-02 -1.41960867e-02 -1.20514147e-02 -1.07222535e-02 -1.16848946e-02 -1.20059475e-02 -1.35098640e-02 -1.24408714e-02 -1.18181817e-02 -1.26189142e-02 -1.43801346e-02 -1.17726680e-02 -1.00906212e-02 -9.26419534e-03 -4.91623022e-03 -5.24088740e-03 -6.13084808e-03 -6.35780208e-03 -8.14158842e-03 -1.16027426e-02 -1.21338256e-02 -9.36807506e-03 -9.08852182e-03 -1.28803086e-02 -1.51328333e-02 -9.71851684e-03 -7.28659891e-03 -1.07436050e-02 -1.37792360e-02 -1.33970324e-02 -1.15480646e-02 -1.12266205e-02 -9.88451950e-03 -1.39208399e-02 -1.47128180e-02 -1.63832642e-02 -2.07820982e-02 -1.99347083e-02 -1.70029774e-02 -1.52798742e-02 -1.58509389e-02 -1.73488371e-02 -1.73174515e-02 -1.81136653e-02 -2.14553494e-02 -1.94353294e-02 -1.61187090e-02 -1.63687449e-02 -1.78564023e-02 -1.46325212e-02 -1.30481776e-02 -1.38286613e-02 -1.11718271e-02 -1.04222223e-02 -2.58030370e-02 -5.25097661e-02 -5.33240959e-02 -2.75491793e-02 -1.84200630e-02 -2.09636390e-02 -1.81432739e-02 -1.14860199e-02 -6.62705675e-03 -7.26243854e-03 -1.79027021e-02 -2.86508575e-02 -3.67808677e-02 -3.37166637e-02 -2.71316227e-02 -2.46243048e-02 -2.81603634e-02 -2.41620243e-02 -1.80607624e-02 -1.55998375e-02 -1.50923729e-02 -1.36166774e-02 -1.48614664e-02 -1.77867301e-02 -1.77400708e-02 -1.32638868e-02 -1.22277141e-02 -1.59143955e-02 -1.71829686e-02 -1.46415569e-02 -1.59623399e-02 -1.64172351e-02 -1.26567520e-02 -6.61756098e-03 -4.22695279e-03 -1.50017869e-02 -2.55061779e-02 -2.37233117e-02 -1.84709635e-02 -1.77548584e-02 -1.45622026e-02 -1.22612715e-02 -1.24323741e-02 -1.05362274e-02 -8.80579650e-03 -1.15732402e-02 -9.57612135e-03 -2.65732221e-03 -3.30699980e-03 -8.07300955e-03 -1.04040504e-02 -1.09101366e-02 -7.72439502e-03 -7.12471828e-03 -1.03865582e-02 -1.93146281e-02 -1.60647631e-02 -6.02284260e-03 -2.57232785e-03 -4.98338975e-03 -1.29726343e-03 3.14406864e-03 -2.00193934e-03 -4.75274492e-03 6.08267821e-03 1.73238087e-02 1.08025242e-02 -8.65600351e-03 -1.22577678e-02 -3.50016356e-03 4.92843613e-03 1.45340674e-02 1.88249871e-02 6.38980418e-04 -1.74502209e-02 -2.11946573e-02 -2.16152854e-02 -2.10190862e-02 -1.77555606e-02 -1.51423290e-02 -1.66329015e-02 -1.55526418e-02 -1.40687525e-02 -1.76346712e-02 -1.48582328e-02 -1.62985679e-02 -1.42235942e-02 -8.78302939e-03 -5.10547124e-03 -7.89037533e-03 -1.10062081e-02 -1.33042242e-02 -1.41492486e-02 -1.64577179e-02 -1.98303554e-02 -1.82173643e-02 -1.64569486e-02 -1.71993021e-02 -1.68146528e-02 -1.39741749e-02 -1.47518292e-02 -1.57118589e-02 -1.44729782e-02 -1.26106068e-02 -1.32575259e-02 -1.75154433e-02 -1.97318513e-02 -1.70029681e-02 -1.39727630e-02 -1.21453851e-02 -1.18371435e-02 -1.53175984e-02 -2.01599095e-02 -1.77849662e-02 -1.21219717e-02 -1.10075697e-02 -1.43031292e-02 -1.48124937e-02 -1.57421250e-02 -1.71416756e-02 -1.53089743e-02 -1.18544791e-02 -1.06813181e-02 -1.17035229e-02 -1.31003968e-02 -1.32240448e-02 -1.12826675e-02 -1.13522839e-02 -1.19569814e-02 -9.30527225e-03 -5.39748929e-03 -4.38810233e-03 -2.35307962e-03 -1.22845778e-03
-1.02400640e-02 -4.20146715e-03 -6.76326081e-03 -6.03411719e-03 -6.04118034e-03 -9.00035724e-03 -1.07533168e-02 -1.05851181e-02 -1.36426035e-02 -1.42226033e-02 -1.39632989e-02 -1.57221444e-02 -1.54500119e-02 -1.22808348e-02 -1.02182031e-02 -1.24716386e-02 -1.45628583e-02 -1.19950008e-02 -1.18584782e-02 -1.13143045e-02 -1.11310519e-02 -1.42803118e-02 -1.64325256e-02 -1.10552274e-02 -9.50310938e-03 -9.77167301e-03 -5.64352702e-03 -5.24262153e-03 -5.78612648e-03 -6.52194396e-03 -8.61351006e-03 -1.13872904e-02 -1.20620411e-02 -9.72067192e-03 -9.43963788e-03 -1.15359724e-02 -1.32329669e-02 -1.01768803e-02 -9.09253769e-03 -1.17462855e-02 -1.35408919e-02 -1.24552753e-02 -1.12306774e-02 -1.15514882e-02 -1.26150418e-02 -1.44106168e-02 -1.42002814e-02 -1.54154785e-02 -1.93960462e-02 -2.07123496e-02 -2.07679309e-02 -1.87649112e-02 -1.74956955e-02 -1.88458487e-02 -1.90146919e-02 -1.34781599e-02 -1.44393090e-02 -1.67991892e-02 -1.64926071e-02 -1.85090005e-02 -1.91786755e-02 -1.68679189e-02 -1.56337321e-02 -1.43122915e-02 -8.99659656e-03 -7.37558119e-03 -2.01581810e-02 -4.68365960e-02 -5.89461103e-02 -3.58895771e-02 -1.44794825e-02 -1.22484565e-02 -1.27329249e-02 -1.40646379e-02 -1.51483435e-02 -1.34733245e-02 -2.02869661e-02 -2.98280157e-02 -3.57048884e-02 -3.12852636e-02 -2.31679194e-02 -2.20265221e-02 -2.45564375e-02 -2.39291918e-02 -1.90850683e-02 -1.58378165e-02 -1.57298185e-02 -1.53071303e-02 -1.60957910e-02 -1.69384554e-02 -1.78071037e-02 -1.78089626e-02 -1.60350204e-02 -1.47322584e-02 -1.40982959e-02 -1.35570746e-02 -1.39756259e-02 -1.52603500e-02 -1.45310983e-02 -9.70227085e-03 -6.55369274e-03 -1.18798744e-02 -2.11751349e-02 -2.49212272e-02 -2.12384872e-02 -1.85759403e-02 -1.48385931e-02 -1.21129565e-02 -1.37926051e-02 -1.29678985e-02 -8.65782797e-03 -8.78851674e-03 -7.13564269e-03 -2.09587626e-03 -3.70973721e-03 -8.14383104e-03 -8.39738920e-03 -8.62102769e-03 -9.21538845e-03 -9.03574377e-03 -1.18854046e-02 -1.59360543e-02 -1.50398239e-02 -8.46409053e-03 -4.40281443e-03 -5.15153073e-03 -3.13247554e-03 -1.87732931e-03 -4.01084498e-03 -4.23694961e-03 7.00976886e-03 1.92276184e-02 1.35707166e-02 -8.17850605e-03 -1.48340575e-02 -6.95233792e-03 7.97735527e-04 1.39760263e-02 2.22551897e-02 -1.10930949e-03 -2.18724720e-02 -2.16530152e-02 -1.82341915e-02 -1.78075451e-02 -1.53796524e-02 -1.26318038e-02 -1.30759571e-02 -1.43542327e-02 -1.54053215e-02 -1.35764107e-02 -1.30234342e-02 -1.52085647e-02 -1.38997752e-02 -1.01704225e-02 -7.98168033e-03 -9.35021974e-03 -1.19929593e-02 -1.40674971e-02 -1.38548277e-02 -1.45639144e-02 -1.76008604e-02 -1.79067962e-02 -1.71312131e-02 -1.64482631e-02 -1.40828341e-02 -1.15390476e-02 -1.45494733e-02 -1.70665793e-02 -1.47697423e-02 -8.65313038e-03 -9.72926244e-03 -1.65103264e-02 -2.02654246e-02 -1.79964826e-02 -1.51009466e-02 -1.33848190e-02 -1.15276426e-02 -1.50673762e-02 -1.99334174e-02 -2.00022776e-02 -1.65948775e-02 -1.49285737e-02 -1.49166584e-02 -1.42470673e-02 -1.63653363e-02 -1.68029945e-02 -1.31852627e-02 -1.01117212e-02 -1.00468621e-02 -1.13054402e-02 -1.29171256e-02 -1.28305759e-02 -1.00206323e-02 -1.05941780e-02 -1.26403254e-02 -1.08233504e-02 -6.14509173e-03 -4.69659828e-03 -2.81512691e-03 -4.83678654e-04
-9.99221206e-03 -3.52139305e-03 -4.86076530e-03 -5.84331714e-03 -6.47579320e-03 -1.01201832e-02 -1.09052341e-02 -1.03648771e-02 -1.51673499e-02 -1.75851770e-02 -1.65864956e-02 -1.54921971e-02 -1.33974515e-02 -1.08355433e-02 -9.93303582e-03 -1.17966011e-02 -1.25000551e-02 -1.14609171e-02 -1.12775229e-02 -1.17793679e-02 -1.18607078e-02 -1.44206751e-02 -1.66845601e-02 -1.12647209e-02 -1.00602210e-02 -9.71404277e-03 -6.09321613e-03 -7.07812421e-03 -7.38339685e-03 -8.73639062e-03 -1.04454849e-02 -1.18554533e-02 -1.31226089e-02 -1.08888615e-02 -1.06437504e-02 -1.03381686e-02 -9.75560211e-03 -8.12632218e-03 -9.36110504e-03 -1.22334193e-02 -1.23271327e-02 -1.19060259e-02 -1.05048828e-02 -1.02286320e-02 -1.56142302e-02 -1.93937812e-02 -1.65995415e-02 -1.33016370e-02 -1.50759183e-02 -1.96446478e-02 -2.20040511e-02 -1.87095087e-02 -1.65012404e-02 -1.87211372e-02 -2.07395423e-02 -1.50785502e-02 -1.18894279e-02 -1.25952717e-02 -1.31468512e-02 -1.61485113e-02 -1.91872399e-02 -1.91696640e-02 -1.79713294e-02 -1.51993465e-02 -1.09769013e-02 -8.05412233e-03 -1.55036692e-02 -3.75162661e-02 -6.22211024e-02 -4.65550348e-02 -1.26532149e-02 -2.49253586e-03 -7.84591585e-03 -1.58569403e-02 -2.19720155e-02 -2.10907254e-02 -2.34348141e-02 -3.10744513e-02 -3.42683792e-02 -2.73692105e-02 -2.32684761e-02 -2.23539993e-02 -2.34209932e-02 -2.33787317e-02 -2.00303402e-02 -1.67457890e-02 -1.72267426e-02 -1.78279597e-02 -1.86473206e-02 -1.71078220e-02 -1.60220247e-02 -1.70596205e-02 -1.61311850e-02 -1.22972205e-02 -1.09254047e-02 -1.42097250e-02 -1.79758035e-02 -1.90292262e-02 -1.66661348e-02 -1.29331723e-02 -7.45025091e-03 -1.11912843e-02 -1.68777052e-02 -2.22230274e-02 -2.07033604e-02 -1.78860128e-02 -1.34180635e-02 -1.09603629e-02 -1.24229789e-02 -1.23417024e-02 -8.50147195e-03 -6.69663772e-03 -3.22785974e-03 9.96030867e-05 -5.66917099e-03 -1.21797575e-02 -1.11265033e-02 -8.55554640e-03 -1.01494882e-02 -1.12764183e-02 -1.13958828e-02 -1.17434841e-02 -1.11247152e-02 -8.49632733e-03 -6.19913265e-03 -4.89938632e-03 -2.76232138e-03 -4.41352930e-03 -5.27138077e-03 -1.09255034e-03 7.25417398e-03 1.36540122e-02 8.78756866e-03 -7.27233104e-03 -1.17194224e-02 -5.45357168e-03 1.71357766e-04 1.42279863e-02 2.02726349e-02 -4.14576754e-03 -2.14731656e-02 -2.16874648e-02 -1.75008792e-02 -1.43400375e-02 -1.39445253e-02 -1.19359344e-02 -1.12986416e-02 -1.10881235e-02 -1.06453411e-02 -1.00036450e-02 -1.34397224e-02 -1.59020908e-02 -1.41484793e-02 -1.12852752e-02 -9.82864946e-03 -8.88383389e-03 -1.13286842e-02 -1.29517876e-02 -1.28710028e-02 -1.36675928e-02 -1.59965064e-02 -1.68701578e-02 -1.75445527e-02 -1.67342406e-02 -1.26946215e-02 -1.20315924e-02 -1.42980292e-02 -1.33429971e-02 -1.25597306e-02 -1.06143802e-02 -1.04734823e-02 -1.42623596e-02 -1.90490615e-02 -1.84182320e-02 -1.63671765e-02 -1.32781044e-02 -1.23576075e-02 -1.50206238e-02 -1.80245060e-02 -1.82764512e-02 -1.74376629e-02 -1.56310219e-02 -1.54069345e-02 -1.65152363e-02 -1.66804343e-02 -1.49849840e-02 -1.20359845e-02 -1.06358621e-02 -9.98380035e-03 -8.99245217e-03 -1.20519493e-02 -1.40812956e-02 -1.08516756e-02 -1.00057498e-02 -1.12351524e-02 -1.05782291e-02 -5.60347363e-03 -4.50481568e-03 -2.55633146e-03 -5.49703371e-04
-9.80024599e-03 -3.16103734e-03 -4.57631797e-03 -5.33941202e-03 -5.54847345e-03 -1.04005691e-02 -1.24818962e-02 -1.03765409e-02 -1.56508759e-02 -2.00984217e-02 -1.65764056e-02 -1.36821177e-02 -1.11214388e-02 -9.65942815e-03 -9.95980389e-03 -1.16064604e-02 -1.16286185e-02 -1.05612632e-02 -1.11814942e-02 -1.29767954e-02 -1.23050716e-02 -1.32632144e-02 -1.61776301e-02 -1.24536343e-02 -1.20932031e-02 -9.74434614e-03 -6.91702683e-03 -1.13346213e-02 -1.14009753e-02 -1.03061981e-02 -1.12250876e-02 -1.00252796e-02 -9.28743370e-03 -9.42230225e-03 -9.30205174e-03 -8.00919160e-03 -7.77629949e-03 -9.92751680e-03 -1.05799474e-02 -1.10565703e-02 -1.11615658e-02 -1.13144126e-02 -1.09573994e-02 -1.04755852e-02 -1.61640942e-02 -1.99287403e-02 -1.91428978e-02 -1.43727567e-02 -1.10864826e-02 -1.42575037e-02 -1.84188839e-02 -1.93175245e-02 -1.59893241e-02 -1.66216772e-02 -2.07565725e-02 -1.74548905e-02 -1.30274873e-02 -1.26763359e-02 -1.16340127e-02 -1.24681760e-02 -1.82250291e-02 -2.08755508e-02 -1.91890579e-02 -1.64376181e-02 -1.33549422e-02 -8.62576813e-03 -1.02646630e-02 -2.66629308e-02 -5.88959306e-02 -5.66254854e-02 -1.77258067e-02 -4.45265323e-04 -5.76440990e-03 -1.72396451e-02 -2.50956714e-02 -2.39991322e-02 -2.38416027e-02 -2.91940514e-02 -3.27204466e-02 -2.64232680e-02 -2.23354511e-02 -2.29051765e-02 -2.14437861e-02 -2.03112587e-02 -1.87369399e-02 -1.73719488e-02 -1.95293445e-02 -2.03213599e-02 -2.02301629e-02 -1.76450796e-02 -1.41388532e-02 -1.40989199e-02 -1.40241738e-02 -1.07582342e-02 -1.01469122e-02 -1.66999009e-02 -1.99640468e-02 -1.78918689e-02 -1.45766363e-02 -1.35725066e-02 -1.02228299e-02 -1.00744534e-02 -1.19243283e-02 -1.75856315e-02 -1.95650123e-02 -1.68892704e-02 -1.30820721e-02 -9.92091931e-03 -9.30355862e-03 -8.89682211e-03 -8.50856118e-03 -6.75462745e-03 -9.80118290e-04 2.20504403e-03 -5.88959828e-03 -1.57980174e-02 -1.53413052e-02 -1.17168501e-02 -1.06010884e-02 -1.04574282e-02 -1.04396529e-02 -8.61477666e-03 -7.22861849e-03 -7.14388117e-03 -7.74613582e-03 -5.34280576e-03 -2.36373954e-03 -4.88673616e-03 -4.80022747e-03 2.80103274e-03 5.56698628e-03 4.54088300e-03 1.00274943e-03 -6.59590960e-03 -7.21042603e-03 -2.04421021e-03 5.07904217e-03 1.74504053e-02 1.61006600e-02 -9.06556845e-03 -2.06383094e-02 -2.11667102e-02 -1.73499733e-02 -1.49524435e-02 -1.39574502e-02 -1.31717883e-02 -1.13964025e-02 -7.47566670e-03 -7.69070908e-03 -1.04382038e-02 -1.45145040e-02 -1.91936232e-02 -1.75911840e-02 -1.43981185e-02 -1.36692785e-02 -1.02039035e-02 -8.45533423e-03 -9.54810716e-03 -1.10156853e-02 -1.22451037e-02 -1.43714081e-02 -1.74600929e-02 -1.72969643e-02 -1.59036722e-02 -1.18371826e-02 -1.13973785e-02 -1.16872955e-02 -1.10682771e-02 -1.12994723e-02 -1.04382969e-02 -9.13361832e-03 -1.19513571e-02 -1.77451279e-02 -2.05349457e-02 -2.00643279e-02 -1.94139350e-02 -1.63795967e-02 -1.43690780e-02 -1.40078887e-02 -1.48502737e-02 -1.55723467e-02 -1.58256292e-02 -1.74620133e-02 -1.92552507e-02 -1.72109287e-02 -1.46563500e-02 -1.28479525e-02 -1.18166413e-02 -1.05687603e-02 -7.68936798e-03 -9.13186371e-03 -1.17773060e-02 -1.03478134e-02 -1.00467019e-02 -8.22077878e-03 -8.41340702e-03 -5.19654527e-03 -3.69457062e-03 -1.78412255e-03 -1.56923058e-03
-9.60442983e-03 -2.94401310e-03 -4.75985650e-03 -5.27759641e-03 -5.16723469e-03 -1.09161306e-02 -1.53330248e-02 -1.19537059e-02 -1.37932468e-02 -1.89779159e-02 -1.55608822e-02 -1.27080623e-02 -1.08913071e-02 -1.05940308e-02 -1.04630329e-02 -9.45395045e-03 -1.07289162e-02 -1.10412985e-02 -1.06638391e-02 -1.19548831e-02 -1.33918095e-02 -1.36263501e-02 -1.39212254e-02 -1.13624278e-02 -1.30255986e-02 -9.38727520e-03 -8.38366430e-03 -1.37670785e-02 -1.26514705e-02 -1.12844948e-02 -1.13781001e-02 -1.03813726e-02 -8.97808187e-03 -7.64300115e-03 -7.68308155e-03 -7.11476058e-03 -6.25794567e-03 -6.83177635e-03 -8.86614434e-03 -1.08281188e-02 -1.23492219e-02 -1.32679325e-02 -1.34920329e-02 -1.21850856e-02 -1.32792853e-02 -1.90689303e-02 -2.06801035e-02 -1.98071320e-02 -1.46809146e-02 -1.33232269e-02 -1.68317873e-02 -1.99808162e-02 -1.33695528e-02 -1.29046738e-02 -1.90102085e-02 -1.78499687e-02 -1.55931339e-02 -1.51449051e-02 -1.30094122e-02 -1.11069754e-02 -1.63266230e-02 -2.00730003e-02 -1.83192994e-02 -1.60769541e-02 -1.42869838e-02 -1.17542353e-02 -9.30239260e-03 -1.58061627e-02 -4.63364571e-02 -5.57319671e-02 -2.62209661e-02 -5.76278381e-03 -7.62461126e-03 -1.82302762e-02 -2.66324077e-02 -2.44186409e-02 -2.04375461e-02 -2.42741089e-02 -2.77167372e-02 -2.56350711e-02 -2.39288937e-02 -2.34448388e-02 -2.02457719e-02 -1.79535169e-02 -1.73038114e-02 -1.83429196e-02 -2.14717500e-02 -2.17155963e-02 -1.97631605e-02 -1.73483640e-02 -1.34901628e-02 -1.34391282e-02 -1.40026323e-02 -1.03668459e-02 -1.00884009e-02 -1.67059824e-02 -1.88785158e-02 -1.60310604e-02 -1.42296776e-02 -1.57673508e-02 -1.37180276e-02 -1.06971208e-02 -9.10350867e-03 -1.31556299e-02 -1.89279653e-02 -1.93892308e-02 -1.46389324e-02 -9.23083723e-03 -6.78970106e-03 -7.25582801e-03 -8.88945162e-03 -6.62673265e-03 1.06514804e-03 3.13069485e-03 -6.41213264e-03 -1.63192563e-02 -1.63710564e-02 -1.29439831e-02 -1.23006236e-02 -1.10374279e-02 -1.01157986e-02 -7.01295957e-03 -5.43162040e-03 -7.36835785e-03 -9.94068198e-03 -6.20407239e-03 -3.04445252e-03 -5.15013095e-03 -3.46979033e-03 5.31555153e-03 6.56506978e-03 1.81902200e-04 -5.01586869e-03 -7.33383372e-03 -5.46605512e-03 -2.69788131e-03 1.06077194e-02 2.33308710e-02 1.14209354e-02 -1.34259611e-02 -2.25344114e-02 -1.91774331e-02 -1.49782989e-02 -1.34577174e-02 -1.32689159e-02 -1.34557988e-02 -1.53274331e-02 -1.38488524e-02 -1.20628905e-02 -7.73386285e-03 -9.04242322e-03 -1.68335605e-02 -1.87553149e-02 -1.48380324e-02 -1.37786884e-02 -1.10712778e-02 -8.85443203e-03 -8.53281282e-03 -9.20913368e-03 -1.19400583e-02 -1.55789703e-02 -1.70764774e-02 -1.59592666e-02 -1.46945920e-02 -1.27100572e-02 -1.05755031e-02 -9.45932232e-03 -1.19788144e-02 -1.43524650e-02 -1.21810436e-02 -1.02461167e-02 -1.24618337e-02 -1.79832019e-02 -2.13611145e-02 -1.92888826e-02 -1.81808453e-02 -1.74397882e-02 -1.32250860e-02 -1.05354302e-02 -1.09325685e-02 -1.42367110e-02 -1.72746871e-02 -1.87230557e-02 -1.91360321e-02 -1.62751712e-02 -1.50356162e-02 -1.48095712e-02 -1.49627673e-02 -1.54871466e-02 -1.16886478e-02 -9.28765722e-03 -9.88850556e-03 -1.06243659e-02 -1.07859094e-02 -6.49474747e-03 -5.36616612e-03 -2.73239892e-03 -1.73623860e-03 -1.26643106e-04 -1.85323134e-03
-9.35894251e-03 -3.50916386e-03 -5.24942297e-03 -5.20956516e-03 -4.95682284e-03 -1.09822322e-02 -1.89532209e-02 -1.64286327e-02 -1.37562677e-02 -1.57603845e-02 -1.45447031e-02 -1.25507675e-02 -1.12045333e-02 -1.07427426e-02 -1.17761474e-02 -8.30318965e-03 -8.82463902e-03 -1.05757099e-02 -9.87761468e-03 -1.07597727e-02 -1.18208546e-02 -1.11040343e-02 -1.04132537e-02 -9.46724601e-03 -1.23478007e-02 -9.99935530e-03 -8.81379005e-03 -1.32148983e-02 -1.20922085e-02 -1.07064582e-02 -1.20317824e-02 -1.08959973e-02 -9.23164934e-03 -7.04293139e-03 -6.73687831e-03 -6.67181239e-03 -5.51301800e-03 -6.70427456e-03 -9.12802666e-03 -1.19925458e-02 -1.47409402e-02 -1.57980248e-02 -1.61585417e-02 -1.42709855e-02 -1.33312624e-02 -1.44291148e-02 -1.62851233e-02 -2.04996299e-02 -2.11569350e-02 -1.84636526e-02 -1.61496196e-02 -1.73304155e-02 -1.58105064e-02 -1.40279531e-02 -1.75732542e-02 -1.61486585e-02 -1.56444646e-02 -1.67960748e-02 -1.60765238e-02 -1.24384407e-02 -1.45452488e-02 -1.75872855e-02 -1.65365059e-02 -1.48116108e-02 -1.27746519e-02 -1.01666693e-02 -1.08394809e-02 -1.07116327e-02 -2.78286152e-02 -4.57735397e-02 -3.33232991e-02 -1.63286980e-02 -1.20084155e-02 -1.77350827e-02 -2.49892697e-02 -2.36802269e-02 -2.07730047e-02 -2.26348881e-02 -2.28833724e-02 -2.38552094e-02 -2.64652725e-02 -2.72917300e-02 -2.29577273e-02 -1.79317836e-02 -1.50714908e-02 -1.70424804e-02 -2.11275090e-02 -2.10736245e-02 -1.83751993e-02 -1.54578798e-02 -1.29350051e-02 -1.47339115e-02 -1.54968994e-02 -1.18591543e-02 -1.14922691e-02 -1.76032316e-02 -2.00887285e-02 -1.55941695e-02 -1.26722921e-02 -1.51513107e-02 -1.61292683e-02 -1.32772438e-02 -9.83389094e-03 -1.02654770e-02 -1.59593374e-02 -2.15359926e-02 -1.81929655e-02 -8.82279128e-03 -4.28868271e-03 -4.82765026e-03 -7.96851143e-03 -5.82622923e-03 2.65002437e-03 3.61232832e-03 -6.31772354e-03 -1.44651402e-02 -1.20816818e-02 -1.10428743e-02 -1.29754227e-02 -1.14941578e-02 -1.00053884e-02 -6.40974008e-03 -4.25695255e-03 -8.24480318e-03 -1.03013255e-02 -6.95388950e-03 -5.25405444e-03 -6.90927263e-03 -3.99798155e-03 6.67199492e-03 9.22628492e-03 1.87867135e-03 -5.31133451e-03 -6.25967421e-03 -7.74513371e-03 -3.63126397e-03 1.79927349e-02 2.47090627e-02 5.22178225e-03 -1.73530057e-02 -2.32130736e-02 -1.72252543e-02 -1.30477231e-02 -1.13682933e-02 -1.22891795e-02 -1.47944968e-02 -1.93748958e-02 -1.90533213e-02 -1.48124322e-02 -8.47632438e-03 -6.46724179e-03 -1.16249919e-02 -1.47191361e-02 -1.39517244e-02 -1.42341033e-02 -1.35505442e-02 -1.21362917e-02 -9.20356810e-03 -8.59558396e-03 -1.31741296e-02 -1.75103098e-02 -1.81295071e-02 -1.56061910e-02 -1.47661921e-02 -1.46729369e-02 -1.11040715e-02 -8.79769027e-03 -1.21661033e-02 -1.55361965e-02 -1.44025106e-02 -1.17389113e-02 -1.07084997e-02 -1.39256343e-02 -1.72943901e-02 -1.54011548e-02 -1.45438313e-02 -1.50806308e-02 -1.16482973e-02 -1.10663921e-02 -1.14531890e-02 -1.35764591e-02 -1.79685503e-02 -1.82923619e-02 -1.74784660e-02 -1.54593438e-02 -1.42472908e-02 -1.52734946e-02 -1.48138627e-02 -1.46491248e-02 -1.19778551e-02 -9.31022689e-03 -9.81933437e-03 -9.99866053e-03 -1.09526198e-02 -7.22451136e-03 -4.08941600e-03 -1.60388835e-03 -6.73643313e-04 3.26348469e-04 -1.95058016e-03
-9.43276845e-03 -4.05387580e-03 -6.00582082e-03 -5.82237914e-03 -5.46126068e-03 -9.80922766e-03 -1.69932246e-02 -1.76948607e-02 -1.62258931e-02 -1.48557909e-02 -1.35798082e-02 -1.23282839e-02 -1.04228165e-02 -1.06013622e-02 -1.34075172e-02 -1.08472090e-02 -9.42401215e-03 -9.64987651e-03 -7.86865875e-03 -8.77441466e-03 -1.06471591e-02 -9.58546810e-03 -9.71062295e-03 -1.05186645e-02 -1.32837901e-02 -1.07252076e-02 -8.47933162e-03 -9.37749073e-03 -9.67476144e-03 -1.07589848e-02 -1.17684174e-02 -1.13336369e-02 -8.58333521e-03 -5.44035994e-03 -6.86869584e-03 -6.88981824e-03 -5.46933524e-03 -7.98651576e-03 -9.54606943e-03 -1.25187282e-02 -1.69103034e-02 -1.72707979e-02 -1.58275794e-02 -1.57463960e-02 -1.62182469e-02 -1.43757686e-02 -1.41583532e-02 -1.99442580e-02 -2.32521947e-02 -2.11643111e-02 -1.76469423e-02 -1.55723933e-02 -1.63265709e-02 -1.56211033e-02 -1.75417364e-02 -1.41798202e-02 -1.35929734e-02 -1.45884771e-02 -1.55736692e-02 -1.20322593e-02 -1.32908691e-02 -1.70942303e-02 -1.61291417e-02 -1.40506737e-02 -1.17207430e-02 -1.05687696e-02 -1.35652963e-02 -9.98696126e-03 -1.33809894e-02 -3.08293179e-02 -3.67204510e-02 -3.00702658e-02 -1.82644278e-02 -1.57896932e-02 -2.21873950e-02 -2.15590075e-02 -2.20873188e-02 -2.32395139e-02 -1.91149712e-02 -2.07555499e-02 -2.58889738e-02 -2.71002650e-02 -2.55972333e-02 -2.07177959e-02 -1.46925598e-02 -1.43034030e-02 -1.80472899e-02 -1.90089811e-02 -1.69009119e-02 -1.38139781e-02 -1.24542033e-02 -1.61340162e-02 -1.69392489e-02 -1.43854879e-02 -1.33044086e-02 -1.82087515e-02 -2.27733068e-02 -1.89977735e-02 -1.24169104e-02 -1.31808370e-02 -1.55469887e-02 -1.34849828e-02 -1.08249467e-02 -9.94978100e-03 -1.20556522e-02 -1.83101390e-02 -1.82219893e-02 -8.16615298e-03 -4.98067588e-04 -2.93954648e-03 -8.37598741e-03 -5.21222502e-03 3.30257975e-03 3.15836724e-03 -4.78477217e-03 -1.26434984e-02 -1.16224568e-02 -1.10827498e-02 -1.40259694e-02 -1.33816991e-02 -1.24471411e-02 -1.04426052e-02 -7.90502317e-03 -9.12091695e-03 -8.88416916e-03 -3.84503230e-03 -5.71465492e-03 -9.23120696e-03 -4.50522639e-03 6.37752935e-03 1.02305375e-02 2.56849453e-03 -3.84050608e-03 -6.39633834e-03 -7.91184977e-03 6.75728917e-03 2.41960157e-02 1.48349013e-02 -4.94294427e-03 -1.75241567e-02 -1.97917558e-02 -1.57817174e-02 -1.30376387e-02 -1.12406369e-02 -1.28591787e-02 -1.78256277e-02 -2.12166086e-02 -1.86637137e-02 -1.37772299e-02 -1.40294135e-02 -1.22268610e-02 -1.32625382e-02 -1.32130049e-02 -1.16467904e-02 -1.26574915e-02 -1.29895806e-02 -1.35391932e-02 -1.23411808e-02 -9.96246003e-03 -1.06688421e-02 -1.32541768e-02 -1.53245386e-02 -1.56388991e-02 -1.35059394e-02 -1.53782181e-02 -1.60477683e-02 -1.42360628e-02 -1.30261872e-02 -1.38960108e-02 -1.18662473e-02 -1.21078342e-02 -1.04620680e-02 -1.04731582e-02 -1.32340603e-02 -1.14118494e-02 -1.10958442e-02 -1.37899518e-02 -1.36834159e-02 -1.36256441e-02 -1.31442845e-02 -1.52913444e-02 -1.87441912e-02 -1.69497207e-02 -1.46517958e-02 -1.42281633e-02 -1.39301196e-02 -1.55731793e-02 -1.52744707e-02 -1.37501899e-02 -1.00224018e-02 -9.00314376e-03 -1.01589784e-02 -1.00433882e-02 -1.06235370e-02 -8.08162335e-03 -4.44345083e-03 -1.90710090e-03 -9.88316722e-04 -6.94982708e-04 -2.48100236e-03
-8.97510257e-03 -5.12885954e-03 -8.03874340e-03 -9.42733977e-03 -6.61851093e-03 -8.81583616e-03 -1.62657928e-02 -1.82635114e-02 -1.64895579e-02 -1.25627853e-02 -1.26766954e-02 -1.22337546e-02 -9.98778455e-03 -9.63710994e-03 -1.38259381e-02 -1.36357844e-02 -1.13582145e-02 -1.00744385e-02 -1.00684371e-02 -1.03453360e-02 -1.03588402e-02 -6.90519810e-03 -7.73792714e-03 -1.10720955e-02 -1.34865819e-02 -1.10016586e-02 -8.35404545e-03 -9.42800567e-03 -1.08888261e-02 -1.14089884e-02 -1.13208629e-02 -1.04509126e-02 -8.67017545e-03 -4.91167419e-03 -6.12992235e-03 -8.27144459e-03 -7.64927082e-03 -8.14674236e-03 -8.12575221e-03 -7.55200535e-03 -1.35795791e-02 -1.71372741e-02 -1.71410684e-02 -1.72470231e-02 -1.90665722e-02 -1.52648352e-02 -1.38347317e-02 -1.80346761e-02 -1.88042931e-02 -1.74337141e-02 -1.71969999e-02 -1.37048122e-02 -1.47290472e-02 -1.46262478e-02 -1.59359276e-02 -1.32276285e-02 -1.26815345e-02 -1.39013659e-02 -1.50242932e-02 -1.31203718e-02 -1.41144190e-02 -1.71751063e-02 -1.48904547e-02 -1.21034365e-02 -1.01548731e-02 -1.10920630e-02 -1.31252930e-02 -9.84210148e-03 -4.83059511e-03 -1.96775291e-02 -3.86531353e-02 -4.37838808e-02 -2.67451555e-02 -1.28423981e-02 -1.69198792e-02 -1.89988464e-02 -2.20289845e-02 -2.23682597e-02 -1.69072114e-02 -1.86622702e-02 -2.52205934e-02 -2.60138623e-02 -2.55703982e-02 -2.27786973e-02 -1.39930937e-02 -1.02858972e-02 -1.47440918e-02 -1.82311647e-02 -1.69782937e-02 -1.26261665e-02 -1.03851585e-02 -1.34798093e-02 -1.57543086e-02 -1.66831650e-02 -1.77967455e-02 -2.01365612e-02 -2.30554081e-02 -2.05561630e-02 -1.23510975e-02 -1.18218288e-02 -1.50416158e-02 -1.47911068e-02 -1.29317101e-02 -1.00127831e-02 -9.07191075e-03 -1.45122446e-02 -1.66162066e-02 -7.37264007e-03 1.17742643e-03 -1.73656456e-03 -8.45207833e-03 -6.88425824e-03 4.01021913e-04 1.42691284e-03 -2.18146760e-03 -9.01977345e-03 -1.21454466e-02 -1.34998886e-02 -1.52041633e-02 -1.36274174e-02 -1.25892665e-02 -1.05466023e-02 -8.17241706e-03 -7.03492016e-03 -7.59056024e-03 -3.90145555e-03 -5.97689115e-03 -1.19632287e-02 -4.08424810e-03 6.47405721e-03 8.02064501e-03 1.80510432e-03 -2.54191458e-03 -5.54062426e-04 3.27498652e-03 1.82406753e-02 2.21667979e-02 1.27561390e-03 -1.38876149e-02 -1.78581048e-02 -1.69831440e-02 -1.64452791e-02 -1.50375701e-02 -1.27454996e-02 -1.41764414e-02 -1.71798710e-02 -1.75463930e-02 -1.47380251e-02 -1.28271114e-02 -1.58678554e-02 -1.60326455e-02 -1.36003960e-02 -1.15413275e-02 -7.68212974e-03 -1.13365632e-02 -1.52236558e-02 -1.64074730e-02 -1.45318154e-02 -1.11240838e-02 -9.09709185e-03 -1.08554140e-02 -1.49592683e-02 -1.61368512e-02 -1.32154841e-02 -1.26781315e-02 -1.56004466e-02 -1.47064067e-02 -1.26143675e-02 -9.78331268e-03 -8.86844844e-03 -9.31902230e-03 -7.68237188e-03 -7.83034042e-03 -1.11294463e-02 -1.19787715e-02 -9.67027619e-03 -9.76236165e-03 -1.18739605e-02 -1.32595114e-02 -1.62806455e-02 -1.89277697e-02 -2.08322313e-02 -1.72787365e-02 -1.45242345e-02 -1.53597575e-02 -1.56450514e-02 -1.56356152e-02 -1.51415486e-02 -1.32384356e-02 -9.03492793e-03 -7.89144263e-03 -9.36900824e-03 -8.93130153e-03 -9.22681578e-03 -7.75881112e-03 -4.36950196e-03 -2.22727191e-03 -1.40213687e-03 -1.49818650e-03 -2.60617118e-03
-9.97217651e-03 -5.48634958e-03 -7.51272403e-03 -1.01269418e-02 -7.28753954e-03 -8.23719613e-03 -1.55985970e-02 -1.80794075e-02 -1.69421919e-02 -1.24848764e-02 -1.33491717e-02 -1.34974029e-02 -1.26669593e-02 -1.02412198e-02 -1.07791182e-02 -1.13160573e-02 -1.20270923e-02 -1.22010373e-02 -1.21260509e-02 -1.06765628e-02 -8.91024061e-03 -6.41001575e-03 -8.44761916e-03 -1.22364676e-02 -1.20942798e-02 -9.13476199e-03 -7.69682042e-03 -9.15079750e-03 -1.28061436e-02 -1.24946032e-02 -1.01462733e-02 -9.08925384e-03 -9.94633883e-03 -7.71425292e-03 -7.18571246e-03 -9.86918993e-03 -9.38563421e-03 -1.03573445e-02 -1.01472978e-02 -6.93499111e-03 -1.08343456e-02 -1.57160778e-02 -1.66106299e-02 -1.66703016e-02 -1.96463000e-02 -1.67567786e-02 -1.20523199e-02 -1.48510281e-02 -1.67599190e-02 -1.69583429e-02 -1.71779133e-02 -1.10331327e-02 -1.02295727e-02 -1.16861016e-02 -1.43748932e-02 -1.43499840e-02 -1.34871900e-02 -1.14803091e-02 -1.33650675e-02 -1.51186436e-02 -1.59343109e-02 -1.63787678e-02 -1.36082657e-02 -1.00849457e-02 -8.23708437e-03 -1.05767064e-02 -1.19634140e-02 -8.30136612e-03 -1.74167380e-03 -1.20785832e-02 -3.54592577e-02 -4.88478467e-02 -3.65786515e-02 -1.56518538e-02 -1.22872703e-02 -1.55516323e-02 -1.97185501e-02 -2.13375576e-02 -1.70844998e-02 -1.93125233e-02 -2.48632450e-02 -2.33538095e-02 -2.37729624e-02 -2.38342937e-02 -1.42341480e-02 -8.24593380e-03 -1.25486795e-02 -1.63275842e-02 -1.61953848e-02 -1.30516579e-02 -1.02452859e-02 -1.07395286e-02 -1.29887881e-02 -1.70242097e-02 -1.91440172e-02 -1.98818445e-02 -2.22040303e-02 -2.26899236e-02 -1.68555416e-02 -1.12326015e-02 -1.32401679e-02 -1.65430941e-02 -1.49701331e-02 -1.08682411e-02 -8.07839911e-03 -1.00924280e-02 -1.27734458e-02 -8.78165662e-03 -3.88694927e-04 -8.08576122e-04 -6.77336752e-03 -7.77615327e-03 -3.45238298e-03 -1.95535924e-03 -4.39429656e-04 -3.97688430e-03 -9.12916008e-03 -1.32627944e-02 -1.60514973e-02 -1.21444333e-02 -8.43108445e-03 -7.47047924e-03 -7.61809200e-03 -7.97813199e-03 -9.49613191e-03 -5.88250905e-03 -7.75987096e-03 -1.35560967e-02 -3.64208221e-03 6.72025047e-03 8.57857987e-03 7.21525401e-04 -3.79434600e-03 7.00042397e-03 1.65683106e-02 2.30565686e-02 1.69510208e-02 -7.11846817e-03 -2.19752509e-02 -1.94190387e-02 -1.52129065e-02 -1.62107870e-02 -1.50079876e-02 -1.34729519e-02 -1.53483078e-02 -1.60461422e-02 -1.55868940e-02 -1.54412203e-02 -1.43477004e-02 -1.58402342e-02 -1.70221217e-02 -1.68215055e-02 -1.51286051e-02 -9.58635844e-03 -8.84632207e-03 -1.32388193e-02 -1.38809867e-02 -1.33318622e-02 -1.33045223e-02 -1.01187155e-02 -9.65590216e-03 -1.49414875e-02 -1.47632826e-02 -1.12618953e-02 -9.27181914e-03 -1.22521687e-02 -1.30075086e-02 -1.53838731e-02 -1.23694278e-02 -9.47314128e-03 -9.52858478e-03 -6.78971782e-03 -3.29484418e-03 -9.29408893e-03 -1.31438971e-02 -1.56144891e-02 -1.27442703e-02 -1.26422942e-02 -1.38291176e-02 -1.62693635e-02 -1.81434657e-02 -1.83524992e-02 -1.58750229e-02 -1.41156036e-02 -1.54441390e-02 -1.54462643e-02 -1.45504735e-02 -1.37614794e-02 -1.17516089e-02 -9.15819034e-03 -8.58941488e-03 -9.12879966e-03 -8.22769292e-03 -1.00551508e-02 -7.58606661e-03 -4.23451979e-03 -3.24208383e-03 -2.20066123e-03 -2.65624048e-03 -3.34317191e-03
-1.09509062e-02 -7.09684938e-03 -8.39266647e-03 -1.07329944e-02 -5.87609410e-03 -5.04072197e-03 -1.43844076e-02 -1.98916290e-02 -1.85806006e-02 -1.30218677e-02 -1.22192409e-02 -1.22870449e-02 -1.34442076e-02 -1.15251951e-02 -9.03490745e-03 -8.87294486e-03 -1.18045993e-02 -1.29754655e-02 -1.26843583e-02 -8.40038806e-03 -6.72081299e-03 -6.40637800e-03 -6.49269670e-03 -8.64141434e-03 -1.12587577e-02 -1.08121922e-02 -7.76747614e-03 -6.81672059e-03 -1.11850295e-02 -1.30336620e-02 -1.01039205e-02 -8.55572335e-03 -1.12427864e-02 -1.04721617e-02 -8.57889093e-03 -9.53743048e-03 -9.16912407e-03 -8.99462961e-03 -9.33045521e-03 -6.65122829e-03 -9.90651548e-03 -1.56518836e-02 -1.70356948e-02 -1.42510086e-02 -1.45850778e-02 -1.35442708e-02 -1.23028085e-02 -1.69908516e-02 -1.80107951e-02 -1.47346817e-02 -1.40890274e-02 -1.04233325e-02 -9.52553377e-03 -1.36321783e-02 -1.65244248e-02 -1.83410682e-02 -1.72125418e-02 -1.35832056e-02 -1.59321073e-02 -1.74308904e-02 -1.53944455e-02 -1.36664212e-02 -1.20925494e-02 -9.50153172e-03 -7.37294927e-03 -9.67568532e-03 -1.02794468e-02 -8.51892866e-03 -4.92554344e-03 -7.60575943e-03 -2.58019902e-02 -4.43224497e-02 -4.37035225e-02 -2.73244865e-02 -1.26493815e-02 -9.21301730e-03 -1.51224975e-02 -1.97392497e-02 -1.78629532e-02 -2.08521672e-02 -2.45332625e-02 -2.09313706e-02 -2.26340275e-02 -2.42790971e-02 -1.56315193e-02 -9.91992652e-03 -1.31715033e-02 -1.63604785e-02 -1.41224181e-02 -1.04173683e-02 -9.30534955e-03 -1.00972438e-02 -1.23894485e-02 -1.56003898e-02 -1.64797548e-02 -1.73177216e-02 -2.13012416e-02 -2.35269889e-02 -1.95686426e-02 -1.15305055e-02 -1.06018633e-02 -1.67516731e-02 -1.64210182e-02 -1.07268011e-02 -6.78296946e-03 -6.66141883e-03 -7.85259157e-03 -6.77428581e-03 -3.45631503e-03 -4.44010831e-03 -7.21039809e-03 -6.99345302e-03 -4.85056359e-03 -4.38214745e-03 -1.39096100e-03 -2.35436298e-03 -6.06069155e-03 -1.01318918e-02 -1.48462374e-02 -1.00273676e-02 -1.36444718e-03 -1.94388442e-03 -6.83225505e-03 -1.09667070e-02 -1.26195922e-02 -8.34213383e-03 -9.62511264e-03 -1.55579746e-02 -5.24036027e-03 2.85223313e-03 6.48323447e-03 1.15785562e-03 -3.93141620e-03 1.40330717e-02 2.40916107e-02 1.55605171e-02 3.23493406e-03 -1.28272530e-02 -2.06366889e-02 -1.61277335e-02 -1.18490327e-02 -1.41771641e-02 -1.54649839e-02 -1.55399591e-02 -1.71241034e-02 -1.66079588e-02 -1.47243682e-02 -1.55559629e-02 -1.67998672e-02 -1.68684255e-02 -1.49515960e-02 -1.59689244e-02 -1.62684638e-02 -1.20144747e-02 -1.10209882e-02 -1.23193003e-02 -1.34471599e-02 -1.50134154e-02 -1.46477036e-02 -9.54724848e-03 -8.52199458e-03 -1.45888906e-02 -1.39418654e-02 -1.18875243e-02 -9.62790474e-03 -1.12927090e-02 -1.20292921e-02 -1.46811455e-02 -1.11347791e-02 -1.15661342e-02 -1.32486206e-02 -9.61523131e-03 -2.56670639e-03 -7.11325556e-03 -1.44952293e-02 -2.17610803e-02 -1.77285746e-02 -1.29834786e-02 -1.28395818e-02 -1.42794810e-02 -1.55208334e-02 -1.49788186e-02 -1.52459238e-02 -1.62092373e-02 -1.61554348e-02 -1.58415027e-02 -1.45849474e-02 -1.25438720e-02 -9.95820388e-03 -9.30066593e-03 -1.02837235e-02 -1.00196805e-02 -9.18367319e-03 -1.03504956e-02 -7.34243821e-03 -4.40453272e-03 -3.81616969e-03 -4.03305236e-03 -2.95422971e-03 -3.88697954e-03
-1.05348909e-02 -8.07177648e-03 -1.03078187e-02 -1.03754243e-02 -7.61602074e-03 -6.03852794e-03 -1.19561944e-02 -1.76157858e-02 -1.83327142e-02 -1.44558139e-02 -1.16846319e-02 -1.13750361e-02 -1.23155750e-02 -1.11322720e-02 -7.76349381e-03 -7.50547647e-03 -1.04939751e-02 -1.19432472e-02 -1.19824987e-02 -7.99394585e-03 -6.65875338e-03 -8.71828385e-03 -7.68445060e-03 -7.52345845e-03 -1.12277269e-02 -1.08856391e-02 -8.35433230e-03 -7.91123323e-03 -1.19850375e-02 -1.17696654e-02 -8.25774856e-03 -9.04207490e-03 -1.29806073e-02 -1.29488008e-02 -8.76965187e-03 -6.94207661e-03 -7.37099908e-03 -8.79113935e-03 -9.95823555e-03 -9.69483145e-03 -1.34407524e-02 -1.66726001e-02 -1.44033302e-02 -9.79902409e-03 -9.72345471e-03 -1.20001249e-02 -1.25211701e-02 -1.67070460e-02 -1.89316515e-02 -1.83633100e-02 -1.75213255e-02 -1.33158546e-02 -8.61071795e-03 -1.10442042e-02 -1.60723049e-02 -2.04191115e-02 -1.91921387e-02 -1.74601469e-02 -1.92233939e-02 -1.69857182e-02 -1.25259832e-02 -1.18557829e-02 -1.35583375e-02 -1.09746009e-02 -7.50335492e-03 -7.62998685e-03 -7.14339130e-03 -7.08015263e-03 -7.75188580e-03 -6.05916791e-03 -1.45326126e-02 -3.35674919e-02 -4.54916432e-02 -3.88211682e-02 -1.79803595e-02 -7.34358467e-03 -1.48049723e-02 -2.00961381e-02 -1.74503513e-02 -1.92283578e-02 -2.20706146e-02 -2.09371299e-02 -2.21777186e-02 -2.33219359e-02 -1.75753869e-02 -1.38273034e-02 -1.35190822e-02 -1.12924185e-02 -9.21193697e-03 -8.66687857e-03 -9.82974097e-03 -1.19388299e-02 -1.34509606e-02 -1.31441820e-02 -1.30327977e-02 -1.55501291e-02 -1.85849220e-02 -2.15362124e-02 -2.02167518e-02 -1.41607486e-02 -1.19992103e-02 -1.32833421e-02 -1.27771730e-02 -1.00404248e-02 -6.35642651e-03 -4.48579527e-03 -4.85111587e-03 -5.98965585e-03 -6.72400370e-03 -7.83095695e-03 -6.59988821e-03 -3.74796428e-03 -3.88178322e-03 -6.65691588e-03 -5.69838099e-03 -5.58443088e-03 -6.03387691e-03 -8.76125135e-03 -1.23921987e-02 -6.56295195e-03 1.81688368e-03 -1.97261386e-03 -8.10802728e-03 -1.35852210e-02 -1.35967322e-02 -8.81379843e-03 -8.19229148e-03 -1.10132601e-02 -4.39668819e-03 -1.03800930e-03 2.77824700e-03 3.52199562e-03 4.30725329e-03 2.10658908e-02 2.14065425e-02 1.97122805e-03 -1.07661337e-02 -1.39482366e-02 -1.50737241e-02 -1.37993209e-02 -1.25755724e-02 -1.30234957e-02 -1.32993683e-02 -1.73744243e-02 -2.00021975e-02 -1.88026857e-02 -1.65169556e-02 -1.54183079e-02 -1.69016626e-02 -1.66976471e-02 -1.33648030e-02 -1.42589211e-02 -1.61704775e-02 -1.46660544e-02 -1.40784830e-02 -1.27828140e-02 -1.11934710e-02 -1.28785297e-02 -1.40418150e-02 -1.19558796e-02 -9.71138291e-03 -1.40626468e-02 -1.45662166e-02 -1.19250268e-02 -1.16446689e-02 -1.27398074e-02 -1.35671850e-02 -1.43536534e-02 -1.03996154e-02 -1.23941507e-02 -1.63143966e-02 -1.55951325e-02 -8.87630135e-03 -6.44564629e-03 -1.25044174e-02 -2.18663868e-02 -2.05103848e-02 -1.52849853e-02 -1.54274553e-02 -1.62655879e-02 -1.60946008e-02 -1.35553796e-02 -1.26233157e-02 -1.38170309e-02 -1.43224429e-02 -1.53235327e-02 -1.55951660e-02 -1.19457971e-02 -7.84469210e-03 -8.84801894e-03 -1.13811940e-02 -1.39790680e-02 -1.29502947e-02 -1.10325022e-02 -6.09474164e-03 -3.45136691e-03 -3.80226690e-03 -5.26313856e-03 -2.09404249e-03 -3.29374755e-03
-1.04655083e-02 -6.75554853e-03 -9.25558433e-03 -8.76173005e-03 -7.93387368e-03 -6.80348277e-03 -8.93534720e-03 -1.44012626e-02 -1.79454628e-02 -1.56815387e-02 -1.25016496e-02 -1.09100044e-02 -1.14221275e-02 -1.09685585e-02 -7.61839747e-03 -8.60010833e-03 -1.09996926e-02 -1.10728461e-02 -1.23558640e-02 -1.06059294e-02 -9.55804251e-03 -1.14328498e-02 -9.26993415e-03 -7.57192075e-03 -9.66975093e-03 -1.11104781e-02 -1.02441004e-02 -1.07695460e-02 -1.14602260e-02 -1.05665233e-02 -8.10987316e-03 -1.00662280e-02 -1.45334145e-02 -1.39910197e-02 -9.51990858e-03 -6.55088760e-03 -6.95777312e-03 -1.07218158e-02 -1.14921480e-02 -9.94030386e-03 -1.06729046e-02 -1.32658798e-02 -1.08164214e-02 -1.13159586e-02 -1.32539850e-02 -1.17260627e-02 -1.31095499e-02 -1.64967105e-02 -1.56291090e-02 -1.49695370e-02 -1.79768987e-02 -1.76841784e-02 -1.39436685e-02 -1.25487559e-02 -1.64098796e-02 -2.08312199e-02 -1.99093372e-02 -1.91200748e-02 -1.89074501e-02 -1.51636340e-02 -1.01024732e-02 -1.02329925e-02 -1.48209222e-02 -1.24885589e-02 -7.51016662e-03 -6.13318384e-03 -6.05992600e-03 -5.95574081e-03 -7.89432600e-03 -7.54903071e-03 -9.03781317e-03 -2.06964631e-02 -3.68560739e-02 -4.13152277e-02 -2.88070403e-02 -1.51017625e-02 -1.24014653e-02 -1.76040139e-02 -1.72349568e-02 -1.94640309e-02 -2.00710911e-02 -1.85357481e-02 -2.12082006e-02 -2.22284961e-02 -1.85361709e-02 -1.60023384e-02 -1.23714693e-02 -7.61823915e-03 -7.91976787e-03 -9.26699862e-03 -1.05792731e-02 -1.33055896e-02 -1.47308381e-02 -1.36213116e-02 -1.21854674e-02 -1.46605466e-02 -1.60706341e-02 -1.85166411e-02 -1.99160352e-02 -1.53828729e-02 -1.32109504e-02 -1.14117265e-02 -8.28940421e-03 -9.18198470e-03 -8.49737413e-03 -3.80798802e-03 -1.94645114e-03 -3.46095301e-03 -8.82546790e-03 -1.20753730e-02 -5.80144301e-03 5.50905243e-04 -1.67335663e-03 -7.73612969e-03 -1.05112670e-02 -1.04722213e-02 -8.32848065e-03 -8.14612955e-03 -9.91122983e-03 -7.37565570e-03 -1.42758712e-03 -3.55371088e-03 -8.25591944e-03 -1.14789447e-02 -1.13996202e-02 -7.76755065e-03 -5.09436615e-03 -3.70527245e-03 -2.48617679e-03 -5.07917441e-03 -3.75598483e-03 4.42872196e-03 1.45211853e-02 1.97322443e-02 1.03201000e-02 -6.55558985e-03 -1.49971573e-02 -1.24221463e-02 -1.24385739e-02 -1.26782786e-02 -1.18082408e-02 -1.29088238e-02 -1.45808849e-02 -1.91954225e-02 -2.27492284e-02 -2.23829616e-02 -1.91494673e-02 -1.24403946e-02 -1.17288567e-02 -1.14766471e-02 -1.14085153e-02 -1.33217182e-02 -1.54757835e-02 -1.54951457e-02 -1.56339761e-02 -1.18296575e-02 -7.37294741e-03 -9.97860171e-03 -1.59541555e-02 -1.34310294e-02 -1.14448965e-02 -1.10057425e-02 -1.16486065e-02 -1.23104230e-02 -1.40382126e-02 -1.52560957e-02 -1.44450925e-02 -1.22852940e-02 -9.48338024e-03 -1.17734764e-02 -1.44209210e-02 -1.58338137e-02 -1.35840159e-02 -8.34985077e-03 -7.89397210e-03 -1.58537235e-02 -1.92555264e-02 -1.79148801e-02 -1.58076528e-02 -1.43525992e-02 -1.45177078e-02 -1.27191991e-02 -1.18258595e-02 -1.17642283e-02 -1.10700577e-02 -1.57907102e-02 -1.64108295e-02 -1.18450150e-02 -7.77577609e-03 -9.78777558e-03 -1.21092349e-02 -1.44473426e-02 -1.43640740e-02 -1.06247021e-02 -4.47193533e-03 -2.08604615e-03 -3.25283129e-03 -5.52151399e-03 -1.07617117e-03 -2.20116274e-03
-8.50280095e-03 -4.35891375e-03 -7.89029058e-03 -7.42587820e-03 -7.40966387e-03 -9.18354467e-03 -1.02803800e-02 -1.31037049e-02 -1.76307205e-02 -1.43505130e-02 -1.25934556e-02 -1.17860772e-02 -1.11264475e-02 -1.13941096e-02 -8.79689120e-03 -8.45587626e-03 -1.07951369e-02 -1.12422705e-02 -1.37730110e-02 -1.34640839e-02 -1.10569391e-02 -1.09479241e-02 -9.79963504e-03 -9.93780419e-03 -1.03537831e-02 -1.08380681e-02 -1.04877930e-02 -1.11146085e-02 -1.16821229e-02 -1.14912204e-02 -9.77826491e-03 -1.03117805e-02 -1.42696109e-02 -1.45324888e-02 -1.15174381e-02 -8.16582888e-03 -7.89303519e-03 -1.11748986e-02 -1.36264227e-02 -1.26019027e-02 -9.61853936e-03 -9.05188359e-03 -7.79032148e-03 -1.32200271e-02 -1.78338941e-02 -1.50669944e-02 -1.57724563e-02 -1.74567103e-02 -1.50049906e-02 -1.33380927e-02 -1.71945058e-02 -1.93953626e-02 -1.79646611e-02 -1.65373608e-02 -1.78162716e-02 -2.20629182e-02 -2.01524589e-02 -1.97985470e-02 -1.86058395e-02 -1.50144994e-02 -1.17053632e-02 -1.18079111e-02 -1.39995143e-02 -1.06744915e-02 -5.92968985e-03 -5.15470095e-03 -5.94661012e-03 -6.84474222e-03 -7.96320848e-03 -9.38625075e-03 -6.64206222e-03 -9.52552445e-03 -2.30868533e-02 -3.74463797e-02 -3.88730802e-02 -2.66594272e-02 -1.21838814e-02 -1.22442394e-02 -1.57798491e-02 -1.67174898e-02 -1.65429600e-02 -1.88702382e-02 -2.42972560e-02 -2.18095183e-02 -1.70615371e-02 -1.56905074e-02 -1.07467677e-02 -5.87707758e-03 -8.09248909e-03 -1.12025198e-02 -1.22816171e-02 -1.50967091e-02 -1.67995747e-02 -1.56935714e-02 -1.47985136e-02 -1.56291239e-02 -1.41640985e-02 -1.58735178e-02 -1.86386071e-02 -1.59907974e-02 -1.43257417e-02 -1.19352471e-02 -8.24101269e-03 -1.01550026e-02 -1.16097443e-02 -5.24115749e-03 -2.44445726e-03 -5.21715544e-03 -9.69649106e-03 -1.10232243e-02 -4.79010493e-03 2.00066715e-03 -2.73432583e-04 -6.80840202e-03 -1.18194036e-02 -1.43048195e-02 -1.34059815e-02 -1.27923563e-02 -1.17168427e-02 -7.43907131e-03 -3.71304713e-03 -4.49308753e-03 -5.90176694e-03 -8.81216675e-03 -1.04010180e-02 -1.06692053e-02 -9.34411585e-03 -3.72898579e-03 -1.13421679e-03 -6.51037320e-03 -4.46186401e-03 1.30351782e-02 2.12846398e-02 1.01961587e-02 -1.72294676e-03 -1.15851369e-02 -1.32253002e-02 -1.13822380e-02 -1.11995870e-02 -1.04426444e-02 -1.10058673e-02 -1.27382502e-02 -1.46530718e-02 -1.83364879e-02 -2.30381452e-02 -2.35546660e-02 -1.86825469e-02 -1.03814229e-02 -3.48013267e-03 -4.53459844e-03 -7.05734268e-03 -1.37900356e-02 -1.59836784e-02 -1.80942472e-02 -1.69639941e-02 -1.10807382e-02 -4.71488945e-03 -7.90477172e-03 -1.65255107e-02 -1.66459065e-02 -1.08889434e-02 -9.20969062e-03 -8.95469449e-03 -1.08028930e-02 -1.49401594e-02 -1.57432593e-02 -1.54753383e-02 -1.49534885e-02 -1.38563141e-02 -1.29786301e-02 -1.30509455e-02 -1.33668128e-02 -1.40052810e-02 -1.47648919e-02 -1.00954045e-02 -1.09690782e-02 -1.40884500e-02 -1.57602709e-02 -1.51897036e-02 -1.41806584e-02 -1.52670462e-02 -1.32858399e-02 -1.13819577e-02 -1.18038412e-02 -1.10817216e-02 -1.44796204e-02 -1.57649051e-02 -1.35673657e-02 -1.11383647e-02 -1.27259102e-02 -1.32794678e-02 -1.43053848e-02 -1.46795716e-02 -1.04131652e-02 -4.81624901e-03 -2.92086881e-03 -2.84383912e-03 -4.11857851e-03 -9.17705707e-04 -1.45704765e-03
-8.20405316e-03 -4.22121491e-03 -7.70275574e-03 -7.89808668e-03 -8.32111761e-03 -1.20675880e-02 -1.36027746e-02 -1.10646188e-02 -1.56752970e-02 -1.56052522e-02 -1.27244703e-02 -1.29782856e-02 -1.19237872e-02 -1.09151490e-02 -9.57125798e-03 -9.99224000e-03 -1.12365726e-02 -1.26236118e-02 -1.35548562e-02 -1.31181125e-02 -1.15061495e-02 -1.13405585e-02 -1.04419161e-02 -1.10263750e-02 -1.07749999e-02 -9.85177979e-03 -9.53704119e-03 -1.09805241e-02 -1.12695638e-02 -1.18238311e-02 -1.10453013e-02 -1.15108062e-02 -1.34850582e-02 -1.33263627e-02 -1.20584620e-02 -1.09216180e-02 -9.18512419e-03 -1.07509922e-02 -1.39494967e-02 -1.45456195e-02 -1.10796373e-02 -6.94202445e-03 -6.73906505e-03 -1.47753116e-02 -2.03069206e-02 -1.85750611e-02 -1.89319104e-02 -1.92882102e-02 -1.70623157e-02 -1.21570937e-02 -1.25463903e-02 -1.81082934e-02 -2.17326097e-02 -2.01124232e-02 -1.69856735e-02 -1.84037983e-02 -1.82983987e-02 -1.84393339e-02 -1.81631334e-02 -1.43443644e-02 -1.13686118e-02 -1.27896219e-02 -1.40054617e-02 -9.96436551e-03 -5.89719974e-03 -6.56820834e-03 -7.59704597e-03 -7.53205642e-03 -7.15846382e-03 -8.47209804e-03 -1.13149639e-02 -6.75740093e-03 -1.13771893e-02 -2.82169953e-02 -3.88809070e-02 -3.84643562e-02 -2.02631261e-02 -8.76803324e-03 -9.82536562e-03 -1.33936815e-02 -1.58516914e-02 -2.01322921e-02 -2.43839547e-02 -2.12818906e-02 -1.54627096e-02 -1.43366177e-02 -1.00102164e-02 -7.77719729e-03 -1.24690644e-02 -1.50547717e-02 -1.51355322e-02 -1.73814707e-02 -1.82917081e-02 -1.55921904e-02 -1.37122152e-02 -1.45524936e-02 -1.30624380e-02 -1.35761350e-02 -1.79239772e-02 -1.69724785e-02 -1.65197887e-02 -1.71052292e-02 -1.34557262e-02 -1.33090196e-02 -1.27335126e-02 -5.88138029e-03 -3.92969325e-03 -7.86554441e-03 -8.39451142e-03 -6.57345727e-03 -3.72838415e-03 -7.58418813e-04 -1.13028102e-03 -4.89838049e-03 -1.00341188e-02 -1.42390030e-02 -1.52208460e-02 -1.13326702e-02 -7.94186816e-03 -7.91777484e-03 -6.69512339e-03 -4.13778611e-03 -4.80530970e-03 -7.09333457e-03 -9.32622142e-03 -8.80662538e-03 -9.03478265e-03 -4.97947820e-03 -3.88280675e-03 -9.29068774e-03 3.50244157e-03 2.59206407e-02 2.35430319e-02 -1.36896968e-04 -1.27274534e-02 -1.30613670e-02 -1.09909205e-02 -1.04366457e-02 -1.23615293e-02 -1.03740823e-02 -9.17895325e-03 -7.59876147e-03 -1.38389803e-02 -2.22516991e-02 -2.43534930e-02 -2.17802301e-02 -1.50920860e-02 -8.92833248e-03 -2.90307775e-03 1.23572350e-03 -1.30971894e-03 -1.42627023e-02 -1.95071306e-02 -2.10805181e-02 -1.78217217e-02 -1.05004385e-02 -5.09555265e-03 -1.00425947e-02 -1.81643162e-02 -1.65381674e-02 -1.06921811e-02 -8.68774764e-03 -1.18299276e-02 -1.20995808e-02 -1.42890327e-02 -1.56052094e-02 -1.52417626e-02 -1.55585166e-02 -1.61586814e-02 -1.44251436e-02 -1.14419051e-02 -1.09052192e-02 -1.10086966e-02 -1.49610993e-02 -1.29325800e-02 -9.78192873e-03 -1.08018331e-02 -1.55468620e-02 -1.58308037e-02 -1.26925465e-02 -1.29917841e-02 -1.29805636e-02 -1.28950346e-02 -1.53384469e-02 -1.48958080e-02 -1.41875148e-02 -1.55277345e-02 -1.53877195e-02 -1.36715397e-02 -1.40713658e-02 -1.22706704e-02 -1.29078515e-02 -1.34628704e-02 -1.00665642e-02 -5.17946947e-03 -4.10066545e-03 -3.31894215e-03 -2.44877301e-03 -7.20043667e-04 -1.12634199e-03
-8.85105040e-03 -3.90038174e-03 -6.45876303e-03 -8.58674571e-03 -8.38892162e-03 -1.30704232e-02 -1.59744006e-02 -1.10610016e-02 -1.32131167e-02 -1.61369126e-02 -1.40610896e-02 -1.26793496e-02 -1.16899600e-02 -1.06320847e-02 -1.05763618e-02 -1.13081895e-02 -1.08023360e-02 -9.31296684e-03 -1.00659672e-02 -1.16170663e-02 -1.34727694e-02 -1.28968339e-02 -1.08327512e-02 -1.05821807e-02 -1.07271560e-02 -1.04999747e-02 -1.01574492e-02 -9.81080718e-03 -9.94390249e-03 -1.19940490e-02 -1.21658295e-02 -1.23999454e-02 -1.29309585e-02 -1.20983981e-02 -1.31316883e-02 -1.30215939e-02 -1.13364402e-02 -1.09687187e-02 -1.41151957e-02 -1.57635454e-02 -1.33135896e-02 -8.66250135e-03 -9.49484482e-03 -1.64439734e-02 -2.18498576e-02 -2.13232096e-02 -1.95991788e-02 -1.85674615e-02 -1.73409954e-02 -1.40342694e-02 -1.24829151e-02 -1.47648957e-02 -1.88204180e-02 -1.81626379e-02 -1.38752237e-02 -1.31231360e-02 -1.54704675e-02 -1.65211167e-02 -1.78053565e-02 -1.60868429e-02 -1.38290655e-02 -1.48532465e-02 -1.45099778e-02 -1.01875197e-02 -6.31612726e-03 -7.86817260e-03 -1.01871993e-02 -9.73290205e-03 -7.73537159e-03 -9.79813933e-03 -1.34905186e-02 -1.12550184e-02 -4.98173386e-03 -1.41397137e-02 -2.95079984e-02 -3.90031263e-02 -3.52820493e-02 -2.02273261e-02 -1.03086466e-02 -9.12489556e-03 -1.32164955e-02 -1.70781352e-02 -2.21469067e-02 -2.25353613e-02 -1.90257095e-02 -1.50554869e-02 -1.01408903e-02 -1.06060263e-02 -1.60442907e-02 -1.69615895e-02 -1.56369619e-02 -1.72584429e-02 -1.78940967e-02 -1.49310483e-02 -1.30355358e-02 -1.32586835e-02 -1.07843634e-02 -1.12194307e-02 -1.76624954e-02 -1.98903568e-02 -1.82213485e-02 -1.83008499e-02 -1.55942142e-02 -1.24775637e-02 -1.02579650e-02 -5.62213734e-03 -7.53533654e-03 -1.20432582e-02 -7.86008313e-03 -2.61414051e-03 -2.58700177e-03 -3.80179007e-03 -3.65976524e-03 -4.26277518e-03 -7.14144390e-03 -1.08310524e-02 -1.20313335e-02 -9.30834748e-03 -8.52568261e-03 -1.17279086e-02 -8.65575112e-03 -5.36026247e-03 -5.44758327e-03 -2.73277052e-03 -4.57456894e-03 -8.73626024e-03 -1.26789138e-02 -1.32262129e-02 -1.07201673e-02 -5.09753823e-04 2.01782156e-02 2.95008533e-02 1.58457309e-02 -9.01381206e-03 -2.00521834e-02 -1.20776836e-02 -9.25725792e-03 -9.47571732e-03 -1.05223451e-02 -1.15006603e-02 -1.10001657e-02 -7.57632405e-03 -1.34357587e-02 -2.29568053e-02 -2.21575480e-02 -1.59930009e-02 -9.21359286e-03 -1.09433308e-02 -1.01901814e-02 -4.60593775e-03 -1.73229724e-03 -1.25454105e-02 -1.99116096e-02 -2.16312967e-02 -1.77870411e-02 -1.01916939e-02 -6.80865534e-03 -1.25450958e-02 -1.77628286e-02 -1.69327166e-02 -1.14679653e-02 -8.35887715e-03 -1.03051588e-02 -9.33883898e-03 -1.21935215e-02 -1.50892492e-02 -1.50236841e-02 -1.69248749e-02 -1.83626451e-02 -1.92924794e-02 -1.43793356e-02 -1.07983202e-02 -8.77269730e-03 -1.44584160e-02 -1.39855854e-02 -1.07375011e-02 -1.09777395e-02 -1.53423641e-02 -1.64400414e-02 -1.23827867e-02 -1.30836833e-02 -1.53461210e-02 -1.57505795e-02 -1.72325633e-02 -1.79872941e-02 -1.54528636e-02 -1.44784469e-02 -1.49334893e-02 -1.41900666e-02 -1.44077539e-02 -1.32274050e-02 -1.36619769e-02 -1.36730028e-02 -1.01195080e-02 -5.73203806e-03 -3.55040189e-03 -2.54321937e-03 -1.39858946e-03 -7.71644525e-04 -2.00383225e-03
-1.00391246e-02 -3.98888532e-03 -5.14251180e-03 -9.28202458e-03 -8.84517655e-03 -1.14075355e-02 -1.54878050e-02 -1.31031200e-02 -1.56039316e-02 -1.79486424e-02 -1.38336681e-02 -1.04382858e-02 -8.38861428e-03 -9.62811522e-03 -1.09477900e-02 -1.20037347e-02 -1.18016452e-02 -9.02515836e-03 -9.12146457e-03 -1.17155835e-02 -1.44471219e-02 -1.36422487e-02 -9.78059508e-03 -8.49687681e-03 -9.56028327e-03 -9.97433253e-03 -1.08803697e-02 -1.16609465e-02 -1.00517832e-02 -9.86266509e-03 -9.13512893e-03 -1.11015551e-02 -1.31720537e-02 -1.12816393e-02 -1.23849921e-02 -1.32936761e-02 -1.24906711e-02 -1.18113328e-02 -1.30661353e-02 -1.44028123e-02 -1.41207557e-02 -1.26426853e-02 -1.44797377e-02 -1.73214339e-02 -1.95968449e-02 -2.11447626e-02 -1.88074503e-02 -1.54037792e-02 -1.33555271e-02 -1.58397555e-02 -1.61188748e-02 -1.64839216e-02 -1.62778553e-02 -1.47689600e-02 -9.77960601e-03 -7.52516091e-03 -1.10992901e-02 -1.28860064e-02 -1.67170353e-02 -1.83196068e-02 -1.66474693e-02 -1.55944433e-02 -1.34686511e-02 -9.79712233e-03 -7.76237808e-03 -1.01258010e-02 -1.31972786e-02 -1.22612547e-02 -9.22478922e-03 -1.06313322e-02 -1.57030057e-02 -1.38151329e-02 -5.77576458e-03 -5.67836687e-04 -1.27525646e-02 -3.14024389e-02 -4.13726382e-02 -3.45239751e-02 -2.15787273e-02 -1.42474174e-02 -1.24465041e-02 -1.37728620e-02 -1.88284982e-02 -2.23973766e-02 -2.08612941e-02 -1.66629422e-02 -1.09328330e-02 -1.18906517e-02 -1.78382043e-02 -1.69169437e-02 -1.38976723e-02 -1.31570399e-02 -1.27475299e-02 -1.07608922e-02 -9.59574617e-03 -1.22170486e-02 -1.17161404e-02 -1.18031092e-02 -1.81731246e-02 -1.99102685e-02 -1.81926601e-02 -1.83531493e-02 -1.55148692e-02 -9.61418264e-03 -7.22128898e-03 -6.08726405e-03 -1.06617557e-02 -1.48641989e-02 -8.28296784e-03 -1.64723396e-03 -3.19877639e-03 -6.39698096e-03 -5.04648220e-03 -2.94746272e-03 -4.44710813e-03 -7.47281685e-03 -8.33396614e-03 -8.20905156e-03 -1.09896790e-02 -1.52420029e-02 -1.01004988e-02 -7.45563954e-03 -8.84039328e-03 -9.80043784e-04 -8.76251608e-04 -8.20836052e-03 -1.44164115e-02 -1.45847425e-02 -3.44853848e-03 1.49348304e-02 2.61134803e-02 2.11062990e-02 4.89933882e-03 -1.15376906e-02 -1.89146399e-02 -1.06387846e-02 -9.30177141e-03 -1.08525278e-02 -1.01372320e-02 -1.12542454e-02 -1.26180332e-02 -9.61732306e-03 -1.17903501e-02 -1.87808182e-02 -1.91921704e-02 -1.32764019e-02 -9.03923064e-03 -1.13834515e-02 -1.56659298e-02 -1.30532421e-02 -9.20777768e-03 -1.11958422e-02 -1.43610593e-02 -1.92086827e-02 -1.91812031e-02 -1.62558090e-02 -1.36283692e-02 -1.47396047e-02 -1.58812590e-02 -1.70853827e-02 -1.29827149e-02 -6.72892667e-03 -7.15495832e-03 -8.97746719e-03 -1.08591001e-02 -1.17202550e-02 -1.26184486e-02 -1.53450705e-02 -1.75872017e-02 -1.91381089e-02 -1.59430467e-02 -1.16676781e-02 -1.04336757e-02 -1.49381738e-02 -1.40934959e-02 -1.19327828e-02 -1.32650845e-02 -1.74242649e-02 -1.72575023e-02 -1.15235709e-02 -1.11196898e-02 -1.54526625e-02 -1.68149918e-02 -1.69969443e-02 -1.87598132e-02 -1.60752740e-02 -1.21850464e-02 -1.38087645e-02 -1.48202609e-02 -1.46719050e-02 -1.21826008e-02 -1.17135309e-02 -1.17879286e-02 -9.74002201e-03 -6.37430791e-03 -4.04503476e-03 -2.71337572e-03 -9.27016139e-04 -1.19949039e-03 -3.26928962e-03
-1.17952116e-02 -4.25633695e-03 -3.37246433e-03 -9.07435454e-03 -9.30723362e-03 -9.99957882e-03 -1.31195839e-02 -1.44795962e-02 -1.98025443e-02 -1.87280849e-02 -1.26144942e-02 -9.32355225e-03 -7.57379830e-03 -8.54375027e-03 -1.04031414e-02 -1.14154667e-02 -1.16995070e-02 -9.49036144e-03 -9.92693938e-03 -1.27723962e-02 -1.38927735e-02 -1.18331835e-02 -8.60953890e-03 -7.96351209e-03 -9.13847610e-03 -9.83129814e-03 -1.09691396e-02 -1.12363677e-02 -1.07357129e-02 -9.91259329e-03 -9.02671181e-03 -9.38147865e-03 -1.08559653e-02 -1.04616228e-02 -1.11069530e-02 -1.13105364e-02 -1.28032546e-02 -1.35761052e-02 -1.27756298e-02 -1.37484204e-02 -1.38852783e-02 -1.56220235e-02 -1.56310350e-02 -1.34108495e-02 -1.53058320e-02 -1.86625831e-02 -1.79471970e-02 -1.54481400e-02 -1.18831918e-02 -1.64272059e-02 -1.95664689e-02 -1.57124270e-02 -1.37440022e-02 -1.32678226e-02 -9.29154828e-03 -6.93549961e-03 -8.06654990e-03 -1.17105171e-02 -1.52495857e-02 -1.91062745e-02 -1.69451218e-02 -1.48881283e-02 -1.32606756e-02 -1.17926653e-02 -9.60917212e-03 -9.81528871e-03 -1.43312141e-02 -1.41934250e-02 -1.05222315e-02 -1.19323656e-02 -1.59599427e-02 -1.34916306e-02 -6.60037994e-03 4.05219942e-03 1.93268247e-03 -1.55647574e-02 -3.39769982e-02 -4.25499380e-02 -3.63991931e-02 -2.90782414e-02 -1.91772655e-02 -1.16487090e-02 -1.21643208e-02 -1.62308551e-02 -1.93499327e-02 -1.92179587e-02 -1.67157110e-02 -1.39319263e-02 -1.65239889e-02 -1.70482658e-02 -1.26678683e-02 -7.87614286e-03 -7.03347847e-03 -8.52572359e-03 -1.01589914e-02 -1.49053950e-02 -1.58491954e-02 -1.32668167e-02 -1.59150362e-02 -1.83505565e-02 -1.90479662e-02 -1.89597327e-02 -1.66181363e-02 -1.02777593e-02 -7.34578073e-03 -7.55842961e-03 -1.16343582e-02 -1.58097800e-02 -1.00608170e-02 -2.54279375e-03 -2.39365641e-03 -6.52196538e-03 -7.15441536e-03 -5.05013298e-03 -4.19076160e-03 -5.49289398e-03 -8.07947107e-03 -9.78529826e-03 -1.04453601e-02 -1.35904700e-02 -1.01316776e-02 -9.98722762e-03 -1.28807882e-02 -3.98108736e-04 1.29006803e-03 -7.97728077e-03 -9.27857310e-03 7.21186399e-04 1.12069808e-02 1.72741842e-02 1.57973710e-02 1.67152472e-03 -7.21513852e-03 -1.07328314e-02 -1.39745707e-02 -8.95389449e-03 -9.49471723e-03 -1.25246216e-02 -1.08868349e-02 -1.03942454e-02 -1.38747767e-02 -1.11695100e-02 -1.19644925e-02 -1.46334916e-02 -1.52523760e-02 -1.35114994e-02 -1.17471181e-02 -1.32332146e-02 -1.57505386e-02 -1.70968026e-02 -1.85020119e-02 -1.36803202e-02 -1.04733072e-02 -1.72386300e-02 -2.03698091e-02 -1.78609062e-02 -1.46195218e-02 -1.38115715e-02 -1.47001781e-02 -1.57810878e-02 -1.47816464e-02 -1.02360249e-02 -9.47805680e-03 -1.01015754e-02 -8.83637741e-03 -8.13139044e-03 -1.16843302e-02 -1.68036763e-02 -1.90912075e-02 -1.85890403e-02 -1.43735204e-02 -1.31114032e-02 -1.52374059e-02 -1.66647118e-02 -1.33347269e-02 -9.94231738e-03 -1.37151275e-02 -1.79199986e-02 -1.88744906e-02 -1.45448186e-02 -1.26574468e-02 -1.36464424e-02 -1.39040705e-02 -1.77476052e-02 -1.82939637e-02 -1.59708913e-02 -1.33220814e-02 -1.30493026e-02 -1.41337197e-02 -1.38582475e-02 -1.15324985e-02 -1.06676258e-02 -1.10467691e-02 -1.02621121e-02 -7.37121981e-03 -4.48793266e-03 -1.99149270e-03 -1.04052946e-03 -1.18224043e-03 -4.35346272e-03
-1.15023507e-02 -4.58604190e-03 -4.48936783e-03 -7.87708722e-03 -1.00743920e-02 -9.24529880e-03 -1.28862094e-02 -1.57032479e-02 -2.16944590e-02 -1.94819923e-02 -1.10930391e-02 -9.19499062e-03 -8.39857385e-03 -8.99400003e-03 -8.80651549e-03 -8.55196826e-03 -1.06607825e-02 -9.83703695e-03 -1.08682588e-02 -1.26848519e-02 -1.24224760e-02 -9.73541662e-03 -8.76407325e-03 -8.41889344e-03 -7.98304193e-03 -8.81167874e-03 -1.09484121e-02 -1.20874597e-02 -1.25607466e-02 -1.12144016e-02 -7.78252631e-03 -6.35524653e-03 -1.15078036e-02 -1.38762789e-02 -1.12374704e-02 -8.75096023e-03 -1.09022968e-02 -1.35947075e-02 -1.26963500e-02 -1.19886622e-02 -1.30116232e-02 -1.46968514e-02 -1.50838420e-02 -1.11048296e-02 -1.12550277e-02 -1.60650164e-02 -1.88591294e-02 -1.99102741e-02 -1.71138123e-02 -1.81606393e-02 -1.72552634e-02 -1.21873673e-02 -1.02995448e-02 -1.27408653e-02 -1.26537718e-02 -1.12644583e-02 -1.19474232e-02 -1.68953799e-02 -1.76068153e-02 -1.96974296e-02 -1.55738555e-02 -1.35869849e-02 -1.43772978e-02 -1.32874455e-02 -9.64992680e-03 -9.36285034e-03 -1.42248124e-02 -1.40498374e-02 -1.08988900e-02 -1.24594606e-02 -1.57272667e-02 -1.29648261e-02 -7.30265118e-03 7.42359087e-04 3.46829183e-03 -3.72501090e-04 -1.52980611e-02 -3.42034288e-02 -4.32787612e-02 -4.30951118e-02 -3.40584479e-02 -1.44545324e-02 -6.35033473e-03 -8.13248008e-03 -1.52481031e-02 -2.29359623e-02 -2.17531268e-02 -1.44830979e-02 -1.34145208e-02 -1.64525658e-02 -1.41718909e-02 -6.63592666e-03 -5.07904217e-03 -8.53352807e-03 -1.11753233e-02 -1.69462916e-02 -1.87054966e-02 -1.46527160e-02 -1.48005914e-02 -1.62409060e-02 -1.83664821e-02 -1.75562967e-02 -1.65560395e-02 -1.37887914e-02 -1.11133605e-02 -8.95971432e-03 -1.16572110e-02 -1.61086433e-02 -1.28155379e-02 -4.39876411e-03 -8.00985843e-04 -5.24819084e-03 -1.09955296e-02 -1.04393736e-02 -6.17791712e-03 -5.07417135e-03 -6.43561780e-03 -7.86758028e-03 -8.39169882e-03 -5.96036576e-03 -3.16552632e-03 -8.60197842e-03 -1.46756517e-02 -5.66003658e-03 -5.03918156e-04 -4.08943556e-03 2.31054239e-03 1.36868935e-02 1.65307987e-02 1.11623295e-02 9.43420455e-04 -9.98212490e-03 -1.22481296e-02 -9.86089278e-03 -1.03307497e-02 -9.27033275e-03 -1.03348028e-02 -1.25054047e-02 -1.14604402e-02 -1.06807426e-02 -9.87509079e-03 -8.07194971e-03 -9.64411721e-03 -1.42789353e-02 -1.54009294e-02 -1.42265931e-02 -1.24170594e-02 -1.10939071e-02 -1.32148042e-02 -1.48243234e-02 -2.17734147e-02 -1.73748676e-02 -9.38179344e-03 -1.52149443e-02 -2.01821048e-02 -1.80896670e-02 -1.35760382e-02 -1.35162827e-02 -1.63932722e-02 -1.69691127e-02 -1.51569489e-02 -1.21037867e-02 -1.00650825e-02 -1.15240961e-02 -1.05936490e-02 -1.03553142e-02 -1.64715219e-02 -1.97760910e-02 -1.93214733e-02 -1.72064863e-02 -1.33389402e-02 -1.29093248e-02 -1.74768176e-02 -1.83651578e-02 -1.57524664e-02 -1.21684112e-02 -1.14257243e-02 -1.56602394e-02 -1.72192622e-02 -1.41323376e-02 -1.19037386e-02 -1.26290862e-02 -1.24479607e-02 -1.88209396e-02 -1.82964224e-02 -1.40141174e-02 -1.40217356e-02 -1.43168587e-02 -1.35293920e-02 -1.32273212e-02 -1.07097980e-02 -1.02853794e-02 -1.16146617e-02 -1.11909769e-02 -7.96261523e-03 -3.88724357e-03 -1.20929070e-03 -6.00662082e-04 -7.65104778e-04 -4.19417303e-03
-1.12647023e-02 -6.07780088e-03 -7.84476288e-03 -7.16130622e-03 -1.02731735e-02 -1.12681575e-02 -1.26278605e-02 -1.37583930e-02 -1.92139596e-02 -1.62786189e-02 -9.98526625e-03 -1.19533613e-02 -1.06934905e-02 -1.04875583e-02 -9.34603252e-03 -7.09190778e-03 -1.00027714e-02 -1.17612332e-02 -1.11617763e-02 -1.20311882e-02 -1.14242882e-02 -9.78443585e-03 -1.04757249e-02 -8.61788914e-03 -6.43222593e-03 -7.54120015e-03 -1.12402616e-02 -1.23869581e-02 -1.29777910e-02 -1.14973839e-02 -8.03355873e-03 -6.79036602e-03 -1.14289671e-02 -1.49224959e-02 -1.32958749e-02 -1.02624185e-02 -1.06663909e-02 -1.24231484e-02 -1.18613169e-02 -9.78623144e-03 -1.11688729e-02 -1.43677983e-02 -1.59868803e-02 -1.33980457e-02 -1.08816195e-02 -1.31970458e-02 -1.86483469e-02 -1.97397172e-02 -1.81092788e-02 -1.92623381e-02 -1.73976310e-02 -1.22714471e-02 -1.27585623e-02 -1.85540225e-02 -1.89180933e-02 -1.39641874e-02 -1.35221779e-02 -1.71606429e-02 -1.60128307e-02 -1.74430404e-02 -1.54682156e-02 -1.42712295e-02 -1.56243891e-02 -1.52082276e-02 -9.64534469e-03 -8.19701329e-03 -1.16206389e-02 -1.25200786e-02 -1.19480658e-02 -1.21677201e-02 -1.30523257e-02 -1.17535191e-02 -9.44913086e-03 -4.84477729e-03 -5.41860983e-03 -3.32620926e-03 -4.47377190e-03 -1.52767189e-02 -2.98252590e-02 -4.65514399e-02 -4.55535464e-02 -2.84896605e-02 -9.65024903e-03 -1.78239867e-03 -9.55855101e-03 -2.41367891e-02 -2.65044235e-02 -1.73759237e-02 -1.20826457e-02 -1.24966409e-02 -1.30301677e-02 -1.00597497e-02 -8.14541057e-03 -8.61763582e-03 -1.00573003e-02 -1.71131231e-02 -2.00543851e-02 -1.41983405e-02 -1.32722221e-02 -1.51036866e-02 -1.44690871e-02 -1.42337047e-02 -1.63331628e-02 -1.89518891e-02 -1.74903348e-02 -1.07032657e-02 -9.36387479e-03 -1.45079670e-02 -1.40131488e-02 -6.21359516e-03 -1.16787851e-05 -1.36169791e-03 -9.69852507e-03 -1.38631277e-02 -9.59161669e-03 -7.61321187e-03 -9.08190571e-03 -8.77627358e-03 -3.84175777e-03 4.09618020e-03 5.05631790e-03 -6.19684346e-03 -1.67012904e-02 -1.09509416e-02 -4.32757661e-04 6.45314157e-03 1.04651898e-02 1.41371563e-02 1.11728087e-02 -5.91201801e-03 -1.51322950e-02 -1.43181123e-02 -1.10768527e-02 -9.18759871e-03 -9.63358022e-03 -9.18348134e-03 -8.68862495e-03 -1.06434505e-02 -1.11305490e-02 -1.02868434e-02 -1.13077667e-02 -1.04982499e-02 -1.20395366e-02 -1.38651412e-02 -1.22241583e-02 -1.12402104e-02 -9.65730473e-03 -7.63897970e-03 -7.72623718e-03 -1.22861080e-02 -2.16752943e-02 -1.96559466e-02 -1.06149875e-02 -1.54665913e-02 -1.97834745e-02 -1.78509112e-02 -1.23627409e-02 -1.11139137e-02 -1.59444753e-02 -1.80423912e-02 -1.57799851e-02 -1.28863864e-02 -1.24142542e-02 -1.37521178e-02 -1.30679272e-02 -1.28623396e-02 -1.73038226e-02 -1.78221390e-02 -1.66695621e-02 -1.65624321e-02 -1.03922877e-02 -8.57468694e-03 -1.54499765e-02 -1.86860301e-02 -1.96794774e-02 -1.72533393e-02 -1.38577130e-02 -1.37282647e-02 -1.68109443e-02 -1.52276177e-02 -1.51804332e-02 -1.42460037e-02 -1.11852828e-02 -1.70811154e-02 -1.52278263e-02 -1.12128239e-02 -1.44912601e-02 -1.55453254e-02 -1.36625338e-02 -1.25912484e-02 -1.05365030e-02 -1.08004734e-02 -1.19650122e-02 -1.13542788e-02 -7.46049825e-03 -4.72638104e-03 -1.91017799e-03 -1.16555952e-03 -3.91178299e-04 -3.80108133e-03
-1.10658482e-02 -6.80289883e-03 -9.74262133e-03 -6.06239960e-03 -8.29466805e-03 -1.08292177e-02 -1.35084074e-02 -1.55304186e-02 -1.73283983e-02 -1.52724124e-02 -1.10325832e-02 -1.43492650e-02 -1.29062682e-02 -1.01340339e-02 -1.06587950e-02 -8.32392648e-03 -8.55187140e-03 -1.17736291e-02 -1.32038649e-02 -1.33805200e-02 -1.21235456e-02 -8.41153972e-03 -8.52471404e-03 -7.77604058e-03 -8.11229646e-03 -9.94315743e-03 -1.01242065e-02 -8.46602023e-03 -1.10392086e-02 -1.18215596e-02 -9.54257138e-03 -8.56775604e-03 -1.13386773e-02 -1.24112787e-02 -1.05622653e-02 -1.05331559e-02 -1.11639742e-02 -1.11945942e-02 -1.02347173e-02 -8.51648487e-03 -9.54721123e-03 -1.37929451e-02 -1.61355343e-02 -1.46944672e-02 -1.07787568e-02 -1.08224880e-02 -1.63194742e-02 -1.74457058e-02 -1.59391370e-02 -1.94546692e-02 -2.07770150e-02 -1.90531127e-02 -1.73393656e-02 -1.78358927e-02 -1.74665060e-02 -1.21750981e-02 -1.44108385e-02 -1.67314857e-02 -1.63503774e-02 -1.51053052e-02 -1.64348800e-02 -1.84227843e-02 -1.77135393e-02 -1.54871866e-02 -1.13783330e-02 -1.05771814e-02 -1.24297384e-02 -1.14455223e-02 -1.17455181e-02 -1.31112495e-02 -1.20815467e-02 -1.17873149e-02 -1.13477362e-02 -7.73661584e-03 -6.68407977e-03 -5.94417751e-03 -5.59010357e-03 -2.04426050e-03 -6.52426481e-03 -3.26623209e-02 -5.03091104e-02 -4.09240872e-02 -2.21934002e-02 -8.02583061e-03 -9.36427899e-03 -2.18343996e-02 -2.43548248e-02 -1.87305026e-02 -1.39027368e-02 -1.25539564e-02 -1.37414485e-02 -1.23353861e-02 -9.41164605e-03 -7.23781995e-03 -8.87832046e-03 -1.65409949e-02 -1.88674964e-02 -1.38981864e-02 -1.41843092e-02 -1.79003831e-02 -1.31025910e-02 -8.31032358e-03 -1.52792037e-02 -2.27609612e-02 -2.12714039e-02 -1.08032823e-02 -6.54361211e-03 -1.26181394e-02 -1.34497350e-02 -8.49237200e-03 -4.04339563e-03 -4.88784164e-04 -6.23112917e-03 -1.59315653e-02 -1.53439287e-02 -1.10248961e-02 -1.11974403e-02 -1.16712861e-02 -5.32324426e-03 5.31008840e-03 8.63623619e-03 -2.49242038e-03 -1.51252113e-02 -6.64770603e-03 7.73884356e-03 1.54741798e-02 1.16515178e-02 2.81175971e-03 -4.62585222e-03 -1.72524955e-02 -2.11759545e-02 -1.41881732e-02 -9.66073573e-03 -1.04106581e-02 -1.08060995e-02 -9.53477062e-03 -8.01903754e-03 -7.58129731e-03 -9.91802476e-03 -1.03585459e-02 -1.16095524e-02 -1.19143948e-02 -1.11797787e-02 -1.10858921e-02 -1.05116740e-02 -9.07394290e-03 -5.93458116e-03 -5.24265319e-03 -6.74153864e-03 -1.52225755e-02 -2.32741684e-02 -1.93572175e-02 -1.22968927e-02 -1.65709984e-02 -1.89573430e-02 -1.67300645e-02 -1.36178397e-02 -1.18000507e-02 -1.20092835e-02 -1.49817299e-02 -1.74124055e-02 -1.47162266e-02 -1.30002573e-02 -1.27051938e-02 -1.25733130e-02 -1.51656289e-02 -1.71846561e-02 -1.60361268e-02 -1.62137821e-02 -1.62371285e-02 -1.09950621e-02 -1.10488217e-02 -1.72305070e-02 -1.79008637e-02 -1.93314627e-02 -1.80747285e-02 -1.52319204e-02 -1.43479463e-02 -1.83827337e-02 -1.72708016e-02 -1.46150291e-02 -1.17314905e-02 -7.59693608e-03 -1.22356806e-02 -1.22145731e-02 -1.05054602e-02 -1.71095431e-02 -1.88210178e-02 -1.46361273e-02 -1.31582040e-02 -1.09673608e-02 -1.12302285e-02 -1.15643255e-02 -1.10849757e-02 -7.21916556e-03 -3.41502111e-03 -1.74745638e-03 -2.70640478e-04 -6.33527525e-05 -3.47305695e-03
-1.09763099e-02 -8.70122947e-03 -1.41273914e-02 -1.21446233e-02 -9.19102877e-03 -7.44033605e-03 -8.97056423e-03 -1.18621271e-02 -1.58574954e-02 -1.66010093e-02 -1.53878760e-02 -1.47095285e-02 -1.10228751e-02 -1.05373152e-02 -1.08591896e-02 -1.00259297e-02 -9.76488926e-03 -1.37102604e-02 -1.61088146e-02 -1.41931036e-02 -1.02168191e-02 -6.52274489e-03 -6.90353848e-03 -8.01004656e-03 -1.05339428e-02 -1.08786216e-02 -7.26663135e-03 -5.81057929e-03 -9.66822915e-03 -1.27099799e-02 -1.14011876e-02 -9.55429673e-03 -1.04183014e-02 -9.57099162e-03 -8.00239109e-03 -9.69511643e-03 -1.11743789e-02 -1.14585906e-02 -1.06558185e-02 -8.87344778e-03 -9.96041670e-03 -1.41985007e-02 -1.63152684e-02 -1.39988381e-02 -1.09455697e-02 -1.15601141e-02 -1.53128821e-02 -1.35573596e-02 -1.25604495e-02 -1.69678181e-02 -2.22312026e-02 -2.38284897e-02 -2.07255445e-02 -1.63035840e-02 -1.59449335e-02 -1.35878101e-02 -1.43777095e-02 -1.55426618e-02 -1.74153224e-02 -1.47382729e-02 -1.51886120e-02 -1.95268020e-02 -1.82329044e-02 -1.64135247e-02 -1.36413760e-02 -1.37451366e-02 -1.43005382e-02 -9.94383730e-03 -9.41557251e-03 -1.29062096e-02 -1.12783192e-02 -1.09282602e-02 -1.13493893e-02 -8.09466280e-03 -6.64894469e-03 -5.95087558e-03 -7.39940815e-03 -3.11508402e-03 5.43051958e-03 -1.28695220e-02 -3.77051011e-02 -4.51462641e-02 -3.18936035e-02 -1.94075517e-02 -1.87385865e-02 -2.41988711e-02 -2.21542493e-02 -1.83396824e-02 -1.65525675e-02 -1.39477002e-02 -1.25542134e-02 -9.90040228e-03 -8.07194039e-03 -7.16250762e-03 -1.02048330e-02 -1.77838113e-02 -1.82364658e-02 -1.01164971e-02 -7.69231841e-03 -1.60347391e-02 -1.62230711e-02 -9.71316360e-03 -1.38330217e-02 -2.41039470e-02 -2.31906734e-02 -1.17925927e-02 -7.84875266e-03 -1.24221249e-02 -1.13323471e-02 -9.22340062e-03 -9.69677512e-03 -4.36942279e-03 -5.54812141e-03 -1.55895371e-02 -1.74380299e-02 -1.23339724e-02 -1.08967833e-02 -1.37867201e-02 -1.10956803e-02 -1.37757510e-03 5.68505749e-03 7.16417283e-03 2.43000686e-03 4.81209904e-03 1.06958002e-02 1.39678176e-02 9.77877527e-04 -1.39982719e-02 -1.62410513e-02 -1.76396556e-02 -1.58401448e-02 -9.85230226e-03 -9.52314120e-03 -1.17093725e-02 -1.19688641e-02 -1.10734310e-02 -9.33140330e-03 -7.05856457e-03 -8.56065564e-03 -1.10209845e-02 -1.41978599e-02 -1.47745442e-02 -1.44229122e-02 -1.42353997e-02 -1.31716970e-02 -9.23009589e-03 -3.57868150e-03 -4.63672355e-03 -8.41740891e-03 -1.93611607e-02 -2.27452107e-02 -1.72014032e-02 -1.35186482e-02 -1.62616502e-02 -1.62361134e-02 -1.46414842e-02 -1.38722584e-02 -1.41698234e-02 -1.19358096e-02 -1.34361703e-02 -1.62191223e-02 -1.52595285e-02 -1.35871880e-02 -1.15883704e-02 -1.29886512e-02 -1.77692063e-02 -1.76682211e-02 -1.53463278e-02 -1.57785416e-02 -1.54620353e-02 -1.24913231e-02 -1.60626825e-02 -1.84190441e-02 -1.62881874e-02 -1.66125651e-02 -1.76950842e-02 -1.68069545e-02 -1.51046161e-02 -1.69124659e-02 -1.69630069e-02 -1.44817736e-02 -8.94827768e-03 -8.21682811e-03 -1.38156787e-02 -1.27778519e-02 -1.11398958e-02 -1.77502465e-02 -1.85503904e-02 -1.45424306e-02 -1.28582884e-02 -1.10074654e-02 -1.12234466e-02 -1.17054507e-02 -1.14705004e-02 -7.27207772e-03 -3.57852224e-03 -1.35783292e-03 1.14176236e-03 -8.76685604e-04 -5.39147202e-03
-1.04359910e-02 -8.68462771e-03 -1.31988665e-02 -1.24088079e-02 -1.03377420e-02 -8.22435878e-03 -6.00550510e-03 -8.47684033e-03 -1.54570062e-02 -1.94193292e-02 -1.63257346e-02 -1.08655114e-02 -1.03283487e-02 -1.20532587e-02 -1.19531509e-02 -1.12757068e-02 -1.16531141e-02 -1.31413620e-02 -1.23795308e-02 -1.08807441e-02 -8.52053799e-03 -6.13698550e-03 -6.06924668e-03 -8.03658925e-03 -1.12916669e-02 -1.01467483e-02 -9.28394869e-03 -8.26812722e-03 -1.03985369e-02 -1.19450474e-02 -1.17909033e-02 -1.04175303e-02 -1.06936414e-02 -8.62161629e-03 -6.81228191e-03 -1.06651690e-02 -1.31768435e-02 -1.14241261e-02 -1.15366448e-02 -1.14890710e-02 -1.13414172e-02 -1.34853981e-02 -1.52344145e-02 -1.30839329e-02 -9.83518921e-03 -1.35175008e-02 -1.77562535e-02 -1.24478452e-02 -1.00461300e-02 -1.44484527e-02 -1.81938019e-02 -2.16467436e-02 -2.11498942e-02 -1.78314410e-02 -1.46866944e-02 -1.22910850e-02 -1.57642644e-02 -1.71881262e-02 -1.94951072e-02 -1.83239561e-02 -1.68004315e-02 -1.72047801e-02 -1.48289818e-02 -1.50813591e-02 -1.73428264e-02 -1.68852694e-02 -1.44746602e-02 -1.03806835e-02 -8.17740895e-03 -1.19218044e-02 -1.13560101e-02 -1.04440367e-02 -1.05609708e-02 -8.26905109e-03 -6.20218925e-03 -7.42456689e-03 -9.94325988e-03 -8.95772502e-03 1.54642761e-03 -4.82149422e-04 -1.85601413e-02 -3.26505154e-02 -3.37205641e-02 -3.19591239e-02 -2.96036769e-02 -3.02592702e-02 -2.65181120e-02 -1.97714325e-02 -1.47241717e-02 -1.02748778e-02 -8.84157978e-03 -8.62234831e-03 -9.31419060e-03 -9.18944739e-03 -1.29997283e-02 -2.18194798e-02 -2.14359332e-02 -1.04557369e-02 -4.79099900e-03 -1.32472385e-02 -1.89660508e-02 -1.36184823e-02 -1.40118841e-02 -2.33206823e-02 -2.30045281e-02 -1.25517817e-02 -9.35249776e-03 -1.26385381e-02 -9.83416196e-03 -8.76512378e-03 -1.32469703e-02 -1.07528642e-02 -1.00949109e-02 -1.56324822e-02 -1.46465804e-02 -8.81573744e-03 -7.32677430e-03 -1.37273688e-02 -1.73722468e-02 -1.17969811e-02 3.21874395e-03 1.94216073e-02 1.51112303e-02 6.86785579e-03 4.66806814e-03 1.23681501e-04 -1.31053720e-02 -2.15691328e-02 -1.77999493e-02 -1.36545887e-02 -1.05617736e-02 -8.36666860e-03 -1.05174109e-02 -1.27113368e-02 -1.31188165e-02 -1.30780041e-02 -1.21613126e-02 -9.48994420e-03 -1.05366297e-02 -1.19216107e-02 -1.39979199e-02 -1.43292584e-02 -1.62809994e-02 -1.76924858e-02 -1.65701620e-02 -1.23760253e-02 -4.87931818e-03 -1.64739788e-03 -8.22643936e-03 -2.07303669e-02 -2.31529921e-02 -1.76192429e-02 -1.50113869e-02 -1.74120441e-02 -1.56251881e-02 -1.47164688e-02 -1.24863125e-02 -1.25794690e-02 -1.18905660e-02 -1.30084809e-02 -1.43589526e-02 -1.40569061e-02 -1.31497439e-02 -1.24347098e-02 -1.51037164e-02 -1.82825979e-02 -1.48409493e-02 -1.20527036e-02 -1.38670579e-02 -1.44074932e-02 -1.38658769e-02 -1.84021350e-02 -1.86505895e-02 -1.36846155e-02 -1.31513570e-02 -1.68036576e-02 -1.83017906e-02 -1.69556867e-02 -1.77443996e-02 -1.75584052e-02 -1.47143584e-02 -9.49460082e-03 -1.04339030e-02 -1.32272951e-02 -1.32278409e-02 -1.45967975e-02 -1.82019621e-02 -1.65297203e-02 -1.33481920e-02 -1.19566359e-02 -1.08243283e-02 -1.09560471e-02 -1.09768379e-02 -1.11815128e-02 -7.82334805e-03 -4.92991600e-03 -2.90767103e-03 -1.26238540e-03 -1.54251512e-03 -4.06649522e-03
-1.00818062e-02 -7.85486586e-03 -1.28409658e-02 -1.25459321e-02 -1.23214014e-02 -1.28061492e-02 -1.04481131e-02 -7.85984285e-03 -1.25053432e-02 -1.47698745e-02 -1.10891033e-02 -1.07376724e-02 -1.53306480e-02 -1.42476503e-02 -9.90015641e-03 -8.71431828e-03 -1.19373482e-02 -1.27735734e-02 -1.18806679e-02 -1.15849692e-02 -1.02352146e-02 -9.01119225e-03 -8.69860314e-03 -7.34914839e-03 -9.00706835e-03 -9.25564766e-03 -1.00529697e-02 -1.05446819e-02 -1.17107937e-02 -1.19208703e-02 -9.42945667e-03 -9.03736614e-03 -1.12768747e-02 -9.38450173e-03 -7.15212524e-03 -1.15198325e-02 -1.39669944e-02 -1.27485059e-02 -1.25239007e-02 -1.23188309e-02 -1.17649902e-02 -1.45168938e-02 -1.76656730e-02 -1.37679055e-02 -8.13962147e-03 -1.37644820e-02 -1.88765880e-02 -1.47683062e-02 -1.17159728e-02 -1.63975880e-02 -1.93823017e-02 -1.81939024e-02 -1.82147957e-02 -1.73886232e-02 -1.22086443e-02 -1.11737289e-02 -1.77105442e-02 -2.03939360e-02 -1.82437133e-02 -1.67366881e-02 -1.54929422e-02 -1.54553242e-02 -1.42480284e-02 -1.49839222e-02 -1.81353390e-02 -1.82471313e-02 -1.55527536e-02 -1.22077819e-02 -1.11706797e-02 -1.32317450e-02 -1.20958788e-02 -1.07385311e-02 -1.03015006e-02 -8.52560252e-03 -8.23640823e-03 -9.19171236e-03 -8.71330872e-03 -1.02647562e-02 -7.68751651e-03 -8.22377950e-03 -1.18618384e-02 -1.65907126e-02 -1.91698503e-02 -2.66226679e-02 -3.11613865e-02 -3.40104029e-02 -3.12734544e-02 -2.69318186e-02 -1.94514133e-02 -8.47368501e-03 -6.45087846e-03 -9.92763974e-03 -1.31641198e-02 -1.31232720e-02 -1.67700592e-02 -2.55975891e-02 -2.50135232e-02 -1.29542071e-02 -5.62223792e-03 -1.24498885e-02 -1.91935822e-02 -1.51561014e-02 -1.39668249e-02 -2.10905373e-02 -2.15410180e-02 -1.26582701e-02 -1.03018777e-02 -1.24988863e-02 -9.24270973e-03 -8.16134643e-03 -1.26702609e-02 -1.30136590e-02 -1.40490439e-02 -1.71300806e-02 -1.34068113e-02 -6.85036741e-03 -4.62407060e-03 -6.79591112e-03 -7.94946589e-03 -4.63456474e-03 2.74604559e-03 1.23411156e-02 9.16003436e-03 8.72455537e-04 -6.66080415e-03 -1.39840329e-02 -2.06489991e-02 -1.72429997e-02 -1.34324618e-02 -1.06058344e-02 -9.12585296e-03 -8.34733248e-03 -1.09168794e-02 -1.29602011e-02 -1.41182244e-02 -1.51823610e-02 -1.45191830e-02 -1.23242904e-02 -1.26540028e-02 -1.26333199e-02 -1.22672804e-02 -1.59544758e-02 -1.78299397e-02 -1.69461444e-02 -1.55111030e-02 -1.55126695e-02 -1.25557408e-02 -6.43595308e-03 -1.02938972e-02 -2.12885886e-02 -2.19251327e-02 -1.71228312e-02 -1.47904977e-02 -1.44451279e-02 -1.62009094e-02 -1.56768505e-02 -1.32726766e-02 -1.45374667e-02 -1.41023863e-02 -1.30720586e-02 -1.23437867e-02 -1.29035600e-02 -1.49139166e-02 -1.35744084e-02 -1.43535510e-02 -1.63897779e-02 -1.34763792e-02 -1.01330131e-02 -1.27053168e-02 -1.42329764e-02 -1.40585545e-02 -1.97606031e-02 -2.06465255e-02 -1.55795459e-02 -1.05184522e-02 -1.49932615e-02 -1.88178625e-02 -1.75781231e-02 -1.77695137e-02 -1.85426474e-02 -1.58841927e-02 -1.22691318e-02 -1.38499811e-02 -1.30523983e-02 -1.28984284e-02 -1.60631202e-02 -1.85260549e-02 -1.52259897e-02 -1.23151392e-02 -1.20334346e-02 -1.14608984e-02 -1.13269147e-02 -1.09247845e-02 -1.06257387e-02 -8.31545331e-03 -6.10377453e-03 -4.71752789e-03 -1.82461645e-03 -1.32220378e-03 -3.04318545e-03
-9.34619270e-03 -6.97038695e-03 -1.22382678e-02 -1.14803035e-02 -1.15480516e-02 -1.30894016e-02 -1.26885492e-02 -9.67307203e-03 -1.06918253e-02 -1.12467390e-02 -1.11142509e-02 -1.28352679e-02 -1.71753764e-02 -1.38835032e-02 -7.32172094e-03 -6.60567172e-03 -1.32628232e-02 -1.42466016e-02 -1.31989662e-02 -1.28056500e-02 -1.06969438e-02 -1.23950224e-02 -1.14842225e-02 -6.17112406e-03 -6.51050918e-03 -9.44805332e-03 -1.07558714e-02 -1.12301642e-02 -1.06887054e-02 -1.01149231e-02 -8.21331330e-03 -8.73167627e-03 -9.95566696e-03 -7.66831078e-03 -6.46090694e-03 -1.06172785e-02 -1.41736288e-02 -1.23257842e-02 -1.23754293e-02 -1.21109001e-02 -1.29778534e-02 -1.67240761e-02 -1.95401069e-02 -1.51865389e-02 -6.03966042e-03 -1.12788547e-02 -2.18989421e-02 -2.13099904e-02 -1.66354291e-02 -1.70472916e-02 -1.90476943e-02 -1.50987394e-02 -1.13770720e-02 -1.33649874e-02 -1.05768368e-02 -1.10176913e-02 -1.86939426e-02 -2.18879972e-02 -1.78982317e-02 -1.44617669e-02 -1.09107941e-02 -1.15385726e-02 -1.43269747e-02 -1.71461068e-02 -1.82550848e-02 -1.81779061e-02 -1.70269739e-02 -1.54564343e-02 -1.43060237e-02 -1.49168987e-02 -1.30377710e-02 -1.19092781e-02 -1.14031080e-02 -9.44540091e-03 -7.73746520e-03 -9.68325138e-03 -1.09532773e-02 -1.34488717e-02 -1.22200325e-02 -1.04580037e-02 -1.30782947e-02 -1.35344397e-02 -9.26809944e-03 -1.49222054e-02 -2.28465460e-02 -2.97436118e-02 -3.37096192e-02 -3.35725509e-02 -2.70005874e-02 -1.35494228e-02 -9.29355063e-03 -1.43653993e-02 -1.88361369e-02 -1.93699077e-02 -2.00982839e-02 -2.42129080e-02 -2.30656676e-02 -1.48560945e-02 -1.13012567e-02 -1.37809608e-02 -1.70365777e-02 -1.45677477e-02 -1.30394083e-02 -1.76372789e-02 -1.92861184e-02 -1.47356708e-02 -1.26275448e-02 -1.16516855e-02 -7.98970275e-03 -7.51860626e-03 -1.06886718e-02 -1.18283127e-02 -1.50618069e-02 -1.84499230e-02 -1.45242177e-02 -9.19372775e-03 -1.57147832e-03 5.97579405e-03 4.46008518e-03 -4.90859151e-04 -1.21092051e-03 1.28311291e-03 -8.06234777e-04 -6.95980154e-03 -9.92696173e-03 -1.72670707e-02 -2.08917782e-02 -1.52908014e-02 -1.21127497e-02 -1.17735667e-02 -1.02500115e-02 -9.84119065e-03 -1.08019784e-02 -1.32013578e-02 -1.54980943e-02 -1.68989599e-02 -1.52639989e-02 -1.48211364e-02 -1.43760759e-02 -1.24209542e-02 -1.03506874e-02 -1.34913996e-02 -1.55964717e-02 -1.48536768e-02 -1.40719190e-02 -1.49904322e-02 -1.50304176e-02 -6.79226592e-03 -8.07718560e-03 -1.16175078e-02 -1.17524453e-02 -1.06729157e-02 -1.01840459e-02 -8.10995698e-03 -1.50816478e-02 -1.86384004e-02 -1.81561038e-02 -1.92959774e-02 -1.56588312e-02 -1.03962217e-02 -8.11206549e-03 -9.75174084e-03 -1.29997581e-02 -1.36226043e-02 -1.30673014e-02 -1.39314998e-02 -1.34006348e-02 -7.68940896e-03 -1.13038067e-02 -1.31203923e-02 -1.54600814e-02 -1.97553579e-02 -2.10712459e-02 -1.46577321e-02 -1.08028632e-02 -1.34716947e-02 -1.59010161e-02 -1.38108600e-02 -1.67622305e-02 -1.84524748e-02 -1.41977519e-02 -1.33883208e-02 -1.56869385e-02 -1.32565740e-02 -1.26111414e-02 -1.64352562e-02 -1.80029124e-02 -1.51746217e-02 -1.33152064e-02 -1.36123970e-02 -1.33723468e-02 -1.27338581e-02 -1.17054023e-02 -9.82752815e-03 -6.89053349e-03 -5.30858152e-03 -5.17663453e-03 -2.78995000e-03 -1.79944420e-03 -4.66490537e-03
-1.11555737e-02 -6.89605251e-03 -1.04753533e-02 -9.94133390e-03 -1.01065058e-02 -1.11842025e-02 -1.24736894e-02 -1.12862382e-02 -1.44813582e-02 -1.20745823e-02 -1.07618049e-02 -1.23699214e-02 -1.55807324e-02 -1.31480899e-02 -7.79903494e-03 -6.88310899e-03 -1.25809181e-02 -1.31756607e-02 -1.11340676e-02 -1.11082289e-02 -1.20988246e-02 -1.32242227e-02 -1.21728741e-02 -8.82708468e-03 -7.80072995e-03 -9.65122320e-03 -1.19921276e-02 -1.14087788e-02 -9.03860293e-03 -8.20432417e-03 -8.04509409e-03 -8.83523747e-03 -1.09459329e-02 -9.48775187e-03 -8.99627991e-03 -1.12004820e-02 -1.29176937e-02 -1.30300988e-02 -1.49616580e-02 -1.39132924e-02 -1.26833208e-02 -1.60472672e-02 -1.74965300e-02 -1.52423866e-02 -8.97042453e-03 -1.49149559e-02 -2.39542592e-02 -2.24983860e-02 -1.73915680e-02 -2.00512949e-02 -2.11905856e-02 -1.62631217e-02 -9.71433520e-03 -9.02009010e-03 -9.28186998e-03 -1.19857192e-02 -1.84149202e-02 -2.16691289e-02 -1.64101645e-02 -8.43894109e-03 -6.31545112e-03 -9.65224206e-03 -1.43805817e-02 -2.00573783e-02 -1.91877317e-02 -1.70769300e-02 -1.83923822e-02 -1.84330773e-02 -1.57494564e-02 -1.41664892e-02 -1.31877884e-02 -1.27141383e-02 -1.24800391e-02 -1.13364812e-02 -9.16205533e-03 -1.09974351e-02 -1.27744451e-02 -1.38522256e-02 -1.30095705e-02 -1.20675452e-02 -1.61709636e-02 -1.72483139e-02 -1.20820552e-02 -9.41297598e-03 -1.06717907e-02 -1.68945286e-02 -2.48121917e-02 -3.16672027e-02 -2.99873464e-02 -1.86320879e-02 -1.55602377e-02 -2.04053130e-02 -2.30118465e-02 -2.45578904e-02 -2.51404531e-02 -2.43878551e-02 -2.33839955e-02 -2.02162489e-02 -1.72392726e-02 -1.30368695e-02 -1.15859937e-02 -1.14881862e-02 -1.21876504e-02 -1.87707841e-02 -2.16546245e-02 -1.54036041e-02 -1.04935616e-02 -8.89125839e-03 -8.32071714e-03 -9.88129526e-03 -9.75336507e-03 -5.70802391e-03 -6.00912049e-03 -1.27104651e-02 -1.46482121e-02 -9.86436568e-03 -2.38919072e-03 6.59798086e-03 7.62113370e-03 3.40537354e-03 -7.20971450e-03 -2.01167557e-02 -2.01921202e-02 -1.34829897e-02 -8.22731294e-03 -1.11602060e-02 -1.43323764e-02 -1.16756130e-02 -9.62451845e-03 -1.26471482e-02 -1.41982641e-02 -1.33589711e-02 -1.25792865e-02 -1.28905978e-02 -1.70061179e-02 -1.84483435e-02 -1.57415252e-02 -1.49949621e-02 -1.41342487e-02 -1.34351384e-02 -1.26406997e-02 -1.27074737e-02 -1.19616296e-02 -1.22685283e-02 -1.54002346e-02 -1.55294593e-02 -1.45897083e-02 -7.25528225e-03 -7.15444237e-03 -5.12120873e-03 -1.56614557e-03 -2.98050418e-03 -5.29505685e-03 -7.02865422e-03 -1.41901821e-02 -1.97910015e-02 -2.00284198e-02 -1.98109876e-02 -1.54496133e-02 -9.51642171e-03 -7.37605989e-03 -9.43197310e-03 -1.32020526e-02 -1.30375810e-02 -1.13345627e-02 -1.30015761e-02 -1.27739049e-02 -7.66034238e-03 -9.63756256e-03 -1.25490781e-02 -1.65242851e-02 -1.93767883e-02 -2.00956315e-02 -1.22017711e-02 -1.00517124e-02 -1.30441599e-02 -1.44452341e-02 -1.47678237e-02 -1.77872218e-02 -1.94187891e-02 -1.49008296e-02 -1.36610158e-02 -1.62384212e-02 -1.20958537e-02 -1.11300461e-02 -1.62284132e-02 -1.74953137e-02 -1.53157394e-02 -1.45053584e-02 -1.51439756e-02 -1.40710995e-02 -1.28692631e-02 -1.32537130e-02 -1.02980733e-02 -5.92635199e-03 -4.07839287e-03 -4.62989882e-03 -4.11607837e-03 -2.04337435e-03 -3.81784746e-03
-1.20167490e-02 -6.98597357e-03 -9.67398658e-03 -8.84540007e-03 -9.57258232e-03 -1.04486123e-02 -1.09567046e-02 -1.12587865e-02 -1.53016616e-02 -1.49939582e-02 -1.35370027e-02 -1.19349714e-02 -1.21572576e-02 -1.15785021e-02 -1.15433279e-02 -1.20139271e-02 -1.62491109e-02 -1.30024441e-02 -9.41752456e-03 -9.62641090e-03 -9.07998905e-03 -1.06928013e-02 -1.10875312e-02 -9.64073464e-03 -9.36882757e-03 -9.28295217e-03 -1.12285176e-02 -1.12905698e-02 -8.45057145e-03 -6.95072301e-03 -5.85654192e-03 -9.91881453e-03 -1.19327102e-02 -1.15486719e-02 -1.07505210e-02 -1.01706851e-02 -1.04822330e-02 -1.23935509e-02 -1.55816134e-02 -1.55196749e-02 -1.33694429e-02 -1.51889231e-02 -1.41468607e-02 -1.23973787e-02 -9.97796282e-03 -1.71466228e-02 -2.36497819e-02 -1.78081132e-02 -1.34107098e-02 -1.58387590e-02 -1.75142009e-02 -1.27525199e-02 -7.88070634e-03 -9.04091448e-03 -9.73162055e-03 -1.41130127e-02 -2.04962827e-02 -2.12666150e-02 -1.60907432e-02 -9.80478153e-03 -1.06334649e-02 -1.36119239e-02 -1.67675987e-02 -2.15943605e-02 -2.10049301e-02 -1.61071606e-02 -1.79239754e-02 -1.83136966e-02 -1.41439606e-02 -1.30660366e-02 -1.21378992e-02 -1.32188406e-02 -1.50901265e-02 -1.36778001e-02 -1.18985623e-02 -1.34204198e-02 -1.53753497e-02 -1.66897587e-02 -1.73776038e-02 -1.39620155e-02 -1.29288323e-02 -1.38801988e-02 -1.15814824e-02 -1.08250566e-02 -7.83554092e-03 -7.19213858e-03 -1.42225046e-02 -2.27487236e-02 -2.54531968e-02 -2.21168175e-02 -2.09039152e-02 -2.39229109e-02 -2.59729084e-02 -2.82833017e-02 -2.72947177e-02 -2.52338834e-02 -2.50250548e-02 -2.57160459e-02 -2.31861435e-02 -1.31814741e-02 -7.18848407e-03 -1.21406503e-02 -1.69750862e-02 -1.92815475e-02 -1.55233406e-02 -8.25777277e-03 -7.74426199e-03 -8.36924836e-03 -7.78408535e-03 -8.86293501e-03 -6.25783578e-03 1.30012631e-03 2.49316171e-03 -6.93644583e-03 -1.10083278e-02 -1.08919982e-02 -8.44244659e-03 -1.61881931e-03 8.65705311e-04 -3.76143120e-03 -1.30047165e-02 -2.40173060e-02 -2.24333573e-02 -1.42068956e-02 -8.57512094e-03 -1.20904874e-02 -1.48024037e-02 -1.44818183e-02 -9.93059576e-03 -1.02126729e-02 -1.45342276e-02 -1.42209940e-02 -1.43089686e-02 -1.50043350e-02 -1.59451123e-02 -1.73940547e-02 -1.58410799e-02 -1.47462394e-02 -1.38374250e-02 -1.46057010e-02 -1.40901357e-02 -1.22325066e-02 -1.12267118e-02 -1.46702137e-02 -1.94445699e-02 -1.94867011e-02 -1.68495700e-02 -1.12757683e-02 -7.58966431e-03 -3.01539153e-03 2.13410705e-03 -9.55067575e-04 -5.20443916e-03 -6.56930357e-03 -1.27493162e-02 -1.69229396e-02 -1.90982129e-02 -1.89794321e-02 -1.49181746e-02 -8.94199498e-03 -6.87810034e-03 -9.49632190e-03 -1.07249767e-02 -9.41843539e-03 -1.03079919e-02 -1.32747684e-02 -1.14827231e-02 -9.63906944e-03 -8.74153897e-03 -1.50743853e-02 -1.95002090e-02 -1.82237849e-02 -1.72434300e-02 -9.94083844e-03 -1.14828181e-02 -1.50062684e-02 -1.49970539e-02 -1.48846470e-02 -1.85900666e-02 -1.90520249e-02 -1.21291634e-02 -1.23013332e-02 -1.73610542e-02 -1.48051642e-02 -1.01832952e-02 -1.28022265e-02 -1.47519782e-02 -1.46270096e-02 -1.61699280e-02 -1.57965198e-02 -1.32383946e-02 -1.30821820e-02 -1.36789009e-02 -1.10852215e-02 -5.76221012e-03 -2.76609231e-03 -4.44715470e-03 -4.19384334e-03 -1.96510460e-03 -3.16656614e-03
-1.38245458e-02 -6.67817984e-03 -7.11196288e-03 -7.69130327e-03 -9.94529575e-03 -1.08378194e-02 -9.14685428e-03 -9.42153670e-03 -1.56666655e-02 -1.64669789e-02 -1.62565354e-02 -1.36870779e-02 -1.04867108e-02 -1.02392193e-02 -9.83727537e-03 -1.30708553e-02 -1.64175853e-02 -1.42085869e-02 -1.08652543e-02 -9.67605039e-03 -7.87016563e-03 -8.41576420e-03 -1.04980059e-02 -9.89506580e-03 -1.08462628e-02 -1.11876857e-02 -1.15077617e-02 -8.94302316e-03 -6.17004000e-03 -5.18043153e-03 -4.75113466e-03 -1.03233568e-02 -1.30734649e-02 -1.17714182e-02 -1.08194612e-02 -9.65774059e-03 -9.37650725e-03 -1.30522847e-02 -1.59267075e-02 -1.48387104e-02 -1.42124239e-02 -1.54610407e-02 -1.40595436e-02 -1.27977934e-02 -1.14364587e-02 -1.78134255e-02 -2.09954884e-02 -1.24430005e-02 -9.48846340e-03 -1.51870437e-02 -1.50079615e-02 -1.51340794e-02 -1.17665939e-02 -1.05076022e-02 -1.18929558e-02 -1.60708949e-02 -1.99159067e-02 -2.29202993e-02 -2.12794431e-02 -1.49493255e-02 -1.24146305e-02 -1.34479515e-02 -1.64247639e-02 -2.10254621e-02 -2.16066167e-02 -1.71520375e-02 -1.82324871e-02 -1.86364036e-02 -1.56733859e-02 -1.45941991e-02 -1.28493942e-02 -1.20548345e-02 -1.49907023e-02 -1.48721654e-02 -1.40216742e-02 -1.65228806e-02 -1.59188583e-02 -1.63562465e-02 -1.79873984e-02 -1.74280964e-02 -1.59368664e-02 -1.50885433e-02 -1.37047116e-02 -1.47919450e-02 -1.34644080e-02 -1.21912826e-02 -1.35138072e-02 -1.62747074e-02 -1.61387231e-02 -1.62730720e-02 -2.00740639e-02 -2.35265568e-02 -2.39415690e-02 -2.51207855e-02 -2.53812391e-02 -2.45770104e-02 -2.60597058e-02 -2.84827184e-02 -2.71728914e-02 -1.76605098e-02 -1.19337719e-02 -1.53422020e-02 -1.71215832e-02 -1.52557781e-02 -1.06901564e-02 -6.16876781e-03 -7.18971528e-03 -9.21987183e-03 -8.45854543e-03 -8.66669603e-03 -7.12759048e-03 -5.71671873e-04 2.27220729e-03 -4.17939946e-03 -9.31237079e-03 -1.12989768e-02 -1.49697959e-02 -1.58834122e-02 -1.55215561e-02 -1.37750860e-02 -1.22644678e-02 -1.38191599e-02 -1.47042386e-02 -1.13976002e-02 -1.00974776e-02 -1.58892814e-02 -1.94530468e-02 -1.82508603e-02 -1.15432329e-02 -7.02601857e-03 -1.19382404e-02 -1.61396638e-02 -1.73559226e-02 -1.63231976e-02 -1.38587579e-02 -1.38663128e-02 -1.29781291e-02 -1.26150418e-02 -1.21123884e-02 -1.40575469e-02 -1.46208443e-02 -1.22615565e-02 -1.47642381e-02 -1.90253425e-02 -2.16069445e-02 -2.12330725e-02 -1.78721175e-02 -1.50194392e-02 -1.11157484e-02 -7.33128935e-03 -5.15515357e-03 -5.72721288e-03 -7.93772936e-03 -9.25039127e-03 -1.21941883e-02 -1.40007865e-02 -1.57511067e-02 -1.64928120e-02 -1.32609811e-02 -8.40817578e-03 -7.15803728e-03 -1.00614857e-02 -1.25877392e-02 -1.32367760e-02 -1.20869763e-02 -1.16303060e-02 -8.15890543e-03 -1.02237742e-02 -1.10162832e-02 -1.48458686e-02 -1.76395867e-02 -1.51003636e-02 -1.45503972e-02 -1.22215189e-02 -1.26255974e-02 -1.66473221e-02 -1.90268699e-02 -1.87807735e-02 -1.99818816e-02 -1.70348492e-02 -9.75830480e-03 -9.00475122e-03 -1.47139635e-02 -1.48191620e-02 -1.11258999e-02 -1.08025577e-02 -1.30916275e-02 -1.52939428e-02 -1.62707977e-02 -1.62652601e-02 -1.45288091e-02 -1.26032457e-02 -1.22847278e-02 -1.16239488e-02 -6.30957633e-03 -3.60874180e-03 -5.70538454e-03 -4.11494263e-03 -1.27649773e-03 -3.02203093e-03
-1.22650694e-02 -6.79064542e-03 -7.91640580e-03 -8.24569166e-03 -9.95872729e-03 -1.05705298e-02 -9.47703794e-03 -1.17446221e-02 -1.49158258e-02 -1.62245892e-02 -1.74310524e-02 -1.52100679e-02 -1.00935325e-02 -8.88625532e-03 -8.83361138e-03 -1.38588194e-02 -1.75821539e-02 -1.47628374e-02 -1.30245164e-02 -1.16434358e-02 -8.91963392e-03 -8.52896646e-03 -9.47149843e-03 -9.49576683e-03 -1.07270274e-02 -1.09329745e-02 -1.02708228e-02 -7.78527558e-03 -7.44708255e-03 -1.06047709e-02 -7.75392167e-03 -1.03070848e-02 -1.22157205e-02 -1.23593006e-02 -1.15442872e-02 -1.00768656e-02 -8.96772742e-03 -1.39071345e-02 -1.63410157e-02 -1.37419682e-02 -1.33131817e-02 -1.50925554e-02 -1.42648332e-02 -1.58826951e-02 -1.52888466e-02 -1.83557011e-02 -1.74778681e-02 -8.48172978e-03 -9.42026079e-03 -1.52216814e-02 -1.44562032e-02 -1.47026554e-02 -1.02236010e-02 -9.88792256e-03 -1.59806274e-02 -2.16653757e-02 -2.37241965e-02 -2.32056733e-02 -2.15709843e-02 -1.98071785e-02 -1.85106285e-02 -1.86779983e-02 -2.20810566e-02 -2.33070180e-02 -2.32752189e-02 -1.82269253e-02 -1.91928055e-02 -2.00281627e-02 -1.86357703e-02 -1.80224124e-02 -1.34334378e-02 -8.98973644e-03 -1.30070169e-02 -1.61514170e-02 -1.55768152e-02 -1.85368359e-02 -1.78107060e-02 -1.73162762e-02 -1.89450681e-02 -1.66380126e-02 -1.44535284e-02 -1.53609402e-02 -1.31761897e-02 -1.06825978e-02 -1.14628673e-02 -1.39458049e-02 -1.67618208e-02 -1.44181140e-02 -1.12770554e-02 -1.12222508e-02 -1.49426293e-02 -1.88227501e-02 -1.77958924e-02 -1.72764733e-02 -1.97453145e-02 -2.06821188e-02 -2.12529674e-02 -2.36990191e-02 -2.84064524e-02 -2.36095376e-02 -1.75561160e-02 -1.81370284e-02 -1.83042623e-02 -1.55986929e-02 -1.19994534e-02 -1.16695520e-02 -1.38611356e-02 -1.46674216e-02 -1.26925018e-02 -9.41669568e-03 -6.91474602e-03 -4.27036732e-03 -4.69079986e-03 -9.83662531e-03 -1.04521178e-02 -1.33508369e-02 -2.04525869e-02 -2.49924585e-02 -2.22531855e-02 -1.73298381e-02 -8.27022456e-03 -7.10430369e-03 -1.20852031e-02 -9.84624028e-03 -8.60583037e-03 -1.66364890e-02 -1.85385812e-02 -1.79335587e-02 -1.32753775e-02 -8.54956172e-03 -1.10904127e-02 -1.59954298e-02 -1.66341346e-02 -1.44319888e-02 -1.26928501e-02 -1.66094434e-02 -1.78967528e-02 -1.71939451e-02 -1.43634696e-02 -1.50126051e-02 -1.58953648e-02 -1.53865684e-02 -1.56891309e-02 -2.11103950e-02 -2.05147397e-02 -2.10265126e-02 -2.07800735e-02 -1.82551537e-02 -1.44345909e-02 -1.06423348e-02 -8.41053575e-03 -1.07713006e-02 -1.27166025e-02 -1.71207283e-02 -1.71694793e-02 -1.45312287e-02 -1.36076454e-02 -1.45596024e-02 -1.30369775e-02 -9.84828547e-03 -1.01668872e-02 -1.28544215e-02 -1.32449325e-02 -1.10860690e-02 -1.00238938e-02 -9.75776836e-03 -8.70302692e-03 -1.47679541e-02 -1.75712202e-02 -1.56091489e-02 -1.31873880e-02 -1.40724592e-02 -1.40351560e-02 -1.48588438e-02 -1.63104720e-02 -2.06501838e-02 -2.19223443e-02 -1.73007157e-02 -1.69254355e-02 -1.60504747e-02 -1.10765565e-02 -8.75134580e-03 -1.14402920e-02 -1.57619156e-02 -1.37955602e-02 -1.09115131e-02 -1.29465628e-02 -1.61656886e-02 -1.65998042e-02 -1.67453662e-02 -1.49296802e-02 -1.09877605e-02 -8.12847354e-03 -1.00338217e-02 -8.43841117e-03 -4.20185272e-03 -6.43347763e-03 -2.98827793e-03 -4.86353412e-04 -3.41653405e-03
-1.10292230e-02 -7.43761472e-03 -9.44340695e-03 -8.15382041e-03 -8.52559134e-03 -8.66866484e-03 -1.05899591e-02 -1.31352879e-02 -1.71692744e-02 -1.60463303e-02 -1.87273920e-02 -1.69201382e-02 -1.00961775e-02 -5.83496690e-03 -5.72476164e-03 -1.39849335e-02 -1.81805398e-02 -1.58018004e-02 -1.34100728e-02 -1.19631104e-02 -9.70917940e-03 -9.53018479e-03 -8.03645886e-03 -8.01711716e-03 -9.97744687e-03 -1.08017307e-02 -1.01138465e-02 -9.38410871e-03 -9.80638340e-03 -1.23226121e-02 -8.79106298e-03 -8.08116049e-03 -1.18693877e-02 -1.21837184e-02 -1.18909050e-02 -1.08917039e-02 -9.87236947e-03 -1.46138798e-02 -1.64323580e-02 -1.29868407e-02 -1.21091735e-02 -1.37798563e-02 -1.24824625e-02 -1.73280183e-02 -1.92599446e-02 -1.81133393e-02 -1.57222413e-02 -9.69462097e-03 -1.12353414e-02 -1.46586075e-02 -1.51088350e-02 -1.73865464e-02 -1.33663453e-02 -1.28889866e-02 -1.71991102e-02 -2.05686837e-02 -2.27923263e-02 -2.52482668e-02 -2.20254026e-02 -2.05696337e-02 -1.71888359e-02 -1.58692673e-02 -1.98340453e-02 -2.27727387e-02 -2.28229631e-02 -2.00616084e-02 -2.03497875e-02 -2.07892749e-02 -1.96243282e-02 -1.93380490e-02 -1.79297589e-02 -1.39246266e-02 -1.39498357e-02 -1.39825251e-02 -1.34583954e-02 -1.60855148e-02 -1.70825254e-02 -1.74398106e-02 -1.92601215e-02 -1.73476301e-02 -1.58845838e-02 -1.74871255e-02 -1.27069019e-02 -6.48102909e-03 -6.56470284e-03 -1.36281084e-02 -2.01074872e-02 -1.70458518e-02 -1.16905365e-02 -1.20920464e-02 -1.41325369e-02 -1.58355571e-02 -1.44477561e-02 -1.24548860e-02 -1.69152226e-02 -1.33200735e-02 -1.15722269e-02 -1.40804183e-02 -2.11659130e-02 -2.32456122e-02 -1.85414068e-02 -1.66308526e-02 -1.71374884e-02 -1.58683769e-02 -1.58305988e-02 -1.75641067e-02 -2.01763790e-02 -1.90402474e-02 -1.47370379e-02 -1.30660255e-02 -1.18986405e-02 -1.40105821e-02 -1.70875508e-02 -1.94095280e-02 -1.85594484e-02 -1.72101874e-02 -1.98328532e-02 -2.22476572e-02 -1.87602174e-02 -1.36067644e-02 -8.95178318e-03 -4.68651205e-03 -8.27086344e-03 -1.14083141e-02 -1.21445302e-02 -1.71999447e-02 -1.71401091e-02 -1.59037746e-02 -1.60803311e-02 -1.50317289e-02 -1.34725999e-02 -1.47830527e-02 -1.64240804e-02 -1.41500495e-02 -1.14397630e-02 -1.48957781e-02 -1.96828842e-02 -1.96554866e-02 -1.44132152e-02 -1.26638412e-02 -1.48817450e-02 -1.63349304e-02 -1.56023055e-02 -1.87786706e-02 -1.98452547e-02 -2.10755542e-02 -2.26746146e-02 -2.00613812e-02 -1.61431041e-02 -1.23950765e-02 -1.23462416e-02 -1.71994139e-02 -1.59395766e-02 -1.68164335e-02 -1.68525036e-02 -1.42797343e-02 -1.31052248e-02 -1.28369518e-02 -1.43230166e-02 -1.38632953e-02 -1.28265917e-02 -1.31215192e-02 -1.27510373e-02 -9.64613631e-03 -8.66254978e-03 -9.43868048e-03 -1.12762246e-02 -1.65132042e-02 -1.86478309e-02 -1.43749937e-02 -1.03364624e-02 -1.28830317e-02 -1.37993600e-02 -1.54608488e-02 -1.91397872e-02 -2.16042362e-02 -2.16178801e-02 -1.67826973e-02 -1.55686643e-02 -1.60934441e-02 -1.40433647e-02 -1.05933566e-02 -9.23164375e-03 -1.32626891e-02 -1.46075077e-02 -1.10677984e-02 -1.27025321e-02 -1.57482661e-02 -1.60004105e-02 -1.58781447e-02 -1.50897373e-02 -1.09240189e-02 -6.94768690e-03 -1.07856207e-02 -1.11456001e-02 -5.33896964e-03 -4.71050851e-03 -1.96913071e-03 5.49228862e-04 -3.11049400e-03
-1.06742149e-02 -7.37236161e-03 -9.47475340e-03 -7.63665326e-03 -9.39197652e-03 -1.10575240e-02 -1.34303644e-02 -1.36330407e-02 -1.36163868e-02 -1.46770272e-02 -1.73330363e-02 -1.76541097e-02 -1.12820622e-02 -8.49538110e-03 -8.25381652e-03 -1.57718789e-02 -1.80152133e-02 -1.46072600e-02 -1.23764612e-02 -1.09860674e-02 -1.10198874e-02 -1.11824758e-02 -7.97739066e-03 -7.25088455e-03 -9.75976698e-03 -1.07187275e-02 -9.71064530e-03 -1.02473758e-02 -1.23678576e-02 -1.32854637e-02 -9.15618986e-03 -8.75131227e-03 -1.19396802e-02 -1.07486732e-02 -1.02610476e-02 -1.08650085e-02 -1.05223805e-02 -1.42432470e-02 -1.54740848e-02 -1.19137764e-02 -1.16972104e-02 -1.13382861e-02 -1.12527311e-02 -1.56488977e-02 -1.77274924e-02 -1.70014761e-02 -1.49911214e-02 -1.38784200e-02 -1.45408884e-02 -1.53251756e-02 -1.39950179e-02 -1.46507472e-02 -1.25775337e-02 -1.27395503e-02 -1.85404718e-02 -1.91135630e-02 -1.73251219e-02 -2.33282559e-02 -2.33472679e-02 -2.23258808e-02 -1.76219009e-02 -1.42302513e-02 -1.83402225e-02 -2.32687425e-02 -2.52617598e-02 -2.44162828e-02 -2.25213096e-02 -1.82613302e-02 -1.71604883e-02 -2.02090275e-02 -2.07058061e-02 -1.54686384e-02 -1.36052500e-02 -8.38111714e-03 -5.41921332e-03 -7.12760538e-03 -1.07627604e-02 -1.40669979e-02 -1.96558665e-02 -2.09572352e-02 -1.71214659e-02 -1.50048174e-02 -9.58090276e-03 -3.14645842e-03 -6.26676530e-03 -1.58516187e-02 -2.06732024e-02 -1.76398903e-02 -1.15804560e-02 -1.31379999e-02 -1.51436217e-02 -1.60853490e-02 -1.77826658e-02 -1.65951811e-02 -2.11504549e-02 -1.55682210e-02 -1.20459795e-02 -1.19810309e-02 -1.40800029e-02 -1.56212021e-02 -1.36901233e-02 -1.10508073e-02 -1.17370412e-02 -1.36912791e-02 -1.57160647e-02 -1.87914521e-02 -2.04056427e-02 -1.91092547e-02 -1.53449364e-02 -1.53075214e-02 -1.92118827e-02 -2.02710144e-02 -1.85407177e-02 -1.82189755e-02 -1.68700684e-02 -1.56231653e-02 -1.67534593e-02 -1.91800687e-02 -1.69323497e-02 -1.41873825e-02 -1.20906029e-02 -6.84027001e-03 -6.27968460e-03 -1.30872615e-02 -1.82373226e-02 -1.76528413e-02 -1.53642800e-02 -1.35431141e-02 -1.33876670e-02 -1.59977488e-02 -1.52620301e-02 -1.53565109e-02 -1.43539403e-02 -1.29507314e-02 -1.22693814e-02 -1.40308701e-02 -1.65736154e-02 -1.70713887e-02 -1.53476037e-02 -1.33187417e-02 -1.46265216e-02 -1.82399154e-02 -1.60685889e-02 -1.86787061e-02 -1.90915316e-02 -2.32787579e-02 -2.44908035e-02 -2.21880395e-02 -1.87555198e-02 -1.46311373e-02 -1.38318315e-02 -1.92930046e-02 -1.73040889e-02 -1.43780224e-02 -1.66559741e-02 -1.51833110e-02 -1.33981463e-02 -1.30072869e-02 -1.58930197e-02 -1.63312703e-02 -1.29171386e-02 -1.16857477e-02 -1.24109928e-02 -1.04231201e-02 -8.13366100e-03 -1.10334735e-02 -1.59099810e-02 -1.61279626e-02 -1.70203652e-02 -1.54589768e-02 -1.17867813e-02 -1.14734787e-02 -1.16049480e-02 -1.43713336e-02 -2.08248813e-02 -2.23080143e-02 -2.15264428e-02 -1.69548597e-02 -1.53297335e-02 -1.70056652e-02 -1.74882356e-02 -1.42154731e-02 -1.18323620e-02 -1.53311342e-02 -1.52865984e-02 -1.26092285e-02 -1.30275358e-02 -1.37647837e-02 -1.28831211e-02 -1.23207476e-02 -1.25102438e-02 -1.26384851e-02 -9.74116847e-03 -1.35046132e-02 -1.32880472e-02 -6.32273871e-03 -3.80863622e-03 -1.61852874e-03 8.31776299e-04 -2.76881410e-03
-1.16482656e-02 -5.70731703e-03 -6.56966679e-03 -6.78522512e-03 -1.25656519e-02 -1.52502321e-02 -1.63499173e-02 -1.61268841e-02 -1.56629924e-02 -1.47459246e-02 -1.29632019e-02 -1.35716815e-02 -1.11974627e-02 -1.05286054e-02 -1.12619940e-02 -1.48918331e-02 -1.55957472e-02 -1.31596345e-02 -1.07651502e-02 -1.03579573e-02 -1.13252569e-02 -1.16452593e-02 -8.19714367e-03 -7.16864318e-03 -9.77943093e-03 -1.02170389e-02 -9.07910988e-03 -1.05374623e-02 -1.21153332e-02 -1.27219409e-02 -1.06677879e-02 -1.03727151e-02 -1.21692084e-02 -9.67269205e-03 -8.64311121e-03 -1.01108439e-02 -1.05759148e-02 -1.29559115e-02 -1.38342194e-02 -1.07392315e-02 -1.18040070e-02 -1.17370039e-02 -1.01251695e-02 -1.33622568e-02 -1.58036072e-02 -1.73288099e-02 -1.67903937e-02 -1.59328040e-02 -1.64295360e-02 -1.33434869e-02 -1.15130804e-02 -1.18101053e-02 -1.39072537e-02 -1.58520155e-02 -2.19397843e-02 -1.93885453e-02 -1.55974366e-02 -2.11131796e-02 -2.55308691e-02 -2.47363113e-02 -1.75574049e-02 -9.97997448e-03 -1.30563043e-02 -1.98056996e-02 -2.59560365e-02 -2.71429177e-02 -2.35778820e-02 -1.70985386e-02 -1.47392955e-02 -1.78789254e-02 -1.89073421e-02 -1.45985056e-02 -1.15406476e-02 -6.14677742e-03 -4.15457413e-03 -4.63454425e-03 -1.08470693e-02 -1.48329474e-02 -1.93419028e-02 -1.93748400e-02 -1.52109489e-02 -1.16712786e-02 -9.18011367e-03 -8.04109126e-03 -9.59222019e-03 -1.61943454e-02 -2.01484915e-02 -1.74985789e-02 -1.28543954e-02 -1.33653488e-02 -1.21122301e-02 -1.33713111e-02 -1.90402772e-02 -2.01535635e-02 -1.92502588e-02 -1.46107059e-02 -1.69455726e-02 -1.91238280e-02 -1.88433733e-02 -1.85268316e-02 -1.79569740e-02 -1.45045929e-02 -1.35216471e-02 -1.41916946e-02 -1.46661084e-02 -1.49351452e-02 -1.82052031e-02 -1.73769910e-02 -1.49757713e-02 -1.54757481e-02 -1.90940667e-02 -1.95733625e-02 -1.62413903e-02 -1.59928855e-02 -1.51741952e-02 -1.38020609e-02 -1.57571137e-02 -1.71701293e-02 -1.35356765e-02 -1.17230881e-02 -1.41740665e-02 -1.30353123e-02 -1.07242502e-02 -1.41651779e-02 -2.04040818e-02 -1.95918605e-02 -1.38368234e-02 -1.10151116e-02 -1.31311249e-02 -1.59035437e-02 -1.62758529e-02 -1.46357641e-02 -1.34692248e-02 -1.22066066e-02 -1.26376897e-02 -1.46730002e-02 -1.27708130e-02 -1.23424828e-02 -1.36945974e-02 -1.47297848e-02 -1.56347528e-02 -1.97272934e-02 -2.10443996e-02 -2.01672800e-02 -1.71721093e-02 -1.80466250e-02 -2.16892492e-02 -2.19225176e-02 -1.99442133e-02 -1.77528933e-02 -1.63510740e-02 -1.96145717e-02 -1.82237793e-02 -1.53827313e-02 -1.71651635e-02 -1.60089396e-02 -1.42608546e-02 -1.34642478e-02 -1.58147458e-02 -1.50372181e-02 -1.03890095e-02 -8.58405605e-03 -1.25031453e-02 -1.09137334e-02 -1.10055339e-02 -1.33053847e-02 -1.71768609e-02 -1.79652832e-02 -1.40974112e-02 -1.52707808e-02 -1.54322963e-02 -1.40202548e-02 -1.00876037e-02 -1.11230146e-02 -1.83285177e-02 -2.23295894e-02 -2.16987990e-02 -1.61235947e-02 -1.36838518e-02 -1.49487462e-02 -1.86554454e-02 -1.66094359e-02 -1.52550172e-02 -1.56141967e-02 -1.38414670e-02 -1.37807094e-02 -1.40431914e-02 -1.33788101e-02 -1.21060386e-02 -1.08847413e-02 -1.29691903e-02 -1.52199212e-02 -1.16362646e-02 -1.24801062e-02 -1.12161469e-02 -7.01154862e-03 -4.84577194e-03 -2.97406036e-03 5.36878593e-04 -2.45466223e-03
-1.12499772e-02 -3.87361087e-03 -4.99068387e-03 -6.74678944e-03 -1.27700400e-02 -1.50283705e-02 -1.56066436e-02 -1.84840485e-02 -1.74246654e-02 -1.16505735e-02 -8.31653178e-03 -1.05212275e-02 -1.27018150e-02 -1.36063844e-02 -1.33190602e-02 -1.40982065e-02 -1.40480865e-02 -1.27672683e-02 -9.89074260e-03 -1.00117531e-02 -1.20816845e-02 -1.28839742e-02 -8.11298750e-03 -7.64518417e-03 -1.11893266e-02 -1.01663545e-02 -8.62703845e-03 -1.01588815e-02 -1.15110148e-02 -1.29127335e-02 -1.16194841e-02 -1.04858167e-02 -9.46007483e-03 -9.04178433e-03 -9.92278568e-03 -1.14799030e-02 -1.15662739e-02 -1.22052226e-02 -1.26974341e-02 -1.08940061e-02 -1.17747281e-02 -1.34084690e-02 -1.51448380e-02 -1.61534324e-02 -1.51899345e-02 -1.68780759e-02 -1.72918551e-02 -1.58235785e-02 -1.67666096e-02 -1.33448057e-02 -1.11704320e-02 -1.15007274e-02 -1.31662525e-02 -1.33746117e-02 -2.16991119e-02 -2.33022869e-02 -2.03095786e-02 -2.28376351e-02 -2.48073004e-02 -2.13189200e-02 -1.77274160e-02 -1.38530210e-02 -1.38434581e-02 -1.61547810e-02 -2.28474550e-02 -2.42376216e-02 -2.14787871e-02 -1.59163866e-02 -1.33056361e-02 -1.64541174e-02 -1.75943561e-02 -1.61055252e-02 -1.35067869e-02 -9.13833082e-03 -6.77801669e-03 -5.46491891e-03 -8.98004696e-03 -1.24824606e-02 -1.71515010e-02 -1.76984072e-02 -1.58021543e-02 -1.37189887e-02 -1.36629082e-02 -1.38007179e-02 -1.53653063e-02 -1.77867003e-02 -1.93313286e-02 -1.90270785e-02 -1.63213033e-02 -1.54505689e-02 -1.34545639e-02 -1.15070380e-02 -1.63818933e-02 -2.09935885e-02 -2.14230772e-02 -1.75380092e-02 -1.75868217e-02 -1.69846024e-02 -1.64587367e-02 -1.65212024e-02 -1.70109291e-02 -1.68858562e-02 -1.74127296e-02 -1.77792013e-02 -1.38603970e-02 -1.13124177e-02 -1.54965110e-02 -1.60652678e-02 -1.39698368e-02 -1.40415765e-02 -1.78350061e-02 -1.82222165e-02 -1.57446135e-02 -1.56705268e-02 -1.60794463e-02 -1.42759476e-02 -1.42833348e-02 -1.35737862e-02 -1.17055457e-02 -1.14900526e-02 -1.39795598e-02 -1.40187778e-02 -1.54294223e-02 -1.94370933e-02 -2.03627534e-02 -1.62523855e-02 -1.21986642e-02 -9.62513685e-03 -1.29928831e-02 -1.63753573e-02 -1.67574473e-02 -1.48944613e-02 -1.25844199e-02 -1.22173764e-02 -1.41606536e-02 -1.59466602e-02 -1.36425160e-02 -1.04841776e-02 -1.20007284e-02 -1.38545297e-02 -1.67113654e-02 -1.71912573e-02 -1.90632194e-02 -2.03636438e-02 -2.31663138e-02 -2.08678991e-02 -1.83724575e-02 -1.93423238e-02 -2.26927623e-02 -2.39068475e-02 -2.19890438e-02 -1.95781086e-02 -1.74118113e-02 -1.64737478e-02 -1.67167448e-02 -1.66425407e-02 -1.41925570e-02 -1.16437338e-02 -1.32818706e-02 -1.31873880e-02 -9.08129662e-03 -8.31925124e-03 -1.28016770e-02 -1.36852767e-02 -1.14181712e-02 -1.14167668e-02 -1.30389743e-02 -1.54784583e-02 -1.38000175e-02 -1.36900451e-02 -1.46067701e-02 -1.51325148e-02 -1.24053396e-02 -1.14906002e-02 -1.78972036e-02 -2.01984830e-02 -1.69710312e-02 -1.16791110e-02 -9.64863040e-03 -1.12220906e-02 -1.75226945e-02 -1.76726207e-02 -1.57125145e-02 -1.54925827e-02 -1.22569837e-02 -1.33756436e-02 -1.36921201e-02 -1.40437484e-02 -1.23390146e-02 -1.01327673e-02 -1.12551097e-02 -1.60511918e-02 -1.30284112e-02 -1.17627382e-02 -9.18322708e-03 -6.09913375e-03 -5.13427891e-03 -2.78701074e-03 3.97562049e-04 -1.71329780e-03
-1.08989812e-02 -4.07986343e-03 -5.55849634e-03 -8.66751745e-03 -1.21253859e-02 -1.31891128e-02 -1.66363027e-02 -1.75283663e-02 -1.62345339e-02 -1.03616174e-02 -7.81397521e-03 -1.07832402e-02 -1.26412828e-02 -1.20878946e-02 -1.25340018e-02 -1.26596168e-02 -1.38578806e-02 -1.46025270e-02 -1.11966264e-02 -9.24186595e-03 -1.07380394e-02 -1.17703956e-02 -9.56169143e-03 -9.68015753e-03 -1.22161340e-02 -1.03628077e-02 -7.73792714e-03 -1.00409817e-02 -1.28700603e-02 -1.53324045e-02 -1.39031522e-02 -1.06972400e-02 -9.98723879e-03 -9.80012119e-03 -8.23436305e-03 -9.65377502e-03 -1.05210338e-02 -1.19494759e-02 -1.26955844e-02 -1.25542320e-02 -1.39349550e-02 -1.54763162e-02 -1.59020294e-02 -1.68100018e-02 -1.56248789e-02 -1.47418138e-02 -1.69772208e-02 -1.48250032e-02 -1.41858906e-02 -1.45464279e-02 -1.20376088e-02 -1.03798658e-02 -1.16492994e-02 -1.42822117e-02 -2.17735469e-02 -2.07114890e-02 -1.77261978e-02 -1.86083689e-02 -2.16515735e-02 -1.94195844e-02 -1.81685090e-02 -1.93509441e-02 -1.87992994e-02 -1.82609987e-02 -2.25363057e-02 -2.25534756e-02 -1.80598218e-02 -1.47680230e-02 -1.29078850e-02 -1.55644845e-02 -1.75159276e-02 -1.69103332e-02 -1.55749377e-02 -1.28480382e-02 -1.05730444e-02 -1.02219023e-02 -1.35473888e-02 -1.41031500e-02 -1.34688448e-02 -1.29412562e-02 -1.28709599e-02 -1.47849265e-02 -1.77830476e-02 -2.00410150e-02 -1.88829489e-02 -1.74846053e-02 -1.90878995e-02 -1.94538757e-02 -1.99305918e-02 -2.15301476e-02 -2.13397890e-02 -1.63292363e-02 -1.36982687e-02 -1.64690651e-02 -1.89750660e-02 -1.76690482e-02 -1.64014418e-02 -1.44809093e-02 -1.65385250e-02 -1.74100660e-02 -1.47101898e-02 -1.23726986e-02 -1.39133632e-02 -1.67628787e-02 -1.36945043e-02 -1.01149641e-02 -1.47929080e-02 -1.59728173e-02 -1.49244592e-02 -1.42436065e-02 -1.57342777e-02 -1.70868691e-02 -1.61411669e-02 -1.51187945e-02 -1.51550155e-02 -1.39368698e-02 -1.36896633e-02 -1.31394304e-02 -1.35485847e-02 -1.52913984e-02 -1.46929771e-02 -1.36198960e-02 -1.80020817e-02 -2.17156205e-02 -1.89989116e-02 -1.28926057e-02 -1.04244817e-02 -1.13634691e-02 -1.26246605e-02 -1.27412304e-02 -1.44699775e-02 -1.32975392e-02 -1.08809359e-02 -1.29865706e-02 -1.80404186e-02 -1.72509346e-02 -1.50113143e-02 -1.25136487e-02 -1.15669034e-02 -1.43629909e-02 -1.63067617e-02 -1.65113620e-02 -1.77260414e-02 -1.97474211e-02 -2.51735486e-02 -2.78660674e-02 -2.10691169e-02 -1.77539475e-02 -1.95798706e-02 -2.23175976e-02 -2.13606935e-02 -1.91134661e-02 -1.90517660e-02 -1.74998380e-02 -1.65961292e-02 -1.51412655e-02 -1.26710348e-02 -1.11857764e-02 -1.23938676e-02 -1.42397061e-02 -1.12548172e-02 -8.64059851e-03 -1.20073110e-02 -1.24067534e-02 -1.33636817e-02 -1.26259048e-02 -1.28361732e-02 -1.51176397e-02 -1.39989275e-02 -1.20675284e-02 -1.17703620e-02 -1.28633510e-02 -1.39535591e-02 -1.45067777e-02 -1.54575314e-02 -1.66556574e-02 -1.60128754e-02 -1.39510315e-02 -1.08792037e-02 -1.07349120e-02 -1.50919966e-02 -1.66855063e-02 -1.53090581e-02 -1.24757458e-02 -1.05736498e-02 -1.09504480e-02 -1.26953833e-02 -1.55520067e-02 -1.65675506e-02 -1.35281738e-02 -1.19672045e-02 -1.45942699e-02 -1.30214710e-02 -1.10951960e-02 -8.37948080e-03 -5.06788120e-03 -3.96578945e-03 -1.46514736e-03 -6.81525096e-04 -3.05732293e-03
-1.05741769e-02 -5.56910131e-03 -8.39403272e-03 -1.17693320e-02 -1.30198356e-02 -1.22615863e-02 -1.41445696e-02 -1.29415244e-02 -1.21487286e-02 -1.12064611e-02 -1.36893056e-02 -1.50439218e-02 -1.28505323e-02 -1.03781708e-02 -9.10874829e-03 -9.79052112e-03 -1.18665844e-02 -1.39560755e-02 -1.22910421e-02 -1.02661289e-02 -9.77500901e-03 -1.13560967e-02 -1.03097800e-02 -1.00694168e-02 -1.07237678e-02 -8.33406113e-03 -6.68536313e-03 -9.73384269e-03 -1.28096268e-02 -1.60039477e-02 -1.41833294e-02 -1.06344800e-02 -1.00836083e-02 -1.39449406e-02 -9.68313031e-03 -6.08296692e-03 -8.36128928e-03 -1.22243222e-02 -1.53557602e-02 -1.47941243e-02 -1.45728495e-02 -1.56666711e-02 -1.68943815e-02 -1.82616152e-02 -1.58058181e-02 -1.24203432e-02 -1.32189076e-02 -1.13985054e-02 -9.27080214e-03 -1.21466815e-02 -1.23065151e-02 -1.05469599e-02 -1.09166279e-02 -1.25633143e-02 -1.95766948e-02 -2.05928423e-02 -2.07798891e-02 -1.62171945e-02 -1.36086121e-02 -1.48264952e-02 -1.84548348e-02 -2.27853246e-02 -2.27092467e-02 -2.05295719e-02 -2.01768298e-02 -2.04521157e-02 -1.78898759e-02 -1.64100248e-02 -1.42244045e-02 -1.31912045e-02 -1.37698334e-02 -1.31256562e-02 -1.32727008e-02 -1.50934048e-02 -1.49965566e-02 -1.41713787e-02 -1.45870615e-02 -1.16483644e-02 -9.32954997e-03 -1.28023811e-02 -1.16630532e-02 -1.07221082e-02 -1.62433293e-02 -2.42630597e-02 -2.53925193e-02 -1.81822907e-02 -1.66855548e-02 -1.80538539e-02 -2.22270992e-02 -1.92375127e-02 -1.96466260e-02 -1.78232547e-02 -1.48364045e-02 -1.36371404e-02 -1.55349281e-02 -1.72250122e-02 -1.71140283e-02 -1.46343689e-02 -1.63739398e-02 -1.83432084e-02 -1.47233903e-02 -8.84958915e-03 -1.30933076e-02 -1.96230542e-02 -1.57239102e-02 -1.08433701e-02 -1.24301910e-02 -1.30723696e-02 -1.36229284e-02 -1.55668501e-02 -1.69783887e-02 -1.73684079e-02 -1.52499452e-02 -1.49467494e-02 -1.61246173e-02 -1.43221561e-02 -1.32534448e-02 -1.39803048e-02 -1.45330355e-02 -1.54802483e-02 -1.49567686e-02 -1.19366795e-02 -1.54206455e-02 -1.92273669e-02 -1.85598619e-02 -1.54580493e-02 -1.23021752e-02 -1.17216222e-02 -1.10053364e-02 -8.94123875e-03 -1.36641189e-02 -1.73470266e-02 -1.74549296e-02 -1.68955997e-02 -1.83578823e-02 -1.90029778e-02 -1.67013239e-02 -1.57140344e-02 -1.41305551e-02 -1.38731189e-02 -1.44176297e-02 -1.61161944e-02 -1.85426809e-02 -2.28933878e-02 -2.63264589e-02 -2.60491893e-02 -1.86316110e-02 -1.41555443e-02 -1.55003369e-02 -1.62585191e-02 -1.88076124e-02 -1.87657345e-02 -1.98212638e-02 -1.68186259e-02 -1.35626271e-02 -1.37522370e-02 -1.37271751e-02 -1.28059462e-02 -1.31831728e-02 -1.34506878e-02 -1.14182085e-02 -9.55769606e-03 -1.13177821e-02 -1.15622319e-02 -1.15442425e-02 -1.32473111e-02 -1.28690321e-02 -1.30986739e-02 -1.20581482e-02 -1.14238113e-02 -9.74003598e-03 -1.10935699e-02 -1.40660498e-02 -1.40121207e-02 -1.47757940e-02 -1.66174527e-02 -1.52162351e-02 -1.49552878e-02 -1.22427773e-02 -1.13079585e-02 -1.36840288e-02 -1.47016514e-02 -1.29168648e-02 -1.07097961e-02 -1.09083727e-02 -1.16966516e-02 -1.27716977e-02 -1.67799797e-02 -1.72074996e-02 -1.36000831e-02 -1.05781537e-02 -1.18620154e-02 -1.20133348e-02 -1.08324811e-02 -8.00987426e-03 -4.80487198e-03 -3.30653321e-03 -1.34678278e-03 -2.02090666e-03 -4.78147110e-03
-9.94798727e-03 -6.41741510e-03 -1.07101621e-02 -1.31259318e-02 -1.30618270e-02 -1.15568843e-02 -1.42089557e-02 -1.08390581e-02 -8.69380310e-03 -1.06984731e-02 -1.40150134e-02 -1.50199123e-02 -1.45166107e-02 -1.24239791e-02 -1.06278602e-02 -1.02791879e-02 -1.06059350e-02 -1.18888952e-02 -1.17576364e-02 -1.07908770e-02 -1.03831813e-02 -9.37901437e-03 -6.99350424e-03 -8.24226625e-03 -9.25700553e-03 -6.48183376e-03 -6.74180314e-03 -9.28209722e-03 -1.19913463e-02 -1.37442742e-02 -1.29410569e-02 -1.03097484e-02 -1.04804654e-02 -1.20502878e-02 -9.51561332e-03 -8.91206414e-03 -1.10130049e-02 -1.17442533e-02 -1.38646848e-02 -1.51495282e-02 -1.39048789e-02 -1.51552781e-02 -1.51617490e-02 -1.55603755e-02 -1.47026069e-02 -1.19553711e-02 -1.19293816e-02 -1.02243647e-02 -9.29393247e-03 -1.02257803e-02 -8.85738805e-03 -9.84330103e-03 -1.04575083e-02 -1.23078153e-02 -1.80353709e-02 -1.77746303e-02 -2.17651650e-02 -1.72052719e-02 -9.73562151e-03 -9.03069600e-03 -1.61975473e-02 -2.24530697e-02 -2.34291516e-02 -2.00581029e-02 -1.75657887e-02 -1.78758372e-02 -1.70834586e-02 -1.62522588e-02 -1.58571843e-02 -1.52491964e-02 -1.35761965e-02 -1.11439954e-02 -1.00242496e-02 -1.29596945e-02 -1.69318840e-02 -1.84086282e-02 -1.50741767e-02 -1.07086860e-02 -1.13039687e-02 -1.80409346e-02 -1.65946614e-02 -9.99217480e-03 -1.23058148e-02 -2.15408150e-02 -2.64348947e-02 -2.00061388e-02 -1.51625611e-02 -1.63700171e-02 -1.96543317e-02 -1.55342054e-02 -1.45814139e-02 -1.83115732e-02 -1.88797116e-02 -1.71279665e-02 -1.61239300e-02 -1.66661944e-02 -1.65472459e-02 -1.43708512e-02 -1.54428761e-02 -1.79687534e-02 -1.70123726e-02 -1.02510694e-02 -1.18124392e-02 -1.93831250e-02 -1.43029708e-02 -1.09063685e-02 -1.44751538e-02 -1.36935394e-02 -1.31506957e-02 -1.55218896e-02 -1.51945166e-02 -1.64370220e-02 -1.61897857e-02 -1.67900417e-02 -1.72068421e-02 -1.48354620e-02 -1.04570128e-02 -1.34086050e-02 -1.61024015e-02 -1.79883987e-02 -1.60054155e-02 -1.06419437e-02 -9.91790742e-03 -1.38113499e-02 -1.82019491e-02 -2.00212728e-02 -1.66660231e-02 -1.31700821e-02 -1.11650061e-02 -1.02013331e-02 -1.44100897e-02 -1.84877943e-02 -1.89052001e-02 -1.65824201e-02 -1.64156985e-02 -1.72416512e-02 -1.85406692e-02 -1.82028431e-02 -1.57669671e-02 -1.37718990e-02 -1.64799392e-02 -2.18541771e-02 -2.30704919e-02 -1.81240328e-02 -1.41081996e-02 -1.46286413e-02 -1.43554360e-02 -1.31060630e-02 -1.08494274e-02 -1.04683340e-02 -1.46461017e-02 -1.81454122e-02 -1.98276788e-02 -1.65080428e-02 -1.31188221e-02 -1.32625420e-02 -1.48817170e-02 -1.42593365e-02 -1.29777603e-02 -1.17326137e-02 -1.02600772e-02 -1.07464232e-02 -1.20719727e-02 -1.09449439e-02 -1.06483828e-02 -1.29895378e-02 -1.36480946e-02 -1.17992982e-02 -9.27148759e-03 -9.53444652e-03 -9.03569162e-03 -1.09516289e-02 -1.52830221e-02 -1.56582426e-02 -1.54888015e-02 -1.57537404e-02 -1.39640719e-02 -1.43109951e-02 -1.12753883e-02 -1.04532875e-02 -1.43102538e-02 -1.61345322e-02 -1.47929918e-02 -1.11838151e-02 -9.99427401e-03 -1.21710002e-02 -1.43728554e-02 -1.69523209e-02 -1.72625538e-02 -1.35151781e-02 -1.07935295e-02 -1.00716259e-02 -9.82545875e-03 -9.57637094e-03 -7.18352944e-03 -5.31566236e-03 -4.32978105e-03 -2.27970351e-03 -1.40484888e-03 -3.42447450e-03
-1.06375534e-02 -5.33699710e-03 -9.97743849e-03 -1.28295776e-02 -1.21750552e-02 -1.30591467e-02 -1.64584387e-02 -1.13409087e-02 -7.39320926e-03 -7.79631734e-03 -1.13596097e-02 -1.38149783e-02 -1.31923091e-02 -1.19470321e-02 -1.02482028e-02 -8.49070586e-03 -7.92347267e-03 -1.02451928e-02 -1.21223126e-02 -1.26822069e-02 -1.21885817e-02 -1.00213829e-02 -6.80644251e-03 -8.51914473e-03 -9.96375084e-03 -9.06086713e-03 -9.39106382e-03 -1.05022378e-02 -1.13816727e-02 -1.23179015e-02 -1.34836305e-02 -1.22171473e-02 -1.07282624e-02 -1.06412172e-02 -8.57305899e-03 -9.72743332e-03 -1.16692968e-02 -9.32593830e-03 -1.01241954e-02 -1.53205432e-02 -1.48967672e-02 -1.54603757e-02 -1.49789918e-02 -1.36791598e-02 -1.57935545e-02 -1.24701578e-02 -1.11163184e-02 -1.11035518e-02 -1.01982579e-02 -8.26660544e-03 -6.81211427e-03 -7.80932605e-03 -1.08913556e-02 -1.64908804e-02 -1.80971511e-02 -1.44983791e-02 -2.00352110e-02 -1.85636319e-02 -1.16771571e-02 -7.13812187e-03 -1.41717233e-02 -2.09981035e-02 -2.10547093e-02 -1.80282332e-02 -1.66244563e-02 -1.68197155e-02 -1.72630772e-02 -1.73094869e-02 -1.64784305e-02 -1.50188394e-02 -1.28722917e-02 -1.05013102e-02 -8.01970810e-03 -1.04147382e-02 -1.56138800e-02 -1.55093241e-02 -9.27754119e-03 -7.96061382e-03 -1.51062999e-02 -1.90873183e-02 -1.69526096e-02 -1.38975102e-02 -1.25720836e-02 -1.66116450e-02 -2.28361301e-02 -2.12753024e-02 -1.62062943e-02 -1.69538129e-02 -1.67130027e-02 -1.17996093e-02 -1.21022798e-02 -1.48358513e-02 -1.70192625e-02 -1.64996944e-02 -1.75373890e-02 -1.71617977e-02 -1.57256238e-02 -1.43277645e-02 -1.44351497e-02 -1.63969342e-02 -1.84990410e-02 -1.53817181e-02 -1.32570770e-02 -1.59186218e-02 -1.37447640e-02 -1.36843193e-02 -1.55186076e-02 -1.22095738e-02 -1.22201648e-02 -1.66751947e-02 -1.65770445e-02 -1.69979278e-02 -1.59798879e-02 -1.61935650e-02 -1.66159570e-02 -1.53742153e-02 -1.23640504e-02 -1.43629517e-02 -1.70264747e-02 -1.62123702e-02 -1.64812542e-02 -1.14891976e-02 -6.21980429e-03 -9.88029689e-03 -1.74469557e-02 -2.19601281e-02 -1.90394726e-02 -1.38067957e-02 -9.65216011e-03 -1.07222982e-02 -1.72890797e-02 -1.87883228e-02 -1.77049413e-02 -1.57097243e-02 -1.50674600e-02 -1.53583139e-02 -1.87355597e-02 -2.11322177e-02 -1.89465825e-02 -1.72172375e-02 -1.69330500e-02 -2.17025671e-02 -2.18157582e-02 -1.51013881e-02 -6.50636107e-03 -5.67406416e-03 -7.38035887e-03 -1.23572312e-02 -1.35721862e-02 -1.10598318e-02 -1.44929253e-02 -1.40969679e-02 -1.78786665e-02 -1.75451674e-02 -1.34310909e-02 -1.24556497e-02 -1.43259764e-02 -1.45755447e-02 -1.17552206e-02 -8.63565318e-03 -8.40753317e-03 -9.97900404e-03 -1.23264212e-02 -1.19767692e-02 -1.16441920e-02 -1.21223070e-02 -1.35820769e-02 -9.89442132e-03 -7.25611299e-03 -8.76921974e-03 -9.82458517e-03 -1.18035972e-02 -1.58405025e-02 -1.64896287e-02 -1.60130858e-02 -1.56686734e-02 -1.37962662e-02 -1.31641608e-02 -9.57378000e-03 -8.72170739e-03 -1.44164544e-02 -1.70833841e-02 -1.64232943e-02 -1.54248960e-02 -1.30149107e-02 -1.29797310e-02 -1.37101226e-02 -1.55639481e-02 -1.68067161e-02 -1.43534858e-02 -1.06904004e-02 -8.52781907e-03 -7.02507794e-03 -7.01324642e-03 -5.25611639e-03 -5.83712570e-03 -6.20934833e-03 -3.49514605e-03 -1.86201651e-03 -2.70544551e-03
-1.15126520e-02 -5.50147425e-03 -7.82131217e-03 -1.13968961e-02 -1.25592854e-02 -1.24609359e-02 -1.56436395e-02 -1.29286665e-02 -8.24448839e-03 -6.70646504e-03 -9.68055986e-03 -1.20528117e-02 -1.12689827e-02 -1.07533894e-02 -1.13932323e-02 -1.03756487e-02 -9.70519707e-03 -9.73600708e-03 -1.15441047e-02 -1.24274492e-02 -1.21304914e-02 -9.99727100e-03 -8.67299922e-03 -1.07347872e-02 -1.18802320e-02 -9.95165482e-03 -1.19031910e-02 -1.24511030e-02 -1.20031387e-02 -1.02064796e-02 -1.20875575e-02 -1.30137298e-02 -1.11731552e-02 -1.01018362e-02 -7.54822418e-03 -9.91371833e-03 -1.33517962e-02 -1.04193464e-02 -8.91861320e-03 -1.46046188e-02 -1.55390613e-02 -1.39705855e-02 -1.36142205e-02 -1.25411674e-02 -1.43689755e-02 -1.50526594e-02 -1.65003631e-02 -1.72268469e-02 -1.41689666e-02 -8.25950876e-03 -6.52413443e-03 -9.85873863e-03 -1.43734105e-02 -2.24005207e-02 -2.17235275e-02 -1.58123970e-02 -1.67601034e-02 -1.70699209e-02 -1.35880224e-02 -8.80897045e-03 -1.46154054e-02 -1.88590623e-02 -1.81865860e-02 -1.81889702e-02 -1.68942735e-02 -1.47697963e-02 -1.65368412e-02 -1.70604009e-02 -1.63402278e-02 -1.47300512e-02 -1.26307812e-02 -1.20939128e-02 -1.17203705e-02 -1.23600475e-02 -1.48776751e-02 -9.87184048e-03 -4.39706072e-03 -8.86634365e-03 -1.68275572e-02 -1.71625465e-02 -1.61589533e-02 -1.66401267e-02 -1.65148731e-02 -1.55244675e-02 -1.87598467e-02 -2.01794021e-02 -1.85864344e-02 -2.04316862e-02 -1.82815678e-02 -1.15759168e-02 -9.49858874e-03 -1.14092063e-02 -1.19839553e-02 -1.59957223e-02 -1.81439389e-02 -1.62442960e-02 -1.44867171e-02 -1.51039511e-02 -1.42688118e-02 -1.51698049e-02 -1.79346837e-02 -1.76382810e-02 -1.47119425e-02 -1.49565190e-02 -1.45480838e-02 -1.69990677e-02 -1.57137681e-02 -1.01753622e-02 -1.20152161e-02 -1.85486712e-02 -1.95235852e-02 -1.86436698e-02 -1.58978868e-02 -1.44872777e-02 -1.60723943e-02 -1.63922291e-02 -1.49162691e-02 -1.68274380e-02 -1.87629238e-02 -1.79214962e-02 -1.72249414e-02 -1.41684823e-02 -9.41445678e-03 -9.95945185e-03 -1.67951901e-02 -2.15331204e-02 -1.84772834e-02 -1.48009472e-02 -1.26500856e-02 -1.23788808e-02 -1.77564621e-02 -1.84780993e-02 -1.38605963e-02 -1.48374792e-02 -1.76678300e-02 -1.67928468e-02 -1.83322001e-02 -2.09677573e-02 -1.89466961e-02 -1.74288619e-02 -1.61074065e-02 -1.69824734e-02 -1.95426419e-02 -1.58766583e-02 -8.09675828e-03 -5.05739450e-03 -6.78366050e-03 -1.26439594e-02 -1.54454410e-02 -1.32351704e-02 -1.27158947e-02 -1.02918521e-02 -1.45667754e-02 -1.77544169e-02 -1.38194524e-02 -1.04349367e-02 -1.34906322e-02 -1.48616033e-02 -1.11183161e-02 -6.93325885e-03 -7.44396262e-03 -9.49919410e-03 -1.17380172e-02 -1.31985024e-02 -1.21697467e-02 -1.04000680e-02 -1.10407826e-02 -9.46557522e-03 -8.88712332e-03 -8.67457688e-03 -9.17460211e-03 -1.24542825e-02 -1.52740721e-02 -1.56546459e-02 -1.64534561e-02 -1.78942978e-02 -1.43846795e-02 -1.28649864e-02 -8.08639079e-03 -8.27720948e-03 -1.39146429e-02 -1.64410733e-02 -1.64918117e-02 -1.75020657e-02 -1.66593529e-02 -1.61147565e-02 -1.49982702e-02 -1.43364333e-02 -1.37721505e-02 -1.26158390e-02 -9.11419094e-03 -7.97469169e-03 -6.04751706e-03 -2.50398554e-03 4.62934375e-04 -4.93517332e-03 -8.61276314e-03 -4.38842690e-03 -2.17056554e-03 -2.01281533e-03
-1.19941263e-02 -4.63480130e-03 -5.72633930e-03 -8.76543671e-03 -1.13966931e-02 -1.34074856e-02 -1.79532617e-02 -1.66248959e-02 -1.13146398e-02 -6.56484812e-03 -7.82017224e-03 -1.02279801e-02 -1.08803287e-02 -1.02153551e-02 -1.03891026e-02 -8.25264305e-03 -9.01563466e-03 -9.26383771e-03 -9.11037810e-03 -1.02340691e-02 -1.01343039e-02 -1.05357040e-02 -1.09468848e-02 -1.16598047e-02 -1.17119979e-02 -1.07998773e-02 -1.09338313e-02 -1.00272708e-02 -8.67287815e-03 -8.92481580e-03 -1.15568079e-02 -1.17046516e-02 -1.02099851e-02 -9.47515666e-03 -9.21021029e-03 -1.13279298e-02 -1.42687541e-02 -1.16896331e-02 -9.35104862e-03 -1.42919589e-02 -1.56517141e-02 -1.27027798e-02 -1.21365413e-02 -1.32995564e-02 -1.57387778e-02 -1.68385394e-02 -1.95542816e-02 -1.99914854e-02 -1.75966993e-02 -1.04959458e-02 -7.60124251e-03 -1.05448961e-02 -1.26101673e-02 -2.02877857e-02 -2.28860825e-02 -1.75624192e-02 -1.10928304e-02 -1.27156302e-02 -1.42671801e-02 -1.26828030e-02 -1.47300921e-02 -1.84523612e-02 -1.62670352e-02 -1.85251478e-02 -1.74355097e-02 -1.50155369e-02 -1.79254021e-02 -1.98613927e-02 -1.66292954e-02 -1.28328931e-02 -1.28074121e-02 -1.56506188e-02 -1.55293904e-02 -1.37136597e-02 -1.34761222e-02 -1.16190240e-02 -8.27402622e-03 -1.13791116e-02 -1.81703717e-02 -1.78761967e-02 -1.33999046e-02 -1.45032257e-02 -1.71469711e-02 -1.59782413e-02 -1.64320618e-02 -1.78837422e-02 -1.69183929e-02 -1.93348434e-02 -1.86167173e-02 -1.41110066e-02 -9.76701081e-03 -1.04531068e-02 -1.03566814e-02 -1.55653059e-02 -1.80033110e-02 -1.39649808e-02 -1.32493190e-02 -1.52870305e-02 -1.47704948e-02 -1.45362839e-02 -1.56255830e-02 -1.59432311e-02 -1.56694259e-02 -1.54792815e-02 -1.46422461e-02 -1.68081261e-02 -1.84808504e-02 -1.40187740e-02 -1.33305974e-02 -1.85081623e-02 -2.03304626e-02 -1.86941754e-02 -1.41878203e-02 -1.41657516e-02 -1.69258211e-02 -1.75113156e-02 -1.55779626e-02 -1.59091409e-02 -1.67264789e-02 -1.67063791e-02 -1.58411376e-02 -1.35327801e-02 -9.64123383e-03 -9.17802751e-03 -1.42673701e-02 -1.85995642e-02 -1.74660161e-02 -1.62389204e-02 -1.62353683e-02 -1.44415200e-02 -1.52247343e-02 -1.46177541e-02 -1.37606282e-02 -1.60437468e-02 -1.72552988e-02 -1.66717507e-02 -1.98280718e-02 -2.28924416e-02 -2.00238321e-02 -1.63158327e-02 -1.17790289e-02 -1.06126703e-02 -1.64073370e-02 -1.84368789e-02 -1.43680833e-02 -1.11252405e-02 -1.09606646e-02 -1.35382302e-02 -1.57007705e-02 -1.41683035e-02 -1.38287339e-02 -1.17401052e-02 -1.35428775e-02 -1.65081695e-02 -1.02340281e-02 -5.87316602e-03 -1.08507685e-02 -1.40678706e-02 -1.04362601e-02 -7.07466993e-03 -8.13833997e-03 -8.81163403e-03 -9.39743593e-03 -1.17781982e-02 -1.25630889e-02 -1.03869159e-02 -9.90860164e-03 -1.07921697e-02 -1.14178360e-02 -1.01802386e-02 -9.15961526e-03 -1.23631004e-02 -1.32294632e-02 -1.36029478e-02 -1.76963061e-02 -2.29094829e-02 -1.71765052e-02 -1.19724665e-02 -8.79465975e-03 -9.32919607e-03 -1.41341425e-02 -1.46632865e-02 -1.44768599e-02 -1.64533146e-02 -1.74949486e-02 -1.78044103e-02 -1.37226600e-02 -1.19517520e-02 -1.22583117e-02 -1.19697284e-02 -9.18718241e-03 -8.90490413e-03 -9.24328528e-03 -5.95240667e-03 -7.57575035e-04 -2.20014062e-03 -6.89678499e-03 -4.30655712e-03 -2.90956954e-03 -2.71432009e-03
-1.08427778e-02 -3.65243293e-03 -4.68904711e-03 -7.46452995e-03 -1.10666119e-02 -1.31109357e-02 -1.83572825e-02 -1.83883384e-02 -1.32074375e-02 -6.29008748e-03 -5.66615537e-03 -8.93928856e-03 -1.13563333e-02 -1.09636150e-02 -1.03307050e-02 -9.47848521e-03 -1.01132710e-02 -9.92495008e-03 -8.38697143e-03 -8.29311460e-03 -9.46550630e-03 -1.25782881e-02 -1.44570507e-02 -1.34443669e-02 -1.23993950e-02 -1.02770124e-02 -7.71054998e-03 -6.45510294e-03 -8.22020695e-03 -1.03933867e-02 -1.33254323e-02 -1.31688341e-02 -1.11236759e-02 -8.42110813e-03 -7.87725672e-03 -1.16182677e-02 -1.61700081e-02 -1.56468209e-02 -1.34694371e-02 -1.32288262e-02 -1.24025233e-02 -9.84652527e-03 -1.07970554e-02 -1.49655510e-02 -1.70593560e-02 -1.86556820e-02 -2.18453705e-02 -2.10059863e-02 -1.86779276e-02 -1.37513019e-02 -1.28650554e-02 -1.14651695e-02 -1.15517750e-02 -1.52551383e-02 -1.74948610e-02 -1.71988569e-02 -1.14957802e-02 -9.81025025e-03 -1.05020665e-02 -1.13090873e-02 -1.51731037e-02 -1.94162019e-02 -1.78419910e-02 -1.92054287e-02 -1.73761193e-02 -1.58639345e-02 -1.81985702e-02 -1.99390911e-02 -1.63731948e-02 -1.05092544e-02 -1.31979305e-02 -1.57073494e-02 -1.27852093e-02 -1.09572932e-02 -1.42333265e-02 -1.67858209e-02 -1.54506918e-02 -1.65831987e-02 -1.87276322e-02 -1.83460526e-02 -1.38011519e-02 -1.31725427e-02 -1.49368923e-02 -1.52720883e-02 -1.52370241e-02 -1.71114206e-02 -1.63266938e-02 -1.56814624e-02 -1.48182847e-02 -1.37489587e-02 -1.24913901e-02 -1.27033424e-02 -1.10906269e-02 -1.37269609e-02 -1.52738634e-02 -1.45662203e-02 -1.35423820e-02 -1.52764618e-02 -1.46752354e-02 -1.39584448e-02 -1.35543030e-02 -1.63125657e-02 -2.03641336e-02 -2.00224705e-02 -1.54878814e-02 -1.59220248e-02 -1.88457258e-02 -1.66563783e-02 -1.37139466e-02 -1.54527724e-02 -1.85234025e-02 -1.91550758e-02 -1.53006352e-02 -1.30030084e-02 -1.63770523e-02 -1.86791494e-02 -1.54224448e-02 -1.36032533e-02 -1.40277799e-02 -1.56079978e-02 -1.49322264e-02 -1.36646386e-02 -1.00214966e-02 -8.81523639e-03 -1.28357485e-02 -1.60373766e-02 -1.50445104e-02 -1.58023816e-02 -1.85333043e-02 -1.70998555e-02 -1.55620053e-02 -1.55902058e-02 -1.50579065e-02 -1.54071525e-02 -1.69984251e-02 -1.81904063e-02 -2.03941017e-02 -2.12217104e-02 -2.04825215e-02 -1.80216134e-02 -1.59400403e-02 -1.21818557e-02 -1.18587166e-02 -1.53063908e-02 -1.66047402e-02 -1.61129162e-02 -1.61843468e-02 -1.36028863e-02 -1.13205835e-02 -1.16477683e-02 -1.29232854e-02 -1.53180081e-02 -1.55784152e-02 -1.36634819e-02 -9.27708857e-03 -3.91220115e-03 -8.08083825e-03 -1.21724373e-02 -1.02672428e-02 -6.56934921e-03 -8.75798333e-03 -8.05805251e-03 -7.77969137e-03 -1.16323177e-02 -1.26114022e-02 -1.06953476e-02 -9.13619436e-03 -1.01200826e-02 -1.23564042e-02 -1.29614100e-02 -1.07664298e-02 -1.12753604e-02 -1.24421865e-02 -1.61722638e-02 -2.15223320e-02 -2.21103989e-02 -1.58479922e-02 -1.12040937e-02 -1.03647653e-02 -1.16520859e-02 -1.52816866e-02 -1.48857944e-02 -1.22004878e-02 -1.27939340e-02 -1.49031840e-02 -1.71637759e-02 -1.52828917e-02 -1.20797623e-02 -9.44655202e-03 -1.10581536e-02 -9.14463215e-03 -8.73036869e-03 -9.17450711e-03 -7.47651793e-03 -3.22381593e-03 -2.39750836e-03 -3.93598713e-03 -2.87547009e-03 -2.52139149e-03 -3.07793543e-03
-1.05639771e-02 -3.71211395e-03 -5.25511056e-03 -6.53801858e-03 -8.59948620e-03 -1.03722680e-02 -1.67977642e-02 -1.85093954e-02 -1.50278267e-02 -7.40387663e-03 -6.13599829e-03 -1.00293420e-02 -1.33114792e-02 -1.24122314e-02 -1.24342740e-02 -1.18789319e-02 -1.10601932e-02 -8.89197551e-03 -7.44637847e-03 -8.13547708e-03 -9.25744325e-03 -1.12435594e-02 -1.22607797e-02 -1.16442498e-02 -1.09879188e-02 -1.01162102e-02 -6.56782649e-03 -6.01613335e-03 -9.75202769e-03 -1.31039061e-02 -1.43533945e-02 -1.26871150e-02 -9.66932252e-03 -8.70217197e-03 -9.01496969e-03 -1.26945917e-02 -1.70424264e-02 -1.51542071e-02 -1.29515938e-02 -1.15970038e-02 -1.05116572e-02 -8.91914032e-03 -8.94259475e-03 -1.45331006e-02 -1.93939228e-02 -2.07593963e-02 -1.93666648e-02 -1.64473429e-02 -1.98694356e-02 -1.84885226e-02 -1.48227699e-02 -1.41324066e-02 -1.23954229e-02 -1.11278892e-02 -1.18105263e-02 -1.51229575e-02 -1.31267980e-02 -9.35862958e-03 -8.84246454e-03 -1.21743977e-02 -1.65832937e-02 -2.02791616e-02 -2.08643023e-02 -2.27190182e-02 -1.97341815e-02 -1.72039792e-02 -1.74447130e-02 -1.88058224e-02 -1.80263985e-02 -1.32001899e-02 -1.52406823e-02 -1.52085871e-02 -1.03860237e-02 -9.93013754e-03 -1.38143674e-02 -1.56491417e-02 -1.61039978e-02 -1.88229606e-02 -2.02165246e-02 -1.67875122e-02 -1.32488366e-02 -1.16752293e-02 -1.17902327e-02 -1.22586787e-02 -1.41714532e-02 -1.71503518e-02 -1.61355697e-02 -1.33659858e-02 -1.30917411e-02 -1.60682946e-02 -1.37187783e-02 -1.05850659e-02 -1.20072402e-02 -1.42261162e-02 -1.53244846e-02 -1.55894216e-02 -1.49436798e-02 -1.45409144e-02 -1.35003775e-02 -1.29197240e-02 -1.10251792e-02 -1.49501469e-02 -2.04735342e-02 -2.06406899e-02 -1.57120563e-02 -1.52353216e-02 -2.05347873e-02 -1.92349292e-02 -1.27069838e-02 -1.07144155e-02 -1.49711873e-02 -1.76357552e-02 -1.52244344e-02 -1.45236291e-02 -1.66442376e-02 -1.79957654e-02 -1.45528875e-02 -1.22116636e-02 -1.11996252e-02 -1.41743720e-02 -1.44830085e-02 -1.25558302e-02 -9.26903076e-03 -8.82080570e-03 -1.25683155e-02 -1.47158038e-02 -1.46021228e-02 -1.59751829e-02 -1.83083266e-02 -2.05771234e-02 -1.81276202e-02 -1.52796339e-02 -1.30423214e-02 -1.12655293e-02 -1.08495504e-02 -1.59457605e-02 -2.04042383e-02 -2.00379081e-02 -1.87818613e-02 -1.66175235e-02 -1.54881831e-02 -1.37821808e-02 -1.16017498e-02 -1.06465183e-02 -1.44825149e-02 -1.42734330e-02 -1.34881232e-02 -1.23892110e-02 -8.60169157e-03 -8.46173987e-03 -1.29901581e-02 -1.51003785e-02 -1.38648115e-02 -1.18490700e-02 -9.00340825e-03 -5.51600009e-03 -6.14708103e-03 -8.92256759e-03 -8.39618407e-03 -5.54815494e-03 -7.03304261e-03 -7.50265736e-03 -8.49728100e-03 -1.06091294e-02 -1.07417852e-02 -1.18280277e-02 -1.04484055e-02 -1.09526962e-02 -1.41899679e-02 -1.64386183e-02 -1.42651610e-02 -1.15872975e-02 -1.02905743e-02 -1.40241776e-02 -1.82285849e-02 -1.85866393e-02 -1.38270855e-02 -1.09779648e-02 -1.21669602e-02 -1.43550672e-02 -1.68919992e-02 -1.53271537e-02 -1.26073714e-02 -1.12891011e-02 -1.25332624e-02 -1.80009753e-02 -1.74339861e-02 -1.39093418e-02 -9.88708623e-03 -1.08133461e-02 -9.23672877e-03 -7.99800456e-03 -7.99833238e-03 -6.79362193e-03 -4.79664747e-03 -2.86215916e-03 -2.31171306e-03 -2.25510728e-03 -9.35604330e-04 -2.54945736e-03
-1.05025601e-02 -4.26606368e-03 -5.18346019e-03 -5.76424971e-03 -8.16358253e-03 -1.09480601e-02 -1.67792346e-02 -1.88670997e-02 -1.71893351e-02 -8.89741257e-03 -4.63530235e-03 -8.80552642e-03 -1.39011778e-02 -1.31788086e-02 -1.28424838e-02 -1.28679518e-02 -1.14162192e-02 -7.97222927e-03 -7.02561624e-03 -8.20055604e-03 -8.79860856e-03 -1.07656606e-02 -1.21225547e-02 -1.12997238e-02 -1.00252163e-02 -9.23411921e-03 -7.86673836e-03 -7.03320652e-03 -9.63220932e-03 -1.26283299e-02 -1.32575613e-02 -1.22332554e-02 -1.11112762e-02 -9.64718312e-03 -8.96442123e-03 -1.21478587e-02 -1.56386402e-02 -1.39887165e-02 -1.18542165e-02 -1.19763128e-02 -1.30920876e-02 -1.28209125e-02 -1.25469584e-02 -1.52183119e-02 -1.48666911e-02 -1.63006671e-02 -1.85258556e-02 -2.02971697e-02 -1.86793841e-02 -1.33129172e-02 -1.27880126e-02 -1.78164244e-02 -1.94349065e-02 -1.51640885e-02 -9.75428149e-03 -7.65648112e-03 -5.91437519e-03 -7.50615820e-03 -1.27278976e-02 -1.55063011e-02 -1.78523920e-02 -1.96564831e-02 -2.12451331e-02 -2.12076437e-02 -1.92342140e-02 -1.95512623e-02 -1.80582274e-02 -1.62475388e-02 -1.43472552e-02 -1.32090934e-02 -1.71421003e-02 -1.68719050e-02 -1.24405585e-02 -1.12811290e-02 -1.39905196e-02 -1.52040571e-02 -1.86714474e-02 -2.04199646e-02 -1.63582750e-02 -1.27038732e-02 -1.24893989e-02 -1.16511118e-02 -1.05222948e-02 -1.16833039e-02 -1.37421675e-02 -1.46022700e-02 -1.27185453e-02 -1.19298492e-02 -1.29102319e-02 -1.43459160e-02 -1.24222413e-02 -1.00663491e-02 -1.37274191e-02 -1.57112051e-02 -1.65183563e-02 -1.67169105e-02 -1.65167172e-02 -1.29810050e-02 -1.34766400e-02 -1.31801497e-02 -1.05936769e-02 -1.45984516e-02 -2.10665949e-02 -2.15442143e-02 -1.69522949e-02 -1.40384398e-02 -1.62723251e-02 -1.63058061e-02 -1.14450231e-02 -9.10194591e-03 -1.12736523e-02 -1.44903809e-02 -1.44234337e-02 -1.45576615e-02 -1.62110142e-02 -1.74237937e-02 -1.61658674e-02 -1.38282739e-02 -1.14869718e-02 -1.27781872e-02 -1.39191821e-02 -1.34602897e-02 -1.13949198e-02 -1.02096815e-02 -1.26579516e-02 -1.47423372e-02 -1.44060273e-02 -1.66634582e-02 -1.86159126e-02 -1.91382319e-02 -1.68575570e-02 -1.63857006e-02 -1.60558149e-02 -1.00620538e-02 -6.02284446e-03 -1.31066144e-02 -1.96928065e-02 -1.87386274e-02 -1.72732342e-02 -1.67158581e-02 -1.74721740e-02 -1.54073611e-02 -1.38195064e-02 -1.11854058e-02 -1.05849709e-02 -1.18573364e-02 -1.14346500e-02 -1.38988607e-02 -1.31293219e-02 -1.10225938e-02 -1.06185004e-02 -1.21986978e-02 -1.11332815e-02 -7.61777163e-03 -7.08498247e-03 -8.80623236e-03 -8.23774561e-03 -8.61554686e-03 -7.18950853e-03 -3.72078642e-03 -5.70876990e-03 -6.91035297e-03 -8.06915853e-03 -1.13132093e-02 -1.34602636e-02 -1.38990022e-02 -9.40372981e-03 -1.05691552e-02 -1.56313553e-02 -1.75461788e-02 -1.73144601e-02 -1.55040864e-02 -1.32217426e-02 -1.41862091e-02 -1.46044213e-02 -1.36170499e-02 -1.20436158e-02 -1.06304809e-02 -1.14333294e-02 -1.21850614e-02 -1.46664735e-02 -1.48622673e-02 -1.22938603e-02 -1.30175743e-02 -1.25816055e-02 -1.71345156e-02 -1.79959945e-02 -1.53860059e-02 -1.16877276e-02 -1.04189739e-02 -9.07236338e-03 -8.08408111e-03 -8.74987058e-03 -7.49778282e-03 -5.41247148e-03 -4.94770613e-03 -2.82703247e-03 -2.47772317e-03 -2.80744396e-04 -2.00642180e-03
-1.04673440e-02 -4.75141872e-03 -6.11821562e-03 -6.80303760e-03 -8.69007222e-03 -1.09091084e-02 -1.58324093e-02 -1.77879315e-02 -1.97501611e-02 -1.37094464e-02 -5.76880574e-03 -5.66798262e-03 -1.22790746e-02 -1.31270718e-02 -1.20633766e-02 -1.19621195e-02 -1.13496631e-02 -7.95713253e-03 -8.03088211e-03 -9.94024053e-03 -8.86611640e-03 -8.82310420e-03 -1.16790626e-02 -1.21487584e-02 -8.46372917e-03 -6.21835701e-03 -9.98497568e-03 -1.27007663e-02 -1.18946452e-02 -1.07015241e-02 -1.07742455e-02 -1.14270449e-02 -1.26409065e-02 -1.26149282e-02 -1.25636086e-02 -1.47154219e-02 -1.43612009e-02 -1.17149781e-02 -1.15190838e-02 -1.11147948e-02 -1.25950817e-02 -1.17369089e-02 -1.20666549e-02 -1.46984849e-02 -1.46655552e-02 -1.43485200e-02 -1.63261201e-02 -1.70080215e-02 -1.52413882e-02 -1.15798078e-02 -1.51558816e-02 -2.51946934e-02 -2.82182880e-02 -1.85040273e-02 -5.67032769e-03 1.00935996e-03 1.11832470e-03 -7.54496828e-03 -1.47236660e-02 -2.18133181e-02 -2.53932979e-02 -2.40305196e-02 -2.05111410e-02 -1.84283275e-02 -1.83719546e-02 -2.22784616e-02 -1.88542716e-02 -1.48750301e-02 -1.45593025e-02 -1.63481422e-02 -1.78158935e-02 -1.73119530e-02 -1.59214027e-02 -1.31406728e-02 -1.15859397e-02 -1.31030921e-02 -1.79922562e-02 -1.92154441e-02 -1.24460310e-02 -8.60160403e-03 -1.17033664e-02 -1.19229946e-02 -1.20310187e-02 -1.24337245e-02 -1.28804985e-02 -1.17616244e-02 -1.09713338e-02 -1.19797271e-02 -1.37650985e-02 -1.41047426e-02 -1.12209562e-02 -9.94304940e-03 -1.54939182e-02 -1.71952918e-02 -1.64913628e-02 -1.52976830e-02 -1.62872188e-02 -1.07876360e-02 -1.21568535e-02 -1.03360284e-02 -8.24361108e-03 -1.35160144e-02 -1.73037946e-02 -1.85366552e-02 -1.44870728e-02 -1.20345671e-02 -1.48991160e-02 -1.58069655e-02 -1.22473966e-02 -8.91014747e-03 -8.35061632e-03 -1.06085502e-02 -1.29086617e-02 -1.44426115e-02 -1.63657740e-02 -1.73925366e-02 -1.42049398e-02 -1.06434710e-02 -9.67923924e-03 -1.10544674e-02 -1.35341361e-02 -1.49631295e-02 -1.44822989e-02 -1.28812715e-02 -1.24117155e-02 -1.37277897e-02 -1.49721857e-02 -1.74362045e-02 -1.84026845e-02 -1.78575367e-02 -1.61233488e-02 -1.44186653e-02 -1.44387055e-02 -1.04873050e-02 -7.15675950e-03 -1.34817343e-02 -1.90448668e-02 -1.97470170e-02 -1.80166271e-02 -1.69425253e-02 -1.61370970e-02 -1.20487232e-02 -1.20694358e-02 -1.10739246e-02 -1.11714024e-02 -1.22206267e-02 -1.20945554e-02 -1.31615009e-02 -1.45775061e-02 -1.33085996e-02 -1.18439961e-02 -9.69038717e-03 -7.31864758e-03 -6.17260113e-03 -6.42703101e-03 -9.64078866e-03 -7.66597688e-03 -6.89637754e-03 -5.45950606e-03 -3.28285620e-03 -3.67648434e-03 -5.50692994e-03 -7.76305888e-03 -1.06108030e-02 -1.31007126e-02 -1.42317638e-02 -1.10186003e-02 -1.09707136e-02 -1.25801973e-02 -1.26984473e-02 -1.44562535e-02 -1.58047341e-02 -1.32032335e-02 -1.23456866e-02 -1.31697208e-02 -1.51327178e-02 -1.49905700e-02 -1.21740047e-02 -9.62022878e-03 -7.86455907e-03 -1.00614615e-02 -1.25943869e-02 -1.14630517e-02 -1.49967112e-02 -1.61746871e-02 -1.67754441e-02 -1.58357900e-02 -1.31366514e-02 -1.05909351e-02 -9.00783949e-03 -8.79751891e-03 -8.74748453e-03 -9.34593659e-03 -9.28914733e-03 -7.11928308e-03 -6.12738170e-03 -3.42694670e-03 -1.95688568e-03 3.85249965e-04 -2.21432094e-03
-9.58199427e-03 -4.42123692e-03 -7.40234833e-03 -8.23947974e-03 -8.53805616e-03 -1.04231834e-02 -1.62066873e-02 -1.81163270e-02 -1.81338936e-02 -1.31229442e-02 -7.61363283e-03 -6.37433492e-03 -1.16318893e-02 -1.36312582e-02 -1.09923761e-02 -1.00950077e-02 -1.22770946e-02 -8.57404619e-03 -8.88104364e-03 -1.01319589e-02 -7.62234256e-03 -6.92605972e-03 -1.11877639e-02 -1.21335499e-02 -9.44732130e-03 -7.06549920e-03 -9.80991498e-03 -1.23230238e-02 -1.13061629e-02 -8.27697106e-03 -9.65153426e-03 -1.23353098e-02 -1.47822462e-02 -1.50324870e-02 -1.27112158e-02 -1.13563985e-02 -1.17814820e-02 -1.26421750e-02 -1.16628110e-02 -1.03184339e-02 -1.14503019e-02 -1.26457121e-02 -1.27446745e-02 -1.36159938e-02 -1.53023731e-02 -1.41658932e-02 -1.49346311e-02 -2.00917739e-02 -2.26565097e-02 -1.54563896e-02 -1.27584673e-02 -2.19311565e-02 -2.14198083e-02 -1.03980675e-02 -9.38512385e-04 -1.74282491e-03 -5.04913554e-03 -1.29629076e-02 -1.98818631e-02 -2.35994197e-02 -2.38228980e-02 -2.24987958e-02 -1.85411051e-02 -1.59255154e-02 -1.76082086e-02 -2.37547848e-02 -2.21443623e-02 -1.86482333e-02 -1.89531334e-02 -1.96000319e-02 -1.71313174e-02 -1.69730913e-02 -1.88060440e-02 -1.71943828e-02 -1.26510486e-02 -1.26198474e-02 -1.61690880e-02 -1.65031254e-02 -1.10007375e-02 -7.71535747e-03 -9.42120701e-03 -1.15189962e-02 -1.33916326e-02 -1.44047104e-02 -1.30111892e-02 -1.15355384e-02 -1.09169148e-02 -1.16298199e-02 -1.35486033e-02 -1.34555530e-02 -1.23464949e-02 -1.23693235e-02 -1.58908106e-02 -1.66322943e-02 -1.57463532e-02 -1.43324789e-02 -1.46998409e-02 -1.14213042e-02 -1.18663386e-02 -9.49337706e-03 -9.54053923e-03 -1.30885765e-02 -1.10009238e-02 -1.22349337e-02 -1.41888540e-02 -1.42340623e-02 -1.59175936e-02 -1.53681915e-02 -1.13010146e-02 -8.67680833e-03 -7.76113383e-03 -9.50427353e-03 -1.26583111e-02 -1.55309457e-02 -1.50268022e-02 -1.27498712e-02 -1.07556693e-02 -9.14220326e-03 -7.70904310e-03 -9.19001177e-03 -1.32827982e-02 -1.56615060e-02 -1.55187044e-02 -1.36336032e-02 -1.37234349e-02 -1.46108735e-02 -1.60243232e-02 -1.82433911e-02 -1.82260685e-02 -1.69050992e-02 -1.51255950e-02 -1.29782818e-02 -1.29591804e-02 -1.15650073e-02 -9.02765617e-03 -1.25545245e-02 -1.70588754e-02 -1.75134558e-02 -1.71654727e-02 -1.65298600e-02 -1.65849421e-02 -1.22836921e-02 -9.80494544e-03 -1.14656612e-02 -1.29084587e-02 -1.35823544e-02 -1.31596345e-02 -1.11256167e-02 -1.19602121e-02 -1.47260316e-02 -1.29446220e-02 -8.60424154e-03 -4.16239351e-03 -4.11001965e-03 -7.02630170e-03 -9.80223436e-03 -6.30998053e-03 -5.78282308e-03 -5.54153975e-03 -5.05807903e-03 -3.41213029e-03 -2.59568263e-03 -6.09599985e-03 -8.78325570e-03 -1.16340406e-02 -1.37439594e-02 -1.20640546e-02 -1.08006746e-02 -1.04437321e-02 -1.14370286e-02 -1.29876006e-02 -1.36859939e-02 -1.25556719e-02 -1.28069110e-02 -1.46450680e-02 -1.52729228e-02 -1.35726929e-02 -1.18440446e-02 -1.14347823e-02 -9.29327682e-03 -8.77757370e-03 -1.03820451e-02 -1.07098240e-02 -1.32227931e-02 -1.58543717e-02 -1.63497049e-02 -1.34716630e-02 -1.10647827e-02 -9.56169888e-03 -8.02493840e-03 -8.79298709e-03 -8.06973502e-03 -8.04493204e-03 -9.83310584e-03 -8.21856596e-03 -6.17926102e-03 -3.38131655e-03 -1.82282459e-03 1.07228477e-03 -2.51259515e-03
-9.96704772e-03 -4.23160847e-03 -8.90423264e-03 -1.03051839e-02 -8.95290636e-03 -9.05162841e-03 -1.38321873e-02 -1.57827511e-02 -1.72889084e-02 -1.27785616e-02 -9.51821916e-03 -6.10082783e-03 -9.93275456e-03 -1.30551681e-02 -1.06128119e-02 -1.06871966e-02 -1.24480836e-02 -8.90572742e-03 -1.06787533e-02 -1.08826496e-02 -7.60454312e-03 -7.83420540e-03 -1.10811684e-02 -1.14170704e-02 -9.97718796e-03 -8.06336291e-03 -8.00964236e-03 -1.17195100e-02 -1.23669375e-02 -8.80509801e-03 -9.77778435e-03 -1.29737798e-02 -1.60134062e-02 -1.55646000e-02 -1.40244681e-02 -1.26337279e-02 -1.23821907e-02 -1.30716544e-02 -1.16037503e-02 -1.10829435e-02 -1.23512205e-02 -1.27128344e-02 -1.14367194e-02 -1.26925223e-02 -1.52860284e-02 -1.63363721e-02 -1.57592744e-02 -1.76591668e-02 -2.35872809e-02 -2.20779013e-02 -1.61075220e-02 -1.60359815e-02 -1.21899359e-02 -1.63914263e-03 -7.73087144e-04 -5.72807342e-03 -1.06356628e-02 -1.76206231e-02 -2.21630782e-02 -2.05341466e-02 -1.97469983e-02 -2.11422332e-02 -2.06699949e-02 -1.70682073e-02 -1.53733864e-02 -1.88994370e-02 -1.75785124e-02 -1.74280442e-02 -2.03210339e-02 -2.07600538e-02 -1.67309716e-02 -1.53221805e-02 -1.74749065e-02 -2.00565737e-02 -1.77130811e-02 -1.28891598e-02 -1.30404010e-02 -1.51153058e-02 -1.22387670e-02 -9.12336446e-03 -9.37321782e-03 -1.20477509e-02 -1.50846932e-02 -1.58581752e-02 -1.30728316e-02 -1.06794778e-02 -1.08544622e-02 -1.20682269e-02 -1.21418741e-02 -1.14684086e-02 -1.34405904e-02 -1.33309551e-02 -1.40448194e-02 -1.29298400e-02 -1.29739605e-02 -1.29640885e-02 -1.25595536e-02 -1.27080232e-02 -1.29477642e-02 -1.16671417e-02 -1.15155075e-02 -1.43851861e-02 -1.03326067e-02 -9.33009572e-03 -1.27250366e-02 -1.38435084e-02 -1.40744839e-02 -1.31566357e-02 -9.46690701e-03 -9.44641046e-03 -1.07712355e-02 -1.10141803e-02 -1.33818109e-02 -1.44051313e-02 -1.26924105e-02 -1.10424664e-02 -1.06834881e-02 -8.98835622e-03 -7.46729970e-03 -9.12978873e-03 -1.23263597e-02 -1.54487137e-02 -1.51180159e-02 -1.27328169e-02 -1.35823805e-02 -1.39150620e-02 -1.29495617e-02 -1.77373476e-02 -1.78700443e-02 -1.63087472e-02 -1.44811049e-02 -1.19454060e-02 -1.10710952e-02 -1.01359747e-02 -9.63020325e-03 -1.04320422e-02 -1.40534900e-02 -1.70212090e-02 -1.66189112e-02 -1.36645455e-02 -1.37260985e-02 -1.30348951e-02 -9.54328105e-03 -1.03921350e-02 -1.30874589e-02 -1.47023201e-02 -1.35203507e-02 -8.36473331e-03 -7.25549459e-03 -1.22091034e-02 -1.12797506e-02 -6.71711005e-03 -2.20023282e-03 -3.05855274e-03 -6.38251379e-03 -7.42497016e-03 -4.56888415e-03 -4.85810544e-03 -5.96469920e-03 -7.33869942e-03 -6.65217359e-03 -4.02842648e-03 -5.00188302e-03 -7.74803944e-03 -1.13900751e-02 -1.24200042e-02 -1.07192658e-02 -9.42910276e-03 -9.81612690e-03 -1.13606267e-02 -1.19267143e-02 -1.10416468e-02 -1.02800373e-02 -9.14660282e-03 -1.00980345e-02 -1.34925470e-02 -1.38284564e-02 -1.28235333e-02 -1.21413637e-02 -1.05791427e-02 -1.07371379e-02 -1.08951181e-02 -1.00336969e-02 -1.16874166e-02 -1.42616481e-02 -1.54439583e-02 -1.23177692e-02 -1.13402326e-02 -1.14002526e-02 -1.05536021e-02 -9.21898894e-03 -7.44464435e-03 -6.27662241e-03 -9.27531719e-03 -8.37896392e-03 -5.57355676e-03 -3.28311417e-03 -2.49263737e-03 8.88583250e-04 -2.08760938e-03
-1.20480536e-02 -4.10950836e-03 -7.28938170e-03 -1.01364581e-02 -8.45433958e-03 -8.78681429e-03 -1.32827275e-02 -1.51290931e-02 -1.60596035e-02 -1.13847312e-02 -7.17298314e-03 -5.17764315e-03 -9.03187320e-03 -1.32027492e-02 -1.26362480e-02 -1.08051561e-02 -1.11930873e-02 -9.88319516e-03 -1.19219087e-02 -1.12265218e-02 -9.16975550e-03 -8.71876441e-03 -1.01248249e-02 -9.85433161e-03 -8.62074271e-03 -8.74430500e-03 -8.70109163e-03 -1.08034667e-02 -1.50683261e-02 -1.25643518e-02 -1.14247687e-02 -1.27431694e-02 -1.40550490e-02 -1.35335103e-02 -1.25930198e-02 -1.39658730e-02 -1.50204729e-02 -1.34597793e-02 -1.17250569e-02 -1.36918668e-02 -1.45029332e-02 -1.31581705e-02 -1.06843654e-02 -1.11996401e-02 -1.38896424e-02 -1.44244730e-02 -1.51707828e-02 -1.76957343e-02 -2.03861743e-02 -1.79022178e-02 -1.49724036e-02 -6.63877279e-03 -2.23546848e-03 -4.40024212e-03 -8.05649906e-03 -1.47000290e-02 -1.70063227e-02 -2.27882639e-02 -2.63376478e-02 -2.06957590e-02 -1.32495873e-02 -1.61221586e-02 -2.33763158e-02 -2.36294735e-02 -2.04100497e-02 -1.96683854e-02 -1.48117114e-02 -1.15378425e-02 -1.57023743e-02 -1.99346952e-02 -1.59482844e-02 -1.38398092e-02 -1.59358531e-02 -1.78040136e-02 -1.56229846e-02 -1.03427488e-02 -8.93662311e-03 -1.39599293e-02 -1.41628794e-02 -1.03452969e-02 -9.41384584e-03 -1.21777691e-02 -1.57197490e-02 -1.53702050e-02 -1.18170455e-02 -1.03043672e-02 -1.11675113e-02 -1.25142075e-02 -1.29184630e-02 -1.19279493e-02 -1.32602919e-02 -1.28957517e-02 -1.33559201e-02 -1.38056707e-02 -1.32643823e-02 -1.24660525e-02 -1.05724391e-02 -1.11304540e-02 -1.14428345e-02 -1.21350810e-02 -1.32596269e-02 -1.46710016e-02 -1.25450864e-02 -1.20334458e-02 -1.27186645e-02 -1.27046779e-02 -1.23701375e-02 -1.07296333e-02 -7.44789839e-03 -8.58366303e-03 -1.16796158e-02 -1.26627851e-02 -1.40254572e-02 -1.38913151e-02 -1.12828966e-02 -1.09890923e-02 -1.15674865e-02 -9.14565846e-03 -7.01430999e-03 -9.31962207e-03 -1.26378909e-02 -1.43231321e-02 -1.42155197e-02 -1.31213758e-02 -1.28389467e-02 -1.31887179e-02 -1.12937260e-02 -1.45746749e-02 -1.65943261e-02 -1.53512117e-02 -1.34431459e-02 -1.05912257e-02 -1.01956930e-02 -1.05783921e-02 -9.75480862e-03 -1.03903636e-02 -1.53778829e-02 -1.74112227e-02 -1.73116624e-02 -1.21891517e-02 -1.09573677e-02 -1.25462506e-02 -1.04729440e-02 -1.05336271e-02 -1.18115600e-02 -1.33263879e-02 -1.39440140e-02 -9.09519382e-03 -5.91742434e-03 -9.59960278e-03 -9.14907269e-03 -5.62643073e-03 -4.11783345e-03 -3.26352753e-03 -3.74918059e-03 -3.27192247e-03 -2.55035795e-03 -4.85377666e-03 -7.02688657e-03 -7.48057151e-03 -7.58008473e-03 -3.89701221e-03 -4.54187579e-03 -7.75570050e-03 -1.11851143e-02 -1.20070893e-02 -1.08668301e-02 -9.67030041e-03 -1.02994367e-02 -1.24429241e-02 -1.25502143e-02 -1.13513824e-02 -9.19041038e-03 -7.48621114e-03 -7.51452893e-03 -1.11182947e-02 -1.38806067e-02 -1.28367059e-02 -1.24046374e-02 -1.03266891e-02 -1.17386226e-02 -1.17295757e-02 -9.69094969e-03 -1.05591491e-02 -1.19743440e-02 -1.28764063e-02 -1.16176363e-02 -1.13590769e-02 -1.18473340e-02 -1.08055715e-02 -9.74914804e-03 -7.63731077e-03 -5.82969747e-03 -9.35086701e-03 -7.74835236e-03 -3.79964616e-03 -2.97842920e-03 -3.12805921e-03 -5.18678688e-04 -2.16821581e-03
-1.24644805e-02 -2.76018865e-03 -5.39937057e-03 -9.48129967e-03 -8.39705579e-03 -9.71881673e-03 -1.38542634e-02 -1.53154582e-02 -1.48241390e-02 -1.16084181e-02 -8.47567059e-03 -5.93196228e-03 -7.73832202e-03 -1.24705322e-02 -1.33917220e-02 -1.17701571e-02 -1.14543177e-02 -9.54893604e-03 -1.19874198e-02 -1.05233490e-02 -9.75650363e-03 -9.21763480e-03 -8.14911351e-03 -8.21905956e-03 -8.06406140e-03 -9.76553559e-03 -1.12894382e-02 -1.12613868e-02 -1.43433195e-02 -1.55836940e-02 -1.28288772e-02 -1.23405159e-02 -1.26347095e-02 -1.12938397e-02 -1.18629336e-02 -1.55822877e-02 -1.69576295e-02 -1.32274013e-02 -1.07567813e-02 -1.44508518e-02 -1.47882253e-02 -1.19197536e-02 -1.00501105e-02 -1.13641936e-02 -1.27341524e-02 -1.25689376e-02 -1.41614713e-02 -1.86019763e-02 -1.96529459e-02 -1.46223661e-02 -9.63546708e-03 -3.24581191e-03 -1.03513896e-03 -9.26104188e-03 -1.78086758e-02 -2.14539617e-02 -1.81057639e-02 -1.94724649e-02 -2.30060462e-02 -1.79623533e-02 -1.21383928e-02 -1.68839041e-02 -2.47288775e-02 -2.39010509e-02 -1.70266777e-02 -1.71720982e-02 -1.22755114e-02 -1.07313246e-02 -1.36511400e-02 -1.80998538e-02 -1.74878333e-02 -1.54729504e-02 -1.58476643e-02 -1.62808597e-02 -1.26270354e-02 -6.52511418e-03 -5.93735278e-03 -1.36525631e-02 -1.73035972e-02 -1.41079500e-02 -1.00834668e-02 -1.17152650e-02 -1.56586263e-02 -1.47126615e-02 -1.12632047e-02 -9.73106176e-03 -9.95351188e-03 -1.11041134e-02 -1.17183011e-02 -9.73423198e-03 -1.01002976e-02 -1.00630485e-02 -1.01258960e-02 -1.24979708e-02 -1.33158583e-02 -1.18826274e-02 -1.04030780e-02 -1.07346661e-02 -1.11933872e-02 -1.14924181e-02 -1.25267673e-02 -1.31627545e-02 -1.20839700e-02 -1.09165329e-02 -1.11297350e-02 -1.11578666e-02 -1.10661313e-02 -9.53124464e-03 -5.65959886e-03 -7.47808814e-03 -1.17829759e-02 -1.35791861e-02 -1.52418111e-02 -1.37528218e-02 -1.02405977e-02 -9.90194641e-03 -1.17967296e-02 -1.04289260e-02 -6.01044670e-03 -8.56185332e-03 -1.27513856e-02 -1.30203962e-02 -1.20723341e-02 -1.12504046e-02 -1.14218891e-02 -1.07758958e-02 -9.91544127e-03 -1.18433908e-02 -1.38653722e-02 -1.38510522e-02 -1.32652149e-02 -1.05444957e-02 -9.20322351e-03 -1.04454290e-02 -1.26079582e-02 -1.09853465e-02 -1.22002549e-02 -1.33727361e-02 -1.34594496e-02 -9.92110185e-03 -9.53558646e-03 -1.32274833e-02 -1.11144800e-02 -1.05972942e-02 -1.16201825e-02 -1.13879330e-02 -1.11954650e-02 -8.45272187e-03 -5.48479054e-03 -7.53846020e-03 -7.05505069e-03 -4.16541286e-03 -3.18519399e-03 -2.77560763e-03 -7.96956941e-04 -5.15060499e-04 -3.92725877e-03 -5.60668297e-03 -7.47567043e-03 -6.54896162e-03 -6.24782406e-03 -4.23505157e-03 -4.40877117e-03 -7.16564246e-03 -1.02764396e-02 -1.08392164e-02 -9.54136252e-03 -9.27375071e-03 -1.12198126e-02 -1.27840545e-02 -1.25327650e-02 -1.10509023e-02 -1.15401410e-02 -1.05317347e-02 -8.64570774e-03 -9.34822299e-03 -1.13952253e-02 -1.23243034e-02 -1.29546970e-02 -1.14285424e-02 -1.15462430e-02 -1.06680635e-02 -1.00591313e-02 -1.11554116e-02 -1.04432572e-02 -9.53643769e-03 -1.03910770e-02 -1.09674539e-02 -1.02986302e-02 -1.00862328e-02 -9.02030431e-03 -7.62437843e-03 -6.58901967e-03 -8.81493371e-03 -6.78552408e-03 -3.21175251e-03 -2.66018230e-03 -3.01817246e-03 -2.36748531e-03 -2.89532449e-03
-1.29090929e-02 -2.50115246e-03 -3.40553932e-03 -7.45513290e-03 -7.99785368e-03 -1.07544195e-02 -1.44944638e-02 -1.49537269e-02 -1.47152208e-02 -1.24143176e-02 -1.20291766e-02 -1.32853836e-02 -1.25432070e-02 -1.08042657e-02 -1.01773944e-02 -7.84355029e-03 -8.89562070e-03 -1.11652110e-02 -1.22976471e-02 -1.15619320e-02 -1.05820745e-02 -8.96991976e-03 -7.00401515e-03 -8.33686069e-03 -8.26718472e-03 -1.03153195e-02 -1.28730386e-02 -1.32645871e-02 -1.54000800e-02 -1.46055296e-02 -1.33416150e-02 -1.19771753e-02 -1.06115770e-02 -9.92444716e-03 -1.21981353e-02 -1.61245763e-02 -1.71597656e-02 -1.63597520e-02 -1.38198957e-02 -1.33435763e-02 -1.14050526e-02 -1.02289189e-02 -1.00228414e-02 -1.12389047e-02 -1.07748024e-02 -1.01132616e-02 -1.36519913e-02 -1.77757274e-02 -1.64955705e-02 -1.50456857e-02 -1.36457570e-02 -9.53969359e-03 -7.07977265e-03 -1.25991143e-02 -2.25395672e-02 -2.32813209e-02 -1.46821328e-02 -1.40529610e-02 -1.65674016e-02 -1.67638846e-02 -1.64726060e-02 -1.88744143e-02 -2.03098096e-02 -1.90733988e-02 -1.48074161e-02 -1.71803050e-02 -1.50082763e-02 -1.25135165e-02 -1.45686474e-02 -1.64864939e-02 -1.68268681e-02 -1.54038556e-02 -1.44241042e-02 -1.50888748e-02 -1.30102020e-02 -1.05144437e-02 -9.17063467e-03 -1.31569542e-02 -1.71111878e-02 -1.36556197e-02 -9.44905542e-03 -1.06929578e-02 -1.47397779e-02 -1.39078312e-02 -1.07275080e-02 -8.84653628e-03 -7.90463388e-03 -9.44077782e-03 -1.01753967e-02 -8.43867287e-03 -7.56347552e-03 -7.05246814e-03 -8.38773884e-03 -1.23609211e-02 -1.42544731e-02 -1.24987550e-02 -9.38099064e-03 -9.03501548e-03 -1.03857033e-02 -1.12125520e-02 -1.10483430e-02 -1.15622766e-02 -1.16621610e-02 -1.01187807e-02 -9.12395120e-03 -9.46058892e-03 -1.03678554e-02 -9.05317813e-03 -7.21599162e-03 -1.07070226e-02 -1.38290338e-02 -1.21918321e-02 -1.16295610e-02 -1.19574890e-02 -1.01912189e-02 -8.60795379e-03 -9.57163796e-03 -1.02917459e-02 -8.98342393e-03 -9.53359716e-03 -1.23055195e-02 -1.18915616e-02 -9.88977589e-03 -9.62027535e-03 -9.57749970e-03 -9.78033245e-03 -1.06128585e-02 -1.07571762e-02 -1.12052131e-02 -1.21836867e-02 -1.42015237e-02 -1.16864536e-02 -9.94706340e-03 -1.08488351e-02 -1.33577920e-02 -1.29059274e-02 -1.22079216e-02 -1.26402956e-02 -1.18491147e-02 -8.73113982e-03 -8.85817781e-03 -1.34838382e-02 -1.22470595e-02 -1.03153363e-02 -1.13237398e-02 -9.96498484e-03 -8.39548279e-03 -5.27544226e-03 -3.90963908e-03 -5.15467115e-03 -4.64820303e-03 -2.47590896e-03 -2.62754876e-03 -3.55395488e-03 -2.67433375e-03 -1.88583694e-03 -3.96485440e-03 -5.19544631e-03 -5.86009584e-03 -3.98170017e-03 -4.88384627e-03 -4.81637102e-03 -5.52396290e-03 -8.25424865e-03 -9.42066032e-03 -8.24723206e-03 -6.99166395e-03 -7.62777403e-03 -1.06487162e-02 -1.25823058e-02 -1.15896650e-02 -1.08123869e-02 -1.29006896e-02 -1.31198429e-02 -9.54940915e-03 -9.18217190e-03 -1.07007436e-02 -1.15307271e-02 -1.23627540e-02 -1.14363991e-02 -9.19228047e-03 -7.79801235e-03 -1.09163541e-02 -1.43787172e-02 -1.18120369e-02 -9.31444764e-03 -1.08250361e-02 -1.18030887e-02 -8.96016322e-03 -6.54269941e-03 -7.76639953e-03 -7.37891532e-03 -7.04205781e-03 -7.73079321e-03 -4.84624319e-03 -2.65872851e-03 -2.35104188e-03 -2.95635592e-03 -4.29828279e-03 -5.16238809e-03
-1.29076894e-02 -2.44024955e-03 -7.84203410e-04 -4.53297421e-03 -6.94482587e-03 -1.28206965e-02 -1.64687391e-02 -1.55784618e-02 -1.52258072e-02 -1.40708294e-02 -1.46967359e-02 -1.63652506e-02 -1.32106245e-02 -1.01395138e-02 -9.33529250e-03 -6.73102215e-03 -7.78122433e-03 -1.22461710e-02 -1.25828199e-02 -1.13977231e-02 -1.03189666e-02 -7.52755813e-03 -6.51000999e-03 -9.53473151e-03 -9.72602889e-03 -9.97924805e-03 -1.11216549e-02 -1.28391720e-02 -1.59360319e-02 -1.46851446e-02 -1.40266884e-02 -1.28293708e-02 -1.00561734e-02 -1.02511030e-02 -1.30696185e-02 -1.52711570e-02 -1.49769373e-02 -1.63985752e-02 -1.61736608e-02 -1.32170804e-02 -8.67293403e-03 -8.68332759e-03 -1.05679519e-02 -1.06900688e-02 -1.04233027e-02 -1.01821739e-02 -1.26796924e-02 -1.86839402e-02 -1.65785048e-02 -1.48012321e-02 -1.46523956e-02 -1.50810629e-02 -1.46714225e-02 -1.58934295e-02 -2.01236978e-02 -2.10257992e-02 -1.49511080e-02 -1.46893840e-02 -1.72744319e-02 -1.74590051e-02 -1.85851809e-02 -1.68115702e-02 -1.54389609e-02 -1.71051212e-02 -1.53622627e-02 -1.58421099e-02 -1.57340895e-02 -1.34208538e-02 -1.41420588e-02 -1.51577536e-02 -1.60882063e-02 -1.50813591e-02 -1.31346472e-02 -1.27609912e-02 -1.22747403e-02 -9.61210392e-03 -7.15337135e-03 -7.02992454e-03 -1.06907673e-02 -1.19607188e-02 -9.06433165e-03 -9.86786559e-03 -1.32528488e-02 -1.32110734e-02 -1.12295803e-02 -8.98884609e-03 -6.25278801e-03 -7.05372076e-03 -8.54114164e-03 -7.45316036e-03 -6.59418292e-03 -6.36022724e-03 -8.33464041e-03 -1.20198764e-02 -1.25945602e-02 -1.09513924e-02 -7.99360685e-03 -7.66947493e-03 -1.04594547e-02 -1.27133653e-02 -1.24989785e-02 -1.16292387e-02 -1.06497705e-02 -8.66435841e-03 -7.90795311e-03 -8.96073319e-03 -1.06627662e-02 -1.10065751e-02 -9.24672559e-03 -1.14874914e-02 -1.13917422e-02 -8.65219347e-03 -8.70401040e-03 -1.07267611e-02 -9.25234333e-03 -7.05656596e-03 -7.52606988e-03 -9.70839430e-03 -9.90623422e-03 -1.20657533e-02 -1.24073653e-02 -1.00617018e-02 -8.39971751e-03 -9.59380344e-03 -9.23557207e-03 -9.32782702e-03 -1.08212922e-02 -1.07625369e-02 -9.66538303e-03 -1.09427739e-02 -1.49197299e-02 -1.30773373e-02 -1.04123801e-02 -9.97659005e-03 -1.26317367e-02 -1.21034645e-02 -9.85333882e-03 -1.00153964e-02 -1.06222928e-02 -8.59465823e-03 -9.09141824e-03 -1.21326698e-02 -1.14214970e-02 -1.13641676e-02 -1.27257416e-02 -8.40788428e-03 -5.69051690e-03 -3.76859866e-03 -2.47412641e-03 -3.47669143e-03 -4.29061148e-03 -2.65452638e-03 -2.99283583e-03 -4.15993761e-03 -7.10560195e-03 -6.04373869e-03 -5.92267141e-03 -4.28147335e-03 -3.76585871e-03 -2.62616016e-03 -3.76112759e-03 -5.40513638e-03 -7.14279711e-03 -9.40333121e-03 -9.01991315e-03 -8.19027796e-03 -7.47943856e-03 -7.72880949e-03 -1.09601952e-02 -1.25024654e-02 -1.13032516e-02 -1.11374818e-02 -1.35657098e-02 -1.39144603e-02 -1.04363915e-02 -9.56875458e-03 -9.86458734e-03 -7.99528137e-03 -8.75165500e-03 -1.01599395e-02 -8.26516561e-03 -7.29233213e-03 -1.51451118e-02 -2.05408204e-02 -1.52518619e-02 -1.08416732e-02 -1.15413107e-02 -1.09795723e-02 -6.92000240e-03 -4.45814058e-03 -8.77345353e-03 -1.02744512e-02 -9.43532214e-03 -6.91822730e-03 -3.28578055e-03 -1.96644105e-03 -2.27421522e-03 -2.54225265e-03 -3.76990018e-03 -5.27565461e-03
-1.22299036e-02 -3.44711728e-03 -1.27615407e-04 -1.67864375e-03 -5.12210652e-03 -1.32564139e-02 -1.82866752e-02 -1.58196259e-02 -1.54163539e-02 -1.55134480e-02 -1.62827931e-02 -1.61222350e-02 -1.29670259e-02 -1.01534668e-02 -1.04447901e-02 -8.46299902e-03 -8.11006315e-03 -1.14823896e-02 -1.21697150e-02 -1.09413527e-02 -8.95498320e-03 -6.56875223e-03 -7.43331946e-03 -1.06144333e-02 -1.06156459e-02 -1.13986991e-02 -1.22463219e-02 -1.31582040e-02 -1.54099278e-02 -1.32352840e-02 -1.46755315e-02 -1.26679726e-02 -1.30703207e-02 -1.27800107e-02 -1.29175242e-02 -1.31885353e-02 -1.35028828e-02 -1.47397034e-02 -1.65388212e-02 -1.33955888e-02 -9.08155926e-03 -8.14401172e-03 -8.85864720e-03 -1.00346543e-02 -1.26343369e-02 -1.34640615e-02 -1.42744482e-02 -1.86869986e-02 -1.48696359e-02 -1.15906727e-02 -1.36508886e-02 -1.67636275e-02 -1.91387478e-02 -1.83256771e-02 -1.74386874e-02 -1.88319366e-02 -1.59208253e-02 -1.50353983e-02 -1.51453447e-02 -1.52274463e-02 -1.60270464e-02 -1.36458632e-02 -1.24936141e-02 -1.67570170e-02 -1.58900321e-02 -1.36704110e-02 -1.34180374e-02 -1.22408774e-02 -1.29439887e-02 -1.36649329e-02 -1.41370036e-02 -1.37957167e-02 -1.21281538e-02 -1.22751519e-02 -1.20471753e-02 -9.75135528e-03 -8.35926831e-03 -4.76206467e-03 -4.81411070e-03 -9.22052749e-03 -8.83928314e-03 -9.95771587e-03 -1.17066558e-02 -1.26600787e-02 -1.21533014e-02 -9.55816545e-03 -5.36421966e-03 -5.27592655e-03 -7.02757016e-03 -7.14076217e-03 -6.64676540e-03 -5.20342030e-03 -5.75627759e-03 -9.23881307e-03 -1.02071688e-02 -1.00113731e-02 -9.13224183e-03 -7.80747645e-03 -9.86477174e-03 -1.33526698e-02 -1.38195101e-02 -1.19870845e-02 -8.97636637e-03 -7.35336728e-03 -7.96171091e-03 -9.60800052e-03 -1.06308386e-02 -9.74418409e-03 -8.33178870e-03 -1.08537581e-02 -1.17152575e-02 -8.39321502e-03 -7.66326301e-03 -1.05762985e-02 -1.00278836e-02 -7.05259480e-03 -6.33250363e-03 -9.22023226e-03 -1.16858017e-02 -1.29259545e-02 -1.17288027e-02 -7.79112428e-03 -7.49995001e-03 -1.01906108e-02 -9.77987703e-03 -8.62971134e-03 -9.88801941e-03 -9.78766941e-03 -9.32623632e-03 -1.07592549e-02 -1.52390255e-02 -1.28906369e-02 -8.57612863e-03 -7.59681500e-03 -1.10528301e-02 -1.08203404e-02 -7.59227388e-03 -8.45922716e-03 -1.10525666e-02 -8.92636739e-03 -9.09169950e-03 -1.09688034e-02 -1.08259441e-02 -1.04928920e-02 -1.06275603e-02 -7.21532013e-03 -4.79956251e-03 -3.35866679e-03 -1.64100435e-03 -2.37791054e-03 -4.69237473e-03 -3.63978557e-03 -2.59290915e-03 -4.39871382e-03 -7.41772819e-03 -7.29469024e-03 -5.01184072e-03 -4.00136132e-03 -3.10275052e-03 -9.27488320e-04 -3.12346220e-03 -6.68600854e-03 -9.08617955e-03 -9.84418020e-03 -9.76352580e-03 -1.07217189e-02 -9.28206556e-03 -7.00832345e-03 -9.36037675e-03 -1.21264122e-02 -1.27811935e-02 -1.35918166e-02 -1.45898405e-02 -1.22033954e-02 -9.23577510e-03 -9.81686078e-03 -1.03940051e-02 -8.53429176e-03 -6.73391297e-03 -7.77875818e-03 -7.38983601e-03 -6.08455949e-03 -1.48540344e-02 -2.19218414e-02 -1.72502454e-02 -1.33864451e-02 -1.21370852e-02 -1.02250911e-02 -6.54725358e-03 -4.05218638e-03 -1.05328560e-02 -1.27713783e-02 -1.13482559e-02 -7.34528154e-03 -3.38770822e-03 -2.46298779e-03 -2.30307225e-03 -1.96589064e-03 -2.68256292e-03 -4.53298446e-03
-1.26235560e-02 -4.04409599e-03 -8.05992633e-04 -2.02030689e-03 -4.36989777e-03 -1.29760616e-02 -1.91701762e-02 -1.58650205e-02 -1.38399433e-02 -1.39159393e-02 -1.67439990e-02 -1.60714202e-02 -1.35378689e-02 -1.14306360e-02 -1.04753096e-02 -8.20756890e-03 -7.85722397e-03 -1.19639672e-02 -1.17645599e-02 -9.48161259e-03 -7.61906616e-03 -6.92540035e-03 -8.46651755e-03 -1.15319816e-02 -9.52377543e-03 -1.04140341e-02 -1.32629257e-02 -1.31508224e-02 -1.34626813e-02 -1.21552479e-02 -1.27985161e-02 -1.20786671e-02 -1.23942513e-02 -1.17950104e-02 -1.17478650e-02 -1.30251218e-02 -1.36824604e-02 -1.35172177e-02 -1.48943998e-02 -1.27084590e-02 -9.86702740e-03 -1.08090155e-02 -1.19828433e-02 -1.43297072e-02 -1.57405324e-02 -1.55366138e-02 -1.52486414e-02 -1.76761430e-02 -1.50055755e-02 -1.06157474e-02 -1.17023140e-02 -1.51541643e-02 -1.68182869e-02 -1.68327782e-02 -1.60384960e-02 -1.60260592e-02 -1.57190468e-02 -1.67732183e-02 -1.67966876e-02 -1.59743745e-02 -1.41082536e-02 -1.06332935e-02 -1.06334779e-02 -1.44511014e-02 -1.47092752e-02 -1.33884307e-02 -1.14812702e-02 -1.00557711e-02 -1.13380309e-02 -1.28533430e-02 -1.34978462e-02 -1.30046029e-02 -1.20640341e-02 -1.23239104e-02 -1.18017755e-02 -8.69016908e-03 -9.38851759e-03 -8.26013088e-03 -3.74047086e-03 -3.10147554e-03 -3.17326561e-03 -6.86229579e-03 -1.11314096e-02 -1.25702620e-02 -1.21705048e-02 -9.55122337e-03 -5.56687638e-03 -4.82161809e-03 -6.32312242e-03 -6.76453114e-03 -7.04163127e-03 -5.49789891e-03 -5.42094745e-03 -9.46890190e-03 -1.13579053e-02 -1.12238303e-02 -1.06205214e-02 -5.97494096e-03 -6.12204149e-03 -1.15973298e-02 -1.32355038e-02 -1.14497952e-02 -8.75251926e-03 -8.08068365e-03 -9.40854289e-03 -1.06413960e-02 -9.33705084e-03 -8.02478381e-03 -7.95867480e-03 -1.06334183e-02 -1.10256281e-02 -8.85195099e-03 -8.99136066e-03 -1.10390950e-02 -9.91368294e-03 -7.26333074e-03 -6.21661358e-03 -8.99240654e-03 -1.15379570e-02 -1.14866234e-02 -9.17161722e-03 -5.92874736e-03 -7.09998235e-03 -1.11484695e-02 -9.44799092e-03 -8.21582414e-03 -1.00300787e-02 -1.06696952e-02 -1.14963185e-02 -1.08488165e-02 -1.19817108e-02 -1.07331313e-02 -7.96421431e-03 -7.49530271e-03 -1.16098206e-02 -1.03005227e-02 -6.24735653e-03 -6.67941757e-03 -1.11607052e-02 -8.55914969e-03 -8.74445960e-03 -1.16111189e-02 -9.52469464e-03 -6.99741207e-03 -6.84530381e-03 -5.51935565e-03 -4.54983953e-03 -3.61497607e-03 -2.30782386e-03 -2.62807775e-03 -4.95097041e-03 -3.50020267e-03 -1.49725191e-03 -5.35939261e-03 -8.97119939e-03 -8.39302503e-03 -4.80397139e-03 -3.21508572e-03 -1.82802603e-03 1.72195956e-04 -3.13084200e-03 -7.17219431e-03 -8.33923742e-03 -7.44464248e-03 -9.47486982e-03 -1.27410451e-02 -1.15941055e-02 -6.91744871e-03 -9.12104547e-03 -1.31879486e-02 -1.44731198e-02 -1.49447136e-02 -1.46892909e-02 -1.19181592e-02 -8.43794644e-03 -9.13744047e-03 -1.27732363e-02 -1.36806890e-02 -9.64266807e-03 -7.50643946e-03 -8.71186703e-03 -7.74249062e-03 -1.27433669e-02 -1.94049720e-02 -1.67043675e-02 -1.38703957e-02 -1.19733885e-02 -9.74825770e-03 -6.88012503e-03 -4.21825051e-03 -1.08818002e-02 -1.30970003e-02 -1.24803083e-02 -8.85357335e-03 -4.42179479e-03 -3.31942923e-03 -3.24702635e-03 -2.08598375e-03 -2.46525556e-03 -4.81111510e-03
-1.25170527e-02 -4.44106292e-03 -3.98314185e-03 -6.32201321e-03 -3.68941575e-03 -8.20816867e-03 -1.53631233e-02 -1.50268488e-02 -1.48148406e-02 -1.50425732e-02 -1.53487716e-02 -1.26859415e-02 -1.29194465e-02 -1.44743938e-02 -1.08749438e-02 -7.79537112e-03 -7.76543282e-03 -1.05312541e-02 -1.06023792e-02 -1.02787912e-02 -8.42601247e-03 -6.29575178e-03 -8.62638466e-03 -1.18412981e-02 -1.08739352e-02 -8.57972912e-03 -8.78678821e-03 -1.20677166e-02 -1.37483217e-02 -1.23511534e-02 -1.14937201e-02 -1.15996618e-02 -1.22736488e-02 -1.12408660e-02 -1.29713509e-02 -1.53842922e-02 -1.37720741e-02 -1.16482843e-02 -1.44697372e-02 -1.23988278e-02 -1.12193879e-02 -1.39914621e-02 -1.55609176e-02 -1.68413986e-02 -1.47153568e-02 -1.30339395e-02 -1.53197665e-02 -1.73403230e-02 -1.61230583e-02 -1.18142292e-02 -8.82449560e-03 -1.17659513e-02 -1.66932549e-02 -1.59075391e-02 -1.17622446e-02 -1.05645005e-02 -1.13875065e-02 -1.54437721e-02 -1.66827105e-02 -1.59959849e-02 -1.46641694e-02 -1.29991844e-02 -1.29218195e-02 -1.42672192e-02 -1.39483381e-02 -1.31672546e-02 -1.14733316e-02 -1.05883162e-02 -1.24404691e-02 -1.56683903e-02 -1.36759188e-02 -1.03327129e-02 -9.87911969e-03 -1.02922451e-02 -1.08789206e-02 -9.71669704e-03 -1.06621068e-02 -9.78033803e-03 -8.15324672e-03 -9.00645088e-03 -4.88539226e-03 -4.11210023e-03 -8.74965079e-03 -1.24656409e-02 -1.21967569e-02 -8.23270902e-03 -6.52027223e-03 -5.33279963e-03 -5.47959562e-03 -5.26682846e-03 -6.88097440e-03 -6.57008588e-03 -5.26181422e-03 -8.13341700e-03 -1.14227291e-02 -1.25753228e-02 -1.33228349e-02 -7.98798352e-03 -4.66880016e-03 -9.08289663e-03 -1.14623774e-02 -9.98234190e-03 -7.73042627e-03 -8.01345147e-03 -1.07329711e-02 -1.19844060e-02 -1.11188609e-02 -7.34889880e-03 -5.79379685e-03 -9.04763862e-03 -1.01172756e-02 -9.21765342e-03 -9.75117646e-03 -1.13507994e-02 -1.05131837e-02 -8.23136233e-03 -7.92700797e-03 -9.22895502e-03 -1.08183445e-02 -9.87406727e-03 -7.87618477e-03 -6.55725226e-03 -7.09746312e-03 -9.84266028e-03 -1.02300923e-02 -7.48254545e-03 -8.55660997e-03 -1.04418704e-02 -1.25404010e-02 -1.30856568e-02 -1.18915839e-02 -1.01652257e-02 -7.44539127e-03 -5.64449281e-03 -9.37109068e-03 -1.02563854e-02 -8.43216479e-03 -6.37618639e-03 -8.33548885e-03 -5.15257008e-03 -5.83976600e-03 -8.35059024e-03 -6.79924712e-03 -4.40343190e-03 -4.23809420e-03 -4.10939567e-03 -4.14927676e-03 -4.49672528e-03 -4.07700613e-03 -3.71404830e-03 -4.14326414e-03 -1.82134937e-03 -1.17391348e-04 -7.42517691e-03 -1.06796557e-02 -8.50122143e-03 -3.97366192e-03 -1.56659074e-03 -1.85188372e-03 -6.81297854e-04 -4.67880815e-03 -7.11758807e-03 -5.57697564e-03 -5.27257286e-03 -9.77792963e-03 -1.40593247e-02 -1.25187114e-02 -8.10678862e-03 -9.97010432e-03 -1.34606156e-02 -1.37765165e-02 -1.38008129e-02 -1.36906691e-02 -1.40530039e-02 -1.24264807e-02 -9.34632123e-03 -9.69478115e-03 -1.50950029e-02 -1.30190905e-02 -8.63304734e-03 -8.49762559e-03 -1.03249308e-02 -1.27038062e-02 -1.54768284e-02 -1.30393188e-02 -1.15807019e-02 -1.06952172e-02 -9.10526142e-03 -7.93727674e-03 -6.06220216e-03 -9.70772095e-03 -1.23284301e-02 -1.20462812e-02 -9.92641784e-03 -6.25633262e-03 -4.42972034e-03 -3.81916575e-03 -2.46128626e-03 -1.34257972e-03 -3.99056729e-03
-1.28657538e-02 -3.95464152e-03 -5.06764278e-03 -9.70311742e-03 -6.42690249e-03 -4.24753129e-03 -1.10747851e-02 -1.39841624e-02 -1.56180225e-02 -1.73031352e-02 -1.53592639e-02 -9.28280503e-03 -1.08243041e-02 -1.71164609e-02 -1.41805448e-02 -9.01676714e-03 -9.15093720e-03 -1.08253006e-02 -1.07910670e-02 -1.13426968e-02 -1.02229640e-02 -7.10275955e-03 -7.92438723e-03 -1.16425073e-02 -1.09938430e-02 -8.53695162e-03 -7.18411244e-03 -1.14891771e-02 -1.37628783e-02 -1.19657367e-02 -1.10216476e-02 -1.13727059e-02 -1.27736926e-02 -1.03949159e-02 -1.17875431e-02 -1.58788003e-02 -1.40921623e-02 -1.06836222e-02 -1.46431942e-02 -1.40114985e-02 -1.22504253e-02 -1.54547729e-02 -1.52179804e-02 -1.36719588e-02 -1.38217472e-02 -1.28271617e-02 -1.59810241e-02 -1.77550726e-02 -1.64947417e-02 -1.22852027e-02 -8.72686692e-03 -1.00654252e-02 -1.47239119e-02 -1.52422898e-02 -1.22528411e-02 -1.14258286e-02 -1.10228620e-02 -1.36570372e-02 -1.60567444e-02 -1.54432654e-02 -1.31940115e-02 -1.35106184e-02 -1.42377205e-02 -1.53005905e-02 -1.46516841e-02 -1.40847135e-02 -1.24111101e-02 -9.91151109e-03 -1.25304498e-02 -1.66425165e-02 -1.35892862e-02 -9.77596641e-03 -8.33267905e-03 -7.64914230e-03 -8.91181268e-03 -9.98480432e-03 -9.42486897e-03 -8.87560286e-03 -8.25965684e-03 -9.67139658e-03 -6.74906746e-03 -1.71331875e-03 -4.83228639e-03 -1.00148283e-02 -8.30994174e-03 -6.79573417e-03 -8.39182269e-03 -8.67519155e-03 -5.83870616e-03 -4.50462382e-03 -6.51417300e-03 -8.65030661e-03 -7.84079172e-03 -8.12964141e-03 -1.05891936e-02 -1.08876061e-02 -1.13847349e-02 -7.67453760e-03 -4.40917723e-03 -7.93588907e-03 -1.20844627e-02 -9.93989315e-03 -6.84225373e-03 -7.78869726e-03 -1.03212520e-02 -1.18012531e-02 -1.08849304e-02 -7.99443945e-03 -6.01590052e-03 -8.67085345e-03 -1.08815935e-02 -9.97735374e-03 -9.36999172e-03 -9.80504602e-03 -1.06004933e-02 -9.01398528e-03 -8.64955876e-03 -9.30861756e-03 -9.84852389e-03 -8.73454660e-03 -7.16053601e-03 -6.77874591e-03 -8.01308360e-03 -9.27255768e-03 -8.87441728e-03 -6.97189104e-03 -7.82180671e-03 -1.03610018e-02 -1.20213414e-02 -1.16174156e-02 -1.10514974e-02 -9.35112033e-03 -8.09413195e-03 -7.08549283e-03 -8.26805830e-03 -1.00103961e-02 -9.96080972e-03 -6.01489283e-03 -5.05342335e-03 -4.08327114e-03 -4.53369133e-03 -6.10807352e-03 -5.39933890e-03 -3.43927369e-03 -3.33161466e-03 -2.78069265e-03 -3.67064402e-03 -5.74395712e-03 -5.04733715e-03 -3.50842439e-03 -3.84385604e-03 -5.08711301e-03 -3.39149404e-03 -6.40720129e-03 -9.15878452e-03 -7.73817860e-03 -3.24166752e-03 -1.33946817e-03 -1.24692917e-03 -1.80483982e-03 -5.71385771e-03 -8.18605162e-03 -5.89863583e-03 -4.73400764e-03 -9.42540169e-03 -1.31195271e-02 -1.32722380e-02 -1.04328655e-02 -1.13883596e-02 -1.21396575e-02 -1.20860804e-02 -1.23472270e-02 -1.22978948e-02 -1.43280961e-02 -1.52370036e-02 -1.06045082e-02 -8.88986886e-03 -1.71688553e-02 -1.59902722e-02 -9.83151793e-03 -9.71232541e-03 -1.18753072e-02 -1.50473658e-02 -1.58654712e-02 -1.27653740e-02 -1.12265740e-02 -1.03290156e-02 -9.45162401e-03 -1.01754181e-02 -6.80153072e-03 -6.87939115e-03 -9.53984261e-03 -1.02879163e-02 -1.00736134e-02 -7.15465005e-03 -4.55607194e-03 -3.63666192e-03 -2.79554352e-03 -1.26043707e-03 -3.89236026e-03
-1.18340384e-02 -3.77696939e-03 -5.51489182e-03 -9.51939262e-03 -9.03064385e-03 -7.62863457e-03 -9.78752412e-03 -1.09508261e-02 -1.31336823e-02 -1.67977475e-02 -1.78120490e-02 -1.05606765e-02 -9.65966284e-03 -1.71763655e-02 -1.69939455e-02 -1.25284810e-02 -1.01355966e-02 -8.49020854e-03 -1.04505215e-02 -1.17730852e-02 -1.18667427e-02 -9.68165323e-03 -8.34012218e-03 -9.82012041e-03 -9.54843871e-03 -9.41810757e-03 -9.61707905e-03 -1.23071261e-02 -1.29163023e-02 -1.12927780e-02 -9.97662544e-03 -1.16843637e-02 -1.27553027e-02 -1.21335518e-02 -1.14929918e-02 -1.33031793e-02 -1.31757651e-02 -1.05152242e-02 -1.33141074e-02 -1.41504314e-02 -1.37959104e-02 -1.54332723e-02 -1.33133568e-02 -1.22638661e-02 -1.32011566e-02 -1.50789283e-02 -1.60774812e-02 -1.50881968e-02 -1.55024230e-02 -1.27186868e-02 -9.62792709e-03 -1.00388397e-02 -1.41809825e-02 -1.36795342e-02 -1.14422813e-02 -1.13416668e-02 -1.04583688e-02 -1.33427195e-02 -1.61256734e-02 -1.48185194e-02 -1.24574210e-02 -1.29727535e-02 -1.53520983e-02 -1.63363870e-02 -1.48294885e-02 -1.41923558e-02 -1.35806315e-02 -1.07310619e-02 -1.18873008e-02 -1.65232345e-02 -1.37393102e-02 -1.00894161e-02 -7.69567490e-03 -6.13266788e-03 -8.16568919e-03 -1.02117267e-02 -8.86020437e-03 -8.36144481e-03 -8.01626872e-03 -9.05323401e-03 -7.25138653e-03 -3.42743099e-03 -3.00400518e-03 -3.91827524e-03 -1.70836598e-03 -2.86437757e-03 -7.81146158e-03 -8.75343569e-03 -5.65961469e-03 -5.39441500e-03 -7.99457170e-03 -1.06300209e-02 -1.07555427e-02 -9.66517627e-03 -9.18828882e-03 -8.54817778e-03 -9.20577161e-03 -8.59929062e-03 -7.80689903e-03 -8.30687955e-03 -1.06200799e-02 -8.02225713e-03 -5.02825901e-03 -6.59495220e-03 -9.61792748e-03 -1.04844393e-02 -9.22250561e-03 -7.39287585e-03 -6.42846525e-03 -8.87496956e-03 -1.22741256e-02 -1.17746089e-02 -8.73037800e-03 -7.73676857e-03 -1.07913772e-02 -1.00583788e-02 -8.27522948e-03 -8.01341981e-03 -8.06653034e-03 -7.41812680e-03 -7.10349064e-03 -7.95806944e-03 -8.54774006e-03 -8.93221702e-03 -8.40053707e-03 -8.02815333e-03 -9.29456390e-03 -9.82710347e-03 -1.09868553e-02 -1.05905877e-02 -9.18354746e-03 -8.05510860e-03 -6.67940080e-03 -7.60645326e-03 -8.31103977e-03 -9.74981207e-03 -1.05262408e-02 -7.71533605e-03 -6.20047376e-03 -5.96710294e-03 -5.84701728e-03 -4.88405488e-03 -3.37649882e-03 -2.55927071e-03 -3.23133916e-03 -2.17081886e-03 -1.95794180e-03 -5.75891323e-03 -5.22563141e-03 -3.36793624e-03 -3.51339485e-03 -5.07160835e-03 -5.37861977e-03 -6.31178077e-03 -7.34292436e-03 -5.99914882e-03 -2.51657609e-03 -1.56828295e-03 -2.23185681e-03 -3.25601175e-03 -6.91251084e-03 -1.00511983e-02 -9.94447619e-03 -8.56992416e-03 -1.10529307e-02 -1.33126611e-02 -1.33877033e-02 -1.11317560e-02 -1.19640399e-02 -1.19897909e-02 -1.11150481e-02 -1.16837993e-02 -1.16980579e-02 -1.39393937e-02 -1.47942435e-02 -1.24543887e-02 -9.84887965e-03 -1.59255024e-02 -1.61731225e-02 -1.27479173e-02 -1.24476496e-02 -1.38504971e-02 -1.47783346e-02 -1.44785121e-02 -1.18405521e-02 -1.06084011e-02 -9.04820673e-03 -8.12211819e-03 -9.67796147e-03 -9.13203694e-03 -7.86467083e-03 -8.29511322e-03 -7.70662725e-03 -9.22743790e-03 -8.34962912e-03 -4.94303182e-03 -3.53643950e-03 -2.58766487e-03 -5.59291802e-04 -3.83868814e-03
-1.30387340e-02 -5.27103338e-03 -4.98415902e-03 -7.45709054e-03 -8.38333741e-03 -8.65719281e-03 -1.04590487e-02 -1.16953496e-02 -1.30996872e-02 -1.56160612e-02 -1.64962616e-02 -1.29372757e-02 -9.69055109e-03 -1.52982902e-02 -1.80724431e-02 -1.40754245e-02 -1.05373729e-02 -8.54745135e-03 -1.29959267e-02 -1.40055865e-02 -1.12882387e-02 -9.42919403e-03 -9.94165987e-03 -9.07828100e-03 -8.32143985e-03 -9.67985764e-03 -1.04850046e-02 -1.17775034e-02 -1.14597939e-02 -1.07014515e-02 -1.02948267e-02 -1.15441829e-02 -1.27038769e-02 -1.27926208e-02 -1.14821140e-02 -1.14097558e-02 -1.29359066e-02 -1.19446125e-02 -1.21135172e-02 -1.13201048e-02 -1.21796019e-02 -1.53753255e-02 -1.38136819e-02 -1.28909685e-02 -1.43780205e-02 -1.54688656e-02 -1.48471072e-02 -1.15154944e-02 -1.46712977e-02 -1.66772809e-02 -1.12275016e-02 -9.00748558e-03 -1.23950411e-02 -1.12763010e-02 -1.04110967e-02 -1.23724118e-02 -1.17577277e-02 -1.42905191e-02 -1.53105296e-02 -1.33126825e-02 -1.28695574e-02 -1.33797470e-02 -1.35442913e-02 -1.40473936e-02 -1.34129077e-02 -1.39416121e-02 -1.57409050e-02 -1.33766476e-02 -9.26675834e-03 -1.20415213e-02 -1.12252655e-02 -8.49066302e-03 -6.22718595e-03 -3.82930599e-03 -7.10012950e-03 -1.07402792e-02 -1.02572786e-02 -9.10830963e-03 -7.85140228e-03 -8.21510237e-03 -6.87391590e-03 -3.66692990e-03 -1.06657669e-03 -3.37325409e-03 -4.70865890e-03 -7.65599683e-03 -7.81066250e-03 -6.60333596e-03 -4.53717634e-03 -6.29127398e-03 -9.84524190e-03 -1.06930844e-02 -9.92497057e-03 -8.13157484e-03 -7.67268054e-03 -7.14434683e-03 -7.40065798e-03 -8.24225880e-03 -9.96230263e-03 -9.08432994e-03 -7.27748219e-03 -4.90894355e-03 -3.98643501e-03 -6.18425198e-03 -9.34287813e-03 -9.28492565e-03 -8.05490278e-03 -7.78442807e-03 -7.36408494e-03 -8.98851082e-03 -1.33235771e-02 -1.30208302e-02 -9.25680622e-03 -6.30679540e-03 -8.77108146e-03 -8.88183527e-03 -6.74662273e-03 -5.39425574e-03 -6.57204445e-03 -6.70430157e-03 -6.85673859e-03 -8.78371857e-03 -9.70998872e-03 -8.81278142e-03 -8.19305982e-03 -8.27989448e-03 -8.96443054e-03 -8.45149718e-03 -9.09104291e-03 -8.98244511e-03 -7.15908874e-03 -5.57743385e-03 -5.79544343e-03 -7.84793403e-03 -8.03393591e-03 -7.66179804e-03 -7.72920810e-03 -7.10699521e-03 -5.56128193e-03 -5.47265820e-03 -6.27561659e-03 -5.82802109e-03 -4.07350343e-03 -2.81309057e-03 -3.05206422e-03 -1.14704296e-03 -9.51832160e-04 -4.99149412e-03 -5.25998883e-03 -4.88922000e-03 -5.62938303e-03 -5.39608300e-03 -5.40131424e-03 -5.73025085e-03 -5.57809416e-03 -4.88104764e-03 -3.17101460e-03 -3.40844784e-03 -4.57514822e-03 -5.58493659e-03 -7.87224434e-03 -8.95945542e-03 -8.76129419e-03 -9.84672084e-03 -1.27588240e-02 -1.36683406e-02 -1.08978134e-02 -9.04011726e-03 -1.14146117e-02 -1.16560664e-02 -1.16286781e-02 -1.22834817e-02 -1.28623955e-02 -1.51045676e-02 -1.42144281e-02 -1.17164925e-02 -1.19685978e-02 -1.75673775e-02 -1.77203193e-02 -1.21622123e-02 -9.41475853e-03 -1.12518147e-02 -1.48598906e-02 -1.44525114e-02 -1.19508319e-02 -1.01121385e-02 -9.40783694e-03 -9.49444994e-03 -1.04164984e-02 -9.08371620e-03 -7.24335387e-03 -6.34982809e-03 -5.41137345e-03 -7.83728063e-03 -1.02086812e-02 -7.19836634e-03 -4.85268421e-03 -2.91486178e-03 -1.78449787e-04 -3.22633842e-03
-1.38563197e-02 -5.02918009e-03 -3.86072136e-03 -6.12785853e-03 -7.75128044e-03 -9.34345648e-03 -1.18178669e-02 -1.32858884e-02 -1.37645621e-02 -1.44820455e-02 -1.52896717e-02 -1.56124458e-02 -1.38679259e-02 -1.27948225e-02 -1.54064335e-02 -1.49185695e-02 -1.24218594e-02 -1.13608781e-02 -1.51187312e-02 -1.33989528e-02 -1.06397141e-02 -1.03225261e-02 -1.01632345e-02 -8.38400982e-03 -7.38432631e-03 -8.85375775e-03 -9.07276385e-03 -1.03995614e-02 -1.18894204e-02 -1.22279953e-02 -1.11032724e-02 -1.09003559e-02 -1.15870014e-02 -1.30179878e-02 -1.26413777e-02 -1.17462166e-02 -1.39178112e-02 -1.51921511e-02 -1.46872848e-02 -1.37469564e-02 -1.16657056e-02 -1.14492830e-02 -1.23603120e-02 -1.41157508e-02 -1.72375124e-02 -1.88841671e-02 -1.77698787e-02 -1.29690561e-02 -1.42857600e-02 -1.59159787e-02 -1.19179431e-02 -7.55711459e-03 -8.88693891e-03 -8.71724822e-03 -1.05413422e-02 -1.24480333e-02 -1.29837729e-02 -1.46542490e-02 -1.58520471e-02 -1.36427004e-02 -1.27808303e-02 -1.23777017e-02 -1.04868356e-02 -1.03204194e-02 -9.52070765e-03 -9.74409841e-03 -1.28391180e-02 -1.27670169e-02 -9.35548544e-03 -9.59661976e-03 -9.37129650e-03 -9.58775636e-03 -8.22579768e-03 -5.69660775e-03 -7.54510239e-03 -9.91605502e-03 -1.03357453e-02 -9.08572134e-03 -7.26449117e-03 -7.67151732e-03 -7.23861996e-03 -4.80236486e-03 -2.67228112e-03 -4.10458259e-03 -5.61031885e-03 -6.92508183e-03 -5.78783546e-03 -6.01252168e-03 -5.09898551e-03 -5.03541902e-03 -9.13648494e-03 -1.04862526e-02 -8.60029459e-03 -7.76484609e-03 -7.49905221e-03 -6.51298463e-03 -6.89244084e-03 -8.08707345e-03 -9.39509179e-03 -8.71976279e-03 -7.04487041e-03 -5.30966837e-03 -5.11317886e-03 -6.28898479e-03 -9.02035180e-03 -8.94251931e-03 -7.84000196e-03 -6.86670281e-03 -7.15768524e-03 -9.09136981e-03 -1.36477891e-02 -1.40421996e-02 -9.89422575e-03 -5.93567081e-03 -7.06042070e-03 -6.79018628e-03 -5.39323315e-03 -3.89222614e-03 -5.87153435e-03 -8.17625504e-03 -8.90260376e-03 -8.82954616e-03 -7.43440818e-03 -6.95519987e-03 -7.41342828e-03 -7.32035469e-03 -7.76810013e-03 -7.13190809e-03 -8.52170028e-03 -9.34540853e-03 -7.86331110e-03 -5.80737181e-03 -5.85273374e-03 -7.18258228e-03 -6.63084257e-03 -5.55666257e-03 -5.46942186e-03 -5.95538784e-03 -5.09366952e-03 -4.01543267e-03 -4.17385343e-03 -4.53544036e-03 -3.82488128e-03 -2.51372904e-03 -1.96996517e-03 -8.13768245e-04 -1.32926740e-03 -4.07440588e-03 -3.75629030e-03 -4.96187806e-03 -7.33964983e-03 -5.98864723e-03 -3.84215731e-03 -3.90719157e-03 -4.52707428e-03 -4.59209736e-03 -4.51648980e-03 -6.69101346e-03 -8.77825636e-03 -6.55154511e-03 -5.89976646e-03 -6.53837621e-03 -6.80529326e-03 -9.72979330e-03 -1.28327319e-02 -1.24971112e-02 -1.15835993e-02 -8.94060172e-03 -9.99604538e-03 -9.56352428e-03 -1.03623420e-02 -1.34582873e-02 -1.57712195e-02 -1.56200752e-02 -1.34305600e-02 -1.23750009e-02 -1.39608569e-02 -1.83637496e-02 -1.78465135e-02 -1.34227611e-02 -9.17297415e-03 -9.43073817e-03 -1.21484548e-02 -1.35466605e-02 -1.22586712e-02 -1.20231565e-02 -1.27369352e-02 -1.09699816e-02 -9.70838591e-03 -9.32217389e-03 -7.86952674e-03 -6.25303574e-03 -4.65140305e-03 -6.41033053e-03 -1.07067730e-02 -9.02969670e-03 -5.94075210e-03 -3.41460109e-03 -1.16993301e-03 -3.59616615e-03
-1.36871878e-02 -5.12793101e-03 -5.40951639e-03 -6.94778003e-03 -8.13624077e-03 -9.41207446e-03 -1.13772564e-02 -1.26223229e-02 -1.28128789e-02 -1.30404718e-02 -1.49145219e-02 -1.54680423e-02 -1.38294324e-02 -1.08976103e-02 -1.30651258e-02 -1.47718787e-02 -1.36938281e-02 -1.23579614e-02 -1.40414126e-02 -1.30498614e-02 -1.05958991e-02 -8.93801637e-03 -9.12673026e-03 -9.12693515e-03 -8.39483179e-03 -8.64498317e-03 -8.08020681e-03 -9.58316959e-03 -1.12806018e-02 -1.07092615e-02 -1.05295777e-02 -1.06964298e-02 -1.24799199e-02 -1.45136267e-02 -1.29816867e-02 -1.11557823e-02 -1.35350376e-02 -1.47276558e-02 -1.37158670e-02 -1.37691777e-02 -1.18536763e-02 -8.56919400e-03 -8.70530307e-03 -1.10041834e-02 -1.54037271e-02 -1.90470982e-02 -1.86829977e-02 -1.41818430e-02 -1.32212602e-02 -1.44793941e-02 -1.09870024e-02 -8.85239244e-03 -9.17226262e-03 -9.65108722e-03 -1.21325329e-02 -1.31929163e-02 -1.27948783e-02 -1.27016399e-02 -1.26562100e-02 -1.13930255e-02 -1.08416844e-02 -1.09312851e-02 -9.90461744e-03 -8.50522332e-03 -7.00607710e-03 -6.85473531e-03 -9.65881906e-03 -1.19231604e-02 -1.00482404e-02 -9.05015878e-03 -8.23387783e-03 -7.53550790e-03 -8.16503633e-03 -7.37688504e-03 -6.77735172e-03 -5.19030541e-03 -9.08926968e-03 -1.09328358e-02 -8.14726669e-03 -8.00129119e-03 -7.40840938e-03 -5.98730519e-03 -5.13708219e-03 -6.44510426e-03 -8.08630884e-03 -7.77359307e-03 -6.36782218e-03 -7.99367949e-03 -7.86943082e-03 -4.57897969e-03 -6.52243942e-03 -9.85378213e-03 -9.43850726e-03 -7.55642727e-03 -6.86395913e-03 -7.36335479e-03 -8.07953905e-03 -9.12082661e-03 -9.48180724e-03 -9.16938670e-03 -8.11818801e-03 -6.67516422e-03 -6.80204947e-03 -7.52352830e-03 -9.14986338e-03 -9.44214500e-03 -7.23171607e-03 -4.50098142e-03 -4.94018756e-03 -7.83536211e-03 -1.26865786e-02 -1.58013888e-02 -1.35246050e-02 -7.97231123e-03 -6.73920289e-03 -6.50530588e-03 -5.58896363e-03 -4.16202098e-03 -6.08574226e-03 -8.52923747e-03 -8.49081110e-03 -7.39848334e-03 -5.99192735e-03 -4.91414871e-03 -5.55513334e-03 -6.40406646e-03 -6.72917999e-03 -6.15149178e-03 -7.16131367e-03 -8.61362554e-03 -8.14551860e-03 -7.17995595e-03 -7.21295644e-03 -7.54995272e-03 -5.87584544e-03 -4.83122282e-03 -5.20118698e-03 -5.87901007e-03 -5.18894661e-03 -3.77510395e-03 -3.81753407e-03 -4.60827723e-03 -4.31500096e-03 -3.81637271e-03 -3.42644658e-03 -2.93168239e-03 -3.58246174e-03 -4.26238868e-03 -2.62713246e-03 -3.90907656e-03 -6.74768072e-03 -5.05102612e-03 -2.68862862e-03 -3.64973489e-03 -4.89442144e-03 -5.25904726e-03 -5.68360090e-03 -7.72555172e-03 -1.05657596e-02 -9.28092375e-03 -6.62540458e-03 -5.50986640e-03 -5.00254706e-03 -7.51503184e-03 -1.03911497e-02 -1.05205374e-02 -1.04035456e-02 -9.29034501e-03 -9.54667106e-03 -1.07701775e-02 -1.16602816e-02 -1.27531774e-02 -1.40624158e-02 -1.49742123e-02 -1.48272254e-02 -1.43042319e-02 -1.50965042e-02 -1.74297281e-02 -1.61063615e-02 -1.39088333e-02 -1.07058622e-02 -8.59353505e-03 -9.18089785e-03 -1.12927835e-02 -1.22123621e-02 -1.39467474e-02 -1.54796876e-02 -1.19931400e-02 -9.20077041e-03 -1.08651277e-02 -9.64050367e-03 -6.28429838e-03 -5.79866208e-03 -5.69794141e-03 -8.57382640e-03 -7.77329598e-03 -5.58414683e-03 -2.97877658e-03 -2.49458291e-03 -4.58596554e-03
-1.31581854e-02 -4.44308110e-03 -6.65574893e-03 -7.31824338e-03 -8.21009651e-03 -9.33820382e-03 -1.11372694e-02 -1.26489140e-02 -1.34576969e-02 -1.20973568e-02 -1.32223666e-02 -1.53447445e-02 -1.46992356e-02 -1.30141843e-02 -1.38895158e-02 -1.50513630e-02 -1.38678849e-02 -1.12876203e-02 -1.12617705e-02 -1.33409984e-02 -1.20057873e-02 -9.03042965e-03 -9.06196609e-03 -1.04091503e-02 -9.56652127e-03 -8.28418508e-03 -8.99783708e-03 -1.13278832e-02 -1.23572564e-02 -9.12246294e-03 -7.54291005e-03 -9.20806453e-03 -1.45608820e-02 -1.56736225e-02 -1.24308970e-02 -1.00643802e-02 -1.36254411e-02 -1.52388401e-02 -1.24033950e-02 -1.14989895e-02 -1.21952817e-02 -1.01048239e-02 -1.07867122e-02 -1.35656875e-02 -1.51294339e-02 -1.60841085e-02 -1.63457450e-02 -1.36408713e-02 -1.20432042e-02 -1.23185711e-02 -8.87643173e-03 -7.92750530e-03 -1.05111450e-02 -1.13477856e-02 -1.41627789e-02 -1.43169481e-02 -1.23444144e-02 -1.13973916e-02 -1.14056356e-02 -9.90068354e-03 -9.06814635e-03 -1.08064152e-02 -1.05442181e-02 -1.01763383e-02 -9.79235768e-03 -7.70110637e-03 -6.98078051e-03 -7.52653368e-03 -9.33928229e-03 -8.63960944e-03 -7.43653998e-03 -6.04832359e-03 -6.61288574e-03 -7.16326851e-03 -6.91556279e-03 -4.36213426e-03 -6.77792542e-03 -9.68155544e-03 -8.03482160e-03 -7.13027455e-03 -6.32680207e-03 -5.99337183e-03 -6.50087930e-03 -6.89916871e-03 -8.74481164e-03 -7.76319206e-03 -6.51126541e-03 -8.34175665e-03 -9.88883805e-03 -7.41695985e-03 -7.87369907e-03 -1.04911327e-02 -9.78601072e-03 -7.24145398e-03 -6.49303198e-03 -7.70861097e-03 -8.43642186e-03 -9.02712904e-03 -8.85763485e-03 -8.43807962e-03 -7.35301897e-03 -6.87400717e-03 -7.90972915e-03 -8.64499155e-03 -8.89766775e-03 -8.62076413e-03 -6.90862350e-03 -5.02471998e-03 -5.77994250e-03 -7.36030936e-03 -1.23243295e-02 -1.51860574e-02 -1.30585255e-02 -8.44150316e-03 -6.79937564e-03 -7.09849689e-03 -6.08835742e-03 -5.04405051e-03 -6.93677552e-03 -8.35208315e-03 -7.61835929e-03 -6.47126138e-03 -5.15831448e-03 -3.91151570e-03 -4.00500931e-03 -5.63883688e-03 -6.27870578e-03 -5.19731175e-03 -5.84301073e-03 -7.62329251e-03 -7.65213277e-03 -6.98906463e-03 -7.77745154e-03 -8.15253891e-03 -4.59291227e-03 -4.50322218e-03 -6.33309130e-03 -6.14400301e-03 -5.11581358e-03 -3.32812499e-03 -3.71081755e-03 -5.13456669e-03 -5.59755974e-03 -5.50150964e-03 -5.45498449e-03 -4.53576073e-03 -4.84213233e-03 -4.47329134e-03 -2.64566764e-03 -3.39902285e-03 -5.64876944e-03 -5.02096023e-03 -2.66035181e-03 -2.33386271e-03 -3.79058160e-03 -5.99286053e-03 -6.68635778e-03 -7.12422747e-03 -1.02478685e-02 -1.10930055e-02 -1.03837103e-02 -9.28529352e-03 -7.38783926e-03 -6.92866556e-03 -8.65014177e-03 -9.97842755e-03 -1.07426392e-02 -1.03728715e-02 -1.11552384e-02 -1.24538131e-02 -1.13978963e-02 -1.07001513e-02 -1.24177933e-02 -1.60665233e-02 -1.82513539e-02 -1.72480997e-02 -1.62364617e-02 -1.59058366e-02 -1.45254713e-02 -1.37249809e-02 -1.23696942e-02 -1.06836893e-02 -1.16552431e-02 -1.08153503e-02 -9.42240283e-03 -1.11502912e-02 -1.30332634e-02 -8.90533067e-03 -6.13171794e-03 -1.04553010e-02 -1.19710797e-02 -8.53983592e-03 -9.54842940e-03 -8.60069692e-03 -7.33786449e-03 -5.84544241e-03 -4.25779168e-03 -2.66691111e-03 -3.35254055e-03 -5.00853965e-03
-1.35438424e-02 -4.04562429e-03 -7.02756830e-03 -7.66792148e-03 -8.03579576e-03 -9.67493653e-03 -1.10838097e-02 -1.24770030e-02 -1.26813892e-02 -1.09595209e-02 -1.27196815e-02 -1.55889131e-02 -1.56682897e-02 -1.42417401e-02 -1.39027163e-02 -1.40036605e-02 -1.26507301e-02 -1.11412499e-02 -9.53061692e-03 -1.10652689e-02 -1.42112374e-02 -1.06192511e-02 -1.09098963e-02 -1.15902629e-02 -9.19724070e-03 -8.27624090e-03 -8.92768614e-03 -1.17768375e-02 -1.30058182e-02 -9.93853807e-03 -6.12701662e-03 -6.57518394e-03 -1.27794165e-02 -1.55339371e-02 -1.33445542e-02 -9.91718471e-03 -1.14837289e-02 -1.26017183e-02 -1.08154211e-02 -1.07083004e-02 -1.26565341e-02 -1.19887087e-02 -1.03816465e-02 -1.32238660e-02 -1.30690616e-02 -1.22227874e-02 -1.34398974e-02 -1.24978162e-02 -1.21974479e-02 -1.20210564e-02 -7.53331929e-03 -5.69209270e-03 -9.31871124e-03 -1.20990742e-02 -1.52680930e-02 -1.56430751e-02 -1.30310692e-02 -1.06847510e-02 -1.04600135e-02 -1.06632560e-02 -9.52910818e-03 -8.31793062e-03 -8.10530968e-03 -9.49559920e-03 -1.21949539e-02 -1.21305604e-02 -9.91436653e-03 -7.05833919e-03 -8.33602250e-03 -8.64629075e-03 -7.34944269e-03 -5.61083667e-03 -6.35850430e-03 -7.51692709e-03 -7.72810075e-03 -5.52502461e-03 -5.49237244e-03 -8.43730941e-03 -8.07634369e-03 -6.73903339e-03 -5.77972084e-03 -5.91483153e-03 -7.39025325e-03 -8.03547539e-03 -9.50460136e-03 -7.91736692e-03 -5.96782379e-03 -7.18847662e-03 -9.02508199e-03 -8.28145631e-03 -7.95265660e-03 -9.95751750e-03 -1.02594197e-02 -8.63312837e-03 -6.79264031e-03 -5.99076413e-03 -6.54646568e-03 -8.07141233e-03 -7.80096650e-03 -6.59445580e-03 -5.81986364e-03 -6.27067965e-03 -8.55364185e-03 -9.42228269e-03 -8.55007861e-03 -8.66871979e-03 -8.55730101e-03 -7.01680221e-03 -6.28814101e-03 -5.95628470e-03 -8.68458860e-03 -1.21751614e-02 -1.07735824e-02 -7.49009382e-03 -5.89004718e-03 -6.45759795e-03 -5.97226806e-03 -5.79153560e-03 -8.03263206e-03 -8.46126582e-03 -6.84537739e-03 -5.48237190e-03 -4.42388281e-03 -3.22531909e-03 -3.43099795e-03 -5.08581568e-03 -6.15562033e-03 -5.57026919e-03 -5.78781124e-03 -7.24631641e-03 -7.60545861e-03 -5.51545992e-03 -5.42371161e-03 -8.01291224e-03 -6.45320956e-03 -5.32693416e-03 -6.75661955e-03 -6.79847132e-03 -5.21851238e-03 -3.07816081e-03 -4.09377553e-03 -6.31428789e-03 -6.86040707e-03 -6.61007687e-03 -6.20916951e-03 -5.70750050e-03 -6.21603243e-03 -5.82720991e-03 -4.36286815e-03 -4.56920546e-03 -5.22369519e-03 -3.58747598e-03 -2.11192854e-03 -3.02937813e-03 -4.52317670e-03 -7.45617133e-03 -7.95531366e-03 -7.07247201e-03 -8.73107091e-03 -1.00322925e-02 -9.29170474e-03 -9.59582813e-03 -8.17484036e-03 -6.81489147e-03 -7.15634786e-03 -9.53611825e-03 -1.16994912e-02 -1.05646532e-02 -9.90027003e-03 -1.24165192e-02 -1.43584888e-02 -1.28663611e-02 -1.11901890e-02 -1.32700577e-02 -1.49525050e-02 -1.60698649e-02 -1.52186267e-02 -1.33446846e-02 -1.34993959e-02 -1.48065574e-02 -1.19114425e-02 -1.10059753e-02 -1.27424002e-02 -1.32840108e-02 -1.04196686e-02 -8.88446905e-03 -8.61860067e-03 -6.00392930e-03 -7.26930425e-03 -1.37763694e-02 -1.34709431e-02 -7.55671225e-03 -7.60807563e-03 -7.10559916e-03 -5.13910223e-03 -4.31577209e-03 -3.74008343e-03 -2.87164282e-03 -3.24722659e-03 -5.06653124e-03
-1.51919257e-02 -5.88400476e-03 -7.20803253e-03 -8.85797292e-03 -8.00796598e-03 -9.89678502e-03 -1.10949110e-02 -1.25516150e-02 -1.30320974e-02 -1.00679211e-02 -1.21210795e-02 -1.52661614e-02 -1.55254602e-02 -1.43578481e-02 -1.34392455e-02 -1.29492749e-02 -1.25051122e-02 -1.17310584e-02 -9.65479203e-03 -9.60162468e-03 -1.16994567e-02 -1.05907600e-02 -1.10909566e-02 -1.23010930e-02 -9.88082774e-03 -7.99438916e-03 -8.76523368e-03 -1.17737344e-02 -1.22104930e-02 -1.13323517e-02 -8.70392658e-03 -7.26049207e-03 -1.19338930e-02 -1.40322242e-02 -1.24360025e-02 -1.08306929e-02 -1.05123259e-02 -1.01731475e-02 -7.61412270e-03 -6.46553189e-03 -1.02521684e-02 -1.20375697e-02 -8.86064395e-03 -8.24964978e-03 -1.50135811e-02 -1.49912871e-02 -1.25859249e-02 -1.01394020e-02 -1.18800299e-02 -1.24838967e-02 -7.86056928e-03 -5.87736070e-03 -8.33868980e-03 -1.14916246e-02 -1.25149749e-02 -1.33385379e-02 -1.39726661e-02 -1.20008215e-02 -1.09712388e-02 -9.45040025e-03 -7.55134784e-03 -6.90648146e-03 -7.40279816e-03 -7.95515813e-03 -1.11850090e-02 -1.16659701e-02 -9.62409936e-03 -8.14168341e-03 -8.66361521e-03 -7.61645101e-03 -6.09578378e-03 -6.23983331e-03 -6.83787651e-03 -7.18371663e-03 -6.49428926e-03 -5.96954674e-03 -6.01451471e-03 -7.55318627e-03 -7.77749158e-03 -6.81883655e-03 -6.36082888e-03 -7.23223016e-03 -8.46862979e-03 -7.87212327e-03 -8.11232440e-03 -6.92616217e-03 -6.29643910e-03 -7.78643973e-03 -1.02160368e-02 -1.04525294e-02 -9.42055322e-03 -1.00782877e-02 -1.01058511e-02 -7.16447271e-03 -6.69848546e-03 -6.47894666e-03 -6.26694225e-03 -7.45551102e-03 -7.79370964e-03 -6.88445196e-03 -5.54615725e-03 -5.13017364e-03 -8.03882722e-03 -8.44370946e-03 -7.07844086e-03 -8.06612894e-03 -9.01118480e-03 -8.14914890e-03 -7.17311352e-03 -5.44961728e-03 -6.99780509e-03 -9.91883967e-03 -9.22792964e-03 -7.16097187e-03 -5.30887954e-03 -4.99159470e-03 -4.91973199e-03 -5.94128855e-03 -8.65513179e-03 -8.47813860e-03 -6.75920770e-03 -5.74442744e-03 -4.86856326e-03 -3.81350424e-03 -3.12675349e-03 -4.40846104e-03 -5.13167586e-03 -5.44952694e-03 -6.64472859e-03 -7.87598547e-03 -7.54274894e-03 -4.99476492e-03 -4.89943102e-03 -7.64858071e-03 -7.92840589e-03 -5.98891266e-03 -5.35239838e-03 -6.69363048e-03 -6.27794303e-03 -3.11069377e-03 -5.37132844e-03 -7.37885572e-03 -7.96458777e-03 -7.65418354e-03 -7.35423528e-03 -6.08919375e-03 -6.20877091e-03 -6.48617093e-03 -5.57232834e-03 -4.82016616e-03 -4.26834542e-03 -3.20864096e-03 -2.91588530e-03 -5.17620798e-03 -5.82839176e-03 -7.92901032e-03 -9.10297874e-03 -7.49475975e-03 -8.58792663e-03 -9.74902697e-03 -9.48510878e-03 -9.50333290e-03 -8.00621510e-03 -6.15268946e-03 -6.55288622e-03 -9.73968115e-03 -1.22590298e-02 -1.16294995e-02 -1.08273774e-02 -1.33501198e-02 -1.60638560e-02 -1.50283780e-02 -1.16879661e-02 -1.18807182e-02 -1.32636055e-02 -1.43155027e-02 -1.40797962e-02 -1.27086155e-02 -1.51900165e-02 -1.53391715e-02 -1.09867416e-02 -1.27409119e-02 -1.62595548e-02 -1.69436634e-02 -1.23947486e-02 -7.78738037e-03 -1.09053440e-02 -9.26474854e-03 -9.06240568e-03 -1.36757679e-02 -1.12271104e-02 -6.23080134e-03 -6.16673753e-03 -6.22899272e-03 -4.50381357e-03 -3.77321988e-03 -3.71728465e-03 -2.93373410e-03 -2.91007198e-03 -6.14299579e-03
-1.41977742e-02 -8.37558508e-03 -1.11594070e-02 -1.01415049e-02 -5.85317053e-03 -7.13814609e-03 -9.12227668e-03 -1.25261322e-02 -1.40424185e-02 -1.10304374e-02 -1.30765215e-02 -1.58571061e-02 -1.52079333e-02 -1.36676095e-02 -1.32499002e-02 -1.21743176e-02 -1.15013868e-02 -1.49126630e-02 -1.54642630e-02 -1.30126979e-02 -1.27006546e-02 -9.87627544e-03 -1.12406220e-02 -1.16751045e-02 -8.71193409e-03 -5.74750826e-03 -5.85739501e-03 -9.15511511e-03 -1.17589841e-02 -1.22075500e-02 -9.89913568e-03 -7.73946568e-03 -1.05602778e-02 -1.32081229e-02 -1.24222189e-02 -1.16718188e-02 -1.09025352e-02 -1.11065134e-02 -1.10416580e-02 -7.93192722e-03 -9.51646268e-03 -1.20579191e-02 -7.89655000e-03 -6.95807487e-03 -1.49569400e-02 -1.60173848e-02 -1.01857483e-02 -6.12882338e-03 -1.11585781e-02 -1.31337652e-02 -9.20367334e-03 -5.28699160e-03 -6.40896149e-03 -9.79752652e-03 -1.06249433e-02 -1.26609635e-02 -1.45992730e-02 -1.32107083e-02 -1.11527257e-02 -8.79351236e-03 -6.79835491e-03 -7.07290135e-03 -7.95769133e-03 -7.78145902e-03 -9.88776051e-03 -1.15072578e-02 -1.06329303e-02 -9.33035649e-03 -8.13021697e-03 -6.62074238e-03 -6.24980405e-03 -7.46613182e-03 -7.88680185e-03 -6.73190039e-03 -5.58271073e-03 -5.53871505e-03 -5.26881218e-03 -6.03915937e-03 -7.34072179e-03 -7.69856293e-03 -7.70462025e-03 -8.58181436e-03 -8.64289887e-03 -7.21350685e-03 -5.51126525e-03 -6.94257393e-03 -9.96179413e-03 -1.11592496e-02 -1.17854020e-02 -1.16073219e-02 -1.03185503e-02 -9.91681498e-03 -8.90071411e-03 -6.06388971e-03 -6.34550862e-03 -6.50565512e-03 -6.35368563e-03 -7.93434307e-03 -9.14022513e-03 -7.12674111e-03 -5.03009651e-03 -4.17431816e-03 -6.28312305e-03 -6.10283017e-03 -5.69161773e-03 -8.47119838e-03 -1.00643132e-02 -8.88434425e-03 -7.24311359e-03 -6.58531487e-03 -6.50790893e-03 -8.26804992e-03 -7.87603948e-03 -7.41490722e-03 -6.64625224e-03 -5.81741147e-03 -4.33233194e-03 -5.03496639e-03 -7.21645541e-03 -8.29050131e-03 -7.64643215e-03 -6.56871498e-03 -5.58649376e-03 -4.68481239e-03 -4.24073637e-03 -5.01777697e-03 -5.92073705e-03 -6.67490903e-03 -7.94845447e-03 -8.01579747e-03 -7.46516511e-03 -5.85866161e-03 -5.12741692e-03 -6.89434633e-03 -8.25363304e-03 -7.54056778e-03 -6.01381809e-03 -4.12954576e-03 -4.68226895e-03 -3.82599328e-03 -5.94161637e-03 -7.80769531e-03 -7.62445014e-03 -7.10348599e-03 -7.31582753e-03 -7.71475956e-03 -7.64434505e-03 -7.33559672e-03 -5.97439799e-03 -5.91452047e-03 -6.31367322e-03 -3.85792926e-03 -3.12670134e-03 -6.78479392e-03 -7.36750662e-03 -8.98169540e-03 -1.05606494e-02 -8.95341020e-03 -9.15189087e-03 -9.37075727e-03 -9.25998576e-03 -9.61021520e-03 -7.94698484e-03 -7.05959089e-03 -7.52611831e-03 -9.65527911e-03 -1.10829761e-02 -1.03589781e-02 -1.06502548e-02 -1.25278458e-02 -1.40227042e-02 -1.33131295e-02 -1.10624433e-02 -1.13661867e-02 -1.14600789e-02 -1.25184823e-02 -1.31052509e-02 -1.17477346e-02 -1.39695834e-02 -1.46768913e-02 -1.09248720e-02 -1.31817535e-02 -1.68884061e-02 -1.69863775e-02 -1.27957985e-02 -7.13066570e-03 -1.13124959e-02 -1.18060149e-02 -1.13103148e-02 -1.35075897e-02 -1.09014921e-02 -6.89859875e-03 -5.70600107e-03 -5.13872877e-03 -3.66457738e-03 -3.72553151e-03 -3.84673104e-03 -3.57694179e-03 -3.22119333e-03 -6.23486843e-03
-1.32108070e-02 -9.39104334e-03 -1.34527814e-02 -1.23559106e-02 -9.10193659e-03 -8.82896595e-03 -9.36930627e-03 -1.18206181e-02 -1.29151903e-02 -1.16344243e-02 -1.46677140e-02 -1.71915554e-02 -1.46740973e-02 -1.29627623e-02 -1.26219429e-02 -1.07728150e-02 -1.07655656e-02 -1.54560711e-02 -1.59495845e-02 -1.32329166e-02 -1.32820979e-02 -1.07493661e-02 -1.18585639e-02 -1.20270774e-02 -1.02766808e-02 -9.35850665e-03 -8.01960193e-03 -9.25066508e-03 -1.11698257e-02 -1.02701150e-02 -7.10374303e-03 -7.20680691e-03 -8.50969926e-03 -1.10075120e-02 -1.28655639e-02 -1.24177262e-02 -1.15287323e-02 -1.07516441e-02 -1.24613419e-02 -9.81310382e-03 -7.86587410e-03 -1.00574791e-02 -9.46067274e-03 -7.45601952e-03 -1.28217023e-02 -1.22002736e-02 -6.50679693e-03 -3.34620848e-03 -1.13882814e-02 -1.29517261e-02 -8.81006941e-03 -5.44279069e-03 -5.92735037e-03 -1.09689739e-02 -1.28808673e-02 -1.36157013e-02 -1.38580855e-02 -1.25397760e-02 -1.04020517e-02 -7.98900239e-03 -6.00415096e-03 -6.47953711e-03 -8.25852156e-03 -8.41491111e-03 -9.96067934e-03 -1.14377979e-02 -1.18671646e-02 -1.10162403e-02 -8.45959410e-03 -6.85383379e-03 -7.17021152e-03 -8.37952737e-03 -8.27303063e-03 -6.53341878e-03 -4.70989197e-03 -4.75670025e-03 -5.33054397e-03 -5.45120612e-03 -4.92403097e-03 -6.63075782e-03 -8.61418340e-03 -8.97631887e-03 -8.67980625e-03 -7.13122264e-03 -5.41168824e-03 -7.51782209e-03 -1.03121279e-02 -1.15000410e-02 -1.24051431e-02 -1.19296620e-02 -1.13807842e-02 -1.00918040e-02 -7.70579185e-03 -5.09207696e-03 -6.18919916e-03 -6.46439753e-03 -7.06520677e-03 -8.51820502e-03 -8.71386100e-03 -6.52687065e-03 -4.67392709e-03 -3.97933647e-03 -5.41292690e-03 -4.33897786e-03 -5.59336692e-03 -8.59771483e-03 -9.23848711e-03 -7.49120116e-03 -7.21988454e-03 -8.17352720e-03 -7.31943361e-03 -6.64599426e-03 -6.84010331e-03 -7.32148346e-03 -7.05989543e-03 -6.74559642e-03 -5.76825254e-03 -4.23402525e-03 -5.65892830e-03 -8.33467022e-03 -8.25510547e-03 -6.85865618e-03 -5.67252189e-03 -5.84061351e-03 -6.25804532e-03 -6.45155367e-03 -6.22274820e-03 -7.86317140e-03 -8.78176838e-03 -7.96701573e-03 -6.99669868e-03 -6.59903325e-03 -6.26541488e-03 -6.81546144e-03 -8.16487614e-03 -7.41606485e-03 -4.01479751e-03 -2.63953768e-03 -4.48961370e-03 -4.84830234e-03 -6.98435027e-03 -6.92094211e-03 -5.73733635e-03 -6.15092926e-03 -8.74361768e-03 -1.00383917e-02 -9.48567130e-03 -8.70285276e-03 -8.67440831e-03 -9.09848604e-03 -9.19345114e-03 -6.00740127e-03 -4.27464023e-03 -5.65156527e-03 -4.88292426e-03 -6.89476356e-03 -1.13249626e-02 -9.39988438e-03 -9.10904631e-03 -9.67215933e-03 -9.03061777e-03 -8.23927671e-03 -8.11404549e-03 -9.11727175e-03 -8.72088224e-03 -8.97673517e-03 -1.05872070e-02 -1.03476327e-02 -1.04230810e-02 -1.12990756e-02 -1.23006962e-02 -1.24881808e-02 -1.17437858e-02 -1.03145987e-02 -9.98881087e-03 -1.15851127e-02 -1.48458257e-02 -1.39657911e-02 -1.40560325e-02 -1.32545792e-02 -8.91963392e-03 -9.57836770e-03 -1.48151387e-02 -1.50996391e-02 -1.18177328e-02 -7.14008510e-03 -1.07259322e-02 -1.33537706e-02 -1.20705161e-02 -1.30936783e-02 -1.05218813e-02 -7.57052563e-03 -5.62636554e-03 -4.54180129e-03 -4.17208672e-03 -4.92236577e-03 -4.41625342e-03 -3.57091986e-03 -2.84542795e-03 -5.35093434e-03
-1.24443658e-02 -8.08091089e-03 -1.33685544e-02 -1.10620912e-02 -8.76730308e-03 -7.20007904e-03 -6.34152256e-03 -1.02126841e-02 -1.16886608e-02 -1.24859605e-02 -1.56062059e-02 -1.58111341e-02 -1.32901948e-02 -1.18627343e-02 -1.24775562e-02 -1.23097729e-02 -1.23644657e-02 -1.41877551e-02 -1.35866012e-02 -1.44177135e-02 -1.65031496e-02 -1.26138460e-02 -1.16149429e-02 -1.11100078e-02 -8.08379054e-03 -9.47208330e-03 -1.03597566e-02 -1.00199357e-02 -1.05993673e-02 -8.73966143e-03 -6.28690422e-03 -6.25907443e-03 -6.25734590e-03 -7.54632615e-03 -1.41983470e-02 -1.47031341e-02 -1.12716872e-02 -8.91687907e-03 -1.05587747e-02 -9.57632996e-03 -8.42094608e-03 -1.03311148e-02 -9.44803469e-03 -8.46325606e-03 -1.09951217e-02 -9.78845358e-03 -5.32392971e-03 -3.98945063e-03 -1.08258408e-02 -1.08879060e-02 -7.30259344e-03 -7.68231228e-03 -9.58985835e-03 -1.10626165e-02 -1.09287724e-02 -1.11902710e-02 -1.14772394e-02 -1.06879286e-02 -9.03882831e-03 -7.84074888e-03 -6.16947189e-03 -6.29728287e-03 -8.54512304e-03 -9.99099948e-03 -1.09933261e-02 -1.18310712e-02 -1.22236544e-02 -1.12028774e-02 -8.60922970e-03 -7.48167746e-03 -7.51642324e-03 -8.19589570e-03 -8.34790152e-03 -7.48379808e-03 -5.78965340e-03 -5.33381291e-03 -5.99427335e-03 -5.84712625e-03 -2.93027796e-03 -4.48029861e-03 -8.45152792e-03 -9.23112966e-03 -8.86700395e-03 -8.85868352e-03 -8.97030625e-03 -9.17848386e-03 -7.79197365e-03 -8.24107416e-03 -1.01896627e-02 -1.02963047e-02 -1.03649292e-02 -9.79884621e-03 -6.39328361e-03 -4.76092473e-03 -7.22053461e-03 -7.33916834e-03 -8.14408157e-03 -9.16596223e-03 -8.24355520e-03 -6.01470005e-03 -4.50582802e-03 -4.21765819e-03 -5.74318878e-03 -5.28695434e-03 -7.06909224e-03 -1.00044021e-02 -8.88962485e-03 -6.46786392e-03 -6.45293854e-03 -8.18513148e-03 -7.96743669e-03 -6.58171438e-03 -7.29793590e-03 -8.63738731e-03 -7.84787070e-03 -6.49877265e-03 -5.12369722e-03 -5.87778166e-03 -8.86335317e-03 -1.10686952e-02 -9.12306737e-03 -5.91921806e-03 -5.67965955e-03 -7.32268486e-03 -8.13821796e-03 -6.97833207e-03 -5.51337283e-03 -6.64512441e-03 -7.30707776e-03 -5.52261714e-03 -5.45257330e-03 -6.20221719e-03 -6.31585158e-03 -6.44386373e-03 -6.59864955e-03 -5.60043566e-03 -3.27533856e-03 -3.12622264e-03 -4.85597644e-03 -4.83154226e-03 -6.29727449e-03 -7.12859072e-03 -6.78642467e-03 -6.78465515e-03 -8.27764347e-03 -9.40456055e-03 -9.14097950e-03 -9.20865964e-03 -1.05284778e-02 -1.10848378e-02 -1.13629764e-02 -9.93809942e-03 -8.00500996e-03 -6.08824752e-03 -3.57076898e-03 -5.80604188e-03 -1.08904978e-02 -1.01506868e-02 -9.09250416e-03 -9.33025032e-03 -9.24097747e-03 -8.39101151e-03 -8.18345323e-03 -9.98051278e-03 -1.00461934e-02 -9.71450657e-03 -1.07042463e-02 -1.01065841e-02 -1.01005863e-02 -1.07859150e-02 -1.25355814e-02 -1.40343476e-02 -1.32349413e-02 -1.04924068e-02 -7.05728866e-03 -9.88105498e-03 -1.63281187e-02 -1.58303753e-02 -1.36940926e-02 -1.27504878e-02 -1.17810741e-02 -1.30859781e-02 -1.36621818e-02 -1.23808756e-02 -1.01115778e-02 -7.31668063e-03 -9.62531380e-03 -1.25059653e-02 -1.12235639e-02 -1.00741554e-02 -1.01670511e-02 -7.53279217e-03 -4.74001467e-03 -4.02416289e-03 -5.36505971e-03 -6.16574287e-03 -5.11131715e-03 -3.42348777e-03 -2.27369275e-03 -4.94109327e-03
-1.37457186e-02 -6.77131116e-03 -1.10768862e-02 -9.76741500e-03 -9.53635760e-03 -7.11414032e-03 -5.59421070e-03 -1.02036055e-02 -1.36076529e-02 -1.12895425e-02 -1.10942945e-02 -1.23048164e-02 -1.25568118e-02 -1.23315100e-02 -1.34813432e-02 -1.66050978e-02 -1.34611297e-02 -9.53014940e-03 -9.39055346e-03 -1.25035811e-02 -1.70250069e-02 -1.45719163e-02 -1.19890273e-02 -9.96175036e-03 -7.31940754e-03 -9.69659165e-03 -1.11192539e-02 -9.63726453e-03 -9.28459875e-03 -8.58592056e-03 -6.75062649e-03 -8.37491453e-03 -9.52186435e-03 -8.54037330e-03 -1.28164077e-02 -1.29678315e-02 -1.10239666e-02 -9.28042084e-03 -1.05772484e-02 -9.85743850e-03 -8.48470815e-03 -8.47297162e-03 -8.22381862e-03 -9.21289437e-03 -1.13674235e-02 -1.05069764e-02 -5.81494346e-03 -5.78227825e-03 -9.19407234e-03 -7.64601585e-03 -4.51858714e-03 -7.34494627e-03 -1.10810185e-02 -1.01878904e-02 -8.32652859e-03 -7.77689368e-03 -9.18571465e-03 -9.04337317e-03 -7.61289150e-03 -7.91472755e-03 -6.41728006e-03 -6.50277361e-03 -9.27213952e-03 -1.17216101e-02 -1.27554042e-02 -1.18477885e-02 -1.14982855e-02 -1.01476237e-02 -8.60879757e-03 -8.60731862e-03 -8.48661922e-03 -7.91940652e-03 -7.87907280e-03 -7.72389863e-03 -6.37038425e-03 -6.31049834e-03 -6.91272132e-03 -7.54644535e-03 -4.78376262e-03 -4.20910306e-03 -6.91824779e-03 -7.15998933e-03 -9.29653365e-03 -1.04337214e-02 -9.32412595e-03 -8.40546191e-03 -6.25509769e-03 -6.16233051e-03 -7.66770728e-03 -8.29710905e-03 -9.41376202e-03 -9.48683172e-03 -6.24975003e-03 -4.73959185e-03 -7.76383188e-03 -7.48101063e-03 -7.16754980e-03 -8.49598460e-03 -7.52070080e-03 -5.60204033e-03 -3.48364003e-03 -3.32220830e-03 -5.88362291e-03 -6.79210201e-03 -7.12603144e-03 -7.71256350e-03 -8.21577385e-03 -7.10888952e-03 -7.11381063e-03 -8.07144307e-03 -7.98463449e-03 -7.03027844e-03 -8.17044731e-03 -9.68116801e-03 -8.04265495e-03 -5.54724038e-03 -4.35797498e-03 -5.75223938e-03 -1.08232275e-02 -1.18896822e-02 -8.89534038e-03 -5.01791202e-03 -5.96440397e-03 -8.45160149e-03 -9.30924620e-03 -7.75247812e-03 -4.29497659e-03 -4.68344241e-03 -5.43470401e-03 -3.28774098e-03 -3.90537083e-03 -6.00292534e-03 -6.41625375e-03 -5.74146770e-03 -5.44328801e-03 -4.37777489e-03 -2.25827843e-03 -3.84221040e-03 -7.02499971e-03 -6.53578434e-03 -6.94049429e-03 -7.58329872e-03 -7.80378096e-03 -8.16198904e-03 -8.58499948e-03 -8.82462226e-03 -8.68771970e-03 -9.34046600e-03 -1.07402271e-02 -1.05535369e-02 -1.03190728e-02 -1.08326394e-02 -1.12724844e-02 -9.89877246e-03 -6.55283034e-03 -6.63877651e-03 -1.02849659e-02 -1.06586022e-02 -9.42506641e-03 -9.44180787e-03 -1.03298016e-02 -9.61177982e-03 -9.64652188e-03 -1.09557100e-02 -1.08486116e-02 -1.09668318e-02 -1.07046477e-02 -9.28024761e-03 -9.89189185e-03 -1.12902969e-02 -1.30314603e-02 -1.52771510e-02 -1.50597114e-02 -1.23369414e-02 -6.97460212e-03 -8.21138546e-03 -1.53461667e-02 -1.49429003e-02 -1.22674182e-02 -1.09965429e-02 -1.15071125e-02 -1.27664916e-02 -1.13808010e-02 -1.02558695e-02 -9.43397544e-03 -7.90357962e-03 -9.59956460e-03 -1.06563140e-02 -8.06554779e-03 -8.71979818e-03 -1.10712368e-02 -8.90261307e-03 -4.93265875e-03 -3.21852230e-03 -5.11806644e-03 -7.25831743e-03 -5.40858135e-03 -2.52466835e-03 -2.44677812e-03 -5.21262549e-03
-1.54509339e-02 -6.23925030e-03 -8.51011276e-03 -1.14064682e-02 -1.00199971e-02 -7.26733543e-03 -5.70250116e-03 -1.08939186e-02 -1.44424215e-02 -1.19346865e-02 -1.13420244e-02 -1.58314146e-02 -1.57520454e-02 -1.20082665e-02 -1.34484973e-02 -1.70431826e-02 -1.62973627e-02 -1.03578605e-02 -6.59352913e-03 -9.95060243e-03 -1.41655356e-02 -1.54371727e-02 -1.54214837e-02 -1.20332222e-02 -7.11476989e-03 -9.94105637e-03 -1.13519952e-02 -8.98815319e-03 -9.19462182e-03 -1.06466468e-02 -9.94607434e-03 -9.90158506e-03 -1.05745904e-02 -7.53656775e-03 -9.86373052e-03 -1.28726121e-02 -1.31512135e-02 -1.20882988e-02 -1.18037108e-02 -9.55698080e-03 -9.30910930e-03 -1.01570487e-02 -7.29914755e-03 -7.43129104e-03 -1.14753544e-02 -1.31447567e-02 -9.51293111e-03 -9.02493671e-03 -8.82448442e-03 -7.01550208e-03 -5.60601056e-03 -7.57318549e-03 -1.12321405e-02 -9.39111784e-03 -6.67461567e-03 -6.28883764e-03 -9.30905528e-03 -1.05808228e-02 -7.63445348e-03 -6.92069717e-03 -6.58334978e-03 -6.40492514e-03 -9.35189612e-03 -1.33862095e-02 -1.35865500e-02 -1.17135774e-02 -1.05505716e-02 -9.80098546e-03 -9.54153575e-03 -1.04083680e-02 -8.43804143e-03 -6.52495027e-03 -8.18864442e-03 -8.56631715e-03 -7.22072646e-03 -7.49722309e-03 -7.82847777e-03 -8.29369761e-03 -7.57916085e-03 -6.49813563e-03 -6.56552799e-03 -6.04615547e-03 -8.82885139e-03 -1.00222081e-02 -8.94199777e-03 -7.99431931e-03 -7.08485581e-03 -6.44092821e-03 -6.64786994e-03 -7.90406018e-03 -9.20971949e-03 -8.96523986e-03 -6.70258328e-03 -6.57944381e-03 -8.59730970e-03 -7.63777085e-03 -6.90639950e-03 -7.94441532e-03 -7.20976759e-03 -5.73104993e-03 -3.12520377e-03 -1.90463290e-03 -5.81384264e-03 -7.55638070e-03 -7.37412088e-03 -6.14686683e-03 -5.99648617e-03 -7.52282515e-03 -8.39816593e-03 -9.03278589e-03 -9.35927592e-03 -8.51589255e-03 -1.06826257e-02 -1.23326788e-02 -8.78599845e-03 -3.97869945e-03 -2.85369530e-03 -4.64267936e-03 -9.23144910e-03 -9.52541921e-03 -6.60786871e-03 -3.68324481e-03 -4.85092402e-03 -8.24198686e-03 -1.00914277e-02 -9.35466401e-03 -5.19308075e-03 -4.43130452e-03 -5.08954097e-03 -2.68492009e-03 -4.24677320e-03 -7.16636702e-03 -7.01506250e-03 -6.06920011e-03 -5.88366389e-03 -5.06287441e-03 -3.83996964e-03 -4.57270909e-03 -6.00753631e-03 -5.42952958e-03 -5.99376578e-03 -7.28339795e-03 -8.67650658e-03 -9.29434970e-03 -9.09777544e-03 -8.06990638e-03 -8.17977451e-03 -9.45569389e-03 -1.03053525e-02 -8.95620510e-03 -8.98670778e-03 -1.08180922e-02 -1.08680651e-02 -8.23274814e-03 -5.92584908e-03 -7.14521296e-03 -8.91871378e-03 -9.32172127e-03 -1.08208805e-02 -1.18680745e-02 -1.06241815e-02 -1.03048272e-02 -1.07628591e-02 -1.22311581e-02 -1.23614818e-02 -1.17819961e-02 -1.10811368e-02 -9.31738131e-03 -9.67925601e-03 -1.25953816e-02 -1.49497669e-02 -1.55388471e-02 -1.35474484e-02 -1.25628002e-02 -9.99031775e-03 -1.00522246e-02 -1.41921751e-02 -1.33830514e-02 -1.08608156e-02 -1.03078280e-02 -1.14970040e-02 -1.31534636e-02 -1.17454659e-02 -1.04340632e-02 -1.00940894e-02 -8.45651701e-03 -8.19052197e-03 -8.98396783e-03 -8.16553272e-03 -1.00354608e-02 -1.34707103e-02 -9.92410816e-03 -5.30275144e-03 -3.39840166e-03 -5.05343080e-03 -7.41555076e-03 -5.74261975e-03 -1.45325717e-03 -2.54113693e-03 -6.73715724e-03
-1.47112161e-02 -5.19561768e-03 -7.84422643e-03 -1.28044300e-02 -1.11409184e-02 -7.86225498e-03 -6.21304847e-03 -1.09736137e-02 -1.46070607e-02 -1.20947845e-02 -1.08965300e-02 -1.31981559e-02 -1.55941714e-02 -1.23359393e-02 -1.17908232e-02 -1.45211872e-02 -1.57294702e-02 -1.44054331e-02 -1.24413017e-02 -1.33412275e-02 -1.37655195e-02 -1.29367653e-02 -1.32886078e-02 -1.20665487e-02 -7.85488635e-03 -1.04740132e-02 -1.15021262e-02 -7.82242604e-03 -8.37582350e-03 -1.25228055e-02 -1.40887313e-02 -1.43892486e-02 -1.20332018e-02 -7.17356615e-03 -7.78575614e-03 -1.06047858e-02 -1.26758050e-02 -1.42026767e-02 -1.37979705e-02 -1.08399875e-02 -9.61982086e-03 -9.81624797e-03 -8.34123418e-03 -9.31820273e-03 -1.21653453e-02 -1.12449396e-02 -8.11732188e-03 -9.21739079e-03 -9.72577929e-03 -8.48962367e-03 -6.97541237e-03 -8.19072500e-03 -9.49660689e-03 -8.40760395e-03 -5.79755381e-03 -5.98909706e-03 -1.12228934e-02 -1.29158990e-02 -1.09791383e-02 -1.24787958e-02 -1.21070975e-02 -7.88563304e-03 -5.78970835e-03 -1.03088282e-02 -1.21975876e-02 -1.04804765e-02 -1.02369785e-02 -9.91630368e-03 -1.05924159e-02 -1.06318165e-02 -7.94011913e-03 -5.98584302e-03 -8.61596875e-03 -9.86774545e-03 -1.00329621e-02 -9.72376484e-03 -8.47279467e-03 -7.38940947e-03 -7.47415982e-03 -8.44850950e-03 -8.66098143e-03 -7.39392266e-03 -9.03783087e-03 -8.92915484e-03 -7.13761337e-03 -6.96607865e-03 -7.27495551e-03 -6.88867457e-03 -6.42434880e-03 -7.68743455e-03 -8.51661246e-03 -8.01209826e-03 -7.62973726e-03 -8.21487233e-03 -8.74789245e-03 -7.82461464e-03 -8.08164477e-03 -9.18845739e-03 -7.15061929e-03 -6.02308847e-03 -3.71726416e-03 -2.04565376e-03 -5.87683730e-03 -9.11341887e-03 -7.88013637e-03 -4.04015742e-03 -3.07742134e-03 -6.23448193e-03 -8.83538648e-03 -1.09970029e-02 -1.06885787e-02 -9.73966718e-03 -1.16634890e-02 -1.39071103e-02 -9.65906121e-03 -3.84495221e-03 -2.51568854e-03 -4.25123330e-03 -7.76186027e-03 -7.33893644e-03 -5.56849781e-03 -2.39180401e-03 -2.39284709e-03 -6.30487874e-03 -1.08474046e-02 -1.08625740e-02 -6.72572106e-03 -5.23847435e-03 -5.35304286e-03 -2.94412207e-03 -4.57473472e-03 -7.75116310e-03 -7.78532960e-03 -7.38009810e-03 -7.46276695e-03 -7.02323299e-03 -5.85825648e-03 -4.52497415e-03 -4.94325627e-03 -4.67676017e-03 -5.24610374e-03 -6.53161947e-03 -8.09043739e-03 -9.47261509e-03 -9.30712186e-03 -8.09425674e-03 -8.67100060e-03 -9.38558765e-03 -9.13894549e-03 -8.65430571e-03 -9.78850946e-03 -1.16723739e-02 -1.16306189e-02 -8.54684412e-03 -6.66517206e-03 -8.41712765e-03 -9.44847800e-03 -1.09895952e-02 -1.16459951e-02 -1.11879576e-02 -1.06799770e-02 -9.54047963e-03 -1.18208639e-02 -1.30096022e-02 -1.21096037e-02 -1.19786523e-02 -1.17490627e-02 -1.04294270e-02 -9.99280252e-03 -1.30258519e-02 -1.62559934e-02 -1.55230444e-02 -1.26863681e-02 -1.21662933e-02 -1.18401833e-02 -1.25884097e-02 -1.35904141e-02 -1.19366944e-02 -1.11055076e-02 -9.09963436e-03 -1.04042031e-02 -1.43656228e-02 -1.30958501e-02 -1.21664237e-02 -1.16749480e-02 -8.62831436e-03 -5.37296571e-03 -7.56898895e-03 -1.09935720e-02 -1.14910509e-02 -1.15879271e-02 -9.12623852e-03 -5.87752275e-03 -5.03448956e-03 -5.86934295e-03 -7.80122075e-03 -6.77402876e-03 -3.88580933e-03 -2.11560912e-03 -4.85578226e-03
-1.35834897e-02 -4.47016209e-03 -6.06559403e-03 -1.62044913e-02 -1.38665466e-02 -8.39469209e-03 -6.73913024e-03 -1.16667114e-02 -1.40140504e-02 -1.09776165e-02 -1.23447943e-02 -1.44114252e-02 -1.62832215e-02 -1.47358868e-02 -1.12590827e-02 -9.43255983e-03 -1.04356464e-02 -1.49434544e-02 -1.55445598e-02 -1.47503447e-02 -1.39521845e-02 -1.24324467e-02 -1.27989762e-02 -1.26902964e-02 -9.52999853e-03 -1.10470578e-02 -1.07794050e-02 -7.84982182e-03 -1.01418588e-02 -1.52452439e-02 -1.60177667e-02 -1.35593172e-02 -1.10216737e-02 -7.99709186e-03 -7.91096315e-03 -7.89767317e-03 -9.22303647e-03 -1.45929437e-02 -1.62353590e-02 -1.43707022e-02 -1.33364592e-02 -1.29392669e-02 -1.04937758e-02 -9.70199890e-03 -1.02649499e-02 -1.09318886e-02 -1.03039630e-02 -1.10593177e-02 -1.10083520e-02 -9.19452682e-03 -7.96167552e-03 -8.58815014e-03 -9.61650163e-03 -9.28558782e-03 -6.54691085e-03 -4.00193408e-03 -9.20456089e-03 -1.30371628e-02 -1.28068728e-02 -1.37563962e-02 -1.21945804e-02 -7.73450546e-03 -5.66982664e-03 -9.41795669e-03 -1.10705774e-02 -9.57450643e-03 -1.00026093e-02 -1.04818828e-02 -1.16890389e-02 -1.12045053e-02 -7.44837336e-03 -5.19133173e-03 -1.24242315e-02 -1.34334154e-02 -1.07676499e-02 -9.05001350e-03 -8.31397437e-03 -7.58921169e-03 -8.23687576e-03 -9.39227268e-03 -8.73953290e-03 -7.49696232e-03 -8.61610565e-03 -7.99976476e-03 -6.21339865e-03 -6.13048300e-03 -7.06891157e-03 -7.10313767e-03 -5.86596876e-03 -6.43680803e-03 -7.01684970e-03 -6.51720166e-03 -8.18865467e-03 -9.50884167e-03 -8.28200765e-03 -7.58930296e-03 -9.60408431e-03 -1.00526744e-02 -6.36301562e-03 -4.48789820e-03 -4.82370704e-03 -3.41261365e-03 -5.84171154e-03 -8.59074295e-03 -6.78862631e-03 -2.69998237e-03 -1.43816695e-04 -3.90419364e-03 -7.06415065e-03 -1.12717571e-02 -1.24239046e-02 -1.09264050e-02 -1.26826745e-02 -1.34806708e-02 -9.81178507e-03 -3.88961844e-03 -1.22051314e-03 -3.28869931e-03 -6.29535690e-03 -5.90630341e-03 -5.37031610e-03 -4.16221004e-03 -3.98099795e-03 -6.19242899e-03 -1.04562268e-02 -1.09776650e-02 -8.50218721e-03 -7.37337489e-03 -6.56867214e-03 -4.13974654e-03 -5.29560260e-03 -7.51538202e-03 -7.87109137e-03 -8.19031894e-03 -7.91161601e-03 -7.88602140e-03 -7.58256763e-03 -5.26600331e-03 -5.11267036e-03 -5.58891799e-03 -5.21456078e-03 -5.96350059e-03 -8.21233541e-03 -1.05147809e-02 -1.06951818e-02 -8.91806558e-03 -9.31877457e-03 -9.10904258e-03 -8.74461234e-03 -9.18316841e-03 -1.18657704e-02 -1.38988290e-02 -1.10015329e-02 -8.10827315e-03 -8.33535008e-03 -9.02227685e-03 -9.28864256e-03 -8.41483474e-03 -9.92384367e-03 -1.14094503e-02 -9.43739899e-03 -8.07334483e-03 -1.11064184e-02 -1.25527363e-02 -1.16305780e-02 -1.15227196e-02 -1.21230278e-02 -1.22013614e-02 -1.05479043e-02 -1.19575188e-02 -1.62333269e-02 -1.59608200e-02 -1.37193147e-02 -1.40893292e-02 -1.44709852e-02 -1.25956293e-02 -1.13113839e-02 -1.11842062e-02 -1.17229912e-02 -8.13767314e-03 -7.14958645e-03 -1.13915633e-02 -1.36038382e-02 -1.46077834e-02 -1.33444946e-02 -8.48431140e-03 -5.10057621e-03 -9.38124023e-03 -1.51966466e-02 -1.44673837e-02 -1.00089349e-02 -6.91227615e-03 -5.97315654e-03 -4.52610478e-03 -5.82478661e-03 -7.10396841e-03 -7.42987916e-03 -4.31006588e-03 -4.60187905e-04 -3.63525748e-03
-1.45946806e-02 -5.39219752e-03 -3.10837664e-03 -1.20278429e-02 -1.33018717e-02 -9.29667614e-03 -7.89302029e-03 -1.00611839e-02 -1.05437394e-02 -9.29405726e-03 -1.28053483e-02 -1.46871805e-02 -1.57027561e-02 -1.38299242e-02 -1.14786439e-02 -9.67717916e-03 -9.33334045e-03 -1.21973325e-02 -1.39844641e-02 -1.48698706e-02 -1.45241898e-02 -1.26932077e-02 -1.22445561e-02 -1.35938115e-02 -1.02701057e-02 -1.03173833e-02 -1.04190093e-02 -9.59736854e-03 -1.19081717e-02 -1.41401235e-02 -1.29082706e-02 -1.21807456e-02 -1.18680652e-02 -1.11620147e-02 -1.14872791e-02 -1.00703351e-02 -8.82665068e-03 -1.39151607e-02 -1.70303565e-02 -1.74665097e-02 -1.63105521e-02 -1.45022366e-02 -1.24346577e-02 -9.26793180e-03 -8.54595937e-03 -9.84303467e-03 -1.21003538e-02 -1.23482104e-02 -1.15514304e-02 -9.53386538e-03 -8.56635347e-03 -9.43870097e-03 -1.00167915e-02 -9.83809307e-03 -7.91869499e-03 -4.72540036e-03 -6.97606243e-03 -1.17836967e-02 -1.39622753e-02 -1.32422717e-02 -1.09112170e-02 -8.14584270e-03 -7.23077357e-03 -9.99646820e-03 -1.22739729e-02 -1.15744621e-02 -1.03632230e-02 -9.65844467e-03 -1.08778048e-02 -1.18654035e-02 -8.28273222e-03 -5.91901690e-03 -1.17209386e-02 -1.32742999e-02 -1.01991724e-02 -7.60198943e-03 -1.01911481e-02 -9.62778926e-03 -9.69531201e-03 -1.02075487e-02 -8.81571509e-03 -8.10867362e-03 -8.93027987e-03 -8.50892626e-03 -6.88903406e-03 -5.96975535e-03 -6.28312491e-03 -6.91926666e-03 -5.40671684e-03 -5.07427566e-03 -5.36261220e-03 -5.58636710e-03 -9.17873066e-03 -1.15911895e-02 -1.27360793e-02 -1.10483496e-02 -8.97806324e-03 -8.84107035e-03 -6.31769188e-03 -4.02898155e-03 -4.07763012e-03 -3.36030871e-03 -5.21267205e-03 -7.04072975e-03 -8.89252312e-03 -7.37176277e-03 -5.08474559e-03 -6.89223036e-03 -6.92225061e-03 -1.06525784e-02 -1.34813869e-02 -1.19404029e-02 -1.34467389e-02 -1.33166090e-02 -8.55059549e-03 -4.09511663e-03 -1.03756320e-03 -2.33307388e-03 -4.67611663e-03 -4.84186970e-03 -5.66206593e-03 -4.47269436e-03 -4.92492691e-03 -7.72936642e-03 -1.13363434e-02 -1.12173017e-02 -9.95845906e-03 -9.07369982e-03 -7.65344407e-03 -5.01387008e-03 -5.01715951e-03 -7.48951174e-03 -8.60192254e-03 -8.69978033e-03 -7.34333321e-03 -7.13418331e-03 -7.43581075e-03 -5.59906103e-03 -5.57291321e-03 -7.15333130e-03 -7.41821807e-03 -7.12304190e-03 -7.72582740e-03 -9.04423930e-03 -1.04782097e-02 -1.04276706e-02 -9.80937108e-03 -9.06403922e-03 -8.76549445e-03 -9.30851325e-03 -1.20293908e-02 -1.38678011e-02 -1.13702547e-02 -7.42010213e-03 -8.23838450e-03 -9.66468826e-03 -9.29681957e-03 -9.83999297e-03 -1.02984235e-02 -1.04693267e-02 -7.73980841e-03 -6.96212612e-03 -1.27280634e-02 -1.47737935e-02 -1.32082831e-02 -1.18940715e-02 -1.30457412e-02 -1.34523232e-02 -1.13259349e-02 -1.06066596e-02 -1.41056553e-02 -1.38748959e-02 -1.34917926e-02 -1.52402092e-02 -1.54635366e-02 -1.30425170e-02 -1.13745816e-02 -1.11473668e-02 -1.14518702e-02 -1.09029915e-02 -1.02323834e-02 -1.23570729e-02 -1.40530430e-02 -1.53347440e-02 -1.33578666e-02 -9.49402340e-03 -7.81304762e-03 -9.55029391e-03 -1.22831129e-02 -1.33717470e-02 -8.10157880e-03 -4.61185724e-03 -5.57932258e-03 -3.29781882e-03 -4.84557264e-03 -7.40155764e-03 -7.73947872e-03 -5.18888328e-03 -7.12929294e-04 -3.97870271e-03
-1.76732056e-02 -8.53836350e-03 -2.57272460e-03 -6.71538524e-03 -8.88241921e-03 -8.69458634e-03 -7.66546931e-03 -9.91679356e-03 -1.11271646e-02 -1.04801152e-02 -1.28134899e-02 -1.21426657e-02 -1.20373033e-02 -1.17619932e-02 -1.39865521e-02 -1.33699849e-02 -1.12248827e-02 -1.36193801e-02 -1.36215761e-02 -1.50398687e-02 -1.57306567e-02 -1.18428878e-02 -9.96760093e-03 -1.36001818e-02 -1.27258413e-02 -1.03557911e-02 -9.40435380e-03 -1.09297298e-02 -1.45046841e-02 -1.40574165e-02 -1.16776191e-02 -1.22497026e-02 -1.31760333e-02 -1.32511742e-02 -1.38636548e-02 -1.17983036e-02 -9.60372947e-03 -1.12179443e-02 -1.32713635e-02 -1.67296100e-02 -1.83126163e-02 -1.63191538e-02 -1.29365940e-02 -8.61037150e-03 -8.91168602e-03 -1.18164141e-02 -1.19178519e-02 -1.15158632e-02 -1.12694912e-02 -1.00176148e-02 -9.87408683e-03 -1.10201668e-02 -1.03995055e-02 -1.02550685e-02 -1.01982690e-02 -7.80489109e-03 -8.86249170e-03 -1.07808094e-02 -1.25217848e-02 -1.18089002e-02 -1.01495888e-02 -7.36906752e-03 -6.19323365e-03 -9.05093178e-03 -9.99714434e-03 -1.17075797e-02 -1.11452220e-02 -8.93257558e-03 -9.02324915e-03 -1.00945588e-02 -9.86489095e-03 -7.57216848e-03 -1.04835182e-02 -1.15547795e-02 -8.01436231e-03 -5.03117964e-03 -1.17979068e-02 -1.35697043e-02 -1.26730753e-02 -9.90886986e-03 -8.70102644e-03 -9.41404887e-03 -9.26862285e-03 -8.82922485e-03 -8.07264447e-03 -5.26467524e-03 -4.72645834e-03 -7.39337131e-03 -6.01416454e-03 -4.55378741e-03 -5.48615213e-03 -6.76567201e-03 -1.04603944e-02 -1.28286323e-02 -1.27814664e-02 -1.14683630e-02 -9.45821963e-03 -9.31593683e-03 -7.96921924e-03 -5.20337373e-03 -3.04105505e-03 -1.95113383e-03 -4.48185205e-03 -6.88110478e-03 -7.95752183e-03 -8.60935077e-03 -6.47780672e-03 -6.93552382e-03 -6.24756888e-03 -8.98669288e-03 -1.35870175e-02 -1.28516350e-02 -1.05217416e-02 -8.96515138e-03 -7.76205026e-03 -5.71620837e-03 -4.60497197e-03 -4.53753443e-03 -4.24346235e-03 -4.71199490e-03 -6.83527905e-03 -5.18206786e-03 -4.97177057e-03 -8.76158290e-03 -1.37426369e-02 -1.24927722e-02 -1.01137776e-02 -9.73101705e-03 -6.77726790e-03 -4.42020223e-03 -6.02542423e-03 -8.97056609e-03 -8.77872482e-03 -9.48919356e-03 -8.81600752e-03 -7.93612655e-03 -7.01100193e-03 -5.94533607e-03 -7.34177604e-03 -9.27469786e-03 -8.80674645e-03 -8.02347995e-03 -8.19696672e-03 -1.00773927e-02 -1.07104015e-02 -1.12605188e-02 -1.06232762e-02 -9.93973017e-03 -9.28407535e-03 -8.31575319e-03 -9.29575786e-03 -1.18873306e-02 -1.04642082e-02 -8.76128860e-03 -8.82316194e-03 -1.07197333e-02 -1.12392828e-02 -1.05747171e-02 -1.07797030e-02 -8.38932395e-03 -5.42546250e-03 -8.20507109e-03 -1.51803829e-02 -1.72337424e-02 -1.54627915e-02 -1.31633244e-02 -1.28999576e-02 -1.34626310e-02 -1.22505650e-02 -1.10419486e-02 -1.30245090e-02 -1.27068795e-02 -1.33705139e-02 -1.63196251e-02 -1.64255518e-02 -1.49861611e-02 -1.34086385e-02 -1.10724494e-02 -1.01327095e-02 -9.53080691e-03 -9.76903550e-03 -1.27410647e-02 -1.25578698e-02 -1.49090160e-02 -1.33574959e-02 -1.03423707e-02 -7.91317411e-03 -8.43210146e-03 -9.79771465e-03 -1.19336210e-02 -9.11436602e-03 -6.49893656e-03 -6.43639453e-03 -2.14661099e-03 -3.22072208e-03 -6.83639850e-03 -7.84484390e-03 -5.11259120e-03 -1.45729352e-03 -3.54756322e-03
-1.71055440e-02 -8.96275789e-03 -7.44540617e-03 -5.58556430e-03 -6.59421086e-03 -8.38163216e-03 -7.30649196e-03 -9.59755853e-03 -1.11745894e-02 -1.07051954e-02 -1.32999271e-02 -1.30094383e-02 -1.14021022e-02 -1.07277911e-02 -1.23897903e-02 -1.44891161e-02 -1.51927061e-02 -1.77352354e-02 -1.92292314e-02 -1.65520627e-02 -1.46104489e-02 -1.25157759e-02 -1.13840103e-02 -1.35212112e-02 -1.24428682e-02 -1.07201673e-02 -1.01306252e-02 -1.20974090e-02 -1.61205325e-02 -1.49180070e-02 -1.36730969e-02 -1.41103398e-02 -1.44756269e-02 -1.44615546e-02 -1.55739561e-02 -1.43575538e-02 -1.31055433e-02 -1.45984162e-02 -1.42168012e-02 -1.45180263e-02 -1.85336638e-02 -1.61865260e-02 -1.32441651e-02 -1.03194416e-02 -9.73358750e-03 -1.19417682e-02 -1.08962636e-02 -9.82432067e-03 -1.16543844e-02 -1.11030545e-02 -1.13580003e-02 -1.25552956e-02 -1.13015138e-02 -1.02112219e-02 -9.72629897e-03 -8.07741657e-03 -9.74366069e-03 -1.06881056e-02 -1.30916256e-02 -1.37733454e-02 -9.82630625e-03 -5.88655472e-03 -5.60940802e-03 -9.09924321e-03 -9.31802951e-03 -1.18748676e-02 -1.26234349e-02 -1.00185564e-02 -9.02532786e-03 -1.01743881e-02 -9.34029743e-03 -7.58138113e-03 -9.72056575e-03 -1.15448609e-02 -1.18037220e-02 -8.63159448e-03 -1.20902862e-02 -1.27904378e-02 -1.19159650e-02 -1.03883334e-02 -9.87335294e-03 -1.00321043e-02 -8.61218944e-03 -8.03874433e-03 -7.84942321e-03 -2.82136165e-03 -1.67510100e-03 -6.83872774e-03 -6.43678568e-03 -4.30419110e-03 -5.60778752e-03 -8.18443205e-03 -1.13788685e-02 -1.32994745e-02 -1.32288551e-02 -1.14795472e-02 -1.07280109e-02 -1.01896347e-02 -8.92418716e-03 -6.53940067e-03 -5.85019588e-03 -3.36984172e-03 -4.18438017e-03 -5.96938096e-03 -8.62862542e-03 -8.12887214e-03 -6.69893250e-03 -7.01640733e-03 -6.24187477e-03 -8.88970401e-03 -1.40960673e-02 -1.27970632e-02 -9.09856148e-03 -6.80890866e-03 -8.68299231e-03 -8.46713409e-03 -5.83191961e-03 -4.31118812e-03 -2.07079574e-03 -3.72703094e-03 -6.80081919e-03 -7.30994809e-03 -8.12694617e-03 -1.01505462e-02 -1.22658759e-02 -9.91184078e-03 -8.38809460e-03 -7.79627636e-03 -7.52239116e-03 -7.80748203e-03 -7.54756294e-03 -7.91713595e-03 -8.22979026e-03 -9.88865085e-03 -1.04311006e-02 -8.52041133e-03 -7.74742104e-03 -6.63217530e-03 -8.06921534e-03 -1.10737914e-02 -1.06277391e-02 -8.53370316e-03 -7.95995072e-03 -1.08655393e-02 -1.17913783e-02 -1.16170142e-02 -1.13555025e-02 -1.15296748e-02 -1.11052152e-02 -8.41067731e-03 -8.23119469e-03 -1.15040373e-02 -1.12561509e-02 -9.11216438e-03 -8.77018459e-03 -1.04525723e-02 -1.30175855e-02 -1.23822708e-02 -1.18921064e-02 -9.50702094e-03 -6.43910468e-03 -9.23768803e-03 -1.55127682e-02 -1.77733563e-02 -1.59299709e-02 -1.28708556e-02 -1.27139855e-02 -1.38400476e-02 -1.40132774e-02 -1.30931437e-02 -1.29620694e-02 -1.26490928e-02 -1.40015557e-02 -1.73969306e-02 -1.66899841e-02 -1.63416993e-02 -1.48194376e-02 -1.14755910e-02 -8.03139061e-03 -7.45265558e-03 -1.01678763e-02 -1.34201683e-02 -1.24287494e-02 -1.29566286e-02 -1.28352158e-02 -1.01180244e-02 -7.86124170e-03 -6.93081133e-03 -8.67871940e-03 -1.24638230e-02 -1.18111046e-02 -8.36713612e-03 -7.01348111e-03 -3.40304151e-03 -2.99450941e-03 -6.50432240e-03 -6.94211107e-03 -4.48784931e-03 -2.35542562e-03 -3.81073682e-03
-1.63485091e-02 -7.51555711e-03 -9.02841613e-03 -5.82053699e-03 -5.87962382e-03 -7.25033507e-03 -5.92317432e-03 -8.13814811e-03 -9.31626000e-03 -1.07672755e-02 -1.69681516e-02 -1.76672861e-02 -1.55861881e-02 -1.26426648e-02 -1.22049656e-02 -1.18439905e-02 -1.46898907e-02 -1.80163234e-02 -1.73433814e-02 -1.46598499e-02 -1.21447481e-02 -1.38296075e-02 -1.33250579e-02 -1.10779740e-02 -1.14866700e-02 -1.14406236e-02 -1.18422080e-02 -1.40370037e-02 -1.70347840e-02 -1.73970219e-02 -1.55816674e-02 -1.48045216e-02 -1.46478210e-02 -1.47966687e-02 -1.52038168e-02 -1.47486925e-02 -1.35696996e-02 -1.46853235e-02 -1.38125997e-02 -1.25640538e-02 -1.74789745e-02 -1.56914331e-02 -1.24204159e-02 -9.19087045e-03 -9.84413922e-03 -1.29130855e-02 -1.18907131e-02 -1.14259571e-02 -1.21311788e-02 -1.12906266e-02 -1.17409546e-02 -1.39860976e-02 -1.33456048e-02 -1.18614007e-02 -1.08759981e-02 -9.52599756e-03 -1.16513800e-02 -1.28831286e-02 -1.33958552e-02 -1.42605696e-02 -1.21609066e-02 -9.76037607e-03 -9.48280841e-03 -8.87140818e-03 -6.03470206e-03 -1.00110043e-02 -1.18143382e-02 -1.09696677e-02 -1.02128545e-02 -9.58374329e-03 -7.11325556e-03 -5.81382215e-03 -1.02480147e-02 -1.34738628e-02 -1.35549400e-02 -8.39062966e-03 -7.79387541e-03 -8.72028619e-03 -1.05588119e-02 -9.90076363e-03 -9.25808400e-03 -1.06132571e-02 -8.47871229e-03 -5.83050027e-03 -6.12556003e-03 -5.88387437e-03 -4.88920696e-03 -7.81042874e-03 -6.99024834e-03 -5.69269434e-03 -8.42788909e-03 -1.04420269e-02 -1.12068458e-02 -1.23364935e-02 -1.24756237e-02 -1.03532150e-02 -1.06390510e-02 -1.10283205e-02 -9.62523557e-03 -7.52220489e-03 -6.39547221e-03 -5.62284701e-03 -4.89423051e-03 -5.32586128e-03 -7.71080330e-03 -7.61841238e-03 -5.97513467e-03 -6.30743057e-03 -6.33628294e-03 -1.03122443e-02 -1.39888907e-02 -1.17739467e-02 -6.53748214e-03 -2.65970267e-03 -8.25365633e-03 -9.83131304e-03 -6.42003026e-03 -4.50544246e-03 -3.27700470e-03 -5.36828488e-03 -8.80040321e-03 -9.40797385e-03 -7.45209306e-03 -6.05334714e-03 -7.91514479e-03 -6.68877922e-03 -5.77757508e-03 -7.10570626e-03 -9.35715996e-03 -1.23018660e-02 -1.01750772e-02 -6.39788248e-03 -6.49250112e-03 -9.39458795e-03 -8.96224752e-03 -7.36464933e-03 -7.35560246e-03 -7.83871301e-03 -9.91494022e-03 -1.34357968e-02 -1.30283283e-02 -9.80346091e-03 -9.07902047e-03 -1.25910882e-02 -1.31151788e-02 -1.19639151e-02 -1.02809779e-02 -1.14746559e-02 -1.32736508e-02 -1.21815428e-02 -1.02950353e-02 -1.14776473e-02 -1.20142531e-02 -1.06058903e-02 -9.14039277e-03 -1.06937476e-02 -1.38645452e-02 -1.37662459e-02 -1.36419870e-02 -1.30874999e-02 -1.01922359e-02 -1.21106934e-02 -1.51790790e-02 -1.50064211e-02 -1.34138335e-02 -1.21513940e-02 -1.39443893e-02 -1.68471020e-02 -1.35029908e-02 -1.14919487e-02 -1.30924247e-02 -1.35395974e-02 -1.35386027e-02 -1.80185437e-02 -1.56848151e-02 -1.54730640e-02 -1.50780808e-02 -1.11875124e-02 -8.19083489e-03 -7.95839354e-03 -1.10622700e-02 -1.35518610e-02 -1.21463127e-02 -1.35179646e-02 -1.38070174e-02 -1.08101610e-02 -8.86425376e-03 -7.33485259e-03 -9.40209068e-03 -1.40044354e-02 -1.27359005e-02 -8.45260173e-03 -6.31567277e-03 -3.62937525e-03 -3.87520157e-03 -5.89281414e-03 -5.39261661e-03 -3.25179938e-03 -2.55554169e-03 -4.27161576e-03
-1.50810340e-02 -6.93258271e-03 -9.92639363e-03 -6.88656420e-03 -5.73324692e-03 -6.45871647e-03 -4.34478372e-03 -7.64000975e-03 -9.42164473e-03 -1.14622489e-02 -1.68521386e-02 -1.71360057e-02 -1.55657269e-02 -1.52787417e-02 -1.22651458e-02 -8.29711743e-03 -1.03215612e-02 -1.49294473e-02 -1.31071620e-02 -1.12724360e-02 -1.03523172e-02 -1.32456645e-02 -1.42374076e-02 -1.32414903e-02 -1.41121279e-02 -1.34287253e-02 -1.25804953e-02 -1.39150657e-02 -1.73602011e-02 -1.71359405e-02 -1.43348221e-02 -1.43612232e-02 -1.40447672e-02 -1.35767907e-02 -1.64118186e-02 -1.65186897e-02 -1.38990022e-02 -1.30672771e-02 -1.34318992e-02 -1.36144441e-02 -1.69531070e-02 -1.48958266e-02 -1.36950593e-02 -1.17019918e-02 -9.74042900e-03 -9.99079086e-03 -9.91003215e-03 -1.11440942e-02 -1.21035501e-02 -1.30954944e-02 -1.56645216e-02 -1.75196901e-02 -1.43784229e-02 -1.17072258e-02 -1.18737910e-02 -1.19489040e-02 -1.32632330e-02 -1.43014137e-02 -1.41717251e-02 -1.34911891e-02 -1.19992495e-02 -1.11610908e-02 -1.09753571e-02 -9.96402837e-03 -6.09739684e-03 -7.55406916e-03 -9.01357830e-03 -9.41396225e-03 -9.32699069e-03 -8.47525895e-03 -6.24828599e-03 -5.97916357e-03 -1.12624746e-02 -1.41313253e-02 -1.36905424e-02 -1.02610942e-02 -6.71172701e-03 -7.17083924e-03 -9.64973867e-03 -8.87246989e-03 -9.09862481e-03 -1.21391695e-02 -1.03339422e-02 -5.50561585e-03 -4.22463380e-03 -5.60180284e-03 -5.84371947e-03 -5.92839345e-03 -6.32975064e-03 -7.40738399e-03 -1.04294689e-02 -1.22859553e-02 -1.06983213e-02 -1.00079700e-02 -1.08238440e-02 -9.78165865e-03 -1.08062867e-02 -1.14098219e-02 -9.70941968e-03 -8.48012790e-03 -7.97923841e-03 -6.71429187e-03 -7.06394203e-03 -6.79248199e-03 -7.58798234e-03 -6.11313246e-03 -5.07311337e-03 -5.39505854e-03 -7.05625303e-03 -1.02911871e-02 -1.23032853e-02 -9.15049668e-03 -5.36822341e-03 -3.88824195e-03 -8.52184556e-03 -9.65488330e-03 -5.75797446e-03 -4.44683619e-03 -5.68189193e-03 -7.17910193e-03 -9.19027347e-03 -9.90385935e-03 -8.31225328e-03 -4.90736961e-03 -7.01186620e-03 -7.11366907e-03 -6.06686808e-03 -8.76678713e-03 -1.11506768e-02 -1.27106588e-02 -1.28571838e-02 -9.58406366e-03 -7.58604705e-03 -8.31017271e-03 -6.44715503e-03 -5.99198975e-03 -9.12341289e-03 -1.16502056e-02 -1.43319108e-02 -1.52184637e-02 -1.36289950e-02 -1.13120414e-02 -1.07933190e-02 -1.24798529e-02 -1.20814517e-02 -1.14941522e-02 -9.06399637e-03 -1.19966213e-02 -1.46592949e-02 -1.12833045e-02 -9.37695801e-03 -1.14177112e-02 -1.37288943e-02 -1.30791143e-02 -1.05403867e-02 -1.10806488e-02 -1.36796739e-02 -1.42065436e-02 -1.51190478e-02 -1.38720702e-02 -1.19142421e-02 -1.48384552e-02 -1.55117027e-02 -1.35992002e-02 -1.21992473e-02 -1.06679946e-02 -1.16089471e-02 -1.32105276e-02 -1.24837216e-02 -1.20946188e-02 -1.67146437e-02 -1.61992814e-02 -1.25966594e-02 -1.54091269e-02 -1.45020876e-02 -1.42295696e-02 -1.46327782e-02 -1.27756502e-02 -9.71013680e-03 -9.40518826e-03 -1.07147228e-02 -1.12201385e-02 -1.12596899e-02 -1.40230786e-02 -1.55996233e-02 -1.32699106e-02 -1.03884544e-02 -9.79167409e-03 -1.19744334e-02 -1.45411715e-02 -1.25006139e-02 -7.26995803e-03 -5.80680929e-03 -6.96810894e-03 -5.60146570e-03 -6.03928324e-03 -4.70611546e-03 -2.14837957e-03 -2.08567921e-03 -5.65191219e-03
-1.39843551e-02 -7.25919195e-03 -1.14223482e-02 -8.02773796e-03 -6.43269066e-03 -6.48910925e-03 -4.73370031e-03 -1.10158715e-02 -1.64254624e-02 -1.51913334e-02 -1.61086153e-02 -1.65611021e-02 -1.59135815e-02 -1.66182239e-02 -1.58862285e-02 -1.04545727e-02 -9.43909399e-03 -1.31721646e-02 -1.23674963e-02 -1.07037015e-02 -1.05402153e-02 -1.35679841e-02 -1.31581575e-02 -1.35862082e-02 -1.44063346e-02 -1.46454964e-02 -1.28653031e-02 -1.20818168e-02 -1.50648113e-02 -1.72540154e-02 -1.57632232e-02 -1.64222028e-02 -1.68416500e-02 -1.51978657e-02 -1.58397835e-02 -1.42116975e-02 -1.09718312e-02 -1.30285900e-02 -1.50163267e-02 -1.34702045e-02 -1.57685690e-02 -1.35477744e-02 -1.48551632e-02 -1.43712126e-02 -1.17092188e-02 -8.16538930e-03 -6.74232654e-03 -1.17724445e-02 -1.29562486e-02 -1.31801330e-02 -1.60108283e-02 -1.56625733e-02 -1.11736227e-02 -9.02995653e-03 -1.20964367e-02 -1.48767885e-02 -1.44881364e-02 -1.38844326e-02 -1.30365174e-02 -1.16976202e-02 -1.06295347e-02 -9.67564061e-03 -1.20197404e-02 -1.33587122e-02 -9.98499617e-03 -8.08476843e-03 -6.86863624e-03 -7.90477358e-03 -8.86261836e-03 -7.74612650e-03 -6.99595176e-03 -7.85326213e-03 -1.34233106e-02 -1.67571753e-02 -1.40843689e-02 -7.84972124e-03 -5.97023033e-03 -8.44766572e-03 -9.25543532e-03 -6.99678250e-03 -7.37274624e-03 -1.11132171e-02 -1.30626392e-02 -9.70124453e-03 -9.40895453e-03 -1.19703412e-02 -9.65826772e-03 -6.78483397e-03 -7.79385678e-03 -1.03687029e-02 -1.23045100e-02 -1.18804900e-02 -9.73917916e-03 -8.66347924e-03 -9.35360789e-03 -9.91874747e-03 -1.06471013e-02 -1.07548442e-02 -1.03864018e-02 -1.05712321e-02 -8.92772153e-03 -6.61675073e-03 -7.81483948e-03 -8.57402384e-03 -1.00059658e-02 -8.74176994e-03 -7.82944076e-03 -7.43077323e-03 -6.53308257e-03 -8.25029798e-03 -9.72828735e-03 -9.75929108e-03 -8.67129862e-03 -8.29316489e-03 -1.07242614e-02 -9.53672826e-03 -6.38293475e-03 -4.70703281e-03 -6.26410544e-03 -8.84771626e-03 -9.52583551e-03 -1.06737204e-02 -9.16138291e-03 -6.42857328e-03 -7.97148235e-03 -8.86881910e-03 -8.73464905e-03 -1.07718837e-02 -1.19376983e-02 -1.28587428e-02 -1.39229279e-02 -1.23818275e-02 -1.00811888e-02 -8.43036175e-03 -5.24059869e-03 -6.15062378e-03 -1.18448539e-02 -1.56559907e-02 -1.54176215e-02 -1.15117710e-02 -9.25785303e-03 -1.18988995e-02 -1.29333641e-02 -1.22400485e-02 -1.21636800e-02 -1.27667394e-02 -1.04924683e-02 -1.16845593e-02 -1.34103671e-02 -1.07154213e-02 -1.00373216e-02 -1.25055443e-02 -1.58289969e-02 -1.65874176e-02 -1.37833487e-02 -1.18746143e-02 -1.22822560e-02 -1.42950173e-02 -1.49585009e-02 -1.35035384e-02 -1.38529092e-02 -1.66826956e-02 -1.66606624e-02 -1.42369494e-02 -1.23362169e-02 -1.11758783e-02 -1.28020700e-02 -1.43838320e-02 -1.22816171e-02 -1.22814272e-02 -1.68853309e-02 -1.75304320e-02 -1.22974068e-02 -1.36243217e-02 -1.40433982e-02 -1.38483644e-02 -1.50640421e-02 -1.50715336e-02 -1.25562623e-02 -9.76834632e-03 -7.83416629e-03 -7.65556097e-03 -1.01755876e-02 -1.61171537e-02 -1.97887197e-02 -1.70938894e-02 -1.27070900e-02 -1.21642724e-02 -1.38715021e-02 -1.35536883e-02 -9.68721695e-03 -7.19363615e-03 -7.65802525e-03 -9.98019055e-03 -8.18673521e-03 -7.03002606e-03 -5.44068217e-03 -2.97134090e-03 -2.70117540e-03 -7.19361426e-03
-1.46645363e-02 -7.75062572e-03 -1.03521654e-02 -7.58643076e-03 -5.99190593e-03 -9.82147455e-03 -1.23640075e-02 -1.55291669e-02 -1.67391486e-02 -1.38110183e-02 -1.51668116e-02 -1.69513337e-02 -1.65754110e-02 -1.60100032e-02 -1.41078122e-02 -1.15251187e-02 -1.01344008e-02 -1.23565756e-02 -1.51588619e-02 -1.41077470e-02 -1.25222113e-02 -1.11540128e-02 -1.25481728e-02 -1.61523987e-02 -1.68454070e-02 -1.61230881e-02 -1.66641343e-02 -1.48850400e-02 -1.21662933e-02 -1.50717944e-02 -1.74507480e-02 -1.72587950e-02 -1.75036583e-02 -1.73860136e-02 -1.90520473e-02 -1.58610065e-02 -1.22935399e-02 -1.06558725e-02 -1.40583366e-02 -1.55867022e-02 -1.58968810e-02 -1.48950797e-02 -1.53762754e-02 -1.56818256e-02 -1.34559143e-02 -8.92586447e-03 -6.43292256e-03 -1.06820781e-02 -9.42567922e-03 -9.08659026e-03 -1.41634122e-02 -1.61065236e-02 -1.42998844e-02 -9.94038209e-03 -9.20425542e-03 -1.41501464e-02 -1.47752017e-02 -1.37012638e-02 -1.37272011e-02 -1.26765296e-02 -1.17806736e-02 -9.41920280e-03 -1.18944440e-02 -1.42964441e-02 -1.20757222e-02 -7.72988237e-03 -6.24920242e-03 -8.57481547e-03 -9.57241282e-03 -7.49294460e-03 -7.90651888e-03 -1.05810892e-02 -1.40066203e-02 -1.56044215e-02 -1.30899586e-02 -7.53177516e-03 -6.94518350e-03 -8.14319588e-03 -1.08866114e-02 -1.22227892e-02 -1.14907101e-02 -1.01033412e-02 -1.08583700e-02 -9.74563137e-03 -1.01686567e-02 -1.25409942e-02 -1.03064664e-02 -6.74728118e-03 -8.34274665e-03 -1.16000138e-02 -1.24647692e-02 -1.09013077e-02 -8.72486271e-03 -7.93631189e-03 -8.36450793e-03 -9.28603299e-03 -1.11152921e-02 -1.16907675e-02 -1.16666853e-02 -1.06334258e-02 -8.37102532e-03 -7.79066794e-03 -7.83398375e-03 -6.31636009e-03 -9.49270837e-03 -1.11801084e-02 -9.17561911e-03 -7.19370879e-03 -6.34237938e-03 -8.62821192e-03 -1.06667094e-02 -1.09263528e-02 -1.05206054e-02 -1.05374493e-02 -1.14705842e-02 -1.07123591e-02 -8.97201151e-03 -7.40688480e-03 -8.40188563e-03 -9.91654769e-03 -8.95247050e-03 -9.34796222e-03 -9.86410864e-03 -9.73822176e-03 -9.35215503e-03 -9.98680294e-03 -1.04063600e-02 -1.01901125e-02 -1.17432978e-02 -1.26277860e-02 -1.33195650e-02 -1.26184616e-02 -1.09916851e-02 -8.29186849e-03 -4.56927903e-03 -6.66628964e-03 -1.32322283e-02 -1.66820176e-02 -1.54206762e-02 -1.05420090e-02 -6.49125315e-03 -1.03908163e-02 -1.45893842e-02 -1.39627922e-02 -1.21483281e-02 -1.06833372e-02 -1.02576744e-02 -1.20811630e-02 -1.29325446e-02 -1.28313303e-02 -1.33758131e-02 -1.47896856e-02 -1.75573733e-02 -1.69402957e-02 -1.35366619e-02 -1.20427683e-02 -1.20836049e-02 -1.22239236e-02 -1.15347113e-02 -1.17399469e-02 -1.39877610e-02 -1.76253598e-02 -1.87925454e-02 -1.78751163e-02 -1.75223444e-02 -1.37458444e-02 -1.31158810e-02 -1.26188137e-02 -1.12001691e-02 -1.15448795e-02 -1.46604422e-02 -1.27589088e-02 -1.12869013e-02 -1.27345100e-02 -1.36444457e-02 -1.30870640e-02 -1.42879225e-02 -1.50690190e-02 -1.17827412e-02 -9.50095989e-03 -8.13849270e-03 -7.19183870e-03 -9.94581170e-03 -1.44366752e-02 -1.76363420e-02 -1.79114249e-02 -1.45008080e-02 -1.30790677e-02 -1.32874362e-02 -1.30523052e-02 -9.68283601e-03 -8.10751878e-03 -8.11227039e-03 -1.12189110e-02 -9.74753872e-03 -7.80036580e-03 -6.04013819e-03 -3.78159340e-03 -4.08785511e-03 -7.87471421e-03
-1.46271866e-02 -7.94081483e-03 -9.23532899e-03 -7.91548751e-03 -7.30495341e-03 -1.22535508e-02 -1.41201615e-02 -1.30418409e-02 -1.38039421e-02 -1.22351069e-02 -1.53031182e-02 -1.83318555e-02 -1.59953702e-02 -1.28968079e-02 -1.12416353e-02 -1.14724096e-02 -1.40300710e-02 -1.63342133e-02 -1.78134497e-02 -1.59650948e-02 -1.27954762e-02 -1.16582252e-02 -1.63151938e-02 -1.90564580e-02 -1.70664024e-02 -1.46119650e-02 -1.46433078e-02 -1.30681507e-02 -9.73954238e-03 -1.38280578e-02 -1.75935924e-02 -1.73683316e-02 -1.71085950e-02 -1.86801124e-02 -1.94779653e-02 -1.64676979e-02 -1.24797337e-02 -8.88248719e-03 -9.57403518e-03 -1.65147521e-02 -1.90732554e-02 -1.71900447e-02 -1.48079637e-02 -1.32933278e-02 -1.37468372e-02 -1.23849437e-02 -1.11791026e-02 -1.23732351e-02 -9.17397998e-03 -9.71969962e-03 -1.48937888e-02 -1.57197360e-02 -1.48887727e-02 -1.22339483e-02 -9.38026421e-03 -1.09737609e-02 -1.32352915e-02 -1.34589672e-02 -1.43016689e-02 -1.39197074e-02 -1.26773622e-02 -1.08379517e-02 -1.32247265e-02 -1.36314947e-02 -1.12986490e-02 -8.69612955e-03 -7.30240904e-03 -1.04098637e-02 -1.16388258e-02 -8.29171203e-03 -9.67679359e-03 -1.44394375e-02 -1.49071943e-02 -1.46649200e-02 -1.35956351e-02 -9.74226557e-03 -8.82215984e-03 -1.00174136e-02 -1.10996198e-02 -1.45079531e-02 -1.50175262e-02 -1.04797427e-02 -9.73840803e-03 -9.48639773e-03 -1.10216755e-02 -1.17983110e-02 -9.41975415e-03 -6.42155297e-03 -7.23242946e-03 -9.79936495e-03 -1.20759904e-02 -1.12462491e-02 -1.01698935e-02 -9.39010456e-03 -8.63368809e-03 -9.45402309e-03 -1.06064025e-02 -1.19661093e-02 -1.20018180e-02 -1.08601954e-02 -8.99706408e-03 -8.92878883e-03 -9.99406725e-03 -4.97424044e-03 -7.55750574e-03 -1.26130972e-02 -1.02395359e-02 -7.20744766e-03 -7.73407891e-03 -1.01445727e-02 -1.23732723e-02 -1.28516871e-02 -1.15282219e-02 -1.11248083e-02 -1.27906092e-02 -1.21940356e-02 -1.07241459e-02 -1.00325029e-02 -1.00043640e-02 -1.03147402e-02 -9.61697660e-03 -1.05262026e-02 -1.29661299e-02 -1.37353837e-02 -1.08640660e-02 -9.67695378e-03 -9.32169519e-03 -8.92983377e-03 -1.16000734e-02 -1.24374442e-02 -1.02383699e-02 -8.82100873e-03 -1.15526393e-02 -1.24353524e-02 -7.87457079e-03 -1.01740770e-02 -1.68258846e-02 -1.79855116e-02 -1.58400256e-02 -1.00519247e-02 -7.11821392e-03 -9.87917557e-03 -1.29548833e-02 -1.27833765e-02 -1.14342421e-02 -1.09796189e-02 -1.18297879e-02 -1.37142073e-02 -1.41417291e-02 -1.50258709e-02 -1.47546697e-02 -1.42785944e-02 -1.55214518e-02 -1.35289878e-02 -1.08746346e-02 -1.37371477e-02 -1.38628650e-02 -1.02143288e-02 -7.62009621e-03 -8.74540582e-03 -1.16620734e-02 -1.63353719e-02 -2.19248552e-02 -2.19917819e-02 -1.96523592e-02 -1.43873487e-02 -1.15886014e-02 -1.26908086e-02 -1.10898372e-02 -1.12029519e-02 -1.42171029e-02 -1.05921254e-02 -1.04900021e-02 -1.38280932e-02 -1.61536578e-02 -1.48659833e-02 -1.52243525e-02 -1.49490070e-02 -1.32330507e-02 -1.15078315e-02 -9.42690670e-03 -7.60851242e-03 -1.03732608e-02 -1.36690959e-02 -1.64066684e-02 -1.85339283e-02 -1.53430048e-02 -1.24372374e-02 -1.35472603e-02 -1.54425241e-02 -1.20571256e-02 -1.03738010e-02 -9.34617221e-03 -1.22377835e-02 -1.20375976e-02 -9.30748973e-03 -6.79952279e-03 -4.96069901e-03 -5.87880798e-03 -9.51338932e-03
-1.44336931e-02 -7.73911178e-03 -8.56188592e-03 -9.47593618e-03 -9.74214356e-03 -1.17112603e-02 -1.17113646e-02 -1.20323766e-02 -1.29354149e-02 -9.70289111e-03 -1.76701788e-02 -1.93857029e-02 -1.39806997e-02 -1.11426730e-02 -1.14170592e-02 -1.57040376e-02 -1.58611033e-02 -1.49864182e-02 -1.79586001e-02 -1.83246583e-02 -1.52496975e-02 -1.30111612e-02 -1.70183908e-02 -1.74409617e-02 -1.37678124e-02 -1.13757960e-02 -1.26428455e-02 -1.36414729e-02 -1.28242485e-02 -1.48686022e-02 -1.41677931e-02 -1.19092911e-02 -1.53331868e-02 -2.14832332e-02 -2.21091881e-02 -1.64540261e-02 -1.54648554e-02 -1.31978150e-02 -9.38852131e-03 -1.39549579e-02 -1.84712093e-02 -1.74990576e-02 -1.33586060e-02 -1.16957370e-02 -1.37101337e-02 -1.25215687e-02 -1.28597040e-02 -1.45588610e-02 -1.29672326e-02 -1.25534777e-02 -1.49211008e-02 -1.54727213e-02 -1.66486278e-02 -1.56425536e-02 -1.17875710e-02 -1.16853919e-02 -1.33035220e-02 -1.38867311e-02 -1.62575766e-02 -1.51752904e-02 -1.34297181e-02 -1.25009194e-02 -1.44982394e-02 -1.39221624e-02 -1.18041560e-02 -8.34284350e-03 -7.64374435e-03 -1.20938700e-02 -1.34013686e-02 -1.00402012e-02 -1.03322230e-02 -1.40425880e-02 -1.36573408e-02 -1.36539526e-02 -1.44001096e-02 -1.45937242e-02 -1.51507445e-02 -1.34263262e-02 -1.16270110e-02 -1.39553957e-02 -1.51200891e-02 -1.20126326e-02 -1.12492796e-02 -1.06733479e-02 -9.75720957e-03 -9.57540236e-03 -8.25051032e-03 -7.45520741e-03 -6.42686523e-03 -6.62648119e-03 -1.07590705e-02 -1.36493519e-02 -1.35054924e-02 -1.15056708e-02 -9.63668153e-03 -9.68838111e-03 -1.03050098e-02 -1.28016248e-02 -1.43911019e-02 -1.32738296e-02 -1.17207058e-02 -1.04257558e-02 -1.08185355e-02 -9.92328115e-03 -1.09291915e-02 -1.39013659e-02 -1.17139164e-02 -8.08374397e-03 -8.89382325e-03 -1.14356279e-02 -1.33381598e-02 -1.40582025e-02 -1.29240397e-02 -1.16031319e-02 -1.05432980e-02 -9.72879492e-03 -1.06891263e-02 -1.17106084e-02 -1.27232186e-02 -1.24172550e-02 -1.26950908e-02 -1.43845920e-02 -1.48828365e-02 -1.66032277e-02 -1.18778571e-02 -8.36630352e-03 -9.86167043e-03 -1.09855197e-02 -1.31548028e-02 -1.32172890e-02 -1.12041328e-02 -1.01535283e-02 -1.37401577e-02 -1.32275261e-02 -8.20142031e-03 -8.29783082e-03 -1.50423348e-02 -1.71280336e-02 -1.57989245e-02 -1.29209235e-02 -1.05790924e-02 -1.19682141e-02 -1.23943072e-02 -1.23378485e-02 -1.35652442e-02 -1.11366138e-02 -1.09385829e-02 -1.47247314e-02 -1.41586661e-02 -1.43839400e-02 -1.44573525e-02 -1.43114850e-02 -1.59600992e-02 -1.44012980e-02 -1.08698718e-02 -1.25911795e-02 -1.43672060e-02 -1.25446673e-02 -1.28667001e-02 -1.34332273e-02 -1.26231425e-02 -1.18447412e-02 -1.85731258e-02 -2.24121567e-02 -1.92575846e-02 -1.42592248e-02 -1.28375739e-02 -1.35956686e-02 -1.51600633e-02 -1.29397959e-02 -1.54690556e-02 -1.36133246e-02 -1.10530686e-02 -1.03111304e-02 -1.41982920e-02 -1.63433123e-02 -1.62828695e-02 -1.46498438e-02 -1.27211828e-02 -1.17640551e-02 -9.45595466e-03 -7.09483400e-03 -1.07528418e-02 -1.56270135e-02 -1.51922777e-02 -1.58530548e-02 -1.48551315e-02 -1.16278864e-02 -1.08482502e-02 -1.53278243e-02 -1.42031778e-02 -1.21630356e-02 -1.17191318e-02 -1.45802367e-02 -1.46763278e-02 -1.08227441e-02 -7.85551406e-03 -6.23104069e-03 -6.72925450e-03 -1.06801931e-02
-1.42732104e-02 -7.06315599e-03 -7.06373528e-03 -9.02161282e-03 -9.55847837e-03 -1.09629221e-02 -1.23571493e-02 -1.30250957e-02 -1.10068433e-02 -6.45177066e-03 -1.50260944e-02 -2.00777054e-02 -1.45246312e-02 -1.43372659e-02 -1.55059490e-02 -1.67633127e-02 -1.42247770e-02 -1.39807612e-02 -1.85137894e-02 -1.79725271e-02 -1.48273297e-02 -1.29020754e-02 -1.69590376e-02 -1.58584528e-02 -1.10079609e-02 -9.43369791e-03 -1.18082985e-02 -1.21025350e-02 -1.37596056e-02 -1.77503414e-02 -1.42563023e-02 -1.03732012e-02 -1.28821172e-02 -2.02204213e-02 -2.22714711e-02 -1.72153991e-02 -1.57673005e-02 -1.61806438e-02 -1.24223903e-02 -1.24722086e-02 -1.73106752e-02 -1.91286858e-02 -1.47839654e-02 -9.29735601e-03 -1.08705703e-02 -1.20284744e-02 -1.53146368e-02 -1.72326975e-02 -1.51633602e-02 -1.32006221e-02 -1.32904705e-02 -1.42822471e-02 -1.50090586e-02 -1.33920945e-02 -1.02132298e-02 -1.13085695e-02 -1.24711990e-02 -1.27870794e-02 -1.62911545e-02 -1.56362951e-02 -1.25987008e-02 -1.33295432e-02 -1.60346460e-02 -1.43282767e-02 -1.18666105e-02 -9.05806199e-03 -8.33350047e-03 -9.39579122e-03 -1.02777667e-02 -1.15301609e-02 -1.11717656e-02 -1.34443957e-02 -1.38553157e-02 -1.40505563e-02 -1.44780353e-02 -1.54260900e-02 -1.68990549e-02 -1.66065581e-02 -1.21676158e-02 -1.09513402e-02 -1.05878413e-02 -1.03062578e-02 -1.27102640e-02 -1.21516027e-02 -1.13395657e-02 -1.03667956e-02 -9.72473435e-03 -9.12943482e-03 -8.17861967e-03 -4.42918949e-03 -8.52283090e-03 -1.58030260e-02 -1.67027190e-02 -1.32819470e-02 -1.03621408e-02 -9.53389145e-03 -1.00011956e-02 -1.33154243e-02 -1.62626412e-02 -1.62962228e-02 -1.27919335e-02 -1.02371871e-02 -1.23476796e-02 -1.35048684e-02 -1.33440606e-02 -1.38029065e-02 -1.21068824e-02 -1.00949164e-02 -9.61061008e-03 -1.18271075e-02 -1.32710692e-02 -1.33860428e-02 -1.26267131e-02 -1.08517278e-02 -8.78637098e-03 -7.43695721e-03 -1.07719712e-02 -1.43378321e-02 -1.54504590e-02 -1.43030584e-02 -1.45109314e-02 -1.64204165e-02 -1.56278927e-02 -1.50813479e-02 -1.10912565e-02 -8.23972374e-03 -9.66801122e-03 -1.18903685e-02 -1.34044569e-02 -1.23047996e-02 -1.25946980e-02 -1.24784820e-02 -1.27834938e-02 -1.35637186e-02 -1.11145135e-02 -9.99107026e-03 -1.48288049e-02 -1.75785348e-02 -1.74946506e-02 -1.43077467e-02 -1.12533495e-02 -9.97378491e-03 -1.00455899e-02 -1.32892355e-02 -1.56578179e-02 -1.15735140e-02 -1.15014631e-02 -1.60065517e-02 -1.52063407e-02 -1.31332930e-02 -1.32848136e-02 -1.44897364e-02 -1.67619679e-02 -1.53875295e-02 -1.38247851e-02 -1.47876274e-02 -1.55689921e-02 -1.44778118e-02 -1.59102194e-02 -1.42218303e-02 -1.26665626e-02 -1.22339893e-02 -1.48793142e-02 -1.84927694e-02 -1.65922921e-02 -1.23985596e-02 -1.32454019e-02 -1.53124649e-02 -1.70535520e-02 -1.46461725e-02 -1.48855764e-02 -1.66476741e-02 -1.09369028e-02 -6.31689653e-03 -1.07680913e-02 -1.64990909e-02 -1.70653593e-02 -1.37858745e-02 -1.33957099e-02 -1.45901628e-02 -1.28100440e-02 -9.54754464e-03 -8.65888968e-03 -1.06651038e-02 -9.21791047e-03 -7.54814222e-03 -8.91415402e-03 -1.25871468e-02 -1.56593174e-02 -1.61221214e-02 -1.43290106e-02 -1.21019930e-02 -1.39301103e-02 -1.68029349e-02 -1.55496616e-02 -1.17347138e-02 -9.01700649e-03 -6.70477469e-03 -6.18700497e-03 -1.08071920e-02
-1.24407597e-02 -5.68325352e-03 -6.49228692e-03 -7.64681026e-03 -9.63703543e-03 -1.09047629e-02 -1.28589645e-02 -1.69408433e-02 -1.32117085e-02 -5.13388962e-03 -1.42906513e-02 -1.85575373e-02 -1.60291102e-02 -1.74477175e-02 -1.91020276e-02 -1.73796937e-02 -1.54951196e-02 -1.68235544e-02 -2.01682616e-02 -1.90170612e-02 -1.63980760e-02 -1.45009235e-02 -1.62986796e-02 -1.53690055e-02 -1.35578811e-02 -1.26695912e-02 -1.36817768e-02 -9.48750973e-03 -8.06726702e-03 -1.50276404e-02 -1.84204951e-02 -1.60518773e-02 -1.71237495e-02 -1.84089467e-02 -1.78822670e-02 -1.69507377e-02 -1.65475570e-02 -1.70351658e-02 -1.36959180e-02 -9.62691940e-03 -1.34937242e-02 -1.68609172e-02 -1.48295518e-02 -1.00674462e-02 -9.85283405e-03 -1.04823764e-02 -1.42454617e-02 -1.63170658e-02 -1.48464870e-02 -1.40937231e-02 -1.56781245e-02 -1.61330365e-02 -1.71117652e-02 -1.44311711e-02 -9.95063968e-03 -9.11075436e-03 -1.34079326e-02 -1.34899840e-02 -1.42264422e-02 -1.36545971e-02 -1.19095463e-02 -1.37086194e-02 -1.61114782e-02 -1.24983806e-02 -1.16919093e-02 -1.00143924e-02 -8.70427303e-03 -9.36868414e-03 -1.07336137e-02 -1.24130603e-02 -1.19125117e-02 -1.16297826e-02 -1.30781941e-02 -1.53867714e-02 -1.51202716e-02 -1.60075594e-02 -1.73709337e-02 -1.76718887e-02 -1.40132420e-02 -1.09069329e-02 -1.04085542e-02 -1.02430861e-02 -1.21845286e-02 -1.20248366e-02 -1.19772516e-02 -1.15617029e-02 -1.10912211e-02 -1.02656912e-02 -9.52139497e-03 -7.23068230e-03 -1.00908745e-02 -1.66197829e-02 -1.86201315e-02 -1.39628462e-02 -1.10466592e-02 -9.88076627e-03 -1.02455951e-02 -1.28971227e-02 -1.69880483e-02 -1.78837981e-02 -1.49875507e-02 -1.23091042e-02 -1.27080083e-02 -1.39488000e-02 -1.38509478e-02 -1.37537792e-02 -1.30658560e-02 -1.24376547e-02 -1.16130691e-02 -1.12711396e-02 -1.25197042e-02 -1.38164163e-02 -1.31658707e-02 -1.15083661e-02 -1.05625857e-02 -9.80805419e-03 -9.85011645e-03 -1.31523442e-02 -1.50384326e-02 -1.48629490e-02 -1.70816947e-02 -1.89083926e-02 -1.68857705e-02 -1.54741239e-02 -1.26040820e-02 -9.25143808e-03 -9.32095386e-03 -9.55990702e-03 -1.10373329e-02 -1.23856068e-02 -1.30344834e-02 -1.44479517e-02 -1.32098421e-02 -1.26568154e-02 -1.26569159e-02 -1.17871817e-02 -1.54616795e-02 -1.85852200e-02 -1.87735632e-02 -1.69331394e-02 -1.35086719e-02 -1.13495924e-02 -1.01038553e-02 -1.30838286e-02 -1.56484637e-02 -1.02643371e-02 -1.09938290e-02 -1.57679953e-02 -1.44908652e-02 -1.31472554e-02 -1.17482003e-02 -1.25774927e-02 -1.54734291e-02 -1.41017679e-02 -1.36125926e-02 -1.53681487e-02 -1.66455600e-02 -1.73309762e-02 -1.74937919e-02 -1.43386144e-02 -1.28111858e-02 -1.47607327e-02 -1.43105015e-02 -1.43777169e-02 -1.53255295e-02 -1.59419719e-02 -1.45779960e-02 -1.40516125e-02 -1.44334640e-02 -1.32289194e-02 -1.46572795e-02 -1.75608061e-02 -1.38484892e-02 -8.85447487e-03 -9.65531729e-03 -1.45118758e-02 -1.59254335e-02 -1.47323608e-02 -1.22507364e-02 -1.32324472e-02 -1.54342744e-02 -1.74524765e-02 -1.58501845e-02 -1.58273075e-02 -1.36470888e-02 -8.80023651e-03 -9.81341302e-03 -1.44478790e-02 -1.76446177e-02 -1.79141182e-02 -1.40657835e-02 -8.67528282e-03 -1.26003828e-02 -1.87524538e-02 -1.58980191e-02 -1.21060237e-02 -9.53811407e-03 -6.17685914e-03 -5.82749117e-03 -1.11660259e-02
-1.23847732e-02 -5.93917631e-03 -6.32538646e-03 -6.29016757e-03 -9.05009359e-03 -1.02150850e-02 -1.16899721e-02 -1.53697301e-02 -1.43072251e-02 -1.07040405e-02 -1.76902637e-02 -1.87398568e-02 -1.36711430e-02 -1.55285932e-02 -1.95244588e-02 -1.84312500e-02 -1.65291652e-02 -1.79082304e-02 -1.98519584e-02 -1.54490415e-02 -1.33356713e-02 -1.53047033e-02 -1.59639642e-02 -1.47798210e-02 -1.39299855e-02 -1.53582413e-02 -1.62035674e-02 -1.03096347e-02 -4.24493849e-03 -8.84445943e-03 -1.61389634e-02 -1.69999972e-02 -1.68496482e-02 -1.63816847e-02 -1.47333350e-02 -1.42883249e-02 -1.55937690e-02 -1.54456962e-02 -1.41666699e-02 -1.23571698e-02 -1.40647925e-02 -1.56967677e-02 -1.40749346e-02 -1.22013483e-02 -1.33685879e-02 -1.36131383e-02 -1.58508196e-02 -1.70563236e-02 -1.49627607e-02 -1.44066364e-02 -1.66224111e-02 -1.69570688e-02 -1.76786259e-02 -1.56556703e-02 -9.42196697e-03 -9.40269232e-03 -1.49988662e-02 -1.48601513e-02 -1.24858301e-02 -1.36872549e-02 -1.48657914e-02 -1.58351548e-02 -1.51500404e-02 -1.09437183e-02 -1.13785677e-02 -1.15722492e-02 -1.14512481e-02 -1.21858381e-02 -1.13205798e-02 -1.15059353e-02 -1.02340020e-02 -1.08017959e-02 -1.01078358e-02 -1.19816251e-02 -1.47769228e-02 -1.75241902e-02 -1.84703320e-02 -1.66414455e-02 -1.26622412e-02 -9.95632075e-03 -1.33528225e-02 -1.21364761e-02 -1.07542500e-02 -1.04492605e-02 -1.16464309e-02 -1.20921675e-02 -1.34450532e-02 -1.37062836e-02 -1.27021596e-02 -9.73048806e-03 -1.22428648e-02 -1.63632073e-02 -1.71599295e-02 -1.40488166e-02 -1.29488539e-02 -1.23564862e-02 -1.17753278e-02 -1.24187805e-02 -1.47583745e-02 -1.71886422e-02 -1.59608293e-02 -1.37843471e-02 -1.23623479e-02 -1.35328546e-02 -1.35702956e-02 -1.39843449e-02 -1.29701365e-02 -1.31760146e-02 -1.45011321e-02 -1.24607328e-02 -1.11564267e-02 -1.46844629e-02 -1.27969980e-02 -1.09993145e-02 -1.18347593e-02 -1.42850000e-02 -1.32989269e-02 -1.32156331e-02 -1.27722565e-02 -1.43488478e-02 -1.68825164e-02 -1.65700354e-02 -1.64969452e-02 -1.61793306e-02 -1.36430841e-02 -1.00509226e-02 -9.43022221e-03 -8.96409899e-03 -8.77983682e-03 -1.11486726e-02 -1.43483244e-02 -1.57092903e-02 -1.48037244e-02 -1.38289202e-02 -1.41358394e-02 -1.50538925e-02 -1.51557289e-02 -1.63743552e-02 -1.92094706e-02 -1.87050477e-02 -1.52589325e-02 -1.13466457e-02 -8.87970626e-03 -1.07524786e-02 -1.55537818e-02 -1.16537381e-02 -1.07134841e-02 -1.41925067e-02 -1.21655297e-02 -1.07823871e-02 -9.31264646e-03 -1.19723286e-02 -1.82409640e-02 -1.70163494e-02 -1.52206123e-02 -1.50104929e-02 -1.53444335e-02 -1.77943185e-02 -1.80427320e-02 -1.29734538e-02 -8.96847807e-03 -1.34528000e-02 -1.57323014e-02 -1.41140185e-02 -1.43376067e-02 -1.53321791e-02 -1.44561883e-02 -1.20008532e-02 -1.22157000e-02 -1.40854828e-02 -1.46246515e-02 -1.67919584e-02 -1.54477116e-02 -1.30885784e-02 -1.03419125e-02 -1.13693550e-02 -1.47804189e-02 -1.55299418e-02 -1.17821842e-02 -1.32154040e-02 -1.55208278e-02 -1.93393398e-02 -1.78904627e-02 -1.47494264e-02 -1.44691430e-02 -1.24997329e-02 -1.20723769e-02 -1.68312341e-02 -1.80427376e-02 -1.58272758e-02 -1.38046667e-02 -7.71739706e-03 -8.93821381e-03 -1.40124410e-02 -1.30017605e-02 -1.21271331e-02 -1.11998329e-02 -7.09647685e-03 -6.11593015e-03 -1.15995612e-02
-1.24285826e-02 -7.21150078e-03 -6.75796252e-03 -6.13392331e-03 -9.82232392e-03 -1.15569867e-02 -1.18320361e-02 -1.40568744e-02 -1.60981305e-02 -1.62883643e-02 -1.91296525e-02 -1.70671642e-02 -1.12349819e-02 -1.07292570e-02 -1.51769556e-02 -1.74107682e-02 -1.87440123e-02 -1.91395115e-02 -1.84613578e-02 -1.32084303e-02 -9.11741890e-03 -1.26394778e-02 -1.38145294e-02 -1.40668098e-02 -1.44744739e-02 -1.53669231e-02 -1.85980834e-02 -1.75296217e-02 -1.09545030e-02 -8.41392018e-03 -1.19742993e-02 -1.49318594e-02 -1.71470642e-02 -1.69913750e-02 -1.63503643e-02 -1.46240033e-02 -1.34667605e-02 -1.33539177e-02 -1.36834402e-02 -1.49970911e-02 -1.65634379e-02 -1.54670253e-02 -1.55697372e-02 -1.55082960e-02 -1.61722060e-02 -1.63665842e-02 -1.82855166e-02 -1.76308732e-02 -1.64088551e-02 -1.57479551e-02 -1.60533432e-02 -1.42998621e-02 -1.46719925e-02 -1.33640189e-02 -9.37584974e-03 -1.08268373e-02 -1.44941863e-02 -1.17777940e-02 -1.07823089e-02 -1.39549524e-02 -1.67055167e-02 -1.79447737e-02 -1.46800354e-02 -1.12257395e-02 -1.27910618e-02 -1.36820599e-02 -1.40336417e-02 -1.55473724e-02 -1.46095697e-02 -1.33883655e-02 -1.34827029e-02 -1.54738910e-02 -1.17955860e-02 -7.20162876e-03 -1.19320210e-02 -1.77587494e-02 -1.99613646e-02 -1.73590891e-02 -1.46849900e-02 -1.28317308e-02 -1.48092844e-02 -1.44975428e-02 -1.11605432e-02 -1.10833626e-02 -1.49026886e-02 -1.49341933e-02 -1.44905765e-02 -1.36758480e-02 -1.28857885e-02 -1.17835943e-02 -1.50256194e-02 -1.78832840e-02 -1.71238370e-02 -1.62913408e-02 -1.65456198e-02 -1.50560401e-02 -1.34882014e-02 -1.12253539e-02 -1.29941460e-02 -1.70452166e-02 -1.72652639e-02 -1.71051901e-02 -1.63018350e-02 -1.45313349e-02 -1.38317570e-02 -1.37496013e-02 -1.34311188e-02 -1.51670612e-02 -1.71057153e-02 -1.56376623e-02 -1.28865559e-02 -1.45578030e-02 -1.28331929e-02 -1.18716843e-02 -1.28731877e-02 -1.64140053e-02 -1.68325212e-02 -1.61066521e-02 -1.47442855e-02 -1.54132918e-02 -1.68422684e-02 -1.59121528e-02 -1.68891568e-02 -1.70961451e-02 -1.48062166e-02 -1.19620841e-02 -1.16597172e-02 -1.16726663e-02 -9.77891870e-03 -9.93477181e-03 -1.50939357e-02 -1.82923209e-02 -1.78849977e-02 -1.67068504e-02 -1.59753170e-02 -1.62673350e-02 -1.63003784e-02 -1.48882214e-02 -1.57905687e-02 -1.86779592e-02 -1.76288635e-02 -1.38705280e-02 -1.02951918e-02 -9.77084041e-03 -1.44660063e-02 -1.63260307e-02 -1.49768982e-02 -1.39553137e-02 -1.15133394e-02 -8.39905627e-03 -9.37563740e-03 -1.56194009e-02 -2.14489400e-02 -1.84567794e-02 -1.46681480e-02 -1.46655813e-02 -1.48398392e-02 -1.68209486e-02 -1.77555904e-02 -1.43709406e-02 -1.18775088e-02 -1.21149253e-02 -1.25171319e-02 -1.42050199e-02 -1.49759445e-02 -1.51742324e-02 -1.40142441e-02 -1.12147070e-02 -1.29149333e-02 -1.57412030e-02 -1.40717551e-02 -1.50731672e-02 -1.69848576e-02 -1.61597263e-02 -1.38206743e-02 -1.24180615e-02 -1.65952947e-02 -1.76864900e-02 -1.57764126e-02 -1.50929727e-02 -1.44814104e-02 -1.83396693e-02 -1.95311103e-02 -1.62020996e-02 -1.37043558e-02 -1.40646249e-02 -1.60977580e-02 -1.89878438e-02 -1.68956202e-02 -1.47161447e-02 -1.58880223e-02 -1.15766954e-02 -1.10918116e-02 -1.31724086e-02 -1.40151270e-02 -1.39149334e-02 -1.18945828e-02 -8.47775303e-03 -7.16346409e-03 -1.19014597e-02
-1.05496235e-02 -6.70175254e-03 -6.30157907e-03 -4.89056669e-03 -8.75954144e-03 -1.14181042e-02 -1.18001103e-02 -1.40973125e-02 -1.73313394e-02 -1.72147006e-02 -1.56531334e-02 -1.25100520e-02 -1.13197491e-02 -1.18505452e-02 -1.57860275e-02 -1.65626127e-02 -1.77839268e-02 -1.90368704e-02 -1.53321922e-02 -1.17447767e-02 -7.89936259e-03 -8.52467865e-03 -9.70555656e-03 -1.21497251e-02 -1.48502328e-02 -1.50882043e-02 -1.64909214e-02 -1.67934820e-02 -1.25928018e-02 -8.78310390e-03 -1.05867535e-02 -1.45220812e-02 -1.56281013e-02 -1.42478608e-02 -1.33327823e-02 -1.24254376e-02 -1.12012234e-02 -1.10989697e-02 -1.24670174e-02 -1.42625384e-02 -1.56641658e-02 -1.35607459e-02 -1.35858823e-02 -1.48937143e-02 -1.48474444e-02 -1.48522239e-02 -1.70078408e-02 -1.73240360e-02 -1.41760074e-02 -1.46369804e-02 -1.41776390e-02 -1.05272979e-02 -1.08171534e-02 -1.23705696e-02 -9.75577347e-03 -1.10797659e-02 -1.31421518e-02 -9.50564817e-03 -8.42202455e-03 -9.88057069e-03 -1.13306995e-02 -1.32762697e-02 -1.12054963e-02 -9.76669975e-03 -1.23345852e-02 -1.40841398e-02 -1.35435294e-02 -1.42580755e-02 -1.25153847e-02 -1.18070766e-02 -1.25146080e-02 -1.52592678e-02 -1.29584447e-02 -8.33244435e-03 -9.91446152e-03 -1.30115561e-02 -1.37775764e-02 -1.21131539e-02 -1.14556830e-02 -1.39509421e-02 -1.60430651e-02 -1.44023448e-02 -1.14406794e-02 -1.15241669e-02 -1.60210375e-02 -1.62577908e-02 -1.14346910e-02 -9.12188366e-03 -9.73699428e-03 -9.13640670e-03 -1.43961143e-02 -1.76678840e-02 -1.37017649e-02 -1.41076595e-02 -1.57386102e-02 -1.48967560e-02 -1.34904683e-02 -1.15988925e-02 -1.25534832e-02 -1.57492384e-02 -1.75992064e-02 -1.81908198e-02 -1.68208368e-02 -1.28463041e-02 -9.52581875e-03 -8.75619054e-03 -9.36203450e-03 -1.44081507e-02 -1.72124170e-02 -1.72187537e-02 -1.36288237e-02 -1.21049043e-02 -1.14011392e-02 -1.27563998e-02 -1.43914036e-02 -1.27235968e-02 -1.26588792e-02 -1.71164256e-02 -1.51533335e-02 -1.27610620e-02 -1.36581119e-02 -1.44361686e-02 -1.49861984e-02 -1.48601383e-02 -1.21473689e-02 -9.93565470e-03 -1.06085092e-02 -1.22049730e-02 -1.21020880e-02 -1.18321609e-02 -1.41435917e-02 -1.56418514e-02 -1.68272723e-02 -1.56140476e-02 -1.34039149e-02 -1.30438991e-02 -1.31454132e-02 -1.11864544e-02 -1.09047368e-02 -1.57267656e-02 -1.74458940e-02 -1.32423975e-02 -8.91411491e-03 -8.06091353e-03 -1.35270935e-02 -1.65124480e-02 -1.54822264e-02 -1.28419008e-02 -8.69546086e-03 -5.19234128e-03 -5.20038046e-03 -1.22946054e-02 -1.84384435e-02 -1.64749399e-02 -1.34619754e-02 -1.31583549e-02 -1.27782524e-02 -1.41404122e-02 -1.57697480e-02 -1.42527819e-02 -1.25825293e-02 -1.42789148e-02 -1.25680175e-02 -1.24777015e-02 -1.52915884e-02 -1.43426843e-02 -1.26120970e-02 -1.15373097e-02 -1.13061555e-02 -1.18280053e-02 -1.05789006e-02 -1.24193355e-02 -1.61235351e-02 -1.68125704e-02 -1.39437634e-02 -1.03577133e-02 -1.18380375e-02 -1.44635346e-02 -1.46926362e-02 -1.41709298e-02 -1.38329640e-02 -1.69304255e-02 -1.69133171e-02 -1.31750945e-02 -1.11628864e-02 -1.22861285e-02 -1.43849384e-02 -1.78779829e-02 -1.56767275e-02 -1.14309099e-02 -1.18175447e-02 -1.27332788e-02 -1.29906908e-02 -1.30331088e-02 -1.22404806e-02 -1.12006059e-02 -8.63213558e-03 -6.43196516e-03 -5.53073175e-03 -8.34689569e-03
-9.23274737e-03 -4.63694148e-03 -3.28560267e-03 -3.70540097e-03 -7.60563090e-03 -1.04608163e-02 -1.10476390e-02 -1.28850490e-02 -1.58125963e-02 -1.49304736e-02 -1.28316060e-02 -1.10016018e-02 -1.24340393e-02 -1.34752449e-02 -1.32752843e-02 -1.33883525e-02 -1.49432514e-02 -1.65019985e-02 -1.29603650e-02 -9.09271464e-03 -7.16543756e-03 -7.31428899e-03 -8.81066732e-03 -1.22949798e-02 -1.62204932e-02 -1.52501054e-02 -1.49901547e-02 -1.49159757e-02 -1.12982932e-02 -8.00332613e-03 -9.61496495e-03 -1.34195127e-02 -1.31031424e-02 -1.10910889e-02 -1.14332046e-02 -1.17018111e-02 -1.15691256e-02 -1.10245105e-02 -1.21969562e-02 -1.40168145e-02 -1.51075050e-02 -1.30748954e-02 -1.15954932e-02 -1.20852292e-02 -1.22032855e-02 -1.29792597e-02 -1.52956378e-02 -1.61282551e-02 -1.42694023e-02 -1.34674646e-02 -1.33580212e-02 -9.90989804e-03 -9.73690115e-03 -1.14061423e-02 -9.36387293e-03 -9.05633345e-03 -1.07476022e-02 -9.64294374e-03 -1.01281051e-02 -1.03949383e-02 -7.52342865e-03 -9.32423398e-03 -9.54090804e-03 -8.84999707e-03 -1.15309358e-02 -1.40016805e-02 -1.35764480e-02 -1.23469997e-02 -1.03318114e-02 -1.05141737e-02 -1.15939807e-02 -1.19039901e-02 -1.04211643e-02 -8.44994187e-03 -9.59271193e-03 -1.05581582e-02 -1.19627006e-02 -1.09619442e-02 -8.66376609e-03 -9.92388465e-03 -1.47573818e-02 -1.65489055e-02 -1.27708577e-02 -1.17472820e-02 -1.47184553e-02 -1.53773008e-02 -1.09725166e-02 -9.87724774e-03 -1.10747162e-02 -8.17645155e-03 -1.11451205e-02 -1.47851165e-02 -1.05413813e-02 -1.19535998e-02 -1.44877490e-02 -1.38233230e-02 -1.37552712e-02 -1.35202501e-02 -1.35981012e-02 -1.42919887e-02 -1.65405944e-02 -1.76016502e-02 -1.49720274e-02 -1.17920451e-02 -1.07863043e-02 -8.40833597e-03 -7.43899867e-03 -1.26002580e-02 -1.59408972e-02 -1.53251309e-02 -1.32418089e-02 -1.12493038e-02 -1.14648417e-02 -1.38058197e-02 -1.35797020e-02 -8.21489282e-03 -7.42729194e-03 -1.47594716e-02 -1.25339441e-02 -8.94819200e-03 -9.54944640e-03 -1.31447557e-02 -1.42212315e-02 -1.36577813e-02 -1.07185617e-02 -8.55898671e-03 -9.16907378e-03 -1.08678509e-02 -1.25022382e-02 -1.04060229e-02 -1.08089168e-02 -1.39859095e-02 -1.54622952e-02 -1.36101898e-02 -1.16266962e-02 -1.00565795e-02 -1.11303311e-02 -1.20775998e-02 -1.21430960e-02 -1.50676649e-02 -1.47596784e-02 -1.07999463e-02 -7.35062733e-03 -5.01575507e-03 -1.04996618e-02 -1.57391187e-02 -1.51062440e-02 -1.11442078e-02 -8.91407952e-03 -7.58164749e-03 -6.61858544e-03 -1.03970058e-02 -1.39320325e-02 -1.32110510e-02 -1.19960085e-02 -1.23165753e-02 -1.21108033e-02 -1.34276245e-02 -1.44812614e-02 -1.35923382e-02 -1.38023067e-02 -1.41460076e-02 -1.24773756e-02 -1.20264702e-02 -1.26760043e-02 -1.33003760e-02 -1.36141516e-02 -1.20006967e-02 -9.22650099e-03 -8.82605277e-03 -1.06836278e-02 -1.31855775e-02 -1.54493842e-02 -1.49606876e-02 -1.59843005e-02 -1.42252371e-02 -1.35110971e-02 -1.36152301e-02 -1.45642087e-02 -1.25422161e-02 -1.37113109e-02 -1.73920207e-02 -1.46210324e-02 -9.95782204e-03 -1.06643271e-02 -1.15778856e-02 -1.34010948e-02 -1.68502796e-02 -1.45311803e-02 -9.07578506e-03 -6.04004599e-03 -7.89512880e-03 -9.60094109e-03 -8.83497670e-03 -1.00035034e-02 -9.70290881e-03 -6.08576555e-03 -3.92321404e-03 -3.55264824e-03 -6.30894536e-03
-7.64050474e-03 -3.82559374e-03 -2.39555538e-03 -3.67187429e-03 -6.08535390e-03 -7.50256330e-03 -7.74200633e-03 -9.69613902e-03 -1.38538554e-02 -1.33913364e-02 -1.21431667e-02 -1.06533691e-02 -1.20646972e-02 -1.20087676e-02 -1.09726023e-02 -8.12525488e-03 -9.89953615e-03 -1.33073088e-02 -1.06529444e-02 -7.42162578e-03 -5.51677123e-03 -5.55639341e-03 -6.61654025e-03 -1.02263447e-02 -1.43591547e-02 -1.44019751e-02 -1.36003038e-02 -1.22875059e-02 -9.01750103e-03 -5.94090112e-03 -8.07322934e-03 -1.17544038e-02 -1.03624947e-02 -8.83125514e-03 -9.64258239e-03 -1.07174814e-02 -1.09728277e-02 -1.02009699e-02 -1.07093081e-02 -1.12120155e-02 -1.16786491e-02 -1.00298841e-02 -8.49585235e-03 -9.56813805e-03 -9.99506377e-03 -1.26226358e-02 -1.54110696e-02 -1.44452956e-02 -1.23978741e-02 -1.12036224e-02 -1.10329948e-02 -9.25146230e-03 -8.82044062e-03 -1.10364910e-02 -1.00465063e-02 -8.61767493e-03 -9.05291270e-03 -9.47183836e-03 -9.93584190e-03 -8.53760913e-03 -6.20285980e-03 -6.66937977e-03 -8.12369771e-03 -8.02521408e-03 -9.83667187e-03 -1.49958441e-02 -1.27186486e-02 -9.51137953e-03 -7.49265403e-03 -8.73154309e-03 -9.91653558e-03 -8.89630057e-03 -6.92469999e-03 -7.21432641e-03 -8.78687575e-03 -8.70331377e-03 -1.07483380e-02 -1.25320330e-02 -8.31018575e-03 -7.66519271e-03 -1.23597961e-02 -1.46086561e-02 -1.43809905e-02 -1.34865893e-02 -1.24379788e-02 -1.17409490e-02 -8.94629769e-03 -8.87387060e-03 -1.35394856e-02 -1.28825512e-02 -1.00921467e-02 -7.65689462e-03 -5.43823279e-03 -8.64246674e-03 -1.05012767e-02 -1.10526998e-02 -1.17564276e-02 -1.28292665e-02 -1.24595463e-02 -1.14791133e-02 -1.35658663e-02 -1.50014665e-02 -1.23798521e-02 -9.18244198e-03 -9.01644863e-03 -8.85585323e-03 -8.31308030e-03 -9.58053768e-03 -1.10059809e-02 -1.11952219e-02 -1.15492716e-02 -1.22066103e-02 -1.15461815e-02 -1.31177232e-02 -1.30207036e-02 -6.85747713e-03 -3.77354398e-03 -1.02443565e-02 -9.34178568e-03 -6.92544132e-03 -7.96141662e-03 -1.33238835e-02 -1.29759964e-02 -1.03297848e-02 -9.04577412e-03 -7.94594362e-03 -7.46567547e-03 -1.07979830e-02 -1.29522309e-02 -1.04294289e-02 -9.29562561e-03 -1.29710427e-02 -1.36714624e-02 -9.68539342e-03 -7.81271979e-03 -9.03251022e-03 -1.19471569e-02 -1.18875746e-02 -1.00321081e-02 -1.09900665e-02 -1.05523355e-02 -8.97643529e-03 -6.83926046e-03 -3.26028839e-03 -8.58032517e-03 -1.53306015e-02 -1.71428621e-02 -1.15036443e-02 -8.20071995e-03 -7.06315413e-03 -4.40109707e-03 -5.45907952e-03 -8.80097784e-03 -1.08443126e-02 -1.18110459e-02 -1.34609826e-02 -1.34006348e-02 -1.25488751e-02 -1.28532592e-02 -1.25308931e-02 -1.11069717e-02 -1.14940368e-02 -9.57165286e-03 -9.18559171e-03 -1.00743398e-02 -1.05683338e-02 -1.19607486e-02 -1.17519815e-02 -8.51653144e-03 -4.80158441e-03 -7.93602876e-03 -1.12959091e-02 -1.22119710e-02 -1.26173086e-02 -1.36390338e-02 -1.37618789e-02 -1.28385518e-02 -1.05200000e-02 -9.08115134e-03 -6.96614385e-03 -1.03743915e-02 -1.53243551e-02 -1.30452821e-02 -8.34870152e-03 -1.01789590e-02 -1.15404055e-02 -1.23027284e-02 -1.37175694e-02 -1.22672729e-02 -9.02152993e-03 -7.24407099e-03 -9.11836885e-03 -7.88001530e-03 -4.03312221e-03 -5.42335585e-03 -7.10060354e-03 -3.43989860e-03 -1.87372416e-03 -2.45043635e-03 -5.76066645e-03
-5.57855843e-03 -3.64462100e-03 -3.46370600e-03 -3.81218921e-03 -4.85248957e-03 -5.46767749e-03 -5.14801964e-03 -7.66458549e-03 -1.21445376e-02 -1.15494542e-02 -1.04458276e-02 -9.93878394e-03 -9.94677842e-03 -9.15873609e-03 -8.66013020e-03 -8.06536339e-03 -8.20645131e-03 -7.87938014e-03 -6.06416352e-03 -5.06979041e-03 -3.93781625e-03 -4.54680063e-03 -5.69600053e-03 -8.04592296e-03 -1.13502322e-02 -1.20017212e-02 -1.19681507e-02 -1.08804423e-02 -6.88251294e-03 -3.60911898e-03 -6.53812848e-03 -1.05835702e-02 -8.44403915e-03 -5.28829172e-03 -6.59004413e-03 -8.99504125e-03 -1.01629896e-02 -8.62915441e-03 -7.84642249e-03 -9.22824908e-03 -9.17476788e-03 -9.46288556e-03 -8.27725045e-03 -7.72916526e-03 -9.16899182e-03 -9.62292589e-03 -1.06688160e-02 -1.08041130e-02 -9.90381837e-03 -9.43074375e-03 -9.34682973e-03 -7.81624950e-03 -7.21802935e-03 -7.88739696e-03 -8.74432083e-03 -7.80470949e-03 -7.14198966e-03 -7.60918763e-03 -7.89391901e-03 -6.78455085e-03 -5.76397218e-03 -6.16409816e-03 -7.05763139e-03 -7.52224214e-03 -8.16488452e-03 -1.23769213e-02 -9.94362589e-03 -6.25246391e-03 -5.26844431e-03 -7.39260018e-03 -8.29986949e-03 -6.75185770e-03 -5.25814481e-03 -6.24487549e-03 -7.07223266e-03 -5.43756410e-03 -7.66987167e-03 -1.11198444e-02 -8.30289908e-03 -6.72298484e-03 -1.11826099e-02 -1.24829607e-02 -1.25692086e-02 -1.14169130e-02 -1.05512142e-02 -1.10037141e-02 -9.94491018e-03 -7.62685016e-03 -1.16138253e-02 -1.29297916e-02 -9.57948156e-03 -7.08155148e-03 -6.45027868e-03 -7.45481346e-03 -8.13399255e-03 -8.40193592e-03 -8.46067350e-03 -1.04619944e-02 -1.06275557e-02 -9.60670970e-03 -1.13986870e-02 -1.20167723e-02 -8.81860685e-03 -6.25144877e-03 -5.59921004e-03 -6.68628048e-03 -7.35233258e-03 -7.21406750e-03 -6.92201965e-03 -7.61229172e-03 -9.15968418e-03 -1.08803408e-02 -1.03461063e-02 -1.00050373e-02 -1.04041351e-02 -7.06430711e-03 -3.81447934e-03 -9.06363130e-03 -1.07528577e-02 -6.52321614e-03 -2.33970955e-03 -6.47776015e-03 -7.79031590e-03 -7.44687766e-03 -6.50050119e-03 -5.39644063e-03 -5.63728064e-03 -9.60520841e-03 -1.15188686e-02 -8.04087147e-03 -5.76432422e-03 -8.85276031e-03 -1.04509322e-02 -7.22557120e-03 -6.30046427e-03 -6.69784285e-03 -8.49929079e-03 -8.67663324e-03 -6.65145367e-03 -7.79730454e-03 -8.03381484e-03 -7.04128295e-03 -8.64595920e-03 -6.42822310e-03 -6.92457333e-03 -1.14630386e-02 -1.52101275e-02 -1.07645988e-02 -6.90512452e-03 -5.88103104e-03 -4.51065041e-03 -4.90509905e-03 -7.49156997e-03 -8.77499394e-03 -9.06782411e-03 -1.15679754e-02 -1.16161592e-02 -1.09047052e-02 -1.01905633e-02 -9.34161432e-03 -6.93298317e-03 -6.73426501e-03 -6.08286075e-03 -5.77236153e-03 -7.06546381e-03 -8.68826546e-03 -1.02185803e-02 -1.07795550e-02 -7.23296590e-03 -2.68108398e-03 -3.00201215e-03 -7.12623820e-03 -9.52352211e-03 -9.51092690e-03 -1.06761185e-02 -1.06765917e-02 -1.01992581e-02 -8.60154815e-03 -7.47318193e-03 -3.98815610e-03 -5.69537096e-03 -1.05517814e-02 -1.05605824e-02 -7.83268362e-03 -8.80388170e-03 -8.88721086e-03 -9.85889137e-03 -1.15018990e-02 -9.99170542e-03 -8.33822228e-03 -7.43815862e-03 -8.41989182e-03 -8.19586962e-03 -5.39341383e-03 -3.47613823e-03 -1.18535478e-03 7.63428397e-04 -1.75125897e-04 -1.39962230e-03 -5.20252995e-03
-5.83366724e-03 -3.82895069e-03 -3.47136054e-03 -2.66372599e-03 -3.41131538e-03 -4.09335736e-03 -3.91968712e-03 -6.12157583e-03 -1.02644581e-02 -1.04134381e-02 -9.51765478e-03 -9.77951847e-03 -1.08148195e-02 -9.33218189e-03 -9.35176574e-03 -7.29315914e-03 -6.03661686e-03 -5.25288284e-03 -3.63401137e-03 -3.61775048e-03 -3.84489633e-03 -4.92994301e-03 -6.04814664e-03 -7.62082357e-03 -9.84837208e-03 -1.03845242e-02 -1.03285965e-02 -9.59803071e-03 -6.28677197e-03 -3.69834155e-03 -6.40525855e-03 -9.35215130e-03 -7.24777766e-03 -4.65954654e-03 -5.17920032e-03 -7.11213797e-03 -8.22583679e-03 -7.32488651e-03 -6.62542228e-03 -7.59918708e-03 -7.64118601e-03 -6.91425055e-03 -6.77173212e-03 -7.47879781e-03 -8.63273069e-03 -8.60502385e-03 -8.79588351e-03 -9.28921625e-03 -8.65272246e-03 -9.84249264e-03 -1.05887922e-02 -8.92423559e-03 -6.43107109e-03 -5.68849221e-03 -6.23555388e-03 -6.80679083e-03 -6.52214512e-03 -6.17314596e-03 -6.80245645e-03 -7.44527113e-03 -7.15356227e-03 -5.97732514e-03 -6.65622205e-03 -9.89031233e-03 -8.46993178e-03 -1.01262908e-02 -7.29462132e-03 -4.90501057e-03 -4.65927180e-03 -6.67785481e-03 -7.04375282e-03 -6.08074013e-03 -6.13103807e-03 -6.18560798e-03 -4.85651940e-03 -2.07525678e-03 -4.90261056e-03 -1.05508668e-02 -8.60347413e-03 -5.65909781e-03 -8.62354040e-03 -9.47752036e-03 -9.17206891e-03 -8.91429372e-03 -9.18280520e-03 -9.73322988e-03 -7.88528845e-03 -4.51565534e-03 -5.88851422e-03 -1.09199220e-02 -1.01666329e-02 -6.32796437e-03 -4.87371720e-03 -6.83249347e-03 -8.40862840e-03 -9.04014241e-03 -8.18334334e-03 -9.33787879e-03 -9.75983031e-03 -9.04771220e-03 -1.05935298e-02 -1.02932528e-02 -7.21701141e-03 -6.09607715e-03 -6.41629193e-03 -6.43587951e-03 -6.99907076e-03 -7.03680050e-03 -6.91781938e-03 -8.17300566e-03 -9.55662224e-03 -1.11066410e-02 -9.49265528e-03 -8.37852433e-03 -7.91212171e-03 -7.04616308e-03 -4.74129803e-03 -5.90863451e-03 -7.06853718e-03 -5.62199764e-03 -3.26147676e-03 -5.06425835e-03 -6.18118048e-03 -5.93569037e-03 -5.11265546e-03 -4.21740860e-03 -4.88216989e-03 -7.86612369e-03 -9.35387705e-03 -7.21745007e-03 -5.19641861e-03 -7.23234192e-03 -8.63038655e-03 -6.35659508e-03 -5.17291576e-03 -5.54567389e-03 -7.05317594e-03 -8.17903690e-03 -7.71667156e-03 -7.11256173e-03 -6.55503850e-03 -5.96208777e-03 -8.29714630e-03 -7.40025006e-03 -7.07830116e-03 -1.06949825e-02 -1.34223076e-02 -9.85444617e-03 -6.48621563e-03 -4.89543565e-03 -4.14809585e-03 -5.16878255e-03 -7.86127802e-03 -9.94209200e-03 -8.65917467e-03 -8.85700062e-03 -9.33300145e-03 -8.56604613e-03 -8.06976482e-03 -8.06380436e-03 -5.45481592e-03 -6.10317942e-03 -5.64574171e-03 -4.36275918e-03 -6.40089158e-03 -8.11478402e-03 -8.34847428e-03 -8.53043608e-03 -8.58090259e-03 -4.57586534e-03 -2.59009190e-03 -4.65067290e-03 -6.69181533e-03 -6.11045398e-03 -7.69772381e-03 -1.02509120e-02 -9.95839760e-03 -9.20587592e-03 -8.53140466e-03 -6.17224351e-03 -6.78183511e-03 -9.25357547e-03 -9.03708953e-03 -6.99706841e-03 -7.26045482e-03 -7.63240457e-03 -9.38816089e-03 -1.12623684e-02 -1.03049446e-02 -7.59023614e-03 -5.84540889e-03 -5.80407120e-03 -6.60120882e-03 -6.46875240e-03 -3.25975101e-03 2.69277953e-04 6.17535785e-04 -2.66472902e-03 -2.32141837e-03 -2.64580827e-03
-5.45168249e-03 -3.77578009e-03 -3.62711819e-03 -1.07270572e-03 -1.79390144e-03 -3.96130513e-03 -4.35669906e-03 -4.37499583e-03 -7.06665032e-03 -9.21800546e-03 -9.54164378e-03 -9.61713120e-03 -1.06321312e-02 -9.87508334e-03 -8.83764401e-03 -6.33916073e-03 -5.94906788e-03 -5.91941178e-03 -4.53570765e-03 -4.08664532e-03 -3.36080696e-03 -4.01024986e-03 -5.48875239e-03 -7.30918720e-03 -9.22672916e-03 -9.52348020e-03 -9.23533179e-03 -8.77995323e-03 -6.44480344e-03 -4.74845059e-03 -6.70152623e-03 -9.20653436e-03 -7.77971465e-03 -4.68767621e-03 -3.18224169e-03 -4.32819687e-03 -6.69893529e-03 -6.80332910e-03 -5.91491070e-03 -6.32784143e-03 -5.88204246e-03 -5.94415609e-03 -7.70610664e-03 -9.46595427e-03 -1.02821952e-02 -8.07131268e-03 -8.06890521e-03 -8.69378168e-03 -7.32088089e-03 -7.39341043e-03 -8.18874408e-03 -7.03801494e-03 -5.36660384e-03 -3.58488876e-03 -4.30893525e-03 -5.77760953e-03 -6.08299486e-03 -5.26922010e-03 -6.09673932e-03 -8.15264322e-03 -7.98684545e-03 -6.60085678e-03 -7.81163387e-03 -1.06975790e-02 -9.96147841e-03 -8.66495445e-03 -6.57356251e-03 -3.94662004e-03 -3.48836929e-03 -5.53455669e-03 -6.01497293e-03 -5.99105470e-03 -6.01243973e-03 -5.52934129e-03 -5.90645429e-03 -5.93657792e-03 -8.32506921e-03 -1.03000021e-02 -7.89857469e-03 -5.61080314e-03 -7.10941106e-03 -7.95289595e-03 -7.89705012e-03 -7.71669578e-03 -8.11882038e-03 -8.06608889e-03 -7.78526068e-03 -5.59499674e-03 -6.06341101e-03 -7.70466495e-03 -7.05109257e-03 -5.07887919e-03 -4.24864050e-03 -5.36092743e-03 -7.38117192e-03 -7.45098107e-03 -7.54326954e-03 -8.71062651e-03 -8.56438465e-03 -7.59888906e-03 -9.75878257e-03 -8.18748120e-03 -4.89480793e-03 -5.80449495e-03 -6.34562038e-03 -5.86020108e-03 -5.24792075e-03 -6.01155870e-03 -7.24211242e-03 -8.11549649e-03 -9.82700102e-03 -9.50929802e-03 -8.37949757e-03 -7.55642168e-03 -7.01443106e-03 -5.87183610e-03 -5.38884848e-03 -5.28878067e-03 -5.36303874e-03 -5.96520770e-03 -5.43010328e-03 -6.03347365e-03 -5.77281322e-03 -5.72645757e-03 -5.48147690e-03 -3.83349787e-03 -3.27553600e-03 -5.85082546e-03 -7.98621122e-03 -7.43508339e-03 -5.63561171e-03 -6.25010673e-03 -7.12752249e-03 -5.56557160e-03 -5.37368283e-03 -5.95051423e-03 -7.47753214e-03 -8.86254199e-03 -8.44366755e-03 -6.07169047e-03 -4.81799897e-03 -5.11631276e-03 -7.59127270e-03 -8.53070524e-03 -9.14463587e-03 -1.16250450e-02 -1.26098264e-02 -8.60447809e-03 -6.58243522e-03 -3.84185929e-03 -2.66082026e-03 -4.32633050e-03 -7.43209384e-03 -1.08097065e-02 -9.11088567e-03 -6.71023875e-03 -6.63932599e-03 -7.29253236e-03 -8.13826080e-03 -6.95063081e-03 -5.04823495e-03 -5.36915474e-03 -4.70191706e-03 -3.53202783e-03 -5.21055423e-03 -6.72906358e-03 -6.12309575e-03 -7.06916116e-03 -8.08195025e-03 -8.95102229e-03 -5.99341840e-03 -5.76511957e-03 -7.57410284e-03 -6.93343394e-03 -8.32966529e-03 -1.06743881e-02 -9.84766800e-03 -9.08477232e-03 -8.82476382e-03 -7.29786605e-03 -8.00511148e-03 -8.53665080e-03 -6.90938719e-03 -5.75847644e-03 -6.55776355e-03 -7.79238064e-03 -1.01952115e-02 -1.18387304e-02 -9.68665350e-03 -4.97696642e-03 -3.24209966e-03 -4.31848876e-03 -5.82832191e-03 -5.05535398e-03 -1.36351399e-03 1.02122780e-03 -1.79623067e-03 -6.57708477e-03 -4.05331142e-03 -1.17406691e-03
-2.50885310e-03 -5.77472150e-04 -3.74976872e-03 -2.16157734e-03 -1.88542157e-03 -4.17932589e-03 -4.40997910e-03 -4.50924132e-03 -6.76074345e-03 -9.18681454e-03 -9.01061203e-03 -8.22356250e-03 -9.78828315e-03 -1.00890920e-02 -8.79804231e-03 -6.15716819e-03 -6.32269960e-03 -6.99644443e-03 -5.86833898e-03 -4.37571760e-03 -2.44660489e-03 -4.02243808e-03 -5.53367566e-03 -6.35994691e-03 -7.75527302e-03 -7.95585662e-03 -6.98051322e-03 -6.85695652e-03 -5.78956399e-03 -4.97444253e-03 -6.97958749e-03 -8.95658601e-03 -7.74110015e-03 -4.44387365e-03 -2.79497541e-03 -4.02521435e-03 -6.28288928e-03 -7.05486443e-03 -7.13264383e-03 -7.26632308e-03 -5.66665456e-03 -4.64617554e-03 -5.96277695e-03 -7.97731243e-03 -8.83787964e-03 -6.17050845e-03 -6.41891547e-03 -7.56763387e-03 -6.67587109e-03 -5.84679563e-03 -6.20608591e-03 -7.23100919e-03 -5.68846986e-03 -2.85537168e-03 -3.57764680e-03 -5.92283532e-03 -5.57598844e-03 -4.71768435e-03 -5.43008465e-03 -8.18648934e-03 -8.26202519e-03 -6.99033216e-03 -8.10356345e-03 -9.21341684e-03 -7.44160172e-03 -8.09343159e-03 -6.43445179e-03 -3.75038758e-03 -3.52116581e-03 -4.62986901e-03 -4.32741269e-03 -5.60781080e-03 -6.45409804e-03 -6.05290476e-03 -6.10176101e-03 -7.17607792e-03 -7.70725496e-03 -7.26938620e-03 -6.27552252e-03 -5.09119686e-03 -6.11734483e-03 -7.37752393e-03 -7.23301247e-03 -6.48177229e-03 -7.36713689e-03 -6.39074203e-03 -5.29310200e-03 -5.79918083e-03 -6.19992800e-03 -6.04509655e-03 -5.01812808e-03 -4.33166511e-03 -4.48195077e-03 -4.57424298e-03 -6.21915143e-03 -6.50623813e-03 -7.04405177e-03 -7.87929725e-03 -7.01907929e-03 -6.90264069e-03 -8.68010148e-03 -6.44882023e-03 -4.76414803e-03 -6.41276874e-03 -6.47681672e-03 -6.01941068e-03 -5.13207354e-03 -5.69438189e-03 -6.74639456e-03 -7.46148918e-03 -8.52985866e-03 -7.65971933e-03 -6.86406624e-03 -6.79798890e-03 -6.09928649e-03 -5.67362178e-03 -6.23549521e-03 -5.76672330e-03 -4.99439705e-03 -5.36583457e-03 -6.33992814e-03 -5.98979928e-03 -5.64615522e-03 -4.85220924e-03 -4.66615334e-03 -3.44965793e-03 -3.35471798e-03 -5.14104497e-03 -6.94371387e-03 -7.05509167e-03 -5.45609649e-03 -5.76624926e-03 -6.51274715e-03 -5.24633285e-03 -5.58379013e-03 -5.82504552e-03 -6.71382807e-03 -7.82887172e-03 -7.75357336e-03 -5.29015809e-03 -5.10158390e-03 -4.89189196e-03 -7.42303580e-03 -8.15536361e-03 -7.45152589e-03 -9.12509300e-03 -9.33547597e-03 -7.29868747e-03 -5.64186554e-03 -3.51934135e-03 -2.95328256e-03 -4.47010621e-03 -6.03368692e-03 -8.06331169e-03 -7.91045744e-03 -4.64704540e-03 -3.90109047e-03 -7.51007814e-03 -8.85062385e-03 -7.79953320e-03 -5.43450098e-03 -4.37846966e-03 -3.57802864e-03 -2.88142171e-03 -4.07921150e-03 -5.77378925e-03 -5.85058611e-03 -7.09539000e-03 -8.53051338e-03 -8.79426207e-03 -7.62671046e-03 -7.03218486e-03 -7.15066306e-03 -7.78174028e-03 -7.10995588e-03 -7.98553694e-03 -7.78716151e-03 -7.81637151e-03 -6.88234065e-03 -7.33196083e-03 -8.13724007e-03 -8.45017750e-03 -5.90964127e-03 -4.89273015e-03 -5.70667442e-03 -7.95306545e-03 -9.67414863e-03 -9.55165271e-03 -6.64815679e-03 -4.10838425e-03 -3.39993183e-03 -4.74723522e-03 -6.05770666e-03 -4.73529194e-03 -1.98251475e-03 -2.57006567e-03 -4.11668979e-03 -5.00675384e-03 -3.52359889e-03 -3.09186801e-03
1.33219687e-03 -4.10506967e-04 -2.80658575e-03 -1.90474745e-03 -1.17181009e-03 -3.64742381e-03 -4.92638163e-03 -5.71346842e-03 -8.09685234e-03 -1.11956876e-02 -1.20298900e-02 -1.15461545e-02 -1.27658956e-02 -1.25158383e-02 -1.10329399e-02 -9.07476153e-03 -9.11566895e-03 -9.35534574e-03 -8.26360751e-03 -6.90645492e-03 -4.53652442e-03 -5.11885062e-03 -6.42786315e-03 -6.85042655e-03 -8.09788331e-03 -9.08957142e-03 -8.72532837e-03 -8.57304595e-03 -8.44576117e-03 -8.26527830e-03 -9.63345170e-03 -1.11955861e-02 -1.02494396e-02 -8.14246014e-03 -7.09884334e-03 -8.31884518e-03 -1.04048820e-02 -1.12405103e-02 -1.14887580e-02 -1.16722565e-02 -9.80035681e-03 -8.40417109e-03 -9.44273733e-03 -1.08196437e-02 -1.13807879e-02 -9.47702210e-03 -9.06916056e-03 -9.83154587e-03 -8.87474138e-03 -7.36260787e-03 -7.44310953e-03 -8.99414811e-03 -8.86454247e-03 -6.65537175e-03 -6.57530734e-03 -8.30792822e-03 -8.13410431e-03 -7.12579489e-03 -7.43845012e-03 -9.46952216e-03 -1.00830067e-02 -9.42753255e-03 -1.03224684e-02 -1.00163789e-02 -8.89194664e-03 -9.81501397e-03 -9.46762413e-03 -7.01627601e-03 -6.38850778e-03 -6.98613655e-03 -6.20588055e-03 -6.84232963e-03 -7.27433804e-03 -7.71918893e-03 -8.31690710e-03 -9.68740415e-03 -1.06381401e-02 -1.01108886e-02 -9.03032906e-03 -7.83575419e-03 -7.99889676e-03 -8.95347726e-03 -8.92444607e-03 -8.35821126e-03 -9.11704451e-03 -8.96331854e-03 -8.59317370e-03 -9.01749078e-03 -9.45057534e-03 -7.59177189e-03 -5.86252660e-03 -5.78685198e-03 -6.14795461e-03 -5.87486476e-03 -6.37562620e-03 -7.22355442e-03 -8.57848488e-03 -9.53793339e-03 -1.00178905e-02 -1.09180529e-02 -1.21223070e-02 -9.63501632e-03 -8.89985729e-03 -1.02357920e-02 -1.02275759e-02 -9.77474544e-03 -9.07009281e-03 -9.47332755e-03 -1.00881308e-02 -1.00744292e-02 -9.79532860e-03 -8.69020354e-03 -9.08138882e-03 -1.00835683e-02 -1.01545304e-02 -9.36406199e-03 -8.86121579e-03 -8.21945816e-03 -7.47344457e-03 -8.31414480e-03 -9.41088237e-03 -9.38189402e-03 -9.32771713e-03 -9.08150058e-03 -8.99396278e-03 -8.28323700e-03 -8.32660217e-03 -9.46431700e-03 -1.03028137e-02 -1.02092121e-02 -8.74287542e-03 -8.01503379e-03 -7.79481139e-03 -6.70244265e-03 -7.53261056e-03 -8.43188632e-03 -9.44029912e-03 -1.03077237e-02 -1.06163304e-02 -8.96531716e-03 -9.23629105e-03 -9.71204974e-03 -1.15490295e-02 -1.22211566e-02 -1.14542041e-02 -1.15653854e-02 -1.10881738e-02 -9.09697823e-03 -7.39294523e-03 -5.12252748e-03 -4.89741564e-03 -6.30770251e-03 -7.69739226e-03 -9.21543594e-03 -9.41359717e-03 -6.76130876e-03 -6.09767158e-03 -1.00086378e-02 -1.20418565e-02 -1.10864043e-02 -8.51621665e-03 -6.70871790e-03 -5.75940218e-03 -5.43516129e-03 -6.50439132e-03 -8.19164608e-03 -9.24717356e-03 -1.07571557e-02 -1.22330338e-02 -1.34192780e-02 -1.30506577e-02 -1.21668782e-02 -1.07650887e-02 -1.11437337e-02 -1.13252224e-02 -1.05115306e-02 -1.01518026e-02 -1.02883242e-02 -1.00052534e-02 -1.07834432e-02 -1.19596422e-02 -1.18218511e-02 -1.00455517e-02 -9.86729749e-03 -1.05134035e-02 -1.15489569e-02 -1.18206963e-02 -1.02024358e-02 -7.00759422e-03 -5.46711404e-03 -5.77979675e-03 -6.25317032e-03 -7.22310366e-03 -6.33001188e-03 -5.46908053e-03 -7.29507254e-03 -7.27668917e-03 -6.37142453e-03 -1.60358998e-03 2.45615444e-03
