0.109150 0.084037 0.084908 0.141490 0.152538 0.061894 0.001700 0.028904 0.067951 0.067610 0.028966 -0.004908 0.022044 0.086290 0.136985 0.135705 0.091883 0.064136 0.046471 0.045052 0.034377 0.010225 0.011087 -0.014918 -0.124879 -0.150853 0.001050 0.133520 0.117366 0.039520 0.016521 0.038304 0.051396 0.060576 0.046155 0.018518 0.046676 0.059610 0.010984 -0.016600 -0.026415 -0.079015 -0.121870 -0.122572 -0.046816 0.029365 0.033195 -0.017292 -0.032879 0.030518 0.061000 0.013653 -0.029279 -0.043591 -0.032517 -0.013663 -0.013192 -0.008913 -0.011633 -0.035602 -0.040715 -0.025687 -0.001623 0.010225 0.017498 0.024733 0.026335 0.006985 -0.030700 -0.054793 -0.066635 -0.064102 -0.047288 -0.047602 -0.075160 -0.101206 -0.089110 -0.055433 -0.047141 -0.043434 -0.028815 -0.029269 0.009429 0.087778 0.110989 0.086269 0.051332 0.010118 -0.024667 -0.014763 0.040764 0.075620 0.028864 -0.037339 -0.071733 -0.084120 -0.073442 -0.055109 -0.020953 0.039908 0.065035 0.049868 0.061867 0.080128 0.057361 0.024361 -0.015209 -0.043605 -0.038215 -0.004156 0.049867 0.075360 0.045168 0.028684 0.050282 0.077219 0.069143 0.028109 0.021345 0.045184 0.044301 0.010902 -0.011766 -0.018936 -0.023552 0.007112 0.074258 0.087830 0.022520 -0.038437 -0.031334 0.005919 0.043993 0.068126 0.097332 0.124600 0.131175 0.100549 0.024121 -0.034380 -0.048085 -0.011229 0.069940 0.116221 0.068493 0.008611 0.003250 0.026937 0.064397 0.099119 0.091000 0.060458 0.011633 -0.059590 -0.100008 -0.048932 0.091163 0.192889 0.234391 0.195991 0.146155 0.143564 0.117316 0.116717 0.090407 0.004467 -0.044214 -0.069673 -0.117171 -0.151177 -0.132401 -0.065088 0.040894 0.112925 0.116996 0.070541 -0.002517 -0.042334 0.007016 0.103867 0.116335 0.048087 0.027345 -0.000616 -0.042275 -0.016500 0.045945 0.055962 0.011114 -0.050427
0.091227 0.067207 0.036489 0.046902 0.045098 0.006871 -0.002772 0.022130 0.052613 0.066694 0.036733 -0.001266 0.015509 0.064622 0.111916 0.114589 0.073054 0.051299 0.042848 0.036704 0.021430 0.009301 0.026112 0.012793 -0.070135 -0.093407 0.007254 0.099165 0.086034 0.038007 0.026114 0.033650 0.050446 0.081648 0.067905 0.011672 0.006446 0.013073 -0.017953 -0.037422 -0.041468 -0.070693 -0.091926 -0.084772 -0.036253 0.004519 0.001599 -0.030977 -0.043512 0.001312 0.031904 -0.002231 -0.045905 -0.069991 -0.065293 -0.034160 -0.002815 0.026514 0.035402 0.005300 -0.016207 -0.011958 0.000802 0.000792 -0.008385 -0.025373 -0.029372 -0.027789 -0.027190 -0.035602 -0.046239 -0.029550 0.000457 -0.000869 -0.047445 -0.091750 -0.081471 -0.045955 -0.034726 -0.016418 0.022625 0.027002 0.027444 0.057158 0.070924 0.066950 0.044632 0.001807 -0.032413 -0.034678 0.008725 0.062995 0.063687 0.029401 -0.004889 -0.022082 -0.013726 -0.018161 -0.026130 0.006219 0.051378 0.076194 0.104476 0.120332 0.087419 0.038490 -0.002906 -0.016114 -0.005474 0.012436 0.033425 0.037978 0.015917 0.005561 0.002913 0.002554 0.000408 -0.010608 0.003697 0.034242 0.041283 0.015021 -0.022980 -0.051248 -0.059027 -0.029164 0.026726 0.047789 0.020648 -0.006892 -0.001382 0.004199 -0.007009 -0.014594 0.031923 0.093770 0.099555 0.057655 -0.003382 -0.025043 -0.014753 -0.005650 0.038838 0.071442 0.016413 -0.033789 -0.019446 0.031883 0.071140 0.070815 0.050612 0.032303 -0.005077 -0.058113 -0.078715 -0.023821 0.103834 0.190281 0.205536 0.154064 0.092644 0.076023 0.056777 0.076599 0.090113 0.034490 -0.027528 -0.087649 -0.131298 -0.114294 -0.066621 -0.013561 0.076291 0.126546 0.118149 0.081753 0.014831 -0.037981 -0.012254 0.047585 0.040146 -0.020039 -0.030006 -0.036348 -0.058919 -0.036948 0.002851 0.003792 -0.019914 -0.049877
0.061584 0.053088 0.018840 0.000049 -0.019517 -0.027998 -0.006023 0.013594 0.033387 0.049983 0.028662 -0.003255 0.006164 0.033471 0.074998 0.101145 0.084085 0.061301 0.044666 0.027954 0.007314 -0.013781 -0.014020 -0.021577 -0.064980 -0.066134 0.008744 0.079068 0.085305 0.073669 0.068980 0.068510 0.082550 0.101535 0.065696 -0.004443 -0.025414 -0.018532 -0.032378 -0.048346 -0.051276 -0.054587 -0.057123 -0.045633 -0.011880 0.008427 -0.009085 -0.039049 -0.047464 -0.020960 -0.001169 -0.018047 -0.043528 -0.050790 -0.047847 -0.034983 -0.010761 0.028264 0.067512 0.052561 0.020764 0.013930 0.015783 0.008610 -0.013033 -0.057061 -0.072135 -0.049041 -0.024099 -0.019942 -0.015133 0.019184 0.060031 0.063297 0.009421 -0.041138 -0.028616 -0.005281 -0.007103 0.018084 0.065856 0.067016 0.034925 0.010248 0.004677 0.027063 0.031064 -0.004712 -0.030069 -0.034480 -0.008861 0.043016 0.068630 0.066324 0.038120 0.012535 0.019618 0.007367 -0.023664 -0.012723 0.043389 0.093217 0.116836 0.111484 0.068679 0.023305 0.012936 0.032376 0.039924 0.021170 -0.000995 -0.004810 0.002053 0.003091 -0.026335 -0.052675 -0.053028 -0.048358 -0.010813 0.052248 0.074658 0.036636 -0.016214 -0.055655 -0.081337 -0.071113 -0.033040 -0.004713 0.006793 0.007052 -0.002163 -0.032964 -0.082037 -0.104923 -0.034426 0.074805 0.089947 0.031490 -0.008308 -0.005724 0.013501 0.010278 0.021419 0.035535 -0.013333 -0.062117 -0.067091 -0.014331 0.035158 0.029771 0.016974 0.015252 -0.013633 -0.060342 -0.066836 -0.015903 0.072183 0.118006 0.122202 0.102399 0.058307 0.027155 -0.005101 -0.000283 0.056699 0.070538 0.030420 -0.038217 -0.074519 -0.048582 -0.023696 -0.000308 0.073196 0.106328 0.086699 0.059156 0.024583 0.001654 0.012309 0.012111 -0.022375 -0.057112 -0.054414 -0.053949 -0.063107 -0.049094 -0.026223 -0.016278 -0.023878 -0.045907
0.020690 0.035992 0.029706 0.015042 -0.017494 -0.033653 -0.007567 0.016969 0.019813 0.012155 0.001661 -0.006061 0.003156 0.012473 0.043164 0.085769 0.090140 0.060015 0.029672 0.004226 -0.023996 -0.060140 -0.076384 -0.079951 -0.100723 -0.079975 0.004331 0.086748 0.124520 0.129132 0.105739 0.100899 0.109693 0.096958 0.043727 -0.017476 -0.035045 -0.019174 -0.015991 -0.011219 0.006792 0.014479 0.007567 0.013609 0.041872 0.048311 0.003697 -0.045354 -0.045781 -0.006767 0.010790 -0.002053 -0.013175 -0.005800 -0.016085 -0.032937 -0.027238 -0.004776 0.036489 0.047990 0.044711 0.049409 0.049409 0.047691 0.038999 0.004547 -0.021163 -0.014921 -0.014463 -0.018655 0.005051 0.040204 0.059041 0.054334 0.025049 0.011635 0.031448 0.025153 0.003351 0.020529 0.056867 0.054991 0.015602 -0.035858 -0.048884 -0.007395 0.005420 -0.024947 -0.025421 -0.012114 -0.002543 0.027879 0.053719 0.066277 0.049053 0.018427 0.003391 -0.022718 -0.043689 -0.025299 0.032616 0.081232 0.081151 0.048773 0.015049 -0.004512 0.017481 0.060215 0.064419 0.017109 -0.028323 -0.023320 0.003073 0.008467 -0.012106 -0.032660 -0.040851 -0.049628 -0.013388 0.074726 0.121781 0.081734 0.023198 -0.021710 -0.061296 -0.069651 -0.053792 -0.023628 0.011445 0.015006 -0.022101 -0.068570 -0.113051 -0.129058 -0.057240 0.061682 0.092163 0.061794 0.058664 0.067238 0.072924 0.050549 0.029475 0.025785 -0.018007 -0.082369 -0.126842 -0.097028 -0.032432 -0.009619 -0.000520 0.020103 0.010475 -0.032187 -0.049130 -0.021103 0.026802 0.037049 0.038465 0.059469 0.045857 0.017557 -0.017973 -0.047833 -0.010293 0.037450 0.048592 0.013249 -0.032467 -0.042952 -0.040414 -0.026384 0.027761 0.059581 0.053379 0.028237 0.023419 0.036818 0.022974 -0.034215 -0.072862 -0.062195 -0.043232 -0.045059 -0.048394 -0.043805 -0.026814 -0.006227 -0.018758 -0.059054
-0.024539 0.014179 0.034286 0.028604 -0.009483 -0.044564 -0.021718 0.022235 0.022813 -0.003972 -0.013250 -0.009338 -0.003098 -0.003747 0.014315 0.042611 0.035474 0.005534 -0.012867 -0.030854 -0.052334 -0.075588 -0.071918 -0.050409 -0.059359 -0.051713 0.024263 0.108596 0.145913 0.127520 0.080318 0.078691 0.085749 0.064094 0.030986 0.001432 -0.005977 0.006989 0.009874 0.036119 0.076804 0.071678 0.046311 0.046363 0.065175 0.061165 0.011638 -0.037364 -0.022331 0.033026 0.054015 0.038315 0.008445 -0.022620 -0.063895 -0.078082 -0.050484 -0.035029 -0.016759 0.011290 0.043889 0.059588 0.056980 0.067829 0.099141 0.111652 0.084080 0.045820 0.003399 -0.015486 0.005343 0.023191 0.023114 0.012384 0.004381 0.016566 0.030744 0.009956 -0.004558 0.005695 0.022026 0.022741 0.003657 -0.040752 -0.059904 -0.037462 -0.042358 -0.062840 -0.030132 0.000749 -0.005858 0.009000 0.047313 0.075215 0.067219 0.035511 0.005522 -0.026261 -0.035599 -0.014609 0.035032 0.071028 0.042260 -0.016201 -0.033554 -0.019059 0.015279 0.047673 0.043160 0.001048 -0.029573 -0.017298 -0.001287 0.007290 0.021827 0.016197 -0.009029 -0.038479 -0.005827 0.082385 0.129527 0.092824 0.030020 -0.021918 -0.048380 -0.055206 -0.064609 -0.043306 0.012545 0.022011 -0.028415 -0.058734 -0.067534 -0.073608 -0.026241 0.058421 0.083462 0.087669 0.127513 0.162607 0.158259 0.105604 0.061603 0.041751 -0.008327 -0.080093 -0.140718 -0.136304 -0.065667 -0.024092 -0.023726 -0.005750 0.012236 -0.000300 -0.019371 -0.013270 0.011196 -0.003282 -0.037288 -0.012550 0.018663 0.021646 0.011883 -0.032716 -0.067154 -0.051622 -0.008535 -0.008234 -0.048686 -0.067178 -0.051439 -0.034760 -0.009689 0.027047 0.047018 0.017290 0.009160 0.025447 -0.002131 -0.060853 -0.076046 -0.043805 -0.022721 -0.028383 -0.027396 -0.025391 -0.013896 0.006385 -0.016131 -0.060973
-0.039033 0.012747 0.044447 0.036467 -0.005037 -0.043140 -0.028056 0.004019 0.012310 0.002333 0.002663 0.014061 0.018130 0.000823 -0.006805 -0.013283 -0.041343 -0.042810 -0.020735 -0.020929 -0.023315 -0.022593 -0.005324 0.022096 0.007511 -0.016523 0.033773 0.089838 0.087085 0.041697 0.007797 0.025689 0.031224 0.019365 0.025615 0.039393 0.044283 0.041853 0.034803 0.056980 0.086678 0.067931 0.039711 0.028185 0.031480 0.038548 0.007293 -0.035887 0.000858 0.068348 0.074918 0.032269 -0.024495 -0.078951 -0.116744 -0.102126 -0.055242 -0.044101 -0.037955 -0.001145 0.038615 0.041323 0.031307 0.052468 0.113716 0.170767 0.161693 0.095314 0.028390 0.004099 0.008932 0.019427 0.031603 0.019288 -0.010884 -0.020208 -0.015707 -0.017647 -0.003510 0.001411 -0.004586 0.003044 0.023656 0.014275 -0.007959 -0.020944 -0.046819 -0.065754 -0.026292 -0.002634 -0.023264 -0.009573 0.043509 0.080500 0.070691 0.035651 0.015435 0.004446 0.010445 0.026312 0.060303 0.081603 0.034543 -0.040222 -0.060669 -0.043003 -0.020889 -0.008747 -0.019155 -0.031921 -0.024375 -0.006051 -0.004484 0.002513 0.027585 0.033629 0.015830 -0.018429 0.009659 0.078423 0.098023 0.058375 0.004553 -0.039878 -0.046796 -0.054014 -0.089793 -0.084441 -0.013660 0.015091 -0.022693 -0.029331 -0.012629 -0.002677 0.027148 0.053800 0.035580 0.032793 0.081931 0.134362 0.144221 0.115370 0.093169 0.059013 -0.001340 -0.048329 -0.086251 -0.098304 -0.045446 -0.018555 -0.046765 -0.043164 -0.010862 0.001191 -0.000142 0.008169 0.021301 -0.006905 -0.075857 -0.074927 -0.014577 0.027261 0.057911 0.027306 -0.057309 -0.091552 -0.056396 -0.038568 -0.050906 -0.041521 -0.004074 0.005428 -0.007204 0.023848 0.060754 0.021132 -0.020778 -0.017000 -0.016521 -0.020245 -0.006093 -0.002389 -0.020563 -0.042456 -0.040036 -0.030606 -0.002018 0.032064 -0.000270 -0.047845
-0.021755 0.034833 0.065816 0.041135 -0.010874 -0.034444 -0.021648 -0.019374 -0.009181 0.011376 0.037612 0.054444 0.049372 0.008443 -0.037735 -0.065391 -0.084716 -0.047019 0.010161 0.015606 0.011238 0.023644 0.043157 0.056931 0.026163 -0.021987 -0.005351 0.014829 -0.003246 -0.014087 0.000548 0.009721 -0.003447 0.006673 0.039892 0.063604 0.060848 0.038951 0.033758 0.060969 0.080063 0.058091 0.030558 0.000057 -0.017196 -0.007399 -0.034390 -0.072229 -0.005918 0.086374 0.082946 0.008426 -0.049820 -0.072369 -0.066297 -0.036615 -0.016825 -0.023370 -0.017967 0.010807 0.031032 0.024545 0.014679 0.032066 0.092200 0.162947 0.161954 0.086039 0.024805 0.012352 0.011002 0.022142 0.043051 0.030768 -0.016282 -0.036139 -0.020666 -0.001206 0.024150 0.021133 -0.006042 -0.008796 0.021995 0.041205 0.047716 0.047993 0.021350 -0.015173 0.007487 0.020708 -0.007471 -0.007294 0.042697 0.085815 0.070243 0.030130 0.007772 0.000119 0.012408 0.031342 0.062768 0.084750 0.051614 -0.001499 -0.025032 -0.031554 -0.036158 -0.035960 -0.040914 -0.034784 -0.022419 -0.020966 -0.028252 -0.030635 -0.024310 0.000182 0.036098 0.038003 0.054969 0.087789 0.079797 0.044321 0.008316 -0.021093 -0.013164 -0.024626 -0.073036 -0.073871 -0.009778 0.011326 -0.027645 -0.026118 0.001065 0.042564 0.084122 0.053665 -0.029315 -0.054400 -0.019091 0.015994 0.050096 0.083540 0.097894 0.041875 -0.024647 -0.025057 -0.024848 -0.031631 0.019440 0.029870 -0.019147 -0.028953 -0.005914 0.001358 0.009034 0.024974 0.031120 0.004670 -0.056263 -0.074790 -0.040499 0.000999 0.059506 0.058910 -0.013043 -0.049497 -0.028582 -0.017516 -0.023209 -0.005734 0.032039 0.026065 -0.014992 -0.002991 0.027427 -0.012312 -0.054873 -0.028830 0.015374 0.047597 0.055278 0.014212 -0.039990 -0.077888 -0.083156 -0.058938 -0.000380 0.046638 0.000275 -0.059339
-0.016035 0.029982 0.056760 0.033846 -0.008735 -0.003569 0.021068 0.008665 -0.000982 0.009524 0.037562 0.049038 0.044825 0.012070 -0.035117 -0.055185 -0.070493 -0.033428 0.027729 0.026573 0.003646 0.012669 0.029883 0.027314 -0.011556 -0.055187 -0.046931 -0.042214 -0.054424 -0.010633 0.050850 0.032772 -0.007909 0.022793 0.071587 0.077881 0.055476 0.026505 0.023111 0.061279 0.089634 0.060620 0.016300 -0.021639 -0.051318 -0.067419 -0.104425 -0.122521 -0.038524 0.060569 0.069460 0.006567 -0.031130 -0.023686 0.008480 0.038988 0.033102 0.009662 0.001340 -0.006686 -0.015375 -0.008551 -0.007162 -0.006652 0.032489 0.086735 0.074022 0.009306 -0.019525 0.002848 0.019013 0.023229 0.029621 0.022881 -0.007342 -0.015168 0.006057 0.018689 0.034342 0.045498 0.034494 0.012942 0.004791 0.020539 0.059594 0.093681 0.085789 0.040439 0.038410 0.054482 0.029557 0.007950 0.048323 0.092007 0.074177 0.043301 0.005968 -0.033464 -0.034672 0.005221 0.055920 0.080577 0.058155 0.033617 0.024697 0.009930 -0.005578 -0.005868 0.001956 0.017336 0.003775 -0.032029 -0.048588 -0.062562 -0.083658 -0.055801 0.020078 0.062481 0.068825 0.078288 0.076839 0.051547 0.010681 -0.009205 0.022186 0.025678 -0.007251 -0.009931 0.019094 0.008515 -0.043515 -0.049766 -0.023059 0.034163 0.098284 0.070354 -0.025375 -0.042737 -0.018442 -0.027550 -0.006158 0.043300 0.059008 -0.024847 -0.093774 -0.065239 -0.048884 -0.053208 0.005262 0.033644 0.003207 -0.016229 -0.012748 -0.005898 0.013738 0.031500 0.026992 -0.009243 -0.053562 -0.067035 -0.054985 -0.021506 0.035344 0.039993 -0.000613 -0.007145 0.010173 0.004212 -0.008196 -0.003154 0.006622 -0.013271 -0.044872 -0.034432 -0.006719 -0.033265 -0.061264 -0.028288 0.014496 0.040414 0.036891 -0.005465 -0.047306 -0.073778 -0.077151 -0.047987 0.006835 0.045813 -0.001121 -0.061280
-0.000581 0.019054 0.034155 0.025819 0.007215 0.028755 0.060014 0.050015 0.016594 -0.012146 -0.000153 0.014157 0.018752 0.009233 0.004399 0.013229 -0.006159 0.008111 0.040250 0.019313 -0.014078 -0.016317 -0.023307 -0.048320 -0.073613 -0.076556 -0.041925 -0.040018 -0.071971 -0.031088 0.041466 0.022751 -0.023795 0.010650 0.059408 0.055418 0.032741 0.014860 0.007087 0.039200 0.067496 0.029666 -0.025733 -0.045842 -0.051442 -0.071298 -0.104920 -0.104232 -0.038809 0.023838 0.035838 -0.001484 -0.020363 -0.001592 0.032086 0.059210 0.058031 0.036609 0.003362 -0.045731 -0.063335 -0.028374 -0.017124 -0.036940 -0.021219 0.006865 -0.013107 -0.055236 -0.050766 0.009640 0.037047 0.008666 -0.007966 0.000279 -0.006992 -0.006120 0.008484 -0.014417 -0.039085 -0.015041 0.022359 0.025866 0.000199 -0.007600 0.027568 0.072620 0.093523 0.069623 0.045837 0.042999 0.014260 -0.003404 0.042246 0.079728 0.070981 0.063502 0.026108 -0.037013 -0.051683 0.005908 0.074849 0.093571 0.054710 0.028455 0.032167 0.020220 -0.001602 0.001710 0.035497 0.079580 0.057606 0.003030 -0.012655 -0.038355 -0.085857 -0.083301 -0.022539 0.022298 0.033134 0.052858 0.077299 0.064447 0.014369 -0.008090 0.021687 0.036283 0.036780 0.039581 0.039692 0.010529 -0.043369 -0.060156 -0.047825 -0.011866 0.040375 0.050813 0.019812 0.040316 0.048584 0.013599 0.026764 0.065528 0.051506 -0.046746 -0.104671 -0.094014 -0.118888 -0.151027 -0.102259 -0.028826 -0.022326 -0.059156 -0.058702 -0.015322 0.028344 0.032661 0.005120 -0.036393 -0.056224 -0.048498 -0.014268 0.034310 0.062297 0.043322 0.016275 0.022652 0.028496 0.004705 -0.010209 -0.011673 -0.031415 -0.065171 -0.073449 -0.037894 0.014267 0.008742 -0.035629 -0.056709 -0.061447 -0.051772 -0.039565 -0.040801 -0.043183 -0.046780 -0.034754 0.000801 0.024428 0.038806 0.019959 -0.010052
0.007206 0.006181 0.011109 0.014035 0.011335 0.024397 0.043817 0.051725 0.039121 0.008125 0.004714 -0.007447 -0.021982 -0.019742 0.007856 0.041165 0.050994 0.070773 0.056010 -0.008651 -0.038718 -0.022703 -0.027602 -0.051048 -0.052996 -0.027204 0.001969 -0.015702 -0.067076 -0.063065 -0.017867 -0.028540 -0.054636 -0.010581 0.028239 0.014470 -0.006000 -0.014032 -0.009075 0.020720 0.027363 -0.013037 -0.057724 -0.060833 -0.043167 -0.042539 -0.054192 -0.045308 -0.004292 0.026644 0.036302 0.011405 -0.002276 0.012036 0.038445 0.057659 0.058519 0.034750 -0.019375 -0.086334 -0.091586 -0.018686 0.016231 -0.007695 -0.016621 -0.021829 -0.037215 -0.046386 -0.021519 0.041307 0.052066 -0.010335 -0.046861 -0.029322 -0.023342 -0.027312 -0.010659 -0.038598 -0.092830 -0.090095 -0.049930 -0.012735 -0.011470 -0.035870 -0.024201 0.024335 0.066992 0.062814 0.020786 -0.027317 -0.061286 -0.031804 0.039343 0.068090 0.060242 0.060581 0.044802 -0.003430 -0.034089 -0.002911 0.064878 0.098216 0.059603 0.024572 0.022215 -0.002454 -0.041095 -0.040458 0.010675 0.078039 0.074363 0.032060 0.029289 0.010532 -0.024101 -0.029426 -0.011967 0.009134 0.039128 0.067707 0.085068 0.077518 0.036259 0.010447 0.019029 0.026951 0.039289 0.032572 0.020284 0.000496 -0.036981 -0.055232 -0.057545 -0.050883 -0.030986 -0.000234 0.044267 0.087592 0.070610 0.049127 0.089170 0.126794 0.085509 0.001744 -0.022720 -0.034195 -0.094902 -0.148954 -0.137482 -0.063704 -0.042406 -0.083567 -0.061144 0.027028 0.081485 0.052955 -0.016829 -0.054059 -0.036144 0.002285 0.054391 0.085917 0.067864 0.036872 0.034911 0.056946 0.045150 0.000396 -0.015041 -0.008106 -0.024761 -0.056803 -0.061870 -0.018095 0.046521 0.050238 -0.011929 -0.077143 -0.115054 -0.112562 -0.091704 -0.067243 -0.044213 -0.033447 -0.001856 0.050190 0.049604 0.031789 0.025876 0.022205
0.016731 -0.000294 -0.004030 0.002437 0.006899 0.009805 0.012912 0.036238 0.063547 0.056532 0.035395 -0.020220 -0.057128 -0.044785 -0.016769 0.017318 0.061306 0.102109 0.070502 -0.011384 -0.033124 -0.000590 0.015876 0.016929 0.022436 0.033102 0.025457 -0.008454 -0.057210 -0.080444 -0.057649 -0.056575 -0.063050 -0.014579 0.016854 -0.012468 -0.047402 -0.045868 -0.017801 0.013618 0.003949 -0.025741 -0.051125 -0.052565 -0.050784 -0.056580 -0.042525 -0.016918 0.017143 0.047071 0.065083 0.047618 0.031388 0.036280 0.053792 0.060176 0.046526 0.011903 -0.046312 -0.104786 -0.099614 -0.008454 0.057149 0.053895 0.031396 -0.001850 -0.020094 -0.004126 0.027933 0.056060 0.039471 -0.024784 -0.062144 -0.050994 -0.045769 -0.052577 -0.021937 -0.000798 -0.026288 -0.061637 -0.069932 -0.042653 -0.031983 -0.067411 -0.075349 -0.020514 0.041418 0.046181 -0.007880 -0.079522 -0.093069 -0.010119 0.072752 0.081116 0.047947 0.029431 0.036431 0.019562 -0.026976 -0.041509 0.003228 0.057611 0.055980 0.032035 0.005350 -0.038280 -0.071877 -0.063764 -0.017528 0.040571 0.057530 0.043255 0.051677 0.049043 0.048685 0.053164 0.038994 0.039261 0.072704 0.089155 0.082775 0.079027 0.065480 0.047614 0.025212 0.011581 0.017705 0.000172 -0.006723 0.001150 -0.014439 -0.040358 -0.062800 -0.060300 -0.027942 0.021089 0.091303 0.113144 0.075364 0.065231 0.089867 0.098641 0.059404 0.016593 0.039192 0.060981 0.050905 0.016340 -0.036385 -0.044825 -0.043406 -0.061645 -0.028411 0.050761 0.097851 0.064037 -0.018760 -0.061258 -0.040426 0.019451 0.065377 0.045404 -0.022201 -0.059014 -0.027212 0.029245 0.023199 -0.026385 -0.039735 -0.017390 0.006670 0.013888 -0.005600 -0.001503 0.042834 0.044902 -0.017648 -0.083101 -0.109197 -0.097076 -0.089930 -0.080074 -0.058687 -0.039061 -0.004604 0.045676 0.050751 0.036887 0.031406 0.026135
0.047178 0.012514 -0.011972 -0.026297 -0.024527 -0.004134 0.009688 0.034764 0.070238 0.065410 0.039581 -0.009995 -0.044694 -0.036464 -0.025830 -0.002975 0.041638 0.083636 0.072756 0.019753 -0.004441 0.003323 0.016897 0.036328 0.037041 0.018580 -0.012677 -0.041516 -0.073859 -0.108061 -0.080283 -0.043451 -0.037086 -0.001740 0.024729 -0.017033 -0.072689 -0.062631 -0.018024 0.012409 0.005750 -0.014384 -0.034787 -0.037939 -0.054440 -0.077236 -0.055929 -0.026155 0.001664 0.041782 0.079674 0.083990 0.073104 0.069250 0.075324 0.068378 0.035164 -0.003221 -0.039847 -0.071344 -0.066339 0.009407 0.084862 0.098364 0.068174 0.019045 -0.005184 0.026910 0.051817 0.025375 -0.013425 -0.038758 -0.046432 -0.049315 -0.056188 -0.059427 -0.032252 0.011813 0.023099 -0.020208 -0.046101 -0.029771 -0.031441 -0.076977 -0.101766 -0.053560 0.020701 0.040200 0.002877 -0.051429 -0.045634 0.034715 0.090085 0.072684 0.026753 0.005017 0.012205 0.000654 -0.042155 -0.069504 -0.056442 0.005966 0.058633 0.059497 0.000801 -0.067215 -0.081504 -0.054246 -0.027495 0.001648 0.026630 0.036679 0.048176 0.051852 0.062543 0.056923 0.039987 0.044153 0.064758 0.069803 0.065175 0.070908 0.087177 0.091865 0.050895 0.023217 0.029822 0.007565 0.005835 0.034537 0.030344 -0.010033 -0.043479 -0.020272 0.041013 0.090255 0.123740 0.106976 0.078758 0.075446 0.058457 0.038516 0.012800 -0.010840 0.034663 0.114516 0.177323 0.154236 0.048382 -0.037805 -0.062743 -0.040757 0.001677 0.036065 0.061817 0.051302 -0.000965 -0.042996 -0.047681 -0.004765 0.020991 -0.032566 -0.127751 -0.168437 -0.115843 -0.041262 -0.026131 -0.045705 -0.049117 -0.029974 0.029763 0.083261 0.048686 0.004226 0.038420 0.057507 -0.006599 -0.070984 -0.072933 -0.049141 -0.058468 -0.070687 -0.064849 -0.049419 -0.030077 0.012394 0.044944 0.058995 0.048613 0.021318
0.048136 0.014726 -0.024920 -0.068431 -0.071963 -0.018384 0.023191 0.039633 0.063623 0.066486 0.061374 0.024166 -0.028775 -0.048518 -0.041420 -0.002277 0.037941 0.061565 0.064845 0.045702 0.020718 -0.004351 -0.017892 -0.004059 -0.012640 -0.048171 -0.070559 -0.077568 -0.100322 -0.137250 -0.100951 -0.038515 -0.036154 -0.022520 0.007849 -0.015804 -0.059178 -0.032642 0.015584 0.022251 0.005720 -0.010006 -0.020250 -0.018642 -0.040130 -0.056989 -0.028240 -0.003369 -0.003069 0.008976 0.051589 0.081233 0.074541 0.060614 0.060970 0.059948 0.035142 0.005307 -0.018734 -0.041800 -0.041909 0.016762 0.084244 0.100032 0.076369 0.029595 0.006370 0.040784 0.045852 -0.013360 -0.047652 -0.036210 -0.036816 -0.065591 -0.079706 -0.069015 -0.057379 -0.039783 -0.011519 -0.008543 -0.002191 0.013081 -0.007491 -0.054486 -0.080231 -0.057636 -0.004696 0.023650 0.014635 -0.011619 -0.003632 0.038339 0.062164 0.044304 0.022373 0.026183 0.017611 -0.025614 -0.062424 -0.074759 -0.077783 -0.015008 0.068924 0.082674 0.023943 -0.036855 -0.046290 -0.035441 -0.044175 -0.041221 -0.019959 0.004724 0.029520 0.039460 0.027934 -0.013738 -0.033657 -0.016780 0.006904 0.024072 0.031986 0.038098 0.063011 0.079782 0.048430 0.027881 0.041407 0.011105 -0.006691 0.024402 0.035417 0.007568 -0.006933 0.030487 0.075501 0.099653 0.102199 0.072828 0.058374 0.063870 0.060159 0.061627 0.036401 -0.009933 0.027964 0.152840 0.253402 0.208272 0.069818 -0.039914 -0.072863 -0.021001 0.034990 0.034555 0.031807 0.027637 -0.002231 -0.022443 -0.024872 -0.008914 -0.002078 -0.045670 -0.125183 -0.172196 -0.137089 -0.084460 -0.055771 -0.032826 -0.024109 -0.023920 0.041812 0.109728 0.063194 0.000873 0.046854 0.097225 0.046923 -0.012916 -0.011740 0.000965 -0.019322 -0.041825 -0.045866 -0.036863 -0.028449 0.000185 0.030559 0.043125 0.021261 -0.019532
0.039307 0.017016 -0.014313 -0.061364 -0.075736 -0.025039 0.029159 0.041064 0.041151 0.055302 0.081690 0.051741 -0.010324 -0.048216 -0.046830 -0.002875 0.022093 0.020397 0.035589 0.051508 0.044821 0.011116 -0.033007 -0.048157 -0.075277 -0.109277 -0.085128 -0.046657 -0.060252 -0.101888 -0.088049 -0.054616 -0.075743 -0.074139 -0.030703 -0.021786 -0.030040 0.013140 0.059054 0.042565 0.010751 0.003426 0.004378 -0.006345 -0.031217 -0.023303 0.020720 0.050617 0.036177 0.004280 0.011042 0.019290 0.004660 0.004496 0.015678 0.027336 0.037374 0.036098 0.009404 -0.025076 -0.021841 0.026008 0.073060 0.084721 0.077801 0.046547 0.022774 0.041596 0.042770 -0.001026 -0.019072 -0.015497 -0.045460 -0.087750 -0.088100 -0.060861 -0.068856 -0.092548 -0.060353 0.000093 0.048181 0.062482 0.012667 -0.040072 -0.037290 -0.021515 -0.008835 -0.002722 -0.013689 -0.017005 0.007913 0.033938 0.046586 0.038859 0.031779 0.046420 0.028093 -0.049151 -0.091045 -0.074121 -0.048058 0.012614 0.074803 0.079146 0.057755 0.038086 0.016419 -0.011391 -0.030334 -0.021520 -0.014022 0.001262 0.031998 0.044533 0.007267 -0.061662 -0.097482 -0.085035 -0.043140 0.000453 0.008424 0.003141 0.018939 0.024048 -0.005528 -0.029785 -0.014075 -0.026451 -0.043940 -0.015960 0.004775 -0.002955 -0.005423 0.009601 0.027813 0.056567 0.079411 0.061985 0.040469 0.041012 0.053206 0.059881 0.043125 0.009694 0.031343 0.161179 0.269463 0.217811 0.093281 -0.001021 -0.048506 -0.019955 0.038596 0.039591 0.022252 0.005173 -0.028848 -0.037635 -0.026959 -0.015906 -0.005019 0.004362 -0.014746 -0.061468 -0.080026 -0.088758 -0.079921 -0.050617 -0.028031 -0.009536 0.045715 0.075366 0.021740 -0.008360 0.051306 0.096950 0.063282 0.027967 0.036976 0.035720 0.012556 0.002641 0.001650 -0.001830 -0.006620 -0.004815 -0.006600 -0.009181 -0.022386 -0.047614
0.054393 0.041183 0.034817 -0.002615 -0.040861 -0.026559 0.033871 0.077474 0.058544 0.049048 0.073553 0.063969 0.040272 0.014531 -0.003938 0.002494 -0.008005 -0.022993 0.016526 0.062866 0.073060 0.049014 -0.001367 -0.050219 -0.103504 -0.125933 -0.067057 0.001855 0.020845 -0.006162 -0.024120 -0.032452 -0.067431 -0.067998 -0.032637 -0.032399 -0.037041 0.008521 0.067201 0.060810 0.033671 0.037902 0.036171 0.003779 -0.026394 -0.011761 0.019985 0.034149 0.018293 -0.021150 -0.044044 -0.065977 -0.072185 -0.021933 0.013958 0.018263 0.035616 0.052964 0.038040 0.006185 0.009083 0.030664 0.050623 0.060296 0.059122 0.036160 0.011977 0.018143 0.039541 0.037823 0.028348 0.000078 -0.043900 -0.053196 -0.031787 -0.027564 -0.079460 -0.149160 -0.134759 -0.038376 0.043418 0.066458 0.011678 -0.042170 -0.010120 0.033041 0.033238 0.006529 -0.040389 -0.045304 -0.005168 0.018114 0.034696 0.030835 0.012981 0.021680 0.018870 -0.053321 -0.093456 -0.057063 0.007043 0.060892 0.083787 0.078958 0.084122 0.080667 0.043712 0.008666 0.019705 0.054202 0.045704 0.041221 0.057988 0.057906 0.013464 -0.044034 -0.058541 -0.045448 -0.011732 0.032539 0.033355 0.019493 0.018259 0.002753 -0.043525 -0.077331 -0.046584 -0.004554 0.009141 0.015960 0.004584 -0.012331 -0.015328 -0.015358 -0.003114 0.025776 0.043141 0.027828 0.012910 0.018334 0.019979 0.011169 0.016842 0.020131 0.029251 0.116698 0.184902 0.144131 0.086236 0.044642 -0.000408 -0.003497 0.046729 0.049332 -0.001863 -0.049396 -0.079394 -0.067108 -0.046160 -0.047417 -0.039653 0.007137 0.045276 0.035654 -0.003667 -0.056725 -0.088842 -0.086942 -0.044626 0.016177 0.044196 0.006589 -0.051148 -0.030129 0.039683 0.060766 0.030568 0.022537 0.056328 0.062544 0.048644 0.057878 0.058602 0.032949 0.002618 -0.014625 -0.026111 -0.020972 -0.009108 -0.012382
0.061458 0.059106 0.073872 0.046527 -0.009451 -0.035330 0.028878 0.130767 0.124040 0.075324 0.065054 0.064404 0.071028 0.059814 0.039234 0.030045 0.001781 -0.027856 0.009599 0.066889 0.092095 0.080321 0.037738 -0.026377 -0.095111 -0.115244 -0.073528 -0.021509 0.032025 0.048335 0.029661 -0.006161 -0.051253 -0.047237 -0.022711 -0.033880 -0.053480 -0.030995 0.031633 0.050607 0.044767 0.053317 0.046320 0.021687 -0.008101 -0.007845 0.009735 0.003205 -0.031729 -0.074848 -0.096081 -0.114455 -0.098170 -0.010447 0.026563 0.001739 0.002524 0.021744 0.031080 0.019066 0.011894 0.002263 0.000658 0.012854 0.013819 -0.006341 -0.028621 -0.026782 0.015316 0.050637 0.048988 -0.000220 -0.047898 -0.036619 -0.014414 -0.038557 -0.112143 -0.196077 -0.198030 -0.084319 0.010606 0.028051 -0.023751 -0.073693 -0.030089 0.038304 0.054039 0.028053 -0.033461 -0.049818 -0.019192 -0.017235 -0.001837 -0.002134 -0.027661 -0.021574 -0.006607 -0.046075 -0.058220 -0.026663 0.016747 0.055810 0.077924 0.080857 0.085974 0.080692 0.041980 0.009569 0.035163 0.079384 0.057986 0.035673 0.035828 0.038439 0.024706 0.002249 0.028050 0.063609 0.082756 0.099926 0.087674 0.083772 0.078289 0.041543 -0.030112 -0.086215 -0.059400 0.018241 0.064746 0.055595 0.015543 -0.001780 0.005458 0.009756 0.024585 0.036762 0.028503 0.005091 -0.018764 -0.033330 -0.057869 -0.056715 -0.002724 0.026315 0.020308 0.049890 0.053819 0.020095 0.029529 0.043016 0.023287 0.023664 0.066711 0.060758 -0.025628 -0.098037 -0.106638 -0.059231 -0.024325 -0.038406 -0.046233 -0.012327 0.033789 0.063338 0.039513 -0.014981 -0.065729 -0.088312 -0.041203 0.033632 0.034749 -0.041318 -0.104138 -0.078262 -0.018864 0.008845 0.002934 0.017715 0.060506 0.067621 0.057481 0.063216 0.063972 0.049111 0.015362 -0.008529 -0.011694 0.003059 0.019850 0.017332
-0.008691 0.011586 0.045321 0.031823 -0.027802 -0.075299 -0.012363 0.120677 0.142599 0.087555 0.052476 0.035972 0.034017 0.032159 0.037423 0.049468 0.035454 -0.004211 -0.006876 0.023721 0.055460 0.060630 0.042565 0.007092 -0.054839 -0.091820 -0.088075 -0.059632 0.001131 0.037564 0.020220 -0.035410 -0.082516 -0.058342 -0.029319 -0.016273 -0.016185 -0.023568 -0.007365 0.010792 0.041462 0.065449 0.054706 0.045321 0.026580 0.021404 0.030983 0.004214 -0.047992 -0.094140 -0.110595 -0.116782 -0.088816 -0.010774 0.004034 -0.038329 -0.051641 -0.036280 -0.016855 -0.015565 -0.015062 -0.017470 -0.024161 -0.012671 -0.010724 -0.028678 -0.047229 -0.051105 -0.002086 0.059147 0.068196 0.020967 -0.032100 -0.049865 -0.045247 -0.056121 -0.100915 -0.154864 -0.156643 -0.065091 -0.004039 -0.019694 -0.074707 -0.102051 -0.040232 0.029510 0.050697 0.046406 0.008029 -0.004618 0.015214 -0.002724 -0.009905 -0.025938 -0.053846 -0.047406 -0.027904 -0.035378 -0.023930 -0.008805 -0.003853 0.023667 0.056754 0.058624 0.057411 0.061527 0.027757 -0.014503 0.004840 0.061931 0.057259 0.016217 -0.013046 0.005538 0.050825 0.071610 0.103691 0.130976 0.130763 0.125512 0.114232 0.130403 0.131680 0.078326 -0.002059 -0.062158 -0.054906 -0.004897 0.027251 0.020370 0.005713 0.023077 0.043895 0.046188 0.053023 0.048198 0.037673 0.020485 -0.030515 -0.092688 -0.143806 -0.123505 -0.031383 0.012526 0.009894 0.009170 -0.034712 -0.072242 -0.032245 0.004769 -0.000568 0.000053 0.029548 0.041782 -0.004565 -0.052872 -0.059445 -0.027506 -0.001446 -0.006848 -0.015960 -0.005112 0.009193 0.034293 0.037856 0.008227 -0.054585 -0.107408 -0.075102 0.005298 0.019332 -0.042370 -0.102676 -0.103091 -0.067197 -0.030648 -0.017735 0.013209 0.064475 0.070667 0.051637 0.040775 0.045609 0.062839 0.042713 0.012418 0.001216 -0.007592 -0.008018 -0.008681
-0.113551 -0.062837 -0.004501 -0.009266 -0.076830 -0.130250 -0.069237 0.050105 0.068276 0.034254 0.023108 -0.001929 -0.024618 -0.014623 0.015677 0.036251 0.038279 0.011516 -0.020041 -0.027712 -0.007402 0.010541 0.021521 0.015979 -0.033010 -0.063468 -0.060366 -0.037578 -0.004057 0.007205 -0.021194 -0.081354 -0.111615 -0.065679 -0.033898 0.004349 0.045256 0.019770 -0.027365 -0.013415 0.066600 0.113423 0.082043 0.051115 0.043904 0.043370 0.030899 -0.017438 -0.059291 -0.084707 -0.092475 -0.090707 -0.069648 -0.025739 -0.014138 -0.043180 -0.071654 -0.080929 -0.082552 -0.074393 -0.033717 0.000942 -0.002214 0.005872 0.017542 0.011889 -0.014249 -0.038385 0.002848 0.072327 0.081041 0.048800 0.012455 -0.020028 -0.027109 -0.027666 -0.050888 -0.073331 -0.059161 -0.008913 -0.004435 -0.037120 -0.072258 -0.075099 -0.010641 0.045727 0.062619 0.056061 0.023366 0.020446 0.049005 0.038651 0.011709 -0.022832 -0.046110 -0.032299 -0.011515 -0.014601 -0.016488 -0.016229 -0.016096 0.027091 0.068569 0.052872 0.032468 0.026382 -0.013302 -0.052582 -0.027363 0.044743 0.071867 0.027931 -0.034791 -0.023329 0.065272 0.133277 0.154818 0.135896 0.093269 0.072692 0.071489 0.090399 0.093891 0.044324 -0.022637 -0.052230 -0.031271 -0.013859 -0.022585 -0.038606 -0.033695 0.005528 0.047288 0.064510 0.060394 0.029158 0.020214 0.036247 0.007581 -0.064380 -0.128744 -0.126075 -0.062415 -0.031584 -0.015552 -0.004256 -0.047458 -0.092348 -0.057069 -0.017174 -0.023846 -0.050743 -0.056290 -0.027403 -0.010025 -0.014108 -0.025499 -0.023910 -0.010097 -0.000484 -0.004732 0.000965 -0.001965 -0.001142 0.007245 -0.010654 -0.088011 -0.156390 -0.134183 -0.052841 -0.012571 -0.032036 -0.071645 -0.082929 -0.063129 -0.040189 -0.030785 0.010422 0.078325 0.089598 0.058208 0.042550 0.058370 0.087991 0.068006 0.028485 -0.001828 -0.046732 -0.065992 -0.058279
-0.136884 -0.074581 -0.008676 -0.015970 -0.091543 -0.151144 -0.106321 -0.014810 -0.008574 -0.020732 0.009927 -0.000914 -0.033868 -0.020704 0.017688 0.024215 0.011718 -0.004806 -0.039654 -0.060530 -0.044297 -0.024076 -0.014590 -0.024416 -0.043833 -0.028070 -0.005464 0.011849 0.018316 0.007533 -0.018573 -0.070972 -0.089860 -0.032624 0.003598 0.028430 0.045301 -0.007506 -0.064975 -0.024871 0.088458 0.139538 0.072906 -0.002956 -0.000887 0.019572 0.000308 -0.053040 -0.065106 -0.048866 -0.031702 -0.023985 -0.018882 -0.012934 -0.009425 -0.022472 -0.063196 -0.112055 -0.135892 -0.105729 -0.034483 0.014079 0.018750 0.021058 0.039183 0.057879 0.027382 -0.023970 -0.008149 0.046712 0.041872 0.022746 0.034531 0.037830 0.019643 -0.008716 -0.033257 -0.025662 0.015750 0.035546 -0.000908 -0.025738 -0.028161 -0.037028 -0.014233 0.022217 0.045103 0.022737 -0.028644 -0.023365 0.032856 0.048330 0.012541 -0.031339 -0.046052 -0.019038 0.002460 -0.006420 -0.012175 -0.007504 0.005601 0.056675 0.092213 0.062376 0.017616 -0.011754 -0.045425 -0.059728 -0.028640 0.022658 0.047365 0.020811 -0.038451 -0.045948 0.040277 0.126573 0.138141 0.093438 0.030797 0.006087 0.015113 0.032004 0.035194 0.002114 -0.053185 -0.067924 -0.024880 -0.008414 -0.035413 -0.070032 -0.088722 -0.072076 -0.016465 0.037188 0.049874 0.014640 0.000513 0.039790 0.060954 0.028886 -0.034527 -0.091725 -0.091294 -0.081222 -0.069040 -0.045561 -0.047966 -0.072160 -0.037627 0.015115 0.012914 -0.045688 -0.097157 -0.081184 -0.048394 -0.039781 -0.045722 -0.042796 -0.018508 -0.005051 -0.010705 0.013516 0.037785 0.027223 0.006705 -0.023394 -0.086645 -0.124384 -0.104108 -0.052453 -0.014667 -0.009692 -0.026769 -0.033096 -0.028268 -0.019030 -0.003560 0.039020 0.083824 0.069944 0.030525 0.029375 0.060114 0.089355 0.069734 0.025385 -0.000742 -0.031943 -0.052875 -0.060117
-0.077825 -0.029704 0.012827 -0.002940 -0.069949 -0.117078 -0.081399 -0.022371 -0.038428 -0.053297 -0.003489 0.008591 -0.022311 -0.008604 0.046491 0.052868 0.012869 -0.007507 -0.032338 -0.052734 -0.036978 -0.033126 -0.053435 -0.056101 -0.024137 0.011335 0.017049 0.012492 0.013022 0.010830 0.005028 -0.030407 -0.051768 -0.005587 0.038938 0.044489 0.000193 -0.068008 -0.098519 -0.052319 0.039394 0.082256 0.024903 -0.052600 -0.041490 -0.002832 -0.010028 -0.051130 -0.044056 -0.001793 0.034289 0.042609 0.043706 0.033717 0.009434 -0.018493 -0.064074 -0.122648 -0.140957 -0.098234 -0.040877 -0.011420 0.006265 0.012154 0.017046 0.036084 0.021712 -0.019208 -0.021516 0.007229 -0.017839 -0.034723 0.013078 0.047295 0.011263 -0.043480 -0.053677 -0.008234 0.044474 0.044825 0.007735 -0.011219 -0.005443 -0.022297 -0.028936 -0.006410 0.019295 -0.007636 -0.067024 -0.059411 0.016976 0.064923 0.032256 -0.028168 -0.058172 -0.031707 -0.004240 0.005479 0.025586 0.039862 0.051613 0.078247 0.089058 0.062903 0.027390 -0.002306 -0.019187 -0.014477 0.005596 0.019487 0.023955 0.017730 -0.016992 -0.053895 -0.017217 0.048462 0.056130 0.034272 0.007676 0.003831 0.016166 0.017769 0.023486 0.021812 -0.017113 -0.038255 -0.002460 0.014200 -0.011730 -0.048085 -0.086271 -0.108715 -0.063495 0.016389 0.064308 0.055699 0.030862 0.058247 0.094681 0.084347 0.021713 -0.067372 -0.082912 -0.066456 -0.067562 -0.051303 -0.027214 -0.029044 -0.002980 0.045625 0.048945 -0.004172 -0.057140 -0.060114 -0.061090 -0.073106 -0.072543 -0.066277 -0.045614 -0.034676 -0.026514 0.025309 0.072590 0.057178 0.026550 -0.000779 -0.032900 -0.035368 -0.024003 -0.020023 -0.009118 0.002257 0.007241 0.009790 0.004355 0.014251 0.038287 0.053233 0.033915 -0.009695 -0.024718 0.007352 0.044791 0.056117 0.036962 0.003790 0.000598 0.006848 -0.000583 -0.025756
-0.001786 0.015982 0.020522 0.007182 -0.026142 -0.037514 -0.005506 0.004546 -0.054063 -0.077824 -0.018701 0.007688 -0.013816 0.003079 0.057013 0.061640 0.016346 0.007498 -0.004879 -0.049345 -0.057134 -0.064273 -0.075082 -0.021170 0.037913 0.030796 -0.012882 -0.047748 -0.048771 -0.038014 -0.015296 0.003421 0.010712 0.029398 0.049492 0.048866 -0.001807 -0.061400 -0.091591 -0.069421 -0.017250 0.017804 0.012617 -0.023262 -0.016342 0.005499 -0.002208 -0.013333 0.002153 0.027654 0.050872 0.061120 0.072221 0.076936 0.047217 -0.011930 -0.069350 -0.111277 -0.096666 -0.054513 -0.051149 -0.063221 -0.028731 0.006657 0.011021 0.005621 -0.007215 -0.021503 -0.024988 -0.015875 -0.044520 -0.054837 -0.004664 0.024133 -0.022035 -0.076648 -0.071422 -0.012909 0.037872 0.037998 0.028701 0.029140 0.036463 0.023342 0.014091 0.028363 0.042387 0.012100 -0.044162 -0.044035 0.029602 0.104971 0.086831 0.014224 -0.041418 -0.042482 -0.016546 0.021371 0.059193 0.064304 0.070800 0.095197 0.103058 0.087863 0.078208 0.058363 0.035834 0.030050 0.025279 0.014914 0.017410 0.032390 0.021328 -0.035660 -0.055640 -0.029946 -0.018548 0.005657 0.025926 0.037731 0.038854 0.016459 0.025163 0.042162 0.004083 -0.037558 -0.013308 0.018608 0.011164 -0.002344 -0.021018 -0.046239 -0.015994 0.042134 0.090725 0.104654 0.070420 0.063733 0.082130 0.070013 0.028963 -0.025313 -0.020300 0.006480 0.002413 -0.008775 -0.000847 0.014638 0.030707 0.036163 0.033307 0.034348 0.032664 0.016813 -0.036196 -0.081967 -0.081611 -0.078503 -0.072002 -0.057828 -0.023595 0.031832 0.069728 0.058430 0.041091 0.026257 0.019147 0.029588 0.022986 -0.009594 -0.034740 -0.027526 -0.006789 0.002637 0.002076 0.008679 0.022034 0.018116 -0.026270 -0.063778 -0.047387 -0.001972 0.026596 0.016282 -0.004700 -0.015614 -0.006293 0.003624 0.000709 -0.019029
0.040848 0.034133 0.017676 0.018501 0.026954 0.047905 0.075132 0.058996 -0.017602 -0.042786 0.002666 0.007630 -0.005083 0.029850 0.056674 0.038266 0.011348 0.031278 0.017450 -0.080298 -0.126643 -0.101720 -0.043834 0.057724 0.095227 0.031777 -0.050449 -0.097013 -0.095416 -0.077455 -0.032059 0.041205 0.089812 0.091725 0.071057 0.056559 0.028939 -0.016077 -0.059113 -0.050872 -0.010661 0.020022 0.049784 0.036039 0.012293 -0.003530 -0.013648 0.018627 0.049282 0.042694 0.032788 0.047160 0.069500 0.095325 0.099244 0.035937 -0.046224 -0.084787 -0.042516 0.006043 -0.016205 -0.045050 -0.004327 0.042418 0.052624 0.037655 0.006286 -0.020752 -0.034042 -0.033839 -0.045966 -0.038939 -0.003745 -0.000920 -0.036638 -0.061266 -0.058257 -0.025156 0.018157 0.030409 0.048502 0.083127 0.104474 0.092897 0.076754 0.079236 0.080541 0.046988 -0.010770 -0.033546 0.016118 0.101338 0.104502 0.034596 -0.030090 -0.055041 -0.044906 -0.005116 0.020155 0.007184 0.030083 0.090306 0.109472 0.084750 0.088843 0.087578 0.064983 0.047769 0.023578 -0.004913 -0.006431 0.029402 0.051197 0.007822 -0.042661 -0.059425 -0.054054 -0.006503 0.029806 0.037889 0.032496 0.017530 0.035870 0.045452 -0.011356 -0.089171 -0.082633 -0.029981 -0.017797 -0.033421 -0.035252 -0.006164 0.058246 0.078477 0.082790 0.093839 0.052789 0.017372 0.048210 0.078711 0.072529 0.039537 0.035029 0.044239 0.036733 0.011126 0.000890 0.036589 0.050505 0.020522 0.023310 0.080298 0.122865 0.104211 0.027271 -0.048458 -0.072113 -0.079324 -0.066854 -0.036766 0.009875 0.042051 0.063343 0.068310 0.059978 0.030818 0.024138 0.055272 0.050876 0.002918 -0.048782 -0.049127 -0.026968 -0.018956 -0.010131 -0.012074 -0.017935 -0.014877 -0.035934 -0.054448 -0.032190 -0.018818 -0.025954 -0.034323 -0.035866 -0.022259 -0.004412 -0.004175 -0.012792 -0.021199
0.040692 0.030254 0.016261 0.024708 0.056091 0.091030 0.119648 0.121762 0.067764 0.028453 0.020227 -0.011037 -0.016703 0.028817 0.031197 0.004773 0.018395 0.081736 0.077770 -0.050747 -0.128243 -0.082622 -0.000324 0.087057 0.106760 0.044803 -0.021345 -0.050283 -0.043805 -0.025542 0.011051 0.080337 0.136219 0.120510 0.064975 0.038273 0.025792 -0.004264 -0.026466 -0.008997 0.017588 0.023585 0.045336 0.038420 0.006045 -0.014190 -0.011120 0.042918 0.083004 0.061016 0.028344 0.032693 0.046201 0.083236 0.118239 0.062974 -0.048883 -0.101610 -0.042011 0.028845 0.042890 0.043096 0.073086 0.101989 0.120809 0.130772 0.095009 0.017182 -0.037568 -0.047964 -0.045932 -0.032592 -0.011862 -0.021044 -0.032850 -0.018575 -0.014061 -0.015581 0.004482 0.023707 0.053164 0.097297 0.128321 0.122493 0.104943 0.098270 0.089694 0.063376 0.014898 -0.036643 -0.031782 0.040881 0.073851 0.016922 -0.055443 -0.069658 -0.047629 -0.011363 -0.010451 -0.048256 -0.027190 0.043829 0.070161 0.044115 0.050520 0.051407 0.038037 0.034201 0.014084 -0.028007 -0.041917 0.004254 0.049013 0.037470 0.007372 -0.021212 -0.038703 -0.015073 0.008108 0.015917 0.026562 0.038912 0.053577 0.038331 -0.026762 -0.116922 -0.135857 -0.090676 -0.071679 -0.111408 -0.123687 -0.042798 0.055870 0.043154 0.011549 0.036333 0.013473 -0.034744 0.012634 0.090253 0.102402 0.062152 0.037470 0.022827 0.016200 0.016839 0.020417 0.057074 0.062181 0.035877 0.050245 0.106374 0.145859 0.144915 0.102340 0.028384 -0.033731 -0.069973 -0.048225 0.008797 0.063313 0.077755 0.084177 0.091726 0.079206 0.022492 -0.004180 0.047612 0.062792 0.017893 -0.027244 -0.019564 -0.001039 -0.001319 0.002039 -0.016687 -0.036800 -0.017422 -0.017660 -0.036098 -0.021964 -0.043919 -0.091043 -0.092137 -0.060859 -0.016697 0.018160 0.022038 0.012968 0.003955
0.030093 0.019014 0.004206 -0.000600 0.022411 0.056721 0.090466 0.111572 0.074300 0.024114 -0.003137 -0.030008 -0.041765 -0.019796 -0.017156 -0.005212 0.052152 0.128054 0.127751 0.023959 -0.046266 -0.028459 0.001014 0.037423 0.057462 0.050746 0.046760 0.036902 0.022118 0.021953 0.042266 0.091299 0.141811 0.105235 0.019317 -0.011274 -0.012442 -0.027261 -0.016538 0.021584 0.035739 0.006082 -0.010128 -0.003784 0.001390 0.011323 0.029853 0.063668 0.079514 0.059893 0.040576 0.029334 0.013497 0.041793 0.085874 0.055808 -0.053738 -0.114466 -0.048009 0.019834 0.042115 0.045689 0.053982 0.081225 0.136234 0.186135 0.162780 0.068820 0.005258 -0.004500 -0.008741 -0.017094 -0.006077 -0.000666 -0.000020 0.011557 0.011051 -0.011179 -0.010405 0.015381 0.036431 0.053408 0.077925 0.087090 0.075779 0.066062 0.067693 0.070139 0.044851 -0.024244 -0.061385 -0.016375 0.041343 0.013660 -0.064340 -0.053323 0.005820 0.042192 0.021335 -0.026628 -0.027269 0.010901 0.028627 0.011589 0.008828 -0.006888 -0.015004 0.003367 0.005092 -0.034929 -0.059524 -0.029736 0.011774 0.035094 0.051811 0.037308 0.006988 -0.005493 -0.013572 -0.001489 0.043680 0.079763 0.068269 0.024737 -0.028050 -0.104455 -0.149444 -0.122241 -0.085533 -0.112156 -0.128089 -0.053425 0.012478 -0.017494 -0.036043 0.017121 0.020000 -0.033863 -0.024295 0.035167 0.046409 0.025489 0.022374 0.004196 -0.016918 -0.003376 0.026126 0.057309 0.054663 0.042327 0.049913 0.072277 0.084458 0.100924 0.115512 0.082099 0.018453 -0.039810 -0.034471 0.034271 0.098734 0.116409 0.111557 0.094853 0.073417 0.030372 -0.000045 0.037832 0.048631 0.003555 -0.019845 0.013281 0.040296 0.036009 0.021831 -0.014952 -0.043258 -0.015991 -0.004751 -0.020571 -0.011482 -0.040243 -0.095941 -0.092258 -0.039391 0.024118 0.064774 0.061075 0.046971 0.035895
0.023903 0.001264 -0.028338 -0.052407 -0.053213 -0.033102 0.002280 0.029993 0.006463 -0.020839 -0.018286 -0.018699 -0.034375 -0.028368 -0.018441 0.019101 0.089295 0.139775 0.132590 0.078969 0.029135 0.002981 -0.010508 0.000944 0.014457 0.033641 0.064270 0.056436 0.014506 -0.005005 -0.003450 0.023293 0.090059 0.088252 0.006536 -0.040178 -0.043940 -0.042241 -0.020314 0.017077 0.029884 0.004067 -0.036801 -0.039884 -0.010601 0.030914 0.062861 0.062229 0.038952 0.033424 0.057764 0.061657 0.026782 0.021017 0.040323 0.038335 -0.010872 -0.034434 0.019074 0.040728 0.012033 -0.028319 -0.041181 -0.009724 0.066027 0.130524 0.110705 0.055614 0.054862 0.075802 0.061619 0.032701 0.040568 0.063765 0.053568 0.004695 -0.033100 -0.044767 -0.028250 -0.007639 -0.005513 0.004486 0.033591 0.050429 0.029588 0.012536 0.046064 0.088055 0.077741 0.005714 -0.048892 -0.033747 0.023851 0.023780 -0.044095 -0.023315 0.056441 0.098197 0.066249 0.027207 0.034465 0.046605 0.031524 -0.008449 -0.032687 -0.043332 -0.034587 -0.003506 0.016636 -0.007240 -0.035639 -0.037260 -0.016905 0.016059 0.044553 0.040504 0.030393 0.013215 -0.020935 -0.011184 0.055861 0.106592 0.082363 0.033658 -0.001889 -0.060254 -0.107005 -0.084279 -0.042938 -0.048210 -0.060085 -0.035343 -0.022216 -0.032801 -0.010941 0.059295 0.081104 0.031039 -0.009864 -0.005779 -0.016349 -0.004903 0.042183 0.031345 -0.030014 -0.034899 0.019735 0.060226 0.057798 0.033112 0.010185 0.013425 0.012470 0.024227 0.052803 0.051741 0.029434 -0.023925 -0.053140 0.000954 0.070994 0.099473 0.096894 0.073397 0.061170 0.054705 0.030114 0.033649 0.028349 -0.019923 -0.037852 0.011842 0.059625 0.070557 0.043655 -0.008002 -0.044311 -0.019012 0.016530 0.028948 0.029259 -0.003123 -0.045570 -0.030283 0.031577 0.083956 0.100743 0.077326 0.062501 0.067050
-0.004928 -0.018531 -0.043282 -0.064268 -0.074393 -0.064407 -0.026804 0.000305 -0.017753 -0.023582 0.002541 0.015851 0.008876 0.024997 0.036658 0.049147 0.079912 0.099409 0.099169 0.087999 0.051084 -0.003213 -0.019860 0.002056 0.012773 0.012940 0.021642 -0.003194 -0.051020 -0.067445 -0.082152 -0.070794 0.020106 0.084542 0.040718 -0.033916 -0.061424 -0.046757 -0.019652 0.005888 0.016272 0.012957 -0.022374 -0.047621 -0.034835 0.024791 0.073619 0.055663 0.011557 0.008912 0.054480 0.091672 0.069038 0.029696 0.003491 -0.010436 -0.015915 0.014118 0.068328 0.070204 0.012251 -0.057599 -0.081070 -0.069393 -0.033650 0.011320 -0.000912 -0.019781 0.029382 0.093446 0.106836 0.088403 0.087270 0.099412 0.074688 -0.009976 -0.074023 -0.072788 -0.040724 -0.039634 -0.054776 -0.024106 0.022491 0.030447 0.001295 -0.006604 0.040104 0.077569 0.060472 0.014628 -0.017310 -0.021921 0.008687 0.012183 -0.026083 0.007420 0.085568 0.129014 0.106839 0.086815 0.114744 0.115594 0.074014 0.023554 -0.010773 -0.019506 -0.012061 0.010978 0.035398 0.031841 0.012797 -0.002220 0.005617 0.024202 0.023017 0.009731 0.036337 0.045474 0.005324 0.002488 0.057429 0.105617 0.080921 0.034180 0.005667 -0.020875 -0.021561 0.009632 0.012810 -0.017891 -0.042606 -0.059626 -0.062276 -0.029462 0.018806 0.065279 0.084072 0.073704 0.057845 0.040693 0.007316 0.021604 0.073650 0.050526 -0.026861 -0.039264 0.021411 0.074254 0.082553 0.030905 -0.027882 -0.031059 -0.023678 -0.019304 -0.008918 0.002071 0.016789 -0.020609 -0.072329 -0.039384 0.029907 0.052196 0.037852 0.030367 0.048679 0.061362 0.035641 0.015583 0.005928 -0.027912 -0.055009 -0.029607 0.030886 0.082528 0.065931 0.005821 -0.033938 -0.014613 0.033357 0.063577 0.057337 0.018562 -0.023316 -0.007520 0.049954 0.084521 0.086769 0.072506 0.075898 0.103860
-0.057645 -0.043372 -0.022998 -0.009956 -0.018662 -0.017799 0.005535 0.010121 -0.020414 -0.029473 -0.002564 0.019476 0.028536 0.052533 0.064752 0.045721 0.026475 0.023873 0.022953 0.031082 0.016306 -0.045567 -0.052446 0.005097 0.029579 -0.001769 -0.028134 -0.062898 -0.096766 -0.097540 -0.106266 -0.087353 -0.016545 0.047462 0.026417 -0.064905 -0.121526 -0.093536 -0.038243 0.004454 0.020711 0.017780 -0.012210 -0.042450 -0.048126 -0.002397 0.031455 0.023890 0.014914 0.016447 0.036945 0.068183 0.054401 0.007959 -0.032786 -0.066946 -0.073532 -0.030657 0.027941 0.051560 0.021018 -0.031867 -0.057923 -0.079655 -0.104096 -0.096861 -0.089182 -0.075227 -0.020347 0.049907 0.086196 0.087209 0.076341 0.065520 0.044325 -0.007384 -0.050349 -0.048174 -0.032009 -0.055511 -0.084134 -0.045909 0.015014 0.015584 -0.014141 -0.015053 0.006961 0.012658 -0.008639 -0.004689 0.024954 0.018471 0.000259 -0.024190 -0.043578 0.008637 0.094278 0.143054 0.140093 0.135172 0.153120 0.131138 0.093411 0.081551 0.064768 0.046844 0.021027 0.007572 0.028629 0.058574 0.060504 0.050728 0.050436 0.044546 0.018168 -0.017700 0.009262 0.039113 0.023771 0.032130 0.071134 0.103446 0.076230 0.024416 0.000745 0.019321 0.063045 0.074371 0.025744 -0.030061 -0.056231 -0.068270 -0.049440 0.007713 0.040559 0.027327 0.017135 0.048514 0.095540 0.106680 0.079955 0.072420 0.086118 0.042223 -0.012871 -0.016368 0.014655 0.063492 0.093459 0.043144 -0.022797 -0.041371 -0.031554 -0.017196 -0.011546 0.000884 0.012993 -0.010089 -0.045626 -0.020624 0.035773 0.032391 -0.010301 0.000605 0.051800 0.064190 0.030389 -0.000034 -0.019841 -0.046820 -0.082824 -0.086504 -0.022928 0.060171 0.066947 0.017739 -0.012914 -0.011742 0.008820 0.033346 0.037111 0.002704 -0.041241 -0.040561 -0.008615 0.018149 0.036749 0.054196 0.074919 0.112779
-0.089740 -0.056446 -0.000146 0.029072 0.011306 0.002604 0.010627 -0.007522 -0.038845 -0.033244 -0.001011 0.009146 0.000789 0.006800 0.019220 0.001923 -0.020259 -0.026613 -0.040168 -0.024635 -0.009165 -0.064589 -0.073083 -0.004747 0.023336 -0.016835 -0.046933 -0.067681 -0.087160 -0.089136 -0.078436 -0.046837 -0.033017 -0.022140 -0.026560 -0.098938 -0.183707 -0.160213 -0.078030 -0.008618 0.027091 0.034527 0.007013 -0.038723 -0.070255 -0.081007 -0.095597 -0.071182 -0.015767 0.003914 0.011970 0.019754 -0.007329 -0.035618 -0.043068 -0.059935 -0.070436 -0.064703 -0.036362 -0.003256 -0.000179 -0.012104 -0.019455 -0.046357 -0.090072 -0.112453 -0.099864 -0.058098 -0.018593 0.006685 0.019984 0.034935 0.036833 0.020940 0.007724 -0.005012 -0.017397 -0.015223 -0.024271 -0.054474 -0.075603 -0.047761 0.016119 0.026530 -0.006904 -0.021920 -0.020658 -0.012796 -0.021035 -0.002161 0.044339 0.029981 -0.014672 -0.050358 -0.070766 -0.020969 0.077179 0.130702 0.119189 0.109003 0.110729 0.076734 0.069416 0.106884 0.120196 0.106054 0.049403 0.002448 0.018028 0.070213 0.085939 0.075398 0.051498 0.022765 -0.003977 -0.055055 -0.072076 -0.044842 -0.011611 0.036083 0.083732 0.113369 0.082166 0.014748 -0.006874 0.033505 0.084531 0.071314 -0.004826 -0.066229 -0.073474 -0.048634 -0.008101 0.031464 0.036948 0.002947 -0.028167 -0.018137 0.022166 0.057081 0.064877 0.066814 0.075356 0.029937 -0.010692 -0.008692 -0.000658 0.037474 0.079614 0.062491 0.020883 -0.019584 -0.034746 -0.023097 -0.005714 0.016769 0.011514 -0.001469 0.002834 0.034475 0.060217 0.029993 -0.013628 0.027375 0.097821 0.092917 0.044413 -0.000783 -0.050042 -0.089297 -0.115277 -0.121010 -0.064730 0.021280 0.048837 0.034350 0.024569 -0.010523 -0.044686 -0.028084 0.001765 -0.000689 -0.020310 -0.039399 -0.049707 -0.029488 0.001565 0.022778 0.043194 0.084321
-0.056650 -0.031098 0.008155 0.011644 -0.010650 -0.009506 0.000604 -0.016085 -0.036487 -0.011574 0.033964 0.034434 -0.005705 -0.038769 -0.049008 -0.045341 -0.034993 -0.043764 -0.066279 -0.045480 -0.006877 -0.039965 -0.059260 -0.032946 -0.036300 -0.072679 -0.073049 -0.041807 -0.023867 -0.032304 -0.028326 -0.014820 -0.060032 -0.092329 -0.059380 -0.063196 -0.138871 -0.160076 -0.119838 -0.055897 -0.000491 0.026033 0.007897 -0.051831 -0.105798 -0.147313 -0.187965 -0.156778 -0.076012 -0.041938 -0.026693 -0.016195 -0.029572 -0.023744 -0.001041 -0.002896 -0.017819 -0.038600 -0.045335 -0.038227 -0.036699 -0.024662 0.007104 0.006426 -0.025481 -0.053870 -0.051810 0.000054 0.025865 -0.000513 -0.028859 -0.013489 0.006002 -0.009025 -0.027898 -0.031066 -0.028425 -0.030862 -0.057579 -0.070115 -0.053095 -0.023944 0.025032 0.036880 0.009619 0.003008 0.019827 0.050379 0.047499 0.032672 0.029805 -0.002435 -0.038632 -0.050383 -0.051348 -0.007091 0.073731 0.099489 0.054068 0.020559 0.018736 0.009319 0.049589 0.117453 0.147001 0.134579 0.055677 -0.013767 -0.010760 0.030944 0.050321 0.049061 0.027185 0.004419 -0.008877 -0.047108 -0.082038 -0.069179 -0.027322 0.032184 0.096076 0.134961 0.097129 0.004960 -0.031665 -0.000240 0.042372 0.033478 -0.037727 -0.095615 -0.087891 -0.036722 0.011935 0.024623 0.008352 -0.021981 -0.052862 -0.079957 -0.088079 -0.063135 -0.033521 -0.005591 0.013034 -0.017926 -0.044438 -0.025473 -0.008166 0.020943 0.065856 0.080736 0.051154 -0.006445 -0.045621 -0.040775 -0.003459 0.021542 -0.002872 0.002136 0.043596 0.071125 0.048333 -0.003934 -0.017508 0.044728 0.104477 0.091502 0.042987 -0.013513 -0.080723 -0.121225 -0.117676 -0.110770 -0.082597 -0.023511 0.015037 0.034654 0.043563 -0.013285 -0.080407 -0.068177 -0.017057 0.027771 0.050610 0.026270 -0.010360 0.007100 0.022897 0.006226 0.006458 0.038213
-0.001021 -0.003381 0.002925 -0.006513 -0.001653 0.022056 0.018481 -0.008568 -0.033980 -0.012013 0.045738 0.059299 0.014137 -0.042564 -0.077750 -0.056876 -0.022531 -0.040506 -0.068147 -0.058991 -0.018111 -0.014313 -0.033943 -0.059454 -0.107494 -0.146686 -0.118910 -0.042585 0.020650 0.031364 0.020364 -0.000742 -0.075578 -0.114205 -0.048032 0.010296 -0.024101 -0.089756 -0.124254 -0.093255 -0.040812 -0.018334 -0.022964 -0.067663 -0.118104 -0.141796 -0.162427 -0.140966 -0.083356 -0.056574 -0.045686 -0.028289 -0.011736 0.016596 0.036067 0.029679 0.013472 -0.005537 -0.034092 -0.065730 -0.071198 -0.035586 0.034245 0.046790 0.005393 -0.029387 -0.030932 0.032057 0.063914 0.011970 -0.051042 -0.046488 -0.015362 -0.026130 -0.048489 -0.039389 -0.030215 -0.064674 -0.115296 -0.110917 -0.067390 -0.032227 0.002125 0.005971 -0.009447 0.016480 0.084026 0.139738 0.111922 0.048537 -0.003012 -0.043200 -0.057990 -0.034815 0.007815 0.058245 0.094454 0.074625 0.012268 -0.040731 -0.057844 -0.039484 0.041956 0.119737 0.154251 0.144842 0.054619 -0.036835 -0.062021 -0.051411 -0.037927 -0.017320 0.000984 0.005012 -0.003504 -0.006933 0.010215 0.017476 0.008557 0.038862 0.104404 0.146763 0.122681 0.035251 -0.015779 0.003351 0.035572 0.034096 -0.022345 -0.082891 -0.092724 -0.049130 0.000170 0.003014 -0.029041 -0.051012 -0.050095 -0.074433 -0.117607 -0.122826 -0.084276 -0.038524 -0.042086 -0.071180 -0.073367 -0.033720 0.001725 0.018771 0.041650 0.062678 0.040304 -0.013434 -0.048889 -0.032159 0.023530 0.033702 -0.011639 0.006346 0.055606 0.061518 0.006145 -0.059798 -0.056393 0.008218 0.062416 0.077145 0.040901 -0.030959 -0.092826 -0.097215 -0.058540 -0.044295 -0.059767 -0.059416 -0.024609 0.022542 0.041184 0.007241 -0.029776 -0.025287 0.000774 0.043205 0.087870 0.083527 0.043202 0.050792 0.043438 -0.005595 -0.028071 -0.019084
0.019144 0.008512 0.009066 0.014964 0.053110 0.076209 0.039598 -0.003213 -0.029853 -0.018085 0.030828 0.053646 0.029719 -0.024059 -0.072048 -0.051054 -0.003148 -0.015912 -0.047704 -0.060517 -0.028579 0.015951 0.005428 -0.049502 -0.111593 -0.146509 -0.113172 -0.039328 0.020456 0.037295 0.025711 0.003381 -0.034995 -0.036742 0.023893 0.072877 0.062591 0.007859 -0.043379 -0.053506 -0.050072 -0.063023 -0.061987 -0.067374 -0.090954 -0.103113 -0.100346 -0.074665 -0.046161 -0.028690 -0.014119 -0.004871 0.001114 0.022176 0.031217 0.020566 0.011735 0.006353 -0.033038 -0.097030 -0.101021 -0.032643 0.053781 0.052988 -0.018315 -0.060684 -0.050331 0.013608 0.050349 0.004165 -0.071991 -0.092395 -0.071719 -0.068899 -0.074207 -0.043752 -0.032395 -0.090461 -0.143646 -0.123418 -0.077879 -0.049390 -0.027396 -0.033315 -0.044986 -0.001248 0.099432 0.164339 0.104533 0.011237 -0.048795 -0.074926 -0.056388 0.004211 0.065990 0.095675 0.092176 0.065751 0.021793 -0.043913 -0.100714 -0.094942 -0.010695 0.077926 0.140527 0.140472 0.052965 -0.030768 -0.069333 -0.082283 -0.084811 -0.070594 -0.042052 -0.021222 -0.014482 0.008911 0.066395 0.079469 0.037929 0.040787 0.090937 0.119569 0.114617 0.070972 0.044644 0.062607 0.067380 0.046710 -0.002973 -0.069236 -0.105135 -0.065012 0.004238 0.016299 -0.026860 -0.047555 -0.014867 -0.005034 -0.061560 -0.110415 -0.075037 -0.019226 -0.047913 -0.078546 -0.055482 -0.010990 0.030924 0.037577 0.015930 0.022208 0.021625 -0.001849 -0.018361 -0.009885 0.031782 0.042257 0.002592 0.009791 0.038551 0.035790 -0.007552 -0.068693 -0.087121 -0.045610 0.013753 0.074345 0.065882 -0.022163 -0.069284 -0.016301 0.043068 0.039612 -0.013495 -0.058340 -0.038359 0.025136 0.054724 0.062611 0.078711 0.067830 0.039088 0.039705 0.082132 0.098703 0.049570 0.025519 0.011980 -0.020700 -0.042158 -0.054905
0.004008 0.005931 0.012164 0.023050 0.059777 0.066765 0.026495 0.004035 0.000258 0.013511 0.044901 0.057730 0.040046 -0.001475 -0.041901 -0.031606 0.016704 0.014373 -0.015891 -0.037042 -0.013542 0.050312 0.044480 -0.034125 -0.093465 -0.102048 -0.061258 -0.004553 0.023990 0.015003 0.007456 0.022528 0.037699 0.045855 0.058084 0.060356 0.063837 0.070182 0.061743 0.028949 -0.026517 -0.075490 -0.078258 -0.048238 -0.042107 -0.055512 -0.043975 -0.027021 -0.035259 -0.027977 0.002761 0.024329 0.019948 0.018356 0.012652 0.000673 0.000826 0.007133 -0.028019 -0.095652 -0.100898 -0.023025 0.050283 0.029115 -0.044134 -0.072259 -0.064243 -0.035192 -0.004082 -0.020056 -0.081219 -0.111651 -0.099161 -0.086024 -0.082531 -0.052223 -0.037078 -0.071831 -0.095905 -0.060970 -0.025850 -0.029590 -0.042355 -0.054179 -0.049117 -0.005185 0.078869 0.128049 0.069739 -0.018588 -0.067839 -0.074737 -0.021353 0.062926 0.094738 0.071318 0.059695 0.071857 0.058715 -0.000236 -0.076569 -0.113851 -0.076967 0.012221 0.109853 0.116716 0.040433 -0.019423 -0.052311 -0.056833 -0.049400 -0.048336 -0.044971 -0.036477 -0.019368 0.012231 0.066101 0.083387 0.041855 0.015424 0.026050 0.029436 0.040150 0.058402 0.088710 0.113076 0.086558 0.039040 -0.006915 -0.063261 -0.094378 -0.046462 0.043752 0.079236 0.040244 0.007413 0.019685 0.040811 0.008866 -0.047151 -0.038451 0.005983 -0.008274 -0.019204 0.003766 0.007668 0.012701 0.022653 0.011210 0.018129 0.028871 0.028865 0.016762 -0.001748 0.018888 0.035891 0.004204 -0.006133 0.011568 0.028931 0.022015 -0.028049 -0.081562 -0.080292 -0.039206 0.033874 0.052056 -0.028276 -0.064306 0.003177 0.064617 0.063809 0.022008 -0.012390 -0.003970 0.040439 0.062347 0.076027 0.104825 0.091452 0.050248 0.034752 0.066576 0.082496 0.034491 -0.004825 -0.011284 -0.007915 -0.008905 -0.028476
-0.021564 -0.010823 -0.012178 -0.018721 -0.000126 0.000524 -0.015377 0.003122 0.032576 0.052034 0.072464 0.072356 0.036911 0.010568 0.010800 0.019034 0.023121 -0.006577 -0.032790 -0.025365 0.020753 0.077561 0.072596 -0.000730 -0.040986 -0.017673 0.015540 0.032473 0.030317 0.000780 -0.013752 0.011430 0.037504 0.033870 0.015355 -0.002381 0.024121 0.081593 0.109683 0.078223 0.004348 -0.050288 -0.057262 -0.022114 0.006190 0.011408 0.024077 0.010504 -0.033413 -0.039987 -0.007943 0.033589 0.042480 0.014829 -0.018759 -0.027583 -0.018184 -0.006830 -0.020805 -0.059989 -0.066966 -0.004787 0.039863 0.002561 -0.044717 -0.051432 -0.067357 -0.080526 -0.054148 -0.035212 -0.055943 -0.057852 -0.039001 -0.038167 -0.045457 -0.030778 -0.014973 -0.011540 -0.007135 0.020611 0.032465 -0.002410 -0.047005 -0.062849 -0.053247 -0.032980 0.029404 0.080928 0.053744 -0.014595 -0.062688 -0.056141 0.017593 0.095119 0.088100 0.030702 0.030709 0.080924 0.097519 0.070727 0.006938 -0.068560 -0.091587 -0.034937 0.056037 0.082512 0.047095 -0.001908 -0.048730 -0.047785 -0.013771 0.006879 0.007354 -0.009984 -0.013311 0.016559 0.061875 0.087590 0.057294 0.003873 -0.023716 -0.040235 -0.028716 0.023854 0.095453 0.116775 0.057321 -0.002910 -0.018178 -0.035418 -0.053077 -0.031416 0.040042 0.100521 0.093744 0.060827 0.031042 0.030726 0.040955 0.027233 0.014703 0.031278 0.040350 0.039245 0.029419 -0.014126 -0.052710 -0.037569 -0.008453 0.002368 0.001305 0.012404 0.004333 -0.023607 -0.007347 0.008165 -0.021105 -0.026905 0.001402 0.040377 0.058338 0.016090 -0.050907 -0.079780 -0.072175 -0.022479 0.010262 -0.025945 -0.044266 -0.017129 0.009404 0.026543 0.036138 0.049625 0.059097 0.063252 0.055480 0.030651 0.036433 0.055398 0.059026 0.054404 0.068439 0.067003 0.025974 -0.008317 -0.012059 0.003187 0.023407 0.021122
-0.054862 -0.042590 -0.043837 -0.045720 -0.025487 -0.020621 -0.029147 -0.007886 0.034087 0.066387 0.091776 0.092137 0.041190 0.013765 0.036529 0.041114 -0.008478 -0.071461 -0.082572 -0.027927 0.059494 0.106437 0.110104 0.080941 0.055828 0.056370 0.045860 0.008968 -0.018067 -0.050013 -0.083933 -0.079100 -0.052215 -0.036938 -0.034130 -0.033345 0.008829 0.062504 0.086657 0.071992 0.026433 -0.008984 -0.024119 -0.018372 0.013667 0.049897 0.060084 0.019881 -0.030529 -0.022443 0.027325 0.070673 0.053414 -0.007574 -0.050269 -0.042032 -0.025919 -0.029999 -0.034099 -0.042120 -0.055619 -0.027457 0.003232 -0.011473 -0.019856 -0.019205 -0.061779 -0.096559 -0.074601 -0.038976 -0.022866 0.007339 0.033315 0.027668 0.012427 0.014783 0.033393 0.059770 0.063873 0.053723 0.038214 0.008118 -0.029701 -0.038193 -0.035356 -0.046252 -0.007350 0.048156 0.050226 0.002439 -0.049859 -0.043777 0.016913 0.059061 0.036856 -0.006074 0.023441 0.100652 0.144693 0.149444 0.106327 0.025331 -0.028637 -0.015833 0.041758 0.081475 0.078707 0.031917 -0.024641 -0.034152 -0.008066 0.031063 0.053096 0.023887 0.003323 0.024057 0.050940 0.078154 0.063697 0.018763 -0.012333 -0.044414 -0.060834 -0.014466 0.069221 0.086543 0.009906 -0.044180 -0.016977 0.003586 -0.013728 -0.038222 -0.014304 0.055884 0.100776 0.101399 0.059939 0.026293 0.035344 0.042553 0.020898 0.013203 0.022810 0.021802 -0.000128 -0.048889 -0.097759 -0.085762 -0.043622 -0.030163 -0.026987 0.011180 0.027691 0.005174 -0.000441 -0.013407 -0.037062 -0.021603 0.008312 0.032292 0.053018 0.028349 -0.029014 -0.063529 -0.070502 -0.049409 -0.007717 0.014045 0.033694 0.036427 0.012595 0.005185 0.026933 0.069281 0.086985 0.062693 0.028797 -0.031473 -0.044133 0.011788 0.061390 0.067923 0.067102 0.053098 0.008508 -0.027516 -0.024865 0.006421 0.045775 0.065099
-0.041145 -0.037080 -0.037941 -0.019907 0.019284 0.028913 0.001992 -0.016122 0.006755 0.051107 0.082615 0.091938 0.050433 -0.001837 -0.007477 -0.006373 -0.042734 -0.079801 -0.078475 -0.022458 0.072578 0.125544 0.154332 0.163432 0.130185 0.071284 0.007002 -0.055586 -0.086341 -0.105568 -0.137876 -0.145412 -0.130052 -0.093561 -0.046935 -0.018234 0.017561 0.045963 0.065274 0.074078 0.047939 0.012427 -0.007489 -0.021447 -0.001768 0.034330 0.034467 -0.014509 -0.055637 -0.021324 0.062267 0.104896 0.047541 -0.041678 -0.082723 -0.054253 -0.025230 -0.048855 -0.063737 -0.043525 -0.050636 -0.064028 -0.046778 -0.016742 0.020432 0.036098 -0.011110 -0.056222 -0.044182 -0.015024 0.000717 0.033495 0.066521 0.066364 0.045824 0.045817 0.072574 0.099253 0.086654 0.057154 0.043092 0.034258 0.004030 -0.004855 0.004060 -0.011076 -0.000308 0.049721 0.079425 0.042255 -0.027808 -0.044932 -0.015826 -0.009734 -0.036808 -0.049047 0.010756 0.095124 0.150126 0.169439 0.140498 0.082744 0.034577 0.027766 0.061377 0.075793 0.042669 -0.006871 -0.023013 -0.013709 0.002319 0.044161 0.076765 0.052646 0.033978 0.033478 0.020034 0.020043 0.021549 0.027140 0.018280 -0.036665 -0.090155 -0.054110 0.032443 0.066506 0.015927 -0.033755 -0.001005 0.024601 -0.001294 -0.051131 -0.071260 -0.026642 0.042286 0.086325 0.074968 0.040403 0.023671 0.015564 -0.000763 -0.019168 -0.040617 -0.043946 -0.034712 -0.047621 -0.080646 -0.091100 -0.065625 -0.037157 -0.012575 0.052083 0.107001 0.090148 0.037201 -0.006640 -0.017824 -0.000235 0.004144 -0.005705 0.006942 0.000397 -0.041565 -0.062371 -0.061166 -0.049367 -0.011217 0.026920 0.061113 0.071124 0.040445 0.003498 -0.002636 0.040928 0.072005 0.046363 0.001089 -0.066896 -0.072294 -0.003720 0.047553 0.053881 0.047418 0.029429 -0.016499 -0.054855 -0.041218 0.007939 0.042191 0.059921
0.015391 0.006694 -0.009291 0.006690 0.055842 0.061757 0.012086 -0.032929 -0.023800 0.015969 0.041981 0.069015 0.058346 -0.005555 -0.040986 -0.036614 -0.019615 -0.001528 -0.015133 -0.017684 0.046365 0.123140 0.173185 0.177172 0.139979 0.082929 0.011793 -0.050166 -0.065845 -0.057708 -0.050369 -0.054617 -0.085881 -0.074186 -0.018759 0.015842 0.045730 0.080472 0.140617 0.180763 0.107936 0.012129 -0.029806 -0.051357 -0.027683 0.008151 -0.000612 -0.048963 -0.085903 -0.059120 0.025067 0.073635 0.036960 -0.031862 -0.075669 -0.058916 -0.037695 -0.063965 -0.078444 -0.037263 -0.019583 -0.046826 -0.050492 -0.006495 0.045412 0.075938 0.049899 0.014556 0.024325 0.033072 0.008527 0.010613 0.052301 0.075641 0.071549 0.067171 0.076930 0.082989 0.055008 0.033322 0.047045 0.054590 0.010285 -0.010037 0.023495 0.033039 0.019555 0.041498 0.077970 0.060650 -0.007189 -0.040885 -0.039727 -0.061878 -0.090337 -0.078707 -0.013462 0.042628 0.085992 0.110064 0.084378 0.059610 0.045265 0.042844 0.068431 0.060771 -0.008185 -0.060122 -0.044762 -0.007485 0.025731 0.067511 0.097525 0.090715 0.072829 0.041319 -0.015919 -0.051033 -0.035536 0.013960 0.033265 -0.011427 -0.072770 -0.051629 0.015902 0.064024 0.055990 0.009714 0.008888 0.014797 -0.012498 -0.057255 -0.093911 -0.087109 -0.030837 0.024837 0.046490 0.041240 0.013102 -0.002774 0.007459 -0.006390 -0.056478 -0.068937 -0.035421 -0.015273 -0.038431 -0.080015 -0.072484 -0.026786 0.009120 0.072276 0.151624 0.138531 0.052781 -0.006584 -0.014735 -0.005935 -0.016884 -0.034630 -0.027282 -0.029102 -0.058393 -0.065643 -0.050291 -0.028613 -0.005381 0.012190 0.024958 0.035323 0.031139 -0.001871 -0.031958 -0.006879 0.028430 0.028088 -0.005766 -0.066961 -0.065720 -0.022189 -0.006628 0.010256 0.011649 -0.008818 -0.037278 -0.059625 -0.047019 -0.016715 -0.014794 -0.013320
0.036766 0.025429 0.008037 0.012671 0.048944 0.051288 -0.005319 -0.053878 -0.042121 -0.015492 0.001922 0.041391 0.059352 0.028400 0.006689 0.003864 0.019520 0.043826 0.014553 -0.031581 -0.003878 0.059694 0.094897 0.108320 0.105879 0.086880 0.045189 -0.011304 -0.020617 0.015055 0.062878 0.063333 -0.000591 -0.026031 0.000032 0.023205 0.067446 0.154094 0.376201 0.550661 0.336048 0.068949 -0.047617 -0.098266 -0.058852 -0.000654 -0.008536 -0.049740 -0.078179 -0.076257 -0.025299 0.017396 0.031308 0.035839 0.002742 -0.041515 -0.070039 -0.087672 -0.082303 -0.031919 0.008786 -0.000458 -0.007406 0.016170 0.043358 0.072456 0.064973 0.044581 0.057937 0.055386 -0.001361 -0.025829 0.032496 0.100273 0.119501 0.088001 0.054078 0.033658 -0.009904 -0.025758 0.015273 0.036599 0.000421 -0.018186 0.012095 0.033552 0.010942 0.006838 0.038906 0.043684 -0.005135 -0.034703 -0.028519 -0.041580 -0.060920 -0.046497 0.005500 0.027813 0.041560 0.046316 0.004838 -0.009489 0.011888 0.027253 0.048080 0.041762 -0.002502 -0.022006 -0.014290 0.015100 0.058950 0.100079 0.126527 0.130487 0.101821 0.043949 -0.027535 -0.068327 -0.051818 -0.006383 0.014489 -0.004737 -0.042217 -0.035687 -0.003077 0.027795 0.031943 0.019144 0.020744 0.014161 -0.006297 -0.027986 -0.056299 -0.071302 -0.043724 -0.009303 0.024203 0.049273 0.027885 0.008453 0.023242 0.011000 -0.040188 -0.062405 -0.044270 -0.029841 -0.050777 -0.086806 -0.072617 -0.020790 0.014187 0.049340 0.104420 0.097063 0.036836 -0.009443 -0.023131 -0.023668 -0.026523 -0.026955 -0.016323 -0.003835 -0.010532 -0.021088 -0.008816 0.010762 0.008349 0.006057 -0.003960 -0.011515 0.002285 -0.008909 -0.048124 -0.061403 -0.048633 -0.019958 -0.009598 -0.043928 -0.055533 -0.052538 -0.059460 -0.030708 -0.029366 -0.050255 -0.048277 -0.036997 -0.027773 -0.031572 -0.059064 -0.068287
0.019874 0.003864 0.001835 0.019691 0.045371 0.045972 0.000854 -0.036661 -0.021243 -0.009606 -0.003839 0.031408 0.051299 0.041759 0.039712 0.028065 0.011105 0.012798 -0.002057 -0.036335 -0.022402 0.006844 0.027316 0.068259 0.082545 0.059322 0.034126 -0.001710 -0.012338 0.020073 0.059868 0.052465 0.001200 -0.031969 -0.032814 -0.009777 0.067038 0.204211 0.577199 0.893595 0.572977 0.167795 -0.019690 -0.102847 -0.061144 0.011230 0.006788 -0.023302 -0.029154 -0.034264 -0.026805 -0.013744 0.019129 0.078569 0.065292 -0.025280 -0.087645 -0.087035 -0.061420 -0.010492 0.035732 0.036100 0.021308 0.010069 0.013866 0.039623 0.042815 0.037255 0.054825 0.058701 0.012846 -0.017011 0.037675 0.120973 0.141620 0.092834 0.036527 -0.005314 -0.058612 -0.062193 -0.010183 0.008888 -0.000256 -0.005530 -0.008997 0.009264 0.011485 0.014560 0.032323 0.014960 -0.029121 -0.035039 0.003007 0.018407 -0.002262 0.000835 0.041400 0.050591 0.040204 0.023422 -0.025007 -0.050479 -0.033752 -0.014367 0.000033 0.002512 0.012285 0.031098 0.020805 0.035454 0.075969 0.109580 0.133310 0.146958 0.118821 0.055996 -0.000413 -0.031542 -0.035262 -0.018938 -0.006872 -0.020597 -0.048352 -0.045451 -0.017383 0.008388 0.005993 0.012118 0.033219 0.024985 0.002304 -0.004800 -0.016641 -0.031691 -0.027316 -0.016398 0.015407 0.059799 0.076936 0.070642 0.045188 -0.000442 -0.042918 -0.060779 -0.070488 -0.089416 -0.101218 -0.092810 -0.061496 -0.022919 0.004891 0.015091 0.030667 0.037854 0.029230 0.004180 -0.009912 -0.017911 -0.013244 0.007055 0.022393 0.045905 0.065339 0.049911 0.040241 0.036762 0.014404 -0.005657 -0.041148 -0.059923 -0.027647 -0.003738 -0.024351 -0.051195 -0.062516 -0.044448 -0.013985 -0.020096 -0.045384 -0.061159 -0.057091 -0.032267 -0.045643 -0.063711 -0.051306 -0.029780 -0.019070 -0.021050 -0.034566 -0.038855
-0.010437 -0.014939 0.005067 0.038134 0.052277 0.049377 0.033531 0.020712 0.025548 0.015215 0.006300 0.030450 0.038232 0.018493 0.011703 -0.007681 -0.033017 -0.036953 -0.020421 -0.001041 0.020171 0.025146 0.039687 0.080483 0.075731 0.019883 -0.006300 -0.008974 -0.021972 -0.033748 -0.031382 -0.031211 -0.046299 -0.066131 -0.072695 -0.042956 0.039862 0.136867 0.382005 0.625713 0.447686 0.174457 0.008913 -0.074108 -0.039462 0.035095 0.024868 -0.019952 -0.010233 0.009392 0.004040 -0.007732 0.015132 0.073326 0.068006 -0.001095 -0.042029 -0.040394 -0.024900 0.013084 0.046273 0.034795 -0.001602 -0.041912 -0.047446 -0.011304 0.012107 0.025109 0.046878 0.050195 0.025194 -0.003920 0.016517 0.078338 0.107479 0.084023 0.031270 -0.023774 -0.077791 -0.078471 -0.023269 0.007458 0.024138 0.037099 0.013575 0.016056 0.032358 0.032560 0.015281 -0.033561 -0.062705 -0.042943 0.007740 0.041550 0.013563 -0.003184 0.022195 0.036897 0.032043 0.012323 -0.028561 -0.051038 -0.041228 -0.028876 -0.027280 -0.016915 0.018716 0.027518 -0.003139 0.015852 0.057829 0.081127 0.095470 0.118466 0.121386 0.093802 0.058145 0.019027 -0.020237 -0.030278 -0.001574 0.005630 -0.035831 -0.057262 -0.032420 0.001246 0.001295 -0.001907 0.010771 0.002532 -0.018730 -0.021582 -0.014625 -0.018582 -0.021232 -0.010578 0.008185 0.037441 0.091191 0.118024 0.076913 0.020628 -0.015892 -0.044521 -0.080722 -0.130952 -0.144507 -0.098557 -0.044845 -0.015469 0.007760 0.017619 0.026836 0.046770 0.046013 0.008686 -0.005102 -0.008576 -0.002930 0.022902 0.036258 0.044517 0.064601 0.058209 0.041671 0.027994 0.010987 -0.019243 -0.072656 -0.085892 -0.040470 0.008718 0.020200 0.029462 0.037001 0.031470 0.035827 0.032440 0.003347 -0.022570 -0.015053 0.000949 -0.022670 -0.045727 -0.048973 -0.036453 -0.004408 0.037514 0.065235 0.073178
-0.028276 0.003477 0.046373 0.064369 0.048616 0.034843 0.039457 0.055300 0.061007 0.044571 0.029636 0.046036 0.054010 0.025612 0.001946 -0.024889 -0.035154 -0.027440 -0.001754 0.035759 0.044356 0.035994 0.049835 0.075917 0.056773 -0.007241 -0.025797 -0.007360 -0.034848 -0.098595 -0.111411 -0.078086 -0.067649 -0.083979 -0.100798 -0.081188 -0.017997 0.018101 0.086318 0.196227 0.191266 0.110938 0.011162 -0.044869 -0.003413 0.061155 0.018711 -0.054492 -0.030868 0.037756 0.051746 0.011463 0.005068 0.045770 0.050888 0.020638 -0.001588 -0.026649 -0.025828 0.018036 0.043726 0.019093 -0.023606 -0.067839 -0.075363 -0.035645 -0.010865 0.012980 0.039344 0.022792 -0.004058 -0.027842 -0.029769 0.014824 0.052620 0.052339 0.004727 -0.044085 -0.080147 -0.089777 -0.044176 0.003748 0.024611 0.041915 0.026049 0.017705 0.016515 -0.010678 -0.050579 -0.083405 -0.080904 -0.064919 -0.032007 0.017002 0.001452 -0.024552 -0.009273 0.007606 0.005568 -0.013864 -0.045544 -0.052533 -0.033321 -0.028169 -0.038097 -0.019940 0.010100 -0.005828 -0.031392 0.001237 0.041304 0.051146 0.041457 0.057921 0.096949 0.106305 0.075191 0.022470 -0.030388 -0.036225 0.022680 0.052367 -0.001766 -0.045757 -0.029698 0.005392 0.004071 -0.027952 -0.049865 -0.057675 -0.056215 -0.043013 -0.021253 -0.023574 -0.020438 0.016450 0.026295 0.008327 0.035145 0.077310 0.071997 0.058381 0.046662 0.007332 -0.037079 -0.088564 -0.126140 -0.099733 -0.043745 -0.011925 0.020342 0.048913 0.067477 0.070366 0.025876 -0.038886 -0.055366 -0.044024 -0.024450 -0.012098 -0.006920 0.001615 0.016179 0.019599 0.019783 0.019769 0.015108 -0.016979 -0.068781 -0.065812 -0.006302 0.042019 0.043940 0.074766 0.114898 0.099291 0.069681 0.055242 0.044634 0.032047 0.026536 0.016987 -0.025053 -0.067810 -0.078596 -0.048763 0.029418 0.116374 0.144630 0.129033
-0.006100 0.027618 0.061036 0.054729 0.018037 -0.002808 0.005972 0.038011 0.060341 0.064140 0.064472 0.077877 0.084520 0.051409 0.013828 -0.004679 0.014616 0.029581 0.027899 0.033363 0.017839 0.002494 0.020842 0.041238 0.019824 -0.027511 -0.040584 -0.029923 -0.062519 -0.133086 -0.140687 -0.077606 -0.051724 -0.067059 -0.087456 -0.085351 -0.048916 -0.032053 -0.013333 0.011057 0.029500 0.042893 0.020230 0.007984 0.057865 0.094782 0.017614 -0.064339 -0.027126 0.065157 0.084005 0.015807 -0.016320 0.016654 0.037986 0.020339 -0.017073 -0.064326 -0.047645 0.024149 0.046063 0.008118 -0.026893 -0.051620 -0.056696 -0.037334 -0.035294 -0.019147 0.005831 -0.007530 -0.034798 -0.060190 -0.061890 -0.023319 0.006566 0.010206 -0.026631 -0.054222 -0.059700 -0.057577 -0.026835 0.002518 -0.006925 -0.010370 -0.005028 0.015603 0.010416 -0.052367 -0.096458 -0.083286 -0.062096 -0.076022 -0.074037 -0.022568 -0.011418 -0.021057 -0.011275 -0.015561 -0.032219 -0.040144 -0.056336 -0.064290 -0.065174 -0.078349 -0.080238 -0.053422 -0.025993 -0.016076 0.002608 0.032227 0.038303 0.021776 -0.002800 0.012448 0.054851 0.050371 0.014039 -0.022386 -0.056130 -0.051428 0.012427 0.044111 0.003298 -0.013876 0.033752 0.082581 0.048478 -0.055775 -0.125032 -0.118973 -0.076802 -0.037578 -0.009415 -0.020127 -0.024494 0.018336 0.038474 0.011799 -0.007133 0.008481 0.021001 0.046548 0.073532 0.052585 0.015976 -0.030297 -0.088986 -0.105262 -0.071234 -0.030030 0.018512 0.060434 0.079011 0.057199 -0.020384 -0.087904 -0.093725 -0.074222 -0.032232 -0.021468 -0.039674 -0.031898 -0.009964 0.002796 0.013302 0.023092 0.018818 -0.015242 -0.053289 -0.020391 0.071483 0.108625 0.064358 0.062032 0.098686 0.079124 0.036047 0.012744 0.015260 0.028776 0.028589 -0.000901 -0.061004 -0.108136 -0.109039 -0.067205 0.019562 0.115409 0.123080 0.073918
0.023129 0.023372 0.021731 0.003235 -0.026966 -0.042231 -0.034134 -0.005306 0.024902 0.053673 0.076955 0.077371 0.060948 0.035399 0.010714 0.006720 0.037660 0.047878 0.024976 0.012402 -0.007628 -0.033572 -0.021963 0.001029 -0.015204 -0.047414 -0.067803 -0.082831 -0.103069 -0.128470 -0.113980 -0.039437 -0.011919 -0.028164 -0.038539 -0.040343 -0.034822 -0.031154 -0.017092 -0.027465 -0.026239 0.008056 0.036054 0.052324 0.081782 0.090730 0.011477 -0.065470 -0.027707 0.045678 0.043425 -0.026586 -0.067912 -0.036674 0.016104 0.025514 -0.010499 -0.055822 -0.037692 0.020089 0.037380 0.003885 -0.024733 -0.031625 -0.030984 -0.028931 -0.031018 -0.022540 -0.012599 -0.011746 -0.024676 -0.056131 -0.061446 -0.038553 -0.021687 -0.022216 -0.046742 -0.056307 -0.032275 0.011675 0.047741 0.041636 -0.002709 -0.033489 -0.023086 0.029302 0.039340 -0.041573 -0.087185 -0.051162 -0.035587 -0.067693 -0.082430 -0.048463 -0.020152 -0.006729 -0.011405 -0.041706 -0.049104 -0.027992 -0.039211 -0.069263 -0.104449 -0.131065 -0.118461 -0.091668 -0.071690 -0.025778 0.041966 0.073551 0.049995 0.017680 0.007482 0.028238 0.036371 -0.005567 -0.038777 -0.047983 -0.059480 -0.067153 -0.039928 -0.016169 -0.018910 0.006757 0.084609 0.145922 0.091352 -0.053825 -0.143311 -0.132054 -0.077582 -0.027849 0.007070 0.006971 0.000244 0.033453 0.075120 0.069554 0.014910 -0.018228 -0.016012 0.016953 0.045616 0.034417 0.016127 -0.020947 -0.084083 -0.104736 -0.067345 -0.020938 0.018223 0.049479 0.053704 0.021604 -0.045498 -0.084325 -0.067299 -0.047263 0.004871 0.018486 -0.035602 -0.049025 -0.012418 0.013903 0.009180 -0.001464 -0.019620 -0.041301 -0.039877 0.029705 0.139314 0.163916 0.097815 0.053071 0.056889 0.031843 -0.001967 -0.010602 -0.003612 0.005236 0.007936 -0.015819 -0.066646 -0.096047 -0.098574 -0.084349 -0.037371 0.042512 0.055577 0.008321
0.024052 -0.001133 -0.023766 -0.039461 -0.051682 -0.060591 -0.057724 -0.037253 -0.008716 0.029554 0.057053 0.038673 0.004494 -0.006968 -0.001006 0.014558 0.017847 -0.004641 -0.017118 -0.009692 -0.016828 -0.048683 -0.053231 -0.031664 -0.030376 -0.038743 -0.057260 -0.085888 -0.094738 -0.080983 -0.054433 -0.001844 0.008429 -0.013201 -0.025088 -0.023991 -0.017183 -0.021985 -0.036789 -0.044022 -0.017376 0.017893 0.042362 0.040164 0.028872 0.020118 -0.027490 -0.086660 -0.071813 -0.020003 -0.020014 -0.066420 -0.107512 -0.082141 0.004552 0.080434 0.095684 0.050775 0.007777 -0.001134 0.005878 -0.008924 -0.027359 -0.022465 -0.010846 -0.006573 0.004602 0.015640 0.010360 0.008635 0.004346 -0.032855 -0.042885 -0.020917 -0.008883 -0.032210 -0.057453 -0.056276 -0.026543 0.032243 0.075669 0.065728 0.024036 -0.012820 -0.013283 0.042215 0.059827 -0.018329 -0.066285 -0.035001 -0.025174 -0.050031 -0.061448 -0.054657 -0.029598 0.012429 0.010628 -0.035697 -0.041182 -0.016909 -0.028022 -0.053246 -0.090028 -0.120659 -0.104759 -0.075498 -0.072915 -0.044133 0.020895 0.063305 0.062270 0.052951 0.061196 0.066883 0.041057 -0.011398 -0.033591 -0.031553 -0.037201 -0.066207 -0.083949 -0.077997 -0.059286 -0.013632 0.060019 0.113787 0.086225 -0.002764 -0.056264 -0.062170 -0.058693 -0.045289 -0.008830 0.024037 0.044634 0.083543 0.130829 0.117782 0.039265 -0.013529 -0.014522 0.006590 0.007948 -0.016552 -0.019961 -0.034583 -0.084300 -0.088468 -0.031145 0.017954 0.035007 0.044757 0.030337 0.003309 -0.021857 -0.017525 0.008967 0.015448 0.040892 0.028612 -0.039845 -0.056511 -0.009937 0.024268 0.015308 -0.006627 -0.036088 -0.042515 -0.013377 0.061828 0.166925 0.193038 0.134378 0.071633 0.051660 0.022073 -0.003845 0.005950 0.017305 0.000919 -0.008693 -0.015405 -0.053553 -0.076562 -0.072263 -0.063638 -0.042993 0.012668 0.032108 0.001489
0.018530 -0.027175 -0.055804 -0.057581 -0.052013 -0.049841 -0.050907 -0.037734 -0.015500 0.014838 0.025504 -0.009211 -0.046258 -0.049444 -0.014348 0.034140 0.013784 -0.045314 -0.045359 -0.017174 -0.017354 -0.044425 -0.051263 -0.033838 -0.021375 -0.007199 -0.008953 -0.022564 -0.024459 -0.012606 -0.004465 0.009155 0.002318 -0.018824 -0.031770 -0.015064 0.027394 0.026689 -0.037775 -0.061582 -0.011494 0.039578 0.054003 0.018158 -0.038394 -0.070676 -0.075709 -0.094034 -0.097963 -0.050681 -0.020732 -0.024163 -0.047174 -0.048945 0.011559 0.114346 0.184828 0.159659 0.065177 -0.003733 -0.014141 -0.025823 -0.031312 -0.007488 0.004494 0.002242 0.013085 0.018468 0.011488 0.021787 0.038465 0.009218 -0.000431 0.024117 0.024308 -0.028615 -0.060655 -0.052824 -0.042475 -0.013431 0.021577 0.015869 -0.015215 -0.036034 -0.019823 0.055997 0.082939 0.006893 -0.057045 -0.054141 -0.045283 -0.061197 -0.070017 -0.067810 -0.039874 0.034816 0.063355 0.013554 -0.024341 -0.029592 -0.033797 -0.028867 -0.046989 -0.078609 -0.063827 -0.023871 -0.033510 -0.049006 -0.021009 0.027662 0.061606 0.078337 0.084219 0.059604 0.027013 -0.001042 -0.006424 0.008503 0.005580 -0.036181 -0.073368 -0.084360 -0.079737 -0.051793 -0.003508 0.041971 0.055570 0.037884 0.021863 0.004517 -0.035127 -0.071920 -0.054442 0.005382 0.066274 0.112268 0.121073 0.075449 0.014446 -0.007831 0.007316 0.015447 -0.001898 -0.029931 -0.027722 -0.014339 -0.037035 -0.072267 -0.052778 -0.001505 0.022621 0.026615 0.015014 0.005998 0.013634 0.047892 0.080590 0.078896 0.064918 0.020958 -0.026147 -0.018680 0.009817 0.020043 0.028347 0.041992 0.030479 0.019295 0.039439 0.093513 0.171001 0.187306 0.143952 0.091025 0.057971 0.029640 0.019526 0.035301 0.035642 -0.006719 -0.021103 -0.001177 -0.031291 -0.060838 -0.032196 0.000026 0.005374 0.018266 0.015877 -0.007502
0.002435 -0.049756 -0.075507 -0.062120 -0.043627 -0.027315 -0.025860 -0.021326 -0.007934 0.000690 -0.015088 -0.050822 -0.066083 -0.051606 -0.007673 0.050795 0.029254 -0.039600 -0.046409 -0.016573 -0.012103 -0.028893 -0.031323 -0.021507 -0.017873 -0.000600 0.014780 0.019392 0.020859 0.025051 0.022199 0.011762 -0.009955 -0.026340 -0.027127 0.002417 0.063355 0.068373 -0.019878 -0.070582 -0.012142 0.068318 0.083593 0.028893 -0.056233 -0.106852 -0.087307 -0.080596 -0.090569 -0.041623 0.018030 0.057485 0.062189 0.023295 0.006625 0.071926 0.164316 0.185057 0.120035 0.042067 0.015358 -0.002698 -0.010310 0.006470 -0.003431 -0.018708 -0.015050 -0.023027 -0.039099 -0.016165 0.047652 0.065923 0.058830 0.054222 0.024613 -0.041465 -0.064845 -0.047392 -0.045136 -0.031775 -0.004310 -0.021408 -0.058700 -0.066616 -0.023724 0.075129 0.101928 0.027669 -0.034035 -0.052869 -0.049535 -0.060357 -0.071420 -0.060970 -0.027064 0.049375 0.089854 0.043279 -0.012478 -0.036061 -0.035163 -0.013568 -0.016878 -0.043622 -0.034082 0.009366 0.000577 -0.031037 -0.024381 0.010711 0.028613 0.038339 0.042727 0.014752 0.004172 0.011440 0.018255 0.042652 0.054550 0.038928 0.018229 -0.014517 -0.053349 -0.063718 -0.038431 0.009022 0.045757 0.048700 0.029023 0.002436 -0.035109 -0.081776 -0.079875 -0.014558 0.058474 0.089566 0.053720 -0.002747 -0.027612 -0.013944 0.029246 0.048186 0.035468 0.017266 0.011297 0.025842 0.013807 -0.068485 -0.107401 -0.060382 -0.014662 0.002310 0.011034 0.016134 0.024739 0.051431 0.074125 0.077859 0.053040 -0.006851 -0.026074 0.017620 0.024592 0.001903 0.015426 0.054611 0.069345 0.057562 0.077225 0.098292 0.089654 0.063701 0.059160 0.059298 0.034155 0.011055 0.025835 0.053285 0.040314 -0.016426 -0.030065 -0.003189 -0.021046 -0.040347 -0.000149 0.037149 0.028261 0.004370 -0.022693 -0.040569
-0.039333 -0.085312 -0.091647 -0.054219 -0.034185 -0.035100 -0.038128 -0.030765 -0.022044 -0.038054 -0.068669 -0.078494 -0.051411 -0.011002 0.018039 0.043101 0.010291 -0.050498 -0.050649 -0.017778 -0.008449 -0.028510 -0.044425 -0.041048 -0.031042 -0.010549 0.002999 -0.006191 -0.015338 0.005795 0.035897 0.030360 -0.011903 -0.034694 -0.016082 0.018993 0.068410 0.075760 0.008214 -0.039504 0.007316 0.079396 0.087763 0.042976 -0.028433 -0.084471 -0.080555 -0.076943 -0.081308 -0.023693 0.058709 0.112201 0.114833 0.058631 0.010046 0.035744 0.106985 0.149258 0.143261 0.086083 0.040225 0.023470 0.004789 -0.013605 -0.044983 -0.056051 -0.050167 -0.061462 -0.078825 -0.054023 0.038500 0.100929 0.100055 0.071286 0.027426 -0.032578 -0.049389 -0.040240 -0.037920 -0.008645 0.022525 0.002099 -0.036397 -0.043673 0.004089 0.092740 0.097870 0.030087 0.004440 0.009795 0.010464 -0.001253 -0.016971 -0.029960 -0.026230 0.019108 0.051907 0.029701 -0.002120 -0.025558 -0.024022 0.000766 0.011217 -0.007667 -0.012539 0.016941 0.022490 0.011664 0.005873 -0.004360 -0.027559 -0.026259 -0.015956 -0.036794 -0.031663 0.002959 0.031548 0.061223 0.089120 0.112558 0.106869 0.045907 -0.027341 -0.056405 -0.039909 0.006649 0.046332 0.047013 0.012333 -0.022053 -0.038978 -0.059961 -0.051422 0.003706 0.053596 0.063241 0.024145 -0.022020 -0.046392 -0.032614 0.025690 0.064539 0.067705 0.057629 0.032227 0.012936 -0.006586 -0.057358 -0.083644 -0.056274 -0.028056 -0.012143 0.014069 0.030755 0.029683 0.021723 0.000361 -0.001485 -0.012654 -0.073086 -0.090959 -0.037176 -0.019456 -0.025931 -0.008327 0.016386 0.031087 0.029909 0.063120 0.066822 -0.005861 -0.063734 -0.048613 -0.006322 0.003891 0.000116 0.024272 0.054536 0.032217 -0.027872 -0.048608 -0.039952 -0.039713 -0.027753 0.000096 0.020572 0.007212 -0.034167 -0.057922 -0.052498
-0.037889 -0.080460 -0.073617 -0.024870 -0.011218 -0.048570 -0.079173 -0.074736 -0.059640 -0.062565 -0.077465 -0.075496 -0.040628 0.003692 0.014833 0.013662 -0.024530 -0.074132 -0.067850 -0.045604 -0.030245 -0.038366 -0.058341 -0.062825 -0.039295 -0.013345 -0.009584 -0.031547 -0.043716 -0.000461 0.058481 0.064858 0.011298 -0.024376 0.008634 0.044650 0.057681 0.041068 -0.000164 -0.017637 0.015304 0.056622 0.055894 0.032726 -0.002604 -0.041898 -0.059460 -0.062750 -0.056181 -0.005489 0.072174 0.116478 0.098322 0.057654 0.049719 0.073823 0.092734 0.088163 0.079994 0.041925 0.004721 0.008523 -0.011663 -0.051086 -0.070234 -0.053727 -0.050200 -0.073108 -0.066450 -0.021669 0.052410 0.099642 0.097514 0.081043 0.063681 0.024954 -0.017121 -0.055107 -0.074617 -0.040677 0.005201 0.013230 -0.004354 -0.020336 -0.001968 0.053423 0.059269 0.031562 0.046677 0.070257 0.052445 0.026127 0.011747 -0.017052 -0.039293 -0.015556 0.011617 0.011593 -0.007058 -0.035107 -0.020302 0.027815 0.063974 0.051018 0.027741 0.026922 0.034144 0.031996 0.000562 -0.047241 -0.075644 -0.067606 -0.055233 -0.074130 -0.071899 -0.031371 0.007131 0.040176 0.073601 0.098667 0.080942 0.009630 -0.052287 -0.066902 -0.055935 -0.013094 0.031566 0.037346 0.001134 -0.024889 -0.017107 -0.014341 -0.006634 0.021136 0.052343 0.073389 0.060078 0.020904 -0.025309 -0.036216 0.009586 0.051903 0.069418 0.067999 0.032669 -0.018296 -0.041410 -0.021906 0.004157 0.004609 -0.014322 -0.014820 0.033465 0.072014 0.063461 0.021788 -0.038513 -0.067369 -0.074835 -0.106990 -0.111074 -0.069148 -0.044362 -0.023049 0.000679 -0.004229 -0.024071 -0.031850 0.010506 0.037663 -0.003580 -0.044830 -0.052099 -0.035338 0.002789 0.026537 0.027048 0.020180 -0.014323 -0.059262 -0.074875 -0.071855 -0.059974 -0.029776 -0.017537 -0.008779 -0.024290 -0.072490 -0.085873 -0.064031
-0.005147 -0.040910 -0.036729 -0.001532 0.007277 -0.036209 -0.084458 -0.091089 -0.075970 -0.057413 -0.055487 -0.062936 -0.044348 -0.011999 -0.005309 -0.007699 -0.043349 -0.092928 -0.103481 -0.101363 -0.072110 -0.044951 -0.042271 -0.052588 -0.037136 -0.008300 -0.009086 -0.039979 -0.037987 0.017091 0.057445 0.058324 0.019347 -0.002272 0.037248 0.051066 0.015574 -0.018899 -0.021598 0.004145 0.031455 0.040291 0.022198 0.011308 -0.000975 -0.017956 -0.024922 -0.026956 -0.033498 -0.017968 0.039758 0.087175 0.068441 0.048534 0.079953 0.112834 0.091189 0.034089 -0.014334 -0.055735 -0.067416 -0.038813 -0.045447 -0.063733 -0.042166 -0.001745 -0.012795 -0.059002 -0.032430 0.035051 0.066139 0.056936 0.046320 0.060408 0.084462 0.078076 0.019369 -0.072709 -0.147139 -0.132273 -0.064628 -0.023132 -0.013514 -0.023270 -0.035669 -0.022157 -0.009296 0.000358 0.031443 0.058375 0.034124 -0.002534 -0.011269 -0.028171 -0.039378 -0.009424 0.024455 0.026953 -0.016063 -0.064931 -0.040184 0.042094 0.110843 0.101835 0.061938 0.046378 0.067889 0.058665 -0.009775 -0.075240 -0.097654 -0.095718 -0.087429 -0.086952 -0.063850 -0.026966 -0.015666 -0.000177 0.026799 0.048191 0.042100 -0.012684 -0.064635 -0.078350 -0.081600 -0.043433 0.011522 0.027526 -0.004875 -0.021676 0.000103 0.005250 -0.005989 -0.008771 0.024000 0.078075 0.091314 0.051071 -0.004941 -0.023160 0.006514 0.037130 0.050802 0.046841 0.021135 -0.018030 -0.012168 0.038734 0.070461 0.046919 -0.002607 -0.027738 0.024767 0.085227 0.089912 0.053406 0.000615 -0.043739 -0.053681 -0.044246 -0.020213 0.005758 0.018747 0.035900 0.036441 -0.009703 -0.069793 -0.098671 -0.061602 0.000592 0.031321 0.021076 -0.018454 -0.047554 -0.018135 0.007255 -0.013566 -0.040618 -0.066350 -0.092844 -0.101934 -0.095054 -0.073136 -0.024647 -0.005028 0.001220 -0.019974 -0.071597 -0.093975 -0.083821
0.006547 -0.011421 -0.009573 0.008331 0.015022 -0.006986 -0.043068 -0.052771 -0.049882 -0.045014 -0.052441 -0.051888 -0.027046 -0.012071 -0.011718 -0.008513 -0.033385 -0.080654 -0.100786 -0.096558 -0.071345 -0.055500 -0.051460 -0.053544 -0.040670 -0.017524 -0.039692 -0.078536 -0.041114 0.023691 0.029553 0.017258 0.012545 0.030946 0.063410 0.036485 -0.018157 -0.022185 0.021750 0.077174 0.095037 0.068339 0.032056 0.031602 0.013854 -0.021206 -0.021547 -0.001168 -0.004090 -0.014440 0.015136 0.077731 0.097781 0.087854 0.096977 0.101417 0.070557 0.019719 -0.027484 -0.076623 -0.090947 -0.073027 -0.074106 -0.061845 -0.020404 0.018142 0.002688 -0.048029 -0.031421 0.028946 0.027846 -0.020129 -0.025075 0.028189 0.092010 0.111366 0.059744 -0.060679 -0.176936 -0.177609 -0.113864 -0.076660 -0.050862 -0.028310 -0.038488 -0.068417 -0.093372 -0.092254 -0.044510 0.023203 0.021184 -0.031731 -0.039887 -0.034022 -0.031876 0.003918 0.049867 0.055499 0.008648 -0.039482 -0.029216 0.036739 0.099531 0.080512 0.031316 0.031259 0.078494 0.078086 0.016097 -0.039610 -0.072658 -0.096468 -0.100615 -0.069105 -0.005121 0.031321 0.009300 -0.002366 0.009582 0.034228 0.055701 0.024841 -0.032315 -0.052224 -0.062351 -0.048234 -0.009294 0.005347 -0.026196 -0.041152 -0.011825 0.001917 -0.008209 -0.021533 -0.000718 0.058204 0.092470 0.068281 0.024037 0.008103 0.019407 0.026312 0.033001 0.036993 0.023342 0.003205 0.043618 0.098916 0.119418 0.096854 0.034692 -0.028127 -0.016681 0.032989 0.055474 0.047822 0.027552 0.010751 0.025178 0.045756 0.055617 0.059198 0.068149 0.083156 0.065642 0.016184 -0.023285 -0.068006 -0.086623 -0.041522 0.021705 0.029724 -0.019652 -0.061540 -0.045634 -0.030328 -0.047779 -0.050575 -0.054967 -0.075451 -0.080527 -0.074395 -0.045390 0.010773 0.032687 0.036373 0.011582 -0.043868 -0.074028 -0.073108
-0.002152 0.004367 0.016025 0.025565 0.027106 0.022996 0.010430 0.005208 0.002168 -0.008260 -0.040856 -0.043741 -0.007223 0.006420 -0.000539 0.005182 -0.001866 -0.043165 -0.062310 -0.044913 -0.027649 -0.039825 -0.049893 -0.045721 -0.033036 -0.024728 -0.067008 -0.090133 -0.019509 0.040756 0.031299 0.006055 0.004018 0.037432 0.056593 0.004233 -0.051105 -0.037915 0.021681 0.096032 0.118077 0.080395 0.058599 0.082456 0.059096 -0.003616 -0.024190 0.006685 0.023172 -0.003602 -0.016788 0.042828 0.102835 0.111192 0.100056 0.081764 0.059616 0.040269 0.014213 -0.039706 -0.060180 -0.050452 -0.049706 -0.035645 -0.018144 -0.000432 -0.005440 -0.052569 -0.072612 -0.042653 -0.049878 -0.088318 -0.066629 0.013065 0.083808 0.103069 0.075594 -0.017681 -0.115274 -0.119851 -0.099671 -0.100486 -0.067104 -0.017135 -0.022066 -0.083220 -0.154187 -0.180445 -0.127757 -0.035167 -0.015477 -0.073638 -0.082041 -0.046255 -0.034819 -0.017486 0.013968 0.034496 0.041979 0.036240 0.024297 0.037093 0.072394 0.046540 -0.014594 -0.017348 0.025737 0.039793 0.022912 0.000008 -0.037770 -0.076499 -0.083872 -0.035428 0.031545 0.046308 0.008269 0.004740 0.024880 0.038228 0.044045 0.026592 -0.010951 -0.013627 -0.011512 -0.030972 -0.044710 -0.052537 -0.064886 -0.043307 0.000312 0.014827 0.017376 0.011187 0.009270 0.044449 0.084452 0.087509 0.063369 0.045201 0.051645 0.048475 0.051536 0.070468 0.058002 0.017467 0.042091 0.098476 0.143573 0.150494 0.076153 -0.009623 -0.025832 -0.015041 -0.021811 -0.037001 -0.046223 -0.008306 0.057195 0.064870 0.046304 0.051850 0.056377 0.051782 0.025514 0.022285 0.060443 0.032211 -0.041978 -0.050450 -0.013685 -0.001520 -0.029148 -0.046825 -0.029136 -0.013820 -0.021010 -0.012009 -0.017731 -0.038661 -0.024456 -0.010115 0.007387 0.043123 0.048879 0.046857 0.022876 -0.035296 -0.064129 -0.053309
-0.021736 0.005028 0.037242 0.053413 0.052553 0.050272 0.047948 0.040329 0.038308 0.041245 0.004135 -0.026982 -0.013626 -0.004896 -0.017302 -0.010104 -0.006463 -0.043485 -0.050651 -0.009013 0.017202 0.000829 -0.016444 -0.028877 -0.032731 -0.031141 -0.058070 -0.049471 0.017509 0.049073 0.027573 -0.010890 -0.027902 -0.006690 0.014448 -0.023911 -0.080903 -0.088038 -0.052557 0.016584 0.055277 0.049526 0.054738 0.082180 0.075031 0.026599 -0.014672 -0.006364 0.012011 -0.023911 -0.075116 -0.046713 0.018272 0.054911 0.056660 0.045062 0.041717 0.058648 0.050640 -0.000567 -0.011456 0.008144 0.007563 0.004633 0.004150 0.004001 -0.015288 -0.060373 -0.086593 -0.084649 -0.101277 -0.117293 -0.070167 0.010078 0.062707 0.084403 0.085926 0.036260 -0.025914 -0.036103 -0.054154 -0.085843 -0.051312 0.003599 -0.002702 -0.054345 -0.118335 -0.163220 -0.153279 -0.094016 -0.060954 -0.098692 -0.110272 -0.061685 -0.042790 -0.053970 -0.061790 -0.030651 0.042775 0.084968 0.059249 0.028169 0.043531 0.035709 -0.027789 -0.067575 -0.044235 0.006056 0.041685 0.031762 -0.013606 -0.051156 -0.049115 -0.011286 0.009525 -0.008703 -0.038435 -0.022413 0.008592 0.017778 0.008616 0.000215 -0.011012 -0.007864 0.003482 -0.013796 -0.059707 -0.092196 -0.077582 -0.007960 0.039201 0.025307 0.017362 0.017845 0.010459 0.023931 0.052687 0.062919 0.050114 0.041510 0.071217 0.086754 0.086321 0.098705 0.074182 0.012689 0.006708 0.059850 0.126555 0.151934 0.082511 0.008063 -0.013667 -0.043618 -0.094279 -0.135499 -0.153741 -0.082819 0.008825 0.006622 -0.001587 0.034776 0.038814 0.021300 -0.014672 -0.014586 0.042466 0.051182 0.007856 -0.010132 -0.010917 -0.013024 -0.017507 -0.000390 0.013437 0.021383 0.025805 0.025110 -0.005749 -0.031590 0.010240 0.062490 0.076363 0.084252 0.063165 0.037783 0.014286 -0.038911 -0.076284 -0.068165
-0.019952 0.008604 0.042208 0.062969 0.065253 0.059411 0.057412 0.048946 0.047920 0.062909 0.046229 0.000820 -0.037461 -0.064043 -0.073896 -0.052144 -0.045220 -0.072001 -0.062141 0.005883 0.050572 0.023936 -0.014172 -0.041981 -0.052370 -0.046064 -0.046968 -0.033002 -0.010360 -0.019083 -0.041092 -0.054682 -0.052589 -0.037331 -0.012081 -0.025825 -0.067863 -0.082317 -0.076452 -0.040087 -0.001067 0.027831 0.026251 0.010502 0.023317 0.022558 -0.023004 -0.043658 -0.021562 -0.036823 -0.107914 -0.122471 -0.060436 0.002854 0.012906 0.008599 0.021216 0.064077 0.074055 0.023756 -0.003664 0.007081 0.020245 0.030386 0.037200 0.024606 -0.022263 -0.042258 -0.022288 -0.032810 -0.079118 -0.103208 -0.054301 0.008136 0.039319 0.075639 0.097479 0.063505 0.011520 -0.013742 -0.046530 -0.081497 -0.037317 0.014632 0.009884 0.003705 -0.015074 -0.061990 -0.096206 -0.083124 -0.051813 -0.073397 -0.094669 -0.058371 -0.030505 -0.036788 -0.061265 -0.042713 0.037901 0.083700 0.037815 -0.013501 0.007925 0.029622 -0.026790 -0.093500 -0.074756 0.010510 0.069051 0.042834 -0.007476 -0.023562 -0.016457 -0.018646 -0.049726 -0.073500 -0.076777 -0.058929 -0.029486 -0.005506 -0.000552 -0.003859 -0.018624 -0.047928 -0.047145 -0.021285 -0.029205 -0.049535 -0.025954 0.024845 0.033242 -0.003048 -0.023142 -0.022952 -0.010805 -0.001574 0.001496 -0.000083 -0.004109 0.006416 0.054403 0.091629 0.104877 0.107182 0.068755 0.020285 0.008577 0.045444 0.097795 0.105670 0.056147 0.017163 -0.008395 -0.075486 -0.155868 -0.193687 -0.197729 -0.129326 -0.060125 -0.060819 -0.033588 0.021185 0.038027 0.055050 0.039384 -0.002818 -0.009423 -0.003970 0.003942 0.014399 -0.005580 -0.028743 -0.021585 0.022593 0.036101 0.030987 0.047136 0.048089 0.003850 -0.031568 0.013077 0.094927 0.117202 0.105985 0.062915 0.015509 0.004404 -0.014840 -0.059683 -0.088182
-0.002999 0.012606 0.018179 0.031720 0.044293 0.040860 0.037708 0.037348 0.042452 0.052135 0.054649 0.026975 -0.027815 -0.076647 -0.088378 -0.067820 -0.055458 -0.050279 -0.033752 0.016945 0.060836 0.033304 -0.018456 -0.042281 -0.037398 -0.026960 -0.028660 -0.042824 -0.066219 -0.098318 -0.101084 -0.076767 -0.058173 -0.044551 -0.031358 -0.038429 -0.049101 -0.036903 -0.025302 -0.019200 -0.015224 0.016829 0.005527 -0.054736 -0.044297 -0.003956 -0.032558 -0.064110 -0.036422 -0.018393 -0.081910 -0.120464 -0.067341 -0.005921 0.005801 0.010320 0.025021 0.054978 0.057209 0.020162 -0.005539 0.003815 0.041180 0.077870 0.080120 0.049393 -0.003139 -0.008060 0.031505 0.034219 -0.003648 -0.030474 -0.003349 0.018858 0.017662 0.039104 0.051967 0.025816 -0.001723 -0.014950 -0.038160 -0.069248 -0.037788 -0.015817 -0.028597 -0.002902 0.005187 -0.030588 -0.061802 -0.052821 -0.016245 -0.022183 -0.043112 -0.039037 -0.021101 0.007460 0.024242 0.038283 0.075009 0.087900 0.021684 -0.047008 -0.020856 0.016106 -0.020297 -0.064368 -0.049622 0.001616 0.028549 0.004392 -0.010512 0.006121 -0.001089 -0.048360 -0.104147 -0.118325 -0.104017 -0.081051 -0.048539 -0.012632 0.017153 0.028580 0.003134 -0.055019 -0.069126 -0.020895 0.014953 0.017424 0.023941 0.016668 -0.014189 -0.051515 -0.077176 -0.069333 -0.011414 0.019835 -0.000596 -0.026466 -0.034783 -0.009582 0.030049 0.056750 0.090022 0.103485 0.074566 0.056621 0.048518 0.064504 0.095646 0.078051 0.033220 0.012775 -0.010796 -0.091617 -0.174540 -0.175521 -0.147122 -0.100725 -0.079295 -0.082629 -0.027549 0.028875 0.036614 0.057422 0.057323 0.002694 -0.040700 -0.056664 -0.041939 -0.021091 -0.051303 -0.086649 -0.078176 -0.030462 -0.003277 0.007273 0.042369 0.054594 0.014242 -0.022391 0.012441 0.088073 0.087021 0.045765 0.008551 -0.014769 0.000002 0.020390 -0.018001 -0.085567
0.012034 0.014793 -0.005375 -0.006785 0.010766 0.017861 0.024093 0.029852 0.038484 0.041861 0.054168 0.049765 0.014293 -0.023437 -0.040353 -0.038858 -0.030647 -0.013895 -0.006271 0.008427 0.025235 0.010980 -0.020651 -0.020435 0.017304 0.032844 0.004403 -0.037607 -0.064652 -0.083122 -0.079568 -0.065275 -0.060307 -0.050861 -0.052131 -0.058416 -0.038464 0.017333 0.054230 0.036710 -0.007305 0.003415 -0.006782 -0.066776 -0.054813 -0.002335 -0.015792 -0.033111 0.009410 0.045592 -0.002912 -0.042838 -0.007656 0.027062 0.033501 0.049562 0.065740 0.063775 0.031416 0.002299 0.010791 0.047673 0.088971 0.116084 0.092744 0.049459 0.020751 -0.000210 -0.004445 0.008623 0.022952 0.038217 0.061686 0.062209 0.039354 0.012065 -0.023437 -0.042768 -0.023357 0.003979 0.011429 -0.015686 -0.033073 -0.063409 -0.091256 -0.062072 -0.049204 -0.070158 -0.076244 -0.045347 0.002258 0.008046 -0.006137 -0.029886 -0.044370 -0.006387 0.054507 0.090300 0.108181 0.107677 0.047228 -0.025146 -0.017234 0.006838 0.002802 0.005414 0.004253 -0.009220 -0.020800 -0.012671 0.022587 0.044612 0.003305 -0.065083 -0.112406 -0.124308 -0.108908 -0.071460 -0.040192 -0.014932 0.028239 0.064307 0.056258 0.008511 -0.022221 -0.008365 0.025307 0.037283 0.027410 -0.008118 -0.053968 -0.101129 -0.126105 -0.091280 -0.002275 0.052614 0.039768 -0.008378 -0.045271 -0.017177 0.018043 0.023987 0.055430 0.079305 0.073371 0.080830 0.076842 0.069468 0.071348 0.047970 0.015575 0.008690 0.007506 -0.049354 -0.113614 -0.089353 -0.046071 -0.022936 -0.037578 -0.052819 -0.006085 0.031698 0.019625 0.012090 -0.001280 -0.032151 -0.047735 -0.059363 -0.069166 -0.087137 -0.133718 -0.148561 -0.115661 -0.074605 -0.057537 -0.039541 0.004317 0.028683 0.002493 -0.032838 -0.018140 0.035567 0.023919 -0.011042 -0.005585 -0.000498 -0.003679 0.005303 -0.013097 -0.061154
0.059140 0.040054 -0.005612 -0.026693 0.000626 0.036140 0.061526 0.061830 0.054261 0.065805 0.102568 0.101043 0.055396 0.007050 -0.021673 -0.025256 -0.021032 -0.013254 -0.000827 0.010695 0.008058 -0.008027 -0.023511 -0.001442 0.047869 0.055443 0.014491 -0.013008 -0.011171 -0.018294 -0.039530 -0.059282 -0.070419 -0.059227 -0.046172 -0.039888 -0.008678 0.070395 0.116609 0.077378 -0.003511 -0.019085 -0.022873 -0.047252 -0.025170 0.009450 -0.007329 -0.004373 0.060853 0.102729 0.059863 0.021351 0.042623 0.058867 0.064728 0.098672 0.125381 0.106309 0.042139 -0.005884 0.014189 0.073619 0.109570 0.096367 0.029854 -0.020490 -0.017051 -0.033638 -0.066803 -0.057849 -0.007108 0.052925 0.092331 0.096548 0.073217 0.025197 -0.035908 -0.047125 -0.002118 0.044277 0.071124 0.050107 -0.006319 -0.071660 -0.105538 -0.079276 -0.074204 -0.093382 -0.080181 -0.038660 -0.000923 0.007163 0.006726 -0.013091 -0.043148 -0.024111 0.021755 0.059771 0.099542 0.109422 0.058038 0.013289 0.021976 0.030726 0.050343 0.086339 0.071490 0.015539 -0.010757 0.024780 0.079250 0.092094 0.041739 -0.019981 -0.051272 -0.063967 -0.057243 -0.031277 -0.028191 -0.019390 0.025248 0.063800 0.072865 0.055776 0.024513 0.006408 0.018480 0.020303 -0.000749 -0.030170 -0.064422 -0.112642 -0.124669 -0.079966 -0.013921 0.036194 0.044049 -0.006521 -0.063877 -0.037600 0.013492 0.023408 0.035307 0.049045 0.055473 0.072180 0.063524 0.024742 0.002962 0.007151 0.013122 0.024348 0.034268 0.005141 -0.039448 -0.018085 0.031265 0.046212 0.014767 -0.012021 0.003324 0.014903 0.007574 0.000559 -0.012615 -0.009894 0.001410 -0.006416 -0.047933 -0.114401 -0.161721 -0.144504 -0.088808 -0.051337 -0.063414 -0.072507 -0.040478 -0.007128 -0.018678 -0.054206 -0.059031 -0.020290 -0.009235 -0.007533 0.029327 0.035303 -0.006974 -0.037212 -0.035725 -0.029383
0.107072 0.067167 0.017219 -0.004533 0.014971 0.056010 0.085952 0.078910 0.060639 0.093145 0.155399 0.148582 0.082725 0.001523 -0.051218 -0.052548 -0.034451 -0.005186 0.034189 0.046457 0.030863 0.003471 -0.016521 0.002005 0.029946 0.023938 0.000271 0.013504 0.036233 0.015888 -0.037331 -0.091689 -0.115419 -0.074478 -0.014368 0.001003 0.002783 0.059652 0.105840 0.070921 -0.014507 -0.049374 -0.050910 -0.050145 -0.027176 -0.004230 -0.010331 0.002495 0.053612 0.085563 0.054407 0.023376 0.032160 0.040641 0.063515 0.115105 0.143252 0.112831 0.041351 -0.006296 -0.001791 0.040347 0.079468 0.064266 -0.005521 -0.057760 -0.055127 -0.047888 -0.059763 -0.055602 -0.006236 0.067816 0.101336 0.074889 0.048750 0.041739 0.023267 0.023236 0.041180 0.054095 0.072847 0.070210 0.032472 -0.026196 -0.060186 -0.047588 -0.064796 -0.087754 -0.059820 -0.025229 -0.018319 -0.018713 0.003055 0.015390 0.001033 0.011138 0.029055 0.048579 0.096778 0.106448 0.046458 0.015207 0.037646 0.048461 0.070412 0.107910 0.092255 0.037762 0.023364 0.058329 0.091388 0.102324 0.088010 0.062201 0.045289 0.032657 0.034773 0.031690 -0.007468 -0.009497 0.035770 0.058847 0.058200 0.051413 0.035294 0.023567 0.022906 -0.003811 -0.044181 -0.053234 -0.049359 -0.071723 -0.070010 -0.047359 -0.027100 0.002952 0.020647 -0.012915 -0.064369 -0.057989 -0.017358 0.005209 0.008491 0.008380 0.019473 0.040493 0.024446 -0.037346 -0.064827 -0.027136 0.021568 0.038298 0.021852 0.005764 -0.012034 0.001866 0.052895 0.060524 0.020943 0.002204 0.008651 0.009899 0.017302 0.030935 0.041143 0.059479 0.060237 0.040638 -0.013648 -0.079703 -0.096791 -0.076513 -0.046660 -0.025987 -0.052228 -0.073161 -0.044745 -0.016502 -0.021874 -0.039748 -0.041198 -0.015858 0.003072 0.020012 0.056863 0.058768 -0.003499 -0.061433 -0.057470 -0.025311
0.078827 0.053245 0.045968 0.045149 0.008849 -0.016188 0.001260 0.030342 0.048435 0.083521 0.121300 0.116839 0.080370 0.012858 -0.044120 -0.048081 -0.018629 0.030635 0.087098 0.088563 0.057721 0.018986 -0.014782 -0.009146 0.011581 0.007379 -0.006678 0.012497 0.031291 0.010672 -0.041083 -0.109019 -0.138838 -0.075950 -0.000668 0.007157 -0.019807 -0.001365 0.037946 0.020563 -0.045417 -0.075374 -0.066058 -0.059402 -0.055321 -0.048680 -0.042061 -0.018612 0.001816 0.008498 -0.006759 -0.017500 -0.005740 0.014972 0.059232 0.114354 0.124221 0.074306 0.010059 -0.019291 -0.030821 -0.016537 0.028622 0.041776 0.013937 -0.016494 -0.026222 -0.007595 0.010762 0.003420 0.012720 0.058008 0.065438 0.014251 0.010267 0.062044 0.073545 0.061495 0.052422 0.029679 0.024155 0.037963 0.048205 0.022360 -0.006830 -0.010041 -0.042800 -0.072886 -0.043253 -0.003502 -0.001716 -0.008237 0.026923 0.053196 0.040296 0.043847 0.055422 0.077706 0.130517 0.134032 0.059757 0.013679 0.040933 0.069564 0.081562 0.086105 0.061996 0.028076 0.037609 0.057089 0.056399 0.072134 0.097814 0.098219 0.077946 0.065080 0.089445 0.091332 0.030536 0.009328 0.049321 0.066605 0.047093 0.029479 0.033712 0.050235 0.050958 -0.000869 -0.056024 -0.047877 -0.020229 -0.018934 -0.012691 -0.018402 -0.031132 -0.018647 0.001610 -0.007926 -0.040991 -0.061141 -0.057703 -0.038522 -0.023395 -0.016460 -0.006317 0.018587 0.001880 -0.076898 -0.119748 -0.080075 -0.003165 0.041457 0.017708 -0.008179 -0.013771 -0.005053 0.034751 0.036147 -0.002340 -0.015734 -0.003323 0.001230 0.018727 0.053515 0.077031 0.081758 0.066801 0.051070 0.012522 -0.029207 -0.041553 -0.053669 -0.057025 -0.042041 -0.053391 -0.045662 -0.001004 0.007127 -0.010320 -0.008150 0.010022 0.024194 0.027675 0.040632 0.062970 0.044870 -0.035880 -0.097332 -0.093017 -0.062922
0.038177 0.045317 0.064257 0.063635 -0.000686 -0.078647 -0.076706 0.004731 0.071872 0.083129 0.064904 0.051857 0.052563 0.044431 0.010483 -0.013312 -0.001575 0.034892 0.089768 0.099124 0.079137 0.044367 0.005928 0.008982 0.029979 0.019584 0.003442 0.013933 0.025122 0.007780 -0.037323 -0.087632 -0.106546 -0.061666 -0.019416 -0.030243 -0.064318 -0.063599 -0.030153 -0.029913 -0.069534 -0.079027 -0.057578 -0.049208 -0.057602 -0.066845 -0.059175 -0.034156 -0.043326 -0.076595 -0.094809 -0.080484 -0.037648 0.004218 0.046818 0.095594 0.099855 0.042711 -0.027870 -0.064174 -0.069139 -0.042499 0.000252 0.010017 0.007598 -0.000248 -0.015672 -0.002422 0.026948 0.030348 0.040427 0.065290 0.037809 -0.022454 -0.011210 0.053286 0.059209 0.040672 0.047688 0.025393 -0.008532 -0.010542 0.017649 0.030804 0.027730 0.021512 -0.022516 -0.069494 -0.037750 0.029497 0.049630 0.047521 0.081654 0.101562 0.084095 0.067420 0.053435 0.073209 0.129261 0.130717 0.060611 0.021257 0.055932 0.090310 0.083895 0.058925 0.024998 0.008045 0.037951 0.049974 0.037340 0.056231 0.077547 0.057290 0.021453 0.022932 0.079907 0.101637 0.035828 -0.008477 0.021485 0.035818 0.003426 -0.017298 0.008845 0.052062 0.066031 0.022665 -0.026072 -0.016441 0.006328 0.013956 0.019224 -0.001843 -0.027553 -0.029370 -0.017599 -0.018505 -0.040408 -0.060044 -0.067485 -0.052001 -0.013798 0.012179 0.002127 0.014113 0.003796 -0.084567 -0.152633 -0.135833 -0.048019 0.045061 0.050307 0.005456 -0.009704 0.002629 0.024375 0.011009 -0.040427 -0.074466 -0.047304 -0.017485 -0.000111 0.034595 0.055290 0.046559 0.030323 0.022616 0.003259 -0.017282 -0.030287 -0.058999 -0.072933 -0.062131 -0.065964 -0.039584 0.016492 0.020852 -0.002573 -0.001116 0.023637 0.041175 0.037184 0.037751 0.040789 0.003789 -0.081627 -0.128240 -0.113977 -0.086887
0.049877 0.078566 0.077287 0.048469 0.006965 -0.054013 -0.049041 0.055650 0.130475 0.106461 0.045013 -0.007101 -0.020815 0.022461 0.024601 -0.016387 -0.021775 0.006009 0.053396 0.075371 0.077686 0.069763 0.050430 0.051377 0.056152 0.037327 0.034829 0.048583 0.054187 0.038357 0.006297 -0.015859 -0.030512 -0.024270 -0.010858 -0.021599 -0.055393 -0.068829 -0.051064 -0.041942 -0.055883 -0.053874 -0.045153 -0.037929 -0.042204 -0.061305 -0.057779 -0.038437 -0.061780 -0.113746 -0.133425 -0.093895 -0.020293 0.023500 0.035998 0.058549 0.059667 0.004263 -0.069836 -0.099725 -0.071306 -0.017654 0.004667 -0.020351 -0.021170 -0.015179 -0.024330 -0.015607 0.009244 0.042372 0.091190 0.105780 0.047820 -0.018566 -0.026401 0.008574 0.011111 0.010897 0.046754 0.049032 -0.003254 -0.049925 -0.044466 -0.000785 0.034958 0.035602 -0.007619 -0.047988 -0.005934 0.068550 0.095187 0.100069 0.127089 0.139697 0.132173 0.110142 0.069449 0.057874 0.082340 0.073322 0.034296 0.035623 0.070173 0.079799 0.054646 0.037827 0.014166 0.002421 0.038865 0.055574 0.039980 0.038384 0.026126 -0.013562 -0.040579 -0.025909 0.023185 0.041609 -0.012197 -0.054858 -0.028683 -0.021576 -0.060014 -0.068906 -0.016207 0.045678 0.072884 0.056684 0.022261 0.020220 0.032260 0.036327 0.032642 0.010055 -0.011861 -0.022538 -0.032429 -0.047634 -0.059885 -0.049494 -0.037857 -0.026592 0.007164 0.023035 -0.015366 -0.024033 -0.019417 -0.080381 -0.140128 -0.140740 -0.064632 0.038092 0.058091 0.021942 0.016859 0.047106 0.051865 -0.001562 -0.077565 -0.108394 -0.043617 0.015512 0.007737 -0.002882 -0.000041 0.007205 0.014796 0.006763 -0.002143 -0.001717 -0.012307 -0.045544 -0.060910 -0.057547 -0.068706 -0.060602 -0.028998 -0.024332 -0.027759 -0.010295 0.016914 0.037961 0.036972 0.024749 0.014180 -0.013899 -0.071111 -0.099403 -0.085756 -0.063467
0.046419 0.089168 0.078855 0.044860 0.024421 -0.026981 -0.040329 0.042685 0.098998 0.075141 0.026835 -0.045481 -0.099664 -0.052843 -0.004589 -0.023677 -0.030359 -0.000147 0.034481 0.042617 0.040711 0.043076 0.042173 0.041750 0.043444 0.051447 0.074844 0.081641 0.060473 0.033335 0.027562 0.039202 0.035483 0.029448 0.038190 0.040439 0.007306 -0.024658 -0.039809 -0.041998 -0.038606 -0.033330 -0.040655 -0.042349 -0.052312 -0.082033 -0.074946 -0.046461 -0.053942 -0.087445 -0.092527 -0.031816 0.048382 0.069901 0.041507 0.021974 0.005342 -0.036369 -0.080071 -0.081468 -0.045216 -0.007790 -0.005763 -0.037144 -0.032949 -0.020003 -0.013840 0.001077 0.020898 0.064132 0.117166 0.115179 0.058082 0.004303 -0.009594 0.016377 0.036853 0.047734 0.069866 0.074547 0.021410 -0.049539 -0.080728 -0.044071 0.011130 0.029821 0.011904 0.000096 0.025185 0.056379 0.080834 0.101877 0.119674 0.127756 0.132374 0.125001 0.091416 0.062974 0.050744 0.028625 0.022928 0.057263 0.077265 0.061653 0.032526 0.031595 0.022716 0.006651 0.031257 0.050711 0.033265 0.011581 -0.009906 -0.042445 -0.055064 -0.042851 -0.026512 -0.028216 -0.058904 -0.072995 -0.048745 -0.053902 -0.079700 -0.066887 -0.003311 0.056476 0.084130 0.090711 0.075794 0.062655 0.059415 0.056383 0.048183 0.029137 0.005944 -0.006233 -0.023276 -0.044977 -0.047282 -0.024899 -0.009757 -0.009549 0.005544 0.000342 -0.049730 -0.064780 -0.053489 -0.082963 -0.113199 -0.110980 -0.052893 0.024978 0.030421 0.004257 0.018305 0.064579 0.074863 0.016122 -0.046943 -0.046495 0.024452 0.063893 0.024383 -0.017107 -0.021117 0.000462 0.015456 0.002973 0.006252 0.023565 0.012407 -0.014062 -0.019653 -0.009382 -0.012232 -0.027858 -0.040995 -0.050426 -0.039021 -0.004452 0.023720 0.041045 0.044595 0.039806 0.043011 0.048341 0.033461 0.009214 -0.014476 -0.026161
0.021376 0.068086 0.069026 0.040682 0.016199 -0.037592 -0.073618 -0.034690 -0.006468 -0.008687 -0.014974 -0.063361 -0.133457 -0.118304 -0.037782 -0.011297 -0.000224 0.039204 0.062002 0.038550 -0.003539 -0.033944 -0.032960 -0.013916 0.008631 0.044859 0.086644 0.101719 0.061692 0.009172 0.009971 0.047475 0.074385 0.081542 0.081700 0.078014 0.049091 0.011960 -0.031817 -0.047264 -0.027748 -0.026054 -0.045306 -0.051872 -0.064588 -0.091442 -0.067256 -0.015506 -0.006210 -0.035080 -0.042671 0.016861 0.080304 0.082756 0.050753 0.020954 -0.005305 -0.029402 -0.040438 -0.036343 -0.038067 -0.041214 -0.031695 -0.026010 -0.024545 -0.040021 -0.037215 -0.014489 0.006166 0.048460 0.089290 0.078728 0.046726 0.027214 0.022876 0.041382 0.069831 0.081469 0.082071 0.076742 0.041186 -0.004021 -0.036366 -0.025046 0.011940 0.030094 0.029408 0.037456 0.039374 0.023240 0.037289 0.068666 0.077728 0.085020 0.086842 0.073925 0.052054 0.041393 0.033749 0.019002 0.024455 0.052579 0.043981 0.009789 -0.004356 0.023252 0.034708 0.012237 0.013815 0.025113 0.017617 0.005982 -0.004701 -0.029423 -0.036423 -0.036920 -0.056207 -0.079287 -0.081434 -0.052700 -0.035906 -0.063242 -0.070632 -0.045685 -0.001379 0.037029 0.050427 0.068276 0.081221 0.071023 0.058969 0.052917 0.043642 0.030979 0.017945 0.023829 0.021751 0.006959 0.002934 0.005856 0.000776 -0.006804 0.007873 0.005034 -0.037789 -0.053005 -0.042765 -0.057396 -0.067741 -0.054396 -0.017690 0.026065 0.020892 -0.002363 0.013310 0.054381 0.077719 0.059529 0.030667 0.027620 0.053478 0.059427 0.024747 0.000893 0.000496 0.007868 0.004652 -0.003384 0.004930 0.006984 -0.004016 0.000056 0.012655 0.025078 0.037582 0.031144 0.002914 -0.013154 -0.005480 0.017097 0.034285 0.040223 0.047530 0.069004 0.098057 0.123124 0.129152 0.098803 0.040423 -0.000351
0.023583 0.059820 0.061457 0.017792 -0.020298 -0.052753 -0.080131 -0.076233 -0.075541 -0.059883 -0.036264 -0.055252 -0.103435 -0.105207 -0.041984 -0.010543 0.009834 0.056279 0.090350 0.059155 -0.026134 -0.092053 -0.086364 -0.037313 0.012137 0.044800 0.073520 0.107445 0.082728 0.011490 -0.010875 0.033764 0.089287 0.111919 0.093120 0.056166 0.033245 0.025839 -0.001548 -0.015294 -0.013804 -0.041969 -0.060864 -0.043731 -0.032073 -0.043209 -0.019839 0.035605 0.039890 -0.009164 -0.030148 0.010405 0.034411 0.023537 0.023031 0.030962 0.030789 0.022506 0.023101 0.015077 -0.036434 -0.083949 -0.067219 -0.025247 -0.022905 -0.061981 -0.070339 -0.049104 -0.030597 0.004678 0.036151 0.029791 0.028025 0.045306 0.038574 0.020886 0.022451 0.026639 0.028363 0.031021 0.031185 0.041765 0.058190 0.079912 0.087927 0.071293 0.054131 0.046851 0.029915 0.008842 0.026850 0.046464 0.052270 0.076634 0.080733 0.046020 0.008877 0.012104 0.027668 0.025284 0.022547 0.027323 -0.005911 -0.045515 -0.028505 0.026005 0.036102 0.002032 -0.016088 -0.015532 0.001178 0.018680 0.005890 -0.021231 -0.015852 -0.019106 -0.063268 -0.106025 -0.094400 -0.034438 -0.022386 -0.071388 -0.086976 -0.079329 -0.058781 -0.030229 -0.016612 0.005580 0.033597 0.041721 0.048405 0.047574 0.029348 0.023147 0.031741 0.050732 0.054536 0.050905 0.051246 0.029723 -0.004697 -0.012623 0.003693 0.005148 -0.018314 -0.022799 -0.005832 -0.008382 -0.013110 -0.009404 -0.003355 0.018617 0.021683 0.008997 0.028869 0.060797 0.072736 0.067489 0.051667 0.033446 0.026533 0.024044 0.012834 0.008734 0.004471 -0.003164 -0.003773 0.007627 0.009089 -0.017929 -0.035853 -0.013834 0.009031 0.008857 0.017964 0.035668 0.023853 0.010540 0.009958 0.019089 0.030689 0.032996 0.043765 0.073931 0.099274 0.104805 0.108897 0.091683 0.051253 0.027087
0.039994 0.058001 0.047718 0.002906 -0.027944 -0.048285 -0.070018 -0.082761 -0.086704 -0.052880 -0.016988 -0.033208 -0.071331 -0.079490 -0.049136 -0.030122 -0.012344 0.026559 0.069140 0.046829 -0.042008 -0.098973 -0.082389 -0.027350 0.028079 0.038881 0.034409 0.065229 0.055284 -0.027422 -0.074268 -0.023164 0.052818 0.089252 0.066765 0.006204 -0.004705 0.049369 0.082866 0.079422 0.032035 -0.041047 -0.063064 -0.034003 -0.002729 0.000762 -0.001815 0.020581 0.013519 -0.034138 -0.051876 -0.021415 -0.014392 -0.027579 -0.019359 0.011225 0.049001 0.070458 0.088985 0.084080 0.009783 -0.073436 -0.079810 -0.052441 -0.051086 -0.060983 -0.050118 -0.035745 -0.031484 -0.022093 -0.011193 -0.007564 0.005336 0.027124 0.010473 -0.026113 -0.036573 -0.032079 -0.033945 -0.029380 -0.002141 0.046462 0.107271 0.169212 0.173158 0.116147 0.065097 0.027960 -0.008627 -0.014803 0.024326 0.031106 0.048508 0.109874 0.138766 0.102247 0.040186 0.019363 0.040675 0.049329 0.036700 0.024698 -0.005570 -0.026333 0.001856 0.027534 -0.000043 -0.029768 -0.038769 -0.037606 -0.007157 0.010218 -0.024378 -0.040968 0.002857 0.027428 -0.016242 -0.070677 -0.055375 0.012999 0.014720 -0.056662 -0.093739 -0.112503 -0.105746 -0.072418 -0.042382 -0.021645 -0.004811 0.019839 0.053014 0.055631 0.032065 0.040880 0.067488 0.073947 0.062899 0.065032 0.073216 0.035019 -0.022188 -0.019096 0.011710 0.015015 -0.003681 -0.010122 0.001299 0.004017 -0.001341 -0.011841 -0.016906 0.002440 0.012067 0.014462 0.049161 0.071329 0.053253 0.023450 0.000065 -0.009760 -0.005806 -0.001661 -0.018964 -0.045277 -0.063674 -0.058037 -0.017407 0.025317 0.028611 -0.007775 -0.033587 -0.019652 0.001552 -0.006988 -0.018058 -0.007641 0.002384 0.007061 0.008044 0.009364 0.008763 0.011985 0.034423 0.063747 0.070212 0.050855 0.045670 0.045756 0.052161 0.071945
0.079389 0.061822 0.031249 0.000917 -0.021598 -0.045753 -0.065140 -0.079946 -0.069538 -0.025566 -0.001179 -0.025009 -0.064139 -0.078820 -0.056939 -0.024311 0.000750 0.014550 0.022267 -0.001222 -0.060096 -0.086340 -0.060094 -0.015847 0.026911 0.032943 0.009030 0.002696 -0.027444 -0.098742 -0.118563 -0.048784 0.032261 0.065848 0.044033 -0.012631 -0.008461 0.081505 0.134941 0.104436 0.025133 -0.041519 -0.045508 -0.026028 -0.014954 -0.013712 -0.025115 -0.028471 -0.034866 -0.057190 -0.078221 -0.063596 -0.037484 -0.031240 -0.031441 -0.011811 0.025826 0.053928 0.085716 0.101251 0.052755 -0.019771 -0.047017 -0.062327 -0.072075 -0.042295 -0.016337 -0.035933 -0.064245 -0.071279 -0.052645 -0.023860 -0.010825 -0.009344 -0.024416 -0.045023 -0.056465 -0.057538 -0.071866 -0.075788 -0.038605 0.022349 0.086803 0.163828 0.185049 0.128507 0.064137 0.015143 -0.026303 -0.028493 0.006913 0.006356 0.036079 0.113739 0.157102 0.139915 0.084934 0.039092 0.055180 0.088142 0.086282 0.067156 0.045743 0.034245 0.041629 0.024272 -0.029310 -0.045176 -0.034119 -0.021716 0.001170 -0.019882 -0.071048 -0.055366 0.030491 0.086616 0.061745 0.023905 0.055268 0.106352 0.074478 -0.018031 -0.073306 -0.114886 -0.118999 -0.078327 -0.034196 -0.020684 -0.017481 0.027027 0.068945 0.061702 0.041397 0.060739 0.090341 0.089867 0.077898 0.077933 0.077170 0.030644 -0.031829 -0.024337 0.029628 0.052497 0.026625 -0.013570 -0.038920 -0.046084 -0.046292 -0.045069 -0.029209 0.001672 0.017356 0.031612 0.065288 0.064709 0.030824 -0.012831 -0.051354 -0.043406 0.001951 0.022817 -0.019119 -0.090535 -0.137395 -0.121365 -0.042499 0.025110 0.031496 -0.003199 -0.023375 -0.010364 0.005844 -0.002125 -0.021229 -0.026633 -0.004009 0.014937 0.013495 0.001375 -0.020992 -0.023329 0.008331 0.038727 0.048026 0.043907 0.030441 0.010528 0.025993 0.063676
0.119999 0.067402 0.011863 -0.026127 -0.065783 -0.079948 -0.056779 -0.043558 -0.028546 -0.000338 -0.002176 -0.031922 -0.064019 -0.083951 -0.071166 -0.033884 -0.005268 -0.004787 -0.021165 -0.028866 -0.030155 -0.028686 -0.021751 -0.013077 0.007058 0.024266 0.010565 -0.011718 -0.047941 -0.089644 -0.077208 -0.017230 0.038636 0.059755 0.037108 -0.006028 0.007876 0.091293 0.114033 0.032796 -0.057514 -0.072518 -0.020067 -0.000730 -0.028291 -0.038500 -0.036656 -0.049055 -0.050511 -0.045720 -0.077878 -0.087084 -0.043295 -0.016335 -0.014844 -0.000689 0.006444 0.006355 0.038366 0.078519 0.074799 0.041004 0.015663 -0.026471 -0.053701 -0.026011 -0.015299 -0.069459 -0.121035 -0.124382 -0.072206 -0.007875 0.002995 -0.022287 -0.020341 0.003440 -0.004601 -0.025023 -0.056265 -0.073762 -0.044573 0.016846 0.074159 0.130377 0.154523 0.124750 0.077106 0.047728 0.028881 0.027097 0.030134 0.007788 0.010875 0.045068 0.075538 0.086127 0.060575 0.022944 0.048164 0.115720 0.145129 0.132819 0.104392 0.074043 0.049542 0.011359 -0.029055 -0.023478 -0.005530 0.008374 0.015868 -0.029017 -0.071993 -0.037318 0.049276 0.097644 0.079238 0.082767 0.158592 0.196625 0.124445 0.026537 -0.034292 -0.085854 -0.100130 -0.069852 -0.029159 -0.017183 -0.017458 0.023218 0.056317 0.046918 0.033565 0.047201 0.066518 0.074790 0.077545 0.074521 0.069092 0.036767 -0.010779 -0.016199 0.029994 0.060421 0.034064 -0.032020 -0.094202 -0.108149 -0.082185 -0.050638 -0.013135 0.020390 0.037365 0.058935 0.089284 0.081806 0.049866 0.006694 -0.043312 -0.034226 0.040932 0.070037 0.018165 -0.061323 -0.123435 -0.122014 -0.055808 0.000934 0.006014 -0.010021 -0.007072 0.009927 0.013326 0.003863 -0.000317 0.008072 0.034168 0.036948 0.007313 -0.028596 -0.062769 -0.060996 -0.023031 0.003101 0.018319 0.045978 0.050646 0.018551 0.003846 0.006239
0.083293 0.044696 -0.000916 -0.041296 -0.101878 -0.119268 -0.056597 -0.000364 0.002416 0.001825 -0.004020 -0.040234 -0.083207 -0.109766 -0.106564 -0.078310 -0.048104 -0.032676 -0.032185 -0.010659 0.048958 0.075709 0.033254 -0.022205 -0.018812 0.019252 0.028556 0.006121 -0.031931 -0.058297 -0.042377 -0.015975 0.007451 0.035595 0.035801 0.009072 0.014870 0.055710 0.036330 -0.045345 -0.110649 -0.094261 -0.004405 0.027268 -0.006969 -0.020056 -0.029249 -0.055799 -0.045405 -0.023680 -0.046028 -0.051739 -0.014023 0.008983 0.018322 0.037402 0.019847 -0.009620 0.006930 0.044227 0.066528 0.079526 0.071203 0.019447 -0.018306 -0.011092 -0.012306 -0.052261 -0.092870 -0.105948 -0.062394 0.007440 0.019143 -0.013520 0.008173 0.069947 0.076792 0.041074 0.000037 -0.016026 -0.003662 0.025383 0.056678 0.083947 0.105477 0.099285 0.079319 0.085392 0.102292 0.110590 0.092583 0.047343 0.003191 -0.031415 -0.025568 0.018395 0.033526 0.026981 0.058338 0.132098 0.177328 0.172747 0.136585 0.094132 0.048035 -0.018011 -0.045545 -0.009501 0.016549 0.031378 0.032343 -0.006482 -0.024858 0.007444 0.055431 0.064840 0.031672 0.051485 0.148917 0.187899 0.118378 0.056079 0.023012 -0.007283 -0.022447 -0.021527 -0.003291 0.010618 0.002864 0.001546 0.023359 0.029677 0.021656 0.033147 0.049026 0.045769 0.034182 0.034002 0.049887 0.046725 0.018426 -0.001003 0.014752 0.023865 0.004589 -0.042039 -0.097393 -0.105338 -0.062062 -0.019542 0.012378 0.020239 0.009925 0.022872 0.066814 0.096609 0.089385 0.051630 0.003259 -0.008410 0.052121 0.083098 0.045422 -0.012582 -0.066242 -0.085789 -0.070281 -0.047439 -0.029574 -0.014334 0.001007 0.013406 0.009073 -0.010609 -0.010239 0.025244 0.070174 0.059765 0.001548 -0.058040 -0.094627 -0.087511 -0.053979 -0.030692 -0.011919 0.027069 0.060349 0.048831 0.008336 -0.032275
0.019129 0.024549 0.008690 -0.025838 -0.091966 -0.127567 -0.075629 -0.011180 -0.020698 -0.031592 -0.012154 -0.032699 -0.088590 -0.115885 -0.100223 -0.068532 -0.038295 -0.010626 0.014240 0.032857 0.082859 0.121193 0.068046 -0.028013 -0.046810 -0.000858 0.027905 0.011839 -0.022253 -0.037590 -0.031142 -0.030797 -0.026683 0.002085 0.026480 0.021755 0.019691 0.010638 -0.051176 -0.098054 -0.110060 -0.089630 -0.010436 0.027715 0.017282 0.011257 -0.017740 -0.045417 -0.029433 -0.022199 -0.029986 -0.016416 -0.004215 0.000466 0.035141 0.083743 0.074493 0.034434 0.019363 0.020453 0.041433 0.082823 0.080806 0.032431 0.010776 0.021179 0.021402 -0.000482 -0.034918 -0.069599 -0.056456 0.001866 0.019918 -0.008607 0.010138 0.082065 0.113786 0.073605 0.031509 0.032712 0.036818 0.007956 -0.021329 -0.017769 0.013172 0.034835 0.051606 0.092520 0.137286 0.152565 0.123398 0.062674 -0.007017 -0.061541 -0.052150 0.015767 0.055476 0.061287 0.089912 0.150994 0.174513 0.145185 0.101296 0.076230 0.050846 -0.015741 -0.050491 -0.022090 0.003196 0.022797 0.021791 -0.002558 0.004384 0.032890 0.046670 0.029256 -0.010959 -0.003127 0.067568 0.103550 0.076234 0.068912 0.065962 0.055996 0.035437 -0.004563 -0.019134 0.007804 0.017647 -0.000099 0.021377 0.033461 0.014478 0.020055 0.042870 0.031148 0.003479 0.008541 0.031689 0.034088 0.014074 -0.002951 0.007225 0.004253 -0.013149 -0.027041 -0.052662 -0.071247 -0.051023 -0.017614 0.010698 0.009166 -0.023015 -0.025662 0.028056 0.090704 0.098477 0.051539 0.008420 0.000557 0.047518 0.094732 0.084761 0.038318 -0.015773 -0.063428 -0.103272 -0.104201 -0.059336 -0.025263 -0.025119 -0.029522 -0.036005 -0.055445 -0.052773 -0.007827 0.050940 0.063562 0.028381 -0.034039 -0.084931 -0.097357 -0.082228 -0.050180 -0.016575 0.016943 0.052260 0.059884 0.022465 -0.023527
-0.024492 0.002044 0.001433 -0.030743 -0.083348 -0.116441 -0.095427 -0.064845 -0.077952 -0.061969 -0.011170 0.005222 -0.020526 -0.030310 -0.006551 0.021212 0.031701 0.031964 0.053239 0.050913 0.051849 0.091824 0.074605 -0.010759 -0.053639 -0.026354 0.011029 0.023413 0.024021 0.020960 0.009700 0.006308 0.011697 0.013132 0.008014 0.001608 0.010015 -0.007803 -0.074955 -0.090522 -0.067902 -0.066401 -0.038481 -0.011851 0.013873 0.043573 0.028495 0.008273 0.010290 -0.014934 -0.031039 -0.018755 -0.029868 -0.032532 0.029920 0.107135 0.113017 0.073512 0.049963 0.030726 0.018427 0.038854 0.042395 0.021372 0.021309 0.038828 0.041075 0.020680 -0.007521 -0.045689 -0.049199 0.000678 0.027932 0.003452 -0.001710 0.050447 0.104289 0.087196 0.051653 0.057669 0.067871 0.010606 -0.071012 -0.089731 -0.061344 -0.025201 0.008532 0.050004 0.102154 0.123049 0.098298 0.051500 -0.009486 -0.049653 -0.029803 0.033533 0.063649 0.050750 0.076447 0.132248 0.124518 0.070708 0.034242 0.033068 0.039458 0.002432 -0.036119 -0.024104 0.011293 0.027983 0.007649 -0.019405 -0.013447 0.009067 0.020944 -0.001593 -0.032038 -0.023078 0.007509 0.019705 0.028738 0.068990 0.077334 0.049815 -0.000312 -0.062256 -0.085361 -0.037932 0.015680 0.026199 0.051902 0.050661 0.010930 0.002588 0.026427 0.023525 0.006554 0.012154 0.014375 -0.002163 -0.019679 -0.017409 0.005532 0.011268 0.001372 0.004308 -0.001233 -0.042059 -0.060449 -0.034738 0.012039 0.033603 -0.002878 -0.024819 0.026963 0.101576 0.102660 0.024246 -0.030693 -0.015475 0.044315 0.104084 0.112944 0.079103 0.034559 -0.016844 -0.080822 -0.097773 -0.058502 -0.029155 -0.037465 -0.061579 -0.078944 -0.078466 -0.053959 -0.017923 0.019250 0.042927 0.044678 0.003769 -0.055479 -0.086478 -0.078884 -0.045943 -0.016803 -0.002732 0.015755 0.039632 0.037303 0.014555
-0.052760 -0.031767 -0.027849 -0.053333 -0.089519 -0.105652 -0.091528 -0.086649 -0.100827 -0.069249 -0.017979 0.026190 0.060811 0.076507 0.082038 0.085779 0.071179 0.034379 0.033384 0.023466 0.005306 0.043710 0.055422 0.010565 -0.014511 0.006932 0.029511 0.047052 0.073266 0.078811 0.065139 0.074581 0.079960 0.046266 -0.008710 -0.035537 -0.015828 -0.013140 -0.045741 -0.045435 -0.016166 -0.026088 -0.041175 -0.030878 0.016203 0.067985 0.066971 0.047195 0.043047 0.012733 -0.011961 -0.004812 -0.015620 -0.020889 0.033951 0.094949 0.079023 0.013384 -0.005026 0.003542 -0.012103 0.002852 0.042696 0.050905 0.042644 0.032690 0.019980 0.007155 0.011854 -0.001956 -0.013568 0.008347 0.014105 -0.017461 -0.041559 -0.014185 0.059416 0.099850 0.087584 0.082433 0.095592 0.047201 -0.046540 -0.078923 -0.063696 -0.043329 -0.023809 -0.004027 0.036350 0.068000 0.069546 0.054932 0.009262 -0.034333 -0.020264 0.041887 0.069592 0.040243 0.041757 0.064938 0.034217 -0.009263 -0.009741 0.017820 0.046401 0.036876 -0.000124 0.005112 0.056209 0.068873 0.036659 -0.001988 -0.026565 -0.023348 -0.005864 -0.021165 -0.028922 -0.010752 -0.016881 -0.040254 -0.015084 0.056892 0.069222 0.028451 -0.025157 -0.058391 -0.061523 -0.036152 0.010446 0.036942 0.063208 0.061024 0.022357 0.008929 0.024523 0.026120 0.021682 0.020858 0.007477 -0.018154 -0.025837 -0.003636 0.017620 0.027090 0.028685 0.043428 0.069944 0.038947 -0.021037 -0.031691 0.014925 0.058127 0.028041 -0.007648 0.039624 0.125794 0.133218 0.033232 -0.049518 -0.036653 0.028929 0.076856 0.079452 0.065364 0.061570 0.052229 0.013718 -0.012777 -0.009653 0.003511 -0.006415 -0.048437 -0.071000 -0.037014 0.007032 0.009881 -0.004974 0.002175 0.022689 0.015612 -0.014436 -0.021344 -0.007596 -0.005769 -0.018876 -0.031050 -0.034486 -0.001271 0.037854 0.036969
-0.037740 -0.029137 -0.025594 -0.038589 -0.066202 -0.071114 -0.045785 -0.043348 -0.062162 -0.061689 -0.057420 -0.020034 0.065444 0.115362 0.113879 0.105776 0.078755 0.035804 0.027273 0.013116 -0.011919 0.010238 0.031338 0.022588 0.032501 0.057120 0.055725 0.060247 0.083568 0.080143 0.068103 0.082436 0.072867 0.029078 -0.024086 -0.054249 -0.031319 0.002258 0.007502 0.004962 0.027086 0.033163 0.019418 0.022014 0.053812 0.085166 0.079639 0.050287 0.042650 0.033444 0.028262 0.049072 0.054027 0.037597 0.043936 0.055419 0.017514 -0.062697 -0.084042 -0.043718 -0.018305 0.018479 0.081171 0.098394 0.080713 0.044628 0.007843 0.002267 0.024904 0.023685 0.015947 0.015819 -0.008158 -0.050847 -0.076091 -0.057993 0.020931 0.097412 0.105181 0.099579 0.114413 0.079298 -0.001690 -0.035390 -0.036081 -0.052825 -0.053642 -0.030891 0.002837 0.036833 0.060222 0.059256 0.017273 -0.021296 -0.007438 0.043230 0.070062 0.054462 0.046517 0.030416 -0.024743 -0.064173 -0.042245 0.009087 0.058495 0.077990 0.051132 0.049692 0.096449 0.106561 0.081768 0.042757 0.004852 -0.003489 -0.002337 -0.015981 -0.002241 0.009112 -0.025197 -0.069028 -0.047716 0.025934 0.050511 0.041246 0.025935 0.018098 0.006221 -0.016194 -0.014406 0.005102 0.035097 0.055519 0.032781 0.011713 0.021071 0.030045 0.036626 0.033050 0.013986 -0.010035 -0.000334 0.040751 0.059036 0.054841 0.046382 0.063233 0.109132 0.092580 0.007976 -0.026548 0.009701 0.041000 0.005012 -0.009841 0.055428 0.134521 0.146268 0.049933 -0.051945 -0.057944 0.001788 0.028983 0.010607 0.020172 0.065441 0.095627 0.091128 0.063318 0.044142 0.046967 0.033221 -0.009762 -0.024636 0.022671 0.059243 0.035766 -0.008645 -0.013643 0.010696 0.029141 0.043565 0.066890 0.068959 0.028261 -0.019406 -0.044486 -0.062834 -0.038764 0.011070 0.017153
-0.032956 -0.010201 0.007081 0.003702 -0.019496 -0.023360 -0.003734 -0.005718 -0.022790 -0.038540 -0.067601 -0.076299 -0.007336 0.056422 0.079316 0.107758 0.103294 0.075842 0.065232 0.047849 0.012622 -0.002492 0.007133 0.019233 0.047111 0.060882 0.041916 0.040523 0.053145 0.034813 0.013583 0.019356 0.008676 -0.022085 -0.051924 -0.062473 -0.032599 0.017464 0.026922 0.008123 0.016367 0.042318 0.062316 0.083210 0.097609 0.096603 0.077789 0.038105 0.017334 0.018759 0.035290 0.063544 0.070484 0.039395 0.010763 0.005393 -0.006162 -0.053466 -0.084781 -0.050846 -0.000901 0.029435 0.061267 0.072338 0.067241 0.047020 0.025700 0.033250 0.031393 0.002657 -0.001901 0.009216 0.005127 -0.024794 -0.054549 -0.053617 0.007802 0.073099 0.081861 0.085396 0.100277 0.072723 0.014710 0.005012 0.009110 -0.031394 -0.055968 -0.039139 -0.014073 0.008677 0.032829 0.037393 0.026701 0.035520 0.046413 0.048614 0.052553 0.058793 0.059862 0.027154 -0.042337 -0.096042 -0.083311 -0.033869 0.029056 0.082587 0.078914 0.085413 0.120399 0.111795 0.084613 0.061606 0.050033 0.055558 0.039852 0.014772 0.017635 0.008043 -0.029121 -0.062893 -0.057534 -0.020402 0.012051 0.044108 0.068729 0.072841 0.035030 -0.019516 -0.035498 -0.013304 0.015141 0.043997 0.033685 0.009725 0.022420 0.048289 0.065047 0.040531 -0.005845 -0.029252 0.001582 0.062499 0.090499 0.079935 0.060297 0.067429 0.090627 0.060625 -0.017121 -0.031210 0.010586 0.025630 -0.023700 -0.021328 0.046933 0.082753 0.080074 0.020288 -0.057686 -0.071799 -0.023537 -0.004443 -0.020883 0.013518 0.070263 0.099777 0.099522 0.070287 0.053482 0.060140 0.056135 0.035861 0.029806 0.048288 0.057077 0.035451 -0.009761 -0.030728 -0.013370 0.036900 0.096403 0.125613 0.104309 0.041895 -0.013650 -0.043808 -0.069194 -0.058244 -0.024766 -0.029569
-0.047960 -0.001518 0.026617 0.024745 0.017851 0.016500 0.001501 -0.014367 -0.011102 -0.002644 -0.023475 -0.072635 -0.070834 -0.037012 0.007616 0.080133 0.109540 0.089956 0.064823 0.063995 0.064736 0.040146 0.029208 0.046294 0.063064 0.039998 -0.001274 -0.010224 0.002525 -0.003064 -0.020615 -0.027782 -0.032684 -0.047853 -0.065244 -0.053102 -0.025745 -0.000659 -0.012065 -0.036550 -0.028786 0.013270 0.053650 0.079356 0.086728 0.063982 0.034272 0.015738 0.016355 0.015077 0.015544 0.022202 0.015756 -0.018358 -0.040657 -0.030839 -0.016434 -0.030108 -0.057246 -0.031352 0.016692 0.020569 0.007939 0.001723 0.006531 0.023894 0.046670 0.067083 0.043169 -0.012454 -0.033129 -0.017678 0.016358 0.024895 -0.006512 -0.034400 -0.002230 0.037085 0.034756 0.022172 0.023760 0.008006 -0.016372 0.011894 0.047965 0.024099 -0.024436 -0.046718 -0.049762 -0.043234 -0.018354 0.004992 0.041799 0.100546 0.106203 0.061381 0.030869 0.040539 0.047075 0.024299 -0.028995 -0.088218 -0.103121 -0.078615 -0.017420 0.055906 0.081647 0.109193 0.139513 0.119539 0.089745 0.068586 0.071502 0.103466 0.103314 0.074681 0.042716 0.011829 -0.005535 -0.017196 -0.030789 -0.035974 -0.017400 0.004791 0.029325 0.059122 0.040166 -0.007254 -0.016624 0.004857 0.020209 0.029414 0.016988 -0.000037 0.022788 0.067745 0.089997 0.038264 -0.032165 -0.051765 -0.014740 0.038917 0.070440 0.082248 0.071419 0.060000 0.053074 0.011480 -0.039110 -0.026112 0.010957 0.020761 -0.011183 -0.011981 0.018998 0.016095 0.014526 0.012923 -0.016770 -0.031439 -0.010693 -0.005903 -0.015892 0.017211 0.050601 0.065360 0.052221 0.019956 0.019608 0.045133 0.058259 0.048901 0.040046 0.039700 0.033974 0.008705 -0.039545 -0.076964 -0.064180 0.014537 0.097761 0.121823 0.095113 0.042064 -0.003758 -0.029607 -0.045743 -0.033112 -0.024960 -0.060090
-0.024006 0.013779 0.024488 0.027454 0.052489 0.051441 -0.004694 -0.041124 -0.023839 0.013140 0.020211 -0.033510 -0.075752 -0.073398 -0.033488 0.037577 0.081308 0.056126 -0.001318 0.002894 0.062562 0.080808 0.074695 0.096353 0.093539 0.023214 -0.042707 -0.046867 -0.014532 0.008561 0.009115 -0.006659 -0.026538 -0.049745 -0.064447 -0.038034 -0.020274 -0.022166 -0.041505 -0.060694 -0.039535 0.018730 0.054195 0.049098 0.040109 0.018631 -0.004663 0.005347 0.034324 0.026069 -0.000695 -0.008908 -0.012373 -0.034171 -0.036996 -0.016370 -0.006784 -0.012646 -0.019837 0.010041 0.045410 0.034690 0.004775 -0.009217 -0.004163 0.027070 0.065366 0.084894 0.072146 0.028641 -0.013047 -0.017121 0.024650 0.053513 0.028779 -0.019132 -0.021748 -0.009374 -0.012799 -0.023938 -0.025264 -0.037375 -0.045766 -0.011314 0.034060 0.027225 -0.031327 -0.070386 -0.085081 -0.083603 -0.048508 -0.006850 0.039360 0.100531 0.115885 0.070785 0.022031 0.019375 0.021854 0.012562 -0.009291 -0.050360 -0.090345 -0.104665 -0.065137 0.006557 0.054998 0.097659 0.133172 0.137264 0.114251 0.071143 0.067514 0.119217 0.130254 0.102774 0.063810 0.035174 0.042947 0.048249 0.026769 0.005355 -0.003222 -0.036437 -0.048826 0.006601 0.039651 0.020720 0.009399 0.019684 0.029720 0.022981 0.003885 -0.007329 0.027823 0.090369 0.109872 0.046877 -0.016892 -0.024044 -0.005184 0.008544 0.029642 0.062347 0.065425 0.040202 0.008363 -0.037854 -0.053842 -0.022701 0.002735 0.019925 0.023420 0.012016 0.000159 -0.013577 0.000125 0.029568 0.033977 0.037845 0.041379 0.016295 -0.011169 -0.004736 0.009296 0.029953 0.027369 0.002748 0.004476 0.033736 0.050093 0.035132 0.021609 0.027523 0.020649 -0.018551 -0.079210 -0.122843 -0.103373 -0.022754 0.045690 0.065267 0.057023 0.035830 0.015639 0.008647 0.005812 0.014980 0.002220 -0.050666
0.004278 0.032188 0.037573 0.039684 0.061737 0.060537 0.004218 -0.048850 -0.044221 0.004199 0.036377 -0.007304 -0.062795 -0.066780 -0.038581 0.006011 0.058988 0.038646 -0.047296 -0.066722 0.006248 0.061706 0.080081 0.105300 0.093200 0.008514 -0.060281 -0.051564 -0.013164 0.016670 0.035149 0.026912 -0.003200 -0.038939 -0.052629 -0.031094 -0.030513 -0.033524 -0.043150 -0.065207 -0.044694 0.015118 0.039689 0.010822 -0.004215 0.005616 0.014186 0.038011 0.059511 0.033970 -0.003796 -0.012549 -0.008548 -0.018784 -0.012935 0.011353 0.017940 0.007020 0.000304 0.023127 0.053069 0.055568 0.041185 0.042500 0.050949 0.066206 0.085970 0.096821 0.093912 0.070924 0.037352 0.038585 0.072332 0.090030 0.061251 0.000809 -0.027574 -0.044417 -0.055619 -0.043282 -0.028237 -0.034664 -0.032643 -0.013406 0.008874 -0.005806 -0.059801 -0.080155 -0.076047 -0.064620 -0.029589 0.008465 0.045850 0.085512 0.096569 0.076319 0.054113 0.049491 0.031885 0.010260 0.000880 -0.013948 -0.052949 -0.099693 -0.100599 -0.046177 0.008211 0.046188 0.086851 0.121641 0.096608 0.041631 0.056410 0.119579 0.115631 0.084529 0.068490 0.063571 0.083683 0.093619 0.071593 0.050341 0.035966 -0.019966 -0.054049 -0.013090 0.021667 0.013200 -0.000626 0.007590 0.021587 0.013053 0.004333 0.016277 0.069647 0.138035 0.147334 0.084337 0.036240 0.035267 0.031588 0.017499 0.027152 0.051307 0.053845 0.025354 -0.028990 -0.074546 -0.055071 -0.024032 -0.021606 -0.002710 0.017376 0.005158 -0.012900 -0.016002 0.001018 0.020883 0.047601 0.093550 0.102667 0.051670 0.000495 -0.014198 -0.007890 0.024452 0.040995 0.022168 0.008905 0.025601 0.035050 0.023081 0.010966 0.007473 0.000242 -0.034681 -0.099799 -0.141570 -0.116298 -0.057261 -0.023580 -0.007413 0.012514 0.028896 0.035843 0.043746 0.045049 0.045883 0.034400 -0.002485
0.005251 0.031584 0.053109 0.051329 0.034621 0.029825 0.006622 -0.041215 -0.044789 0.003192 0.028933 -0.018615 -0.081072 -0.083037 -0.040394 0.007412 0.063410 0.043623 -0.045393 -0.078881 -0.029166 0.027129 0.056755 0.072791 0.049552 -0.027223 -0.079360 -0.051961 -0.011043 0.007589 0.017437 0.013881 0.008376 0.002199 -0.000783 -0.012211 -0.043784 -0.042753 -0.035511 -0.057700 -0.052376 -0.008303 0.010597 -0.010433 -0.018961 0.006507 0.037583 0.073635 0.089317 0.052266 0.005847 -0.018294 -0.029718 -0.042179 -0.036087 -0.005631 0.019218 0.009830 -0.009221 0.008318 0.044074 0.062223 0.055975 0.061447 0.080379 0.097298 0.106176 0.108451 0.085190 0.048159 0.032598 0.066092 0.105022 0.122591 0.100282 0.042614 0.002595 -0.037253 -0.067539 -0.046973 -0.007660 0.000731 -0.000252 -0.005677 -0.011471 -0.027829 -0.053402 -0.043759 -0.020803 -0.007252 0.007111 0.020983 0.052607 0.079890 0.071994 0.074884 0.106764 0.115998 0.078970 0.037974 0.022879 0.023326 0.007710 -0.039365 -0.080473 -0.066877 -0.035008 -0.008114 0.041556 0.093193 0.067465 0.023826 0.061000 0.115481 0.091547 0.062928 0.072827 0.083266 0.092074 0.102663 0.094452 0.078789 0.082490 0.065215 0.049873 0.043738 0.020125 -0.004781 -0.013885 -0.008575 -0.002132 -0.007965 0.004491 0.048920 0.117965 0.167115 0.150243 0.089918 0.063167 0.066030 0.042918 0.018262 0.030594 0.051623 0.051248 0.023524 -0.031621 -0.055412 -0.009851 0.002662 -0.028937 -0.024015 -0.007069 -0.022188 -0.040843 -0.026563 0.005316 0.018885 0.044104 0.092190 0.096301 0.051101 0.014127 0.007106 0.010975 0.030838 0.039200 0.017700 0.000958 0.000574 -0.001900 0.005853 0.008304 -0.013006 -0.018123 -0.025664 -0.068388 -0.103225 -0.086447 -0.050199 -0.033512 -0.022403 0.003523 0.035927 0.052057 0.052967 0.046768 0.040487 0.032796 0.012336
0.017483 0.016837 0.035472 0.045428 0.017612 0.008890 0.012064 -0.021876 -0.030676 -0.005497 -0.020573 -0.082456 -0.134062 -0.128821 -0.070645 -0.015690 0.022444 0.017648 -0.025386 -0.046968 -0.026765 0.003428 0.020448 0.026975 0.005175 -0.048000 -0.077900 -0.041328 0.005324 0.014812 0.000314 -0.003942 0.024149 0.056773 0.054144 0.000398 -0.050148 -0.036449 -0.016042 -0.040438 -0.054870 -0.022765 0.013195 0.021194 0.005949 -0.001985 0.014837 0.058035 0.090643 0.073880 0.035920 -0.000925 -0.033812 -0.066796 -0.081906 -0.052327 -0.000246 0.011381 -0.000215 0.023722 0.062692 0.071791 0.042064 0.026022 0.047018 0.080464 0.104530 0.113591 0.072656 0.018575 0.005678 0.057176 0.102829 0.112174 0.106476 0.085054 0.045052 -0.016259 -0.065169 -0.046746 0.022148 0.058392 0.045213 0.011315 -0.023592 -0.044692 -0.035557 -0.004168 0.022196 0.034860 0.031362 0.003677 -0.010463 -0.007352 -0.018929 0.010982 0.087244 0.115150 0.088166 0.054073 0.041381 0.049729 0.056596 0.034422 -0.023482 -0.050048 -0.038795 -0.012809 0.034995 0.080610 0.074054 0.060658 0.092172 0.113026 0.081353 0.065926 0.080712 0.073146 0.053695 0.069408 0.087645 0.080870 0.087264 0.107829 0.129146 0.104767 0.042317 -0.006411 -0.024512 -0.017798 -0.009618 -0.012036 0.009999 0.057459 0.121584 0.149476 0.113147 0.060294 0.047060 0.039848 -0.009296 -0.044241 -0.013334 0.031305 0.046642 0.043862 0.016452 0.001268 0.034236 0.031887 -0.004895 -0.001377 0.004611 -0.027904 -0.061989 -0.042533 0.009493 0.035619 0.040523 0.037790 0.012963 -0.003954 0.019482 0.044845 0.033435 0.009352 -0.004323 -0.009103 -0.008934 -0.020221 -0.029667 -0.005668 0.007870 -0.012619 -0.011339 -0.004017 -0.023134 -0.052859 -0.059168 -0.034780 -0.000259 0.018788 0.026997 0.037314 0.040940 0.027068 0.010767 -0.001209 -0.015766 -0.037798
0.066395 0.046543 0.038995 0.041356 0.025227 0.018303 0.027204 0.000081 -0.013212 -0.009409 -0.054913 -0.127835 -0.160464 -0.140003 -0.088989 -0.049433 -0.023224 0.004323 0.011515 -0.000783 -0.012642 -0.014231 -0.005330 0.003913 -0.007411 -0.033390 -0.047455 -0.019226 0.027802 0.038992 0.017177 0.018232 0.052773 0.084918 0.068952 0.002278 -0.037781 -0.012643 -0.006985 -0.045040 -0.062887 -0.031541 0.012349 0.034418 0.016173 -0.009667 -0.005631 0.029655 0.068671 0.078603 0.064163 0.039977 0.010969 -0.044540 -0.098177 -0.082851 -0.017397 0.013338 0.016834 0.045596 0.078562 0.071683 0.028240 -0.002047 0.005389 0.044080 0.097689 0.127450 0.086248 0.029467 0.014892 0.066349 0.102128 0.080430 0.069626 0.076180 0.045408 -0.022552 -0.074978 -0.053945 0.036967 0.116975 0.116237 0.058483 -0.010261 -0.046555 -0.014584 0.024855 0.035255 0.042453 0.034554 -0.022768 -0.085712 -0.095423 -0.097536 -0.070284 0.008074 0.055985 0.059772 0.044117 0.036614 0.046844 0.059734 0.062779 0.020001 -0.022978 -0.018859 0.013843 0.048923 0.072027 0.080622 0.088361 0.100827 0.083360 0.046952 0.054263 0.081770 0.056272 0.013897 0.017851 0.037041 0.035057 0.022916 0.038283 0.093303 0.112509 0.063266 -0.003422 -0.042373 -0.027145 -0.005492 -0.011472 0.002946 0.028620 0.067850 0.079848 0.058577 0.039740 0.023478 -0.007569 -0.063095 -0.090770 -0.042818 0.020046 0.046863 0.062730 0.055849 0.034874 0.042834 0.036860 0.016184 0.030236 0.032349 -0.009159 -0.052054 -0.044103 -0.001826 0.030299 0.022293 -0.028975 -0.072804 -0.060131 0.012703 0.058285 0.022032 -0.040568 -0.064345 -0.050014 -0.030792 -0.021887 -0.016062 0.008694 0.025918 0.023326 0.019003 0.012914 0.001121 -0.018451 -0.032902 -0.014943 0.027636 0.040339 0.024875 0.008964 0.003608 -0.011440 -0.029631 -0.033279 -0.040436 -0.060207
0.110874 0.106030 0.076906 0.039700 0.018379 0.016409 0.020467 -0.006757 -0.017563 -0.009687 -0.032788 -0.081988 -0.107218 -0.079700 -0.037779 -0.015727 0.008088 0.057195 0.094706 0.074333 0.017108 -0.016873 -0.012310 -0.002627 -0.007827 -0.017573 -0.025946 -0.019964 0.013513 0.037273 0.037940 0.051286 0.064581 0.062491 0.035894 -0.008282 -0.019590 0.014454 0.004687 -0.047184 -0.069073 -0.057733 -0.039618 -0.016462 -0.002108 0.018159 0.036155 0.042811 0.053073 0.068646 0.071759 0.065732 0.058394 0.002447 -0.075415 -0.079991 -0.019713 0.017030 0.025685 0.042058 0.054356 0.055494 0.048731 0.025186 0.013180 0.045040 0.106210 0.138523 0.101531 0.053156 0.040551 0.079263 0.103832 0.068909 0.036698 0.020559 -0.014896 -0.063856 -0.086148 -0.047228 0.034786 0.124074 0.139258 0.072423 -0.006998 -0.039729 0.002720 0.040691 0.031735 0.027141 0.044458 0.033725 -0.011267 -0.013385 -0.023127 -0.046666 -0.031986 -0.005113 0.016011 0.023926 0.034042 0.050145 0.044566 0.042101 0.022295 -0.015529 -0.012575 0.026344 0.058161 0.069929 0.076717 0.081512 0.078752 0.046769 0.013447 0.028377 0.063764 0.050932 0.024109 0.012734 0.006627 -0.006207 -0.029474 -0.013107 0.065964 0.121106 0.085668 0.015656 -0.030083 -0.027835 -0.019608 -0.038398 -0.032146 -0.004449 0.021424 0.003840 -0.012002 0.012540 0.014976 -0.011801 -0.053138 -0.072499 -0.020320 0.041875 0.050508 0.043796 0.040202 0.041183 0.057887 0.058785 0.037494 0.030829 0.031699 0.005093 -0.034223 -0.041768 -0.025392 0.000354 0.003448 -0.050910 -0.091587 -0.064477 0.013521 0.054122 0.009901 -0.055838 -0.080350 -0.083009 -0.073477 -0.042515 -0.014023 0.016878 0.045955 0.049532 0.018102 -0.003938 -0.001340 0.004302 0.008334 0.029352 0.062473 0.041327 -0.001310 -0.015250 -0.009912 -0.028619 -0.053320 -0.035209 -0.018898 -0.035345
0.066193 0.081215 0.066794 0.029335 0.001541 -0.008166 -0.003111 -0.024649 -0.035934 -0.016367 0.000517 -0.005389 -0.023835 0.006345 0.056913 0.067849 0.076736 0.134433 0.194090 0.156541 0.054613 -0.007914 -0.009771 -0.002185 0.003077 0.002762 -0.015742 -0.040259 -0.035076 -0.006703 0.024755 0.057416 0.056620 0.022073 -0.015986 -0.035213 -0.013755 0.027489 0.019110 -0.031861 -0.067534 -0.081892 -0.085057 -0.069941 -0.030636 0.043718 0.089283 0.089525 0.077256 0.075552 0.071193 0.062292 0.073520 0.051448 -0.018059 -0.041606 0.004327 0.045719 0.057035 0.043557 0.008482 0.004467 0.040389 0.039275 0.022791 0.039972 0.087087 0.142224 0.141396 0.094936 0.053247 0.047160 0.064645 0.052004 0.021152 -0.012429 -0.046985 -0.062311 -0.047085 -0.016106 0.011658 0.075449 0.107739 0.059511 0.003559 -0.010364 0.031720 0.073204 0.057552 0.030282 0.071935 0.125620 0.109059 0.100186 0.082207 0.038379 -0.009474 -0.032595 -0.002261 0.039318 0.073506 0.087061 0.043465 0.005042 -0.013235 -0.029263 -0.000129 0.050285 0.080485 0.090924 0.092798 0.091823 0.067213 0.016715 -0.009953 0.004188 0.036231 0.057440 0.070855 0.055467 0.028137 0.003923 -0.007694 0.029391 0.104776 0.144956 0.103350 0.053588 0.020344 -0.016936 -0.044815 -0.065430 -0.057846 -0.005048 0.037140 0.004971 -0.033036 -0.002550 0.027145 0.011899 -0.032837 -0.056023 -0.000841 0.060063 0.047316 0.013063 0.004513 0.013760 0.036005 0.057915 0.041534 -0.004835 -0.018926 -0.015349 -0.022233 -0.021003 -0.018122 -0.009880 -0.008380 -0.046195 -0.069596 -0.028094 0.044824 0.061939 0.004988 -0.049043 -0.056390 -0.069549 -0.088354 -0.063451 -0.018359 0.024198 0.050944 0.031969 -0.029043 -0.061314 -0.044834 -0.015440 0.008022 0.045867 0.088242 0.047588 -0.017144 -0.019500 0.001822 -0.018504 -0.040868 -0.013847 0.005617 -0.011620
-0.004209 0.010252 0.022258 0.014314 -0.011655 -0.030568 -0.015982 -0.034138 -0.054234 -0.030562 -0.008295 0.004419 0.002231 0.029989 0.078642 0.082102 0.078427 0.126839 0.189409 0.166950 0.078237 0.014332 0.014465 0.019100 0.016877 0.015167 0.001925 -0.023585 -0.046782 -0.046783 -0.018811 0.022838 0.039782 0.001903 -0.051477 -0.067315 -0.035102 0.005599 0.001520 -0.040936 -0.067379 -0.073264 -0.082502 -0.095035 -0.066531 0.020376 0.065597 0.072009 0.081563 0.080367 0.054350 0.022889 0.037494 0.060278 0.028097 0.001613 0.030937 0.075845 0.094572 0.057866 -0.017502 -0.056356 -0.026424 -0.009618 -0.011923 0.004548 0.056008 0.160076 0.197778 0.122514 0.028557 -0.028977 -0.020701 -0.002271 -0.011017 -0.041408 -0.057817 -0.035011 0.000284 0.009655 -0.005691 0.038412 0.096909 0.088355 0.056420 0.049647 0.087479 0.134290 0.119553 0.064841 0.084895 0.138408 0.125233 0.108257 0.098211 0.078556 0.016180 -0.034981 0.006517 0.079356 0.128541 0.127443 0.063877 0.002345 -0.036158 -0.032994 0.026856 0.075716 0.097492 0.112367 0.119669 0.116407 0.067854 -0.003680 -0.032152 -0.012171 0.029862 0.068927 0.083322 0.061370 0.034529 0.015919 0.021346 0.062095 0.113543 0.132334 0.093356 0.060991 0.040354 -0.015404 -0.053884 -0.054827 -0.030598 0.045097 0.101546 0.069804 0.010022 0.009570 0.029256 0.005393 -0.041225 -0.054974 -0.010989 0.027143 0.013716 -0.006954 -0.012209 -0.021629 -0.014760 0.021340 0.023432 -0.026446 -0.047459 -0.034033 -0.023104 -0.012725 -0.008880 -0.011511 -0.025730 -0.053623 -0.055395 0.001387 0.064851 0.053355 -0.017296 -0.060724 -0.035019 -0.003073 -0.009688 -0.007984 0.017664 0.048360 0.058399 0.016990 -0.054759 -0.091171 -0.076063 -0.042096 -0.017601 0.022132 0.069565 0.043331 -0.008901 -0.000102 0.023467 0.006882 -0.001584 0.007389 0.005393 -0.000435
-0.013032 -0.014041 0.005775 0.005437 -0.017045 -0.028596 -0.010738 -0.029328 -0.051223 -0.038059 -0.039702 -0.029810 -0.012122 0.004730 0.026149 0.026246 0.032770 0.059954 0.091918 0.100311 0.072094 0.036647 0.040565 0.034122 0.005487 -0.005094 0.008748 0.012895 -0.014913 -0.039685 -0.024369 0.011583 0.032156 -0.003590 -0.057402 -0.081923 -0.076767 -0.053490 -0.060297 -0.100359 -0.098142 -0.063988 -0.060388 -0.088538 -0.079164 -0.009857 0.011781 0.002017 0.031669 0.047591 0.015330 -0.028950 -0.026004 0.016613 0.024330 0.014408 0.031314 0.066998 0.089023 0.058299 -0.012665 -0.068732 -0.069235 -0.072914 -0.067085 -0.017126 0.048528 0.142335 0.169072 0.086964 0.002681 -0.045896 -0.046523 -0.029174 -0.032596 -0.065680 -0.074672 -0.037737 -0.000242 0.011283 0.009126 0.048862 0.108458 0.114068 0.082430 0.075924 0.111291 0.156231 0.155751 0.105351 0.084959 0.086175 0.056377 0.035064 0.031606 0.036753 0.003430 -0.030377 0.013809 0.088928 0.129695 0.117282 0.082892 0.040951 -0.018701 -0.020288 0.038840 0.076333 0.101347 0.126119 0.126595 0.094797 0.036256 -0.013320 -0.025672 -0.006889 0.024995 0.047740 0.043147 0.018058 -0.005838 -0.011991 0.004784 0.028029 0.060289 0.083467 0.058957 0.030031 0.031680 0.009999 -0.006285 0.000394 0.017189 0.081887 0.127009 0.093466 0.035327 0.015578 0.018554 0.004049 -0.018454 -0.024139 -0.022760 -0.021956 -0.005218 0.010761 0.003126 -0.016940 -0.008519 0.025123 0.027022 -0.002848 -0.016706 -0.027191 -0.051337 -0.064218 -0.055699 -0.042250 -0.049047 -0.071974 -0.056806 0.012946 0.046071 -0.003532 -0.062528 -0.074316 -0.021856 0.066118 0.116982 0.105255 0.076360 0.070557 0.065851 0.017948 -0.041897 -0.064580 -0.047895 -0.022328 -0.015750 0.009612 0.057198 0.055509 0.022021 0.037099 0.066018 0.044875 0.024397 0.011466 -0.002643 -0.000660
-0.003758 -0.010270 0.013086 0.016202 0.006294 -0.000619 -0.005492 -0.029999 -0.040574 -0.033076 -0.047349 -0.048677 -0.026802 -0.011524 -0.000263 0.002695 0.020037 0.038139 0.033102 0.034388 0.032084 0.025948 0.043210 0.036330 -0.004059 -0.023574 -0.009936 -0.000850 -0.026824 -0.048527 -0.010717 0.039593 0.038536 -0.006836 -0.036901 -0.052825 -0.080814 -0.085551 -0.093495 -0.132137 -0.126500 -0.068930 -0.030562 -0.030762 -0.022715 0.014276 0.010897 -0.017392 0.004258 0.016991 -0.022105 -0.065563 -0.071196 -0.029072 0.001576 0.005632 0.016969 0.041621 0.066357 0.062078 0.017081 -0.035367 -0.053958 -0.078372 -0.058058 0.013819 0.042021 0.061690 0.061739 0.014275 -0.013010 -0.017770 -0.016145 -0.007714 -0.010375 -0.050865 -0.088751 -0.075584 -0.037777 -0.019713 0.002840 0.045195 0.078656 0.066392 0.038095 0.053984 0.092884 0.123021 0.127006 0.091856 0.042907 0.001692 -0.034551 -0.053882 -0.049682 -0.029988 -0.020680 -0.009735 0.023821 0.060646 0.070819 0.058750 0.068573 0.063286 0.011461 -0.005158 0.028381 0.057603 0.089960 0.111940 0.079142 0.004995 -0.035788 -0.020001 0.008951 0.014744 0.003805 -0.006569 -0.015457 -0.027059 -0.044022 -0.037945 -0.021598 -0.028873 -0.012291 0.024603 0.015247 -0.002641 0.031472 0.056135 0.056497 0.046012 0.024509 0.050032 0.080373 0.053830 0.018261 0.007188 0.009359 0.017704 0.024122 0.019410 -0.009675 -0.013636 0.039092 0.060453 0.028325 0.007362 0.023486 0.043949 0.037767 0.025518 0.016264 -0.019829 -0.076038 -0.105863 -0.093320 -0.062550 -0.052640 -0.072702 -0.045098 0.027013 0.007240 -0.093679 -0.131150 -0.092483 -0.021180 0.086017 0.167985 0.149764 0.092189 0.072541 0.065203 0.017284 -0.019712 -0.013830 0.004590 0.004823 -0.015504 -0.005315 0.045732 0.073717 0.056061 0.063124 0.089613 0.055602 0.019679 0.015624 0.011882 0.002459
-0.047151 -0.027898 0.021041 0.041922 0.036896 0.016972 -0.015432 -0.046838 -0.044697 -0.020749 -0.020294 -0.039562 -0.050194 -0.040981 -0.012794 0.017923 0.050050 0.070276 0.046522 0.018965 0.006926 0.024016 0.064275 0.069289 0.035427 0.008555 -0.007300 -0.018055 -0.045969 -0.066946 -0.025451 0.023960 0.013591 -0.011063 0.004964 0.019281 -0.021402 -0.061031 -0.067917 -0.086870 -0.084777 -0.035177 0.009907 0.021402 0.027405 0.039634 0.022488 0.000435 0.019529 0.022780 -0.025462 -0.068902 -0.085994 -0.062048 -0.022556 -0.002849 0.003160 0.017021 0.052870 0.072924 0.047498 0.006868 -0.014132 -0.028861 0.003289 0.035243 -0.006293 -0.026586 -0.017533 -0.025378 -0.016190 0.000851 0.011437 0.025919 0.032658 -0.006910 -0.073406 -0.083886 -0.045154 -0.042368 -0.040445 -0.011773 0.000477 -0.026273 -0.041073 0.012596 0.061609 0.060770 0.046854 0.024712 -0.021330 -0.055641 -0.070488 -0.084473 -0.077742 -0.055607 -0.020965 0.019346 0.028612 0.011377 -0.008333 -0.006099 0.033639 0.054685 0.041369 0.036943 0.051753 0.060445 0.063983 0.043580 -0.027677 -0.104631 -0.096909 -0.010668 0.059635 0.056479 0.012842 -0.020632 -0.032704 -0.038740 -0.050428 -0.045993 -0.049008 -0.077904 -0.071358 -0.037114 -0.035148 -0.038290 0.004716 0.046845 0.050216 0.043121 0.007770 -0.001142 0.020548 0.020641 0.024204 0.036273 0.036469 0.039847 0.048790 0.045768 0.017355 0.021922 0.076465 0.079324 0.030059 0.013228 0.019795 0.015250 0.003114 0.008833 0.012224 -0.015210 -0.055093 -0.080027 -0.078374 -0.053239 -0.043205 -0.062185 -0.027781 0.029741 -0.028177 -0.140703 -0.148212 -0.082204 -0.031975 0.032695 0.089564 0.075415 0.048348 0.061977 0.067588 0.021895 0.007573 0.039273 0.045471 0.012624 -0.026871 -0.035873 0.003390 0.046063 0.058414 0.069992 0.070927 0.038943 0.027027 0.035256 0.037023 0.026124
-0.093832 -0.053493 0.018452 0.061267 0.061622 0.032181 -0.018379 -0.055471 -0.046348 -0.009996 0.005611 -0.022094 -0.067209 -0.070587 -0.027882 0.030485 0.076797 0.090460 0.054517 0.016079 0.015403 0.055751 0.097879 0.101020 0.072211 0.034265 0.002169 -0.008781 -0.021365 -0.038256 -0.030518 -0.018684 -0.017508 -0.002847 0.041574 0.080812 0.045253 -0.031063 -0.049690 -0.037424 -0.013622 0.020414 0.030995 0.014494 0.013702 0.024560 0.010869 -0.003394 0.007053 0.014381 -0.006322 -0.034724 -0.073012 -0.085651 -0.049349 -0.007244 -0.000611 0.000946 0.040284 0.068037 0.056343 0.030252 0.000763 -0.020724 0.001278 -0.003689 -0.069588 -0.086297 -0.063327 -0.047026 -0.018224 0.005768 0.016626 0.026853 0.026478 0.003708 -0.022956 -0.009894 0.011359 -0.027461 -0.075681 -0.076006 -0.072824 -0.096179 -0.093337 -0.021788 0.031901 0.015128 -0.006583 -0.027258 -0.066841 -0.062368 -0.038998 -0.049699 -0.051241 -0.041336 -0.018336 0.009584 -0.003041 -0.031974 -0.042813 -0.018374 0.025833 0.044412 0.054817 0.071904 0.083827 0.065009 0.015150 -0.062066 -0.151924 -0.187212 -0.116732 0.017408 0.106564 0.091955 0.039508 0.006824 -0.010612 -0.027728 -0.032858 -0.013090 -0.023061 -0.072080 -0.090849 -0.076367 -0.061643 -0.049805 -0.029329 -0.005797 0.002211 0.018684 0.001750 -0.012263 0.001625 0.021337 0.057030 0.087552 0.080765 0.067425 0.066539 0.062104 0.027801 0.015482 0.047761 0.042934 0.002513 0.012009 0.027036 -0.000950 -0.035362 -0.023707 0.001528 0.009259 0.007786 -0.014308 -0.043226 -0.039385 -0.033315 -0.038428 -0.009266 0.017873 -0.033221 -0.103458 -0.083946 -0.027685 -0.025294 -0.021251 -0.000229 0.008130 0.034618 0.073326 0.073333 0.031897 0.023498 0.045946 0.037188 -0.013976 -0.063932 -0.080082 -0.044207 -0.006419 0.028273 0.062306 0.050251 0.031019 0.030214 0.010488 0.000971 0.009438
-0.096490 -0.083761 -0.029633 0.028064 0.062096 0.056493 0.006185 -0.039312 -0.041278 -0.019315 -0.008035 -0.037237 -0.095806 -0.099672 -0.039558 0.024996 0.065679 0.069566 0.022643 -0.013203 0.022457 0.087288 0.102311 0.074704 0.045365 0.015613 0.001831 0.005821 0.002996 -0.009966 -0.026776 -0.034339 -0.022027 0.009281 0.059431 0.100664 0.076828 -0.003458 -0.037490 -0.007008 0.042030 0.062761 0.042905 0.004244 -0.008046 -0.004405 -0.010760 -0.016725 -0.021141 -0.017881 -0.007419 -0.017856 -0.064894 -0.089274 -0.050205 0.013763 0.031789 0.016476 0.025580 0.044129 0.060827 0.060021 0.012430 -0.042559 -0.042246 -0.050688 -0.113214 -0.134930 -0.104362 -0.072303 -0.048381 -0.041355 -0.043483 -0.037601 -0.033990 -0.024237 0.004782 0.045608 0.060171 0.016513 -0.040176 -0.063870 -0.090443 -0.122712 -0.102458 -0.030783 0.020902 0.004206 -0.019471 -0.047943 -0.090972 -0.055715 0.000333 -0.008220 -0.010668 -0.004263 -0.011728 -0.029625 -0.064120 -0.065579 -0.028600 0.017863 0.044968 0.040695 0.039395 0.048947 0.056662 0.022679 -0.061369 -0.153916 -0.219153 -0.204608 -0.105352 0.023705 0.099247 0.082096 0.036211 0.003912 -0.011971 -0.020339 -0.002536 0.048675 0.053308 -0.007502 -0.061031 -0.073097 -0.057187 -0.041424 -0.043413 -0.037111 -0.031155 -0.025294 -0.020728 -0.008229 0.011580 0.044579 0.094910 0.119776 0.093107 0.082663 0.099913 0.098245 0.036735 -0.019903 -0.017306 -0.015116 -0.023726 0.025696 0.056713 0.021947 -0.022474 -0.019638 0.014755 0.055558 0.083149 0.059553 0.007247 -0.005191 0.002145 0.011391 0.015890 0.004476 -0.011772 -0.018642 -0.004361 0.012023 -0.010608 -0.030886 -0.036395 -0.011938 0.047211 0.086913 0.079318 0.045531 0.031509 0.048565 0.057871 -0.006886 -0.095773 -0.121506 -0.075123 -0.026367 0.020852 0.055577 0.042860 0.028749 0.008071 -0.039825 -0.066786 -0.061961
-0.045728 -0.079759 -0.075629 -0.026295 0.039367 0.069330 0.038333 -0.008590 -0.025046 -0.015002 -0.011079 -0.055528 -0.136122 -0.152542 -0.070878 0.017253 0.053194 0.048716 0.009476 -0.018528 0.027000 0.086084 0.064268 0.000853 -0.021758 -0.008213 0.011089 0.017469 0.005963 -0.007785 -0.023567 -0.022785 -0.015478 0.006231 0.050291 0.083748 0.083902 0.035674 -0.012769 0.007821 0.066095 0.083059 0.053652 0.012535 -0.012755 -0.034818 -0.044995 -0.025280 -0.012722 -0.023742 -0.026969 -0.036807 -0.069194 -0.073675 -0.019530 0.061432 0.082929 0.036147 -0.005110 0.005934 0.052812 0.081483 0.044687 -0.023033 -0.039590 -0.041410 -0.094924 -0.126035 -0.096346 -0.064951 -0.066115 -0.094294 -0.113075 -0.095381 -0.060576 -0.026826 0.005365 0.033768 0.057833 0.047991 0.022976 0.002507 -0.051447 -0.099401 -0.077289 -0.026905 0.009586 -0.008686 -0.042368 -0.062905 -0.078344 -0.033687 0.017903 0.009488 0.014799 0.032079 0.011703 -0.043226 -0.090284 -0.062691 0.015528 0.066485 0.056708 0.017456 -0.008191 -0.019548 -0.016621 -0.034847 -0.098173 -0.156651 -0.184541 -0.158347 -0.103165 -0.035229 0.020471 0.027197 0.000400 -0.027954 -0.018504 0.010656 0.034868 0.058902 0.057276 0.015845 -0.041590 -0.070803 -0.063370 -0.057236 -0.072132 -0.074648 -0.071598 -0.064299 -0.034729 -0.018653 -0.003056 0.048138 0.098618 0.095794 0.056326 0.066386 0.107129 0.124880 0.077821 -0.001719 -0.044656 -0.054674 -0.030519 0.050476 0.077157 0.035373 -0.006301 -0.026241 -0.005448 0.061298 0.110124 0.095654 0.055499 0.042971 0.040275 0.035988 0.012341 -0.010112 0.009225 0.042233 0.030943 0.007657 -0.005990 -0.016881 -0.038262 -0.027070 0.020696 0.054979 0.061237 0.038037 0.025724 0.061499 0.110338 0.065886 -0.039070 -0.084191 -0.057839 -0.001955 0.058743 0.079766 0.054090 0.031983 -0.003187 -0.047082 -0.073362 -0.076229
0.033460 -0.013665 -0.045747 -0.018735 0.049713 0.086021 0.051917 0.006237 0.003716 0.029070 0.028337 -0.047613 -0.159485 -0.198339 -0.115603 -0.003719 0.038806 0.035684 0.025950 0.012789 0.023090 0.027869 -0.019197 -0.076213 -0.077337 -0.032922 -0.000946 -0.000186 -0.009076 -0.008229 0.000414 0.024606 0.020568 0.007374 0.019361 0.044133 0.069751 0.042223 -0.014921 -0.008013 0.040389 0.057374 0.027188 -0.016074 -0.044654 -0.073267 -0.082512 -0.042464 0.008269 0.007414 -0.015453 -0.036895 -0.057949 -0.049706 0.009635 0.085603 0.094562 0.028767 -0.033167 -0.022146 0.021827 0.056114 0.047102 -0.002540 -0.016295 -0.002047 -0.031095 -0.065311 -0.062948 -0.051778 -0.057354 -0.092543 -0.127266 -0.123021 -0.090327 -0.048212 -0.007012 0.011789 0.030094 0.039065 0.045287 0.051752 0.018369 -0.018688 -0.010108 0.008054 0.024967 0.002027 -0.046252 -0.059067 -0.039157 0.006175 0.035087 0.026391 0.040147 0.072403 0.058778 -0.000592 -0.042608 -0.017280 0.045611 0.072425 0.037826 -0.014190 -0.054295 -0.081957 -0.072754 -0.054859 -0.078224 -0.120924 -0.154003 -0.144998 -0.127937 -0.105304 -0.061382 -0.034608 -0.043020 -0.039449 0.019607 0.074980 0.074294 0.039784 0.009523 -0.015819 -0.044396 -0.059548 -0.061795 -0.081435 -0.104586 -0.103223 -0.083336 -0.042236 -0.013951 -0.043315 -0.046057 0.015502 0.040109 0.007376 -0.013276 0.017602 0.054701 0.079407 0.075143 0.017729 -0.052888 -0.072923 -0.034628 0.044716 0.066937 0.029276 -0.027771 -0.099224 -0.103381 -0.008590 0.057652 0.060512 0.049786 0.045496 0.038071 0.025325 -0.001276 -0.006174 0.030671 0.072461 0.051404 0.015625 0.018858 0.012770 -0.027379 -0.052850 -0.047422 -0.025409 0.002325 0.001499 -0.005839 0.017176 0.073745 0.083743 0.022460 -0.020524 -0.009035 0.047229 0.107275 0.120507 0.076524 0.035865 -0.010259 -0.040779 -0.034035 -0.008719
0.042575 0.022924 0.015848 0.052967 0.099552 0.092962 0.025818 -0.011655 0.019731 0.053667 0.037301 -0.044593 -0.144691 -0.185006 -0.128470 -0.040546 -0.007092 -0.009691 -0.003884 -0.007857 -0.019150 -0.040395 -0.075216 -0.093526 -0.086431 -0.067093 -0.054585 -0.054309 -0.043093 -0.023575 0.011547 0.058991 0.051011 0.014148 -0.001744 0.001892 0.022467 0.006773 -0.024293 -0.012422 0.002251 0.001028 -0.024446 -0.066587 -0.085172 -0.082279 -0.068432 -0.026034 0.039088 0.058345 0.023445 -0.021538 -0.039577 -0.021165 0.028476 0.072963 0.067652 0.018723 -0.019095 -0.010128 0.007957 0.032015 0.039770 0.013870 0.010627 0.038142 0.028941 -0.012489 -0.035553 -0.032921 -0.035457 -0.069575 -0.109198 -0.131808 -0.131289 -0.081833 -0.016924 -0.000162 0.012374 0.036281 0.053454 0.069346 0.068953 0.053020 0.049737 0.048339 0.037955 0.005258 -0.027632 -0.025008 -0.008596 0.016250 0.034323 0.040095 0.070651 0.121647 0.122071 0.076856 0.039136 0.030914 0.041226 0.038213 0.015011 -0.000924 -0.034828 -0.080039 -0.067933 -0.027870 -0.032174 -0.088593 -0.158517 -0.166936 -0.134207 -0.123074 -0.108656 -0.087086 -0.079126 -0.038894 0.047094 0.092602 0.077622 0.039690 0.012977 0.000145 -0.006767 -0.004494 -0.019644 -0.068477 -0.084564 -0.054505 -0.016353 0.016595 -0.004375 -0.058729 -0.046909 0.013498 0.005493 -0.037484 -0.026294 0.018976 0.044447 0.051478 0.041800 -0.014375 -0.082865 -0.075646 -0.028310 0.023137 0.036901 0.020774 -0.041503 -0.151293 -0.173098 -0.085242 -0.034179 -0.011573 0.009162 0.014962 0.013217 0.010150 -0.001559 0.009580 0.053053 0.092612 0.065894 0.026279 0.038480 0.032549 -0.017872 -0.067177 -0.089018 -0.067081 -0.020722 -0.002087 -0.013594 -0.027896 0.008643 0.051588 0.033500 0.002361 0.016456 0.065243 0.101383 0.110877 0.074028 0.023369 -0.038259 -0.053166 -0.004579 0.049927
-0.009267 0.002439 0.041653 0.107290 0.123156 0.067874 -0.000516 -0.009976 0.030129 0.039025 0.001249 -0.057112 -0.112496 -0.144309 -0.114787 -0.051682 -0.022498 -0.037570 -0.055206 -0.058134 -0.051162 -0.059261 -0.074854 -0.069546 -0.069920 -0.090711 -0.107832 -0.100527 -0.069408 -0.047529 -0.010291 0.034860 0.026293 -0.002608 -0.023931 -0.047201 -0.046381 -0.044003 -0.035248 -0.003215 -0.002815 -0.018061 -0.032282 -0.054302 -0.056583 -0.031946 -0.005527 0.028505 0.077323 0.084142 0.020104 -0.038519 -0.034980 -0.002450 0.026921 0.034312 0.015761 -0.008042 -0.012174 -0.002837 0.000731 0.017103 0.043971 0.045499 0.042122 0.063756 0.048880 -0.008471 -0.019453 0.017602 0.020310 -0.022272 -0.054051 -0.071729 -0.085902 -0.057966 -0.018096 -0.023157 -0.005285 0.040132 0.056501 0.056430 0.055422 0.047383 0.051660 0.052819 0.032046 0.009766 0.006350 0.026588 0.033755 0.033434 0.037384 0.047254 0.063612 0.092397 0.104240 0.098080 0.079428 0.037031 0.000376 -0.004042 0.013196 0.052892 0.051002 0.000174 -0.003284 0.030538 0.025017 -0.035945 -0.118624 -0.127278 -0.071432 -0.080520 -0.123891 -0.122669 -0.090009 -0.037004 0.024960 0.049600 0.052789 0.047766 0.047236 0.048113 0.036027 0.035536 0.015039 -0.031261 -0.029623 0.015029 0.052592 0.050151 -0.009053 -0.044041 -0.008668 0.035113 0.020646 0.002869 0.036864 0.076111 0.076349 0.054463 0.023431 -0.043173 -0.097306 -0.053691 0.012690 0.047067 0.044001 0.032868 -0.012694 -0.102630 -0.126527 -0.094273 -0.099668 -0.072607 -0.025084 -0.015664 -0.026174 -0.021563 -0.005953 0.017349 0.060553 0.086682 0.038225 -0.010270 0.010096 0.020246 -0.021270 -0.062130 -0.067525 -0.026801 0.024767 0.041315 0.016288 -0.015395 0.009882 0.045441 0.032914 0.006985 0.006195 0.017309 0.017509 0.028228 0.030514 -0.006387 -0.066496 -0.051417 0.017012 0.060713
-0.033999 -0.012693 0.030780 0.092828 0.098403 0.042513 0.004561 0.018514 0.049218 0.046945 0.011822 -0.031082 -0.056772 -0.077854 -0.069096 -0.017876 0.018625 -0.012802 -0.066636 -0.072023 -0.053559 -0.068090 -0.092306 -0.080583 -0.064735 -0.071614 -0.083962 -0.076288 -0.058412 -0.049403 -0.022433 0.001591 -0.011604 -0.028214 -0.049279 -0.092653 -0.115206 -0.111701 -0.086297 -0.022801 0.022013 0.022735 0.003448 -0.004339 0.014679 0.046295 0.066073 0.078495 0.088876 0.065112 -0.009425 -0.053652 -0.029101 0.013153 0.032567 0.014529 -0.031796 -0.054771 -0.033044 -0.014402 -0.014541 -0.000882 0.036358 0.048338 0.044336 0.074324 0.069090 0.007182 0.008668 0.069968 0.068492 0.015696 -0.007897 0.001955 0.004657 -0.002446 -0.010058 -0.027760 -0.012545 0.022304 0.027490 0.007104 -0.018284 -0.024597 0.010926 0.027962 0.013474 0.023865 0.040612 0.064750 0.082120 0.073442 0.048584 0.035422 0.014035 0.000483 0.017431 0.053704 0.069003 0.020072 -0.043373 -0.046127 0.007276 0.093708 0.138453 0.104553 0.078849 0.077526 0.040989 -0.013264 -0.053080 -0.028872 0.020376 -0.024273 -0.109479 -0.111713 -0.052807 -0.005733 0.012387 0.008407 0.010615 0.012817 0.034089 0.056320 0.053731 0.049815 0.022030 -0.006722 0.004114 0.042005 0.068730 0.049532 -0.008886 -0.031752 -0.010419 0.008899 0.015513 0.035908 0.068614 0.081624 0.060288 0.033604 0.004968 -0.062382 -0.101799 -0.035787 0.039274 0.063461 0.047851 0.034238 0.021418 -0.020763 -0.046048 -0.050866 -0.080229 -0.065613 -0.034061 -0.049555 -0.073079 -0.051345 -0.013897 0.005437 0.026857 0.028524 -0.017246 -0.050861 -0.016494 0.021911 -0.008286 -0.050572 -0.050707 -0.012124 0.049516 0.086061 0.066544 0.031720 0.032862 0.039771 0.024024 -0.002929 -0.028681 -0.044842 -0.052335 -0.037697 -0.020964 -0.051968 -0.085497 -0.033074 0.042443 0.071513
-0.004931 0.005652 0.019759 0.060950 0.076202 0.033848 0.012669 0.042831 0.076169 0.083191 0.071970 0.048181 0.039158 0.022929 0.003867 0.018080 0.043250 0.010352 -0.055007 -0.067723 -0.058181 -0.076780 -0.096896 -0.083819 -0.069986 -0.059857 -0.044293 -0.023611 -0.018337 -0.024702 -0.009475 -0.007521 -0.028293 -0.038785 -0.049629 -0.083930 -0.114747 -0.130387 -0.132559 -0.071544 0.023144 0.054088 0.012096 -0.006077 0.030395 0.076015 0.096276 0.094145 0.069962 0.021921 -0.039691 -0.057928 -0.026525 0.024342 0.045613 0.015701 -0.035977 -0.053686 -0.018925 0.003803 -0.002285 0.004488 0.019400 0.010091 0.006828 0.065719 0.108534 0.081294 0.068490 0.087802 0.058144 0.008190 0.000533 0.024219 0.044445 0.027317 0.003505 -0.004683 -0.005779 -0.017138 -0.031497 -0.054401 -0.082182 -0.061577 0.007359 0.002140 -0.043362 -0.008932 0.034224 0.058590 0.080206 0.067246 0.020918 -0.016885 -0.053886 -0.071981 -0.042099 0.022976 0.064243 0.026647 -0.030724 -0.031633 0.021655 0.107738 0.167332 0.160659 0.131414 0.085483 0.012104 -0.027848 -0.017697 0.040280 0.083111 0.035174 -0.049333 -0.057771 -0.007387 0.034650 0.037741 0.017088 0.007184 -0.001808 0.022782 0.059835 0.085213 0.085979 0.038142 0.003977 0.003734 0.030939 0.050300 0.034105 -0.001455 -0.027611 -0.048219 -0.059963 -0.029494 0.021525 0.045008 0.035155 0.015995 0.014235 -0.000851 -0.058507 -0.087115 -0.036532 0.011172 0.023806 0.012107 0.012160 0.037540 0.039262 0.017845 0.002478 -0.023551 -0.023178 -0.030030 -0.070278 -0.071426 -0.016691 0.009476 -0.005241 -0.021374 -0.045709 -0.066319 -0.069041 -0.023643 0.034529 0.023367 -0.019614 -0.028843 -0.002662 0.068556 0.119330 0.100032 0.064014 0.045643 0.035302 0.020146 -0.018142 -0.063152 -0.076976 -0.074298 -0.070595 -0.057604 -0.068892 -0.078346 -0.025734 0.052258 0.099437
0.036658 0.031557 0.022988 0.055684 0.078676 0.038483 0.021385 0.067002 0.108071 0.107915 0.102068 0.096614 0.089908 0.063122 0.025718 0.017351 0.048533 0.041230 -0.028412 -0.068248 -0.063014 -0.058421 -0.052458 -0.033545 -0.045022 -0.057535 -0.046030 -0.021703 -0.022478 -0.047025 -0.033251 -0.017128 -0.019787 -0.022699 -0.022753 -0.038907 -0.068470 -0.098568 -0.123718 -0.093927 -0.012002 0.024285 -0.014780 -0.027090 0.017044 0.070347 0.090267 0.077975 0.037794 -0.024541 -0.074673 -0.069478 -0.032914 0.017681 0.036875 0.009636 -0.012517 -0.004922 0.028428 0.040517 0.020436 0.014336 0.013105 -0.008637 -0.017436 0.056790 0.141861 0.158620 0.129983 0.089754 0.036611 0.004279 0.018238 0.042335 0.064270 0.053812 0.047815 0.064205 0.044116 -0.029550 -0.069362 -0.068013 -0.057011 -0.003955 0.062672 0.012229 -0.094483 -0.092103 -0.031904 0.008490 0.028312 0.001592 -0.057462 -0.086688 -0.077918 -0.050779 -0.007809 0.054527 0.097419 0.070104 0.038857 0.041964 0.058041 0.100809 0.137489 0.153654 0.142109 0.073879 -0.004743 -0.024867 -0.007104 0.039946 0.087918 0.092290 0.057560 0.030167 0.031890 0.056705 0.061125 0.041094 0.031917 0.023262 0.041259 0.071339 0.108409 0.122538 0.070174 0.017782 -0.000948 0.011860 0.024172 0.026932 0.027147 0.004771 -0.047572 -0.081733 -0.038590 0.019894 0.029322 0.009658 0.006281 0.027519 0.023937 -0.014188 -0.040863 -0.027596 -0.011687 -0.009815 -0.015972 -0.006176 0.028945 0.056650 0.062195 0.049974 0.011065 -0.001031 -0.009274 -0.029410 0.004284 0.064007 0.049987 -0.006421 -0.055848 -0.102338 -0.108254 -0.086812 -0.030954 0.028300 0.029481 0.006378 0.014404 0.048402 0.105213 0.117512 0.072768 0.061073 0.063194 0.030162 -0.002172 -0.035289 -0.068782 -0.069482 -0.073627 -0.097912 -0.068734 -0.017039 -0.019864 -0.017105 0.041577 0.107471
0.057504 0.041982 0.032574 0.058590 0.072729 0.048563 0.046256 0.078479 0.098607 0.082537 0.074083 0.077380 0.067461 0.034354 0.001763 0.006386 0.051754 0.058172 -0.018604 -0.071639 -0.043803 -0.004161 0.018499 0.030507 0.003723 -0.027982 -0.034640 -0.027312 -0.051921 -0.100481 -0.086902 -0.031743 0.006576 0.013119 0.008553 -0.008468 -0.041768 -0.069100 -0.075174 -0.051647 -0.011738 0.010966 0.000873 0.002226 0.030133 0.064669 0.072205 0.055267 0.019156 -0.045508 -0.090026 -0.069454 -0.017354 0.032297 0.039600 0.017173 0.015714 0.031355 0.062549 0.071023 0.026007 -0.004737 -0.003019 -0.005801 -0.007903 0.052342 0.127753 0.153881 0.121987 0.062681 0.022008 0.023227 0.060631 0.082942 0.092075 0.081948 0.100792 0.146509 0.130432 0.038046 -0.009588 0.021670 0.079758 0.125481 0.134922 0.047874 -0.099306 -0.154674 -0.093813 -0.032693 -0.024690 -0.072069 -0.131985 -0.128030 -0.060593 0.016110 0.070431 0.118801 0.147999 0.120540 0.092950 0.076508 0.053570 0.063148 0.078297 0.102095 0.105112 0.043693 -0.018668 -0.027577 -0.010930 0.020185 0.070858 0.119268 0.127950 0.108767 0.096268 0.087073 0.064942 0.029864 0.011010 0.011053 0.030305 0.041012 0.062577 0.088356 0.065309 0.020556 0.005334 0.011560 0.019452 0.049942 0.079284 0.059980 0.007604 -0.029386 -0.005778 0.020690 0.006778 -0.013688 0.006239 0.048740 0.056487 0.036683 0.010143 -0.016448 -0.036420 -0.041818 -0.037166 -0.026969 -0.004700 0.039515 0.081862 0.082244 0.026224 -0.002059 0.005998 0.020980 0.071949 0.116565 0.078398 0.013953 -0.036822 -0.082456 -0.092895 -0.085146 -0.036137 0.020787 0.025785 0.015759 0.042226 0.091472 0.129429 0.091895 0.011179 0.017605 0.049082 -0.000280 -0.042023 -0.041558 -0.037991 -0.021754 -0.029122 -0.066582 -0.034691 0.048863 0.055484 0.027302 0.036960 0.069709
0.055923 0.043941 0.042376 0.057575 0.058234 0.046867 0.055052 0.069272 0.058992 0.021866 0.009345 0.022003 0.020182 -0.009897 -0.027417 0.001345 0.045267 0.040346 -0.024340 -0.044699 0.015875 0.062078 0.057146 0.043381 0.025520 0.002584 0.000304 0.003446 -0.043218 -0.115205 -0.124565 -0.064073 0.011188 0.049281 0.035180 -0.004743 -0.041484 -0.056510 -0.044158 -0.017256 0.004807 0.028024 0.045804 0.049556 0.052413 0.061290 0.061501 0.046934 0.020742 -0.018686 -0.035834 -0.016966 0.024649 0.059535 0.045033 0.005014 -0.006328 0.011649 0.055192 0.065574 0.004427 -0.036371 -0.030305 -0.012224 -0.004757 0.014502 0.042285 0.056011 0.031025 -0.003991 0.004581 0.062566 0.125622 0.140382 0.133330 0.106204 0.111629 0.144060 0.141131 0.105524 0.095824 0.146285 0.235793 0.273487 0.224741 0.111669 -0.018560 -0.065579 -0.021783 -0.005734 -0.043625 -0.092493 -0.125323 -0.117329 -0.067425 0.012833 0.082253 0.127518 0.147449 0.126561 0.100115 0.066790 0.019430 0.010583 0.019157 0.039818 0.058448 0.023626 -0.028674 -0.037067 -0.004802 0.031478 0.076405 0.125764 0.139721 0.139244 0.139990 0.109572 0.063377 0.001578 -0.041664 -0.029247 0.006613 0.009998 0.011470 0.030059 0.028436 0.003979 0.002425 0.009790 0.027034 0.072092 0.101358 0.079623 0.040640 0.004088 -0.010328 -0.019746 -0.041034 -0.056334 -0.029860 0.016033 0.032241 0.030621 0.014871 -0.029524 -0.068707 -0.063343 -0.045222 -0.042283 -0.035148 0.016770 0.082535 0.090915 0.035073 -0.000223 0.005068 0.031710 0.088098 0.121872 0.089997 0.061835 0.052122 0.030671 -0.012631 -0.066155 -0.045213 0.019196 0.030751 0.010313 0.027635 0.083706 0.115714 0.057855 -0.043559 -0.031971 0.030034 -0.001438 -0.041663 -0.025964 -0.001898 0.016029 0.006166 -0.023975 -0.004686 0.069143 0.102475 0.089295 0.048803 0.024313
0.027470 0.029702 0.029343 0.031852 0.026805 0.019290 0.034571 0.066070 0.061607 0.006974 -0.019162 -0.003846 -0.003863 -0.033812 -0.050268 -0.026281 0.005099 -0.001566 -0.027558 -0.003068 0.064511 0.091225 0.051547 0.024714 0.028057 0.020233 0.023667 0.025498 -0.027487 -0.091545 -0.102142 -0.066489 -0.003002 0.047694 0.025877 -0.033724 -0.062656 -0.054433 -0.037487 -0.022552 -0.003458 0.021451 0.044336 0.054142 0.066104 0.077789 0.073884 0.057454 0.043677 0.038105 0.053435 0.083508 0.106503 0.083004 0.015613 -0.050756 -0.070330 -0.037097 0.024251 0.041921 -0.004548 -0.034688 -0.030670 -0.011211 -0.015201 -0.039315 -0.042121 -0.026631 -0.032515 -0.032782 0.012651 0.114051 0.204580 0.228151 0.214943 0.151644 0.099245 0.087580 0.085392 0.095556 0.121251 0.175773 0.265407 0.317483 0.280095 0.184003 0.101361 0.091176 0.099205 0.044808 -0.030029 -0.057569 -0.059399 -0.073496 -0.069543 -0.017792 0.053615 0.101934 0.118296 0.106371 0.082221 0.036873 -0.020205 -0.016029 0.012991 0.041546 0.089980 0.080799 0.007403 -0.027747 0.002939 0.037445 0.072681 0.106253 0.112743 0.118620 0.118021 0.094411 0.071800 0.014283 -0.039380 -0.025029 0.019122 0.039337 0.040479 0.029615 0.016628 0.007874 0.004291 -0.005172 0.009760 0.047166 0.076702 0.069016 0.035160 -0.007034 -0.032472 -0.037016 -0.042382 -0.057537 -0.059494 -0.047094 -0.034661 -0.030596 -0.041302 -0.055877 -0.050904 -0.024087 -0.015397 -0.038960 -0.058969 -0.006876 0.075900 0.085074 0.026677 -0.015885 -0.023568 0.003757 0.057480 0.079315 0.069964 0.093407 0.131105 0.113996 0.026481 -0.052387 -0.039672 0.011598 0.017080 -0.010966 -0.014972 0.030891 0.058752 0.010335 -0.062014 -0.031743 0.030130 0.008511 -0.020044 0.000453 0.018147 0.011021 -0.015614 -0.034250 -0.005011 0.069275 0.113476 0.105117 0.048085 0.008328
-0.016962 0.003451 0.010077 -0.000260 -0.021044 -0.024902 0.001205 0.052612 0.079283 0.042655 0.002508 -0.001171 -0.002812 -0.017563 -0.038248 -0.043997 -0.032767 -0.035686 -0.036680 -0.009880 0.033117 0.061030 0.040742 0.024105 0.027279 0.022743 0.029855 0.028931 -0.020014 -0.057046 -0.052162 -0.034084 -0.011172 0.003992 -0.020471 -0.067902 -0.073112 -0.038510 -0.018231 -0.015302 -0.004113 0.004593 0.013486 0.026314 0.060356 0.089556 0.078572 0.060078 0.066033 0.083133 0.105910 0.143604 0.149951 0.073245 -0.025933 -0.086554 -0.092690 -0.040444 0.036073 0.066148 0.033008 -0.005446 -0.019232 -0.006759 -0.013019 -0.041453 -0.044341 -0.028376 -0.032244 -0.026423 0.014635 0.093426 0.185403 0.243331 0.240150 0.151133 0.063207 0.040724 0.048160 0.060419 0.072254 0.095898 0.145073 0.202805 0.220839 0.184007 0.141707 0.139342 0.121726 0.043748 -0.039368 -0.049133 -0.021212 -0.017493 -0.003882 0.029330 0.076083 0.123342 0.127607 0.090248 0.054636 0.022565 -0.018430 0.000102 0.041538 0.079207 0.141875 0.144595 0.058940 -0.004526 -0.006103 0.011029 0.046481 0.069311 0.054464 0.052155 0.065429 0.067153 0.065190 0.034026 0.011187 0.023020 0.044084 0.069541 0.080935 0.055641 0.034434 0.035360 0.015382 -0.013929 -0.009105 0.024076 0.072757 0.090520 0.056264 -0.002814 -0.027494 -0.009272 0.004882 -0.015662 -0.043094 -0.052411 -0.041661 -0.040036 -0.055680 -0.041901 0.000877 0.021508 0.002444 -0.040948 -0.068237 -0.010952 0.072465 0.074035 0.003091 -0.057481 -0.068568 -0.029626 0.014168 0.019750 0.019511 0.059258 0.119448 0.107024 0.015226 -0.034494 -0.014984 0.001588 -0.006359 -0.027323 -0.046960 -0.024484 -0.006525 -0.036700 -0.054743 -0.008260 0.006128 -0.027352 -0.022907 0.011340 0.014221 -0.010393 -0.031261 -0.023689 0.023264 0.079490 0.078906 0.035412 0.000595 0.000123
-0.033998 -0.005206 0.013000 0.004861 -0.031232 -0.047810 -0.041734 -0.011381 0.035385 0.050707 0.017715 -0.011323 -0.018441 -0.009513 -0.011851 -0.024575 -0.022660 -0.027979 -0.035930 -0.041680 -0.029344 0.016432 0.046809 0.046080 0.021212 0.005237 0.021216 0.031801 0.002246 -0.031123 -0.047490 -0.028036 -0.004229 -0.008556 -0.027126 -0.054359 -0.043992 -0.001631 0.018489 0.013977 0.011170 0.004764 0.003008 0.015219 0.053053 0.073538 0.049010 0.030494 0.053576 0.087547 0.095839 0.102070 0.099199 0.054152 -0.004087 -0.039428 -0.035204 0.022102 0.083966 0.098315 0.060675 0.004249 -0.039258 -0.021257 0.014137 0.006706 0.006760 0.012816 -0.017048 -0.035616 -0.007251 0.035960 0.087342 0.133910 0.140042 0.064065 -0.004748 0.005903 0.041502 0.041965 0.020534 0.007423 -0.009878 0.012644 0.075278 0.103395 0.084113 0.077309 0.069206 0.004272 -0.068137 -0.058667 -0.000203 0.044919 0.082048 0.094572 0.097467 0.123387 0.124798 0.088421 0.072000 0.070326 0.032394 0.025717 0.051691 0.082876 0.113938 0.124336 0.101244 0.045658 -0.014319 -0.040078 -0.011486 0.006763 -0.032165 -0.041188 0.014872 0.060624 0.058960 0.035900 0.042909 0.051119 0.027092 0.021933 0.045182 0.049707 0.044769 0.048363 0.023400 -0.004471 -0.002846 0.036325 0.098323 0.128892 0.098587 0.019546 -0.030469 -0.015012 0.021067 0.023843 0.006989 0.002458 0.016712 0.015708 -0.009034 -0.003873 0.024043 0.016289 -0.030365 -0.071691 -0.061573 0.008680 0.064997 0.044844 -0.027841 -0.088025 -0.091108 -0.042689 -0.012333 -0.018310 -0.022274 -0.001384 0.054236 0.064814 0.009412 -0.010038 0.004829 -0.000328 -0.010619 -0.017710 -0.028789 -0.028044 -0.035988 -0.067328 -0.063823 -0.024040 -0.040994 -0.063631 -0.024980 0.015843 0.008084 -0.017775 -0.020310 0.014248 0.071215 0.099139 0.052454 -0.022114 -0.037699 -0.010335
-0.025391 -0.001816 0.027180 0.038656 0.016305 -0.007141 -0.032756 -0.045067 -0.019344 0.020074 0.013736 -0.019369 -0.047043 -0.038351 -0.014338 -0.015310 -0.020356 -0.028715 -0.041896 -0.062049 -0.062594 -0.031800 0.017393 0.052805 0.028813 -0.006538 -0.002713 0.017086 0.023060 -0.010146 -0.073441 -0.067970 -0.011606 0.017674 0.014590 -0.006599 0.002011 0.027909 0.032934 0.031653 0.033401 0.016101 -0.003889 0.012151 0.057126 0.059805 0.014963 -0.014969 0.006836 0.050355 0.043301 0.009932 0.002346 0.012396 0.011834 -0.005449 -0.004308 0.047796 0.079450 0.068958 0.042205 0.000943 -0.043824 -0.020675 0.041825 0.036487 0.022524 0.024143 -0.005585 -0.028627 -0.004067 0.034257 0.047541 0.016330 -0.015468 -0.071487 -0.116509 -0.082320 -0.008305 0.023114 0.048244 0.055585 -0.048502 -0.116741 -0.071307 -0.025295 -0.018761 -0.004064 0.008034 -0.023144 -0.052766 -0.034771 0.017534 0.073897 0.119642 0.114767 0.073615 0.057237 0.067397 0.091917 0.138903 0.147059 0.076357 0.039807 0.058508 0.083953 0.072954 0.072726 0.111289 0.080450 -0.013190 -0.067043 -0.047273 -0.030889 -0.088137 -0.116185 -0.056244 0.015110 0.036948 0.032002 0.032332 0.019725 -0.032698 -0.065366 -0.034968 0.007747 0.018937 0.017278 -0.000114 -0.011004 -0.002075 0.040732 0.105167 0.146222 0.126642 0.044946 -0.029942 -0.029720 0.021413 0.049912 0.044547 0.037402 0.045283 0.040942 0.012409 -0.003776 0.001309 -0.013978 -0.065847 -0.105660 -0.072016 0.005081 0.042562 0.009927 -0.037215 -0.056622 -0.047420 -0.013518 -0.006932 -0.026787 -0.024007 -0.001532 0.045296 0.077783 0.058264 0.024816 0.001664 -0.009499 -0.013845 -0.015467 -0.020638 -0.035700 -0.052356 -0.067639 -0.052369 -0.027776 -0.040311 -0.040386 0.001960 0.030564 0.005400 -0.040029 -0.044136 0.011848 0.079510 0.091557 0.040452 -0.022703 -0.030958 -0.008849
-0.021831 0.001521 0.026445 0.030698 0.021454 0.016237 -0.002803 -0.021262 -0.015268 0.021944 0.043882 0.023028 -0.029965 -0.052822 -0.032211 -0.022879 -0.029552 -0.041355 -0.052284 -0.066636 -0.073264 -0.083063 -0.045141 0.035857 0.041901 -0.005257 -0.012606 0.015728 0.048180 0.023257 -0.057643 -0.078393 -0.013882 0.056576 0.067423 0.020011 0.000629 0.012511 0.009502 0.022565 0.034431 -0.002456 -0.032593 0.003645 0.070731 0.076471 0.022036 -0.021926 -0.025949 0.002044 0.005422 -0.020459 -0.042851 -0.041436 -0.031125 -0.041725 -0.046739 0.000638 0.035309 0.034906 0.032380 0.022412 -0.001489 0.000275 0.042605 0.045065 0.018135 -0.004271 -0.020399 -0.019742 0.002369 0.042011 0.062180 -0.007271 -0.080175 -0.136904 -0.201096 -0.203976 -0.127797 -0.055063 0.066647 0.155324 0.012752 -0.135464 -0.143797 -0.107566 -0.078289 -0.069491 -0.078189 -0.073781 -0.051759 -0.037753 -0.005432 0.031589 0.057635 0.039551 -0.009043 -0.030737 -0.013778 0.060384 0.176253 0.199358 0.100640 0.043170 0.061605 0.086165 0.045344 -0.008212 0.018156 0.036412 0.006962 -0.012191 -0.004430 -0.009505 -0.088336 -0.154838 -0.151212 -0.106383 -0.052076 -0.020777 -0.027574 -0.041547 -0.070003 -0.099867 -0.080148 -0.017750 0.009192 0.000657 -0.017769 -0.025417 -0.012958 0.020603 0.082398 0.146788 0.154217 0.091808 0.015155 0.001380 0.042097 0.073466 0.069054 0.043689 0.037658 0.039370 0.022112 0.003784 0.003389 -0.013346 -0.068968 -0.117972 -0.094993 -0.021275 0.022695 0.012596 0.002861 0.015141 0.023223 0.043713 0.043833 0.015710 0.013121 0.026383 0.059727 0.115121 0.118440 0.054563 0.003459 -0.008631 -0.019644 -0.036406 -0.054815 -0.069196 -0.060472 -0.040207 -0.026002 -0.033645 -0.035413 -0.009828 0.023438 0.028606 -0.024933 -0.094304 -0.100488 -0.039385 0.022433 0.039793 0.028346 0.004666 0.002178 0.013134
0.004504 0.019331 0.018771 -0.000823 -0.004215 0.017155 0.013742 -0.005925 -0.002258 0.038871 0.072372 0.065495 0.012559 -0.025514 -0.022617 -0.007699 0.010460 0.015015 -0.007605 -0.055067 -0.105831 -0.150561 -0.121958 -0.038758 -0.022628 -0.045945 -0.030219 0.005724 0.038062 0.021739 -0.014324 -0.012690 0.041698 0.110283 0.110998 0.028842 -0.014058 0.007601 0.014650 0.020740 0.014049 -0.030473 -0.035021 0.031747 0.106753 0.107946 0.052007 0.002822 -0.037446 -0.046509 -0.019539 0.009792 -0.004279 -0.038739 -0.053212 -0.064574 -0.074900 -0.035351 0.018859 0.044401 0.059747 0.076802 0.064791 0.031998 0.025734 0.003654 -0.039959 -0.084829 -0.096962 -0.075960 -0.053884 -0.000879 0.059495 0.034888 -0.024835 -0.081939 -0.166102 -0.228683 -0.201459 -0.130986 0.004790 0.117125 0.014473 -0.127533 -0.169615 -0.127599 -0.080470 -0.109682 -0.156267 -0.121804 -0.055841 -0.040383 -0.024317 -0.028405 -0.043962 -0.063239 -0.084486 -0.068768 -0.038547 0.025595 0.134544 0.161883 0.078713 0.021176 0.023811 0.018275 -0.044858 -0.119995 -0.095613 -0.013514 0.038537 0.057054 0.039306 -0.004514 -0.077275 -0.137238 -0.182605 -0.196305 -0.147555 -0.099869 -0.090640 -0.075183 -0.064724 -0.079080 -0.074011 -0.013749 0.038793 0.052383 0.038007 0.003390 -0.012755 -0.000086 0.050562 0.126965 0.164702 0.132697 0.073316 0.050529 0.071575 0.097464 0.092369 0.046812 0.021233 0.026279 0.030049 0.038554 0.052934 0.029313 -0.035063 -0.092614 -0.097009 -0.041049 0.014662 0.038510 0.048709 0.059148 0.054769 0.063451 0.070614 0.046756 0.013213 -0.003399 0.025568 0.084635 0.088015 0.042854 0.021398 0.005562 -0.024448 -0.054042 -0.068476 -0.065333 -0.038358 -0.012809 -0.030018 -0.077584 -0.072990 -0.030313 -0.000447 0.005951 -0.039425 -0.093615 -0.090138 -0.050495 -0.016130 0.008448 0.032301 0.035118 0.031261 0.021826
0.038229 0.037476 0.022192 0.000458 0.005224 0.028997 0.016649 -0.017196 -0.007256 0.042256 0.068015 0.059270 0.015486 -0.015194 -0.016142 0.002914 0.052200 0.098812 0.075677 -0.023804 -0.129034 -0.175579 -0.144830 -0.105364 -0.100822 -0.070265 -0.022287 -0.001098 0.007372 -0.002882 0.005912 0.035840 0.082778 0.134262 0.124500 0.038836 -0.009502 0.006957 0.022549 0.021962 -0.004315 -0.037610 -0.012310 0.046522 0.096990 0.095497 0.045047 -0.000306 -0.052547 -0.075855 -0.029616 0.042564 0.053773 0.011137 -0.020338 -0.037426 -0.051912 -0.026838 0.025275 0.053207 0.067198 0.112814 0.135189 0.089686 0.016960 -0.064984 -0.113629 -0.151944 -0.170856 -0.155885 -0.143769 -0.075549 0.018032 0.050398 0.030267 -0.007163 -0.072493 -0.153843 -0.173757 -0.115159 -0.015684 0.038352 -0.035631 -0.131025 -0.161915 -0.110433 -0.063632 -0.099634 -0.137439 -0.076095 0.010039 0.009915 -0.014218 -0.049748 -0.075636 -0.086848 -0.089783 -0.044049 -0.005951 0.010027 0.058355 0.082255 0.037965 -0.003197 -0.025011 -0.080327 -0.153491 -0.192774 -0.138178 -0.031314 0.028723 0.044931 0.026469 -0.020834 -0.056740 -0.064186 -0.107882 -0.174602 -0.177625 -0.143046 -0.106019 -0.055755 -0.030972 -0.048414 -0.060536 -0.016409 0.056589 0.101566 0.096549 0.030368 -0.022394 -0.021984 0.012331 0.072522 0.112716 0.101712 0.079017 0.072504 0.087753 0.104531 0.091299 0.038057 0.000963 0.006210 0.034336 0.072062 0.094864 0.068415 0.020727 -0.024758 -0.060325 -0.047589 0.000536 0.046796 0.067605 0.074735 0.072561 0.062698 0.050646 0.019848 -0.038380 -0.060083 -0.016407 0.035817 0.039964 0.039174 0.047148 0.010511 -0.053379 -0.092625 -0.069363 -0.031704 0.001978 0.009010 -0.046686 -0.113836 -0.101115 -0.067371 -0.045372 -0.014241 -0.012855 -0.020851 -0.002705 0.008389 0.010608 0.015191 0.023350 0.024853 0.023385 0.005658
0.032669 0.005365 -0.013820 -0.012944 0.002540 0.000810 -0.021050 -0.041063 -0.015995 0.038700 0.063197 0.047447 0.005227 -0.022950 -0.034466 -0.037963 0.004312 0.089080 0.101495 0.008778 -0.075390 -0.084212 -0.074105 -0.095345 -0.102346 -0.038294 0.022953 0.026161 0.005130 -0.013336 0.000935 0.029918 0.065702 0.107055 0.109657 0.040021 -0.021935 -0.031992 -0.012616 0.000593 -0.027417 -0.053211 -0.021698 0.004304 0.030095 0.044948 0.024049 0.009838 -0.014325 -0.033675 0.000300 0.064393 0.084391 0.053694 0.019433 -0.010251 -0.027834 -0.009853 0.027690 0.040584 0.037489 0.095570 0.157761 0.119228 0.013635 -0.076682 -0.110310 -0.151940 -0.183237 -0.163231 -0.136281 -0.069305 -0.002708 0.013432 0.011275 0.010517 -0.018056 -0.083149 -0.120852 -0.091081 -0.043749 -0.016335 -0.026989 -0.061588 -0.065044 -0.034435 -0.028338 -0.061723 -0.071476 0.011782 0.096913 0.068213 -0.003844 -0.041366 -0.039027 -0.035398 -0.015538 0.049961 0.058155 -0.000957 -0.014881 -0.002831 -0.033431 -0.058822 -0.080024 -0.138255 -0.181079 -0.173414 -0.121142 -0.060227 -0.044788 -0.034298 -0.012600 -0.014865 -0.007012 0.027087 0.000851 -0.086563 -0.134244 -0.128353 -0.074403 0.003734 0.033669 -0.004929 -0.048947 -0.024401 0.043798 0.076153 0.066859 0.007148 -0.043355 -0.027580 0.005286 0.039114 0.056573 0.033173 0.018665 0.032941 0.056582 0.062568 0.039998 0.000665 -0.014243 0.010334 0.053421 0.087601 0.091679 0.073546 0.065866 0.049683 0.000412 -0.033356 -0.013917 0.032209 0.059795 0.081400 0.090859 0.059657 0.019348 -0.010864 -0.054831 -0.068236 -0.043178 -0.016461 0.006227 0.038531 0.042794 -0.011160 -0.098722 -0.142592 -0.076251 0.000670 0.050861 0.052832 -0.015754 -0.075667 -0.060832 -0.047353 -0.042657 -0.015763 -0.000186 0.018904 0.047474 0.043498 0.034963 0.031066 0.012364 -0.004430 0.008433 0.022012
0.012142 -0.029707 -0.051769 -0.042467 -0.034297 -0.055235 -0.063162 -0.054841 -0.030856 0.010541 0.046840 0.055714 0.038702 0.010300 -0.029356 -0.061251 -0.030530 0.061982 0.093546 0.045751 0.020250 0.027092 -0.004151 -0.061910 -0.078303 -0.026342 0.034769 0.047851 0.017124 -0.015188 -0.010713 0.012498 0.034640 0.057715 0.071934 0.030666 -0.024572 -0.050860 -0.042389 -0.028256 -0.059166 -0.077865 -0.035611 -0.019519 -0.010624 0.008402 0.024990 0.040484 0.037317 0.031227 0.053280 0.084272 0.085734 0.062529 0.045280 0.031894 0.017201 0.015340 0.023780 0.025216 0.021999 0.068768 0.124722 0.088591 0.001417 -0.049228 -0.063034 -0.099326 -0.136072 -0.101777 -0.025283 0.038760 0.034572 -0.014576 -0.020450 0.005589 -0.012179 -0.073109 -0.110202 -0.098058 -0.090849 -0.076788 -0.035660 -0.016147 0.011856 0.036338 0.017849 -0.027635 -0.039421 0.038220 0.101635 0.060294 -0.012217 -0.023998 0.004375 0.025916 0.085970 0.158473 0.113836 -0.003551 -0.057626 -0.066654 -0.114420 -0.152967 -0.167622 -0.189885 -0.180184 -0.131249 -0.095387 -0.085518 -0.094702 -0.082484 -0.052513 -0.036819 -0.003684 0.041574 0.029174 -0.031681 -0.080412 -0.090698 -0.021662 0.067847 0.090953 0.038841 -0.017757 -0.009944 0.023168 0.002188 -0.025743 -0.032875 -0.033851 -0.001596 0.029362 0.046000 0.048872 0.004225 -0.042240 -0.035223 -0.005708 -0.006814 -0.022285 -0.034107 -0.024627 0.014919 0.056584 0.064047 0.045476 0.043902 0.062756 0.064368 0.028900 -0.012817 -0.015743 0.008129 0.028759 0.068161 0.082365 0.033770 -0.013758 -0.016802 -0.017836 -0.015946 -0.025860 -0.044842 -0.034964 -0.010268 -0.012611 -0.039972 -0.093519 -0.112607 -0.030521 0.047410 0.089473 0.094990 0.062603 0.048883 0.061810 0.041667 0.009583 0.002127 -0.007270 -0.003902 0.009265 0.010581 0.059938 0.105966 0.052073 -0.019515 -0.011861 0.031774
0.002391 -0.029801 -0.041751 -0.046911 -0.068298 -0.077967 -0.051898 -0.016944 -0.001132 -0.001785 0.017029 0.057381 0.089230 0.074320 0.010265 -0.037955 -0.011028 0.054665 0.071233 0.065232 0.087647 0.090994 0.037504 -0.026622 -0.058140 -0.043505 0.002710 0.028483 0.008879 -0.014832 -0.008122 0.012295 0.025257 0.025946 0.023103 0.001504 -0.013521 -0.028981 -0.040026 -0.041139 -0.073090 -0.081990 -0.027208 0.003221 -0.004916 -0.012171 0.006438 0.029804 0.045737 0.067472 0.085372 0.082131 0.055908 0.030640 0.048440 0.081309 0.065841 0.022536 -0.001598 0.003109 0.037975 0.090509 0.122900 0.072758 -0.006158 -0.037552 -0.037778 -0.049187 -0.071582 -0.041433 0.048523 0.115037 0.082338 -0.002239 -0.025091 0.001247 -0.017704 -0.076319 -0.104354 -0.092181 -0.099663 -0.119272 -0.094885 -0.056447 -0.006979 0.028169 0.021126 -0.012476 -0.018720 0.025087 0.047792 0.014158 -0.025438 -0.018011 0.007287 0.023969 0.092097 0.150167 0.095323 -0.006962 -0.056371 -0.067540 -0.116332 -0.169492 -0.200717 -0.225952 -0.211211 -0.148640 -0.109459 -0.095823 -0.071324 -0.056546 -0.073885 -0.087852 -0.054376 -0.007264 0.007534 -0.008157 -0.035264 -0.037817 0.027424 0.096391 0.110162 0.069875 0.024834 0.010524 0.004316 -0.047687 -0.076021 -0.016455 0.041218 0.057869 0.053582 0.046167 0.046171 0.015960 -0.042857 -0.059454 -0.045151 -0.056597 -0.059517 -0.051357 -0.035019 0.000772 0.032972 0.027812 0.010944 0.026109 0.051755 0.047940 0.021292 0.001081 0.000257 -0.001339 -0.002721 0.029789 0.041523 0.000127 -0.034127 -0.021569 0.010117 0.047387 0.045903 0.002273 -0.038363 -0.053360 -0.031390 0.005930 0.005445 0.002718 0.057250 0.105759 0.108434 0.092385 0.097676 0.126461 0.134555 0.086601 0.030105 0.024342 0.021218 0.008794 -0.009352 -0.014704 0.102562 0.211699 0.127765 -0.007428 -0.038186 -0.003898
0.012927 -0.010253 -0.017345 -0.036408 -0.071558 -0.057150 -0.010561 0.037696 0.056332 0.025931 0.006809 0.039112 0.092333 0.096179 0.038881 -0.012721 -0.007173 0.025191 0.046862 0.080315 0.128098 0.132087 0.079935 0.008402 -0.052795 -0.063679 -0.029817 -0.012469 -0.020220 -0.006319 0.023225 0.040741 0.044552 0.028042 -0.004597 -0.032537 -0.023330 -0.016014 -0.028745 -0.043917 -0.070475 -0.065193 -0.019211 0.006303 -0.018728 -0.052400 -0.041688 0.010187 0.066525 0.096236 0.088893 0.066463 0.029054 0.002957 0.047071 0.098796 0.062349 -0.015290 -0.041668 -0.017387 0.045821 0.107886 0.128553 0.073412 -0.004897 -0.033023 -0.023078 -0.019676 -0.026264 -0.002708 0.067659 0.127391 0.106880 0.026140 -0.030005 -0.033956 -0.037486 -0.058440 -0.060313 -0.044150 -0.046208 -0.074684 -0.078407 -0.071354 -0.055362 -0.038337 -0.042751 -0.058001 -0.044716 -0.017148 -0.001087 -0.004451 -0.023236 -0.035174 -0.038397 -0.032216 0.025944 0.077742 0.053050 -0.008245 -0.034087 -0.030737 -0.058113 -0.091847 -0.125840 -0.186512 -0.227078 -0.197713 -0.144898 -0.093565 -0.030854 -0.024808 -0.084211 -0.111016 -0.069086 -0.016163 0.003236 -0.002522 -0.001369 0.021090 0.064233 0.099729 0.113394 0.100758 0.072901 0.041441 0.005307 -0.053263 -0.060187 0.044252 0.143491 0.140145 0.096029 0.060606 0.048740 0.041942 0.000213 -0.032048 -0.048749 -0.073883 -0.073045 -0.065066 -0.048943 -0.021854 -0.003622 -0.000729 0.004099 0.031229 0.053771 0.031567 -0.009443 -0.010366 0.016604 0.012739 -0.008852 -0.003417 -0.000828 -0.013343 -0.024915 -0.031909 -0.012027 0.043798 0.069470 0.035376 -0.017335 -0.040137 0.004688 0.069453 0.090487 0.086786 0.094573 0.115862 0.093327 0.046357 0.051784 0.078386 0.072375 0.027836 -0.004946 0.031131 0.061097 0.057707 0.027733 -0.004289 0.099174 0.226367 0.177972 0.037759 -0.028630 -0.018657
0.023043 -0.001042 -0.018996 -0.035643 -0.052062 -0.028573 0.002528 0.035741 0.057326 0.034794 -0.000173 0.005705 0.041324 0.050712 0.028641 0.000851 -0.009920 0.005720 0.048172 0.097271 0.134816 0.139105 0.100547 0.019978 -0.073070 -0.090548 -0.044007 -0.028865 -0.029744 0.007441 0.039823 0.037723 0.024388 0.003672 -0.027840 -0.053245 -0.043722 -0.030437 -0.040798 -0.065856 -0.080739 -0.055121 -0.015505 -0.003491 -0.044742 -0.096513 -0.090339 -0.010196 0.071424 0.090869 0.073111 0.061135 0.037702 0.023694 0.065742 0.081527 0.005438 -0.097496 -0.109273 -0.044488 0.030287 0.080412 0.093211 0.060343 0.007617 -0.009520 -0.002689 -0.011776 -0.024263 0.006416 0.071759 0.113734 0.093833 0.025989 -0.051341 -0.084530 -0.051295 -0.011658 0.001347 0.008266 0.030248 0.027772 0.002457 -0.037707 -0.054496 -0.067699 -0.108165 -0.127367 -0.095267 -0.059294 -0.029787 -0.006302 -0.005679 -0.024849 -0.045919 -0.048382 -0.010900 0.031758 0.027947 -0.019203 -0.036024 -0.012114 -0.008843 -0.015333 -0.030129 -0.090187 -0.160726 -0.169238 -0.119731 -0.053247 0.005538 -0.011947 -0.082677 -0.104952 -0.043570 0.035019 0.050782 0.020611 0.029949 0.062172 0.079529 0.090043 0.096919 0.102002 0.102353 0.092745 0.044120 -0.028244 -0.020066 0.101287 0.207460 0.174536 0.100342 0.057403 0.028239 0.020615 0.006826 -0.016354 -0.045660 -0.072124 -0.065697 -0.054820 -0.041854 -0.034686 -0.039228 -0.036429 -0.024791 -0.003734 0.009247 -0.008333 -0.038462 -0.016525 0.025891 0.015087 -0.011803 -0.015347 -0.028323 -0.026356 -0.012798 -0.032344 -0.040803 -0.010296 0.008750 -0.002781 -0.005088 0.007286 0.031022 0.051770 0.060482 0.054746 0.041266 0.067245 0.059519 0.001284 -0.010389 -0.005855 -0.022839 -0.045491 -0.042961 0.016583 0.059779 0.063540 0.041856 0.012853 0.069191 0.167878 0.175431 0.085427 0.013235 -0.002454
0.007703 -0.023933 -0.051835 -0.049715 -0.025719 -0.004792 -0.012544 -0.006002 0.014160 0.010206 -0.014804 -0.013788 0.005144 0.017331 0.024389 0.021026 0.010874 0.018859 0.047674 0.073352 0.091136 0.106324 0.089911 0.010910 -0.087001 -0.098268 -0.044540 -0.011739 0.006546 0.028999 0.011287 -0.040055 -0.062460 -0.048749 -0.030560 -0.033190 -0.035944 -0.039860 -0.054279 -0.078483 -0.089621 -0.059746 -0.015193 0.002889 -0.038780 -0.098219 -0.104490 -0.043287 0.023168 0.039464 0.040845 0.053582 0.056781 0.059228 0.079839 0.054944 -0.039812 -0.157693 -0.185645 -0.102504 -0.012905 0.035510 0.055671 0.051206 0.017643 -0.005449 -0.015766 -0.039609 -0.058838 -0.024098 0.034774 0.060927 0.039993 -0.004236 -0.045415 -0.057959 -0.007695 0.039985 0.037628 0.037828 0.081130 0.104783 0.067215 0.008340 -0.001961 -0.041171 -0.125064 -0.137726 -0.088863 -0.054228 -0.021642 0.009029 0.016642 0.007503 -0.014448 -0.042048 -0.046714 -0.015900 0.003119 -0.018541 -0.023950 0.007144 0.022013 0.021061 0.013380 -0.014594 -0.046905 -0.049436 -0.015584 0.023971 0.033123 -0.026844 -0.102785 -0.123533 -0.057224 0.047073 0.094343 0.055903 0.037286 0.042848 0.041604 0.054490 0.061710 0.070179 0.098542 0.142548 0.118639 0.031877 0.028261 0.125889 0.181288 0.119337 0.046484 0.013112 -0.032045 -0.055605 -0.039571 -0.026927 -0.035132 -0.053020 -0.041716 -0.016667 -0.012119 -0.026061 -0.034389 -0.029506 -0.030591 -0.034462 -0.041732 -0.046471 -0.038971 0.006648 0.045057 0.027152 0.005271 0.000553 -0.033037 -0.049421 -0.029759 -0.030434 -0.033668 -0.024162 -0.026717 -0.033512 -0.007018 0.024645 0.020228 -0.011163 -0.026452 -0.020848 -0.024406 0.012492 0.018508 -0.038398 -0.056175 -0.064816 -0.074055 -0.069384 -0.055229 0.008075 0.063363 0.046928 -0.011449 -0.020892 0.035108 0.094382 0.106977 0.058319 0.005300 -0.016751
-0.008082 -0.026406 -0.042970 -0.036685 0.005714 0.033034 0.002454 -0.013955 -0.006196 -0.017940 -0.040784 -0.034127 -0.018101 0.005640 0.025984 0.026969 0.023524 0.025804 0.024938 0.038314 0.061024 0.077937 0.068992 0.009126 -0.068082 -0.073954 -0.032002 0.009935 0.045114 0.054970 0.003110 -0.074852 -0.097276 -0.052465 0.005456 0.013634 -0.002487 -0.021165 -0.038652 -0.057040 -0.082990 -0.070319 -0.019798 0.012890 -0.008494 -0.055275 -0.078737 -0.070665 -0.045854 -0.021114 0.015692 0.045247 0.060276 0.082484 0.094871 0.049523 -0.044177 -0.145248 -0.190759 -0.134547 -0.053038 0.007054 0.052866 0.067011 0.036570 -0.009765 -0.048967 -0.069415 -0.061636 -0.030030 0.000596 0.023699 0.018408 -0.001908 0.005386 0.022485 0.024986 0.003780 -0.003503 0.042188 0.107246 0.124908 0.082525 0.044584 0.066548 0.019863 -0.079476 -0.087916 -0.052856 -0.039353 -0.004752 0.030010 0.027646 0.011747 -0.018682 -0.065375 -0.074185 -0.021235 0.022693 0.020507 0.010912 0.018773 0.022616 0.017036 -0.001097 -0.013435 -0.002822 0.024325 0.065841 0.097194 0.068495 -0.021510 -0.095906 -0.116690 -0.084269 -0.006830 0.073514 0.062879 0.021800 0.005485 0.013585 0.061120 0.090156 0.079352 0.080877 0.137723 0.151713 0.069967 0.039483 0.088380 0.090063 0.031696 -0.016397 -0.038637 -0.077761 -0.102742 -0.070815 -0.033998 -0.022045 -0.030808 -0.026765 -0.013673 -0.021453 -0.023144 0.003796 0.026365 0.013490 -0.005133 -0.019560 -0.027779 -0.020065 0.010426 0.047300 0.053212 0.040143 0.029700 -0.003831 -0.038635 -0.043209 -0.035456 -0.020332 -0.003925 -0.004429 -0.011734 -0.005778 0.001103 -0.014418 -0.061928 -0.086102 -0.057396 -0.031674 0.000911 -0.012812 -0.069160 -0.088669 -0.104085 -0.099138 -0.074398 -0.049964 0.029271 0.102189 0.062932 -0.040134 -0.046543 0.023887 0.055691 0.032389 -0.014763 -0.043074 -0.048032
-0.011690 0.002779 0.015733 0.016873 0.043669 0.084511 0.063999 0.020439 -0.000347 -0.031834 -0.069982 -0.072744 -0.058695 -0.026418 -0.003597 -0.001797 0.005974 0.012716 0.019382 0.060654 0.091154 0.073228 0.043760 0.012492 -0.030496 -0.032611 -0.011336 0.006028 0.028625 0.037694 0.000733 -0.052732 -0.064140 -0.013465 0.032290 0.015092 0.003239 0.013108 0.005283 -0.017089 -0.058922 -0.060669 -0.008424 0.032772 0.031734 0.010142 -0.025312 -0.074683 -0.102524 -0.075552 -0.005294 0.036659 0.051619 0.076017 0.079043 0.036926 -0.027250 -0.080336 -0.112866 -0.099745 -0.065968 -0.024657 0.031466 0.060137 0.047408 0.004260 -0.053902 -0.069066 -0.031439 -0.002922 0.012049 0.039848 0.029555 0.011088 0.032514 0.039336 -0.021328 -0.094871 -0.088031 0.009467 0.101949 0.104031 0.062610 0.056102 0.093603 0.065887 -0.002408 -0.020752 -0.029449 -0.051480 -0.019878 0.021736 0.008749 -0.015557 -0.043604 -0.069213 -0.027029 0.057395 0.090180 0.056573 0.014824 -0.006202 -0.012633 -0.007665 -0.004322 -0.011771 -0.017852 0.001283 0.045115 0.083485 0.067958 0.013104 -0.038839 -0.077013 -0.092765 -0.047874 0.042125 0.063038 0.037946 0.031808 0.054098 0.114070 0.145151 0.102477 0.055470 0.080135 0.105962 0.051994 0.013966 0.028902 0.015037 -0.026925 -0.060823 -0.070413 -0.073368 -0.078448 -0.063660 -0.043368 -0.028474 -0.032630 -0.040256 -0.044644 -0.050195 -0.023880 0.032435 0.063874 0.044815 0.029440 0.033789 0.025112 -0.004692 -0.032006 -0.017832 0.011707 0.023078 0.032235 0.030047 0.001973 -0.027799 -0.040255 -0.027646 -0.005532 0.009438 0.024368 0.015864 -0.019699 -0.046992 -0.076784 -0.076009 -0.032658 0.001839 0.018155 -0.001128 -0.038867 -0.078385 -0.111602 -0.099859 -0.071637 -0.039218 0.042041 0.110993 0.077850 -0.005065 -0.013242 0.026359 0.027651 -0.002564 -0.025075 -0.023618 -0.013325
-0.031927 0.009199 0.059922 0.080363 0.082606 0.096597 0.072141 0.015455 -0.015334 -0.036933 -0.065864 -0.070076 -0.055995 -0.032944 -0.023219 -0.025755 -0.022375 -0.016145 0.013588 0.082515 0.123307 0.088341 0.034770 0.024105 0.018348 0.021077 0.024326 0.005014 -0.011919 -0.022109 -0.033381 -0.041970 -0.036182 0.001794 0.015035 -0.030735 -0.043070 -0.002314 0.013119 -0.005615 -0.044339 -0.049506 -0.001999 0.041947 0.056850 0.060745 0.025868 -0.054811 -0.124189 -0.115307 -0.030206 0.034919 0.058969 0.054965 0.017041 -0.013375 -0.013939 -0.019263 -0.056187 -0.084624 -0.079054 -0.054362 0.001599 0.046220 0.057334 0.037133 -0.018442 -0.056361 -0.052600 -0.039296 -0.004596 0.039580 0.026985 0.013810 0.030775 0.017180 -0.053985 -0.131161 -0.130898 -0.033208 0.061506 0.064507 0.042457 0.054639 0.076316 0.073668 0.050022 0.014902 -0.030616 -0.077649 -0.058807 -0.012491 -0.018471 -0.022864 -0.005315 0.009075 0.074816 0.139692 0.127017 0.057064 -0.003245 -0.041135 -0.067770 -0.056896 -0.005925 0.012805 -0.021118 -0.050602 -0.057784 -0.028101 0.018126 0.045327 0.019576 -0.037005 -0.062280 -0.011358 0.059137 0.066255 0.061310 0.085295 0.109540 0.125485 0.110789 0.055162 0.013034 0.018553 0.030627 0.010423 -0.006051 -0.005882 -0.031066 -0.062453 -0.073256 -0.053233 -0.008884 0.005139 -0.028982 -0.054396 -0.039559 -0.027285 -0.027406 -0.032251 -0.033297 -0.004326 0.040999 0.062849 0.048608 0.049640 0.074575 0.066945 0.007593 -0.053680 -0.059094 -0.026679 -0.002595 0.019023 0.033708 0.013666 -0.022251 -0.044947 -0.032276 -0.007590 0.017432 0.042940 0.016416 -0.054291 -0.090417 -0.086632 -0.047604 -0.002227 0.008959 0.003781 0.002880 -0.003910 -0.048490 -0.073210 -0.055738 -0.054151 -0.047922 0.012199 0.075191 0.058013 0.000725 -0.014341 -0.013126 -0.025118 -0.028942 -0.010345 0.020139 0.048358
-0.009164 0.027669 0.081267 0.105729 0.079363 0.042522 0.014204 -0.014415 -0.027622 -0.020230 -0.016446 -0.018106 -0.012937 0.000861 0.007439 0.002245 -0.005760 -0.012959 0.001342 0.053050 0.106007 0.090800 0.027637 0.028403 0.052776 0.062347 0.060141 0.017555 -0.042437 -0.071762 -0.048157 -0.018521 -0.018424 -0.011670 -0.013229 -0.054346 -0.072168 -0.035111 -0.008950 -0.022842 -0.040738 -0.027651 0.006925 0.036337 0.058709 0.064118 0.022715 -0.046120 -0.106637 -0.113343 -0.045384 0.025253 0.065672 0.060142 0.001926 -0.030640 0.004379 0.011553 -0.054615 -0.103882 -0.085254 -0.059667 -0.010641 0.045174 0.075235 0.063467 0.002133 -0.070763 -0.114615 -0.116913 -0.055584 0.017725 0.025263 0.014259 0.009580 -0.012375 -0.044298 -0.095774 -0.119396 -0.055416 0.017000 0.025982 0.028307 0.059698 0.075155 0.079323 0.064105 0.016682 -0.028941 -0.065724 -0.058636 -0.023253 -0.019238 0.004140 0.068763 0.106439 0.141770 0.159597 0.120039 0.040918 -0.014558 -0.041785 -0.072943 -0.080713 -0.046961 -0.024932 -0.035602 -0.071477 -0.126111 -0.124512 -0.047792 0.033574 0.042608 0.010017 0.004760 0.049504 0.082920 0.058661 0.048075 0.089634 0.126603 0.122137 0.073861 0.005753 -0.027730 -0.038747 -0.045220 -0.036922 -0.033927 -0.038204 -0.055142 -0.081992 -0.086008 -0.025411 0.068868 0.089095 0.016165 -0.040965 -0.032708 -0.002922 0.021040 0.014563 -0.000354 0.013135 0.038447 0.050045 0.043529 0.054805 0.076556 0.070832 0.032790 -0.001872 -0.007029 0.001834 0.002934 0.018027 0.037450 0.022574 -0.006837 -0.021438 -0.002517 0.013012 0.016816 0.009380 -0.036761 -0.086077 -0.091868 -0.069464 -0.035224 -0.002849 0.004871 -0.003109 -0.006929 -0.010375 -0.037336 -0.035481 -0.023625 -0.049277 -0.065116 -0.016581 0.045770 0.025461 -0.033375 -0.048990 -0.046769 -0.047363 -0.049356 -0.021528 0.031172 0.075970
0.036468 0.048507 0.069672 0.067781 0.014848 -0.034057 -0.022010 -0.007407 -0.011123 0.012880 0.042346 0.037179 0.025136 0.039922 0.054156 0.045742 0.031510 0.011914 -0.006906 0.013798 0.069671 0.074457 0.013964 0.010454 0.038238 0.051693 0.053422 0.010462 -0.056371 -0.072438 -0.023294 0.010261 -0.013122 -0.026979 -0.020240 -0.033480 -0.044194 -0.021550 -0.007723 -0.032353 -0.034232 0.009882 0.034154 0.031378 0.045914 0.042603 -0.008186 -0.053629 -0.071285 -0.063197 -0.028180 0.006717 0.046157 0.057323 0.012148 -0.013033 0.014784 0.008851 -0.063818 -0.098318 -0.050606 -0.030032 -0.018691 0.018033 0.064437 0.062517 -0.008134 -0.099585 -0.155495 -0.154363 -0.079684 -0.000461 0.004141 -0.013182 -0.026764 -0.045999 -0.051062 -0.077838 -0.103669 -0.055179 -0.001599 0.004519 0.014722 0.051288 0.065869 0.052221 0.020760 -0.010708 -0.014042 -0.004951 0.012255 0.023223 0.010378 0.032049 0.091886 0.122932 0.117848 0.105675 0.085245 0.017049 -0.036869 -0.043662 -0.057172 -0.067928 -0.053860 -0.036289 -0.022266 -0.038645 -0.090862 -0.114845 -0.074860 -0.001951 0.045695 0.060105 0.060980 0.065895 0.069581 0.053544 0.054688 0.095345 0.124502 0.124103 0.085724 0.010800 -0.038233 -0.073174 -0.103174 -0.097893 -0.100453 -0.108316 -0.099348 -0.118871 -0.119675 -0.016998 0.101422 0.119911 0.042454 -0.022302 -0.022891 0.006544 0.036253 0.024615 0.005244 0.024511 0.042291 0.033292 0.021393 0.041524 0.059701 0.056200 0.062783 0.067882 0.049115 0.020241 0.005179 0.019824 0.036943 0.034406 0.030033 0.022541 0.030533 0.021885 -0.008635 -0.032030 -0.050914 -0.040756 -0.011995 -0.008304 -0.023781 -0.016746 0.004609 0.010740 0.005741 0.000516 -0.016841 -0.020347 -0.025101 -0.052555 -0.070584 -0.027111 0.036190 0.010247 -0.055844 -0.069397 -0.053652 -0.040242 -0.051614 -0.025302 0.047619 0.100096
0.008538 0.001486 0.005782 0.008526 -0.039110 -0.075851 -0.033793 -0.015021 -0.038781 -0.001945 0.068779 0.094006 0.092702 0.102624 0.095877 0.061696 0.028053 -0.001912 -0.022653 -0.005296 0.042276 0.057325 0.025373 0.019015 0.012640 -0.003336 -0.000260 -0.018122 -0.057127 -0.047538 0.000208 0.003986 -0.039237 -0.047088 -0.018238 -0.001225 -0.005266 -0.004323 -0.009852 -0.037463 -0.034766 0.009889 0.025477 0.009222 0.025375 0.035775 -0.006285 -0.047747 -0.055651 -0.038310 -0.013872 -0.009692 0.006175 0.004948 -0.028792 -0.029914 -0.004412 -0.003731 -0.040172 -0.046727 -0.002561 -0.007891 -0.049875 -0.063017 -0.022857 -0.010348 -0.059666 -0.122890 -0.159178 -0.143529 -0.076053 -0.021882 -0.018281 -0.010091 -0.016276 -0.056209 -0.080868 -0.091938 -0.088776 -0.033967 -0.004855 -0.013509 0.004028 0.037594 0.035456 0.002263 -0.024164 -0.025281 0.003050 0.042214 0.068582 0.064858 0.048741 0.059493 0.080913 0.069884 -0.032700 -0.128438 -0.065378 -0.026441 -0.049615 -0.048069 -0.053146 -0.051934 -0.016228 0.019605 0.031588 0.007402 -0.023301 -0.037011 -0.032124 -0.001830 0.045548 0.083128 0.090010 0.067683 0.049181 0.054972 0.081622 0.103950 0.089655 0.069565 0.052726 0.009891 -0.026131 -0.058330 -0.100323 -0.117126 -0.133915 -0.160947 -0.153333 -0.157700 -0.130888 -0.000787 0.103565 0.103714 0.035476 -0.020881 -0.028458 -0.014403 -0.001924 -0.022527 -0.031385 0.014015 0.037477 0.005299 -0.021867 0.005516 0.035157 0.029390 0.048374 0.066765 0.032525 -0.011749 -0.002237 0.025990 0.030800 0.041123 0.065010 0.060561 0.050485 0.020046 -0.023806 -0.032174 -0.021470 0.005389 0.030930 0.017018 -0.024240 -0.028142 -0.001701 0.017281 0.046136 0.066849 0.041219 0.001653 -0.018824 -0.036267 -0.052847 -0.028837 0.023996 0.018112 -0.040988 -0.076539 -0.066013 -0.041719 -0.045615 -0.013126 0.079095 0.139450
-0.070520 -0.093042 -0.066688 -0.017700 -0.039588 -0.072277 -0.039671 -0.043047 -0.090781 -0.047407 0.062599 0.146318 0.182578 0.164529 0.115069 0.058943 0.000752 -0.046525 -0.057257 -0.037100 -0.000956 0.032869 0.039788 0.043304 0.013970 -0.045006 -0.060335 -0.059583 -0.076111 -0.050024 -0.001560 -0.014643 -0.066488 -0.065277 -0.025269 -0.004209 -0.017610 -0.030892 -0.033552 -0.036355 -0.034873 -0.034001 -0.035851 -0.039392 -0.001242 0.041293 0.023136 -0.018458 -0.045776 -0.041501 -0.008628 -0.020079 -0.046696 -0.066216 -0.075881 -0.054090 -0.017151 0.006809 0.004628 0.006607 0.008889 -0.020761 -0.065859 -0.100132 -0.091310 -0.096207 -0.135135 -0.158496 -0.159820 -0.136928 -0.090179 -0.048542 -0.012416 0.044051 0.047790 -0.016896 -0.072380 -0.078103 -0.043242 0.010420 0.000927 -0.028750 0.004631 0.044597 0.026534 -0.013203 -0.034572 -0.027912 0.002378 0.036613 0.056526 0.063212 0.075875 0.085032 0.065596 -0.001997 -0.208869 -0.388658 -0.233083 -0.053613 -0.017052 -0.012591 -0.024799 -0.035619 -0.007474 0.033086 0.042933 0.018398 0.006398 0.011229 0.011005 0.012013 0.026955 0.057141 0.072432 0.045429 0.013315 0.025984 0.059643 0.061094 0.017449 -0.018158 -0.020497 -0.026698 -0.036301 -0.044992 -0.069163 -0.079019 -0.075464 -0.095623 -0.108750 -0.120699 -0.097152 0.005694 0.077791 0.051554 -0.010097 -0.038716 -0.025516 0.002044 0.007684 -0.035669 -0.052461 -0.001327 0.022894 -0.017935 -0.059647 -0.048829 -0.016505 -0.018850 -0.010140 0.008781 -0.007906 -0.024463 0.021631 0.061571 0.055947 0.060739 0.083524 0.073853 0.058175 0.034578 0.001540 -0.005689 -0.005573 -0.013271 -0.023791 -0.028994 -0.029476 -0.011177 0.007236 0.028635 0.086937 0.121390 0.080783 0.027925 0.015524 0.008840 -0.006012 -0.006181 0.009063 0.009667 -0.026241 -0.070049 -0.071531 -0.048589 -0.045549 -0.023109 0.051710 0.098484
-0.095980 -0.130402 -0.073041 0.006578 -0.011291 -0.048620 -0.026677 -0.035734 -0.081116 -0.052916 0.047986 0.145076 0.182962 0.145664 0.113395 0.085686 0.009290 -0.067089 -0.087068 -0.067628 -0.022623 0.037533 0.062216 0.066050 0.043241 -0.024194 -0.063329 -0.073763 -0.098707 -0.078476 -0.010811 0.011643 -0.023557 -0.032472 -0.010959 -0.020240 -0.071868 -0.099373 -0.074993 -0.032525 -0.015038 -0.042879 -0.049100 -0.043719 -0.006237 0.048986 0.044106 0.005600 -0.027011 -0.030375 0.005676 -0.015447 -0.069525 -0.089584 -0.070936 -0.037175 0.007562 0.044238 0.045907 0.041059 0.021191 -0.006443 -0.012337 -0.023746 -0.045493 -0.092572 -0.156873 -0.183733 -0.165809 -0.136608 -0.106909 -0.066602 -0.007394 0.068343 0.083593 0.024846 -0.033694 -0.031827 0.012741 0.034063 -0.006292 -0.040145 -0.000732 0.031808 0.004179 -0.026531 -0.036700 -0.029881 -0.007962 0.002223 0.012919 0.047161 0.086780 0.100909 0.059052 -0.043425 -0.215653 -0.326822 -0.187808 -0.018719 0.040091 0.038883 0.013674 -0.013498 -0.017430 0.001738 0.005768 -0.007035 -0.012400 -0.005563 0.003562 -0.003404 -0.012775 0.011242 0.025312 -0.007114 -0.036594 -0.022085 -0.002708 -0.011283 -0.056132 -0.099692 -0.087190 -0.052683 -0.040418 -0.048299 -0.060635 -0.044581 -0.000255 0.019002 0.006796 -0.029609 -0.055589 -0.014235 0.038193 0.008302 -0.044321 -0.051080 -0.011806 0.039569 0.056672 0.020283 -0.002185 0.024839 0.043371 0.005524 -0.057701 -0.086307 -0.064596 -0.051383 -0.041336 -0.015547 -0.000867 0.017056 0.072769 0.109143 0.090937 0.065573 0.063287 0.048705 0.044132 0.055221 0.056536 0.042504 0.016192 -0.020152 -0.047525 -0.039701 -0.004173 0.031047 0.024522 0.025619 0.071697 0.092168 0.060954 0.042313 0.049818 0.038473 0.028182 0.025598 -0.009745 -0.051902 -0.084764 -0.100261 -0.077311 -0.036004 -0.016531 -0.017869 -0.005084 -0.002126
-0.073361 -0.112179 -0.063323 0.013689 0.003986 -0.025564 0.001093 0.002490 -0.035410 -0.041606 0.010675 0.069337 0.080556 0.073693 0.117958 0.130943 0.043993 -0.051999 -0.081798 -0.054184 0.011625 0.086090 0.108060 0.092689 0.085381 0.050394 -0.004217 -0.049797 -0.090042 -0.081754 -0.004998 0.062338 0.048246 0.006534 -0.007141 -0.037698 -0.113470 -0.149626 -0.095510 -0.015322 0.026979 0.011289 0.007343 0.000627 0.019603 0.067490 0.056517 0.008279 -0.025754 -0.036945 -0.018287 -0.027406 -0.056640 -0.070720 -0.052648 -0.015063 0.034079 0.058993 0.040017 0.047083 0.070600 0.073586 0.082893 0.077991 0.049638 -0.001679 -0.088037 -0.152707 -0.150045 -0.130348 -0.107542 -0.048598 0.021660 0.074729 0.073674 0.020110 -0.026742 -0.034884 -0.017769 -0.023950 -0.052902 -0.068855 -0.032781 -0.000965 -0.018924 -0.034415 -0.022293 -0.007239 -0.004722 -0.036163 -0.039977 0.013389 0.067409 0.096829 0.055277 -0.062984 -0.175912 -0.203924 -0.117880 0.000520 0.065110 0.049579 -0.000883 -0.029473 -0.027328 -0.018712 -0.024127 -0.037441 -0.058391 -0.044259 -0.009711 -0.023633 -0.054076 -0.034705 -0.022232 -0.043748 -0.050225 -0.042235 -0.053815 -0.070134 -0.107839 -0.161062 -0.137853 -0.069467 -0.040374 -0.052391 -0.060569 -0.034001 0.022861 0.057730 0.054322 0.023522 -0.021140 -0.022255 0.017939 0.009573 -0.024774 -0.034147 -0.003695 0.042270 0.076610 0.085675 0.077180 0.071396 0.077063 0.040255 -0.035509 -0.083332 -0.064993 -0.036908 -0.019030 0.004883 0.019331 0.041029 0.088624 0.117851 0.098549 0.053410 0.025091 0.010046 0.021916 0.062765 0.097858 0.090506 0.063043 0.030156 0.019415 0.029862 0.035043 0.040473 0.005089 -0.014094 0.017353 0.038306 0.039171 0.056875 0.062162 0.033064 0.035074 0.048858 -0.020057 -0.103597 -0.139844 -0.120496 -0.054846 0.011050 0.033895 0.012474 -0.014078 -0.030825
-0.058035 -0.079117 -0.052825 -0.007393 -0.012267 -0.029167 0.004519 0.032606 0.002128 -0.039009 -0.033501 -0.010412 -0.008781 0.023459 0.095724 0.105552 0.038913 -0.031831 -0.057287 -0.031601 0.029051 0.103637 0.131477 0.100414 0.093771 0.082973 0.014860 -0.056256 -0.077412 -0.051524 -0.003780 0.031508 0.020534 -0.002218 -0.004133 -0.022212 -0.093812 -0.134930 -0.082281 -0.015002 0.015498 0.018664 0.027888 0.028567 0.055196 0.084741 0.054687 0.008140 -0.016966 -0.032705 -0.037517 -0.037735 -0.042587 -0.065802 -0.068804 -0.028675 0.018699 0.018998 -0.020495 -0.005079 0.049781 0.088436 0.127788 0.124507 0.088710 0.057416 -0.010267 -0.077925 -0.087710 -0.093533 -0.097281 -0.032866 0.040955 0.064097 0.042570 0.002024 -0.024271 -0.057245 -0.085807 -0.095920 -0.092515 -0.088178 -0.056966 -0.018305 -0.014637 -0.019920 -0.006073 0.006127 -0.014680 -0.073455 -0.084630 -0.032910 0.016901 0.052426 0.035427 -0.054108 -0.150445 -0.181412 -0.140737 -0.050003 0.017633 0.000687 -0.052512 -0.057277 -0.021954 -0.010149 -0.026092 -0.050229 -0.090763 -0.056113 0.014934 -0.002888 -0.062639 -0.069503 -0.062618 -0.064137 -0.049347 -0.038504 -0.055553 -0.076707 -0.110633 -0.157419 -0.133294 -0.071813 -0.048129 -0.048635 -0.037106 -0.017483 0.014999 0.036476 0.030327 0.018129 0.000817 0.004389 0.033711 0.034404 0.013967 -0.000761 0.008347 0.036907 0.077164 0.110471 0.112840 0.086091 0.068723 0.029178 -0.027106 -0.045160 -0.015229 0.006858 0.007925 0.004888 -0.003271 0.005271 0.032235 0.056257 0.063264 0.033152 -0.005119 -0.013636 0.013866 0.060721 0.097602 0.099200 0.084310 0.055101 0.056863 0.068412 0.035447 0.001031 -0.047809 -0.066242 -0.024250 0.012868 0.020393 0.038260 0.044042 0.023388 0.041105 0.062527 -0.015440 -0.104276 -0.130078 -0.102598 -0.038597 0.015020 0.020022 -0.007552 -0.020487 -0.005502
-0.011421 -0.017116 0.006598 0.028251 0.015683 -0.003168 0.006847 0.034105 0.015784 -0.021761 -0.023901 -0.012084 -0.009380 0.012634 0.045406 0.048869 0.030889 0.004100 -0.023400 -0.032678 -0.020356 0.035210 0.086922 0.075498 0.060179 0.054383 0.003705 -0.053399 -0.049677 -0.016172 -0.020302 -0.045066 -0.051721 -0.037541 -0.017058 -0.010730 -0.057846 -0.099743 -0.068883 -0.028416 -0.018090 -0.011951 0.009276 0.022065 0.051571 0.061860 0.025477 0.009701 0.020786 0.020325 -0.001399 -0.018247 -0.029399 -0.066308 -0.086666 -0.048991 -0.013629 -0.030999 -0.068045 -0.061457 -0.041682 -0.012841 0.063991 0.088372 0.047412 0.017616 -0.019453 -0.045126 -0.027137 -0.042324 -0.083069 -0.048045 0.011184 0.035646 0.021329 0.005894 0.015353 -0.011008 -0.065898 -0.100187 -0.100869 -0.078801 -0.045273 -0.024258 -0.019591 -0.011508 0.000482 -0.007545 -0.045170 -0.093189 -0.101987 -0.061657 -0.014732 0.020415 0.026090 -0.019272 -0.095239 -0.141982 -0.145145 -0.117921 -0.096094 -0.100194 -0.105960 -0.068167 -0.009696 0.014365 0.003981 -0.018527 -0.061777 -0.024478 0.060882 0.054822 -0.024875 -0.066054 -0.069312 -0.073219 -0.065753 -0.041248 -0.037598 -0.065751 -0.093567 -0.095819 -0.055487 -0.014991 -0.004694 -0.004425 0.007207 0.008713 0.013280 0.022001 0.008899 -0.010318 -0.011141 0.025168 0.059558 0.049685 0.036601 0.033985 0.031909 0.041681 0.068241 0.094421 0.104437 0.082335 0.052153 0.013827 -0.014333 0.003812 0.041325 0.042517 0.017790 -0.009303 -0.024825 -0.018641 -0.018802 -0.019538 -0.001420 -0.000254 -0.015271 -0.008550 0.021972 0.060624 0.079780 0.069495 0.046020 0.017659 0.029414 0.040264 0.004033 -0.031043 -0.071325 -0.083246 -0.031633 0.023578 0.007940 -0.027056 -0.022763 -0.008179 0.018488 0.034374 -0.017635 -0.072558 -0.091333 -0.094315 -0.076996 -0.054382 -0.039192 -0.039812 -0.028585 0.015784
0.048613 0.036356 0.061944 0.083474 0.087509 0.079237 0.046894 0.031319 0.028167 0.031196 0.038543 0.033711 0.021575 -0.008474 -0.031165 -0.006899 0.026527 0.023049 -0.007248 -0.043504 -0.081315 -0.053624 0.018366 0.038973 0.032853 0.051558 0.050516 0.009366 -0.001397 0.010817 -0.023914 -0.065914 -0.066377 -0.056870 -0.044088 -0.023521 -0.041615 -0.082353 -0.072183 -0.028316 0.000681 0.011404 0.021841 0.020125 0.027127 0.024595 0.000130 0.018163 0.058663 0.060402 0.030991 0.013189 -0.004845 -0.047867 -0.076825 -0.042319 -0.005799 -0.024445 -0.061293 -0.063651 -0.065788 -0.052555 0.022490 0.059072 0.028264 -0.002714 -0.037454 -0.038324 0.008158 -0.003903 -0.060694 -0.059577 -0.006151 0.047498 0.031797 0.016045 0.050187 0.050444 -0.004298 -0.066311 -0.084428 -0.058139 -0.041381 -0.051542 -0.053494 -0.024362 0.000934 -0.022789 -0.068699 -0.098314 -0.114150 -0.097157 -0.044125 0.006212 0.016076 -0.012457 -0.059611 -0.088623 -0.095946 -0.128758 -0.173911 -0.162621 -0.118792 -0.071289 -0.023966 0.017077 0.032383 0.020125 0.003220 0.038981 0.098758 0.094851 0.022425 -0.026794 -0.027109 -0.033615 -0.046601 -0.026208 -0.025662 -0.089800 -0.124102 -0.058559 0.033421 0.072423 0.076377 0.055642 0.027011 0.006558 0.005145 0.011148 -0.003352 -0.035578 -0.046413 -0.000505 0.045297 0.036677 0.032601 0.048456 0.056936 0.058408 0.066108 0.074800 0.078287 0.062311 0.037756 0.015452 0.006638 0.031185 0.064924 0.059399 0.029199 -0.004407 -0.020596 -0.013458 -0.024601 -0.043486 -0.034081 -0.024398 -0.022505 -0.005769 0.018131 0.041892 0.043970 0.010311 -0.027603 -0.026152 0.023243 0.039700 0.029545 0.028001 -0.014807 -0.040340 0.011982 0.078357 0.039582 -0.063365 -0.077225 -0.044995 -0.028822 -0.014978 -0.018189 -0.025773 -0.024644 -0.039378 -0.059632 -0.061771 -0.030125 -0.004968 0.013226 0.048699
0.049414 0.044820 0.067527 0.078792 0.111498 0.126451 0.060864 0.003876 0.020102 0.066847 0.081321 0.056820 0.028698 -0.038154 -0.109430 -0.089274 -0.018216 0.006232 -0.009996 -0.034150 -0.075416 -0.070942 -0.020575 -0.003755 0.011692 0.066826 0.095253 0.039593 -0.004771 -0.000406 -0.013821 -0.031857 -0.027146 -0.028975 -0.032575 -0.020696 -0.021953 -0.064677 -0.093422 -0.058608 0.005507 0.046665 0.057018 0.043873 0.031453 0.020098 0.008912 0.044001 0.088197 0.065112 0.020162 0.016864 0.010255 -0.025041 -0.056480 -0.026426 0.020041 0.014373 -0.029159 -0.049228 -0.047973 -0.013325 0.060237 0.081221 0.043543 0.006358 -0.037902 -0.034092 0.026210 0.028496 -0.027592 -0.054544 -0.005174 0.057158 0.027883 -0.007497 0.012515 0.024476 -0.000814 -0.042068 -0.056133 -0.049377 -0.071089 -0.091897 -0.080385 -0.032943 0.016243 0.003656 -0.054796 -0.100715 -0.125269 -0.117063 -0.065787 -0.020092 -0.030191 -0.059555 -0.075118 -0.066145 -0.050552 -0.085118 -0.139490 -0.125622 -0.084400 -0.063666 -0.044637 -0.002602 0.024749 0.007700 0.017408 0.063186 0.092733 0.072994 0.014689 -0.014202 0.011201 0.020595 -0.004954 -0.011076 -0.033254 -0.106712 -0.128103 -0.038057 0.066592 0.095704 0.086393 0.049282 -0.008959 -0.031000 -0.016074 -0.005583 -0.018307 -0.042752 -0.052758 -0.020810 0.023940 0.028940 0.019163 0.029829 0.067435 0.076263 0.057836 0.042263 0.038491 0.030728 0.020392 0.024531 0.030258 0.039034 0.054763 0.046734 0.016974 -0.014642 -0.017521 0.005116 0.004719 -0.014866 -0.023253 -0.036396 -0.046747 -0.031733 -0.013682 -0.016605 -0.033247 -0.067852 -0.094719 -0.048620 0.038804 0.050446 0.067390 0.114698 0.063832 0.012662 0.057517 0.108522 0.064520 -0.032937 -0.055211 -0.054139 -0.064767 -0.038070 0.002143 0.023072 0.043237 0.047655 0.028373 0.015636 0.032226 0.052398 0.062734 0.064004
-0.020484 0.011510 0.038749 0.033925 0.077211 0.104440 0.042403 -0.017805 0.002029 0.060184 0.077267 0.051624 0.024408 -0.049455 -0.149354 -0.154703 -0.069569 -0.020319 -0.021499 -0.016781 -0.024207 -0.031113 -0.032883 -0.039384 -0.009709 0.049059 0.066642 0.006992 -0.048269 -0.040005 -0.008791 0.023803 0.049460 0.044959 0.020459 -0.000218 -0.013681 -0.056873 -0.105698 -0.082571 -0.004571 0.050750 0.072167 0.069921 0.052147 0.031330 0.021640 0.056329 0.097536 0.056157 -0.018290 -0.026273 0.004459 0.009453 -0.007948 0.013294 0.050480 0.049457 -0.004628 -0.056690 -0.065778 -0.016929 0.054690 0.060221 0.019280 -0.009237 -0.037595 -0.029903 0.017638 0.023792 -0.021861 -0.054422 -0.027379 -0.000011 -0.025640 -0.050608 -0.044339 -0.033883 -0.032618 -0.045073 -0.056231 -0.075639 -0.105296 -0.083155 -0.043055 -0.014822 0.033920 0.045006 -0.023268 -0.093064 -0.107575 -0.077200 -0.033026 -0.039415 -0.089189 -0.104831 -0.083413 -0.052659 -0.035185 -0.042702 -0.059194 -0.053550 -0.038359 -0.032280 -0.028999 -0.010099 0.003714 -0.009438 0.006844 0.042486 0.056540 0.030053 -0.025066 -0.035431 0.004351 0.017548 -0.009987 -0.028666 -0.052883 -0.093162 -0.089439 -0.027812 0.030888 0.019339 -0.005320 -0.013201 -0.038996 -0.048065 -0.033672 -0.021351 -0.023429 -0.022437 -0.010820 0.007466 0.032273 0.037014 0.021389 0.026939 0.071104 0.072635 0.022724 -0.020206 -0.026030 -0.019847 -0.010855 0.020350 0.043208 0.038610 0.026555 0.007437 -0.018135 -0.034244 -0.011980 0.027759 0.038382 0.017711 -0.009986 -0.035545 -0.047411 -0.040638 -0.032798 -0.054863 -0.075247 -0.087604 -0.096182 -0.044571 0.025940 0.015396 0.027269 0.084486 0.049592 0.004983 0.043217 0.079707 0.052503 0.007485 -0.020417 -0.065095 -0.081659 -0.044959 0.008162 0.050388 0.069896 0.064873 0.053511 0.043928 0.044268 0.051286 0.044930 0.023160
-0.044137 -0.010381 0.008237 0.004236 0.036421 0.044487 0.007217 -0.010744 0.017332 0.062999 0.070361 0.047639 0.030519 -0.031792 -0.129061 -0.142495 -0.069578 -0.029443 -0.028152 -0.007984 0.004298 -0.010119 -0.040465 -0.044782 -0.010615 0.013272 0.001903 -0.038915 -0.078396 -0.064567 -0.012060 0.047780 0.091531 0.096532 0.066333 0.020939 -0.008223 -0.041946 -0.083084 -0.070791 -0.019825 0.001733 0.024000 0.047492 0.041210 0.024842 0.014735 0.035969 0.074285 0.039690 -0.047896 -0.074001 -0.019870 0.021186 0.042251 0.074417 0.079997 0.051705 -0.005124 -0.054062 -0.059187 -0.021633 0.022611 0.020049 -0.001608 -0.000764 0.002908 0.007211 0.006152 -0.015999 -0.052962 -0.070029 -0.054709 -0.045611 -0.047494 -0.048060 -0.046404 -0.048991 -0.055484 -0.069289 -0.078550 -0.084340 -0.053697 0.033767 0.068394 0.029911 0.033174 0.044214 -0.017405 -0.077150 -0.062806 -0.000730 0.045800 -0.001731 -0.075168 -0.077187 -0.052159 -0.038693 -0.042608 -0.042668 -0.033491 -0.021946 0.004507 0.025809 0.010758 -0.021567 -0.036554 -0.032378 -0.019201 -0.003441 0.002951 -0.020277 -0.052677 -0.035851 -0.001990 -0.007179 -0.035803 -0.047409 -0.065687 -0.096534 -0.093827 -0.049905 -0.022595 -0.066925 -0.095881 -0.060059 -0.034590 -0.042744 -0.051335 -0.040726 -0.024606 -0.007589 0.017089 0.038290 0.048246 0.031508 0.019144 0.054542 0.093405 0.080687 0.014601 -0.046128 -0.057213 -0.050654 -0.041970 -0.001952 0.042685 0.050506 0.032749 0.007846 -0.012897 -0.017820 0.014024 0.052011 0.052657 0.017883 -0.020183 -0.037453 -0.035383 -0.026996 -0.014228 -0.031686 -0.047365 -0.042923 -0.050783 -0.033584 -0.002169 -0.002240 0.021870 0.062108 0.043179 0.015933 0.022483 0.021893 -0.001531 -0.005562 -0.020906 -0.070558 -0.078933 -0.038229 0.026313 0.087643 0.095035 0.049973 0.016738 0.002469 -0.001193 0.003037 -0.007069 -0.026070
0.022670 0.012955 0.005732 0.008781 0.023918 0.010401 -0.006145 0.006299 0.032588 0.063723 0.068188 0.045846 0.022402 -0.020039 -0.065840 -0.063661 -0.028807 -0.014642 -0.009002 0.010955 0.018209 -0.002135 -0.026818 -0.025095 -0.009734 -0.021803 -0.043914 -0.053017 -0.058592 -0.043926 -0.010963 0.035954 0.086969 0.099262 0.063394 0.005680 -0.024688 -0.026514 -0.036513 -0.035305 -0.026691 -0.037681 -0.017976 0.014043 0.017775 0.027571 0.031718 0.028390 0.053957 0.045059 -0.033193 -0.085037 -0.057704 -0.023135 0.017162 0.062667 0.058970 0.025798 -0.006096 -0.022107 -0.018797 -0.005197 0.008447 0.003164 -0.005241 0.003391 0.021817 0.032696 0.003748 -0.046530 -0.091359 -0.102775 -0.072191 -0.036321 -0.019174 -0.015327 -0.021706 -0.031008 -0.048058 -0.071087 -0.082342 -0.062108 0.031402 0.144740 0.154428 0.087492 0.052208 0.029184 -0.028389 -0.065705 -0.030511 0.058663 0.120303 0.073774 -0.003024 -0.016266 -0.010907 -0.019587 -0.036114 -0.041146 -0.033932 -0.020368 0.020957 0.051684 0.022508 -0.045890 -0.098404 -0.106167 -0.090640 -0.064187 -0.048969 -0.067941 -0.070261 -0.027593 0.003327 -0.007406 -0.029806 -0.022181 -0.034074 -0.098967 -0.132472 -0.088733 -0.050907 -0.078300 -0.097848 -0.064874 -0.032247 -0.039469 -0.053073 -0.040580 -0.012486 0.008002 0.026160 0.050534 0.064396 0.035767 0.020022 0.066054 0.101195 0.095937 0.046919 -0.001665 -0.009283 -0.022358 -0.045979 -0.013798 0.038620 0.060236 0.062190 0.044438 0.021816 0.013654 0.030921 0.051586 0.040335 0.001482 -0.036562 -0.062534 -0.072798 -0.059225 -0.016826 -0.002655 -0.005935 0.001573 -0.027385 -0.047957 -0.021097 0.023318 0.074868 0.096331 0.083822 0.068983 0.039334 -0.023246 -0.071428 -0.040799 -0.011474 -0.036236 -0.046954 -0.007735 0.059954 0.110413 0.108375 0.050933 -0.000364 -0.025060 -0.034277 -0.030045 -0.026663 -0.034557
0.073895 0.006636 -0.036205 -0.017953 0.027755 0.048621 0.053679 0.042303 0.032135 0.046667 0.057504 0.039757 -0.001474 -0.033797 -0.032017 -0.011618 0.011405 0.025547 0.024329 0.023239 0.025328 0.014625 0.002104 -0.008402 -0.017469 -0.026006 -0.023912 -0.009856 -0.002748 -0.002568 0.003332 0.030173 0.079226 0.084066 0.036093 -0.023673 -0.057969 -0.045362 -0.022452 -0.009985 -0.017558 -0.032445 -0.023902 -0.014018 -0.017214 0.013166 0.042346 0.034278 0.046430 0.056814 -0.006443 -0.072943 -0.075912 -0.061683 -0.042348 -0.003010 0.014749 -0.000155 -0.015586 -0.018675 -0.015782 -0.009934 0.002364 0.001772 -0.020785 -0.032259 -0.013502 0.018505 0.009140 -0.049225 -0.120483 -0.147823 -0.105522 -0.045659 -0.016514 -0.011978 -0.023011 -0.020397 -0.017296 -0.024258 -0.027004 -0.004242 0.063706 0.132264 0.146583 0.122389 0.084450 0.032026 -0.022713 -0.046619 -0.019175 0.059597 0.123820 0.105232 0.046159 0.023140 0.016153 0.000025 -0.008265 -0.011317 -0.018475 -0.017122 0.013313 0.032181 0.006773 -0.048177 -0.112054 -0.148384 -0.140252 -0.096986 -0.059876 -0.071694 -0.085917 -0.064832 -0.037932 -0.027833 -0.028266 0.004721 0.015651 -0.061103 -0.123480 -0.094114 -0.052434 -0.054981 -0.061800 -0.051946 -0.033350 -0.026376 -0.019034 0.005575 0.026729 0.038770 0.044913 0.055413 0.060705 0.025942 0.008181 0.046725 0.082194 0.091021 0.070527 0.045368 0.043098 0.015675 -0.028785 -0.008725 0.023836 0.036749 0.049138 0.040111 0.025217 0.014055 0.009738 0.019864 0.012621 -0.002964 -0.017330 -0.050164 -0.079100 -0.071061 -0.021009 0.015576 0.031839 0.035183 -0.016009 -0.061255 -0.028535 0.046416 0.093163 0.081903 0.063663 0.061498 0.051586 0.002972 -0.042416 -0.005365 0.032973 0.004027 -0.032357 -0.018847 0.034154 0.073362 0.079643 0.050471 0.013819 -0.018514 -0.038018 -0.032015 -0.011076 -0.012461
0.031465 -0.067958 -0.113055 -0.065410 0.029732 0.105844 0.125000 0.070503 0.014098 0.006824 0.027462 0.026814 -0.014373 -0.032169 -0.012167 0.019759 0.064492 0.084057 0.050374 0.018591 0.016102 0.012519 -0.000931 -0.016947 -0.023468 -0.014460 0.005742 0.028758 0.039791 0.042789 0.049305 0.070602 0.103446 0.090315 0.036278 -0.031097 -0.083503 -0.085713 -0.051652 -0.018848 -0.015491 -0.030089 -0.048579 -0.061132 -0.057595 -0.002713 0.057534 0.069094 0.069935 0.073846 0.014194 -0.047878 -0.037037 -0.016909 -0.033655 -0.033265 -0.009935 -0.017905 -0.050891 -0.083852 -0.092301 -0.057313 -0.000768 0.019359 -0.016983 -0.040944 -0.030661 0.004204 0.018478 -0.037542 -0.134148 -0.179861 -0.131424 -0.057573 -0.013677 -0.009760 -0.036004 -0.028081 0.008985 0.039965 0.058330 0.051511 0.030528 0.033008 0.072213 0.107082 0.093047 0.040802 -0.005061 -0.027144 -0.019002 0.017534 0.057983 0.065952 0.043872 0.032664 0.016728 -0.004859 -0.005636 -0.001498 -0.016239 -0.025471 -0.007119 -0.001981 -0.015747 -0.020647 -0.039211 -0.079191 -0.103586 -0.075345 -0.013849 -0.005939 -0.053986 -0.083170 -0.073905 -0.054361 -0.043792 -0.002615 0.024403 -0.028327 -0.088888 -0.083441 -0.046904 -0.029615 -0.022677 -0.019086 -0.011556 -0.004571 0.014455 0.042896 0.043317 0.040152 0.033696 0.020779 0.020232 -0.001337 -0.008899 0.023090 0.048736 0.060951 0.058860 0.036680 0.025965 -0.001403 -0.042534 -0.037826 -0.028915 -0.025024 -0.014037 -0.008007 0.012914 0.013195 -0.007973 -0.003263 -0.003899 0.001716 0.012228 -0.003343 -0.016830 -0.019403 -0.007584 0.013097 0.036517 0.044738 0.014094 -0.030043 -0.030321 0.008638 0.023715 0.001819 -0.012998 -0.020972 -0.008769 0.020795 0.029964 0.054233 0.064280 0.012815 -0.045529 -0.055164 -0.019948 0.012207 0.032120 0.043330 0.032568 -0.011063 -0.049014 -0.047116 -0.010591 -0.000707
-0.009912 -0.102667 -0.119837 -0.061091 0.028573 0.108990 0.130008 0.070627 -0.000807 -0.023476 -0.005646 -0.003000 -0.030742 -0.019880 0.002776 0.027606 0.071578 0.076661 0.026338 -0.014296 -0.027978 -0.036843 -0.044488 -0.047977 -0.048466 -0.052528 -0.035339 0.009429 0.048289 0.075615 0.093514 0.111769 0.110396 0.070917 0.023640 -0.037598 -0.089693 -0.096423 -0.064572 -0.027465 -0.015277 -0.035774 -0.071676 -0.090019 -0.074327 0.007449 0.094587 0.116559 0.102691 0.086775 0.024747 -0.026941 0.000428 0.035559 0.015365 -0.012587 -0.007966 -0.014767 -0.064533 -0.141386 -0.179217 -0.123340 -0.026686 0.024165 0.009691 -0.001754 0.000612 0.008509 0.009393 -0.028758 -0.101247 -0.154708 -0.124884 -0.041684 0.018150 0.006895 -0.044720 -0.038882 0.009180 0.060855 0.099829 0.055029 -0.041734 -0.076713 -0.022383 0.048983 0.064504 0.023163 -0.005768 -0.014795 -0.015328 -0.004684 0.015268 0.017714 0.000873 0.000220 0.003546 0.000163 -0.007083 -0.010573 -0.018169 -0.025385 -0.019403 -0.023758 -0.028131 0.008359 0.048342 0.031090 -0.023533 -0.031501 0.035100 0.065091 0.019628 -0.022894 -0.030142 -0.033282 -0.045732 -0.025991 -0.007791 -0.038520 -0.077986 -0.079165 -0.048021 -0.024310 -0.004835 0.016832 0.019625 0.006533 0.010140 0.021781 0.007489 -0.001170 -0.010465 -0.024131 -0.004494 -0.008611 -0.024418 -0.010803 -0.000516 0.016640 0.023234 -0.007509 -0.025641 -0.043379 -0.071408 -0.072136 -0.063482 -0.058332 -0.056314 -0.034644 0.021961 0.031279 -0.005307 -0.014499 -0.019663 -0.016322 -0.001273 0.004227 0.015044 0.004101 -0.020639 -0.021111 0.006531 0.035710 0.050397 0.031850 -0.004774 -0.027439 -0.036406 -0.042996 -0.040391 -0.068130 -0.080157 -0.022579 0.026307 0.053167 0.062400 0.018027 -0.032679 -0.054183 -0.048866 -0.034098 -0.008151 0.015186 0.004418 -0.053400 -0.095359 -0.072552 -0.014580 0.004727
0.022439 -0.035722 -0.044159 -0.021827 0.022338 0.086091 0.123808 0.099685 0.040832 -0.007812 -0.040724 -0.053062 -0.049402 -0.005852 0.015470 0.010796 0.015958 0.001893 -0.035337 -0.056475 -0.069320 -0.080288 -0.066780 -0.053155 -0.069136 -0.104203 -0.089629 -0.025304 0.027293 0.052579 0.063823 0.072782 0.050992 0.013397 -0.005366 -0.033392 -0.056320 -0.050246 -0.019722 0.015386 0.015956 -0.020730 -0.059279 -0.084061 -0.081610 -0.010287 0.060766 0.062593 0.048371 0.046966 0.011104 -0.021125 -0.004351 0.024982 0.028048 0.012040 0.002615 -0.002040 -0.038679 -0.114450 -0.159187 -0.121089 -0.047832 0.009941 0.024712 0.025273 0.041596 0.032629 -0.009308 -0.035020 -0.049700 -0.101041 -0.113784 -0.040531 0.017468 -0.013856 -0.066421 -0.043966 -0.008648 0.014382 0.053296 0.026449 -0.058750 -0.103087 -0.084695 -0.041864 -0.016812 -0.030365 -0.018154 0.011051 0.012096 0.004841 0.010519 -0.005819 -0.040960 -0.041483 -0.010361 0.012659 0.009201 0.004326 0.011278 0.008090 -0.002323 -0.011074 -0.003570 0.045195 0.094680 0.079076 0.009453 -0.030968 0.003321 0.047465 0.059852 0.054365 0.045479 0.021230 -0.018692 -0.032811 -0.031076 -0.038790 -0.041684 -0.034990 -0.034268 -0.042043 -0.029882 0.001630 0.006478 -0.008033 -0.009385 0.002596 -0.003969 -0.014680 -0.017102 -0.003426 0.042408 0.041643 -0.005584 -0.029326 -0.032091 -0.007492 -0.001619 -0.038890 -0.056918 -0.061769 -0.070643 -0.061841 -0.043429 -0.032500 -0.034511 -0.007930 0.050359 0.059248 0.029923 0.013150 -0.014662 -0.037671 -0.030505 -0.014427 0.002836 -0.009493 -0.035380 -0.037991 -0.005100 0.044506 0.084689 0.091617 0.058251 0.013241 -0.014600 -0.024859 -0.007640 -0.032671 -0.069604 -0.051087 -0.008614 0.040194 0.065649 0.028613 -0.020464 -0.057872 -0.074296 -0.052031 -0.013165 -0.010611 -0.044819 -0.111287 -0.146081 -0.091785 -0.013581 0.014357
0.033885 0.031913 0.034033 0.025582 0.048101 0.100399 0.142355 0.143466 0.109145 0.050549 -0.017670 -0.026383 -0.003197 0.023517 0.023475 0.000530 -0.007453 -0.012279 -0.031766 -0.044285 -0.055020 -0.058397 -0.023170 0.004764 -0.012773 -0.061782 -0.062810 -0.009052 0.027923 0.031097 0.026996 0.028882 0.018254 0.009452 0.012178 -0.006012 -0.022463 -0.009941 0.014835 0.039017 0.025277 -0.021404 -0.052910 -0.072034 -0.075003 -0.033199 -0.006260 -0.029029 -0.042628 -0.029199 -0.038130 -0.042571 -0.020651 0.006283 0.015620 0.005281 -0.004474 0.007420 0.010806 -0.026493 -0.063644 -0.061862 -0.038420 -0.000766 0.020638 0.023610 0.059140 0.059712 -0.015634 -0.063344 -0.053624 -0.086643 -0.114992 -0.079467 -0.049058 -0.067243 -0.087223 -0.036878 0.004223 -0.008634 -0.001589 -0.003318 -0.059300 -0.120034 -0.142212 -0.134836 -0.104884 -0.073489 -0.014679 0.039093 0.036302 0.005767 0.002686 -0.007603 -0.046855 -0.058132 -0.031743 0.000645 0.019640 0.025047 0.032712 0.025882 0.007512 -0.001243 0.009089 0.036974 0.054030 0.030816 -0.025880 -0.077582 -0.073384 -0.022914 0.035237 0.074429 0.082167 0.057192 0.007110 -0.029351 -0.026423 0.000110 0.018788 0.014829 -0.020086 -0.059153 -0.068274 -0.058347 -0.054097 -0.042419 -0.017436 0.020944 0.033505 0.015897 0.012967 0.040758 0.092532 0.098994 0.039221 -0.007083 -0.006832 0.018725 0.003710 -0.047997 -0.067287 -0.059589 -0.042640 -0.010605 0.012664 0.016035 0.005446 0.020737 0.056009 0.070222 0.071029 0.057322 0.013423 -0.020991 -0.022823 -0.012273 0.003408 -0.000379 -0.007908 -0.001057 0.025800 0.057292 0.073310 0.082875 0.084842 0.062384 0.026569 0.002236 0.017758 -0.002856 -0.045636 -0.055110 -0.025173 0.036817 0.060633 0.014400 -0.045439 -0.085485 -0.081953 -0.024538 0.029229 0.020046 -0.029915 -0.099145 -0.136334 -0.093854 -0.018367 0.029996
0.039194 0.048929 0.050770 0.040709 0.064154 0.102175 0.123485 0.118239 0.111814 0.091797 0.041166 0.027864 0.032034 0.006075 -0.024242 -0.022110 0.014688 0.047921 0.047448 0.019955 -0.002600 0.018692 0.066316 0.079195 0.069744 0.039660 0.030903 0.063687 0.068706 0.043985 0.025525 0.027956 0.033961 0.034621 0.031716 0.004136 -0.018052 -0.008203 -0.006044 -0.019862 -0.047181 -0.070098 -0.063403 -0.055900 -0.050429 -0.025783 -0.017946 -0.039053 -0.065624 -0.072787 -0.074862 -0.047970 0.000106 0.031133 0.018105 -0.023897 -0.045418 -0.010495 0.032373 0.034758 0.014838 -0.007823 -0.021656 -0.009263 0.010827 0.026136 0.069586 0.078320 -0.009991 -0.092467 -0.098656 -0.098776 -0.097846 -0.094010 -0.107898 -0.114553 -0.100437 -0.038196 0.024500 0.025748 0.011167 -0.018583 -0.097166 -0.168296 -0.184186 -0.181661 -0.160056 -0.119751 -0.055054 0.002073 0.011563 -0.005967 0.014642 0.031347 0.002569 -0.023524 -0.030424 -0.007479 0.026601 0.035377 0.025560 0.011524 -0.007285 -0.022413 -0.020671 -0.019357 -0.031246 -0.053594 -0.087768 -0.126872 -0.118350 -0.068553 -0.011895 0.041854 0.066608 0.052441 0.007943 -0.026446 -0.005021 0.038812 0.033560 -0.002740 -0.036125 -0.063635 -0.084488 -0.095767 -0.085248 -0.044347 0.001341 0.034994 0.043163 0.019879 0.010709 0.036558 0.081679 0.096003 0.054938 0.026757 0.047339 0.061949 0.018119 -0.028660 -0.036312 -0.042041 -0.029613 0.024090 0.068465 0.071266 0.041927 0.027437 0.031678 0.048008 0.064906 0.061631 0.047480 0.046365 0.037302 0.021650 0.029510 0.033675 0.036285 0.051820 0.070664 0.067134 0.038631 0.030925 0.050368 0.049688 0.028559 0.011242 0.015370 -0.018430 -0.057283 -0.059352 -0.033245 0.010268 0.016079 -0.023111 -0.060523 -0.073634 -0.048136 0.006056 0.041207 0.031612 -0.009561 -0.069541 -0.095312 -0.070909 -0.017142 0.037598
0.080670 0.051009 0.025459 0.009296 0.023463 0.054043 0.064211 0.044245 0.048746 0.078715 0.068090 0.040054 0.016311 -0.035149 -0.079948 -0.062321 0.003513 0.060433 0.075241 0.042173 0.007926 0.031263 0.075876 0.084550 0.103247 0.123421 0.123737 0.114143 0.081697 0.055101 0.044246 0.050504 0.052895 0.046856 0.032914 -0.013856 -0.051438 -0.043744 -0.045239 -0.084022 -0.127489 -0.116777 -0.057500 -0.019191 -0.006738 0.003696 0.001487 -0.011798 -0.044963 -0.074693 -0.070459 -0.009316 0.057769 0.070637 0.018059 -0.055070 -0.086722 -0.043278 0.018443 0.051592 0.058045 0.027443 -0.011585 -0.014132 0.008191 0.034794 0.070056 0.065479 -0.012689 -0.086604 -0.098414 -0.080783 -0.074883 -0.084819 -0.107148 -0.114949 -0.090692 -0.040296 0.016229 0.038853 0.028057 -0.021921 -0.106244 -0.163165 -0.176985 -0.179384 -0.175198 -0.172669 -0.148940 -0.096118 -0.061274 -0.038974 0.029747 0.085858 0.083462 0.055217 0.016841 0.010333 0.029305 0.038544 0.008531 -0.031530 -0.066007 -0.082880 -0.060625 -0.045276 -0.069160 -0.104460 -0.132290 -0.148575 -0.120079 -0.079999 -0.037700 0.011966 0.035602 0.027477 -0.004181 -0.026925 0.001754 0.033722 0.002530 -0.039213 -0.042628 -0.039906 -0.057716 -0.070194 -0.054016 -0.014782 0.017676 0.024904 0.027437 0.022344 0.021338 0.031365 0.041312 0.040136 0.022683 0.023625 0.054615 0.067765 0.032154 0.017386 0.023589 -0.018405 -0.042296 0.010445 0.076357 0.098414 0.073053 0.048010 0.036622 0.035470 0.027630 0.021934 0.050040 0.102663 0.107651 0.063707 0.047042 0.049952 0.051644 0.069557 0.086991 0.066591 0.013929 -0.006993 0.010459 0.019110 0.026501 0.023477 -0.003190 -0.056129 -0.078049 -0.053907 -0.015718 0.001366 -0.015938 -0.038098 -0.046822 -0.046334 -0.017433 0.033207 0.049432 0.024338 -0.008090 -0.047888 -0.049712 -0.025662 0.001789 0.042738
0.062817 0.040929 0.017931 -0.011275 -0.025903 -0.005318 0.022477 0.020519 0.025719 0.069669 0.082964 0.060664 0.031541 -0.013105 -0.059389 -0.068141 -0.026271 0.011284 -0.000688 -0.026571 -0.038743 -0.039995 -0.013168 0.033867 0.105573 0.163711 0.155526 0.098335 0.050094 0.045730 0.046799 0.046496 0.038471 0.037636 0.029780 -0.042972 -0.119537 -0.124463 -0.100200 -0.108931 -0.141028 -0.122627 -0.056826 -0.005400 0.026078 0.037547 0.025837 0.014480 -0.005044 -0.039716 -0.055956 -0.006787 0.054027 0.061716 0.011611 -0.050451 -0.071677 -0.036727 0.010183 0.050287 0.075958 0.053072 0.002701 -0.008823 0.012711 0.027141 0.022959 -0.015761 -0.067911 -0.085162 -0.058328 -0.033808 -0.064457 -0.089769 -0.079052 -0.072793 -0.066901 -0.041034 -0.002614 0.009586 -0.011611 -0.056318 -0.104057 -0.125081 -0.141783 -0.146333 -0.148500 -0.184670 -0.204367 -0.158927 -0.106296 -0.053319 0.038091 0.103418 0.112354 0.090267 0.038588 -0.001990 -0.013598 -0.011565 -0.048713 -0.102138 -0.139254 -0.136561 -0.080533 -0.038354 -0.070883 -0.125641 -0.143956 -0.134901 -0.092902 -0.056919 -0.014612 0.026713 0.030620 0.015454 -0.005819 -0.027319 -0.018768 -0.005941 -0.025544 -0.037040 -0.016389 -0.004242 -0.026738 -0.039097 -0.024055 0.000574 0.005839 -0.005786 0.010423 0.054444 0.083259 0.072376 0.036412 0.010507 -0.006644 -0.008444 0.010493 0.038136 0.040055 0.044776 0.042591 -0.014011 -0.057648 -0.025289 0.034256 0.070011 0.079565 0.076289 0.063420 0.043800 0.007586 -0.013967 0.011706 0.077447 0.105920 0.069019 0.047781 0.055701 0.063606 0.078816 0.082319 0.047513 -0.001343 -0.002113 0.034143 0.041614 0.035009 0.012416 -0.047480 -0.095649 -0.090426 -0.051096 -0.008182 0.001092 -0.019745 -0.031209 -0.031789 -0.027858 -0.002732 0.050772 0.079639 0.062901 0.025840 -0.015318 -0.006854 0.028244 0.048112 0.079363
0.010054 0.023676 0.033265 0.014104 -0.014692 -0.010996 0.027464 0.049485 0.053053 0.078098 0.098178 0.095984 0.060839 0.019311 -0.007743 -0.021588 0.000456 0.008819 -0.051665 -0.088795 -0.084451 -0.100325 -0.094167 -0.031092 0.062561 0.116246 0.098340 0.039380 -0.005583 -0.002036 0.007365 0.004673 -0.009777 -0.010385 -0.002757 -0.068011 -0.147674 -0.152922 -0.109563 -0.083747 -0.099665 -0.105520 -0.073092 -0.035174 -0.004203 0.012559 0.015202 0.025094 0.034177 0.010821 -0.034846 -0.033563 -0.000021 0.012556 -0.008975 -0.037941 -0.039362 -0.016671 0.003624 0.042301 0.086218 0.088192 0.042581 0.011305 0.020152 0.032295 0.016455 -0.035645 -0.086243 -0.078290 -0.023806 -0.008386 -0.064694 -0.092726 -0.066727 -0.051003 -0.051450 -0.031275 -0.005296 -0.016087 -0.051323 -0.086768 -0.097015 -0.078790 -0.089372 -0.105995 -0.102131 -0.133372 -0.170729 -0.145860 -0.087881 -0.016482 0.052986 0.068144 0.056643 0.054930 0.022962 -0.030526 -0.070238 -0.086174 -0.106559 -0.127212 -0.120517 -0.073422 -0.016506 -0.004622 -0.063005 -0.118228 -0.106604 -0.072664 -0.032859 0.002387 0.040038 0.057206 0.034931 0.009475 -0.006991 -0.024371 -0.031136 -0.029942 -0.029125 -0.013527 0.009246 -0.001128 -0.042896 -0.047083 -0.014550 0.014943 0.009666 -0.006386 0.015667 0.071886 0.102436 0.092232 0.068413 0.042264 -0.003008 -0.040226 -0.050126 -0.029807 -0.010064 0.011093 0.024784 -0.007424 -0.055703 -0.057081 -0.011310 0.033925 0.063650 0.075061 0.066557 0.046707 0.010246 -0.017187 -0.020743 0.016140 0.048603 0.048044 0.056621 0.071966 0.089093 0.103785 0.082850 0.027398 -0.005011 0.023121 0.071549 0.061480 0.010109 -0.038965 -0.094945 -0.114430 -0.089417 -0.051747 -0.016532 0.000958 -0.005564 -0.020022 -0.022860 -0.001233 0.012357 0.033215 0.064433 0.083565 0.061103 0.008344 -0.003413 0.032741 0.065122 0.083833
0.009805 0.045740 0.081138 0.069583 0.038445 0.030802 0.050591 0.065130 0.068690 0.083438 0.100866 0.085434 0.017629 -0.030825 -0.015557 0.010456 0.033567 0.034253 -0.017460 -0.054857 -0.067259 -0.097261 -0.107761 -0.063627 0.004578 0.031733 0.015655 -0.024457 -0.072090 -0.081189 -0.054295 -0.030792 -0.044839 -0.058739 -0.048598 -0.082535 -0.110930 -0.079709 -0.032428 -0.011835 -0.041005 -0.074373 -0.074317 -0.070609 -0.065614 -0.043089 -0.002364 0.041068 0.066303 0.045186 -0.013911 -0.045740 -0.040286 -0.038456 -0.047106 -0.051424 -0.036644 -0.018031 -0.008218 0.035294 0.085849 0.101417 0.073303 0.036992 0.037738 0.060372 0.063433 0.024531 -0.041873 -0.053691 -0.012663 -0.014048 -0.070402 -0.089002 -0.063446 -0.041868 -0.032891 -0.013153 -0.005123 -0.027497 -0.050529 -0.076769 -0.082106 -0.042479 -0.029805 -0.046735 -0.018521 -0.023865 -0.081907 -0.096090 -0.053714 0.011208 0.048254 0.021682 -0.004042 0.014956 0.017311 -0.033666 -0.099926 -0.132455 -0.127349 -0.112589 -0.067659 0.019210 0.076549 0.054237 -0.022401 -0.079398 -0.065711 -0.033008 -0.009724 0.017738 0.041200 0.027501 -0.011334 -0.027949 -0.022768 -0.015246 -0.021146 -0.033462 -0.036718 -0.018366 0.002278 -0.022587 -0.067361 -0.051942 0.005944 0.045661 0.047005 0.044354 0.056285 0.070727 0.068126 0.065159 0.068638 0.049247 0.004385 -0.033804 -0.063595 -0.076282 -0.070811 -0.033486 0.013106 0.005005 -0.043095 -0.066798 -0.030629 0.017303 0.041154 0.059525 0.069547 0.053658 0.019700 -0.000449 0.000992 0.028321 0.048881 0.070073 0.103155 0.119130 0.120428 0.105644 0.057421 0.001235 0.003849 0.052156 0.078540 0.044287 -0.019116 -0.069924 -0.112415 -0.109572 -0.076259 -0.051578 -0.018736 0.021923 0.029878 0.003510 -0.007142 0.018546 0.016367 0.010407 0.032372 0.069760 0.072598 0.016952 -0.032951 -0.014813 0.031128 0.045922
0.051062 0.092489 0.135412 0.115764 0.069484 0.048162 0.046758 0.035944 0.025509 0.046085 0.077389 0.045559 -0.043770 -0.088867 -0.044117 0.016988 0.043599 0.044130 0.038009 0.019254 -0.018477 -0.054395 -0.070039 -0.055169 -0.019219 -0.003025 -0.022133 -0.054161 -0.095100 -0.121478 -0.096908 -0.044963 -0.044897 -0.067983 -0.061174 -0.058039 -0.037188 0.005726 0.028972 0.028929 0.003758 -0.008761 -0.016100 -0.050772 -0.076482 -0.049797 0.015181 0.064601 0.080910 0.049000 -0.007333 -0.028790 -0.029396 -0.058854 -0.082732 -0.077957 -0.056342 -0.042768 -0.032698 0.018053 0.062866 0.065706 0.046411 0.035610 0.043335 0.042139 0.026794 0.010720 -0.020826 -0.028975 -0.011256 -0.029983 -0.077924 -0.077739 -0.042641 -0.014245 0.001095 0.017888 0.013393 -0.011050 -0.017397 -0.042709 -0.066800 -0.034361 -0.001978 0.004403 0.062223 0.073499 -0.007542 -0.068184 -0.052056 0.013086 0.044953 0.018669 -0.005165 -0.001428 0.011662 -0.014655 -0.078768 -0.110229 -0.099749 -0.095397 -0.066264 0.019589 0.087429 0.072226 0.007712 -0.047707 -0.050315 -0.035610 -0.037850 -0.048042 -0.065878 -0.089518 -0.091891 -0.064880 -0.033931 -0.003636 -0.001611 -0.019240 -0.033584 -0.029281 -0.010085 -0.021789 -0.052821 -0.036213 0.014261 0.046209 0.063587 0.084390 0.081595 0.059452 0.033984 0.028756 0.041374 0.031936 0.009562 -0.004592 -0.025229 -0.050379 -0.064150 -0.038104 -0.004234 -0.016045 -0.043407 -0.046060 -0.010573 0.020557 0.025269 0.038026 0.053229 0.036544 0.006002 -0.003542 0.033557 0.090333 0.117185 0.135322 0.163105 0.175618 0.144280 0.084301 0.020974 -0.020430 0.007962 0.065161 0.060420 0.008873 -0.028581 -0.059563 -0.086542 -0.064930 -0.036527 -0.041985 -0.022537 0.024175 0.033136 0.019118 0.025352 0.038903 0.028990 0.030242 0.054425 0.090081 0.095930 0.029326 -0.049985 -0.057569 -0.018993 -0.001405
0.074554 0.100789 0.129387 0.108268 0.054648 0.011381 -0.008757 -0.031253 -0.068586 -0.054072 0.012571 0.020504 -0.036456 -0.067537 -0.037640 0.011131 0.036338 0.037661 0.047280 0.031281 -0.018661 -0.043169 -0.048394 -0.044903 -0.004523 0.034225 0.018376 -0.010204 -0.035632 -0.078034 -0.090866 -0.044776 -0.018814 -0.028218 -0.021064 -0.003304 0.013481 0.011779 -0.013087 -0.029768 -0.015349 0.037050 0.060690 0.016509 -0.035731 -0.028124 0.025294 0.055722 0.063287 0.036634 -0.009809 -0.012149 0.002238 -0.037194 -0.086335 -0.102631 -0.090599 -0.073455 -0.050876 0.007711 0.050540 0.035328 -0.001242 -0.001059 0.015649 -0.010540 -0.049030 -0.031723 0.000114 0.010914 0.011173 -0.017755 -0.054663 -0.041679 -0.006888 0.011486 0.013594 0.019125 0.009038 -0.012151 -0.004700 -0.022195 -0.044436 -0.023334 -0.011477 -0.019839 0.032236 0.052324 -0.017170 -0.093777 -0.091240 0.006455 0.078752 0.063561 0.023339 -0.007884 -0.003690 0.011719 -0.011969 -0.030936 -0.039891 -0.073059 -0.091915 -0.046328 0.017384 0.025783 -0.002720 -0.035263 -0.036382 -0.021759 -0.040832 -0.098606 -0.164438 -0.173260 -0.102547 -0.034745 -0.021643 -0.009793 0.002280 0.001682 -0.010695 -0.021379 -0.012832 -0.010183 -0.024756 -0.024682 -0.005034 0.011920 0.035586 0.061742 0.046265 0.020291 0.002534 0.003979 0.030066 0.045228 0.036129 0.019560 0.004477 -0.005258 -0.010165 -0.000260 -0.002182 -0.029733 -0.037919 -0.008941 0.026029 0.023258 0.008673 0.015720 0.019371 0.004381 -0.011545 -0.021568 0.016847 0.078941 0.117038 0.131203 0.147871 0.163425 0.135116 0.081903 0.035196 -0.002010 -0.004698 0.020609 -0.001511 -0.043694 -0.045499 -0.043058 -0.029176 0.017080 0.035796 0.001857 -0.011276 0.012557 0.028460 0.044387 0.063377 0.058884 0.036595 0.037376 0.063016 0.097242 0.107193 0.049006 -0.029898 -0.063149 -0.051330 -0.036756
0.062532 0.069302 0.075654 0.070913 0.050666 0.013624 -0.018977 -0.051846 -0.106020 -0.109063 -0.047813 -0.015861 -0.016365 -0.010335 -0.005893 0.000410 0.024073 0.040451 0.034523 -0.002757 -0.055605 -0.066099 -0.061633 -0.059698 -0.002674 0.063882 0.069536 0.058287 0.047245 0.004680 -0.032729 -0.022989 -0.007522 -0.016439 -0.015462 -0.000748 -0.003521 -0.042808 -0.088427 -0.099020 -0.054136 0.026518 0.067892 0.040635 -0.014189 -0.033473 0.009685 0.035537 0.037273 0.021104 -0.021414 -0.030309 -0.007033 -0.021329 -0.074600 -0.126062 -0.135505 -0.095780 -0.043584 0.014464 0.047813 0.033411 -0.007095 -0.018084 0.000708 -0.017694 -0.054391 -0.030027 0.019894 0.039370 0.032607 0.004090 -0.016727 -0.006201 0.006286 -0.005357 -0.031592 -0.046989 -0.058576 -0.061473 -0.032231 -0.034421 -0.044725 -0.026165 -0.042853 -0.083169 -0.058561 -0.034280 -0.065258 -0.107250 -0.087438 0.026577 0.112275 0.085597 0.027639 -0.003848 0.000282 0.028496 0.023828 -0.006434 -0.033053 -0.069201 -0.109023 -0.106588 -0.070762 -0.039612 -0.019446 -0.017553 -0.000220 0.020378 -0.012106 -0.087166 -0.154319 -0.136372 -0.029089 0.034064 0.005327 -0.013526 0.002001 0.017187 0.013688 -0.003177 -0.007642 -0.002960 -0.001034 -0.007800 -0.013377 -0.002470 0.016743 0.026564 0.007952 -0.001683 -0.000362 0.003760 0.028185 0.050917 0.044177 0.019609 0.001762 0.009561 0.026292 0.035273 0.022118 -0.014343 -0.028200 -0.002321 0.020449 0.009445 -0.004007 0.001015 -0.000196 -0.004235 -0.005037 -0.027546 -0.028960 -0.001218 0.032008 0.044044 0.059069 0.085793 0.089331 0.074061 0.055130 0.028630 -0.014246 -0.042089 -0.068722 -0.084345 -0.069247 -0.054475 -0.008367 0.059592 0.087179 0.053681 0.014634 0.020479 0.052534 0.076923 0.076164 0.054277 0.018272 -0.003554 0.005392 0.039885 0.064191 0.048565 0.018849 -0.011092 -0.032955 -0.044005
0.029886 0.027613 0.029279 0.051108 0.074544 0.060374 0.024267 -0.019727 -0.068191 -0.076616 -0.051775 -0.036173 -0.004202 0.031272 0.019779 -0.011948 0.004480 0.047623 0.049497 0.006237 -0.048371 -0.055780 -0.057696 -0.077021 -0.038107 0.028586 0.058061 0.069157 0.066096 0.046271 0.027591 0.019051 0.012073 -0.008880 -0.028262 -0.029537 -0.031553 -0.060442 -0.084130 -0.063523 -0.005324 0.050583 0.063133 0.046753 0.007006 -0.027620 0.018956 0.054374 0.044499 0.023057 -0.022573 -0.043679 -0.033089 -0.038413 -0.075463 -0.131320 -0.151342 -0.087129 -0.006389 0.039216 0.050326 0.045014 0.029577 0.012202 0.007882 -0.008548 -0.032708 -0.014131 0.024925 0.045064 0.029164 -0.007182 -0.011151 0.000592 -0.008095 -0.039103 -0.068530 -0.094691 -0.113761 -0.097008 -0.052470 -0.058481 -0.079005 -0.056670 -0.064735 -0.103266 -0.096291 -0.074797 -0.073743 -0.074075 -0.039092 0.041580 0.080066 0.033778 -0.013053 -0.011084 0.005026 0.006191 -0.015793 -0.046695 -0.047629 -0.044645 -0.068496 -0.080478 -0.080201 -0.062267 -0.028914 -0.015971 0.008872 0.026450 -0.010215 -0.066590 -0.101567 -0.069140 0.019123 0.045926 -0.001111 -0.014679 0.006669 0.024711 0.029229 0.013205 0.002640 0.006405 0.018639 0.012765 -0.011161 -0.007549 0.011266 0.007046 -0.000785 0.017527 0.028661 0.016757 0.016564 0.026845 0.020430 -0.001980 -0.017018 0.005109 0.030226 0.032425 0.023675 -0.009220 -0.036583 -0.038674 -0.031851 -0.016872 -0.009048 -0.006521 0.000631 0.006718 -0.003600 -0.041387 -0.064360 -0.057741 -0.038966 -0.040704 -0.028168 0.015577 0.050957 0.055655 0.045690 0.044946 0.006267 -0.051580 -0.083962 -0.088059 -0.080371 -0.076294 -0.024955 0.049036 0.092296 0.079301 0.039901 0.034180 0.050475 0.057867 0.052939 0.049165 0.034522 0.007944 -0.010285 0.001216 0.027167 0.056181 0.077093 0.053362 0.003687 -0.027662
-0.018996 -0.002669 0.017747 0.047429 0.073249 0.059027 0.025722 -0.007300 -0.038680 -0.043231 -0.030668 -0.012423 0.031871 0.058715 0.029147 -0.011872 -0.004927 0.039503 0.064594 0.041024 -0.009763 -0.019736 -0.033899 -0.075841 -0.063445 -0.006350 0.028650 0.033712 0.023696 0.030284 0.050991 0.059549 0.043745 0.010698 -0.030877 -0.050730 -0.031523 -0.018381 -0.021846 0.008700 0.071595 0.096693 0.070864 0.058168 0.039541 0.003153 0.036571 0.073369 0.071326 0.049155 0.003632 -0.015158 -0.025015 -0.047758 -0.063502 -0.087485 -0.101266 -0.045178 0.030327 0.062163 0.051157 0.030485 0.024198 0.018043 0.003821 -0.006711 -0.002040 0.030351 0.047990 0.036750 0.005200 -0.018361 -0.003232 -0.002267 -0.037166 -0.065432 -0.058708 -0.066812 -0.093685 -0.077033 -0.039017 -0.058707 -0.082246 -0.040535 -0.011923 -0.018917 -0.025781 -0.040929 -0.042044 -0.019748 0.006655 0.035341 0.022901 -0.035660 -0.063543 -0.030244 0.000874 -0.019442 -0.045639 -0.040051 0.009305 0.043882 0.026442 0.004903 -0.033664 -0.063914 -0.056448 -0.049735 -0.028394 -0.015036 -0.044101 -0.060765 -0.051636 -0.025627 0.012941 0.003234 -0.035103 -0.020892 0.005581 0.014343 0.028221 0.018564 -0.002973 -0.003867 0.013240 0.007166 -0.024243 -0.028755 -0.013484 -0.025075 -0.020830 0.019401 0.038709 0.022003 0.003727 0.001409 -0.001466 -0.015441 -0.022139 0.002771 0.014163 -0.000981 -0.008440 -0.025815 -0.043700 -0.052157 -0.050683 -0.029002 -0.014569 -0.014492 -0.003071 0.006231 -0.013349 -0.047045 -0.058195 -0.045749 -0.038851 -0.059886 -0.057248 -0.007734 0.049667 0.065565 0.058284 0.065953 0.039996 -0.018687 -0.060376 -0.077260 -0.085250 -0.084937 -0.039048 0.024754 0.063790 0.058598 0.032612 0.024788 0.021925 0.015448 0.017724 0.034341 0.047544 0.039853 0.020626 0.010604 0.022902 0.058878 0.076615 0.042164 -0.001102 -0.017688
-0.051298 -0.014840 0.018413 0.038719 0.052943 0.033275 0.006071 -0.009033 -0.026179 -0.028053 -0.022944 -0.008538 0.030100 0.047335 0.023815 0.004320 0.004546 0.008254 0.022633 0.030875 0.017065 0.018333 -0.010074 -0.070363 -0.066782 0.000252 0.043214 0.027857 0.002917 0.022434 0.067726 0.083072 0.044106 -0.006548 -0.053815 -0.066741 -0.020845 0.022102 0.018498 0.027487 0.075384 0.081110 0.043952 0.037633 0.038198 0.017853 0.036890 0.066961 0.074954 0.054809 0.019383 0.017142 0.006562 -0.016804 -0.010208 -0.008655 -0.026625 -0.006315 0.036631 0.060047 0.052724 0.028578 0.014314 0.001479 -0.015268 -0.013687 0.017572 0.058465 0.046132 -0.002285 -0.023135 0.001373 0.030415 0.003263 -0.063528 -0.093165 -0.055946 -0.025936 -0.034615 -0.024947 -0.006605 -0.035790 -0.048634 0.001383 0.044459 0.064960 0.059487 0.020943 0.017142 0.058573 0.071859 0.055943 0.013321 -0.061546 -0.096370 -0.053558 -0.004204 -0.009248 -0.017568 0.007990 0.057109 0.079955 0.064405 0.045704 -0.010803 -0.078285 -0.097458 -0.088001 -0.070353 -0.058991 -0.063624 -0.032990 0.013485 0.016415 0.002893 -0.019177 -0.035681 -0.011573 -0.002262 -0.013588 0.009097 0.020981 0.003158 -0.004818 0.003008 -0.013069 -0.045559 -0.048675 -0.036908 -0.046070 -0.037850 0.001343 0.028231 0.023804 0.005316 -0.010747 -0.015903 -0.017413 -0.014352 0.002137 -0.001684 -0.025917 -0.042136 -0.049470 -0.046984 -0.040278 -0.036059 -0.030182 -0.016462 -0.009636 -0.002383 0.008087 0.000575 -0.014050 -0.013085 0.000350 -0.007287 -0.032630 -0.028725 -0.003612 0.040239 0.068759 0.082094 0.088175 0.055957 0.001809 -0.029002 -0.038130 -0.054008 -0.067301 -0.044923 0.002722 0.028968 0.014608 -0.009579 -0.007751 0.006388 0.002539 -0.007175 -0.000717 0.015435 0.021489 0.030538 0.038656 0.041592 0.046939 0.023214 -0.027441 -0.041240 -0.028080
-0.035884 -0.011982 0.011514 0.021928 0.029415 0.016118 0.001619 -0.000162 -0.000293 -0.002434 -0.028551 -0.047856 -0.025978 -0.002059 0.000835 0.002942 -0.003288 -0.040798 -0.056308 -0.017733 0.025279 0.051485 0.014332 -0.051967 -0.038365 0.039077 0.082760 0.052832 0.012902 0.024313 0.068664 0.070305 0.008276 -0.042466 -0.066294 -0.047545 0.010166 0.038993 0.018833 0.013489 0.052774 0.059000 0.026318 0.018390 0.030608 0.043345 0.062701 0.060361 0.041017 0.020728 0.010396 0.024870 0.026355 0.022065 0.043693 0.053102 0.023293 0.010353 0.027988 0.042997 0.056133 0.059046 0.039216 0.000574 -0.027154 -0.027901 -0.001571 0.026589 0.004555 -0.048052 -0.053228 0.000054 0.033357 0.000991 -0.059490 -0.083547 -0.045501 -0.008121 -0.010177 -0.015773 -0.020419 -0.046723 -0.033437 0.012523 0.028838 0.048300 0.072342 0.064537 0.076659 0.122504 0.122934 0.087411 0.041492 -0.036510 -0.088641 -0.064993 -0.016720 -0.001157 0.005194 0.035440 0.062255 0.051132 0.026922 0.016834 -0.017940 -0.072420 -0.090488 -0.084161 -0.085247 -0.069350 -0.032891 0.025460 0.064152 0.034718 -0.008954 -0.021635 -0.007157 0.021399 0.007011 -0.032468 -0.021245 0.018531 0.032614 0.028743 0.021357 -0.011995 -0.051537 -0.057438 -0.048872 -0.041500 -0.023347 0.000131 0.014371 0.004806 -0.011549 -0.034299 -0.047612 -0.039177 -0.024548 -0.009167 -0.009871 -0.028520 -0.049170 -0.055053 -0.049421 -0.034909 -0.021882 -0.022326 -0.010504 -0.003286 -0.006029 0.007923 0.020024 0.021466 0.017726 0.007769 -0.016013 -0.022084 0.004561 0.002940 0.005285 0.034903 0.064751 0.072908 0.043812 -0.000734 -0.004887 0.014580 -0.000020 -0.030601 -0.032511 -0.005246 0.005774 -0.014794 -0.035483 -0.018005 0.011420 0.002434 -0.023753 -0.027590 -0.017290 -0.008567 0.023898 0.052594 0.053082 0.034586 -0.008859 -0.055879 -0.041533 -0.005284
0.008791 0.009513 0.016085 0.015800 0.015272 0.023212 0.025033 0.017935 0.019661 0.015763 -0.027155 -0.063572 -0.058106 -0.035519 -0.013879 -0.002769 -0.001892 -0.044216 -0.087489 -0.055763 0.005761 0.050456 0.034016 -0.000926 0.027228 0.085189 0.111460 0.090740 0.050624 0.032038 0.044780 0.030360 -0.023724 -0.049273 -0.048250 -0.012809 0.043200 0.048163 0.012450 0.004591 0.048280 0.063658 0.029923 0.024143 0.054064 0.092354 0.104495 0.059676 0.016609 0.009830 0.023525 0.036567 0.037177 0.041901 0.056547 0.059135 0.037469 0.016083 0.007101 0.002488 0.029828 0.053810 0.039138 0.001259 -0.024073 -0.029038 -0.016630 0.003244 -0.006817 -0.048357 -0.067073 -0.031228 0.004165 -0.005287 -0.028431 -0.029062 -0.004900 -0.007759 -0.030168 -0.039776 -0.042878 -0.053484 -0.023160 0.011382 -0.016167 -0.023879 0.026000 0.060372 0.084747 0.113751 0.100083 0.065966 0.032735 -0.012864 -0.041384 -0.038902 -0.027676 -0.015126 0.004853 0.037540 0.050512 0.025667 -0.002674 -0.012064 -0.027718 -0.047695 -0.040934 -0.052522 -0.091254 -0.081318 -0.035393 0.017513 0.050083 0.018090 -0.033828 -0.041343 -0.003628 0.035941 0.020652 -0.028562 -0.042789 -0.003307 0.037795 0.054791 0.048233 0.008927 -0.038226 -0.052909 -0.040928 -0.014229 0.018945 0.034233 0.023692 -0.016135 -0.036714 -0.053718 -0.076129 -0.060661 -0.029296 -0.006303 0.000800 -0.006775 -0.019951 -0.027178 -0.037634 -0.039960 -0.021170 -0.010547 -0.009205 -0.020054 -0.030667 -0.008733 0.021500 0.035090 0.025083 -0.002966 -0.024688 -0.005828 0.033931 0.014637 -0.017722 -0.002290 0.017215 0.021249 0.011473 -0.014877 -0.004140 0.023721 0.007965 -0.022388 -0.026592 -0.008827 -0.002471 -0.020754 -0.034885 -0.008442 0.019071 0.011302 -0.007745 -0.011875 -0.004408 0.002948 0.023833 0.032446 0.026551 0.013475 -0.014803 -0.040789 -0.007636 0.039552
0.046807 0.041337 0.033869 0.014258 0.016160 0.060285 0.072601 0.042805 0.034702 0.032945 -0.005832 -0.043920 -0.053394 -0.031251 0.009172 0.029562 0.048654 0.035731 -0.015064 -0.023005 0.010981 0.055615 0.068953 0.055549 0.057963 0.079804 0.104297 0.119972 0.100414 0.051734 0.016127 -0.009872 -0.035142 -0.038437 -0.041215 -0.020456 0.028277 0.039284 0.013462 -0.004966 0.026547 0.043172 0.016157 0.032503 0.071215 0.102756 0.107560 0.054534 0.020915 0.036547 0.052413 0.044734 0.033986 0.026961 0.010468 -0.002501 0.000120 -0.006371 -0.029649 -0.041766 -0.009964 0.016993 0.020219 0.010372 -0.001187 -0.005317 0.001530 0.025877 0.030928 -0.004949 -0.045370 -0.047895 -0.034876 -0.027745 -0.007452 0.014884 0.025000 -0.011650 -0.047919 -0.039672 -0.009652 -0.006830 -0.003948 -0.005164 -0.053615 -0.074093 -0.026345 0.013693 0.033872 0.049005 0.034180 0.008179 -0.008735 -0.008542 0.008657 0.008583 -0.020772 -0.022027 0.009188 0.021600 0.003275 -0.005983 -0.001435 0.001182 -0.015623 -0.021117 0.003541 -0.019705 -0.083193 -0.101001 -0.097549 -0.071462 -0.018412 -0.019588 -0.052539 -0.049298 -0.004166 0.038275 0.046511 0.023687 -0.010499 -0.007343 0.033057 0.066369 0.068735 0.049634 0.009417 -0.014599 -0.001442 0.020342 0.044205 0.059509 0.043608 -0.015398 -0.040422 -0.039051 -0.052749 -0.035137 0.008899 0.056474 0.069520 0.046549 0.020100 0.000827 -0.028571 -0.061449 -0.059960 -0.042979 -0.040252 -0.052171 -0.055035 -0.025856 0.013795 0.042336 0.051982 0.035637 0.020237 0.040009 0.060666 0.021179 -0.027518 -0.030710 -0.029484 -0.027991 -0.011802 -0.015388 -0.011925 -0.007441 -0.027033 -0.039836 -0.032353 -0.008568 0.009333 -0.000418 -0.018191 -0.005846 0.005228 0.012199 0.026224 0.031881 0.043353 0.047710 0.039979 0.021859 0.009999 0.004176 -0.020885 -0.038503 0.008169 0.061760
0.078818 0.064021 0.049456 0.027420 0.037403 0.093090 0.103517 0.076849 0.074184 0.059839 0.012794 -0.022130 -0.027231 0.001133 0.033525 0.037528 0.059129 0.078873 0.048322 0.023355 0.036998 0.073581 0.099248 0.080866 0.037343 0.031409 0.062250 0.095565 0.093514 0.043175 -0.008995 -0.034321 -0.045008 -0.048259 -0.057975 -0.048851 -0.012126 0.013201 -0.005991 -0.061280 -0.052980 -0.010066 0.004181 0.042940 0.064511 0.069848 0.074138 0.038308 0.020932 0.047772 0.059600 0.035065 0.009122 -0.014450 -0.057151 -0.088864 -0.074696 -0.054272 -0.053144 -0.054689 -0.036339 -0.010595 0.028058 0.064116 0.067654 0.046260 0.023988 0.040822 0.055302 0.024136 -0.021883 -0.052005 -0.065625 -0.045413 0.004041 0.036020 0.037257 0.003011 -0.024003 -0.011807 0.033436 0.045788 0.014533 -0.031065 -0.075665 -0.085514 -0.055646 -0.029352 -0.021107 -0.014591 -0.019246 -0.030330 -0.026627 0.000801 0.037351 0.040260 0.001520 -0.008825 0.018015 0.008415 -0.036279 -0.032958 -0.005120 0.012929 0.004490 -0.000831 0.027625 0.016282 -0.044644 -0.089737 -0.103428 -0.064421 -0.006575 -0.006889 -0.025998 -0.024007 0.003298 0.029193 0.058077 0.078304 0.047002 0.014375 0.030879 0.063954 0.078310 0.081430 0.046351 0.011026 0.009577 0.006731 0.002989 0.001314 -0.001072 -0.023860 -0.031231 -0.014817 -0.005956 0.011675 0.061366 0.132204 0.139013 0.085182 0.036018 0.002404 -0.035267 -0.079031 -0.097471 -0.087821 -0.076951 -0.072007 -0.060674 -0.034439 0.000137 0.039433 0.075034 0.075393 0.057404 0.067584 0.077877 0.033014 -0.025699 -0.051432 -0.059938 -0.052940 -0.024259 -0.016501 -0.023604 -0.034093 -0.044229 -0.037001 -0.022119 0.006198 0.038308 0.038169 0.005671 -0.003712 -0.000962 0.018223 0.047756 0.048271 0.051626 0.055362 0.042064 0.023563 0.017085 0.011474 -0.017181 -0.028632 0.014408 0.052068
0.096714 0.071711 0.060798 0.057016 0.060507 0.091602 0.107537 0.116822 0.121297 0.079150 0.014129 -0.016112 -0.010458 0.022969 0.039408 0.017912 0.023199 0.041284 0.024554 0.008013 0.010181 0.025910 0.057355 0.058333 0.011016 0.000111 0.028429 0.047405 0.046448 0.013623 -0.026197 -0.043575 -0.051167 -0.065190 -0.079064 -0.066257 -0.022512 0.020979 -0.007191 -0.100912 -0.115371 -0.048382 0.008699 0.049603 0.042357 0.031451 0.052782 0.056319 0.043894 0.047291 0.053780 0.026550 -0.009589 -0.036137 -0.077512 -0.118647 -0.109712 -0.073560 -0.047133 -0.041810 -0.036490 0.000603 0.075111 0.149212 0.158895 0.095172 0.020756 0.019353 0.039891 0.025995 -0.003123 -0.040317 -0.052015 -0.009003 0.042383 0.061502 0.049576 0.022666 0.002380 -0.000310 0.033290 0.050633 0.014340 -0.036082 -0.057968 -0.054220 -0.033929 -0.014747 -0.022570 -0.026753 -0.017668 -0.015446 -0.009844 0.016630 0.055190 0.062465 0.031459 0.014146 0.032834 0.027956 -0.020359 -0.039370 -0.034651 -0.012323 0.009643 0.018818 0.047907 0.048905 -0.000103 -0.049123 -0.041211 0.035664 0.081855 0.062503 0.046942 0.026049 0.002916 -0.010061 0.018618 0.071880 0.072713 0.037764 0.024565 0.050052 0.071345 0.064568 0.015294 -0.036957 -0.053847 -0.057365 -0.062419 -0.072894 -0.061747 -0.037617 -0.024061 -0.013731 0.001035 0.017842 0.068976 0.136780 0.132073 0.076087 0.038996 0.017577 -0.011029 -0.047481 -0.068958 -0.069145 -0.068704 -0.065257 -0.049135 -0.027776 -0.002265 0.037042 0.076014 0.067366 0.028413 0.034408 0.062812 0.041682 -0.004207 -0.040459 -0.057970 -0.054077 -0.028806 -0.016156 -0.022607 -0.022092 -0.004763 0.009770 0.018217 0.046916 0.081946 0.069670 0.015676 -0.004351 0.008494 0.033699 0.051706 0.035260 0.020842 0.023491 0.020391 0.011924 0.015139 0.020263 0.013571 0.014237 0.038152 0.054445
0.037735 0.033204 0.042307 0.050626 0.037302 0.037967 0.066242 0.109684 0.120450 0.067616 0.004203 -0.010217 0.003201 0.033006 0.049595 0.025538 0.017469 0.018966 -0.002180 -0.029497 -0.044661 -0.038584 0.002473 0.032556 0.012201 0.004181 0.018016 0.026014 0.029581 0.014628 -0.005438 -0.008538 -0.004394 -0.025893 -0.063222 -0.066919 -0.012145 0.052688 0.026721 -0.076838 -0.120632 -0.075521 -0.010642 0.033726 0.030424 0.022909 0.052529 0.074143 0.048200 0.024758 0.036157 0.024254 0.007304 0.002654 -0.026341 -0.070312 -0.064957 -0.034172 -0.011728 -0.003355 -0.000077 0.033788 0.099926 0.166927 0.179329 0.102913 0.013030 0.002563 0.022317 0.026840 0.024831 -0.001292 -0.009225 0.034054 0.073450 0.076489 0.058747 0.037476 0.022489 0.017763 0.035785 0.044507 0.014190 -0.019897 -0.022862 -0.011279 0.006235 0.014904 -0.005326 -0.007036 0.009106 0.004511 -0.002686 0.017050 0.062845 0.079362 0.046017 0.016719 0.034568 0.046454 0.010551 -0.028527 -0.042370 -0.021239 0.015485 0.033433 0.038463 0.030737 0.010417 -0.010500 0.012122 0.098451 0.132843 0.102784 0.097015 0.072089 0.010272 -0.033284 -0.013031 0.038066 0.059614 0.045805 0.021832 0.047810 0.068600 0.041402 -0.016760 -0.071799 -0.082864 -0.068109 -0.063349 -0.069284 -0.054240 -0.016556 -0.003464 -0.020163 -0.019634 0.000447 0.055555 0.118977 0.115167 0.062104 0.033042 0.040359 0.042006 0.010482 -0.016680 -0.020000 -0.024801 -0.031397 -0.027146 -0.015383 0.007075 0.049588 0.084070 0.055160 -0.008629 -0.008278 0.032350 0.040515 0.026104 -0.006597 -0.035802 -0.035917 -0.008180 0.006330 -0.000570 0.012577 0.051192 0.062650 0.064648 0.088289 0.103022 0.063483 0.005387 -0.010326 0.010615 0.035136 0.032338 -0.001774 -0.020725 -0.008849 -0.003720 -0.007659 0.001510 0.024029 0.044113 0.054819 0.074076 0.093568
-0.038708 -0.009931 0.021114 0.030248 0.004361 -0.019516 0.006177 0.059124 0.076225 0.031442 -0.013292 -0.004067 0.019898 0.040280 0.046077 0.029789 0.019131 0.008751 -0.013465 -0.045736 -0.059792 -0.032703 0.017572 0.041162 0.021373 0.003474 0.005032 0.025858 0.037611 0.022842 0.019703 0.043753 0.072712 0.052040 -0.005913 -0.039951 -0.005788 0.061482 0.050460 -0.046083 -0.098156 -0.072313 -0.033293 -0.007936 0.007812 0.025553 0.050575 0.049774 0.003965 -0.022874 0.004992 0.016129 0.026565 0.053696 0.043119 0.005909 0.010905 0.023958 0.026886 0.035545 0.036573 0.046230 0.078392 0.110399 0.126150 0.086654 0.026679 0.012064 0.020991 0.028334 0.041651 0.020231 -0.016042 -0.004398 0.027493 0.031146 0.021554 0.021472 0.032333 0.044230 0.051739 0.043377 0.013723 -0.006254 0.002820 0.013637 0.008164 -0.005467 -0.007425 0.028855 0.046237 0.014178 -0.004058 0.009143 0.049435 0.073245 0.050759 0.024981 0.036575 0.045606 0.032205 0.010913 0.000368 0.008605 0.026108 0.028508 -0.001469 -0.013454 0.010091 0.019234 0.030206 0.087663 0.102773 0.060713 0.052794 0.044411 -0.004316 -0.038634 -0.021250 0.006124 0.020476 0.026740 0.015888 0.036572 0.048087 0.027657 -0.006987 -0.037184 -0.035105 -0.021068 -0.023324 -0.036686 -0.031031 0.009727 0.030387 -0.011026 -0.037459 -0.015976 0.040410 0.095063 0.090418 0.037234 -0.005836 0.008087 0.041040 0.026788 0.002694 0.000764 -0.000735 -0.006362 -0.014943 -0.015259 0.016779 0.069820 0.099608 0.063133 -0.002842 -0.003550 0.034907 0.039178 0.026289 0.003412 -0.017774 -0.013047 0.018418 0.023004 -0.007058 -0.011922 0.029611 0.057938 0.075866 0.092368 0.081008 0.030960 -0.009092 -0.021595 -0.007097 0.018430 0.006446 -0.034482 -0.038492 -0.003914 0.000890 -0.024747 -0.023792 0.018372 0.054209 0.067764 0.093727 0.122576
-0.044565 -0.009531 0.018777 0.022882 -0.003929 -0.032430 -0.009362 0.035726 0.048203 0.007225 -0.029177 -0.009962 0.022900 0.036691 0.017233 -0.003278 -0.004697 -0.003360 -0.003848 -0.014172 -0.022122 0.001508 0.031327 0.023967 -0.011290 -0.021583 0.006476 0.051504 0.049794 0.012672 0.015059 0.071891 0.126420 0.107333 0.052176 0.006701 -0.000798 0.031034 0.030350 -0.031720 -0.063247 -0.053620 -0.059298 -0.064203 -0.035405 0.014682 0.041461 0.028774 -0.008003 -0.025913 0.000224 0.011539 0.016260 0.049023 0.060264 0.044615 0.044603 0.043611 0.036087 0.030917 0.019092 0.017781 0.037207 0.047504 0.059157 0.056464 0.025637 0.000046 -0.005575 0.000869 0.020141 0.002893 -0.045243 -0.047138 -0.023192 -0.017671 -0.023026 -0.013812 0.009080 0.024083 0.021951 0.012236 -0.000393 -0.002364 0.009200 0.015274 -0.012554 -0.043009 -0.014632 0.051685 0.048413 -0.014872 -0.029025 -0.005549 0.030212 0.063150 0.075335 0.069083 0.059627 0.046833 0.051553 0.060990 0.051734 0.027098 0.009735 0.003424 -0.021261 -0.009356 0.048419 0.065341 0.050539 0.060686 0.058516 0.020722 0.004754 0.003428 -0.018297 -0.028479 -0.011114 -0.000939 0.003372 0.018961 0.017450 0.012223 -0.000742 0.002483 0.015168 0.005763 -0.001271 -0.000520 -0.014067 -0.033581 -0.030433 0.004345 0.026409 -0.013968 -0.044716 -0.020400 0.028961 0.057454 0.045821 0.010676 -0.031943 -0.035789 -0.006495 0.003676 0.009845 0.019128 0.009398 -0.013393 -0.038677 -0.034395 0.028352 0.089547 0.096686 0.056732 0.008633 0.019344 0.058869 0.036351 -0.002486 -0.007130 0.001684 0.003920 0.013864 -0.000342 -0.055537 -0.090832 -0.039327 0.030206 0.057150 0.059751 0.045477 0.009494 -0.015074 -0.042814 -0.049056 -0.013383 -0.002930 -0.030574 -0.022364 0.026149 0.020832 -0.037647 -0.059471 -0.017064 0.022880 0.034948 0.067189 0.109524
-0.010797 -0.002693 0.007815 0.013065 -0.013907 -0.043211 -0.017408 0.028185 0.045122 0.009769 -0.028383 -0.012122 0.023649 0.033167 -0.008227 -0.057007 -0.061886 -0.031237 0.004918 0.020522 0.014700 0.007204 -0.003098 -0.021430 -0.041177 -0.024084 0.036239 0.093172 0.083362 0.037052 0.027503 0.084402 0.130912 0.094602 0.054041 0.028465 0.004759 -0.007395 -0.011974 -0.024147 -0.035955 -0.053257 -0.082901 -0.084820 -0.043395 0.013663 0.029324 0.012318 -0.007426 -0.011215 0.014595 0.013833 -0.015226 -0.007043 0.020662 0.034445 0.033007 0.029317 0.025187 0.001396 -0.022623 -0.013268 0.013397 0.026218 0.038095 0.041870 0.003503 -0.049978 -0.075088 -0.068080 -0.037070 -0.030822 -0.034169 -0.004674 -0.001161 -0.012608 -0.016995 -0.020159 -0.024206 -0.023767 -0.024698 -0.024441 -0.017495 -0.007970 0.002919 0.016363 -0.006430 -0.041856 -0.010511 0.039434 -0.005521 -0.074589 -0.067209 -0.023750 0.015360 0.055551 0.098658 0.104131 0.066908 0.031055 0.040118 0.065089 0.053128 0.009482 -0.014608 -0.000851 0.011956 0.045420 0.095550 0.091071 0.055801 0.043854 0.053162 0.042353 0.024314 0.016116 0.006731 0.008202 0.020651 0.021052 0.016211 0.025535 0.020438 -0.008148 -0.039580 -0.020092 0.022731 0.015460 -0.013936 -0.031783 -0.058604 -0.075393 -0.057227 -0.032345 -0.026933 -0.042271 -0.045099 -0.022179 0.011873 0.024626 0.018374 0.009689 -0.011264 -0.035750 -0.031893 -0.002442 0.036445 0.059303 0.035206 -0.027580 -0.072096 -0.049334 0.029470 0.086077 0.088128 0.061675 0.033402 0.042016 0.066679 0.023441 -0.030020 -0.021279 0.010222 0.008075 -0.013701 -0.042757 -0.081513 -0.101010 -0.038252 0.033221 0.037953 0.028264 0.022703 0.001769 -0.014430 -0.049479 -0.069367 -0.028159 0.001431 -0.018164 -0.012429 0.029999 0.013145 -0.048045 -0.085075 -0.073536 -0.037346 -0.015816 0.019631 0.066524
0.015722 -0.004372 -0.005776 0.013017 -0.008910 -0.045428 -0.025571 0.021103 0.047754 0.025934 -0.013667 -0.011443 0.008026 0.002394 -0.043912 -0.100642 -0.110747 -0.064955 -0.009736 0.008132 -0.004531 -0.028981 -0.055540 -0.057160 -0.032031 0.011739 0.066638 0.110864 0.121836 0.103923 0.084089 0.108524 0.117650 0.055834 0.020585 0.015561 0.001263 -0.026285 -0.038937 -0.024076 -0.024935 -0.044032 -0.058527 -0.047415 -0.013596 0.015932 0.007063 -0.015989 -0.030940 -0.021859 0.008830 -0.008862 -0.069265 -0.077528 -0.024161 0.029480 0.044578 0.044470 0.032398 -0.011047 -0.041330 -0.022974 0.008718 0.021527 0.032968 0.041678 0.004655 -0.070733 -0.126146 -0.121821 -0.076450 -0.052395 -0.019340 0.031453 0.021309 0.004947 0.003567 -0.007099 -0.026651 -0.039045 -0.041359 -0.042322 -0.037925 -0.025185 -0.007473 0.006822 -0.016987 -0.055189 -0.036089 -0.000247 -0.034089 -0.061847 -0.042116 -0.013869 0.012356 0.043042 0.085853 0.096294 0.056835 0.023677 0.033235 0.049226 0.023589 -0.014237 -0.015489 0.009531 0.038310 0.082647 0.112182 0.088459 0.055691 0.049290 0.070023 0.069156 0.044930 0.030043 0.024062 0.025507 0.033997 0.040004 0.037877 0.030197 0.012461 -0.017501 -0.039691 -0.015700 0.021050 0.013108 -0.023425 -0.058302 -0.099437 -0.114822 -0.084114 -0.057946 -0.059917 -0.058598 -0.049585 -0.038522 -0.014885 0.014162 0.035577 0.043286 0.034832 -0.008629 -0.024471 0.016069 0.063604 0.093978 0.073523 -0.012097 -0.067290 -0.038574 0.015115 0.047980 0.062621 0.062524 0.060471 0.070333 0.079604 0.042885 0.001657 -0.000358 0.007199 -0.008227 -0.035280 -0.053221 -0.055447 -0.047657 -0.005544 0.025847 0.018193 0.017740 0.018326 0.003510 -0.003818 -0.024011 -0.046464 -0.017836 0.002086 -0.027764 -0.027291 0.010766 -0.004094 -0.047215 -0.089249 -0.108598 -0.068839 -0.033304 -0.016677 0.003771
0.037832 0.007898 -0.014467 0.000639 -0.002462 -0.028883 -0.020010 0.016505 0.039699 0.037426 0.023441 0.018167 -0.000847 -0.036048 -0.076097 -0.108274 -0.109424 -0.070297 -0.020956 -0.014116 -0.031703 -0.048712 -0.063324 -0.045929 0.003018 0.034874 0.042195 0.056584 0.094684 0.124834 0.126655 0.133173 0.114641 0.041938 -0.003490 -0.009406 -0.014116 -0.038253 -0.048444 -0.022494 -0.015125 -0.012113 0.012776 0.025186 0.011800 0.001642 -0.009823 -0.024519 -0.029489 -0.010221 0.007914 -0.025784 -0.082075 -0.083266 -0.025344 0.023298 0.034333 0.037995 0.020623 -0.025508 -0.049347 -0.020983 0.017015 0.012431 -0.000700 0.010831 0.008899 -0.039100 -0.100055 -0.092301 -0.042023 -0.029926 -0.009611 0.030097 0.027563 0.024456 0.028462 0.024951 0.003928 -0.036584 -0.058381 -0.060686 -0.055373 -0.031082 -0.006290 -0.009162 -0.046019 -0.087204 -0.079051 -0.038463 -0.024520 -0.007872 0.010747 0.006448 0.009622 0.013031 0.017854 0.031588 0.040824 0.056628 0.068350 0.042330 -0.003167 -0.012150 0.004457 0.001455 0.008793 0.059670 0.092943 0.077915 0.056778 0.052700 0.074157 0.072916 0.036417 0.013880 0.007105 0.007433 0.017082 0.029552 0.036989 0.021611 -0.012009 -0.036072 -0.041778 -0.023291 0.002079 0.011566 -0.004947 -0.041625 -0.088482 -0.098911 -0.063100 -0.036226 -0.044680 -0.052374 -0.048887 -0.042265 -0.019224 0.029876 0.071151 0.081728 0.068776 0.016446 -0.001747 0.040808 0.082371 0.112142 0.106849 0.033333 -0.020805 -0.017407 -0.017544 -0.015458 0.005970 0.027244 0.051499 0.081784 0.099842 0.088601 0.072495 0.052432 0.021841 0.002906 -0.012555 -0.026629 -0.011627 0.004866 0.006209 0.006699 0.017323 0.025607 0.012141 0.001939 0.011289 0.011242 -0.003703 0.013281 0.020888 -0.017493 -0.025892 0.003296 0.005587 -0.011573 -0.050944 -0.084980 -0.055790 -0.026596 -0.039005 -0.057480
0.029511 0.007302 -0.026056 -0.023080 -0.002724 -0.005471 -0.006544 0.011485 0.021100 0.029459 0.048670 0.050981 0.005508 -0.041951 -0.067348 -0.082052 -0.083384 -0.061655 -0.023143 -0.011768 -0.019111 -0.024839 -0.028085 -0.011503 0.024540 0.024001 -0.010606 -0.024158 0.007146 0.045917 0.079508 0.096736 0.075348 0.022408 -0.013880 -0.011044 -0.001317 -0.020465 -0.024090 -0.002559 0.004869 0.024620 0.072246 0.080580 0.025788 -0.020131 -0.032728 -0.027922 -0.002574 0.030933 0.039678 0.012382 -0.022057 -0.022722 0.001286 0.006917 -0.007542 -0.014897 -0.028083 -0.044130 -0.041251 -0.009294 0.029943 0.018758 -0.014475 -0.010174 0.002063 -0.006622 -0.032565 -0.010723 0.039425 0.030624 0.014628 0.032765 0.036453 0.029381 0.030686 0.033116 0.003618 -0.054067 -0.075435 -0.066899 -0.052174 -0.011401 0.009698 -0.019218 -0.050127 -0.076595 -0.090730 -0.062371 -0.020712 0.007621 0.013795 0.001557 -0.001509 -0.028787 -0.064203 -0.044875 0.009307 0.064811 0.086419 0.031046 -0.027888 -0.014544 0.001296 -0.037915 -0.045730 0.024470 0.070889 0.060305 0.038680 0.028848 0.050065 0.059307 0.025976 0.010275 0.004621 -0.003605 0.002683 0.010262 0.017834 0.012404 -0.014838 -0.035005 -0.040709 -0.027330 -0.003340 0.020424 0.020872 -0.012313 -0.054701 -0.058951 -0.026283 -0.006149 -0.020966 -0.040125 -0.035790 -0.025677 -0.010933 0.033063 0.073112 0.078390 0.057625 0.018234 0.016515 0.055061 0.083600 0.104902 0.108207 0.069255 0.035701 0.003422 -0.051455 -0.065600 -0.033525 -0.000640 0.032703 0.075727 0.096422 0.094173 0.089715 0.069308 0.036172 0.023610 0.008859 -0.022176 -0.013669 0.013256 0.001541 -0.008769 0.014225 0.021834 -0.004538 -0.015040 -0.000693 0.002813 -0.000739 0.023636 0.039541 0.005855 -0.010175 0.008141 0.029778 0.037956 0.010626 -0.020741 -0.011937 0.000824 -0.028768 -0.077027
-0.002010 -0.014711 -0.041329 -0.033170 0.008175 0.015615 0.010977 0.018234 0.008210 0.003192 0.027122 0.039302 0.008331 -0.017148 -0.031268 -0.055124 -0.065656 -0.062261 -0.041913 -0.018478 -0.005535 -0.003333 -0.009713 -0.011473 0.009729 0.008337 -0.025897 -0.048054 -0.041937 -0.033007 -0.003804 0.015618 0.005919 -0.011952 -0.015650 0.015847 0.048963 0.029078 0.018546 0.018316 0.010276 0.018601 0.042682 0.042461 0.005147 -0.030183 -0.041384 -0.017569 0.041975 0.086796 0.093295 0.067977 0.023399 0.002465 -0.003465 -0.025609 -0.058341 -0.080124 -0.080559 -0.039548 0.010434 0.025825 0.043820 0.047988 0.028859 0.030425 0.027880 0.013199 -0.005770 0.013133 0.070196 0.071446 0.044839 0.048439 0.044251 0.030721 0.024252 0.018369 -0.007914 -0.036257 -0.031614 -0.019658 -0.010482 0.019266 0.006966 -0.052920 -0.059125 -0.040755 -0.059980 -0.055289 -0.014073 0.010987 0.002453 -0.004784 0.002011 -0.035364 -0.093591 -0.085789 -0.037600 0.015546 0.053907 0.026309 -0.020232 -0.019544 -0.026958 -0.077714 -0.076136 0.009446 0.057079 0.035555 0.005941 -0.006647 0.012566 0.036130 0.016788 0.002145 -0.009472 -0.019716 -0.000846 0.017128 0.026561 0.026949 0.006260 -0.020896 -0.038952 -0.029183 0.007132 0.039429 0.030827 -0.004679 -0.028276 -0.029585 -0.017918 -0.009688 -0.017971 -0.037535 -0.038293 -0.026184 -0.004062 0.046393 0.084315 0.070271 0.035239 0.010513 0.013488 0.031437 0.041496 0.060756 0.076133 0.074764 0.065928 0.004913 -0.084866 -0.086389 -0.025551 0.019572 0.047233 0.070652 0.064684 0.051444 0.051901 0.041355 0.019450 0.001119 -0.016810 -0.040671 -0.027498 0.004306 -0.010163 -0.026503 -0.003232 0.007579 -0.011417 -0.023139 -0.017837 -0.017982 -0.012351 0.022531 0.041311 0.004494 -0.014105 0.002109 0.021918 0.034639 0.021840 -0.006288 -0.018716 -0.010527 -0.020466 -0.061296
-0.020318 -0.023218 -0.044435 -0.026514 0.031302 0.040299 0.030013 0.020132 -0.008772 -0.017779 0.005010 0.018477 0.019605 0.020032 0.003234 -0.030782 -0.042173 -0.052572 -0.056850 -0.037790 -0.017805 -0.014866 -0.030980 -0.042345 -0.011082 0.008925 -0.012002 -0.025283 -0.027326 -0.038170 -0.036791 -0.037182 -0.041035 -0.036655 -0.013220 0.049117 0.097650 0.061693 0.023332 0.003955 -0.017692 -0.037057 -0.046354 -0.040450 -0.023804 -0.006421 0.006744 0.046574 0.112389 0.142387 0.131832 0.091522 0.032817 -0.004467 -0.029533 -0.064901 -0.092216 -0.099573 -0.088681 -0.027183 0.045179 0.044028 0.034646 0.047499 0.047817 0.040003 0.021657 -0.001805 -0.021061 -0.009695 0.038284 0.052131 0.041205 0.043902 0.044932 0.050374 0.036619 0.012291 0.004813 0.019213 0.038448 0.043347 0.028535 0.016353 -0.029808 -0.099917 -0.079690 -0.000327 0.017572 0.003655 0.018628 0.038142 0.018816 0.008337 0.018616 -0.013765 -0.071857 -0.077251 -0.053474 -0.020460 0.024872 0.044825 0.036716 0.018712 -0.021359 -0.068975 -0.059256 0.007545 0.036930 0.011461 -0.025388 -0.039195 -0.006850 0.034016 0.023967 -0.007734 -0.040035 -0.048312 -0.005333 0.038000 0.059719 0.060448 0.030112 -0.009881 -0.034237 -0.030790 0.011706 0.035950 -0.003586 -0.037964 -0.027509 -0.015787 -0.015817 -0.004765 0.000672 -0.012781 -0.025887 -0.028304 -0.007194 0.044399 0.076416 0.047723 0.012576 0.006770 0.006283 -0.001394 -0.001681 0.023685 0.049172 0.066377 0.069365 0.000659 -0.090834 -0.077899 -0.008316 0.037222 0.051480 0.047145 0.021291 -0.004358 -0.001159 -0.000385 -0.007351 -0.016981 -0.019952 -0.021039 -0.004195 0.014711 -0.007348 -0.024965 0.011694 0.038544 0.024314 0.006017 0.003382 -0.000282 -0.002781 0.017632 0.023808 -0.014034 -0.030959 -0.020465 -0.017046 -0.009544 -0.008374 -0.042082 -0.085737 -0.085748 -0.053163 -0.049181
-0.020394 0.000596 -0.007789 0.002905 0.050898 0.058973 0.033874 -0.000969 -0.030373 -0.018378 0.016624 0.024073 0.029498 0.034584 0.017552 -0.010448 -0.018013 -0.035341 -0.052652 -0.046729 -0.030945 -0.026974 -0.048908 -0.060917 -0.020271 0.008113 -0.014782 -0.014208 -0.009266 -0.031333 -0.041545 -0.044744 -0.047892 -0.035839 -0.007400 0.049736 0.078109 0.027036 -0.020426 -0.029409 -0.034118 -0.053654 -0.073876 -0.069466 -0.033465 0.015801 0.048754 0.092601 0.140314 0.149297 0.122291 0.067324 0.015884 -0.008587 -0.031297 -0.058433 -0.070250 -0.065461 -0.050984 -0.005778 0.046081 0.030454 0.010902 0.030887 0.035093 -0.002902 -0.035907 -0.039846 -0.030980 -0.009934 0.014084 0.007721 -0.010516 -0.010693 0.014748 0.047573 0.031488 0.001824 0.013961 0.048877 0.072431 0.083135 0.049154 -0.011394 -0.078029 -0.144185 -0.121781 -0.017045 0.051696 0.048504 0.047795 0.073534 0.055481 0.029129 0.032935 0.020115 -0.011983 -0.027231 -0.040122 -0.038235 0.001582 0.041060 0.058411 0.042682 -0.001518 -0.040324 -0.038913 -0.001925 0.014175 -0.006518 -0.043853 -0.047512 0.009022 0.048645 0.037839 0.001337 -0.052398 -0.074406 -0.020118 0.044130 0.081278 0.087886 0.054788 0.015829 -0.007806 -0.009619 0.022762 0.023031 -0.035964 -0.067588 -0.045390 -0.019941 -0.015311 -0.005912 0.003728 0.002815 -0.008187 -0.025696 -0.037420 -0.032314 -0.012786 -0.005296 0.000548 0.024111 0.025241 -0.000418 -0.002306 0.022712 0.043678 0.054160 0.058202 0.012674 -0.057764 -0.060287 -0.015183 0.014831 0.011493 -0.003726 -0.018614 -0.039513 -0.036550 -0.025136 -0.016106 -0.003902 0.012621 0.022035 0.022529 0.020298 0.006416 -0.003000 0.036453 0.064496 0.042839 0.027751 0.037143 0.030509 -0.007829 -0.032656 -0.043605 -0.057130 -0.049230 -0.041664 -0.047098 -0.031972 -0.013453 -0.039188 -0.095217 -0.111304 -0.061857 -0.020451
-0.018815 0.016913 0.024236 0.013989 0.024992 0.028302 0.003068 -0.032759 -0.035832 0.004311 0.045322 0.037778 0.020330 0.018091 0.012564 0.001185 -0.004282 -0.022465 -0.033417 -0.032525 -0.024835 -0.009080 -0.014093 -0.023110 0.002565 0.021102 -0.005977 -0.002407 -0.002204 -0.038901 -0.055056 -0.054090 -0.042209 -0.019255 -0.013931 -0.012540 -0.024847 -0.059457 -0.069596 -0.045967 -0.030090 -0.033459 -0.046726 -0.064859 -0.065993 -0.040273 -0.005595 0.044553 0.073212 0.073274 0.058540 0.016217 -0.016324 -0.014013 -0.007279 -0.003920 -0.014225 -0.033861 -0.025829 0.015806 0.045797 0.017356 0.001134 0.033191 0.039959 -0.011620 -0.044845 -0.026770 0.005628 0.030963 0.044945 0.019571 -0.031323 -0.055087 -0.027125 0.010615 0.004624 -0.008214 0.009683 0.043090 0.073422 0.096799 0.072735 -0.001483 -0.077463 -0.141716 -0.139149 -0.067182 -0.003652 0.001875 0.017044 0.068726 0.072100 0.041812 0.043163 0.056320 0.052936 0.019619 -0.044938 -0.071209 -0.032169 0.005845 0.021508 0.007582 -0.016510 -0.029933 -0.034652 -0.018956 -0.005879 -0.024697 -0.047865 -0.025736 0.035287 0.040818 0.006056 -0.032674 -0.083710 -0.105197 -0.045496 0.026399 0.071321 0.087475 0.065086 0.028320 0.005709 0.022068 0.054176 0.040684 -0.004061 -0.027604 -0.022688 -0.012179 -0.014902 -0.015224 -0.012683 -0.012422 -0.019420 -0.045065 -0.084115 -0.121231 -0.108216 -0.050243 -0.001847 0.041482 0.049159 0.027072 0.030448 0.037112 0.034676 0.021332 0.018304 0.010292 -0.028290 -0.047324 -0.032653 -0.027118 -0.039340 -0.045298 -0.042573 -0.049324 -0.042247 -0.024828 -0.012685 0.003335 0.013030 0.013624 -0.001082 -0.015693 -0.012848 -0.009542 0.016616 0.036101 0.019409 0.020408 0.048264 0.051448 -0.004772 -0.063578 -0.095059 -0.096553 -0.066138 -0.043678 -0.031560 -0.001446 0.023577 0.010636 -0.029135 -0.045611 -0.016338 0.011858
-0.014315 0.004594 0.005080 -0.027712 -0.048405 -0.044117 -0.043386 -0.045765 -0.019960 0.018889 0.043224 0.027244 0.001781 -0.008654 -0.009511 0.000392 0.005267 -0.011109 -0.026699 -0.036235 -0.036202 -0.003900 0.031498 0.030045 0.012537 0.010486 0.009040 0.028876 0.015566 -0.036132 -0.055167 -0.053207 -0.028519 -0.006036 -0.028291 -0.071274 -0.112161 -0.122201 -0.083523 -0.032312 -0.020943 -0.023671 -0.019923 -0.044659 -0.086155 -0.106735 -0.080174 -0.013406 0.010244 0.003296 0.000190 -0.022984 -0.032293 -0.010289 0.004817 0.010383 0.000201 -0.020720 -0.008734 0.030993 0.045305 0.013794 0.002664 0.039610 0.056902 0.025435 0.003645 0.010554 0.024409 0.026188 0.037436 0.039847 -0.003019 -0.051543 -0.052773 -0.032130 -0.023538 -0.013803 0.000270 0.024765 0.053708 0.070400 0.070447 0.033545 -0.033420 -0.098756 -0.101849 -0.065244 -0.039409 -0.031464 0.004201 0.057468 0.066694 0.041721 0.043929 0.066765 0.074251 0.039721 -0.041433 -0.071033 -0.032475 -0.008011 -0.000244 -0.008217 -0.015154 -0.017549 -0.034523 -0.036662 -0.024783 -0.035491 -0.034154 0.005182 0.048234 0.024751 -0.035326 -0.088943 -0.113424 -0.094247 -0.035327 0.004972 0.023454 0.041378 0.036434 0.001732 -0.010042 0.037838 0.086337 0.079445 0.056253 0.044167 0.036223 0.017026 -0.006259 -0.008938 -0.016690 -0.026432 -0.023253 -0.049808 -0.100102 -0.131430 -0.116133 -0.062877 -0.018165 0.031293 0.055461 0.057210 0.064556 0.041897 0.009781 -0.015387 -0.015217 -0.000314 -0.017838 -0.038366 -0.047747 -0.061715 -0.063402 -0.052123 -0.042946 -0.046094 -0.036966 -0.014334 -0.002605 -0.002835 -0.025123 -0.044907 -0.058340 -0.061887 -0.046726 -0.039221 -0.013261 0.023640 0.027382 0.023929 0.039868 0.050949 0.007288 -0.047647 -0.075683 -0.073989 -0.048756 -0.021949 0.003648 0.031376 0.053225 0.050657 0.018155 -0.009225 -0.016268 -0.016966
0.016936 0.010997 -0.012978 -0.061127 -0.090322 -0.082430 -0.064655 -0.034349 -0.004982 -0.002650 0.002681 0.007584 -0.000040 -0.031259 -0.051625 -0.025321 0.004431 -0.000694 -0.034883 -0.064227 -0.065965 -0.032762 0.019240 0.031913 -0.000965 -0.015572 0.012643 0.057257 0.028495 -0.040606 -0.047909 -0.034261 -0.008754 0.019089 0.012109 -0.021373 -0.076799 -0.101012 -0.063661 -0.004271 0.008654 0.004346 0.019300 0.009606 -0.026860 -0.059072 -0.043914 0.006451 0.006867 -0.015201 -0.024211 -0.035496 -0.021279 -0.000492 -0.011289 -0.023824 -0.022591 -0.022012 -0.001771 0.024003 0.022737 0.000563 -0.006149 0.017672 0.036578 0.028222 0.013712 0.001588 -0.004077 -0.017848 -0.006390 0.035670 0.034664 -0.012887 -0.045009 -0.054033 -0.049602 -0.033345 -0.020895 0.000567 0.018149 0.011963 0.021897 0.031669 -0.004556 -0.059564 -0.055583 -0.031116 -0.030531 -0.023539 0.017875 0.055932 0.053891 0.019605 0.014793 0.040407 0.051342 0.032581 -0.026543 -0.050085 -0.022722 -0.009742 0.003694 0.022047 0.034067 0.021679 -0.019037 -0.033401 -0.019672 -0.020401 -0.016548 0.015655 0.048406 0.031319 -0.013908 -0.061745 -0.076466 -0.044745 0.001806 0.008044 -0.017842 -0.019272 -0.010328 -0.027809 -0.018307 0.039174 0.094609 0.108955 0.099845 0.091508 0.082775 0.050305 0.008888 0.007607 0.006738 -0.006530 0.009613 -0.002137 -0.050816 -0.064853 -0.052570 -0.035020 -0.021991 0.021160 0.054908 0.067903 0.076025 0.041528 -0.000353 -0.014724 -0.004512 0.009514 -0.012243 -0.039075 -0.056046 -0.067879 -0.055496 -0.041009 -0.039456 -0.056777 -0.064654 -0.038819 -0.012788 -0.016408 -0.050382 -0.073403 -0.072906 -0.055130 -0.041001 -0.044295 -0.009891 0.048274 0.060219 0.036939 0.030776 0.038060 0.002440 -0.034973 -0.027635 -0.001898 0.016651 0.031479 0.043956 0.053268 0.069600 0.071832 0.029253 -0.025322 -0.064560 -0.077492
0.006994 -0.004846 -0.019823 -0.044080 -0.065552 -0.067479 -0.050683 -0.012879 0.001558 -0.029580 -0.032453 0.005590 0.020092 -0.025305 -0.062975 -0.038408 0.006173 0.018824 -0.021327 -0.064778 -0.070146 -0.050768 -0.009141 0.018524 0.016004 0.011543 0.031366 0.055675 0.015745 -0.048936 -0.036843 -0.011648 -0.006489 0.019758 0.052608 0.063374 0.024980 -0.018863 -0.025700 0.004630 0.017917 0.022617 0.047821 0.062943 0.055561 0.038811 0.043251 0.050101 0.019662 -0.008072 -0.018380 -0.016699 0.008967 0.010626 -0.028355 -0.050425 -0.044141 -0.036206 -0.013336 0.003554 -0.002904 -0.009887 -0.008619 -0.000428 0.009374 0.007885 0.004766 0.002712 -0.004562 -0.017892 0.005029 0.063708 0.074306 0.029745 -0.011907 -0.048298 -0.071422 -0.062455 -0.033392 0.001559 0.008994 -0.023929 -0.036748 -0.019501 -0.020064 -0.044674 -0.040090 -0.023215 -0.035159 -0.037462 0.002856 0.045721 0.048087 0.002474 -0.015161 0.021044 0.050429 0.047096 0.002493 -0.024438 -0.008015 -0.000140 0.009398 0.040959 0.069518 0.056823 0.016297 0.010754 0.024381 0.009397 -0.019078 -0.008379 0.024052 0.021726 0.003845 -0.009366 -0.007289 0.014891 0.048339 0.050340 0.001320 -0.035272 -0.040183 -0.045946 -0.019637 0.021994 0.056884 0.087516 0.093490 0.085712 0.089741 0.084121 0.047263 0.040190 0.049863 0.034818 0.042920 0.034082 -0.010142 -0.018851 -0.012231 -0.001887 0.003117 0.035997 0.057844 0.048647 0.042647 0.023398 0.005855 0.013906 0.023275 0.010971 -0.030955 -0.054711 -0.053519 -0.049414 -0.037453 -0.041497 -0.054197 -0.079128 -0.096652 -0.069179 -0.040168 -0.041084 -0.056734 -0.061192 -0.043131 -0.011080 -0.001467 -0.019692 -0.000727 0.048056 0.053115 0.024264 0.015239 0.017378 -0.005548 -0.008617 0.028207 0.059688 0.069249 0.070136 0.061783 0.060730 0.072627 0.069016 0.023134 -0.036918 -0.076365 -0.078925
-0.016339 -0.041772 -0.038433 -0.029571 -0.037754 -0.035734 -0.020102 -0.006197 -0.010002 -0.044006 -0.040446 0.017696 0.054431 0.038614 0.012246 0.020999 0.056171 0.068151 0.009177 -0.062199 -0.074525 -0.055299 -0.018420 0.014769 0.032134 0.033113 0.022026 0.008855 -0.023856 -0.061246 -0.042486 -0.023916 -0.050435 -0.051741 0.000710 0.059891 0.071009 0.042730 0.011397 -0.001660 -0.017267 -0.008598 0.038500 0.078307 0.082975 0.069887 0.060550 0.036668 0.004101 -0.001717 0.011194 0.022954 0.033659 0.023473 -0.012528 -0.040376 -0.045931 -0.036136 -0.011075 0.006345 0.000679 -0.000219 0.007328 0.016959 0.025689 0.018104 0.014376 0.019759 0.016035 0.014234 0.048469 0.096010 0.091990 0.047452 0.013759 -0.014947 -0.038766 -0.041644 -0.011429 0.022670 0.019526 -0.023625 -0.060464 -0.060616 -0.045579 -0.048903 -0.049682 -0.039415 -0.059960 -0.068970 -0.022413 0.034242 0.046253 0.002603 -0.019022 0.023432 0.067530 0.067895 0.016896 -0.010276 0.016153 0.023902 0.013981 0.044009 0.079515 0.075134 0.054736 0.061961 0.068392 0.030054 -0.028388 -0.041347 -0.022532 -0.022474 -0.028486 -0.017191 0.015013 0.050481 0.078597 0.076011 0.022511 -0.028466 -0.040763 -0.045025 -0.034097 -0.025829 -0.013836 0.029500 0.051646 0.047628 0.063830 0.083375 0.061300 0.052647 0.066526 0.058501 0.057197 0.046830 0.010184 -0.007647 -0.016396 -0.002255 0.011388 0.033179 0.046927 0.032719 0.007417 -0.014529 -0.009070 0.028912 0.048132 0.009960 -0.053557 -0.060136 -0.033634 -0.020478 -0.021580 -0.054411 -0.081481 -0.094804 -0.092095 -0.051622 -0.028395 -0.042596 -0.055551 -0.048637 -0.019456 0.009956 0.011039 -0.013599 -0.010128 0.022764 0.018287 -0.007355 -0.010821 -0.013901 -0.014753 0.025533 0.075182 0.083324 0.064076 0.054069 0.043712 0.049363 0.055853 0.039851 0.006146 -0.035592 -0.053411 -0.039276
-0.043660 -0.086547 -0.078660 -0.048961 -0.037322 -0.013761 0.006447 -0.003417 -0.012998 -0.024029 -0.010164 0.037446 0.084256 0.110318 0.091336 0.071173 0.107007 0.134734 0.055842 -0.057443 -0.082788 -0.052191 -0.013656 0.013559 0.022929 0.014565 -0.010830 -0.032869 -0.051822 -0.065345 -0.055739 -0.060242 -0.107923 -0.135515 -0.088998 -0.012642 0.039853 0.052193 0.031018 -0.012270 -0.067667 -0.067314 -0.006741 0.039670 0.053296 0.049639 0.030972 0.003443 0.002038 0.027334 0.042230 0.029055 0.013072 0.019162 0.019585 -0.003375 -0.020207 -0.011091 0.014194 0.033794 0.023175 0.015646 0.019087 0.033096 0.047906 0.035066 0.016100 0.016813 0.026923 0.033198 0.050466 0.065657 0.054161 0.030075 0.021124 0.023654 0.032341 0.029300 0.026448 0.029330 0.021403 -0.005115 -0.030141 -0.043439 -0.049228 -0.057026 -0.051912 -0.040477 -0.061370 -0.059706 -0.006545 0.032522 0.028511 -0.002463 -0.020303 0.007862 0.040701 0.035588 -0.009346 -0.020127 0.024033 0.044254 0.032506 0.046995 0.060981 0.063382 0.066474 0.076243 0.071175 0.031976 -0.009888 -0.028146 -0.035415 -0.037392 -0.036532 -0.038499 -0.020742 0.018046 0.053609 0.054186 0.011763 -0.026790 -0.027544 -0.032711 -0.058580 -0.086036 -0.077413 -0.011031 0.035460 0.041984 0.054138 0.049407 0.015596 0.006767 0.017671 0.028044 0.044567 0.056558 0.039324 0.000816 -0.039219 -0.024487 0.004673 0.011033 0.011406 0.011535 -0.014198 -0.051011 -0.042092 0.026767 0.073429 0.033256 -0.043509 -0.048710 -0.011076 0.007106 -0.008741 -0.066297 -0.108425 -0.099954 -0.058077 -0.005746 0.013594 -0.013750 -0.037897 -0.023841 0.005063 0.015085 0.000306 -0.024423 -0.027939 -0.008648 -0.011917 -0.023626 -0.016049 -0.022338 -0.019121 0.032728 0.091777 0.089559 0.036934 0.007983 0.009132 0.024799 0.024715 0.007358 -0.005266 -0.029767 -0.044987 -0.040732
-0.086123 -0.116770 -0.097520 -0.052976 -0.032826 -0.002505 0.027542 0.022097 0.008782 -0.002239 0.002163 0.023642 0.058334 0.092991 0.066586 0.025769 0.069059 0.123590 0.080778 -0.019213 -0.056623 -0.038746 -0.011140 0.011357 0.014297 0.010226 -0.005488 -0.031312 -0.050610 -0.056003 -0.059138 -0.071483 -0.112353 -0.137138 -0.110107 -0.075795 -0.042634 -0.000044 0.019405 -0.009827 -0.071094 -0.089920 -0.055846 -0.021518 0.012263 0.025710 -0.005026 -0.027028 0.009173 0.054293 0.042382 -0.006795 -0.030920 -0.010126 0.008253 0.003581 0.001284 0.011636 0.041237 0.067444 0.042332 0.015979 0.016337 0.030781 0.030755 0.008352 -0.008985 0.006357 0.033827 0.024227 0.015410 0.020661 0.021060 0.020934 0.028989 0.039198 0.065502 0.073769 0.040402 0.010400 0.008993 0.020084 0.031527 0.012846 -0.022388 -0.039722 -0.029074 -0.011878 -0.016369 -0.003391 0.025886 0.017006 -0.006612 -0.015652 -0.026928 -0.021410 -0.003747 -0.005277 -0.027356 -0.023679 0.016649 0.048690 0.058860 0.053560 0.031849 0.032264 0.049874 0.058607 0.041941 0.016433 0.018519 0.020700 -0.007657 -0.019792 -0.003558 -0.013766 -0.037567 -0.030760 -0.000835 0.012529 -0.008411 -0.032675 -0.029771 -0.031596 -0.064483 -0.106098 -0.103946 -0.036789 0.030705 0.065907 0.082752 0.044284 -0.015382 -0.026232 -0.012733 0.006508 0.030713 0.046394 0.040116 0.006948 -0.032497 -0.009688 0.030893 0.022153 -0.007296 -0.012748 -0.028006 -0.066296 -0.060450 0.022715 0.080557 0.048926 -0.028667 -0.043680 0.002586 0.033224 0.005761 -0.072844 -0.128024 -0.098911 -0.020728 0.037796 0.047550 0.001632 -0.038787 -0.013454 0.022693 0.020725 -0.002437 -0.013922 -0.016201 -0.016197 -0.015311 -0.002502 0.022157 0.015615 -0.000576 0.025022 0.076388 0.077850 0.020155 -0.018658 -0.005532 0.016374 0.008284 -0.004300 0.005617 -0.002387 -0.033482 -0.054188
-0.115790 -0.111794 -0.077968 -0.039456 -0.027276 -0.003199 0.027373 0.028244 0.014481 0.000853 -0.001971 0.001955 0.010249 0.021308 -0.005595 -0.034298 0.004519 0.060480 0.076349 0.031574 -0.007284 -0.026193 -0.030612 -0.013734 -0.004555 0.009458 0.007939 -0.023605 -0.038033 -0.034538 -0.039826 -0.042552 -0.067783 -0.074189 -0.048943 -0.071208 -0.113118 -0.086921 -0.029091 -0.002684 -0.027795 -0.062632 -0.071319 -0.047195 0.009459 0.041552 0.015615 -0.004590 0.027454 0.060538 0.035562 -0.015675 -0.034913 -0.029129 -0.027618 -0.023353 -0.007024 0.019425 0.069543 0.099429 0.061363 0.016672 0.013628 0.026272 0.011474 -0.005634 -0.005260 0.011478 0.026405 -0.002780 -0.010543 0.013707 0.025654 0.028428 0.032650 0.029384 0.050452 0.076056 0.048857 0.009428 0.011984 0.039663 0.057928 0.037807 0.008044 -0.000255 0.001052 0.011737 0.014941 0.011498 0.001080 -0.022919 -0.025819 0.002070 0.012823 -0.004961 -0.015381 -0.016893 -0.023587 -0.012826 0.016813 0.038992 0.054038 0.057702 0.026174 0.014230 0.039652 0.046908 0.021716 0.009211 0.035797 0.050184 0.014054 0.000330 0.041199 0.041549 -0.009374 -0.034690 -0.017558 -0.003999 -0.029469 -0.057159 -0.053997 -0.045621 -0.055198 -0.083555 -0.087600 -0.040573 0.028636 0.084033 0.108545 0.063570 0.005776 0.011703 0.030898 0.024090 0.028728 0.039524 0.031938 0.002457 -0.016695 0.017852 0.056299 0.046562 0.009634 0.005439 0.012761 -0.019148 -0.031812 0.022782 0.061203 0.034101 -0.035910 -0.054886 -0.012727 0.018518 -0.006602 -0.076057 -0.120106 -0.087237 -0.013234 0.045485 0.059054 0.003931 -0.051123 -0.020024 0.042710 0.053911 0.029923 0.025558 0.025092 0.011034 0.014681 0.039125 0.063724 0.055000 0.026643 0.031379 0.066485 0.065944 0.025235 0.007271 0.032143 0.049528 0.018045 -0.014865 -0.000559 0.013133 -0.023571 -0.063543
-0.128744 -0.095661 -0.047457 -0.022046 -0.015051 -0.000888 0.011490 0.003135 -0.007644 0.005413 0.026061 0.022049 -0.003560 -0.020979 -0.028638 -0.021022 0.003209 0.027349 0.051107 0.035519 0.013302 -0.021839 -0.059619 -0.054427 -0.023655 0.012811 0.014927 -0.021612 -0.025102 -0.006069 -0.004868 -0.002624 -0.014317 -0.006023 0.026409 -0.011250 -0.103269 -0.119783 -0.061722 0.001287 0.007394 -0.020788 -0.039402 -0.027645 0.020399 0.045969 0.032295 0.017075 0.024735 0.039689 0.038527 0.016096 -0.000344 -0.010745 -0.017798 -0.015759 0.000773 0.036917 0.089973 0.095372 0.050345 0.006045 0.001638 0.015578 0.011919 0.025329 0.048361 0.051140 0.032758 -0.012160 -0.012963 0.021527 0.029461 0.025945 0.020162 0.002746 0.015048 0.063765 0.074625 0.043643 0.039477 0.051920 0.036016 0.004347 -0.002344 0.009909 0.007061 0.015202 0.024919 0.002694 -0.034039 -0.051295 -0.025188 0.034251 0.064328 0.023605 -0.014499 -0.012678 -0.012121 0.002851 0.032039 0.035936 0.030408 0.051464 0.038573 0.019880 0.052821 0.062604 0.033692 0.027014 0.048306 0.044922 0.005881 0.004565 0.053821 0.058422 0.008306 -0.023328 -0.007619 0.001278 -0.035146 -0.064685 -0.059757 -0.036626 -0.021992 -0.032998 -0.036098 0.004496 0.058876 0.088582 0.094901 0.065146 0.034445 0.055090 0.075520 0.043251 0.024167 0.028237 0.004705 -0.038366 -0.035102 0.001235 0.014238 0.014038 0.006021 0.036275 0.078052 0.059857 0.027556 0.035244 0.051062 0.027567 -0.029880 -0.053979 -0.046393 -0.033693 -0.038466 -0.072518 -0.094387 -0.064614 -0.013495 0.032531 0.051044 0.007799 -0.043264 -0.019520 0.048035 0.066036 0.041160 0.031277 0.024709 0.007842 0.022960 0.053263 0.060760 0.042209 0.026017 0.040639 0.074606 0.077797 0.060089 0.066360 0.085665 0.086666 0.035283 -0.031503 -0.037488 -0.004496 -0.026991 -0.077206
-0.103005 -0.078031 -0.038291 -0.021019 -0.005586 0.009682 0.008018 -0.007271 -0.012211 0.014696 0.040888 0.032992 0.004323 -0.004050 0.011379 0.023805 0.014691 0.002204 -0.001526 -0.017505 -0.014155 -0.030256 -0.067230 -0.062292 -0.014518 0.029643 0.015455 -0.034983 -0.028803 0.015934 0.025329 0.006857 -0.008809 0.012243 0.054094 0.033563 -0.047725 -0.069779 -0.016100 0.030531 0.021772 0.004264 0.001262 -0.002910 -0.001122 -0.012197 -0.027852 -0.038583 -0.046653 -0.032007 0.010339 0.023252 0.024805 0.033801 0.039673 0.043360 0.058295 0.082987 0.098043 0.055280 0.005595 -0.012537 0.004352 0.025489 0.024775 0.049949 0.091177 0.097896 0.063533 0.004165 -0.011620 0.017272 0.037598 0.043392 0.023112 -0.007700 -0.002506 0.053304 0.090348 0.065231 0.041603 0.032985 0.000550 -0.025805 -0.019763 -0.005823 -0.005466 0.009614 0.026373 0.008180 -0.019832 -0.025419 0.002716 0.043964 0.050814 0.004862 -0.017954 0.004924 0.008202 0.013895 0.035949 0.029487 0.008339 0.028552 0.033758 0.021792 0.061337 0.080716 0.062849 0.065915 0.064395 0.021254 -0.026597 -0.022336 0.013421 0.030527 0.011497 -0.022720 -0.020366 -0.014892 -0.039027 -0.056072 -0.041634 0.009278 0.037077 0.018199 0.002682 0.034347 0.059810 0.058654 0.054513 0.038183 0.033299 0.064572 0.092133 0.064191 0.032209 0.008712 -0.042065 -0.084971 -0.064946 -0.047426 -0.067176 -0.062652 -0.041920 0.011976 0.058961 0.058755 0.047313 0.045940 0.057432 0.043037 0.002780 -0.021158 -0.040608 -0.046260 -0.039934 -0.045659 -0.052664 -0.030177 -0.000174 0.014743 0.011818 -0.009854 -0.033085 -0.024544 0.011208 0.017379 -0.002817 -0.009572 -0.009913 -0.012031 0.017857 0.049508 0.033094 -0.013371 -0.033453 -0.009607 0.037954 0.066865 0.079388 0.097289 0.097202 0.076938 0.033809 -0.028058 -0.043588 -0.007777 -0.008996 -0.041402
-0.049028 -0.056990 -0.051902 -0.042658 -0.021171 -0.004861 -0.006088 -0.009760 -0.003280 0.008183 0.015597 0.016275 0.011203 0.022123 0.034393 0.021951 -0.009673 -0.020749 -0.013256 -0.021784 -0.022121 -0.043772 -0.071142 -0.048057 0.011306 0.051519 0.022376 -0.034054 -0.019986 0.054720 0.082778 0.025186 -0.022507 0.003264 0.048479 0.035558 -0.026259 -0.024413 0.037019 0.048091 0.008254 -0.001990 0.020168 0.020833 -0.015411 -0.062079 -0.084486 -0.089326 -0.104043 -0.085816 -0.025510 0.001124 0.029607 0.064019 0.074194 0.084179 0.104923 0.109890 0.089171 0.025996 -0.016964 -0.009145 0.023392 0.045760 0.036394 0.045452 0.087371 0.106288 0.081752 0.026153 -0.009062 0.009567 0.058649 0.086482 0.059177 0.021723 0.021757 0.062894 0.085515 0.050413 0.010178 -0.003098 -0.017856 -0.022830 -0.013406 -0.002841 0.004233 0.008421 0.001000 -0.007119 0.013721 0.044881 0.060577 0.053468 0.023401 -0.009046 -0.003057 0.035312 0.030943 -0.001426 -0.007631 -0.014045 -0.027054 -0.013057 -0.016309 -0.029355 0.023005 0.077534 0.088514 0.084845 0.047201 -0.012576 -0.041560 -0.029850 -0.016357 0.000554 -0.005682 -0.056918 -0.073483 -0.065562 -0.061537 -0.052817 -0.021666 0.051560 0.079515 0.035282 -0.004682 0.007110 0.013712 0.014937 0.019354 0.010275 0.022614 0.057035 0.073119 0.057698 0.040216 -0.001321 -0.065987 -0.086107 -0.061169 -0.063312 -0.078548 -0.063582 -0.040240 -0.000232 0.020567 0.026924 0.044582 0.044965 0.045123 0.034130 0.011599 0.002147 -0.012885 -0.022854 -0.021206 -0.013358 -0.013621 -0.003084 0.013474 0.015627 0.005599 -0.004726 -0.018373 -0.027116 -0.020127 -0.018519 -0.030719 -0.026213 -0.005337 0.005915 0.017915 0.027386 -0.004183 -0.063080 -0.094050 -0.087273 -0.057686 -0.016828 0.033011 0.077726 0.076991 0.040785 0.007863 -0.025578 -0.030895 0.001756 0.024175 0.027898
-0.024529 -0.048176 -0.062902 -0.058257 -0.045751 -0.035150 -0.032831 -0.025452 -0.009568 -0.008688 -0.009313 -0.001244 -0.001630 -0.004687 -0.009441 -0.016740 -0.026720 -0.009816 0.030227 0.037698 0.015228 -0.041219 -0.079750 -0.048868 0.009666 0.050869 0.036398 -0.012293 -0.009560 0.081276 0.151738 0.081352 0.004211 0.024301 0.058470 0.030868 -0.046778 -0.065537 -0.021450 -0.012122 -0.046227 -0.051549 -0.012581 0.017895 0.000447 -0.038751 -0.065712 -0.076990 -0.083910 -0.066337 -0.044040 -0.030618 0.029878 0.076294 0.069257 0.079510 0.117223 0.119230 0.090865 0.048120 0.017426 0.019370 0.036118 0.048782 0.033993 0.018324 0.049868 0.080766 0.064961 0.015084 -0.017427 0.010788 0.065985 0.086746 0.054087 0.013984 0.015451 0.059678 0.073228 0.031660 -0.013152 -0.029634 -0.030421 -0.018081 -0.006271 0.012544 0.030748 0.008550 -0.029142 -0.019125 0.038774 0.088727 0.098598 0.069308 0.020465 -0.012314 -0.007335 0.031219 0.033231 -0.017737 -0.056895 -0.078652 -0.079074 -0.050453 -0.051335 -0.066472 -0.019318 0.047511 0.068536 0.041857 -0.010397 -0.037950 -0.017401 0.005861 -0.009791 -0.018606 -0.035646 -0.090551 -0.102361 -0.082642 -0.060430 -0.028895 0.010676 0.068113 0.078739 0.022238 -0.024670 -0.029785 -0.026599 -0.000112 0.019266 0.011403 0.022915 0.042053 0.018008 -0.005000 0.004896 -0.022175 -0.072650 -0.058443 -0.009533 0.006991 0.012731 0.012820 0.006489 0.005956 -0.011015 -0.006654 0.023915 0.025838 0.017970 -0.001321 -0.027688 -0.030372 -0.015637 0.002349 0.004794 0.008122 0.001634 0.010050 0.034741 0.048092 0.049213 0.036491 0.008655 -0.018433 -0.027813 -0.017982 -0.022484 -0.020818 0.012174 0.028584 0.010133 -0.009082 -0.032953 -0.055802 -0.068247 -0.095768 -0.115814 -0.087741 -0.022938 0.039533 0.053995 0.022811 -0.015719 -0.044780 -0.048853 -0.017606 0.028231 0.057124
-0.032745 -0.057520 -0.057777 -0.038637 -0.039740 -0.038687 -0.032039 -0.025175 -0.014688 -0.015302 -0.017897 -0.015659 -0.024361 -0.048799 -0.051977 -0.020378 0.009565 0.052308 0.088336 0.070228 0.024534 -0.042352 -0.079725 -0.053295 -0.018845 0.015343 0.026530 -0.006688 -0.019802 0.064720 0.171532 0.125282 0.023915 0.008835 0.035066 0.025308 -0.045357 -0.114092 -0.124320 -0.106990 -0.105717 -0.083143 -0.026551 0.019854 0.022710 0.004176 -0.030537 -0.065018 -0.069114 -0.057066 -0.066350 -0.046952 0.045119 0.095037 0.057567 0.036850 0.076837 0.108551 0.102509 0.085008 0.065743 0.043324 0.023849 0.018318 0.003652 -0.013058 0.019102 0.055055 0.033881 -0.026111 -0.057353 -0.009207 0.041900 0.036144 -0.005871 -0.044881 -0.038336 0.031898 0.075539 0.044562 -0.012900 -0.051102 -0.047477 -0.008349 0.008428 0.013357 0.018573 -0.021950 -0.046677 0.004595 0.061931 0.087498 0.088865 0.066498 0.022538 -0.021718 -0.040043 -0.021790 -0.006789 -0.030080 -0.075628 -0.114686 -0.098050 -0.044155 -0.036347 -0.056333 -0.032182 0.015119 0.027776 -0.002843 -0.045040 -0.043972 0.007923 0.040005 0.010234 -0.025941 -0.058919 -0.088791 -0.072339 -0.037269 -0.013287 0.017779 0.049690 0.074507 0.069745 0.025664 -0.018059 -0.041031 -0.032605 0.018989 0.047297 0.030718 0.020054 0.021564 -0.010456 -0.039039 -0.037078 -0.050353 -0.077937 -0.056600 0.024214 0.094056 0.110035 0.071362 0.029260 0.000131 -0.043794 -0.056355 -0.035460 -0.030339 -0.027668 -0.039494 -0.068693 -0.074995 -0.041420 0.001484 0.018382 0.027597 0.029300 0.042850 0.060278 0.059798 0.053999 0.049105 0.033185 -0.000045 -0.030041 -0.022609 -0.018609 -0.030642 -0.013914 -0.000871 -0.014303 -0.027702 -0.027450 -0.003388 0.009906 -0.046630 -0.096263 -0.068007 -0.016397 0.026282 0.046537 0.033700 -0.007976 -0.047044 -0.067936 -0.055735 -0.005200 0.029982
-0.021610 -0.056132 -0.045866 -0.011651 -0.018133 -0.021997 -0.012958 -0.013020 -0.017375 -0.019803 -0.022647 -0.018953 -0.020860 -0.039111 -0.026387 0.020529 0.051468 0.095057 0.118357 0.074701 0.015439 -0.039936 -0.060317 -0.034208 -0.015903 0.005027 0.017432 -0.006061 -0.022337 0.030039 0.124355 0.117993 0.013268 -0.043211 -0.022866 0.008328 -0.006257 -0.073740 -0.120497 -0.120316 -0.113703 -0.070417 0.004901 0.045133 0.025781 -0.004424 -0.048568 -0.085129 -0.077822 -0.067120 -0.069808 -0.027341 0.068374 0.116943 0.067704 -0.000570 -0.002592 0.051624 0.083771 0.085510 0.071533 0.023096 -0.027654 -0.038174 -0.036336 -0.031611 -0.001138 0.029887 0.021392 -0.026073 -0.060801 -0.026618 0.008570 -0.001930 -0.031864 -0.061029 -0.054260 0.030947 0.101099 0.072205 -0.012441 -0.075049 -0.063138 0.006277 0.032644 0.014197 -0.006752 -0.052916 -0.052816 0.013318 0.044498 0.043923 0.046579 0.053274 0.035735 -0.014551 -0.063071 -0.078958 -0.052384 -0.027943 -0.054204 -0.093918 -0.072819 -0.025015 -0.027352 -0.043044 -0.020541 0.008253 0.009908 -0.007480 -0.038264 -0.042787 0.005477 0.047833 0.028072 -0.023248 -0.074706 -0.089508 -0.060513 -0.014164 0.017849 0.036251 0.054489 0.074978 0.082986 0.060662 0.017789 -0.026213 -0.025755 0.031008 0.067727 0.055373 0.032183 0.021313 0.002072 -0.022892 -0.038217 -0.039909 -0.057421 -0.060381 0.018212 0.106144 0.122193 0.085608 0.048915 0.024093 -0.018997 -0.058534 -0.083761 -0.106814 -0.099403 -0.071376 -0.059720 -0.062755 -0.042820 -0.004490 0.020440 0.040831 0.059806 0.068458 0.058378 0.032636 0.013315 0.015941 0.026046 0.009277 -0.024420 -0.025076 -0.020155 -0.032655 -0.034826 -0.027380 -0.010021 -0.002515 -0.004814 0.019809 0.041438 -0.014467 -0.054117 -0.014404 0.013572 0.025086 0.046506 0.050109 0.016203 -0.020016 -0.044186 -0.053454 -0.039914 -0.040484
0.016023 -0.009826 -0.020759 -0.012435 -0.026134 -0.026360 -0.011732 -0.008972 -0.020249 -0.025038 -0.021069 -0.002673 0.012456 0.012613 0.034551 0.077869 0.090991 0.108049 0.127401 0.101240 0.034313 -0.031059 -0.049728 -0.022422 0.006252 0.029150 0.034317 0.020294 0.012828 0.032199 0.082543 0.097744 0.038505 -0.001324 0.001384 0.014061 0.022469 -0.000816 -0.025799 -0.035515 -0.065245 -0.056863 0.003787 0.035420 0.007740 -0.035023 -0.084366 -0.092904 -0.055236 -0.044380 -0.041358 -0.000459 0.059193 0.090294 0.055313 -0.018405 -0.060012 -0.025010 0.023562 0.047681 0.049754 0.018943 -0.025417 -0.044994 -0.042301 -0.029143 -0.012430 0.010724 0.028633 0.014679 -0.008083 -0.005267 -0.001928 -0.016224 -0.036439 -0.056631 -0.046768 0.042512 0.126853 0.098235 0.003300 -0.060195 -0.057536 -0.005455 0.024071 0.010582 -0.012231 -0.053075 -0.062023 -0.030413 -0.009070 0.005943 0.015228 0.029048 0.022756 -0.031159 -0.094883 -0.124370 -0.086602 -0.025968 -0.006081 -0.017420 -0.025768 -0.031579 -0.046283 -0.031168 0.010923 0.016839 -0.005327 -0.021541 -0.044078 -0.050359 -0.009904 0.032442 0.018342 -0.033421 -0.087891 -0.104647 -0.076459 -0.018321 0.030764 0.041322 0.053155 0.090716 0.112153 0.091186 0.043207 -0.012792 -0.038145 0.002798 0.054645 0.067466 0.063725 0.044454 -0.005746 -0.049761 -0.039341 0.003218 -0.003599 -0.036047 -0.004715 0.050183 0.079504 0.084902 0.069068 0.047098 0.019309 -0.022233 -0.088045 -0.156961 -0.156924 -0.091859 -0.039357 -0.039138 -0.033075 0.008379 0.039673 0.060962 0.076263 0.056723 0.013700 -0.032709 -0.057977 -0.044352 -0.013673 -0.005722 -0.018879 -0.020091 -0.018049 -0.012105 -0.007067 0.004675 0.042289 0.054547 0.030397 0.027420 0.034627 -0.009109 -0.034194 -0.006961 0.005651 0.018118 0.051079 0.058294 0.037147 0.025192 0.017983 -0.000112 -0.034340 -0.081368
0.019074 0.023936 0.002384 -0.022419 -0.046237 -0.043363 -0.010615 0.019209 0.011269 -0.009399 -0.012488 0.007481 0.031288 0.045728 0.064271 0.092620 0.093098 0.085960 0.103732 0.113476 0.066447 0.008786 -0.013346 -0.001002 0.033637 0.055362 0.042926 0.035527 0.048321 0.056907 0.068790 0.068091 0.040195 0.042014 0.048825 0.031843 0.020344 0.030383 0.054598 0.060814 0.000539 -0.048778 -0.032616 -0.009910 -0.015630 -0.034132 -0.059994 -0.037748 0.011833 0.013854 0.009612 0.025004 0.032714 0.038935 0.029411 -0.012082 -0.068023 -0.078962 -0.039292 0.010663 0.036327 0.047000 0.031729 -0.002203 -0.022873 -0.023770 -0.015033 0.000863 0.015426 0.008610 -0.002484 -0.006974 -0.014354 -0.031866 -0.052416 -0.066366 -0.042158 0.048638 0.139129 0.126556 0.053935 0.003080 -0.021588 -0.024986 -0.019405 -0.023693 -0.024596 -0.047819 -0.081361 -0.079008 -0.031460 0.016973 0.022147 0.013097 -0.004731 -0.057300 -0.110748 -0.137905 -0.117930 -0.057833 0.003333 0.031555 0.006995 -0.029537 -0.040154 -0.024695 0.006133 0.012909 -0.015107 -0.053331 -0.078818 -0.068128 -0.025204 0.005209 -0.010239 -0.051868 -0.096405 -0.104103 -0.071134 -0.012578 0.039324 0.038098 0.037796 0.074178 0.089143 0.068852 0.032548 -0.006221 -0.035900 -0.018003 0.022495 0.037993 0.046702 0.015603 -0.070450 -0.118381 -0.058961 0.034223 0.047052 0.009459 0.001700 0.005825 0.024860 0.052967 0.050894 0.017628 -0.007450 -0.031006 -0.085189 -0.146335 -0.135400 -0.069018 -0.016562 -0.008826 0.003098 0.044904 0.066891 0.074896 0.077220 0.041190 -0.020640 -0.088285 -0.125099 -0.106217 -0.066884 -0.041941 -0.032340 -0.027282 -0.021541 0.005476 0.037096 0.059016 0.083337 0.076648 0.042603 0.021421 0.004761 -0.024927 -0.038935 -0.031609 -0.017260 0.009975 0.035792 0.030410 0.025592 0.043552 0.053305 0.038788 -0.005605 -0.054081
-0.025840 0.004064 -0.006096 -0.032538 -0.045411 -0.034654 0.012308 0.053296 0.035683 -0.002666 -0.013592 0.005383 0.033349 0.046249 0.045650 0.044900 0.027788 0.007234 0.019029 0.051913 0.055024 0.048257 0.040063 0.034710 0.046017 0.035555 -0.004933 -0.015856 0.005416 0.025641 0.037086 0.020814 -0.012454 -0.008456 0.006078 0.002654 -0.007378 0.018201 0.061300 0.084558 0.042386 -0.027948 -0.053703 -0.048184 -0.044846 -0.024864 -0.011448 0.025887 0.064596 0.052009 0.040534 0.046561 0.021919 -0.004182 -0.005909 -0.009277 -0.043115 -0.074454 -0.058342 -0.010969 0.010265 0.026245 0.034879 0.026978 0.009209 -0.012197 -0.010617 0.001730 -0.002738 -0.022116 -0.035064 -0.039342 -0.036136 -0.032170 -0.047751 -0.072522 -0.047155 0.047470 0.134220 0.131112 0.081834 0.031115 -0.007715 -0.036278 -0.059606 -0.067933 -0.042449 -0.045750 -0.097926 -0.101836 -0.027660 0.031382 0.030178 0.014157 -0.002303 -0.043221 -0.084450 -0.117091 -0.130787 -0.090869 -0.023661 0.018333 0.004618 -0.020614 -0.022741 -0.034626 -0.040784 -0.022225 -0.023299 -0.056301 -0.074094 -0.047867 -0.020290 -0.019085 -0.025684 -0.041371 -0.070898 -0.065853 -0.037937 0.006369 0.046218 0.028591 0.001647 0.005926 0.010229 0.016854 0.020069 0.019450 0.016983 0.022013 0.027132 0.008563 -0.011829 -0.048901 -0.111142 -0.134067 -0.065172 0.036829 0.069191 0.052562 0.044537 0.016146 0.000411 0.021535 0.029523 -0.000297 -0.028668 -0.057330 -0.090649 -0.113642 -0.080844 -0.014194 0.037232 0.055931 0.072741 0.093968 0.089044 0.067708 0.052955 0.030775 -0.006740 -0.062034 -0.113792 -0.126155 -0.101795 -0.068951 -0.046653 -0.028636 -0.016983 0.001624 0.038160 0.062959 0.064737 0.043989 0.014700 -0.010759 -0.035228 -0.051905 -0.056191 -0.041371 -0.007319 0.011175 -0.001296 -0.013132 -0.000298 0.022124 0.026062 0.023343 0.000403 -0.033930
-0.068451 -0.021774 -0.015114 -0.027074 -0.029161 -0.020822 0.022573 0.053935 0.031466 0.001662 -0.002654 0.007386 0.022224 0.027120 0.023744 0.014599 -0.012901 -0.034520 -0.026643 -0.007196 0.006192 0.040002 0.050910 0.028911 0.004235 -0.028307 -0.062583 -0.064930 -0.052963 -0.030712 -0.003053 -0.012673 -0.047423 -0.058059 -0.053339 -0.046678 -0.038143 0.008145 0.050926 0.073425 0.062134 0.014507 -0.021904 -0.032641 -0.040240 -0.016530 0.000867 0.025290 0.048622 0.037863 0.028744 0.042315 0.013760 -0.044578 -0.062135 -0.035118 -0.011044 -0.013046 -0.019106 -0.007675 -0.010030 -0.002906 0.010720 0.018234 0.013451 -0.002865 0.001453 0.012584 -0.000207 -0.020645 -0.036648 -0.050117 -0.045171 -0.021666 -0.034314 -0.076889 -0.072190 0.007417 0.073739 0.071686 0.051528 0.016890 -0.010241 -0.032221 -0.070233 -0.085006 -0.046560 -0.029625 -0.071276 -0.078149 -0.012358 0.027381 0.016953 0.012575 0.016782 -0.004854 -0.041259 -0.071886 -0.095898 -0.083408 -0.044141 -0.018635 -0.023463 -0.029775 -0.021331 -0.036873 -0.072759 -0.072426 -0.046323 -0.031160 -0.019708 0.005007 -0.010504 -0.043478 -0.027293 -0.007084 -0.016136 -0.014457 -0.010956 0.008024 0.030921 0.019523 -0.014500 -0.041570 -0.040175 -0.003982 0.027870 0.049335 0.069764 0.079290 0.067367 0.017805 -0.042366 -0.074315 -0.083848 -0.090579 -0.055736 0.016694 0.061518 0.066413 0.047130 -0.000335 -0.017118 0.008835 0.034407 0.049683 0.031001 -0.026239 -0.060132 -0.073784 -0.052374 0.010296 0.069690 0.102030 0.120657 0.111083 0.085734 0.060079 0.031241 0.002814 -0.004313 -0.000397 -0.026474 -0.067950 -0.077401 -0.056881 -0.033155 -0.013179 -0.009112 -0.012686 0.019027 0.053532 0.046831 0.016338 -0.014142 -0.039997 -0.055047 -0.062611 -0.062264 -0.027909 0.027665 0.035053 -0.002479 -0.010243 0.004926 0.007456 -0.010231 -0.011314 -0.015732 -0.041891
-0.092032 -0.035652 -0.013662 -0.019416 -0.035040 -0.040468 0.005390 0.040683 0.024622 0.013162 0.027950 0.024480 0.004343 -0.005290 0.001535 0.002436 -0.013962 -0.013613 0.002117 -0.017874 -0.043225 -0.000784 0.020685 -0.011260 -0.051478 -0.066995 -0.053075 -0.028937 -0.029880 -0.035020 -0.017760 -0.014685 -0.031348 -0.044294 -0.052304 -0.057158 -0.038571 0.019570 0.054879 0.062854 0.055124 0.026921 0.009284 0.014444 0.002788 -0.002099 0.006946 0.023315 0.030741 0.019705 0.012054 0.031140 0.013664 -0.050557 -0.076689 -0.044394 0.014146 0.050370 0.034591 0.003485 -0.013689 0.006344 0.015477 -0.000305 -0.007878 0.000228 0.014296 0.015070 -0.007127 -0.018506 -0.023694 -0.037278 -0.040371 -0.024159 -0.034159 -0.063370 -0.061932 -0.014559 0.012544 -0.000010 0.007563 0.014577 0.004943 -0.023897 -0.069044 -0.079851 -0.046533 -0.029177 -0.044498 -0.038788 0.008559 0.020760 -0.000927 0.001826 0.026835 0.030756 0.004329 -0.015323 -0.035535 -0.051069 -0.038150 -0.029523 -0.036508 -0.029254 -0.008697 -0.009846 -0.049885 -0.078042 -0.061310 -0.017031 0.023296 0.036926 -0.019746 -0.073609 -0.045272 0.005698 0.031768 0.026762 -0.002656 -0.023816 -0.027922 -0.016560 -0.022983 -0.044646 -0.033485 0.021223 0.058155 0.067070 0.080735 0.099700 0.100218 0.053241 -0.025004 -0.063479 -0.060629 -0.074224 -0.058816 -0.003132 0.044287 0.050275 0.007737 -0.048165 -0.048140 -0.015411 0.031036 0.109302 0.126768 0.065361 0.011196 -0.033971 -0.044945 -0.011282 0.023991 0.065861 0.097429 0.082080 0.079613 0.108892 0.098777 0.031109 0.005596 0.033168 0.035272 -0.001599 -0.026330 -0.024274 -0.004092 0.011868 0.014581 0.002562 0.017401 0.049132 0.037886 0.002295 -0.018510 -0.025016 -0.023302 -0.029452 -0.030351 0.005267 0.057695 0.064536 0.033711 0.027160 0.022248 -0.001832 -0.028161 -0.035812 -0.038764 -0.044624
-0.100930 -0.057696 -0.022971 -0.019525 -0.052275 -0.068062 -0.024024 0.016204 0.022331 0.028290 0.044019 0.033426 0.003035 -0.009189 -0.002562 -0.011385 -0.023534 -0.005544 0.021483 -0.006261 -0.048165 -0.019305 0.005456 -0.017903 -0.054855 -0.048983 0.001478 0.035871 0.012792 -0.024211 -0.025432 -0.017888 -0.021910 -0.028795 -0.027299 -0.031947 -0.026468 -0.002026 0.011882 0.017070 0.003727 -0.026677 -0.023162 0.025050 0.048606 0.038400 0.041309 0.061355 0.067196 0.048842 0.031046 0.035870 0.021262 -0.019074 -0.024875 -0.010186 0.019125 0.055290 0.047626 0.003242 -0.017955 0.018634 0.036108 0.011677 -0.002268 0.002322 0.006757 0.001577 -0.029782 -0.049530 -0.044047 -0.042193 -0.041112 -0.026699 -0.035268 -0.058530 -0.050216 -0.013302 -0.002768 -0.025488 -0.021214 0.008168 0.019240 -0.014422 -0.064323 -0.074873 -0.056772 -0.051654 -0.044245 -0.012670 0.026654 0.027774 0.008838 0.011410 0.032245 0.041711 0.022367 0.008853 -0.002844 -0.026713 -0.021967 -0.019185 -0.027806 -0.010440 0.015067 0.015562 -0.011897 -0.039623 -0.046756 -0.015520 0.034504 0.045688 -0.009929 -0.050411 -0.022731 0.035659 0.080080 0.069690 0.018914 -0.035777 -0.067765 -0.047558 -0.031727 -0.038013 -0.020578 0.038698 0.072561 0.066338 0.067271 0.086136 0.096852 0.062255 -0.010693 -0.047080 -0.050966 -0.078678 -0.075199 -0.028867 0.012565 0.007532 -0.030852 -0.062885 -0.060272 -0.041117 0.009927 0.124592 0.191854 0.148822 0.054369 -0.030007 -0.056282 -0.060605 -0.065943 -0.018181 0.027257 0.032888 0.107546 0.315757 0.429348 0.242814 0.063703 0.027855 0.024561 0.009423 0.006837 0.008379 0.011405 0.018898 0.046812 0.056276 0.040975 0.027529 -0.008065 -0.040461 -0.029701 0.004730 0.027467 0.022541 0.020611 0.043546 0.074776 0.081874 0.065225 0.048952 0.012877 -0.027898 -0.042808 -0.048600 -0.053915 -0.041953
-0.072983 -0.062481 -0.037699 -0.031469 -0.058384 -0.065367 -0.034661 -0.007995 0.019101 0.035982 0.024189 -0.001071 -0.008650 0.005096 0.005572 -0.023007 -0.033864 -0.014057 0.014014 0.014997 0.002701 0.032479 0.066949 0.051633 0.010007 0.006796 0.041790 0.068830 0.035229 -0.011413 -0.012155 -0.008408 -0.022744 -0.035050 -0.022568 -0.012337 -0.022118 -0.042545 -0.052601 -0.053199 -0.071724 -0.104185 -0.098831 -0.027285 0.056787 0.083250 0.072119 0.070199 0.070509 0.050601 0.019413 -0.002883 -0.016365 -0.022715 -0.006472 -0.003396 -0.011946 0.002371 0.023630 0.018396 0.005371 0.032546 0.047811 0.030277 0.023400 0.007100 -0.013863 -0.022731 -0.061757 -0.101575 -0.092098 -0.067862 -0.043128 -0.012320 -0.021744 -0.056119 -0.054933 -0.024569 -0.014143 -0.032001 -0.041135 -0.013018 0.029716 0.020621 -0.032687 -0.056580 -0.045169 -0.032199 -0.007514 0.036315 0.064105 0.054620 0.039874 0.040583 0.039133 0.033980 0.019995 0.007743 0.000170 -0.018716 -0.020724 -0.023394 -0.024468 -0.005219 0.008670 0.000526 -0.007188 -0.006134 -0.004562 0.010838 0.043632 0.057018 0.034312 0.024810 0.039710 0.064098 0.076296 0.057607 0.030633 -0.000472 -0.037102 -0.035457 -0.023519 -0.028846 -0.029311 0.000611 0.019556 0.017695 0.018532 0.021953 0.028522 0.014501 -0.025809 -0.034220 -0.018186 -0.025065 -0.038040 -0.043243 -0.029769 -0.030039 -0.035949 -0.037599 -0.050559 -0.069011 -0.037488 0.092859 0.199487 0.173142 0.053586 -0.039188 -0.067641 -0.117053 -0.149392 -0.067244 0.012822 0.028526 0.133895 0.486351 0.725769 0.441767 0.113326 -0.004966 -0.035601 -0.018234 0.036460 0.064847 0.046501 0.026354 0.054331 0.080430 0.047023 -0.008201 -0.063078 -0.100648 -0.082034 -0.023173 0.020799 0.033204 0.044974 0.069732 0.087330 0.083450 0.063291 0.040281 -0.005123 -0.039192 -0.037792 -0.043362 -0.055872 -0.053119
-0.008656 -0.012342 -0.017312 -0.041020 -0.058626 -0.045438 -0.017399 -0.002330 0.012683 0.014536 -0.013031 -0.039924 -0.027925 0.003972 0.003026 -0.018054 -0.020210 -0.019912 -0.005702 0.025931 0.054371 0.097229 0.136930 0.122607 0.078962 0.059789 0.061408 0.075298 0.055738 0.028343 0.026370 0.010393 -0.020880 -0.055270 -0.054637 -0.025162 -0.025402 -0.061753 -0.088672 -0.090980 -0.089737 -0.110711 -0.132732 -0.098265 0.002995 0.073092 0.068112 0.040385 0.017848 -0.000095 -0.016521 -0.042336 -0.058736 -0.060598 -0.051761 -0.046383 -0.056590 -0.053720 -0.008882 0.039325 0.048584 0.050536 0.040490 0.018938 0.022261 0.007955 -0.017463 -0.033771 -0.077602 -0.116549 -0.105553 -0.068797 -0.027802 0.002486 -0.008845 -0.035227 -0.032958 -0.012413 -0.005935 -0.017322 -0.034016 -0.028215 0.008628 0.022403 -0.010123 -0.025753 -0.002729 0.022021 0.037056 0.063093 0.081839 0.073202 0.069349 0.076556 0.058478 0.030594 0.010019 -0.013202 -0.027632 -0.032467 -0.027206 -0.027804 -0.020704 -0.013238 -0.023763 -0.031674 -0.011405 0.018795 0.034467 0.035115 0.039131 0.061565 0.068795 0.057218 0.035968 0.014240 -0.010079 -0.027103 0.006540 0.056224 0.051950 0.025558 0.014731 -0.004732 -0.029794 -0.023370 -0.011746 -0.008227 -0.007833 -0.027887 -0.043379 -0.040072 -0.036323 -0.015361 0.027296 0.059362 0.038723 -0.017160 -0.025006 -0.006462 0.008232 0.005423 -0.032617 -0.083726 -0.085553 0.028752 0.148535 0.137462 0.025338 -0.056230 -0.086829 -0.155649 -0.181478 -0.056671 0.059246 0.055526 0.071867 0.276811 0.446866 0.292055 0.081691 -0.029720 -0.071391 -0.025812 0.080063 0.151738 0.128622 0.065832 0.047525 0.057063 0.027502 -0.022424 -0.073268 -0.116352 -0.113629 -0.073794 -0.024144 0.024467 0.063716 0.089968 0.084832 0.061465 0.046053 0.040911 0.004982 -0.028695 -0.027908 -0.040705 -0.072420 -0.102457
0.050738 0.053910 0.025664 -0.032844 -0.053306 -0.036435 -0.005223 0.016622 0.009041 -0.010203 -0.030027 -0.037665 -0.016940 0.015792 0.016298 0.004857 -0.011609 -0.045525 -0.032673 0.027974 0.063359 0.073741 0.086086 0.089084 0.080816 0.072890 0.058300 0.042037 0.027889 0.025709 0.023624 0.005773 -0.018249 -0.069432 -0.084190 -0.045631 -0.030483 -0.052420 -0.080460 -0.074037 -0.039776 -0.040783 -0.086488 -0.117043 -0.063980 0.010964 0.023839 -0.003260 -0.025964 -0.015794 0.006124 -0.008208 -0.037961 -0.056143 -0.063187 -0.066072 -0.081354 -0.085660 -0.039120 0.028603 0.050872 0.033990 0.015577 0.006172 0.014930 0.010139 0.000447 -0.009554 -0.041429 -0.067781 -0.069809 -0.041783 0.000637 0.013991 -0.006820 -0.015395 0.003110 0.021372 0.026350 0.027313 0.017382 -0.013684 -0.035163 -0.029410 -0.026366 -0.020212 0.008882 0.043499 0.050757 0.048284 0.052767 0.055389 0.065821 0.075464 0.057942 0.021808 -0.013862 -0.051791 -0.061337 -0.039245 -0.015261 -0.015516 -0.015742 -0.019365 -0.037460 -0.029155 0.005376 0.035416 0.045916 0.038835 0.037435 0.070915 0.079227 0.033966 -0.022002 -0.063885 -0.092507 -0.092820 -0.022547 0.075100 0.109658 0.088723 0.058256 0.015750 -0.012690 0.004948 0.028956 0.031302 0.024893 -0.003171 -0.050069 -0.080233 -0.077677 -0.050515 0.008688 0.076231 0.075647 0.032499 0.044244 0.071093 0.070363 0.044773 0.002168 -0.037682 -0.063072 -0.006436 0.081920 0.061932 -0.039109 -0.110021 -0.124506 -0.142215 -0.127415 -0.010475 0.090781 0.063806 0.009253 0.046110 0.112138 0.096373 0.041047 -0.017375 -0.051487 -0.017297 0.079208 0.171604 0.167355 0.088979 0.038713 0.024261 0.005438 -0.014702 -0.046005 -0.073462 -0.080258 -0.076781 -0.036925 0.033070 0.085690 0.099715 0.062418 0.024286 0.031723 0.059981 0.037538 -0.021698 -0.045926 -0.054451 -0.082198 -0.126946
0.086669 0.071344 0.027328 -0.023061 -0.041318 -0.037397 -0.013396 0.012625 0.004925 -0.006825 -0.010419 -0.007259 0.002792 0.018390 0.017676 0.013912 -0.011988 -0.059885 -0.038400 0.041826 0.065962 0.026986 0.003351 0.030121 0.061062 0.066644 0.046145 0.007405 -0.020510 -0.024173 -0.014807 0.001092 0.001352 -0.052934 -0.080820 -0.047166 -0.012205 0.002968 -0.002331 0.004197 0.025134 0.021699 -0.022231 -0.082097 -0.086889 -0.054078 -0.042023 -0.046252 -0.035446 0.011533 0.049398 0.032371 -0.004453 -0.014912 -0.013814 -0.030225 -0.059728 -0.069703 -0.030479 0.019201 0.025446 0.002797 -0.002413 0.011695 0.023312 0.013403 0.011546 0.006084 -0.024173 -0.041591 -0.030281 0.003647 0.031795 0.020354 -0.016370 -0.022162 0.007663 0.034913 0.047274 0.058290 0.056323 0.014532 -0.033316 -0.040831 -0.026070 -0.016788 0.001651 0.046445 0.066385 0.042675 0.010889 -0.000605 0.012364 0.034037 0.045327 0.020342 -0.032826 -0.073084 -0.060280 -0.025186 -0.009466 -0.021179 -0.030475 -0.024059 -0.017637 0.007262 0.034352 0.043461 0.037633 0.027378 0.035786 0.066828 0.054461 -0.011034 -0.072586 -0.102060 -0.106971 -0.088845 -0.035946 0.031319 0.064051 0.063093 0.035919 -0.003504 -0.002671 0.039785 0.076705 0.076944 0.058951 0.029649 -0.027888 -0.094800 -0.119200 -0.107730 -0.059958 0.010882 0.038403 0.048262 0.101206 0.122769 0.089040 0.042872 0.020437 0.016797 -0.001059 0.019893 0.071829 0.029237 -0.083285 -0.157836 -0.142146 -0.091422 -0.055720 0.008666 0.061457 0.027401 -0.012791 -0.002030 0.028041 0.030073 0.010383 -0.018352 -0.042635 -0.031171 0.019581 0.090067 0.108963 0.055496 0.015079 -0.010211 -0.028688 -0.020082 -0.010131 -0.022158 -0.050999 -0.070259 -0.049185 0.006593 0.060055 0.073737 0.030476 -0.008324 0.011630 0.065750 0.073301 0.003189 -0.051229 -0.051058 -0.040620 -0.059915
0.065671 0.023538 -0.018523 -0.023092 -0.029216 -0.037206 -0.019550 0.002494 -0.000523 -0.005112 -0.000429 0.001285 -0.016774 -0.025690 -0.020247 -0.007055 -0.016447 -0.045128 -0.010235 0.066433 0.082617 0.036862 -0.004967 0.016297 0.056238 0.075156 0.070101 0.027295 -0.036727 -0.063992 -0.033201 0.028902 0.052302 0.001814 -0.043405 -0.029824 0.012097 0.058360 0.088467 0.089301 0.060609 0.036227 0.008898 -0.037277 -0.065769 -0.072539 -0.066290 -0.047930 -0.012207 0.036670 0.061629 0.042249 0.012945 0.021510 0.046494 0.032680 -0.005401 -0.027587 -0.001858 0.025214 0.022936 0.019949 0.018377 0.018283 0.020570 0.007544 -0.000862 -0.024989 -0.069114 -0.076583 -0.039643 0.017139 0.039629 0.014330 -0.027349 -0.052745 -0.049424 -0.028479 -0.009083 0.002338 0.011085 0.008997 -0.005340 -0.010699 -0.005101 -0.005158 -0.000756 0.038820 0.069971 0.042301 -0.015068 -0.047072 -0.032665 0.009302 0.044478 0.028948 -0.023269 -0.044729 -0.014450 0.006690 -0.016360 -0.041893 -0.044840 -0.022347 0.000343 0.018566 0.030246 0.028237 0.014911 -0.003773 0.002137 0.023972 -0.002022 -0.064071 -0.109102 -0.104792 -0.066676 -0.041128 -0.040843 -0.030248 -0.015105 -0.012536 -0.034069 -0.053642 -0.021841 0.039417 0.082047 0.082969 0.062314 0.035127 -0.003114 -0.046467 -0.069908 -0.090135 -0.090911 -0.054406 -0.014900 0.027098 0.088847 0.101581 0.050667 0.004673 0.002833 0.019585 0.026182 0.041828 0.067989 0.026682 -0.087064 -0.175946 -0.141948 -0.057090 -0.034602 -0.030118 -0.025084 -0.048223 -0.028959 0.011772 0.014677 -0.014790 -0.033413 -0.032199 -0.028527 -0.024238 -0.020762 0.003621 0.038514 0.023309 -0.003544 -0.042365 -0.066105 -0.038032 0.012805 0.016043 -0.030512 -0.068442 -0.073443 -0.040278 0.016342 0.039314 0.011926 -0.006180 0.031127 0.107292 0.146903 0.084254 -0.003316 -0.023444 -0.002619 -0.009814
-0.014722 -0.057094 -0.063012 -0.007059 0.006519 -0.014022 0.004402 0.024347 0.001389 -0.021650 -0.014481 -0.017151 -0.052876 -0.066724 -0.044694 -0.022694 -0.026266 -0.032023 0.020332 0.081098 0.089670 0.064470 0.021554 0.019824 0.054103 0.085194 0.094953 0.053827 -0.024138 -0.047985 0.004845 0.087079 0.117109 0.061248 -0.000583 -0.008096 0.014536 0.050518 0.088290 0.086865 0.036864 0.013105 0.015781 0.009278 -0.011238 -0.030957 -0.031754 -0.011389 0.030911 0.069327 0.071532 0.042036 0.019370 0.030153 0.060418 0.062000 0.041541 0.017135 0.017203 0.021633 0.020586 0.032924 0.014717 -0.017151 -0.007657 0.001934 -0.010317 -0.049374 -0.095103 -0.097055 -0.060802 -0.012398 0.007396 0.003293 -0.006245 -0.034094 -0.074764 -0.088083 -0.069909 -0.057888 -0.037045 -0.005423 -0.003305 -0.008818 -0.004822 -0.002331 0.001904 0.027371 0.053828 0.032171 -0.018970 -0.041158 -0.012026 0.040526 0.071347 0.056925 0.024421 0.015991 0.037619 0.033785 -0.020353 -0.049645 -0.038732 -0.012919 0.000618 0.000422 0.002069 0.007664 0.004093 -0.020560 -0.023086 -0.005172 -0.026094 -0.068516 -0.086879 -0.058503 0.002251 0.014831 -0.041988 -0.068939 -0.048009 -0.037044 -0.053707 -0.064771 -0.037363 0.017784 0.056876 0.051899 0.026120 0.007015 0.000815 0.012398 0.015274 -0.029348 -0.068335 -0.059092 -0.021473 0.021613 0.051303 0.039657 -0.005699 -0.033315 -0.033248 -0.019361 0.003539 0.020438 0.027781 -0.006214 -0.110756 -0.190878 -0.140340 -0.053236 -0.040839 -0.063333 -0.078925 -0.084760 -0.025315 0.038366 0.020262 -0.035317 -0.038329 0.005496 0.041308 0.042319 0.014941 0.018694 0.073099 0.062952 0.000545 -0.067169 -0.083499 -0.048973 0.008164 0.032887 0.003196 -0.040421 -0.062506 -0.048305 -0.000782 0.023780 0.011946 0.021069 0.080270 0.162022 0.207050 0.156933 0.050910 -0.007923 -0.002260 -0.011286
-0.076650 -0.106607 -0.078835 0.011655 0.048302 0.026615 0.033273 0.045679 0.009994 -0.020058 -0.007174 -0.010611 -0.042695 -0.058983 -0.042639 -0.023015 -0.022004 -0.003906 0.063862 0.105336 0.099241 0.081305 0.041188 0.026736 0.048894 0.058811 0.044547 0.013779 -0.023211 -0.016535 0.038347 0.103932 0.123510 0.071434 0.016287 -0.004545 -0.011296 0.004907 0.029958 0.016212 -0.030185 -0.035691 -0.003557 0.029903 0.037750 0.026494 0.011658 0.009627 0.043706 0.090634 0.084438 0.025600 -0.009618 -0.000323 0.031686 0.056761 0.066486 0.051758 0.030534 0.009101 -0.004821 -0.000430 -0.032092 -0.067050 -0.032607 -0.000718 -0.008795 -0.029976 -0.053870 -0.065899 -0.051783 -0.033537 -0.024136 -0.000340 0.031900 0.029342 -0.017769 -0.048488 -0.037544 -0.034350 -0.018271 0.008000 -0.014918 -0.036886 -0.027366 -0.012962 0.005607 0.031300 0.051456 0.038426 -0.003642 -0.017365 0.011554 0.051035 0.075987 0.078794 0.076349 0.076050 0.069784 0.035811 -0.024079 -0.038846 -0.008677 0.012419 0.000745 -0.016841 -0.015979 0.000742 0.012420 -0.003416 -0.012501 -0.007607 -0.016486 -0.030872 -0.033150 -0.004455 0.055990 0.050410 -0.035013 -0.071199 -0.036686 -0.010046 -0.018076 -0.031222 -0.028068 -0.003822 0.017196 0.001995 -0.034840 -0.045956 -0.022759 0.027340 0.051772 0.013794 -0.008677 0.005468 0.022055 0.043356 0.050444 0.022610 -0.017785 -0.042025 -0.056829 -0.054352 -0.027170 0.005434 0.022318 -0.004183 -0.097875 -0.159976 -0.121320 -0.059751 -0.040310 -0.053187 -0.064857 -0.074086 -0.024248 0.053372 0.049404 -0.009053 -0.007773 0.050040 0.093539 0.084393 0.054921 0.123448 0.242353 0.183914 0.037019 -0.068421 -0.092993 -0.081278 -0.057753 -0.027597 -0.025822 -0.039622 -0.046114 -0.044302 -0.022260 -0.003726 -0.003228 0.024091 0.092318 0.156080 0.176291 0.141696 0.048311 -0.025025 -0.003027 0.019183
-0.102875 -0.108369 -0.064262 0.011197 0.042624 0.029047 0.030336 0.045986 0.024773 -0.001196 0.004231 0.001286 -0.007453 -0.025580 -0.035830 -0.021178 -0.009646 0.020020 0.087774 0.112324 0.086057 0.063841 0.047795 0.048983 0.054666 0.024280 -0.024848 -0.047312 -0.047308 -0.020766 0.025526 0.064208 0.068125 0.040070 0.011273 -0.022880 -0.046526 -0.016537 0.018490 -0.012065 -0.072562 -0.076540 -0.035684 0.010683 0.053409 0.079243 0.062798 0.028872 0.043093 0.101500 0.096608 0.008332 -0.054116 -0.046991 -0.003514 0.049949 0.084092 0.074045 0.035172 -0.005207 -0.019239 -0.016444 -0.043950 -0.056681 -0.013970 0.008561 -0.007865 -0.019067 -0.020041 -0.027272 -0.030858 -0.036212 -0.035678 -0.014651 0.010887 0.012871 0.002431 0.002427 0.006223 -0.002756 0.013919 0.029793 -0.018120 -0.055415 -0.043064 -0.024179 0.014065 0.062170 0.080831 0.072717 0.031104 -0.004456 -0.002708 0.014834 0.032991 0.036273 0.039793 0.063859 0.067136 0.028034 -0.026215 -0.025845 0.016893 0.031125 0.001439 -0.025545 -0.029850 -0.018954 -0.002529 0.000266 -0.008466 -0.017055 -0.012664 -0.006454 -0.014628 -0.002104 0.041428 0.023392 -0.042058 -0.050236 -0.009583 0.013562 0.009177 -0.003457 -0.020238 -0.028811 -0.024125 -0.027302 -0.050500 -0.055210 -0.024888 0.018207 0.032222 0.019539 0.037627 0.061402 0.053170 0.044868 0.062140 0.071980 0.045849 0.004713 -0.035399 -0.055120 -0.051701 -0.014503 0.037835 0.037389 -0.056269 -0.133160 -0.127526 -0.096059 -0.073708 -0.051512 -0.027760 -0.046369 -0.033097 0.045786 0.082029 0.049292 0.021309 0.033625 0.058119 0.044630 0.040695 0.182055 0.341003 0.248334 0.075318 -0.028606 -0.079364 -0.119378 -0.145570 -0.124326 -0.094162 -0.063678 -0.038665 -0.042138 -0.049255 -0.039142 -0.027984 0.008769 0.069030 0.108285 0.104868 0.078242 0.005972 -0.050353 0.001340 0.055613
-0.116039 -0.104565 -0.063751 -0.020902 -0.000189 0.001562 0.006262 0.027094 0.024582 0.002551 -0.008817 -0.012332 0.007394 0.004143 -0.018679 -0.016360 -0.011359 0.001455 0.037927 0.052787 0.032536 0.016894 0.032388 0.066424 0.068592 0.017329 -0.040879 -0.054477 -0.036799 -0.003214 0.029002 0.032835 0.011585 0.022278 0.046549 0.003452 -0.035841 0.004895 0.057660 0.023707 -0.046161 -0.047741 -0.017231 0.004126 0.051134 0.099832 0.088506 0.047896 0.050947 0.096645 0.082674 -0.007674 -0.071958 -0.062970 -0.024199 0.021489 0.054438 0.052770 0.018596 -0.011097 0.000831 0.009725 -0.014568 -0.009774 0.022652 0.024418 -0.006076 -0.027222 -0.012354 0.002726 -0.020472 -0.054718 -0.059092 -0.047588 -0.053969 -0.065793 -0.036140 -0.000112 0.001472 -0.001742 0.024717 0.031378 -0.016154 -0.040873 -0.023478 -0.004225 0.046831 0.119765 0.136635 0.108893 0.062058 0.016462 -0.000654 -0.009850 -0.026655 -0.047741 -0.046863 -0.004837 0.020832 -0.002660 -0.042887 -0.033702 -0.002928 -0.000862 -0.009124 -0.006886 -0.017083 -0.032835 -0.031177 -0.020386 -0.021966 -0.029165 -0.013338 0.004517 -0.008490 -0.020861 -0.018840 -0.042149 -0.058396 -0.014215 0.030553 0.026016 0.013513 0.013687 -0.007165 -0.034489 -0.036545 -0.019262 -0.014852 -0.015766 -0.000961 0.007391 0.004341 0.019803 0.046342 0.056210 0.044691 0.019740 0.040543 0.101670 0.103180 0.046960 -0.005711 -0.033103 -0.060948 -0.061816 -0.009662 0.015959 -0.072435 -0.156603 -0.151679 -0.141194 -0.134500 -0.083992 -0.016182 -0.019356 -0.032281 0.024576 0.086357 0.089934 0.041748 -0.002114 -0.009837 -0.014954 0.010257 0.118405 0.207202 0.153719 0.062685 0.012333 -0.035681 -0.108078 -0.164500 -0.154661 -0.110424 -0.060879 -0.022951 -0.019617 -0.031849 -0.020753 -0.007083 0.018719 0.047426 0.055936 0.047099 0.022325 -0.037830 -0.068064 -0.009828 0.045494
-0.079450 -0.076044 -0.073615 -0.063598 -0.032588 -0.013789 -0.017370 -0.013313 -0.008947 -0.005298 -0.010537 -0.012724 0.017168 0.026610 0.000346 -0.016148 -0.023182 -0.025833 -0.019510 -0.001360 0.010876 0.004109 0.016127 0.057656 0.069140 0.028929 -0.014890 -0.009432 0.021002 0.041151 0.040191 0.010962 -0.010442 0.094665 0.224052 0.140191 0.027563 0.034428 0.075912 0.043677 -0.012097 0.003248 0.029266 0.025270 0.045010 0.072149 0.062255 0.053442 0.065958 0.085638 0.062590 -0.003146 -0.037258 -0.024482 -0.018829 -0.021195 -0.006438 0.010054 -0.006561 -0.021852 0.003241 0.007622 -0.014608 -0.000100 0.020593 0.012847 -0.012852 -0.018287 0.014143 0.032157 -0.014798 -0.063218 -0.059160 -0.041527 -0.063830 -0.091124 -0.057084 -0.015448 -0.010595 -0.008327 0.001849 -0.012700 -0.034456 -0.023488 -0.007114 0.017840 0.079772 0.150905 0.155302 0.091843 0.032442 -0.000196 -0.013676 -0.038131 -0.074673 -0.094659 -0.081200 -0.047615 -0.036070 -0.047766 -0.061189 -0.053469 -0.055160 -0.063500 -0.026985 0.022471 0.010558 -0.028676 -0.040948 -0.037696 -0.048002 -0.051216 -0.014997 0.015932 0.006524 -0.024305 -0.050175 -0.070772 -0.066559 -0.002027 0.042782 0.028008 0.021473 0.034787 0.015742 -0.015137 -0.019167 0.003071 0.016105 0.008349 0.004854 -0.003315 -0.003439 0.023369 0.038924 0.042008 0.046750 0.021752 0.027371 0.100027 0.125291 0.070669 0.018547 0.005423 -0.017157 -0.050245 -0.037011 -0.020047 -0.084312 -0.139008 -0.129966 -0.143637 -0.152651 -0.104311 -0.026627 -0.006798 -0.013430 0.023732 0.069783 0.079684 0.042298 -0.012396 -0.035715 -0.023724 0.023449 0.067718 0.065985 0.046959 0.032148 0.030497 0.005722 -0.058293 -0.111577 -0.106338 -0.059343 -0.019654 -0.002374 0.004465 0.015410 0.045239 0.065267 0.077223 0.061514 0.029151 0.021769 0.005319 -0.048800 -0.073609 -0.041225 -0.011714
0.012202 -0.004737 -0.052497 -0.064251 -0.018610 0.001761 -0.015371 -0.025271 -0.014671 0.015306 0.017251 0.005868 0.017041 0.015582 -0.010607 -0.033090 -0.045999 -0.051268 -0.048996 -0.023662 0.011972 0.016044 0.023338 0.071554 0.099558 0.053838 -0.012078 -0.005731 0.029295 0.024215 -0.009266 -0.043470 -0.024304 0.171985 0.369777 0.240365 0.063877 0.031208 0.044231 0.021431 -0.005930 0.020192 0.047901 0.040536 0.029390 0.018264 0.003463 0.026839 0.057528 0.064036 0.058020 0.046418 0.044449 0.042040 0.014437 -0.018575 -0.018089 0.006054 0.000510 -0.023252 -0.020363 -0.024221 -0.043714 -0.034758 -0.015825 -0.019746 -0.037124 -0.017125 0.017532 0.014378 -0.034233 -0.057428 -0.032439 -0.008797 -0.024621 -0.055060 -0.047690 -0.026039 -0.020219 -0.019366 -0.032262 -0.072031 -0.081074 -0.052520 -0.037205 0.008549 0.083288 0.127215 0.112015 0.042775 -0.012579 -0.031535 -0.037557 -0.059566 -0.086852 -0.086411 -0.058341 -0.043619 -0.056121 -0.055133 -0.052330 -0.074250 -0.102451 -0.101642 -0.041818 0.026180 0.020112 -0.023182 -0.040144 -0.044167 -0.065199 -0.077678 -0.040098 0.001819 0.007451 -0.026472 -0.058897 -0.070101 -0.065421 -0.009575 0.034012 0.034137 0.039727 0.037238 0.009160 -0.006978 0.002317 0.026730 0.028581 0.000934 -0.011528 -0.007466 0.002973 0.020289 0.031558 0.042802 0.060828 0.043223 0.031241 0.082274 0.128384 0.107737 0.064097 0.055628 0.051656 0.027129 0.018489 -0.006358 -0.058030 -0.070242 -0.062331 -0.095198 -0.115843 -0.092395 -0.045193 -0.034286 -0.029166 0.003475 0.030764 0.049882 0.038307 0.003169 -0.011094 0.005760 0.037232 0.041810 0.020455 0.023020 0.037731 0.043968 0.020851 -0.025463 -0.056168 -0.043775 -0.001122 0.010852 -0.010552 -0.014512 0.009953 0.060179 0.111384 0.133045 0.096599 0.042356 0.032473 0.023599 -0.019045 -0.046791 -0.046110 -0.043140
0.091989 0.066753 0.006007 -0.014154 0.007819 0.011487 0.002688 0.002063 0.011394 0.029309 0.017022 -0.002550 -0.009805 -0.025687 -0.041935 -0.056393 -0.069379 -0.074006 -0.068138 -0.038363 -0.003975 0.003984 0.015055 0.064519 0.097059 0.045981 -0.030839 -0.032309 -0.007017 -0.023194 -0.059931 -0.077940 -0.056282 0.057562 0.181544 0.123951 0.033005 0.006698 0.008325 0.007862 -0.003472 0.010908 0.040112 0.034217 -0.007860 -0.043258 -0.055175 -0.028399 0.003784 0.013434 0.041671 0.079086 0.085534 0.062911 0.025465 0.001524 0.008394 0.031339 0.030978 -0.002009 -0.021409 -0.033617 -0.056130 -0.054434 -0.033349 -0.039150 -0.061042 -0.044572 -0.031251 -0.049049 -0.064934 -0.048417 -0.020445 -0.011247 -0.012973 -0.022987 -0.036902 -0.039819 -0.030740 -0.016769 -0.027347 -0.076411 -0.093233 -0.080219 -0.056879 0.014671 0.078958 0.086115 0.063689 0.026671 0.001418 -0.004758 -0.017750 -0.051136 -0.077394 -0.063794 -0.026309 -0.013954 -0.021886 -0.013512 -0.030218 -0.092695 -0.123847 -0.092221 -0.033797 0.013621 0.007943 -0.025314 -0.036361 -0.038915 -0.056046 -0.078273 -0.067649 -0.027905 -0.000509 -0.022347 -0.058268 -0.062944 -0.048210 -0.004959 0.030061 0.041415 0.051870 0.027385 -0.019794 -0.035864 -0.017867 0.011329 -0.001776 -0.042077 -0.043085 -0.022181 -0.015043 -0.007527 0.012053 0.042643 0.072239 0.057799 0.028145 0.053507 0.144987 0.196452 0.135757 0.079093 0.072416 0.067254 0.046272 -0.025164 -0.076835 -0.050277 -0.025975 -0.049996 -0.075896 -0.080430 -0.078834 -0.098617 -0.092916 -0.063553 -0.033348 0.022094 0.040968 0.015562 -0.005958 -0.005956 0.005152 0.010916 0.016566 0.034322 0.059517 0.056701 0.017156 -0.019340 -0.023153 0.000939 0.025071 0.002473 -0.050124 -0.065712 -0.041572 0.013181 0.089237 0.131531 0.118879 0.082324 0.063619 0.039893 0.002543 -0.016035 -0.021433 -0.025613
0.114171 0.085934 0.038488 0.017304 0.001553 -0.006045 0.006047 0.016150 0.012064 0.002034 -0.027507 -0.049390 -0.052437 -0.065803 -0.078718 -0.084232 -0.077051 -0.065950 -0.049323 -0.011157 0.005946 -0.004461 -0.008900 0.007821 0.019844 -0.000723 -0.023196 -0.009918 0.003089 -0.016925 -0.053295 -0.067807 -0.080626 -0.097310 -0.061847 -0.013867 0.015419 0.008194 0.006364 0.029999 0.022585 0.017542 0.049985 0.044647 -0.018110 -0.062581 -0.067248 -0.057759 -0.047492 -0.037609 0.005141 0.054352 0.061294 0.039427 0.007423 -0.002106 0.019837 0.049288 0.053239 0.025689 0.002584 -0.024948 -0.056639 -0.046309 -0.020639 -0.035481 -0.068084 -0.070400 -0.076880 -0.086390 -0.047629 -0.002936 -0.002199 -0.024392 -0.029929 -0.023929 -0.026748 -0.027390 -0.017189 0.003799 0.001304 -0.040030 -0.062851 -0.068204 -0.036600 0.030857 0.052344 0.034849 0.021806 0.008241 0.000508 0.005357 -0.001076 -0.024971 -0.048621 -0.037946 0.001648 0.020221 0.019263 0.012745 -0.023762 -0.073963 -0.084500 -0.040972 -0.002843 0.006283 -0.013980 -0.038895 -0.044386 -0.049125 -0.054964 -0.066554 -0.066153 -0.027278 0.009962 -0.008995 -0.052678 -0.058040 -0.033412 0.003602 0.040802 0.053538 0.045764 0.010351 -0.047786 -0.081396 -0.067952 -0.034539 -0.045782 -0.085174 -0.086623 -0.067778 -0.061204 -0.041406 -0.002857 0.041298 0.073681 0.057443 0.013329 0.018859 0.146898 0.251115 0.164548 0.051321 0.040776 0.065509 0.032278 -0.064016 -0.102327 -0.058751 -0.030560 -0.036809 -0.049285 -0.061767 -0.085338 -0.117803 -0.118173 -0.110226 -0.089958 -0.022785 0.014232 -0.002991 -0.044191 -0.065247 -0.049621 -0.019518 0.005520 0.032882 0.079966 0.099703 0.058509 0.016672 0.015933 0.037530 0.038156 -0.009603 -0.080240 -0.094572 -0.057605 -0.008570 0.036973 0.063581 0.077215 0.070341 0.056421 0.032279 0.001868 -0.004547 0.004318 0.012495
0.106909 0.076048 0.031036 0.009326 -0.003058 0.012445 0.038753 0.043429 0.027495 0.002215 -0.037969 -0.069569 -0.073101 -0.087961 -0.109368 -0.104993 -0.066367 -0.029372 0.008574 0.056970 0.065098 0.030378 -0.009469 -0.033358 -0.045916 -0.048352 -0.023429 0.016111 0.031726 0.013175 -0.026699 -0.057590 -0.101774 -0.170024 -0.165536 -0.069896 0.019346 0.024013 0.020470 0.055403 0.052673 0.043006 0.076886 0.080159 0.025540 -0.021114 -0.033214 -0.045870 -0.060302 -0.062942 -0.035407 0.004999 0.018171 0.009859 -0.008124 -0.012694 0.007280 0.035506 0.037939 0.020655 0.008620 -0.014481 -0.039662 -0.024528 0.001670 -0.005511 -0.034019 -0.045506 -0.058490 -0.059471 -0.001700 0.035814 0.006376 -0.034146 -0.044231 -0.027119 0.004389 0.029484 0.027059 0.017116 0.003667 -0.017144 -0.036172 -0.051802 -0.020359 0.023469 0.000644 -0.029740 -0.026538 -0.020041 -0.018115 -0.011635 0.003631 0.020356 0.001995 -0.018951 0.004603 0.034600 0.033271 0.004440 -0.020965 -0.020963 -0.015827 0.007223 0.018395 -0.011113 -0.044803 -0.051678 -0.061723 -0.084612 -0.085639 -0.071724 -0.041929 0.012764 0.038858 0.006135 -0.044960 -0.054245 -0.028743 0.000131 0.029222 0.027086 0.002340 -0.022250 -0.066678 -0.094812 -0.076462 -0.035707 -0.022366 -0.050504 -0.071093 -0.069561 -0.067638 -0.052426 -0.020696 0.001157 0.011803 0.010224 -0.008963 -0.007707 0.070427 0.139100 0.088240 -0.001359 -0.003522 0.056070 0.052096 -0.006551 -0.028954 -0.023692 -0.041239 -0.059666 -0.059095 -0.051951 -0.058047 -0.075765 -0.079851 -0.091107 -0.095715 -0.056745 -0.025495 -0.026356 -0.070737 -0.110160 -0.095608 -0.060099 -0.040896 0.000347 0.078571 0.135688 0.120197 0.084840 0.061194 0.039346 0.011769 -0.029674 -0.087245 -0.084795 -0.029169 0.007181 0.001805 -0.000623 0.013917 0.015120 0.016996 0.023016 0.014824 0.014400 0.024516 0.035595
0.108912 0.066054 0.012168 -0.007069 0.008063 0.052077 0.079145 0.072593 0.058000 0.041944 0.004053 -0.045331 -0.077629 -0.107207 -0.122167 -0.098645 -0.045151 -0.001789 0.040578 0.085686 0.106900 0.082243 0.027580 -0.008692 -0.033923 -0.048273 -0.017544 0.030664 0.051348 0.044196 0.019227 -0.018515 -0.085452 -0.155244 -0.159655 -0.080700 -0.001051 0.002869 0.005772 0.045741 0.053260 0.059668 0.101948 0.120981 0.097652 0.064698 0.029025 -0.018201 -0.054662 -0.078027 -0.078397 -0.057211 -0.045840 -0.030576 -0.003106 0.008101 0.003161 0.006927 0.003208 0.007867 0.026985 0.020960 -0.005222 -0.008944 0.011948 0.023644 0.005643 -0.003854 0.002360 0.016300 0.049054 0.042493 -0.014987 -0.054009 -0.038442 0.015213 0.090409 0.143665 0.116551 0.046211 0.006236 -0.005060 -0.030426 -0.058582 -0.036316 -0.013695 -0.061347 -0.093737 -0.061172 -0.024243 -0.016534 -0.018772 0.008618 0.050978 0.028566 -0.027364 -0.024300 0.021267 0.025923 -0.013485 -0.021278 0.007653 0.022779 0.027940 0.015929 -0.046357 -0.086388 -0.062001 -0.065024 -0.102588 -0.106907 -0.082165 -0.026557 0.041674 0.059678 0.037805 0.002284 -0.018133 -0.018282 -0.020338 -0.020412 -0.035044 -0.042390 -0.030661 -0.044570 -0.058958 -0.041175 0.002457 0.035144 0.026343 0.012810 0.003260 -0.019630 -0.037942 -0.040532 -0.050201 -0.064430 -0.047763 -0.006794 0.020409 0.005503 -0.017802 -0.035873 -0.074683 -0.067173 0.004975 0.060408 0.082414 0.061586 0.007881 -0.054130 -0.079086 -0.064663 -0.033380 -0.013976 -0.010088 -0.001881 -0.019488 -0.054373 -0.065231 -0.062662 -0.049736 -0.064299 -0.095265 -0.089896 -0.078851 -0.079078 -0.019970 0.075532 0.146449 0.169331 0.175507 0.134682 0.041516 -0.031290 -0.058380 -0.071917 -0.049435 -0.005162 0.020281 0.007102 -0.004082 -0.004360 -0.003369 0.008308 0.030074 0.043372 0.045035 0.032492 0.019868
0.111101 0.050568 -0.003468 -0.011243 0.024762 0.075379 0.089592 0.074853 0.070414 0.070374 0.036512 -0.028628 -0.092128 -0.130622 -0.123695 -0.081778 -0.030337 0.000804 0.021350 0.049525 0.091173 0.102614 0.069015 0.042540 0.011165 -0.012269 0.014025 0.058475 0.081602 0.082721 0.071045 0.040784 -0.025649 -0.081640 -0.092407 -0.053568 -0.015771 -0.025137 -0.021811 0.014214 0.021468 0.040775 0.101063 0.143911 0.158772 0.147657 0.091149 0.012155 -0.046004 -0.090372 -0.107523 -0.096483 -0.091969 -0.062610 0.011041 0.045531 0.020424 0.000600 -0.015507 0.006592 0.059825 0.066480 0.025674 -0.000555 0.021690 0.039781 0.016752 0.014043 0.051019 0.083797 0.091040 0.040478 -0.045742 -0.085633 -0.044837 0.041429 0.151025 0.236759 0.206489 0.094113 0.026123 0.001719 -0.045235 -0.086530 -0.061553 -0.040663 -0.098123 -0.121339 -0.052224 0.001505 -0.000558 -0.008204 0.024902 0.062444 0.026767 -0.035142 -0.039113 0.007226 0.008678 -0.037482 -0.031930 0.007328 0.027424 0.024118 0.004383 -0.067549 -0.110797 -0.066652 -0.052368 -0.095168 -0.103502 -0.077375 -0.025434 0.031883 0.053954 0.063160 0.050239 0.018979 -0.009804 -0.038871 -0.049380 -0.055958 -0.047375 -0.017728 -0.017674 -0.036142 -0.028246 0.013602 0.048756 0.051630 0.063229 0.061202 0.017953 -0.025710 -0.040790 -0.050125 -0.071410 -0.051615 0.031734 0.081501 -0.001221 -0.098638 -0.122655 -0.135069 -0.113352 -0.054743 0.007080 0.059600 0.047490 -0.007167 -0.064160 -0.078748 -0.051378 -0.003029 0.031032 0.045236 0.057676 0.025053 -0.031590 -0.068908 -0.086254 -0.064344 -0.048989 -0.060322 -0.050996 -0.058942 -0.074048 -0.009738 0.080334 0.146970 0.195785 0.238040 0.191745 0.057906 -0.041984 -0.072985 -0.056385 -0.018963 -0.006067 0.011482 0.021875 0.017251 0.003520 0.007678 0.021999 0.038324 0.057121 0.052399 0.023065 -0.002606
