0.136111 -0.264544 -0.624129 -0.702384 -0.730607 -0.480956 -0.203601 -0.694359 -1.261828 -0.738815 -0.027946 0.396817 0.694510 0.605035 0.130100 -0.216118 -0.494718 -0.742870 -0.717807 -0.362342 -0.120580 -0.333499 -0.646799 -0.775033 -0.599890 0.035402 0.267272 0.044851 0.191451 0.474216 0.272866 0.048800 0.032616 -0.143601 -0.299039 -0.372887 -0.365902 -0.222582 -0.153508 -0.142109 -0.122272 -0.092057 -0.112390 -0.320141 -0.524986 -0.372097 0.141331 0.600075 0.653984 0.319479 -0.309662 -0.778263 -0.457963 0.222479 0.450613 0.553590 0.659758 0.599679 0.620149 0.499790 0.278686 0.056760 -0.003611 0.356026 0.725682 0.480020 -0.141485 -0.501450 -0.301448 -0.170327 -0.390945 -0.453792 -0.168109 0.273985 0.316497 -0.119249 -0.292844 0.219332 0.822370 0.930297 0.627640 0.289672 0.203547 0.127708 0.155545 0.149561 -0.249735 -0.539368 -0.300826 0.161931 0.263398 0.173994 0.070289 -0.077470 -0.049632 0.100869 0.171810 0.294495 0.365790 0.161357 -0.215744 -0.419017 -0.393920 -0.273255 -0.170841 -0.143421 -0.264054 -0.435581 -0.263725 0.250342 0.721670 0.496256 0.068462 0.232503 0.692937 0.892838 0.755000 1.000835 1.462495 1.061642 0.263357 -0.178783 -0.255241 -0.105732 0.192532 0.593200 0.578958 0.011474 -0.275025 -0.394727 -0.558669 -0.358110 0.093703 0.403126 0.454212 0.309385 -0.132758 -0.454105 -0.543511 -0.641663 -0.709285 -0.724276 -0.558829 -0.170071 -0.018648 0.050961 0.246753 0.184010 -0.008667 0.151665 0.463493 0.687355 0.797799 0.689995 0.491643 0.157273 -0.092495 -0.064027 -0.020972 -0.022131 0.202850 0.485203 0.396586 0.232920 0.418465 0.558800 0.542967 0.515497 0.450831 0.140361 -0.438178 -1.076777 -1.318609 -1.046167 -0.335344 0.496450 0.933346 0.901197 0.782728 0.729782 0.605604 0.462649 0.243481 0.135164 0.368371 0.616369 0.253695 -0.338040 -0.551299 -0.451982
-0.268352 -0.605685 -0.811124 -0.751540 -0.608344 -0.293171 -0.088234 -0.337607 -0.596935 -0.359152 -0.108682 0.187723 0.525594 0.498257 0.073723 -0.436952 -0.704239 -0.695069 -0.559241 -0.338883 -0.267880 -0.444268 -0.631699 -0.527388 -0.171731 0.218995 0.208644 -0.036359 0.180471 0.639813 0.618634 0.296174 -0.043736 -0.316068 -0.308720 -0.121079 0.048950 0.252396 0.291233 0.163499 0.002529 -0.059724 -0.049455 -0.281754 -0.526097 -0.445693 -0.056062 0.320042 0.463454 0.224991 -0.252977 -0.416501 -0.043353 0.235183 0.072642 0.083705 0.413318 0.522733 0.280337 -0.117771 -0.280976 -0.170352 -0.056867 0.178192 0.373763 0.297244 0.064522 -0.201543 -0.277429 -0.299486 -0.412819 -0.572617 -0.594712 -0.373972 -0.140433 -0.054036 -0.034325 0.167218 0.478890 0.667614 0.672735 0.509141 0.280798 0.061744 0.052409 0.133796 -0.003083 -0.114291 -0.051932 -0.084032 -0.123904 0.102432 0.132724 -0.100166 -0.108253 0.015302 0.045934 0.121764 0.199558 0.034057 -0.339212 -0.546207 -0.511357 -0.355521 -0.164067 -0.104242 -0.197495 -0.408348 -0.246916 0.335662 0.798829 0.608702 0.163472 0.171747 0.538412 0.765304 0.655353 0.597619 0.810235 0.736420 0.293240 0.055633 0.075225 0.068410 0.070031 0.288977 0.477269 0.332427 0.086246 -0.285742 -0.490914 -0.223738 0.134331 0.363439 0.448458 0.377250 0.017195 -0.384758 -0.571034 -0.627270 -0.617971 -0.371295 0.040833 0.157237 -0.091610 -0.238027 -0.083118 -0.019452 -0.191644 -0.176171 0.244190 0.689149 0.767719 0.610051 0.350952 0.014508 -0.240787 -0.311263 -0.249468 -0.122201 0.132993 0.449688 0.430737 0.261411 0.346222 0.457988 0.544619 0.485105 0.264612 0.009414 -0.378350 -0.864843 -1.083380 -0.899481 -0.282964 0.372505 0.638404 0.643995 0.718711 0.747271 0.549436 0.223995 -0.096516 -0.103013 0.235992 0.426836 0.044610 -0.463056 -0.694911 -0.708010
-0.601997 -0.954598 -1.080828 -0.891027 -0.640267 -0.343057 -0.134461 -0.139233 -0.122754 -0.020887 -0.039013 0.134130 0.385027 0.357633 0.008367 -0.569089 -0.906698 -0.810694 -0.657266 -0.608249 -0.558521 -0.517405 -0.545480 -0.318476 0.075091 0.148801 -0.107668 -0.314294 0.021150 0.531890 0.528549 0.123806 -0.357117 -0.628943 -0.584116 -0.210217 0.252874 0.537710 0.481226 0.370566 0.223511 0.165465 0.332136 0.164983 -0.218308 -0.371094 -0.221218 0.120641 0.459786 0.431546 0.174394 0.178302 0.443901 0.443817 -0.001676 -0.214438 0.140301 0.305459 -0.070009 -0.445395 -0.288191 0.214122 0.360595 0.149328 -0.057879 0.031480 0.235057 0.099522 -0.150471 -0.168352 -0.173525 -0.400005 -0.586541 -0.566671 -0.353260 -0.106278 -0.061639 0.002643 0.194578 0.479404 0.697293 0.624743 0.340563 0.004566 -0.188786 -0.137878 -0.037304 0.007138 -0.028811 -0.307244 -0.431550 -0.043455 0.166268 0.029855 0.090334 0.245680 0.224307 0.102234 0.059593 -0.043202 -0.271866 -0.351662 -0.331021 -0.345531 -0.249787 -0.102446 -0.080328 -0.354873 -0.336184 0.192134 0.669971 0.699091 0.419657 0.279017 0.364897 0.388900 0.273983 0.227457 0.476883 0.680385 0.511257 0.428631 0.468119 0.269735 -0.137429 -0.267520 -0.008750 0.288408 0.222815 -0.242889 -0.405461 -0.084639 0.166850 0.315456 0.371487 0.355639 0.183560 -0.184516 -0.431679 -0.497121 -0.449713 -0.045533 0.448117 0.357321 -0.117081 -0.355957 -0.242162 -0.078597 -0.189031 -0.296015 0.100424 0.555840 0.516566 0.364644 0.195393 -0.086079 -0.316793 -0.366937 -0.223675 -0.072175 0.092870 0.291089 0.189102 0.025193 0.028375 0.076716 0.256999 0.275813 0.023199 -0.128192 -0.288111 -0.660460 -0.900418 -0.831880 -0.364541 0.091528 0.128075 0.100462 0.378521 0.611846 0.476931 0.015608 -0.324237 -0.159315 0.100570 0.026077 -0.296781 -0.557185 -0.727384 -0.872847
-0.482412 -0.798927 -1.034065 -0.988042 -0.785221 -0.459733 -0.138046 -0.055272 0.068762 0.289042 0.337863 0.388674 0.425709 0.369775 0.042434 -0.587371 -1.020821 -0.969901 -0.809197 -0.763777 -0.603526 -0.372796 -0.328785 -0.206600 -0.004865 -0.144640 -0.482308 -0.631461 -0.209889 0.346240 0.348922 -0.095486 -0.587945 -0.833517 -0.836196 -0.508523 0.000226 0.289795 0.307898 0.392315 0.404684 0.443967 0.780632 0.709190 0.085678 -0.402766 -0.392264 0.053016 0.487746 0.674330 0.753767 0.751018 0.673813 0.577680 0.276421 -0.121696 -0.160449 -0.133948 -0.304433 -0.303991 0.124666 0.648620 0.705077 0.245300 -0.138804 -0.058445 0.040430 -0.174305 -0.336102 -0.176625 -0.034349 -0.167887 -0.371676 -0.556471 -0.487721 -0.304188 -0.254803 0.000705 0.345560 0.562448 0.591772 0.441806 0.308075 0.100368 -0.208524 -0.289709 -0.192666 -0.133720 -0.128005 -0.289029 -0.451758 -0.178445 0.261204 0.374454 0.444903 0.508241 0.329808 0.046530 0.042993 0.075602 -0.021831 0.028519 0.046415 -0.159561 -0.215155 -0.018633 0.044790 -0.294038 -0.538375 -0.322297 0.111910 0.469901 0.486023 0.267787 0.140625 0.073170 -0.034180 0.050509 0.408250 0.609202 0.448776 0.372473 0.432326 0.264000 -0.238691 -0.557144 -0.432250 -0.052700 0.059105 -0.197024 -0.243435 -0.000684 0.137133 0.211417 0.227663 0.252457 0.199148 -0.028352 -0.148431 -0.182202 -0.270796 -0.079036 0.278664 0.125737 -0.295011 -0.358081 -0.128469 0.072707 -0.018732 -0.090881 0.287781 0.558566 0.398682 0.268161 0.208573 0.005781 -0.212344 -0.208553 0.033773 0.164000 0.252325 0.303920 0.046195 -0.128768 -0.147255 -0.163024 -0.028418 0.032393 -0.177395 -0.269401 -0.307734 -0.581026 -0.721912 -0.575550 -0.227462 -0.028859 -0.182968 -0.248988 0.090751 0.480456 0.603670 0.254769 -0.086302 0.024385 0.044756 -0.221788 -0.421882 -0.534967 -0.675595 -0.844977
-0.458179 -0.582006 -0.878976 -1.095373 -1.000266 -0.506880 0.108666 0.318887 0.421239 0.647127 0.694777 0.583951 0.519176 0.511997 0.165952 -0.472719 -0.842674 -0.813778 -0.749758 -0.716847 -0.535069 -0.223018 -0.082040 -0.084977 -0.049242 -0.137748 -0.350731 -0.389763 0.046988 0.511858 0.467050 0.009023 -0.439414 -0.652873 -0.702086 -0.567373 -0.370846 -0.146888 0.100506 0.261171 0.382117 0.502645 0.802006 0.732608 0.057011 -0.517932 -0.540572 -0.133401 0.238182 0.584983 0.987318 1.041934 0.733132 0.571860 0.489921 0.037212 -0.447982 -0.597211 -0.435026 -0.048979 0.449533 0.739170 0.682808 0.295074 0.029151 0.051786 -0.167655 -0.503621 -0.502993 -0.313869 -0.125866 -0.138180 -0.311671 -0.601995 -0.653853 -0.546805 -0.417780 0.013702 0.491528 0.680449 0.502641 0.160534 0.094277 0.217615 0.090400 -0.159060 -0.253782 -0.239067 -0.252749 -0.386103 -0.468897 -0.131915 0.422474 0.540854 0.401662 0.215296 -0.060481 -0.173684 0.159053 0.390025 0.311245 0.293035 0.165333 -0.093439 -0.183466 -0.039484 -0.002302 -0.321508 -0.572219 -0.479030 -0.242657 0.029538 0.154256 0.151795 0.134547 0.077165 -0.028330 0.065072 0.346012 0.437797 0.263262 0.157833 0.200016 0.171639 -0.008672 -0.150122 -0.259474 -0.256201 -0.184060 -0.129022 -0.036616 -0.013252 -0.029684 0.061448 0.071159 0.061348 0.046798 -0.056407 -0.094008 -0.190253 -0.467147 -0.458414 -0.147791 -0.257782 -0.565116 -0.416627 0.084400 0.370790 0.197438 0.119042 0.471761 0.628597 0.400702 0.195162 0.149433 0.086842 -0.076867 -0.032811 0.284597 0.380899 0.334365 0.288191 0.115887 0.029029 0.007880 -0.036023 -0.008021 -0.063826 -0.276442 -0.342097 -0.340517 -0.425436 -0.356809 -0.143686 -0.021814 -0.094827 -0.266053 -0.277045 -0.001687 0.363733 0.668327 0.566073 0.244172 0.129077 -0.014023 -0.223333 -0.321935 -0.457814 -0.570610 -0.555688
-0.531331 -0.492874 -0.733887 -0.983615 -0.896645 -0.421941 0.307690 0.739982 0.885738 0.980174 0.888559 0.660395 0.560621 0.550583 0.261982 -0.170494 -0.303608 -0.273132 -0.447854 -0.622675 -0.541265 -0.196680 0.169615 0.248002 0.224254 0.254129 0.188552 0.265006 0.646163 0.863435 0.664861 0.228573 -0.091654 -0.259230 -0.371617 -0.320553 -0.297304 -0.179077 0.064636 0.149388 0.341203 0.436802 0.505994 0.401659 -0.121473 -0.506927 -0.555607 -0.404854 -0.100211 0.307021 0.745798 0.893477 0.675847 0.515900 0.414968 -0.003715 -0.581739 -0.796959 -0.481633 0.117324 0.684219 0.825350 0.570781 0.257046 0.207112 0.220807 -0.119431 -0.433421 -0.316391 -0.209890 -0.107182 -0.028293 -0.124825 -0.453432 -0.662566 -0.682775 -0.611570 -0.290821 0.217341 0.596809 0.495910 0.036632 -0.075014 0.253800 0.327043 -0.029491 -0.307471 -0.418165 -0.535944 -0.625040 -0.462119 0.037051 0.397185 0.271751 -0.018777 -0.283570 -0.403358 -0.162205 0.341259 0.518649 0.321196 0.159917 -0.095535 -0.231428 -0.258732 -0.233368 -0.199632 -0.341490 -0.328611 -0.132712 -0.117908 -0.256797 -0.323851 -0.084968 0.230650 0.283600 0.259440 0.343083 0.463967 0.534621 0.406694 0.184055 0.100926 0.083692 0.164575 0.300019 0.213101 -0.009557 -0.063040 0.032923 0.061223 -0.090790 -0.192605 -0.061552 0.029903 0.050484 0.042176 -0.074319 -0.225186 -0.479906 -0.743158 -0.657761 -0.350029 -0.397860 -0.627802 -0.424896 0.171264 0.440359 0.250298 0.213224 0.511711 0.596724 0.294877 -0.017895 -0.124368 -0.101504 -0.131611 0.064331 0.475812 0.502579 0.245610 0.149749 0.193119 0.139683 0.042854 0.041664 -0.016610 -0.289807 -0.497291 -0.452323 -0.426794 -0.375571 -0.169907 0.054452 0.037652 -0.122906 -0.141598 -0.080709 0.027717 0.181672 0.439197 0.604297 0.506413 0.378442 0.242927 0.063244 -0.203336 -0.532717 -0.616440 -0.399358
-0.237046 -0.227304 -0.420347 -0.493195 -0.337583 -0.166018 0.238558 0.702997 0.927458 1.039812 1.005518 0.831289 0.710907 0.670325 0.478424 0.226142 0.245100 0.314263 -0.016335 -0.495099 -0.636807 -0.360805 0.166073 0.398390 0.412349 0.559151 0.622523 0.734612 0.988651 1.009240 0.689753 0.302981 0.158343 0.112374 0.020455 0.114491 0.195682 0.134846 0.079773 0.154087 0.502043 0.539328 0.285834 0.093677 -0.201771 -0.275845 -0.285528 -0.400705 -0.298667 0.041444 0.342512 0.491713 0.500060 0.458112 0.304830 -0.049315 -0.539555 -0.734528 -0.410772 0.117541 0.533772 0.676007 0.447007 0.205552 0.315204 0.312305 -0.006716 -0.209072 -0.072511 -0.096536 -0.065399 0.216108 0.260401 -0.081805 -0.434196 -0.600629 -0.695549 -0.576836 -0.033296 0.531926 0.543231 0.136433 0.006031 0.237308 0.310672 0.000198 -0.323389 -0.528546 -0.621328 -0.563417 -0.355993 -0.021776 0.029392 -0.223927 -0.407680 -0.531853 -0.415112 0.139369 0.539794 0.403449 0.069676 -0.205023 -0.536763 -0.552651 -0.489320 -0.466548 -0.324337 -0.184622 0.002926 0.052647 -0.131793 -0.311082 -0.327261 -0.101016 0.215428 0.339291 0.532042 0.699101 0.710033 0.682407 0.453776 0.065648 -0.146223 -0.207109 -0.078468 0.259899 0.462196 0.355371 0.257204 0.167165 -0.029781 -0.170671 -0.192959 -0.046510 0.149284 0.257211 0.190083 0.002365 -0.208614 -0.423774 -0.400612 -0.209908 -0.155973 -0.358024 -0.661923 -0.600500 -0.093951 0.164404 0.087376 0.102425 0.342813 0.452857 0.236818 -0.024893 -0.189846 -0.307592 -0.348456 -0.036534 0.463529 0.540463 0.242213 0.068456 0.072413 -0.043852 -0.088423 0.062316 -0.032556 -0.444141 -0.613735 -0.401687 -0.260878 -0.259042 -0.213266 -0.064091 -0.058714 -0.076389 0.144188 0.297518 0.321093 0.245053 0.294623 0.577229 0.738412 0.692614 0.476467 0.171610 -0.264090 -0.692858 -0.789781 -0.632554
0.058766 0.009782 -0.150625 -0.096646 0.036949 -0.036868 0.081005 0.475084 0.731763 0.918458 1.005288 0.936100 0.859928 0.855878 0.714988 0.474353 0.378427 0.380499 0.143283 -0.343190 -0.685914 -0.584554 -0.093869 0.134224 0.267208 0.627924 0.907422 1.031983 1.011413 0.804813 0.453774 0.218651 0.319958 0.356097 0.150107 0.125541 0.297637 0.338502 0.267978 0.386989 0.731428 0.662313 0.171968 -0.021131 0.012118 0.103232 0.038105 -0.189195 -0.313188 -0.157153 -0.047732 0.046834 0.296898 0.516204 0.453930 0.094032 -0.339888 -0.377041 -0.029429 0.197607 0.272323 0.394273 0.364237 0.321379 0.473165 0.401119 0.167360 0.079359 0.122317 -0.043223 -0.004783 0.466860 0.623916 0.323434 -0.093443 -0.371931 -0.555101 -0.487600 0.086108 0.582120 0.569702 0.373902 0.306009 0.295019 0.223934 -0.096403 -0.453823 -0.524219 -0.335362 -0.219228 -0.302300 -0.404080 -0.514988 -0.615215 -0.552498 -0.500631 -0.296767 0.301311 0.533090 0.258315 0.003101 -0.282000 -0.703672 -0.757751 -0.605674 -0.542387 -0.423396 -0.160461 0.097072 -0.016682 -0.300331 -0.210673 0.146928 0.228358 0.081052 0.005263 0.339976 0.738092 0.815402 0.653177 0.344669 0.043731 -0.121177 -0.230788 -0.227443 0.116939 0.497317 0.533223 0.441111 0.201203 -0.059152 -0.067074 -0.021432 0.058141 0.230370 0.374075 0.301297 0.104383 -0.088833 -0.199753 -0.007948 0.151252 0.017800 -0.292765 -0.677893 -0.810246 -0.559461 -0.355167 -0.257567 -0.090937 0.206101 0.385944 0.282877 0.111070 -0.089140 -0.349295 -0.456221 -0.160807 0.355595 0.599249 0.398265 0.096177 -0.052883 -0.144280 -0.057897 0.141287 -0.013129 -0.444514 -0.603159 -0.419187 -0.211305 -0.094559 -0.011030 0.042074 -0.064135 -0.060659 0.280498 0.510160 0.540842 0.415498 0.296228 0.452359 0.693869 0.701129 0.376177 -0.012469 -0.316851 -0.548840 -0.572974 -0.510755
-0.080608 -0.078776 -0.183134 -0.115396 -0.048594 -0.178766 -0.148373 0.203001 0.516060 0.742333 0.839456 0.826875 0.753809 0.712765 0.704875 0.597337 0.312785 0.074024 -0.018603 -0.198490 -0.558276 -0.630050 -0.330000 -0.222221 0.056193 0.574435 0.910950 0.927425 0.691683 0.440910 0.219119 0.174669 0.428405 0.387681 -0.017555 -0.232319 -0.018302 0.358111 0.587163 0.686401 0.701536 0.405821 -0.022839 -0.043595 0.155865 0.135403 -0.014707 -0.154018 -0.367704 -0.507557 -0.574937 -0.255574 0.289239 0.595146 0.496122 0.110353 -0.114492 0.182578 0.519236 0.404275 0.252582 0.276015 0.296528 0.533688 0.744827 0.610707 0.439270 0.332171 0.210401 -0.019944 0.015068 0.488889 0.731510 0.549954 0.163673 -0.097945 -0.265736 -0.180098 0.349542 0.675475 0.617844 0.580584 0.625836 0.526509 0.313271 -0.125962 -0.561540 -0.469933 0.018364 0.112405 -0.243844 -0.620718 -0.732141 -0.639433 -0.471735 -0.409035 -0.302743 0.064919 0.235867 0.203516 0.189331 -0.089715 -0.665431 -0.858432 -0.654675 -0.624267 -0.619319 -0.386673 -0.132011 -0.132182 -0.272830 -0.070916 0.377028 0.370271 0.012234 -0.228253 -0.019605 0.460312 0.600444 0.385907 0.194379 0.224704 0.257604 0.031355 -0.191825 -0.004717 0.378544 0.472840 0.354694 0.087173 -0.013611 0.138551 0.199403 0.153506 0.176809 0.286998 0.313083 0.229351 0.145835 0.038133 0.046705 0.041631 -0.091476 -0.318347 -0.666162 -0.929615 -0.945974 -0.759898 -0.413969 -0.045345 0.292556 0.441883 0.310645 0.133563 -0.042142 -0.216510 -0.187885 0.100865 0.482979 0.713826 0.597480 0.280592 0.115467 0.078038 0.126585 0.187823 -0.088852 -0.548727 -0.776979 -0.818712 -0.745661 -0.376223 0.159718 0.368894 0.130450 -0.052798 0.170052 0.425510 0.506751 0.440714 0.243762 0.203903 0.420232 0.478248 0.150381 -0.162049 -0.138941 -0.165038 -0.337670 -0.446097
-0.104912 -0.056325 -0.180497 -0.242068 -0.265793 -0.417751 -0.453565 -0.139852 0.319899 0.661946 0.788110 0.736066 0.490762 0.330848 0.531606 0.688344 0.314340 -0.068347 -0.042315 0.020602 -0.319931 -0.643410 -0.654533 -0.538530 -0.072689 0.445775 0.655912 0.561105 0.389343 0.320622 0.250383 0.254477 0.405296 0.224699 -0.261563 -0.516815 -0.239798 0.322694 0.646358 0.631621 0.434324 0.076324 -0.166258 -0.073656 -0.010776 -0.246324 -0.425710 -0.436408 -0.552999 -0.738312 -0.788435 -0.164454 0.435318 0.486348 0.184391 -0.112928 -0.006608 0.497820 0.685529 0.424243 0.273609 0.193434 0.181435 0.552900 0.773831 0.587795 0.378346 0.251579 0.193086 0.129316 0.118520 0.313683 0.466585 0.307240 -0.048553 -0.188669 -0.176120 -0.005901 0.391951 0.598991 0.524262 0.420001 0.512570 0.583735 0.436196 -0.042460 -0.533264 -0.487056 -0.021151 0.109877 -0.123840 -0.342954 -0.410933 -0.394035 -0.304553 -0.321756 -0.410877 -0.293011 0.051630 0.383639 0.507255 0.197547 -0.470285 -0.784465 -0.687240 -0.772661 -0.711940 -0.358041 -0.258878 -0.262947 -0.257804 -0.053676 0.231453 0.182448 -0.005350 -0.098286 -0.031210 0.253064 0.297151 0.035368 -0.135701 0.014804 0.232203 0.118028 -0.093834 -0.091069 0.117791 0.211352 0.140512 -0.041891 -0.018390 0.222915 0.293062 0.123802 -0.045562 -0.058377 0.042751 0.168363 0.354911 0.404309 0.252254 0.003239 -0.233591 -0.375249 -0.650685 -0.971361 -1.025059 -0.767994 -0.356987 0.000178 0.255407 0.327097 0.230805 0.166457 0.095438 0.148027 0.435981 0.700137 0.810427 0.813977 0.760502 0.506343 0.234240 0.091086 0.105351 0.150993 -0.237810 -0.772399 -0.876212 -0.831887 -0.850732 -0.484058 0.164415 0.446779 0.229118 -0.065595 -0.018025 0.301251 0.520448 0.471794 0.220382 0.056157 0.226159 0.388701 0.155242 -0.126005 -0.047738 -0.114118 -0.520107 -0.772326
-0.189868 0.000154 0.051476 -0.014151 -0.091317 -0.335392 -0.487709 -0.195855 0.336877 0.695283 0.788733 0.637814 0.393842 0.299101 0.480678 0.666701 0.287644 -0.090066 -0.005749 0.127309 -0.188693 -0.664307 -0.768581 -0.454557 -0.012256 0.282015 0.417065 0.358670 0.338738 0.426411 0.433577 0.353328 0.286291 0.011959 -0.477130 -0.706939 -0.397969 0.095911 0.231434 0.173129 0.156627 0.014080 -0.125983 -0.099856 -0.153825 -0.408422 -0.608442 -0.651495 -0.622723 -0.609196 -0.549775 0.027148 0.324405 0.016669 -0.359234 -0.301488 0.167071 0.602333 0.600400 0.453999 0.383802 0.186407 0.189862 0.539739 0.555840 0.270102 0.083881 0.109456 0.330935 0.455258 0.311616 0.133216 0.082924 -0.116954 -0.464669 -0.575039 -0.327452 0.039525 0.367596 0.482581 0.294400 0.007172 0.106752 0.418193 0.431165 0.017510 -0.487741 -0.589103 -0.338238 -0.174711 -0.077325 0.066013 0.041016 -0.075404 -0.117987 -0.344426 -0.644198 -0.482772 0.158644 0.632836 0.776704 0.495252 -0.084433 -0.444942 -0.603160 -0.784389 -0.563669 -0.062315 -0.083409 -0.224874 -0.165111 0.090568 0.206827 -0.029333 -0.237367 -0.172623 -0.002209 0.108632 0.015280 -0.200106 -0.410546 -0.431240 -0.211277 0.025976 0.095745 -0.085147 -0.287787 -0.269438 -0.067856 -0.058192 0.013069 0.365261 0.457981 0.096858 -0.254883 -0.318870 -0.173375 0.093236 0.442623 0.604275 0.401871 0.066643 -0.198649 -0.298788 -0.499034 -0.803015 -0.877346 -0.703175 -0.375900 -0.036776 0.115597 0.071445 0.033004 0.224559 0.376403 0.617118 0.964156 1.056828 0.940852 0.852684 0.924389 0.693851 0.165437 -0.253418 -0.234307 -0.041209 -0.409231 -0.929528 -0.743442 -0.388498 -0.390750 -0.185485 0.205627 0.318659 0.228062 0.096894 0.087913 0.336407 0.566815 0.506173 0.291279 0.121797 0.276373 0.610604 0.528674 0.178653 -0.056522 -0.377628 -0.763625 -0.880247
-0.760992 -0.336934 0.170520 0.333414 0.261413 0.026734 -0.073266 0.228028 0.575763 0.721542 0.718095 0.563152 0.456486 0.423081 0.399027 0.395221 0.094744 -0.217057 -0.156227 0.020298 -0.125537 -0.510649 -0.575497 -0.204145 0.044861 0.077303 0.171941 0.204397 0.233710 0.357995 0.485883 0.380430 0.104911 -0.245842 -0.628213 -0.747199 -0.456909 -0.211153 -0.282200 -0.272154 -0.086002 -0.047239 -0.053658 -0.078340 -0.154185 -0.288271 -0.525620 -0.683337 -0.611996 -0.450511 -0.282931 0.090627 0.172622 -0.223033 -0.578400 -0.228392 0.495298 0.775909 0.620498 0.557697 0.491663 0.178310 0.173583 0.534048 0.488618 0.144978 -0.087916 -0.061138 0.232582 0.390257 0.153639 -0.156362 -0.231764 -0.352583 -0.554328 -0.605472 -0.296615 0.123627 0.360784 0.309486 0.000173 -0.296075 -0.190810 0.125256 0.210788 0.065738 -0.251022 -0.493889 -0.490409 -0.446991 -0.276440 0.003000 -0.008602 -0.113974 -0.204767 -0.550147 -0.862048 -0.551876 0.138625 0.472273 0.576157 0.423107 0.162505 -0.014290 -0.296885 -0.509163 -0.234723 0.176799 0.078743 -0.102060 0.053341 0.376811 0.328682 -0.123891 -0.446600 -0.332015 0.015123 0.206617 0.137101 -0.030154 -0.334376 -0.632831 -0.575875 -0.118984 0.183641 -0.062133 -0.413754 -0.305345 0.044457 0.018775 -0.005183 0.348590 0.482440 0.020133 -0.342800 -0.147437 0.155785 0.380316 0.633488 0.709618 0.494608 0.254604 0.020895 -0.159777 -0.316629 -0.598101 -0.827296 -0.867332 -0.564379 -0.076142 0.037763 -0.168190 -0.204238 0.237758 0.726428 1.058355 1.142048 0.870880 0.562402 0.546445 0.843899 0.766804 0.186523 -0.424035 -0.517821 -0.262873 -0.355100 -0.616809 -0.412254 -0.171298 -0.216112 0.032378 0.384461 0.387565 0.411918 0.560875 0.517203 0.443705 0.474886 0.447037 0.325750 0.158427 0.268585 0.689325 0.737984 0.413377 0.020717 -0.435444 -0.700592 -0.608136
-0.992374 -0.522931 0.067656 0.295501 0.178790 0.040429 0.257055 0.631350 0.729020 0.649017 0.608480 0.576201 0.483750 0.384484 0.313662 0.171574 -0.199655 -0.595838 -0.607640 -0.303422 -0.167117 -0.392531 -0.504242 -0.248642 -0.059981 -0.072217 0.003756 0.064824 0.009200 0.023604 0.192236 0.171316 -0.188236 -0.591203 -0.802530 -0.702705 -0.381966 -0.385406 -0.597705 -0.549172 -0.298452 -0.190792 -0.027701 0.015887 -0.145975 -0.310957 -0.544285 -0.677688 -0.521435 -0.317436 -0.234592 -0.047882 0.093042 -0.131916 -0.417072 -0.032939 0.582664 0.713431 0.531801 0.438355 0.336786 0.054641 0.046310 0.393948 0.539282 0.348950 -0.027623 -0.310270 -0.238539 0.047699 0.035565 -0.210943 -0.244266 -0.205753 -0.191463 -0.176480 -0.054732 0.246204 0.383003 0.117373 -0.291745 -0.480823 -0.367683 -0.169598 -0.048937 0.139265 0.058752 -0.239513 -0.246111 -0.359086 -0.536555 -0.467774 -0.472850 -0.431518 -0.387277 -0.643727 -0.878900 -0.551445 0.040218 0.196305 0.150373 0.105643 0.184543 0.232843 -0.061348 -0.300139 -0.048735 0.242081 0.110514 -0.042707 0.186679 0.496179 0.282867 -0.245443 -0.434728 -0.199893 0.193405 0.521343 0.504587 0.249136 -0.037770 -0.381194 -0.593474 -0.340055 -0.008276 -0.143298 -0.258940 0.093727 0.375187 0.126866 -0.118777 0.043548 0.176384 -0.157847 -0.289556 0.261153 0.612278 0.490794 0.437254 0.539554 0.573214 0.494785 0.191937 -0.174078 -0.297036 -0.430922 -0.631255 -0.681093 -0.358009 0.067177 0.015360 -0.317677 -0.366131 0.207945 1.003703 1.359996 1.173908 0.733603 0.382735 0.356138 0.712502 0.806270 0.484577 -0.013334 -0.349586 -0.330961 -0.181664 -0.138464 -0.135053 -0.256750 -0.303428 0.155838 0.604228 0.509466 0.456177 0.746294 0.697907 0.318876 0.151833 0.222651 0.167568 0.007420 0.108572 0.476216 0.503503 0.300112 0.125265 -0.170692 -0.372855 -0.282069
-0.564028 -0.327695 -0.065257 0.118613 0.023901 -0.018926 0.414411 0.750088 0.616503 0.365472 0.356618 0.553294 0.526704 0.373650 0.335868 0.197020 -0.253151 -0.759091 -0.800335 -0.416392 -0.219503 -0.425811 -0.547254 -0.366868 -0.141190 -0.028609 0.114495 0.157311 0.017563 -0.125994 -0.157426 -0.190416 -0.455349 -0.766669 -0.913417 -0.778675 -0.504132 -0.508999 -0.519962 -0.350784 -0.135274 -0.069374 0.047714 0.112924 -0.064411 -0.373423 -0.666035 -0.645769 -0.281583 -0.148212 -0.312490 -0.293222 -0.119983 -0.229258 -0.369207 -0.029132 0.301597 0.332802 0.236541 0.140570 0.111344 0.060376 0.044835 0.153393 0.324475 0.388174 0.062450 -0.404059 -0.459198 0.002781 0.210926 -0.023159 -0.058047 0.100300 0.177830 0.179833 0.199405 0.442118 0.489089 0.054071 -0.420614 -0.525770 -0.386685 -0.265938 -0.224173 -0.035770 -0.079551 -0.274344 -0.042571 -0.136936 -0.579454 -0.641200 -0.474310 -0.288496 -0.262552 -0.556761 -0.801439 -0.470235 0.113956 0.243845 0.049498 0.006561 0.208884 0.333251 0.059251 -0.153612 0.152774 0.478643 0.360866 0.092943 0.189289 0.442032 0.145816 -0.381381 -0.406479 -0.128211 0.133467 0.379739 0.367858 0.176276 0.172855 0.010926 -0.363610 -0.372821 -0.201436 -0.285543 -0.263137 0.086007 0.306332 0.045029 -0.261384 -0.189670 -0.052265 -0.139985 0.024212 0.626875 0.806487 0.449099 0.275675 0.457094 0.585825 0.472306 0.100050 -0.376276 -0.483827 -0.330186 -0.243041 -0.085484 0.273121 0.450821 0.140653 -0.253130 -0.322326 0.186401 0.997494 1.265199 0.993656 0.729016 0.554692 0.432226 0.615784 0.730356 0.662013 0.431081 0.084899 -0.057772 0.097022 0.190800 -0.035162 -0.339682 -0.371082 0.077315 0.551970 0.480482 0.262649 0.403220 0.389631 0.057692 -0.089699 -0.027703 -0.086386 -0.149379 -0.005418 0.175087 0.019326 -0.052881 0.136233 0.089243 -0.121038 -0.144874
-0.085546 -0.131735 -0.050637 0.168551 0.136907 0.129758 0.482900 0.642503 0.364139 0.067126 0.061768 0.296693 0.374166 0.277173 0.252769 0.246537 -0.046667 -0.434145 -0.439814 -0.134074 -0.053189 -0.277331 -0.330518 -0.197101 0.047331 0.270659 0.367966 0.325552 0.235421 0.135152 -0.108969 -0.379746 -0.515129 -0.577551 -0.714162 -0.780776 -0.689535 -0.511017 -0.147735 0.133051 0.244382 0.281171 0.237780 0.174300 0.058333 -0.285659 -0.686803 -0.650332 -0.168773 -0.037435 -0.279058 -0.333586 -0.221305 -0.251044 -0.242549 -0.032161 0.091833 0.081556 -0.032252 -0.146433 0.094951 0.318743 0.181567 0.022337 0.003317 0.121760 0.088042 -0.163401 -0.189457 0.145642 0.236447 -0.007512 -0.050590 0.104277 0.090905 0.038962 0.196637 0.540105 0.539341 0.072091 -0.384769 -0.457205 -0.330622 -0.243909 -0.220926 -0.203905 -0.398345 -0.448654 -0.006245 0.001850 -0.325953 -0.200524 0.090797 0.117234 -0.088348 -0.445297 -0.673651 -0.279854 0.215467 0.213937 0.042289 0.111948 0.246339 0.257935 0.048635 0.034562 0.436973 0.759732 0.755270 0.440419 0.198848 0.322915 0.112989 -0.324306 -0.405791 -0.386878 -0.395294 -0.262675 -0.119158 -0.024494 0.207398 0.176957 -0.165516 -0.241661 -0.230389 -0.336438 -0.386697 -0.246341 -0.008890 -0.160839 -0.454418 -0.329082 -0.138427 -0.054583 0.288577 0.686829 0.690699 0.482799 0.484506 0.614822 0.518270 0.241039 -0.065919 -0.471053 -0.604579 -0.293979 -0.044096 0.099985 0.395817 0.497404 0.169048 -0.186327 -0.260668 0.101553 0.669718 0.835514 0.623509 0.541140 0.519604 0.373088 0.425030 0.554165 0.607111 0.457748 0.172078 0.102877 0.230911 0.192871 -0.097076 -0.293407 -0.208612 0.050071 0.305687 0.288893 0.004083 -0.170151 -0.231672 -0.318582 -0.246975 -0.216100 -0.276980 -0.160036 0.039747 -0.011658 -0.240677 -0.114600 0.278613 0.268693 -0.122487 -0.317950
0.183627 0.056159 0.056717 0.115302 0.109297 0.110521 0.294228 0.384946 0.160898 -0.052736 -0.089948 0.003644 0.105406 0.107085 0.106539 0.241722 0.188308 -0.025355 -0.065507 0.060929 0.059481 -0.043148 -0.001956 -0.020348 0.130149 0.416560 0.414191 0.317880 0.361767 0.346488 0.008570 -0.380458 -0.403807 -0.339807 -0.393270 -0.479444 -0.550316 -0.392020 -0.018148 0.273030 0.463299 0.601775 0.562722 0.451198 0.216779 -0.290377 -0.762475 -0.663260 -0.057817 0.260904 0.099282 -0.086122 -0.144348 -0.050151 0.143816 0.191332 0.182997 0.167371 -0.062821 -0.360791 -0.070931 0.262120 0.121056 0.018614 -0.055577 -0.075578 0.082828 0.167958 0.217644 0.258143 0.165281 -0.007377 -0.122572 -0.060376 -0.096474 -0.118978 0.175418 0.470021 0.387511 0.025417 -0.374370 -0.479389 -0.300380 -0.134071 -0.088156 -0.241293 -0.589670 -0.510690 0.037626 0.094473 -0.040477 0.285283 0.504305 0.293781 0.015872 -0.241359 -0.475174 -0.151383 0.161303 0.002346 -0.051451 0.097403 0.053512 -0.088631 -0.186230 0.058125 0.455843 0.667787 0.831503 0.728644 0.243149 0.028837 -0.126871 -0.299804 -0.314776 -0.422642 -0.584568 -0.532597 -0.349642 -0.194217 -0.025319 0.035318 -0.037878 -0.022120 -0.060655 -0.218402 -0.413991 -0.414772 -0.209016 -0.300156 -0.530356 -0.389323 -0.294861 -0.246200 0.217662 0.580549 0.570928 0.555204 0.626819 0.651442 0.437162 0.071259 -0.150990 -0.454200 -0.671066 -0.389162 -0.096970 0.004301 0.276661 0.435615 0.227349 -0.128395 -0.264344 -0.077710 0.188235 0.373398 0.403122 0.438108 0.360189 0.175498 0.198520 0.349676 0.422166 0.223098 -0.168969 -0.301521 -0.125450 -0.051735 -0.092753 -0.138118 0.031613 0.132738 0.161598 0.163720 -0.064719 -0.362133 -0.545622 -0.612220 -0.396207 -0.314276 -0.450497 -0.319749 -0.028890 -0.100826 -0.226184 0.023751 0.397366 0.422204 -0.000622 -0.352190
0.263109 0.189822 0.089938 -0.072759 -0.030449 0.040221 0.144716 0.219703 0.099217 -0.005599 -0.076238 -0.096386 0.006251 0.030222 -0.005700 0.170300 0.246245 0.030662 -0.133585 -0.102930 -0.079463 0.026474 0.168236 0.006227 -0.016810 0.153957 0.137674 0.203724 0.397826 0.308712 -0.057814 -0.241047 -0.152727 -0.120368 -0.009031 0.052901 -0.121965 -0.133450 0.014670 0.243724 0.563754 0.731959 0.704669 0.643849 0.312341 -0.349687 -0.819159 -0.576333 0.159862 0.653799 0.494178 0.077633 -0.115369 0.107224 0.393382 0.336383 0.341576 0.413765 0.128079 -0.341518 -0.257178 0.017897 -0.051349 -0.077546 -0.054751 -0.080434 0.093745 0.345411 0.444586 0.273011 0.062144 -0.029464 -0.124367 -0.128286 -0.128154 -0.125402 0.110519 0.258303 0.170172 0.014673 -0.182084 -0.256915 -0.209781 -0.181531 -0.155268 -0.249355 -0.503373 -0.337869 0.184934 0.224870 0.168083 0.540254 0.682847 0.432505 0.190680 -0.045098 -0.325220 -0.140516 0.050767 -0.094891 -0.109639 -0.092165 -0.238461 -0.300238 -0.268996 0.003423 0.247348 0.282491 0.415199 0.478954 0.009628 -0.508755 -0.744353 -0.648080 -0.292807 -0.057229 -0.185390 -0.269378 -0.207858 -0.202394 -0.174134 -0.081269 0.033277 0.161456 0.211497 0.100131 -0.248821 -0.419750 -0.318627 -0.262496 -0.298018 -0.299043 -0.465345 -0.469001 0.139843 0.632173 0.606584 0.528959 0.451456 0.357114 0.182396 -0.080240 -0.148956 -0.271160 -0.495264 -0.390835 -0.157234 0.013478 0.356011 0.617697 0.489227 0.096033 -0.066141 0.064752 0.134133 0.244880 0.456490 0.577827 0.342053 0.058956 0.059460 0.150321 0.102464 -0.066954 -0.389278 -0.631722 -0.459666 -0.188710 -0.080306 -0.147336 -0.011397 0.099430 0.174095 0.173157 -0.060927 -0.298759 -0.392886 -0.330082 -0.080423 -0.172171 -0.526063 -0.509524 -0.176879 -0.094849 -0.168409 -0.028420 0.223496 0.367608 0.257897 0.015988
0.098751 -0.042126 -0.209618 -0.310733 -0.081265 0.204268 0.329587 0.252146 0.078145 0.098972 0.147727 0.070359 0.093670 0.065431 -0.014325 0.148195 0.209006 -0.067020 -0.262359 -0.251848 -0.095547 0.250691 0.389025 0.157320 0.084137 0.049826 -0.022592 0.126361 0.381855 0.320165 0.031750 -0.003962 0.122275 0.265830 0.519491 0.547719 0.249216 0.003791 -0.032843 0.240014 0.569957 0.544711 0.396874 0.437510 0.328662 -0.142467 -0.623870 -0.550022 0.027897 0.440007 0.283653 -0.023564 -0.046879 0.197650 0.324489 0.167092 0.333651 0.513300 0.234397 -0.154986 -0.185229 -0.001652 -0.046280 -0.297946 -0.350426 -0.115007 0.182642 0.372445 0.362081 0.023297 -0.266290 -0.247905 -0.174336 -0.171955 -0.135016 -0.166869 -0.057893 0.066599 -0.005397 -0.013781 0.102566 0.128988 -0.460125 -1.093845 -0.742897 -0.251050 -0.135136 0.079399 0.430436 0.408221 0.398092 0.689383 0.761299 0.622902 0.431701 0.088375 -0.232892 -0.160747 -0.060765 -0.106253 -0.163145 -0.319774 -0.391131 -0.209705 -0.112148 -0.036183 0.061729 0.048035 0.134791 0.212842 -0.154665 -0.693005 -1.017302 -0.910772 -0.305089 0.247898 0.137175 0.036918 0.239430 0.282094 0.188504 0.091475 0.050392 0.080595 0.223840 0.345323 0.055594 -0.206173 -0.149556 0.022402 0.111689 -0.082658 -0.487259 -0.600009 -0.060334 0.538673 0.528243 0.313258 0.124800 -0.048690 -0.173342 -0.250407 -0.150021 -0.102035 -0.243081 -0.303841 -0.291192 -0.223740 0.099279 0.501877 0.623707 0.409946 0.352945 0.615779 0.695791 0.645660 0.748902 0.743821 0.347996 0.022236 -0.007100 0.017127 -0.116195 -0.253634 -0.425262 -0.664936 -0.581580 -0.322574 -0.258340 -0.362444 -0.226215 0.048863 0.192790 -0.000275 -0.343682 -0.535667 -0.400262 0.145926 0.550318 0.188344 -0.369485 -0.395174 -0.106134 -0.023352 -0.170241 -0.190222 -0.104612 -0.010565 0.097732 0.025594
-0.218757 -0.472915 -0.646525 -0.515276 -0.067592 0.363989 0.430833 0.173333 -0.076160 0.025634 0.232705 0.207134 0.177152 0.124025 0.086951 0.222931 0.177335 -0.033853 -0.060160 -0.040996 0.213352 0.643159 0.683671 0.504160 0.503307 0.270350 -0.046904 -0.052685 0.316655 0.515724 0.281069 0.044785 0.106439 0.531389 0.859961 0.732391 0.355479 -0.043789 -0.099529 0.337317 0.626968 0.383824 0.078811 0.187679 0.392389 0.308327 -0.104766 -0.403323 -0.291080 -0.201616 -0.279058 -0.172365 0.116657 0.241310 0.038726 -0.179608 0.240933 0.629011 0.466053 0.136840 -0.093522 -0.065301 -0.012546 -0.399588 -0.579950 -0.092069 0.322003 0.421063 0.352392 -0.158919 -0.654305 -0.649749 -0.396296 -0.206803 -0.053987 -0.011816 0.034180 0.018428 -0.224425 -0.287464 -0.162217 -0.560210 -2.973404 -5.102781 -3.064589 -0.635507 0.072284 0.316874 0.552090 0.539193 0.568329 0.739092 0.753645 0.750191 0.651509 0.324401 0.101426 0.048035 -0.125880 -0.190779 -0.190511 -0.394930 -0.435535 -0.106728 0.108230 0.069050 0.076671 0.149528 0.257366 0.230283 -0.046607 -0.414557 -0.736924 -0.779918 -0.309742 0.119759 -0.058401 -0.072582 0.354562 0.586668 0.509752 0.282261 0.048858 -0.152203 -0.083977 0.202687 0.114355 0.014409 0.199178 0.305799 0.332041 0.139980 -0.268788 -0.448493 -0.074583 0.523082 0.577671 0.292823 0.011943 -0.291613 -0.472186 -0.446568 -0.236750 -0.079849 -0.130658 -0.226410 -0.337302 -0.413055 -0.266833 0.060527 0.458488 0.604947 0.657787 0.928241 1.164387 1.226719 1.192807 0.874567 0.262900 -0.125272 -0.279509 -0.282009 -0.254734 -0.196445 -0.275214 -0.548626 -0.614869 -0.452336 -0.275630 -0.315130 -0.273225 -0.067881 -0.052766 -0.349955 -0.610005 -0.712655 -0.420701 0.430838 0.931254 0.468426 -0.184647 -0.248115 -0.063738 -0.118659 -0.274518 -0.255805 -0.152055 -0.114221 -0.076243 -0.180783
-0.163303 -0.605276 -0.917867 -0.631266 -0.051496 0.251348 0.077908 -0.179545 -0.272902 -0.267858 -0.203291 -0.012492 0.215915 0.253130 0.223465 0.234143 0.103331 0.034669 0.209003 0.340234 0.612494 0.829202 0.724890 0.666859 0.643171 0.212412 -0.180735 -0.092842 0.499811 0.834897 0.507717 0.046328 0.109514 0.717620 0.920711 0.554192 0.138368 -0.153540 -0.094538 0.350505 0.599098 0.349818 0.035487 0.098565 0.287954 0.337994 0.158380 -0.174437 -0.344527 -0.376506 -0.313345 -0.133172 0.096462 0.086484 -0.194201 -0.230052 0.312966 0.840324 0.809370 0.348465 -0.168650 -0.261389 -0.090026 -0.274422 -0.380336 0.044598 0.313326 0.359518 0.335982 -0.173859 -0.726058 -0.704378 -0.317292 0.034836 0.285402 0.418060 0.348135 0.090156 -0.259734 -0.336325 -0.457455 -1.559519 -5.544304 -8.807065 -5.176893 -0.953452 0.106104 0.186232 0.359724 0.495556 0.547947 0.611871 0.618609 0.610786 0.529606 0.434252 0.556514 0.492807 0.003283 -0.363771 -0.456643 -0.582861 -0.582628 -0.282564 0.099209 0.222732 0.244233 0.313834 0.283269 0.170319 0.085120 -0.131267 -0.498062 -0.749336 -0.516426 -0.237384 -0.445530 -0.479510 -0.066791 0.278626 0.303489 0.055105 -0.282503 -0.567051 -0.535899 -0.159465 -0.074564 -0.045518 0.206127 0.200309 0.180647 0.244748 0.049042 -0.050006 0.304673 0.734873 0.633430 0.185494 -0.205499 -0.483742 -0.565946 -0.460674 -0.246171 -0.070568 -0.109903 -0.208435 -0.304902 -0.417766 -0.398515 -0.120859 0.478085 0.770848 0.652745 0.655615 0.993721 1.326911 1.293769 0.780836 0.030708 -0.385300 -0.552699 -0.528761 -0.319673 0.003624 -0.013785 -0.430534 -0.666034 -0.467153 -0.018949 0.093543 0.021660 -0.040472 -0.157607 -0.307848 -0.417215 -0.501139 -0.198813 0.510001 0.827973 0.379898 -0.159171 -0.221725 -0.261136 -0.464516 -0.476224 -0.218457 0.140563 0.251767 0.080780 -0.124833
0.189409 -0.355804 -0.806271 -0.499234 0.071219 0.065886 -0.402538 -0.532772 -0.333117 -0.362082 -0.385582 0.054335 0.555208 0.621990 0.479269 0.290355 0.089933 0.040062 0.207480 0.456609 0.782877 0.806948 0.604436 0.629898 0.484694 -0.150452 -0.502728 -0.057880 0.769684 1.029923 0.568318 0.078644 0.283235 0.898258 0.921690 0.461718 0.005450 -0.198551 -0.068612 0.295655 0.474126 0.318456 0.098161 0.013948 0.018323 -0.032255 -0.090066 -0.174512 -0.199155 -0.011139 0.176719 0.080799 -0.053034 -0.149475 -0.160330 0.086313 0.474654 0.826144 0.777500 0.335977 -0.189427 -0.405732 -0.319750 -0.256988 -0.160612 0.101444 0.094966 0.006269 0.070132 -0.143295 -0.510153 -0.492372 -0.146721 0.187662 0.490320 0.643555 0.450590 0.181776 0.080925 0.138344 -0.139900 -1.039061 -3.573525 -5.625277 -3.267791 -0.472602 0.065584 -0.179512 -0.122360 0.235523 0.464331 0.515347 0.480914 0.360787 0.320375 0.457900 0.784338 0.818365 0.204858 -0.572255 -0.901807 -0.890270 -0.784565 -0.604508 -0.189226 0.188403 0.389522 0.461721 0.333752 0.218870 0.239370 0.019860 -0.425856 -0.731931 -0.612207 -0.351671 -0.394040 -0.411340 -0.201506 0.020626 0.000073 -0.350972 -0.813587 -0.983858 -0.729443 -0.235330 -0.103983 -0.187310 -0.101305 -0.201629 -0.177567 0.122006 0.125633 0.181018 0.563143 0.719990 0.371689 -0.084415 -0.283085 -0.282922 -0.256473 -0.248451 -0.132653 0.009042 -0.001143 0.023394 0.019134 -0.156618 -0.275717 -0.028289 0.578343 0.755210 0.446644 0.249812 0.548069 0.900359 0.783722 0.321808 -0.245197 -0.546984 -0.645212 -0.638689 -0.449833 -0.105988 -0.024760 -0.349398 -0.642299 -0.489293 0.006618 0.242630 0.202925 0.083704 0.041699 -0.025254 -0.203707 -0.413245 -0.279506 0.195822 0.442213 0.166301 -0.138757 -0.124828 -0.324873 -0.634723 -0.560517 -0.169772 0.344401 0.533210 0.203761 -0.069677
0.353387 -0.024307 -0.384343 -0.200699 0.127359 -0.083137 -0.559169 -0.546165 -0.175080 -0.048878 0.020394 0.401203 0.795715 0.890127 0.791284 0.507513 0.221100 0.057745 0.039026 0.262151 0.598963 0.617942 0.397934 0.379555 0.237672 -0.355335 -0.681171 -0.042415 0.832628 0.984425 0.554935 0.196843 0.518168 1.026529 0.935357 0.523043 0.116525 -0.136955 -0.055322 0.364440 0.507769 0.385995 0.222212 0.050883 0.077512 0.036407 -0.168123 -0.250910 -0.074379 0.362151 0.654982 0.413463 -0.045168 -0.283394 -0.080536 0.199178 0.274053 0.439534 0.497657 0.410509 0.177827 -0.154748 -0.412990 -0.482354 -0.331795 -0.064173 -0.128273 -0.278606 -0.137783 -0.054102 -0.180268 -0.226036 -0.070865 0.137640 0.376193 0.453845 0.203524 0.154045 0.446520 0.521478 0.087000 -0.291972 -0.951914 -1.604558 -0.940752 0.009825 0.045003 -0.292744 -0.301292 0.039303 0.278411 0.287835 0.294153 0.294472 0.403508 0.539651 0.707636 0.755104 0.284677 -0.417223 -0.744946 -0.754415 -0.754589 -0.707394 -0.305402 0.225598 0.585971 0.682871 0.555943 0.425249 0.406976 0.156214 -0.214712 -0.380712 -0.386572 -0.185405 -0.010977 -0.011837 -0.123764 -0.233980 -0.333600 -0.598122 -0.998696 -1.064388 -0.615389 -0.125460 -0.147363 -0.406351 -0.439156 -0.573783 -0.498158 -0.189918 -0.173740 0.022594 0.478663 0.584152 0.295269 0.053089 0.086006 0.211518 0.132003 -0.040926 0.019133 0.144790 0.235886 0.479517 0.558913 0.273082 -0.032084 0.058752 0.495083 0.636734 0.436124 0.280476 0.490225 0.650308 0.413110 0.048552 -0.240483 -0.380910 -0.523852 -0.625243 -0.600580 -0.404120 -0.212835 -0.299820 -0.544645 -0.502194 -0.157162 0.104487 0.124738 0.036500 0.061094 -0.010218 -0.262877 -0.480353 -0.409688 -0.102540 0.222718 0.214083 0.013196 -0.045218 -0.335733 -0.616516 -0.469064 -0.092402 0.342911 0.467037 -0.002888 -0.411153
0.288653 0.118079 -0.001348 0.111666 0.049427 -0.336799 -0.583340 -0.359777 0.037304 0.167467 0.212734 0.440883 0.608140 0.783668 0.953724 0.743144 0.376411 0.123702 -0.033174 0.010612 0.116237 0.086607 -0.025880 -0.015148 -0.038598 -0.345832 -0.509610 0.069045 0.763557 0.911062 0.765646 0.583774 0.733180 1.060992 1.014465 0.665990 0.276470 -0.058516 -0.039233 0.380743 0.492137 0.387605 0.281216 0.234277 0.391969 0.323182 -0.166681 -0.505104 -0.307256 0.168596 0.518512 0.450171 -0.132869 -0.586910 -0.205169 0.177928 0.089660 0.112683 0.199759 0.321028 0.357651 0.041269 -0.479023 -0.765315 -0.641162 -0.326740 -0.276953 -0.350000 -0.186042 0.013218 0.177864 0.273359 0.282803 0.342894 0.475463 0.417575 0.087640 0.017541 0.275982 0.313996 -0.006932 -0.246123 -0.522250 -0.749398 -0.406700 0.134604 0.222382 0.159037 0.228213 0.301229 0.097295 -0.176684 -0.013602 0.394473 0.681935 0.642257 0.493543 0.408001 0.184591 -0.020741 -0.117646 -0.332516 -0.560909 -0.519910 -0.063377 0.416941 0.672537 0.753755 0.636453 0.449352 0.376652 0.220053 0.104323 0.073684 -0.110903 -0.038382 0.173734 0.108851 -0.121075 -0.310216 -0.410737 -0.525916 -0.776543 -0.834152 -0.397659 -0.055093 -0.270450 -0.622044 -0.713441 -0.838184 -0.711590 -0.477484 -0.533416 -0.302082 0.216629 0.413318 0.281284 0.137479 0.147703 0.235095 0.172261 0.046581 0.092675 0.086611 0.117287 0.479761 0.654086 0.376172 0.071520 0.134658 0.484227 0.694014 0.637497 0.501337 0.579203 0.700969 0.602537 0.336851 0.115337 -0.014740 -0.266685 -0.474438 -0.545323 -0.375953 -0.098080 -0.101157 -0.217144 -0.161381 0.024577 0.196184 0.107241 -0.138458 -0.193913 -0.188445 -0.332493 -0.397928 -0.315031 -0.199465 0.167005 0.378710 0.210430 -0.050670 -0.517961 -0.668965 -0.239558 0.164866 0.349415 0.296920 -0.024141 -0.310429
-0.135778 -0.128235 0.001369 0.178940 -0.066928 -0.570282 -0.709466 -0.370260 0.018710 0.028983 -0.035376 0.228999 0.378003 0.608916 0.986929 0.881610 0.485446 0.185090 -0.051249 -0.173688 -0.304291 -0.418321 -0.349635 -0.146570 -0.048449 -0.134968 -0.254790 -0.027035 0.452434 0.780625 0.945265 0.887062 0.838396 1.024931 0.993817 0.635638 0.218388 -0.124949 -0.128438 0.158974 0.263850 0.254426 0.246682 0.281418 0.339712 0.142365 -0.371472 -0.683481 -0.503046 -0.230281 -0.084020 0.020020 -0.388546 -0.840205 -0.309416 0.220049 0.134168 -0.021105 -0.083239 -0.012184 0.058965 -0.174329 -0.625556 -0.839954 -0.677550 -0.474051 -0.452453 -0.542357 -0.491366 -0.267657 0.139864 0.445455 0.440444 0.465166 0.540676 0.454683 0.243638 0.077739 0.038052 0.146185 0.074224 -0.315167 -0.693644 -0.710135 -0.293322 0.106216 0.369493 0.659961 0.739333 0.519728 0.022046 -0.371054 -0.127746 0.510854 0.864967 0.648208 0.158547 -0.089485 -0.057359 0.126611 0.175368 -0.143796 -0.426276 -0.343668 0.149395 0.473029 0.537359 0.736082 0.763406 0.554794 0.374114 0.302761 0.364339 0.366568 0.158282 0.073821 0.038304 -0.097770 -0.119655 -0.156930 -0.252421 -0.230595 -0.381324 -0.477852 -0.129227 0.151110 0.007085 -0.312558 -0.583942 -0.803500 -0.632859 -0.376481 -0.424840 -0.334011 -0.034247 0.078687 -0.082554 -0.317386 -0.419373 -0.327106 -0.186115 -0.147523 -0.153316 -0.394512 -0.662064 -0.135816 0.365212 0.208486 0.030224 0.279341 0.731840 0.882758 0.672672 0.404274 0.349585 0.566262 0.687796 0.614560 0.468355 0.223874 -0.214584 -0.564304 -0.584318 -0.332077 -0.004388 0.123688 0.209883 0.328238 0.437927 0.446992 0.131998 -0.337266 -0.436386 -0.224082 -0.205260 -0.115503 -0.006598 -0.046725 0.238834 0.501879 0.383715 -0.000224 -0.627650 -0.767953 -0.200994 0.313949 0.478421 0.418503 0.421569 0.444949
-0.551830 -0.501955 -0.345202 -0.143004 -0.256557 -0.681032 -0.855969 -0.537949 -0.118467 -0.008647 0.009857 0.290475 0.464040 0.712137 1.084197 1.017564 0.700132 0.369768 -0.015248 -0.218399 -0.290876 -0.380709 -0.320553 -0.094774 0.085706 0.146007 -0.038790 -0.255783 -0.144220 0.275143 0.747560 0.905611 0.837459 0.903949 0.869855 0.598265 0.217603 -0.143537 -0.195138 0.060755 0.276501 0.295723 0.247738 0.130495 0.007843 -0.207336 -0.430611 -0.464023 -0.478064 -0.597573 -0.687525 -0.465139 -0.359816 -0.428907 -0.003177 0.366853 0.226941 -0.006829 -0.074882 -0.155760 -0.286392 -0.440009 -0.647210 -0.747793 -0.635565 -0.668645 -0.809136 -0.904154 -0.887658 -0.594449 -0.129011 0.181429 0.245409 0.417310 0.474848 0.334898 0.204087 0.009491 -0.158279 -0.006167 0.017384 -0.387372 -0.676109 -0.547239 -0.221290 -0.020081 0.263384 0.680395 0.804558 0.625759 0.344097 0.146585 0.288835 0.713951 0.932731 0.617393 -0.100339 -0.496473 -0.358308 -0.015798 0.134112 -0.053447 -0.307256 -0.249758 0.226840 0.390124 0.366659 0.698492 0.890570 0.746432 0.513335 0.485883 0.583973 0.562737 0.478061 0.311441 -0.120666 -0.375723 -0.154641 -0.056065 -0.122424 -0.004457 -0.110648 -0.287137 -0.106348 0.235712 0.479705 0.390835 -0.052734 -0.461004 -0.349753 -0.090561 -0.134907 -0.252465 -0.207358 -0.197735 -0.433957 -0.716318 -0.833359 -0.787086 -0.619089 -0.491992 -0.413150 -0.678740 -1.149090 -0.575622 0.046943 -0.057194 -0.054520 0.442159 0.995325 1.006878 0.584914 0.240870 0.128821 0.213294 0.262848 0.362168 0.369669 0.079362 -0.407127 -0.700019 -0.564796 -0.344941 -0.075361 0.212993 0.386940 0.449229 0.473512 0.258274 -0.247894 -0.802561 -0.838886 -0.360679 -0.122326 0.165399 0.419616 0.432330 0.584902 0.658234 0.474951 0.064821 -0.587180 -0.819126 -0.334800 0.289594 0.589823 0.512342 0.467267 0.536657
-0.604813 -0.693655 -0.694421 -0.551898 -0.396471 -0.647145 -1.033420 -0.966557 -0.545843 -0.144504 0.134580 0.414630 0.655516 0.967118 1.203473 1.092186 0.974898 0.854173 0.454506 0.034609 -0.079694 -0.259530 -0.442433 -0.311158 -0.042007 0.126956 -0.016479 -0.355631 -0.485882 -0.108270 0.528198 0.772840 0.673364 0.678271 0.830603 0.844119 0.501724 -0.002954 -0.044908 0.358107 0.546388 0.319843 0.106013 -0.146042 -0.299899 -0.415457 -0.322564 -0.204513 -0.552262 -0.958147 -1.023985 -0.645688 -0.201332 -0.074044 0.165545 0.373869 0.213506 0.067208 0.134611 -0.032002 -0.323192 -0.426047 -0.476482 -0.648882 -0.762613 -0.957770 -1.079068 -0.970732 -0.807255 -0.385503 0.026801 0.056079 0.004114 0.281411 0.369942 0.116473 -0.071739 -0.193679 -0.254718 -0.144338 -0.163465 -0.328147 -0.375804 -0.232251 -0.120202 0.002912 0.238984 0.464108 0.605888 0.680773 0.717969 0.738128 0.786064 0.823636 0.769134 0.478529 -0.123075 -0.552320 -0.471444 -0.113292 0.074049 0.004430 -0.149670 -0.008247 0.387337 0.370316 0.199194 0.329590 0.550036 0.675213 0.554402 0.524900 0.649542 0.675128 0.679024 0.530242 -0.000760 -0.305574 -0.151867 -0.022809 0.096975 0.258672 0.147652 -0.095809 -0.167408 0.038503 0.548953 0.810723 0.485918 0.040303 -0.044478 0.004136 -0.090554 -0.354025 -0.416776 -0.289586 -0.414255 -0.682307 -0.745808 -0.762369 -0.817091 -0.725597 -0.375093 -0.184669 -0.367562 -0.189000 -0.123282 -0.288319 -0.000950 0.683403 1.122529 0.909618 0.515265 0.370276 0.281054 0.076729 -0.167550 -0.129399 -0.094038 -0.282035 -0.477091 -0.394282 -0.097924 0.061474 0.190895 0.323035 0.405820 0.455532 0.383308 -0.075040 -0.807046 -1.590995 -1.739399 -0.907779 -0.246076 0.261567 0.625437 0.681014 0.693224 0.637900 0.399460 -0.001778 -0.579846 -0.842211 -0.424963 0.202180 0.500223 0.320486 0.170190 0.297353
-0.609856 -0.670434 -0.720791 -0.699858 -0.454591 -0.518486 -1.003369 -1.287124 -1.064571 -0.481534 0.040413 0.402267 0.799938 1.170856 1.192959 0.938096 1.144223 1.874856 2.002772 0.933828 0.104558 -0.556560 -1.145204 -0.936173 -0.505484 -0.287362 -0.241259 -0.311291 -0.345635 -0.116741 0.381435 0.573645 0.494687 0.545353 0.746005 0.861331 0.648656 0.104570 -0.002402 0.438296 0.588187 0.260265 -0.001120 -0.294497 -0.422728 -0.424639 -0.260324 -0.243064 -0.683858 -0.997271 -0.898143 -0.547532 -0.202855 -0.091244 0.139566 0.374053 0.300981 0.230095 0.262042 0.037656 -0.254793 -0.354994 -0.412382 -0.648612 -0.878588 -0.920240 -0.715756 -0.480237 -0.353417 0.021915 0.362274 0.166277 -0.170007 -0.050618 0.116919 -0.001853 -0.054330 0.042439 0.033572 -0.150679 -0.372283 -0.295996 -0.121520 0.012231 0.030736 0.205428 0.412696 0.354801 0.393522 0.626464 0.785247 0.911715 0.919576 0.690003 0.460561 0.307246 0.028064 -0.247346 -0.201617 0.009367 0.038921 -0.057236 -0.012383 0.300739 0.481133 0.284395 -0.051293 -0.289936 -0.115803 0.385056 0.503080 0.522222 0.661019 0.584742 0.485528 0.418214 0.162980 -0.078676 -0.257550 -0.227505 0.130057 0.333281 0.279229 0.081163 -0.210185 -0.329343 0.167844 0.775638 0.814051 0.471017 0.127088 -0.085328 -0.129510 -0.348737 -0.416900 -0.165590 -0.212904 -0.554888 -0.612115 -0.619553 -0.827875 -0.705951 -0.065873 0.443343 0.496341 0.311245 -0.142582 -0.324166 0.187526 0.807692 0.900790 0.450486 0.255159 0.435921 0.384494 0.067343 -0.288858 -0.391886 -0.410876 -0.419596 -0.261095 0.138877 0.437676 0.545614 0.624951 0.633601 0.565418 0.484713 0.304317 -0.195475 -0.960507 -1.884729 -2.149639 -1.122036 -0.274529 0.111424 0.368747 0.425733 0.420642 0.380290 0.254723 0.123924 -0.255399 -0.603007 -0.400625 0.029896 0.250926 0.157750 0.266469 0.700679
-0.685506 -0.652916 -0.650918 -0.701915 -0.533052 -0.459622 -0.808921 -1.268686 -1.303647 -0.735861 -0.019462 0.570604 1.121623 1.408329 1.184368 0.758585 1.135938 2.653769 3.386939 1.757891 0.144408 -0.979578 -1.811714 -1.428138 -0.816343 -0.473542 -0.166897 -0.011583 0.018510 0.000673 0.206597 0.402532 0.518626 0.726410 0.762819 0.567743 0.381826 0.006659 -0.210286 0.075690 0.343248 0.257446 0.119004 -0.220493 -0.449784 -0.440047 -0.341371 -0.335087 -0.543539 -0.655291 -0.512117 -0.392889 -0.333897 -0.268964 -0.037384 0.261098 0.405694 0.444034 0.334149 0.071213 -0.117698 -0.280639 -0.484628 -0.601812 -0.665901 -0.516916 -0.094373 0.075749 -0.040647 0.072251 0.315828 0.181411 -0.233674 -0.355876 -0.266676 -0.141416 0.148949 0.455346 0.396755 -0.023647 -0.397079 -0.321682 -0.118648 0.023965 0.118897 0.345426 0.543349 0.372819 0.250404 0.426231 0.632056 0.885330 0.896823 0.563622 0.378843 0.435761 0.330509 0.150322 0.174130 0.181580 0.055961 -0.073208 0.019542 0.264984 0.191256 -0.043742 -0.302963 -0.575275 -0.368471 0.289553 0.603286 0.727396 0.805379 0.599156 0.466669 0.482042 0.305353 -0.090388 -0.537735 -0.555718 -0.130372 0.047829 0.113594 0.052326 -0.220162 -0.436059 -0.127832 0.526799 0.892240 0.772353 0.314385 -0.061835 -0.061857 -0.168276 -0.258120 -0.076701 -0.183189 -0.470956 -0.456576 -0.471120 -0.641019 -0.355607 0.344622 0.769450 0.836258 0.563051 -0.017702 -0.172873 0.357520 0.720453 0.459049 -0.114145 -0.191122 0.223096 0.294313 0.039264 -0.327094 -0.588582 -0.626979 -0.474744 -0.204367 0.179147 0.340059 0.424947 0.657782 0.757476 0.579791 0.366650 0.112132 -0.301333 -0.805710 -1.257835 -1.153246 -0.416822 -0.059983 -0.144185 -0.113094 0.072966 0.224619 0.150927 0.110551 0.287945 0.105831 -0.295498 -0.272519 0.004692 0.125708 0.060826 0.344458 0.969870
-0.560360 -0.685241 -0.671327 -0.651977 -0.544663 -0.532169 -0.738167 -1.081873 -1.175947 -0.686669 0.063198 0.770428 1.335817 1.500198 1.183444 0.712435 0.875526 1.946884 2.444949 1.241493 -0.024720 -0.892593 -1.423827 -1.005536 -0.468069 -0.111395 0.241277 0.320558 0.187725 0.003658 0.061493 0.265225 0.499168 0.821463 0.765708 0.283730 0.001908 -0.235730 -0.512118 -0.379033 0.050325 0.292358 0.304424 -0.081345 -0.454513 -0.583886 -0.498761 -0.193567 -0.054731 -0.155332 -0.212563 -0.301688 -0.388951 -0.485910 -0.478085 -0.252284 0.059601 0.240686 0.169502 0.033988 -0.030581 -0.231664 -0.561447 -0.571751 -0.414860 -0.211203 0.203005 0.271265 -0.067304 -0.207701 -0.046902 -0.023914 -0.233364 -0.392503 -0.487015 -0.332366 0.143818 0.520915 0.534634 0.275913 -0.005481 -0.080203 -0.011581 0.136557 0.275377 0.391158 0.597105 0.523208 0.210852 0.075468 0.230964 0.605521 0.746298 0.502746 0.423880 0.608750 0.583873 0.471198 0.433609 0.304139 0.150032 -0.022829 -0.052066 0.048270 -0.105838 -0.302358 -0.369840 -0.414843 -0.189828 0.288896 0.570659 0.660355 0.574468 0.309028 0.233456 0.352853 0.250395 -0.248345 -0.821631 -0.817078 -0.366375 -0.114680 0.083806 0.077440 -0.130179 -0.287795 -0.278763 0.113284 0.613106 0.680047 0.235873 -0.181911 -0.126872 -0.011116 -0.051549 -0.031347 -0.168236 -0.269831 -0.220736 -0.343117 -0.470514 -0.101636 0.483665 0.782536 0.882851 0.705990 0.333191 0.249172 0.576732 0.688627 0.254655 -0.351604 -0.388348 0.102500 0.222574 0.013119 -0.289722 -0.648475 -0.744973 -0.555871 -0.294293 -0.041977 0.006334 0.114200 0.517823 0.713794 0.522083 0.284917 0.012021 -0.269064 -0.515750 -0.611890 -0.218121 0.256648 0.141986 -0.349913 -0.563273 -0.291206 0.052180 0.057299 0.121735 0.399538 0.235757 -0.195846 -0.228515 0.010061 0.055251 -0.124611 0.052068 0.595361
0.084819 -0.374156 -0.611062 -0.717007 -0.774008 -0.826515 -0.806994 -0.885757 -0.857838 -0.419643 0.050615 0.501029 1.015937 1.266791 1.041938 0.644506 0.598149 0.905376 0.934907 0.388579 -0.180472 -0.581860 -0.699901 -0.306047 0.030208 0.178645 0.369017 0.442105 0.211175 -0.126516 -0.120069 0.093212 0.286944 0.554312 0.479571 0.062592 -0.065922 -0.213472 -0.510225 -0.518063 -0.223204 0.088456 0.275209 -0.022392 -0.474160 -0.762587 -0.613419 -0.027953 0.311430 0.135327 -0.112957 -0.201843 -0.163609 -0.301699 -0.588687 -0.665608 -0.457396 -0.263168 -0.180924 -0.057188 0.034229 -0.147550 -0.609951 -0.711818 -0.419175 -0.055014 0.372438 0.332791 -0.102742 -0.350164 -0.230618 -0.035926 0.024334 -0.075108 -0.341690 -0.321510 0.147008 0.495501 0.579152 0.471023 0.277655 0.130446 0.030739 0.087764 0.185094 0.207004 0.505990 0.667823 0.276299 -0.200705 -0.220091 0.052791 0.168213 0.097573 0.289878 0.638521 0.707192 0.606216 0.400534 0.158255 0.053702 -0.082148 -0.121284 0.017608 0.058924 -0.021926 -0.090342 -0.114299 -0.007928 0.213631 0.346539 0.263139 -0.064350 -0.390346 -0.371642 -0.070483 0.066500 -0.271185 -0.762996 -0.750838 -0.271090 0.119780 0.294828 0.138550 -0.125342 -0.293737 -0.473148 -0.314698 0.053423 0.061094 -0.277195 -0.459360 -0.194986 0.128578 0.122060 0.008595 -0.114012 -0.088636 -0.027831 -0.254072 -0.504546 -0.231924 0.400656 0.764294 0.843056 0.722743 0.657111 0.770115 0.950736 0.844743 0.303335 -0.298396 -0.301490 0.164659 0.197464 -0.097997 -0.328279 -0.568589 -0.662832 -0.539378 -0.253464 -0.043658 -0.059733 0.020145 0.502524 0.855563 0.677568 0.307530 -0.002453 -0.104423 -0.131354 -0.242700 -0.047460 0.225349 0.035034 -0.443798 -0.714192 -0.450021 -0.015886 0.162628 0.311813 0.490368 0.279767 -0.145298 -0.238236 -0.072294 -0.021020 -0.186125 -0.169711 0.122417
0.593031 -0.134331 -0.649150 -0.884728 -1.043772 -1.025428 -0.793219 -0.684540 -0.571242 -0.211899 -0.080884 -0.052022 0.288423 0.760752 0.847883 0.645885 0.534147 0.410070 0.158632 -0.151940 -0.402303 -0.523473 -0.332675 0.143404 0.386216 0.264798 0.225441 0.441454 0.322010 -0.131814 -0.198849 0.050846 0.259899 0.342239 0.109446 -0.188213 -0.090134 -0.024448 -0.108425 -0.143528 -0.240761 -0.232907 0.038842 -0.084967 -0.600385 -0.922492 -0.619578 0.060826 0.469166 0.385979 0.156827 0.102496 0.168047 0.039639 -0.317171 -0.577473 -0.587192 -0.534334 -0.395761 -0.089111 0.187017 0.095548 -0.491194 -0.753389 -0.504002 -0.140332 0.243461 0.190329 -0.133991 -0.300414 -0.063080 0.370557 0.479856 0.175437 -0.267544 -0.222935 0.275675 0.566283 0.636109 0.432910 0.088025 -0.065410 -0.185340 -0.176742 -0.103095 -0.101668 0.257283 0.615311 0.358493 -0.195680 -0.456379 -0.556738 -0.686544 -0.551395 0.053893 0.554228 0.597969 0.453855 0.276834 0.032665 -0.130749 -0.242383 -0.207173 0.055956 0.363412 0.486832 0.393114 0.251037 0.171841 0.263039 0.396782 0.264903 -0.200474 -0.530963 -0.438160 -0.197031 -0.089470 -0.182995 -0.425844 -0.473238 -0.050030 0.384784 0.432538 0.017293 -0.372564 -0.487589 -0.607501 -0.674837 -0.588229 -0.544541 -0.588243 -0.517987 -0.193711 0.124819 0.083287 -0.088752 -0.222884 -0.156877 0.046734 -0.107402 -0.401414 -0.204918 0.406104 0.765815 0.727726 0.523363 0.549624 0.804211 1.030597 0.902421 0.384638 -0.123811 -0.090722 0.328995 0.281586 -0.084712 -0.274847 -0.397438 -0.470550 -0.386507 0.009978 0.298771 0.152553 0.037931 0.385246 0.810459 0.614927 0.127369 -0.073612 -0.034345 0.044948 -0.093000 -0.229645 -0.194091 -0.198157 -0.285923 -0.344707 -0.086253 0.306186 0.495773 0.472497 0.411821 0.246922 -0.075007 -0.171397 -0.008685 0.133224 0.105358 0.031808 0.115852
0.266041 -0.385894 -0.893765 -1.029157 -1.099922 -1.033190 -0.714124 -0.380631 -0.196167 -0.039376 -0.137611 -0.360049 -0.250719 0.317284 0.704306 0.683536 0.538425 0.282584 -0.002926 -0.261939 -0.479680 -0.569747 -0.290013 0.300113 0.611113 0.371853 0.155305 0.436699 0.471694 0.035210 -0.070994 0.173413 0.394884 0.309191 -0.099668 -0.415336 -0.300701 -0.024191 0.185176 0.240678 0.004259 -0.164427 -0.005663 -0.148017 -0.697520 -0.930001 -0.451596 0.266865 0.668677 0.725720 0.563517 0.456182 0.374241 0.156025 -0.111295 -0.307892 -0.437603 -0.527040 -0.336907 0.005719 0.217631 0.091255 -0.442822 -0.620726 -0.417510 -0.303640 -0.159102 -0.141176 -0.261392 -0.332111 0.030233 0.618611 0.682024 0.233247 -0.276492 -0.237951 0.196467 0.472732 0.601596 0.341146 -0.093682 -0.217778 -0.384188 -0.520453 -0.476204 -0.478437 -0.198621 0.234276 0.279024 0.003627 -0.363091 -0.808544 -1.102523 -0.813792 -0.097586 0.252226 0.186415 0.128852 0.217519 0.191574 0.050397 -0.175953 -0.366493 -0.189066 0.288823 0.659878 0.629288 0.342262 0.069233 0.069567 0.302412 0.352020 0.015378 -0.228788 -0.133086 -0.086780 -0.162782 -0.123485 -0.172962 -0.246672 0.031618 0.288486 0.216330 -0.252245 -0.612808 -0.633143 -0.611476 -0.650868 -0.576464 -0.443352 -0.358690 -0.350679 -0.263772 -0.130755 -0.192481 -0.284226 -0.258521 -0.121708 0.062078 -0.043359 -0.210524 -0.008652 0.300152 0.462730 0.488714 0.478286 0.524596 0.610978 0.695475 0.672849 0.423024 0.079180 0.102536 0.454325 0.404869 0.078372 -0.008409 -0.029149 -0.148816 -0.041568 0.792517 1.450067 0.837632 0.131242 0.057726 0.250990 0.048518 -0.277206 -0.176509 -0.015393 0.062999 -0.084264 -0.434257 -0.461584 -0.115034 0.173434 0.177387 0.239844 0.541273 0.713293 0.470458 0.187734 0.053108 -0.102289 0.009309 0.308617 0.455476 0.356880 0.179211 0.164149
-0.190772 -0.693489 -1.044164 -0.980912 -0.941784 -0.933361 -0.645378 -0.133309 0.204016 0.250936 0.108080 -0.038865 -0.022241 0.348063 0.659172 0.594792 0.360375 0.145083 0.066500 -0.062015 -0.283319 -0.405944 -0.193029 0.367199 0.683144 0.450179 0.130232 0.301101 0.383154 0.011293 -0.094366 0.177191 0.427937 0.302896 -0.183908 -0.490657 -0.378620 -0.189251 -0.033672 0.057478 0.017961 0.074577 0.136404 -0.207409 -0.773813 -0.895826 -0.391107 0.278291 0.587256 0.606185 0.446990 0.295954 0.085647 -0.111137 -0.196209 -0.203801 -0.220167 -0.309553 -0.097796 0.159985 0.087278 -0.190267 -0.453455 -0.310945 -0.118544 -0.264019 -0.343546 -0.234011 -0.269452 -0.453046 -0.224775 0.387374 0.566766 0.269483 -0.177224 -0.284500 0.012843 0.203766 0.216956 -0.036387 -0.257037 -0.138198 -0.238598 -0.526011 -0.530744 -0.526428 -0.390402 -0.073755 0.133955 0.144940 -0.094168 -0.488296 -0.739590 -0.602488 -0.266942 -0.127583 -0.089045 0.000128 0.139291 0.168345 0.155483 0.068008 -0.239139 -0.336060 0.056565 0.483890 0.412021 0.018081 -0.290360 -0.407805 -0.279814 -0.034948 0.019159 0.032271 0.184306 0.128786 -0.035400 -0.000573 -0.011894 -0.098398 0.035177 0.143850 0.060853 -0.318971 -0.583312 -0.575803 -0.455417 -0.232153 -0.009685 0.007734 -0.018049 -0.078853 -0.195159 -0.214093 -0.214438 -0.250422 -0.171057 -0.082279 -0.062982 -0.160689 -0.174480 0.081006 0.129733 0.044125 0.242756 0.642043 0.758290 0.535574 0.278839 0.233776 0.210245 -0.000227 -0.021411 0.188117 0.220286 0.054850 -0.011884 -0.009326 -0.058040 0.245620 1.535331 2.515254 1.461367 0.195567 -0.237285 -0.365780 -0.578574 -0.682944 -0.339767 0.021685 0.205952 0.053537 -0.397455 -0.484265 0.009060 0.443411 0.382008 0.194719 0.380063 0.645267 0.459338 0.052973 -0.242817 -0.284487 0.074281 0.426380 0.529682 0.315860 -0.031131 -0.191283
-0.267267 -0.753357 -0.926175 -0.676758 -0.513112 -0.531317 -0.336268 0.186394 0.561203 0.613814 0.606931 0.680852 0.605026 0.518827 0.512735 0.363214 0.046299 -0.107183 0.056890 0.077021 -0.130529 -0.205668 0.047137 0.485260 0.644900 0.434959 0.104554 0.093329 0.082232 -0.203716 -0.179652 0.239008 0.519589 0.358795 -0.086663 -0.272290 -0.186804 -0.335055 -0.418858 -0.384273 -0.382084 -0.124789 0.118351 -0.190952 -0.738345 -0.828202 -0.481737 -0.008654 0.192446 0.153569 0.116540 0.066862 -0.185228 -0.324957 -0.319832 -0.190674 -0.022927 0.011903 0.256347 0.410672 0.178413 -0.177842 -0.283471 0.002647 0.074903 -0.216332 -0.334240 -0.128061 -0.132092 -0.445428 -0.519837 -0.068634 0.190136 0.082407 -0.089840 -0.109763 0.022818 -0.065367 -0.146864 -0.145922 -0.160862 -0.010798 0.009184 -0.164764 -0.099828 -0.164962 -0.327914 -0.291716 -0.046047 0.145465 0.179774 0.172029 -0.006173 -0.318707 -0.505016 -0.358674 -0.091870 -0.007760 -0.035448 -0.124705 -0.086535 0.110746 0.030101 -0.241468 -0.120960 0.180641 0.059755 -0.206234 -0.304372 -0.411463 -0.437797 -0.210740 0.063553 0.196570 0.262864 0.172373 0.180498 0.293564 0.189043 -0.084665 -0.042000 0.173328 0.180502 -0.177626 -0.373208 -0.297887 -0.148796 0.117668 0.294207 0.127808 0.008855 0.104216 0.113749 0.069654 0.012014 -0.058083 -0.075268 -0.129531 -0.154456 -0.263591 -0.270258 0.015169 0.014812 -0.261593 -0.081633 0.537664 0.801577 0.507666 0.053159 -0.153775 -0.168498 -0.196252 -0.139200 -0.131597 -0.074677 0.023423 -0.051982 -0.200732 -0.119850 0.264761 1.126506 1.705571 0.996054 0.105332 -0.253388 -0.470363 -0.727774 -0.821707 -0.535146 -0.161507 0.142143 0.182422 -0.103926 -0.266934 0.043054 0.416732 0.474686 0.287881 0.308743 0.552923 0.561656 0.243193 -0.137800 -0.151513 0.160718 0.313452 0.260611 0.014183 -0.239091 -0.329328
-0.045736 -0.483989 -0.621894 -0.483946 -0.307285 -0.269399 -0.127012 0.348041 0.661433 0.725657 0.805797 0.924848 0.756148 0.417492 0.203839 0.077384 -0.178254 -0.258640 -0.005096 0.057485 -0.078451 -0.077129 0.244577 0.589298 0.584724 0.345646 0.085996 0.041672 -0.054711 -0.327977 -0.313451 0.172796 0.569759 0.463979 0.081567 -0.094294 -0.093927 -0.411059 -0.602411 -0.675701 -0.822677 -0.520257 0.022409 0.000181 -0.421643 -0.555338 -0.437426 -0.201795 -0.095305 -0.142888 -0.027758 0.107085 -0.106808 -0.300784 -0.330032 -0.232293 -0.145869 0.010776 0.430083 0.592438 0.469970 0.166552 -0.068006 0.072911 0.037584 -0.290308 -0.399840 -0.165547 -0.043048 -0.211110 -0.458979 -0.285436 -0.076278 -0.034777 0.031359 0.119000 0.038497 -0.242211 -0.171164 0.095279 0.053947 -0.000603 0.083993 0.194872 0.423412 0.304527 -0.073312 -0.238510 -0.128470 0.031488 0.257537 0.532815 0.317868 -0.284219 -0.667303 -0.502048 -0.259613 -0.262205 -0.298817 -0.329099 -0.150392 0.154721 0.101672 -0.283413 -0.377582 -0.189088 -0.159750 -0.082538 0.073825 0.114603 0.109054 0.176678 0.241619 0.163144 0.008639 -0.075949 0.219564 0.486802 0.268412 -0.176026 -0.214926 0.052271 0.117936 -0.180860 -0.238508 -0.001187 0.148170 0.278833 0.410906 0.202980 -0.047391 0.071002 0.242246 0.205246 0.068687 0.089184 0.113414 0.017934 -0.030723 -0.261746 -0.420739 -0.246569 -0.277580 -0.584600 -0.493943 0.122163 0.534699 0.394238 -0.023116 -0.305476 -0.265469 -0.055974 0.078069 -0.096828 -0.166392 0.049211 0.087710 -0.171135 -0.239859 -0.055146 0.329131 0.579345 0.418617 0.059746 -0.185687 -0.260329 -0.419394 -0.556658 -0.512496 -0.383250 -0.161031 0.120520 0.253483 0.191394 0.228446 0.403573 0.526055 0.420700 0.333512 0.469078 0.674533 0.617933 0.322483 0.248832 0.250614 0.058704 -0.263424 -0.476951 -0.300702 -0.062987
0.033033 -0.227222 -0.468513 -0.614996 -0.457739 -0.279209 -0.115644 0.231337 0.402722 0.454266 0.606413 0.782995 0.685310 0.392999 0.168583 0.036819 -0.200476 -0.296204 -0.131524 -0.064129 -0.075914 -0.032169 0.271580 0.553574 0.445591 0.169379 -0.012449 -0.045279 -0.126247 -0.282688 -0.304939 0.061684 0.524359 0.607058 0.283482 -0.044839 -0.140756 -0.409841 -0.610948 -0.697481 -0.838280 -0.656554 -0.123780 0.086483 -0.093505 -0.129341 0.009590 0.093462 -0.053850 -0.234924 -0.175331 -0.020147 -0.175516 -0.326498 -0.301701 -0.328959 -0.497114 -0.289644 0.190622 0.339396 0.407627 0.327030 0.156963 0.221483 0.118582 -0.285614 -0.523215 -0.440639 -0.177899 0.044689 -0.069386 -0.080127 0.100788 0.366002 0.523104 0.479717 0.147684 -0.214092 -0.044971 0.283818 0.202559 0.061794 0.166923 0.417519 0.768668 0.702030 0.283547 0.010616 -0.091952 0.054897 0.437933 0.714139 0.389858 -0.207034 -0.541643 -0.539160 -0.559195 -0.612955 -0.465593 -0.273313 0.106803 0.339939 0.167492 -0.140839 -0.271283 -0.193641 -0.055986 0.158115 0.348200 0.488408 0.561469 0.491699 0.228897 -0.095028 -0.317437 -0.279526 0.155417 0.505790 0.336787 -0.033069 -0.096030 0.057301 0.005662 -0.272798 -0.254667 0.050125 0.224327 0.337149 0.550179 0.468980 0.126910 0.009074 0.100661 0.063151 -0.019220 0.109011 0.104011 0.037846 0.065495 -0.175152 -0.417839 -0.360462 -0.452524 -0.728055 -0.713690 -0.181442 0.338803 0.331642 -0.020179 -0.171447 0.052059 0.249149 0.239023 -0.007563 -0.124578 0.104263 0.216219 -0.090619 -0.447082 -0.457229 -0.081172 0.248942 0.297536 0.129569 -0.035398 0.049964 0.061476 -0.006883 -0.187400 -0.435529 -0.489727 -0.140145 0.360911 0.499490 0.423089 0.499988 0.530799 0.363891 0.232931 0.312980 0.657319 0.718062 0.382248 0.249992 0.145201 -0.064081 -0.385736 -0.576749 -0.283164 0.049669
-0.000208 -0.143729 -0.468790 -0.699232 -0.446606 -0.202927 -0.181362 -0.078074 0.039030 0.241508 0.524128 0.780938 0.781215 0.562503 0.478699 0.375979 0.016595 -0.290164 -0.334022 -0.254449 -0.147292 0.010035 0.314122 0.445597 0.224088 -0.027954 -0.145942 -0.199216 -0.209688 -0.101425 0.002586 0.080977 0.290674 0.536846 0.409640 -0.010680 -0.245777 -0.383909 -0.486173 -0.532481 -0.585152 -0.581733 -0.266670 0.041095 0.107737 0.285669 0.507092 0.369642 -0.040547 -0.280135 -0.244103 -0.100801 -0.281742 -0.476582 -0.503954 -0.626054 -0.846232 -0.620007 -0.221502 -0.087520 0.098097 0.294605 0.340643 0.323868 0.149267 -0.209947 -0.469459 -0.540816 -0.269733 0.184979 0.299016 0.234648 0.301645 0.596987 0.826959 0.810996 0.460011 0.065469 0.148244 0.359829 0.251373 0.112076 0.136546 0.301134 0.623810 0.634264 0.338869 0.047617 -0.180333 -0.044834 0.413733 0.741068 0.520656 0.111584 -0.080953 -0.196792 -0.433257 -0.670502 -0.558752 -0.204402 0.354729 0.535526 0.348941 0.212747 0.058305 -0.017188 0.141337 0.340025 0.371178 0.394568 0.379880 0.218310 -0.085706 -0.299749 -0.303761 -0.144699 0.150244 0.387531 0.293272 0.135715 0.252907 0.342993 0.098196 -0.149323 -0.024343 0.315228 0.476713 0.602823 0.768507 0.620118 0.222678 -0.043837 -0.063115 -0.120337 -0.167826 -0.108611 -0.186325 -0.095490 0.097735 -0.056514 -0.279203 -0.275219 -0.351160 -0.532725 -0.551382 -0.163783 0.290536 0.276194 -0.020934 -0.016042 0.230980 0.256057 0.226279 0.156136 0.094797 0.194565 0.104079 -0.286654 -0.671426 -0.628913 -0.176418 0.181368 0.221750 0.122004 0.095292 0.257080 0.433305 0.509068 0.259127 -0.205667 -0.549427 -0.383644 0.176584 0.338117 0.237174 0.431185 0.542572 0.320742 0.082321 0.089159 0.460262 0.528732 0.145047 0.070065 0.155521 0.195544 0.047252 -0.172685 -0.135801 -0.053972
0.312929 0.124624 -0.192060 -0.334107 -0.102087 0.000035 -0.295793 -0.440541 -0.249086 0.097552 0.338740 0.547301 0.670816 0.619752 0.750650 0.784025 0.338501 -0.162950 -0.347596 -0.356773 -0.214235 0.118315 0.335475 0.202180 -0.081057 -0.263904 -0.341526 -0.295770 -0.260835 -0.063085 0.282352 0.225302 0.013441 0.133748 0.166719 -0.071097 -0.190733 -0.184801 -0.260738 -0.376476 -0.408529 -0.423992 -0.215035 0.159752 0.317624 0.435652 0.520171 0.251018 -0.193236 -0.419366 -0.282815 -0.021923 -0.221600 -0.581358 -0.678342 -0.662997 -0.709245 -0.603026 -0.393820 -0.264528 -0.145664 0.004666 0.059163 -0.009198 -0.121397 -0.181372 -0.212499 -0.316599 -0.254924 0.042996 0.239733 0.226697 0.204918 0.351730 0.542283 0.650116 0.537680 0.312204 0.353011 0.411684 0.197145 0.007650 -0.055994 -0.001771 0.141823 0.181971 0.195579 0.058559 -0.250683 -0.354844 -0.077567 0.395393 0.492399 0.301886 0.207587 0.106078 -0.125088 -0.463734 -0.502090 -0.158558 0.430381 0.619053 0.441973 0.365566 0.173751 -0.175791 -0.215344 0.043164 0.183219 0.231151 0.093104 -0.233848 -0.522727 -0.553268 -0.363338 -0.092522 0.133098 0.208021 -0.003287 -0.163017 0.140609 0.361102 0.161937 0.022807 0.206095 0.514804 0.653131 0.755324 0.806509 0.541957 0.136080 -0.211085 -0.366173 -0.404279 -0.339447 -0.284440 -0.240794 0.108184 0.352781 0.104976 -0.156330 -0.160058 -0.226967 -0.336381 -0.255252 0.083420 0.305990 0.215418 0.124768 0.214605 0.181600 0.094780 0.325430 0.494653 0.344487 0.099788 -0.259993 -0.611166 -0.751918 -0.506211 -0.040720 0.267016 0.222877 0.033344 -0.008852 0.221407 0.568268 0.707309 0.479967 0.042968 -0.397071 -0.422869 -0.045259 -0.120343 -0.334172 -0.054584 0.266288 0.271454 0.092433 0.008531 0.208203 0.183814 -0.118251 -0.033412 0.315772 0.370870 0.057624 -0.194779 -0.172897 -0.133893
0.585686 0.459013 0.206167 0.064500 0.176178 0.158384 -0.320439 -0.628971 -0.430138 -0.152329 -0.081986 0.103659 0.414534 0.545453 0.728599 0.831944 0.455348 -0.062846 -0.287518 -0.303834 -0.079600 0.335157 0.371056 0.052472 -0.139596 -0.186937 -0.247872 -0.186445 -0.209555 -0.007288 0.505315 0.398124 -0.131088 -0.255120 -0.127282 -0.008254 0.195243 0.181770 -0.116358 -0.394489 -0.386206 -0.169067 0.017012 0.260448 0.308740 0.237051 0.260405 0.087680 -0.342430 -0.661259 -0.445993 -0.046564 -0.157634 -0.463226 -0.326914 0.006248 0.012613 -0.214827 -0.326565 -0.269493 -0.225619 -0.211546 -0.240776 -0.336917 -0.416845 -0.281375 -0.125533 -0.188314 -0.367243 -0.309819 -0.080879 -0.018867 -0.026708 0.062452 0.133304 0.247678 0.397351 0.376445 0.352435 0.395963 0.188147 -0.011458 -0.020818 0.014633 -0.131873 -0.249828 -0.117826 -0.113957 -0.230354 -0.274008 -0.224516 0.087644 0.286579 0.181306 0.037966 -0.091323 -0.230782 -0.364666 -0.272569 0.059356 0.426806 0.532896 0.365106 0.289783 0.118047 -0.413140 -0.661480 -0.348786 -0.033913 0.148769 0.004687 -0.599132 -1.138872 -1.020350 -0.623759 -0.176494 0.194640 0.188635 -0.177788 -0.431880 -0.068789 0.329759 0.372722 0.289347 0.218167 0.175540 0.244005 0.397381 0.414771 0.193493 -0.036392 -0.325892 -0.546998 -0.543926 -0.393041 -0.260398 0.003039 0.502462 0.656786 0.292315 0.067116 0.128960 0.022383 -0.177604 -0.168901 0.125831 0.242941 0.159593 0.240228 0.302952 0.055550 0.019028 0.447520 0.770442 0.612994 0.138313 -0.384215 -0.687803 -0.599698 -0.106358 0.359599 0.525692 0.319557 -0.068799 -0.310933 -0.004892 0.463223 0.495100 0.300570 0.108631 -0.139860 -0.218128 -0.081988 -0.357507 -0.655433 -0.443163 -0.088188 0.255254 0.402411 0.268606 0.181318 0.111051 0.011623 0.081497 0.307225 0.157162 -0.254915 -0.394872 -0.306888 -0.226465
0.419537 0.407614 0.188073 -0.076235 -0.035829 0.088848 -0.207034 -0.461960 -0.311663 -0.274829 -0.425858 -0.223489 0.232312 0.432239 0.508624 0.575422 0.323649 -0.121332 -0.342069 -0.208381 0.152541 0.504232 0.468777 0.242157 0.179004 0.158322 0.036549 -0.038319 -0.103217 0.151202 0.569974 0.307789 -0.219360 -0.284531 -0.092929 0.152087 0.492796 0.446691 0.023615 -0.358458 -0.369898 -0.021955 0.064457 0.014994 -0.024259 -0.031894 0.092349 -0.011947 -0.485125 -0.861887 -0.630444 -0.151077 -0.066885 -0.110224 0.296413 0.729945 0.596966 0.182510 -0.033476 -0.020989 0.040757 0.078066 -0.056185 -0.316155 -0.564657 -0.560300 -0.314497 -0.059659 -0.166350 -0.309821 -0.238990 -0.211731 -0.192998 -0.115012 -0.079891 -0.010455 0.205298 0.259976 0.195168 0.271042 0.172440 0.108190 0.233206 0.240659 -0.186703 -0.572984 -0.582324 -0.513894 -0.226913 0.092666 0.057115 0.013310 0.066977 -0.024373 -0.180535 -0.270618 -0.281538 -0.192278 0.036275 0.319787 0.393472 0.329614 0.175455 0.111892 0.010997 -0.389583 -0.679319 -0.537298 -0.293163 -0.096771 -0.189806 -0.950516 -1.701142 -1.449156 -0.882643 -0.284224 0.274668 0.267714 -0.130743 -0.352751 0.002235 0.397643 0.575239 0.521081 0.189064 -0.243138 -0.316426 -0.080500 -0.005571 -0.098623 -0.104109 -0.217313 -0.451177 -0.571135 -0.528825 -0.345489 0.051677 0.491288 0.558746 0.302068 0.291594 0.431543 0.176729 -0.288490 -0.468650 -0.090631 0.231476 0.163020 0.132252 0.172320 -0.022921 -0.086010 0.266553 0.640251 0.664810 0.273745 -0.238123 -0.514785 -0.360165 0.137441 0.551585 0.709149 0.448777 -0.116156 -0.540754 -0.216550 0.280529 0.279241 0.181297 0.201572 0.153721 0.059932 0.055577 -0.224746 -0.516743 -0.438083 -0.228516 0.143253 0.431693 0.396236 0.338576 0.336457 0.317327 0.162305 0.013984 -0.165406 -0.292915 -0.273681 -0.272452 -0.287078
0.010534 0.011378 -0.049679 -0.246394 -0.269286 -0.024634 -0.097359 -0.298771 -0.254681 -0.286129 -0.404864 -0.262791 0.102806 0.334766 0.413214 0.397709 0.143870 -0.205504 -0.332934 -0.013802 0.422145 0.598072 0.584940 0.588551 0.523442 0.395866 0.211780 0.108325 0.101721 0.261028 0.330063 -0.037120 -0.249179 -0.051048 0.169200 0.353548 0.559309 0.430975 -0.017596 -0.343023 -0.242919 0.080078 0.016007 -0.231542 -0.295880 -0.192094 -0.041694 -0.192917 -0.579852 -0.752969 -0.536221 -0.208215 -0.109615 -0.025854 0.447784 0.857247 0.705367 0.466423 0.493405 0.539647 0.458451 0.305365 0.022273 -0.270668 -0.559483 -0.718831 -0.519519 -0.011953 0.125123 -0.041854 -0.224738 -0.405010 -0.428682 -0.314589 -0.148609 -0.002414 0.137877 0.201893 0.228508 0.244281 0.136740 0.223044 0.475054 0.500392 0.034917 -0.458095 -0.560699 -0.403355 0.032379 0.364245 0.254868 0.001821 -0.100754 -0.123040 -0.103816 -0.093066 -0.046479 0.155760 0.347656 0.352879 0.163854 0.022414 -0.071329 -0.066437 -0.060568 -0.279584 -0.637921 -0.728115 -0.417247 -0.089953 -0.128863 -0.703512 -1.214260 -0.994668 -0.570620 -0.023051 0.498000 0.406202 -0.029861 -0.260043 -0.112761 0.090610 0.361421 0.567457 0.365499 -0.146090 -0.376644 -0.229231 -0.075497 0.057492 0.147001 0.107017 -0.067672 -0.252943 -0.372226 -0.345305 -0.119353 0.066487 0.085318 0.065563 0.331319 0.543243 0.148870 -0.522237 -0.803760 -0.349979 0.199421 0.156491 -0.063372 -0.056231 -0.151647 -0.278285 -0.069854 0.267961 0.450826 0.237084 -0.175173 -0.389769 -0.212931 0.088363 0.388789 0.614729 0.330181 -0.348233 -0.706831 -0.257183 0.228311 0.246719 0.135964 0.075464 0.049240 -0.007050 0.060332 0.018764 -0.087293 -0.164789 -0.211419 -0.042319 0.177908 0.287408 0.356772 0.315679 0.224794 -0.040396 -0.356968 -0.363324 -0.066796 0.070605 -0.021532 -0.091742
-0.177951 -0.194188 -0.151624 -0.245413 -0.290038 0.004290 0.064118 -0.209029 -0.423696 -0.470079 -0.403259 -0.358918 -0.126664 0.248539 0.402606 0.245624 -0.054694 -0.245973 -0.282981 0.090378 0.584209 0.653242 0.684118 0.817175 0.664015 0.472598 0.362871 0.364632 0.440736 0.406296 0.104036 -0.195346 -0.030232 0.236771 0.375047 0.497181 0.527698 0.284437 -0.153840 -0.265497 0.060305 0.316280 0.122389 -0.184824 -0.293413 -0.271972 -0.264556 -0.481482 -0.632979 -0.408010 -0.127145 -0.087131 -0.260765 -0.292394 0.086387 0.496099 0.479564 0.560391 0.908346 0.972941 0.651363 0.274062 -0.057170 -0.236657 -0.429197 -0.708021 -0.735366 -0.397774 -0.171919 -0.082913 -0.221626 -0.514035 -0.615901 -0.428507 -0.033380 0.307927 0.388329 0.315931 0.279005 0.212911 0.119337 0.296429 0.570755 0.623237 0.271039 -0.123365 -0.114250 0.149593 0.397696 0.382898 0.129625 -0.132252 -0.266101 -0.213347 -0.026770 0.032395 -0.004234 0.156883 0.329889 0.201563 -0.015983 -0.065409 -0.100414 -0.057968 0.005997 -0.068000 -0.314069 -0.474773 -0.130687 0.253817 0.193569 -0.144093 -0.306637 -0.169082 0.040663 0.424247 0.712462 0.482909 0.017314 -0.273762 -0.398543 -0.418228 -0.124659 0.343017 0.422943 0.056910 -0.203257 -0.207775 -0.035606 0.240898 0.259160 0.286828 0.327251 0.187943 -0.046729 -0.313480 -0.480919 -0.560866 -0.491377 -0.179589 0.387090 0.652081 0.198844 -0.443771 -0.638757 -0.255363 0.145355 -0.043086 -0.408069 -0.428809 -0.407677 -0.461327 -0.278867 0.033169 0.214959 0.100113 -0.184623 -0.365905 -0.202138 -0.066810 0.074975 0.215906 -0.057296 -0.619282 -0.747419 -0.167741 0.251555 0.146198 -0.155176 -0.328744 -0.262556 -0.154809 0.032095 0.283956 0.509961 0.244659 -0.219620 -0.319782 -0.144258 0.031935 0.080299 0.048297 -0.008565 -0.223636 -0.503004 -0.382504 0.152254 0.399552 0.336028 0.289924
-0.337645 -0.238488 -0.181421 -0.282206 -0.227152 0.176166 0.319787 -0.066564 -0.577470 -0.779987 -0.726080 -0.761650 -0.479383 0.065752 0.177754 -0.053361 -0.235949 -0.269376 -0.300047 0.027406 0.558275 0.594816 0.596824 0.685717 0.528686 0.414144 0.427357 0.506476 0.568599 0.349969 -0.098020 -0.225120 0.129302 0.346926 0.385131 0.408451 0.312925 0.057791 -0.217190 -0.077960 0.298882 0.397281 0.114034 -0.182565 -0.299947 -0.354193 -0.412150 -0.603519 -0.557520 -0.133934 0.104553 -0.081956 -0.443456 -0.565926 -0.294813 0.068103 0.095833 0.290787 0.798223 0.869088 0.478309 0.125372 -0.171117 -0.246512 -0.155053 -0.232737 -0.414832 -0.534979 -0.512869 -0.251485 -0.146835 -0.288884 -0.449096 -0.339228 0.155107 0.602508 0.672020 0.463852 0.227214 0.098107 0.107489 0.331758 0.540459 0.624069 0.396457 0.133645 0.264678 0.539672 0.578014 0.304251 -0.074488 -0.341374 -0.388842 -0.223918 0.049795 0.129195 -0.024671 -0.016750 0.196705 0.223368 0.181421 0.270059 0.261217 0.235947 0.217991 0.209369 0.209498 0.168862 0.346511 0.518203 0.346749 0.098330 0.096578 0.157955 0.223524 0.402157 0.515827 0.307294 -0.076223 -0.391190 -0.677883 -0.769667 -0.449932 0.056583 0.231316 -0.002914 -0.195038 -0.226393 -0.115469 0.071495 0.037326 0.226515 0.431443 0.219875 -0.025619 -0.325301 -0.665650 -0.797129 -0.624901 -0.231939 0.307007 0.593681 0.311670 -0.080018 -0.180884 -0.016825 0.114009 -0.184305 -0.621431 -0.649913 -0.573875 -0.588550 -0.449259 -0.224638 -0.122350 -0.173304 -0.239462 -0.311201 -0.217071 -0.239770 -0.244995 -0.181931 -0.370113 -0.669534 -0.568318 0.023627 0.368314 0.100217 -0.380371 -0.553353 -0.306904 -0.041246 0.075067 0.357319 0.811732 0.559768 -0.181662 -0.591159 -0.503737 -0.266522 -0.235919 -0.197319 -0.105382 -0.191310 -0.419712 -0.366233 0.088540 0.376355 0.341351 0.267418
-0.806256 -0.582057 -0.552617 -0.609173 -0.320201 0.212005 0.408503 0.132718 -0.360998 -0.733667 -0.917736 -1.030475 -0.657727 -0.050476 0.004617 -0.202696 -0.289827 -0.315565 -0.263633 0.141192 0.573920 0.414589 0.155341 0.071746 0.089271 0.232679 0.329378 0.304968 0.239060 -0.013550 -0.318555 -0.287499 -0.008869 0.109392 0.115336 0.145031 0.106224 -0.018743 -0.120883 0.110336 0.426990 0.381533 0.082126 -0.133767 -0.249583 -0.306697 -0.249887 -0.257323 -0.079711 0.180412 0.056215 -0.313439 -0.595762 -0.605947 -0.382891 -0.180505 -0.255227 -0.118161 0.371350 0.446245 0.113458 -0.121059 -0.348491 -0.376657 0.012316 0.251059 0.031085 -0.377483 -0.565714 -0.266826 0.110354 0.132007 -0.184907 -0.350869 0.025570 0.515147 0.660987 0.537006 0.234189 -0.008429 0.015332 0.214883 0.418580 0.588162 0.491231 0.292937 0.327988 0.468892 0.420532 0.122924 -0.216881 -0.474365 -0.510038 -0.331155 -0.027610 0.199003 0.159357 0.159568 0.402421 0.384882 0.273943 0.376765 0.412661 0.338576 0.186232 0.110132 0.158923 0.251562 0.418151 0.494603 0.301659 0.168451 0.210244 0.157221 0.147892 0.123355 0.061106 -0.032164 -0.186228 -0.419912 -0.686745 -0.645492 -0.330173 -0.032074 0.098326 -0.005713 -0.144082 -0.220184 -0.251037 -0.170875 -0.087321 0.171971 0.258039 -0.145526 -0.353812 -0.382930 -0.460046 -0.326475 -0.086167 0.018190 0.137586 0.276625 0.298759 0.227667 0.077326 0.044515 0.201197 0.037936 -0.486722 -0.620236 -0.537274 -0.477642 -0.448734 -0.433363 -0.306951 -0.225375 -0.100598 -0.059694 -0.074847 -0.267155 -0.366432 -0.307385 -0.405583 -0.487443 -0.220652 0.335535 0.608768 0.251758 -0.302859 -0.482438 -0.167472 0.144298 0.116916 0.226105 0.694486 0.690868 0.092987 -0.433664 -0.575746 -0.460447 -0.388442 -0.237870 0.011572 0.042358 -0.252814 -0.399510 -0.165270 0.138270 0.198371 0.178733
-1.004862 -0.883087 -0.973855 -0.994949 -0.637903 -0.153048 0.145978 0.287284 0.109275 -0.354364 -0.726095 -0.759530 -0.405352 -0.046119 -0.087746 -0.172859 -0.169141 -0.178073 -0.088875 0.210338 0.428414 0.212015 -0.166620 -0.455004 -0.375320 0.004260 0.191794 -0.007086 -0.236429 -0.318970 -0.291098 -0.192485 -0.096465 -0.045204 0.015839 0.102278 0.234996 0.255711 0.087890 0.151941 0.434635 0.371442 0.076413 -0.032551 -0.109777 -0.137634 0.085944 0.321190 0.472414 0.336864 -0.104112 -0.415622 -0.545695 -0.479959 -0.289152 -0.249747 -0.428215 -0.349089 0.082428 0.234205 -0.048079 -0.286870 -0.441046 -0.412034 0.094307 0.461886 0.285462 -0.081644 -0.294059 0.006124 0.505962 0.491538 -0.011831 -0.358686 -0.087971 0.373449 0.507086 0.428975 0.114190 -0.135982 -0.022845 0.156062 0.302833 0.466614 0.521678 0.361468 0.208748 0.173517 0.110897 -0.030387 -0.221294 -0.405607 -0.429273 -0.280572 -0.039818 0.242657 0.355477 0.345163 0.412844 0.204825 -0.007501 0.035309 0.085287 0.097330 0.001506 -0.089265 -0.203876 -0.230980 0.046586 0.313591 0.203382 0.147080 0.215600 0.162745 0.213091 0.098153 -0.162585 -0.213225 -0.134826 -0.292918 -0.501508 -0.326392 -0.084078 0.004581 0.132176 0.209137 0.077544 -0.199826 -0.453769 -0.400048 -0.142514 0.099081 0.046063 -0.388599 -0.602598 -0.456376 -0.213860 0.158993 0.352495 0.173399 -0.043221 -0.113509 0.081486 0.287128 0.158348 0.030061 0.218249 0.075658 -0.456881 -0.446190 -0.205130 -0.148180 -0.243907 -0.300742 -0.061500 0.131524 0.231387 0.154455 0.006302 -0.255903 -0.374980 -0.230140 -0.199104 -0.236585 -0.033170 0.439640 0.697083 0.404452 -0.150878 -0.455138 -0.295759 -0.040989 -0.044654 -0.034156 0.328538 0.548592 0.309635 -0.064561 -0.382794 -0.531395 -0.504526 -0.263697 0.137024 0.230456 -0.093387 -0.273469 -0.164311 0.131021 0.300131 0.312050
-0.802448 -0.910218 -1.090533 -1.098662 -0.867447 -0.462940 -0.004894 0.401000 0.398070 -0.066772 -0.381087 -0.213009 0.001713 -0.082279 -0.284413 -0.204669 -0.004999 0.111361 0.112899 0.110514 0.073909 0.000989 -0.066372 -0.324822 -0.386404 -0.021969 0.138105 -0.120375 -0.392803 -0.355411 -0.130312 -0.065841 -0.121765 -0.166891 -0.108153 0.078450 0.362048 0.360355 0.049403 0.020579 0.303734 0.217154 -0.089344 -0.063801 0.051084 0.091129 0.271361 0.521397 0.547341 0.170631 -0.204731 -0.206102 -0.243818 -0.261259 -0.173783 -0.298251 -0.557645 -0.562695 -0.175939 0.138754 -0.027592 -0.234041 -0.360365 -0.541788 -0.298354 0.240222 0.394051 0.293322 0.124783 0.222420 0.572606 0.546373 0.112520 -0.129787 0.155101 0.465532 0.454684 0.288002 -0.059611 -0.256957 -0.065866 0.116795 0.140822 0.167001 0.317495 0.245782 0.136923 0.103295 -0.026581 -0.089347 -0.161528 -0.149147 0.012628 0.114369 0.131734 0.228839 0.283024 0.215085 0.166208 0.056588 -0.057123 -0.143446 -0.192306 -0.073051 -0.021228 -0.125973 -0.438935 -0.709939 -0.455284 0.041970 0.083037 0.024611 0.149053 0.144115 0.192090 0.198679 -0.089681 -0.289516 -0.197976 -0.292314 -0.518692 -0.447359 -0.322024 -0.239409 0.003586 0.250642 0.104053 -0.220237 -0.378717 -0.232623 0.011511 0.159773 0.086511 -0.195680 -0.334915 -0.225377 -0.083533 0.126521 0.169308 -0.060465 -0.188239 -0.220003 -0.082115 0.161659 0.130839 0.008356 0.091349 -0.188251 -0.584362 -0.335359 -0.002397 -0.027505 -0.182826 -0.165547 0.076914 0.187320 0.110436 -0.059267 -0.201243 -0.375027 -0.373697 -0.136968 -0.015399 -0.022247 0.007678 0.206501 0.422586 0.323557 -0.136046 -0.523104 -0.513762 -0.251285 -0.114715 -0.113518 0.090527 0.261755 0.135363 -0.132871 -0.400175 -0.555287 -0.537478 -0.273546 0.187017 0.336977 0.170892 0.129441 0.196637 0.322355 0.377607 0.335732
-0.582257 -0.707201 -0.736880 -0.702667 -0.612475 -0.224884 0.345499 0.691872 0.556883 0.053864 -0.166187 0.133777 0.274702 -0.078838 -0.424241 -0.332665 -0.112810 0.033545 0.094896 0.077498 -0.132117 -0.217053 0.063503 0.133156 0.031532 0.130976 -0.023014 -0.271810 -0.369732 -0.264525 -0.043225 -0.010561 -0.197880 -0.496932 -0.584238 -0.253140 0.149751 0.148942 -0.117293 -0.109193 0.112026 0.029827 -0.129653 0.041151 0.298675 0.397267 0.376540 0.377708 0.299405 0.049591 -0.027940 0.118403 0.036982 -0.108895 -0.246627 -0.557445 -0.750751 -0.679164 -0.395424 -0.151943 -0.154497 -0.089821 -0.159009 -0.687070 -0.866018 -0.189629 0.342537 0.531437 0.420309 0.224570 0.256092 0.272580 0.133136 0.065068 0.280608 0.511436 0.487419 0.198293 -0.145148 -0.251749 -0.126430 0.007899 0.047967 0.017508 0.022034 -0.068489 0.051599 0.192234 0.032808 -0.064739 -0.066072 0.179495 0.472926 0.448917 0.260210 0.174781 0.130278 0.128834 0.205717 0.359264 0.269154 -0.058313 -0.265803 -0.158761 -0.091696 -0.274134 -0.584871 -0.732120 -0.416387 0.039206 0.038461 -0.118694 -0.039436 0.024303 0.094842 0.228940 -0.020204 -0.458088 -0.541992 -0.494303 -0.599932 -0.572630 -0.446400 -0.309254 -0.127998 0.097225 -0.020725 -0.242028 -0.108771 0.127727 0.187458 0.221832 0.233523 0.141855 0.081674 0.034163 -0.035656 -0.027441 -0.166081 -0.333131 -0.183843 -0.118772 -0.092596 0.054275 -0.002304 -0.066665 0.029393 -0.255331 -0.505827 -0.283743 -0.123134 -0.200260 -0.342108 -0.231489 0.054820 0.048621 -0.285553 -0.470959 -0.386924 -0.328084 -0.216311 -0.065954 -0.027224 0.034721 0.076907 0.018582 0.054771 0.043917 -0.271425 -0.528453 -0.477279 -0.183236 0.074550 0.169648 0.262049 0.226274 -0.077455 -0.508772 -0.776787 -0.693371 -0.515802 -0.317070 0.053801 0.340569 0.482274 0.541912 0.486663 0.307327 0.109606 0.026017
-0.458768 -0.366340 -0.080631 0.009913 -0.063956 0.132557 0.597342 0.849140 0.582946 0.071864 -0.055653 0.289217 0.441100 0.052192 -0.399961 -0.467752 -0.435700 -0.336793 -0.007480 0.207829 -0.019513 -0.108471 0.226024 0.373946 0.349390 0.395590 0.040997 -0.385104 -0.496208 -0.434944 -0.396146 -0.378663 -0.525027 -0.931211 -1.082518 -0.696472 -0.202860 -0.036855 -0.147267 -0.192304 -0.129506 -0.100504 -0.014724 0.160983 0.348953 0.515358 0.455610 0.310918 0.163337 0.014762 0.060798 0.198390 0.153151 0.020393 -0.316105 -0.825623 -0.883042 -0.558176 -0.414896 -0.473546 -0.338771 0.081783 0.069477 -0.472072 -0.628060 -0.042360 0.456960 0.689994 0.605292 0.280544 0.019847 -0.057328 0.004242 -0.031718 0.027911 0.286376 0.329964 0.009068 -0.231314 -0.224386 -0.190557 -0.058816 0.175636 0.271860 0.125080 -0.144052 -0.041450 0.155106 0.081014 0.018853 0.174148 0.660035 0.919811 0.656322 0.302400 0.131501 0.061454 0.156014 0.347996 0.662043 0.548600 0.066106 -0.185124 -0.100299 -0.157493 -0.430573 -0.513264 -0.237932 0.221732 0.428343 0.286963 0.055775 -0.077482 -0.030153 0.047610 0.099353 -0.119885 -0.548409 -0.663939 -0.539843 -0.568888 -0.507970 -0.373879 -0.226698 -0.075022 0.091031 -0.044363 -0.325635 -0.200759 0.056344 0.093029 0.081122 0.110417 0.146127 0.112988 -0.011043 -0.037043 0.012178 -0.201088 -0.342804 -0.109492 -0.085217 -0.150424 -0.018057 -0.041183 0.029304 0.210962 -0.025167 -0.226344 -0.091181 -0.052194 -0.134542 -0.252033 -0.081682 0.264984 0.115483 -0.389431 -0.497465 -0.149082 0.114691 0.176055 0.113725 -0.077139 -0.136847 0.012961 0.006078 -0.023479 -0.036886 -0.281521 -0.404971 -0.272168 0.008200 0.283180 0.332371 0.242753 0.150041 -0.087376 -0.547278 -0.895391 -0.715949 -0.470964 -0.407155 -0.195016 0.165900 0.521917 0.642583 0.431527 0.031412 -0.302692 -0.439794
-0.497383 -0.241907 0.232902 0.402388 0.216599 0.128434 0.377596 0.625300 0.444763 0.065568 -0.054831 0.088993 0.216850 0.093639 -0.239382 -0.413624 -0.505424 -0.462732 -0.011309 0.375660 0.314549 0.369970 0.515908 0.346229 0.283144 0.473899 0.252350 -0.297575 -0.579887 -0.658599 -0.783748 -0.810365 -0.811096 -1.005586 -0.952578 -0.659022 -0.435049 -0.270585 -0.229559 -0.333468 -0.318363 -0.076557 0.109754 0.105935 0.169611 0.395382 0.367641 0.242125 0.171602 0.068100 0.041233 0.137859 0.232468 0.197898 -0.175698 -0.678708 -0.628431 -0.236316 -0.242924 -0.473249 -0.310886 0.143205 0.126394 -0.173800 0.003017 0.498920 0.695456 0.669346 0.583657 0.394901 0.043104 -0.181709 -0.086064 -0.080742 -0.064076 0.185005 0.212103 -0.123906 -0.344753 -0.328143 -0.318921 -0.106960 0.280759 0.546780 0.491007 0.070120 -0.140315 -0.104016 -0.070605 0.054227 0.330822 0.819173 1.011208 0.709659 0.489200 0.476456 0.318676 0.187917 0.298001 0.688070 0.638494 0.163326 -0.083153 -0.060478 -0.205376 -0.417179 -0.337235 0.001627 0.400651 0.560958 0.569443 0.470842 0.246385 0.226707 0.194168 -0.034282 -0.281493 -0.512576 -0.522077 -0.410968 -0.540723 -0.587686 -0.459807 -0.204547 0.150447 0.370726 0.108434 -0.394558 -0.482501 -0.198372 -0.125142 -0.283950 -0.302670 -0.104335 -0.000150 0.035677 0.131212 0.119663 -0.186914 -0.364170 -0.125701 -0.088142 -0.296619 -0.217843 -0.080632 0.222108 0.461312 0.251675 0.059334 0.130261 0.182745 0.141399 0.071703 0.160023 0.263056 -0.026961 -0.363834 -0.245743 0.202310 0.424068 0.357183 0.247283 0.124682 0.085102 0.207652 0.235663 0.214220 0.218749 0.057578 -0.038533 0.044379 0.269916 0.456880 0.244838 -0.142120 -0.188778 -0.033191 -0.230569 -0.498113 -0.257172 -0.078488 -0.317799 -0.380728 -0.144796 0.174866 0.363432 0.202276 -0.146820 -0.322682 -0.295369
-0.309076 -0.086535 0.190622 0.192715 -0.018248 -0.112267 0.072103 0.353515 0.387263 0.178039 -0.075653 -0.285929 -0.298070 -0.106855 -0.131487 -0.296577 -0.448076 -0.523655 -0.178208 0.329452 0.456129 0.509169 0.411014 0.027380 -0.078126 0.157642 0.165907 -0.123618 -0.317768 -0.507788 -0.785521 -0.914313 -0.792716 -0.662603 -0.397672 -0.302023 -0.402362 -0.228095 -0.106751 -0.328265 -0.260820 0.229569 0.384041 0.109259 0.037083 0.241104 0.142592 0.037474 0.212257 0.271912 0.193419 0.274405 0.398691 0.305026 -0.004794 -0.221344 -0.110599 0.058846 -0.105561 -0.286241 -0.112174 0.126583 0.055518 -0.039663 0.311641 0.701863 0.612054 0.416098 0.471079 0.542292 0.295873 0.008922 0.050502 0.204420 0.331054 0.452795 0.318223 -0.146185 -0.449175 -0.462182 -0.475529 -0.210896 0.247830 0.548759 0.603408 0.285328 -0.002986 -0.046036 0.063573 0.269861 0.447935 0.650687 0.757232 0.631179 0.701329 0.870066 0.619555 0.271032 0.276509 0.600889 0.555518 0.158124 -0.089120 -0.208253 -0.323713 -0.337572 -0.352682 -0.347201 -0.100876 0.181600 0.398118 0.473970 0.383392 0.451641 0.530318 0.212068 -0.183125 -0.451455 -0.511626 -0.394234 -0.507553 -0.624154 -0.455921 -0.109708 0.288660 0.480207 0.126549 -0.487532 -0.641936 -0.347902 -0.388912 -0.764869 -0.795327 -0.450324 -0.251828 -0.077749 0.109880 0.039826 -0.269202 -0.399799 -0.073940 0.135090 -0.113145 -0.318205 -0.274255 0.185291 0.530983 0.444327 0.345179 0.412662 0.499062 0.313721 0.069909 0.002970 -0.089620 -0.288587 -0.376513 -0.131502 0.282647 0.312174 0.060431 0.034547 0.545497 1.094522 0.859269 0.396973 0.281383 0.301333 0.207551 0.192381 0.318032 0.421474 0.455401 0.271949 -0.123426 -0.258207 0.049651 0.114013 0.165933 0.934186 1.446541 0.645975 -0.094586 -0.285515 -0.265271 -0.021519 0.095718 -0.012554 0.055190 0.340476
0.310920 0.223408 0.066130 -0.211211 -0.362643 -0.242883 -0.012210 0.222700 0.386714 0.274702 -0.118301 -0.519145 -0.638200 -0.311579 -0.106474 -0.256503 -0.445701 -0.520066 -0.271855 0.247998 0.471877 0.408806 0.139632 -0.248003 -0.354540 -0.172931 -0.001391 0.075615 0.073660 -0.276634 -0.821430 -1.048416 -0.823087 -0.521290 -0.265878 -0.221010 -0.231521 -0.005646 -0.009870 -0.304228 -0.140130 0.450314 0.550442 0.124316 -0.053040 0.134877 0.050646 -0.033590 0.225311 0.307846 0.283175 0.486168 0.511785 0.210754 -0.022466 0.026652 0.032133 -0.128001 -0.317727 -0.272434 -0.060232 0.065053 0.095598 0.156006 0.476012 0.826375 0.733007 0.487105 0.516894 0.698149 0.640756 0.369920 0.242675 0.360798 0.563356 0.556156 0.254582 -0.207887 -0.483135 -0.570391 -0.607367 -0.312858 0.123640 0.302871 0.330230 0.268081 0.272164 0.366435 0.516838 0.624958 0.659857 0.669156 0.682474 0.605593 0.689535 0.803956 0.499382 0.210306 0.269434 0.367318 0.125620 -0.128632 -0.132796 -0.159856 -0.216430 -0.213701 -0.332133 -0.401489 -0.255037 -0.122405 0.072412 0.325935 0.335138 0.413775 0.706457 0.576959 0.086672 -0.392557 -0.621850 -0.531483 -0.565801 -0.578157 -0.338975 -0.089055 0.167303 0.296983 0.004298 -0.521376 -0.683791 -0.534634 -0.701812 -1.093364 -1.062256 -0.673956 -0.428310 -0.256550 -0.119182 -0.113842 -0.191887 -0.188618 0.141953 0.387366 0.157526 -0.262373 -0.419980 0.002478 0.432823 0.447990 0.388359 0.543121 0.741301 0.435813 -0.071938 -0.309444 -0.418253 -0.460718 -0.428639 -0.205321 0.121651 0.101599 -0.190795 -0.164798 0.786962 1.725524 1.082684 0.247315 0.257366 0.390445 0.184104 0.125711 0.367266 0.416717 0.419539 0.486255 0.294412 0.058870 0.178702 0.292295 0.620050 1.922699 2.879244 1.661816 0.372010 -0.075389 -0.287414 -0.118930 0.153400 0.239663 0.294905 0.471408
0.846404 0.506582 0.129328 -0.213355 -0.278097 -0.177764 -0.106833 0.047062 0.292142 0.192747 -0.292718 -0.657383 -0.709389 -0.328073 0.008602 -0.025341 -0.079758 -0.067401 -0.013572 0.230877 0.414058 0.408194 0.262900 0.055857 -0.070010 -0.060926 0.079628 0.300477 0.349364 -0.125165 -0.766507 -1.033030 -0.833786 -0.537221 -0.489281 -0.532587 -0.375706 -0.133098 -0.193491 -0.399777 -0.135921 0.415144 0.466335 0.094560 -0.055448 0.167832 0.247813 0.164594 0.186945 0.075683 0.087754 0.382468 0.341998 -0.019650 -0.175296 -0.088537 -0.294629 -0.717428 -0.797880 -0.508349 -0.316709 -0.110014 0.316282 0.634812 0.867375 1.171600 1.242825 0.931809 0.630084 0.703865 0.850787 0.713423 0.523593 0.437825 0.417537 0.266345 -0.011243 -0.234701 -0.333810 -0.460636 -0.550629 -0.352254 -0.017309 0.160520 0.231791 0.350202 0.555059 0.670510 0.730193 0.763986 0.800404 0.780507 0.710438 0.599484 0.531309 0.392194 -0.027530 -0.179060 -0.000279 -0.160769 -0.538952 -0.477281 -0.069584 0.197048 0.169171 -0.002215 -0.171132 -0.170993 -0.087908 -0.078320 0.070801 0.340337 0.327781 0.369557 0.643970 0.575911 0.090956 -0.407280 -0.727690 -0.769356 -0.786056 -0.688110 -0.356496 -0.077333 0.005568 -0.021253 -0.122383 -0.370924 -0.532018 -0.632406 -0.856751 -1.022583 -0.813562 -0.486082 -0.320565 -0.174209 -0.148485 -0.121536 0.008727 0.095625 0.299315 0.454583 0.320660 -0.047461 -0.366261 -0.183291 0.223213 0.057076 -0.318904 0.011401 0.470791 0.271148 -0.179804 -0.439116 -0.600288 -0.569985 -0.383740 -0.229228 -0.037195 -0.011627 -0.142408 -0.140111 0.341482 0.870072 0.448785 0.062859 0.395416 0.624183 0.321452 0.265126 0.569277 0.578870 0.524691 0.538848 0.460623 0.353356 0.256148 0.184812 0.483935 1.511983 2.143647 1.235010 0.370772 0.117914 -0.052827 0.003739 0.245743 0.474545 0.503313 0.488004
0.822929 0.497781 0.116453 -0.166395 -0.123906 -0.102170 -0.189895 -0.184775 0.007852 0.002734 -0.386125 -0.663526 -0.666478 -0.314973 0.087925 0.255794 0.321410 0.217022 0.094835 0.147827 0.153607 0.198226 0.313957 0.458786 0.485211 0.379414 0.377495 0.498230 0.432161 -0.066531 -0.591383 -0.794233 -0.644907 -0.404248 -0.560387 -0.790467 -0.624873 -0.348374 -0.329494 -0.435358 -0.167108 0.251389 0.290715 0.112702 0.075089 0.288062 0.537459 0.533316 0.297111 -0.028830 -0.091594 0.093304 -0.009770 -0.309482 -0.406520 -0.378399 -0.670995 -1.072060 -0.996555 -0.684466 -0.548735 -0.199676 0.504564 0.964068 1.146328 1.274914 1.360888 1.160894 0.747944 0.716763 0.949199 0.914070 0.793427 0.595336 0.298993 0.077276 -0.126396 -0.224174 -0.240007 -0.354490 -0.511122 -0.485817 -0.113061 0.366809 0.548543 0.553546 0.591356 0.585145 0.564022 0.649948 0.836254 0.795071 0.567237 0.409490 0.295851 -0.021134 -0.481332 -0.483032 -0.231745 -0.556390 -0.872327 -0.520820 0.016248 0.319372 0.375504 0.314083 0.181967 0.045831 -0.003660 0.077927 0.252996 0.399614 0.389660 0.471400 0.580125 0.395378 -0.029946 -0.349795 -0.717377 -0.994388 -0.985480 -0.768783 -0.344084 -0.150024 -0.489578 -0.582860 -0.300757 -0.185322 -0.229724 -0.426672 -0.628708 -0.560188 -0.209300 -0.025596 -0.156649 -0.155694 -0.188537 -0.183074 -0.037666 0.121373 0.312134 0.406108 0.317294 0.061269 -0.282131 -0.262926 -0.086817 -1.103749 -2.339980 -1.433986 -0.252071 -0.249237 -0.525040 -0.533942 -0.570052 -0.457323 -0.185259 -0.053853 0.084087 0.072433 -0.011211 -0.127652 -0.180707 -0.066633 -0.219371 -0.247330 0.237291 0.506139 0.321021 0.463619 0.787780 0.649045 0.359921 0.162467 0.175758 0.322674 0.167614 -0.115047 0.028965 0.684297 1.034276 0.734446 0.374727 0.109930 -0.071985 -0.075173 0.087421 0.384549 0.614760 0.763256
0.548798 0.236257 -0.115680 -0.329201 -0.226364 -0.087153 -0.119621 -0.274363 -0.247515 -0.085186 -0.244283 -0.474924 -0.412226 -0.082475 0.172114 0.290591 0.251944 -0.065207 -0.244984 -0.100834 0.007239 0.190981 0.408798 0.602784 0.620765 0.507149 0.462060 0.346023 0.161698 -0.168138 -0.584426 -0.673675 -0.427711 -0.210069 -0.347286 -0.539371 -0.402391 -0.090361 0.033945 -0.039502 0.028741 0.105849 0.055095 0.034750 0.119212 0.243632 0.492484 0.690708 0.481821 0.082309 -0.028172 0.081862 -0.110962 -0.517236 -0.643087 -0.598520 -0.873503 -1.119451 -0.857139 -0.536519 -0.448473 -0.190149 0.343153 0.658640 0.814695 0.889551 1.020578 1.074956 0.864308 0.859021 0.991215 0.850659 0.577557 0.032388 -0.565014 -0.455020 -0.235398 -0.211947 -0.206707 -0.281704 -0.404793 -0.403798 0.025524 0.675333 0.843590 0.564570 0.319439 0.287619 0.299510 0.409292 0.697666 0.735669 0.424262 0.176168 0.150954 -0.093761 -0.538205 -0.614629 -0.438594 -0.636802 -0.764579 -0.305458 0.173601 0.310433 0.421401 0.598109 0.548110 0.384573 0.344793 0.415370 0.446933 0.471036 0.469039 0.503821 0.515169 0.303066 0.019646 -0.090716 -0.455865 -0.860070 -0.815136 -0.594016 -0.401483 -1.148456 -2.284864 -1.533538 -0.241340 0.053644 -0.081979 -0.246938 -0.289128 -0.045882 0.243592 0.209947 -0.100399 -0.202295 -0.261357 -0.366480 -0.358196 -0.124733 0.110419 0.172021 0.065732 -0.155969 -0.387370 -0.341193 -0.380429 -2.071591 -3.839076 -2.438082 -0.726674 -0.605043 -0.721235 -0.397779 -0.202792 -0.028893 0.141596 0.109112 0.118474 0.143933 0.057127 -0.209655 -0.417666 -0.398843 -0.556847 -0.625356 -0.257354 0.003326 0.033993 0.321250 0.622668 0.415346 -0.001336 -0.251644 -0.229490 -0.055438 -0.184310 -0.496694 -0.414767 0.195994 0.705092 0.794801 0.422034 -0.123345 -0.295239 -0.240399 -0.178802 0.043716 0.449615 0.836298
0.189912 -0.076146 -0.295102 -0.363020 -0.239110 0.005556 0.048165 -0.160353 -0.218078 -0.006347 -0.061393 -0.195232 0.025609 0.309180 0.313768 0.265803 0.123332 -0.293873 -0.569599 -0.398605 -0.076814 0.327379 0.646354 0.733796 0.584892 0.455291 0.338412 -0.010348 -0.192020 -0.284628 -0.608425 -0.591252 -0.260814 -0.118500 -0.250857 -0.370006 -0.226986 0.150313 0.438336 0.386915 0.181432 -0.072612 -0.263368 -0.211026 0.025371 0.145935 0.318462 0.643721 0.614118 0.314485 0.260380 0.382499 0.164608 -0.387755 -0.636670 -0.632558 -0.934942 -1.150895 -0.824708 -0.415793 -0.280624 -0.151274 0.147043 0.293152 0.364240 0.486717 0.763578 0.901654 0.720266 0.724888 0.856470 0.662762 -0.095801 -1.982018 -3.579610 -2.352744 -0.645722 -0.049797 0.042849 -0.068917 -0.208525 -0.104871 0.351704 0.786465 0.773731 0.444761 0.250997 0.302280 0.216689 0.158798 0.411475 0.623255 0.442908 0.154535 0.199456 0.091195 -0.401856 -0.697893 -0.643698 -0.637385 -0.604488 -0.201577 0.185194 0.299810 0.463793 0.686501 0.641855 0.659200 0.886809 0.975763 0.835814 0.713947 0.589123 0.478905 0.460115 0.285098 0.061914 0.046101 -0.186875 -0.568730 -0.605051 -0.527919 -0.718302 -2.332469 -3.841320 -2.061066 0.102926 0.385752 0.083645 -0.068540 -0.128894 0.153362 0.413238 0.288183 0.011217 -0.178470 -0.350826 -0.550207 -0.575547 -0.293707 -0.142843 -0.180569 -0.296753 -0.406411 -0.360320 -0.228786 -0.271110 -1.332605 -2.402775 -1.588923 -0.563122 -0.424509 -0.305605 0.127554 0.324407 0.438689 0.408966 0.105524 -0.055421 0.100132 0.130886 -0.138724 -0.340444 -0.324245 -0.504305 -0.662897 -0.517632 -0.351768 -0.155998 0.190778 0.405874 0.151845 -0.285664 -0.467987 -0.473025 -0.474694 -0.560352 -0.711110 -0.558903 0.044090 0.594352 0.776271 0.280551 -0.410952 -0.458418 -0.220071 -0.089474 0.083092 0.348824 0.579860
-0.036931 -0.110147 -0.187390 -0.180297 -0.095491 0.099475 0.161352 -0.003729 -0.093260 -0.008328 -0.114659 -0.109508 0.290488 0.554264 0.404496 0.244040 0.091340 -0.223357 -0.406427 -0.267645 -0.066130 0.286723 0.741273 0.809346 0.579749 0.467159 0.310879 -0.066824 -0.236798 -0.281868 -0.489697 -0.443230 -0.215918 -0.130569 -0.243546 -0.347271 -0.201584 0.096277 0.315299 0.208985 -0.026510 -0.262720 -0.418315 -0.276802 -0.030466 0.058957 0.171453 0.465101 0.594416 0.497776 0.529752 0.663264 0.491266 -0.044903 -0.342727 -0.463805 -0.855579 -1.073681 -0.775065 -0.403218 -0.166925 0.055847 0.290097 0.353283 0.352155 0.474694 0.743127 0.720801 0.380333 0.353934 0.637326 0.497275 -0.611383 -3.567594 -5.907188 -3.680938 -0.869749 -0.019555 -0.012347 -0.189482 -0.339211 -0.135205 0.363711 0.539950 0.368286 0.222300 0.293291 0.386621 0.188718 0.066351 0.258165 0.492831 0.465457 0.222819 0.232480 0.102894 -0.384251 -0.642154 -0.569215 -0.441649 -0.320699 -0.090110 0.148988 0.346161 0.537759 0.644153 0.499449 0.570755 0.967789 1.233977 1.244440 1.099660 0.798536 0.456479 0.398422 0.324903 0.066311 0.003473 -0.055970 -0.397627 -0.600337 -0.565565 -0.676698 -1.609461 -2.333731 -1.025691 0.498614 0.659785 0.325966 0.092776 -0.136605 0.040580 0.349077 0.251267 0.022650 -0.167168 -0.411616 -0.694489 -0.703505 -0.345721 -0.203354 -0.294802 -0.449266 -0.422241 -0.147793 -0.051864 -0.154510 -0.468356 -0.771068 -0.638054 -0.274213 0.004233 0.267379 0.517247 0.579926 0.632468 0.473903 0.070183 -0.167685 -0.064273 0.031711 -0.028740 -0.058495 -0.081378 -0.318028 -0.519381 -0.503632 -0.451929 -0.236219 0.119462 0.218081 -0.114056 -0.535374 -0.642796 -0.569080 -0.589959 -0.577302 -0.549199 -0.360566 0.047980 0.406071 0.607712 0.212028 -0.401371 -0.448760 -0.069278 0.286619 0.431714 0.309351 0.126354
-0.131718 0.057401 0.085039 0.039107 -0.002862 0.001726 0.079330 0.117428 0.040558 -0.129569 -0.384136 -0.346706 0.070142 0.420074 0.257802 -0.032992 -0.163082 -0.185001 0.012419 0.158272 0.048819 0.141360 0.608467 0.750458 0.503677 0.355462 0.249047 -0.034361 -0.261293 -0.309463 -0.341698 -0.275613 -0.186200 -0.124724 -0.154670 -0.246432 -0.184766 -0.093195 -0.069517 -0.271232 -0.373287 -0.329176 -0.248095 -0.047717 0.001435 -0.067400 -0.030192 0.118468 0.301850 0.392660 0.492893 0.633072 0.552323 0.210022 0.078817 -0.089707 -0.633117 -0.916084 -0.627246 -0.264049 0.069159 0.447412 0.667579 0.635513 0.596378 0.729349 0.877486 0.653976 0.210875 0.174804 0.515867 0.388148 -0.462553 -2.286666 -3.494434 -1.919062 -0.210134 0.039252 -0.225270 -0.364450 -0.389114 -0.141296 0.266736 0.323189 0.186659 0.158863 0.270913 0.297716 0.225039 0.288913 0.378180 0.440307 0.421904 0.223217 0.173463 -0.062327 -0.481895 -0.618133 -0.489629 -0.167020 0.124691 0.230051 0.341831 0.547711 0.680472 0.616779 0.371886 0.414399 0.823612 1.242423 1.495315 1.390983 0.903055 0.315526 0.221697 0.322710 0.121137 0.010846 -0.006414 -0.332077 -0.617859 -0.483188 -0.321936 -0.458806 -0.583890 -0.121685 0.603043 0.709328 0.415031 0.140023 -0.108200 -0.052071 0.131210 0.010007 -0.193200 -0.263462 -0.380286 -0.640665 -0.698195 -0.367361 -0.187134 -0.216718 -0.259238 -0.175675 -0.072396 -0.183853 -0.293715 -0.283826 -0.324100 -0.381601 -0.194907 0.178824 0.460456 0.514314 0.512804 0.596595 0.433427 0.107975 -0.107909 -0.183398 -0.142633 -0.042125 0.061675 -0.062388 -0.347993 -0.409998 -0.244010 -0.185746 -0.092210 0.104255 -0.006636 -0.455149 -0.826716 -0.813802 -0.587958 -0.505225 -0.387700 -0.203326 -0.020523 0.126672 0.321127 0.550201 0.287825 -0.189504 -0.251411 0.161615 0.556271 0.524252 0.086142 -0.329479
-0.297822 0.018152 0.133095 0.138449 0.143981 0.014698 0.003895 0.181531 0.141508 -0.215856 -0.564988 -0.532595 -0.197062 0.184905 0.103115 -0.238551 -0.402614 -0.244028 0.238238 0.438449 0.166114 0.030598 0.433342 0.750162 0.597246 0.339183 0.131662 -0.192646 -0.490796 -0.485672 -0.337855 -0.227890 -0.148461 -0.048937 -0.032252 -0.182225 -0.268799 -0.261627 -0.242662 -0.426717 -0.454390 -0.218492 0.090424 0.266522 0.130686 -0.011623 -0.058677 -0.156549 -0.150699 -0.018288 0.149044 0.278435 0.296532 0.222611 0.346119 0.263506 -0.361956 -0.765537 -0.518265 -0.111397 0.253206 0.649269 0.920828 0.935511 0.870380 0.938121 0.982356 0.699555 0.274756 0.242730 0.524241 0.382678 -0.167244 -0.770363 -0.800432 -0.021498 0.490673 0.217159 -0.103874 -0.069702 -0.062859 0.088069 0.357622 0.430031 0.431896 0.392677 0.309797 0.194697 0.337377 0.600636 0.527493 0.344000 0.188804 0.026038 0.088939 -0.080742 -0.496957 -0.681815 -0.487062 -0.005851 0.359965 0.379483 0.415313 0.636960 0.784321 0.603850 0.238741 0.263633 0.770353 1.261045 1.518422 1.403150 0.830513 0.147748 0.034092 0.246447 0.122820 -0.003902 -0.024195 -0.333331 -0.698737 -0.462915 -0.058029 -0.019317 -0.155379 -0.029646 0.454142 0.539895 0.285804 0.030698 -0.187008 -0.195162 -0.153619 -0.193273 -0.255671 -0.334119 -0.414659 -0.551254 -0.566666 -0.288850 -0.127254 -0.079505 0.089576 0.166810 -0.024965 -0.278003 -0.247497 -0.095418 -0.122870 -0.261058 -0.241299 0.081102 0.425473 0.430121 0.413891 0.609491 0.570180 0.320768 0.102134 -0.101383 -0.219167 -0.183612 -0.071140 -0.194418 -0.340361 -0.110791 0.216641 0.281212 0.229837 0.153824 -0.174069 -0.633433 -0.908936 -0.835357 -0.582671 -0.482546 -0.346819 -0.097889 0.097076 0.232382 0.490786 0.702685 0.460715 0.117150 0.140948 0.458408 0.621935 0.377223 -0.142872 -0.549204
-0.526768 -0.336887 -0.174140 0.022145 0.200630 0.141680 0.099912 0.226287 0.133551 -0.272955 -0.545750 -0.440835 -0.184189 0.027359 -0.112092 -0.442137 -0.598330 -0.370414 0.194399 0.490623 0.296988 0.138694 0.482435 0.812317 0.753913 0.439297 0.059991 -0.362181 -0.695556 -0.666037 -0.430204 -0.232612 0.001822 0.169411 0.197777 0.079632 -0.099602 -0.177377 -0.241620 -0.404375 -0.424489 -0.228741 0.160144 0.412703 0.282515 0.137475 0.020065 -0.244258 -0.464925 -0.452697 -0.355927 -0.285045 -0.195612 -0.115336 0.132760 0.259233 -0.143793 -0.586717 -0.458679 -0.041082 0.277524 0.500716 0.781560 0.987903 0.951968 0.910933 0.904208 0.686053 0.317519 0.196270 0.352122 0.314365 -0.055392 -0.379260 -0.160836 0.406767 0.573712 0.190543 -0.043579 0.090957 0.097908 0.255206 0.543991 0.624310 0.565711 0.430858 0.268860 0.150086 0.394545 0.696773 0.548922 0.213972 -0.101010 -0.244014 -0.048912 -0.013924 -0.314867 -0.569108 -0.423457 0.022897 0.318529 0.229006 0.183127 0.450889 0.608358 0.375684 0.065618 0.126534 0.526808 0.894124 1.101486 1.080074 0.616069 -0.005813 -0.094217 0.135354 0.016886 -0.134019 -0.098345 -0.349777 -0.799889 -0.571725 -0.018790 0.080751 -0.039117 0.068003 0.457821 0.385094 -0.024638 -0.246104 -0.294571 -0.241053 -0.222886 -0.089460 0.036833 -0.167591 -0.408593 -0.542871 -0.447900 -0.077219 0.061937 0.000156 0.187131 0.280902 -0.031762 -0.213693 0.106361 0.292740 0.078164 -0.138641 -0.139322 0.128331 0.431964 0.424562 0.423575 0.631482 0.701102 0.544321 0.262639 -0.097241 -0.387164 -0.382974 -0.242762 -0.284266 -0.190265 0.290627 0.571237 0.523785 0.397520 0.194860 -0.174108 -0.482993 -0.610731 -0.662055 -0.659052 -0.702263 -0.624591 -0.337174 -0.042399 0.280640 0.609919 0.753633 0.581444 0.385424 0.460666 0.634552 0.560626 0.202695 -0.228683 -0.523016
-0.585419 -0.637266 -0.467232 -0.048275 0.217610 0.156728 0.118846 0.281082 0.190126 -0.194688 -0.374045 -0.217278 -0.065773 -0.126496 -0.465221 -0.794158 -0.823821 -0.493144 0.053894 0.380078 0.353094 0.300691 0.544940 0.689237 0.711180 0.606806 0.188195 -0.337002 -0.648861 -0.646814 -0.470924 -0.198262 0.154847 0.351289 0.402404 0.348182 0.136239 -0.041292 -0.231823 -0.443190 -0.512615 -0.462531 -0.117251 0.347200 0.290302 -0.025886 -0.182120 -0.306868 -0.428474 -0.454791 -0.561691 -0.678832 -0.654976 -0.533822 -0.224080 0.107909 -0.014252 -0.459816 -0.465174 -0.041410 0.211939 0.185047 0.330239 0.706344 0.847963 0.850112 0.826123 0.621365 0.182741 -0.157631 -0.083086 0.155202 0.054019 -0.210868 -0.166158 0.154354 0.278119 0.012642 -0.243930 -0.139576 0.104537 0.472556 0.769712 0.726430 0.540569 0.348800 0.237527 0.268896 0.518005 0.688433 0.519495 0.176191 -0.170941 -0.365485 -0.237978 -0.037358 -0.088205 -0.303671 -0.306374 -0.071439 0.091936 0.023297 0.040860 0.382695 0.475302 0.222630 0.117309 0.212780 0.239127 0.364029 0.619182 0.649701 0.266329 -0.137713 -0.057372 0.173702 0.075510 -0.103508 -0.070282 -0.214763 -0.609088 -0.487410 -0.075520 -0.131912 -0.247733 0.041833 0.442302 0.269116 -0.274701 -0.418559 -0.230122 -0.094463 -0.101944 0.074205 0.245001 -0.073111 -0.458533 -0.521450 -0.257295 0.108127 0.058654 -0.189984 0.057932 0.237090 -0.211756 -0.362739 0.154157 0.302628 -0.009361 -0.122026 0.027215 0.184456 0.269057 0.322432 0.448573 0.490752 0.456771 0.379881 0.117184 -0.265234 -0.489994 -0.356225 -0.204933 -0.244751 -0.060119 0.495757 0.662765 0.456290 0.324175 0.267717 0.067651 -0.117433 -0.170331 -0.411636 -0.724016 -0.834539 -0.703774 -0.464147 -0.185630 0.187552 0.344453 0.387362 0.431332 0.362787 0.406722 0.563483 0.409105 -0.018871 -0.331896 -0.494982
-0.451846 -0.646760 -0.492801 0.102557 0.351527 0.099285 -0.046204 0.159239 0.180967 -0.128242 -0.300170 -0.258546 -0.269477 -0.324576 -0.540212 -0.830441 -0.825771 -0.472187 -0.004497 0.296015 0.348781 0.294328 0.371120 0.378059 0.464687 0.592030 0.324872 -0.123036 -0.387367 -0.516091 -0.408767 -0.108474 0.129548 0.328983 0.464747 0.394023 0.194085 0.130155 0.028190 -0.229950 -0.410112 -0.475213 -0.228996 0.227503 0.094744 -0.396541 -0.494354 -0.279263 -0.029172 0.043158 -0.186136 -0.489134 -0.667309 -0.509150 -0.103114 0.101035 -0.135441 -0.533879 -0.474141 0.014499 0.232694 0.085662 0.160182 0.579462 0.880068 1.079164 1.075808 0.732126 0.084202 -0.386889 -0.214167 0.234020 0.237942 -0.109749 -0.408212 -0.376307 -0.091654 -0.032866 -0.297967 -0.213550 0.282206 0.751518 0.984619 0.889377 0.706885 0.541694 0.443776 0.447365 0.488531 0.460532 0.319028 0.136591 -0.068197 -0.303361 -0.357205 -0.077081 0.113559 0.022389 -0.062356 -0.092993 -0.107438 -0.078159 0.025504 0.410884 0.573818 0.419861 0.426395 0.447284 0.157236 0.089316 0.293325 0.217799 -0.127027 -0.208043 0.176074 0.435365 0.294323 0.126701 0.191489 0.176287 -0.037847 -0.079914 -0.066120 -0.457947 -0.748538 -0.447528 -0.019417 -0.046377 -0.341727 -0.221817 0.111026 0.146113 -0.048700 -0.059812 0.053933 -0.192580 -0.522359 -0.410569 -0.011076 0.192695 -0.010380 -0.285344 -0.068410 0.055878 -0.450611 -0.602193 -0.096908 -0.019421 -0.258903 -0.156910 0.098517 0.086237 -0.052120 0.057954 0.297176 0.265296 0.112416 0.005894 -0.210042 -0.497954 -0.552255 -0.311356 -0.190564 -0.243871 -0.023503 0.494953 0.590914 0.309839 0.199930 0.320067 0.302457 0.199815 0.160241 -0.183650 -0.646297 -0.666225 -0.399653 -0.331009 -0.235982 0.089465 0.111137 0.078025 0.286150 0.357001 0.401604 0.487025 0.285829 -0.080701 -0.304248 -0.453130
-0.333792 -0.594122 -0.486362 0.164266 0.341019 -0.060930 -0.208930 -0.018630 -0.025896 -0.377340 -0.534626 -0.499838 -0.559657 -0.463016 -0.430622 -0.614472 -0.612481 -0.392512 -0.070761 0.270347 0.331368 0.157824 0.033348 0.019425 0.225857 0.410339 0.262000 0.006752 -0.209157 -0.487983 -0.380005 -0.022325 0.084032 0.216990 0.453050 0.427740 0.255286 0.330241 0.381401 0.209047 -0.026558 -0.218721 -0.170750 0.011753 -0.194257 -0.618654 -0.699536 -0.296088 0.317194 0.523410 0.273140 -0.047167 -0.251184 -0.079672 0.236896 0.108666 -0.392984 -0.728395 -0.481980 0.116545 0.378122 0.295738 0.448913 0.785187 0.994211 1.250991 1.338293 0.999400 0.214830 -0.270050 -0.003722 0.398339 0.344435 0.035433 -0.342219 -0.524398 -0.277725 -0.039944 -0.127639 0.081901 0.541457 0.884177 1.142427 1.185786 1.041794 0.798319 0.578720 0.465113 0.268935 0.002727 -0.139633 -0.071936 -0.028586 -0.098577 -0.184873 -0.004566 0.211802 0.201858 0.123135 0.031101 -0.074225 -0.101878 -0.086192 0.246323 0.558837 0.507165 0.440734 0.411675 0.208720 0.146072 0.085534 -0.141274 -0.278393 -0.074266 0.429431 0.613474 0.326724 0.187430 0.349869 0.534862 0.564155 0.394049 0.050397 -0.526571 -0.914443 -0.717224 -0.360965 -0.322164 -0.373181 -0.061325 0.266837 0.226859 0.009297 -0.190740 -0.283835 -0.390802 -0.536458 -0.389904 0.038077 0.227595 0.092675 -0.171742 -0.242905 -0.339983 -0.722905 -0.769466 -0.293002 -0.186063 -0.343139 -0.163711 0.085144 -0.034758 -0.203424 -0.146503 -0.000169 0.084626 0.039469 -0.125575 -0.334650 -0.500601 -0.497151 -0.350765 -0.360270 -0.436689 -0.103688 0.398097 0.476240 0.247368 0.110606 0.185483 0.274956 0.355789 0.312268 -0.172673 -0.739266 -0.700162 -0.309053 -0.254531 -0.209499 0.106010 0.148639 0.127227 0.358517 0.574718 0.641680 0.455982 0.096526 -0.122970 -0.249412 -0.455957
-0.097294 -0.464002 -0.435027 0.169203 0.265107 -0.170905 -0.162841 0.119373 0.009100 -0.423173 -0.564903 -0.497014 -0.521408 -0.418066 -0.311369 -0.333916 -0.368659 -0.383831 -0.095926 0.415834 0.487693 0.188886 -0.170518 -0.240210 0.146546 0.362699 0.152386 -0.112091 -0.251590 -0.310433 -0.154557 0.016273 0.066742 0.188746 0.439229 0.467391 0.230852 0.117661 0.205653 0.262614 0.044795 -0.234947 -0.282164 -0.163708 -0.214976 -0.473561 -0.707304 -0.546941 0.051549 0.315806 0.083935 -0.105900 -0.075788 0.040974 0.042975 -0.235734 -0.689655 -0.864968 -0.446854 0.172914 0.460426 0.458535 0.672457 0.948918 0.989395 1.085453 1.235362 1.105005 0.422017 -0.012567 0.112260 0.269328 0.260546 0.255363 0.085895 -0.223160 -0.334203 -0.251261 -0.099670 0.246525 0.501551 0.752292 1.127986 1.244041 1.016267 0.659362 0.426094 0.316502 0.044254 -0.372539 -0.588238 -0.435209 -0.272910 -0.087873 0.070611 0.127706 0.175790 0.171510 0.095519 -0.012024 -0.175246 -0.341297 -0.334576 0.030707 0.336496 0.200331 -0.013888 0.026012 0.194960 0.260281 -0.049801 -0.340693 -0.219893 0.119208 0.423439 0.438683 0.161950 0.070307 0.265804 0.603954 0.733128 0.559010 0.210258 -0.244983 -0.480442 -0.339275 -0.187374 -0.201470 -0.176308 0.049822 0.189452 0.161001 0.053741 -0.246787 -0.550043 -0.529681 -0.439199 -0.318399 0.009283 0.196405 0.157405 -0.038305 -0.236918 -0.470273 -0.789076 -0.797693 -0.341141 -0.155484 -0.209413 -0.013357 0.135197 -0.069398 -0.201090 -0.268428 -0.267403 -0.060179 0.041288 -0.060927 -0.080115 -0.044135 -0.151705 -0.254070 -0.349214 -0.428080 -0.188342 0.131755 0.207893 0.146313 0.046960 0.002522 0.153724 0.476097 0.455008 -0.167770 -0.880511 -1.001730 -0.560250 -0.268927 -0.049558 0.216653 0.243341 0.249814 0.423288 0.728748 0.817398 0.424161 -0.085693 -0.307836 -0.467704 -0.722526
0.305896 -0.066156 -0.060967 0.404477 0.406335 -0.017712 -0.062465 0.163313 0.097506 -0.217447 -0.333169 -0.331650 -0.322272 -0.290652 -0.258536 -0.135077 -0.138329 -0.334176 -0.070920 0.560890 0.732781 0.402866 -0.135461 -0.300148 0.166224 0.426532 0.155268 -0.203049 -0.256769 0.044898 0.196269 0.031462 0.043877 0.274670 0.513579 0.540626 0.333656 0.005381 -0.125345 -0.084345 -0.277350 -0.530345 -0.571162 -0.300546 -0.037301 -0.093462 -0.390568 -0.583741 -0.335455 -0.147886 -0.313309 -0.386135 -0.250371 -0.240592 -0.388400 -0.594905 -0.816702 -0.715019 -0.167224 0.355262 0.525394 0.428012 0.545777 0.798507 0.761634 0.713297 0.846263 0.814561 0.399164 0.185562 0.166461 0.126935 0.209588 0.398420 0.302594 -0.015598 -0.171984 -0.077699 0.120235 0.315630 0.323501 0.479519 0.811614 0.848595 0.536945 0.191334 0.127005 0.189924 0.006801 -0.418882 -0.724215 -0.591431 -0.390505 -0.176918 0.146430 0.289327 0.213482 0.114020 -0.061434 -0.351867 -0.483885 -0.560039 -0.533115 -0.225440 -0.033487 -0.186431 -0.371374 -0.210518 0.111628 0.191453 -0.120874 -0.358068 -0.196116 0.125228 0.277986 0.318182 0.276051 0.144498 0.084326 0.188726 0.247845 0.345865 0.317956 0.073303 0.014215 0.080022 0.000962 -0.052367 0.048256 0.217818 0.183840 0.101341 -0.006166 -0.290231 -0.558312 -0.398904 -0.129884 -0.110986 -0.074320 -0.058119 -0.081068 -0.056847 0.006888 -0.203223 -0.617615 -0.729185 -0.339091 -0.102811 0.027532 0.348964 0.444675 0.173162 -0.037012 -0.170106 -0.246670 -0.250513 -0.273059 -0.139461 0.185690 0.352381 0.149216 -0.017060 0.000063 -0.049573 -0.179220 -0.268920 -0.245107 -0.156143 -0.132547 -0.075552 0.192687 0.553890 0.551927 -0.025010 -0.782020 -1.085156 -0.709345 -0.258870 0.106277 0.220875 0.066511 -0.000781 0.175724 0.617190 0.845426 0.482188 -0.086831 -0.420123 -0.674773 -0.895619
0.551001 0.443461 0.423842 0.502265 0.374099 0.014362 -0.201916 -0.163988 -0.090922 -0.241243 -0.409617 -0.408115 -0.190469 -0.092233 -0.238450 -0.173822 -0.058709 -0.214868 -0.092515 0.400046 0.684894 0.440322 -0.125490 -0.315799 0.176965 0.516589 0.274472 -0.147574 -0.236981 0.135256 0.292804 0.124811 0.158568 0.337661 0.450555 0.426638 0.330561 0.015158 -0.303462 -0.405925 -0.515412 -0.565901 -0.543281 -0.250207 0.218772 0.330398 0.041403 -0.328558 -0.396772 -0.318966 -0.283817 -0.255281 -0.232285 -0.382117 -0.628409 -0.830343 -0.892023 -0.555364 0.047952 0.506548 0.641177 0.559907 0.604260 0.696200 0.548340 0.455872 0.561750 0.556486 0.392603 0.384074 0.314838 0.247583 0.389257 0.486037 0.215803 -0.100431 -0.014285 0.317383 0.549400 0.642216 0.525609 0.433403 0.461024 0.380444 0.168892 -0.009311 0.068360 0.218773 0.155458 -0.197839 -0.521675 -0.281680 -0.034681 -0.076067 0.079439 0.319877 0.299505 0.206683 -0.037173 -0.461240 -0.501501 -0.373926 -0.518733 -0.599508 -0.465039 -0.314286 -0.201009 0.093816 0.327671 0.242402 -0.110347 -0.347877 -0.269815 -0.020105 0.216797 0.512142 0.683246 0.455414 0.039785 -0.328874 -0.491154 -0.165835 0.163427 0.055253 0.124552 0.328166 0.213575 0.065504 0.155670 0.334684 0.252426 0.138629 0.146470 0.043661 -0.228016 -0.164759 0.058634 -0.130399 -0.342529 -0.376738 -0.308214 -0.111142 0.126862 -0.133073 -0.640510 -0.794701 -0.469958 -0.182580 0.061900 0.430024 0.602876 0.415810 0.137962 -0.023918 -0.156801 -0.408890 -0.497120 -0.154597 0.163438 0.197854 0.038240 0.034776 0.255506 0.284672 -0.020151 -0.354121 -0.471365 -0.431360 -0.431521 -0.185727 0.220358 0.420231 0.436893 0.053465 -0.576772 -0.865296 -0.612932 -0.293763 -0.042625 -0.053580 -0.324481 -0.431847 -0.110453 0.501966 0.854115 0.593807 -0.055044 -0.526704 -0.677767 -0.672397
0.605635 0.730617 0.585200 0.260971 0.112020 -0.078198 -0.332831 -0.434009 -0.353322 -0.436124 -0.574262 -0.474422 -0.193536 -0.014661 0.023468 0.134046 0.122216 -0.161796 -0.281294 -0.004385 0.392650 0.340375 -0.068555 -0.118354 0.390418 0.656546 0.354415 -0.132015 -0.251177 0.051201 0.198304 0.238319 0.412429 0.442425 0.284021 0.095902 -0.028900 -0.237679 -0.503604 -0.668211 -0.741084 -0.606442 -0.391340 -0.013085 0.504154 0.620160 0.230845 -0.261059 -0.433429 -0.309441 -0.095199 -0.046418 -0.089944 -0.226843 -0.531335 -0.812106 -0.802179 -0.346921 0.153425 0.437863 0.665592 0.909228 1.021280 0.864729 0.580554 0.451531 0.453725 0.386740 0.289563 0.314265 0.224927 0.203659 0.383568 0.396889 0.084461 -0.227630 -0.096697 0.304821 0.588599 0.717298 0.651888 0.435486 0.185148 -0.045200 -0.106552 -0.010783 0.231527 0.335504 0.271437 -0.039691 -0.322422 -0.021423 0.120962 -0.113236 -0.072875 0.094293 0.159217 0.330289 0.272360 -0.109589 -0.167589 0.016250 -0.264316 -0.670133 -0.601051 -0.245294 0.130773 0.426631 0.441141 0.296195 0.024493 -0.182268 -0.200981 -0.047510 0.247118 0.596166 0.744662 0.564477 0.103941 -0.461941 -0.863996 -0.657444 -0.184580 -0.152274 0.060679 0.530538 0.590491 0.381281 0.397191 0.454622 0.285373 0.185319 0.346663 0.383543 0.050600 -0.044447 0.053600 -0.168812 -0.356739 -0.335643 -0.270042 -0.158286 0.020173 -0.154903 -0.527366 -0.693457 -0.465989 -0.152723 0.111544 0.358596 0.500629 0.420812 0.206506 0.036227 -0.154414 -0.450681 -0.448840 -0.111148 -0.136009 -0.325705 -0.355696 -0.204512 0.136225 0.325297 0.236526 0.026724 -0.216195 -0.391501 -0.580694 -0.337408 0.130417 0.299325 0.368888 0.136093 -0.364012 -0.608258 -0.492044 -0.373326 -0.301235 -0.293148 -0.451692 -0.456341 -0.067124 0.415298 0.649912 0.545878 0.074867 -0.422378 -0.539885 -0.441957
0.379080 0.654786 0.554835 0.116270 -0.060908 -0.101839 -0.235793 -0.406711 -0.468046 -0.542885 -0.610796 -0.538965 -0.331711 -0.017119 0.425830 0.713743 0.484300 -0.048424 -0.381709 -0.211651 0.257334 0.318624 0.040663 0.070079 0.447038 0.607211 0.430710 0.078543 -0.017878 0.110391 0.009757 0.032743 0.357990 0.428283 0.239594 0.040745 -0.126205 -0.252088 -0.448402 -0.648635 -0.757467 -0.556239 -0.164766 0.272554 0.650336 0.656467 0.216887 -0.319924 -0.478935 -0.228368 0.011810 -0.015690 -0.034760 0.002090 -0.237408 -0.560395 -0.486677 0.050986 0.400265 0.410174 0.622258 1.123417 1.329493 1.044355 0.618789 0.355890 0.205471 0.051158 -0.009409 0.065363 -0.035577 -0.109816 0.053537 0.149030 0.015465 -0.213519 -0.148562 0.235631 0.555694 0.547162 0.330248 0.045706 -0.300380 -0.542192 -0.480150 -0.215742 0.185096 0.298398 0.173371 -0.106677 -0.287501 -0.023159 -0.044045 -0.322435 -0.256610 -0.141524 -0.043009 0.263264 0.344141 0.082422 0.035273 0.220496 -0.027917 -0.441497 -0.465030 -0.307409 -0.082233 0.056696 -0.029524 0.046527 0.158935 0.173131 0.005519 -0.068563 0.161647 0.389970 0.431410 0.352739 0.051324 -0.328492 -0.765459 -0.820871 -0.445956 -0.253471 0.072841 0.512334 0.549695 0.381836 0.524714 0.511064 0.218080 0.115473 0.250422 0.219903 -0.081436 -0.183155 -0.102191 -0.063569 -0.114439 -0.114928 -0.027909 -0.013201 0.012594 0.061211 -0.000300 -0.135107 -0.030531 0.136580 0.326460 0.408092 0.309810 0.213622 0.167343 0.090603 -0.058781 -0.282572 -0.323930 -0.182244 -0.397865 -0.610840 -0.579446 -0.420236 -0.038504 0.274216 0.368845 0.357420 0.190022 -0.007243 -0.298417 -0.368820 -0.148967 0.092890 0.328044 0.225855 -0.351601 -0.786465 -0.786235 -0.695061 -0.604937 -0.415906 -0.319877 -0.182764 0.099017 0.289934 0.369775 0.429879 0.351623 0.017868 -0.204339 -0.254039
0.093471 0.479093 0.642098 0.264529 -0.087776 -0.142540 -0.057477 -0.135216 -0.315237 -0.427174 -0.514249 -0.560646 -0.365334 0.045428 0.545523 0.865724 0.617487 0.110632 -0.182042 -0.028729 0.410179 0.465064 0.182089 0.059537 0.233686 0.506399 0.664984 0.509868 0.334342 0.167972 -0.244782 -0.463152 -0.253698 -0.109704 -0.047298 0.017276 0.056896 0.166241 0.025530 -0.273733 -0.397380 -0.148015 0.194377 0.380375 0.468647 0.410456 0.071851 -0.363387 -0.448624 -0.124774 0.047556 0.005302 0.067234 0.172542 0.027246 -0.134644 0.085902 0.595493 0.761669 0.578749 0.672956 1.120890 1.263434 0.894246 0.342385 -0.054097 -0.256315 -0.386882 -0.357965 -0.207109 -0.332610 -0.441219 -0.157261 0.077965 0.013587 -0.101506 0.003372 0.366430 0.750761 0.607624 0.086344 -0.323235 -0.653347 -0.883878 -0.844160 -0.569135 -0.071299 0.124609 -0.022234 -0.263628 -0.439278 -0.293772 -0.226411 -0.343182 -0.367618 -0.290466 -0.099955 0.165970 0.210037 -0.000849 -0.052621 0.115804 -0.019929 -0.171515 -0.108240 -0.229014 -0.435800 -0.486827 -0.483252 -0.248139 0.124532 0.283078 -0.056026 -0.327974 -0.073431 0.260369 0.361846 0.258830 -0.047594 -0.187398 -0.454775 -0.654938 -0.383570 -0.022785 0.279894 0.383358 0.144608 -0.080747 0.172629 0.279620 0.079998 0.028047 0.076720 -0.072879 -0.320959 -0.366145 -0.231426 0.075434 0.057884 -0.114520 -0.011137 0.166353 0.213703 0.348391 0.494157 0.424760 0.383303 0.277244 0.259492 0.205282 -0.067440 -0.202387 -0.023617 0.116251 0.080748 -0.012690 -0.058912 0.016771 -0.129828 -0.374595 -0.535506 -0.433572 0.060694 0.398347 0.396068 0.342853 0.335241 0.401577 0.248741 -0.080341 -0.251554 -0.076687 0.300432 0.365903 -0.215475 -0.867810 -1.080372 -1.034184 -0.917723 -0.582675 -0.190039 0.052130 0.089813 0.080396 0.163792 0.253726 0.320574 0.209173 0.096751 -0.014409
0.237394 0.537481 0.727412 0.377830 -0.063492 -0.160395 0.050446 0.052290 -0.258301 -0.386889 -0.304421 -0.274131 -0.104870 0.243170 0.514576 0.595347 0.375821 0.147223 0.081222 0.139270 0.395036 0.494386 0.304337 0.004928 -0.087515 0.237376 0.633062 0.740799 0.564966 0.163296 -0.446498 -0.919645 -0.945978 -0.701235 -0.329253 -0.056183 0.105309 0.361592 0.310244 -0.036709 -0.192796 0.037719 0.347307 0.405757 0.245708 0.023212 -0.324694 -0.671512 -0.633689 -0.276117 -0.206129 -0.108017 0.228863 0.394793 0.328716 0.395850 0.723903 1.076271 1.084695 0.833640 0.805462 1.026596 0.993279 0.606933 0.092978 -0.312982 -0.506906 -0.614756 -0.636634 -0.528953 -0.587539 -0.604069 -0.212130 0.086521 0.017465 0.007163 0.236958 0.517031 0.807825 0.719273 0.193417 -0.299590 -0.637941 -0.891160 -0.940633 -0.763128 -0.359013 -0.120345 -0.174379 -0.307190 -0.493851 -0.454542 -0.237548 -0.135660 -0.231250 -0.238763 0.005946 0.190039 0.122999 -0.048492 -0.060326 0.129661 0.082703 0.037874 0.080858 -0.097822 -0.345037 -0.357038 -0.264214 -0.173069 0.084222 0.181548 -0.171341 -0.455437 -0.238423 0.187341 0.437793 0.314584 -0.002588 0.035832 -0.108154 -0.454649 -0.231607 0.381403 0.702358 0.470185 0.042098 -0.286777 -0.097619 0.258496 0.311383 0.122538 -0.034042 -0.145601 -0.253519 -0.317515 -0.316965 -0.055795 -0.037936 -0.170239 -0.078525 0.153882 0.294439 0.472225 0.608626 0.401859 0.292057 0.256853 0.193248 0.078304 -0.242508 -0.428576 -0.137535 0.144263 0.098822 0.022197 0.059031 0.256153 0.282981 -0.030530 -0.387996 -0.330953 0.193991 0.488072 0.385320 0.207343 0.296927 0.658388 0.756287 0.484131 0.114246 0.100119 0.390857 0.422658 0.037684 -0.467375 -0.746151 -0.819135 -0.918105 -0.708405 -0.242869 -0.091961 -0.197979 -0.158491 -0.029064 0.012815 0.094965 0.149113 0.182006 0.101189
0.419806 0.504844 0.509753 0.227284 -0.130986 -0.245570 -0.050841 -0.035542 -0.409297 -0.592009 -0.379559 -0.194536 -0.037467 0.230399 0.325457 0.120405 -0.103133 -0.051641 0.083043 0.077365 0.248646 0.457914 0.314090 -0.161381 -0.509489 -0.345549 0.067737 0.426044 0.431174 0.086794 -0.447083 -0.913199 -1.031399 -0.720337 -0.249617 -0.016979 0.050864 0.256872 0.298734 -0.008998 -0.221787 -0.047706 0.372571 0.591234 0.367103 -0.073326 -0.566611 -0.905932 -0.782998 -0.508890 -0.566417 -0.335908 0.348696 0.736201 0.697033 0.670942 0.912813 1.262327 1.307402 1.080389 0.946101 0.835235 0.557003 0.226452 -0.118736 -0.402725 -0.473017 -0.549549 -0.696652 -0.599789 -0.527365 -0.558010 -0.341528 -0.082994 -0.032507 0.055564 0.319352 0.457459 0.509754 0.496371 0.171638 -0.290754 -0.619213 -0.758606 -0.730407 -0.659963 -0.484132 -0.255420 -0.165621 -0.245526 -0.481254 -0.552649 -0.342058 -0.058830 0.078684 0.041068 0.044734 0.051694 0.002861 0.004025 0.142799 0.357149 0.244308 0.123055 0.081139 -0.006234 -0.021016 0.080704 0.160017 0.088356 0.136210 0.153051 -0.082971 -0.343352 -0.260897 0.206941 0.551692 0.338519 0.083250 0.291471 0.160858 -0.330662 -0.176337 0.736562 1.429622 1.013425 0.293555 -0.127585 -0.022608 0.444221 0.629787 0.243190 -0.096196 -0.183148 -0.190923 -0.289657 -0.459353 -0.322011 -0.165894 -0.162565 -0.110777 0.032975 0.224884 0.497229 0.541172 0.222551 0.235910 0.454378 0.458244 0.367204 0.114056 -0.170975 -0.055217 0.171798 0.065705 -0.119874 -0.117032 0.144523 0.319507 0.122359 -0.154349 -0.118395 0.291330 0.544205 0.462190 0.234377 0.293102 0.689969 0.844018 0.748454 0.469361 0.343763 0.364912 0.150279 0.060311 0.058309 -0.061863 -0.292390 -0.625986 -0.600122 -0.347644 -0.384141 -0.344837 -0.093707 -0.021323 0.072953 0.332739 0.398701 0.220650 0.011770
0.215534 0.160541 0.103965 0.043458 -0.087282 -0.215441 -0.222578 -0.283186 -0.496272 -0.564349 -0.417092 -0.306034 -0.195880 0.035523 0.090187 -0.138826 -0.265161 -0.144388 0.006479 0.063279 0.314977 0.469036 0.158540 -0.400899 -0.815551 -0.772923 -0.355179 0.049496 0.134555 -0.059328 -0.343591 -0.525201 -0.653020 -0.574145 -0.372848 -0.228183 -0.081201 0.191258 0.338570 0.074367 -0.236025 -0.192083 0.191319 0.480632 0.364361 -0.060123 -0.562376 -0.797035 -0.583571 -0.444150 -0.581190 -0.332389 0.374508 0.805425 0.742491 0.567799 0.717712 1.183251 1.368797 1.217643 1.019654 0.665249 0.292388 -0.008677 -0.294664 -0.464666 -0.423245 -0.472260 -0.616132 -0.486030 -0.392677 -0.484446 -0.424877 -0.205898 -0.053805 0.038396 0.185958 0.200881 0.121726 0.081223 -0.145090 -0.524611 -0.742499 -0.688028 -0.528004 -0.451926 -0.359994 -0.169248 -0.054794 -0.223512 -0.550497 -0.708962 -0.625420 -0.263605 0.196702 0.198029 -0.131061 -0.313765 -0.174831 0.123999 0.351649 0.490620 0.324757 0.191450 0.157014 0.073358 0.069309 0.090425 0.125263 0.142646 0.176972 0.053997 -0.246224 -0.469209 -0.261031 0.446952 0.866774 0.573137 0.297610 0.399209 0.223830 -0.099961 0.124316 1.095447 1.897641 1.303709 0.396137 -0.032466 -0.099660 0.005569 -0.068655 -0.346992 -0.316350 -0.239837 -0.291211 -0.442109 -0.642882 -0.538366 -0.353542 -0.338758 -0.308039 -0.213462 -0.049112 0.274526 0.335874 0.149107 0.304699 0.572169 0.655758 0.762456 0.739995 0.422448 0.223448 0.199458 -0.003590 -0.296770 -0.396001 -0.201017 0.024263 0.034553 -0.060972 -0.041290 0.283369 0.536847 0.470375 0.196497 0.150877 0.460373 0.655339 0.746207 0.688100 0.632609 0.473108 0.051258 0.134185 0.490170 0.434532 -0.020750 -0.462906 -0.454957 -0.416795 -0.557885 -0.373135 -0.067539 -0.029903 0.233055 0.641535 0.546560 0.067132 -0.246724
0.228079 0.174429 0.061178 0.029628 0.128225 0.124013 -0.040539 -0.192002 -0.177033 -0.060714 -0.072311 -0.149846 -0.041284 0.194505 0.190427 0.036086 0.049918 0.071396 0.035635 0.083762 0.375669 0.419375 -0.008445 -0.516870 -0.866200 -0.781273 -0.250846 0.100771 0.001884 -0.256294 -0.342619 -0.146913 -0.148539 -0.385506 -0.597298 -0.574124 -0.280847 0.132575 0.387103 0.241022 -0.050523 -0.173737 -0.072630 0.021008 -0.017736 -0.281949 -0.625944 -0.684026 -0.425761 -0.297991 -0.342873 -0.143380 0.270396 0.461514 0.405666 0.384510 0.543897 0.931636 1.171672 1.087275 0.863997 0.586788 0.396659 0.089906 -0.318125 -0.579370 -0.595086 -0.603166 -0.643299 -0.564472 -0.460560 -0.391746 -0.230961 0.022762 0.164937 0.166867 0.131493 -0.018290 -0.119469 -0.211192 -0.486911 -0.762475 -0.724929 -0.529825 -0.333108 -0.170968 -0.099916 -0.041407 0.009372 -0.119913 -0.426327 -0.714448 -0.846780 -0.510678 0.055132 0.132223 -0.185990 -0.418856 -0.267557 0.139793 0.399290 0.378969 0.188054 0.106799 0.074831 -0.039658 -0.068459 -0.228314 -0.419549 -0.278418 0.062698 -0.032238 -0.470796 -0.698949 -0.358008 0.464779 0.955859 0.833064 0.568007 0.392148 0.214342 0.215262 0.494257 1.052419 1.321704 0.726744 0.129934 -0.090519 -0.240851 -0.489162 -0.882738 -1.035553 -0.560016 -0.232820 -0.261234 -0.414439 -0.633711 -0.576063 -0.450502 -0.430287 -0.322265 -0.208550 -0.173189 0.045665 0.195666 0.164500 0.230973 0.282960 0.372780 0.743735 1.043843 0.920962 0.625989 0.307809 0.002128 -0.243671 -0.431901 -0.466866 -0.354999 -0.256215 -0.192101 -0.135018 0.144729 0.350659 0.233309 0.009403 -0.022860 0.209991 0.519308 0.737728 0.799432 0.854460 0.733904 0.321459 0.278417 0.491870 0.411717 -0.018670 -0.367271 -0.352493 -0.434734 -0.597801 -0.496134 -0.384515 -0.303710 0.113692 0.513781 0.313497 -0.167290 -0.365329
0.428265 0.341199 0.144809 -0.001995 0.218914 0.374056 0.279974 0.260937 0.397856 0.338912 0.109532 0.104465 0.390705 0.536926 0.379401 0.298114 0.337012 0.203169 -0.068130 -0.155459 0.075518 0.103991 -0.234522 -0.588863 -0.850722 -0.703371 -0.138374 0.109149 -0.160961 -0.386945 -0.315498 0.040053 0.207865 -0.061655 -0.416404 -0.481803 -0.194252 0.190650 0.328727 0.134305 0.002897 -0.032576 -0.131882 -0.324847 -0.456471 -0.606987 -0.697086 -0.588902 -0.393617 -0.240708 -0.118735 0.044979 0.278026 0.344204 0.292461 0.381929 0.400204 0.516628 0.806213 0.836382 0.602786 0.448993 0.397056 0.125357 -0.281502 -0.642766 -0.777537 -0.713757 -0.649959 -0.600245 -0.376324 -0.092952 0.078265 0.338602 0.558203 0.479437 0.254344 -0.076139 -0.247777 -0.369741 -0.669488 -0.775811 -0.451646 -0.207190 -0.018720 0.264350 0.330800 0.196598 0.126242 0.093150 -0.121771 -0.506870 -0.757386 -0.524227 -0.148809 0.020899 0.104058 -0.010395 -0.094519 0.065264 0.275248 0.120466 -0.113020 -0.082385 -0.106393 -0.285816 -0.388187 -0.630631 -0.924148 -0.656770 0.023558 0.129268 -0.302373 -0.583706 -0.327648 0.283089 0.664448 0.728436 0.549734 0.265811 0.128553 0.235741 0.459846 0.744862 0.715551 0.284571 -0.014426 -0.112771 -0.170809 -0.290262 -0.609047 -0.733391 -0.312506 0.018415 0.056238 -0.124083 -0.366522 -0.273159 -0.199475 -0.300917 -0.173208 0.075625 0.053409 0.113766 0.341844 0.448255 0.382248 0.071878 -0.062395 0.354402 0.841058 0.923513 0.732212 0.323525 0.068374 0.019413 -0.232329 -0.535438 -0.640594 -0.599768 -0.384768 -0.207963 0.075890 0.254340 0.046573 -0.122816 -0.023926 0.205313 0.547800 0.694284 0.642456 0.654703 0.656903 0.450185 0.269682 0.172463 0.094438 -0.079266 -0.190215 -0.178500 -0.396880 -0.661526 -0.741297 -0.811731 -0.656683 -0.110374 0.279060 0.219341 0.044450 0.045594
0.316191 0.184625 0.011576 -0.143760 0.051913 0.264428 0.353177 0.484925 0.577913 0.252554 -0.109870 0.026959 0.508219 0.717159 0.580786 0.438726 0.281440 0.068391 -0.246054 -0.470731 -0.436127 -0.392528 -0.414995 -0.465774 -0.643299 -0.539569 -0.097833 0.064137 -0.060876 0.014741 0.111253 0.265865 0.451867 0.328210 0.008674 -0.164710 -0.049228 0.084917 -0.038669 -0.259943 -0.073764 0.221439 0.078425 -0.343095 -0.651367 -0.809571 -0.747001 -0.488935 -0.301265 -0.241474 -0.073174 0.155621 0.409976 0.547627 0.433394 0.320313 0.129727 0.115118 0.455112 0.582282 0.367775 0.287793 0.306643 0.064370 -0.283301 -0.658052 -0.829474 -0.641322 -0.489268 -0.476721 -0.213643 0.116519 0.196179 0.469508 0.828663 0.683329 0.295650 -0.061467 -0.270493 -0.405044 -0.656442 -0.669521 -0.276243 -0.028304 0.186371 0.468042 0.498303 0.280890 0.163503 0.212448 0.156724 -0.180469 -0.452763 -0.398071 -0.340913 -0.181221 0.282543 0.447296 0.308063 0.177521 0.139952 -0.092620 -0.217288 -0.015015 -0.037683 -0.341846 -0.612804 -0.800628 -0.957857 -0.588247 0.218888 0.454944 -0.007601 -0.470947 -0.370273 0.100397 0.408329 0.518503 0.322583 0.012364 -0.104926 -0.095569 0.037411 0.356544 0.446602 0.176093 -0.050586 -0.233922 -0.186772 0.064264 -0.025659 -0.251115 -0.172372 0.033830 0.179335 0.010773 -0.214339 -0.025268 0.109740 -0.109200 -0.150150 0.099760 0.151586 0.206008 0.472481 0.702885 0.659798 0.205024 -0.110189 0.100292 0.412839 0.465192 0.440393 0.201086 0.100404 0.193707 -0.084684 -0.544385 -0.802781 -0.712876 -0.334546 -0.070456 0.183667 0.311840 0.060658 -0.073303 0.116227 0.314431 0.550382 0.596184 0.433762 0.326681 0.338993 0.289938 0.131191 -0.071245 -0.126966 -0.174963 -0.189765 -0.090948 -0.257941 -0.610374 -0.877081 -1.021703 -0.862177 -0.348788 0.103758 0.376415 0.497274 0.539097
0.050631 -0.010243 -0.108379 -0.233553 -0.158639 0.043392 0.216242 0.201099 0.149558 0.002530 -0.293540 -0.298380 0.157451 0.605771 0.721526 0.469739 0.096601 -0.119235 -0.347561 -0.575226 -0.684356 -0.584054 -0.290640 -0.115988 -0.278470 -0.399734 -0.169642 0.065906 0.313028 0.637146 0.502758 0.246118 0.340970 0.395259 0.161405 -0.089364 -0.196116 -0.313531 -0.446081 -0.429035 -0.084403 0.240964 0.114079 -0.298480 -0.624746 -0.844169 -0.822379 -0.518365 -0.286873 -0.280825 -0.160311 0.130529 0.428718 0.615229 0.445049 0.168474 -0.016416 0.030311 0.304798 0.393630 0.210703 0.232722 0.368467 0.121590 -0.276274 -0.707983 -0.908995 -0.651480 -0.424130 -0.335237 -0.014637 0.240558 0.218318 0.419145 0.787872 0.692091 0.288058 -0.094467 -0.370354 -0.406087 -0.496665 -0.537867 -0.291551 -0.079014 0.160669 0.344106 0.296993 0.114646 0.100174 0.247092 0.261293 -0.074912 -0.364568 -0.454367 -0.558879 -0.372173 0.236749 0.578709 0.590198 0.355971 0.038611 -0.191088 -0.131003 0.111867 0.107681 -0.138869 -0.474963 -0.622649 -0.655643 -0.297398 0.427292 0.693871 0.210786 -0.440138 -0.502614 0.002479 0.451806 0.590967 0.266730 -0.174573 -0.326518 -0.405488 -0.374451 -0.031310 0.201229 -0.024487 -0.334498 -0.549563 -0.304109 0.228999 0.211250 -0.250885 -0.570872 -0.464125 -0.067804 0.059746 -0.047663 0.045667 0.148208 -0.095324 -0.369963 -0.361934 -0.241613 -0.089422 0.220162 0.555323 0.612696 0.358619 0.160433 0.136995 0.075480 0.036854 0.216173 0.220810 0.179135 0.157954 -0.162401 -0.531202 -0.690580 -0.428497 0.053250 0.201332 0.159903 0.173610 0.111217 0.204931 0.430018 0.408797 0.435154 0.532112 0.425567 0.285188 0.322916 0.305468 0.127171 -0.076910 -0.244430 -0.492591 -0.582143 -0.322580 -0.228762 -0.431276 -0.615066 -0.713111 -0.705067 -0.424776 0.056437 0.471632 0.543724 0.445135
-0.015429 -0.036069 -0.148035 -0.280684 -0.234715 -0.014778 0.139040 -0.013530 -0.046260 0.054501 -0.273689 -0.567748 -0.309539 0.204665 0.539329 0.440845 0.206620 0.030324 -0.205464 -0.390854 -0.545345 -0.463136 -0.188103 -0.047458 -0.187556 -0.416818 -0.277052 0.042078 0.437138 0.716175 0.364609 -0.212339 -0.240677 0.048824 0.097111 -0.151023 -0.488255 -0.691923 -0.604090 -0.350180 -0.130617 -0.007844 -0.048223 -0.260953 -0.457565 -0.654677 -0.622455 -0.317074 -0.140820 -0.068049 0.074562 0.272177 0.490137 0.619599 0.377741 0.119870 0.083993 0.209721 0.355375 0.343413 0.208711 0.249618 0.363762 0.135792 -0.241908 -0.665843 -0.879586 -0.667326 -0.384559 -0.035358 0.413814 0.527188 0.378218 0.423469 0.666071 0.602651 0.272504 -0.159547 -0.506935 -0.383839 -0.270368 -0.332941 -0.212432 0.027314 0.257978 0.265133 0.069940 -0.063079 0.061767 0.148028 -0.019983 -0.363274 -0.501649 -0.560311 -0.742090 -0.569584 0.027247 0.428246 0.630162 0.498012 0.205957 0.118056 0.185925 0.187700 0.138669 0.048377 -0.243580 -0.356282 -0.305115 -0.075671 0.374290 0.587563 0.226830 -0.405968 -0.503767 0.101906 0.634601 0.721812 0.290352 -0.279517 -0.452575 -0.409751 -0.332329 -0.022201 0.269650 0.082688 -0.307424 -0.435247 -0.056679 0.377158 0.212565 -0.362417 -0.773325 -0.607555 -0.098815 0.274389 0.331238 0.176060 -0.017682 -0.312621 -0.609062 -0.722635 -0.691693 -0.553220 -0.083185 0.421124 0.543765 0.420095 0.293768 0.118853 -0.115265 -0.120025 0.157766 0.230000 0.119976 -0.099935 -0.388023 -0.457541 -0.348467 0.066511 0.584895 0.568967 0.177194 -0.012645 0.169495 0.593100 0.839424 0.585883 0.361981 0.442793 0.467070 0.377704 0.434711 0.422572 0.287887 0.153918 -0.218699 -0.817196 -0.931267 -0.512025 -0.214186 -0.139823 -0.085437 -0.204258 -0.426257 -0.351859 0.083070 0.371168 0.274125 0.164681
-0.117349 -0.068408 -0.164377 -0.233357 -0.029407 0.197607 0.141088 -0.075518 -0.047600 0.044224 -0.246445 -0.585371 -0.631061 -0.455741 -0.173697 0.032501 0.231956 0.216363 0.002983 -0.127150 -0.291943 -0.343196 -0.246026 -0.179803 -0.295784 -0.422691 -0.177516 0.047401 0.135391 0.172279 -0.104901 -0.589743 -0.616105 -0.235087 -0.020297 -0.266082 -0.702661 -0.914173 -0.700273 -0.249827 -0.035563 -0.057847 -0.133602 -0.145808 -0.160102 -0.239194 -0.170876 -0.020223 -0.036337 0.060290 0.284221 0.445042 0.610517 0.677415 0.364445 0.100927 0.087358 0.149044 0.133095 0.113504 0.066124 0.101101 0.207661 0.038167 -0.306970 -0.664891 -0.794007 -0.581680 -0.274984 0.211760 0.692730 0.731938 0.505104 0.469885 0.604293 0.462699 0.191059 -0.170475 -0.473122 -0.338339 -0.170224 -0.170871 -0.092461 0.202312 0.445800 0.294514 -0.060398 -0.226740 -0.104140 -0.114651 -0.381269 -0.503077 -0.397860 -0.464556 -0.719912 -0.638602 -0.200154 0.192700 0.498251 0.480824 0.429055 0.514213 0.440939 0.238735 0.267700 0.301671 -0.002526 -0.167098 -0.128287 -0.090948 0.030784 0.187867 0.050934 -0.408814 -0.485253 0.070716 0.525796 0.551578 0.167129 -0.331730 -0.467962 -0.208898 0.037926 0.305214 0.529406 0.328593 -0.046285 0.053606 0.493003 0.604290 0.216163 -0.408119 -0.668009 -0.275559 0.178565 0.432937 0.434599 0.074510 -0.252136 -0.462068 -0.623565 -0.646508 -0.677691 -0.635313 -0.172016 0.328592 0.495190 0.492852 0.430940 0.221490 0.022820 0.079002 0.267905 0.216038 0.016238 -0.235213 -0.377497 -0.262524 -0.052126 0.411274 0.897990 0.838014 0.494710 0.243976 0.405662 0.769398 0.908273 0.640270 0.229145 0.088466 0.233954 0.329248 0.445982 0.461229 0.334857 0.242968 -0.060250 -0.695087 -0.818583 -0.390629 -0.068373 0.122031 0.255304 0.087133 -0.205957 -0.153971 0.155824 0.127580 -0.109095 -0.005836
-0.254481 -0.145373 -0.140964 -0.166029 0.081665 0.228810 -0.044488 -0.223058 -0.152668 -0.094927 -0.107303 -0.249037 -0.548425 -0.816637 -0.838514 -0.576147 -0.116390 0.028753 -0.099700 -0.113646 -0.139215 -0.186110 -0.177439 -0.179440 -0.291139 -0.238236 0.117075 0.141213 -0.152192 -0.292389 -0.320880 -0.455763 -0.384951 -0.238836 -0.197391 -0.395417 -0.725420 -0.799474 -0.539358 -0.198707 -0.081400 -0.108575 -0.068229 0.159872 0.212006 0.175401 0.225275 0.110286 -0.156455 -0.220346 0.043116 0.377914 0.578911 0.693922 0.637620 0.477834 0.287714 0.063463 -0.165857 -0.208383 -0.275457 -0.216689 -0.001044 -0.204974 -0.676737 -0.900375 -0.796732 -0.485111 -0.232164 0.090675 0.473962 0.593654 0.420476 0.407058 0.532794 0.367576 0.120913 -0.163361 -0.399770 -0.311991 -0.203489 -0.245745 -0.236155 0.099858 0.473347 0.335671 -0.049257 -0.233753 -0.198469 -0.223547 -0.400955 -0.265723 -0.074628 -0.292151 -0.530692 -0.458879 -0.187542 0.176918 0.434734 0.375767 0.372691 0.430971 0.324837 0.219243 0.403477 0.434306 0.073428 -0.211633 -0.256824 -0.270855 -0.276012 -0.202758 -0.176799 -0.385976 -0.435613 -0.080652 0.268355 0.305086 0.097196 -0.173377 -0.271919 -0.034909 0.147266 0.277048 0.392542 0.185015 -0.066254 0.220960 0.747817 0.760251 0.222430 -0.528336 -0.715927 -0.204316 0.232134 0.285399 0.099951 -0.282430 -0.456991 -0.480869 -0.545042 -0.430331 -0.338136 -0.328564 -0.085372 0.238147 0.365128 0.406651 0.436559 0.454580 0.506692 0.514299 0.367364 0.153911 0.062270 -0.052824 -0.176645 -0.219317 -0.125981 0.358399 0.860906 0.853768 0.779502 0.720170 0.806291 0.818786 0.703195 0.477507 0.022261 -0.269674 -0.091988 0.115255 0.285677 0.405240 0.301830 0.240417 0.129237 -0.338898 -0.425221 0.002078 0.235163 0.323140 0.383371 0.165836 -0.093893 -0.029590 0.055663 -0.257356 -0.465524 -0.090007
-0.370773 -0.274709 -0.123798 -0.162126 -0.109098 -0.018924 -0.157238 -0.224603 -0.236993 -0.219543 -0.040148 -0.059932 -0.437744 -0.896561 -1.166116 -1.016011 -0.498304 -0.240047 -0.343810 -0.320467 -0.187463 -0.045318 0.066629 0.047532 -0.081129 0.017605 0.332525 0.317226 -0.004493 -0.183835 -0.095934 -0.036524 0.013239 -0.164898 -0.394104 -0.509643 -0.599541 -0.436288 -0.145524 -0.118930 -0.245969 -0.224880 -0.009404 0.336101 0.393479 0.353152 0.365672 0.108804 -0.267534 -0.473959 -0.320203 0.039976 0.246379 0.498135 0.880699 0.922236 0.516639 0.015279 -0.271814 -0.249152 -0.317399 -0.318037 -0.271899 -0.954618 -1.793015 -1.487194 -0.824614 -0.457670 -0.366795 -0.239633 0.073065 0.263509 0.139077 0.132012 0.280824 0.238572 0.054493 -0.184071 -0.361917 -0.307862 -0.321686 -0.465909 -0.395402 -0.018739 0.362592 0.229787 -0.145342 -0.235314 -0.177475 -0.218463 -0.385834 -0.312392 -0.233513 -0.492103 -0.581019 -0.401149 -0.135947 0.306678 0.580569 0.458049 0.298298 0.286487 0.310758 0.305274 0.330229 0.179075 -0.166983 -0.419135 -0.377500 -0.233318 -0.198593 -0.244485 -0.140209 -0.145203 -0.271145 -0.274977 -0.200196 -0.255059 -0.252104 -0.130194 -0.055306 0.028623 0.074730 0.133825 0.173610 0.043819 0.025349 0.249357 0.546840 0.509199 0.102451 -0.485112 -0.673773 -0.314672 0.045597 -0.088252 -0.488702 -0.854009 -0.886602 -0.738527 -0.594398 -0.299546 -0.101563 -0.117685 -0.038271 0.170010 0.181676 0.102037 0.173030 0.435427 0.724900 0.664245 0.237168 -0.012631 0.133935 0.159045 -0.081829 -0.404989 -0.410868 0.077470 0.480279 0.454654 0.536291 0.778442 0.985758 0.849973 0.570002 0.316960 -0.082184 -0.338563 -0.197641 -0.099392 -0.002281 0.339685 0.465936 0.487631 0.349159 -0.115610 -0.101579 0.418836 0.639461 0.813954 0.914032 0.333701 -0.135983 -0.080548 -0.131182 -0.526940 -0.659753 -0.208451
-0.492728 -0.239053 0.014875 -0.111667 -0.265968 -0.145429 -0.018512 -0.093089 -0.225704 -0.183782 -0.080781 -0.173255 -0.475564 -0.855296 -1.101078 -0.977784 -0.541919 -0.321769 -0.436226 -0.363478 -0.097117 0.183767 0.421481 0.503822 0.404192 0.305490 0.350786 0.443429 0.333764 0.096239 0.053177 0.131422 0.188672 -0.044181 -0.340730 -0.342830 -0.224240 -0.048358 0.025488 -0.117542 -0.271981 -0.161188 0.059845 0.250698 0.357780 0.441855 0.395949 0.055295 -0.299094 -0.431033 -0.412895 -0.297705 -0.165687 0.125288 0.625324 0.750565 0.370692 -0.117811 -0.304351 -0.121435 -0.056522 -0.128722 -0.405594 -1.579520 -2.610462 -1.752747 -0.692691 -0.471211 -0.609829 -0.474635 -0.029635 0.143786 -0.048885 -0.125580 -0.000906 0.050872 -0.094810 -0.286690 -0.369684 -0.386251 -0.543766 -0.613835 -0.372486 -0.084052 0.041122 -0.314069 -0.796631 -0.550169 -0.118778 -0.088846 -0.386292 -0.663372 -0.728634 -0.810132 -0.745199 -0.526217 -0.256264 0.202757 0.522507 0.361333 0.086683 0.119925 0.275630 0.368198 0.334758 0.121968 -0.236063 -0.479881 -0.334173 -0.055862 -0.061761 -0.166096 0.041687 0.173826 0.000761 -0.248535 -0.455831 -0.747188 -0.767570 -0.333391 0.011784 0.035393 0.049094 0.161071 0.268361 0.256896 0.316453 0.260916 0.084253 -0.061582 -0.091515 -0.220382 -0.368018 -0.311188 -0.148351 -0.320792 -0.672036 -0.932806 -0.911551 -0.686005 -0.544442 -0.344304 -0.188350 -0.138487 0.109137 0.391001 0.341536 0.162290 0.166161 0.306529 0.497277 0.432123 0.051895 -0.210550 -0.107512 -0.022624 -0.168131 -0.536364 -0.632143 -0.272450 0.072792 0.260158 0.501076 0.707547 0.815136 0.741009 0.512319 0.223905 -0.143794 -0.356248 -0.229011 -0.140880 -0.110185 0.303730 0.697626 0.888373 0.560167 -0.062513 -0.048446 0.484793 0.825977 1.297739 1.529433 0.616365 -0.155172 -0.247672 -0.328921 -0.636719 -0.719214 -0.316908
-0.484836 -0.058627 0.176652 -0.081316 -0.366789 -0.252614 -0.014914 -0.036584 -0.039149 0.077113 -0.066304 -0.310981 -0.497618 -0.707736 -0.826003 -0.705450 -0.492169 -0.384771 -0.351336 -0.124071 0.155612 0.376235 0.595182 0.753083 0.820729 0.649004 0.425596 0.459233 0.344157 -0.002292 -0.097984 0.125847 0.337440 0.181117 -0.056752 -0.057192 -0.037426 -0.054324 -0.113953 -0.174447 -0.263725 -0.125526 0.037980 0.004836 0.088158 0.313584 0.248764 -0.171935 -0.464642 -0.404763 -0.334587 -0.372003 -0.392840 -0.291087 0.016435 0.158191 0.029985 -0.244154 -0.302240 -0.008201 0.215318 0.199653 -0.098077 -0.837324 -1.277401 -0.702891 -0.280605 -0.464736 -0.786326 -0.555067 0.088193 0.237815 -0.035395 -0.126179 0.082174 0.173524 -0.087333 -0.377848 -0.400189 -0.384490 -0.593333 -0.634884 -0.372184 -0.193355 -0.274964 -0.829407 -1.370710 -0.756841 0.088390 0.246976 -0.088776 -0.608543 -0.851984 -0.842832 -0.711017 -0.537748 -0.322684 -0.077410 0.056089 -0.101882 -0.272895 -0.115323 0.101803 0.376350 0.637714 0.513571 0.025681 -0.342173 -0.292475 -0.020787 0.020893 -0.051545 0.054496 0.166933 0.177060 0.079269 -0.143618 -0.631354 -0.911173 -0.589146 -0.239042 -0.156534 -0.033268 0.194856 0.401080 0.475444 0.559661 0.370140 -0.052796 -0.234274 -0.061900 0.093667 0.109578 0.009617 -0.062490 -0.165447 -0.284353 -0.339498 -0.289437 -0.235064 -0.416263 -0.424149 -0.321447 -0.158300 0.395171 0.859313 0.785370 0.487684 0.420426 0.436361 0.375805 0.251207 0.052515 -0.174129 -0.290870 -0.282136 -0.292991 -0.463493 -0.509133 -0.260256 0.132854 0.476184 0.619627 0.507187 0.485891 0.612019 0.527628 0.264210 -0.102123 -0.425290 -0.387805 -0.139143 -0.011083 0.225620 0.603779 0.884294 0.436532 -0.222105 -0.180633 0.313948 0.562530 0.909611 1.026578 0.348280 -0.205316 -0.326426 -0.403508 -0.597268 -0.606495 -0.235754
-0.477380 -0.143289 0.046792 -0.095479 -0.304648 -0.270450 -0.161758 -0.108484 0.057764 0.134829 -0.134631 -0.380692 -0.480001 -0.539253 -0.553410 -0.371101 -0.173822 -0.074897 -0.017797 0.055708 0.102435 0.227429 0.354607 0.377276 0.531620 0.562272 0.467220 0.411109 0.086419 -0.283280 -0.239604 0.087637 0.289457 0.127425 -0.034428 -0.079164 -0.224488 -0.368667 -0.314848 -0.133090 -0.110189 0.052904 0.152870 -0.133192 -0.259894 -0.112260 -0.132780 -0.395516 -0.552292 -0.394756 -0.208769 -0.249400 -0.415557 -0.591174 -0.574885 -0.448286 -0.249725 -0.189563 -0.096664 0.124414 0.204022 0.159242 0.083310 0.019515 0.118252 0.138739 -0.178363 -0.552395 -0.789939 -0.492608 0.144911 0.242028 -0.043166 -0.072469 0.249808 0.389100 0.101075 -0.242349 -0.286941 -0.246548 -0.413409 -0.506677 -0.378164 -0.222048 -0.232016 -0.575144 -0.863070 -0.325351 0.336836 0.441028 0.176744 -0.284321 -0.594911 -0.561185 -0.393230 -0.288331 -0.144635 -0.076964 -0.099054 -0.166132 -0.131606 0.055551 0.124826 0.409459 0.888780 0.878570 0.359460 -0.107243 -0.281791 -0.126209 0.167743 0.273844 0.104998 0.013011 0.187096 0.288654 0.137020 -0.340201 -0.707877 -0.605418 -0.461386 -0.338193 -0.094435 0.193608 0.396423 0.506912 0.668125 0.551410 0.174031 0.050382 0.177725 0.353956 0.521604 0.359363 0.056841 -0.069449 -0.047606 0.124040 0.234993 0.157471 -0.087830 -0.168179 -0.279031 -0.273493 0.262729 0.830260 0.913751 0.638234 0.525810 0.569815 0.411934 0.204492 0.134792 0.033163 -0.128884 -0.130076 -0.152211 -0.158596 -0.007833 0.172215 0.449010 0.707262 0.696947 0.442465 0.412654 0.567455 0.544720 0.461281 0.256506 -0.224395 -0.491334 -0.291600 -0.047234 0.038423 0.172366 0.344905 0.016781 -0.456864 -0.330366 0.222465 0.388785 0.478838 0.359355 -0.107859 -0.329068 -0.221642 -0.272748 -0.420582 -0.326597 -0.023360
-0.502376 -0.337254 -0.192811 -0.145952 -0.189868 -0.157474 -0.254970 -0.339654 -0.194114 -0.071223 -0.174542 -0.289231 -0.263039 -0.205445 -0.197579 0.061872 0.439996 0.586149 0.410232 0.066256 -0.147275 -0.126656 -0.101471 -0.169126 -0.088752 0.067980 0.274030 0.270622 -0.067276 -0.290412 -0.169853 0.093464 0.139270 -0.125895 -0.259516 -0.249521 -0.361400 -0.490003 -0.432687 -0.255859 -0.174746 0.081071 0.247637 -0.063886 -0.413785 -0.582576 -0.566389 -0.424251 -0.341647 -0.136160 0.026895 -0.047219 -0.212126 -0.553897 -0.828228 -0.752033 -0.301576 0.088105 0.257896 0.213960 -0.040819 -0.206710 -0.066137 0.175632 0.387202 0.219380 -0.245147 -0.511059 -0.503242 -0.245650 0.106907 0.117769 -0.057564 -0.038161 0.194598 0.352631 0.305094 0.068503 -0.128431 -0.184710 -0.233678 -0.274314 -0.301487 -0.094394 0.069740 -0.076079 -0.227113 -0.144253 0.003594 0.092250 0.094531 -0.023964 -0.140556 -0.065265 -0.019782 -0.064016 -0.018506 0.024416 0.060060 0.143207 0.228774 0.214808 0.027153 0.208249 0.742590 0.893587 0.523244 -0.006847 -0.351703 -0.179955 0.797310 1.559373 0.925970 0.298008 0.412170 0.519296 0.494547 0.167336 -0.243817 -0.315752 -0.374544 -0.368811 -0.240644 -0.065276 0.145877 0.413507 0.657757 0.646349 0.470404 0.434423 0.417571 0.483324 0.663796 0.502332 0.140383 -0.061041 -0.030539 0.229693 0.450093 0.537665 0.476842 0.296529 -0.099997 -0.439086 -0.287623 0.251067 0.664575 0.612886 0.426852 0.439184 0.314561 0.134941 0.147316 0.084173 -0.028491 0.120703 0.203961 0.240880 0.385270 0.380025 0.376398 0.524591 0.542737 0.321135 0.254198 0.309216 0.389722 0.609749 0.645888 0.139743 -0.375006 -0.372263 -0.086938 -0.014027 -0.079122 -0.083359 -0.230997 -0.527559 -0.373698 0.322610 0.570741 0.411121 0.142105 -0.122715 -0.222762 -0.068732 -0.043285 -0.090560 0.025872 0.155984
-0.518953 -0.353274 -0.237745 -0.277200 -0.360292 -0.240821 -0.326820 -0.532395 -0.408892 -0.101824 -0.025535 -0.062182 0.136375 0.268073 0.144885 0.227784 0.611689 0.841621 0.600053 0.058921 -0.344491 -0.496025 -0.417280 -0.318026 -0.330846 -0.206653 0.180381 0.288666 0.052827 -0.105667 -0.128232 -0.041448 -0.131301 -0.347816 -0.349384 -0.360075 -0.400005 -0.361450 -0.470573 -0.603420 -0.558751 -0.234405 0.042391 -0.054962 -0.360757 -0.611949 -0.516654 -0.156143 0.091031 0.354514 0.452872 0.400401 0.323918 -0.101726 -0.639442 -0.734953 -0.255351 0.278070 0.331415 0.018523 -0.249942 -0.301408 -0.101291 0.131722 0.384196 0.355856 0.046963 -0.095308 0.002440 0.032612 -0.006167 0.000233 0.078781 0.122419 0.127586 0.248183 0.466649 0.356650 -0.019205 -0.147187 -0.012293 0.119827 0.085318 0.264355 0.352494 0.114025 -0.124474 -0.416341 -0.601347 -0.341517 0.045258 0.313158 0.359782 0.274043 0.049066 -0.068156 -0.078359 -0.087770 -0.015508 0.135509 0.256059 0.199563 -0.087980 -0.114028 0.279969 0.534466 0.336254 -0.197595 -0.446413 0.382482 3.627247 6.411594 3.983131 1.085539 0.543015 0.571705 0.737944 0.599787 0.126648 -0.072138 -0.162177 -0.167874 -0.197324 -0.237479 -0.057749 0.385611 0.617711 0.612424 0.625456 0.598974 0.470716 0.444048 0.546579 0.411020 0.192553 0.081989 0.124414 0.357626 0.631489 0.790921 0.720016 0.518211 0.207631 -0.184350 -0.356518 -0.063849 0.361860 0.430645 0.158009 0.037956 -0.014139 -0.047886 0.068475 0.039217 -0.053758 0.139390 0.341908 0.383527 0.423450 0.286229 0.102453 0.200388 0.249705 0.066001 -0.007072 -0.017040 0.088352 0.487684 0.729039 0.426653 -0.043887 -0.204487 0.001386 0.149055 0.143490 0.043663 -0.140940 -0.437018 -0.349255 0.335115 0.606995 0.243940 -0.009303 0.147086 0.199304 0.139573 0.126300 0.114093 0.180650 0.276593
-0.499140 -0.344015 -0.226134 -0.352574 -0.583307 -0.558420 -0.526459 -0.546515 -0.324978 -0.054617 -0.102272 -0.127709 0.214954 0.401911 0.108966 -0.112344 0.201861 0.615096 0.541123 0.102985 -0.317846 -0.529827 -0.368321 -0.179260 -0.250226 -0.133096 0.297009 0.457001 0.194512 -0.192253 -0.484929 -0.583595 -0.635510 -0.456961 -0.133341 -0.196881 -0.293288 -0.206351 -0.489463 -0.843969 -0.853634 -0.613199 -0.355416 -0.199223 -0.181858 -0.184380 -0.039008 0.214944 0.480436 0.721253 0.751267 0.733459 0.626940 0.148595 -0.365696 -0.462118 -0.133730 0.208395 0.035597 -0.353295 -0.274231 0.016857 0.118936 0.128289 0.350455 0.470616 0.263579 0.096456 0.155897 0.089321 -0.135284 -0.125982 0.100958 0.127228 0.045530 0.155835 0.467396 0.574813 0.331091 0.120121 0.135387 0.214182 0.177443 0.218445 0.219963 -0.001749 -0.291055 -0.639458 -0.874639 -0.483500 0.046375 0.435102 0.590256 0.382874 0.018737 -0.125435 -0.224888 -0.320252 -0.276175 -0.124983 0.166568 0.315996 0.036755 -0.192342 -0.090610 0.076382 0.008450 -0.410815 -0.488841 1.047132 6.321526 10.720201 6.529166 1.465740 0.268362 0.260464 0.448175 0.443098 0.086209 -0.098850 -0.022565 0.182085 0.156859 0.005065 0.103923 0.450203 0.546283 0.525052 0.639888 0.665131 0.589645 0.459805 0.299992 0.046517 -0.044384 0.105565 0.299248 0.426447 0.565383 0.593344 0.330828 0.119004 0.122425 0.104448 -0.012425 0.021654 0.186141 0.231200 -0.045842 -0.276986 -0.282246 -0.196126 0.003121 0.121163 0.121314 0.218217 0.325719 0.281634 0.266116 0.167279 -0.052357 -0.056313 -0.013700 -0.069271 -0.021031 0.030350 0.040485 0.303956 0.573079 0.527430 0.261302 0.045080 0.105029 0.276562 0.421960 0.295354 -0.032287 -0.343838 -0.333252 0.024043 0.181404 0.004939 0.002285 0.394883 0.593866 0.380339 0.079795 -0.038551 0.144392 0.397206
-0.348486 -0.408540 -0.391392 -0.395612 -0.511067 -0.609300 -0.594117 -0.444241 -0.248621 -0.278201 -0.578300 -0.599035 -0.289065 -0.147139 -0.362514 -0.517540 -0.178410 0.242948 0.190091 -0.056629 -0.234632 -0.243716 -0.032544 0.075801 -0.046791 0.011142 0.264165 0.291170 -0.024895 -0.495071 -0.789043 -0.879113 -0.769382 -0.245753 0.166565 -0.030059 -0.248599 -0.177438 -0.404121 -0.844184 -0.988265 -0.768423 -0.486187 -0.184831 0.096410 0.234036 0.205509 0.192459 0.437602 0.619511 0.495312 0.403526 0.356303 0.087424 -0.111172 -0.051356 -0.002330 -0.046749 -0.319476 -0.597406 -0.279056 0.262073 0.357220 0.165637 0.214107 0.322238 0.108065 -0.129215 -0.009192 0.100358 -0.144229 -0.289941 -0.144920 -0.082147 -0.005480 0.136617 0.314992 0.476554 0.466763 0.203209 -0.075107 -0.217988 -0.332894 -0.387617 -0.216547 -0.078987 -0.223822 -0.433488 -0.653943 -0.490493 -0.138084 0.254716 0.599147 0.543503 0.223166 -0.047119 -0.368999 -0.568357 -0.410175 -0.067451 0.310336 0.396733 0.085854 -0.045841 -0.035701 -0.063687 -0.110594 -0.388000 -0.528275 0.461683 3.785994 6.475262 3.823785 0.581948 -0.274650 -0.196854 0.123289 0.315357 0.165292 0.060017 0.290227 0.523747 0.367594 0.217375 0.243635 0.285187 0.263924 0.280284 0.370419 0.562226 0.843822 0.760822 0.264207 -0.319075 -0.497483 -0.197872 0.194266 0.343087 0.377399 0.261482 -0.184068 -0.535012 -0.382076 0.053212 0.192117 0.121367 0.067947 0.047101 -0.115140 -0.277310 -0.251694 -0.152301 0.008251 0.167375 0.186788 0.117301 0.118104 0.149904 0.222423 0.192842 -0.062520 -0.268831 -0.300290 -0.191916 0.074087 0.335700 0.276057 0.174913 0.221576 0.322990 0.276663 0.142513 0.205276 0.304444 0.350020 0.199167 -0.007619 -0.108690 -0.121248 -0.212198 -0.253548 -0.060319 0.264791 0.619901 0.724493 0.450213 0.014814 -0.095837 0.210867 0.416716
-0.112388 -0.402781 -0.525707 -0.422926 -0.334627 -0.394365 -0.446166 -0.351173 -0.243538 -0.463729 -0.935922 -1.010178 -0.769004 -0.616168 -0.656655 -0.641997 -0.333954 -0.069794 -0.156724 -0.181084 -0.097303 0.014531 0.135778 0.147540 0.008815 -0.008588 0.050792 -0.062665 -0.183822 -0.343141 -0.509686 -0.637629 -0.600441 -0.159834 0.100835 -0.094482 -0.210495 -0.050376 -0.059548 -0.496128 -0.777862 -0.477274 -0.070419 0.182303 0.310399 0.379733 0.323833 0.206005 0.322643 0.390065 0.147090 -0.065975 -0.012193 0.028879 0.085551 0.163722 0.017194 -0.192660 -0.342200 -0.459998 -0.253830 0.185814 0.343703 0.097806 -0.025547 0.042511 -0.143817 -0.308490 -0.015790 0.207491 -0.021524 -0.232495 -0.205420 -0.097041 0.171027 0.286870 0.209281 0.194427 0.198031 -0.044954 -0.383997 -0.563637 -0.614218 -0.606981 -0.322803 0.015576 0.038789 -0.027234 -0.279202 -0.438063 -0.275944 0.133727 0.509740 0.574082 0.371005 0.113715 -0.257755 -0.517492 -0.334915 0.147230 0.506340 0.353172 -0.054266 -0.064473 -0.046186 -0.121252 -0.040046 -0.165048 -0.432855 -0.248068 0.528654 1.085174 0.439996 -0.362803 -0.721340 -0.607067 -0.081160 0.220081 0.150127 0.120078 0.370933 0.499171 0.259929 0.183000 0.154309 0.055056 0.042542 -0.066616 -0.104289 0.581323 1.562403 1.392808 0.449108 -0.481181 -0.834822 -0.501827 -0.021888 0.232647 0.275646 0.059698 -0.358389 -0.606401 -0.308841 0.208173 0.281260 0.113099 -0.014694 -0.067797 -0.039740 -0.019034 -0.024004 -0.005189 0.072082 0.091916 -0.052973 -0.177360 -0.140847 0.041512 0.332871 0.382073 0.007701 -0.404932 -0.544991 -0.352676 0.116427 0.517886 0.469896 0.155732 -0.102403 -0.018893 0.109837 0.114669 0.271021 0.279861 0.071607 -0.062336 0.055344 0.157347 0.088774 -0.212246 -0.378272 -0.134524 0.212509 0.502359 0.560312 0.371019 -0.012426 -0.144481 0.113086 0.217272
-0.180194 -0.479206 -0.561224 -0.360080 -0.280975 -0.374296 -0.340382 -0.161566 -0.162567 -0.533121 -1.010454 -1.045758 -0.754873 -0.486769 -0.510508 -0.609045 -0.446639 -0.221531 -0.153199 -0.000488 0.091464 0.017880 -0.067654 -0.128438 -0.232062 -0.105203 0.034835 -0.092056 0.027700 0.142751 -0.044782 -0.359343 -0.579517 -0.397825 -0.097879 -0.037499 -0.085732 -0.050805 0.010682 -0.197067 -0.363462 0.014329 0.485696 0.601210 0.425388 0.434588 0.581173 0.501798 0.456808 0.462557 0.135136 -0.325635 -0.420344 -0.335063 -0.239803 -0.133846 -0.144303 -0.201772 -0.119847 -0.003841 0.077275 0.186055 0.184615 -0.126405 -0.357724 -0.342562 -0.442269 -0.453610 -0.124611 0.073000 0.022313 -0.019129 -0.033238 0.085805 0.491888 0.605901 0.329282 0.029095 -0.144405 -0.236592 -0.353035 -0.470602 -0.478753 -0.440107 -0.218231 0.037098 0.101238 0.151464 -0.087969 -0.340493 -0.087446 0.469828 0.727124 0.673868 0.518732 0.345984 -0.000426 -0.349479 -0.405348 -0.038409 0.408679 0.322609 -0.160327 -0.337171 -0.370002 -0.284123 0.092731 0.163960 -0.128217 -0.275333 -0.364459 -0.499301 -0.670589 -0.760787 -0.917045 -0.804739 -0.260876 -0.025889 -0.067641 -0.004661 0.164880 0.228616 0.103376 0.098583 -0.041550 -0.194570 -0.109958 -0.250490 -0.235396 0.923890 2.265225 1.745706 0.498624 -0.408707 -0.809906 -0.543683 -0.099289 0.179934 0.224993 0.051111 -0.119622 -0.133412 0.213341 0.509863 0.332797 0.048655 -0.112687 -0.121000 0.046556 0.108884 0.050266 0.053514 0.187653 0.146623 -0.221998 -0.377626 -0.304386 -0.101467 0.319761 0.496294 0.193430 -0.166708 -0.363815 -0.293484 0.098435 0.390675 0.304997 -0.016966 -0.355170 -0.371553 -0.195858 0.015150 0.227725 0.178405 -0.110798 -0.164082 0.177815 0.345807 0.246238 -0.065775 -0.345864 -0.273098 -0.071907 0.135280 0.320177 0.404112 0.049025 -0.321999 -0.234431 -0.087066
-0.212384 -0.430980 -0.482026 -0.315378 -0.391383 -0.624000 -0.401265 0.127809 0.154161 -0.293093 -0.749115 -0.787360 -0.572846 -0.317825 -0.295914 -0.390757 -0.261050 0.051617 0.259757 0.286513 0.107587 -0.148171 -0.279651 -0.369386 -0.446804 -0.143610 0.147520 0.048550 0.183547 0.287152 0.095400 -0.253267 -0.618272 -0.588566 -0.165873 0.177152 0.142707 -0.104066 -0.251617 -0.276372 -0.261811 0.061131 0.493346 0.626471 0.445030 0.489091 0.619479 0.444814 0.393550 0.528381 0.203183 -0.467696 -0.756074 -0.769220 -0.789689 -0.617434 -0.326193 -0.185121 -0.057640 0.108738 0.174279 0.156305 -0.004417 -0.343212 -0.550219 -0.601878 -0.696366 -0.648989 -0.508658 -0.360270 -0.071648 0.141257 0.193547 0.363047 0.739758 0.765270 0.397352 -0.033434 -0.244238 -0.068069 0.146282 0.050352 -0.195544 -0.348503 -0.309679 -0.340575 -0.308432 -0.044895 -0.105446 -0.229308 0.178270 0.841233 1.074901 0.940947 0.825838 0.663230 0.235955 -0.217024 -0.408814 -0.058235 0.481573 0.460846 -0.159645 -0.586683 -0.633178 -0.376787 0.137635 0.322037 0.110204 -0.129914 -0.410867 -0.605896 -0.707142 -0.768345 -0.892040 -0.801182 -0.427777 -0.302868 -0.288322 -0.180164 -0.068951 0.041597 0.068907 0.067981 -0.221715 -0.534264 -0.346294 -0.164159 -0.066055 0.595496 1.313582 0.904035 0.168063 -0.247719 -0.503175 -0.398771 -0.089929 0.188140 0.307494 0.292652 0.239456 0.128648 0.279504 0.438988 0.249744 -0.067372 -0.269661 -0.205103 -0.040277 -0.066796 -0.115056 -0.079763 0.072699 0.008122 -0.397819 -0.563276 -0.512806 -0.322054 0.021728 0.266397 0.305554 0.232336 -0.016273 -0.223655 -0.151000 -0.010148 -0.040228 -0.218786 -0.376566 -0.451669 -0.479504 -0.279495 -0.123196 -0.143312 -0.272721 -0.246966 0.241861 0.592790 0.557637 0.247494 -0.114673 -0.169753 -0.117275 -0.116971 0.107006 0.418438 0.141758 -0.369716 -0.495190 -0.405031
-0.078725 -0.319217 -0.402422 -0.304224 -0.450010 -0.786806 -0.514480 0.281448 0.513672 0.194878 -0.331058 -0.575933 -0.510518 -0.391679 -0.330972 -0.163581 0.130931 0.429288 0.541053 0.401441 0.077817 -0.207486 -0.272226 -0.378303 -0.578205 -0.324965 0.112082 0.132425 0.103806 0.048512 -0.015177 -0.189999 -0.528365 -0.558601 -0.241823 0.090606 0.132022 -0.145341 -0.406243 -0.385182 -0.415102 -0.363681 0.056567 0.471911 0.518248 0.620577 0.533759 0.132107 0.079867 0.395993 0.224711 -0.458833 -0.800354 -0.695881 -0.661302 -0.525301 -0.169426 -0.025927 -0.048701 -0.074939 -0.048599 0.048418 -0.135779 -0.488739 -0.587181 -0.632100 -0.798378 -0.753824 -0.637040 -0.450907 -0.035154 0.256038 0.429105 0.641146 0.760741 0.619861 0.324811 0.031852 -0.032221 0.259448 0.579813 0.444968 -0.059421 -0.424561 -0.555676 -0.783101 -0.749796 -0.351831 -0.195828 -0.139587 0.207484 0.730108 0.984642 0.981332 1.080229 1.028685 0.599132 0.121153 -0.058093 0.287730 0.649076 0.463453 -0.200001 -0.552027 -0.424695 -0.146927 0.197500 0.298039 0.132742 -0.050387 -0.345206 -0.528753 -0.453324 -0.436136 -0.587524 -0.551690 -0.307044 -0.260915 -0.318198 -0.346456 -0.224351 0.024602 0.135209 0.136311 -0.063552 -0.373224 -0.261597 -0.009110 0.019822 0.093658 0.308146 0.238888 -0.047956 -0.168485 -0.174116 -0.129082 -0.047110 0.079876 0.250860 0.444774 0.405768 0.071498 0.029264 0.175314 0.169640 0.001481 -0.104871 -0.022674 -0.000604 -0.085202 -0.194790 -0.275040 -0.226304 -0.357721 -0.591362 -0.559988 -0.501355 -0.403051 -0.259116 -0.125713 0.119188 0.307386 0.115973 -0.207373 -0.334985 -0.274503 -0.224483 -0.249336 -0.225778 -0.284991 -0.573375 -0.658740 -0.568341 -0.386647 -0.226527 -0.187389 0.187812 0.578499 0.599448 0.390949 0.211141 0.190026 0.152473 -0.021903 0.116229 0.366003 0.164507 -0.162712 -0.287562 -0.294273
-0.113177 -0.303602 -0.389270 -0.383498 -0.512201 -0.781769 -0.490202 0.358973 0.691315 0.483515 -0.023079 -0.403274 -0.443907 -0.442811 -0.356495 -0.006239 0.349534 0.476824 0.458231 0.366097 0.135240 -0.082334 -0.115697 -0.264869 -0.671056 -0.545065 0.110747 0.294411 0.046540 -0.219520 -0.331469 -0.425385 -0.488515 -0.287887 -0.089278 -0.085980 -0.167666 -0.273723 -0.351032 -0.229041 -0.247683 -0.289680 0.060833 0.486347 0.588543 0.708362 0.521083 0.005723 -0.156739 0.161880 0.193202 -0.207316 -0.433308 -0.222676 -0.115811 -0.012491 0.336713 0.448070 0.253513 -0.054950 -0.158114 -0.000571 -0.213302 -0.564683 -0.497970 -0.408827 -0.513597 -0.533114 -0.451545 -0.291796 0.000414 0.239393 0.471079 0.699965 0.698311 0.520419 0.308965 0.196450 0.285358 0.451701 0.595387 0.414078 -0.143568 -0.574575 -0.762643 -0.998390 -1.001527 -0.625326 -0.239366 0.038443 0.270234 0.491622 0.538686 0.492440 0.729192 1.046065 1.045135 0.738759 0.461820 0.503650 0.538413 0.213077 -0.285385 -0.313852 -0.047600 0.095368 0.299699 0.296957 0.052245 0.000220 -0.148053 -0.359277 -0.311416 -0.199905 -0.344535 -0.390094 -0.141073 0.020603 -0.094696 -0.329131 -0.236370 0.083667 0.174517 0.151902 0.178722 0.112793 0.128373 0.122222 0.119288 0.170794 0.316698 0.264262 -0.047987 -0.129109 -0.011995 0.025972 -0.034332 -0.155051 -0.086568 0.272105 0.382766 0.121501 0.021627 0.058260 0.123156 0.135867 0.155262 0.168424 0.015908 -0.077843 -0.181236 -0.268543 -0.166951 -0.234246 -0.359118 -0.239159 -0.185498 -0.234538 -0.236483 -0.256966 -0.146244 0.097292 0.075231 -0.241544 -0.487393 -0.467398 -0.287049 -0.100679 -0.033770 -0.142097 -0.498890 -0.713068 -0.554596 -0.234643 0.022973 0.001760 0.090143 0.277337 0.288549 0.335730 0.472582 0.461639 0.378135 0.273955 0.367365 0.356765 0.112494 -0.028517 -0.012691 -0.060244
0.045718 -0.059382 -0.292687 -0.561771 -0.761063 -0.831025 -0.375230 0.408921 0.661173 0.406330 0.053391 -0.178461 -0.336234 -0.490654 -0.345100 0.087610 0.490110 0.562218 0.394501 0.207126 0.043193 -0.011904 -0.010055 -0.176576 -0.637260 -0.532312 0.283391 0.549516 0.101495 -0.413519 -0.728702 -0.803200 -0.535503 -0.112664 0.022312 -0.166633 -0.325637 -0.302188 -0.176206 0.079579 0.179713 0.194234 0.292328 0.359902 0.415180 0.702189 0.718774 0.305478 0.028414 0.139917 0.204983 0.113419 0.088234 0.271634 0.305198 0.383684 0.763128 0.898532 0.577395 0.047036 -0.164190 0.047470 -0.112874 -0.488671 -0.405912 -0.085934 0.156275 0.088233 -0.182169 -0.357404 -0.272236 0.027571 0.379790 0.596741 0.647355 0.571865 0.367622 0.363241 0.483774 0.354938 0.194382 0.065898 -0.269110 -0.616018 -0.808955 -0.982258 -1.026430 -0.752821 -0.265927 0.131037 0.357255 0.448940 0.229039 -0.149445 -0.075161 0.594174 1.217626 1.239355 0.840656 0.519693 0.390892 0.149204 -0.130124 -0.083163 0.043150 0.122001 0.386752 0.400709 0.203763 0.230675 0.061269 -0.202398 -0.262722 -0.141149 -0.201510 -0.311448 -0.193871 0.090458 0.070612 -0.368152 -0.488624 -0.070949 0.185754 0.119158 0.121914 0.185336 0.161247 0.007314 0.145579 0.327893 0.330247 0.204411 0.044008 0.093493 0.085874 -0.000080 -0.042424 -0.234275 -0.276091 0.056054 0.194610 0.124458 0.113153 0.022374 -0.035325 -0.019695 0.027474 0.003535 -0.221701 -0.308829 -0.229361 -0.021372 0.339604 0.437175 0.234134 0.099571 0.048704 -0.029487 -0.047751 -0.131846 -0.248262 -0.127252 0.034119 -0.163131 -0.560269 -0.669977 -0.407220 -0.050524 0.024683 -0.173970 -0.486675 -0.555026 -0.267675 -0.006329 0.143835 0.107564 0.107600 0.198592 0.234359 0.368865 0.493784 0.342388 0.227534 0.260622 0.347313 0.225047 0.071015 0.040653 0.111199 0.036471
0.237529 0.222534 -0.096506 -0.555989 -0.878196 -0.804958 -0.308640 0.133693 0.174949 -0.091191 -0.220952 -0.114487 -0.265033 -0.562999 -0.371589 0.158030 0.663619 0.802200 0.467931 0.080410 -0.006813 0.143504 0.146492 -0.090071 -0.534412 -0.415210 0.430858 0.738167 0.284470 -0.317940 -0.752740 -0.794833 -0.466740 -0.237535 -0.286999 -0.342114 -0.301551 -0.204552 0.057431 0.370974 0.424186 0.389422 0.406939 0.348209 0.386691 0.777269 0.980358 0.702947 0.362016 0.178568 0.076461 0.125313 0.359062 0.599365 0.607004 0.657656 0.881130 0.849358 0.452597 -0.100699 -0.340115 -0.019221 0.096919 -0.221713 -0.299842 0.035119 0.430342 0.382730 -0.092967 -0.506550 -0.571734 -0.152524 0.426313 0.621915 0.622771 0.620395 0.421143 0.458642 0.546440 0.185717 -0.241669 -0.337194 -0.387446 -0.574247 -0.668280 -0.679449 -0.703927 -0.618965 -0.335809 -0.055261 0.182389 0.330317 0.056453 -0.478838 -0.535782 0.228469 1.123317 1.366029 1.011168 0.515835 0.266313 0.181843 0.056225 -0.039009 -0.011858 0.136796 0.502572 0.682116 0.575357 0.479896 0.100955 -0.195509 -0.234785 -0.132472 -0.120304 -0.207841 -0.207826 0.096233 0.130889 -0.451883 -0.812076 -0.404217 0.024741 0.026144 0.048876 0.148375 0.096982 0.022286 0.147179 0.088382 -0.061464 0.094046 0.314413 0.444189 0.229493 -0.037192 -0.058691 -0.129855 -0.171694 0.017902 0.038698 -0.018234 -0.001308 -0.044022 -0.146681 -0.318028 -0.389178 -0.366536 -0.460580 -0.465013 -0.246976 0.213665 0.702180 0.793556 0.516589 0.264506 0.159624 0.055124 0.016834 -0.011436 -0.157003 -0.242284 -0.115429 -0.182553 -0.604444 -0.804837 -0.583906 -0.205683 0.024204 -0.118447 -0.429607 -0.342972 0.093890 0.290424 0.259482 0.146414 0.135464 0.357016 0.567945 0.586224 0.391310 0.080277 -0.034768 0.025796 0.020945 -0.129322 -0.065493 0.082582 0.074095 -0.153919
0.221890 0.251647 -0.019668 -0.388757 -0.732088 -0.741163 -0.476990 -0.459427 -0.543025 -0.545040 -0.354411 -0.051080 -0.167172 -0.499210 -0.351332 0.103588 0.629092 0.888985 0.557037 0.100252 0.149008 0.424820 0.397075 0.108862 -0.296116 -0.233316 0.373576 0.569916 0.314595 -0.076783 -0.427659 -0.427227 -0.186814 -0.220518 -0.417800 -0.297172 -0.083254 0.011339 0.255569 0.511329 0.378363 0.242177 0.460036 0.611092 0.680172 0.835554 0.748476 0.484499 0.261263 -0.035421 -0.199842 -0.050062 0.290879 0.577556 0.680076 0.803323 0.812166 0.479923 0.048137 -0.352389 -0.575593 -0.262119 0.139013 0.060680 -0.063687 0.076331 0.280300 0.283062 -0.124455 -0.529642 -0.541983 -0.097594 0.487304 0.668624 0.580264 0.503157 0.216792 0.162650 0.313710 0.132742 -0.250824 -0.447513 -0.497185 -0.601425 -0.586905 -0.502403 -0.538877 -0.583757 -0.460118 -0.202065 0.074827 0.198045 -0.067027 -0.502011 -0.539521 0.095796 0.900079 1.278636 1.099800 0.468035 -0.028404 -0.043800 0.036534 0.010663 0.094315 0.162927 0.387566 0.635504 0.519708 0.240967 -0.232566 -0.337724 -0.038292 0.177384 0.157544 0.053236 -0.029105 0.135630 0.091361 -0.419423 -0.744101 -0.384681 0.018774 0.054955 0.121689 0.099798 -0.069644 0.014972 0.113407 -0.238085 -0.401847 0.128407 0.633077 0.781056 0.485471 0.062825 -0.083911 -0.051747 0.014638 0.052754 -0.071145 -0.223519 -0.310191 -0.248967 -0.226104 -0.417650 -0.551574 -0.475101 -0.457988 -0.461324 -0.282581 0.153271 0.535255 0.519599 0.305075 0.226738 0.220492 0.180844 0.180501 0.087471 -0.187198 -0.391390 -0.311504 -0.378851 -0.650971 -0.707157 -0.588574 -0.328844 0.066370 0.080492 -0.191921 -0.068995 0.456734 0.678062 0.518507 0.280775 0.208265 0.516149 0.790011 0.682017 0.356085 0.091312 -0.030309 -0.071423 -0.181775 -0.363408 -0.236633 -0.004802 -0.139410 -0.553725
0.754475 0.417195 -0.028283 -0.274714 -0.568467 -0.699920 -0.612709 -0.715948 -0.721750 -0.409061 -0.042029 0.110571 -0.096444 -0.270453 -0.020773 0.246979 0.512809 0.682028 0.435494 0.136446 0.328616 0.547452 0.507348 0.338742 0.195952 0.197411 0.246457 0.157497 0.028313 -0.083450 -0.171761 -0.127682 0.013807 -0.176406 -0.437974 -0.246740 0.075461 0.225068 0.351175 0.430378 0.171164 0.048887 0.402064 0.628289 0.655878 0.543367 0.192872 0.039330 0.082314 -0.137780 -0.259818 -0.108198 0.059927 0.130882 0.220489 0.506618 0.599405 0.289080 -0.099388 -0.334299 -0.412535 -0.177170 0.196719 0.200454 0.126548 0.191126 0.215796 0.159009 -0.158342 -0.470535 -0.467237 -0.269905 0.144093 0.542914 0.629196 0.525326 0.130315 -0.097045 0.073740 0.200662 0.095872 -0.077259 -0.205269 -0.399386 -0.526273 -0.595472 -0.724349 -0.804000 -0.627912 -0.087062 0.304023 0.254772 -0.058491 -0.370126 -0.342428 0.163079 0.805610 1.244775 1.196206 0.458388 -0.278928 -0.338275 0.010812 0.258519 0.379519 0.259166 0.119334 0.065122 -0.088507 -0.285848 -0.616726 -0.416490 0.302946 0.617527 0.479544 0.345920 0.211499 0.256769 0.234677 -0.043049 -0.169863 0.138049 0.309202 0.241287 0.210943 -0.023448 -0.264804 -0.066669 0.192432 -0.099769 -0.258503 0.166504 0.569527 0.744695 0.552627 0.128951 -0.069718 0.025101 0.224556 0.209795 -0.064878 -0.360446 -0.591071 -0.541319 -0.432396 -0.393149 -0.358380 -0.279355 -0.398245 -0.547439 -0.404494 0.037071 0.367155 0.224223 -0.110804 -0.166117 0.043876 0.307889 0.435551 0.203414 -0.258852 -0.453786 -0.290807 -0.356147 -0.491081 -0.332801 -0.212186 -0.119960 0.157685 0.142493 -0.109639 -0.002792 0.566294 0.915241 0.751405 0.473015 0.429618 0.630496 0.636592 0.362376 0.133864 0.135495 0.131585 0.059247 -0.052092 -0.154630 -0.088707 0.002824 -0.153044 -0.540814
1.228887 0.548036 -0.039370 -0.263430 -0.521664 -0.661429 -0.667485 -0.757643 -0.672297 -0.270205 0.088213 0.185372 -0.002121 -0.040948 0.327323 0.445986 0.340769 0.328774 0.268777 0.276854 0.541836 0.605099 0.513076 0.444899 0.526239 0.459170 0.182328 0.083828 -0.018008 -0.046337 0.026366 0.050809 0.041965 -0.313148 -0.591719 -0.269130 0.231956 0.442708 0.321696 0.139506 -0.114499 -0.141689 0.164081 0.309392 0.326217 0.189165 -0.128809 -0.110843 0.202781 0.107181 -0.132587 -0.169188 -0.162638 -0.291499 -0.291215 0.025473 0.285237 0.250254 -0.085794 -0.300623 -0.204257 0.034969 0.286868 0.234441 0.132209 0.085315 0.017897 -0.052806 -0.136147 -0.190527 -0.324841 -0.531349 -0.280693 0.387087 0.663415 0.561944 0.249036 0.066071 0.190498 0.290226 0.254056 0.208996 0.084984 -0.264761 -0.471052 -0.538046 -0.765941 -0.941805 -0.809052 -0.163240 0.338478 0.260567 -0.069710 -0.345846 -0.191985 0.418840 0.977134 1.238427 1.083232 0.397632 -0.256422 -0.355946 -0.088428 0.161457 0.330022 0.351708 0.251673 -0.068635 -0.462906 -0.640427 -0.723861 -0.342465 0.463617 0.825315 0.662404 0.509491 0.412222 0.536261 0.548557 0.269740 0.172771 0.437472 0.442626 0.296245 0.231262 0.016973 -0.125819 0.053001 0.360350 0.288259 0.170381 0.179602 0.170606 0.291460 0.266035 0.015743 -0.048191 0.033797 0.147720 0.143462 -0.056468 -0.325011 -0.610651 -0.580965 -0.389907 -0.176422 -0.117720 -0.251206 -0.576253 -0.750848 -0.499174 0.072152 0.467651 0.221285 -0.331054 -0.497322 -0.180306 0.235254 0.403487 0.185428 -0.194924 -0.313783 -0.159841 -0.202511 -0.293022 -0.064972 0.192305 0.248042 0.276528 0.096291 -0.218026 -0.148912 0.480728 1.039258 1.077597 0.900010 0.782367 0.587595 0.271229 0.013609 -0.012130 0.191607 0.257284 0.276043 0.255140 0.195792 0.163269 0.093575 0.085930 -0.039487
0.633708 0.196409 -0.192583 -0.317390 -0.411449 -0.500608 -0.658368 -0.815049 -0.788662 -0.549400 -0.208400 0.105267 0.069300 -0.025993 0.234237 0.303115 0.106747 0.087688 0.208599 0.396142 0.713875 0.700313 0.449956 0.264848 0.324500 0.342331 0.225910 0.333402 0.314601 0.244033 0.245435 0.232175 0.066712 -0.444030 -0.680152 -0.140542 0.572173 0.751982 0.352995 -0.032678 -0.247802 -0.265968 -0.087817 -0.028999 0.101568 0.098145 -0.214203 -0.244431 0.134541 0.200538 0.028867 0.001492 -0.037179 -0.276963 -0.330931 -0.108362 0.128228 0.263251 0.033000 -0.249766 -0.287493 -0.195655 -0.095525 -0.229376 -0.365929 -0.371738 -0.279292 -0.184910 -0.075607 -0.028537 -0.281349 -0.652404 -0.452827 0.290173 0.564061 0.463630 0.405264 0.464196 0.559438 0.386101 0.118740 0.016784 -0.079733 -0.333913 -0.306355 -0.192044 -0.467381 -0.787379 -0.873603 -0.516131 -0.065104 0.012254 -0.181628 -0.339847 -0.026480 0.681937 1.054992 0.982312 0.621048 0.166789 -0.010570 0.024332 0.039823 -0.020557 -0.021459 0.155791 0.417626 0.327351 -0.131581 -0.473555 -0.494835 -0.174746 0.379586 0.776431 0.710967 0.485540 0.414727 0.632167 0.541552 0.062517 -0.087245 0.292383 0.394417 0.245937 0.206914 0.057904 -0.034610 0.178650 0.508319 0.580216 0.435797 0.084241 -0.217113 -0.087017 0.070738 -0.080490 -0.168064 -0.126633 -0.028354 0.020783 -0.066797 -0.166202 -0.275324 -0.218657 0.025681 0.234267 0.052114 -0.461610 -0.873971 -0.782028 -0.295266 0.232154 0.560674 0.392311 -0.126719 -0.383646 -0.235959 0.032929 0.171638 -0.069737 -0.385193 -0.333003 -0.145243 -0.201633 -0.342229 -0.239565 0.124605 0.345841 0.327050 0.106037 -0.148151 0.023030 0.626689 1.084830 1.274865 1.238082 0.940765 0.477702 0.152927 0.080971 0.172981 0.254789 0.124294 0.146665 0.196079 0.140951 0.129297 0.197437 0.393521 0.491603
0.094535 -0.077678 -0.204231 -0.118659 -0.061592 -0.196050 -0.489347 -0.728207 -0.798840 -0.745686 -0.490760 -0.118266 -0.085903 -0.255584 -0.177030 -0.033757 -0.032041 -0.000967 0.138084 0.367784 0.746835 0.776007 0.467411 0.144388 0.139880 0.371590 0.439991 0.516268 0.546997 0.463213 0.335170 0.304253 0.031688 -0.538598 -0.653572 0.058441 0.838191 0.948939 0.477223 0.136709 0.074708 0.049921 0.031924 -0.071377 0.082176 0.164115 -0.136853 -0.276722 -0.064559 0.036544 0.118353 0.306319 0.328219 0.137637 0.044496 0.000665 -0.006226 0.236468 0.325504 0.069662 -0.284241 -0.466036 -0.554487 -0.798826 -0.894078 -0.741038 -0.518893 -0.270934 -0.025718 -0.041997 -0.345128 -0.705478 -0.578222 0.018813 0.203144 0.215250 0.463645 0.661381 0.656534 0.299134 -0.085089 -0.275477 -0.395681 -0.379024 0.037858 0.347033 0.128198 -0.308345 -0.769453 -0.918199 -0.624867 -0.275657 -0.135310 -0.090692 0.231923 0.788618 0.889373 0.586527 0.196821 -0.029726 0.180342 0.472368 0.504239 0.176658 -0.126340 -0.082981 0.227248 0.491313 0.428673 0.074487 -0.142968 -0.104116 0.167396 0.546402 0.519136 0.189068 0.123223 0.353577 0.153441 -0.326039 -0.335897 0.232635 0.476412 0.299584 0.251153 0.140231 0.038132 0.323398 0.742204 0.898555 0.652830 0.076246 -0.333271 -0.182876 0.024211 -0.149774 -0.366500 -0.349532 -0.058001 0.156375 0.005721 -0.058508 0.093328 0.208982 0.468266 0.687557 0.336414 -0.431242 -0.842729 -0.498994 0.078772 0.336321 0.447165 0.467848 0.238860 -0.045884 -0.127834 0.014657 0.107680 -0.267616 -0.759637 -0.684075 -0.400258 -0.368033 -0.418957 -0.424822 -0.122754 0.257555 0.398071 0.273557 0.171126 0.458168 0.860288 1.026163 1.191603 1.141369 0.767411 0.476736 0.354243 0.270416 0.307065 0.248302 -0.023361 -0.081952 -0.032261 -0.101635 -0.115268 0.129119 0.425075 0.505201
-0.287743 -0.240583 -0.007033 0.269077 0.260040 -0.015572 -0.314327 -0.531332 -0.653808 -0.664685 -0.535537 -0.321763 -0.176631 -0.192740 -0.187510 0.008273 0.123065 0.117010 0.130658 0.298442 0.657564 0.783285 0.607705 0.238924 0.080990 0.322888 0.469631 0.403042 0.356983 0.278790 0.166468 0.191449 -0.047210 -0.518331 -0.478220 0.289600 0.940915 0.944776 0.481823 0.149618 0.146775 0.215682 0.164924 -0.031622 0.075306 0.211376 0.034070 -0.128292 -0.112011 -0.160987 -0.081303 0.112354 0.249939 0.298765 0.176758 -0.112388 -0.248695 0.088229 0.418513 0.303930 -0.079403 -0.293517 -0.446325 -0.830417 -0.953994 -0.820319 -0.730842 -0.515496 -0.178763 -0.124751 -0.321432 -0.610427 -0.642713 -0.341770 -0.260857 -0.082587 0.384046 0.504021 0.268180 -0.122001 -0.361624 -0.423622 -0.474240 -0.355606 0.164350 0.623652 0.601939 0.174885 -0.540330 -0.935532 -0.680236 -0.246981 0.002927 0.163303 0.385474 0.679333 0.654626 0.398377 0.185966 0.032553 0.196159 0.551441 0.785767 0.596257 0.210405 -0.097690 -0.110832 0.158013 0.403908 0.217855 -0.101787 -0.263050 -0.070060 0.366029 0.339726 -0.074140 -0.103841 0.140802 -0.116899 -0.499510 -0.333220 0.316500 0.641397 0.449373 0.274140 0.239083 0.292506 0.555288 0.858725 0.964578 0.701829 0.105778 -0.332153 -0.169762 0.164985 0.091073 -0.247060 -0.375997 -0.035521 0.308256 0.169049 0.090148 0.312222 0.498140 0.802965 0.989228 0.562664 -0.221226 -0.597935 -0.211762 0.287435 0.349790 0.294640 0.319876 0.302310 0.088366 -0.106222 0.011395 0.061405 -0.280449 -0.783902 -0.907955 -0.770429 -0.578644 -0.346099 -0.270024 0.000506 0.432340 0.582267 0.492653 0.482287 0.714591 0.886022 0.957495 1.024639 0.768736 0.432522 0.456763 0.479477 0.344459 0.317548 0.235095 0.011467 -0.092914 -0.064740 -0.190718 -0.352201 -0.178944 0.064622 0.045716
-0.615872 -0.369181 0.166411 0.491354 0.352806 0.077483 -0.058035 -0.174256 -0.344447 -0.422046 -0.304801 -0.154946 0.037972 0.147888 0.081515 0.198758 0.419843 0.452304 0.268199 0.236094 0.516480 0.730804 0.705317 0.377461 0.033884 0.081227 0.232131 0.125372 -0.004828 -0.088424 -0.073907 0.038052 -0.062981 -0.312977 -0.185180 0.379556 0.737247 0.632448 0.186968 -0.227366 -0.306814 -0.180365 -0.092145 -0.156120 -0.029295 0.225257 0.237906 0.146444 0.138700 -0.096330 -0.232185 -0.145267 0.031912 0.119175 -0.136373 -0.440147 -0.341281 0.044323 0.294231 0.352853 0.256786 0.081257 -0.241558 -0.725347 -0.714803 -0.463850 -0.497852 -0.517741 -0.405312 -0.368739 -0.309506 -0.309121 -0.447211 -0.515856 -0.483393 -0.078285 0.437047 0.346620 -0.134827 -0.514575 -0.548692 -0.320510 -0.068636 0.055695 0.251459 0.536053 0.681263 0.445875 -0.226430 -0.540670 -0.198473 0.070445 0.071700 0.165444 0.199324 0.237496 0.212144 0.057045 0.013564 0.039168 0.196067 0.382016 0.514568 0.508799 0.262990 -0.236499 -0.444634 -0.258616 0.003599 -0.041690 -0.211842 -0.255204 0.044704 0.512035 0.388336 -0.102340 -0.105669 0.158015 -0.101811 -0.489003 -0.378343 0.115370 0.431532 0.309895 0.125497 0.202751 0.479234 0.717329 0.777452 0.698173 0.421821 -0.120083 -0.435413 -0.175669 0.240428 0.218028 -0.134827 -0.326007 -0.119686 0.205013 0.246317 0.266062 0.467621 0.611807 0.771083 0.751518 0.352172 -0.196823 -0.486402 -0.239609 0.066394 0.113087 0.171950 0.209883 0.101939 -0.184281 -0.385427 -0.241423 -0.179814 -0.257238 -0.407308 -0.550187 -0.658020 -0.556249 -0.230717 -0.058492 0.221082 0.704630 0.836457 0.759802 0.746261 0.734497 0.662153 0.684108 0.611125 0.325518 0.215306 0.344310 0.298003 0.169196 0.091072 0.026672 0.016782 -0.062309 -0.154477 -0.240845 -0.317219 -0.209373 -0.178444 -0.356101
-0.541959 -0.148430 0.337057 0.472225 0.321641 0.235938 0.262615 0.169570 -0.131904 -0.409215 -0.223692 0.123539 0.189805 0.057240 -0.112082 -0.010977 0.368848 0.533379 0.308154 0.161270 0.411078 0.687318 0.727836 0.518311 0.127751 -0.040288 -0.013698 -0.108642 -0.255133 -0.281921 -0.124207 0.012665 -0.000163 -0.054707 -0.000042 0.111759 0.173680 0.143341 -0.088142 -0.427141 -0.475367 -0.332527 -0.205935 -0.114883 0.096877 0.332560 0.337146 0.335127 0.368664 0.124105 0.032185 0.133612 0.145748 0.005395 -0.349765 -0.549740 -0.165885 0.261859 0.266807 0.275754 0.406246 0.284076 -0.172108 -0.636639 -0.442932 0.044636 0.115920 -0.143019 -0.484227 -0.662044 -0.419508 -0.079133 -0.199233 -0.528008 -0.473420 0.127367 0.542346 0.320796 -0.196104 -0.595824 -0.574394 -0.206634 0.202878 0.371791 0.326251 0.301835 0.404931 0.279020 -0.263713 -0.392891 0.034252 0.202336 0.124113 0.119024 -0.054848 -0.181700 -0.234171 -0.378525 -0.332040 -0.049647 0.281148 0.296845 0.066978 -0.018420 -0.099492 -0.374789 -0.403348 -0.163756 0.057259 0.078855 0.056292 0.111366 0.278860 0.504074 0.338526 0.024927 0.059226 0.248495 0.025530 -0.289722 -0.262498 -0.050034 0.082157 -0.068848 -0.141052 0.145942 0.586554 0.693540 0.463636 0.271171 0.051026 -0.383830 -0.482583 -0.138010 0.170177 0.048180 -0.194408 -0.228618 -0.126435 0.089407 0.237455 0.316171 0.444499 0.476809 0.464172 0.316780 0.038428 -0.241900 -0.532880 -0.606038 -0.503561 -0.273842 0.147088 0.348005 0.107894 -0.311247 -0.520493 -0.452635 -0.366310 -0.110661 0.105766 0.039239 -0.152507 -0.226348 -0.086336 -0.036775 0.150948 0.715481 0.983446 0.999712 0.978693 0.732251 0.408769 0.267678 0.121961 0.131159 0.258343 0.181517 -0.068289 -0.159040 -0.127029 -0.021374 0.273552 0.333256 -0.014941 -0.151407 -0.095369 -0.035273 -0.147573 -0.384267
-0.197986 0.402926 0.751743 0.592771 0.343383 0.327295 0.465765 0.418621 -0.034056 -0.514479 -0.346286 0.090759 0.037889 -0.316825 -0.512509 -0.437099 -0.168275 0.067928 0.115536 0.052840 0.220368 0.506767 0.595898 0.461364 0.151941 -0.020678 -0.039670 -0.197210 -0.429488 -0.396522 -0.211352 -0.062401 -0.008785 0.031497 0.052447 -0.042290 -0.114318 -0.180668 -0.264456 -0.388304 -0.401739 -0.269763 -0.058844 0.094500 0.251808 0.364724 0.382237 0.507645 0.460779 0.215032 0.267661 0.373865 0.118748 -0.256090 -0.539774 -0.480833 0.096976 0.538828 0.342121 0.110577 0.215991 0.218157 -0.107399 -0.403259 -0.180147 0.318037 0.558068 0.243452 -0.401815 -0.791803 -0.669196 -0.304874 -0.279475 -0.555260 -0.432567 0.196016 0.452986 0.267145 -0.032449 -0.395888 -0.480116 -0.230220 0.112844 0.369903 0.251229 -0.058137 -0.206848 -0.347884 -0.599751 -0.425144 0.041300 0.217218 0.204553 0.097670 -0.149951 -0.225808 -0.183025 -0.218544 -0.179424 0.074175 0.370479 0.316810 -0.034474 -0.256896 -0.278804 -0.167239 0.078970 0.284854 0.437332 0.498664 0.422872 0.249675 0.024404 -0.005942 -0.014471 0.037860 0.184484 0.310458 0.142516 -0.063698 -0.026319 0.048476 -0.031776 -0.354225 -0.451744 -0.014835 0.517752 0.447765 0.028644 -0.100441 -0.072464 -0.228546 -0.102151 0.232721 0.345259 0.106350 -0.066714 -0.048756 -0.075743 -0.014578 0.112293 0.208220 0.332400 0.442693 0.463185 0.281782 0.069421 -0.062816 -0.350680 -0.676975 -0.752798 -0.428670 0.175521 0.464187 0.172051 -0.268462 -0.457895 -0.471127 -0.294909 0.135006 0.377302 0.281526 0.164869 0.083551 0.009958 -0.162723 -0.064251 0.577741 1.018305 1.127241 1.097353 0.747017 0.281040 0.060366 -0.024922 0.141446 0.253661 0.058885 -0.167511 -0.155224 -0.076176 0.018804 0.409513 0.756429 0.415538 0.099668 0.030438 -0.029813 -0.188840 -0.422403
0.105277 0.680862 0.973888 0.792750 0.562536 0.540615 0.587082 0.403707 -0.105361 -0.536110 -0.399457 -0.088030 -0.235870 -0.613670 -0.721855 -0.597978 -0.522826 -0.370982 -0.032237 0.168094 0.351311 0.550702 0.562721 0.393859 0.195317 0.127294 0.100442 -0.196675 -0.520992 -0.412181 -0.211280 0.038780 0.216061 0.220941 0.184837 0.085358 -0.027984 -0.281488 -0.414221 -0.311005 -0.379344 -0.403112 -0.140875 0.046081 0.153398 0.350316 0.549858 0.651494 0.471986 0.226328 0.263562 0.303382 -0.039233 -0.458614 -0.650896 -0.440922 0.138999 0.592764 0.424487 0.098673 0.071989 0.085517 -0.007520 -0.016806 0.157537 0.358806 0.525407 0.388449 -0.116189 -0.578186 -0.819204 -0.757749 -0.532180 -0.528326 -0.420647 -0.020342 0.077081 0.059476 0.101409 -0.063597 -0.212190 -0.209298 -0.087610 0.151270 0.086314 -0.307816 -0.663438 -0.871950 -0.799826 -0.311405 0.184389 0.404072 0.359296 0.112401 -0.072623 0.018840 0.232534 0.262763 0.078899 0.025120 0.088341 0.112807 0.100538 0.056864 0.055971 0.202559 0.324767 0.355705 0.519069 0.654110 0.390711 -0.068670 -0.459034 -0.478671 -0.342852 -0.116382 0.135344 0.357298 0.357756 0.183133 0.148142 0.175186 0.020674 -0.372463 -0.664608 -0.448033 0.039531 0.041786 -0.194124 -0.074662 0.178116 0.205299 0.311426 0.416280 0.405810 0.211263 0.136625 0.180737 0.130003 0.116601 0.086571 0.078151 0.233935 0.498976 0.607333 0.395343 0.160471 0.051025 -0.168072 -0.486234 -0.587279 -0.305266 0.204616 0.462641 0.220400 -0.202432 -0.379731 -0.367322 -0.104030 0.278088 0.369074 0.230878 0.121723 0.049601 -0.016273 -0.148338 -0.036507 0.529209 0.995895 1.163803 1.151700 0.821224 0.380826 0.186263 0.136168 0.233288 0.273280 0.132934 -0.013219 -0.053331 -0.137113 -0.265186 -0.167559 0.221093 0.276562 0.081002 0.034809 0.040135 -0.059599 -0.204891
0.492809 0.665579 0.744872 0.689820 0.690152 0.765290 0.628215 0.147399 -0.352954 -0.650620 -0.527459 -0.237287 -0.394244 -0.794276 -0.881051 -0.549223 -0.288736 -0.194097 0.073848 0.367626 0.636638 0.762647 0.633501 0.377742 0.216477 0.156632 0.088864 -0.160396 -0.388722 -0.241075 0.063030 0.403822 0.614748 0.506270 0.219398 -0.009930 -0.036965 -0.175831 -0.245057 -0.086510 -0.281115 -0.569140 -0.469633 -0.270620 -0.084816 0.316296 0.657922 0.658475 0.455285 0.237905 0.194090 0.269878 0.124582 -0.122919 -0.348307 -0.398891 -0.156032 0.220003 0.277076 0.113082 0.024718 0.005614 0.181784 0.421741 0.448361 0.250994 0.158268 0.254342 0.210171 0.000129 -0.412313 -0.759517 -0.640664 -0.486607 -0.399568 -0.202328 -0.147965 -0.042494 0.129522 0.069963 -0.106914 -0.198223 -0.183140 -0.048406 -0.016472 -0.230194 -0.576601 -0.974130 -0.949990 -0.447761 0.031141 0.401710 0.413545 0.076347 -0.034290 0.181266 0.410491 0.268388 -0.085198 -0.207557 -0.269451 -0.214337 0.129947 0.436586 0.528310 0.504869 0.337974 0.190117 0.358995 0.636392 0.406615 -0.110021 -0.494334 -0.444014 -0.277188 -0.138617 0.044755 0.349092 0.521802 0.324887 0.172338 0.185124 0.131069 -0.145900 -0.539329 -0.582538 -0.190859 -0.055152 -0.067225 0.214246 0.496517 0.478266 0.346070 0.200493 0.173719 0.043491 0.117928 0.372214 0.455894 0.410881 0.223271 0.069270 0.095222 0.304146 0.490713 0.325861 0.044300 -0.110078 -0.222961 -0.352567 -0.324181 -0.045388 0.329259 0.469876 0.345492 0.021095 -0.223907 -0.235694 0.085447 0.374062 0.377668 0.308774 0.166395 0.021423 0.084167 0.208504 0.342735 0.652558 1.005590 1.110471 1.068040 0.914885 0.689632 0.534366 0.404803 0.380878 0.384222 0.220554 0.019917 -0.178663 -0.383374 -0.530484 -0.640000 -0.480396 -0.252903 -0.192341 -0.006556 0.176087 0.169938 0.132518
0.935191 0.661311 0.245879 0.079808 0.437732 0.812343 0.626508 0.016977 -0.436478 -0.628120 -0.499126 -0.264432 -0.475464 -0.891938 -1.012090 -0.618729 -0.112728 0.096640 0.303217 0.462945 0.519643 0.510445 0.414652 0.231577 0.063939 -0.092683 -0.157926 -0.200035 -0.295547 -0.148674 0.233869 0.454853 0.466182 0.295783 -0.078225 -0.295563 -0.210302 -0.156940 -0.073474 0.024091 -0.226673 -0.558806 -0.528993 -0.356625 -0.146379 0.274840 0.582408 0.615002 0.534204 0.278535 0.099655 0.264496 0.379854 0.381237 0.181457 -0.195460 -0.383732 -0.238998 0.004363 0.057907 -0.034527 0.014783 0.342773 0.560519 0.493282 0.188307 -0.050138 0.099135 0.322166 0.377697 0.116849 -0.347770 -0.562962 -0.567658 -0.478424 -0.253494 -0.007822 0.206523 0.279733 0.170435 -0.039675 -0.126534 -0.115934 -0.116456 -0.139458 -0.094714 -0.117795 -0.537565 -0.787006 -0.609010 -0.273458 0.202859 0.226686 -0.192628 -0.312289 -0.131940 -0.013839 -0.177268 -0.248782 -0.108965 -0.177951 -0.307222 -0.027530 0.472896 0.715194 0.608439 0.394475 0.229126 0.319278 0.612853 0.567796 0.252463 -0.123539 -0.261558 -0.333659 -0.357658 -0.152890 0.157481 0.275600 0.058917 -0.046817 0.075912 0.170345 0.004149 -0.332682 -0.408828 -0.121135 0.030742 0.076605 0.352006 0.647677 0.601260 0.323458 0.120783 0.095590 -0.013081 0.191023 0.566452 0.714413 0.673924 0.511295 0.309430 0.081618 0.050357 0.256938 0.216715 -0.071581 -0.286565 -0.303554 -0.265686 -0.173693 0.009073 0.233571 0.287248 0.256690 0.140421 -0.077994 -0.232011 -0.065663 0.154537 0.219032 0.299042 0.291248 0.318481 0.609204 0.859356 0.820206 0.817592 1.012256 0.979639 0.876487 0.915837 0.859391 0.710272 0.493614 0.330251 0.196605 -0.020675 -0.207862 -0.508070 -0.780911 -0.847796 -0.851230 -0.696928 -0.478828 -0.304648 0.027675 0.277686 0.235568 0.076296
0.931080 0.565976 -0.084551 -0.319297 0.287394 0.799999 0.571727 0.028079 -0.312497 -0.350650 -0.168944 -0.140013 -0.545292 -0.973678 -1.041953 -0.762547 -0.322078 0.059156 0.490375 0.593578 0.326674 0.134077 0.177960 0.162372 -0.071299 -0.357542 -0.421609 -0.327901 -0.282397 -0.102008 0.200476 0.236523 0.113448 -0.009348 -0.256545 -0.348902 -0.316389 -0.227810 -0.095156 -0.137063 -0.312988 -0.350128 -0.143225 -0.022340 0.109186 0.399354 0.518713 0.546189 0.573105 0.319924 0.014282 0.173398 0.473601 0.610981 0.474574 0.015182 -0.342118 -0.313802 -0.063232 0.077713 0.127387 0.258313 0.361742 0.296873 0.292365 0.182757 0.004035 0.084342 0.242597 0.242458 0.206792 0.073925 -0.250242 -0.572954 -0.616501 -0.404235 -0.068536 0.292187 0.454512 0.388824 0.188603 -0.008968 -0.221313 -0.328606 -0.261294 0.061494 0.316971 -0.029454 -0.416271 -0.455959 -0.242508 0.153395 0.091019 -0.246697 -0.391613 -0.494448 -0.573390 -0.477352 -0.089332 0.219258 0.134542 -0.107716 -0.040904 0.362831 0.621504 0.529538 0.412960 0.356245 0.376677 0.539148 0.650815 0.634732 0.298695 -0.124787 -0.488934 -0.556109 -0.215523 0.044680 -0.014073 -0.224643 -0.268350 -0.081792 0.072479 -0.001124 -0.144632 -0.143635 -0.021494 0.075655 0.198978 0.477394 0.807487 0.828506 0.573058 0.371361 0.324050 0.257011 0.440013 0.673819 0.781086 0.808873 0.756389 0.556190 0.192077 -0.000644 0.120853 0.169896 -0.049306 -0.272488 -0.260001 -0.262545 -0.266939 -0.119401 0.065042 0.020420 -0.094508 -0.102312 -0.127423 -0.319548 -0.395465 -0.208688 -0.056584 0.161215 0.404490 0.695468 1.114680 1.308262 1.152263 1.040992 1.092176 0.918816 0.728967 0.773998 0.763516 0.668197 0.451328 0.192653 -0.063860 -0.258663 -0.383100 -0.747770 -1.155237 -1.276577 -1.057407 -0.602702 -0.308376 -0.134438 0.191445 0.390063 0.336925 0.108742
0.432708 0.317811 -0.072338 -0.216029 0.222987 0.567737 0.353740 -0.053836 -0.281498 -0.110877 0.182507 0.040979 -0.514253 -0.985035 -1.068613 -0.871148 -0.455651 -0.007355 0.466687 0.656647 0.379333 0.123868 0.253381 0.335450 0.084962 -0.165901 -0.166914 -0.038208 0.091635 0.181140 0.181733 0.089146 0.044325 0.060412 -0.117925 -0.245264 -0.323170 -0.177270 -0.018796 -0.203737 -0.382626 -0.200731 0.159049 0.258168 0.300341 0.550274 0.660923 0.574630 0.459654 0.263429 0.044349 0.152747 0.416745 0.433029 0.273462 -0.010733 -0.214363 -0.164328 -0.073652 -0.065237 0.082023 0.274737 0.154466 -0.056994 0.099345 0.284499 0.336322 0.455178 0.458533 0.170758 0.132800 0.306455 0.158308 -0.227430 -0.451439 -0.425367 -0.293692 0.024852 0.297502 0.332444 0.300500 0.102786 -0.333531 -0.491501 -0.188179 0.360176 0.547386 0.029054 -0.315977 -0.183461 0.014925 0.196519 0.205410 0.231871 0.098975 -0.320255 -0.626366 -0.575724 -0.191458 0.144595 0.216383 0.203138 0.253350 0.392687 0.497151 0.476081 0.403337 0.223693 0.059476 0.140926 0.473187 0.731358 0.463512 0.002221 -0.310988 -0.326289 -0.073499 0.019846 -0.172306 -0.412516 -0.432689 -0.185586 -0.003310 0.003356 0.073232 0.123123 0.075960 0.060920 0.095476 0.279269 0.677703 0.886573 0.774837 0.582572 0.485042 0.392946 0.461945 0.566149 0.675391 0.792618 0.812805 0.633952 0.307839 0.104151 0.081218 0.118109 0.032231 -0.126191 -0.139629 -0.263701 -0.370221 -0.156765 0.151679 0.045124 -0.305379 -0.426288 -0.318467 -0.316258 -0.290501 -0.087477 -0.006419 0.195729 0.515012 0.753282 0.988878 1.145440 1.212721 1.235054 1.160750 0.930751 0.749993 0.787396 0.810015 0.681732 0.395994 0.118144 -0.127319 -0.300028 -0.459960 -0.801026 -1.199019 -1.328980 -0.942973 -0.304897 0.025124 0.123575 0.206640 0.151726 0.187302 0.214962
-0.014820 0.138542 0.084543 -0.001668 0.185946 0.368440 0.184358 -0.132826 -0.261937 0.096025 0.445478 0.208234 -0.384287 -0.900973 -1.093510 -0.921456 -0.442624 -0.115919 0.148770 0.501875 0.435839 0.206409 0.307102 0.373229 0.239565 0.163527 0.250321 0.435638 0.606932 0.531229 0.222357 0.021334 0.048548 0.134566 -0.110322 -0.340306 -0.316231 -0.057402 0.027110 -0.205481 -0.438439 -0.343629 -0.005069 0.195692 0.255963 0.526954 0.720354 0.497138 0.172464 0.077867 0.144378 0.198121 0.216603 0.044640 -0.120550 -0.144114 -0.176041 -0.133176 -0.112340 -0.288665 -0.276686 -0.013591 -0.073421 -0.257341 -0.032534 0.270291 0.403616 0.591055 0.622656 0.232946 0.028486 0.141066 0.267219 0.278327 0.103592 -0.121773 -0.278365 -0.138809 0.041495 0.093591 0.245394 0.211656 -0.114635 -0.248907 -0.034802 0.363715 0.484966 0.024182 -0.215859 0.002487 0.198624 0.274216 0.439736 0.648297 0.434891 -0.036229 -0.343808 -0.585756 -0.525506 -0.143492 0.210545 0.518962 0.685203 0.634649 0.477129 0.454402 0.397750 0.053606 -0.247448 -0.275270 0.021220 0.278457 0.101225 -0.131255 -0.147562 -0.061648 0.030366 0.019544 -0.173336 -0.432475 -0.420234 -0.070454 0.167925 0.152468 0.205042 0.238407 0.226757 0.237186 0.086744 0.031019 0.372585 0.661704 0.665119 0.564593 0.450230 0.313325 0.358543 0.397088 0.448342 0.673085 0.821425 0.699726 0.450418 0.214226 -0.041734 -0.139216 -0.045853 -0.024353 0.042151 -0.021145 -0.170977 -0.055161 0.236046 0.155481 -0.206467 -0.405398 -0.425289 -0.310373 0.039766 0.332935 0.352999 0.459679 0.658631 0.703391 0.650812 0.686880 0.951495 1.116675 1.026700 0.957022 0.954700 1.045480 1.070168 0.774112 0.328358 0.083685 -0.069017 -0.281406 -0.576481 -0.828978 -0.995058 -0.962752 -0.513838 -0.049163 0.039382 -0.031658 -0.117197 -0.203395 -0.009858 0.246547
-0.209581 0.069578 0.178184 0.094948 0.252347 0.532063 0.426442 0.104766 -0.017522 0.284825 0.451896 0.108869 -0.413502 -0.814577 -0.974896 -0.915435 -0.627265 -0.435501 -0.182095 0.256984 0.306125 0.221961 0.366600 0.405794 0.322443 0.269528 0.283097 0.464602 0.667096 0.536215 0.177370 -0.057378 -0.014355 0.122571 -0.076134 -0.305881 -0.140737 0.127144 0.014799 -0.283134 -0.644370 -0.975623 -0.854870 -0.224183 0.194841 0.528574 0.800227 0.592260 0.146664 0.038782 0.266843 0.320945 0.208503 -0.053299 -0.270872 -0.224909 -0.206434 -0.198414 -0.225150 -0.505059 -0.595529 -0.317377 -0.241227 -0.309954 -0.124141 0.065403 0.073032 0.110717 0.243161 0.186068 -0.022070 -0.147733 0.008863 0.354568 0.452688 0.141331 -0.156936 -0.106523 0.007579 0.075159 0.232138 0.240901 0.116317 0.074656 0.106588 0.178222 0.305318 0.175258 -0.012499 -0.047081 0.061467 0.202865 0.422165 0.486719 0.220911 -0.053266 -0.207075 -0.570128 -0.614581 -0.185959 0.197968 0.572103 0.846836 0.708588 0.295890 0.153818 0.112671 -0.144345 -0.323193 -0.348049 -0.215837 -0.195909 -0.409776 -0.519205 -0.377472 -0.172842 -0.055017 -0.046156 -0.161632 -0.225232 -0.016537 0.342390 0.555071 0.428783 0.224927 0.140836 0.251474 0.477305 0.395809 0.182760 0.145002 0.126194 0.139183 0.238323 0.264721 0.271113 0.505163 0.518335 0.348069 0.428556 0.655465 0.767621 0.679929 0.377107 -0.081990 -0.329327 -0.213856 -0.095142 0.161230 0.353355 0.220395 0.120408 0.170760 0.045590 -0.149405 -0.240637 -0.439229 -0.473855 -0.114808 0.208341 0.420862 0.639191 0.802664 0.831003 0.679533 0.493995 0.633521 0.832385 0.846523 0.988768 1.125018 1.158860 1.044247 0.622658 0.149431 0.007658 0.014782 -0.202780 -0.586119 -0.772726 -0.690597 -0.421348 0.016024 0.217448 -0.003211 -0.268511 -0.294705 -0.081866 0.168098 0.280335
-0.377602 -0.058570 0.149401 0.101067 0.282678 0.698066 0.753752 0.503382 0.279441 0.220982 0.106788 -0.283885 -0.690999 -0.871803 -0.891701 -0.991156 -1.015004 -0.844254 -0.360304 0.192546 0.320043 0.262270 0.316250 0.246652 0.079862 0.006808 -0.012719 0.106986 0.269387 0.199496 0.053069 -0.144972 -0.179530 -0.018173 -0.069012 -0.156692 0.106723 0.300300 0.111345 -0.268149 -0.955883 -2.424066 -3.234744 -1.633518 -0.153597 0.339667 0.717916 0.740894 0.400269 0.297138 0.435428 0.440697 0.323551 0.041318 -0.234619 -0.298861 -0.318962 -0.355445 -0.504068 -0.693000 -0.589864 -0.349276 -0.289248 -0.257343 -0.101956 -0.016384 -0.079435 -0.263303 -0.222601 -0.044167 -0.184750 -0.410874 -0.373098 -0.017822 0.262206 0.055194 -0.150516 -0.055845 0.038896 0.136748 0.280627 0.210190 0.144634 0.163591 0.073803 -0.082145 0.062820 0.281490 0.172044 -0.150947 -0.217172 -0.036952 0.137998 0.082856 -0.013473 -0.017983 -0.055690 -0.420198 -0.473594 -0.154549 -0.036155 0.147206 0.501347 0.456876 -0.002948 -0.266810 -0.313963 -0.367851 -0.348074 -0.262401 -0.054162 -0.032145 -0.306032 -0.486345 -0.394502 -0.241489 -0.200534 -0.286035 -0.337488 -0.077426 0.353211 0.633704 0.794515 0.628206 0.194060 -0.120965 -0.012233 0.365613 0.437446 0.307983 0.048866 -0.270892 -0.344377 -0.201374 -0.004724 0.195652 0.571126 0.628052 0.233408 -0.033591 0.231923 0.719887 0.832901 0.558273 0.144735 -0.107745 -0.123953 -0.057086 0.257234 0.551243 0.446779 0.216914 0.042124 -0.195481 -0.321570 -0.319179 -0.609097 -0.848029 -0.678404 -0.371079 0.024437 0.415127 0.713167 0.912204 0.893841 0.640506 0.567326 0.637868 0.677038 0.870824 0.991487 0.952760 0.699408 0.273672 -0.071659 -0.165233 -0.085695 -0.178237 -0.480794 -0.618114 -0.389436 0.059616 0.418333 0.396121 -0.005878 -0.308490 -0.202859 0.138998 0.216309 0.050029
-0.324121 -0.054193 0.200756 0.258051 0.500513 0.920009 1.009697 0.761952 0.414482 0.136261 -0.081987 -0.326044 -0.486211 -0.580729 -0.698517 -0.988946 -1.155386 -0.949776 -0.421650 0.204148 0.468387 0.317011 0.074128 -0.267981 -0.498942 -0.386028 -0.195995 -0.064143 -0.064759 -0.121419 0.015671 -0.038594 -0.202179 -0.235356 -0.358740 -0.367404 0.016976 0.247965 0.151844 -0.195320 -1.090078 -3.392790 -4.981614 -2.714595 -0.405910 0.192988 0.518135 0.665031 0.543167 0.482514 0.462866 0.462252 0.404213 0.239670 0.127866 -0.068751 -0.374000 -0.603057 -0.765285 -0.576577 -0.103169 0.074805 0.018550 0.057575 0.174418 0.183984 0.036171 -0.224790 -0.240465 -0.126621 -0.343059 -0.609639 -0.586779 -0.316332 -0.076998 -0.174762 -0.194236 -0.041342 0.042251 0.157925 0.257743 0.025976 -0.070242 0.100724 0.071830 -0.266916 -0.246383 0.172226 0.264028 -0.060784 -0.263771 -0.229078 -0.122749 -0.052553 0.125281 0.313625 0.324823 -0.030929 -0.265300 -0.237644 -0.330163 -0.250813 0.200609 0.405750 0.193297 -0.056963 -0.237015 -0.268745 -0.218882 -0.088791 0.248079 0.419319 0.208513 -0.012103 -0.018264 -0.026179 -0.146843 -0.417051 -0.514496 -0.110673 0.334043 0.549914 0.668484 0.540005 0.122521 -0.245649 -0.135771 0.160842 0.152819 0.146918 0.006134 -0.313542 -0.387187 -0.237001 -0.003761 0.198657 0.539568 0.690538 0.214866 -0.268715 -0.021352 0.589250 0.797063 0.704846 0.492320 0.277418 0.157507 0.184267 0.386126 0.514203 0.383058 0.211044 0.068321 -0.195407 -0.414874 -0.509123 -0.844878 -1.177912 -1.103575 -0.757857 -0.347245 0.124194 0.593452 0.953048 1.080764 0.921590 0.717110 0.519977 0.453436 0.647210 0.735761 0.744067 0.579342 0.210770 -0.146133 -0.363773 -0.352384 -0.274467 -0.423849 -0.523922 -0.274186 0.180142 0.458305 0.342421 -0.036383 -0.167108 -0.031406 0.039880 -0.178260 -0.497891
-0.150765 -0.095018 0.067483 0.216208 0.523878 0.927272 0.988570 0.710150 0.370625 0.195480 0.148283 0.493157 0.932780 0.504037 -0.240873 -0.750831 -0.940105 -0.804350 -0.467328 -0.029036 0.206085 0.176608 -0.040996 -0.468266 -0.684540 -0.430611 -0.040099 0.168021 0.009265 -0.196083 -0.047625 0.057839 -0.016237 -0.213918 -0.580687 -0.607565 -0.117085 0.222099 0.209544 -0.063372 -0.673315 -1.989073 -2.795956 -1.325049 0.139521 0.543743 0.707545 0.686870 0.538353 0.382713 0.307702 0.492667 0.503478 0.321363 0.377104 0.200738 -0.308826 -0.649632 -0.724183 -0.365881 0.171378 0.377529 0.425903 0.355916 0.164264 0.012283 -0.055022 -0.035610 0.037857 0.017109 -0.142738 -0.342709 -0.369785 -0.276604 -0.201563 -0.295678 -0.265650 -0.104283 0.074323 0.243154 0.229615 -0.160886 -0.285567 0.053091 0.302427 -0.025125 -0.285986 -0.037460 0.248596 0.177767 -0.137668 -0.426337 -0.364919 -0.029656 0.255430 0.359655 0.378434 0.175798 -0.137817 -0.264622 -0.324551 -0.192009 0.239554 0.500578 0.570565 0.430580 0.024654 -0.138117 -0.060614 0.150477 0.403963 0.479316 0.293367 0.134489 0.191408 0.183619 0.134054 -0.145377 -0.399259 -0.227989 0.002335 0.199342 0.397282 0.378966 0.061243 -0.183774 -0.035393 0.088633 -0.105504 -0.060067 -0.019486 -0.163671 -0.065880 0.237466 0.431453 0.457931 0.579993 0.700522 0.365451 0.058510 0.254092 0.585024 0.700472 0.810968 0.810467 0.645053 0.477449 0.462122 0.449773 0.346421 0.260129 0.296265 0.351824 0.186619 -0.174147 -0.526717 -0.912929 -1.170642 -1.047583 -0.685218 -0.391727 0.003678 0.557822 1.080146 1.298761 1.189078 0.907721 0.525562 0.344339 0.538729 0.662320 0.712206 0.655810 0.324691 -0.155945 -0.486569 -0.512569 -0.340467 -0.332960 -0.329403 -0.191028 0.046598 0.306965 0.327111 0.120844 0.068002 0.055033 -0.163628 -0.508447 -0.789739
-0.093329 -0.309379 -0.373165 -0.178566 0.124331 0.448923 0.549504 0.360722 0.128791 0.119878 0.375653 1.337510 2.247330 1.437840 0.181082 -0.420584 -0.551538 -0.501446 -0.494744 -0.498088 -0.438814 -0.217626 -0.098864 -0.230447 -0.314605 -0.128977 0.241592 0.449275 0.187120 -0.198078 -0.193403 -0.054773 -0.069886 -0.274668 -0.591111 -0.510199 -0.042356 0.288273 0.295125 0.099876 -0.046334 -0.215403 -0.306906 0.153052 0.709075 1.029060 1.107667 0.829018 0.421054 0.150534 0.175033 0.579278 0.670909 0.357772 0.302263 0.175097 -0.222456 -0.395771 -0.356600 -0.199476 0.132633 0.466597 0.627930 0.334571 -0.191763 -0.475685 -0.370369 0.006476 0.158434 0.037035 0.040476 -0.029023 -0.185460 -0.271701 -0.177402 -0.156560 -0.139105 -0.082372 0.012602 0.182492 0.204262 -0.146876 -0.201760 0.213261 0.556616 0.277491 -0.155910 -0.213038 0.069454 0.268268 -0.010053 -0.488658 -0.545011 -0.154189 0.166762 0.068845 -0.036507 0.021566 -0.059308 -0.108246 0.032753 0.307081 0.555232 0.547047 0.597447 0.572778 0.241975 0.109044 0.172090 0.314504 0.384389 0.272440 0.016593 -0.123688 0.065979 0.204043 0.304939 0.080777 -0.264740 -0.404736 -0.427761 -0.217247 0.172094 0.247570 -0.012701 -0.102905 0.036138 0.022185 -0.167373 -0.040338 0.049179 -0.028328 0.151577 0.552406 0.734837 0.610943 0.411861 0.351409 0.326484 0.409254 0.553192 0.523462 0.493637 0.722820 0.920245 0.891055 0.738089 0.627820 0.378732 0.145120 0.175333 0.272027 0.371656 0.390644 0.147307 -0.289378 -0.706871 -0.887273 -0.657801 -0.184986 -0.003954 0.026967 0.296671 0.926582 1.405037 1.378667 1.028264 0.630876 0.451466 0.572548 0.719472 0.756285 0.616311 0.283435 -0.188442 -0.457423 -0.456138 -0.337490 -0.305019 -0.207567 -0.139162 -0.103498 0.232684 0.564015 0.523005 0.242582 -0.113075 -0.415686 -0.576211 -0.591897
-0.028293 -0.573305 -0.953858 -0.631668 -0.233662 -0.047965 0.054103 -0.032699 -0.229835 -0.173716 0.262628 1.115113 1.732804 1.143094 0.290993 -0.246334 -0.353993 -0.284723 -0.554795 -0.904158 -0.948800 -0.615933 -0.228510 0.004600 0.035459 0.009160 0.210077 0.473171 0.348286 0.009115 -0.090326 -0.157134 -0.376313 -0.551570 -0.531756 -0.308653 0.064424 0.366760 0.427668 0.382197 0.499395 0.635215 0.526723 0.465079 0.678729 1.073971 1.213923 0.805491 0.200444 -0.080699 0.038079 0.521212 0.738354 0.392364 0.054692 -0.097556 -0.235744 -0.137558 -0.021455 -0.131535 -0.044469 0.306541 0.412836 -0.012382 -0.534876 -0.738494 -0.555466 -0.133190 -0.018412 -0.235709 -0.217367 -0.122708 -0.210909 -0.314169 -0.145748 0.079186 0.158263 -0.014398 -0.218046 -0.054517 0.212630 0.006003 -0.091875 0.298202 0.610862 0.371545 -0.039605 -0.302512 -0.299396 -0.067742 -0.091306 -0.373970 -0.512865 -0.265504 0.134111 0.057840 -0.238466 -0.216000 -0.103913 0.007389 0.389322 0.785156 0.805957 0.455075 0.223422 0.258350 0.310842 0.405791 0.443261 0.369417 0.241947 0.022281 -0.164003 -0.209738 -0.039053 0.151185 0.309340 0.075499 -0.334743 -0.599753 -0.657010 -0.420374 -0.018444 0.074659 -0.018084 0.071790 0.149845 0.028687 -0.080496 0.028391 0.039811 -0.047984 0.122145 0.460720 0.600806 0.497974 0.205660 0.044011 0.157007 0.366531 0.510305 0.432963 0.393233 0.584043 0.773823 0.792633 0.693416 0.541761 0.160073 -0.144959 -0.089543 -0.056739 -0.078976 0.083511 0.293218 0.137519 -0.278537 -0.609924 -0.487049 0.103464 0.352330 0.159619 0.051988 0.527078 1.218424 1.366670 1.011092 0.673780 0.576165 0.619219 0.800099 0.938734 0.651054 0.167121 -0.227675 -0.264262 -0.183802 -0.192506 -0.297498 -0.285049 -0.179839 -0.042196 0.401356 0.814003 0.770750 0.313348 -0.266794 -0.572512 -0.489393 -0.205348
0.162837 -0.615249 -1.271303 -0.845212 -0.225733 -0.093629 -0.143434 -0.267019 -0.488585 -0.430468 0.054596 0.607079 0.900960 0.690607 0.319566 -0.115859 -0.242287 -0.152679 -0.451103 -0.903228 -1.027048 -0.742056 -0.280846 0.131279 0.236331 0.052537 0.017593 0.332177 0.530889 0.444698 0.269202 -0.081129 -0.494449 -0.641481 -0.401195 -0.093979 0.231913 0.464421 0.557925 0.721691 0.886998 0.904222 0.673211 0.445950 0.537499 0.829723 0.921423 0.617107 0.153205 -0.065816 -0.050194 0.297884 0.559223 0.291962 -0.139300 -0.242350 -0.082529 0.171479 0.120782 -0.256933 -0.334310 -0.005229 0.091082 -0.150570 -0.448520 -0.570665 -0.419831 -0.292194 -0.500757 -0.728551 -0.484858 -0.086253 -0.095715 -0.310280 -0.319709 -0.094896 0.099524 -0.078502 -0.311004 -0.195183 0.099341 -0.010079 -0.149976 0.187190 0.458005 0.367024 0.219314 -0.044540 -0.402598 -0.436038 -0.316563 -0.350769 -0.450951 -0.320101 0.055230 0.131223 -0.187066 -0.348437 -0.245063 -0.084070 0.318835 0.700592 0.674767 0.237622 -0.226992 -0.291294 -0.068726 0.126207 0.217098 0.117461 -0.009145 -0.110689 -0.127865 -0.086447 -0.065658 0.069016 0.281709 0.069018 -0.535745 -0.824830 -0.517402 -0.112560 0.020119 -0.090051 -0.098136 0.190828 0.365713 0.218172 0.020768 -0.032312 -0.066108 -0.105286 0.014112 0.158779 0.265152 0.287445 0.108584 0.012917 0.175165 0.306219 0.348112 0.416440 0.606648 0.658514 0.526854 0.384302 0.341376 0.309510 -0.005742 -0.348468 -0.335691 -0.342982 -0.534868 -0.414932 0.146290 0.367468 0.064525 -0.372008 -0.468063 0.027326 0.353628 0.210500 0.038989 0.354435 1.026273 1.258150 0.944843 0.600347 0.471804 0.504028 0.723872 0.905607 0.521014 -0.031515 -0.260727 -0.028176 0.138209 0.081747 -0.089158 -0.271916 -0.208365 0.212098 0.691636 0.859361 0.741536 0.361881 -0.198924 -0.544560 -0.378780 0.008525
0.274019 -0.343582 -0.960626 -0.657204 -0.000704 0.171349 -0.007425 -0.223294 -0.427067 -0.425176 -0.111087 0.267108 0.547676 0.598826 0.412794 0.103336 -0.031314 -0.027392 -0.224019 -0.515118 -0.593374 -0.356870 0.045631 0.423058 0.508971 0.281427 0.078652 0.278883 0.580051 0.644017 0.470195 0.082612 -0.309248 -0.518909 -0.425431 -0.142014 0.195581 0.394823 0.549656 0.898917 1.114260 1.001488 0.669933 0.520460 0.608970 0.554530 0.478059 0.452199 0.336591 0.258329 0.097233 0.099992 0.226154 0.154618 -0.112004 -0.200000 0.017951 0.236117 0.060787 -0.336036 -0.428174 -0.121745 -0.039396 -0.104041 -0.245721 -0.366325 -0.253902 -0.339106 -0.748118 -0.839193 -0.343141 0.177265 0.127121 -0.214343 -0.503600 -0.593146 -0.379952 -0.253339 -0.279605 -0.281473 -0.159074 -0.088165 -0.075126 0.083573 0.159160 0.185102 0.315606 0.203240 -0.173818 -0.406317 -0.506343 -0.624171 -0.601512 -0.346008 -0.058810 0.013620 -0.181955 -0.311557 -0.305812 -0.349636 -0.154852 0.173354 0.269619 0.031062 -0.394060 -0.568503 -0.419421 -0.343083 -0.289281 -0.206647 -0.079104 0.072372 0.111517 0.015633 -0.164877 -0.180841 0.063006 0.014587 -0.667117 -0.966470 -0.271088 0.389161 0.311905 -0.030286 -0.153663 0.117305 0.452927 0.410417 0.144015 -0.005712 -0.104778 -0.193268 -0.180045 -0.199402 -0.016413 0.144267 0.085082 0.122757 0.394470 0.515817 0.365061 0.397587 0.683838 0.618995 0.315422 0.120032 0.109211 0.155005 -0.024896 -0.343035 -0.377846 -0.386135 -0.593621 -0.497271 0.068445 0.402222 0.235332 -0.139559 -0.388180 -0.123477 0.215487 0.253361 0.281644 0.602944 1.063124 1.172125 0.941693 0.624865 0.286780 0.088185 0.122826 0.128827 -0.134461 -0.279287 -0.176410 0.090381 0.222288 0.256870 0.147265 -0.167349 -0.184656 0.381513 0.804390 0.798646 0.706124 0.413322 -0.063547 -0.372180 -0.201135 0.106588
0.365503 -0.073592 -0.589877 -0.459072 0.055206 0.241932 0.160843 0.081983 -0.032943 -0.219840 -0.204567 0.056439 0.272877 0.325156 0.179297 0.078584 0.100776 0.117617 0.076293 0.049198 0.062500 0.154500 0.358291 0.582058 0.622033 0.466058 0.285602 0.357314 0.439191 0.326724 0.230362 0.109952 -0.046607 -0.280832 -0.522997 -0.484355 -0.128337 0.152506 0.360916 0.795181 1.139848 1.049943 0.745588 0.688972 0.694856 0.387272 0.241883 0.382499 0.476284 0.537268 0.276002 -0.051935 -0.052622 0.092759 0.024368 -0.138580 -0.037006 0.167759 0.039662 -0.188130 -0.182072 0.000798 -0.096171 -0.209584 -0.298357 -0.401063 -0.279925 -0.302422 -0.548904 -0.481576 -0.062465 0.354126 0.420659 0.188829 -0.252612 -0.748982 -0.719211 -0.416661 -0.371638 -0.470206 -0.485079 -0.224117 0.016689 0.000168 -0.042063 0.049740 0.232824 0.200248 0.015504 -0.215815 -0.625644 -0.892972 -0.637823 -0.030591 0.261374 0.088187 -0.211599 -0.329793 -0.436689 -0.679739 -0.528168 -0.110341 0.081043 0.044724 -0.147030 -0.280204 -0.264579 -0.396672 -0.394027 -0.126714 0.042532 0.148531 0.179916 0.047451 -0.201902 -0.370196 -0.200150 -0.054619 -0.387779 -0.568027 -0.060051 0.500701 0.559670 0.377990 0.192830 0.180451 0.360801 0.357075 0.099676 -0.076904 -0.159263 -0.274608 -0.332570 -0.320295 -0.025830 0.135723 0.023415 0.096775 0.464675 0.633653 0.383100 0.261979 0.435436 0.435393 0.307797 0.196322 0.121606 0.067938 -0.058401 -0.325144 -0.410056 -0.408270 -0.471249 -0.234163 0.269609 0.521478 0.353467 0.003996 -0.287874 -0.180709 0.174505 0.404155 0.611888 0.898923 1.066691 0.981249 0.815406 0.604922 0.144748 -0.316517 -0.476712 -0.580578 -0.679805 -0.452626 -0.086348 0.133086 0.184609 0.297180 0.258665 -0.062894 -0.143869 0.350917 0.640700 0.602414 0.599853 0.451228 0.216814 0.103284 0.186869 0.254065
0.599983 0.169796 -0.245449 -0.220424 0.000583 0.056524 0.133649 0.259043 0.120257 -0.207363 -0.175152 0.177159 0.221527 -0.094117 -0.369288 -0.190175 0.152540 0.260764 0.265137 0.343605 0.452841 0.451733 0.503078 0.581218 0.594766 0.528297 0.368902 0.336302 0.192546 -0.103565 -0.161597 -0.132210 -0.163314 -0.297511 -0.571047 -0.711260 -0.412647 -0.066563 0.120253 0.537557 0.993036 0.940434 0.724422 0.714885 0.631912 0.303915 0.226057 0.466753 0.616701 0.632351 0.325822 -0.043178 -0.104011 -0.008758 0.028853 -0.066696 -0.017417 0.160580 0.039732 -0.084163 0.003118 0.005428 -0.245576 -0.377775 -0.485730 -0.595202 -0.362998 -0.116226 -0.167983 -0.084261 0.080325 0.341147 0.599919 0.500121 0.029232 -0.614095 -0.790514 -0.554821 -0.495543 -0.534364 -0.586076 -0.379241 -0.121406 -0.137890 -0.068326 0.087461 0.172266 0.023814 -0.047624 -0.026896 -0.251642 -0.440689 -0.203008 0.395216 0.590978 0.190897 -0.264406 -0.431083 -0.584236 -0.758248 -0.403277 0.100213 0.173550 0.173133 0.277497 0.314916 0.159838 -0.185858 -0.170873 0.126176 0.061065 -0.115437 -0.192899 -0.241321 -0.344891 -0.452628 -0.366035 -0.191639 -0.163610 -0.183985 -0.060595 0.250335 0.633070 0.806252 0.564276 0.165879 0.021359 0.062877 -0.010764 -0.110659 -0.147781 -0.198880 -0.228407 -0.163997 0.066270 0.064367 -0.144071 -0.050590 0.364590 0.557555 0.294300 0.090525 0.194619 0.293022 0.314177 0.261898 0.112634 -0.076559 -0.247747 -0.446248 -0.414398 -0.249470 -0.196227 0.038709 0.490100 0.719516 0.504206 0.101314 -0.139396 0.003559 0.350328 0.551791 0.665973 0.779521 0.768486 0.607815 0.497674 0.427107 0.086688 -0.358168 -0.532704 -0.593366 -0.663623 -0.478676 -0.075986 0.216186 0.289499 0.350942 0.288676 0.020700 -0.099199 0.237085 0.407705 0.326629 0.346925 0.425076 0.507936 0.593419 0.618827 0.555137
0.759696 0.350241 0.125908 0.096979 -0.017367 -0.205558 -0.110807 0.168315 0.018039 -0.305406 -0.109866 0.341574 0.268980 -0.308954 -0.686713 -0.358261 0.232753 0.347566 0.135238 0.147296 0.429209 0.586989 0.708266 0.662102 0.498146 0.389937 0.256440 0.162111 -0.095449 -0.401804 -0.408474 -0.509556 -0.766720 -0.796919 -0.705250 -0.696694 -0.447660 -0.116236 0.113823 0.530708 0.892716 0.705866 0.455144 0.416756 0.320858 0.122586 0.255724 0.622535 0.722123 0.562755 0.209745 -0.138297 -0.261827 -0.194827 0.006858 0.027709 -0.114761 -0.164793 -0.218867 -0.112998 0.022284 -0.136044 -0.428673 -0.512768 -0.600010 -0.646896 -0.314047 0.100108 0.058756 -0.007941 -0.078281 0.061332 0.392869 0.381736 0.066664 -0.455410 -0.687699 -0.477074 -0.324029 -0.284994 -0.366978 -0.424958 -0.288195 -0.102160 0.075400 0.049805 -0.026653 -0.135766 -0.105694 0.077918 0.161201 0.137227 0.172180 0.439647 0.516372 0.112359 -0.303360 -0.415557 -0.580382 -0.692855 -0.273452 0.195073 0.110014 0.015072 0.176242 0.316972 0.255877 0.121167 0.192703 0.263210 -0.038613 -0.447685 -0.657933 -0.588763 -0.562492 -0.610761 -0.488618 -0.303973 -0.165937 -0.108606 -0.214653 -0.126188 0.418337 0.782539 0.531741 0.025538 -0.305347 -0.300702 -0.165015 -0.153480 -0.265890 -0.272363 -0.153124 0.010581 0.108572 -0.017706 -0.177098 -0.042798 0.280857 0.430818 0.180207 -0.002219 0.168909 0.293270 0.304235 0.254802 0.069102 -0.204856 -0.436773 -0.577341 -0.432106 -0.140924 -0.038548 0.162613 0.621311 0.792645 0.461505 0.044535 0.015413 0.442002 0.702232 0.612264 0.489346 0.403802 0.293338 0.190503 0.232495 0.308938 0.114731 -0.242027 -0.365234 -0.269529 -0.294618 -0.249062 0.061234 0.369635 0.496620 0.441724 0.285835 0.098360 -0.023755 0.114156 0.236194 0.167625 0.181072 0.354411 0.469592 0.548594 0.589085 0.586778
0.510376 0.209895 0.252052 0.281785 0.012991 -0.342770 -0.304420 0.090477 0.093927 -0.156198 -0.023998 0.302523 0.171423 -0.372051 -0.760155 -0.551134 0.065118 0.251110 -0.073189 -0.167982 0.117491 0.434902 0.651518 0.481207 0.149365 0.104617 0.183326 0.027102 -0.387187 -0.628013 -0.477225 -0.627604 -1.101168 -1.223831 -0.985179 -0.738070 -0.393858 -0.107303 0.211125 0.651354 0.805258 0.474777 0.291472 0.277649 0.139421 -0.018519 0.228376 0.601655 0.638390 0.379439 -0.019931 -0.367536 -0.404562 -0.138433 0.195073 0.157924 -0.268080 -0.594820 -0.496063 -0.037686 0.141583 -0.103870 -0.412706 -0.542807 -0.577765 -0.483865 -0.118082 0.340770 0.285154 -0.035586 -0.330159 -0.213363 0.157577 0.212124 -0.007877 -0.390240 -0.485396 -0.209743 -0.030960 -0.078534 -0.260196 -0.476564 -0.283506 0.134051 0.183219 -0.172012 -0.269743 -0.106446 -0.009461 -0.014912 0.010937 0.125495 0.206059 0.323432 0.316734 -0.062821 -0.430595 -0.531322 -0.660628 -0.679621 -0.347749 -0.033820 -0.178392 -0.390827 -0.411645 -0.209416 0.159221 0.518397 0.583137 0.272693 -0.216244 -0.662554 -0.818657 -0.640516 -0.622423 -0.722995 -0.523958 -0.233588 -0.116712 -0.122604 -0.364737 -0.451300 0.052827 0.486525 0.481386 0.224663 -0.232642 -0.525089 -0.476581 -0.494352 -0.603240 -0.477789 -0.232443 0.052768 0.124575 0.039405 0.011073 0.110535 0.235142 0.281682 0.087735 0.032865 0.347105 0.542013 0.506197 0.352770 0.054339 -0.248279 -0.419073 -0.547004 -0.525148 -0.323346 -0.184286 0.023914 0.459141 0.568488 0.191095 -0.084903 0.155570 0.808704 0.992242 0.723173 0.548834 0.397765 0.245933 0.202844 0.229445 0.281362 0.177259 -0.168556 -0.351456 -0.169992 -0.071303 -0.085190 0.010646 0.195957 0.424429 0.441932 0.354555 0.273859 0.114214 0.087668 0.207877 0.308146 0.381529 0.368355 0.211539 0.178030 0.249043 0.291343
-0.184743 -0.246842 0.161538 0.431111 0.210178 -0.227256 -0.351488 -0.061863 0.056303 -0.071807 -0.046615 0.163156 0.077975 -0.373983 -0.808185 -0.833134 -0.360804 0.003372 -0.148507 -0.254287 -0.100664 0.242040 0.455615 0.190310 -0.145761 -0.045909 0.179022 0.028561 -0.340298 -0.451510 -0.214952 -0.329971 -0.844273 -1.227272 -1.222935 -0.880476 -0.426942 -0.136790 0.244781 0.633833 0.580311 0.215436 0.311510 0.448924 0.296721 0.166581 0.311743 0.470628 0.444631 0.211376 -0.147176 -0.339443 -0.145306 0.221151 0.458934 0.302155 -0.183659 -0.606537 -0.496791 0.035955 0.256078 0.148217 -0.068384 -0.337324 -0.510286 -0.468698 -0.109613 0.386800 0.391830 0.049139 -0.208255 -0.100461 0.116496 0.092897 -0.138025 -0.402781 -0.285492 0.009945 0.081742 -0.074685 -0.229202 -0.307361 0.005219 0.353468 0.153650 -0.286343 -0.385629 -0.260445 -0.170198 -0.151070 -0.085011 0.052521 0.087298 0.128141 0.109033 -0.307208 -0.746908 -0.842210 -0.734678 -0.483369 -0.258598 -0.174344 -0.296870 -0.523626 -0.740806 -0.657118 -0.069751 0.585099 0.725140 0.266876 -0.310935 -0.631359 -0.582653 -0.336690 -0.413519 -0.659094 -0.554139 -0.193085 -0.019874 -0.092273 -0.344533 -0.459704 -0.092054 0.277030 0.510926 0.587367 0.151010 -0.422814 -0.677643 -0.823196 -0.785760 -0.416881 -0.088712 0.147530 0.180597 0.222871 0.290668 0.279953 0.242632 0.184892 0.063636 0.104947 0.424882 0.704914 0.692230 0.445756 0.134482 -0.105236 -0.293223 -0.490569 -0.607446 -0.508987 -0.277643 0.004764 0.333334 0.368964 0.053202 -0.007752 0.425763 1.058171 1.193890 0.945947 0.805781 0.644827 0.532049 0.523704 0.417412 0.388405 0.302170 -0.135741 -0.512266 -0.410959 -0.207604 -0.174253 -0.168397 -0.043462 0.246175 0.400034 0.395286 0.294415 0.148344 0.187003 0.358793 0.570200 0.618624 0.416557 0.153440 0.078671 0.013916 -0.119700
-0.559141 -0.444802 0.112664 0.495491 0.348020 -0.088506 -0.345607 -0.274440 -0.198898 -0.199537 -0.126608 0.123265 0.132646 -0.295009 -0.785158 -0.892062 -0.519340 -0.062678 -0.029360 -0.046691 -0.000586 0.218922 0.399017 0.166613 -0.028537 0.157537 0.276265 0.137895 0.022898 0.029182 0.117024 -0.029800 -0.456627 -0.918889 -0.953633 -0.480126 -0.048537 0.087464 0.228404 0.453260 0.426563 0.224071 0.454641 0.570645 0.359661 0.329561 0.472418 0.455420 0.367970 0.224869 -0.002186 0.005969 0.232357 0.373828 0.366415 0.244309 0.028845 -0.284846 -0.363964 -0.075152 0.166458 0.238579 0.123066 -0.162550 -0.406664 -0.432390 -0.143949 0.157229 0.137092 0.066479 0.143538 0.204562 0.109747 -0.047737 -0.234364 -0.373032 -0.146380 0.129262 0.124166 -0.023022 -0.047439 0.037159 0.300375 0.451974 0.281463 0.023367 -0.239335 -0.484497 -0.504331 -0.215271 0.148652 0.228247 -0.005176 -0.064668 -0.008269 -0.391345 -0.894227 -0.990871 -0.611306 -0.145353 -0.070777 -0.186025 -0.277990 -0.377526 -0.585599 -0.713326 -0.315304 0.314496 0.575651 0.270663 -0.216656 -0.387944 -0.177149 0.042848 -0.146756 -0.429231 -0.453191 -0.248116 -0.028469 0.008604 -0.131096 -0.213948 0.026436 0.240345 0.443700 0.637378 0.326359 -0.267322 -0.631890 -0.772458 -0.621984 -0.111275 0.267192 0.296452 0.132136 0.194028 0.352732 0.356424 0.309130 0.225307 0.157349 0.168496 0.354618 0.633801 0.610152 0.306369 0.124446 0.013396 -0.249136 -0.525968 -0.665212 -0.552521 -0.161730 0.280410 0.479198 0.360702 0.148699 0.329079 0.881705 1.326610 1.313663 0.996921 0.765357 0.628161 0.646838 0.658896 0.536143 0.518109 0.375212 -0.134852 -0.597364 -0.567449 -0.328847 -0.250423 -0.218950 -0.004938 0.314313 0.452386 0.353681 0.079004 -0.011236 0.259651 0.508328 0.584106 0.486304 0.416894 0.350314 0.206018 -0.012986 -0.234540
-0.348466 -0.391302 -0.094679 0.182213 0.131701 -0.188811 -0.400350 -0.438520 -0.516648 -0.394962 -0.062570 0.301512 0.241137 -0.255101 -0.649749 -0.583634 -0.301427 -0.026283 0.043989 0.093144 0.044775 0.128606 0.361827 0.291702 0.282258 0.504038 0.430165 0.206420 0.216029 0.271528 0.192229 -0.014511 -0.333399 -0.589212 -0.329294 0.245074 0.564094 0.492342 0.167891 0.192601 0.426907 0.465500 0.550568 0.463258 0.203179 0.267967 0.544059 0.552125 0.503743 0.493709 0.397994 0.417672 0.368065 0.153804 -0.081544 -0.112396 0.008448 -0.078726 -0.253960 -0.219196 -0.077613 -0.056815 -0.205968 -0.353044 -0.438991 -0.390379 -0.139685 -0.002978 -0.025685 0.074046 0.256272 0.224192 -0.022713 -0.197199 -0.367891 -0.450378 -0.141814 0.206934 0.259831 0.150987 0.090221 0.133853 0.249465 0.361291 0.465859 0.395320 -0.008457 -0.502643 -0.687183 -0.388789 0.013830 0.045475 -0.196760 -0.206960 -0.075561 -0.289145 -0.671490 -0.801604 -0.454867 -0.003366 0.089804 -0.053810 -0.209095 -0.216471 -0.166078 -0.180701 -0.021744 0.191907 0.209725 0.055020 -0.136915 -0.133315 0.159242 0.278625 -0.015049 -0.189576 -0.155844 -0.168416 -0.115920 -0.038765 -0.109377 -0.113368 0.154006 0.279769 0.345204 0.496925 0.320090 -0.146677 -0.449317 -0.489668 -0.307962 0.110082 0.381523 0.187734 -0.238265 -0.296208 -0.041811 0.097498 0.124068 0.163648 0.236522 0.178171 0.193182 0.397226 0.329258 0.064212 0.087315 0.117775 -0.136734 -0.476315 -0.717780 -0.646457 -0.145676 0.392956 0.546775 0.395227 0.322393 0.673038 1.210067 1.469228 1.318844 0.902945 0.593211 0.502174 0.612411 0.609826 0.517830 0.459429 0.276954 -0.116664 -0.478002 -0.502426 -0.301780 -0.258448 -0.245946 0.065842 0.441869 0.552602 0.365625 0.037772 0.047397 0.450387 0.620455 0.403047 0.141962 0.309444 0.511556 0.344390 0.188354 0.171988
-0.153253 -0.473478 -0.504006 -0.258352 -0.117102 -0.346019 -0.504938 -0.473399 -0.550144 -0.311005 0.239675 0.539705 0.197782 -0.441379 -0.653047 -0.381300 -0.264561 -0.238144 -0.158574 -0.081850 -0.030812 0.123080 0.336601 0.272646 0.244027 0.480124 0.492429 0.293740 0.189771 0.100960 -0.017961 -0.220978 -0.472691 -0.451242 0.082523 0.670269 0.935139 0.829505 0.330980 0.233536 0.466140 0.542578 0.510662 0.310612 0.112605 0.295973 0.543292 0.419177 0.441735 0.634535 0.625484 0.455750 0.105164 -0.296251 -0.606318 -0.488320 -0.051804 0.086295 -0.071132 -0.224615 -0.318560 -0.345735 -0.315683 -0.276633 -0.346236 -0.342942 -0.149279 0.068185 0.201017 0.280420 0.340460 0.213138 -0.045152 -0.208659 -0.448816 -0.493251 -0.093296 0.256514 0.304939 0.199722 0.011321 -0.078644 -0.061494 0.083786 0.370417 0.436575 0.103668 -0.424348 -0.752410 -0.591898 -0.331650 -0.258861 -0.242780 -0.046573 0.162347 0.101396 -0.105053 -0.344929 -0.348015 -0.080334 0.111648 0.053734 -0.126487 -0.117325 0.167696 0.380549 0.351020 0.123554 -0.199567 -0.354662 -0.250590 -0.061202 0.201467 0.302071 0.110759 0.088855 0.242928 0.141046 -0.079661 -0.136944 -0.107462 0.048118 0.365907 0.441776 0.400590 0.458918 0.318820 -0.094079 -0.381692 -0.409144 -0.196036 0.044367 0.051752 -0.211516 -0.654280 -0.766942 -0.540268 -0.405095 -0.290026 -0.008596 0.255460 0.241763 0.191672 0.256636 0.083300 -0.115234 0.053120 0.112090 -0.120082 -0.414875 -0.664797 -0.646212 -0.242929 0.187306 0.365244 0.340099 0.378322 0.736850 1.137082 1.281554 1.118759 0.748102 0.492205 0.366262 0.423296 0.476133 0.373681 0.157115 -0.032544 -0.223701 -0.371346 -0.373201 -0.227269 -0.210884 -0.276735 -0.159671 0.143203 0.421468 0.390210 0.202035 0.213813 0.454853 0.506363 0.318725 0.089267 0.215970 0.473266 0.432825 0.465508 0.684244
-0.212429 -0.633203 -0.808245 -0.571472 -0.227400 -0.336935 -0.562036 -0.481213 -0.315528 0.024592 0.560285 0.652513 0.091233 -0.610889 -0.728207 -0.450735 -0.483233 -0.556225 -0.498274 -0.415803 -0.074054 0.282473 0.333167 0.073064 -0.134330 0.113338 0.408656 0.449034 0.244389 -0.092275 -0.198505 -0.340697 -0.567773 -0.565965 -0.174748 0.367246 0.734044 0.759784 0.469690 0.314270 0.244464 0.222257 0.329244 0.367105 0.341053 0.443745 0.437717 0.220500 0.278474 0.451859 0.418015 0.184649 -0.209890 -0.601188 -0.810471 -0.523211 0.003121 0.156323 -0.054790 -0.365221 -0.447739 -0.128169 0.228490 0.281746 0.074630 -0.058043 -0.033434 0.183890 0.413182 0.424413 0.386572 0.204546 -0.000621 -0.144178 -0.452172 -0.513603 -0.120036 0.178004 0.127205 -0.067288 -0.370664 -0.600786 -0.636846 -0.444132 -0.050604 0.155027 -0.003925 -0.378675 -0.598257 -0.445147 -0.214927 0.002463 0.155413 0.341956 0.463890 0.393940 0.303175 0.026050 -0.216046 -0.080159 0.103317 0.027558 -0.150103 -0.123254 0.149643 0.347189 0.203385 -0.100698 -0.427396 -0.565305 -0.318612 -0.042091 0.059039 0.142094 0.142710 0.285666 0.543418 0.390764 -0.082154 -0.246335 0.027769 0.319698 0.500978 0.471999 0.384441 0.354005 0.140322 -0.261347 -0.409056 -0.287762 -0.015125 -0.004448 -0.279536 -0.472433 -0.716288 -0.757302 -0.586521 -0.576092 -0.405187 0.051874 0.370893 0.405535 0.383062 0.406470 0.170087 -0.142474 -0.060278 0.021266 -0.135720 -0.362323 -0.606015 -0.684958 -0.492193 -0.283481 -0.146779 0.057865 0.186394 0.439159 0.807251 0.933029 0.741731 0.442502 0.317306 0.238696 0.259142 0.424990 0.308540 -0.132257 -0.401940 -0.441264 -0.356265 -0.198028 -0.015788 -0.050622 -0.296120 -0.526179 -0.326154 0.177358 0.304362 0.219527 0.212581 0.284247 0.312360 0.374676 0.314595 0.264619 0.320290 0.313727 0.421108 0.641173
-0.366713 -0.769192 -0.962446 -0.781240 -0.352802 -0.215555 -0.370707 -0.336790 -0.113273 0.141924 0.506843 0.488114 -0.044581 -0.619799 -0.676011 -0.458546 -0.495341 -0.483363 -0.344180 -0.249247 0.110552 0.370422 0.229713 -0.132867 -0.356508 -0.047732 0.322533 0.440703 0.233637 -0.098626 -0.127098 -0.202412 -0.336979 -0.459838 -0.476467 -0.255803 0.116561 0.379009 0.391412 0.200802 -0.046973 -0.057185 0.188754 0.432004 0.487723 0.393931 0.194029 0.111338 0.173522 0.165843 0.114907 -0.020666 -0.364555 -0.739846 -0.802870 -0.397162 0.036184 0.120592 -0.033829 -0.301477 -0.187144 0.449419 0.827131 0.719710 0.478067 0.282953 0.097120 0.064793 0.283390 0.378953 0.299738 0.060014 -0.098304 -0.140049 -0.356645 -0.448944 -0.160713 0.020693 -0.212466 -0.514100 -0.780868 -0.989515 -0.958351 -0.679671 -0.300156 -0.167532 -0.344419 -0.459911 -0.295421 -0.117193 0.086045 0.497450 0.681854 0.570592 0.359051 0.153078 0.186682 0.121151 -0.076843 -0.027962 0.110354 0.040961 -0.117970 -0.158553 -0.033041 0.084932 -0.010253 -0.216376 -0.461336 -0.532290 -0.219517 0.037618 0.049489 0.132664 0.134234 0.287887 0.516633 0.305979 -0.143890 -0.185056 0.207179 0.457199 0.470558 0.348702 0.236084 0.143532 -0.158084 -0.453859 -0.263710 0.089184 0.291367 0.092863 -0.280618 -0.391718 -0.476666 -0.505554 -0.447314 -0.531328 -0.375899 0.132618 0.435821 0.420268 0.393210 0.543727 0.448543 -0.003855 -0.129995 0.072146 0.077894 -0.191030 -0.613380 -0.892395 -0.762705 -0.511838 -0.398662 -0.122126 0.025515 0.251340 0.697656 0.781991 0.576176 0.405070 0.326185 0.347108 0.433201 0.599461 0.565988 0.055438 -0.393098 -0.433008 -0.240269 -0.020256 0.140350 0.012284 -0.307468 -0.553631 -0.364831 0.117203 0.194966 0.173096 0.379943 0.560370 0.544875 0.569074 0.496017 0.321226 0.205527 0.144953 0.168068 0.176357
-0.733166 -0.991345 -1.103316 -0.876069 -0.414489 -0.095868 -0.084348 -0.043564 0.073152 0.122488 0.241375 0.156069 -0.225753 -0.545936 -0.525852 -0.325287 -0.238551 -0.149650 -0.021686 0.113406 0.359108 0.402428 0.216986 -0.070309 -0.197120 0.084665 0.255771 0.191479 0.049181 -0.131284 -0.119027 -0.051241 -0.056452 -0.245986 -0.461201 -0.556102 -0.357240 0.074111 0.302416 0.134855 -0.122842 -0.059383 0.169950 0.286397 0.225081 0.104237 -0.002625 0.033695 0.048694 -0.002301 0.016910 -0.075209 -0.403752 -0.719498 -0.690688 -0.275199 0.088815 0.226645 0.270486 0.145844 0.219920 0.674111 0.762780 0.533756 0.451967 0.350593 0.076007 -0.190314 0.001924 0.261640 0.166085 -0.141517 -0.285439 -0.192497 -0.226336 -0.236355 0.031093 0.074678 -0.351698 -0.702652 -0.880843 -1.020789 -0.887609 -0.443020 -0.054894 -0.124403 -0.459617 -0.479116 -0.115725 -0.000543 0.092872 0.516522 0.682107 0.453812 0.172327 -0.056629 0.039648 0.183008 0.097590 0.060434 0.154835 0.176833 0.066174 -0.206942 -0.355528 -0.232958 -0.048499 -0.086304 -0.343832 -0.439699 -0.147179 0.079000 0.172603 0.390968 0.441109 0.528574 0.584135 0.279087 -0.014605 0.102198 0.345748 0.410074 0.401620 0.363672 0.361129 0.307638 -0.023543 -0.255501 0.084507 0.446803 0.420277 0.067203 -0.225590 -0.200964 -0.169271 -0.343237 -0.589248 -0.778818 -0.619754 -0.031492 0.324989 0.307870 0.300420 0.511853 0.502292 0.105305 -0.040082 0.210233 0.257681 -0.068830 -0.562894 -0.865632 -0.638733 -0.165212 0.021306 0.114048 0.123283 0.278304 0.642311 0.695704 0.659015 0.684245 0.556755 0.564627 0.639538 0.691495 0.781663 0.424142 -0.131186 -0.246353 -0.017106 0.116087 0.076160 -0.102278 -0.206695 -0.189011 0.004502 0.258365 0.158050 0.106830 0.465251 0.795415 0.779727 0.641058 0.453786 0.293222 0.161022 0.028433 -0.061559 -0.195188
-1.024626 -1.106788 -1.107917 -0.786618 -0.310901 -0.003664 -0.041207 -0.086254 -0.000856 0.085554 0.188321 0.133335 -0.061816 -0.189693 -0.201440 -0.112568 0.009701 0.088117 0.050208 0.146037 0.457770 0.623910 0.589596 0.273637 0.020896 0.179648 0.188463 -0.041889 -0.086152 -0.194399 -0.310919 -0.118070 0.024492 -0.237721 -0.558457 -0.622942 -0.251729 0.312273 0.632070 0.557514 0.148852 -0.016757 0.057833 -0.007776 -0.206700 -0.253504 -0.158173 -0.102384 -0.160192 -0.166997 -0.067959 -0.056582 -0.264960 -0.467753 -0.409326 -0.085098 0.139101 0.290436 0.512875 0.584338 0.505657 0.443626 0.149627 -0.056439 0.106700 0.170577 -0.014909 -0.285165 -0.243533 -0.069614 -0.183942 -0.427372 -0.446260 -0.245416 -0.166703 -0.074852 0.200712 0.229879 -0.154411 -0.473698 -0.659302 -0.738067 -0.530485 -0.161324 0.124024 0.083685 -0.114972 -0.168022 0.003672 0.000418 -0.035022 0.173671 0.318675 0.309602 0.275571 0.169015 0.252097 0.363190 0.210023 0.117938 0.244362 0.343955 0.284974 -0.137567 -0.537012 -0.426451 -0.058774 -0.043967 -0.247595 -0.280877 -0.137981 -0.141816 -0.131853 0.202645 0.565293 0.820558 0.901020 0.608215 0.321253 0.302368 0.298088 0.196355 0.160038 0.264760 0.546012 0.760445 0.541645 0.198589 0.326100 0.596652 0.468435 0.014743 -0.263294 -0.233616 -0.197068 -0.382505 -0.650104 -0.801557 -0.710175 -0.246461 0.129954 0.206824 0.242066 0.450336 0.478419 0.191175 0.027994 0.064417 0.002174 -0.189560 -0.408472 -0.518175 -0.244777 0.252574 0.448014 0.389000 0.229801 0.164590 0.328342 0.420485 0.609194 0.808902 0.650857 0.513399 0.448424 0.480226 0.751408 0.651778 0.140573 -0.034042 0.159087 0.145560 -0.178480 -0.387790 -0.156417 0.187280 0.377463 0.299966 0.035464 0.070305 0.509821 0.741044 0.615430 0.406137 0.259583 0.197295 0.024863 -0.197810 -0.295498 -0.309730
-0.827681 -0.927225 -0.962728 -0.626728 -0.211958 -0.089770 -0.333813 -0.558741 -0.353650 0.083718 0.370029 0.328457 0.247564 0.151259 -0.044115 -0.056625 0.062074 0.028311 -0.085232 0.107965 0.570264 0.828321 0.855196 0.501587 0.027837 -0.010662 0.009865 -0.140796 -0.075220 -0.097558 -0.320410 -0.194043 0.039532 -0.207415 -0.631110 -0.606582 0.026235 0.639545 0.975351 0.968410 0.406387 -0.037734 -0.087617 -0.248189 -0.529809 -0.517234 -0.268580 -0.143024 -0.219935 -0.252264 -0.151386 -0.002481 -0.018853 -0.145290 -0.122804 0.068170 0.142321 0.215413 0.487570 0.774580 0.717491 0.265088 -0.309856 -0.495390 -0.234953 -0.125663 -0.241798 -0.352965 -0.356582 -0.302465 -0.398263 -0.511371 -0.386593 -0.185552 -0.130695 -0.068781 0.037694 0.008270 -0.185778 -0.398467 -0.548700 -0.448814 -0.142779 -0.055545 -0.036623 0.063039 0.224932 0.280998 0.258573 0.207381 0.064853 0.007797 0.149643 0.309305 0.339910 0.249425 0.262204 0.285396 0.132311 0.079708 0.249390 0.351341 0.308102 -0.034844 -0.460725 -0.446389 -0.149858 -0.118471 -0.060295 0.110898 0.017049 -0.400384 -0.699376 -0.418757 0.237408 0.723990 0.995842 0.905414 0.580321 0.263603 0.033658 -0.093528 -0.059561 0.094244 0.471474 0.910992 0.908598 0.536674 0.391654 0.462110 0.311903 -0.051444 -0.335552 -0.520951 -0.614701 -0.556439 -0.428982 -0.376859 -0.494351 -0.495072 -0.222491 0.072687 0.232201 0.448675 0.522610 0.311340 0.055589 -0.167418 -0.300265 -0.256093 -0.127902 -0.077397 0.116669 0.509583 0.709720 0.533882 0.148588 -0.088509 0.012785 0.142791 0.424147 0.770314 0.711599 0.445663 0.091971 0.087887 0.545786 0.595825 0.123408 -0.106917 0.041893 0.061699 -0.290421 -0.530958 -0.298388 0.094930 0.238391 0.009368 -0.207615 -0.009790 0.444816 0.509873 0.250855 0.010887 -0.093991 -0.161460 -0.372394 -0.555308 -0.560453 -0.460463
-0.408434 -0.654088 -0.858966 -0.631954 -0.377414 -0.432557 -0.651163 -0.818731 -0.477733 0.146742 0.411954 0.178604 0.045258 -0.000682 -0.147335 -0.064009 0.052583 -0.154138 -0.297496 -0.010896 0.382555 0.532388 0.640560 0.477085 -0.034642 -0.330649 -0.328237 -0.276908 -0.103877 0.013172 -0.117041 -0.076185 0.100984 -0.088591 -0.484213 -0.512324 0.012305 0.439050 0.522407 0.424922 0.197116 0.050057 0.048677 -0.180663 -0.589772 -0.578288 -0.178534 0.005682 -0.161851 -0.302927 -0.238263 -0.107272 -0.057392 -0.052116 0.053431 0.140832 0.062522 0.048737 0.317666 0.701727 0.717740 0.209028 -0.429484 -0.667250 -0.417351 -0.217604 -0.225222 -0.233550 -0.268159 -0.249353 -0.211526 -0.185064 -0.141559 -0.142245 -0.112092 -0.072588 -0.145835 -0.274035 -0.411742 -0.628727 -0.696254 -0.380126 -0.022071 -0.071248 -0.193721 -0.064048 0.190620 0.318715 0.379378 0.495124 0.400858 0.242715 0.216379 0.144165 0.061882 0.095694 0.081830 -0.010133 -0.032938 0.070451 0.287651 0.320997 0.210949 -0.019187 -0.425774 -0.556368 -0.398087 -0.302839 0.004221 0.335377 0.175243 -0.371877 -0.733967 -0.463970 0.208646 0.607015 0.779622 0.843700 0.645614 0.167117 -0.217138 -0.197347 0.157253 0.361557 0.497288 0.814288 0.983314 0.730855 0.379792 0.109237 -0.177539 -0.422244 -0.603837 -0.777173 -0.815083 -0.538789 -0.174984 -0.062770 -0.308676 -0.576863 -0.396799 0.034349 0.290052 0.396467 0.394302 0.295493 0.063697 -0.221629 -0.301303 -0.130023 0.133147 0.270967 0.383378 0.533304 0.557134 0.385888 0.104625 -0.027152 0.045338 0.105213 0.360754 0.776062 0.878507 0.610706 0.071558 0.006790 0.438604 0.398542 -0.090638 -0.272107 -0.009773 0.180353 -0.060665 -0.322394 -0.341269 -0.163905 -0.084981 -0.186143 -0.208697 -0.014965 0.291968 0.296756 0.062526 -0.149446 -0.251713 -0.413136 -0.667955 -0.764946 -0.741133 -0.736627
-0.108630 -0.338571 -0.646344 -0.650981 -0.600734 -0.700042 -0.693877 -0.574432 -0.192588 0.198809 0.238838 -0.087835 -0.189197 -0.111936 -0.096923 0.049606 -0.003726 -0.355256 -0.525875 -0.380448 -0.233803 -0.042337 0.304982 0.314034 -0.076788 -0.380368 -0.454893 -0.410916 -0.262662 -0.145325 -0.168275 -0.032983 0.150334 0.046223 -0.238480 -0.245544 0.114660 0.242412 0.014584 -0.080866 0.072757 0.236645 0.209689 -0.136989 -0.586122 -0.483567 0.069830 0.215370 -0.128251 -0.383410 -0.273453 -0.137152 -0.128770 -0.115188 0.008653 0.039278 -0.123112 -0.180920 0.056688 0.440640 0.522501 0.166485 -0.401201 -0.702321 -0.418675 -0.014662 0.142067 0.108341 -0.048877 -0.050859 0.125199 0.181863 -0.027005 -0.287542 -0.215741 -0.053296 -0.101710 -0.258596 -0.540186 -0.865699 -0.826194 -0.425233 -0.165559 -0.200655 -0.203222 -0.047753 -0.010919 0.034832 0.373055 0.732581 0.681069 0.536380 0.356187 -0.018214 -0.195614 0.025701 0.096681 -0.023418 -0.010420 0.106194 0.346217 0.375973 0.231591 0.019455 -0.429349 -0.751759 -0.756377 -0.700395 -0.422233 0.013924 0.164289 -0.063770 -0.285027 -0.058613 0.422138 0.495350 0.325385 0.373892 0.399859 -0.037464 -0.410778 -0.121921 0.492330 0.660858 0.453637 0.461782 0.676367 0.548777 0.176513 -0.237146 -0.660389 -0.823627 -0.693394 -0.576783 -0.561306 -0.397641 -0.108887 -0.065454 -0.299093 -0.439530 -0.198411 0.134065 0.282109 0.203884 0.068080 0.101968 0.048614 -0.188326 -0.297702 -0.197867 0.061564 0.295980 0.325754 0.113940 -0.153023 -0.089739 0.154628 0.287023 0.245112 0.218462 0.476365 0.855658 0.941612 0.641032 0.227103 0.278453 0.588918 0.430216 -0.104332 -0.283297 0.080677 0.412913 0.252897 -0.087110 -0.305569 -0.196392 -0.017682 0.060193 0.121943 0.222525 0.367059 0.358279 0.173144 -0.012652 -0.087650 -0.366541 -0.761944 -0.850282 -0.828033 -0.932044
-0.046106 -0.032748 -0.291813 -0.515498 -0.577643 -0.617767 -0.500102 -0.275201 -0.024233 0.038336 -0.040987 -0.220474 -0.136896 0.052486 0.071915 0.191396 -0.011993 -0.478469 -0.697701 -0.707261 -0.655395 -0.314974 0.139244 0.131581 -0.110165 -0.207569 -0.327867 -0.446618 -0.418830 -0.407133 -0.416949 -0.227993 0.029511 0.135652 -0.005847 0.045652 0.328997 0.300665 -0.025462 -0.132636 0.001103 0.162348 0.123284 -0.105524 -0.244176 0.091565 0.615186 0.501349 -0.076429 -0.371067 -0.133152 0.058798 0.026917 -0.061354 -0.153864 -0.271991 -0.432942 -0.476198 -0.299420 0.040888 0.175447 0.032948 -0.321618 -0.466697 -0.035946 0.370034 0.395899 0.257167 0.131244 0.145166 0.336039 0.369353 0.040626 -0.346716 -0.271167 -0.013624 0.024220 -0.134562 -0.631947 -1.009863 -0.748186 -0.330853 -0.245589 -0.352455 -0.288565 -0.088203 -0.116875 -0.030329 0.402609 0.702727 0.657979 0.704706 0.611534 0.064473 -0.239168 0.009299 0.165702 0.194326 0.232943 0.123936 0.143269 0.164615 0.032590 -0.200591 -0.546958 -0.835138 -0.895754 -0.898915 -0.786335 -0.377675 0.099266 0.208336 0.081351 0.232080 0.487677 0.287338 -0.101446 -0.179651 -0.075192 -0.330826 -0.543345 -0.130708 0.445235 0.553760 0.295565 0.158706 0.240272 0.104565 -0.112849 -0.381876 -0.833731 -0.898730 -0.375356 0.007340 -0.099680 -0.207758 -0.058342 -0.146168 -0.455933 -0.484421 -0.142568 0.072013 0.059832 -0.087654 -0.222206 -0.091499 0.015084 -0.123973 -0.265461 -0.285614 -0.160936 0.052785 0.011508 -0.383491 -0.749075 -0.523203 0.113422 0.455346 0.345583 0.213379 0.415693 0.777985 0.827517 0.549234 0.395439 0.611721 0.899994 0.787037 0.178777 -0.206090 0.084625 0.473474 0.337690 -0.039047 -0.229644 -0.089435 0.086783 0.146653 0.218352 0.402193 0.559677 0.516305 0.301082 0.103170 0.034947 -0.305557 -0.739332 -0.774080 -0.801340 -1.007969
-0.272169 -0.029132 -0.056310 -0.282276 -0.462838 -0.453830 -0.305728 -0.236621 -0.236638 -0.345935 -0.410088 -0.457124 -0.325251 0.009844 0.238567 0.479988 0.252373 -0.349923 -0.665655 -0.596256 -0.441445 -0.231115 0.115210 0.150736 -0.019488 -0.113427 -0.228202 -0.305126 -0.383952 -0.558483 -0.649974 -0.543878 -0.237586 0.150340 0.174216 0.149739 0.265491 0.203849 -0.108576 -0.315413 -0.227022 -0.060390 -0.103817 -0.151385 0.049694 0.482831 0.848086 0.624078 -0.001150 -0.233652 0.077122 0.223009 0.162674 0.113924 -0.113170 -0.446563 -0.759987 -0.904898 -0.723961 -0.349921 -0.177392 -0.131616 -0.124804 0.059866 0.566129 0.763705 0.487618 0.344665 0.396261 0.406921 0.475680 0.432626 0.085112 -0.286898 -0.212112 0.036401 0.134267 -0.000830 -0.625531 -1.031948 -0.649139 -0.216774 -0.169889 -0.394521 -0.486779 -0.309394 -0.188331 -0.024732 0.252177 0.395724 0.479461 0.760006 0.817013 0.258732 -0.091294 0.104449 0.228836 0.295445 0.346729 0.091635 -0.109716 -0.153404 -0.289493 -0.531553 -0.690990 -0.670093 -0.607643 -0.653866 -0.665890 -0.389847 0.022566 0.126873 0.141507 0.413108 0.525847 0.173508 -0.223568 -0.341069 -0.243365 -0.384573 -0.543052 -0.240688 0.136934 0.180510 0.056779 -0.048780 -0.116699 -0.251916 -0.260787 -0.300754 -0.661753 -0.729945 -0.147288 0.350028 0.216137 -0.044659 -0.032232 -0.176133 -0.481284 -0.500803 -0.212640 -0.067901 -0.094306 -0.118830 -0.167594 -0.113219 -0.008386 -0.006980 -0.020862 -0.020312 -0.055563 -0.099361 -0.241025 -0.523398 -0.800173 -0.712154 -0.121416 0.336610 0.281550 -0.025576 -0.090801 0.282946 0.540380 0.398416 0.349223 0.618086 0.974703 0.987453 0.480831 0.128821 0.349163 0.552388 0.298669 0.008861 -0.034719 0.111368 0.170989 0.019493 -0.061375 0.157998 0.359318 0.315174 0.188052 0.126451 0.068784 -0.277518 -0.596485 -0.511233 -0.590857 -0.869683
-0.383829 -0.095205 0.069012 -0.060471 -0.295832 -0.213617 -0.042656 -0.230109 -0.445409 -0.518987 -0.544503 -0.591756 -0.523582 -0.046293 0.472254 0.804368 0.548431 -0.127045 -0.525533 -0.303347 -0.006598 -0.013259 0.142362 0.210191 -0.014880 -0.296156 -0.296485 -0.015953 -0.029315 -0.427172 -0.746949 -0.703068 -0.361377 0.090034 0.204813 0.137360 0.094979 0.044306 -0.127216 -0.290117 -0.258039 -0.277707 -0.489289 -0.593808 -0.305683 0.280275 0.631980 0.395868 -0.114895 -0.161216 0.157239 0.296334 0.295932 0.310964 0.121481 -0.304539 -0.787640 -1.046743 -0.866143 -0.483034 -0.264386 -0.063735 0.205773 0.546487 0.920981 0.916833 0.449271 0.371815 0.617832 0.676824 0.639490 0.473751 0.105496 -0.233442 -0.196297 0.040309 0.201160 0.040790 -0.531612 -0.886864 -0.522127 -0.015447 0.049390 -0.300132 -0.631059 -0.634096 -0.446855 -0.283549 -0.101582 -0.001851 0.160431 0.516261 0.657726 0.337382 0.137645 0.258963 0.294005 0.281272 0.265535 -0.015978 -0.270679 -0.382475 -0.437016 -0.498439 -0.504045 -0.390302 -0.294446 -0.315453 -0.274280 -0.060738 0.018369 -0.124561 -0.070579 0.305811 0.459509 0.174144 -0.091893 -0.128123 -0.053673 -0.205160 -0.432170 -0.333843 -0.071505 -0.026049 -0.128832 -0.243857 -0.361961 -0.494585 -0.402243 -0.260133 -0.419001 -0.500760 -0.176917 0.188264 0.142921 -0.015828 0.018054 -0.037556 -0.279995 -0.403611 -0.258107 -0.100637 -0.053873 0.030375 0.027916 0.038065 0.180142 0.280920 0.346409 0.333622 0.196170 0.026622 -0.067157 -0.184896 -0.438340 -0.579536 -0.213200 0.246636 0.251580 -0.173419 -0.525691 -0.200889 0.346350 0.357838 0.169437 0.329190 0.730280 0.759139 0.438365 0.340382 0.493057 0.443169 0.177363 0.049671 0.007772 0.100408 0.127330 -0.109695 -0.248568 -0.050065 0.082367 0.051939 0.145080 0.329755 0.236712 -0.131806 -0.360877 -0.337014 -0.435378 -0.606132
-0.384324 -0.315552 -0.164723 -0.033647 0.048016 0.218424 0.197193 -0.174739 -0.344087 -0.327645 -0.412103 -0.471395 -0.330382 0.120429 0.556667 0.838925 0.607987 -0.029146 -0.394708 -0.058805 0.299692 0.254957 0.260465 0.181871 -0.110254 -0.486426 -0.442084 0.065742 0.265670 -0.079893 -0.494615 -0.551701 -0.398411 -0.100450 0.140810 0.197589 0.097614 0.032925 0.005358 -0.036687 -0.167970 -0.456950 -0.821465 -1.003649 -0.711029 -0.062054 0.216981 -0.102352 -0.438699 -0.214524 0.267309 0.627019 0.632044 0.395641 0.193645 -0.106202 -0.558927 -0.797403 -0.639984 -0.401519 -0.184101 0.191179 0.522847 0.715966 0.821123 0.690759 0.248564 0.188209 0.460093 0.652308 0.747963 0.542027 0.161797 -0.148000 -0.168520 0.103486 0.295727 0.104632 -0.232833 -0.409366 -0.167078 0.154392 0.035733 -0.395263 -0.746285 -0.825971 -0.646762 -0.483458 -0.363572 -0.347507 -0.154954 0.304193 0.535144 0.453420 0.386396 0.397003 0.381329 0.399059 0.321364 -0.019392 -0.242914 -0.316246 -0.299253 -0.230466 -0.177600 -0.233140 -0.308003 -0.285840 -0.055342 0.200779 0.122798 -0.130574 -0.171072 0.071861 0.183634 0.017535 -0.023988 0.086839 0.160751 0.026733 -0.212610 -0.270646 -0.069496 -0.014579 -0.181815 -0.289424 -0.350420 -0.438043 -0.313914 -0.202374 -0.373400 -0.499791 -0.380403 -0.168844 -0.022572 0.050888 0.077538 0.010668 -0.242341 -0.502492 -0.400135 -0.069919 0.134519 0.231959 0.195864 0.235432 0.491661 0.678167 0.652065 0.433105 0.273823 0.284049 0.269709 0.029651 -0.341011 -0.423248 0.001062 0.432230 0.430111 0.027473 -0.359758 -0.144294 0.328745 0.334137 0.049074 0.099096 0.393355 0.283141 0.080407 0.177039 0.307893 0.168771 -0.029065 -0.106681 -0.272187 -0.287216 -0.267801 -0.394724 -0.309604 0.027193 0.138155 0.139674 0.335690 0.581712 0.435697 0.094560 -0.119365 -0.290045 -0.413940 -0.468922
-0.408674 -0.580460 -0.485934 -0.013784 0.385785 0.404780 0.031127 -0.328893 -0.233814 -0.142286 -0.364077 -0.423659 -0.116235 0.129625 0.307005 0.635865 0.560151 0.064781 -0.129784 0.290943 0.546949 0.482572 0.416628 0.121358 -0.165897 -0.484093 -0.543926 -0.057016 0.416404 0.395564 0.073508 -0.229623 -0.442886 -0.268392 0.141500 0.393496 0.340208 0.212002 0.175615 0.147519 -0.098918 -0.471558 -0.873855 -0.982577 -0.614081 -0.182350 -0.120915 -0.365590 -0.441757 -0.142023 0.368479 0.852156 0.778967 0.279045 0.067604 0.010402 -0.279147 -0.456235 -0.334129 -0.226846 -0.030065 0.432836 0.738615 0.776036 0.770697 0.711680 0.434663 0.283147 0.289909 0.428353 0.601473 0.425378 0.184622 -0.010906 -0.046124 0.260985 0.432997 0.265482 0.152120 0.143074 0.183153 0.100459 -0.204218 -0.509896 -0.631810 -0.664004 -0.593243 -0.476617 -0.422099 -0.506433 -0.318861 0.188572 0.476889 0.599513 0.659405 0.567878 0.496907 0.535584 0.369416 0.049653 -0.037201 -0.054901 -0.090112 -0.036154 0.022772 -0.120955 -0.380435 -0.424977 -0.135640 0.089470 0.097065 -0.017545 -0.115707 -0.079860 -0.058903 -0.174096 -0.164843 0.004288 0.159457 0.143041 0.042362 0.020195 0.096908 -0.020457 -0.264106 -0.284534 -0.210868 -0.098636 0.112016 0.070703 -0.296102 -0.544652 -0.477500 -0.288119 -0.066802 0.027497 -0.107365 -0.277338 -0.446870 -0.621938 -0.471774 -0.095067 0.243091 0.427451 0.385513 0.380419 0.655191 0.886551 0.680341 0.261462 0.135296 0.320447 0.384355 -0.045191 -0.585332 -0.473957 0.170994 0.565935 0.533643 0.283248 0.118583 0.222324 0.260154 -0.009009 -0.218576 0.005095 0.208002 -0.012723 -0.091139 0.145714 0.287098 0.089199 -0.139448 -0.279678 -0.479707 -0.617042 -0.746609 -0.721894 -0.279365 0.251193 0.355711 0.407584 0.654994 0.804425 0.611969 0.294189 0.001011 -0.230752 -0.285538 -0.308778
-0.371726 -0.596810 -0.546584 -0.049894 0.326133 0.293677 -0.132351 -0.498141 -0.403586 -0.226024 -0.373762 -0.387864 -0.103124 -0.142622 -0.107427 0.362572 0.483156 0.274693 0.307274 0.620607 0.631923 0.424472 0.294628 -0.018414 -0.271151 -0.479139 -0.485970 -0.009051 0.535867 0.634586 0.350621 -0.095014 -0.432255 -0.287640 0.176530 0.570220 0.617652 0.427876 0.284716 0.204258 -0.007890 -0.267858 -0.610056 -0.654888 -0.235961 0.025819 -0.070168 -0.251247 -0.215061 -0.103957 0.034909 0.333749 0.407237 0.063053 -0.153558 -0.117625 -0.161964 -0.188531 -0.026890 0.104275 0.290669 0.675734 0.857734 0.811141 0.806796 0.876404 0.801467 0.605325 0.410027 0.430240 0.451389 0.214146 0.111686 0.032542 -0.016474 0.199079 0.285621 0.140590 0.124996 0.235371 0.146178 -0.121212 -0.329150 -0.395844 -0.318084 -0.341592 -0.445529 -0.459981 -0.432795 -0.515392 -0.339630 0.101251 0.359530 0.600689 0.778265 0.662955 0.567514 0.611109 0.419518 0.195668 0.165680 0.075467 -0.048403 0.000850 0.107363 0.117412 -0.089401 -0.223895 -0.063069 0.020869 0.005859 -0.006477 -0.043009 -0.079832 -0.030394 -0.128333 -0.283999 -0.191683 0.011556 0.156758 0.277955 0.333404 0.265113 0.020494 -0.251872 -0.211590 -0.048073 0.182701 0.409729 0.297306 -0.076099 -0.225088 -0.078862 -0.012332 -0.054116 -0.144432 -0.344075 -0.470824 -0.445861 -0.431342 -0.312078 -0.131827 0.158446 0.447983 0.478589 0.406662 0.571918 0.761971 0.451903 -0.088173 -0.429897 -0.377293 0.032991 -0.088726 -0.500987 -0.308802 0.274391 0.556668 0.519774 0.442550 0.491166 0.461524 0.113460 -0.372613 -0.405414 0.086809 0.290554 0.072433 0.049214 0.270472 0.377508 0.194422 -0.028871 -0.224154 -0.401533 -0.553165 -0.728586 -0.616926 -0.087460 0.419654 0.514717 0.621683 0.891426 0.931814 0.706809 0.357965 -0.014102 -0.117641 0.024065 0.016318
-0.177807 -0.342144 -0.388543 -0.214078 -0.025805 0.057459 -0.152985 -0.404390 -0.361266 -0.192297 -0.284903 -0.303174 -0.017673 0.038880 0.047967 0.314515 0.402046 0.509839 0.753289 0.831410 0.535670 0.123155 -0.030308 -0.149911 -0.340035 -0.403154 -0.178942 0.227781 0.521794 0.550246 0.364751 -0.025285 -0.339674 -0.283252 0.083226 0.538898 0.679089 0.470712 0.239567 0.155492 0.087453 -0.004425 -0.243714 -0.330125 -0.013618 0.194658 0.090870 -0.061755 -0.059180 -0.126560 -0.301692 -0.181691 0.039250 -0.073554 -0.335193 -0.391146 -0.268388 -0.150631 0.135091 0.395708 0.477348 0.620717 0.657569 0.581559 0.644512 0.823785 0.847111 0.642988 0.499461 0.622693 0.585432 0.266006 0.150373 0.121008 0.006259 0.028211 0.048337 -0.129136 -0.250362 -0.054315 0.081700 -0.019114 -0.124430 -0.133254 -0.131761 -0.290085 -0.442378 -0.490841 -0.525929 -0.562872 -0.323618 0.023419 0.214560 0.439887 0.600452 0.540621 0.547183 0.705689 0.662331 0.485018 0.285692 0.042593 -0.150407 -0.069133 0.203420 0.442357 0.392809 0.307479 0.343308 0.220149 0.071804 0.110836 0.180432 0.050474 0.001351 -0.045238 -0.193209 -0.192904 -0.052751 0.162782 0.386310 0.548703 0.507548 0.261645 0.005461 -0.015523 -0.009895 0.054486 0.199499 0.124297 -0.049272 0.190683 0.571242 0.523230 0.170142 -0.129879 -0.339780 -0.444911 -0.324932 -0.219021 -0.202722 -0.148194 0.117589 0.448807 0.498627 0.401452 0.483716 0.581601 0.250532 -0.394406 -1.074138 -1.215165 -0.464273 -0.116347 -0.220391 -0.030907 0.262000 0.340881 0.296255 0.346010 0.552722 0.499126 0.038511 -0.401300 -0.252109 0.267458 0.369749 0.150475 0.029117 0.160478 0.423116 0.488843 0.302583 -0.056140 -0.327843 -0.369970 -0.355275 -0.225133 0.114141 0.453777 0.522039 0.579561 0.754294 0.714297 0.461523 0.103564 -0.201311 -0.098224 0.309626 0.481104
0.097438 -0.017455 -0.107909 -0.188138 -0.161811 -0.106914 -0.166189 -0.138324 0.005281 -0.061606 -0.417336 -0.498467 0.003054 0.496027 0.578070 0.464127 0.326540 0.495072 0.778430 0.728828 0.346728 -0.034188 -0.083159 -0.024208 -0.215638 -0.284728 0.061226 0.416982 0.501915 0.514884 0.520100 0.278464 -0.039774 -0.190234 -0.116178 0.220672 0.415969 0.241677 -0.113006 -0.267976 -0.137813 0.013729 -0.087326 -0.280849 -0.214716 -0.029106 0.027956 0.013080 0.058493 -0.008832 -0.271632 -0.316315 -0.144609 -0.058610 -0.155210 -0.257494 -0.242823 -0.217103 0.090849 0.435124 0.366659 0.260458 0.288728 0.341190 0.569938 0.854586 0.811452 0.482842 0.358415 0.598185 0.623605 0.399973 0.386602 0.448856 0.196050 -0.019625 -0.036800 -0.242171 -0.485503 -0.215630 0.305209 0.425097 0.232862 0.145595 -0.026107 -0.283320 -0.331036 -0.414975 -0.650704 -0.700840 -0.415239 -0.163963 0.005053 0.210627 0.411671 0.554364 0.683099 0.898808 0.956323 0.725275 0.321839 -0.068467 -0.341505 -0.225999 0.200883 0.520863 0.567444 0.606275 0.536879 0.326169 0.311829 0.465124 0.461734 0.167925 0.015916 0.079594 0.098484 0.155856 0.253539 0.320887 0.365665 0.542911 0.599136 0.405860 0.270611 0.165166 -0.084932 -0.239023 -0.198898 -0.178429 -0.088387 0.400510 0.816041 0.757696 0.315989 -0.086950 -0.286682 -0.414918 -0.257489 -0.126494 -0.205627 -0.204213 0.099126 0.442419 0.489399 0.473244 0.567744 0.580631 0.222533 -0.416094 -0.944815 -0.883631 -0.233437 0.091282 0.089149 0.174952 0.191140 0.103907 0.010413 0.056019 0.342074 0.331731 0.022322 -0.084658 0.172670 0.390274 0.257153 0.080997 -0.070272 0.065121 0.539868 0.813888 0.526984 -0.078618 -0.393689 -0.266744 -0.075204 0.027871 0.164626 0.314924 0.244023 0.142175 0.179834 0.071220 -0.174654 -0.303254 -0.244844 0.003613 0.404332 0.695003
0.186852 0.152445 0.101574 -0.100857 -0.202540 -0.169960 -0.141213 -0.065180 -0.032224 -0.372090 -0.854876 -0.734489 0.021023 0.630436 0.716658 0.527056 0.225689 0.138033 0.280745 0.241639 0.065122 -0.029106 -0.054867 -0.072522 -0.213068 -0.211852 0.140928 0.417626 0.407284 0.476978 0.628781 0.509498 0.165001 -0.167474 -0.319115 -0.212115 -0.091986 -0.216764 -0.647488 -0.916271 -0.663995 -0.248946 -0.116791 -0.225052 -0.263996 -0.196111 -0.172398 -0.188591 -0.062140 0.059728 -0.097047 -0.263499 -0.244566 -0.070631 0.084304 0.043098 -0.080181 -0.089686 0.217892 0.443345 0.237046 0.071048 0.166100 0.313254 0.618631 0.985961 0.861417 0.359252 0.113674 0.251804 0.339661 0.378877 0.541129 0.698802 0.427689 0.107680 0.049540 -0.135765 -0.293844 0.087276 0.731546 0.891438 0.610209 0.423211 0.238381 0.149508 0.158857 -0.155784 -0.582180 -0.638944 -0.448420 -0.315355 -0.081217 0.198680 0.513388 0.835228 0.927427 0.955761 0.910277 0.711590 0.366492 -0.100550 -0.573413 -0.619080 -0.201510 0.194968 0.347091 0.482859 0.349652 0.184782 0.352564 0.455396 0.244528 -0.048139 -0.013827 0.252172 0.384727 0.568386 0.641288 0.469304 0.328599 0.437846 0.431618 0.255980 0.240522 0.091628 -0.239184 -0.375811 -0.380628 -0.325303 -0.088218 0.277287 0.441019 0.458123 0.162976 -0.240031 -0.422258 -0.480508 -0.278479 -0.059016 -0.063322 -0.164307 -0.061331 0.169698 0.218737 0.340140 0.564254 0.669333 0.399900 -0.113232 -0.351181 -0.157823 0.187959 0.311487 0.298372 0.289610 0.186995 0.087461 0.011173 -0.078492 0.034731 0.009717 -0.060098 0.151583 0.383974 0.231899 -0.099564 -0.131620 -0.088999 0.027903 0.438494 0.721663 0.461871 -0.074183 -0.300771 -0.111303 0.059051 0.118107 0.223684 0.237477 0.009452 -0.190814 -0.247803 -0.422960 -0.580054 -0.394610 -0.049560 0.153842 0.384424 0.719622
0.178837 0.328152 0.445863 0.191237 -0.188313 -0.331474 -0.272230 -0.298632 -0.491356 -0.859328 -1.083555 -0.572471 0.310157 0.720857 0.652723 0.451191 0.080606 -0.181662 -0.109493 -0.131590 -0.163218 0.007325 -0.053033 -0.238578 -0.175545 0.082315 0.379691 0.488803 0.397366 0.468497 0.686064 0.568164 0.143772 -0.248806 -0.427746 -0.470475 -0.501539 -0.560979 -0.835104 -1.082811 -0.918587 -0.458052 -0.124643 0.092813 0.257338 0.124400 -0.159623 -0.350722 -0.275752 -0.105296 -0.158596 -0.269011 -0.338123 -0.323945 -0.176309 -0.079940 -0.043291 0.189275 0.583160 0.622975 0.360524 0.299038 0.379991 0.403704 0.600333 0.971541 0.877546 0.334906 -0.054389 -0.088327 0.111067 0.346395 0.473100 0.563752 0.387480 0.157131 0.172695 0.107338 -0.007339 0.326675 0.872612 0.952940 0.595804 0.346114 0.299950 0.452837 0.431019 -0.052439 -0.487906 -0.511122 -0.411382 -0.305259 0.037794 0.382369 0.673635 0.921422 0.828277 0.624093 0.466383 0.452766 0.443355 0.125386 -0.464881 -0.742602 -0.433896 -0.001630 0.151822 0.258559 0.076238 -0.100816 0.079036 0.069824 -0.261591 -0.445099 -0.176150 0.296192 0.573888 0.840755 0.860282 0.556416 0.338324 0.370474 0.288620 0.142997 0.089476 -0.154560 -0.410140 -0.337979 -0.285340 -0.274907 -0.130729 -0.015287 0.000742 0.073506 -0.030597 -0.353642 -0.587436 -0.557187 -0.242853 0.112513 0.216534 -0.018288 -0.190749 -0.044478 -0.082839 -0.099982 0.183515 0.552507 0.577938 0.296646 0.158441 0.163773 0.295273 0.444678 0.455628 0.339758 0.157249 0.070829 0.161561 0.185508 0.145200 -0.000356 -0.154271 -0.052632 0.124090 -0.091450 -0.445910 -0.422731 -0.202577 -0.019872 0.242442 0.429861 0.382840 0.087712 -0.170330 -0.143639 -0.108480 0.015816 0.344894 0.363934 0.037737 -0.211603 -0.300606 -0.398176 -0.384179 -0.182840 -0.053812 -0.068546 0.210911 0.665108
0.368138 0.610266 0.816805 0.545294 -0.058712 -0.477031 -0.485485 -0.479543 -0.680044 -0.932227 -0.906078 -0.202510 0.650172 0.927286 0.678797 0.360420 0.105741 0.047660 0.165147 -0.013010 -0.253814 -0.138726 -0.211830 -0.367061 -0.065287 0.297567 0.419159 0.448767 0.433134 0.459709 0.663747 0.599195 0.230326 -0.211750 -0.499718 -0.570364 -0.597139 -0.561717 -0.659500 -0.852075 -0.780849 -0.361453 0.023089 0.451209 0.805074 0.560524 0.042373 -0.292760 -0.343724 -0.306357 -0.365439 -0.412658 -0.523555 -0.656433 -0.518622 -0.169768 0.079926 0.433029 0.849312 0.779199 0.470660 0.461101 0.525850 0.410278 0.441961 0.740122 0.744782 0.296646 -0.122716 -0.154641 0.151067 0.395958 0.386135 0.324862 0.109867 -0.128333 -0.018304 0.171048 0.165314 0.352572 0.660232 0.609668 0.251608 -0.011446 0.012839 0.273070 0.301656 -0.084793 -0.449527 -0.561580 -0.496291 -0.277878 0.110596 0.389995 0.569377 0.632243 0.386936 0.172825 0.086862 0.203576 0.490959 0.505549 0.042537 -0.368219 -0.229626 0.128285 0.222173 0.141539 -0.127559 -0.229966 -0.058366 -0.122095 -0.439696 -0.548997 -0.293621 0.113644 0.443636 0.748918 0.823184 0.562959 0.248376 0.184910 0.233966 0.233058 0.037684 -0.352523 -0.516742 -0.215016 -0.031184 -0.029445 0.032410 0.055328 0.030909 -0.042231 -0.144778 -0.311246 -0.435377 -0.282359 0.111152 0.367064 0.285886 -0.021591 -0.222326 -0.108712 -0.230641 -0.436961 -0.195630 0.374164 0.595180 0.442650 0.313500 0.224004 0.354849 0.636478 0.697946 0.444449 0.071461 -0.063736 0.231392 0.575588 0.573670 0.262611 -0.154768 -0.264938 -0.060368 -0.147778 -0.394466 -0.395819 -0.155961 0.175390 0.254665 0.138834 0.150552 -0.002786 -0.353669 -0.527449 -0.493623 -0.235079 0.246242 0.390925 0.123758 -0.098414 -0.111289 -0.007385 0.107356 -0.019938 -0.563109 -1.073679 -0.546993 0.172264
0.529399 0.664898 0.889754 0.757954 0.215279 -0.306546 -0.419836 -0.403995 -0.621424 -0.897417 -0.773426 -0.070694 0.654982 0.945091 0.711481 0.399784 0.319507 0.398286 0.421492 0.125977 -0.267100 -0.331466 -0.427183 -0.500885 -0.127471 0.164566 0.042352 -0.017171 0.098371 0.182149 0.397692 0.553145 0.421485 -0.049748 -0.451072 -0.461416 -0.382169 -0.314743 -0.401011 -0.565406 -0.433087 0.011253 0.284218 0.539973 0.783035 0.632782 0.182096 -0.153226 -0.234532 -0.280642 -0.420035 -0.543346 -0.723155 -0.881004 -0.660570 -0.100770 0.299756 0.594957 0.909437 0.767054 0.329884 0.228528 0.400365 0.374040 0.367730 0.572076 0.586067 0.212318 -0.157256 -0.130918 0.125680 0.266817 0.241490 0.244995 0.118384 -0.251118 -0.313406 0.076882 0.425073 0.601375 0.605378 0.391215 0.127899 -0.073888 -0.041040 0.249002 0.361377 0.170601 -0.155878 -0.508355 -0.614780 -0.394589 -0.103758 0.008268 0.114200 0.168689 -0.010154 -0.094053 -0.035342 0.154641 0.573584 0.814232 0.481964 0.018694 0.044322 0.322421 0.364455 0.149770 -0.079494 -0.017529 0.083982 0.002914 -0.221913 -0.384313 -0.358096 -0.191391 0.006967 0.208591 0.446375 0.444603 0.112023 -0.082420 0.039977 0.170002 -0.012593 -0.370917 -0.500762 -0.196729 0.064814 0.177495 0.335088 0.364052 0.206252 -0.034054 -0.217235 -0.276858 -0.112569 0.290063 0.628278 0.536210 0.170839 -0.082865 -0.184007 -0.160871 -0.307266 -0.483524 -0.208098 0.338982 0.465188 0.342458 0.237546 0.107318 0.337029 0.750319 0.788792 0.380281 -0.104423 -0.219977 0.118316 0.665236 0.832062 0.458063 -0.105171 -0.312793 -0.095657 -0.134006 -0.299818 -0.252642 0.005008 0.381464 0.276499 -0.082834 -0.115266 -0.153635 -0.430205 -0.580051 -0.385442 -0.100100 0.171773 0.240366 0.115580 0.167612 0.297192 0.309554 0.168603 -0.212713 -1.086468 -1.953884 -1.284435 -0.308312
0.057910 0.178877 0.582109 0.825554 0.660394 0.294964 0.089409 -0.099332 -0.515453 -0.885213 -0.713050 -0.055037 0.536331 0.817617 0.721937 0.440555 0.249637 0.239238 0.327443 0.222036 -0.098274 -0.264144 -0.459031 -0.615424 -0.393895 -0.163303 -0.259441 -0.260990 -0.038284 0.046586 0.125307 0.403729 0.430193 -0.010616 -0.384080 -0.380859 -0.271310 -0.185512 -0.300518 -0.437232 -0.177650 0.301654 0.400405 0.360712 0.450686 0.500489 0.315854 0.129041 0.084297 0.018759 -0.175713 -0.445795 -0.652899 -0.732472 -0.618385 -0.211730 0.285558 0.540975 0.688736 0.566978 0.177194 0.089569 0.388600 0.481947 0.533695 0.722700 0.679678 0.264585 -0.155194 -0.253921 -0.130560 0.001730 0.112018 0.305599 0.322122 -0.077778 -0.269024 0.165677 0.673802 0.754136 0.522452 0.264871 0.095388 -0.026279 0.030914 0.371032 0.569751 0.557449 0.257491 -0.289856 -0.590346 -0.483572 -0.315845 -0.329400 -0.234871 -0.078234 -0.100148 -0.064644 0.005134 0.182759 0.642965 0.954215 0.671739 0.200411 0.202176 0.470567 0.472933 0.258531 0.161138 0.270143 0.227066 0.102437 -0.100486 -0.341229 -0.382821 -0.200084 -0.096260 -0.148611 0.006976 0.160912 0.033616 -0.115142 -0.131153 -0.091640 -0.185395 -0.341704 -0.417196 -0.259148 -0.070972 0.117567 0.386553 0.421153 0.256002 0.138958 -0.005060 -0.122107 -0.049875 0.339081 0.644891 0.455493 0.154711 0.075658 -0.023096 -0.198754 -0.419656 -0.488396 -0.158969 0.218402 0.118178 -0.066056 -0.088155 -0.135885 0.231331 0.782997 0.838391 0.384921 -0.078277 -0.203010 -0.039520 0.466329 0.751274 0.411917 -0.183396 -0.387016 -0.120083 -0.118536 -0.259197 -0.196327 -0.008461 0.216395 0.079445 -0.168321 -0.079486 0.052884 -0.092192 -0.159891 0.120946 0.380586 0.405139 0.131347 -0.038534 0.283731 0.559149 0.349388 -0.101501 -0.355370 -0.676427 -1.247345 -0.983173 -0.304924
-0.356729 -0.203299 0.273259 0.750068 0.943914 0.745199 0.442456 0.051341 -0.477415 -0.774203 -0.582019 -0.058508 0.439149 0.615330 0.586004 0.370082 0.018339 -0.087563 0.204308 0.308703 -0.025493 -0.266185 -0.492571 -0.729114 -0.689972 -0.419357 -0.180888 0.072128 0.317038 0.181142 -0.004954 0.204353 0.283363 -0.010888 -0.333227 -0.534111 -0.540936 -0.383976 -0.408907 -0.435605 -0.031589 0.434469 0.377262 0.143377 0.138827 0.314343 0.423241 0.424964 0.349893 0.201357 -0.037297 -0.424480 -0.615812 -0.585795 -0.619775 -0.415003 0.115098 0.307666 0.258607 0.208844 0.112221 0.225284 0.508750 0.556237 0.642741 0.860611 0.790320 0.376716 -0.080288 -0.380429 -0.331777 -0.070629 0.099769 0.241038 0.205905 -0.105225 -0.167731 0.273483 0.739160 0.695797 0.299846 0.026300 -0.081767 -0.110559 -0.048483 0.174972 0.367313 0.632596 0.635548 0.145854 -0.271967 -0.300064 -0.270158 -0.326421 -0.169426 -0.052997 -0.102421 0.010403 0.141724 0.311437 0.660709 0.931739 0.727161 0.302899 0.299079 0.537110 0.376257 0.106746 0.158155 0.322020 0.217931 0.054672 -0.168127 -0.421101 -0.343759 0.042609 0.111831 -0.228051 -0.399830 -0.284260 -0.058539 0.093341 0.057770 -0.103206 -0.322983 -0.423683 -0.333521 -0.122025 0.047507 0.264814 0.429858 0.284688 0.194554 0.401133 0.452694 0.173189 -0.205846 -0.188500 0.031938 0.054880 0.150837 0.300062 0.102509 -0.286597 -0.545545 -0.535880 -0.345926 -0.217229 -0.371281 -0.561234 -0.491242 -0.290170 0.149864 0.599995 0.611714 0.252056 -0.090912 -0.246127 -0.233960 0.194843 0.509950 0.198692 -0.360701 -0.484455 -0.185448 -0.067163 -0.108985 -0.114798 -0.058986 0.061976 0.008821 -0.157783 -0.027863 0.305270 0.294607 0.136260 0.286344 0.589159 0.648841 0.174060 -0.147853 0.147230 0.525283 0.413852 -0.021722 -0.124632 0.026013 -0.189800 -0.344546 -0.109637
-0.138001 0.023207 0.395390 0.831976 1.043256 0.816051 0.423999 -0.049191 -0.523342 -0.706085 -0.520686 -0.071022 0.369817 0.406321 0.306051 0.145125 -0.144533 -0.230210 0.026854 0.136533 -0.202464 -0.469151 -0.587769 -0.701734 -0.687723 -0.382464 0.042999 0.332113 0.357390 0.015247 -0.211982 -0.150735 -0.139474 -0.247825 -0.427238 -0.689119 -0.805791 -0.655298 -0.449904 -0.261662 0.114996 0.460677 0.354728 0.052534 -0.031191 0.068132 0.241833 0.342277 0.262448 0.087792 -0.109003 -0.510520 -0.729352 -0.730821 -0.819724 -0.684297 -0.190095 0.076301 0.012580 -0.068183 0.087539 0.476356 0.675866 0.578788 0.625577 0.836156 0.770061 0.436104 0.087920 -0.224188 -0.281650 -0.114044 -0.027522 0.030391 -0.040114 -0.239298 -0.150134 0.280726 0.684645 0.616966 0.252760 0.109126 0.082209 0.023502 -0.069012 -0.091797 0.064034 0.550689 0.768377 0.380976 -0.038719 -0.130680 -0.158933 -0.181365 -0.030043 -0.020757 -0.097110 0.075692 0.266007 0.303191 0.402863 0.662887 0.697289 0.507878 0.675974 0.913854 0.350373 -0.289344 -0.221863 0.116264 0.121561 -0.042982 -0.313298 -0.548370 -0.335152 0.117669 0.068758 -0.413164 -0.712089 -0.532683 -0.010046 0.299113 0.312527 0.137358 -0.137001 -0.299284 -0.133059 0.136034 0.277204 0.413206 0.358770 0.038742 0.006241 0.470266 0.734075 0.312493 -0.355812 -0.580895 -0.527078 -0.334954 0.094342 0.365686 0.173178 -0.269516 -0.591574 -0.657127 -0.622694 -0.596897 -0.646198 -0.714255 -0.492521 -0.115167 0.172375 0.291406 0.180871 -0.063667 -0.227350 -0.213485 -0.088700 0.298312 0.450718 0.021433 -0.448484 -0.449239 -0.216673 -0.015705 0.055911 -0.004937 0.100150 0.302676 0.176574 -0.144131 -0.128960 0.230400 0.369545 0.196879 0.141879 0.392949 0.611541 0.357366 0.096080 0.251865 0.511506 0.417484 0.084521 0.075610 0.356995 0.260431 0.013885 0.103483
0.285246 0.526072 0.761589 1.058776 1.126401 0.851782 0.455124 -0.046122 -0.444702 -0.592890 -0.415740 0.072158 0.363770 0.211457 0.021316 -0.119604 -0.304166 -0.424884 -0.351762 -0.219113 -0.350536 -0.469460 -0.428977 -0.459807 -0.517167 -0.302261 0.054877 0.182140 0.002990 -0.299815 -0.426300 -0.498267 -0.575220 -0.534816 -0.477025 -0.575310 -0.713675 -0.663371 -0.346982 -0.076820 0.108117 0.384787 0.451775 0.220948 0.090582 -0.024059 -0.122286 -0.153482 -0.110965 -0.005802 0.009873 -0.347049 -0.662410 -0.765593 -0.867616 -0.896834 -0.591715 -0.121991 0.027639 -0.092999 0.117139 0.671846 0.876686 0.675682 0.575590 0.739491 0.699432 0.357554 0.087013 -0.045627 -0.182024 -0.308194 -0.303301 -0.105598 0.008196 -0.077691 -0.007745 0.279272 0.507760 0.443853 0.292343 0.317094 0.344256 0.331066 0.145643 -0.093849 -0.048533 0.375287 0.532803 0.197284 -0.193577 -0.351982 -0.260643 -0.075939 0.006982 -0.040729 -0.058678 0.110281 0.176501 -0.086150 -0.175185 0.195999 0.587761 0.729699 1.093526 1.330522 0.479230 -0.420402 -0.365395 0.061354 0.123270 -0.104464 -0.379248 -0.502669 -0.319154 -0.075345 -0.277625 -0.719437 -0.951784 -0.833830 -0.289777 0.187601 0.349457 0.299207 0.180530 -0.019931 -0.017276 0.162510 0.172543 0.020517 -0.163622 -0.335621 -0.201075 0.373784 0.726657 0.348046 -0.256335 -0.514716 -0.594150 -0.451278 -0.043060 0.167845 0.105145 -0.122747 -0.427087 -0.572774 -0.491527 -0.447900 -0.536078 -0.602326 -0.274298 0.127063 0.272722 0.179070 -0.043682 -0.212651 -0.247976 -0.035516 0.347368 0.716324 0.598937 0.029668 -0.336849 -0.265317 -0.080552 0.116459 0.172857 0.128826 0.386309 0.572890 0.217926 -0.227990 -0.273068 -0.077395 0.126965 0.167802 0.014796 0.085819 0.419742 0.508936 0.422457 0.456323 0.472761 0.269055 0.009024 0.044956 0.323185 0.254332 0.049754 0.097993
0.488638 0.815109 0.931723 1.026487 0.954389 0.728191 0.483687 0.069020 -0.299433 -0.456862 -0.318951 0.177503 0.382545 0.150323 -0.049229 -0.194352 -0.476765 -0.754506 -0.743384 -0.477953 -0.343132 -0.233161 -0.057801 -0.132103 -0.290717 -0.148302 0.052996 -0.012358 -0.222595 -0.328917 -0.369215 -0.473458 -0.570518 -0.493156 -0.292522 -0.261685 -0.407089 -0.466172 -0.322211 -0.198635 -0.143601 0.134260 0.385525 0.294534 0.185721 0.010123 -0.239234 -0.351260 -0.209646 0.107897 0.298425 -0.013957 -0.434545 -0.614610 -0.772014 -0.974243 -0.874359 -0.339264 0.022759 0.043583 0.281889 0.775212 0.990392 0.816044 0.577631 0.649997 0.668502 0.280171 -0.093593 -0.147724 -0.195781 -0.409652 -0.483851 -0.217513 0.174149 0.240608 0.141321 0.177468 0.259344 0.245647 0.221856 0.298595 0.385507 0.432767 0.170531 -0.149041 -0.179780 0.006321 0.008953 -0.244860 -0.539420 -0.691020 -0.495745 -0.110378 -0.003790 -0.066739 -0.143824 -0.096075 -0.098149 -0.387099 -0.492814 -0.068425 0.508018 0.706094 0.821645 0.858155 0.260042 -0.355645 -0.330200 -0.046590 0.098901 0.021612 -0.102386 -0.098826 -0.147049 -0.296224 -0.625856 -0.931903 -1.098423 -1.239248 -0.890915 -0.070597 0.457964 0.529750 0.488208 0.265592 0.036493 0.034148 0.041278 -0.205945 -0.469466 -0.456285 -0.092117 0.505312 0.823766 0.601546 0.196839 -0.082492 -0.362209 -0.421545 -0.209838 -0.224165 -0.350768 -0.311081 -0.327393 -0.399379 -0.268589 -0.178659 -0.301461 -0.416156 -0.060554 0.378957 0.463320 0.277265 -0.004127 -0.150238 -0.221383 0.007931 0.619347 1.029996 0.769002 0.183468 -0.121349 -0.100473 0.029631 0.106044 0.016549 0.109473 0.554240 0.672009 0.231757 -0.216638 -0.272902 -0.257206 -0.158255 0.121720 0.063506 -0.015375 0.327742 0.573458 0.570605 0.539583 0.426977 0.230062 0.042359 -0.058525 -0.027654 -0.137436 -0.236945 -0.218302
0.606358 0.955798 0.999340 0.938662 0.795951 0.561941 0.369728 0.101044 -0.225308 -0.434420 -0.340878 0.053576 0.201967 0.086848 0.091962 -0.001900 -0.424156 -0.760943 -0.786671 -0.546694 -0.286965 -0.065131 0.111244 0.073625 -0.033457 0.057039 0.119708 -0.035438 -0.158215 -0.015325 0.087210 -0.006056 -0.165327 -0.199710 -0.036867 0.016315 -0.140554 -0.277367 -0.323862 -0.374970 -0.381430 -0.163786 0.065830 0.124929 0.194068 0.093193 -0.135864 -0.148119 -0.008216 0.155638 0.322343 0.160872 -0.274815 -0.577906 -0.739084 -0.921357 -0.949609 -0.470742 0.064529 0.325842 0.563732 0.842164 1.009353 0.892587 0.531565 0.407021 0.467488 0.225479 -0.209098 -0.349997 -0.293473 -0.397517 -0.497094 -0.308366 0.214161 0.453411 0.239937 0.124989 0.187493 0.213431 0.146321 0.164346 0.299277 0.290071 -0.092853 -0.306647 -0.189359 -0.207883 -0.428946 -0.555741 -0.563873 -0.537521 -0.363456 -0.051701 0.023720 -0.067386 -0.245098 -0.286726 -0.166068 -0.238460 -0.355876 -0.068482 0.451997 0.545490 0.336184 0.170640 -0.053099 -0.335505 -0.498211 -0.494479 -0.152565 0.182414 0.184767 0.146167 -0.067556 -0.473285 -0.825650 -0.940391 -1.019896 -1.274774 -1.120211 -0.206463 0.673770 1.010909 0.993951 0.668412 0.174930 -0.069300 0.045190 -0.037364 -0.359857 -0.426359 -0.070805 0.489719 0.851046 0.751387 0.415654 0.233517 0.023735 -0.119663 -0.150121 -0.366030 -0.634314 -0.567509 -0.408940 -0.376727 -0.223640 -0.062059 -0.206488 -0.341714 0.316750 1.136655 0.982563 0.465520 0.127325 -0.006517 -0.147610 0.041048 0.744455 1.173728 0.842594 0.176379 -0.206626 -0.219068 -0.062319 -0.081026 -0.342161 -0.229880 0.338820 0.622165 0.399504 0.038133 -0.020935 -0.051210 -0.088893 0.215957 0.261010 0.055017 0.207700 0.470964 0.572936 0.538774 0.302273 0.103916 0.008135 -0.133708 -0.352920 -0.551626 -0.541067 -0.440613
0.914217 1.168327 1.145339 1.040211 0.935647 0.649762 0.284485 0.041762 -0.116135 -0.207233 -0.186867 -0.122788 -0.141940 -0.092609 0.153099 0.159408 -0.171415 -0.403509 -0.559271 -0.567308 -0.334677 -0.094421 0.009821 0.185379 0.303723 0.277488 0.240626 0.139868 0.120291 0.422882 0.606471 0.408399 0.139649 0.000987 0.066792 0.121338 -0.068164 -0.308233 -0.446300 -0.593112 -0.629367 -0.450710 -0.273843 -0.076996 0.200927 0.119710 -0.089154 0.029045 0.085855 -0.061210 -0.050364 0.030069 -0.250176 -0.647810 -0.696047 -0.673546 -0.720362 -0.304631 0.194664 0.420907 0.577707 0.775510 0.894871 0.781919 0.392750 0.095374 0.096767 0.094986 -0.167309 -0.377098 -0.393745 -0.439477 -0.499103 -0.314395 0.502025 1.157294 0.682666 0.144308 0.114887 0.221108 0.150801 0.005275 0.055642 0.101851 -0.191920 -0.302826 -0.038451 -0.038016 -0.314147 -0.332875 -0.106622 0.059819 0.115083 0.175863 0.152095 0.034097 -0.160386 -0.206511 0.006533 0.083786 -0.038324 0.032862 0.273273 0.296243 0.066179 -0.148845 -0.274635 -0.496306 -0.754543 -0.810688 -0.430509 0.012071 -0.044680 -0.207216 -0.328775 -0.560801 -0.765746 -0.775960 -0.856028 -1.053126 -1.053746 -0.459053 0.475931 1.052506 1.129449 0.825693 0.318260 -0.023694 0.072532 0.026977 -0.358397 -0.556324 -0.380565 0.017295 0.385913 0.356698 0.056184 0.062780 0.190429 0.122087 -0.057172 -0.225001 -0.405321 -0.354411 -0.233111 -0.211604 -0.126117 -0.028552 -0.238651 -0.368364 0.619165 1.794814 1.403030 0.530165 0.151103 0.098755 -0.007075 0.156001 0.764913 1.105159 0.765463 0.085374 -0.356357 -0.412035 -0.214685 -0.149248 -0.446267 -0.548648 -0.076450 0.472927 0.578507 0.382203 0.328786 0.263313 0.087661 0.207674 0.268038 0.027033 0.000835 0.228791 0.342645 0.269759 0.019985 -0.102823 -0.047663 -0.015440 -0.256288 -0.580453 -0.630502 -0.472166
1.144918 1.243058 1.071745 0.847665 0.772231 0.617535 0.273060 -0.054080 -0.166069 -0.072749 -0.052577 -0.208773 -0.272671 -0.071822 0.270703 0.301343 0.072379 -0.173063 -0.437060 -0.531132 -0.370087 -0.183724 -0.129214 0.202760 0.511260 0.358440 0.224184 0.256425 0.355179 0.647105 0.703959 0.391480 0.136331 -0.036725 -0.098579 -0.072229 -0.208562 -0.347314 -0.469502 -0.709534 -0.764017 -0.602037 -0.498638 -0.288482 0.117490 0.095493 -0.059477 0.136401 0.213026 0.025603 -0.109802 -0.096341 -0.319504 -0.714373 -0.739876 -0.558340 -0.481014 -0.139148 0.114361 0.158939 0.394642 0.699064 0.724925 0.591339 0.269788 -0.118488 -0.253748 -0.162636 -0.173502 -0.310599 -0.401115 -0.438576 -0.504052 -0.291437 0.831694 1.873039 1.220144 0.247208 0.000952 0.064289 -0.005524 -0.265493 -0.324732 -0.174111 -0.189961 -0.162369 0.039118 0.125442 0.156619 0.319682 0.439366 0.421299 0.325394 0.206438 0.085901 -0.004881 -0.079514 -0.109166 0.018384 0.118888 0.054583 -0.055533 -0.149081 -0.097745 -0.094208 -0.262866 -0.411485 -0.523835 -0.585857 -0.536056 -0.352661 -0.155813 -0.361003 -0.612924 -0.644284 -0.633787 -0.680703 -0.656442 -0.725474 -0.816320 -0.922065 -0.737382 -0.079267 0.526751 0.777162 0.621164 0.288714 0.011460 0.009003 -0.073804 -0.440585 -0.642509 -0.592545 -0.432307 -0.271237 -0.341533 -0.500411 -0.323253 0.030139 0.034520 -0.192358 -0.281129 -0.235921 -0.013251 0.090134 -0.015611 -0.050674 0.030863 -0.165787 -0.470169 0.047981 0.859435 0.683591 0.214786 0.122979 0.175726 0.078811 0.217287 0.628561 0.778003 0.574234 0.170674 -0.180443 -0.349959 -0.328010 -0.261433 -0.463665 -0.606887 -0.242894 0.325290 0.496481 0.453587 0.519793 0.397162 0.017340 -0.135234 -0.067024 -0.104861 -0.088821 0.032790 0.026789 -0.138776 -0.287798 -0.227116 -0.023937 0.102396 -0.077707 -0.380284 -0.398173 -0.152101
0.981789 1.035548 0.830034 0.552097 0.455342 0.449232 0.276376 -0.049075 -0.183623 -0.047233 -0.004395 -0.062274 0.043138 0.274719 0.536722 0.535207 0.240004 -0.206977 -0.541558 -0.565507 -0.398950 -0.279006 -0.292089 -0.034865 0.249717 0.091302 0.007820 0.229247 0.392661 0.599817 0.614854 0.297621 0.045032 -0.079129 -0.190013 -0.293501 -0.413314 -0.393123 -0.415023 -0.538289 -0.528067 -0.473549 -0.532365 -0.387190 0.036783 0.131009 0.127165 0.401097 0.588342 0.539191 0.283869 -0.097169 -0.515624 -0.856710 -0.959879 -0.822271 -0.497176 -0.033341 0.103966 0.115560 0.449682 0.737281 0.666747 0.467227 0.197291 -0.063474 -0.178139 -0.206903 -0.237949 -0.370459 -0.493496 -0.538921 -0.595616 -0.424415 0.313286 1.022332 0.760126 0.202306 0.026430 -0.053248 -0.268147 -0.616495 -0.728944 -0.520831 -0.297384 -0.126897 -0.118197 -0.021927 0.397579 0.723469 0.638914 0.400577 0.259601 0.214646 0.132124 0.024324 -0.034318 -0.141502 -0.173392 -0.080488 -0.117250 -0.342775 -0.563403 -0.455413 -0.248388 -0.351473 -0.494158 -0.388687 -0.199831 -0.138369 -0.103953 0.047437 -0.197884 -0.605219 -0.799760 -0.786729 -0.681484 -0.550008 -0.540165 -0.586893 -0.725900 -0.748733 -0.436131 0.102304 0.555335 0.468266 0.071858 -0.196407 -0.091016 0.033243 -0.105983 -0.261121 -0.407415 -0.503037 -0.544841 -0.738431 -0.790355 -0.607036 -0.285833 -0.168812 -0.269619 -0.352559 -0.153537 0.192176 0.163758 -0.057457 0.007364 0.207744 0.092762 -0.290962 -0.288497 -0.021921 -0.091810 -0.078395 0.187023 0.226877 0.004881 0.114691 0.421380 0.387620 0.277247 0.157605 -0.054859 -0.205170 -0.324201 -0.396400 -0.535012 -0.508444 -0.239756 0.012120 0.000630 0.044576 0.353025 0.367121 0.020831 -0.264534 -0.272757 -0.134155 -0.095406 -0.223368 -0.335102 -0.470604 -0.530442 -0.458398 -0.234850 -0.069187 -0.126247 -0.220103 -0.046239 0.376112
0.799825 0.881003 0.794453 0.549617 0.356021 0.308881 0.209061 0.012114 -0.023897 0.079221 0.067324 0.129500 0.353443 0.504062 0.673857 0.692841 0.327942 -0.211855 -0.549693 -0.560791 -0.373330 -0.304487 -0.358839 -0.195449 -0.070989 -0.179624 -0.055201 0.308848 0.380894 0.432170 0.549895 0.361864 0.109089 0.122335 0.106230 -0.100750 -0.308562 -0.342002 -0.354364 -0.210050 -0.112693 -0.300762 -0.551516 -0.379000 0.081937 0.320793 0.504896 0.741648 0.786102 0.662403 0.401035 -0.119717 -0.660744 -0.983722 -1.127641 -1.078116 -0.620924 0.050874 0.303015 0.353608 0.603909 0.682657 0.491695 0.236674 0.120598 0.248813 0.308199 0.057265 -0.231643 -0.452031 -0.601042 -0.665210 -0.645092 -0.512568 -0.259009 0.030086 0.182212 0.107562 0.037113 -0.115514 -0.380630 -0.701929 -0.821567 -0.660878 -0.453607 -0.230628 -0.157093 -0.097445 0.307167 0.606154 0.453606 0.218655 0.200036 0.367865 0.471266 0.372334 0.146713 -0.092444 -0.136231 -0.029012 -0.106256 -0.343916 -0.478300 -0.386126 -0.252114 -0.338524 -0.472291 -0.374455 -0.221207 -0.228516 -0.092479 0.353403 0.284083 -0.241210 -0.587686 -0.530722 -0.273063 -0.202522 -0.343751 -0.566447 -0.786291 -0.856926 -0.709920 -0.230549 0.345976 0.345538 -0.124734 -0.406161 -0.106160 0.337428 0.440000 0.250616 -0.030073 -0.214000 -0.270139 -0.566395 -0.690717 -0.597056 -0.397781 -0.192373 -0.063867 -0.063582 0.098089 0.363275 0.245405 -0.006968 0.095212 0.275875 0.155000 -0.101560 -0.082741 -0.007882 -0.194070 -0.098579 0.317516 0.291294 -0.140783 -0.182501 0.141593 0.118778 -0.027735 -0.159998 -0.315175 -0.269752 -0.280271 -0.429775 -0.600018 -0.494065 -0.310641 -0.328943 -0.444787 -0.370825 0.022856 0.293516 0.333410 0.164901 0.001726 0.036623 -0.065756 -0.381524 -0.555568 -0.632323 -0.639487 -0.618245 -0.388434 -0.186878 -0.177806 -0.161772 0.059216 0.494546
0.605763 0.681855 0.742055 0.584729 0.321649 0.158938 0.077303 0.031597 0.104158 0.104072 -0.035240 0.061947 0.359507 0.442461 0.520761 0.570771 0.294082 -0.056666 -0.221948 -0.276569 -0.233264 -0.257312 -0.323099 -0.257178 -0.257563 -0.265429 -0.014289 0.266008 0.228680 0.171304 0.350035 0.393529 0.300108 0.441202 0.482743 0.121232 -0.269556 -0.376978 -0.306528 0.074701 0.229841 -0.057503 -0.308804 -0.160801 0.240583 0.584215 0.857896 0.887077 0.598032 0.326077 0.267801 0.027296 -0.431810 -0.768045 -0.954218 -0.941665 -0.510462 0.116781 0.444846 0.554818 0.689430 0.559743 0.196697 -0.067674 0.008500 0.384925 0.525797 0.177167 -0.223268 -0.410397 -0.507528 -0.549346 -0.410563 -0.262819 -0.255502 -0.099189 0.263513 0.297730 0.105504 -0.162351 -0.401115 -0.580362 -0.718616 -0.668098 -0.429454 -0.110375 0.092303 0.119485 0.335752 0.525020 0.333282 0.111064 0.137580 0.363346 0.614015 0.622903 0.284356 0.026122 0.166906 0.339453 0.242597 0.108197 0.098209 0.074570 -0.055040 -0.207148 -0.373111 -0.529222 -0.655634 -0.639702 -0.209534 0.415457 0.516302 0.078576 -0.318585 -0.253100 0.140804 0.202740 -0.159371 -0.676020 -0.989621 -0.990469 -0.852862 -0.482703 0.090548 0.185888 -0.246990 -0.501285 -0.107842 0.469328 0.646692 0.446975 0.226827 0.143906 0.263883 0.047759 -0.182816 -0.157727 -0.130456 -0.049764 0.172092 0.260867 0.275460 0.376788 0.293913 0.094974 0.118274 0.183746 0.052541 -0.016932 0.186701 0.241691 0.023317 0.120275 0.499826 0.393482 -0.148967 -0.364579 -0.083261 0.017889 -0.094542 -0.290207 -0.443465 -0.359433 -0.359922 -0.558649 -0.805651 -0.788382 -0.619101 -0.557077 -0.515790 -0.417100 -0.163816 0.230529 0.620122 0.605746 0.390202 0.325335 0.121372 -0.169038 -0.270635 -0.312456 -0.333555 -0.277126 -0.079585 -0.037355 -0.053674 0.107045 0.307698 0.533851
0.411561 0.412502 0.562791 0.535843 0.297564 0.100692 0.068020 0.123671 0.186530 0.044929 -0.177603 -0.065970 0.297494 0.349569 0.220862 0.212489 0.186707 0.210142 0.246740 0.066119 -0.122476 -0.169662 -0.188419 -0.215297 -0.263773 -0.273127 -0.162317 0.024333 0.114313 0.053000 0.134205 0.325523 0.398827 0.458095 0.423432 -0.029528 -0.550151 -0.690209 -0.534490 -0.026112 0.288797 0.199307 0.125184 0.093568 0.244787 0.604387 0.886305 0.845253 0.507809 0.180163 0.212630 0.263508 -0.071595 -0.516238 -0.818522 -0.794640 -0.371735 0.085389 0.391479 0.636960 0.671630 0.392786 -0.051721 -0.280982 -0.160078 0.143770 0.288745 0.075732 -0.193245 -0.243598 -0.273150 -0.314159 -0.154243 -0.027580 -0.111495 0.066252 0.555231 0.613630 0.259428 -0.160051 -0.394359 -0.446130 -0.590502 -0.614106 -0.245409 0.155084 0.328675 0.474408 0.683181 0.703512 0.419621 0.203216 0.195254 0.307063 0.531306 0.522991 0.082712 -0.137003 0.260036 0.594115 0.573336 0.543728 0.502740 0.302115 0.006333 -0.184759 -0.381117 -0.703351 -1.014291 -0.937611 -0.361135 0.133602 0.289303 0.134449 -0.220379 -0.271278 0.159086 0.382318 0.006952 -0.638640 -1.008129 -0.967055 -0.805629 -0.533302 -0.063956 0.034647 -0.315156 -0.502602 -0.082588 0.445047 0.540075 0.397152 0.329637 0.381101 0.641954 0.621677 0.444669 0.408270 0.236242 0.099036 0.172748 0.145234 0.076758 0.138512 0.115835 -0.019560 -0.073556 -0.044451 0.027763 0.171410 0.440586 0.481325 0.292044 0.393638 0.665596 0.539799 0.104187 -0.127118 0.028736 0.093096 -0.048243 -0.181095 -0.226298 -0.289555 -0.496340 -0.769918 -0.975851 -0.899920 -0.669907 -0.508054 -0.373333 -0.285548 -0.191227 0.168544 0.738533 0.832911 0.568865 0.432120 0.274926 0.100163 0.158908 0.207952 0.104822 0.098661 0.213917 0.168950 0.165225 0.421928 0.638273 0.722683
0.370035 0.292403 0.374952 0.373259 0.216179 0.121408 0.217462 0.314782 0.283869 0.120302 -0.098235 -0.103143 0.180048 0.265287 0.042266 0.041742 0.290802 0.504757 0.429679 0.008580 -0.277167 -0.198134 -0.111925 -0.117824 -0.112481 -0.222519 -0.338153 -0.147094 0.129650 0.158968 0.230032 0.430478 0.498034 0.340796 0.123803 -0.288736 -0.705016 -0.814462 -0.727336 -0.374316 -0.005962 0.192412 0.358555 0.244460 0.135640 0.395136 0.718030 0.787824 0.605801 0.275844 0.130348 0.112665 -0.187962 -0.656005 -1.014379 -0.982019 -0.526313 -0.063110 0.211937 0.499412 0.495119 0.201964 -0.167816 -0.313744 -0.178034 0.049095 0.223497 0.160179 -0.046438 -0.099556 -0.122903 -0.160783 -0.093826 -0.100951 -0.169998 0.043858 0.443437 0.427979 0.211499 -0.001642 -0.158658 -0.232537 -0.400433 -0.380861 0.064888 0.345091 0.380347 0.633876 0.868349 0.788870 0.489962 0.326755 0.309300 0.316677 0.424103 0.263884 -0.285511 -0.524778 -0.074645 0.351274 0.494647 0.579548 0.446816 0.139078 -0.126235 -0.214698 -0.376112 -0.734059 -1.104351 -0.978462 -0.340733 0.003650 0.087531 0.113510 -0.147296 -0.310076 -0.034324 0.210935 -0.017597 -0.494751 -0.830495 -0.905734 -0.925016 -0.818687 -0.429117 -0.164289 -0.239198 -0.346036 0.001251 0.391934 0.371663 0.368717 0.544919 0.585133 0.599042 0.598406 0.597391 0.519446 0.208855 -0.053046 -0.171709 -0.361514 -0.466363 -0.271479 -0.092254 -0.125646 -0.207556 -0.196308 -0.026672 0.207311 0.482310 0.570007 0.453468 0.520410 0.689536 0.619334 0.373676 0.191135 0.203606 0.174433 0.013365 -0.030416 0.036209 -0.135482 -0.510826 -0.836980 -0.957910 -0.713159 -0.298664 -0.121965 -0.081010 -0.071969 -0.117521 0.116804 0.712726 0.881670 0.574802 0.361693 0.321613 0.193581 0.216956 0.360526 0.335049 0.284949 0.397559 0.481574 0.465393 0.562572 0.658549 0.595522
0.568852 0.343749 0.196430 0.156075 0.179501 0.221196 0.357382 0.438230 0.384567 0.292576 0.085975 -0.109362 -0.053712 -0.012948 -0.206650 -0.098496 0.359789 0.565669 0.262228 -0.289357 -0.546125 -0.391031 -0.228993 -0.127345 0.005854 -0.106247 -0.311266 -0.147171 0.159100 0.250852 0.317416 0.390505 0.443962 0.248681 -0.090058 -0.445098 -0.669828 -0.640402 -0.545914 -0.473298 -0.350957 -0.039079 0.323618 0.235334 -0.020763 0.163900 0.627902 0.822078 0.683591 0.396393 0.109393 -0.080728 -0.324151 -0.622445 -0.969516 -1.059419 -0.656037 -0.146072 -0.014455 0.059269 0.064713 -0.054600 -0.207451 -0.308107 -0.240515 0.018847 0.359575 0.446274 0.226134 0.073161 0.014075 -0.079453 -0.249846 -0.381507 -0.280637 -0.031957 0.119416 -0.113676 -0.083716 0.145524 0.134382 -0.040714 -0.225109 -0.152569 0.149148 0.205288 0.230575 0.542839 0.688841 0.613055 0.455607 0.460356 0.551962 0.526694 0.495382 0.210609 -0.258204 -0.440241 -0.277124 -0.089726 0.180659 0.483727 0.399634 -0.021144 -0.306301 -0.201032 -0.187120 -0.515073 -0.975563 -0.898907 -0.210465 0.178910 0.212340 0.178005 0.001651 -0.042209 0.080172 0.013754 -0.250011 -0.525099 -0.745161 -0.870896 -1.071452 -1.067449 -0.635696 -0.117009 0.088506 0.006028 0.169130 0.449777 0.458656 0.580793 0.875139 0.748387 0.275156 0.051412 0.184638 0.136455 -0.125461 -0.319950 -0.551156 -0.851021 -1.049778 -0.784110 -0.376661 -0.241962 -0.223929 -0.199195 -0.115847 0.039112 0.219539 0.379006 0.484375 0.568873 0.619223 0.561374 0.406190 0.261235 0.234746 0.289223 0.214690 0.156164 0.127116 -0.131848 -0.520242 -0.749800 -0.735826 -0.537435 -0.126387 0.192759 0.398681 0.407369 0.190283 0.209726 0.569006 0.653676 0.430310 0.283142 0.370407 0.347432 0.246877 0.350731 0.534051 0.601145 0.713598 0.819783 0.687896 0.603930 0.612126 0.480576
1.000121 0.691783 0.395656 0.303934 0.362467 0.300666 0.271178 0.323391 0.336212 0.334709 0.237007 0.080909 -0.018441 -0.195591 -0.491923 -0.384356 0.146927 0.396091 0.106591 -0.379338 -0.607482 -0.562517 -0.506957 -0.298558 0.059162 0.033013 -0.169292 -0.033958 0.196537 0.215489 0.078045 -0.047088 0.122090 0.148612 -0.117084 -0.416834 -0.620271 -0.590887 -0.476163 -0.503410 -0.507806 -0.235469 0.174324 0.184586 -0.028526 0.122701 0.595403 0.864054 0.808550 0.628505 0.374512 0.172156 0.017666 -0.133922 -0.498181 -0.791660 -0.578445 -0.210463 -0.232408 -0.312700 -0.266651 -0.207217 -0.152710 -0.163779 -0.226173 -0.093425 0.298679 0.514679 0.338654 0.164139 0.121312 -0.083546 -0.499116 -0.628401 -0.254682 0.091950 0.110676 -0.218740 -0.222698 0.116869 0.142069 -0.098475 -0.140058 0.053293 0.121656 0.012425 0.156026 0.507649 0.472375 0.304067 0.327137 0.647771 0.880509 0.750520 0.608613 0.368844 0.114056 0.033487 -0.102531 -0.263486 -0.061678 0.352274 0.333368 -0.169028 -0.470895 -0.198972 0.086417 -0.079302 -0.589893 -0.724125 -0.203048 0.214303 0.276662 0.282872 0.288076 0.404748 0.444404 0.159150 -0.262541 -0.584144 -0.782409 -0.872281 -0.983804 -0.821239 -0.356680 0.117583 0.365674 0.301805 0.255582 0.374379 0.429143 0.576063 0.865772 0.721168 0.124396 -0.225496 -0.174361 -0.252809 -0.339009 -0.349153 -0.553664 -0.837592 -1.008203 -0.799598 -0.397921 -0.240236 -0.177493 -0.076675 0.001438 0.019382 0.002904 0.162762 0.447727 0.509180 0.432532 0.457395 0.509486 0.455776 0.409120 0.527716 0.448561 0.273369 0.045760 -0.329424 -0.611426 -0.616641 -0.366609 -0.249568 -0.078832 0.336659 0.831530 0.949897 0.576562 0.275700 0.326302 0.343088 0.259872 0.189265 0.332637 0.465734 0.357124 0.385503 0.656162 0.758942 0.783315 0.833544 0.715047 0.612071 0.609392 0.508550
1.460823 1.192965 0.861219 0.655330 0.579334 0.343803 0.149849 0.170269 0.288445 0.413268 0.473174 0.497464 0.281805 -0.181582 -0.562436 -0.465044 -0.044418 0.227001 0.087340 -0.279741 -0.526039 -0.693795 -0.874404 -0.640071 -0.059619 0.031037 -0.107602 0.052694 0.194816 0.128937 -0.181665 -0.458923 -0.189442 0.109770 0.004782 -0.197820 -0.413898 -0.578414 -0.623497 -0.636818 -0.565831 -0.351691 -0.006161 0.179917 0.124218 0.138425 0.385645 0.656307 0.749312 0.683861 0.571689 0.490864 0.350887 0.178902 -0.194185 -0.581741 -0.512714 -0.283296 -0.338740 -0.401057 -0.256808 -0.106587 -0.041675 0.011980 -0.083244 -0.082944 0.191810 0.364162 0.179624 0.021988 0.072810 -0.140099 -0.610489 -0.650831 -0.083985 0.322435 0.211160 -0.097628 -0.152417 0.027610 -0.127719 -0.362887 -0.107212 0.256413 0.221466 0.093829 0.304720 0.536954 0.265977 -0.059824 0.061526 0.572879 0.775780 0.520214 0.330720 0.204289 0.161190 0.140980 -0.031656 -0.298886 -0.212188 0.123341 0.060796 -0.275894 -0.355911 -0.146016 0.126197 0.094479 -0.249161 -0.532170 -0.390341 -0.041141 0.203395 0.492347 0.705865 0.741055 0.608064 0.332344 -0.076617 -0.517648 -0.789924 -0.903068 -0.890693 -0.583515 -0.207658 0.098224 0.364170 0.355448 0.197428 0.181629 0.249119 0.355655 0.535755 0.496300 0.183239 -0.075985 -0.188435 -0.263972 -0.246883 -0.203310 -0.231251 -0.337546 -0.437713 -0.424253 -0.289128 -0.286365 -0.241658 0.062265 0.311769 0.204358 -0.019300 0.089587 0.435850 0.423026 0.194900 0.285681 0.537109 0.519281 0.439708 0.587114 0.524914 0.260673 -0.094139 -0.510496 -0.671561 -0.500232 -0.116735 0.025648 0.052550 0.324392 0.764153 0.974585 0.656676 0.191297 0.137308 0.281115 0.320962 0.258125 0.413099 0.605290 0.493210 0.442658 0.643191 0.709581 0.687018 0.759273 0.800228 0.712014 0.585034 0.412175
1.407573 1.299108 1.092682 0.905204 0.746256 0.406192 0.072240 0.030674 0.314641 0.599124 0.728701 0.818824 0.491456 -0.186905 -0.563827 -0.382729 -0.077387 0.129347 0.096771 -0.133059 -0.326808 -0.584348 -0.941324 -0.793792 -0.173546 -0.021147 -0.151748 -0.079465 -0.019926 -0.032575 -0.115354 -0.249976 -0.094079 0.168051 0.120728 0.010899 -0.141494 -0.436924 -0.580539 -0.487234 -0.397524 -0.347822 -0.135169 0.201874 0.245468 0.087606 0.124425 0.322312 0.434304 0.465619 0.570296 0.708184 0.538173 0.215343 -0.168876 -0.528781 -0.439081 -0.102990 -0.077789 -0.223170 -0.193873 -0.082725 -0.015102 0.018322 -0.080779 -0.106888 -0.021514 0.065127 -0.087844 -0.233195 -0.081029 -0.158053 -0.501815 -0.464420 0.113569 0.535359 0.322301 -0.051490 -0.190487 -0.208285 -0.498603 -0.603812 -0.073456 0.404573 0.319539 0.153649 0.352716 0.418608 -0.052327 -0.402698 -0.230713 0.146622 0.185941 -0.055848 -0.270631 -0.299874 -0.092302 -0.086716 -0.195712 -0.269539 -0.105416 0.126494 -0.091412 -0.364410 -0.210444 -0.012127 0.038358 -0.166491 -0.378968 -0.560090 -0.675223 -0.448243 -0.009486 0.508575 0.832362 0.809899 0.570178 0.313275 0.039300 -0.400892 -0.700280 -0.780181 -0.664221 -0.370840 -0.209972 -0.069055 0.224357 0.285555 0.193933 0.197509 0.227985 0.256988 0.305421 0.352691 0.319752 0.142481 -0.075738 -0.130132 -0.124245 -0.069094 0.121916 0.146232 0.005645 -0.127729 -0.245192 -0.470805 -0.574616 -0.162749 0.302241 0.192346 -0.074323 0.107866 0.474207 0.342646 -0.039528 0.077045 0.355676 0.310312 0.246252 0.408351 0.448876 0.274640 -0.040002 -0.427397 -0.585849 -0.429249 -0.078296 0.116810 0.079032 0.112297 0.361037 0.586828 0.454123 0.153145 0.173790 0.454911 0.537092 0.419609 0.534643 0.724507 0.622600 0.473156 0.553423 0.680867 0.701953 0.676367 0.665234 0.581025 0.518377 0.446691
0.846447 1.012262 1.130961 1.142099 0.943163 0.501158 0.054314 -0.088859 0.171215 0.482986 0.692169 0.807289 0.415640 -0.384864 -0.808901 -0.597458 -0.313311 -0.081496 0.069310 0.024886 -0.063456 -0.290130 -0.666313 -0.590809 -0.100382 -0.025163 -0.262191 -0.317507 -0.196227 0.015350 0.242161 0.283180 0.260659 0.309900 0.244413 0.200434 0.091845 -0.189595 -0.273672 -0.147051 -0.148269 -0.232968 -0.121066 0.204453 0.188398 -0.088305 -0.118040 0.092044 0.265917 0.408005 0.592902 0.822125 0.666615 0.268741 -0.126357 -0.434144 -0.387043 -0.061349 0.108820 0.054955 0.003841 -0.057073 -0.155350 -0.232479 -0.225361 -0.170928 -0.284336 -0.238032 -0.176317 -0.231517 -0.053147 -0.003150 -0.216323 -0.222926 0.122756 0.445043 0.348898 -0.018360 -0.413801 -0.611277 -0.710353 -0.554748 0.019963 0.448388 0.280505 0.038230 0.243772 0.258702 -0.258820 -0.497192 -0.286769 -0.134314 -0.169243 -0.323552 -0.569415 -0.514604 -0.164455 -0.199301 -0.261950 -0.055118 0.189394 0.344128 0.085363 -0.270778 -0.195999 -0.049954 -0.114077 -0.387269 -0.454299 -0.426193 -0.555510 -0.519515 -0.161453 0.291946 0.516963 0.519906 0.391767 0.182702 -0.022197 -0.375080 -0.574294 -0.559919 -0.425948 -0.210149 -0.098058 0.040770 0.243207 0.227055 0.172066 0.242532 0.261217 0.221952 0.175890 0.250823 0.342434 0.214207 0.005089 -0.071492 -0.154340 -0.124876 0.144520 0.165569 0.032498 -0.010837 -0.172324 -0.508348 -0.707638 -0.382042 0.091836 0.079222 -0.096214 0.177444 0.444191 -0.022744 -0.623018 -0.299466 0.123377 0.140878 0.148133 0.222352 0.218403 0.156814 -0.003554 -0.294861 -0.480373 -0.471057 -0.242439 0.038319 0.018145 -0.007226 0.195271 0.356069 0.378766 0.292690 0.314647 0.631330 0.735363 0.464357 0.330935 0.478464 0.519238 0.359643 0.364236 0.617990 0.725245 0.534295 0.317945 0.268176 0.420889 0.540029
0.309570 0.563513 0.907168 1.132998 0.940862 0.467950 0.102717 -0.012292 0.050133 0.218303 0.499262 0.637359 0.249011 -0.489484 -0.870764 -0.700979 -0.440049 -0.153296 0.098436 0.067512 -0.084290 -0.283684 -0.496554 -0.362547 -0.007064 -0.053379 -0.417208 -0.526987 -0.237108 0.248554 0.581490 0.580310 0.451518 0.364395 0.162578 0.029956 -0.090513 -0.249827 -0.209695 -0.107787 -0.113817 -0.110656 0.011734 0.140009 -0.038961 -0.335839 -0.363889 -0.105562 0.114515 0.298996 0.484813 0.685426 0.574855 0.234400 -0.101404 -0.329792 -0.400013 -0.258508 0.054738 0.235068 0.222462 0.046677 -0.258205 -0.417697 -0.242728 -0.162171 -0.459596 -0.421467 -0.055426 0.076840 0.204716 0.252374 0.061467 -0.068067 0.017812 0.209483 0.293566 0.092926 -0.369060 -0.625327 -0.591776 -0.409143 -0.014977 0.277441 0.098189 -0.013652 0.316198 0.353810 -0.060199 -0.294337 -0.280125 -0.306861 -0.295123 -0.331994 -0.479494 -0.298849 0.015672 -0.070739 -0.129064 0.047880 0.169705 0.389564 0.410601 0.165285 0.003626 -0.104251 -0.193526 -0.267619 -0.180404 -0.078932 -0.081198 -0.045660 0.145511 0.300989 0.246450 0.213373 0.215948 0.029688 -0.201636 -0.421089 -0.434095 -0.347238 -0.269683 -0.097096 0.142198 0.387739 0.436134 0.280368 0.248888 0.369951 0.355726 0.192976 0.027240 0.069181 0.196259 0.185824 0.137371 0.101598 -0.082870 -0.151386 0.015043 -0.018375 -0.026113 0.077334 0.007614 -0.253731 -0.466568 -0.371525 0.004278 0.232857 0.198017 0.385169 0.441233 -0.378267 -1.185057 -0.679312 -0.002716 0.146799 0.143485 -0.010231 -0.248413 -0.264938 -0.174847 -0.332610 -0.519401 -0.567234 -0.396763 -0.092952 -0.198908 -0.340233 -0.058611 0.267362 0.471405 0.428452 0.430942 0.850178 0.992822 0.575275 0.123990 0.070453 0.221537 0.201836 0.269451 0.595000 0.709597 0.483454 0.227360 0.200040 0.348485 0.411147
0.065945 0.177850 0.442622 0.744264 0.645955 0.340316 0.280966 0.276892 0.133796 0.192006 0.545404 0.663524 0.287467 -0.212353 -0.375424 -0.274634 -0.111913 0.087539 0.207032 0.028495 -0.286590 -0.449299 -0.449322 -0.260279 -0.017391 -0.170157 -0.655121 -0.796442 -0.330106 0.299433 0.577763 0.498312 0.404130 0.286347 -0.120395 -0.420490 -0.576589 -0.612719 -0.532158 -0.447821 -0.323463 -0.117615 0.030085 -0.072409 -0.295237 -0.414997 -0.404800 -0.220995 -0.043763 0.125283 0.274359 0.380581 0.326813 0.113745 -0.105743 -0.207905 -0.299645 -0.300219 -0.047458 0.185081 0.244693 0.140114 -0.117983 -0.284995 -0.156205 -0.130950 -0.453036 -0.449489 -0.007471 0.283640 0.416035 0.400935 0.188030 0.008119 -0.012627 0.121957 0.320712 0.329049 -0.012880 -0.295320 -0.373834 -0.425764 -0.248965 -0.051927 -0.109749 -0.013902 0.309826 0.329188 0.096595 -0.147438 -0.274191 -0.339032 -0.395325 -0.443785 -0.417985 -0.116474 0.093892 0.054543 0.055617 0.022805 -0.042794 0.185312 0.413152 0.447032 0.292937 0.007687 -0.159313 -0.120524 0.017415 0.073840 0.096302 0.119941 0.140804 0.097108 0.023262 0.106840 0.213537 0.036634 -0.204057 -0.269014 -0.139629 -0.054741 0.008861 0.169574 0.375337 0.552091 0.536568 0.423307 0.511152 0.642523 0.539965 0.219230 -0.050669 0.013570 0.238907 0.391883 0.434341 0.340231 0.024428 -0.176070 -0.163878 -0.260540 -0.257048 -0.147001 -0.042317 -0.023953 -0.135452 -0.159774 0.140666 0.482597 0.473081 0.465251 0.466535 -0.058793 -0.590373 -0.275417 0.183339 0.197873 0.055942 -0.162065 -0.469677 -0.476018 -0.197553 -0.345465 -0.641806 -0.655172 -0.524336 -0.284399 -0.337007 -0.434040 -0.021520 0.527589 0.735790 0.471826 0.353358 0.866075 1.094983 0.690238 0.129826 -0.103573 0.022101 0.115935 0.187715 0.379148 0.481661 0.447009 0.369143 0.392593 0.394727 0.287565
0.051530 0.044852 0.098093 0.286567 0.317570 0.341549 0.593173 0.623035 0.324473 0.267119 0.590909 0.653185 0.320084 0.090827 0.149083 0.186704 0.304433 0.468097 0.443453 0.169596 -0.234752 -0.366693 -0.228588 -0.129768 -0.111692 -0.313683 -0.709235 -0.696450 -0.142548 0.358909 0.468019 0.358210 0.371294 0.301476 -0.161966 -0.535354 -0.708474 -0.677783 -0.655309 -0.628400 -0.442171 -0.263464 -0.201023 -0.265602 -0.257552 -0.186218 -0.185533 -0.104330 0.004078 0.077794 0.149212 0.174363 0.154368 0.073870 -0.043149 -0.074160 -0.131275 -0.188950 -0.145999 -0.057673 0.045784 0.053965 -0.071641 -0.226889 -0.226741 -0.195766 -0.400029 -0.468729 -0.181856 0.174154 0.338045 0.326770 0.187491 0.034703 -0.056743 -0.031873 0.193804 0.385671 0.195601 -0.068496 -0.206254 -0.392951 -0.415868 -0.287678 -0.139460 -0.008779 0.046290 -0.045857 -0.094508 -0.138650 -0.133282 -0.173039 -0.397259 -0.565532 -0.457469 -0.169464 0.017098 0.165311 0.268519 0.068943 -0.136143 -0.029136 0.226355 0.508393 0.445628 0.068589 -0.186176 -0.134710 0.039275 -0.009228 -0.173324 -0.325518 -0.397640 -0.404664 -0.192451 0.151982 0.282578 0.094173 -0.098745 -0.064162 0.047441 0.077988 0.055356 0.101162 0.257264 0.366871 0.380403 0.422835 0.614906 0.720982 0.643435 0.387419 0.224117 0.391856 0.620446 0.766450 0.732419 0.415042 -0.065765 -0.357341 -0.358250 -0.419294 -0.520576 -0.403298 -0.091838 0.163846 0.165632 0.137952 0.256675 0.390211 0.334336 0.306107 0.389950 0.346811 0.301992 0.424937 0.472325 0.190594 -0.121520 -0.204690 -0.336812 -0.430586 -0.270950 -0.459373 -0.756895 -0.647338 -0.505812 -0.311049 -0.211798 -0.171947 0.309902 0.904214 0.967028 0.463932 0.208857 0.647525 0.863744 0.599902 0.231630 0.094140 0.158072 0.184351 0.108286 0.066524 0.135108 0.293052 0.457261 0.624565 0.534276 0.319942
0.230052 0.280935 0.211321 0.169627 0.241427 0.505232 0.810732 0.777756 0.451177 0.271965 0.396366 0.368599 0.175651 0.146554 0.296300 0.284654 0.340059 0.493978 0.488785 0.318623 -0.037693 -0.280625 -0.249894 -0.282370 -0.365859 -0.405928 -0.505579 -0.360074 0.050407 0.337597 0.326010 0.263535 0.373993 0.378381 0.060793 -0.305452 -0.562414 -0.578472 -0.569475 -0.480873 -0.272448 -0.266314 -0.335706 -0.269041 -0.031308 0.114601 0.048449 -0.011920 -0.074093 -0.132449 -0.040360 0.047791 0.055788 0.026794 -0.073063 -0.062241 -0.005118 -0.029460 -0.086899 -0.088240 -0.001279 0.011427 -0.089801 -0.250809 -0.276706 -0.166229 -0.302287 -0.494670 -0.393708 -0.028758 0.145711 0.183511 0.150955 -0.018455 -0.229645 -0.309799 -0.080013 0.209200 0.176839 0.114977 0.108925 -0.112603 -0.324646 -0.276440 -0.056580 -0.041669 -0.211372 -0.427082 -0.377704 -0.122347 0.097063 0.035430 -0.274457 -0.429733 -0.228264 0.025101 0.207544 0.414786 0.516257 0.264039 -0.034358 -0.102749 0.055339 0.412299 0.400349 0.032286 -0.223215 -0.250531 -0.200902 -0.285949 -0.393077 -0.500944 -0.534690 -0.481001 -0.154470 0.201322 0.232276 0.042545 -0.138147 -0.090428 0.018252 0.079304 -0.048381 -0.166043 -0.046488 0.009132 -0.007576 0.162151 0.474270 0.588315 0.535482 0.431484 0.488516 0.722223 0.852823 0.891124 0.757040 0.266464 -0.268671 -0.542508 -0.482238 -0.406043 -0.438117 -0.187806 0.239555 0.483998 0.452476 0.405948 0.299470 0.127089 -0.014329 -0.005062 0.137346 0.404861 0.714059 0.827581 0.650807 0.201028 -0.239059 -0.334813 -0.345619 -0.510293 -0.554855 -0.714399 -0.813177 -0.516783 -0.171833 0.109079 0.141023 0.032417 0.431485 1.021284 1.058165 0.612502 0.333029 0.428130 0.345741 0.158843 0.148837 0.376756 0.479493 0.396784 0.287064 0.208541 0.145067 0.190683 0.377781 0.632271 0.608914 0.480131
0.292963 0.410797 0.338835 0.221165 0.248005 0.534291 0.760099 0.690508 0.438392 0.180062 0.061038 -0.042160 -0.086714 0.021290 0.152929 0.097714 0.068202 0.121495 0.149224 0.173181 -0.014197 -0.291509 -0.360894 -0.441683 -0.445276 -0.197952 -0.089931 -0.089624 -0.017463 0.124818 0.186261 0.200100 0.267433 0.240467 0.091274 -0.186426 -0.531671 -0.678107 -0.676882 -0.501640 -0.285808 -0.296286 -0.418298 -0.319346 0.000913 0.201578 0.176533 0.009623 -0.197058 -0.302192 -0.187429 -0.024514 0.002465 -0.037025 -0.212508 -0.273649 -0.122765 0.040955 0.132244 0.186150 0.148238 -0.045838 -0.217474 -0.256914 -0.153867 0.017826 -0.125911 -0.422698 -0.399218 -0.058832 0.076145 0.135411 0.138703 -0.092766 -0.345713 -0.356295 -0.094650 0.205311 0.255288 0.309149 0.316583 0.068148 -0.144004 -0.063028 0.129840 0.030419 -0.286905 -0.499269 -0.064393 0.601637 0.595606 0.145265 -0.230740 -0.313132 -0.061145 0.235683 0.447036 0.612017 0.619355 0.322195 -0.046462 -0.154543 -0.072229 0.100405 0.011615 -0.256364 -0.348206 -0.367086 -0.490292 -0.523675 -0.287950 -0.133983 -0.198039 -0.191818 0.068538 0.190623 0.077855 -0.037312 -0.233895 -0.227691 -0.041962 0.065234 -0.058182 -0.144561 -0.013809 -0.098213 -0.383240 -0.241811 0.238729 0.428149 0.366510 0.332897 0.479762 0.613446 0.576367 0.623632 0.663262 0.305855 -0.209590 -0.537342 -0.502067 -0.308413 -0.244931 -0.026252 0.320557 0.465017 0.479898 0.530633 0.355113 0.020320 -0.225866 -0.313485 -0.230464 0.181280 0.606358 0.676262 0.463299 0.051015 -0.396531 -0.540773 -0.486429 -0.679293 -0.798120 -0.838791 -0.711301 -0.273399 0.243884 0.510833 0.332944 0.026693 0.342886 0.975362 1.068427 0.778943 0.530859 0.286368 -0.093119 -0.336202 -0.216246 0.222204 0.518282 0.545918 0.610643 0.712483 0.572768 0.336720 0.305501 0.513673 0.681257 0.765807
0.022400 0.102350 0.087005 0.031639 -0.036484 0.166913 0.388951 0.327601 0.105838 -0.135179 -0.315101 -0.458419 -0.439117 -0.186638 -0.085903 -0.190259 -0.193860 -0.185502 -0.181671 -0.018472 -0.023219 -0.161168 -0.295259 -0.500234 -0.390196 0.104939 0.224755 -0.006189 -0.194463 -0.148386 0.093375 0.254179 0.201693 0.025502 -0.072994 -0.239310 -0.566823 -0.793256 -0.772088 -0.562562 -0.423962 -0.409197 -0.491022 -0.340124 0.000877 0.177149 0.268462 0.202045 0.038577 -0.116374 -0.147635 -0.039255 0.011470 0.042766 -0.191455 -0.607459 -0.746060 -0.358688 0.132155 0.415152 0.315989 -0.063385 -0.263416 -0.171507 -0.017776 0.083184 -0.099835 -0.398370 -0.323714 -0.001807 0.081015 0.120919 0.082390 -0.201103 -0.395605 -0.252911 -0.010549 0.187661 0.237951 0.292405 0.214656 0.011366 -0.002322 0.249859 0.391325 0.116602 -0.358008 -0.231052 1.438821 3.058492 2.047791 0.483424 -0.059988 -0.162046 -0.054836 0.236706 0.554019 0.674606 0.513494 0.129647 -0.190198 -0.131734 -0.041675 -0.161518 -0.415113 -0.670431 -0.742499 -0.679401 -0.687448 -0.575268 -0.125994 0.138088 0.000556 -0.080107 0.097317 0.097870 -0.028604 -0.019965 -0.164666 -0.224752 -0.119416 -0.042190 -0.063289 0.033818 0.263601 0.020066 -0.567913 -0.494079 0.147557 0.328972 0.180042 0.214999 0.421775 0.448982 0.264220 0.311837 0.542915 0.488788 0.129070 -0.226359 -0.228353 0.031414 0.130967 0.089715 0.086732 0.135061 0.358754 0.537586 0.298341 -0.152659 -0.426029 -0.457781 -0.357863 -0.049371 0.201873 0.152818 0.050886 -0.154796 -0.435943 -0.465766 -0.295181 -0.494925 -0.721971 -0.735297 -0.463752 -0.052755 0.381386 0.574815 0.353795 0.177218 0.618371 1.091162 0.905785 0.554487 0.425318 0.174304 -0.261210 -0.521442 -0.484028 -0.147740 0.358456 0.600125 0.761034 0.946727 0.803308 0.448133 0.329990 0.550370 0.968388 1.336385
-0.286768 -0.168037 -0.069006 -0.101112 -0.243948 -0.126400 0.089089 0.052742 -0.171177 -0.301968 -0.381590 -0.562927 -0.541283 -0.228875 -0.173520 -0.275592 -0.124817 -0.019976 -0.083233 -0.050478 -0.059299 -0.055829 -0.176312 -0.483598 -0.395206 0.120599 0.194485 -0.080243 -0.303625 -0.354916 -0.133005 0.097429 0.054167 -0.153015 -0.265689 -0.389766 -0.611881 -0.814679 -0.743103 -0.530388 -0.509743 -0.517579 -0.487411 -0.313858 -0.033441 0.153042 0.397910 0.548598 0.505715 0.305922 0.090809 -0.018691 -0.047392 0.076685 -0.078663 -0.754268 -1.300086 -0.929150 -0.183854 0.291292 0.278292 -0.011134 -0.089997 0.060716 0.180234 0.200082 -0.052628 -0.369315 -0.313406 -0.041141 0.094516 0.221682 0.112779 -0.260758 -0.329232 -0.005952 0.151491 0.082257 0.008632 0.098825 0.061353 -0.093331 -0.016905 0.298964 0.300869 -0.129531 -0.589858 -0.023991 2.624168 4.832133 2.994753 0.792664 0.311162 0.148979 0.004885 0.242703 0.697789 0.724719 0.325921 -0.090487 -0.180628 0.094747 0.185015 -0.078513 -0.376444 -0.691237 -0.965551 -0.911768 -0.673805 -0.435384 -0.071092 0.055705 -0.072284 -0.121516 -0.086482 -0.128853 -0.079357 0.060297 -0.065289 -0.248302 -0.242423 -0.060946 0.076169 0.343020 0.620696 0.117119 -0.653058 -0.568304 0.140099 0.257004 0.020354 0.060635 0.334227 0.510215 0.354794 0.212355 0.276259 0.331067 0.225220 0.016211 -0.001978 0.266245 0.506677 0.382014 0.117115 0.122325 0.431404 0.548134 0.231283 -0.258593 -0.505734 -0.384564 -0.219631 -0.186311 -0.223953 -0.217676 -0.065954 -0.121171 -0.334769 -0.256317 0.067705 -0.043702 -0.392376 -0.469918 -0.173163 0.075526 0.313802 0.476612 0.286691 0.326969 0.951861 1.159448 0.628928 0.229365 0.238699 0.056588 -0.357178 -0.535848 -0.475150 -0.151488 0.477306 0.745754 0.743989 0.794581 0.680557 0.445251 0.400751 0.697176 1.700354 3.016215
-0.242680 -0.020663 0.064052 0.002865 -0.064658 0.013012 0.211302 0.301474 0.078461 -0.089474 -0.115512 -0.259281 -0.261256 -0.101070 -0.157933 -0.236318 -0.067283 0.154082 0.204320 0.072507 -0.155228 -0.219573 -0.215090 -0.366985 -0.346200 -0.017336 0.037231 -0.086238 -0.176402 -0.210649 -0.095989 -0.023359 -0.128336 -0.385926 -0.599698 -0.649255 -0.607582 -0.664028 -0.585145 -0.469567 -0.682255 -0.828145 -0.596797 -0.377480 -0.183589 0.157270 0.571645 0.775033 0.737813 0.615563 0.386262 0.110500 -0.054820 0.027932 0.015510 -0.405623 -0.875666 -0.750262 -0.194712 0.178733 0.118294 -0.049101 0.029725 0.218024 0.307337 0.310571 0.038475 -0.273324 -0.276916 -0.095230 0.175030 0.529370 0.378653 -0.115711 -0.105096 0.285508 0.344666 0.070804 -0.059282 0.112512 0.084090 -0.121861 -0.068508 0.189698 -0.014392 -0.505496 -0.761336 -0.114196 1.759776 2.904855 1.455338 0.273073 0.314034 0.312476 0.088997 0.266016 0.800167 0.763879 0.190751 -0.254858 -0.135142 0.334411 0.364289 -0.004814 -0.290270 -0.559237 -0.858391 -0.850892 -0.540621 -0.277598 -0.131801 -0.137863 -0.120791 -0.021506 -0.062548 -0.097469 0.038026 0.080620 -0.134220 -0.406425 -0.400430 -0.044214 0.254920 0.573018 0.737572 0.047474 -0.690732 -0.529423 0.124878 0.189419 -0.099866 -0.184302 0.089827 0.534994 0.577171 0.325575 0.140698 0.017449 -0.028784 -0.038940 -0.055637 0.061969 0.334539 0.336271 0.147092 0.117207 0.318454 0.488707 0.322775 -0.103391 -0.289580 -0.127462 -0.080451 -0.252643 -0.313151 -0.088445 0.165305 0.012073 -0.270005 -0.119768 0.296668 0.272683 -0.117601 -0.232907 0.050989 0.233250 0.473812 0.687592 0.366441 0.248711 0.774620 0.879095 0.406509 0.147968 0.190219 -0.021387 -0.375070 -0.416892 -0.251203 0.131226 0.711636 0.889457 0.668279 0.517010 0.535061 0.554685 0.473022 0.658100 2.120560 4.328908
-0.136580 0.175827 0.271808 0.292470 0.372252 0.412783 0.500680 0.616006 0.372681 0.096654 0.147944 0.139678 0.132726 0.147492 -0.052622 -0.279636 -0.355371 -0.126889 0.231409 0.177301 -0.222037 -0.426627 -0.277563 -0.161174 -0.219463 -0.213402 -0.216808 -0.043679 0.227342 0.366551 0.375720 0.177093 -0.101866 -0.465115 -0.775510 -0.772335 -0.574532 -0.508042 -0.396827 -0.441094 -1.136254 -1.693489 -1.162096 -0.632510 -0.436624 0.026898 0.553181 0.703263 0.663708 0.679896 0.570187 0.350265 0.151359 0.135022 0.186991 0.080229 -0.135557 -0.095730 0.324271 0.564861 0.349317 0.072402 0.014219 0.050936 0.120626 0.220413 0.004395 -0.327507 -0.387781 -0.193454 0.246266 0.774094 0.707416 0.211082 0.093665 0.300014 0.320599 0.085159 0.006549 0.095233 -0.064525 -0.240746 -0.130298 0.070140 -0.182412 -0.616801 -0.714013 -0.176771 0.633420 0.570869 -0.357745 -0.548043 -0.113855 0.162739 0.124011 0.379173 0.901219 0.803334 0.187635 -0.204906 -0.002222 0.387418 0.276454 -0.138716 -0.428839 -0.568836 -0.570572 -0.474380 -0.355029 -0.283207 -0.221367 -0.174863 -0.108843 0.028801 0.093729 0.201492 0.259607 0.064631 -0.186503 -0.367881 -0.335845 -0.049097 0.155133 0.262851 0.207791 -0.259935 -0.628672 -0.414599 0.109167 0.179224 -0.072795 -0.220848 0.034253 0.562707 0.737595 0.527713 0.311378 0.182804 0.139795 0.163180 0.115759 0.014240 0.030300 -0.004732 -0.059378 -0.140132 -0.005430 0.415483 0.461195 0.111679 0.027686 0.172106 0.034547 -0.230221 -0.128885 0.269024 0.376480 0.044909 -0.196406 0.009591 0.342077 0.270729 -0.151783 -0.240325 0.139456 0.448662 0.768760 1.021742 0.582601 0.150794 0.406137 0.624144 0.389627 0.149635 0.085976 -0.051947 -0.201784 -0.201187 -0.078922 0.280420 0.766422 0.935014 0.669981 0.453653 0.621757 0.781628 0.491408 0.259591 1.042113 2.451095
-0.224480 0.193035 0.472251 0.640287 0.712268 0.639033 0.582178 0.547145 0.283233 0.061912 0.193447 0.200016 0.182639 0.163724 -0.109395 -0.360791 -0.498229 -0.329308 0.133146 0.166423 -0.222439 -0.383073 -0.053077 0.253344 0.005053 -0.402674 -0.475886 -0.035691 0.518109 0.842124 0.794681 0.327504 -0.122859 -0.507012 -0.767186 -0.705203 -0.528305 -0.436343 -0.254568 -0.404752 -1.418785 -2.236622 -1.512116 -0.737020 -0.548523 -0.118453 0.387220 0.538535 0.573142 0.598621 0.523164 0.486254 0.377832 0.256381 0.295813 0.353819 0.308440 0.384676 0.754319 0.926159 0.672335 0.273783 -0.094388 -0.366572 -0.342336 -0.100682 -0.146172 -0.403837 -0.470027 -0.184945 0.344195 0.825740 0.899746 0.546623 0.256544 0.196995 0.222655 0.169497 0.129058 -0.011873 -0.339242 -0.526887 -0.471622 -0.282728 -0.229377 -0.498807 -0.644521 -0.262788 0.190322 -0.031922 -0.607703 -0.701799 -0.400402 -0.058641 0.211288 0.688687 1.075465 0.865744 0.361102 0.184584 0.377461 0.406667 0.122442 -0.210332 -0.462134 -0.567390 -0.336433 -0.136607 -0.278206 -0.416508 -0.215226 0.015033 0.006920 0.025266 0.117772 0.310480 0.332034 0.104220 -0.115446 -0.167587 -0.049199 0.030954 -0.043453 -0.085621 -0.113517 -0.267753 -0.405549 -0.337335 0.047392 0.259440 0.220868 0.089123 0.123761 0.411385 0.627871 0.599404 0.504002 0.555055 0.583786 0.497268 0.418691 0.256370 0.041701 -0.099485 -0.073812 -0.123106 -0.049619 0.335446 0.408738 0.194725 0.122420 0.141089 -0.045450 -0.303674 -0.160052 0.221100 0.193206 -0.079197 -0.124564 0.029271 0.196145 0.060083 -0.333014 -0.364434 0.126257 0.617688 0.801513 0.831435 0.536984 0.231896 0.423054 0.728770 0.621998 0.299504 0.088908 -0.014913 -0.046619 -0.062145 -0.098630 0.135872 0.577731 0.852908 0.682304 0.423301 0.556972 0.754102 0.353999 -0.120525 -0.021273 0.319450
-0.217396 0.264737 0.653300 0.808011 0.721349 0.475218 0.291503 0.097083 -0.191759 -0.254111 -0.051248 -0.083443 -0.011688 0.099536 -0.150507 -0.314765 -0.341529 -0.282759 -0.010027 0.034419 -0.230448 -0.304196 0.088388 0.553847 0.295578 -0.245313 -0.392217 -0.160740 0.143493 0.510815 0.599111 0.151918 -0.378366 -0.736055 -0.698455 -0.386626 -0.364395 -0.388455 -0.151877 -0.254407 -0.866341 -1.273106 -0.874206 -0.527762 -0.424047 0.004324 0.425857 0.588604 0.634078 0.516909 0.360335 0.448308 0.483812 0.284659 0.203570 0.312670 0.367285 0.405745 0.687054 0.851908 0.642308 0.280768 -0.131852 -0.506564 -0.601553 -0.463999 -0.375025 -0.375210 -0.286305 0.057794 0.520546 0.840026 1.034909 0.874428 0.534513 0.286791 0.225368 0.220489 0.146743 -0.032511 -0.340700 -0.686892 -0.850816 -0.691253 -0.356803 -0.447126 -0.600094 -0.296803 -0.003633 -0.176255 -0.522469 -0.633032 -0.506786 -0.288658 0.191444 0.852855 1.060834 0.814068 0.571940 0.592355 0.723311 0.512328 0.088745 -0.231931 -0.427824 -0.577526 -0.400228 -0.139565 -0.243137 -0.389575 -0.192958 0.081255 0.120269 0.039873 -0.008833 0.168948 0.265939 0.210233 0.049273 0.039617 0.269779 0.192269 -0.179954 -0.271948 -0.062130 -0.004481 -0.108694 -0.196922 -0.005593 0.208556 0.320302 0.261465 0.121183 0.217540 0.512780 0.617663 0.510494 0.599780 0.747818 0.620359 0.465368 0.319414 0.132082 0.047125 0.108712 0.126128 0.132812 0.250902 0.257858 0.161317 -0.029614 -0.258470 -0.391385 -0.431751 -0.233256 0.018584 -0.074265 -0.235135 -0.217286 -0.260919 -0.277170 -0.327539 -0.363667 -0.176043 0.160338 0.421820 0.323879 0.276459 0.484337 0.681754 0.889675 1.031735 0.923162 0.593162 0.314815 0.161731 0.091706 0.132142 -0.035399 -0.123466 0.158624 0.518685 0.410827 0.133473 0.218743 0.466574 0.163230 -0.237977 -0.277264 -0.296457
0.076620 0.401260 0.604183 0.619569 0.459625 0.195381 -0.014725 -0.269240 -0.574186 -0.615413 -0.445437 -0.485110 -0.191444 0.283636 0.157649 -0.139731 -0.265109 -0.366534 -0.290599 -0.144030 -0.176255 -0.127855 0.141477 0.542931 0.506050 0.224797 0.048590 -0.070945 -0.164993 0.015420 0.168303 -0.096815 -0.548587 -0.803102 -0.461840 0.040078 -0.092547 -0.258350 -0.141020 -0.288982 -0.522399 -0.489936 -0.376788 -0.451620 -0.313204 0.253802 0.600909 0.666509 0.623498 0.424082 0.201955 0.236057 0.349086 0.260008 0.139995 0.186446 0.206864 0.092436 0.191827 0.322027 0.197859 0.020629 -0.157611 -0.360780 -0.553309 -0.678901 -0.602619 -0.375868 -0.060673 0.325006 0.668021 0.868009 1.102882 1.043714 0.670502 0.309256 0.190599 0.118960 -0.027280 -0.015640 -0.087877 -0.489508 -0.814247 -0.771846 -0.470781 -0.439219 -0.408921 0.004011 0.129243 -0.253772 -0.619330 -0.608871 -0.470798 -0.428645 -0.034854 0.638046 0.802377 0.712342 0.769917 0.859873 0.916365 0.721579 0.289907 -0.131832 -0.426271 -0.665107 -0.615392 -0.344009 -0.260891 -0.272158 -0.154789 0.040506 0.088087 -0.039986 -0.044731 0.268005 0.429217 0.413445 0.221132 0.080234 0.238941 0.177246 -0.235751 -0.342410 -0.007405 0.105201 0.015782 -0.017220 0.035647 0.043206 0.145835 0.214632 0.198202 0.405588 0.737994 0.711843 0.470559 0.532229 0.753728 0.679048 0.489072 0.376663 0.308471 0.220407 0.161547 0.165811 0.221878 0.276627 0.219875 0.103206 -0.155623 -0.506706 -0.638226 -0.498606 -0.159884 0.046913 -0.073021 -0.260975 -0.429705 -0.733288 -0.865297 -0.759665 -0.379231 0.099795 0.240292 0.068739 -0.248883 -0.198400 0.405651 0.960591 1.081901 1.026980 0.986571 0.749831 0.471843 0.310189 0.186722 0.217383 0.038680 -0.212921 -0.175307 0.066278 -0.024376 -0.225864 -0.104739 0.140793 -0.010697 -0.254341 -0.326656 -0.351670
0.182556 0.240674 0.195019 0.078127 0.010155 0.039466 0.075110 -0.126466 -0.514711 -0.740779 -0.751936 -0.777449 -0.367366 0.254827 0.254957 -0.052050 -0.239576 -0.469204 -0.541794 -0.335732 -0.123485 0.110897 0.148549 0.238123 0.453297 0.518885 0.380162 0.179524 -0.033876 -0.092398 -0.051749 -0.186900 -0.468196 -0.650087 -0.393921 -0.011418 0.113363 0.244488 0.145962 -0.254864 -0.500202 -0.388718 -0.310856 -0.481067 -0.282866 0.369970 0.597428 0.464199 0.378300 0.278990 0.027144 -0.110523 0.051901 0.262999 0.267445 0.191651 0.140344 -0.073057 -0.169642 -0.108352 -0.117981 -0.219855 -0.302652 -0.372178 -0.635755 -0.866529 -0.680186 -0.187591 0.346152 0.749709 0.921200 0.934386 1.024151 0.942987 0.569887 0.194449 0.124214 0.037736 -0.157996 -0.080673 -0.055606 -0.290954 -0.426562 -0.464143 -0.397538 -0.298532 -0.117992 0.220821 0.060686 -0.542267 -0.705314 -0.352932 -0.174523 -0.276189 -0.120508 0.348166 0.613194 0.844576 1.111459 1.200077 1.116797 0.926664 0.493911 -0.056524 -0.479594 -0.739576 -0.774317 -0.574502 -0.350998 -0.157602 0.061861 0.237234 0.190146 0.076926 0.213269 0.680486 0.899236 0.731608 0.376338 0.030023 0.002485 0.062992 -0.176606 -0.266304 0.020836 0.086324 0.004933 0.101748 0.220062 0.143739 0.228866 0.309855 0.368462 0.667209 0.896223 0.671680 0.359965 0.422344 0.647587 0.704752 0.669058 0.600091 0.457293 0.216821 0.035538 0.020482 0.209182 0.402071 0.328108 0.162703 -0.053980 -0.232802 -0.210574 -0.094382 0.091593 0.150055 -0.014594 -0.107927 -0.161666 -0.451470 -0.695932 -0.607296 -0.141842 0.319201 0.388309 0.087685 -0.294678 -0.288832 0.186073 0.683937 0.752844 0.686276 0.744090 0.589294 0.338200 0.208993 0.027877 -0.035380 -0.127164 -0.373129 -0.540585 -0.368695 -0.280784 -0.289553 -0.110957 -0.034757 -0.207633 -0.319307 -0.357156 -0.284426
-0.064240 0.050682 0.050554 -0.133026 -0.198381 -0.023440 0.274187 0.325674 -0.108005 -0.615680 -0.849747 -0.751928 -0.304126 0.069763 0.050487 -0.055840 -0.105062 -0.323286 -0.460337 -0.268648 0.021284 0.284181 0.124256 -0.056335 0.226555 0.477720 0.429545 0.278127 0.106682 0.002752 -0.038056 -0.118187 -0.253907 -0.365147 -0.247875 -0.056000 0.268933 0.670305 0.464729 -0.056638 -0.397496 -0.468038 -0.434598 -0.406430 -0.123248 0.363197 0.429704 0.291684 0.334503 0.327310 0.034891 -0.193658 -0.042411 0.224927 0.249324 0.162646 0.129543 -0.045365 -0.095462 0.041203 -0.011524 -0.383254 -0.518121 -0.438353 -0.691826 -0.908158 -0.546781 0.170740 0.731084 1.009321 1.004571 0.848169 0.735367 0.598389 0.440334 0.334134 0.296309 0.100857 -0.217700 -0.309861 -0.348231 -0.379221 -0.211844 -0.211816 -0.226865 0.041831 0.231125 0.048645 -0.910075 -1.914314 -1.344470 -0.220985 0.105053 -0.099829 -0.225982 -0.090410 0.264652 0.833465 1.256481 1.363621 1.227559 0.981495 0.425365 -0.183793 -0.504949 -0.610792 -0.733684 -0.659070 -0.326857 -0.043837 0.138337 0.176597 0.064325 0.112422 0.359895 0.853084 1.177150 0.954446 0.516029 0.166620 0.140151 0.197797 -0.088568 -0.328782 -0.164375 -0.004285 -0.066129 -0.028112 0.218389 0.320189 0.461864 0.513795 0.532470 0.761749 0.820763 0.490525 0.190530 0.310023 0.614117 0.797616 0.891523 0.819526 0.470281 0.032015 -0.207500 -0.138299 0.232919 0.495703 0.313272 0.130210 0.136065 0.244181 0.471753 0.626226 0.599408 0.415299 0.154408 0.121877 0.220000 0.049103 -0.243139 -0.236158 0.095271 0.379808 0.517279 0.363938 0.011917 -0.106207 0.048087 0.236499 0.269832 0.284767 0.349475 0.248054 0.122892 0.187211 0.103471 -0.081230 -0.273105 -0.593142 -0.782849 -0.527603 -0.278087 -0.157154 0.057619 -0.059859 -0.357720 -0.387689 -0.338889 -0.284154
-0.108062 0.178963 0.270547 0.067169 -0.063931 0.006349 0.281662 0.457212 0.109394 -0.400387 -0.718899 -0.571079 -0.106843 -0.001968 -0.156456 -0.138834 -0.008670 0.005616 0.019210 0.182193 0.361928 0.503933 0.278635 -0.039666 0.135555 0.412468 0.477255 0.410386 0.224478 0.084568 -0.023790 -0.145737 -0.241434 -0.216415 -0.058957 0.042994 0.225849 0.470478 0.350407 0.033399 -0.347591 -0.658400 -0.646578 -0.254892 0.166606 0.351891 0.245290 0.207234 0.416941 0.470247 0.176145 -0.029808 0.088234 0.268815 0.294077 0.256182 0.233386 0.213375 0.339508 0.377474 0.001627 -0.591971 -0.622041 -0.363895 -0.539577 -0.714699 -0.309465 0.292541 0.553623 0.605482 0.580899 0.499344 0.364308 0.212148 0.258678 0.471509 0.478876 0.205544 -0.208647 -0.518618 -0.665817 -0.578469 -0.287107 -0.171970 0.023928 0.483611 0.545022 -0.183101 -1.888517 -3.212619 -2.015396 -0.288511 0.222378 -0.055900 -0.375799 -0.404788 -0.093270 0.510611 0.979364 1.071826 0.925541 0.697681 0.252433 -0.140903 -0.240290 -0.260203 -0.592414 -0.751230 -0.450333 -0.144694 -0.096083 -0.300462 -0.490426 -0.279823 0.078981 0.509339 0.883183 0.773376 0.413528 0.285206 0.500928 0.489720 0.015227 -0.361448 -0.211963 0.056830 -0.125242 -0.370475 -0.146479 0.237746 0.547476 0.627690 0.639147 0.758580 0.655242 0.312532 0.113274 0.298590 0.665271 0.868552 0.943118 0.878534 0.508446 -0.007951 -0.347521 -0.319081 0.057020 0.315092 0.062199 -0.095975 0.100015 0.240220 0.442696 0.835621 1.048166 0.860409 0.524463 0.471201 0.606405 0.462470 0.127360 -0.055937 -0.035699 0.062598 0.307802 0.367355 0.138686 -0.022001 -0.043399 -0.039538 0.007325 0.150199 0.283231 0.288380 0.290783 0.530796 0.615482 0.319404 -0.102867 -0.483190 -0.594218 -0.313842 -0.075139 -0.057228 0.051611 -0.118979 -0.458176 -0.534103 -0.461423 -0.456801
0.611467 0.680499 0.529754 0.203553 0.035501 0.084518 0.260809 0.238230 -0.117388 -0.390240 -0.609430 -0.499523 -0.036656 -0.020250 -0.328654 -0.454767 -0.306410 0.077820 0.433057 0.556480 0.533269 0.585952 0.516738 0.264438 0.226864 0.268017 0.322447 0.371360 0.235791 0.030739 -0.165471 -0.301948 -0.359735 -0.251529 -0.088900 -0.003705 0.093028 0.181472 0.202209 0.121058 -0.220467 -0.533249 -0.400588 0.076966 0.373174 0.384958 0.218869 0.008368 0.105695 0.340159 0.215305 0.057178 0.199166 0.432216 0.530597 0.454816 0.386486 0.441814 0.495923 0.246072 -0.277804 -0.737080 -0.636136 -0.269436 -0.331256 -0.534989 -0.282577 0.076030 0.124413 0.088679 0.194223 0.263098 0.103474 -0.103896 -0.045774 0.250512 0.303069 0.082695 -0.226818 -0.438867 -0.553185 -0.533993 -0.393051 -0.250898 0.211913 0.794536 0.744910 -0.046943 -1.358718 -2.228663 -1.397454 -0.132522 0.310022 0.031502 -0.235023 -0.179407 -0.019839 0.335448 0.762630 0.738082 0.347553 0.051634 -0.083221 -0.124449 -0.065381 -0.096730 -0.579346 -0.862224 -0.628123 -0.303105 -0.234282 -0.505506 -0.818365 -0.693732 -0.344792 -0.076296 0.201968 0.275649 0.131012 0.231436 0.578681 0.536173 0.096985 -0.151695 0.059136 0.148050 -0.303008 -0.787082 -0.690125 -0.153366 0.281589 0.402271 0.509770 0.632534 0.475599 0.180704 0.080856 0.265518 0.606942 0.815489 0.896464 0.912215 0.713952 0.287848 -0.135510 -0.292463 -0.152807 -0.010329 -0.175476 -0.231247 -0.083552 -0.090710 0.027909 0.616441 1.156697 1.125828 0.836479 0.784059 0.903322 0.837043 0.547432 0.190516 -0.081440 -0.166195 -0.047515 0.045787 -0.028430 -0.210726 -0.345895 -0.262941 0.004412 0.322026 0.528808 0.605166 0.577034 0.656497 0.718391 0.501090 0.138725 -0.158556 -0.312427 -0.197450 0.007480 -0.059946 -0.086923 -0.189747 -0.382424 -0.408267 -0.287671 -0.229301
1.093751 0.931599 0.582875 0.134466 -0.084051 -0.083805 0.041360 -0.026797 -0.279664 -0.323674 -0.434165 -0.411338 -0.037563 0.011162 -0.318994 -0.650786 -0.625190 -0.089909 0.390289 0.450417 0.333049 0.394681 0.502933 0.395806 0.199747 0.017922 -0.014158 0.082747 0.121844 -0.054159 -0.293231 -0.344478 -0.258178 -0.105729 -0.069523 -0.052772 0.065212 0.089740 0.069616 0.037539 -0.161053 -0.241588 0.060142 0.330108 0.370329 0.401700 0.276089 -0.160214 -0.259163 0.175939 0.319629 0.291852 0.482301 0.634321 0.634833 0.498379 0.400953 0.344671 0.177708 -0.212752 -0.664471 -0.967662 -0.828750 -0.333884 -0.202472 -0.410481 -0.354466 -0.119788 -0.012633 0.037415 0.267903 0.389255 0.094395 -0.286437 -0.381455 -0.170949 -0.017213 -0.114616 -0.292527 -0.232098 -0.206236 -0.368265 -0.477465 -0.440844 0.095416 0.776515 0.781448 0.169712 -0.483067 -0.743341 -0.363862 0.290307 0.503475 0.193555 -0.052192 -0.024087 0.079356 0.349385 0.649613 0.450188 -0.133214 -0.479768 -0.431170 -0.270103 -0.109659 -0.135196 -0.610130 -0.794435 -0.544411 -0.354649 -0.292143 -0.336799 -0.543302 -0.598319 -0.352274 -0.161926 0.019947 0.103952 0.015827 0.152126 0.406220 0.291251 0.006027 -0.046634 0.118012 -0.083614 -0.703011 -1.180683 -1.081572 -0.556929 -0.120920 0.045460 0.217550 0.382248 0.335479 0.163607 0.129024 0.305903 0.604894 0.716218 0.706853 0.761878 0.700132 0.433218 0.098420 -0.135831 -0.182963 -0.157623 -0.242074 -0.287416 -0.327095 -0.400033 -0.245051 0.349480 0.918940 0.934186 0.711620 0.655055 0.699074 0.721931 0.573492 0.277743 0.017127 -0.056155 -0.072346 -0.087497 -0.191372 -0.454879 -0.609245 -0.363818 0.073802 0.406291 0.517967 0.588554 0.549572 0.380062 0.242972 0.195078 0.162055 0.005862 -0.244258 -0.276474 -0.090938 -0.126756 -0.234038 -0.286308 -0.196313 0.022777 0.202942 0.253645
0.619644 0.589191 0.373811 -0.057447 -0.363653 -0.523349 -0.441647 -0.244507 -0.192490 -0.129977 -0.182452 -0.199936 0.042272 0.126501 -0.117528 -0.452886 -0.461861 -0.048023 0.182712 0.109226 0.116735 0.309061 0.329362 0.104104 -0.058554 -0.039892 -0.061052 -0.062381 0.040577 -0.052863 -0.255725 -0.301683 -0.138996 0.078933 0.066006 0.062713 0.172816 0.083453 -0.143086 -0.225482 -0.217777 -0.163272 0.131505 0.344877 0.363573 0.391515 0.248653 -0.103080 -0.163723 0.298848 0.628874 0.737586 0.837212 0.727821 0.530268 0.409255 0.412167 0.286646 -0.009802 -0.418783 -0.803783 -1.080715 -0.972798 -0.490095 -0.285615 -0.373140 -0.319401 -0.073172 0.093435 0.050822 0.146798 0.311506 0.082628 -0.326400 -0.532267 -0.471827 -0.284703 -0.296807 -0.437572 -0.296424 -0.193538 -0.348329 -0.450427 -0.446414 -0.049089 0.481662 0.496707 0.088312 -0.256547 -0.238945 0.063544 0.442130 0.469332 0.138780 -0.145845 -0.226081 0.023677 0.466001 0.545862 0.140666 -0.350631 -0.566866 -0.481417 -0.235429 0.025362 0.031061 -0.397329 -0.538525 -0.354572 -0.318271 -0.328260 -0.142052 -0.092281 -0.259730 -0.117647 0.014523 0.066985 0.080059 -0.027354 0.061936 0.198777 -0.025115 -0.248140 -0.234878 -0.222758 -0.479885 -1.016010 -1.337766 -1.094111 -0.638273 -0.312539 -0.118059 0.015725 0.086480 0.151664 0.172281 0.195016 0.308812 0.524599 0.581906 0.490427 0.468760 0.398712 0.239257 0.025912 -0.254043 -0.370213 -0.241944 -0.181091 -0.251655 -0.443243 -0.517626 -0.224773 0.309818 0.666701 0.667074 0.548364 0.425074 0.304334 0.322336 0.374125 0.264658 0.105818 0.172356 0.306430 0.237124 -0.161017 -0.595775 -0.667928 -0.302400 0.112365 0.295887 0.340342 0.491887 0.570361 0.291104 -0.080207 -0.117011 0.075851 0.056092 -0.146030 -0.197479 -0.072786 -0.139389 -0.334786 -0.391619 -0.176419 0.214297 0.503674 0.577862
0.036744 0.062338 0.025520 -0.135679 -0.360231 -0.592324 -0.596950 -0.342900 -0.245896 -0.261841 -0.243056 -0.095399 0.138074 0.119028 -0.171189 -0.326172 -0.082696 0.272537 0.182753 -0.102952 -0.033699 0.253192 0.195066 -0.123951 -0.160710 0.123436 0.157186 0.011609 0.028159 0.027948 -0.071769 -0.193647 -0.117171 0.132891 0.224840 0.245790 0.188143 -0.067107 -0.397096 -0.488047 -0.327867 -0.233912 -0.067269 0.241667 0.290453 0.112345 0.003551 0.074993 0.194378 0.452382 0.731904 0.912932 0.983466 0.828799 0.621167 0.497835 0.512745 0.388669 0.098782 -0.257510 -0.580803 -0.867177 -0.822548 -0.507294 -0.399064 -0.411176 -0.293840 -0.002372 0.186913 0.015446 -0.129515 -0.025581 -0.051229 -0.235926 -0.346324 -0.436408 -0.456275 -0.481171 -0.579165 -0.529281 -0.389924 -0.376765 -0.409339 -0.505582 -0.364097 0.000163 0.058386 -0.105206 -0.234743 -0.169426 0.086559 0.298486 0.184774 -0.071861 -0.264302 -0.409070 -0.156871 0.337210 0.316347 -0.099519 -0.343584 -0.354391 -0.316079 -0.069295 0.314490 0.415338 0.045726 -0.193415 -0.253800 -0.316483 -0.304875 -0.032534 0.146163 -0.069781 -0.009012 0.029292 -0.054825 -0.031230 0.002951 0.140745 0.189567 -0.149611 -0.428308 -0.458639 -0.488890 -0.603388 -1.019216 -1.253011 -0.893992 -0.500726 -0.321150 -0.118963 -0.043477 -0.149393 -0.102171 0.112146 0.257874 0.225960 0.206428 0.320116 0.375063 0.273551 0.082937 -0.021863 -0.157827 -0.445584 -0.529426 -0.201639 0.036482 -0.025013 -0.252268 -0.280116 0.047136 0.343297 0.448563 0.520310 0.517193 0.273151 0.035771 0.049563 0.278134 0.281335 0.072329 0.168835 0.518098 0.460340 -0.180783 -0.659976 -0.580484 -0.096535 0.339892 0.453485 0.502726 0.735979 0.890711 0.454412 -0.071717 -0.124742 0.051260 0.069534 -0.047866 -0.107191 -0.031351 -0.125868 -0.306606 -0.343108 -0.236360 0.182652 0.597111 0.647957
0.123542 0.008275 -0.077912 -0.075891 -0.142203 -0.264367 -0.347458 -0.304760 -0.392279 -0.534884 -0.457750 -0.089509 0.138224 -0.071952 -0.381084 -0.242124 0.279896 0.627360 0.402121 -0.026680 -0.058456 0.208729 0.186254 -0.069977 -0.030365 0.280548 0.332847 0.137597 0.076503 0.132997 0.092329 -0.033295 -0.021095 0.146047 0.257978 0.285785 0.126527 -0.226200 -0.589219 -0.694628 -0.529735 -0.387830 -0.305534 -0.007041 0.052528 -0.232322 -0.218703 0.238971 0.506289 0.464189 0.406520 0.491673 0.682642 0.796276 0.756807 0.640220 0.597044 0.464158 0.187549 -0.121058 -0.415872 -0.673590 -0.604478 -0.439519 -0.440612 -0.459756 -0.295614 0.084336 0.291244 0.143230 -0.063408 -0.116295 -0.070971 -0.105691 -0.181358 -0.426554 -0.701972 -0.733666 -0.668049 -0.700867 -0.653502 -0.555799 -0.508490 -0.601816 -0.596071 -0.267199 -0.121613 -0.121697 -0.102198 -0.099659 0.100566 0.271894 0.161517 0.035006 -0.181736 -0.483302 -0.396314 0.026561 0.069972 -0.230339 -0.390708 -0.295990 -0.182950 -0.023447 0.305132 0.539917 0.374452 0.103321 -0.205650 -0.338973 -0.211885 0.014763 0.088418 -0.125021 -0.101604 -0.090640 -0.184931 -0.110419 0.114572 0.323701 0.297438 -0.132671 -0.519902 -0.605537 -0.604099 -0.661435 -0.989274 -1.140085 -0.752163 -0.419632 -0.401392 -0.278090 -0.168122 -0.302718 -0.274425 0.170142 0.561477 0.402550 0.018807 0.061150 0.367482 0.263736 -0.137769 -0.269923 -0.330190 -0.516393 -0.493987 -0.060260 0.302036 0.286898 0.139249 0.245393 0.532158 0.553309 0.456172 0.488663 0.445000 0.079799 -0.256153 -0.211089 0.146831 0.273349 0.086414 0.077897 0.305027 0.201333 -0.353782 -0.683060 -0.530550 -0.059790 0.419428 0.636071 0.700302 0.900609 1.034015 0.426610 -0.175560 -0.215835 -0.034716 0.016684 -0.133493 -0.247557 -0.148347 -0.182769 -0.244455 -0.208101 -0.293362 -0.021171 0.352936 0.248029
0.530624 0.250472 0.000114 -0.068091 -0.061624 -0.003088 -0.117020 -0.249490 -0.443292 -0.659314 -0.602635 -0.184341 0.000533 -0.226421 -0.364547 0.025088 0.587377 0.835249 0.587974 0.153526 0.132203 0.450688 0.382379 0.110035 0.212604 0.512319 0.536720 0.348596 0.252055 0.292535 0.207533 0.061621 0.045249 0.117551 0.164639 0.170275 0.048319 -0.252798 -0.555972 -0.625164 -0.531652 -0.411078 -0.427947 -0.361560 -0.363394 -0.485241 -0.276262 0.279608 0.618476 0.460280 0.153048 0.042313 0.236613 0.659617 0.843758 0.792224 0.736972 0.560718 0.263462 -0.050353 -0.402494 -0.631423 -0.527561 -0.483420 -0.581563 -0.621895 -0.397544 0.025038 0.268571 0.399970 0.429992 0.260997 0.193856 0.128629 -0.039802 -0.407606 -0.836412 -0.922880 -0.770188 -0.792839 -0.767050 -0.545141 -0.316077 -0.237671 -0.215305 -0.040374 -0.023803 -0.062312 -0.037413 -0.066228 0.118656 0.325597 0.429839 0.434425 0.051825 -0.422241 -0.408655 0.005927 0.060190 -0.270126 -0.470382 -0.279286 0.012010 0.090589 0.181910 0.358431 0.300773 0.049600 -0.296023 -0.416741 -0.214335 -0.092141 -0.174492 -0.304394 -0.277056 -0.261860 -0.247412 -0.068365 0.220943 0.337939 0.252806 -0.115384 -0.494297 -0.539929 -0.617646 -0.885421 -1.105694 -0.985909 -0.622755 -0.477969 -0.595656 -0.525182 -0.316599 -0.340326 -0.208848 0.431941 0.904152 0.662670 0.103453 0.018397 0.390294 0.339879 -0.077153 -0.257249 -0.415401 -0.602527 -0.530467 -0.111439 0.365653 0.571660 0.614883 0.739674 0.879084 0.829693 0.678254 0.540216 0.301335 -0.146749 -0.432148 -0.249671 0.147448 0.363090 0.239962 0.000527 -0.058309 -0.008191 -0.120511 -0.285225 -0.278486 -0.174845 0.067374 0.445145 0.578814 0.535987 0.435208 -0.121058 -0.556254 -0.493315 -0.237891 -0.220870 -0.447024 -0.539556 -0.346811 -0.224770 -0.190543 -0.152589 -0.316708 -0.250541 -0.309615 -0.946660
0.692581 0.243549 -0.174007 -0.328617 -0.223862 0.081762 0.054304 -0.168526 -0.487569 -0.839520 -0.789977 -0.316401 -0.070285 -0.152730 -0.145556 0.209465 0.578004 0.703080 0.416719 0.064010 0.249337 0.707920 0.631759 0.351049 0.494804 0.818900 0.796145 0.518408 0.307348 0.275436 0.161774 0.005554 -0.025308 0.055260 0.143898 0.143481 0.026773 -0.191566 -0.305431 -0.196373 -0.151681 -0.155036 -0.289456 -0.474144 -0.605937 -0.497505 -0.114335 0.333750 0.620553 0.481621 0.187358 0.030769 0.178115 0.693548 0.938297 0.863537 0.770442 0.535319 0.225062 -0.052646 -0.364484 -0.529842 -0.519437 -0.652442 -0.790148 -0.640943 -0.274478 -0.036330 0.059063 0.448234 0.814773 0.681839 0.508471 0.412983 0.174611 -0.268708 -0.774600 -1.020382 -0.944554 -0.760556 -0.501324 -0.218085 -0.007240 0.187231 0.393043 0.397365 0.172434 0.046598 0.023371 -0.007609 0.119467 0.340371 0.714946 0.827204 0.401529 -0.112440 -0.173777 0.115392 0.093033 -0.246966 -0.389120 -0.077440 0.333559 0.483571 0.423379 0.243759 -0.072980 -0.336308 -0.483802 -0.511542 -0.264889 -0.144413 -0.255099 -0.342785 -0.389280 -0.386492 -0.223681 0.048601 0.246253 0.158239 0.022119 -0.172504 -0.358713 -0.289884 -0.453925 -0.852969 -0.936477 -0.668356 -0.559636 -0.659916 -0.618560 -0.396856 -0.250398 -0.279970 0.145260 1.023778 1.192806 0.736305 0.290025 0.218242 0.417521 0.375794 0.152671 0.010578 -0.304326 -0.616476 -0.577061 -0.232643 0.251866 0.708384 0.957245 0.931196 0.876869 0.951097 0.907624 0.689513 0.314637 -0.164368 -0.333536 -0.001611 0.344162 0.417469 0.162511 -0.204150 -0.274427 0.031909 0.323365 0.254348 0.077492 -0.112211 -0.118231 0.268549 0.431075 0.243305 -0.068584 -0.524012 -0.615508 -0.373797 -0.217246 -0.441131 -0.754120 -0.791107 -0.468126 -0.124120 -0.073635 -0.079996 -0.105559 -0.148257 -0.702078 -1.850682
0.422722 0.155404 -0.206493 -0.463246 -0.362632 0.056857 0.089951 -0.194279 -0.553022 -0.779440 -0.489223 0.112935 0.396295 0.256238 0.073091 0.153731 0.358228 0.444129 0.120768 -0.164516 0.134880 0.570901 0.530169 0.388829 0.547651 0.774530 0.768852 0.518246 0.282632 0.265190 0.219111 0.084462 -0.019247 0.054397 0.197086 0.195626 0.058354 -0.099433 0.032292 0.389538 0.431185 0.261760 -0.027102 -0.351418 -0.487156 -0.228452 0.080870 0.317772 0.510322 0.403280 0.225530 0.166113 0.271518 0.627171 0.803933 0.723385 0.605082 0.362004 0.105864 -0.058566 -0.217595 -0.336581 -0.537759 -0.858184 -0.899281 -0.418892 0.020090 -0.045411 -0.216633 0.174796 0.767993 0.752940 0.493744 0.418199 0.276272 -0.145501 -0.727683 -1.323433 -1.508766 -0.953342 -0.280650 0.037640 0.175262 0.361765 0.594096 0.544605 0.331641 0.401393 0.550105 0.469501 0.346314 0.420309 0.775775 0.821102 0.445007 0.073391 -0.071366 0.019716 0.090096 -0.052670 -0.174413 -0.025849 0.185735 0.405425 0.583939 0.357900 -0.184047 -0.456007 -0.394814 -0.425255 -0.263551 -0.120005 -0.187729 -0.393198 -0.585739 -0.501448 -0.162138 0.149109 0.209571 -0.073801 -0.378659 -0.455197 -0.256882 -0.032660 -0.294652 -0.636932 -0.590406 -0.426919 -0.606859 -0.788540 -0.448422 -0.036951 -0.059785 -0.214134 0.389001 1.349169 1.156788 0.535149 0.281684 0.260630 0.332742 0.335526 0.285073 0.220058 -0.134330 -0.484050 -0.413285 -0.163961 0.048179 0.430899 0.846008 0.855510 0.769171 0.962897 1.049094 0.968580 0.709099 0.304664 0.117568 0.369810 0.539581 0.347990 -0.123071 -0.413187 -0.264076 0.040413 0.301500 0.242522 0.095837 0.012970 0.015692 0.270295 0.323456 0.110541 -0.201007 -0.471789 -0.320421 -0.081172 -0.039847 -0.338937 -0.695457 -0.763302 -0.451558 -0.054316 0.038081 0.182424 0.364858 0.251434 -0.207832 -0.948192
0.140405 0.246756 0.212631 -0.031341 -0.140343 -0.009920 -0.137407 -0.410539 -0.614131 -0.537559 -0.056062 0.557380 0.796106 0.465185 -0.024240 -0.074061 0.221939 0.312084 -0.044433 -0.280689 -0.018714 0.187467 0.073860 0.038080 0.181010 0.238184 0.305679 0.314506 0.371657 0.591428 0.599988 0.358174 0.114007 0.126492 0.252987 0.300449 0.225574 0.090382 0.238639 0.547063 0.552424 0.361366 0.001115 -0.316344 -0.331593 0.002382 0.188727 0.276586 0.391124 0.338931 0.267734 0.260664 0.269354 0.393031 0.541616 0.643965 0.654256 0.440867 0.172326 0.003405 -0.075185 -0.193697 -0.539729 -0.928446 -0.800774 -0.110074 0.271448 0.027340 -0.293202 -0.022924 0.638257 0.699662 0.294913 0.154009 0.241459 0.015135 -0.671695 -2.011032 -2.919624 -1.877268 -0.494499 0.082047 0.317153 0.353863 0.331625 0.329915 0.366303 0.688994 0.979128 0.848305 0.552955 0.424143 0.515917 0.422233 0.132926 -0.013618 -0.155204 -0.189761 0.003206 0.132424 0.068112 -0.020419 -0.149726 -0.068134 0.451675 0.564965 0.063098 -0.246165 -0.220708 -0.439216 -0.505750 -0.343255 -0.250498 -0.437192 -0.582707 -0.412497 -0.162762 -0.031102 -0.114390 -0.387279 -0.657631 -0.563606 -0.061150 0.162115 -0.278697 -0.556660 -0.411791 -0.322162 -0.564033 -0.847559 -0.565134 -0.061470 0.040215 -0.117658 0.213335 0.807727 0.607067 0.206693 0.147399 0.105440 0.134542 0.265546 0.314499 0.328465 0.056237 -0.326675 -0.322048 -0.117428 -0.151978 -0.089961 0.324763 0.556358 0.561032 0.773437 0.966289 1.029889 0.932881 0.703026 0.520545 0.534140 0.445380 0.169047 -0.260283 -0.406950 -0.171265 -0.055786 -0.038487 -0.151843 -0.151590 -0.020569 0.057880 0.189597 0.157748 -0.084455 -0.300488 -0.278998 -0.082053 -0.048065 -0.074417 -0.173572 -0.378288 -0.497161 -0.438915 -0.277033 -0.145554 0.269818 0.653447 0.553094 0.360480 0.238915
-0.119377 0.155402 0.542682 0.551026 0.228104 -0.083042 -0.415155 -0.556108 -0.473480 -0.200446 0.167441 0.507136 0.502490 0.086814 -0.327322 -0.166457 0.284238 0.291245 -0.118550 -0.273505 0.010509 0.051854 -0.192746 -0.360036 -0.376442 -0.310588 -0.062583 0.129416 0.346044 0.698532 0.753151 0.482546 0.248094 0.207008 0.168976 0.171314 0.267756 0.262488 0.254533 0.222036 0.134860 0.083990 -0.213002 -0.406072 -0.283141 0.015094 0.216826 0.366986 0.433450 0.417425 0.342269 0.264886 0.268647 0.237199 0.236856 0.473001 0.695983 0.555579 0.220379 -0.026753 -0.072354 -0.194466 -0.566402 -0.873188 -0.566267 0.178557 0.495905 0.262101 -0.037154 0.134554 0.658329 0.659667 0.164314 -0.092766 0.038603 -0.018818 -0.668333 -2.459701 -3.928882 -2.632588 -0.781061 -0.027231 0.262515 0.154472 -0.029785 0.106811 0.400552 0.787483 0.985036 0.760175 0.406229 0.221065 0.235827 0.177138 0.018318 -0.045167 -0.245333 -0.443148 -0.277313 0.113290 0.212462 0.076441 -0.025190 0.052699 0.502944 0.629675 0.190814 -0.129489 -0.229555 -0.516158 -0.601570 -0.416566 -0.232354 -0.286270 -0.347856 -0.290359 -0.285510 -0.278665 -0.282695 -0.241823 -0.225540 -0.104886 0.225622 0.227081 -0.248960 -0.470387 -0.330198 -0.220864 -0.312432 -0.684968 -0.713628 -0.307846 0.120652 0.235294 0.333826 0.478745 0.316017 0.156039 0.137796 0.016405 0.030092 0.236324 0.269891 0.300660 0.197954 -0.171779 -0.328520 -0.206807 -0.315651 -0.458443 -0.176643 0.140424 0.182394 0.361343 0.671896 0.798845 0.733761 0.626648 0.520452 0.393783 0.193882 -0.017470 -0.282927 -0.331582 -0.215481 -0.194633 -0.159134 -0.222412 -0.131351 0.026022 0.006992 0.022719 0.016802 -0.165914 -0.272285 -0.146289 -0.037845 -0.089171 -0.100973 -0.034318 -0.092977 -0.267537 -0.443862 -0.490174 -0.327293 0.150130 0.467833 0.387218 0.428754 0.646611
-0.234882 -0.024374 0.518924 0.775962 0.441376 0.008656 -0.232264 -0.272727 -0.120702 0.139918 0.323480 0.353491 0.069029 -0.305204 -0.342899 0.104771 0.457955 0.269954 -0.154168 -0.191155 0.199483 0.206431 -0.128183 -0.434534 -0.651797 -0.510075 -0.006958 0.212883 0.191259 0.397498 0.525538 0.400224 0.314662 0.248155 0.054795 -0.063120 0.058571 0.119693 0.047598 -0.129078 -0.162314 -0.066813 -0.314175 -0.410791 -0.212271 -0.041756 0.199387 0.484364 0.539678 0.526788 0.445045 0.375240 0.503447 0.437761 0.191267 0.232547 0.407428 0.295172 0.045798 -0.053536 0.000376 -0.164534 -0.578586 -0.805629 -0.430119 0.255028 0.598600 0.528528 0.297322 0.375048 0.714079 0.649148 0.207388 -0.120895 -0.229668 -0.334213 -0.665448 -1.679808 -2.591196 -1.808185 -0.607524 -0.097921 0.100928 -0.040238 -0.173780 0.086175 0.400539 0.624465 0.697883 0.480040 0.199654 0.143320 0.221938 0.156567 0.005671 -0.172693 -0.469326 -0.745259 -0.594055 0.003889 0.252615 0.176334 0.354408 0.617960 0.699393 0.450037 0.052645 -0.108304 -0.113278 -0.268024 -0.299527 -0.196620 -0.082155 0.005827 -0.061585 -0.245217 -0.302309 -0.084650 0.152160 0.381705 0.470661 0.414847 0.372744 0.253321 0.088314 0.005336 -0.073654 -0.138947 -0.152765 -0.514600 -0.778074 -0.512419 0.189529 0.680181 0.745374 0.593549 0.431972 0.350474 0.162207 -0.087826 -0.061310 0.187596 0.169647 0.124380 0.146815 -0.121793 -0.358501 -0.321448 -0.354703 -0.401772 -0.229119 -0.135984 -0.133238 0.114825 0.505169 0.684666 0.596632 0.377303 0.232621 0.129559 -0.003509 -0.159879 -0.328374 -0.265258 -0.181938 -0.120418 0.043351 0.018293 0.038534 0.128923 0.079871 0.067457 0.007011 -0.253139 -0.400711 -0.285859 -0.088842 0.000530 0.009629 0.079480 0.093563 -0.047165 -0.272227 -0.384990 -0.179829 0.206515 0.310655 0.270338 0.459971 0.639993
-0.156104 -0.112842 0.302512 0.657010 0.396066 0.045894 0.118684 0.184938 0.176308 0.328946 0.399671 0.222478 -0.168771 -0.428308 -0.155079 0.454959 0.603843 0.205062 -0.213537 -0.115806 0.367544 0.332412 -0.089270 -0.391819 -0.600229 -0.442331 0.148044 0.370817 0.168336 0.175404 0.281311 0.296667 0.338308 0.283558 0.097093 -0.099042 -0.151071 -0.200090 -0.271175 -0.329405 -0.165288 -0.012814 -0.220421 -0.247038 -0.081219 0.052670 0.384642 0.647642 0.555999 0.456514 0.437348 0.490203 0.737563 0.775680 0.502310 0.284312 0.192168 0.012126 -0.151447 -0.099975 0.046238 -0.099842 -0.457700 -0.565276 -0.186944 0.379855 0.722723 0.783239 0.574420 0.530276 0.778061 0.817652 0.526854 0.182941 -0.141681 -0.366748 -0.488958 -0.721764 -0.939825 -0.678676 -0.298187 -0.176855 -0.109205 -0.136594 -0.131948 0.113476 0.316530 0.394837 0.385075 0.208262 0.026820 0.075726 0.157306 0.083070 -0.071384 -0.303494 -0.565595 -0.780620 -0.689592 -0.171180 0.162045 0.215506 0.462351 0.687489 0.525615 0.069623 -0.214837 -0.117997 0.087483 -0.018151 -0.209826 -0.227432 -0.090541 0.185970 0.142889 -0.185891 -0.243984 0.136375 0.506101 0.668039 0.591214 0.438620 0.321972 0.321918 0.495280 0.485438 0.118516 -0.230262 -0.286303 -0.512085 -0.818724 -0.657000 0.155779 0.887628 0.974303 0.750563 0.688474 0.605670 0.190311 -0.221422 -0.269769 -0.024397 0.081248 0.069335 0.076158 -0.123643 -0.315225 -0.277723 -0.260287 -0.210815 -0.046514 -0.065635 0.012176 0.284601 0.497673 0.670871 0.652105 0.323123 0.089773 0.027205 -0.052496 -0.154530 -0.352768 -0.353764 -0.193698 -0.038763 0.137203 0.199558 0.167765 0.114690 0.078311 0.156200 0.129249 -0.230717 -0.501633 -0.275650 0.188868 0.357253 0.228038 0.130999 0.145458 0.132868 0.017795 0.005474 0.280765 0.495723 0.356988 0.307387 0.480428 0.478100
-0.023718 -0.019091 0.292600 0.525808 0.172186 -0.194238 -0.018817 0.170344 0.212516 0.439939 0.445027 0.153438 -0.204945 -0.367265 0.077597 0.757616 0.734735 0.146447 -0.270604 -0.091546 0.250681 0.018993 -0.405466 -0.534770 -0.591639 -0.508930 -0.094485 0.188881 0.240168 0.183536 0.094559 0.143535 0.277695 0.297729 0.302594 0.151255 -0.132835 -0.327410 -0.312076 -0.216531 -0.049923 0.051351 0.056919 0.030175 -0.125065 -0.024306 0.490667 0.766634 0.632617 0.519470 0.504958 0.587534 0.815635 0.999409 0.953479 0.674674 0.358026 0.073515 -0.098281 -0.007636 0.137579 -0.014655 -0.267490 -0.188786 0.236492 0.663044 0.929286 1.030722 0.850350 0.652888 0.692598 0.819699 0.648351 0.324747 0.101874 0.029371 -0.043908 -0.246107 -0.462095 -0.459702 -0.324261 -0.306013 -0.218928 -0.104309 -0.121698 -0.061004 0.135289 0.289270 0.232714 -0.022700 -0.187364 -0.112647 -0.089666 -0.107391 -0.101140 -0.170376 -0.313569 -0.518457 -0.597405 -0.340930 -0.066012 -0.012418 0.039407 0.214997 0.297776 -0.009316 -0.270493 -0.143458 0.010469 -0.228015 -0.479074 -0.437310 -0.175913 0.278475 0.312847 -0.086251 -0.267453 0.065264 0.467066 0.472970 0.228652 0.155760 0.274265 0.436295 0.609694 0.504004 0.037625 -0.340774 -0.332731 -0.431938 -0.792921 -0.766647 0.045851 0.824447 0.923314 0.842211 0.896600 0.755437 0.286717 -0.139030 -0.399231 -0.399701 -0.087247 0.137829 0.044688 -0.237063 -0.399941 -0.327874 -0.330403 -0.360237 -0.133059 0.133668 0.381410 0.506478 0.538916 0.649191 0.562475 0.271932 0.169698 0.169883 0.130194 0.052022 -0.287672 -0.497135 -0.362043 -0.212347 -0.029296 0.301936 0.361202 0.117577 -0.010487 0.046687 0.042204 -0.312089 -0.616845 -0.272688 0.467132 0.766629 0.450293 0.011037 -0.085840 0.090902 0.219923 0.383071 0.648646 0.666986 0.336447 0.198274 0.372109 0.415122
0.127965 0.171623 0.452956 0.515574 0.070722 -0.346642 -0.377009 -0.220020 0.059894 0.498613 0.521735 0.239069 -0.109507 -0.253030 0.311559 1.067619 0.958758 0.221974 -0.206153 -0.029771 0.025746 -0.405885 -0.729393 -0.693040 -0.664229 -0.674713 -0.547631 -0.327283 0.109682 0.183746 -0.111922 -0.169679 0.059411 0.279776 0.544122 0.489634 0.008716 -0.317931 -0.234676 -0.116829 -0.148637 -0.126715 0.168724 0.132495 -0.357036 -0.337374 0.283133 0.671848 0.706089 0.733282 0.703514 0.744888 0.864229 1.073000 1.190081 0.946280 0.562581 0.226085 0.047313 0.197459 0.308966 0.064784 -0.232493 -0.155646 0.295215 0.687486 0.920876 1.113138 1.072995 0.772560 0.435088 0.402026 0.270213 0.065526 0.163919 0.362681 0.257438 -0.080030 -0.434559 -0.580548 -0.432665 -0.256824 -0.001974 0.097932 -0.158091 -0.319604 -0.085673 0.157996 0.070478 -0.228112 -0.371095 -0.319673 -0.334445 -0.300780 -0.207535 -0.158190 -0.212670 -0.370098 -0.490609 -0.417373 -0.387680 -0.549178 -0.628040 -0.257108 0.219879 0.126094 -0.133860 -0.184992 -0.337457 -0.708655 -0.799632 -0.579841 -0.218310 0.324648 0.386568 -0.084915 -0.407323 -0.138045 0.282327 0.175765 -0.161675 -0.129485 0.250922 0.506528 0.544764 0.352010 -0.107733 -0.340288 -0.171437 -0.276407 -0.767432 -0.827313 0.026594 0.773594 0.750838 0.738347 0.790011 0.583118 0.281651 0.012776 -0.456445 -0.783035 -0.350614 0.147754 -0.015237 -0.483700 -0.698360 -0.556672 -0.549836 -0.728073 -0.499126 0.103521 0.475283 0.491680 0.617255 0.713917 0.414194 0.149813 0.193293 0.222906 0.294668 0.246200 -0.166198 -0.445246 -0.455817 -0.478368 -0.253957 0.314657 0.437323 0.076422 -0.084279 -0.070201 -0.158120 -0.530728 -0.854697 -0.483907 0.497090 1.041673 0.643695 -0.143060 -0.434207 -0.107809 0.279948 0.536785 0.688034 0.615604 0.213560 -0.001319 0.309477 0.639704
