-0.928982 -0.739666 -1.109732 -0.830640 -0.826157 -0.831082 -1.123603 -0.679510 -0.855813 -0.930957 -0.952538 -0.855551 -1.009919 -0.864366 -0.837406 -1.005525 -0.726254 -1.022144 -0.942350 -1.109330 -0.974329 -0.838848 -0.841560 -0.858350 -0.874108 -0.986124 -1.106147 -0.881306 -0.814340 -0.903299 -1.170351 -1.069914 -0.842295 -0.734166 -0.841144 -0.910624 -1.411166 -0.907920 -0.711674 -0.952730 -0.927184 -0.950179 -0.909516 -0.771738 -0.856707 -0.758655 -0.781640 -0.991791 -0.833529 -0.901214 -1.175221 -0.867448 -1.114698 -0.748484 -1.243045 -0.913052 -1.066854 -0.904896 -0.772589 -1.020168 -1.024418 -0.925075 -1.016849 -1.092333 -0.896434 -0.806397 -0.874710 -1.258343 -0.950884 -1.070992 -0.721717 -0.862236 -1.100649 -1.052781 -0.693544 -0.987122 -0.989473 -1.184573 -0.974944 -0.763409 -0.956551 -0.645522 -0.714954 -1.002911 -0.960499 -0.834115 -0.926325 -1.099046 -1.079371 -0.937630 -0.869679 -0.749467 -0.795075 -0.888345 -0.900135 -0.971340 -0.987067 -0.725020 -0.824426 -0.728677 -0.804555 -1.042330 -1.014408 -0.913792 -0.929864 -0.812492 -1.036244 -0.772547 -1.075704 -1.312274 -0.745078 -0.725283 -1.021857 -0.834094 -0.946790 -0.834178 -0.643311 -1.062757 -0.982532 -1.091439 -0.884758 -0.926316 -1.075126 -0.923494 -0.932806 -0.971505 -0.915047 -0.737609 -0.821751 -0.842194 -1.175151 -0.795409 -1.034274 -0.857260 -0.778801 -0.818367 -0.897427 -0.915437 -0.906783 -0.898088 -0.687066 -0.901692 -0.824304 -1.056077 -1.079623 -0.828109 -0.748552 -1.089175 -1.120282 -1.126305 -0.760950 -0.947116 -1.009277 -0.961135 -0.986796 -0.848257 -0.877506 -0.914138 -1.093933 -0.997474 -0.818431 -1.225300 -1.128825 -0.862521 -0.857965 -1.105103 -0.821526 -0.822910 -0.998363 -1.024353 -0.764784 -0.631653 -0.820875 -0.916791 -0.725652 -0.790897 -0.900581 -0.820788 -0.784191 -0.848566 -0.854041 -0.897714 -1.005576 -0.877310 -0.803367 -0.768804 -0.972200 -0.859901 -0.944217 -1.217290
-1.135017 -0.902139 -0.962437 -0.818486 -0.733591 -0.975051 -0.744296 -0.907114 -0.899434 -1.209903 -0.702294 -0.798214 -0.999339 -1.167531 -0.814961 -0.819016 -0.884155 -0.989995 -0.777144 -0.849715 -0.941444 -0.765213 -0.871665 -0.931639 -0.969181 -1.129481 -0.670752 -1.127243 -0.935455 -0.782557 -0.983888 -0.865347 -0.965933 -0.631753 -0.882691 -0.905350 -1.025214 -1.031635 -0.735434 -0.854105 -1.113844 -0.827134 -1.119970 -0.606397 -1.071669 -0.915910 -0.820647 -0.966289 -0.774694 -0.979468 -1.071425 -0.881373 -0.748569 -0.997368 -0.794824 -1.020145 -1.009881 -0.812257 -0.670488 -1.170038 -0.955868 -0.822218 -0.685207 -1.116173 -0.967824 -1.086674 -0.935927 -0.928100 -0.862036 -0.910063 -0.759742 -0.853555 -0.798725 -1.096408 -0.993867 -0.878908 -1.120314 -0.935785 -0.968522 -0.948245 -0.848568 -1.264379 -1.176009 -0.568657 -0.800290 -0.990300 -0.861143 -1.112105 -0.750132 -0.916285 -1.050365 -0.956934 -0.880620 -1.008982 -1.018766 -0.973553 -0.856418 -0.920776 -1.066290 -0.733651 -1.263973 -1.009913 -0.826648 -0.963717 -0.997392 -0.903921 -0.667099 -0.916395 -0.925176 -0.826617 -0.875969 -0.803709 -1.145008 -0.897534 -0.723954 -0.684984 -0.963267 -1.160097 -0.903674 -1.206541 -0.936383 -0.690537 -0.927684 -0.911195 -1.051690 -1.003292 -0.985907 -0.846272 -0.848707 -1.049170 -0.965853 -0.992385 -1.024934 -0.896454 -0.700341 -0.896531 -0.930914 -0.848123 -0.840469 -1.038724 -1.370330 -1.122238 -1.055255 -1.040709 -1.137088 -0.881685 -0.819780 -0.803683 -1.266221 -1.033704 -0.989851 -0.996399 -0.834592 -0.917273 -0.857310 -0.708188 -1.069227 -0.695141 -0.961421 -0.781046 -1.043968 -1.073893 -0.844077 -0.869589 -0.888429 -0.792441 -0.610437 -1.397074 -0.658954 -0.950937 -0.911132 -1.058384 -1.050759 -1.274231 -0.860041 -1.021048 -1.029430 -1.003035 -0.918227 -1.089305 -0.749096 -0.837829 -0.569424 -1.104954 -0.920752 -0.792405 -0.873897 -0.872360 -0.870157 -0.994555
-0.823833 -0.973464 -0.981737 -0.911757 -0.752536 -0.793190 -1.083926 -0.825146 -1.195980 -0.969869 -0.872077 -0.971688 -0.790708 -1.047953 -0.747431 -0.754994 -1.018286 -1.195914 -1.088477 -0.898434 -0.737641 -0.756574 -0.836326 -0.874285 -1.131050 -0.814941 -0.862113 -1.160002 -0.787399 -1.086151 -1.029441 -0.978374 -0.766792 -0.704290 -1.379134 -1.159747 -1.090844 -1.116633 -0.805425 -0.940986 -0.980805 -0.922831 -1.033784 -0.987384 -0.917091 -1.067739 -1.229203 -1.018763 -0.903923 -0.829917 -0.741786 -0.700792 -0.715471 -0.977953 -0.753321 -0.855817 -0.714844 -0.718244 -1.145270 -1.118268 -0.753447 -0.967212 -0.902794 -0.925758 -0.951033 -0.933111 -0.819766 -1.318208 -1.120811 -0.953584 -0.868655 -0.743501 -1.052104 -0.943149 -0.962728 -0.919956 -1.126683 -0.955624 -0.934636 -0.898480 -0.943928 -1.033742 -0.813318 -0.817047 -1.018909 -1.080626 -1.128515 -0.932197 -0.851571 -1.051805 -0.952994 -0.780365 -0.991023 -0.729215 -0.767803 -0.830535 -1.190892 -1.168593 -0.910394 -0.918433 -1.171167 -0.850536 -0.863826 -1.026711 -1.115525 -0.827489 -0.914650 -1.018773 -0.992455 -0.751946 -1.132683 -1.123930 -0.878526 -1.042592 -0.938360 -1.030209 -0.938631 -0.807408 -0.892339 -0.812558 -1.103069 -1.005248 -0.896698 -1.147966 -0.691974 -0.922393 -0.956869 -1.111948 -0.962504 -0.932029 -0.838350 -1.051213 -0.906059 -0.906695 -0.746876 -1.023346 -0.955954 -0.997983 -1.271442 -1.058853 -1.174192 -0.752382 -1.009253 -0.912918 -0.617451 -0.926306 -0.907836 -1.055433 -0.958640 -1.047845 -1.056348 -0.959475 -0.989137 -1.069598 -1.071767 -0.756304 -0.727188 -0.778106 -0.755749 -0.964654 -0.878908 -1.204446 -0.872966 -0.707684 -1.039922 -0.761643 -0.859701 -0.731035 -0.868408 -0.978671 -1.067803 -0.950523 -0.890533 -0.643050 -1.102112 -1.082025 -1.136469 -0.755294 -0.874590 -0.958151 -0.788625 -0.914826 -0.815427 -0.880501 -1.169510 -0.744336 -1.249664 -0.686306 -1.084501 -0.801354
-0.868158 -1.050224 -1.051990 -1.000003 -0.932723 -0.924447 -1.142397 -1.001821 -0.938832 -1.008728 -0.706033 -1.234809 -0.971454 -0.878828 -1.147616 -1.031826 -0.906989 -0.997077 -0.853929 -1.015341 -0.733601 -0.768593 -0.956560 -0.859081 -1.019095 -0.938798 -1.301768 -0.811116 -0.676370 -0.785412 -0.706763 -1.021099 -0.879428 -0.782327 -0.994667 -1.043291 -0.877937 -0.929871 -1.026775 -0.943715 -0.783881 -0.867649 -0.836816 -0.640793 -0.705017 -0.994446 -1.087386 -0.897340 -0.730152 -0.682821 -0.682132 -1.141488 -1.097943 -1.242140 -0.910535 -0.899827 -0.816413 -0.806942 -0.769224 -1.075805 -1.080410 -1.103590 -0.902322 -0.923274 -0.855889 -1.049189 -0.870091 -0.576054 -0.821125 -0.869133 -1.023484 -0.978101 -0.800816 -0.988632 -1.182030 -1.112742 -0.977291 -0.597610 -1.072088 -0.886103 -0.996228 -0.820569 -0.732475 -0.622644 -0.949402 -0.961127 -0.917817 -0.924155 -0.936203 -0.764526 -0.810068 -0.953508 -0.965713 -0.924710 -0.879792 -1.144278 -1.028444 -0.941581 -1.091131 -0.826300 -1.088815 -0.975890 -0.952816 -0.909091 -1.051703 -0.981077 -1.104170 -1.014599 -1.023702 -0.917873 -0.806248 -1.318782 -0.839820 -1.123533 -0.918807 -0.852531 -0.925806 -1.002408 -0.880523 -0.714152 -1.184691 -0.963705 -0.863992 -0.671986 -0.969044 -0.982997 -1.012332 -0.801943 -0.740187 -0.987567 -0.996796 -0.957815 -0.832560 -0.865165 -1.202282 -0.946492 -0.771429 -0.765191 -0.984787 -0.657320 -0.955503 -0.748178 -0.814816 -0.791248 -0.807233 -0.900514 -1.057027 -1.030214 -0.869432 -1.069971 -0.821910 -0.738154 -0.830832 -0.994588 -0.870237 -0.825337 -0.625066 -0.915298 -0.847806 -0.980665 -0.780495 -0.809619 -0.872218 -0.743785 -0.798587 -0.826803 -0.752569 -0.708102 -0.905239 -0.906219 -0.843713 -0.902341 -1.085996 -1.001017 -0.977435 -1.068230 -0.980586 -0.794053 -0.845205 -1.086358 -0.678924 -0.918834 -0.695144 -0.932469 -0.934811 -1.041286 -0.864295 -1.100045 -0.846471 -0.834990
-0.842059 -0.956114 -0.888157 -1.061241 -1.046273 -1.010904 -0.880508 -0.924669 -0.904849 -1.120739 -0.851490 -0.670057 -0.912142 -0.988624 -1.214334 -1.001472 -0.818668 -0.842320 -0.875982 -0.847641 -0.850765 -0.994155 -0.772281 -0.977883 -1.054181 -0.839623 -0.992367 -0.795638 -0.924278 -0.942079 -1.112131 -0.881085 -0.911554 -1.236395 -1.051333 -0.817652 -0.906584 -1.018433 -0.892912 -1.065172 -0.906391 -1.248935 -1.005253 -0.878330 -0.816887 -0.957648 -0.676724 -0.992832 -1.000635 -0.669205 -0.872176 -1.177089 -0.644217 -0.970198 -1.012680 -0.929711 -1.042175 -1.011920 -1.020918 -0.832326 -0.891667 -0.904044 -1.125462 -1.019031 -1.010509 -0.959859 -0.823684 -1.173647 -0.828744 -0.926130 -0.996800 -0.939387 -0.799798 -0.826080 -0.963045 -1.140201 -1.075210 -0.860510 -0.871433 -0.898261 -0.944431 -0.912647 -1.192982 -1.070133 -0.657507 -0.981340 -1.016779 -0.754171 -0.972200 -0.881705 -0.769519 -1.376346 -0.937910 -0.889420 -0.849295 -0.793183 -0.738063 -1.033314 -0.963678 -0.913125 -0.847545 -0.820207 -0.936309 -0.763847 -0.857128 -1.039163 -0.995037 -0.609866 -0.984895 -1.048788 -0.926987 -0.926660 -1.019808 -0.812194 -0.980509 -0.879606 -1.138779 -0.788555 -0.728751 -1.018872 -0.720210 -0.943484 -0.723329 -1.087610 -0.901572 -0.810359 -0.717059 -0.973462 -0.940497 -0.931556 -1.022598 -0.919156 -0.785904 -0.961294 -1.006564 -0.834405 -1.058282 -0.840926 -0.856046 -1.030565 -0.717655 -0.681085 -1.061784 -0.966437 -0.807629 -0.711724 -1.036339 -1.004683 -0.775589 -0.937163 -1.117249 -0.683357 -0.733131 -1.063066 -0.753879 -0.932881 -1.016953 -0.805502 -0.737571 -0.962774 -0.849255 -0.965260 -1.024008 -0.865871 -0.953557 -1.045765 -1.264054 -0.732148 -0.791992 -1.009265 -0.963739 -0.799557 -1.059276 -0.918264 -0.924561 -0.994374 -0.877152 -0.759454 -0.608096 -0.997879 -0.934210 -1.174607 -1.099740 -0.764844 -0.999318 -0.828633 -1.110116 -1.003178 -0.831473 -1.134264
-0.981947 -1.071070 -0.862495 -1.057329 -0.983692 -0.757056 -1.129055 -1.131844 -0.996211 -1.181002 -1.024909 -0.934420 -0.808377 -0.929220 -0.898238 -0.960670 -0.740968 -1.068335 -0.906887 -0.867323 -0.755915 -0.647419 -0.902426 -0.945936 -0.851386 -0.773187 -1.137004 -0.875801 -0.837786 -0.981999 -0.844527 -0.916407 -0.964498 -1.203494 -1.033592 -0.989808 -0.952812 -0.919280 -1.011720 -0.733017 -1.034358 -0.981767 -0.907421 -0.765949 -0.853851 -0.809010 -0.959798 -0.794908 -0.830136 -0.787511 -1.049694 -1.099535 -1.035589 -0.781545 -1.134319 -0.928758 -0.847229 -0.858536 -1.047372 -0.833183 -0.797142 -0.806832 -0.918422 -0.773338 -0.654746 -0.855931 -0.945647 -0.987724 -1.020965 -0.795292 -0.758779 -0.893086 -0.898862 -1.001783 -0.806895 -0.970134 -0.684728 -0.826432 -0.889179 -0.947029 -0.946346 -0.807767 -0.993337 -0.691462 -1.148824 -0.766352 -0.831270 -0.676067 -0.835396 -0.798042 -0.818625 -0.991191 -0.786834 -0.992446 -0.936349 -1.067363 -0.760385 -0.730454 -0.947028 -0.928851 -0.857224 -1.032717 -0.809656 -0.816002 -0.774784 -0.635707 -1.129188 -0.779579 -0.714867 -1.036695 -0.759386 -0.743304 -0.970445 -0.869231 -0.913067 -0.735873 -0.763030 -1.102979 -1.238936 -0.798967 -0.784553 -0.969989 -1.121922 -0.703135 -0.809381 -1.046224 -0.905236 -1.071780 -0.923594 -1.098535 -0.683626 -0.995905 -0.834738 -0.961456 -0.738035 -0.962645 -0.805273 -0.645013 -1.001796 -0.963948 -0.853079 -1.130365 -0.882599 -0.874875 -0.745300 -0.711661 -0.784617 -0.833139 -0.875914 -0.951526 -1.281869 -0.893359 -0.737719 -1.094605 -0.823870 -0.899497 -1.015922 -1.001718 -0.979354 -0.960811 -0.763129 -1.041320 -0.971894 -0.900570 -0.987835 -0.637839 -0.764867 -1.117683 -0.834594 -0.983309 -0.800519 -0.894600 -1.111018 -1.184864 -1.016673 -0.886714 -0.720021 -1.051823 -0.886813 -1.008841 -0.816382 -0.954622 -0.874892 -1.031007 -0.608598 -0.827841 -1.015132 -0.824795 -0.800905 -1.116193
-1.134550 -0.856809 -0.948585 -0.824792 -1.150128 -0.941156 -0.908687 -0.815765 -1.216027 -0.855918 -0.810817 -1.007246 -1.085842 -1.079671 -1.131229 -1.081157 -1.071574 -0.905599 -0.950812 -0.552209 -0.896934 -1.226232 -1.261260 -1.351553 -1.056947 -0.837881 -0.925626 -0.839502 -0.868466 -1.176233 -1.019008 -1.086890 -1.036873 -0.858244 -0.740898 -1.116585 -0.932384 -0.876744 -0.806973 -0.866439 -1.046287 -1.051048 -1.041670 -1.047066 -0.928689 -0.903660 -0.750161 -1.182170 -0.735873 -0.903970 -0.791270 -1.183831 -0.954198 -1.103607 -0.780846 -0.883901 -0.767328 -0.981403 -0.972267 -0.860198 -0.955874 -0.908346 -1.138338 -0.908531 -1.201715 -0.940751 -0.839696 -0.856316 -1.050326 -0.637527 -1.045775 -1.184366 -1.063356 -0.761679 -0.614846 -0.867991 -1.097042 -0.704470 -0.798728 -0.690674 -0.874527 -1.010570 -0.814544 -0.641909 -0.733896 -0.883435 -0.849482 -0.836908 -0.937562 -0.791328 -0.799984 -1.134841 -0.826670 -1.073343 -0.851993 -1.113736 -1.016956 -0.961891 -0.878222 -0.716205 -1.021450 -1.030270 -0.918986 -0.749113 -0.879467 -0.827200 -0.849112 -0.885069 -1.187751 -1.002442 -0.792772 -0.901531 -1.126670 -0.900133 -0.981594 -0.799556 -0.789147 -0.825530 -1.022781 -0.864552 -0.807398 -0.893956 -0.817334 -0.940679 -0.932474 -1.233807 -0.854447 -0.947579 -1.163342 -0.786188 -0.983163 -0.728956 -0.813949 -0.880569 -1.125066 -0.722788 -0.775655 -0.749327 -1.006582 -0.936923 -0.932027 -1.023384 -0.983668 -1.141196 -0.891286 -0.992636 -0.774240 -0.687851 -1.033701 -1.277336 -0.927284 -0.728082 -1.005381 -0.808312 -0.827446 -1.127409 -0.876253 -1.029160 -0.870128 -0.906782 -0.887459 -0.726749 -1.012051 -0.944018 -0.804253 -1.182134 -0.925156 -1.222859 -1.104150 -1.181893 -0.629353 -1.123622 -0.943211 -0.982268 -1.082105 -0.821693 -0.989788 -0.715377 -0.905671 -0.958098 -0.954153 -0.923453 -1.011196 -0.840943 -1.036985 -1.080295 -0.819155 -0.874486 -0.766215 -0.976379
-1.002267 -0.922638 -0.918504 -0.866842 -0.639707 -0.771974 -0.768612 -0.819939 -0.795657 -0.739965 -0.950234 -0.758717 -0.930588 -0.942197 -0.867117 -0.758202 -0.765383 -0.851471 -0.789537 -0.708519 -1.229489 -0.861586 -0.800920 -1.045697 -0.886113 -0.928284 -0.753873 -1.146765 -0.852152 -0.954678 -1.003934 -1.106126 -1.074155 -1.129080 -0.856237 -0.550391 -1.097376 -1.158232 -1.071063 -0.661877 -0.871501 -1.003654 -1.057467 -0.705858 -0.766968 -0.696792 -1.125539 -0.948420 -0.873632 -0.858093 -1.034776 -0.886892 -0.998400 -0.816519 -0.919129 -0.906186 -0.859602 -1.128080 -0.734407 -1.010550 -0.676554 -0.996344 -0.817082 -0.788584 -0.912435 -0.801179 -0.947680 -1.148448 -0.688180 -0.846992 -0.907300 -1.041550 -1.001988 -0.898360 -0.681760 -0.941432 -1.045808 -0.961699 -0.982931 -0.979233 -0.986586 -0.900293 -1.078919 -0.706081 -1.247723 -0.929290 -1.009013 -0.777442 -0.797045 -0.884520 -0.893270 -1.117750 -0.846209 -0.739672 -1.040176 -1.026721 -0.791806 -0.945899 -0.790184 -0.753787 -1.168793 -0.837002 -0.797276 -0.884929 -0.717009 -0.938773 -0.930558 -1.016006 -0.961600 -0.759771 -0.746931 -1.051142 -0.623124 -0.783824 -0.894370 -0.871858 -0.997283 -0.737803 -1.078037 -0.900525 -0.706066 -0.821230 -0.704384 -1.095081 -0.880713 -0.889564 -0.896643 -1.078381 -0.868439 -0.754661 -0.728072 -0.864541 -0.880891 -0.794086 -0.845213 -0.899136 -1.069269 -1.021227 -1.323354 -0.937800 -0.866431 -1.035792 -1.049937 -0.895779 -0.995355 -0.739110 -1.145171 -0.965258 -1.076547 -0.879434 -0.901273 -1.001991 -0.842310 -0.945465 -0.798477 -0.950703 -1.051448 -0.999898 -0.974455 -0.842051 -0.980693 -0.949886 -0.925242 -0.825124 -0.963966 -0.974858 -0.869548 -0.883280 -1.087021 -1.013059 -0.773625 -0.867220 -0.888763 -0.736844 -0.743285 -1.020700 -0.963747 -0.894581 -0.882219 -0.770863 -0.782769 -0.768507 -0.948894 -0.831979 -0.887452 -1.205052 -1.105965 -0.765635 -0.978038 -0.867416
-0.928574 -0.790319 -0.887272 -0.839109 -1.010777 -0.884614 -1.107759 -0.961286 -0.815082 -0.913049 -0.926242 -0.993486 -0.695649 -1.084572 -0.940817 -0.887766 -0.864674 -1.159288 -1.135399 -0.978547 -0.718050 -1.069771 -1.012163 -0.961423 -1.016685 -0.838704 -0.803402 -0.973170 -1.005468 -0.998088 -0.671227 -0.893140 -1.163592 -1.049380 -0.974510 -0.935718 -0.865302 -1.075188 -0.890027 -1.106364 -1.047744 -0.862136 -0.900924 -0.884432 -0.827620 -1.010894 -0.714192 -0.609303 -0.980991 -1.159157 -1.121379 -1.106375 -0.724066 -0.832344 -0.875521 -0.857655 -0.834915 -1.036397 -0.752265 -0.901368 -0.756030 -1.244217 -0.901860 -1.027763 -0.992296 -0.878935 -1.048551 -0.919608 -0.721085 -0.715684 -0.848874 -0.609895 -0.722661 -1.026234 -0.936555 -1.133766 -0.813378 -0.986154 -1.043555 -0.957822 -1.169374 -0.746143 -1.051572 -1.243834 -1.102489 -0.817321 -0.832648 -0.556504 -1.046429 -0.655381 -0.831706 -1.059037 -1.020655 -0.927298 -1.082321 -0.848489 -1.020099 -0.980013 -0.875304 -0.800898 -1.210217 -0.876005 -1.126639 -0.831225 -1.083234 -0.745940 -0.864941 -0.910488 -0.828040 -0.928183 -0.850923 -0.783978 -0.954309 -0.860645 -0.872299 -0.759210 -0.991903 -0.967431 -1.071473 -0.619591 -0.770082 -0.988283 -0.816021 -0.932318 -1.118178 -0.873392 -0.910186 -1.130729 -1.181317 -0.762142 -0.636230 -0.857579 -0.788144 -1.030715 -0.862790 -0.861142 -0.940824 -0.733757 -0.879027 -0.861892 -1.036889 -0.982491 -0.928304 -0.785853 -0.905210 -1.041831 -0.966202 -1.291967 -1.062635 -1.034911 -0.876633 -0.827471 -0.767460 -0.815528 -0.776633 -1.003291 -0.994075 -0.838645 -1.067508 -1.014570 -1.176482 -0.653053 -0.658894 -0.957924 -0.852207 -1.000118 -1.113509 -1.194766 -0.902488 -1.083281 -1.111482 -0.845414 -0.973428 -0.860787 -0.872766 -0.884969 -0.985538 -0.733103 -1.270458 -1.004165 -0.904386 -0.723599 -0.741743 -0.846965 -0.967570 -1.125987 -1.070182 -1.077502 -1.127123 -0.859865
-1.167540 -0.867357 -0.771957 -0.869061 -0.804854 -1.066003 -0.906878 -0.944128 -0.886815 -0.859644 -0.920807 -1.047526 -0.833780 -0.850047 -0.975289 -1.051212 -0.821203 -1.030084 -0.666135 -0.852820 -0.836629 -0.831996 -0.980838 -1.145094 -1.072756 -0.806677 -0.912748 -0.916612 -0.973790 -0.774422 -0.853433 -0.569077 -0.954094 -0.979226 -1.078570 -1.104304 -0.901921 -1.057691 -1.260123 -0.841047 -1.066194 -0.987611 -0.996354 -0.919158 -1.026987 -0.808694 -0.954890 -0.732522 -1.081833 -0.864526 -1.053088 -0.860529 -0.823896 -0.967821 -1.048727 -0.811496 -1.004874 -0.906368 -0.727016 -0.944082 -0.945163 -0.981848 -0.933339 -0.970553 -0.887814 -0.870213 -0.868540 -1.157614 -0.856160 -1.047470 -1.109118 -0.919508 -0.713056 -0.915160 -0.965232 -0.778778 -0.943144 -0.996285 -0.854781 -0.988274 -0.716986 -0.759762 -0.907928 -1.056219 -0.825683 -0.660290 -0.923741 -0.780037 -1.064905 -0.649722 -0.920523 -1.213124 -1.111330 -1.127662 -0.898269 -1.038651 -1.065198 -0.764297 -0.937286 -1.026692 -0.786329 -0.590486 -0.878082 -0.866822 -0.807278 -0.835905 -0.757046 -0.886576 -0.802695 -1.011966 -0.989525 -1.042584 -0.956091 -0.957244 -1.198790 -1.143192 -1.302732 -0.969205 -0.738857 -0.747320 -1.072768 -1.039305 -0.974177 -0.946357 -0.859966 -0.857224 -0.960952 -0.947137 -0.676868 -1.233780 -0.842535 -0.713972 -0.740850 -0.818351 -0.965781 -0.963252 -0.744043 -0.995047 -1.057540 -0.945008 -0.860854 -0.940985 -0.635872 -0.667541 -0.849072 -0.966095 -0.784640 -0.911315 -0.888792 -0.834272 -0.835594 -0.855213 -0.814212 -1.140665 -0.903530 -1.132565 -1.020294 -0.825663 -1.086066 -1.315579 -0.887862 -0.584862 -0.756862 -0.875180 -0.967519 -0.927856 -1.118724 -1.236644 -0.965840 -1.107849 -1.035468 -1.010069 -1.030919 -0.795664 -0.747373 -0.878158 -0.971328 -1.043001 -0.746153 -0.770339 -0.894293 -0.946638 -1.183665 -1.071947 -0.796205 -0.904050 -1.026691 -0.741347 -1.278210 -1.063284
-0.804801 -0.765206 -1.118184 -0.953998 -0.926845 -0.912667 -0.976664 -1.068412 -0.925361 -0.943624 -0.700241 -0.871834 -0.837552 -0.725385 -0.791634 -0.989348 -0.724797 -0.689770 -0.526940 -0.920737 -0.779031 -1.098666 -1.008196 -0.853536 -0.951209 -0.656211 -0.848355 -0.846330 -0.722993 -0.836176 -1.049211 -0.981919 -1.172041 -0.733066 -0.730214 -1.062597 -0.884947 -0.945353 -1.085995 -1.136386 -0.935788 -0.845229 -1.240107 -0.981128 -0.869147 -0.886489 -0.862467 -0.978293 -1.176599 -0.953579 -0.910592 -0.671549 -1.111612 -0.935735 -0.856079 -0.987489 -0.905460 -1.144230 -1.034096 -0.984415 -0.974629 -0.980239 -0.871390 -0.569641 -0.959543 -0.940622 -0.968420 -0.864202 -0.692249 -0.747988 -1.097931 -0.795687 -0.858313 -0.925245 -1.048667 -0.676590 -0.938707 -0.876208 -0.985754 -0.861431 -0.988584 -0.964999 -0.942398 -1.021950 -0.995897 -0.950319 -1.019011 -0.742743 -0.879627 -0.812522 -0.749747 -1.070137 -1.074563 -0.787759 -0.852690 -0.900122 -1.006144 -0.898856 -0.827545 -0.920698 -0.869303 -1.104019 -1.038038 -1.052413 -0.881719 -1.054565 -1.264130 -1.012692 -0.934124 -1.131936 -0.963944 -0.728957 -0.792216 -0.856549 -1.052239 -1.208860 -1.051616 -1.205204 -1.129891 -0.647023 -1.093552 -1.008324 -1.232148 -1.040730 -0.680959 -0.860277 -0.867102 -0.703839 -0.825425 -0.885845 -1.065553 -1.034893 -0.940224 -1.147622 -1.003529 -0.796922 -0.740916 -1.020910 -1.254805 -0.977925 -1.008262 -0.893178 -0.947603 -0.961120 -0.967725 -1.073246 -1.098578 -0.958326 -1.022945 -0.860056 -0.795561 -1.054713 -1.056946 -0.971082 -1.138099 -1.157075 -0.906572 -0.939132 -0.736528 -0.977899 -0.763331 -0.847287 -0.813358 -1.045533 -0.894336 -0.956509 -1.088751 -1.155860 -0.654845 -0.836185 -1.135972 -1.350113 -0.896018 -0.710579 -0.892528 -1.013832 -0.952551 -1.007756 -1.006652 -0.906876 -0.997116 -1.137942 -0.842344 -1.042302 -0.820377 -0.882064 -0.960091 -0.900183 -0.908114 -0.901113
-0.893376 -1.061878 -1.249934 -0.964951 -0.949474 -1.050102 -1.048100 -0.847868 -0.899088 -1.094506 -0.805388 -0.896083 -0.704586 -0.891980 -0.819905 -0.528405 -1.059396 -0.901911 -0.832462 -0.893084 -0.847389 -0.656594 -0.785046 -0.933800 -0.856587 -0.933759 -0.959887 -0.917423 -0.838653 -0.840722 -0.868188 -1.080599 -1.183733 -0.928815 -0.892213 -1.045597 -0.762796 -0.956862 -1.103024 -0.894877 -1.122132 -0.833141 -0.788686 -0.800377 -0.808200 -1.168937 -0.897599 -1.067535 -1.022903 -1.247699 -1.044744 -0.887069 -0.849885 -0.946083 -0.987022 -0.823807 -0.968028 -1.209247 -0.820342 -0.888390 -0.797550 -0.773935 -0.751093 -1.001642 -1.096416 -1.074020 -0.931362 -0.841505 -1.184714 -0.877507 -0.782807 -1.078467 -1.346299 -0.853668 -0.904490 -1.004626 -1.148923 -0.893657 -1.030972 -1.018469 -0.838647 -0.953709 -0.703950 -0.698782 -1.136471 -0.988231 -1.157170 -1.140759 -0.929271 -0.818902 -1.148598 -0.646352 -0.990107 -0.846453 -0.943915 -0.897159 -1.063284 -1.055796 -1.040362 -0.978244 -0.792029 -0.896940 -0.900910 -0.787428 -1.058075 -1.079495 -0.917416 -0.963642 -0.827835 -0.931291 -0.848494 -0.813790 -1.067597 -0.753835 -0.510388 -0.849323 -1.046806 -0.826998 -0.779505 -0.812486 -0.961470 -1.032426 -1.168216 -0.790845 -1.000837 -0.873665 -0.867524 -0.874893 -0.997245 -0.782613 -0.682850 -0.859023 -1.276157 -0.953083 -0.978631 -0.769411 -1.482796 -0.963910 -0.829775 -0.872357 -1.151824 -0.923372 -0.667640 -0.791099 -0.871152 -0.933932 -0.916021 -0.975726 -0.909206 -0.733418 -0.987977 -0.891207 -1.069343 -0.883810 -0.805975 -0.974729 -0.938000 -1.045800 -0.843687 -0.753818 -0.595795 -0.591076 -1.048441 -1.052539 -1.066607 -0.914904 -0.925813 -0.875637 -0.737243 -0.905412 -0.902488 -1.218559 -0.865542 -1.066276 -0.872396 -0.939255 -0.888818 -1.047873 -0.818468 -1.144826 -0.780375 -0.854867 -0.969348 -0.654663 -1.045128 -0.920685 -0.914687 -0.751000 -0.783489 -1.257312
-0.934135 -0.989260 -1.010066 -1.034659 -0.937059 -0.985042 -0.881798 -0.799128 -0.995316 -0.921304 -1.116690 -1.200311 -1.026217 -0.918639 -0.877695 -1.116580 -0.863479 -0.931703 -0.742730 -0.909881 -0.906633 -0.980850 -0.992525 -0.798356 -1.074345 -1.073333 -0.789252 -0.860013 -0.928549 -0.882744 -0.962641 -0.886400 -1.056769 -1.063437 -1.036712 -0.914330 -1.031557 -1.066441 -0.990649 -1.235684 -1.121663 -0.684191 -0.881043 -0.954845 -1.024454 -0.964312 -0.800001 -1.053974 -0.823529 -0.807486 -0.917759 -1.041136 -0.883514 -0.869554 -0.832946 -0.897296 -1.174963 -1.111500 -0.922327 -1.131161 -1.034349 -1.150727 -0.924314 -0.984805 -0.985910 -0.946451 -0.786499 -0.806616 -0.815181 -0.850988 -0.987547 -0.837614 -0.905763 -0.895248 -0.960475 -1.043431 -0.828769 -1.038537 -1.013913 -1.101639 -1.043691 -1.062060 -0.992855 -0.989827 -0.933770 -1.036354 -1.000098 -1.086450 -0.952287 -0.663417 -0.793188 -1.063111 -0.825512 -1.080090 -1.132099 -0.963669 -0.967987 -0.910681 -0.607913 -0.894390 -0.705302 -1.095892 -0.897648 -0.986131 -0.848479 -0.825281 -0.931397 -0.835423 -1.064924 -0.897217 -0.935010 -0.907376 -1.129181 -0.989330 -0.656496 -0.747923 -0.773389 -0.954892 -0.817431 -0.883273 -0.821532 -0.752474 -0.857000 -1.006632 -0.814040 -0.948960 -0.737919 -0.861531 -1.152279 -0.859130 -0.814585 -1.194092 -0.950693 -0.922661 -0.870590 -0.940604 -1.089678 -1.145038 -1.084819 -1.016646 -0.939995 -0.814988 -1.200944 -0.988066 -0.765107 -0.841489 -1.116584 -0.754844 -0.927606 -0.750568 -1.065218 -0.924539 -0.947956 -0.786208 -0.796118 -1.059871 -0.940351 -0.869548 -1.082597 -1.092330 -0.942998 -1.114132 -0.738873 -0.918427 -0.741782 -0.644615 -0.911154 -0.813712 -1.051602 -1.004572 -0.817788 -0.970494 -0.870682 -1.098452 -1.126991 -0.869421 -0.884182 -0.987947 -0.940033 -1.138385 -0.870245 -0.897514 -0.908700 -0.742089 -1.004182 -1.084141 -0.848849 -1.179025 -0.684575 -0.835120
-0.730651 -0.821437 -0.819335 -1.097859 -0.751780 -1.017294 -1.007325 -0.921117 -1.006539 -0.983007 -1.011744 -0.839494 -0.868755 -0.816225 -0.842798 -0.843034 -1.145798 -0.993652 -0.789610 -0.916876 -0.700861 -0.821488 -0.769909 -0.762491 -0.922504 -1.312667 -0.989279 -1.022724 -0.833922 -1.032069 -0.870280 -0.883114 -0.997265 -0.756910 -0.941631 -1.023912 -0.932131 -0.894012 -0.982291 -1.094441 -0.940454 -0.833537 -1.054955 -0.900718 -0.966703 -0.978653 -0.898428 -0.893079 -0.900209 -1.048493 -0.855905 -0.859672 -0.945649 -1.003895 -1.112711 -0.879885 -0.853215 -0.926241 -0.817565 -1.065787 -1.173949 -1.049083 -0.978039 -0.791115 -1.062173 -0.804718 -0.660807 -0.815754 -1.064134 -0.893886 -1.106087 -0.870843 -0.672628 -0.943804 -0.948444 -1.019680 -1.004364 -1.028262 -0.990671 -0.730963 -0.823497 -0.880924 -1.038394 -0.905358 -0.827534 -1.043608 -0.786297 -0.880869 -0.654489 -0.962869 -0.831515 -0.837317 -1.175240 -1.181106 -0.958685 -1.185171 -0.973224 -0.824346 -0.646651 -0.969415 -1.010386 -1.034863 -1.086245 -1.014354 -1.013908 -0.875928 -0.593775 -0.726267 -1.038439 -0.741304 -1.057426 -0.887935 -1.131159 -0.969813 -0.970668 -0.880854 -0.751053 -0.850862 -0.943500 -0.946343 -0.729473 -0.778283 -0.875624 -0.936113 -0.954266 -1.197291 -1.141715 -0.906677 -1.110802 -0.781037 -1.033647 -0.827472 -0.663749 -1.141901 -0.843469 -1.043889 -1.017634 -0.987425 -1.070895 -1.080808 -0.940427 -0.902586 -0.727161 -0.899625 -1.031618 -0.741675 -0.926148 -1.086538 -1.110426 -0.769473 -0.990445 -1.341847 -0.744162 -0.734785 -0.998500 -1.069783 -0.812320 -0.839230 -0.698995 -0.862884 -0.700020 -0.909293 -0.994729 -0.873621 -1.022597 -1.172620 -1.127562 -1.074432 -0.861536 -0.959988 -0.883342 -0.785395 -0.976970 -1.093280 -1.019165 -0.950302 -0.948550 -1.124652 -0.859495 -0.864147 -0.973035 -0.926943 -1.133641 -0.899364 -0.984693 -0.735440 -0.844251 -0.884412 -0.895392 -0.695902
-1.009974 -0.792013 -0.950643 -0.899126 -1.019842 -0.892317 -0.726277 -0.955165 -0.799112 -0.899263 -0.965807 -0.883058 -0.820675 -1.159327 -0.996485 -0.688737 -1.062977 -1.080592 -0.806585 -1.091057 -0.801670 -0.582883 -1.149553 -1.015991 -0.870072 -1.066401 -0.744785 -1.101733 -0.692159 -0.892932 -0.839831 -0.885781 -1.121296 -0.820458 -0.684814 -0.803350 -0.945802 -0.722404 -1.094727 -1.024812 -0.729186 -0.875731 -1.015058 -0.926958 -0.766651 -0.930970 -1.322592 -0.777231 -1.021778 -0.947948 -0.724969 -0.745286 -1.062535 -0.980130 -0.828358 -0.928407 -0.600846 -0.996035 -0.997331 -1.205195 -0.775892 -1.047097 -0.830261 -0.839139 -0.974060 -0.708587 -0.900348 -1.080365 -0.806348 -0.894220 -0.933365 -0.942245 -0.954427 -0.671751 -0.650554 -0.930593 -0.855768 -0.896068 -0.921415 -0.853141 -0.838096 -0.859763 -0.856894 -0.691928 -1.119551 -0.941040 -0.919433 -0.587271 -1.158415 -0.765844 -1.111200 -0.942262 -0.824389 -0.759163 -1.211998 -0.917807 -0.912503 -1.056262 -0.771695 -1.072193 -0.693788 -0.970359 -0.986400 -0.724105 -0.923985 -0.971410 -0.880668 -1.023317 -0.831257 -0.992661 -1.171839 -0.806384 -0.958772 -0.829230 -0.867728 -1.292770 -1.075238 -1.099909 -0.959535 -1.088646 -1.036881 -0.862173 -0.801949 -0.867951 -1.014322 -1.088292 -0.911368 -0.884453 -1.059081 -1.005650 -1.177474 -0.862516 -1.040069 -1.115744 -1.079970 -0.719156 -0.965915 -1.053043 -1.039572 -0.672937 -0.930600 -0.719952 -1.018792 -0.690954 -0.905191 -0.952007 -0.915310 -0.809735 -0.900209 -0.781967 -1.085519 -1.000400 -0.803504 -1.182288 -0.998376 -1.021733 -0.954038 -0.790563 -0.902647 -1.011042 -0.774977 -0.656228 -0.773537 -0.865788 -1.069534 -1.317368 -1.065918 -0.959889 -0.822914 -1.001812 -0.948413 -0.975571 -1.182230 -0.643879 -0.845751 -0.849034 -0.935898 -1.162124 -0.658423 -0.829575 -0.931701 -0.996970 -0.926112 -1.069505 -0.741292 -0.893077 -0.978825 -1.035661 -0.907633 -0.995298
-0.733747 -0.722542 -0.749820 -1.187739 -1.028484 -0.981580 -0.950588 -0.923082 -1.052139 -1.090843 -1.014959 -0.862328 -0.807930 -1.023174 -1.238128 -0.812579 -0.887654 -1.096484 -0.996957 -1.021558 -1.060602 -1.005973 -1.151747 -1.021285 -0.880479 -0.864424 -0.771561 -0.960202 -0.943216 -0.910380 -0.842496 -0.750202 -0.928521 -0.822650 -0.651287 -1.028351 -0.768484 -1.179845 -1.064132 -1.245623 -1.064886 -1.137193 -0.838542 -0.856308 -0.868730 -0.938886 -1.174384 -1.176755 -0.792887 -1.054977 -0.710799 -0.957333 -1.149646 -0.956909 -1.030424 -0.848029 -1.214004 -0.679578 -0.946125 -0.975588 -0.891435 -0.895140 -0.909359 -0.914510 -0.860699 -1.028958 -0.846199 -1.225026 -0.943615 -0.936593 -1.024846 -0.772706 -1.183870 -0.986901 -0.752057 -0.814323 -1.045139 -0.733513 -1.059134 -0.810619 -0.751167 -1.006905 -0.925895 -0.980461 -1.079678 -0.920058 -1.264910 -1.201840 -1.152798 -1.074322 -1.093546 -1.041020 -0.891713 -0.945127 -0.802618 -1.063410 -0.790905 -0.715879 -0.688016 -1.140457 -0.721794 -0.968929 -1.002453 -1.149129 -0.781141 -1.114183 -0.855531 -0.906645 -1.028477 -0.844037 -0.825870 -1.214104 -0.758030 -1.079936 -0.832177 -0.777009 -1.205787 -0.831965 -0.808302 -1.189313 -0.869578 -1.070344 -0.883229 -1.047389 -1.074572 -0.849226 -1.073896 -1.013053 -0.824905 -0.798311 -0.875329 -0.881414 -0.962014 -0.860307 -0.843300 -0.838103 -0.850305 -0.860480 -0.964382 -0.756632 -1.083480 -0.992730 -0.874543 -0.780523 -0.981746 -0.821956 -0.834506 -0.780641 -1.052413 -0.738406 -1.140951 -0.737756 -0.860662 -0.787528 -0.966157 -1.017039 -0.813855 -0.847934 -1.026228 -1.029536 -0.882250 -0.940924 -0.721737 -0.837990 -0.941966 -0.763760 -0.902650 -0.776121 -0.835371 -1.193843 -0.747163 -0.493021 -0.922429 -1.112432 -1.094124 -0.970268 -1.176835 -0.996137 -0.872184 -0.942502 -1.050358 -1.230918 -0.913003 -0.817620 -0.980248 -0.875449 -1.088189 -0.916250 -0.834691 -1.089182
-0.869720 -0.848762 -0.890674 -1.157925 -0.762903 -1.041723 -0.897887 -0.944962 -1.149720 -0.955615 -1.243339 -0.626378 -0.906517 -0.855657 -0.779426 -1.090637 -0.842105 -1.031504 -1.166971 -0.995695 -0.807146 -0.631495 -0.889560 -1.126633 -1.030615 -0.905400 -0.877553 -0.784561 -0.901545 -0.690785 -0.773407 -1.001516 -0.842369 -1.133777 -0.669631 -1.033765 -0.890892 -0.817230 -0.850181 -1.197479 -1.005007 -0.976151 -0.859309 -0.982491 -0.964252 -0.739370 -0.892346 -0.944635 -0.663783 -0.941914 -0.783534 -0.872761 -1.156877 -0.810239 -0.908164 -1.209534 -0.816614 -0.837345 -1.078667 -1.118877 -0.850743 -0.911502 -0.977920 -1.023805 -1.008750 -1.092904 -0.832714 -0.942005 -0.783436 -0.832719 -0.884149 -0.738534 -0.925646 -1.012372 -1.144845 -0.803694 -0.965491 -0.922632 -0.979312 -1.082300 -0.829312 -1.161699 -0.881002 -0.949888 -1.017244 -0.724237 -0.616299 -1.160858 -0.898042 -1.231290 -0.684938 -0.943831 -0.832694 -1.011900 -0.886449 -1.106850 -0.909631 -0.751548 -1.037306 -1.002018 -0.780659 -0.895814 -0.882817 -0.882507 -0.893475 -1.128811 -0.941320 -1.192104 -0.811117 -0.853508 -1.201363 -0.915066 -0.856345 -0.976434 -0.867535 -1.064212 -0.957450 -0.716519 -0.828436 -1.201758 -0.863153 -0.846104 -0.903487 -0.962071 -0.935171 -1.152358 -1.027598 -0.932192 -0.746226 -0.783054 -0.724812 -0.914602 -0.745435 -0.797448 -0.775403 -0.962757 -1.078346 -0.892662 -0.851677 -0.787776 -0.944994 -1.121944 -0.863665 -0.964620 -1.033893 -0.908203 -0.880294 -0.921889 -0.897234 -0.696369 -0.923924 -0.966235 -0.953723 -1.212440 -1.210562 -1.099101 -0.827354 -1.001533 -0.736618 -0.955192 -1.070801 -0.911972 -0.867260 -0.640235 -0.812183 -1.072327 -1.122071 -1.049105 -0.840440 -1.106119 -0.798374 -1.404978 -0.982704 -1.004748 -0.747226 -0.878053 -0.925292 -0.803361 -0.912190 -1.054191 -1.036881 -1.072529 -0.732017 -0.807069 -0.994695 -1.104000 -0.890730 -0.795157 -0.928714 -0.772189
-1.146184 -0.886503 -1.214513 -0.875082 -0.981619 -0.762586 -0.977599 -0.832964 -0.951700 -0.995059 -1.033900 -0.870095 -0.796593 -0.831001 -0.866535 -0.907532 -0.980201 -0.904989 -1.184297 -0.965526 -1.109975 -1.190465 -0.883156 -0.986523 -0.778817 -0.894856 -0.702950 -1.160589 -0.972984 -0.886128 -0.735314 -0.788672 -1.184107 -0.967804 -0.833493 -1.095647 -0.833868 -1.087080 -0.955244 -0.647133 -1.202186 -1.044940 -0.923349 -0.843154 -0.870722 -1.056827 -0.982053 -0.948620 -0.692587 -0.859071 -0.784126 -1.044796 -1.039381 -1.031391 -0.725904 -0.973281 -0.924475 -1.033798 -0.876949 -0.902244 -1.047474 -0.901586 -0.887764 -0.941500 -0.855867 -0.991587 -1.079824 -0.872478 -0.983668 -0.620475 -0.603305 -0.960902 -0.943518 -0.850077 -1.075228 -0.900321 -0.648842 -0.878922 -0.755719 -0.725716 -0.920385 -1.030791 -0.918653 -0.734935 -0.877554 -0.885572 -0.569660 -0.573327 -0.755861 -0.747862 -1.061780 -0.972480 -0.909719 -1.130741 -1.068353 -0.898696 -1.019713 -1.064919 -0.879091 -0.698440 -0.897007 -1.005932 -0.804084 -0.641227 -0.800384 -0.881016 -0.800228 -0.955205 -1.052219 -0.888550 -0.810230 -1.008793 -1.091649 -1.024753 -0.740728 -1.065084 -0.842303 -1.223164 -0.923693 -0.891404 -0.821286 -1.084501 -1.022457 -1.005293 -1.110784 -0.801434 -0.907081 -0.864855 -0.974726 -0.868042 -0.888199 -1.151925 -0.903801 -1.138460 -1.109237 -0.931640 -0.807700 -1.042680 -0.921440 -0.713783 -1.280665 -1.036583 -0.896065 -0.889124 -0.992310 -1.079796 -0.992714 -0.732044 -0.919197 -0.772464 -0.924456 -1.031362 -0.866117 -0.943599 -0.817413 -1.238484 -0.967751 -0.777183 -0.765922 -0.888130 -0.994848 -0.961526 -0.821812 -1.024155 -1.229337 -1.025992 -0.997018 -1.005657 -0.876411 -0.921210 -0.997166 -0.927389 -1.048220 -0.852652 -1.045976 -0.938025 -0.839058 -0.847582 -0.879423 -0.702145 -0.989273 -0.925505 -0.946160 -0.860211 -1.013990 -0.746437 -0.979823 -1.009806 -0.919356 -0.829339
-1.097749 -1.034970 -1.013714 -1.030147 -0.957269 -0.947910 -0.863960 -1.037522 -0.880197 -0.905515 -0.771621 -0.773449 -1.037221 -0.803808 -1.098837 -1.125660 -0.933968 -0.770267 -1.155517 -0.971204 -0.880273 -1.027465 -1.078222 -0.916026 -0.816415 -1.110914 -1.167386 -0.940437 -0.929973 -0.997128 -0.799904 -0.710225 -0.929730 -0.866250 -1.079525 -0.841107 -0.802590 -0.813329 -0.911821 -0.776922 -1.064360 -0.843465 -0.845855 -0.861255 -0.974708 -0.960461 -0.975500 -0.930171 -0.915862 -0.872251 -1.005397 -0.846636 -1.018055 -0.909648 -0.905997 -0.910266 -1.066155 -0.574868 -1.047274 -0.962338 -0.832871 -1.063682 -0.936923 -1.023743 -1.054709 -0.962857 -0.827734 -0.899048 -0.897905 -0.914099 -0.863856 -0.803409 -1.009259 -0.997434 -0.904339 -0.976880 -0.987774 -0.956710 -0.679227 -0.878210 -0.816891 -0.841716 -1.024811 -0.984990 -1.095884 -0.652216 -0.766522 -0.949383 -0.976305 -1.136962 -0.998642 -0.954965 -1.027353 -0.809937 -1.277862 -1.129102 -0.946073 -0.922687 -0.907559 -0.870913 -1.137341 -0.987393 -0.871088 -0.937625 -0.817613 -0.706267 -0.786476 -1.030789 -0.792166 -0.700082 -0.860938 -1.190317 -1.149793 -1.024642 -1.002382 -1.112981 -0.961570 -0.883778 -0.758662 -1.033591 -1.152917 -0.987958 -1.232882 -0.767407 -0.777415 -0.811571 -0.884402 -0.982746 -1.106667 -0.908928 -0.898034 -0.795369 -1.069845 -0.813196 -0.826098 -0.773927 -0.930255 -0.852021 -0.885288 -1.050011 -0.765209 -0.695302 -0.890012 -0.913195 -0.972239 -1.153264 -1.186691 -0.812579 -1.168443 -0.950230 -1.141055 -0.893335 -0.858210 -0.742449 -0.907614 -1.037061 -0.939167 -0.928473 -0.952302 -0.822186 -0.786728 -0.812902 -0.906602 -0.930928 -0.827342 -0.910820 -1.044887 -1.009775 -0.789071 -0.953095 -0.811879 -0.922938 -0.822388 -1.071226 -0.597398 -0.850079 -0.973686 -0.979675 -0.850224 -1.071276 -0.878702 -0.804045 -0.954757 -1.050443 -1.089598 -0.900150 -0.912614 -1.276543 -1.009113 -1.275287
-1.067832 -1.128128 -1.052896 -0.915815 -0.655298 -0.925917 -0.956848 -0.918470 -1.058557 -0.764202 -0.520904 -0.579279 -0.893711 -1.179888 -0.938027 -1.134325 -0.989075 -1.077029 -1.136943 -1.192507 -0.957031 -1.020991 -1.061786 -1.018670 -0.767045 -1.121384 -1.107774 -0.842458 -0.978070 -0.938022 -0.855499 -1.012674 -0.885933 -1.105793 -0.709323 -0.802359 -0.555725 -1.059957 -0.868631 -0.722330 -0.668088 -0.968269 -1.032916 -0.701019 -0.835373 -0.865245 -1.017109 -0.739474 -0.788809 -1.021392 -0.875223 -1.046523 -0.921288 -1.031422 -0.946771 -0.723928 -0.937224 -1.151279 -0.768971 -0.803005 -0.726970 -1.107403 -0.921584 -0.855167 -0.908323 -1.027951 -1.210795 -0.806118 -0.844130 -0.891125 -1.001482 -0.625510 -0.776811 -0.820982 -0.923813 -0.835139 -1.128862 -0.868612 -0.859090 -0.822566 -1.018132 -0.987772 -1.059483 -0.806174 -0.751771 -0.930527 -0.734498 -1.064379 -1.067214 -0.972996 -0.828776 -0.805819 -0.772149 -1.077322 -1.108726 -0.834773 -1.002385 -0.934426 -1.282506 -1.102272 -0.900696 -1.113122 -0.886348 -0.853869 -0.729459 -0.851921 -0.976548 -1.012149 -0.863200 -0.903811 -0.849568 -1.173017 -0.964326 -1.095944 -0.875693 -0.894732 -1.128881 -0.824425 -0.896189 -0.665046 -1.050742 -0.850494 -0.911809 -0.966174 -0.952918 -0.988806 -0.887038 -0.714857 -0.871148 -1.042757 -0.874805 -0.889994 -1.095724 -1.026049 -1.036811 -0.745267 -0.786307 -0.987231 -0.945625 -0.913288 -0.799796 -1.191548 -1.017384 -0.660538 -0.939308 -0.699852 -0.876098 -0.770370 -0.845033 -0.987361 -0.960754 -0.830188 -1.187489 -0.989977 -0.796749 -1.078924 -1.047701 -0.902731 -1.094019 -0.912091 -0.800067 -0.756235 -0.776231 -0.893517 -0.953202 -1.087710 -1.247845 -0.808953 -0.924606 -1.029931 -0.924102 -0.784948 -0.920695 -0.948151 -0.872918 -1.113669 -0.790330 -1.148077 -0.784165 -1.074658 -0.668822 -1.076903 -0.875902 -1.104396 -1.330244 -0.824516 -0.907948 -1.368703 -0.795668 -0.927239
-1.082781 -0.962578 -0.952201 -0.675992 -0.852780 -0.825713 -0.727372 -0.917853 -0.696586 -1.085194 -0.742672 -1.077740 -0.788080 -0.780826 -0.995072 -1.096383 -0.902413 -1.154928 -0.930955 -1.015284 -0.856485 -0.904140 -1.037420 -0.905773 -0.913860 -1.051624 -0.870053 -0.915978 -0.977138 -0.836192 -0.736489 -1.033777 -0.843257 -0.707919 -0.979779 -0.859385 -0.887363 -0.903374 -1.092387 -0.666424 -1.164426 -0.898775 -1.134771 -0.851237 -0.923851 -1.043310 -0.950458 -0.724239 -0.818325 -0.946357 -1.253065 -0.843912 -0.701861 -0.795398 -0.968500 -0.761494 -1.121588 -0.971038 -0.943398 -0.919997 -0.866913 -1.078923 -0.933950 -0.834755 -1.008883 -0.971017 -0.997345 -0.971066 -0.872206 -0.899233 -0.842615 -1.046858 -0.797798 -0.968769 -0.880167 -0.824100 -0.957923 -0.737761 -1.024290 -0.816884 -1.091404 -0.908750 -1.293563 -0.858241 -0.888474 -1.077709 -1.111200 -0.814783 -0.928407 -0.943547 -0.941215 -0.800441 -0.849688 -1.250982 -1.052719 -0.863398 -0.978086 -0.986358 -1.075392 -0.829631 -1.051436 -0.846587 -1.086946 -0.761240 -0.802242 -0.995722 -1.012935 -0.820695 -0.976588 -0.976219 -0.639303 -0.866444 -0.876350 -0.997852 -0.684899 -1.004865 -1.009028 -1.201722 -0.785542 -1.269728 -1.125392 -1.080683 -0.922135 -1.325471 -0.713507 -0.729165 -0.880484 -0.885195 -1.025753 -1.035306 -0.888001 -1.048163 -0.967916 -1.071056 -1.022328 -0.961534 -0.951742 -0.987513 -0.880150 -0.843848 -0.663848 -0.959940 -1.006982 -0.965417 -1.024656 -0.728539 -0.911289 -0.757856 -0.855255 -0.815388 -0.937205 -1.007591 -0.903107 -0.879793 -1.073914 -0.957799 -0.979999 -0.813379 -0.708682 -0.926905 -1.034922 -0.936446 -0.846197 -0.880510 -1.099903 -1.121537 -0.934686 -1.026143 -0.938344 -0.893947 -0.739872 -1.145902 -0.875043 -0.874286 -0.979158 -0.980884 -1.015574 -0.970003 -0.950523 -1.108035 -1.080453 -1.119594 -1.007409 -0.783218 -0.905498 -0.930973 -1.091808 -0.842863 -0.806343 -0.788442
-1.093215 -0.929502 -0.577322 -1.196469 -1.081359 -0.943059 -0.877239 -0.793211 -1.081522 -0.942044 -0.928793 -0.746518 -1.197260 -0.916269 -0.843442 -0.894886 -0.935978 -1.161463 -1.211969 -1.458058 -0.676130 -1.044922 -0.970025 -1.127601 -0.670806 -0.944938 -1.021539 -0.870685 -0.909333 -0.861818 -0.889511 -0.707983 -0.849542 -1.119607 -0.761262 -0.926822 -0.996438 -0.931848 -1.241006 -0.954525 -0.997306 -0.950338 -0.816771 -0.844766 -1.228147 -0.829214 -0.681178 -1.085440 -0.796919 -0.889031 -0.943533 -1.095875 -1.261967 -0.941545 -0.999120 -0.959283 -1.079655 -0.876215 -0.897931 -1.094561 -0.992774 -1.068029 -1.184676 -1.051353 -1.032041 -0.892780 -1.037291 -0.906956 -1.340162 -0.851350 -0.774830 -0.838343 -1.150367 -1.025916 -1.097312 -1.087581 -0.891307 -1.056323 -1.089680 -1.048655 -0.876192 -1.005975 -0.884688 -0.814015 -0.623540 -1.156040 -0.950229 -0.963934 -0.950121 -0.973557 -0.875255 -0.801294 -0.926716 -0.910676 -0.850678 -0.954086 -0.769386 -1.293934 -1.041035 -0.676367 -1.058806 -0.978444 -0.963897 -0.901120 -0.901013 -1.151369 -0.752642 -0.988254 -1.033295 -0.902799 -0.827067 -1.066421 -0.921840 -1.099147 -1.133778 -1.047045 -1.133376 -0.913762 -0.790975 -0.832858 -1.079520 -1.022776 -0.735816 -1.300935 -1.080188 -1.005755 -0.960436 -0.753885 -0.989714 -0.902173 -0.963331 -0.741652 -0.761372 -0.716408 -0.978270 -0.917938 -0.810234 -1.025959 -0.831450 -0.902892 -0.878149 -1.105910 -0.926890 -1.042319 -0.951104 -0.676635 -0.583204 -1.069559 -1.285593 -0.778516 -1.017549 -0.823773 -0.889771 -0.998633 -1.109286 -1.224668 -0.917899 -1.088316 -0.798274 -0.845738 -0.815213 -0.948867 -1.038515 -0.899098 -0.866943 -0.970872 -1.082591 -0.982002 -0.657166 -0.894019 -0.758305 -0.797107 -0.666688 -1.427639 -0.596437 -1.002582 -1.151273 -0.973828 -0.998034 -1.123816 -1.294835 -1.024358 -0.888230 -0.750103 -0.907606 -1.132814 -1.126382 -0.827986 -0.851501 -0.875292
-0.897053 -0.783267 -0.710051 -1.052067 -0.782937 -0.914275 -0.854494 -0.837207 -1.027149 -0.718003 -0.574168 -1.212311 -1.032028 -1.058965 -0.803801 -1.106609 -0.661129 -0.962386 -0.967987 -0.843109 -0.984581 -0.758109 -0.994571 -0.891019 -0.861671 -1.217495 -0.968303 -1.029404 -1.152745 -0.784275 -1.355466 -0.918876 -0.754118 -0.758705 -0.859628 -1.003682 -1.007266 -0.922024 -0.848593 -0.871963 -0.993734 -1.154012 -0.919847 -1.095366 -1.140374 -0.784839 -1.062207 -0.828325 -0.944494 -0.940623 -0.757800 -0.799837 -0.902893 -0.929298 -0.851972 -1.005062 -1.098042 -1.049049 -0.712355 -0.790710 -0.817942 -0.705732 -0.838889 -1.047336 -1.027784 -0.917129 -1.195486 -0.891913 -1.118780 -1.204649 -0.753672 -0.883202 -0.528291 -0.817564 -1.018341 -0.908630 -1.015011 -0.973892 -1.092476 -0.846938 -0.809294 -0.851190 -0.969670 -0.867969 -1.278912 -0.912784 -1.058720 -1.087930 -0.905533 -1.008832 -0.944006 -0.849599 -1.006888 -0.847772 -0.812751 -1.043197 -0.876682 -0.998363 -1.152769 -0.980750 -0.898930 -0.872376 -1.002783 -0.922931 -1.009551 -1.072113 -0.776562 -0.953626 -0.936139 -0.979411 -0.984311 -1.048615 -0.757203 -0.816361 -0.706072 -0.864685 -0.751575 -0.905904 -0.955451 -0.911027 -1.070708 -0.920618 -0.882259 -1.057844 -0.932274 -0.925939 -0.937381 -1.167902 -0.909723 -1.210512 -0.793310 -0.712438 -0.903694 -1.161222 -0.784632 -0.900085 -0.846559 -0.858475 -0.933928 -0.809118 -0.792827 -1.049332 -0.958041 -0.957756 -0.896309 -0.953771 -0.846753 -1.100661 -0.765010 -1.284980 -1.176456 -0.934415 -1.207991 -1.009810 -1.322022 -0.855018 -0.901497 -0.998117 -1.078545 -0.949379 -0.555780 -0.871626 -0.843413 -1.000445 -0.759227 -0.649916 -1.023687 -0.999392 -0.602195 -1.308445 -0.948228 -1.248144 -1.092049 -0.869915 -1.104020 -1.043971 -0.974883 -0.816498 -1.145218 -0.952905 -1.084167 -0.900629 -0.736429 -1.099709 -1.212235 -1.099826 -1.188892 -0.982695 -0.838017 -0.904056
-1.065228 -1.164354 -0.878274 -1.021554 -0.804592 -0.803153 -0.928910 -0.908179 -1.106096 -1.003883 -1.151417 -1.038755 -0.755505 -0.636994 -1.040842 -0.911926 -0.933866 -0.965153 -1.123064 -0.902810 -0.852259 -0.831161 -0.907763 -0.818766 -1.043373 -1.200611 -0.887393 -0.839047 -0.835133 -0.853356 -0.793704 -1.349862 -0.677825 -0.992491 -0.874910 -0.745276 -1.097388 -0.799073 -1.034024 -1.129014 -0.841817 -0.971556 -1.018679 -1.113524 -1.122609 -1.031012 -0.688295 -1.169428 -0.822117 -1.079465 -0.784973 -0.960057 -0.985134 -0.991191 -1.163414 -0.971179 -1.029522 -1.039336 -0.815390 -0.762755 -0.914280 -0.668101 -0.951174 -0.994918 -1.116533 -0.728462 -0.821402 -0.707766 -0.674741 -0.874465 -1.069081 -1.039814 -0.781238 -0.826215 -1.121035 -0.853702 -0.880453 -1.001975 -0.831332 -1.085882 -1.040585 -0.901841 -0.852852 -0.846737 -0.948621 -0.822977 -0.811467 -0.883069 -0.870476 -0.939266 -1.076835 -1.143389 -1.008429 -0.804196 -0.854253 -1.116730 -0.804465 -0.840521 -0.955921 -0.900817 -0.936787 -0.785608 -1.204821 -0.946086 -1.067649 -1.060430 -0.849964 -0.697659 -0.702043 -1.317342 -1.080505 -1.126804 -1.033361 -0.878651 -0.759524 -0.929947 -0.917476 -1.136999 -0.816158 -0.931313 -0.791330 -0.975171 -1.014391 -0.849719 -0.758994 -0.952179 -0.889804 -0.845805 -1.107316 -1.302272 -0.798834 -0.729828 -0.781515 -0.702206 -1.051228 -1.251703 -0.815201 -1.135057 -0.996287 -1.054157 -1.031067 -0.805475 -1.066150 -0.707369 -0.893122 -0.754453 -0.865611 -1.003494 -0.835797 -0.803647 -0.902200 -0.853087 -0.969998 -1.053107 -0.728763 -0.956388 -1.003559 -0.862167 -0.939666 -0.841580 -1.011814 -1.002645 -0.644640 -0.747093 -0.839445 -0.887395 -0.740201 -0.967335 -1.015548 -0.885713 -0.971041 -0.748281 -1.300969 -0.974535 -1.053565 -1.087644 -0.858449 -1.110629 -0.846868 -0.913953 -1.019124 -1.025154 -0.918481 -0.813084 -0.770703 -0.892121 -0.978464 -0.929054 -0.948183 -0.922768
-0.946818 -0.934916 -1.041089 -0.898442 -1.028869 -0.831708 -0.883822 -1.181708 -0.838551 -0.668327 -0.947095 -0.914980 -1.252625 -0.699984 -0.987733 -1.112635 -1.002279 -0.862553 -1.124600 -0.924106 -1.029302 -0.849224 -0.941674 -1.180208 -1.049264 -0.955254 -0.834089 -0.875523 -0.821026 -0.899774 -0.923913 -1.090565 -0.895855 -1.097581 -0.940667 -0.933750 -0.960563 -0.720434 -0.867818 -1.094855 -0.983489 -0.901497 -1.092398 -1.113954 -1.199063 -0.923567 -0.790337 -0.694569 -0.848392 -0.823570 -1.036159 -0.962653 -0.782509 -1.056853 -0.993780 -1.189538 -0.749834 -0.659991 -1.171701 -0.760865 -1.180806 -0.770140 -0.881616 -0.900069 -0.885185 -0.885040 -1.109544 -0.648063 -0.900506 -1.206421 -1.060056 -0.670081 -0.972034 -0.917556 -0.843087 -1.051179 -0.836517 -0.899037 -0.784742 -0.798348 -0.713213 -0.836483 -1.118415 -1.004685 -0.997361 -1.238358 -0.733977 -1.055762 -0.927761 -0.711004 -1.028059 -1.025456 -0.895990 -0.934768 -0.909075 -0.701424 -1.052397 -0.998134 -0.808861 -0.696081 -0.862021 -1.125305 -0.993298 -1.013984 -1.151626 -0.863628 -1.152928 -0.780829 -1.132577 -0.670795 -0.905871 -0.714688 -1.022719 -0.841901 -0.957612 -0.952263 -0.939453 -0.926720 -1.033660 -1.038539 -0.961284 -1.011467 -0.947172 -0.973386 -0.882319 -0.891087 -0.861940 -1.024940 -1.052003 -0.903965 -0.944995 -0.785426 -0.732588 -0.885523 -0.934639 -1.114813 -0.950006 -0.944651 -1.081145 -0.940028 -0.405858 -0.627908 -0.749834 -0.824812 -1.039469 -0.878190 -0.814343 -1.092055 -0.982858 -0.935896 -0.963418 -0.806236 -0.881384 -0.924825 -0.865938 -0.893824 -0.986050 -0.724043 -1.005664 -0.773881 -1.119036 -0.833755 -1.023544 -0.853575 -0.611979 -1.141129 -1.021611 -1.193304 -1.060371 -0.851768 -1.191775 -1.142422 -0.984623 -0.854344 -1.027743 -0.716166 -0.693516 -1.011414 -1.084506 -1.126106 -0.981462 -0.798846 -1.146735 -0.950969 -1.037814 -0.927704 -1.242852 -0.939958 -0.955734 -1.066470
-1.027318 -0.864541 -0.874139 -0.748105 -0.886750 -0.875944 -0.861656 -1.010097 -0.978797 -1.020388 -0.868573 -1.025107 -0.755738 -0.777639 -0.945275 -0.973901 -1.030583 -0.868576 -1.066671 -0.919271 -0.812274 -0.927803 -1.094549 -0.766321 -0.944081 -0.940437 -0.783674 -0.916247 -0.902834 -1.096474 -0.918085 -0.863331 -1.232042 -0.879892 -0.817093 -1.069573 -0.920291 -1.129855 -0.884599 -1.469493 -1.024069 -0.900277 -1.013064 -1.012028 -0.918838 -1.102901 -0.740986 -0.852730 -1.011913 -0.908062 -0.955965 -0.956201 -0.794472 -0.756361 -0.696232 -0.854264 -0.715642 -1.122362 -0.917379 -0.732843 -1.083901 -0.964293 -0.864391 -0.841315 -1.171781 -0.966124 -1.000868 -0.963161 -0.910489 -0.688334 -1.014299 -0.759739 -1.110482 -0.727929 -1.021448 -1.019189 -1.055891 -0.842175 -1.002142 -1.015868 -1.033985 -0.803148 -0.803124 -0.835938 -1.141118 -0.786065 -0.876375 -0.869992 -1.028286 -0.987665 -0.767741 -0.872272 -0.637744 -0.757521 -1.011477 -1.052027 -0.753085 -1.011629 -1.133286 -0.781494 -0.928715 -0.772047 -0.882505 -0.691979 -1.247350 -0.758827 -0.928725 -1.169774 -0.688473 -0.764588 -0.926559 -0.738930 -0.856617 -0.867537 -1.244729 -0.850017 -1.210843 -0.941327 -0.924948 -0.925793 -1.012164 -0.926778 -0.951939 -0.705005 -0.858079 -1.070336 -0.826872 -1.059351 -1.036057 -0.929462 -1.106718 -1.134693 -0.959487 -0.896859 -0.915930 -0.642683 -0.946521 -0.801368 -0.935616 -0.713151 -0.575467 -0.788511 -0.798598 -0.815226 -0.831374 -1.014542 -1.199325 -0.869189 -0.869693 -1.013105 -0.742395 -0.974820 -0.971964 -1.000369 -1.041959 -0.844759 -0.766900 -1.077616 -0.850313 -0.961802 -0.963267 -1.030410 -0.787914 -0.889675 -0.820527 -0.985814 -1.010992 -1.047621 -0.823727 -1.123992 -1.179101 -0.959637 -0.760112 -0.757665 -0.982589 -1.045688 -0.936026 -0.901234 -1.249049 -1.038160 -0.807678 -1.033204 -0.937331 -1.030130 -0.910578 -0.940757 -0.922749 -0.680826 -0.682242 -0.918347
-0.815147 -0.963654 -0.845847 -0.872530 -1.077963 -0.782248 -0.664393 -0.783614 -0.915364 -0.906197 -0.796464 -0.837925 -1.012688 -0.828391 -0.817713 -0.953983 -0.995322 -0.987115 -1.010570 -0.571801 -0.972331 -0.906243 -0.976116 -0.800142 -1.147703 -0.951249 -1.141191 -1.000056 -0.929192 -1.217466 -1.076002 -0.679803 -1.061933 -0.933826 -0.800886 -1.190131 -1.176132 -0.785363 -1.252618 -1.067870 -1.013170 -0.901786 -1.115147 -0.912944 -1.098451 -1.117130 -0.822458 -0.896178 -1.096408 -0.876454 -0.774832 -1.048901 -0.913131 -0.761609 -0.980701 -0.876885 -1.016363 -1.112090 -0.727207 -1.043039 -1.062669 -0.892865 -0.940889 -1.076539 -0.722093 -1.056036 -0.900846 -1.002350 -0.951882 -1.134072 -0.873969 -1.064653 -1.093047 -0.950591 -1.069662 -0.828901 -1.178152 -1.093713 -0.975614 -1.049355 -0.908148 -1.214795 -0.771410 -0.923493 -0.947700 -0.998462 -0.898883 -1.068455 -1.009236 -0.979884 -1.098497 -1.004081 -0.935182 -1.086893 -0.822959 -0.871783 -0.843742 -1.003945 -0.805509 -1.174492 -0.722514 -0.836187 -1.168957 -0.971563 -0.913139 -0.767552 -0.708388 -0.899754 -0.924831 -0.950838 -0.930494 -1.128549 -0.870071 -1.231327 -1.006761 -1.030315 -1.120688 -0.943881 -0.933204 -1.004114 -0.919844 -0.910978 -0.739955 -0.749456 -1.059942 -1.050733 -1.111541 -0.937721 -1.004702 -0.909171 -0.956673 -1.059104 -1.066274 -0.834258 -0.837799 -0.996492 -0.942573 -0.982709 -0.928348 -0.702122 -0.919172 -0.915882 -1.246026 -0.764915 -0.912605 -1.177824 -0.880899 -0.837670 -0.892318 -1.012927 -0.785180 -1.020496 -1.133989 -1.086655 -0.853768 -1.019568 -0.858992 -0.554138 -0.946125 -1.148200 -0.767716 -0.920714 -0.802411 -1.160101 -0.905876 -0.987924 -1.019136 -1.129612 -1.068855 -0.965974 -1.011567 -0.982412 -0.892799 -0.836317 -1.076183 -0.831490 -1.164087 -0.773662 -0.997718 -1.047085 -1.025059 -0.925467 -0.943222 -1.030819 -0.978895 -0.931536 -0.794321 -0.974640 -0.974159 -1.012030
-0.911262 -0.941978 -0.697870 -1.151922 -0.985756 -1.065878 -0.966538 -1.022856 -0.768148 -0.970712 -0.934170 -0.887824 -1.123360 -1.029446 -1.088556 -0.654178 -0.804696 -0.982234 -0.849788 -0.819127 -0.912421 -0.924058 -0.711340 -1.003723 -1.205659 -0.765033 -0.804024 -0.659613 -1.140207 -0.946229 -0.820296 -0.915179 -0.890822 -1.182756 -0.900427 -0.881146 -0.847968 -0.874530 -0.553935 -0.528437 -1.088061 -1.200656 -0.921380 -1.021455 -0.886791 -0.784578 -0.881048 -1.032465 -0.929690 -1.087517 -0.941220 -1.116208 -0.958207 -0.877064 -0.915440 -0.967008 -1.279749 -0.855395 -1.002298 -0.781883 -0.923229 -0.877409 -0.870589 -0.890717 -1.289279 -0.834288 -0.914163 -1.274779 -0.991528 -0.678406 -1.062449 -0.998834 -0.807671 -1.004091 -1.281213 -0.836720 -0.917037 -0.823695 -0.852481 -0.918652 -0.871815 -1.237599 -1.120171 -0.782331 -1.252509 -1.068411 -0.893683 -0.948590 -0.893227 -0.877550 -0.766771 -1.001815 -0.983260 -1.049214 -1.013689 -0.958638 -0.922570 -0.942361 -1.185120 -0.818836 -0.855285 -0.659260 -0.592124 -1.097285 -1.216912 -1.096696 -0.894284 -0.747464 -0.891216 -1.163218 -0.903766 -0.679102 -0.747262 -1.239014 -1.013639 -1.117194 -0.923396 -0.825393 -0.770598 -1.044190 -0.929606 -0.739510 -1.062051 -0.994402 -0.961194 -0.840581 -1.035559 -0.709757 -0.816458 -1.053149 -0.986602 -0.842352 -0.881821 -1.060770 -0.388096 -0.818597 -0.931919 -0.991614 -0.980718 -0.890540 -0.915928 -0.901141 -1.043890 -0.905905 -0.679320 -1.070343 -0.775514 -1.168924 -0.665185 -0.751082 -0.825211 -0.895455 -1.044140 -1.057880 -0.890772 -0.824201 -1.279034 -0.968198 -0.824256 -1.005467 -0.906173 -0.752909 -1.076657 -1.110759 -1.243958 -1.053518 -1.182543 -1.132863 -1.213436 -0.913179 -0.927872 -1.169578 -1.035274 -0.916629 -1.016302 -0.864616 -1.192607 -0.765192 -1.043200 -1.007373 -1.094025 -1.204557 -0.896974 -0.843341 -0.936773 -0.665481 -0.775867 -0.784569 -0.898337 -0.976530
-1.095518 -1.359525 -0.713787 -0.766649 -0.915884 -0.968365 -0.921956 -0.899792 -1.011128 -0.996963 -1.034874 -0.723503 -0.898965 -0.734213 -0.966121 -0.857177 -0.766068 -1.058108 -1.066664 -0.796325 -0.854254 -0.910438 -0.827517 -0.993740 -0.701945 -0.879078 -1.048627 -0.791989 -0.799433 -0.967534 -0.963669 -0.860395 -0.929228 -0.767798 -0.931878 -1.095596 -1.106099 -1.132431 -0.888350 -0.980010 -1.079712 -1.004107 -1.142388 -1.189506 -0.768820 -0.755338 -0.801033 -0.811825 -0.869019 -1.169804 -1.223680 -0.752090 -0.996564 -1.114689 -0.694957 -0.896725 -0.982703 -0.880304 -0.943934 -0.956455 -1.037862 -1.075852 -0.824539 -0.875679 -0.897915 -1.047038 -0.807789 -0.927649 -0.843381 -1.158471 -0.868416 -0.969455 -0.948537 -1.032618 -0.944176 -0.908748 -0.969989 -1.207505 -0.967849 -0.727089 -0.844656 -0.986655 -1.107455 -0.846222 -0.789534 -1.107266 -0.907515 -0.838777 -0.936210 -0.860612 -0.692655 -1.069049 -0.851863 -1.071051 -0.443185 -1.283222 -1.017569 -0.838087 -1.159740 -0.950457 -0.752094 -1.071044 -1.038002 -0.945745 -0.902896 -0.918154 -0.950332 -0.991889 -0.875072 -1.063282 -0.762436 -0.910234 -0.958703 -0.949630 -0.858734 -1.024528 -0.970070 -1.080579 -0.980269 -0.882135 -1.171512 -0.922453 -0.826453 -1.047058 -0.968086 -0.869098 -1.233282 -0.878385 -0.667350 -1.106453 -0.830416 -0.819694 -0.716338 -0.963399 -0.699596 -1.400680 -1.056812 -0.675308 -1.275475 -0.907503 -0.861777 -1.051040 -0.868266 -0.813894 -0.959324 -0.724520 -1.006290 -1.222907 -0.851866 -1.117727 -0.943898 -0.891687 -0.810660 -0.758858 -0.940439 -1.097139 -0.784026 -0.873582 -0.835085 -0.965509 -0.837304 -1.270802 -0.959818 -1.135544 -0.919496 -0.967589 -0.888632 -0.828857 -0.850680 -0.959453 -0.835742 -1.029071 -0.882990 -0.977995 -0.987709 -1.172621 -0.728990 -0.779191 -0.953003 -0.978115 -0.868703 -1.045231 -0.901683 -0.873030 -0.886434 -0.727740 -0.865329 -1.199138 -0.978382 -0.950088
-0.902828 -0.859118 -0.885450 -1.008417 -1.070694 -0.968849 -0.944600 -0.928131 -0.924671 -0.989935 -0.786163 -0.876496 -1.039351 -1.024377 -0.780068 -1.136791 -1.086068 -0.778547 -0.809415 -0.725720 -0.928233 -1.158570 -0.905968 -0.877700 -0.717036 -0.790367 -0.949699 -1.063244 -1.136202 -0.807369 -0.764985 -0.621188 -0.898840 -0.950621 -1.003735 -1.138303 -1.026883 -1.052268 -0.998311 -0.968166 -1.158992 -1.103342 -0.983819 -0.984964 -1.140498 -0.961796 -1.055338 -1.089255 -1.093364 -1.114745 -0.833680 -1.220673 -0.888768 -1.212201 -0.995013 -0.720454 -0.966421 -1.135347 -0.898448 -0.738875 -1.373933 -0.826519 -0.760070 -0.788139 -0.869981 -0.836520 -0.937047 -1.156607 -1.017675 -0.991505 -0.962949 -0.771691 -0.965293 -1.001048 -1.002450 -0.775385 -0.949235 -0.979423 -0.782228 -1.047787 -0.633210 -0.911229 -0.805149 -0.987643 -0.957109 -0.851412 -0.950261 -0.929796 -0.845783 -0.972372 -1.077058 -0.753220 -0.997465 -0.972826 -1.084983 -0.935912 -0.856877 -0.899054 -0.757708 -1.025345 -0.949589 -0.859125 -0.876144 -0.753467 -0.785616 -0.906070 -1.028993 -0.927317 -0.774086 -0.829648 -0.862406 -1.029673 -0.879090 -1.009593 -0.813074 -0.893374 -1.118770 -0.810780 -1.079438 -0.938503 -1.174568 -1.218766 -0.696827 -1.076173 -0.854325 -0.966551 -1.089467 -1.038355 -1.204821 -1.087532 -0.725958 -1.203747 -0.843803 -1.004627 -0.735211 -0.712366 -0.970403 -0.902887 -0.859610 -0.895410 -0.867950 -0.871844 -1.175737 -0.783941 -1.048871 -0.632982 -0.866614 -1.219436 -0.943207 -0.831499 -0.826336 -0.802286 -0.833422 -0.934613 -1.205957 -0.685259 -0.861929 -0.974867 -1.145462 -1.209312 -1.112310 -0.882657 -0.986337 -0.811214 -0.888498 -0.949790 -0.898232 -0.776867 -0.841601 -1.174168 -1.088567 -0.946020 -0.691513 -0.925672 -1.108615 -0.805770 -0.643234 -1.152921 -0.926409 -1.115979 -0.794948 -1.169679 -0.673772 -0.935313 -0.779442 -0.767885 -0.919293 -0.939804 -0.858908 -1.176760
-0.836212 -0.843881 -1.022924 -0.938774 -0.630979 -0.628223 -0.760620 -0.800457 -1.037851 -0.823287 -0.717376 -0.909669 -1.021257 -0.686124 -0.760894 -0.914700 -0.982564 -1.064645 -0.709277 -1.042566 -0.819465 -0.933706 -1.037670 -0.824017 -0.774352 -0.861973 -0.762851 -1.006746 -0.856095 -0.959902 -0.717005 -0.996285 -0.833790 -0.841216 -0.978946 -0.822493 -0.956371 -1.053585 -1.185501 -1.110657 -0.940376 -1.097270 -1.136414 -0.802773 -1.061896 -0.884966 -0.955291 -1.197636 -0.963078 -0.915308 -0.848234 -1.121079 -1.291849 -0.980845 -1.056086 -1.014820 -0.779582 -1.075613 -0.775438 -0.922234 -0.799877 -0.820692 -0.671121 -0.796732 -0.854065 -0.971148 -0.842834 -1.013317 -1.183354 -0.833067 -1.007032 -0.874075 -0.923190 -1.060402 -0.969806 -0.863728 -1.076396 -0.958067 -0.729362 -0.817827 -0.988633 -1.082359 -0.782461 -0.662499 -0.875705 -1.154832 -1.016972 -1.141721 -1.150306 -0.998508 -0.953753 -0.970411 -0.889924 -0.981323 -0.794411 -1.139132 -1.020733 -1.005170 -1.070211 -0.988696 -0.957351 -1.002409 -0.943374 -0.892154 -0.981819 -0.886974 -0.816156 -0.909724 -0.752262 -1.068857 -0.950455 -0.948565 -0.824746 -0.811530 -0.899826 -0.935423 -1.032036 -1.276167 -1.095423 -1.024064 -1.121119 -1.058574 -0.787639 -0.920629 -0.988979 -0.980864 -1.221691 -0.845795 -1.159976 -1.126509 -1.077234 -0.821926 -0.740849 -1.220413 -0.962161 -0.818767 -0.979757 -1.186954 -1.139022 -0.678200 -0.904445 -1.023104 -0.865557 -0.900034 -1.043512 -0.812287 -1.048147 -1.043813 -0.827526 -0.896803 -0.702056 -0.927247 -0.802906 -0.945710 -1.039333 -1.056555 -0.707605 -0.913281 -0.631794 -0.776144 -0.905387 -0.809590 -1.091847 -0.830721 -0.741484 -0.767778 -1.014013 -0.843052 -0.598568 -0.715654 -1.223181 -0.829339 -1.105744 -1.286315 -0.620241 -0.846996 -0.700990 -0.998128 -1.013177 -0.856426 -0.790621 -0.913031 -0.878284 -0.960759 -1.177831 -1.063108 -0.881575 -1.024103 -0.873227 -0.975349
-0.864180 -0.953158 -1.028431 -0.845782 -0.999296 -0.987688 -0.913476 -0.834913 -1.132707 -1.007783 -0.757479 -1.109774 -0.930203 -0.973517 -1.131303 -1.284445 -0.878612 -0.747123 -0.640019 -0.991268 -0.989026 -0.750477 -1.169794 -0.763675 -0.887166 -0.950977 -0.860851 -0.714739 -1.004421 -1.056586 -0.706201 -0.567820 -0.832174 -1.108325 -0.952817 -1.085862 -0.899037 -0.935213 -0.914645 -1.037560 -1.180913 -1.020363 -1.136427 -0.960791 -0.851245 -0.600497 -0.862044 -0.919765 -0.848933 -1.031408 -0.748650 -0.965068 -1.071922 -0.991767 -1.094362 -0.840076 -1.117454 -0.981440 -0.745932 -0.906229 -0.813986 -1.083765 -0.978725 -1.383228 -0.927734 -1.119493 -0.875414 -1.020249 -0.909395 -0.770528 -0.897270 -0.751892 -0.844961 -0.890800 -0.986968 -0.695032 -0.945727 -1.065783 -0.970736 -0.985916 -0.917354 -0.854940 -0.945194 -0.669718 -0.885297 -0.908772 -1.025879 -1.034499 -0.710068 -0.766320 -0.809226 -1.305757 -1.010656 -0.956671 -1.049434 -0.987619 -1.121466 -1.091910 -0.883465 -0.759603 -0.881487 -0.902938 -0.874160 -0.805717 -0.876801 -0.832994 -0.778353 -0.770305 -1.215138 -0.922851 -1.062174 -0.791595 -1.081410 -0.834833 -0.783126 -0.952473 -0.844700 -0.835019 -1.086284 -0.987083 -0.837555 -0.670294 -1.115524 -1.132469 -0.893403 -0.855119 -0.941401 -0.857182 -0.997197 -1.149049 -0.987706 -0.593486 -0.683267 -0.968535 -0.952935 -0.772144 -0.956034 -1.095751 -0.890902 -1.078516 -1.040914 -1.025408 -0.950529 -0.895134 -1.230580 -0.847521 -0.699914 -0.941141 -0.993992 -1.073307 -1.212312 -1.144481 -0.936765 -0.888114 -0.930033 -1.000230 -0.823273 -0.989606 -0.891108 -1.109669 -0.864576 -0.955986 -1.243016 -1.369549 -0.807492 -0.940075 -0.931174 -0.702054 -0.581579 -1.010767 -0.718362 -0.839082 -1.123877 -0.690058 -0.745374 -0.947264 -1.082029 -1.030151 -0.883657 -0.903979 -0.953132 -0.865029 -0.804716 -0.881405 -0.881397 -0.639487 -0.990889 -0.655254 -0.790637 -0.837737
-1.128708 -1.175453 -1.129500 -0.994150 -1.377717 -1.092689 -0.780881 -0.893291 -0.841510 -0.813227 -0.747028 -0.910251 -0.889339 -1.072355 -0.730490 -0.757900 -0.788190 -1.165029 -1.110361 -0.775783 -0.804168 -0.925479 -1.162575 -1.011258 -0.953045 -0.985042 -1.113239 -1.000140 -0.826254 -0.798212 -0.777067 -0.939245 -0.863745 -1.143304 -0.839354 -1.093520 -0.999926 -1.069068 -0.894946 -0.876521 -0.746641 -0.842648 -1.278698 -1.057143 -0.989703 -0.958149 -0.948977 -0.892171 -0.953504 -1.232309 -0.999203 -0.726548 -0.883200 -1.159462 -1.103057 -1.078539 -1.262344 -0.983655 -0.906744 -1.019626 -0.903375 -0.777381 -0.843555 -0.801597 -1.043974 -0.884369 -0.921332 -0.943594 -0.967333 -0.883140 -0.836954 -1.006509 -0.823637 -0.892371 -1.029221 -0.769507 -1.048689 -0.896786 -0.930671 -1.142423 -0.644437 -0.937462 -1.010396 -1.245984 -1.309408 -0.584850 -0.948448 -1.142564 -0.935236 -0.925220 -0.802707 -1.072639 -0.960813 -0.967837 -1.096244 -0.804976 -0.832350 -0.945066 -0.643930 -0.865323 -0.700165 -0.865545 -1.070873 -0.878773 -0.604829 -0.820602 -1.142883 -1.072613 -1.044591 -0.805181 -0.711956 -0.930497 -1.057978 -0.890381 -0.818919 -0.887228 -0.863991 -0.949953 -0.758600 -0.916522 -0.664120 -1.129257 -0.878767 -1.051000 -1.149132 -0.945581 -1.004685 -0.908204 -0.989658 -0.833541 -0.958782 -0.893345 -0.835984 -0.886485 -0.957703 -0.874673 -0.848196 -0.959144 -0.986526 -0.813106 -0.758774 -0.993784 -0.961298 -0.956578 -0.885775 -0.879699 -0.731282 -0.772836 -1.045013 -1.110347 -0.896987 -0.939339 -0.864288 -0.919726 -1.057420 -0.979210 -0.909976 -0.823765 -0.771876 -1.005293 -0.901246 -1.111233 -0.886826 -0.562892 -0.890649 -0.945645 -1.096028 -0.904161 -0.922368 -0.784398 -1.046177 -0.839346 -1.080811 -0.709176 -0.913029 -0.737797 -0.908810 -0.722209 -0.883416 -0.877187 -1.049334 -1.206457 -0.752883 -0.936166 -1.074320 -0.778758 -1.016648 -1.071986 -0.929637 -0.958659
-0.846578 -0.831054 -0.995377 -0.963975 -0.972766 -0.962286 -1.059232 -0.856873 -0.578549 -1.057517 -1.016014 -0.830035 -0.968706 -0.788195 -1.000846 -0.785887 -0.927910 -1.200303 -0.975761 -1.254128 -0.739015 -0.879531 -1.285043 -1.089016 -1.140726 -1.010764 -0.911886 -0.872005 -0.809068 -0.830585 -1.098343 -0.947868 -1.183273 -0.932715 -1.057028 -0.900778 -1.118449 -1.118399 -0.871122 -1.134922 -1.027592 -1.074170 -0.822226 -0.694988 -1.013528 -0.920077 -1.218072 -1.033619 -0.739059 -0.839529 -0.808362 -1.041999 -1.119275 -0.742528 -1.036836 -0.953790 -1.030179 -0.936374 -0.990692 -1.127647 -0.964775 -0.834416 -0.834258 -1.179180 -1.048427 -0.986490 -1.169535 -0.802934 -0.799939 -0.851310 -0.923325 -0.987070 -0.767157 -0.821870 -0.716491 -0.860891 -0.941320 -1.004837 -1.005346 -0.978117 -0.910951 -1.093690 -0.761366 -0.764681 -0.822523 -1.067311 -0.888835 -0.702984 -0.924797 -1.113731 -1.013786 -0.910003 -0.747372 -0.867578 -0.797040 -0.808318 -0.991580 -1.153012 -0.566776 -0.927645 -1.013408 -0.713174 -0.839558 -0.905908 -0.838197 -0.970518 -0.983302 -0.952830 -0.888582 -0.950958 -0.939490 -0.972820 -1.009602 -0.615312 -1.030040 -1.111155 -0.933888 -0.703220 -0.865239 -0.893414 -1.049006 -0.987039 -0.924343 -1.221676 -1.211811 -0.939294 -0.821688 -0.845380 -1.044224 -0.981854 -0.860647 -0.845955 -0.857440 -0.988008 -0.792981 -0.998308 -0.930719 -1.015887 -0.918580 -0.797690 -1.319187 -0.888174 -0.854549 -1.116771 -0.876934 -0.918691 -0.851382 -1.136422 -1.056106 -0.685163 -1.039679 -1.047084 -0.817632 -0.841985 -1.016218 -1.025524 -0.963917 -1.019888 -0.936833 -0.986617 -1.196904 -0.754589 -0.883707 -0.870712 -0.873085 -0.792747 -1.093609 -0.934103 -0.882661 -0.810147 -1.116285 -0.927205 -1.105022 -0.856009 -0.833735 -0.873142 -0.828498 -0.761715 -1.007798 -1.104489 -0.809091 -0.981061 -0.591344 -1.219549 -1.028327 -0.858931 -1.024922 -0.738627 -1.218781 -0.756217
-1.043140 -0.933244 -0.871487 -1.043362 -1.093327 -1.291875 -1.121557 -0.716506 -0.893282 -0.849679 -0.954019 -1.175942 -0.948321 -0.897726 -0.603196 -0.903679 -0.752138 -0.882740 -0.890517 -1.045273 -0.764534 -0.918622 -1.385235 -1.136257 -1.079834 -1.064897 -0.898920 -0.703874 -0.830648 -0.943377 -1.047128 -0.923180 -1.136529 -0.890092 -1.043386 -0.939608 -0.899179 -1.023259 -0.951686 -1.048521 -0.987718 -1.057431 -0.677771 -0.955576 -0.859774 -0.945654 -0.848856 -0.896469 -0.945739 -0.852066 -1.089912 -1.002855 -0.754017 -0.917130 -1.127529 -0.846582 -0.897623 -0.849481 -0.723595 -0.871620 -0.852457 -1.127925 -0.864646 -0.950383 -0.821034 -0.880831 -0.827745 -1.100092 -0.877112 -0.929238 -1.087514 -0.717868 -0.897423 -1.069748 -0.876126 -1.144279 -0.985083 -1.174623 -0.748568 -1.218031 -0.857028 -0.806873 -0.782683 -1.361689 -0.804331 -0.952682 -0.877696 -1.085250 -0.841483 -0.813316 -0.857127 -0.841870 -0.674319 -1.149240 -0.897371 -1.019129 -0.763667 -1.121518 -1.008869 -0.914287 -0.697007 -0.765551 -0.994136 -0.842833 -1.022766 -0.733478 -0.738545 -0.942037 -1.208250 -0.932514 -0.746745 -0.891496 -0.619624 -0.689355 -1.274584 -1.044563 -1.039767 -0.807194 -1.159307 -1.068146 -1.014105 -0.843597 -0.901130 -1.054265 -1.055349 -1.125259 -0.583496 -1.000136 -1.226461 -0.872621 -0.846360 -1.014202 -0.910765 -0.950085 -0.808322 -0.968830 -0.973135 -1.208521 -1.016125 -1.000786 -1.124389 -0.956375 -0.971214 -0.683805 -0.812705 -0.999100 -1.022858 -1.168157 -0.758363 -1.080679 -1.001846 -0.890037 -0.678345 -0.768752 -1.136588 -0.973865 -1.207287 -0.652472 -1.011715 -0.965335 -0.934682 -0.788688 -0.886695 -1.003838 -0.840959 -0.623856 -1.090202 -1.138767 -1.078557 -0.884028 -0.890850 -0.922840 -0.953820 -1.250793 -0.943684 -0.935185 -0.881229 -0.772230 -0.972428 -0.765148 -0.856102 -0.915459 -1.049779 -0.875079 -0.983470 -0.996063 -1.260876 -1.048549 -0.833814 -1.097341
-1.137344 -0.911358 -0.821728 -0.941107 -0.810619 -0.907281 -0.765917 -0.767821 -1.173237 -1.011050 -0.833940 -0.861751 -0.809396 -1.011395 -0.737702 -0.945951 -1.042896 -0.925738 -0.920873 -0.740080 -1.452573 -0.866215 -1.001737 -0.990618 -0.940182 -0.883964 -0.945190 -0.839151 -1.009567 -1.053701 -0.882305 -0.938544 -0.808978 -1.100420 -1.067996 -0.947167 -1.153072 -0.951244 -0.888320 -1.096921 -0.802077 -1.031779 -1.021468 -0.988905 -1.105929 -0.909410 -0.878369 -0.762358 -0.785007 -0.829224 -0.701103 -0.946071 -0.764937 -1.157580 -1.021124 -0.996022 -0.824427 -1.020667 -0.916736 -0.884669 -0.919099 -1.077556 -0.950762 -0.655902 -0.933113 -0.901280 -0.739367 -0.879421 -1.035584 -0.756096 -0.908287 -0.517227 -0.825503 -0.721569 -0.765460 -0.981067 -1.270849 -1.085010 -1.047603 -0.866732 -0.753499 -0.859238 -1.118670 -0.933499 -1.025811 -0.959549 -0.868744 -0.978890 -0.920439 -0.736242 -0.783282 -0.989552 -1.093409 -0.956860 -1.128668 -1.002178 -0.997242 -0.913294 -1.093865 -0.771797 -1.229824 -1.166357 -0.861507 -0.902503 -1.030822 -0.907097 -0.834119 -0.944578 -0.880293 -0.736729 -1.010667 -0.924981 -0.730154 -0.977523 -0.981879 -0.876832 -0.865273 -1.084354 -0.799208 -0.817773 -1.027200 -0.991081 -0.903290 -0.955503 -0.865366 -1.081738 -0.586988 -0.832133 -1.143648 -0.846811 -0.961777 -0.922199 -0.734936 -0.936871 -0.998096 -0.872096 -1.273297 -0.979004 -0.731457 -1.098236 -0.971503 -1.105200 -1.212258 -0.996220 -0.922408 -0.754808 -0.982809 -0.992560 -0.803841 -0.795816 -1.033283 -0.920296 -0.745357 -1.098783 -0.835418 -0.828513 -0.933177 -0.821051 -0.964416 -1.020924 -0.834527 -0.779268 -0.726493 -0.952968 -0.942326 -1.068651 -0.922845 -1.166487 -0.853241 -0.711057 -0.788043 -0.936023 -0.856423 -0.994223 -1.124624 -1.045321 -1.148899 -0.861612 -0.884298 -1.012817 -0.835530 -0.881694 -0.808458 -1.122568 -1.025961 -1.118213 -0.836429 -0.947212 -0.891039 -1.077632
-0.858162 -0.927849 -0.996042 -0.640172 -0.898615 -0.933760 -1.015871 -0.996730 -0.779648 -0.709145 -0.810618 -1.073064 -0.778609 -1.017269 -0.986370 -0.836350 -0.917294 -1.016507 -0.776181 -0.831329 -1.193098 -0.796183 -0.903544 -0.947761 -0.949026 -1.071576 -0.752268 -0.862893 -1.117017 -1.002886 -0.970571 -0.939749 -0.915359 -0.960872 -1.057302 -0.889534 -0.962685 -0.920409 -0.783941 -0.869367 -0.976163 -0.978369 -1.170790 -0.964683 -1.000090 -1.083430 -0.928399 -0.750274 -0.988781 -0.715019 -0.895379 -1.285493 -0.748964 -0.934116 -1.044711 -1.028304 -0.864689 -0.848897 -0.932985 -1.047648 -1.010896 -0.869303 -0.903412 -0.987838 -0.989637 -0.930006 -0.784820 -1.115686 -0.956428 -0.857279 -0.753931 -1.027168 -0.962765 -0.653276 -0.836005 -0.827678 -0.872288 -0.941166 -1.222963 -0.952261 -0.999457 -0.801892 -1.015948 -0.644492 -1.141039 -1.208085 -1.053612 -0.978891 -0.953401 -0.979342 -0.936352 -0.855571 -0.957791 -0.972667 -1.121280 -0.890288 -1.094222 -0.884850 -0.916640 -0.867557 -0.939046 -1.025411 -1.069508 -1.131169 -1.034442 -0.998521 -0.726119 -1.323875 -0.991735 -0.992899 -1.043061 -0.895140 -1.068890 -0.894752 -0.880662 -0.841405 -0.762121 -1.024607 -0.913486 -0.799855 -0.717965 -0.897241 -1.137897 -1.052517 -0.527175 -0.694361 -0.946043 -0.977418 -0.905755 -1.086977 -1.015861 -0.708124 -0.920913 -0.786691 -1.146720 -0.961216 -0.767629 -0.876409 -0.879314 -1.260164 -0.710393 -0.873554 -0.945865 -1.006962 -1.064850 -0.940558 -0.897487 -0.694276 -1.023135 -0.886356 -1.133592 -1.121806 -1.055521 -0.840017 -0.784958 -1.070366 -0.957503 -0.718925 -0.777862 -0.991939 -0.840351 -0.902328 -0.505057 -0.952848 -1.120980 -0.984409 -0.869020 -0.987740 -0.840341 -0.900134 -0.891442 -1.011737 -1.107091 -1.135834 -0.790900 -0.770993 -1.028343 -1.086173 -0.965949 -1.052684 -0.816605 -0.889345 -0.648896 -0.764911 -0.891536 -0.864479 -1.024326 -0.842760 -0.936932 -1.126589
-0.863361 -0.793670 -1.020484 -0.583165 -0.770164 -1.170811 -0.998225 -0.776890 -0.817131 -0.945280 -1.444657 -1.004210 -0.913373 -0.959820 -0.905266 -0.898847 -1.062869 -0.903667 -0.883761 -0.759561 -0.781001 -0.937284 -1.188380 -1.049021 -0.777741 -0.749886 -1.187849 -0.770478 -1.092871 -0.923693 -0.852205 -1.125676 -0.988751 -0.995584 -1.038351 -0.794582 -1.054079 -0.798153 -1.220475 -1.051437 -1.081487 -0.782601 -1.126714 -0.935471 -0.846283 -0.868376 -0.901341 -1.019404 -0.848182 -0.838411 -1.097284 -0.919008 -0.792840 -1.014708 -0.983517 -0.860525 -1.020152 -1.104235 -0.983495 -1.020288 -1.122491 -0.789555 -0.731574 -1.262016 -0.825546 -0.919608 -0.818090 -0.833988 -0.979031 -1.110233 -0.868496 -1.092241 -1.058000 -0.915516 -0.626630 -0.882763 -0.848539 -1.096676 -1.002393 -0.795862 -0.665306 -0.748646 -0.897202 -0.723740 -0.859327 -1.077227 -1.139675 -0.940988 -0.873582 -1.276720 -0.891125 -0.789774 -1.108846 -0.830004 -1.188924 -0.779763 -0.824086 -0.786169 -0.848523 -0.753371 -1.116095 -0.954933 -0.923293 -0.777640 -0.866637 -1.054264 -0.869356 -0.872432 -0.888271 -0.920012 -0.806253 -0.925592 -0.886578 -0.818438 -0.781276 -0.862270 -0.574105 -0.861255 -0.800716 -0.928581 -0.899168 -0.893016 -0.890170 -0.783930 -1.015028 -1.056574 -0.925470 -0.901457 -0.904632 -0.781218 -0.860184 -0.809480 -1.214514 -1.013142 -1.040873 -1.010349 -1.006319 -0.766820 -0.736771 -0.977458 -1.092295 -1.044864 -0.910846 -0.730318 -0.773612 -0.743976 -0.910393 -0.764428 -0.826862 -0.966263 -1.043218 -0.857174 -0.885402 -0.815156 -0.952385 -0.890710 -0.716897 -1.149649 -1.014627 -0.963748 -1.163160 -1.152487 -0.667228 -0.880752 -1.273935 -0.858873 -1.393041 -0.797531 -0.745282 -0.942552 -0.743266 -0.724990 -0.990441 -0.953198 -0.810424 -0.630258 -1.105819 -1.063901 -0.932603 -0.778228 -0.784776 -1.088155 -0.576534 -0.965850 -0.774339 -0.806642 -0.792293 -1.047256 -0.889048 -0.920377
-0.914522 -0.915802 -0.991875 -0.763146 -0.952127 -0.927929 -0.958866 -0.849795 -0.826205 -0.817028 -0.748983 -1.034111 -0.864891 -0.961681 -0.911572 -0.922802 -0.772265 -1.104788 -1.051342 -0.731571 -1.019342 -0.960773 -1.068386 -1.035008 -0.877632 -1.157762 -1.182962 -0.947816 -0.898230 -0.919342 -0.890786 -1.009043 -1.185915 -0.910562 -0.883814 -1.065478 -0.950538 -0.997820 -0.909119 -1.120833 -1.035664 -0.852538 -0.896625 -0.846988 -0.892861 -1.049681 -1.026153 -0.806628 -1.009471 -0.980557 -1.098015 -0.718470 -1.170407 -0.976140 -0.900438 -0.820271 -0.877026 -0.807326 -1.017263 -0.933678 -0.919027 -0.910704 -1.092682 -0.923443 -1.027488 -1.147725 -0.920949 -0.882943 -1.148813 -0.901925 -0.786151 -1.033906 -1.008692 -0.884148 -0.944063 -0.837592 -1.059060 -0.776081 -0.974919 -0.854297 -1.151159 -0.934450 -0.848408 -0.923455 -0.697030 -1.300654 -1.072093 -0.905748 -0.735776 -0.923220 -0.765222 -0.706830 -0.674143 -0.870243 -1.011955 -1.049621 -0.884308 -0.702092 -1.225639 -1.113148 -1.107499 -0.892957 -0.879247 -0.713467 -0.964719 -0.845287 -1.060434 -1.025041 -0.947880 -0.837358 -1.214520 -0.663823 -1.064775 -1.099877 -0.937006 -0.908449 -1.108813 -0.891126 -0.896264 -0.912199 -0.789031 -0.969191 -0.732679 -0.743872 -1.091209 -0.970639 -0.815176 -0.681700 -0.805568 -1.066356 -0.813689 -0.969228 -0.807302 -1.035788 -0.817947 -0.663036 -0.777962 -0.905697 -0.843488 -0.884942 -0.912570 -0.966253 -0.792849 -0.742809 -1.034111 -0.547018 -0.773515 -0.684688 -0.844718 -0.878009 -0.978419 -0.814152 -0.892704 -1.216388 -1.003727 -0.914571 -0.843114 -0.959090 -0.804995 -0.796234 -0.855820 -0.954756 -1.098996 -0.737423 -0.743449 -1.165735 -0.966149 -1.005090 -0.875556 -1.047382 -0.782504 -0.971727 -0.939085 -1.233980 -1.224952 -0.963740 -0.880133 -0.926410 -0.521640 -0.538546 -0.927390 -0.973962 -0.643100 -0.915865 -1.238877 -0.872170 -0.996181 -0.886382 -0.938911 -0.827800
-0.858566 -0.834672 -0.967795 -1.017291 -1.151887 -0.944392 -1.001455 -1.082514 -1.185842 -1.183628 -0.949990 -1.031962 -0.840050 -0.789377 -0.949605 -0.746017 -0.864862 -1.031072 -0.929171 -0.869555 -1.047635 -1.030305 -1.003065 -0.860126 -0.806405 -1.191246 -0.925911 -1.096623 -0.767804 -1.083928 -0.691413 -0.745777 -0.885737 -1.226822 -0.797671 -0.987542 -0.794735 -0.994206 -0.811530 -0.948111 -1.164106 -0.887579 -0.937949 -0.893349 -1.021664 -1.119835 -0.730638 -1.004245 -1.088768 -0.819467 -0.847480 -1.223654 -0.835365 -1.066449 -0.957372 -0.701489 -1.103824 -1.112501 -1.057102 -1.339743 -0.820136 -0.877593 -0.909296 -0.874674 -1.002284 -0.819502 -0.834808 -0.917055 -0.987975 -1.253698 -0.830965 -0.895192 -0.781350 -0.918237 -0.920737 -0.765970 -0.985677 -1.163456 -1.124674 -0.943865 -1.091769 -0.867398 -0.645478 -1.055090 -1.181113 -0.900449 -0.940843 -0.723095 -1.006805 -0.892274 -0.925121 -1.217019 -0.913255 -0.908740 -1.124116 -0.738529 -1.003095 -0.816165 -1.031269 -0.777392 -0.961925 -0.880578 -0.967582 -0.799919 -1.056120 -1.174603 -0.710744 -0.802751 -0.982806 -0.830072 -0.811007 -1.078926 -1.002851 -1.034626 -0.996667 -0.961525 -0.827317 -0.840276 -0.824853 -0.930414 -0.655669 -1.038203 -0.737750 -0.691043 -0.639445 -1.211639 -0.784265 -1.171988 -1.005256 -0.998645 -0.906902 -1.126065 -0.896507 -0.943362 -0.968416 -0.557285 -0.881343 -0.725967 -0.959988 -0.743557 -0.986135 -0.768793 -0.839666 -0.787044 -1.047747 -0.926311 -1.041090 -0.973175 -0.756376 -0.835359 -0.970431 -1.170339 -0.935180 -1.259958 -0.889644 -1.355313 -0.879865 -0.905659 -0.714445 -0.898030 -0.971441 -0.858229 -0.803232 -0.936422 -1.017863 -0.932974 -0.783718 -0.754585 -0.927143 -1.074837 -0.744856 -0.813237 -0.704703 -1.047049 -0.753416 -0.893927 -1.044421 -1.063652 -1.038414 -1.065102 -0.858285 -0.747389 -0.934268 -0.716092 -1.358445 -0.660168 -1.059869 -0.928868 -0.941628 -0.891811
-0.624095 -1.011189 -1.193980 -0.657992 -0.726799 -0.678343 -1.042057 -1.345016 -0.816697 -1.118650 -0.793050 -0.929482 -0.973463 -0.971508 -1.026690 -0.794000 -0.950474 -0.770224 -1.105636 -1.134634 -0.971948 -0.674253 -0.720370 -1.136901 -0.925605 -0.865802 -0.862867 -0.931182 -0.773797 -0.876693 -1.077381 -1.015849 -0.775109 -1.026860 -0.915375 -0.949287 -0.982827 -1.044916 -0.937187 -0.945259 -0.695887 -0.894110 -0.895951 -0.757790 -1.141056 -0.876607 -0.928583 -0.952096 -1.037980 -0.856085 -0.860908 -0.787034 -0.865694 -0.876777 -1.212502 -1.245310 -0.863364 -0.886540 -1.202329 -0.928543 -0.996016 -1.053453 -1.043246 -1.122418 -1.056575 -0.947050 -1.221093 -1.166918 -0.739459 -0.901413 -0.914676 -0.860602 -0.862294 -1.278785 -0.947671 -1.269057 -0.804696 -1.153453 -0.996128 -0.856381 -0.751704 -1.017228 -1.094674 -1.330901 -0.841219 -0.974407 -0.970579 -1.106783 -1.133274 -0.809164 -1.051868 -0.976905 -0.860095 -0.794471 -0.980966 -0.980483 -0.644026 -0.905841 -0.837264 -1.211492 -0.961056 -1.090794 -0.938454 -0.833765 -0.909212 -0.773967 -0.799013 -0.875176 -0.774643 -0.922849 -0.984104 -0.917921 -0.930445 -0.796998 -1.064420 -1.039479 -0.822861 -1.177791 -0.919320 -0.868502 -0.984357 -0.907326 -0.920888 -1.122721 -0.771366 -1.089624 -0.942121 -0.769759 -0.862094 -0.946233 -0.932928 -1.086859 -1.144767 -0.917401 -1.104676 -0.978265 -1.061646 -0.660448 -0.788151 -0.982035 -0.842572 -0.911274 -0.951298 -0.811338 -0.963252 -1.201287 -0.781147 -0.773822 -0.913480 -1.011728 -1.216356 -0.710279 -0.628768 -1.312644 -1.417673 -0.822346 -0.908930 -0.750447 -1.209590 -0.999035 -0.886138 -1.073209 -0.798376 -0.910257 -0.993660 -0.621960 -0.866059 -0.762107 -0.872441 -0.831441 -0.930289 -0.946482 -0.812580 -0.905225 -0.924992 -0.861863 -0.937133 -0.877776 -0.716106 -0.731893 -1.184012 -1.303033 -0.931717 -0.793693 -0.768751 -1.071524 -1.033600 -0.965298 -0.954047 -0.814715
-0.817567 -0.944198 -0.957411 -0.764262 -1.058801 -0.882422 -0.971573 -0.828585 -0.869349 -0.933238 -0.964361 -0.725139 -0.912477 -0.896412 -0.877483 -0.988508 -0.885917 -0.893779 -0.942321 -0.780569 -0.761407 -0.894392 -1.041647 -0.736632 -1.115490 -0.703103 -1.004485 -0.889908 -0.978100 -1.174661 -0.834892 -1.002441 -0.916352 -0.810345 -0.965286 -0.961306 -0.774806 -1.082641 -0.993240 -1.059509 -0.809778 -0.811428 -1.001866 -0.895678 -1.142462 -1.044691 -1.109265 -0.912215 -0.930411 -0.774298 -0.778029 -0.944130 -0.837939 -0.784660 -1.107749 -0.814391 -0.855487 -1.080292 -0.797764 -0.866177 -0.907249 -0.889015 -0.941038 -1.029858 -0.926647 -0.798954 -0.893440 -0.692468 -0.743852 -0.745061 -0.747073 -1.036839 -0.806632 -0.821899 -0.934826 -0.848489 -1.062862 -1.126002 -0.803069 -0.998180 -1.028570 -0.768210 -1.111839 -1.096087 -0.962971 -0.794336 -0.980010 -1.010191 -0.789181 -0.905138 -1.277627 -1.183903 -0.882592 -0.898035 -0.802563 -0.839754 -0.949439 -0.885547 -0.827759 -0.827283 -1.006473 -0.751809 -0.855134 -0.948985 -0.936611 -1.038220 -1.081910 -0.704202 -0.954611 -1.023422 -0.760283 -0.889374 -0.801633 -0.986225 -1.129678 -1.069109 -1.026652 -1.069263 -1.075416 -1.008811 -0.828054 -0.845909 -1.028752 -0.938376 -0.754329 -0.846521 -0.905785 -0.818456 -0.829821 -0.925844 -0.760753 -1.081933 -1.088457 -0.779048 -1.026048 -0.857381 -0.991074 -1.135321 -0.923252 -1.058326 -1.153382 -1.100032 -0.899857 -0.707991 -1.037766 -0.951385 -1.037223 -0.907992 -0.752169 -1.041051 -1.087574 -1.045278 -0.881394 -0.711363 -1.052712 -0.882622 -0.793552 -0.928675 -1.035273 -0.818304 -0.734587 -1.105631 -0.716957 -0.850837 -1.000951 -1.028771 -1.099636 -0.915545 -0.880731 -0.928964 -0.982007 -1.000015 -1.124742 -0.689523 -0.956149 -0.811976 -0.794283 -0.954597 -0.913287 -0.909994 -0.922221 -0.865654 -0.793177 -0.933859 -1.061434 -1.114288 -0.928224 -0.745357 -1.170725 -0.695629
-0.815973 -0.849781 -1.054828 -1.009976 -1.030824 -0.814031 -0.974727 -0.734297 -0.866826 -0.961842 -0.947903 -0.937291 -1.165850 -0.678238 -0.762704 -0.909919 -0.992996 -0.782692 -1.034531 -0.803823 -0.867295 -1.040262 -0.888305 -0.899324 -0.764369 -1.051667 -0.876831 -0.725827 -1.006611 -1.107428 -0.799275 -0.888493 -1.099823 -0.879814 -0.905285 -0.933009 -0.908524 -0.859473 -0.903361 -0.970236 -0.822167 -1.197134 -1.023577 -0.929766 -0.790569 -0.754580 -0.974785 -0.829790 -0.896727 -1.044503 -1.010024 -0.919120 -1.013216 -0.754193 -0.802248 -0.844768 -0.801409 -1.076799 -1.216033 -1.090749 -0.910871 -0.890044 -0.683553 -0.866656 -0.824288 -1.094902 -0.790847 -0.824448 -0.846043 -0.919110 -1.102747 -0.893119 -0.837350 -0.858296 -0.776152 -0.857765 -0.742909 -0.659899 -1.128643 -0.814465 -0.858398 -1.108240 -0.860031 -0.956261 -0.955074 -1.013669 -1.005414 -1.029180 -0.982002 -0.764454 -0.846188 -0.887126 -1.126708 -1.123809 -0.977345 -0.751491 -1.114201 -0.660057 -0.798365 -0.926862 -1.014332 -0.833900 -0.897617 -0.925383 -1.086861 -1.183485 -0.772909 -1.116121 -0.909747 -1.048623 -0.937751 -0.885877 -1.161131 -1.068632 -0.754260 -1.056048 -0.619577 -0.781759 -0.956771 -0.918280 -0.792642 -1.120697 -0.958013 -0.902761 -1.268984 -0.880096 -1.057962 -0.874450 -1.026362 -1.134404 -0.976154 -0.952240 -0.763707 -1.007092 -1.017887 -0.881564 -1.028321 -1.004995 -0.801404 -1.070364 -0.817479 -0.746601 -1.085507 -0.817501 -1.612539 -0.920012 -0.999462 -1.153724 -0.980661 -0.911284 -0.972121 -1.091691 -1.202886 -1.279380 -0.981954 -0.983405 -1.040430 -1.176053 -0.778797 -0.728084 -0.914232 -0.819160 -0.958030 -0.638348 -1.265529 -0.949890 -0.951699 -0.882155 -0.895051 -0.865970 -0.818198 -0.940564 -0.768583 -0.998497 -0.719073 -0.950132 -0.947002 -0.862422 -0.984302 -0.831386 -0.804714 -0.929211 -0.875122 -1.074051 -0.877857 -0.861426 -0.939031 -0.933771 -1.043522 -0.986316
-0.993100 -0.892316 -0.956113 -0.966617 -0.843264 -0.914646 -0.795553 -0.954420 -1.263050 -0.990697 -0.829431 -0.869314 -0.969706 -0.768184 -0.781288 -0.869491 -0.891550 -0.915341 -1.098872 -1.032942 -0.768410 -0.902771 -0.909084 -0.870814 -0.967922 -0.783213 -0.859471 -0.899608 -1.125595 -0.845274 -0.798338 -0.728408 -0.955341 -0.906148 -0.951766 -0.652862 -1.165646 -0.837697 -0.954740 -1.341136 -1.091642 -0.924142 -0.886900 -0.905070 -0.877435 -1.073331 -0.959103 -0.964189 -0.849029 -0.834171 -0.762868 -1.086928 -0.889036 -0.943099 -0.864918 -1.115819 -1.219836 -1.023083 -1.089142 -0.720952 -0.691094 -0.889813 -0.619739 -1.151076 -0.857311 -0.940853 -0.770668 -0.779046 -1.110622 -0.853416 -0.798536 -0.752777 -0.905053 -0.760370 -1.003653 -1.016261 -0.910788 -0.716559 -0.788352 -1.155919 -0.868770 -0.845983 -0.817214 -0.821077 -1.005679 -0.787275 -0.832159 -0.827618 -0.840368 -0.993433 -0.877222 -0.695724 -0.648959 -1.050510 -0.830162 -1.015206 -0.848644 -0.700969 -1.243836 -0.828941 -0.905597 -0.750702 -0.624435 -0.636801 -1.073818 -0.975708 -0.788587 -0.871036 -0.857394 -0.953239 -0.813968 -0.842780 -1.181279 -0.870351 -0.811843 -0.932011 -0.917866 -0.943479 -1.156399 -1.038022 -0.937154 -0.812410 -1.040848 -1.196313 -0.721337 -0.961557 -0.959119 -0.874027 -1.251550 -0.947206 -0.991431 -0.898244 -0.952188 -0.893855 -1.083504 -0.772000 -0.650155 -0.828684 -0.919666 -0.975350 -0.699005 -1.012066 -0.862936 -1.210409 -0.918399 -0.948341 -0.860463 -0.770366 -0.934180 -0.979578 -0.783209 -1.091112 -0.722302 -1.137505 -1.087758 -0.893511 -0.853856 -1.080508 -0.878110 -0.788069 -1.113566 -0.686330 -1.377040 -0.809748 -0.825032 -0.925720 -1.108891 -0.802554 -1.038164 -0.582387 -1.018673 -1.014658 -0.920320 -0.926148 -1.105910 -0.740502 -1.020857 -0.863890 -1.089956 -0.743745 -1.028090 -1.224265 -0.938130 -0.987833 -1.032899 -0.989583 -0.847136 -0.817575 -1.039879 -0.910042
-0.953440 -0.950745 -1.167800 -0.693336 -0.823897 -0.733518 -0.738275 -0.892569 -0.890014 -1.014557 -0.856420 -1.077141 -0.737685 -0.877207 -0.890128 -0.959199 -0.778452 -0.772998 -0.929868 -1.185772 -0.994721 -0.992082 -0.832290 -0.698936 -1.287069 -0.876088 -0.999626 -1.098195 -0.856396 -1.088985 -0.681675 -0.862634 -0.949521 -0.809100 -0.951392 -1.163471 -0.748145 -1.054708 -0.849967 -0.974854 -0.955358 -0.785928 -0.769116 -1.153404 -0.738307 -0.903178 -0.863666 -0.974256 -0.939853 -1.020394 -0.953537 -0.788297 -0.884691 -0.786843 -0.914709 -0.929340 -0.998231 -1.091225 -0.752737 -0.749002 -0.853190 -1.015249 -1.022584 -1.160338 -0.871429 -0.813261 -0.964984 -0.888433 -0.855442 -0.889851 -0.884928 -0.861941 -0.994379 -1.141383 -0.929338 -0.800460 -1.053610 -0.981571 -0.956030 -0.929366 -0.801919 -1.232151 -0.829040 -0.884798 -0.879603 -1.123947 -0.963279 -0.999104 -0.837112 -0.603881 -0.753793 -0.819864 -0.761949 -0.850480 -0.783612 -1.099501 -0.876687 -1.006604 -0.774217 -0.764228 -0.858628 -0.801384 -1.148110 -0.966251 -1.070472 -0.837530 -0.685275 -0.871242 -0.790939 -0.911000 -0.886380 -0.871073 -1.075731 -0.798073 -0.843197 -0.970053 -0.841778 -0.975047 -1.008021 -0.849071 -0.803252 -0.926862 -0.910682 -1.188951 -0.964891 -1.045045 -0.869804 -0.952070 -0.818107 -0.750753 -0.940951 -0.796372 -0.875688 -0.749124 -1.182569 -0.631006 -1.098079 -0.890513 -0.947807 -0.966701 -0.871150 -0.922067 -0.853424 -0.767866 -0.984888 -0.878768 -0.822816 -0.690763 -0.908165 -0.859096 -0.888336 -0.844783 -0.861119 -0.735038 -0.913820 -0.845281 -0.943393 -0.795590 -0.753344 -0.967433 -0.810811 -0.906948 -1.012859 -0.726671 -1.069855 -1.066934 -0.906358 -0.946607 -1.052369 -0.994796 -0.995389 -0.913876 -1.177272 -1.099148 -1.143834 -0.866730 -1.092288 -0.953176 -0.865263 -0.920276 -0.815852 -0.871942 -1.119766 -0.957492 -0.928285 -1.062575 -0.669630 -1.123096 -1.211829 -0.940574
-0.999198 -0.932159 -0.866200 -0.916962 -1.143390 -0.945758 -0.743958 -0.833313 -0.913087 -1.036871 -0.950912 -1.033404 -0.795771 -0.802175 -0.911639 -1.020625 -0.904145 -1.117976 -1.236675 -0.750410 -1.176687 -0.980960 -0.957737 -0.810470 -1.032636 -0.937916 -1.163098 -0.988805 -0.837084 -1.095944 -0.864307 -1.074893 -0.823537 -0.810266 -1.128572 -0.895789 -0.931703 -0.746199 -0.968103 -0.936879 -0.730451 -1.024241 -0.860110 -0.778488 -0.862145 -0.866398 -1.037403 -0.927572 -1.106444 -1.369450 -0.895953 -0.906873 -0.901677 -0.803351 -0.955862 -0.880547 -0.853308 -0.796790 -0.870336 -0.836004 -0.822104 -0.823625 -0.910625 -0.915230 -0.839384 -1.012387 -0.902659 -1.043784 -1.064306 -0.944178 -0.819271 -0.897272 -1.013465 -0.855995 -0.994585 -0.837943 -1.185503 -0.981669 -1.005250 -0.894343 -0.905787 -0.761569 -0.745071 -0.650908 -0.647288 -0.980303 -0.862646 -1.090188 -1.014848 -0.978036 -0.914779 -0.806874 -0.999098 -0.798896 -0.953898 -1.006756 -0.976832 -0.950529 -0.723321 -0.872876 -0.933285 -0.927428 -0.658324 -0.847165 -0.909344 -0.938141 -0.662724 -1.154286 -0.919482 -0.905116 -0.955850 -0.687545 -1.190131 -0.792891 -0.952710 -0.894651 -0.927078 -1.156478 -1.054621 -0.928783 -0.971596 -0.974053 -0.868276 -0.959563 -0.958197 -0.805072 -1.015697 -1.160065 -0.761931 -0.653719 -0.694971 -0.972472 -1.166113 -0.710607 -0.950488 -1.069395 -0.859016 -0.778992 -0.706606 -0.743836 -0.694537 -0.983639 -0.650786 -0.754656 -1.172895 -0.891370 -0.919485 -0.956884 -1.068164 -0.776910 -0.687802 -0.806880 -0.868917 -0.808703 -0.892137 -0.979417 -1.008705 -0.993608 -0.829156 -0.884288 -0.942764 -0.778908 -1.048518 -0.981317 -0.948619 -0.968936 -0.872857 -0.695846 -0.762930 -1.024581 -0.694087 -1.062329 -1.197122 -1.156994 -1.067515 -1.012160 -0.899426 -1.114827 -0.804277 -0.949270 -1.213355 -0.866309 -0.755436 -0.618480 -0.927224 -0.924276 -0.899987 -0.795253 -0.691381 -0.839042
-0.922361 -0.800568 -0.780520 -1.139651 -0.707102 -1.165572 -0.585919 -0.919871 -0.928774 -0.794866 -1.352601 -1.012768 -0.952760 -0.877548 -0.792361 -0.954631 -1.008066 -0.971052 -0.871511 -0.957135 -1.048789 -1.157179 -0.583165 -1.104208 -0.791656 -0.797127 -0.827138 -0.979847 -0.906629 -0.798436 -0.826430 -0.836012 -0.817211 -0.858007 -0.788482 -0.979548 -0.863675 -0.766519 -0.759925 -1.133177 -1.373322 -0.894103 -0.436157 -0.783094 -0.910552 -0.973787 -0.966661 -1.150683 -1.145863 -1.221836 -0.936003 -0.828654 -0.673959 -0.784346 -0.800593 -1.016204 -0.883803 -0.930980 -0.729230 -1.279039 -1.065627 -0.857939 -0.857752 -0.844197 -1.035533 -1.052542 -0.847073 -1.020873 -0.788845 -0.952401 -1.011586 -0.901207 -0.875233 -0.842241 -0.691732 -0.861636 -0.929816 -1.099043 -0.934193 -1.116288 -0.876748 -0.750314 -0.944713 -0.770629 -0.795766 -0.929899 -0.969571 -0.930432 -1.144622 -0.682111 -0.914538 -0.939207 -1.005224 -1.161933 -0.723115 -1.229029 -0.824650 -0.898093 -0.875270 -0.944446 -0.916406 -0.639190 -0.935719 -1.095124 -0.967281 -0.758563 -1.061311 -0.965250 -0.825115 -0.958796 -0.894147 -1.009926 -1.130612 -0.758057 -0.697166 -0.744022 -0.865525 -0.847976 -1.125142 -0.912297 -1.190090 -0.966608 -0.779228 -0.762813 -0.995245 -0.766410 -1.106791 -0.697516 -0.753580 -1.112073 -0.859093 -0.969674 -1.106126 -0.964182 -1.102833 -1.004906 -0.890493 -0.889823 -1.094180 -0.627156 -0.970710 -0.908138 -0.871887 -0.912413 -0.870233 -0.778776 -0.877391 -0.862813 -0.919701 -0.960690 -0.692687 -0.706020 -0.854089 -1.064551 -0.803915 -0.944826 -1.122817 -1.022932 -0.871415 -0.856126 -1.082354 -1.063071 -0.839659 -0.862607 -0.865510 -0.796454 -0.886173 -0.962233 -0.999247 -0.856830 -1.055447 -1.060058 -0.978074 -0.938881 -1.247793 -0.909438 -0.866812 -0.900569 -0.876338 -1.045187 -1.257263 -0.949644 -0.871179 -0.990882 -1.172527 -0.992515 -0.962721 -1.097541 -0.762320 -1.031497
-0.712175 -0.828648 -0.960298 -0.794261 -0.622897 -1.093001 -1.177554 -0.972200 -0.949458 -1.012556 -0.853252 -1.159517 -0.893869 -0.922916 -1.034781 -0.994236 -1.138273 -0.877312 -0.957444 -0.731565 -0.892418 -0.747917 -0.960576 -1.103676 -0.896274 -0.653612 -0.772005 -0.974097 -0.934025 -1.011311 -0.775737 -0.862585 -0.956567 -0.722706 -0.834395 -0.973948 -0.973624 -1.203115 -0.928777 -0.798441 -0.970721 -0.821841 -1.032317 -1.003020 -1.289912 -0.913523 -0.896031 -0.847234 -0.943375 -0.939338 -0.916372 -1.011761 -1.010620 -1.014942 -0.930480 -1.049479 -1.058136 -0.987185 -0.985804 -1.009400 -0.962523 -0.966679 -0.925352 -0.834819 -0.817034 -0.909058 -0.666977 -0.873744 -0.938722 -1.076247 -0.797613 -0.551185 -0.679170 -0.843432 -1.038315 -0.874149 -0.865664 -0.921923 -0.646799 -0.916928 -1.074116 -1.185262 -0.948658 -0.922865 -0.875983 -0.977969 -0.767215 -0.909512 -0.827478 -1.020159 -1.015390 -0.902120 -0.953884 -0.904536 -0.675618 -1.013512 -0.918217 -0.800592 -1.101313 -1.015973 -0.812365 -0.876671 -1.039356 -0.777739 -0.930454 -1.084533 -1.149085 -1.004085 -0.986168 -0.969199 -0.848672 -0.830328 -1.110395 -1.014498 -0.973193 -0.966438 -0.953978 -0.967706 -1.086055 -1.036826 -0.661343 -0.951224 -1.008405 -0.932689 -1.099765 -1.045953 -0.984950 -0.664152 -0.877839 -0.753222 -1.095200 -1.142212 -0.938607 -1.016856 -0.806859 -1.040221 -0.932322 -1.011723 -1.067726 -1.133080 -1.075916 -1.084493 -0.904827 -0.885011 -0.726266 -0.576489 -0.852618 -0.865497 -1.207539 -0.957074 -0.947290 -1.261852 -0.914353 -0.975027 -0.927318 -0.654331 -0.916756 -0.776313 -1.086212 -0.622434 -0.895227 -1.059194 -1.108807 -1.083907 -0.663998 -1.116757 -0.820083 -0.864254 -1.309150 -1.077296 -0.850084 -1.193129 -0.800593 -1.044325 -0.857988 -0.863454 -1.137387 -0.799104 -0.955152 -0.904562 -0.885788 -1.023112 -1.010521 -0.818727 -1.270008 -1.087742 -0.912369 -0.809856 -0.878451 -0.767046
-1.107310 -0.861730 -0.943489 -0.876537 -0.752112 -1.142416 -0.853553 -1.151264 -0.871778 -0.869527 -1.107981 -0.596693 -0.766632 -0.858971 -1.388286 -1.189032 -0.946992 -1.121378 -0.936739 -0.896895 -0.943757 -1.103309 -1.054059 -0.844211 -0.827164 -0.805740 -0.967797 -1.036671 -0.882616 -0.869728 -0.708669 -1.306150 -0.825787 -0.874000 -1.050941 -1.193573 -0.967761 -0.941703 -1.111031 -0.866755 -0.671924 -0.940397 -1.044809 -1.015342 -0.875230 -1.085107 -0.815791 -0.762360 -1.069950 -0.869048 -0.916957 -0.997830 -0.973656 -0.896333 -0.765819 -1.175485 -0.858416 -0.776362 -0.978101 -1.072600 -0.900620 -0.984498 -0.975195 -0.891066 -0.868644 -0.867737 -0.845252 -0.764499 -1.023020 -1.009407 -0.744554 -0.728607 -1.330815 -0.926983 -1.099095 -1.012047 -0.837960 -0.745929 -0.872664 -0.792960 -0.881566 -1.041232 -0.668337 -1.041690 -1.242988 -1.148262 -0.920912 -0.819602 -0.857094 -0.929045 -0.761220 -1.052754 -1.003793 -1.270375 -1.042184 -0.801726 -1.106891 -0.712993 -0.988539 -1.030669 -0.732746 -0.970938 -0.957735 -1.011903 -0.880999 -1.065490 -0.722306 -0.790624 -0.914940 -1.198084 -0.765631 -0.908776 -0.761409 -0.988888 -0.970048 -0.711407 -0.722530 -0.903196 -1.164508 -0.830301 -1.319299 -0.700615 -1.027716 -0.952157 -1.076812 -1.274250 -0.855778 -0.730370 -1.116663 -0.955227 -0.939931 -0.640865 -0.979739 -0.843887 -0.854609 -0.855674 -0.937459 -0.958559 -0.969755 -1.094723 -1.123538 -0.911559 -1.023863 -1.101257 -1.106991 -0.948343 -0.888380 -0.932193 -0.823804 -0.891678 -1.093907 -0.999596 -0.866574 -0.917893 -0.906948 -0.763196 -1.056471 -0.842419 -0.836622 -0.862979 -1.181300 -1.039206 -0.952392 -0.880837 -1.177620 -0.647960 -0.653849 -1.055557 -1.097258 -1.114881 -0.872424 -0.828683 -0.895602 -1.027417 -1.084924 -0.837410 -1.153223 -0.877582 -0.759079 -0.789630 -1.072221 -0.589577 -0.657717 -1.042540 -0.789952 -0.982134 -0.980849 -0.883906 -0.812752 -0.951325
-0.893322 -0.817900 -0.837542 -0.923887 -0.819631 -0.928817 -0.941318 -1.105937 -0.963940 -0.834668 -1.059246 -0.667652 -1.118441 -0.933926 -0.921109 -0.857421 -1.137513 -0.683098 -0.919601 -1.017593 -0.707865 -1.163717 -0.873573 -1.046227 -0.939140 -0.843848 -1.231001 -1.022574 -0.930466 -0.923688 -0.807775 -0.814006 -0.927641 -0.815936 -0.746915 -0.971372 -0.976699 -0.910688 -0.763066 -0.877303 -0.923371 -0.709282 -0.938718 -0.705089 -0.778971 -0.678509 -0.739646 -0.991816 -0.917549 -1.074588 -0.848317 -0.896250 -0.924221 -0.919247 -1.031434 -1.021127 -1.078425 -0.997839 -0.838142 -0.887970 -0.951366 -1.019217 -0.936414 -1.205750 -0.838994 -0.649662 -0.719556 -0.847334 -0.829649 -0.951022 -1.025769 -0.715826 -1.043591 -0.959909 -0.825975 -0.925284 -0.925166 -1.151547 -0.996515 -1.046996 -1.052737 -1.043774 -1.145662 -1.010636 -0.990623 -0.908553 -1.078266 -0.961399 -0.955293 -0.907592 -0.724202 -1.236624 -1.178586 -0.616148 -0.853823 -1.049297 -0.891659 -1.015261 -0.805383 -0.817086 -0.851699 -0.740404 -0.838052 -1.124545 -0.633808 -0.880505 -1.111373 -0.894414 -0.920540 -1.108628 -0.953327 -0.975945 -0.933159 -0.951292 -1.025430 -0.976078 -0.809903 -0.968274 -0.763177 -0.928752 -0.902576 -1.202730 -0.795401 -1.114246 -0.918904 -1.009683 -0.796968 -0.956581 -0.822705 -1.009724 -0.733677 -0.828523 -1.166378 -0.742002 -1.089899 -0.776731 -0.789269 -0.863195 -1.041890 -0.978266 -0.841064 -0.848269 -0.968401 -0.924464 -0.973096 -0.829470 -0.916098 -0.901421 -0.843656 -0.934175 -0.916723 -0.805664 -1.100259 -0.804323 -1.055597 -0.923910 -0.759431 -1.149001 -1.205968 -1.174175 -0.886337 -0.813352 -0.954709 -0.731513 -1.014889 -1.169152 -0.958122 -0.888693 -0.832098 -0.927505 -0.716536 -0.695065 -0.955260 -0.876062 -0.996809 -0.853664 -0.715532 -1.012325 -0.897141 -0.973218 -0.855950 -0.940916 -1.190848 -1.054326 -0.736033 -0.875561 -0.840536 -0.689640 -1.097684 -0.794405
-0.970255 -0.891034 -0.728964 -0.967021 -0.902261 -0.764131 -0.874596 -0.904518 -0.968605 -0.623253 -1.142346 -1.065788 -1.052284 -0.847981 -0.985689 -1.015064 -0.962969 -0.890296 -0.719374 -0.947761 -0.931892 -1.017073 -0.844984 -0.988806 -0.997446 -0.794591 -0.968591 -0.855613 -0.903760 -0.816345 -0.884545 -0.937336 -0.764304 -1.023347 -0.797549 -1.064497 -0.934289 -1.053423 -0.966157 -1.065439 -0.973544 -1.037931 -0.898627 -1.185556 -0.861688 -0.685860 -0.870768 -0.830654 -1.132261 -0.686130 -0.894476 -1.195708 -0.965527 -1.102550 -0.859224 -0.947049 -0.755109 -0.939671 -0.769413 -0.801054 -0.932971 -0.910722 -0.852628 -0.476958 -1.037537 -1.070239 -1.065229 -0.853251 -0.861191 -0.824166 -0.774774 -0.912728 -0.686075 -1.118769 -0.990572 -0.743856 -1.049644 -0.943346 -1.184888 -0.747380 -0.900996 -0.809507 -0.920254 -1.098976 -1.038543 -0.850618 -0.687154 -1.146791 -0.712377 -1.011927 -0.959356 -1.088601 -1.098990 -0.951683 -0.836430 -0.888978 -0.749375 -0.878345 -0.845838 -1.084746 -0.994013 -1.034588 -0.866804 -0.918461 -1.105676 -1.138555 -0.867099 -0.711242 -0.842438 -1.114991 -0.654921 -0.897974 -1.042637 -0.838698 -0.881718 -0.913918 -0.819080 -1.137239 -0.740574 -0.941066 -1.065143 -0.874413 -0.754447 -0.907555 -0.895680 -0.829083 -0.969305 -0.693886 -0.965259 -0.838765 -0.639541 -1.063350 -0.843913 -0.830541 -0.773325 -0.756908 -0.731002 -1.114487 -0.948261 -0.918617 -1.081728 -0.763225 -0.849219 -0.993752 -1.146845 -0.890482 -0.994077 -0.983285 -0.953105 -0.972640 -0.850778 -0.814876 -0.963965 -0.816483 -0.799616 -0.822558 -0.812245 -0.730441 -1.008880 -0.889457 -0.959708 -0.713496 -0.954132 -0.825160 -0.933829 -1.060176 -0.895047 -1.233294 -0.850735 -0.802601 -0.715193 -0.926467 -0.979414 -0.751787 -0.987513 -0.945111 -0.881816 -0.658782 -0.723964 -0.954595 -0.892068 -1.066695 -1.175935 -1.001477 -0.871928 -1.045514 -1.158694 -1.078432 -1.018214 -1.242447
-0.768898 -0.619531 -0.893074 -1.083775 -0.906646 -1.016951 -1.030404 -0.864962 -1.023581 -1.264391 -0.671067 -0.795306 -0.999803 -0.865194 -0.931538 -1.337879 -1.009316 -0.853193 -0.743556 -1.040238 -0.945412 -0.956828 -1.039358 -0.983727 -0.880730 -1.077279 -0.871433 -0.847953 -1.118833 -1.064417 -1.077999 -0.908819 -0.922519 -0.714352 -1.177133 -0.943454 -0.981840 -1.084029 -0.890457 -0.992162 -1.005678 -0.710195 -0.911790 -0.945330 -1.152192 -1.112630 -0.956313 -1.033541 -0.948989 -0.722523 -1.179928 -0.881489 -0.965607 -0.814654 -0.754194 -1.026815 -0.912277 -0.879740 -0.996708 -1.049612 -0.734098 -1.107954 -0.949195 -0.815863 -0.944642 -0.628430 -1.036993 -0.912195 -1.125256 -1.009220 -1.248172 -1.243181 -0.845559 -0.958159 -0.858849 -0.638429 -1.012783 -0.903310 -0.896474 -0.940901 -1.155894 -1.033029 -0.949348 -1.220195 -0.790040 -0.917453 -1.027597 -1.009034 -0.716498 -0.899681 -0.999343 -0.855813 -0.655281 -0.925123 -0.969517 -0.816844 -0.732764 -0.831757 -1.120836 -0.662298 -0.877732 -0.864091 -0.858077 -0.830333 -0.993141 -1.285172 -0.730083 -0.975849 -1.179557 -0.792993 -0.866751 -1.066446 -1.113230 -1.113951 -1.050392 -0.842889 -1.004755 -1.064317 -0.962468 -0.882023 -1.070080 -0.901347 -0.964945 -0.940878 -0.936555 -0.955514 -0.858530 -0.762497 -0.826138 -0.783966 -1.116443 -0.833761 -1.024854 -0.840647 -0.977266 -0.759240 -0.721630 -0.778251 -0.863923 -1.130611 -0.868723 -0.738515 -0.781947 -1.193163 -0.966196 -1.083432 -1.092833 -0.893821 -1.099628 -0.772900 -0.903030 -0.917632 -0.880809 -0.866841 -0.879397 -0.933081 -1.034878 -1.226118 -0.839945 -1.017404 -0.700031 -0.701406 -1.096850 -0.880058 -0.907702 -0.850959 -1.055533 -0.952007 -0.946445 -0.912870 -1.026136 -0.889137 -1.177048 -1.172749 -0.739933 -1.170220 -0.920917 -0.797764 -0.792972 -0.619976 -0.918460 -0.966375 -0.943646 -0.723609 -0.678486 -0.779825 -0.886680 -0.610782 -0.956446 -0.956301
-0.732539 -0.927683 -0.777866 -0.744267 -1.006891 -0.904627 -1.095023 -0.929406 -0.677554 -0.802546 -0.901534 -0.960526 -0.994299 -1.041139 -0.957402 -0.749123 -0.944557 -1.199882 -0.902260 -0.911814 -0.818889 -0.982025 -0.768338 -0.778227 -0.657484 -1.125616 -0.876626 -0.979235 -1.131368 -0.647912 -0.861199 -1.220781 -0.876266 -0.959244 -0.895362 -1.147296 -0.969964 -1.197648 -1.163969 -0.943748 -0.871602 -1.067568 -1.109499 -0.593738 -0.863379 -1.166013 -0.966640 -0.740552 -1.217040 -0.938487 -0.826326 -1.113182 -0.955136 -0.828574 -0.820376 -0.752972 -0.880075 -0.855113 -0.902028 -1.144264 -1.132778 -1.000542 -0.994055 -0.596105 -0.828113 -0.917590 -0.943407 -1.140224 -0.786011 -0.796936 -1.007232 -0.742910 -0.817016 -0.889515 -0.851099 -0.735684 -0.817462 -0.953390 -0.781868 -1.102946 -0.957246 -0.916466 -1.040561 -0.892899 -0.703753 -0.897139 -0.746496 -0.872346 -0.684280 -1.110822 -0.772021 -0.964861 -1.064655 -0.801963 -1.060864 -0.912518 -0.959392 -0.967663 -0.889767 -1.192590 -0.771716 -0.943993 -0.918974 -0.952971 -0.940473 -1.082321 -1.103595 -0.915595 -0.864945 -1.140170 -0.948603 -1.031582 -0.943156 -1.002858 -0.845766 -0.865168 -0.971074 -0.869146 -1.138287 -0.763499 -0.987683 -0.745268 -0.809034 -0.916754 -1.081745 -1.149168 -0.965834 -0.731291 -1.190922 -0.594749 -1.186602 -0.889317 -0.869278 -1.047617 -1.046418 -1.125456 -0.745390 -1.015273 -1.018233 -0.921206 -0.931990 -1.064203 -1.154673 -1.005240 -0.903318 -0.930187 -0.831884 -1.071814 -0.798854 -0.959510 -1.129364 -1.316962 -1.065657 -0.906072 -0.777025 -0.910877 -0.881602 -1.069962 -0.779106 -1.040721 -0.752169 -0.597893 -0.756582 -0.879122 -0.927877 -0.962926 -0.888826 -0.976386 -1.078965 -0.773675 -0.972824 -1.028439 -0.919326 -0.832800 -1.057069 -0.903632 -0.940191 -0.718386 -0.817553 -1.131647 -0.715703 -0.872599 -1.038030 -0.733534 -1.033698 -0.790649 -0.929130 -0.920172 -0.852210 -0.837061
-0.768504 -1.068655 -0.850216 -0.795637 -0.798233 -0.997052 -0.902193 -0.937907 -0.982781 -0.808464 -1.091531 -1.142525 -0.700967 -0.657557 -0.819731 -1.038880 -0.882637 -0.968204 -0.840838 -0.933225 -0.905385 -1.037217 -0.967490 -0.998979 -0.849466 -1.231060 -1.008964 -1.090484 -1.039485 -1.101781 -1.102024 -0.862159 -0.987895 -1.169197 -1.056081 -1.019286 -1.220676 -1.045937 -0.782357 -0.916880 -0.938255 -0.796728 -0.881348 -0.777090 -0.959265 -0.806011 -0.887857 -0.823820 -1.017398 -1.041703 -0.933197 -0.895038 -0.819582 -0.966011 -1.056033 -1.027578 -1.086424 -1.046854 -0.956282 -0.971673 -0.825592 -0.897410 -0.924608 -1.188734 -1.201915 -0.776376 -0.905750 -0.855604 -0.949362 -0.618112 -0.998272 -0.880927 -1.029234 -0.856006 -0.841931 -0.927951 -0.714993 -0.964466 -1.081891 -0.781728 -1.086179 -1.126060 -0.948460 -0.935854 -0.920678 -0.834084 -1.024952 -1.217235 -0.901933 -0.827877 -0.665492 -1.075674 -0.958732 -0.971276 -0.964947 -1.008908 -0.864278 -1.055899 -1.101679 -0.857814 -1.070593 -0.844659 -1.102504 -1.190381 -1.211060 -1.066340 -1.098925 -0.766070 -1.099696 -0.711313 -1.014877 -0.875263 -1.223201 -0.923380 -0.910453 -0.775563 -0.925577 -0.928044 -0.931981 -1.001503 -1.062875 -1.019921 -0.777558 -0.971131 -0.969159 -0.927009 -0.805089 -0.846645 -0.906998 -0.779994 -0.650291 -0.904125 -0.843457 -1.107583 -0.958455 -0.940156 -0.902365 -1.024291 -0.818748 -0.929720 -1.348660 -1.062058 -1.295706 -0.824679 -0.698910 -0.868885 -1.049054 -0.896100 -0.707363 -0.937976 -0.869919 -0.765909 -0.856112 -0.946286 -1.068388 -0.817919 -0.802876 -1.023833 -1.056843 -0.878762 -1.077378 -0.721771 -1.117960 -0.945212 -1.185396 -0.913285 -0.827715 -0.893408 -0.902596 -0.780092 -0.941209 -1.026556 -0.913608 -0.768351 -1.007244 -0.898225 -1.020582 -0.974348 -0.781524 -0.759059 -0.562393 -0.870973 -0.801482 -0.986056 -1.244817 -1.001293 -0.809946 -0.875749 -0.782843 -0.738364
-0.937111 -0.800102 -0.822128 -0.882423 -1.128022 -0.785523 -1.012016 -0.949989 -0.701207 -0.889999 -0.920120 -0.848443 -0.883342 -1.059251 -0.844376 -1.203968 -0.852978 -1.297110 -1.015315 -0.898362 -1.328971 -1.056997 -0.975272 -0.883783 -0.996700 -0.922743 -0.960019 -1.028559 -0.854078 -0.793220 -1.141614 -1.101096 -0.929171 -1.007801 -0.904429 -0.680418 -1.090233 -0.712123 -1.169338 -0.944527 -0.775251 -1.010050 -0.973234 -0.871666 -0.838894 -0.931659 -0.760941 -0.969770 -0.826849 -0.816602 -0.808148 -1.092408 -0.945819 -1.097023 -0.892029 -0.719272 -1.044767 -1.163244 -0.965181 -0.687164 -0.900126 -0.779605 -0.879778 -0.952489 -0.803339 -0.939555 -1.136778 -0.920780 -0.967157 -0.752029 -1.044025 -1.015865 -0.975395 -0.928342 -1.024795 -0.791515 -1.193207 -0.701436 -0.947827 -0.771955 -1.274137 -0.814002 -0.980530 -0.930589 -1.071909 -1.062337 -1.278618 -0.777320 -0.733839 -0.915165 -1.077347 -0.910084 -0.937467 -1.146978 -0.746495 -1.072948 -0.782025 -1.040648 -0.973857 -0.751512 -1.203375 -1.013203 -0.844809 -0.826454 -0.878638 -0.870131 -0.786551 -0.903112 -1.101120 -0.792960 -1.132118 -1.007236 -0.999205 -0.821040 -0.950301 -0.932910 -1.087039 -0.697000 -0.732318 -0.966723 -1.051697 -1.029960 -0.935043 -1.171156 -1.126389 -0.883847 -0.961439 -1.110091 -1.078943 -0.914267 -1.028686 -0.815316 -0.843111 -0.736241 -0.970922 -0.901261 -0.579527 -1.152042 -0.852134 -1.160308 -0.677393 -0.827193 -0.936930 -0.740448 -0.818357 -0.950282 -0.909875 -0.956881 -0.997774 -0.946024 -1.230451 -0.996363 -0.644467 -1.204014 -0.895753 -0.741735 -1.171605 -1.168669 -1.029599 -1.094900 -0.949064 -1.082403 -1.093888 -0.927906 -0.922763 -0.930423 -1.181228 -0.867918 -0.847414 -1.002838 -0.769630 -0.847038 -0.986202 -1.002889 -1.048163 -1.282896 -0.879437 -1.142755 -0.814436 -0.862285 -0.592729 -1.026064 -1.077520 -1.007521 -0.841699 -0.960741 -0.777252 -1.086551 -0.834417 -0.873642
-0.874417 -0.829898 -0.872945 -0.964380 -1.250884 -0.729171 -0.675368 -0.981604 -1.034825 -0.893960 -1.117691 -0.838461 -0.966517 -0.787913 -0.798944 -1.144924 -1.138020 -1.087606 -1.080717 -0.790351 -0.964079 -0.868810 -0.948489 -0.860695 -0.832167 -1.078101 -0.934233 -0.581999 -0.814086 -1.010081 -0.938135 -0.920312 -1.261175 -1.015928 -0.768393 -1.057201 -0.769203 -0.922283 -0.846855 -0.915783 -0.936093 -1.003224 -0.997084 -0.885260 -1.077644 -1.068830 -1.067161 -0.853401 -0.888058 -0.913319 -0.741296 -0.911599 -0.923902 -0.932777 -0.777336 -0.974787 -0.864960 -0.739343 -0.951364 -0.808724 -0.801838 -0.851939 -1.152580 -0.707476 -0.842736 -1.012218 -0.891938 -1.077602 -0.820388 -0.888124 -0.827325 -0.889220 -0.891723 -1.077063 -0.859767 -0.533685 -0.869364 -0.979564 -0.700033 -0.983961 -0.815729 -1.223035 -0.690108 -0.906546 -0.844206 -0.891427 -1.116200 -0.681194 -0.915446 -1.064890 -1.123442 -0.876772 -0.958573 -1.068995 -0.846965 -0.773267 -1.020377 -0.841653 -1.030254 -1.284096 -1.172730 -0.897984 -1.182599 -0.978937 -1.111789 -0.923024 -0.865355 -0.923221 -0.774692 -1.038929 -0.721145 -1.017163 -0.613486 -0.883684 -1.052488 -1.211755 -1.096982 -0.713862 -1.049881 -0.807634 -0.717607 -1.002065 -0.879557 -0.709999 -0.892420 -0.778981 -0.981017 -0.839843 -0.917829 -0.985500 -0.985871 -0.877336 -0.894862 -0.926382 -0.919712 -1.197073 -1.236213 -0.933063 -0.748266 -1.164037 -0.939818 -1.050996 -0.779445 -0.948160 -0.875605 -0.917438 -0.944296 -0.889791 -0.790627 -0.971495 -1.084420 -0.891342 -1.121943 -0.751487 -0.844589 -0.946078 -1.024403 -0.819268 -0.951171 -0.963211 -0.849370 -0.900851 -0.727943 -1.143020 -0.904328 -0.782143 -0.935596 -0.814812 -0.799270 -1.047814 -0.894407 -0.818397 -0.904089 -1.017997 -0.955533 -1.082572 -0.922749 -0.885760 -1.095542 -1.246473 -0.903846 -0.830884 -0.751814 -0.903580 -0.852553 -1.202383 -0.762784 -0.636573 -0.753495 -0.959222
-0.702878 -0.909187 -0.853385 -0.790394 -0.775963 -0.684796 -1.201258 -0.719347 -1.046888 -0.746893 -0.939197 -0.723788 -1.048016 -0.976665 -0.869589 -0.851424 -0.876412 -0.931723 -0.797922 -0.888319 -1.078283 -0.715404 -1.006536 -0.876835 -0.880171 -0.935656 -1.032368 -0.800275 -0.838640 -1.094940 -0.685543 -0.803038 -0.854272 -0.934755 -0.748863 -1.086498 -0.960481 -0.796602 -1.040233 -0.966448 -0.913200 -0.850955 -0.875909 -1.037796 -0.918347 -0.852910 -0.964608 -0.834833 -0.723422 -0.783189 -0.971480 -0.800780 -0.878960 -0.807739 -0.856873 -0.942725 -0.903531 -1.037444 -1.143290 -0.925323 -0.892104 -0.870854 -1.006341 -1.069871 -0.703068 -1.066835 -1.022541 -0.776847 -1.022637 -0.850100 -0.704268 -1.061138 -0.968207 -0.816488 -0.690565 -0.828956 -1.055550 -0.715596 -0.801603 -0.955702 -0.978357 -0.977511 -0.876322 -0.771483 -0.999448 -1.000678 -1.149232 -0.759641 -0.767877 -0.900432 -0.763321 -0.599506 -0.935817 -1.175978 -1.061313 -1.078315 -0.803798 -0.867421 -1.008006 -0.925565 -0.856438 -0.778759 -0.917209 -0.763806 -0.939074 -0.777551 -0.961742 -0.953790 -0.936888 -0.884008 -1.169448 -0.870790 -1.051205 -0.818784 -1.207907 -0.905707 -0.944499 -0.695524 -0.867386 -0.899578 -0.915602 -0.800283 -0.743593 -0.909480 -0.949556 -0.847265 -0.919147 -0.903115 -1.022172 -0.815420 -0.814501 -0.729396 -0.973137 -1.072182 -1.159635 -0.813459 -1.093863 -0.939705 -1.115866 -0.889316 -0.693536 -0.825046 -0.804142 -1.141963 -1.134483 -0.953890 -0.811893 -1.122866 -0.908459 -0.872373 -0.884036 -0.690303 -1.001492 -1.086218 -0.918588 -0.847158 -1.133973 -0.969703 -0.923543 -0.828673 -0.978639 -1.265092 -1.116934 -0.924992 -0.893608 -0.813551 -0.881384 -0.755629 -1.126432 -0.854059 -1.007415 -1.041440 -0.711086 -0.812181 -0.908156 -0.791540 -0.779112 -0.796944 -0.979908 -0.956648 -1.021435 -0.765916 -0.887824 -0.830006 -0.689755 -0.939095 -1.024811 -1.114638 -0.857659 -0.924891
-0.968097 -0.930254 -0.657687 -0.893960 -0.994794 -1.085987 -1.176787 -1.000761 -1.019761 -0.899515 -0.945264 -0.946354 -1.246190 -1.125478 -0.856384 -0.924379 -1.284138 -0.967082 -1.062854 -1.038704 -0.876280 -0.937320 -0.746492 -0.951551 -0.696744 -1.039192 -0.871377 -0.801144 -0.825932 -0.754751 -0.813063 -1.162637 -0.631063 -1.033271 -0.808401 -0.923329 -0.846983 -0.935497 -1.115089 -0.698364 -0.910659 -0.898208 -0.945967 -0.725351 -0.871332 -1.022157 -0.742056 -1.111567 -0.845081 -0.989064 -1.094950 -1.121829 -1.001557 -0.831021 -1.153336 -0.913853 -1.154212 -0.995180 -0.937254 -1.020896 -0.722321 -0.968496 -0.934629 -0.874098 -1.001197 -0.986077 -0.868797 -0.914635 -0.712408 -0.816762 -0.954443 -0.942708 -0.739420 -1.072444 -0.854718 -0.691305 -0.918886 -0.758152 -0.862521 -0.824709 -0.706295 -0.924170 -0.962873 -0.963982 -0.885047 -1.123128 -1.121839 -1.083285 -0.928532 -1.085439 -0.933887 -0.818584 -0.944327 -0.859282 -1.076095 -0.829981 -0.929514 -0.983402 -0.956044 -0.878701 -0.845885 -0.938166 -0.880893 -0.779690 -1.020284 -0.961547 -0.878915 -0.894892 -0.852651 -1.180353 -0.954804 -0.969128 -1.105481 -0.971002 -0.640955 -0.951918 -0.707891 -0.990379 -0.917504 -0.941690 -1.015164 -1.086874 -1.040487 -0.807040 -1.243021 -1.052355 -0.957800 -1.001137 -0.927083 -1.025048 -0.994699 -0.697300 -0.948350 -0.949550 -1.126767 -1.035914 -0.711936 -0.760891 -1.029329 -0.788737 -0.646104 -0.801523 -1.040817 -0.748410 -0.985632 -1.155250 -0.848744 -0.823662 -0.944933 -0.608678 -1.042168 -1.058607 -0.981690 -0.989488 -1.014243 -0.693743 -0.778853 -0.922787 -0.808269 -0.908802 -1.046165 -0.695426 -1.061712 -0.991030 -0.807993 -1.034353 -0.932149 -0.858477 -0.903578 -0.846072 -0.892749 -0.737210 -0.852102 -1.064649 -0.870154 -0.992847 -1.034145 -0.830698 -1.136422 -0.733457 -1.023954 -1.030751 -0.845554 -0.964693 -0.779549 -0.786473 -0.970706 -0.746996 -0.627732 -0.847426
-1.057987 -0.964355 -0.844904 -1.169363 -1.043078 -1.062737 -1.038678 -0.944975 -0.958429 -0.855732 -1.048432 -0.945217 -0.795800 -0.826184 -1.111579 -0.856904 -1.158810 -1.247498 -1.051359 -0.863754 -0.891146 -0.737251 -0.882822 -0.997332 -0.732851 -0.970289 -0.763349 -1.053887 -0.785145 -0.818072 -1.050128 -0.751753 -0.954354 -0.900247 -1.074169 -1.182940 -1.095039 -1.037104 -0.712731 -0.980166 -0.821165 -1.059111 -0.817979 -0.859823 -0.766247 -0.846728 -1.020531 -0.850508 -1.014281 -0.907879 -0.617894 -1.074936 -0.728594 -0.964349 -0.863196 -0.856287 -0.788062 -0.955736 -1.035502 -1.116566 -0.594365 -0.920526 -0.951548 -1.108789 -0.857955 -0.570714 -0.690770 -1.129405 -0.862609 -0.808224 -0.975453 -1.050561 -0.993008 -0.829785 -1.073079 -0.746182 -0.938394 -0.996078 -0.743434 -0.781987 -0.887180 -0.697927 -0.683484 -0.967441 -0.962309 -0.925698 -0.718532 -0.952274 -0.861674 -0.802062 -0.764596 -0.694205 -1.123507 -0.873039 -0.778014 -1.058333 -0.812841 -1.220351 -0.691692 -0.739583 -1.152030 -0.753141 -0.859240 -0.960152 -0.817124 -0.876035 -0.960436 -1.087023 -0.876999 -0.774832 -0.930953 -0.911541 -1.128182 -0.840120 -0.773553 -0.846829 -1.022702 -1.116953 -0.708059 -0.899254 -1.020320 -0.850116 -0.841545 -1.140593 -0.811040 -0.901239 -0.963807 -0.978445 -1.005345 -1.061090 -1.007612 -0.752822 -0.806485 -0.961696 -0.945519 -1.126770 -0.938581 -0.888296 -0.779356 -0.976551 -0.677257 -0.929270 -0.911238 -0.851749 -1.133686 -0.997815 -0.959314 -0.937808 -1.242999 -0.869902 -0.877415 -0.844372 -0.895849 -0.944632 -0.657440 -0.935646 -0.850255 -0.700143 -0.893267 -1.058755 -0.706340 -1.147490 -1.081980 -1.169654 -1.063862 -1.055172 -0.838866 -0.846032 -0.656392 -1.251045 -0.779134 -1.065829 -0.843403 -0.833393 -1.095812 -0.851276 -0.946698 -0.931567 -0.951640 -1.013843 -0.796458 -0.971404 -0.702064 -0.842703 -0.991870 -0.756294 -0.862599 -0.748747 -0.990608 -0.988261
-0.761898 -0.622176 -0.671423 -1.071388 -0.696239 -0.954930 -0.808434 -0.681931 -0.838877 -0.966626 -0.989679 -0.991332 -1.105962 -0.885851 -0.833618 -1.254546 -0.951748 -1.142725 -1.025320 -0.954684 -0.831221 -0.794023 -0.897516 -0.907008 -1.144021 -0.958412 -1.010381 -0.886965 -0.989077 -0.700741 -1.000650 -0.729527 -1.148353 -0.876690 -0.852641 -0.987982 -0.868918 -0.647872 -0.751723 -1.101430 -1.015148 -1.081354 -0.821981 -1.205844 -1.075618 -1.060975 -0.837027 -0.967053 -0.818481 -0.719709 -1.007015 -0.736378 -0.861382 -0.909013 -0.736462 -1.163723 -0.888489 -0.913157 -1.006671 -0.846873 -0.964032 -0.900862 -1.118585 -0.833801 -0.697352 -0.991026 -0.972613 -0.868991 -1.005303 -1.004715 -0.957709 -0.943548 -0.858799 -1.162441 -0.828036 -1.021750 -1.035166 -1.027498 -0.866148 -0.674130 -1.134522 -1.080811 -0.782204 -0.978422 -1.125066 -0.975286 -0.870167 -1.023836 -0.929075 -0.701999 -0.807150 -0.691194 -0.899355 -0.719306 -0.872390 -0.899106 -0.794486 -1.115963 -1.083598 -1.086694 -0.999021 -0.746083 -0.887296 -0.808244 -0.870403 -1.015792 -0.802822 -0.790500 -0.938221 -1.039365 -0.804585 -1.114544 -1.178836 -0.998404 -0.969937 -0.978998 -0.931200 -0.996605 -0.794162 -1.139754 -1.023169 -1.026344 -0.935699 -0.861930 -1.176934 -0.963102 -0.883301 -1.061594 -0.893709 -1.061076 -0.870324 -0.909166 -0.898662 -0.761511 -0.825191 -0.826672 -1.024958 -1.007213 -0.893156 -1.043110 -0.873362 -1.038843 -1.172949 -1.118241 -0.918102 -0.765641 -1.162532 -1.142114 -0.592184 -0.951077 -1.098665 -0.957641 -1.159552 -0.657369 -0.771495 -0.804234 -1.116303 -1.055804 -0.959880 -0.602930 -0.903604 -0.877437 -0.888749 -0.894078 -0.959218 -1.133997 -0.933301 -0.969039 -0.757925 -1.003359 -0.783319 -1.012897 -0.965564 -0.887022 -0.987884 -1.061676 -0.728641 -0.914829 -0.975792 -0.879323 -0.948142 -1.129020 -0.936300 -0.856846 -0.942294 -1.391503 -0.969359 -0.909947 -0.513289 -0.642729
-1.165888 -1.046637 -0.903316 -0.986433 -1.061136 -0.837599 -1.019226 -0.870727 -1.177604 -1.136467 -1.331232 -0.721779 -0.786802 -0.864833 -1.099285 -0.988080 -0.885383 -0.809661 -1.001266 -0.927730 -1.035939 -0.820474 -0.785596 -1.045960 -0.892765 -0.882828 -0.914674 -1.010441 -1.386797 -0.839987 -0.864805 -0.859311 -1.018595 -0.835504 -0.895415 -0.864664 -1.116803 -1.382864 -0.725154 -1.043544 -0.716013 -0.797458 -1.034210 -0.800738 -0.705072 -0.907962 -0.935465 -0.958659 -0.905649 -0.828230 -0.720621 -0.797025 -0.838843 -1.104855 -1.043629 -1.013342 -0.832596 -0.925372 -0.904547 -0.810489 -0.771510 -0.898789 -0.936092 -0.988549 -0.819125 -0.894024 -1.079209 -1.004699 -0.991597 -0.928311 -0.967473 -1.042222 -0.938369 -0.864703 -0.952776 -1.294921 -1.076217 -1.001426 -1.014460 -0.816994 -0.885467 -0.851700 -0.897771 -0.905316 -1.070106 -0.718943 -1.213722 -0.954993 -1.225504 -0.888422 -0.899413 -0.707130 -0.915534 -0.845689 -0.920985 -1.006247 -0.977811 -0.976288 -0.761454 -1.044584 -0.822881 -1.139700 -0.829170 -1.016267 -1.017548 -1.060478 -0.945754 -1.224929 -0.995385 -1.021914 -0.907124 -0.632757 -0.878172 -0.861943 -0.827069 -1.043753 -1.175286 -0.854173 -1.177942 -0.845425 -0.821174 -0.531880 -0.848604 -0.882488 -0.827694 -0.760524 -0.805284 -1.046809 -0.885473 -0.946966 -1.159169 -0.769060 -1.011725 -0.880529 -0.899908 -1.086913 -0.791247 -0.593320 -0.889539 -0.830810 -1.127118 -0.891678 -0.793641 -0.945281 -0.925867 -0.804768 -0.949608 -1.016339 -0.921514 -1.111235 -0.848723 -0.857658 -0.852374 -0.940765 -0.900753 -1.096331 -1.168761 -1.060646 -0.962359 -0.991417 -1.081409 -0.915352 -0.996263 -1.055310 -0.891088 -1.072146 -1.030615 -0.908350 -0.793685 -0.877815 -0.961563 -0.837663 -0.879859 -0.819689 -0.688145 -0.660258 -0.904945 -0.927975 -0.908209 -1.073835 -1.026526 -0.762063 -0.754285 -1.105222 -0.905491 -1.096514 -0.876970 -0.889693 -0.621180 -1.039362
-0.916073 -0.926387 -0.952454 -0.900198 -0.963388 -0.843878 -0.778675 -1.008987 -1.030562 -1.001182 -0.905530 -0.883023 -0.984925 -0.834829 -1.005153 -0.776238 -0.840077 -0.779098 -0.886489 -1.109089 -0.967359 -0.878069 -1.293901 -0.952278 -0.913125 -1.118882 -0.712378 -0.868791 -0.666394 -0.610409 -0.834338 -0.776150 -0.934122 -0.958767 -0.795744 -0.958833 -1.016610 -0.892469 -0.741939 -0.692961 -0.686190 -1.068826 -0.977200 -0.760982 -1.068331 -1.138165 -1.108728 -0.998979 -0.796778 -0.995794 -0.996992 -0.645748 -1.067989 -1.019112 -1.196988 -1.078115 -0.800842 -0.830760 -1.059499 -0.994876 -0.736919 -0.929997 -1.160470 -1.310593 -0.916118 -0.906488 -0.721210 -1.144760 -0.932111 -0.889443 -0.851920 -0.905651 -0.927570 -0.988969 -0.811631 -0.793035 -0.874287 -0.999600 -0.596346 -1.016588 -0.719994 -0.907236 -0.937383 -0.943066 -0.841760 -0.834184 -1.051593 -0.980002 -0.905707 -0.831486 -1.023321 -0.879357 -0.992946 -0.800741 -0.827007 -0.973985 -0.911433 -0.924734 -0.951906 -0.870699 -1.141062 -0.776730 -0.805421 -0.944007 -1.049894 -0.761268 -1.019486 -1.106208 -0.978763 -0.879890 -0.720139 -0.685876 -0.879565 -0.880080 -1.228009 -1.102881 -0.974766 -0.825971 -1.016240 -0.782065 -0.854216 -0.919770 -0.996167 -0.831442 -1.032466 -1.116247 -0.733073 -1.069202 -1.068751 -1.217367 -0.942050 -0.743252 -1.020297 -0.837827 -1.060538 -0.913393 -1.041266 -0.841957 -0.728261 -0.854474 -1.022368 -1.213031 -1.094798 -0.949153 -1.077237 -1.043586 -0.836198 -0.776995 -0.778429 -0.827070 -1.121863 -0.893315 -0.910984 -0.986314 -0.818758 -0.743535 -0.858908 -0.946315 -0.891407 -1.062619 -0.917216 -0.996630 -0.910283 -0.833929 -1.066117 -0.775546 -0.776451 -1.120316 -0.988305 -1.020478 -0.889809 -1.019692 -0.977270 -0.918157 -0.944027 -0.918296 -1.204790 -0.738611 -0.977298 -0.970545 -0.908293 -0.778662 -1.113033 -0.814038 -0.849875 -1.003778 -0.996852 -0.722834 -1.080636 -0.716168
-1.179731 -0.932016 -0.860838 -1.053539 -1.006849 -0.909448 -0.912482 -0.892158 -0.971793 -0.894488 -1.166654 -0.704732 -1.046158 -0.706623 -0.998559 -0.920388 -1.193961 -1.001078 -0.962029 -0.928621 -1.010681 -0.958447 -0.793037 -0.682215 -1.062003 -1.060965 -0.880691 -0.797174 -0.820845 -0.872286 -1.037570 -1.104922 -0.936344 -1.087143 -0.912902 -1.096172 -1.197912 -1.015808 -1.127204 -0.905884 -0.990154 -0.897210 -0.862260 -0.812995 -1.019969 -0.808407 -0.951895 -0.959660 -0.933089 -0.653102 -1.144122 -1.008877 -0.898688 -1.105067 -0.808984 -1.030611 -0.731240 -1.026630 -0.650213 -1.057968 -0.984922 -0.756276 -0.650200 -1.129669 -0.676519 -1.107458 -1.111436 -0.857981 -0.810735 -0.803703 -0.697890 -0.989754 -1.021814 -1.013091 -0.674734 -0.907331 -0.985639 -1.150463 -0.900464 -1.290393 -0.881111 -1.052881 -1.108856 -0.839154 -1.022606 -0.735912 -0.953552 -1.028404 -0.786285 -0.850774 -0.947179 -0.936196 -0.784020 -0.926428 -0.833215 -0.750502 -1.091496 -0.957043 -0.911034 -0.998279 -0.959044 -0.925610 -0.919519 -1.041251 -0.857327 -0.586953 -0.625862 -0.761447 -0.622599 -0.656319 -1.187979 -0.960988 -1.098714 -0.847530 -0.761921 -1.020230 -1.051971 -0.756448 -0.914871 -0.908265 -0.983576 -1.001128 -0.919380 -0.654755 -1.281136 -0.830513 -0.760956 -0.799815 -1.077550 -0.877130 -1.012748 -0.889329 -0.958894 -0.933234 -0.816715 -1.147113 -0.880031 -1.001367 -1.223994 -0.728392 -0.834109 -1.042238 -1.088076 -0.837780 -1.072922 -0.926428 -0.826358 -0.986325 -0.849662 -0.958074 -0.769456 -1.074432 -1.084921 -0.753876 -0.946869 -0.891996 -1.063894 -1.051525 -0.990783 -0.928835 -0.714961 -1.048580 -0.854422 -0.872181 -0.971338 -0.931598 -0.971018 -1.008314 -0.903756 -0.726656 -0.996988 -1.077303 -0.839709 -0.986687 -0.802456 -0.944326 -1.060331 -0.842443 -0.624261 -0.933597 -0.795531 -0.694855 -1.277189 -0.880817 -0.844704 -0.902283 -0.897988 -0.944968 -0.848899 -1.064230
-1.027408 -0.826647 -0.802854 -0.852100 -1.010610 -0.774562 -1.288489 -0.869537 -0.935364 -0.846800 -1.069274 -1.081218 -0.893297 -0.915524 -0.937069 -0.818205 -1.104399 -1.052789 -1.210797 -0.964600 -1.041716 -1.105505 -0.937707 -0.816811 -0.819718 -0.764418 -0.956229 -1.066445 -0.967024 -0.954694 -0.833259 -0.954267 -0.740177 -0.854743 -1.184465 -0.912241 -0.802241 -0.845528 -1.174427 -1.073828 -0.880303 -0.794976 -0.763855 -0.777191 -0.855675 -1.051682 -0.961884 -0.933435 -0.885323 -0.795448 -1.022095 -0.974609 -0.833035 -0.866726 -0.842869 -0.970254 -1.224067 -1.244845 -1.021945 -0.962635 -0.949943 -1.030806 -0.938983 -0.901216 -0.950523 -0.976953 -1.124753 -1.087887 -0.699819 -0.917626 -0.923581 -1.057849 -0.962574 -0.903881 -0.944477 -0.896473 -0.995573 -0.969599 -0.695582 -0.975402 -0.744572 -0.884688 -1.207473 -0.994153 -0.898793 -0.829195 -0.902577 -0.992452 -1.027163 -1.145653 -1.050215 -0.822509 -0.851704 -1.068919 -1.029766 -0.707286 -0.910319 -0.815619 -1.151010 -0.864458 -0.713210 -0.995487 -0.674884 -1.395222 -0.899786 -0.780141 -0.914357 -1.330863 -1.002536 -0.650035 -0.899753 -0.992487 -0.964927 -0.689741 -0.919023 -1.031220 -0.973061 -0.894558 -0.704290 -0.876878 -1.011544 -1.012239 -0.914894 -0.774766 -0.830537 -0.947062 -0.847073 -0.640252 -0.964963 -0.866321 -0.908590 -0.862180 -0.808987 -1.207843 -1.111156 -0.977279 -0.896963 -0.734723 -0.922257 -1.017103 -1.049734 -1.087265 -0.704563 -1.100340 -0.735082 -1.026765 -0.731544 -0.832181 -0.881144 -0.781600 -0.903943 -0.852024 -0.911245 -0.835282 -0.920210 -0.855928 -0.955931 -0.841223 -0.868992 -0.706060 -1.006782 -1.050458 -0.697033 -0.900719 -0.662424 -0.753645 -1.001824 -0.756113 -0.848962 -1.008999 -0.693601 -1.018106 -1.028776 -1.209929 -0.840408 -0.942679 -0.801643 -0.880086 -0.875823 -0.969655 -0.846371 -0.881546 -1.045262 -0.832369 -0.975514 -0.823321 -0.868781 -1.050826 -0.742249 -0.978092
-0.885219 -0.954465 -0.846533 -0.893154 -0.924959 -0.892094 -0.789211 -0.770435 -0.980612 -1.124607 -1.026939 -1.099381 -1.088136 -1.100919 -0.936166 -0.880887 -0.965117 -1.183880 -0.641773 -0.978197 -1.019098 -0.892703 -0.926559 -1.127888 -0.853250 -0.880049 -1.077175 -0.924868 -0.988481 -1.070633 -0.966301 -1.003162 -1.048852 -0.974734 -0.968511 -0.909306 -0.919627 -0.941981 -0.828136 -0.879594 -0.929459 -0.907502 -0.866251 -1.115725 -0.811682 -0.744425 -0.862714 -0.747036 -0.765922 -0.920534 -0.992400 -1.141928 -0.761589 -0.983695 -0.842630 -0.954210 -0.849974 -0.846564 -0.703290 -1.112774 -0.799933 -0.836127 -0.991027 -0.938774 -0.875386 -0.833178 -0.842575 -0.832540 -1.055119 -0.634036 -0.747512 -0.813414 -0.806100 -1.153548 -0.764949 -0.969993 -0.968267 -1.026158 -0.884678 -1.141321 -0.858509 -0.979579 -1.276599 -0.973955 -0.873817 -0.731993 -0.937086 -1.048207 -0.984320 -0.846367 -0.777893 -0.901725 -0.927167 -1.003559 -0.972499 -1.109627 -0.875607 -0.947416 -0.757868 -0.768700 -0.880133 -0.742858 -1.051565 -0.728839 -0.882959 -1.167218 -1.043772 -1.071827 -1.048327 -1.012483 -0.835834 -1.086883 -0.779067 -1.012513 -0.828336 -0.960838 -0.773882 -0.754777 -0.850774 -1.000661 -1.014843 -0.961617 -1.145586 -1.013912 -1.085252 -0.688212 -0.816954 -0.808012 -0.939520 -0.960722 -1.285834 -0.996695 -0.844628 -0.843420 -0.858115 -0.917050 -1.087443 -0.708414 -0.717113 -1.054166 -1.200827 -0.977864 -0.844644 -0.993130 -0.831549 -1.064759 -1.000901 -0.899821 -0.865571 -1.122199 -0.846743 -0.906418 -1.022356 -0.795419 -0.725966 -0.757363 -1.168256 -0.885418 -0.738946 -0.639936 -1.054163 -0.795399 -1.117757 -0.977528 -0.862160 -1.009965 -0.821571 -0.862417 -1.072483 -0.697685 -1.093078 -0.894780 -0.833722 -1.238228 -0.876924 -1.386669 -0.852054 -0.717546 -0.973456 -0.675624 -1.130545 -0.700698 -0.856868 -0.992147 -0.988547 -0.715315 -0.890793 -0.844563 -1.017507 -0.702653
-1.138471 -0.975564 -1.222089 -0.926761 -0.890385 -0.974190 -1.210351 -0.787685 -0.769961 -0.891665 -1.030848 -0.617945 -0.769455 -0.777653 -0.910678 -1.047705 -0.868341 -1.158980 -1.084915 -0.932732 -0.991982 -1.090205 -0.727615 -0.707372 -0.921146 -1.047460 -0.837958 -0.881156 -1.121308 -0.756013 -0.939905 -1.020667 -0.644812 -0.976412 -0.581535 -0.986622 -0.932520 -1.035078 -0.811611 -1.060416 -1.042817 -0.971710 -0.661309 -1.074832 -0.909375 -0.851923 -0.977210 -1.016765 -0.842888 -0.970377 -0.906707 -0.896522 -1.047544 -1.067966 -1.112513 -1.028485 -1.147938 -0.917470 -0.821957 -1.021000 -1.020914 -0.745458 -0.808913 -0.835068 -0.821233 -0.976840 -0.936665 -0.964254 -0.812169 -1.081330 -0.897114 -0.835222 -1.055539 -0.781525 -1.183150 -0.969373 -1.093523 -0.936242 -0.743510 -0.683647 -0.752986 -0.799672 -0.897723 -0.782417 -0.993838 -0.909719 -0.912166 -0.966738 -1.087381 -0.876335 -0.751184 -0.902257 -0.771282 -0.810006 -0.983981 -0.770053 -1.003143 -1.161906 -0.889554 -0.813141 -0.956813 -1.024165 -0.859399 -0.752279 -0.777636 -0.921999 -0.991940 -0.826598 -0.811168 -1.125691 -1.184397 -0.920690 -0.768819 -0.894638 -1.100181 -0.925693 -0.941149 -0.984933 -0.793484 -0.794293 -0.922634 -0.755375 -0.797818 -0.975655 -0.937281 -1.005343 -1.086526 -0.889077 -0.902451 -0.862188 -0.789930 -1.151984 -0.984202 -0.897818 -0.830475 -1.063958 -0.828092 -0.852611 -0.880120 -1.037572 -0.917528 -0.678856 -1.134810 -0.988041 -0.794910 -1.054409 -1.030375 -0.924345 -0.973490 -1.226347 -0.855065 -0.691889 -0.850387 -0.875319 -1.206120 -0.868759 -0.743584 -1.132635 -0.814957 -0.771100 -0.999312 -1.037340 -0.972769 -0.795736 -0.834687 -1.249351 -0.928183 -1.042543 -1.050514 -0.769330 -0.974783 -0.791856 -0.777929 -0.793412 -0.920739 -0.844419 -1.075062 -0.789598 -1.018710 -0.766791 -0.951021 -0.943775 -0.807484 -1.039302 -0.915586 -1.017063 -0.889561 -0.673795 -1.196314 -0.765847
-0.966039 -0.746354 -0.784826 -0.888071 -1.008154 -0.912093 -0.836649 -0.954228 -1.045768 -0.873511 -0.839717 -0.750283 -0.747641 -0.755053 -1.016694 -1.145173 -1.070039 -0.996068 -1.032983 -0.911976 -0.980262 -0.965848 -1.057280 -0.917524 -1.172491 -0.712891 -0.978315 -0.955860 -0.978591 -1.093362 -0.865952 -1.058746 -0.956467 -0.928121 -1.146465 -0.720146 -0.887653 -0.900470 -0.945248 -0.777345 -1.019628 -1.184517 -1.061713 -0.816440 -0.797675 -0.856165 -0.957211 -0.848972 -0.801955 -1.038746 -0.885434 -0.962328 -0.731796 -1.012440 -1.005930 -1.129680 -0.644328 -0.974544 -0.815702 -1.039965 -0.888190 -0.700008 -0.851770 -0.982007 -0.907770 -0.860114 -1.058961 -0.917909 -0.936636 -0.939966 -0.809056 -1.013443 -1.049631 -1.028158 -0.754891 -0.785865 -0.902162 -0.748618 -0.787874 -0.706541 -1.095196 -1.167238 -0.888108 -1.032375 -0.692266 -0.767914 -0.529723 -0.927181 -0.683604 -0.835769 -0.693622 -1.033941 -1.277751 -0.869430 -1.271744 -1.132422 -1.170989 -0.988746 -1.126449 -0.811707 -0.971808 -0.849915 -0.864770 -1.291936 -1.060397 -0.886936 -0.991329 -0.696494 -0.853311 -0.983476 -1.006563 -0.977350 -0.763242 -1.102887 -0.909209 -0.830779 -0.784715 -0.771338 -1.091352 -0.961809 -1.150664 -1.104257 -1.018077 -1.127755 -0.891628 -1.048257 -0.980856 -0.877333 -1.115192 -0.660419 -0.904894 -0.843423 -0.961834 -1.063518 -0.775386 -1.005894 -1.051717 -0.846820 -1.017643 -0.885471 -0.817358 -0.860686 -0.886369 -1.001366 -0.831214 -0.810860 -0.835766 -1.085429 -0.943939 -0.964889 -0.850233 -0.784067 -0.480057 -0.804720 -0.980695 -0.937511 -0.987614 -1.038390 -0.843777 -0.681598 -0.823331 -0.864888 -0.810166 -0.939899 -0.883492 -0.945421 -1.101682 -0.926289 -0.660463 -0.895166 -1.085651 -0.827896 -1.035238 -1.050508 -0.928666 -0.928103 -1.052119 -1.041656 -0.763634 -1.000175 -0.998163 -0.664832 -0.862042 -0.939770 -0.953719 -0.898393 -0.725981 -1.180945 -1.147430 -0.892045
-0.704329 -0.917773 -1.082251 -1.067031 -0.914031 -0.893132 -0.903601 -1.179316 -1.011692 -1.095970 -0.735403 -0.935213 -0.826016 -0.823966 -0.693631 -0.736565 -0.627595 -1.065215 -1.056213 -0.977378 -0.937580 -1.142795 -0.930960 -1.147106 -0.939017 -1.105442 -0.796030 -0.760510 -1.083574 -0.699035 -1.157124 -0.965871 -0.760720 -0.727032 -0.831469 -0.874535 -0.874849 -1.038990 -0.844673 -1.110121 -0.912036 -0.962842 -1.160862 -0.911364 -1.204341 -0.866638 -0.829356 -0.834956 -0.991944 -1.048787 -0.953079 -0.868305 -1.012422 -1.078216 -0.947583 -0.889324 -0.838590 -0.793497 -0.949946 -0.925660 -1.065411 -0.862366 -0.608544 -0.732287 -0.940035 -0.840272 -0.990142 -0.756276 -0.792075 -0.966908 -0.846699 -0.974042 -1.089444 -0.992422 -0.891281 -0.953361 -0.606159 -0.852711 -0.883792 -0.883432 -0.833642 -1.035158 -0.912294 -0.894067 -0.782946 -1.019144 -0.918273 -1.189879 -1.209985 -0.908213 -0.738559 -0.937970 -0.866399 -1.159102 -0.651757 -0.898209 -0.777079 -1.052149 -0.819074 -1.178300 -0.851079 -0.919363 -1.207549 -1.045548 -0.906578 -1.116137 -0.713222 -1.001541 -0.822661 -0.901780 -1.146211 -1.016551 -0.880026 -1.221480 -0.821551 -0.970614 -0.769852 -0.806544 -0.601041 -1.200544 -1.139382 -1.089191 -0.900241 -0.715552 -0.951986 -0.757738 -0.909585 -0.908737 -0.771749 -0.770390 -0.897182 -0.861229 -1.109974 -1.022601 -1.210253 -0.806515 -0.949882 -0.854474 -0.831270 -0.814740 -1.064927 -0.720952 -0.780881 -1.005581 -0.930704 -1.098704 -1.044613 -0.692458 -1.040495 -0.964997 -0.840568 -1.306155 -0.763397 -0.815006 -1.040112 -0.729885 -0.953634 -1.056200 -0.790882 -0.909104 -1.122737 -0.841889 -0.829171 -1.208471 -0.722007 -0.973122 -0.849798 -0.933310 -0.934690 -0.896763 -0.834608 -0.826559 -0.858109 -0.828774 -1.080670 -0.895464 -0.994825 -0.682700 -0.789184 -0.863695 -0.842259 -0.936855 -0.882292 -0.801113 -1.075508 -1.092008 -1.054735 -0.688917 -1.290494 -0.965536
-1.026341 -0.616229 -1.208642 -0.747974 -0.939115 -0.834524 -1.013866 -0.779355 -1.093647 -0.922437 -1.035622 -0.996331 -1.088249 -0.974455 -0.915709 -0.888387 -0.991398 -1.130605 -0.790378 -0.843262 -1.071208 -0.987845 -0.792928 -0.972165 -0.995790 -1.127061 -1.144566 -0.735558 -0.992692 -0.755146 -1.168251 -1.068407 -0.952059 -0.858540 -0.968469 -1.032269 -1.164395 -1.168489 -0.893978 -1.105735 -0.824667 -0.962913 -0.864025 -0.729966 -0.799037 -0.899520 -0.912921 -0.934597 -1.053290 -1.017062 -0.901044 -1.077435 -1.182294 -0.795923 -1.109879 -0.701218 -0.639332 -0.782139 -0.708905 -1.025152 -0.710521 -0.899201 -0.994347 -0.754671 -0.917981 -1.098903 -0.970939 -0.811607 -1.022404 -1.124697 -0.901739 -1.022645 -0.565868 -0.965577 -0.730817 -0.828696 -1.145488 -1.213296 -0.739759 -0.915782 -0.818827 -0.799164 -0.880903 -1.048815 -0.999566 -1.029436 -0.806010 -0.937978 -1.174764 -0.877138 -0.932663 -0.877826 -0.808582 -0.925113 -0.671371 -1.371798 -0.755414 -0.829581 -1.088796 -0.938916 -0.714186 -0.727228 -1.043729 -1.106927 -0.890654 -0.960510 -0.891100 -0.985469 -0.788265 -0.822049 -0.821504 -0.973414 -0.946152 -0.996399 -1.110810 -0.907281 -0.928662 -0.914123 -1.175087 -1.064756 -0.843278 -0.720535 -1.023377 -0.849153 -0.910655 -1.185888 -0.977316 -0.883937 -0.730041 -0.817051 -0.832747 -1.038719 -1.007011 -1.102250 -1.092485 -0.867228 -0.830179 -0.884007 -0.815352 -0.782719 -0.842397 -0.956210 -1.005216 -0.954948 -1.237652 -1.056187 -0.773682 -0.917260 -1.019677 -1.039961 -1.081143 -0.940292 -0.921587 -1.043131 -0.795927 -0.845034 -1.042573 -1.119692 -1.087679 -1.118936 -0.892233 -1.080494 -0.738679 -1.042489 -0.827738 -0.906917 -0.991328 -0.838719 -0.870439 -0.755221 -1.033720 -1.006426 -0.710411 -0.909833 -0.988645 -1.125215 -0.794905 -0.757344 -0.824411 -0.662317 -1.235296 -0.831796 -1.100506 -0.855908 -0.858726 -1.191531 -0.793789 -0.920739 -1.074643 -0.904831
-0.860813 -0.701550 -0.918691 -1.014902 -0.935232 -0.848910 -0.875505 -0.988757 -0.745324 -0.977019 -1.122230 -1.177734 -0.920560 -0.891178 -1.015778 -0.937282 -0.965194 -0.926563 -0.820486 -1.147627 -1.173125 -0.881013 -1.132318 -1.116690 -1.006480 -0.874932 -0.949337 -1.160402 -0.938819 -0.793876 -1.188240 -0.814637 -0.856088 -0.812817 -0.916330 -1.306168 -0.807832 -1.023984 -1.012583 -0.840125 -0.913417 -0.949658 -1.249641 -1.019129 -0.890763 -0.740303 -0.964428 -0.891550 -0.689377 -0.948328 -0.686216 -0.667406 -0.733331 -0.615843 -1.008362 -0.993312 -1.051236 -0.977194 -0.904083 -0.845250 -0.893349 -0.976688 -0.913171 -1.117802 -0.987638 -0.808468 -0.977089 -1.048832 -1.094440 -0.879021 -1.067266 -0.860729 -0.758499 -1.140152 -0.861417 -0.918618 -0.947592 -0.925944 -1.044555 -0.960988 -0.983438 -1.003006 -0.962335 -1.053093 -1.105700 -1.295374 -0.894563 -0.842113 -0.910399 -0.801803 -0.889287 -0.853639 -1.045277 -0.913519 -0.912259 -0.999405 -1.040652 -0.984076 -1.066805 -0.962219 -1.043327 -0.893063 -0.696867 -1.017375 -0.795865 -0.874215 -1.136587 -1.139515 -0.799967 -0.870088 -0.874129 -1.015929 -0.929156 -0.793785 -0.990273 -0.943944 -0.882051 -0.665235 -1.049402 -0.807454 -1.184854 -1.074087 -0.934654 -0.976935 -0.913075 -0.958505 -0.982085 -0.725915 -0.846382 -0.980735 -0.966009 -0.952241 -0.751566 -1.029097 -0.905501 -0.845854 -0.805936 -0.992142 -1.020795 -0.959479 -0.824778 -1.028038 -0.955868 -0.842441 -0.808725 -0.751923 -0.744645 -0.953923 -0.861912 -1.018554 -0.846310 -0.991726 -0.892746 -0.855095 -0.956601 -1.168871 -0.872059 -0.995564 -0.914579 -0.609347 -0.645346 -0.576106 -0.780252 -1.217737 -0.840422 -1.395016 -0.932967 -0.744405 -0.455458 -0.928064 -0.830222 -0.938678 -0.960877 -0.985289 -1.058341 -1.079060 -1.047414 -0.922973 -0.842638 -0.796179 -1.133514 -0.940865 -1.123215 -0.773873 -0.871461 -0.727478 -0.764913 -0.758549 -0.813129 -1.023063
-0.634908 -0.709005 -1.092089 -1.168947 -0.735116 -0.870836 -1.029421 -1.422396 -0.948277 -0.805138 -0.940218 -1.143246 -0.997023 -0.786087 -1.057221 -0.914948 -0.930585 -0.923017 -1.064274 -0.884991 -1.157909 -0.984903 -0.915925 -0.786672 -0.652523 -0.688212 -0.889048 -0.936912 -0.833888 -1.155072 -1.171890 -0.743458 -1.001162 -0.641609 -1.206779 -1.216268 -0.851869 -0.840691 -0.979007 -0.817115 -0.939944 -0.937544 -0.984866 -1.128145 -0.978577 -0.861559 -0.879413 -0.923895 -1.198208 -0.993393 -0.916331 -1.099345 -0.753025 -0.907934 -0.815729 -0.783125 -0.740617 -0.813284 -1.079445 -1.100142 -0.757935 -1.076390 -0.893502 -0.805111 -0.787487 -0.928653 -1.039668 -0.917209 -0.870137 -1.375125 -1.101851 -0.728939 -1.102963 -0.903995 -0.770793 -1.086230 -0.963261 -0.878043 -1.039344 -0.832016 -0.924530 -0.974726 -0.843486 -1.016510 -0.926716 -1.031624 -0.978502 -1.013327 -0.860105 -0.825623 -0.947653 -0.926931 -1.111516 -1.088335 -0.896182 -0.936951 -0.983297 -1.027438 -0.877662 -0.974689 -1.118738 -0.864108 -0.803291 -1.081473 -0.811965 -0.928376 -1.009317 -0.748013 -0.997972 -0.857737 -0.963360 -1.002124 -0.658450 -0.887305 -1.390885 -0.841029 -0.800465 -0.721355 -0.988318 -0.761339 -1.003181 -1.083449 -1.025008 -1.013711 -0.858220 -0.805758 -0.948118 -0.804823 -0.835056 -0.860024 -0.771362 -0.936438 -0.658715 -0.906371 -0.835455 -1.003029 -0.788655 -1.078506 -0.991570 -0.646127 -0.946911 -0.900152 -0.724096 -0.725332 -1.091892 -0.764402 -0.723891 -0.888579 -0.782358 -0.754049 -0.824209 -1.033041 -0.899442 -1.042329 -0.874270 -1.010870 -0.942342 -0.971620 -0.910438 -0.803716 -1.036212 -0.935162 -0.930914 -0.791131 -0.982832 -0.941218 -0.753533 -0.894489 -1.066822 -0.800771 -0.985155 -0.948215 -0.854816 -0.922966 -0.789905 -1.046353 -0.770952 -1.088360 -1.128915 -0.764883 -0.859229 -0.702685 -0.775224 -0.607998 -0.769573 -0.840649 -0.770014 -1.010153 -0.768604 -1.151007
-0.683591 -0.851424 -0.747191 -1.010484 -0.997705 -1.029012 -1.002308 -0.964479 -0.891699 -0.737775 -0.907638 -1.034869 -0.957925 -0.899087 -1.025593 -1.232132 -1.055744 -0.890391 -0.965843 -1.060079 -1.100007 -0.846691 -0.881617 -0.950978 -1.161871 -0.945767 -1.061824 -0.759520 -0.816185 -0.678682 -0.466991 -0.860396 -0.959049 -0.831538 -1.042142 -0.820887 -0.822326 -0.961935 -1.194116 -0.961494 -0.868951 -1.010305 -0.705637 -0.882995 -0.940762 -0.762631 -1.071084 -0.910969 -1.136580 -0.846869 -0.905838 -0.771577 -0.753901 -0.833442 -0.864801 -0.822090 -0.683727 -1.027678 -1.040092 -1.009760 -0.855445 -1.058670 -0.856645 -0.910229 -0.695776 -0.921284 -1.092197 -0.965884 -0.827484 -0.873755 -0.970159 -0.686934 -0.768461 -1.280869 -1.018784 -1.057996 -1.098679 -0.893280 -0.812092 -0.762662 -0.860763 -0.800553 -0.787415 -0.815647 -1.087627 -0.895040 -0.672740 -0.648405 -1.127156 -1.120401 -1.095740 -0.908186 -0.989887 -0.881834 -1.231187 -0.716416 -0.928570 -0.998194 -0.970376 -0.749349 -0.944087 -0.800110 -0.898477 -1.032046 -0.937922 -0.905746 -0.960519 -0.916153 -1.099250 -1.060447 -0.796022 -0.993422 -0.643849 -0.814822 -0.911926 -0.880802 -0.975833 -1.074297 -0.914509 -1.092666 -1.044437 -1.031100 -1.008665 -0.889349 -0.860092 -0.929477 -1.106816 -1.156947 -1.092707 -0.914313 -1.123109 -0.828153 -0.993737 -0.779769 -0.808532 -0.942074 -0.859295 -0.846994 -0.631257 -0.992150 -0.855442 -0.769764 -0.937346 -0.915353 -0.948203 -0.982453 -0.907423 -0.984495 -0.943935 -1.021453 -0.806641 -1.072241 -0.957595 -0.953413 -1.019854 -0.915844 -0.824779 -0.968082 -0.878967 -0.936407 -1.039656 -0.927005 -0.719747 -1.252267 -1.187180 -1.164584 -1.155910 -0.792801 -0.776758 -0.841731 -0.968273 -0.992405 -0.738257 -0.762925 -0.785803 -0.955916 -1.018347 -0.950296 -0.772867 -0.905265 -0.858822 -0.799647 -0.979751 -1.375369 -1.186768 -0.748402 -0.915956 -1.245144 -0.811340 -0.998218
-0.982436 -0.743432 -0.761443 -0.786152 -1.007571 -1.138844 -0.890933 -0.965743 -1.000220 -0.849676 -0.956448 -1.034019 -1.031098 -0.856159 -0.991453 -1.191494 -1.076407 -0.932637 -0.654072 -0.617002 -1.074963 -1.068562 -0.863633 -0.839500 -0.913719 -1.268929 -1.134921 -0.803125 -1.080714 -0.643880 -1.001980 -0.904785 -0.906634 -0.901439 -0.850108 -0.745104 -0.870105 -1.010091 -0.991544 -1.001366 -0.767770 -0.933499 -1.003715 -0.925058 -1.036401 -0.786983 -0.954479 -1.044161 -0.919912 -1.083375 -0.884294 -1.215422 -0.977910 -0.652206 -0.720431 -1.056383 -0.868495 -1.042203 -0.978698 -0.631811 -0.908596 -0.929384 -0.954337 -0.873482 -0.788581 -1.078767 -1.123684 -1.044247 -0.844918 -1.014087 -0.929585 -0.659337 -0.666126 -1.056464 -0.885469 -0.904131 -0.944646 -0.979677 -0.954430 -1.132974 -0.746496 -0.728293 -0.837526 -0.869065 -1.183261 -0.711196 -0.954527 -0.879380 -0.650975 -1.033893 -0.785165 -0.994027 -0.928030 -0.788492 -0.846611 -1.272190 -0.909915 -1.047024 -0.920655 -0.875582 -0.845398 -0.884290 -0.766219 -0.693983 -0.939098 -1.095535 -0.665360 -0.885016 -1.268619 -1.005847 -1.056672 -0.949089 -1.176130 -0.838200 -1.080525 -0.847964 -0.948241 -0.818941 -0.944741 -1.093012 -0.768587 -1.031868 -1.063425 -0.946979 -1.151118 -0.965048 -0.825584 -1.025475 -0.997267 -0.964438 -0.630436 -0.904815 -0.967627 -0.887221 -0.902991 -0.977068 -1.213598 -0.711282 -1.164423 -0.807958 -1.016742 -0.915914 -0.892346 -0.806920 -0.884996 -0.824488 -1.176740 -0.927412 -1.011561 -0.981602 -0.943373 -0.988220 -0.810654 -0.649695 -0.728275 -1.030777 -0.755252 -0.841162 -0.852557 -0.798210 -0.997569 -0.962417 -0.936473 -0.789335 -1.095245 -0.972398 -0.911198 -0.998722 -1.040664 -0.558019 -1.179973 -0.800715 -0.840369 -0.912862 -0.846575 -1.382603 -0.904808 -0.893930 -0.819154 -0.914776 -0.884881 -1.113836 -0.946603 -0.728507 -0.745788 -0.719823 -1.181647 -0.784931 -0.766827 -0.935412
-1.042606 -0.668413 -1.037862 -1.049018 -0.751841 -1.175722 -0.846439 -0.963374 -0.784953 -0.839748 -1.022674 -0.817159 -0.883592 -0.719248 -0.781997 -1.054512 -1.033209 -0.929025 -1.187994 -0.786041 -0.881331 -0.824102 -0.861150 -0.877662 -0.913347 -0.685143 -0.800202 -0.803290 -0.543161 -0.838147 -1.074969 -0.936334 -0.832801 -0.745927 -1.030563 -0.863339 -0.852681 -0.905769 -1.014657 -0.754973 -0.633816 -0.843672 -1.014073 -0.958342 -0.953915 -0.985010 -0.727686 -0.951460 -0.931446 -0.832774 -0.959345 -0.947209 -1.170695 -1.010363 -0.932997 -0.824389 -0.993070 -1.016518 -0.763276 -0.979098 -0.726625 -0.709366 -1.083472 -0.900755 -0.823656 -0.981054 -1.099969 -1.046392 -1.213267 -1.107863 -0.888007 -0.589241 -0.754540 -0.667534 -0.896444 -1.055845 -0.814127 -1.076550 -0.657072 -1.232647 -0.870414 -1.040352 -1.218792 -0.958951 -0.924642 -0.901783 -0.868807 -0.781111 -1.029089 -0.849247 -0.952853 -0.823153 -1.051265 -1.063909 -0.950794 -0.886135 -1.097698 -0.806441 -0.790470 -0.671767 -1.008863 -1.365079 -1.098212 -0.750308 -0.930666 -0.858317 -0.897005 -1.139169 -0.830491 -0.778494 -0.817380 -1.287080 -0.871625 -1.016878 -0.862428 -1.028099 -1.098900 -0.711647 -0.849035 -0.811733 -0.961058 -0.774543 -0.897360 -1.004518 -0.430569 -0.846297 -0.557930 -1.130924 -1.051030 -1.229512 -1.002633 -0.793287 -0.859114 -0.686633 -0.925153 -0.928339 -1.162577 -1.118401 -0.808724 -0.766102 -0.773161 -0.806562 -1.024723 -0.708710 -0.940990 -0.884289 -1.014178 -0.812294 -0.810282 -1.086033 -1.220577 -0.800457 -0.823860 -0.902828 -0.771305 -0.865507 -0.898432 -0.812802 -0.812406 -0.872854 -0.959291 -1.013713 -0.615166 -0.780329 -0.990692 -0.699748 -0.823747 -0.983443 -1.158072 -0.877981 -0.879624 -1.233577 -0.761303 -0.988467 -0.840922 -0.946069 -0.839114 -1.131978 -1.041420 -0.875276 -1.068691 -0.752201 -0.887538 -0.641841 -0.706289 -1.174837 -1.114136 -1.255140 -0.897496 -1.102144
-0.832708 -1.024815 -0.995699 -0.770804 -0.846742 -1.070744 -1.235943 -0.999844 -0.803454 -1.054570 -0.991792 -0.810464 -1.025087 -0.993225 -0.929909 -1.181797 -0.953552 -1.169407 -1.175237 -0.817304 -0.897929 -0.578228 -0.905996 -1.120494 -1.010777 -1.361263 -1.184267 -0.951239 -1.015335 -0.909466 -0.813602 -1.059008 -0.687029 -1.271765 -0.901835 -0.862818 -0.901322 -1.169580 -0.731198 -1.012762 -0.988897 -1.168325 -1.047102 -0.767010 -0.925863 -0.792058 -0.779347 -0.948088 -0.900895 -1.150491 -0.776604 -0.828004 -1.074569 -0.924968 -0.870562 -1.097558 -1.163677 -1.007304 -1.456953 -0.814201 -0.945992 -0.821971 -0.999559 -1.010891 -0.984504 -0.815681 -0.895834 -0.898164 -0.900997 -1.180143 -0.898773 -0.839939 -0.846612 -0.637694 -0.745765 -0.819030 -0.947283 -1.060887 -0.829039 -1.009552 -0.982422 -0.858391 -0.976675 -0.888250 -0.968699 -1.146720 -0.872486 -0.829962 -0.924470 -1.047481 -0.905274 -0.879493 -1.014280 -1.081239 -0.922606 -0.818208 -1.001062 -0.826237 -0.956479 -0.973569 -0.892481 -0.976146 -0.984363 -0.762723 -0.910024 -0.872886 -0.890601 -1.031006 -0.999848 -0.859598 -0.898166 -0.920434 -1.063324 -0.833170 -0.832775 -0.861784 -1.105394 -0.990485 -0.821294 -1.017251 -0.972611 -0.780358 -0.938700 -0.919022 -0.929622 -0.813065 -0.711408 -0.905780 -0.922641 -0.709247 -0.888230 -1.031047 -1.065738 -1.066425 -0.825432 -0.828011 -1.050081 -0.958244 -0.929673 -1.280243 -0.963607 -0.783515 -0.867690 -0.836842 -1.078613 -0.815864 -0.924561 -1.170822 -0.976405 -1.047349 -0.747097 -1.115785 -0.759739 -0.908898 -0.969098 -0.831502 -0.860653 -0.902995 -0.963480 -0.957117 -1.130960 -0.847135 -0.709575 -0.941852 -0.911284 -1.089449 -0.686497 -1.034790 -0.859608 -0.900939 -0.987831 -0.880581 -0.856459 -1.021321 -1.039572 -0.918228 -0.844763 -0.906152 -0.824886 -1.327767 -1.153750 -0.864803 -0.779980 -0.836411 -0.928057 -0.725646 -0.902567 -0.751921 -0.856883 -0.965405
-0.982338 -0.936717 -0.885550 -1.041511 -0.958621 -1.215685 -0.992542 -0.757931 -0.889147 -0.802999 -0.712444 -0.937857 -1.036199 -0.802670 -1.034526 -0.899074 -0.834259 -0.966545 -1.033249 -0.854066 -0.895510 -0.906944 -0.989649 -0.847774 -0.859952 -1.037679 -0.960099 -1.139988 -0.760104 -0.977861 -1.092541 -0.983699 -1.085476 -1.176950 -1.050838 -0.901736 -0.966403 -1.023535 -0.932793 -1.088302 -0.919007 -0.871149 -1.062724 -1.109875 -1.077839 -0.700029 -0.856331 -0.786029 -0.862123 -0.981935 -1.115387 -0.808354 -0.622135 -0.962350 -0.958281 -0.844313 -0.907927 -0.824658 -0.776068 -0.950152 -1.024247 -1.194733 -0.998514 -0.995641 -0.878457 -0.864424 -0.614969 -1.148819 -0.823137 -0.958302 -0.742039 -1.154812 -0.901123 -1.184161 -0.966866 -1.017664 -1.203285 -0.813233 -0.749189 -1.052602 -0.957430 -0.978584 -0.885380 -1.017256 -0.910853 -0.798634 -0.797212 -1.222049 -0.901125 -0.827131 -0.605615 -0.523929 -0.802907 -0.800381 -0.970108 -0.813975 -0.871684 -0.882398 -0.910479 -1.108793 -0.927597 -0.934871 -1.013370 -0.821297 -0.721485 -0.597909 -0.768397 -0.735610 -0.876314 -0.783011 -1.003122 -0.759212 -0.739967 -0.787095 -0.936859 -0.953073 -0.872354 -0.654708 -0.901683 -0.873736 -0.890051 -0.953403 -1.127907 -0.944820 -0.730734 -0.776878 -1.146166 -0.896062 -0.958036 -1.013958 -1.107580 -0.926096 -0.837073 -1.109944 -0.836854 -1.035833 -1.102000 -0.874009 -0.954786 -0.995108 -0.941608 -1.003405 -0.808750 -0.796041 -0.797935 -1.194973 -0.907679 -0.892325 -0.757151 -0.708103 -0.864507 -1.223193 -0.788538 -0.760344 -0.786092 -1.006741 -0.845810 -0.768405 -1.113662 -0.937815 -0.906649 -1.160416 -0.880809 -1.082875 -1.028436 -0.897199 -0.725111 -0.834050 -0.996724 -0.810290 -1.281390 -0.860407 -0.797409 -0.935399 -0.772739 -0.959546 -0.793783 -1.090281 -0.890687 -0.894983 -1.024406 -0.998658 -0.963921 -1.229268 -1.314403 -1.012830 -0.669334 -1.147186 -0.913115 -1.051828
-0.974159 -0.805110 -0.997852 -1.166666 -0.925020 -1.156470 -0.846592 -1.097454 -0.938678 -0.518438 -0.977475 -0.952922 -1.122232 -0.808819 -0.904653 -1.116778 -0.713053 -0.913388 -0.919070 -1.128223 -0.632616 -1.044270 -1.282394 -0.967959 -0.956293 -0.809794 -1.125466 -0.750646 -0.902769 -0.704910 -0.952298 -1.224626 -1.202396 -0.866379 -0.937041 -0.745407 -0.966460 -0.842431 -0.963622 -1.055521 -0.846150 -1.131488 -0.785748 -1.045565 -0.995693 -1.056618 -1.073415 -1.032092 -1.009898 -0.930598 -0.891796 -0.832134 -0.849374 -1.063191 -1.162677 -0.797532 -0.800553 -0.970913 -0.898127 -0.914532 -0.809401 -0.845646 -1.108014 -0.966516 -1.020741 -1.015810 -1.016022 -0.641407 -0.871203 -0.765361 -0.803877 -0.961359 -1.158771 -0.946842 -0.800688 -0.804735 -0.835091 -0.984077 -0.687606 -0.792861 -0.958547 -0.876592 -1.213551 -0.880184 -0.975605 -1.048313 -0.862724 -0.863966 -0.800366 -0.940301 -0.949164 -0.875262 -0.933763 -1.183779 -0.844562 -0.875862 -0.901366 -0.760786 -1.096446 -1.008262 -0.898672 -0.735797 -1.012081 -0.995312 -0.970676 -0.789370 -0.649246 -0.925537 -0.727726 -0.644209 -0.952830 -0.822315 -0.809225 -0.687378 -0.784725 -0.748563 -0.738664 -1.004330 -0.946751 -0.865433 -0.729601 -0.794025 -1.154514 -0.659167 -0.922403 -1.041132 -0.785323 -0.758233 -0.846676 -0.877570 -1.060169 -0.977107 -1.123043 -0.955070 -0.727518 -0.886355 -1.062324 -1.134727 -0.801229 -1.070334 -1.167043 -0.917964 -0.895077 -0.873314 -0.806812 -1.009027 -0.787535 -0.904726 -1.204377 -1.019712 -0.799171 -0.984826 -1.077213 -1.143032 -1.052721 -0.754097 -0.704423 -0.705217 -1.061949 -1.117271 -0.836459 -0.827324 -0.839623 -0.919504 -0.870923 -0.779152 -0.701188 -0.868339 -1.094280 -1.119350 -1.143632 -0.729787 -0.961066 -0.905181 -0.828769 -1.077365 -0.957061 -0.972722 -1.010425 -0.995987 -0.946288 -0.810430 -0.876060 -0.876852 -1.184624 -0.924438 -1.175338 -0.817558 -0.842872 -0.984337
-0.897508 -0.889241 -0.944076 -0.745120 -1.105491 -0.746459 -1.177076 -1.204745 -0.662216 -1.046965 -0.908933 -0.913082 -1.070219 -0.944557 -0.639206 -0.913871 -1.246508 -1.110867 -0.763728 -1.109088 -0.823308 -1.003607 -0.825022 -0.903565 -0.873669 -0.824949 -1.074333 -0.919857 -0.863846 -0.870257 -0.984409 -0.717396 -0.794067 -0.855671 -0.950412 -0.737386 -0.956776 -0.923299 -0.875446 -0.763623 -1.038756 -0.988849 -0.833203 -1.005748 -0.921360 -0.860163 -1.041108 -1.088945 -1.027788 -1.000209 -0.868184 -1.002524 -0.801771 -1.077829 -0.490663 -1.003483 -1.153585 -0.926053 -0.806391 -0.968778 -1.034112 -0.940627 -1.189877 -1.035452 -1.078715 -0.619500 -0.931836 -0.830819 -0.830115 -1.038460 -0.835984 -0.900636 -0.980227 -1.357736 -0.796219 -1.024165 -0.611352 -0.905088 -0.729854 -1.023738 -0.844940 -1.158531 -0.989104 -1.017615 -1.109229 -1.243489 -0.732393 -1.056223 -0.729685 -0.573287 -1.089721 -0.915123 -0.893525 -1.127625 -0.958676 -0.928800 -0.973445 -0.910373 -0.768938 -1.091746 -1.023286 -1.023033 -0.744820 -0.939344 -0.987517 -0.963440 -0.890140 -0.948205 -0.896177 -0.950016 -0.724821 -1.033286 -1.230790 -0.865301 -0.888427 -0.806444 -0.983851 -0.972232 -0.764122 -0.805791 -1.127838 -0.919559 -0.837490 -0.928957 -0.783912 -0.824937 -0.872598 -0.945152 -0.978289 -0.791976 -0.949650 -0.993594 -0.950320 -0.790689 -1.135017 -0.959734 -0.911536 -0.715476 -0.923980 -0.953338 -0.878207 -1.077152 -0.857897 -1.138392 -0.844757 -1.106377 -0.729230 -0.953442 -1.178928 -1.124024 -0.890167 -1.010813 -0.959396 -1.136547 -0.972697 -0.708552 -1.209747 -0.582216 -0.783656 -1.035067 -1.212258 -0.774096 -1.019763 -1.037466 -0.886287 -0.846492 -0.964877 -0.879802 -0.929465 -1.073096 -0.986834 -0.651860 -0.869934 -1.062473 -1.149152 -0.909272 -0.810993 -0.945097 -0.805618 -1.030366 -1.019046 -1.111353 -0.960805 -1.038179 -1.011113 -0.920290 -0.680808 -0.940160 -0.971183 -1.187788
-0.952014 -0.835707 -0.904683 -1.106447 -1.250074 -0.864398 -1.067255 -1.367304 -0.956899 -0.783451 -0.964233 -1.229067 -0.830948 -1.079065 -1.074778 -1.088630 -0.964686 -0.906874 -0.949400 -0.976661 -0.977089 -1.149562 -1.017420 -1.076360 -0.913033 -1.028180 -0.929140 -0.801682 -0.888390 -0.908356 -0.759869 -1.023593 -1.141333 -0.749152 -1.056361 -0.806648 -1.212314 -1.098030 -0.858886 -0.913710 -0.908666 -0.834800 -1.028954 -0.910786 -0.997978 -0.888607 -0.834054 -1.019674 -1.049477 -0.901646 -0.948753 -0.942193 -1.045402 -1.226463 -0.976868 -0.944599 -1.019491 -1.219841 -0.788691 -1.046882 -0.824080 -0.876139 -0.932542 -1.025265 -1.007113 -0.711579 -0.842820 -0.816208 -0.810618 -0.555991 -0.808795 -1.117125 -0.674567 -1.062013 -1.038307 -0.913867 -1.048471 -1.006446 -1.043312 -0.796409 -0.920984 -0.806486 -0.639848 -0.760228 -0.749939 -0.919657 -0.883019 -0.992850 -0.853111 -0.732302 -0.789938 -0.698375 -1.169604 -1.298466 -1.218190 -1.150149 -0.908654 -0.995826 -1.160082 -0.777877 -0.985482 -0.929337 -0.965288 -0.812940 -0.987916 -0.894427 -0.884187 -0.782710 -0.972877 -1.029750 -0.794630 -0.939819 -0.451692 -0.731095 -0.858519 -0.697828 -1.024872 -1.194645 -1.112890 -1.101087 -0.952098 -0.973327 -1.320909 -0.912761 -0.858980 -0.976956 -0.931309 -0.728239 -0.814540 -0.747448 -0.743954 -1.012639 -1.033297 -0.783214 -0.912658 -0.847690 -1.231973 -0.817751 -0.787655 -0.853981 -0.953214 -0.810344 -0.890789 -0.823244 -1.061409 -0.723644 -1.123095 -1.070203 -0.820955 -0.837970 -1.239938 -0.861549 -0.743161 -1.015851 -0.969591 -0.930295 -1.104883 -1.111886 -0.848033 -1.115648 -1.083524 -0.960352 -0.636266 -1.010782 -0.779556 -1.175927 -0.786120 -0.829436 -0.841197 -1.225035 -1.098240 -0.973133 -0.988751 -0.655731 -0.963963 -1.044206 -1.214297 -0.869440 -0.837871 -0.873266 -0.914606 -0.900364 -0.688982 -0.643496 -0.867194 -1.210216 -0.917823 -0.962306 -0.806902 -1.278835
-0.887982 -0.911299 -1.044925 -0.707774 -0.921632 -0.783236 -0.766733 -1.098853 -0.747806 -0.960233 -1.166079 -0.924873 -0.976695 -1.025117 -1.120901 -0.788204 -0.900740 -0.884579 -0.797768 -0.837846 -0.967751 -0.758964 -1.108763 -0.871813 -0.778988 -0.999640 -0.916365 -0.856791 -1.081609 -1.110534 -1.148604 -1.050772 -0.949721 -0.900794 -0.761913 -1.083252 -1.324405 -0.840407 -0.934625 -0.835702 -0.994486 -1.063073 -0.998448 -1.040406 -0.902308 -0.929010 -1.077885 -0.936784 -0.835462 -0.800521 -0.848083 -0.688129 -0.666688 -0.773028 -1.004987 -0.982276 -1.092931 -1.292363 -1.072097 -0.759376 -1.001268 -0.831767 -0.831660 -0.811926 -0.753722 -1.184231 -0.796842 -0.990066 -0.805321 -0.920436 -0.791763 -0.983453 -0.742059 -0.767565 -0.982715 -0.702729 -0.996928 -1.087485 -0.858877 -1.227014 -1.076150 -1.079034 -1.032992 -1.214415 -0.906635 -0.921578 -1.014565 -0.805623 -1.030913 -1.120172 -0.921615 -1.050582 -0.924636 -0.978146 -0.897377 -1.335890 -1.000190 -0.752464 -0.894678 -0.976482 -0.885275 -1.049813 -0.837782 -0.876058 -0.934192 -0.956588 -1.013203 -1.072168 -1.038489 -0.924600 -0.643806 -1.143905 -1.333488 -0.790385 -1.091605 -0.678144 -0.933543 -0.752921 -1.045045 -0.811990 -0.883963 -1.031622 -1.016830 -0.764945 -1.109243 -0.892932 -0.823256 -0.816467 -0.769114 -1.039949 -0.721769 -0.917218 -0.796286 -0.802670 -0.935412 -0.949517 -0.668572 -1.110729 -1.017471 -0.770531 -0.933716 -1.129684 -0.826909 -1.027744 -0.993820 -0.976352 -0.913678 -0.842549 -1.134156 -0.886307 -0.838742 -1.064537 -1.001834 -0.963535 -0.951874 -0.925148 -1.033207 -1.183508 -0.748157 -0.743350 -0.806208 -0.796504 -1.122235 -0.784465 -0.923657 -1.137172 -0.997654 -0.859346 -0.930657 -0.797771 -1.031220 -0.989987 -0.810840 -0.915883 -0.755983 -0.954320 -1.057695 -0.836645 -0.856984 -0.941519 -0.957608 -0.675238 -1.035478 -1.000677 -0.825558 -0.906760 -1.037419 -0.946919 -0.915017 -1.088605
-0.806929 -0.540680 -0.963877 -0.939557 -0.759748 -0.828215 -0.938454 -1.056945 -0.974939 -0.976252 -1.102772 -0.745147 -0.892623 -1.126012 -1.059826 -0.903163 -0.952036 -0.904450 -1.051809 -0.900210 -0.899099 -0.828682 -0.918250 -0.903610 -0.761017 -0.894713 -0.822342 -0.853554 -0.957073 -0.837721 -1.081183 -0.992482 -0.934080 -0.991646 -1.010030 -1.229361 -0.854563 -0.708279 -0.600053 -1.097947 -0.757796 -0.772553 -0.847719 -0.939396 -0.995120 -0.865937 -0.736337 -0.825979 -0.881592 -0.897320 -0.908602 -1.070805 -1.002342 -1.320937 -0.854043 -1.009503 -0.945953 -0.867413 -1.013794 -0.780812 -0.925461 -0.798394 -1.056583 -0.875167 -1.256102 -1.114283 -1.053410 -1.015090 -0.747173 -0.883244 -0.973564 -0.939809 -0.851684 -1.132183 -0.835029 -1.228631 -0.728462 -1.178346 -0.919731 -0.922685 -0.731675 -0.908458 -0.757994 -1.035290 -0.765323 -1.103549 -0.909611 -0.794737 -0.773067 -0.907708 -0.869567 -0.811199 -0.950208 -0.961272 -0.905215 -1.006811 -0.953874 -1.064251 -0.928029 -1.066729 -1.181205 -0.818854 -0.883785 -1.013466 -1.126026 -0.666643 -0.811528 -0.956244 -0.914764 -0.954270 -1.047667 -0.668491 -1.129917 -0.810815 -0.844419 -0.857973 -0.810331 -1.086046 -1.081245 -1.090947 -1.149219 -1.049662 -0.880193 -0.942275 -0.811892 -1.061774 -0.888873 -1.176472 -0.915964 -0.875774 -1.297858 -1.150146 -0.965364 -0.995009 -1.191406 -0.882354 -1.156031 -0.845828 -0.948378 -0.894368 -0.811422 -1.103440 -0.972075 -0.918196 -0.890094 -0.963890 -0.904928 -1.039817 -1.269046 -0.840517 -0.845242 -0.945689 -0.955361 -1.028603 -1.058741 -0.955862 -1.136788 -1.243827 -0.691399 -0.771657 -0.818862 -0.893642 -0.725685 -0.964646 -1.151252 -0.854367 -0.896877 -0.980660 -0.566518 -1.121900 -0.829502 -0.958154 -0.759733 -0.854075 -0.727909 -1.106303 -0.769793 -0.773553 -1.215835 -1.035411 -0.712745 -0.980246 -1.273663 -0.867950 -1.077114 -1.095867 -0.954404 -0.981863 -1.130859 -1.118766
-0.973549 -1.054725 -0.924942 -0.947935 -0.774876 -1.039921 -0.804898 -1.016510 -0.943138 -0.852671 -1.048892 -0.762423 -0.967123 -0.962346 -0.836087 -1.104182 -0.869682 -1.039093 -1.116533 -1.040870 -0.800209 -0.827878 -1.173639 -1.351366 -0.951920 -0.940787 -0.718533 -0.689576 -0.796363 -1.190956 -0.832421 -0.824207 -1.085241 -1.104910 -1.094905 -0.994826 -0.975535 -0.943344 -1.060420 -1.106767 -1.088492 -0.928400 -1.073819 -0.840933 -0.857263 -0.746919 -0.703782 -1.179202 -0.839529 -1.143051 -1.083705 -0.919112 -0.962854 -0.957375 -0.999687 -1.184557 -1.091921 -0.933172 -0.987344 -0.916507 -0.815700 -0.787064 -0.988701 -0.835720 -1.028171 -1.012202 -0.601584 -1.057109 -0.704924 -1.056831 -0.707824 -0.999712 -0.802204 -0.893617 -0.904208 -0.937091 -0.954879 -0.653017 -0.807978 -1.133189 -0.957459 -1.054881 -0.867822 -0.946684 -0.882564 -1.013802 -0.990118 -1.024407 -0.862011 -0.653957 -1.184495 -0.987061 -0.851996 -0.895275 -1.138907 -0.768914 -0.817049 -0.799576 -1.245019 -0.592670 -0.771303 -0.971895 -0.905779 -0.997125 -0.910046 -0.918530 -0.827548 -0.927636 -0.870962 -0.946798 -0.795394 -0.761845 -0.773995 -0.769350 -0.845680 -0.821122 -0.655660 -0.941001 -1.145411 -1.156946 -1.003892 -1.256231 -0.943159 -0.959861 -0.848204 -0.961385 -0.912931 -0.994944 -0.742106 -0.884859 -0.824537 -1.115366 -0.959103 -0.857816 -1.042287 -0.962998 -0.950307 -0.880607 -0.839194 -0.985152 -0.632258 -0.877356 -0.864262 -0.818243 -1.027588 -1.039707 -0.954798 -0.778238 -1.173364 -1.145828 -1.229469 -0.801352 -0.848676 -0.939170 -0.823037 -0.965630 -0.934483 -1.114256 -0.928178 -0.916266 -1.203843 -0.849822 -1.011947 -0.868734 -1.109750 -0.686383 -0.833385 -1.030534 -0.975263 -0.727376 -0.934218 -0.796495 -0.593335 -0.855790 -1.283429 -0.973596 -0.915069 -0.965758 -0.706355 -0.937923 -1.011234 -0.803662 -1.062638 -0.885817 -1.007783 -1.005701 -1.223384 -0.764130 -1.154314 -1.021983
-0.847682 -0.807193 -1.109652 -1.185491 -0.973858 -0.983830 -0.806729 -0.904859 -1.046093 -1.144553 -0.775589 -0.733874 -0.905431 -0.909202 -0.690083 -0.998864 -1.024827 -0.826411 -0.884457 -0.895349 -0.956146 -0.881047 -1.178440 -0.767176 -0.686625 -0.652074 -1.087336 -0.974225 -1.053644 -1.090995 -0.985168 -0.804305 -0.981111 -1.165771 -0.987100 -1.182417 -0.929293 -1.018620 -0.893043 -0.944715 -1.054614 -0.855215 -0.897499 -0.761206 -0.811013 -0.796174 -0.965348 -0.959127 -0.905698 -0.920563 -0.743937 -0.888497 -1.148072 -0.737571 -0.947940 -0.879073 -0.957037 -0.959548 -0.833070 -1.320023 -0.859175 -0.750741 -0.682126 -0.882447 -0.962875 -1.106871 -0.823690 -0.679433 -0.904730 -0.841760 -0.904851 -1.144123 -1.101168 -0.748568 -1.014475 -1.021933 -0.909534 -0.954305 -0.735663 -0.746308 -0.719378 -0.995209 -0.953636 -1.023819 -1.055030 -0.801714 -1.012255 -0.874257 -0.844197 -1.190596 -1.160151 -0.810446 -0.787539 -1.073104 -1.065855 -0.890855 -0.928972 -0.639191 -0.785300 -0.987868 -0.728552 -0.991720 -1.221405 -0.920541 -0.858239 -1.216210 -1.068614 -0.892600 -1.029887 -0.983157 -0.913805 -0.779017 -0.882613 -1.130530 -1.105579 -0.904067 -0.889511 -0.810507 -1.199675 -1.151445 -0.858666 -0.895014 -1.080165 -0.995017 -0.904982 -0.849583 -0.745294 -0.820376 -0.973303 -0.806285 -0.915447 -0.777963 -1.074044 -0.801967 -0.945511 -0.891033 -1.125748 -0.944203 -0.908588 -1.148339 -0.781898 -0.931550 -0.991255 -0.839867 -1.117609 -0.922080 -1.265653 -0.930647 -1.009386 -0.816035 -1.025092 -0.878914 -0.757240 -1.128398 -1.039646 -1.111885 -1.191700 -0.929692 -0.828324 -0.728205 -0.833759 -0.948365 -1.018914 -1.009735 -0.948738 -0.794050 -0.877809 -0.891016 -0.897991 -0.645442 -1.169379 -0.830686 -0.734087 -1.034311 -1.058742 -0.902737 -0.991541 -0.766668 -0.834404 -0.773742 -1.034746 -1.039525 -0.893447 -1.012006 -0.832760 -0.986301 -0.997182 -1.168560 -0.956483 -0.785980
-0.813738 -1.090768 -0.938391 -0.777294 -0.781989 -0.906881 -1.090244 -0.873464 -0.659416 -0.734082 -0.863367 -0.812497 -0.973087 -0.851165 -1.152235 -0.997304 -1.184237 -0.872136 -1.189553 -0.917357 -0.997948 -0.935579 -0.882889 -0.911905 -0.984188 -0.924696 -0.856852 -1.013536 -0.897948 -0.824956 -1.196481 -0.979546 -1.062630 -1.029997 -0.896235 -0.888975 -0.882695 -1.269098 -0.791453 -0.765696 -0.853410 -1.154751 -0.899067 -0.909595 -1.139452 -0.806695 -1.027901 -1.058286 -0.987811 -1.124995 -0.985246 -0.843631 -0.995147 -0.701788 -0.987106 -0.827702 -0.829878 -1.009427 -1.076609 -0.732528 -0.888912 -1.098446 -0.952623 -0.826122 -0.934588 -0.917645 -0.820590 -0.964448 -0.985358 -0.988629 -0.879906 -0.840043 -1.060627 -1.074377 -0.972998 -1.213537 -0.931820 -0.818340 -0.683981 -1.013421 -0.905265 -1.026138 -0.922119 -0.884482 -0.991898 -1.010297 -0.969870 -1.060366 -0.978087 -1.045487 -1.067716 -0.981369 -0.841038 -0.788281 -0.751923 -0.974968 -0.856673 -0.756857 -0.867507 -0.862619 -1.012390 -0.780720 -0.751607 -0.756340 -1.006437 -0.967698 -1.081538 -0.752596 -0.849670 -0.915243 -0.947198 -1.091658 -0.731829 -1.071018 -1.182755 -0.776794 -1.165679 -0.622702 -1.076883 -0.923627 -0.687218 -0.856495 -1.315932 -0.678235 -0.794872 -0.765173 -1.235058 -1.074207 -0.947449 -0.987608 -0.809912 -0.901176 -1.035765 -1.014447 -1.152486 -0.895904 -0.914424 -1.195514 -0.851715 -0.945014 -1.158101 -0.580127 -0.934511 -0.915831 -0.944382 -0.787637 -0.902321 -0.829038 -0.977356 -0.762483 -0.890709 -0.826029 -1.215712 -0.808866 -1.064889 -0.894056 -1.160601 -1.087520 -0.940719 -1.048876 -0.876013 -0.909206 -1.000845 -1.270705 -0.973348 -1.033158 -1.002598 -0.827500 -0.878301 -1.059932 -0.761846 -0.869996 -0.755720 -1.053373 -0.906775 -0.868410 -0.722788 -1.179685 -0.751698 -0.793616 -0.801382 -0.780395 -0.984595 -1.004863 -0.837849 -0.629667 -1.121067 -0.955081 -0.842762 -1.012435
-0.830658 -0.866981 -0.984858 -0.854242 -1.015570 -1.020197 -0.889087 -1.130300 -1.202456 -0.933631 -0.886387 -0.825680 -0.973036 -1.307256 -1.044450 -1.158753 -0.901074 -0.637130 -1.033884 -1.351864 -1.024517 -1.154471 -1.143656 -0.813152 -0.811351 -0.833548 -0.830111 -0.712050 -1.043220 -0.959292 -1.190329 -1.112554 -1.025359 -0.922133 -0.927646 -0.914288 -1.001221 -1.075938 -1.002596 -0.927631 -1.024249 -0.624927 -1.296335 -0.882866 -0.816691 -0.906406 -0.811697 -1.064722 -1.247953 -0.882346 -1.027642 -1.249452 -0.513483 -0.919573 -0.900297 -0.923762 -0.934651 -1.056727 -1.197670 -0.955690 -0.783187 -0.911528 -0.977982 -1.205750 -0.935862 -0.954855 -1.074815 -1.103983 -1.143794 -0.837534 -0.937149 -0.958408 -0.667547 -0.963114 -1.111669 -0.811824 -0.868738 -0.808481 -1.020024 -0.830997 -1.088057 -1.172696 -0.875269 -1.125499 -1.057000 -0.863119 -0.749000 -0.708878 -0.930926 -0.817999 -1.011712 -0.808393 -0.820229 -1.006262 -1.040775 -0.960221 -0.810993 -1.051897 -1.093473 -0.876729 -0.959668 -0.895090 -1.013238 -0.932832 -1.140232 -0.977989 -0.964168 -0.919644 -1.013643 -1.108917 -0.845758 -0.719258 -0.880566 -0.667317 -0.691080 -0.572995 -1.217006 -1.011511 -0.857531 -0.891889 -0.752382 -0.685057 -1.011749 -1.066208 -0.691312 -0.734630 -1.032599 -1.139616 -1.113657 -1.159917 -1.217341 -1.066019 -0.709467 -0.931997 -0.795675 -1.012869 -0.835385 -0.909422 -1.018696 -0.731305 -0.819755 -1.093936 -0.822164 -0.822969 -1.001581 -1.064118 -0.674879 -1.084271 -0.836547 -0.922424 -0.842557 -1.273039 -0.838421 -0.958893 -0.756981 -1.019051 -0.745155 -1.004493 -1.080354 -1.120362 -0.832257 -1.038068 -1.070590 -0.918257 -0.871503 -0.800671 -0.759352 -1.153569 -0.828531 -0.734738 -0.911315 -1.082842 -0.797471 -0.859660 -1.063003 -1.092057 -0.875314 -1.010947 -1.293513 -1.092416 -1.136174 -1.122805 -0.811873 -0.840612 -1.041419 -0.870945 -0.929597 -1.011888 -0.891387 -1.233328
-1.064121 -1.012780 -1.085476 -1.097537 -1.064111 -0.755682 -0.962557 -0.984369 -0.644931 -0.773581 -1.098790 -1.138911 -1.028807 -0.904165 -1.045103 -1.086108 -0.805013 -1.248036 -0.798395 -1.221636 -1.012213 -1.119070 -1.011818 -0.775226 -0.990377 -1.013105 -1.185851 -1.096505 -0.882691 -1.229273 -0.876446 -0.907333 -0.827568 -0.890575 -1.013014 -0.901620 -0.846113 -0.809136 -0.902301 -0.839615 -1.010112 -1.165987 -1.008425 -0.817562 -1.094973 -0.725000 -0.851168 -0.852623 -1.066242 -0.951768 -1.059805 -0.962360 -0.629199 -0.779531 -0.715586 -0.975216 -0.774562 -0.875475 -0.866882 -1.019045 -0.791302 -0.915817 -1.016861 -0.730706 -0.822199 -1.239719 -1.056809 -0.954475 -0.993492 -0.876975 -0.830183 -1.110810 -1.260540 -1.089020 -1.052569 -0.888681 -0.988021 -0.627697 -0.946529 -1.020541 -0.789677 -1.195793 -0.835071 -1.045064 -0.935578 -0.760473 -0.841406 -1.151765 -0.986011 -1.254373 -0.874755 -0.892962 -0.935763 -0.743819 -1.067462 -1.067058 -1.220752 -0.787551 -0.955530 -1.117852 -0.952802 -0.842745 -1.177680 -0.851766 -0.649300 -0.918153 -0.953275 -1.015489 -0.877773 -0.861412 -0.931540 -0.809260 -1.247934 -1.101944 -1.298850 -0.824801 -0.876458 -0.823603 -0.656266 -1.054100 -0.997056 -0.926531 -1.166243 -0.824788 -1.041227 -1.120636 -0.640631 -0.989424 -0.963085 -0.806692 -0.617380 -0.851292 -0.637535 -0.767485 -1.098119 -0.886243 -0.963027 -0.913151 -1.037702 -0.900354 -0.863012 -1.019476 -0.849420 -1.057844 -0.727268 -0.612395 -1.093485 -0.850374 -0.881887 -1.007156 -1.024194 -0.852245 -0.849662 -0.744657 -1.123177 -1.148945 -0.786030 -0.785000 -0.656503 -0.838631 -0.970613 -0.894270 -0.917887 -0.900860 -0.851018 -0.843144 -0.858654 -0.935589 -0.723125 -0.936377 -0.862767 -0.893385 -0.994112 -0.825318 -0.969498 -0.947974 -0.904389 -1.120441 -1.071940 -0.799181 -0.784506 -0.973816 -1.037169 -0.850450 -1.068397 -0.900311 -0.846258 -0.819408 -1.065074 -0.984509
-0.671650 -0.681569 -0.856051 -0.988124 -1.107705 -0.844840 -0.736839 -0.678909 -1.002839 -0.817626 -1.221572 -1.068799 -1.059273 -1.033369 -1.052042 -0.742129 -1.161458 -0.919439 -0.909043 -1.054235 -0.973021 -0.835836 -1.156026 -1.040003 -0.866460 -0.874766 -0.651005 -0.780550 -0.890855 -0.919525 -0.883568 -0.985122 -0.954807 -0.920205 -1.015135 -1.029141 -0.772517 -0.930036 -0.992791 -0.920080 -1.139716 -0.798898 -0.994142 -0.866947 -1.108393 -1.021258 -0.982328 -1.054794 -1.017275 -0.857145 -1.256100 -0.999645 -1.005065 -0.904955 -0.940293 -0.735522 -0.810761 -0.916296 -1.223081 -0.933372 -0.903630 -0.746011 -1.060258 -1.032170 -0.859317 -1.003605 -0.790782 -0.861420 -0.868301 -0.848079 -0.772046 -0.873225 -0.791272 -0.929872 -1.080968 -1.023108 -0.972890 -1.177670 -0.971822 -0.888477 -0.651425 -0.791107 -1.118236 -0.990151 -0.923988 -1.026075 -0.875766 -0.767713 -1.260544 -0.977731 -0.631811 -1.073241 -0.975125 -0.773721 -0.821216 -0.849880 -0.842145 -0.792086 -0.691574 -0.931661 -0.829334 -0.846555 -0.831133 -0.868942 -0.984327 -0.693148 -1.100460 -0.786830 -0.793752 -0.888522 -1.087601 -1.182307 -0.959584 -0.963089 -1.047997 -0.794854 -0.772328 -0.837280 -0.791704 -0.842154 -0.960494 -0.837068 -1.177135 -0.876243 -0.976611 -0.793122 -1.058613 -1.074420 -0.872689 -0.830002 -0.751576 -0.732179 -0.997821 -0.806136 -0.927859 -0.742827 -0.958064 -0.774468 -1.067997 -1.039008 -0.777991 -0.894648 -0.933306 -0.707701 -1.034397 -1.050257 -0.909388 -1.056452 -0.977614 -0.976231 -1.075238 -0.915515 -0.909799 -0.983034 -0.839392 -0.742197 -0.800871 -0.837983 -0.810675 -0.776741 -0.765207 -0.986274 -0.817097 -0.843759 -0.904168 -0.735940 -1.045857 -0.925809 -0.996120 -0.909407 -1.343672 -1.096362 -0.879161 -0.951027 -0.928257 -0.914197 -0.896271 -1.098271 -0.807438 -1.049540 -0.935644 -0.647816 -0.748694 -0.900234 -1.017384 -0.694823 -0.570201 -0.837187 -0.993210 -0.984732
-0.751078 -0.782867 -0.943778 -0.901606 -0.878972 -1.159692 -1.071182 -0.801226 -1.134283 -0.798803 -0.889417 -1.061169 -0.925799 -0.888560 -0.781021 -1.266449 -1.305714 -1.054584 -0.920634 -0.885074 -1.093160 -1.016123 -0.815802 -1.236576 -0.937364 -0.734071 -1.044578 -1.165803 -0.869966 -0.905569 -0.968475 -1.071630 -1.015774 -0.883618 -0.939496 -1.153264 -0.799742 -1.037751 -1.133569 -0.904063 -0.946920 -0.993757 -0.815672 -0.840546 -0.866565 -1.010649 -1.000020 -0.939656 -1.040605 -0.914562 -0.882712 -1.027379 -0.973095 -0.864996 -0.755422 -0.924701 -0.789413 -0.809449 -1.123444 -0.897154 -0.943440 -0.774812 -0.949179 -0.841627 -0.914424 -0.831651 -0.728326 -0.831392 -0.661059 -0.928415 -1.109422 -0.874247 -0.928972 -0.838679 -0.927468 -1.100696 -0.669238 -0.865981 -0.731269 -0.954116 -1.075530 -0.810517 -0.814119 -0.992390 -0.764282 -0.789188 -0.806371 -0.811024 -1.056878 -0.727005 -0.765379 -0.922036 -0.810821 -1.046615 -0.732964 -1.029432 -0.971666 -0.995172 -0.720900 -1.120919 -0.926565 -1.086533 -0.970880 -0.963249 -0.746676 -1.112132 -0.929011 -0.770407 -0.982632 -0.969006 -0.986784 -0.746355 -0.936172 -1.094831 -0.753528 -1.093016 -1.227297 -0.913161 -0.644735 -0.703261 -1.102043 -0.860407 -0.834558 -0.968314 -0.918983 -0.832903 -0.782513 -1.214490 -0.839476 -0.861233 -0.898727 -1.004979 -0.979876 -0.982623 -0.913218 -0.917951 -0.662481 -0.933534 -0.869674 -0.841546 -0.781122 -0.895449 -1.008222 -1.063675 -0.994836 -0.832578 -0.957468 -1.036062 -1.000068 -0.873393 -1.170913 -0.861113 -1.086052 -0.899585 -0.907294 -0.856174 -1.179319 -0.728938 -0.790809 -0.682121 -0.823349 -0.819204 -1.054169 -1.112513 -0.965541 -0.930276 -0.905551 -1.060798 -0.917278 -0.963606 -0.759677 -1.066603 -0.878224 -0.722536 -0.730613 -0.874413 -0.840463 -0.825852 -1.106530 -1.018746 -1.067151 -0.924032 -0.931853 -1.113500 -0.796896 -1.036007 -1.017551 -1.120097 -0.936262 -0.912836
-0.911406 -0.773581 -0.942014 -0.837126 -1.204633 -1.249042 -1.083238 -1.045131 -0.963039 -0.861081 -0.806926 -0.959596 -0.975238 -0.965629 -0.902620 -0.832851 -0.739256 -0.781954 -0.829262 -1.140275 -0.799266 -0.994607 -0.989685 -0.953936 -0.950922 -0.945676 -0.807240 -0.813064 -0.799455 -1.002710 -0.905451 -1.229614 -0.827690 -0.875234 -0.825921 -0.894834 -0.925839 -1.073165 -0.887359 -0.823988 -1.045421 -1.039037 -0.747330 -0.702483 -0.763623 -1.114898 -1.025930 -1.014252 -1.128764 -0.888258 -0.824306 -0.831416 -0.934252 -1.027475 -0.750102 -0.979232 -0.734537 -0.831160 -1.069295 -0.885118 -1.116879 -0.893607 -0.772172 -0.779321 -0.985315 -0.967598 -1.353311 -0.973892 -0.913180 -0.833820 -0.779133 -1.049052 -0.723753 -0.932174 -0.695889 -0.920297 -0.979404 -0.862749 -0.590750 -0.940922 -0.900856 -0.738070 -1.124737 -0.805237 -0.613978 -0.813925 -0.758691 -1.049588 -0.749456 -0.726218 -0.890162 -0.925222 -0.816293 -1.015419 -1.088092 -1.058117 -1.044750 -1.062387 -0.949887 -0.773488 -0.876595 -0.962992 -0.793921 -0.980165 -0.941690 -0.877395 -0.918927 -1.033702 -1.020084 -0.879119 -0.809964 -0.881952 -0.890685 -0.881140 -0.855579 -1.154105 -0.906806 -0.651851 -0.986307 -0.944400 -0.904724 -0.814167 -0.653862 -0.623345 -1.096061 -0.830273 -0.786483 -0.847957 -1.078856 -1.053829 -1.058868 -1.086455 -0.874558 -0.914666 -0.764675 -1.223689 -1.067554 -1.277983 -0.824043 -0.945820 -0.918442 -0.935856 -0.896336 -1.071608 -0.684059 -0.759091 -0.890676 -0.757455 -0.982963 -1.024769 -0.721859 -1.164435 -0.969796 -0.775083 -0.792142 -0.869023 -1.177281 -0.831476 -1.133157 -1.067076 -0.798683 -0.983242 -0.709409 -1.046810 -0.840838 -1.119561 -1.034750 -0.930749 -0.873067 -0.798308 -1.228260 -1.026313 -0.969912 -0.844048 -0.996841 -0.736175 -1.030675 -0.868970 -0.885601 -0.851277 -0.808954 -0.791061 -0.743820 -0.900700 -0.923340 -0.761013 -0.817968 -1.089269 -0.938970 -1.414237
-0.926895 -0.889530 -0.860767 -1.207672 -1.099825 -0.953983 -0.925275 -0.924738 -0.911114 -0.779091 -0.920901 -0.955487 -0.876800 -0.825831 -0.908960 -1.127347 -1.136182 -0.656881 -1.099543 -1.057924 -0.936887 -0.855949 -0.810370 -0.913958 -1.277845 -0.937243 -1.262016 -1.121867 -0.792528 -0.775761 -0.931840 -1.030822 -1.044323 -0.969693 -0.859418 -0.820467 -1.146378 -1.084545 -0.877777 -0.852084 -0.898147 -0.888387 -0.686995 -1.114546 -0.995545 -0.834950 -0.811240 -0.711723 -0.825305 -0.894252 -0.881070 -1.086276 -1.095664 -0.938605 -0.756788 -1.028818 -0.958513 -0.775525 -1.056895 -0.952899 -0.990048 -0.864919 -1.131714 -0.892569 -0.957396 -0.771936 -1.110529 -0.750615 -1.015592 -0.960803 -1.017555 -0.920518 -1.079693 -1.269977 -0.634185 -0.583969 -1.001083 -0.582790 -1.088636 -0.933385 -0.994039 -0.992038 -0.654008 -1.001390 -0.582591 -0.808342 -0.905448 -0.938516 -0.861802 -0.919283 -0.874629 -0.885005 -0.811289 -1.131768 -0.956100 -0.988809 -0.991056 -0.890646 -0.934159 -1.209430 -0.946160 -1.233416 -0.823969 -0.906290 -0.790736 -1.079373 -1.102928 -0.834935 -0.863217 -1.106915 -0.988639 -0.984955 -1.136277 -0.844824 -1.012448 -0.988705 -0.799264 -1.105794 -0.919698 -0.961824 -0.809139 -0.460567 -0.819439 -1.204703 -1.086885 -0.914434 -1.157080 -0.984835 -0.741265 -1.063820 -0.844732 -0.925905 -0.828475 -0.922575 -0.993779 -0.929743 -0.927314 -0.975322 -1.181610 -0.923694 -0.810128 -0.741916 -0.711257 -0.988180 -0.937615 -0.686407 -0.737256 -0.703666 -1.062617 -0.772368 -0.704960 -1.069097 -0.966035 -1.073146 -0.781902 -0.874599 -1.074645 -1.007057 -0.966452 -1.071388 -0.720695 -1.070126 -0.824585 -0.878911 -1.099125 -0.984459 -1.040136 -0.774062 -0.761432 -1.009561 -1.151226 -0.955323 -0.940676 -1.089448 -1.116487 -0.914377 -1.152646 -0.929809 -1.093894 -0.831796 -1.042161 -0.911233 -1.333350 -0.802801 -0.952982 -1.014753 -0.803701 -0.672366 -0.840595 -1.177090
-0.946261 -1.106282 -0.776808 -1.262272 -0.855733 -0.564970 -1.051318 -0.907353 -0.856877 -1.014597 -0.683886 -0.630953 -1.122823 -0.913277 -1.107629 -0.928038 -0.877486 -1.151674 -1.074881 -0.981709 -0.757492 -0.800193 -0.882585 -1.041976 -0.918130 -0.985986 -0.808800 -0.821469 -1.063358 -0.852883 -0.781071 -0.903356 -0.964949 -0.890907 -0.922374 -0.899674 -0.947909 -1.221280 -1.038333 -1.228919 -0.986910 -0.875107 -1.332192 -0.624826 -0.867507 -1.024470 -0.881782 -0.967211 -0.903695 -0.842978 -0.821853 -1.273028 -0.873445 -0.766624 -0.937305 -0.976919 -0.704562 -0.727962 -0.914468 -0.904649 -0.940301 -0.787910 -0.967600 -0.794702 -1.129214 -1.040137 -1.234093 -0.831707 -0.865737 -0.819873 -0.886413 -1.054222 -0.819916 -1.104260 -0.828701 -0.866010 -1.007759 -0.834458 -1.113231 -0.842248 -0.910685 -0.873607 -0.840641 -0.792322 -0.894630 -0.967150 -0.794942 -1.012633 -0.792184 -1.103540 -0.758553 -0.782963 -0.639013 -0.958198 -1.006142 -0.593845 -0.959260 -0.923602 -1.244429 -0.752470 -1.114224 -1.121365 -0.719024 -0.831125 -0.939187 -0.771371 -1.053910 -0.836401 -0.912621 -0.892513 -0.684289 -0.753918 -0.874763 -1.064111 -0.974714 -0.687915 -0.809267 -0.959579 -1.114276 -0.832950 -1.272268 -1.038477 -1.104870 -1.025790 -0.929144 -1.150313 -0.869282 -0.847592 -0.947798 -1.063847 -0.976511 -0.885661 -1.000094 -0.821710 -0.888576 -1.080152 -0.967925 -0.923959 -0.865922 -0.859146 -0.896557 -0.925633 -1.175027 -0.921531 -1.304917 -0.888803 -0.939526 -0.616075 -0.923411 -0.847188 -0.816604 -0.996305 -1.009421 -0.926173 -0.964707 -0.964415 -0.972099 -0.982301 -1.087316 -0.856190 -0.799562 -1.094601 -0.982913 -1.005742 -0.896190 -0.991815 -0.964033 -1.136291 -0.996081 -0.975376 -0.814642 -0.806125 -1.004637 -1.180560 -0.967775 -0.948226 -1.034757 -0.851429 -0.883117 -0.912441 -0.943482 -0.885602 -1.098804 -1.079508 -1.001461 -1.012150 -1.139582 -1.188945 -0.863809 -1.132300
-0.941189 -0.956400 -0.984176 -0.834163 -0.974210 -0.795246 -0.819983 -0.831588 -1.016802 -0.854719 -0.876793 -0.682262 -0.983930 -1.025486 -0.898815 -0.829095 -0.829785 -0.723549 -1.049616 -0.828939 -1.194707 -1.142207 -0.998490 -0.956891 -0.935834 -0.893070 -0.868330 -0.920733 -0.632839 -0.838672 -0.824621 -0.862710 -1.069596 -0.780019 -1.114670 -0.946820 -1.063712 -0.774118 -0.863649 -0.862873 -1.103063 -0.750755 -1.186705 -0.853462 -0.804903 -0.686098 -1.204291 -1.000206 -0.987310 -1.066754 -0.942007 -1.219294 -0.708190 -0.890284 -0.797192 -1.170920 -0.761144 -0.823821 -0.976219 -0.789012 -1.169194 -0.868677 -1.134221 -0.981452 -0.987491 -0.917253 -0.798810 -0.777444 -0.866562 -1.012998 -0.777044 -0.896422 -0.802884 -0.815526 -0.685728 -1.258235 -0.795683 -0.677273 -1.327163 -1.042234 -1.075994 -0.890494 -1.186079 -0.918967 -0.758775 -0.770789 -1.216605 -1.035642 -1.256731 -0.963517 -1.203356 -0.762387 -1.032112 -1.027060 -0.876489 -1.147786 -0.685026 -1.057919 -1.045839 -0.802859 -0.785619 -0.887913 -0.971618 -1.064575 -0.739662 -0.787205 -1.204600 -1.014767 -0.894438 -0.882327 -0.911299 -0.871276 -0.676938 -0.869046 -0.663866 -0.763780 -0.520599 -1.146493 -1.044818 -0.923509 -0.902702 -0.907666 -0.983935 -0.940065 -0.809214 -1.160213 -0.879426 -0.857401 -0.960314 -0.845895 -0.834332 -0.954336 -0.880807 -0.956062 -1.302542 -0.781842 -0.807279 -0.944172 -1.041385 -1.124067 -0.929794 -0.875810 -1.070771 -0.971838 -1.255372 -0.881543 -1.087398 -0.944738 -0.989909 -0.819388 -1.081674 -0.864904 -1.087116 -1.117526 -0.963222 -0.702442 -0.946641 -1.074526 -0.788757 -0.954055 -0.928130 -0.977557 -0.863734 -0.828679 -0.852303 -0.953018 -0.836170 -1.117818 -0.801339 -0.899267 -1.019869 -0.881628 -0.729925 -0.921008 -0.967436 -0.663102 -0.852978 -0.920739 -0.921866 -0.922159 -0.887348 -1.136068 -0.852926 -1.091307 -0.727401 -0.729644 -0.774048 -0.961502 -0.776673 -0.850634
-0.864010 -0.758378 -0.806796 -0.833862 -0.988533 -1.065108 -1.038217 -0.934663 -0.859808 -0.977274 -0.832147 -0.916695 -1.256925 -0.996822 -1.011233 -0.851911 -0.767364 -1.090145 -0.855336 -1.073358 -0.779844 -1.270690 -1.217690 -0.706108 -1.042195 -0.813335 -0.864527 -1.170182 -1.020389 -0.823251 -0.942437 -0.974436 -1.011612 -0.902722 -1.104610 -0.840098 -0.801641 -1.049208 -1.416941 -1.189730 -0.888312 -1.288672 -1.268921 -0.840885 -1.170043 -0.823358 -0.759350 -0.799476 -1.039283 -0.958409 -0.883986 -1.084740 -0.839875 -1.061671 -0.997924 -0.946477 -1.023862 -0.944824 -1.255631 -1.137762 -1.151743 -0.995119 -0.875440 -0.863488 -0.984694 -0.811793 -0.818593 -0.986307 -0.865602 -0.890585 -1.194919 -0.859408 -0.772926 -0.874100 -0.640318 -0.936031 -0.825099 -0.989487 -0.805363 -0.854725 -0.843316 -1.205467 -0.651175 -0.965908 -1.112076 -0.862422 -0.697671 -0.990967 -0.696837 -0.702793 -0.843815 -0.879230 -0.974227 -0.995223 -1.089158 -0.856255 -0.839260 -0.984111 -0.994738 -0.714976 -0.927883 -1.162616 -1.123759 -0.943448 -0.704923 -0.972215 -0.936942 -0.875538 -1.086454 -1.309026 -1.043444 -0.961012 -0.774092 -0.803484 -1.233930 -0.782076 -0.871807 -1.179994 -1.010179 -0.966827 -1.135021 -0.910488 -1.245387 -1.100532 -1.043794 -1.082900 -0.916378 -0.713584 -1.056212 -0.770174 -1.091438 -0.921530 -1.229027 -0.854982 -0.708111 -0.845875 -1.065879 -0.911249 -0.716686 -0.919856 -0.870700 -0.938460 -1.055920 -1.118252 -1.100785 -0.936811 -1.124286 -1.192708 -0.852964 -1.019983 -1.000655 -1.023358 -0.706863 -0.838641 -0.619678 -0.748021 -0.703839 -1.037696 -0.912784 -0.720801 -0.813358 -0.795649 -0.872878 -0.839856 -0.870868 -1.174061 -1.066711 -1.003319 -0.963843 -1.037714 -0.781694 -1.096349 -1.002157 -0.850071 -0.928298 -0.850003 -0.890591 -0.997300 -0.856851 -0.975127 -0.991304 -1.007865 -0.926522 -0.877530 -1.007464 -0.974058 -0.915031 -0.814986 -1.007790 -1.065676
-0.829411 -1.029355 -0.873302 -0.899437 -1.051149 -0.834357 -0.757583 -0.780141 -0.995301 -0.949562 -0.791592 -0.883314 -0.909965 -1.090711 -0.817703 -0.699092 -1.137438 -0.932023 -1.093974 -0.867051 -1.002472 -0.867037 -0.680565 -0.759595 -0.905169 -0.869154 -1.261752 -0.842056 -1.051875 -0.577874 -1.080285 -0.699570 -1.065352 -0.689520 -1.048707 -1.187424 -1.035609 -0.968731 -0.841662 -0.933460 -1.040756 -1.038506 -1.043526 -0.965066 -0.624436 -0.977561 -0.883467 -0.954152 -1.146712 -0.966246 -0.791958 -1.198903 -0.844968 -0.849294 -0.809479 -0.899685 -1.143871 -0.965803 -0.736233 -0.730502 -0.823490 -0.881900 -0.872923 -0.897879 -0.845005 -1.123106 -0.751030 -0.961598 -1.041938 -0.696236 -0.640788 -1.244076 -1.143969 -0.863580 -0.954607 -0.990383 -0.999277 -0.864052 -0.907650 -0.999540 -1.030900 -0.898011 -1.057267 -1.077443 -0.865271 -0.631631 -0.743185 -0.955086 -0.809725 -0.912818 -1.005198 -0.956726 -1.062466 -1.186589 -1.058104 -0.818768 -1.130220 -0.662322 -1.000460 -0.608229 -0.969318 -0.885229 -0.781103 -0.868522 -0.663568 -1.145735 -1.095618 -1.010597 -0.935269 -0.760840 -0.832681 -1.006037 -0.873006 -0.914539 -0.977626 -1.000294 -0.799170 -0.683063 -0.861635 -0.633876 -1.244722 -1.005167 -0.934701 -0.789763 -1.095404 -0.997243 -0.673862 -0.990822 -1.082084 -0.885172 -0.746923 -1.266900 -0.794490 -1.072203 -0.838678 -0.946141 -0.659650 -1.068878 -1.046525 -0.892806 -1.147869 -0.848890 -0.632912 -1.076295 -0.990710 -0.793079 -0.824865 -0.996895 -0.997221 -0.887771 -0.796618 -0.940330 -0.873567 -1.038673 -0.883345 -1.110423 -0.819163 -1.042912 -0.916715 -0.891546 -0.884911 -1.062357 -0.950030 -0.873223 -1.036118 -1.037039 -0.886182 -0.947087 -0.905702 -0.793774 -0.796691 -0.804741 -1.064896 -1.172946 -0.748637 -1.028912 -0.970285 -0.815805 -1.045433 -0.866952 -1.065321 -0.811938 -0.924416 -0.698515 -0.976245 -0.968800 -0.863351 -0.740840 -1.019206 -0.707716
-0.893129 -1.290483 -1.237009 -0.914856 -0.968672 -1.165669 -1.215038 -0.939954 -0.750357 -0.863092 -0.918115 -0.846222 -1.001667 -1.069336 -1.054057 -1.191225 -0.983899 -1.107566 -1.049258 -0.776538 -0.777403 -0.879542 -0.912170 -0.808684 -1.005163 -0.920115 -0.919860 -0.893371 -0.972207 -0.932082 -0.810251 -1.072393 -0.847318 -0.758715 -1.083147 -0.914548 -0.961825 -1.034121 -1.053870 -0.715023 -1.194922 -1.019210 -0.963784 -1.004321 -1.267708 -0.808804 -0.982325 -1.090035 -1.032702 -0.927070 -1.021418 -1.020249 -1.138178 -0.939445 -1.004331 -1.462278 -1.093145 -0.793611 -1.096913 -0.791834 -1.030829 -0.864268 -0.933617 -1.005601 -0.731881 -0.783669 -0.831407 -0.869111 -0.902287 -0.620516 -0.812296 -0.878221 -0.961877 -0.972664 -0.952516 -0.917590 -0.805241 -0.922443 -0.824164 -1.133307 -1.013838 -0.828063 -0.667377 -0.719842 -0.944538 -1.092577 -1.190502 -0.917032 -1.066236 -0.832844 -1.200971 -0.925474 -0.771789 -0.869117 -0.994422 -0.605543 -1.064301 -0.831936 -0.991099 -0.812472 -0.941133 -0.775498 -0.813426 -1.141297 -0.872504 -0.801464 -1.047583 -0.981291 -1.085699 -0.793142 -0.942444 -0.949031 -1.086868 -0.907922 -0.692623 -0.844765 -0.882939 -0.868446 -0.932022 -0.822374 -0.892470 -0.833261 -1.014470 -0.915887 -0.865050 -0.901797 -1.203278 -0.797577 -0.765320 -0.947223 -0.920777 -0.973639 -1.030108 -1.132708 -0.814331 -0.902510 -1.091461 -0.881711 -0.884527 -0.952712 -0.921294 -0.962375 -1.148178 -0.933299 -0.797454 -0.982306 -0.733315 -0.594308 -1.017370 -0.926272 -0.953743 -0.705667 -0.923275 -0.940072 -0.830417 -0.830313 -1.059665 -0.976195 -0.959258 -1.204598 -0.926790 -0.838838 -1.064616 -1.017699 -0.838006 -0.830616 -0.974098 -0.842987 -0.862534 -0.864725 -0.887345 -1.180272 -1.014395 -0.931224 -1.013735 -1.007118 -1.298488 -0.830664 -1.010815 -0.925630 -1.169443 -0.931032 -0.860898 -0.901656 -0.832996 -1.092486 -1.067632 -1.075760 -0.742685 -1.017890
-0.890812 -0.996636 -0.775554 -0.733431 -0.674728 -1.071981 -1.211428 -0.943790 -0.975225 -0.985837 -1.010296 -0.818292 -1.065827 -1.127092 -0.749390 -0.827094 -0.733321 -1.063533 -0.801316 -1.049929 -1.014052 -1.002789 -0.832286 -0.881827 -0.918463 -1.206725 -1.031218 -0.829064 -0.837777 -0.944162 -0.926664 -0.848872 -1.067505 -1.034129 -0.820735 -1.088225 -0.898371 -0.813664 -0.965539 -0.803949 -1.046093 -0.981467 -1.187180 -0.874067 -1.040764 -0.928284 -1.008970 -0.692487 -0.749391 -0.759020 -0.875468 -0.771604 -1.004849 -1.020711 -0.900972 -0.967848 -0.984506 -1.085100 -0.858111 -0.631080 -1.078907 -0.799691 -1.220361 -0.632839 -1.076370 -0.761253 -0.839626 -1.062170 -0.813654 -0.853281 -0.689561 -1.036618 -0.723930 -0.887605 -0.936336 -1.039085 -1.044169 -1.417026 -0.894502 -1.096338 -1.149347 -0.983201 -1.139300 -0.863576 -0.799936 -1.003866 -1.191670 -0.848274 -1.001083 -0.865809 -0.886383 -0.930794 -0.768965 -0.895884 -0.760383 -1.065351 -1.100453 -0.600729 -1.098620 -0.926751 -1.389576 -0.796114 -1.152409 -0.889893 -0.732084 -1.133263 -0.945011 -0.709226 -1.005932 -0.827951 -1.210155 -1.033788 -0.838131 -0.874248 -0.794160 -0.971434 -0.893321 -0.820243 -0.863449 -0.818921 -0.914602 -1.050952 -0.883067 -0.870289 -0.802201 -0.702006 -0.896883 -0.959750 -1.139316 -0.791174 -0.907242 -0.989428 -0.987906 -0.771975 -1.171223 -1.009564 -0.958829 -0.916231 -0.941981 -1.066178 -1.031355 -0.833722 -0.985354 -0.953192 -0.936286 -0.846467 -0.917941 -0.959980 -0.700547 -1.031205 -0.715317 -0.928615 -0.866925 -0.880146 -1.027425 -0.929211 -1.065670 -0.788783 -1.119907 -0.696157 -1.205429 -0.974023 -0.976014 -1.010585 -1.065708 -0.920712 -0.833265 -1.134292 -0.871931 -1.015576 -0.946399 -0.958228 -0.979881 -1.022127 -0.954709 -0.913586 -0.832733 -0.643521 -1.081959 -0.970199 -0.606474 -0.706714 -1.004054 -0.936449 -1.097854 -1.175264 -1.004953 -0.837571 -0.828610 -0.737846
-0.866566 -1.303757 -0.903745 -0.680170 -0.629692 -0.883788 -0.985761 -0.998002 -0.950982 -0.835260 -0.912373 -0.923638 -0.825696 -0.743980 -1.022242 -0.950778 -1.007916 -0.840183 -0.899776 -0.992023 -0.921111 -1.013802 -0.966369 -0.989515 -0.812893 -0.944546 -0.991665 -0.852249 -0.789063 -0.822523 -1.142654 -1.057751 -0.833353 -0.912973 -0.677215 -0.864960 -1.021295 -0.837952 -0.893691 -1.254132 -0.967931 -1.271358 -1.156030 -0.996298 -0.864256 -1.212290 -0.827426 -0.885447 -1.044243 -0.904654 -0.561096 -0.765259 -0.952339 -0.944413 -0.620977 -0.875240 -0.903534 -1.110375 -0.931317 -0.938860 -0.889861 -0.786084 -0.800743 -1.015173 -0.961925 -0.798709 -0.604779 -0.873305 -0.715869 -0.894221 -1.049804 -0.915470 -0.805841 -1.005380 -0.754092 -0.730979 -0.997618 -0.714708 -0.879791 -0.777272 -0.909337 -0.940240 -0.802942 -1.136084 -0.929317 -0.915810 -0.816589 -1.038916 -1.160090 -0.773934 -1.031986 -0.963035 -0.835009 -0.793353 -0.875908 -0.949203 -0.502499 -0.890516 -0.612743 -1.097730 -0.947891 -1.124308 -0.817285 -0.903216 -0.862597 -1.081749 -0.812631 -0.876318 -1.105696 -0.790726 -1.264870 -1.066430 -0.727090 -0.797446 -0.947444 -0.914314 -0.991313 -0.863694 -0.923206 -0.714199 -0.943456 -1.064204 -0.851358 -0.913182 -0.940511 -1.052373 -0.899104 -1.010948 -0.936240 -1.080045 -0.861936 -0.894622 -1.226923 -0.957938 -0.973987 -1.165570 -1.021485 -0.862294 -0.785762 -0.906634 -0.819668 -0.880159 -0.815520 -0.836836 -0.869326 -1.142791 -1.137586 -0.940269 -1.181936 -0.928933 -1.025378 -1.023278 -0.780050 -0.843710 -1.083032 -0.875686 -0.714636 -1.105093 -1.097763 -1.043447 -0.770227 -1.022893 -0.939802 -0.905802 -1.057270 -0.966416 -0.827298 -0.682037 -0.951530 -0.664190 -1.203083 -0.736003 -0.950186 -1.015535 -0.816217 -0.718173 -0.856470 -0.742434 -0.810668 -0.822812 -0.533638 -0.847493 -1.193414 -0.950754 -0.982078 -0.812179 -0.733945 -1.063870 -1.042904 -0.825979
-0.836801 -0.997966 -1.058753 -0.670017 -0.718473 -0.974949 -1.066745 -1.056307 -0.907055 -0.806389 -0.959731 -1.026488 -0.824614 -0.993767 -1.168730 -0.929322 -1.125237 -0.931488 -0.887892 -0.974189 -0.835850 -0.838443 -0.819429 -0.843214 -0.849354 -1.012527 -0.677181 -0.847994 -1.038075 -0.971441 -0.942663 -0.998544 -0.876068 -0.919342 -0.819817 -1.079363 -1.074398 -1.079809 -1.026050 -0.819838 -1.024836 -1.032369 -0.772475 -1.139030 -0.765355 -1.101382 -0.853495 -1.248091 -1.119550 -0.969791 -0.710589 -0.960483 -0.903109 -0.817182 -0.760418 -0.951354 -0.999736 -0.816978 -1.038214 -0.954449 -1.270397 -0.703286 -1.290798 -0.750035 -0.885614 -0.898097 -1.010490 -0.846948 -1.052213 -0.823861 -1.100107 -0.765328 -0.939502 -0.999092 -0.942190 -0.853135 -0.864846 -0.844073 -0.993411 -0.864892 -0.940324 -0.848524 -1.014006 -1.021522 -0.894139 -1.089399 -0.795255 -0.968726 -0.815641 -0.913774 -0.750017 -0.948470 -0.934682 -0.772982 -1.115821 -1.065116 -0.800269 -0.857914 -1.094644 -0.979405 -1.040570 -0.585039 -0.827943 -0.819276 -0.937524 -0.832165 -0.835716 -0.906226 -1.051885 -0.842867 -0.906393 -0.921457 -0.703681 -1.123795 -0.937800 -0.788702 -0.892901 -0.855730 -1.017020 -0.966634 -0.882219 -0.812361 -1.035547 -1.100342 -0.873981 -1.253180 -1.006579 -0.853329 -1.031520 -1.008657 -0.891344 -0.853876 -0.930552 -0.979490 -1.049414 -0.861480 -0.972123 -1.055662 -0.687686 -0.834192 -0.887428 -0.951259 -0.768140 -0.999814 -0.840115 -0.992556 -0.891474 -0.818559 -0.888889 -1.078695 -1.131176 -0.784680 -0.689293 -0.867142 -1.020536 -0.995651 -0.846333 -0.908977 -0.758866 -0.998260 -1.090176 -0.639524 -1.090241 -0.966130 -0.952754 -0.873556 -0.900867 -0.819449 -0.969097 -0.958418 -0.793118 -1.174016 -0.602862 -1.033608 -1.008511 -1.169921 -0.638846 -0.832995 -1.056429 -0.757746 -1.041836 -1.019589 -0.819069 -0.887569 -1.061969 -0.881097 -0.883719 -0.913267 -0.948309 -0.944764
-0.946803 -0.952497 -0.867873 -0.715680 -0.729600 -0.712234 -0.915368 -0.912676 -0.721614 -0.736575 -0.853026 -0.977838 -0.845030 -0.778071 -0.921994 -0.976089 -0.787512 -0.921712 -0.775968 -1.010023 -0.972402 -0.905742 -1.011570 -1.081375 -0.981728 -0.834681 -1.092378 -0.779105 -1.205485 -0.853980 -1.130398 -1.105215 -1.069940 -1.093364 -0.846461 -0.855764 -0.939904 -0.825988 -0.885530 -0.967284 -0.836338 -0.892777 -0.870795 -0.947014 -0.899005 -0.809750 -1.224711 -0.915504 -0.899538 -1.025157 -0.936730 -1.164252 -0.916009 -0.942970 -1.037629 -0.695722 -1.016781 -1.002826 -1.071073 -1.089251 -0.654688 -0.737199 -0.646315 -1.008500 -0.699972 -0.974000 -0.922599 -0.948892 -1.033696 -1.025122 -0.800537 -0.793360 -0.892895 -1.156755 -1.171543 -0.635981 -0.930692 -0.708280 -1.178276 -1.209783 -1.125866 -1.180208 -0.635865 -0.825211 -1.120345 -0.822318 -0.835038 -0.881972 -1.047220 -0.904975 -0.761054 -0.899452 -1.132383 -0.739146 -1.065784 -0.749004 -0.911997 -0.917369 -1.153674 -1.005791 -0.854373 -1.125755 -0.840666 -0.934136 -0.995765 -0.889854 -0.881449 -1.004932 -0.787923 -0.977306 -0.874713 -0.792041 -0.578326 -0.706499 -0.790618 -0.853991 -0.904134 -1.066346 -0.757492 -0.617197 -1.047501 -0.804573 -1.063532 -0.719734 -0.595822 -0.580513 -0.841242 -1.084567 -0.875707 -0.859921 -1.138291 -0.975607 -1.121503 -0.903461 -0.767146 -0.805857 -0.999258 -0.949331 -0.940168 -0.815468 -1.053745 -0.950807 -1.192644 -1.100025 -0.914749 -0.991344 -0.922607 -0.999398 -1.012091 -0.813899 -0.857914 -1.005046 -0.975138 -0.895150 -0.798180 -1.012986 -0.953707 -0.915068 -1.111170 -1.174340 -1.063655 -0.784156 -0.796161 -0.910229 -0.939884 -0.743840 -0.980129 -1.072124 -1.082437 -0.786030 -1.025779 -0.852717 -0.925190 -0.957075 -1.189904 -0.933566 -0.943134 -1.072254 -0.649180 -0.844918 -0.996324 -1.105627 -0.975599 -0.877328 -0.904548 -0.807286 -1.119695 -1.018014 -0.948885 -0.921082
-0.841354 -1.139018 -0.876790 -1.048303 -0.762814 -1.171332 -1.029414 -0.808931 -1.036950 -0.872621 -1.252593 -1.190541 -1.030900 -1.023090 -1.094665 -0.872356 -1.114900 -1.206629 -0.807747 -0.872815 -0.962702 -0.946177 -1.076119 -1.226799 -0.891172 -0.769112 -1.006642 -0.971717 -0.861211 -1.043068 -0.865955 -1.107613 -0.942388 -0.894533 -1.005929 -1.053607 -1.084136 -0.819264 -1.100873 -0.859674 -1.212434 -0.822544 -0.685971 -0.946284 -1.307538 -0.636909 -0.884326 -0.677681 -1.214526 -0.794176 -1.024721 -0.653263 -0.904807 -0.918628 -0.683471 -0.804219 -1.012834 -0.587653 -1.075209 -1.110667 -1.073024 -1.051024 -1.221876 -1.094932 -0.993684 -0.962445 -0.944519 -0.864937 -1.042055 -0.674795 -1.062431 -0.983925 -0.559984 -1.012132 -0.775004 -0.579007 -0.756432 -0.871961 -1.171799 -0.783909 -0.976739 -0.990843 -0.819830 -0.952874 -0.729224 -0.692953 -1.129247 -0.913852 -0.969833 -0.778314 -1.037140 -1.205891 -0.738639 -0.738577 -0.912981 -0.780305 -0.926201 -1.091899 -0.927454 -0.895692 -0.939493 -0.777218 -0.793203 -0.965204 -0.787799 -1.063588 -0.866889 -0.992987 -0.739507 -0.814611 -0.826896 -0.827773 -0.658521 -0.846229 -1.008378 -0.810428 -0.882222 -0.967388 -0.827987 -0.764225 -1.108870 -0.897315 -0.927170 -0.815405 -0.784664 -0.986520 -0.947985 -0.934369 -0.718299 -0.943946 -1.186926 -0.995983 -0.982180 -0.862572 -1.034474 -0.750549 -0.989162 -1.033867 -0.764674 -1.002522 -0.890322 -0.721536 -0.791722 -1.037349 -0.947778 -0.934590 -0.916582 -0.925392 -0.930558 -0.786150 -0.913854 -1.232230 -0.860319 -0.783728 -1.092383 -0.814053 -0.788856 -0.954194 -0.768241 -0.936922 -0.843308 -1.066146 -1.055933 -0.779875 -0.874437 -0.705804 -0.997546 -1.033630 -0.852210 -1.094512 -0.707780 -1.039194 -0.947141 -1.071993 -0.909686 -1.057962 -1.075045 -0.984727 -0.794572 -0.886043 -1.074135 -0.960178 -0.924676 -0.749964 -0.866632 -0.915927 -0.991619 -0.957242 -1.127044 -1.008388
-0.827412 -0.909367 -1.003630 -0.864776 -0.853253 -0.908571 -1.226811 -0.742674 -0.973063 -1.113703 -1.135254 -0.798737 -0.811114 -1.011399 -0.836530 -0.819220 -1.165649 -1.130549 -0.943083 -0.622800 -0.913095 -0.663747 -0.908722 -0.841513 -0.882987 -1.142034 -0.861074 -0.819826 -1.012027 -0.949657 -0.678451 -1.066155 -0.861398 -1.052840 -1.052195 -1.225345 -1.082401 -1.099197 -0.704678 -0.931758 -0.773569 -0.983697 -0.922966 -0.892077 -0.859179 -0.912262 -1.004300 -1.074050 -0.745847 -0.931223 -0.591448 -0.957643 -0.790645 -0.860916 -0.996985 -0.945429 -0.900921 -1.009179 -0.921644 -0.847023 -0.862633 -0.856413 -0.774915 -0.916594 -0.779997 -0.999967 -0.987692 -0.854731 -0.928533 -1.004374 -1.063437 -1.118695 -0.771041 -0.795839 -1.075561 -0.807892 -0.758825 -1.027470 -1.114924 -0.918254 -0.917653 -1.021609 -1.047572 -0.766809 -0.925795 -0.806071 -0.987833 -0.873314 -1.013152 -0.895500 -0.901239 -0.977998 -0.792039 -0.883104 -0.874455 -0.791226 -0.881211 -0.705020 -1.136568 -0.891142 -0.736386 -0.988448 -1.146165 -0.903766 -0.764112 -0.754862 -0.966336 -0.801724 -0.920642 -1.135016 -1.004389 -0.946347 -1.420897 -1.232846 -0.870472 -0.789976 -0.939515 -1.189174 -0.905316 -0.908342 -0.947327 -1.016004 -0.923867 -0.933234 -0.862554 -0.607849 -1.065970 -0.838714 -0.901713 -0.853393 -0.932587 -0.906190 -0.937018 -0.831495 -0.686859 -0.874867 -0.975767 -0.884294 -0.776177 -1.174311 -0.834712 -0.910777 -0.823883 -0.871130 -0.828462 -0.887148 -0.971227 -0.863789 -1.179016 -1.124404 -0.943360 -0.955501 -0.993612 -0.743428 -1.113056 -0.950899 -0.939357 -0.907351 -0.963917 -0.925288 -0.963738 -1.146568 -0.792320 -1.021547 -0.891585 -0.909742 -0.943894 -0.913435 -1.195532 -0.947871 -1.127799 -1.037538 -0.792408 -1.220762 -0.843654 -0.981990 -0.952463 -0.712358 -0.698976 -0.924428 -1.058070 -1.235016 -0.932806 -0.940826 -0.974452 -0.972140 -0.986171 -1.136314 -0.906142 -1.230218
-1.058394 -1.122081 -1.079367 -1.080053 -0.846976 -0.795810 -1.014110 -0.883469 -0.764536 -0.926884 -0.829176 -0.693851 -1.008791 -0.898024 -0.677017 -1.022776 -1.363870 -1.040591 -0.857160 -0.960820 -1.057185 -0.649850 -0.874569 -0.800781 -1.014370 -0.766534 -1.168379 -0.928635 -0.936881 -0.757398 -0.947588 -1.185030 -0.798018 -0.751287 -0.990182 -0.744210 -0.829096 -0.804582 -0.781813 -1.059700 -1.068947 -1.209120 -0.836106 -0.824530 -0.718145 -0.871520 -0.990363 -1.160279 -1.203779 -0.999097 -0.643261 -1.093293 -0.779263 -0.944295 -0.733268 -1.036481 -0.664777 -1.009922 -0.861719 -0.800681 -0.693900 -0.748580 -0.983879 -0.922288 -1.050816 -0.983791 -1.108594 -0.994899 -1.009728 -1.099657 -0.924218 -1.086034 -0.759268 -0.823496 -0.756412 -1.295319 -0.906260 -1.066104 -0.943687 -0.744855 -0.881369 -0.937271 -0.840784 -0.850317 -0.811141 -1.138226 -1.080475 -1.045610 -0.985063 -0.982506 -0.886113 -0.824758 -0.872793 -1.017789 -1.281569 -0.917525 -0.934225 -0.684920 -0.731232 -0.688012 -0.842230 -1.118733 -0.929907 -0.862455 -0.858590 -0.726485 -0.946559 -1.295822 -0.799502 -0.820012 -1.047976 -0.815847 -0.981133 -0.940840 -1.159654 -1.192226 -1.010558 -0.962704 -0.743043 -0.759498 -1.045012 -1.032288 -1.067897 -1.302968 -0.901393 -0.771503 -1.096429 -0.970369 -0.731871 -1.102244 -0.550453 -0.951202 -1.043812 -1.061770 -1.070963 -0.912172 -0.888034 -0.792008 -0.871561 -1.000307 -0.846009 -0.707938 -1.196943 -0.775357 -1.233734 -0.701415 -1.015845 -0.858345 -0.811313 -0.623766 -0.924805 -0.876913 -0.978476 -1.042327 -0.869229 -0.875322 -0.972946 -1.137077 -1.243004 -1.230707 -1.026764 -1.120590 -0.751379 -1.025693 -0.856970 -1.109500 -0.939667 -1.154874 -0.928553 -1.032606 -0.946840 -0.969798 -0.771939 -0.791252 -0.875623 -0.775173 -0.949653 -1.109491 -1.083521 -1.011210 -1.002582 -0.920488 -0.962697 -0.722629 -0.766632 -1.162233 -0.851118 -0.659573 -0.652091 -0.836515
-0.802211 -0.813437 -0.738795 -1.164305 -0.973859 -1.026665 -0.977179 -1.010907 -1.077371 -0.833356 -0.836639 -0.627115 -0.845106 -0.799217 -0.715636 -0.742130 -0.596506 -0.911487 -1.051109 -0.995249 -0.938951 -0.895163 -0.921962 -0.824288 -0.901975 -0.816435 -0.897778 -1.006303 -1.017897 -0.916352 -0.884575 -1.163284 -0.729955 -0.957521 -0.977813 -0.880424 -0.905910 -1.047675 -0.928390 -0.959723 -0.850559 -0.855061 -0.821624 -0.820808 -0.904827 -1.032520 -0.751587 -0.943450 -0.994130 -0.762985 -0.965022 -1.073938 -0.877114 -0.991679 -1.036462 -0.818813 -1.109850 -0.967008 -0.917245 -0.840141 -0.946811 -1.074964 -0.805800 -0.903316 -0.838474 -1.119888 -0.878193 -0.973514 -1.201178 -0.812151 -0.885864 -1.201040 -1.011177 -1.131364 -1.037732 -0.547356 -0.793412 -0.822916 -1.097436 -0.892961 -1.005028 -0.949599 -0.883213 -0.774971 -0.546242 -0.605545 -1.177845 -0.855248 -1.022118 -0.961523 -0.917647 -0.771807 -1.095006 -0.841969 -1.095402 -0.714824 -0.860119 -0.678385 -0.910640 -1.124560 -0.837379 -0.768566 -1.238905 -1.021671 -0.913020 -0.933818 -0.965109 -0.910845 -1.028261 -0.703893 -0.885824 -0.869901 -0.791602 -1.004384 -1.009922 -0.870335 -1.230872 -0.828907 -1.084888 -0.940375 -1.136094 -0.916758 -0.834268 -0.955696 -0.971387 -0.926964 -1.037030 -0.865302 -0.905721 -0.779372 -0.757339 -0.908406 -1.236568 -0.755820 -0.790038 -0.723981 -0.864976 -0.832664 -0.770335 -0.989543 -0.849029 -0.887795 -1.028753 -1.000985 -0.973500 -1.014941 -0.775389 -0.938013 -1.105377 -0.858935 -0.854857 -1.054617 -0.916757 -0.686265 -0.962474 -1.055987 -0.972813 -1.004077 -0.728404 -1.318323 -1.053518 -1.274397 -1.128179 -1.167811 -0.861807 -0.700313 -0.800478 -0.763363 -0.979324 -0.676629 -1.153017 -0.734004 -0.947898 -0.881944 -0.982554 -0.990749 -0.767210 -1.097021 -1.037315 -0.843717 -1.053842 -0.913184 -1.120170 -0.807909 -1.017498 -1.107175 -0.825645 -1.176610 -0.776663 -0.857504
-1.261837 -0.922578 -0.845334 -0.951698 -1.057190 -0.788343 -1.108149 -0.951598 -0.992171 -1.201349 -1.138482 -0.863822 -0.835488 -1.147391 -0.914093 -0.766804 -0.845882 -0.888258 -0.912953 -1.042097 -1.120653 -1.113455 -1.036034 -1.294855 -0.796472 -0.823964 -0.789415 -0.787640 -0.933733 -0.722059 -1.030287 -0.803224 -0.885702 -0.898482 -1.055539 -0.901412 -0.960387 -0.791779 -1.092276 -0.779962 -0.819774 -0.849172 -1.015796 -0.855940 -0.827687 -0.885897 -0.836135 -0.928929 -0.784853 -0.899739 -1.184701 -0.654535 -1.183732 -0.996506 -1.033261 -0.788152 -0.870312 -0.937566 -1.202540 -1.052998 -1.009677 -0.826438 -0.655996 -0.944964 -1.083648 -0.855387 -1.155756 -0.818490 -1.098719 -0.890203 -0.953306 -0.946662 -0.638890 -0.891879 -1.137855 -1.054258 -0.961566 -0.946476 -1.259328 -0.975756 -1.010990 -1.135766 -1.238196 -1.014760 -1.070876 -1.094865 -0.872013 -1.032791 -0.884695 -0.763098 -1.015649 -1.060196 -0.805833 -0.734493 -0.720197 -0.960590 -0.944113 -0.848099 -0.848810 -0.885008 -0.905914 -1.277455 -0.897227 -1.136886 -1.168917 -0.950035 -0.995084 -0.799501 -0.759665 -1.099686 -0.698460 -0.876833 -0.913160 -0.607662 -1.158493 -0.728036 -1.097736 -0.931931 -0.992298 -0.791233 -0.829957 -1.056589 -0.867493 -1.435883 -0.936262 -1.230791 -1.035843 -0.895450 -1.086825 -0.981130 -0.791416 -0.855541 -0.800239 -1.207589 -0.743907 -1.154047 -0.979712 -1.098384 -0.855800 -0.987758 -0.946592 -1.074913 -0.784082 -0.870736 -0.929885 -1.147294 -1.045173 -1.131856 -0.766190 -1.023412 -0.899163 -0.890197 -0.949867 -0.827131 -0.804781 -0.669327 -0.862787 -0.870332 -0.832535 -1.089609 -0.829797 -1.094136 -1.053235 -0.744540 -1.162455 -1.252483 -0.896477 -0.730999 -0.791594 -0.891403 -1.151791 -0.679022 -0.984674 -0.960213 -0.981930 -0.781996 -1.186649 -1.038241 -0.948837 -0.939290 -1.044037 -1.149942 -0.777922 -0.868962 -0.970464 -0.783724 -0.869428 -0.970508 -0.749709 -0.755923
-1.003962 -1.034943 -0.897675 -0.872921 -1.221679 -1.094071 -0.844669 -0.994722 -0.951791 -0.805934 -0.969191 -1.094569 -0.757292 -0.757294 -0.898021 -1.051132 -0.946192 -1.049099 -0.775982 -0.876581 -0.822469 -1.065871 -0.933074 -1.037722 -0.889410 -0.838949 -0.924239 -0.938359 -1.169136 -0.964068 -0.832217 -1.004978 -0.961027 -1.088394 -0.954253 -0.712852 -1.035041 -1.070144 -1.051664 -0.968191 -1.007427 -1.080403 -1.023430 -0.784133 -0.922508 -1.077348 -0.864177 -1.224765 -1.016104 -1.028868 -0.900258 -0.984971 -0.816349 -0.950219 -1.050173 -0.979472 -0.913338 -1.185861 -1.137303 -1.013494 -1.015226 -1.026651 -1.032600 -0.848198 -1.124811 -1.018879 -0.795326 -0.910091 -1.119844 -0.748509 -0.936491 -0.905119 -0.979303 -0.895947 -0.796340 -0.882598 -0.924935 -0.925649 -1.012990 -1.020394 -0.942927 -0.887020 -0.771690 -0.775091 -0.937695 -0.956758 -1.072891 -0.943749 -0.872170 -0.929100 -0.993552 -0.806047 -1.148104 -1.297730 -1.043092 -0.827859 -0.925186 -0.768990 -1.007660 -0.680628 -0.845493 -0.958206 -0.880692 -1.124110 -0.921369 -0.924184 -0.826146 -0.915629 -1.130241 -1.023839 -1.041412 -1.180095 -1.128233 -0.958722 -0.768396 -0.922328 -0.961903 -0.820093 -0.612433 -0.984936 -1.042694 -0.826384 -0.758674 -1.155527 -0.827409 -0.897403 -0.905108 -1.275495 -0.942398 -0.945749 -0.833528 -0.807470 -0.858306 -0.825707 -0.987602 -0.785794 -1.065811 -0.922950 -0.826374 -0.792129 -0.931528 -0.885008 -0.984438 -1.091550 -1.135417 -1.036781 -1.067205 -1.208721 -0.866333 -0.874344 -0.713307 -0.756724 -0.896549 -0.688526 -0.962261 -0.747672 -0.808736 -0.736003 -0.886422 -1.188695 -0.881803 -0.896701 -0.925286 -0.906136 -0.825511 -0.781131 -1.228184 -1.120398 -1.114666 -0.890531 -0.913866 -0.692982 -0.877655 -0.779434 -0.857703 -1.193376 -0.722804 -1.114683 -1.029247 -0.885777 -0.784885 -0.875177 -1.082569 -0.913332 -1.162422 -0.889139 -1.177666 -1.059951 -0.799022 -0.737055
-0.813109 -0.934822 -0.700621 -1.088557 -0.911635 -0.736363 -0.900753 -0.985595 -1.014839 -1.059824 -1.155115 -0.999763 -1.046660 -1.058330 -0.806776 -0.911239 -1.047772 -0.919704 -0.791296 -0.710282 -1.013562 -1.130318 -0.978911 -1.056072 -0.819678 -0.731298 -0.910492 -0.891996 -0.863615 -0.961197 -0.740451 -0.710776 -1.125991 -0.874058 -0.820729 -0.992358 -0.847117 -0.769957 -0.873232 -1.011229 -0.887381 -0.823703 -0.845229 -1.057899 -1.156353 -0.851241 -1.040197 -0.804910 -0.775398 -0.681714 -1.022815 -0.893087 -0.849211 -0.751336 -1.026124 -0.987410 -0.783209 -1.033227 -0.855710 -0.725876 -0.967839 -0.952478 -0.819007 -0.955455 -1.128312 -0.819482 -0.953911 -0.990070 -0.992433 -1.049460 -1.089042 -0.757376 -0.829716 -0.949603 -1.182624 -1.011508 -0.737909 -0.801928 -0.840367 -1.136873 -1.002650 -0.865682 -0.781395 -0.740151 -0.838777 -1.158229 -0.891997 -0.857349 -0.813896 -1.079922 -0.958464 -1.040414 -0.855287 -1.070648 -0.916193 -0.856815 -0.961554 -0.953346 -0.859028 -0.797827 -0.796111 -1.087311 -0.876073 -1.165850 -1.071370 -0.967891 -0.998049 -0.924441 -0.743041 -0.976469 -0.982668 -0.987026 -0.759657 -0.899114 -1.100754 -1.002287 -0.946841 -0.817772 -1.006022 -1.018257 -1.145128 -0.764085 -1.087979 -0.955963 -1.019321 -1.117357 -0.960303 -0.733551 -0.621523 -0.912656 -1.217614 -0.786472 -0.773981 -1.001732 -0.797629 -1.113831 -0.790756 -0.921788 -0.740253 -1.075823 -1.084065 -0.974225 -0.998342 -0.901661 -0.978221 -1.026425 -0.995620 -1.049328 -1.066306 -0.986620 -0.671227 -0.955619 -0.857806 -0.851962 -1.110422 -0.930690 -0.843942 -0.880803 -0.808271 -0.919125 -1.029165 -0.887649 -0.867896 -0.987694 -0.794357 -0.860791 -1.104014 -0.978275 -0.759579 -0.946969 -1.141221 -1.001668 -0.658172 -1.121103 -0.752849 -0.979338 -0.950144 -0.999398 -0.884951 -0.765189 -1.217399 -0.931645 -1.132128 -0.911245 -0.846289 -0.997666 -0.885866 -0.945890 -0.807344 -0.925149
-0.823542 -0.830319 -0.719012 -0.845665 -0.644920 -0.634467 -1.296339 -1.034045 -0.737168 -0.905543 -0.824036 -0.815610 -0.965289 -1.078784 -0.703187 -0.892578 -0.878771 -0.931672 -0.938874 -0.997934 -0.663542 -0.888223 -0.923265 -1.193499 -0.817568 -0.882342 -0.895800 -1.119870 -0.676108 -0.887206 -0.794740 -0.870401 -0.898426 -0.836001 -0.852991 -0.872291 -0.940219 -0.935953 -1.061557 -0.948157 -0.700796 -1.016915 -0.876035 -0.654479 -1.121720 -0.754235 -0.910831 -0.809152 -1.087969 -1.324977 -0.986562 -0.922267 -0.727753 -0.983751 -0.897353 -1.149086 -0.807181 -0.792129 -1.110219 -0.953929 -0.928977 -0.971324 -0.769002 -1.010411 -0.851205 -1.153000 -1.004560 -1.013010 -0.952203 -0.725399 -0.956083 -1.011805 -1.168304 -1.029526 -0.947567 -0.876267 -0.862412 -1.052793 -0.903421 -0.873559 -1.239195 -1.111248 -0.774262 -1.025368 -0.931167 -1.080841 -0.883547 -0.898807 -1.105420 -0.836971 -0.867546 -0.906797 -0.916888 -0.931000 -1.070592 -0.842402 -0.665588 -0.938464 -0.986915 -0.772091 -0.885548 -0.933957 -1.168216 -0.849838 -0.964561 -0.927769 -0.929973 -0.979711 -1.104176 -0.959439 -0.877743 -0.822001 -0.891529 -0.821192 -0.913357 -1.068767 -1.178125 -0.865461 -0.954049 -0.762681 -0.848390 -1.066984 -1.057608 -0.928201 -1.024247 -0.932609 -1.070628 -0.852137 -0.933123 -1.005141 -0.924002 -0.851819 -0.933439 -0.975216 -0.857534 -0.828407 -0.800369 -0.851169 -0.855046 -0.790553 -1.145131 -0.886430 -0.995692 -1.180625 -0.863102 -0.771369 -0.999030 -0.838842 -0.897933 -1.044641 -0.768574 -1.027421 -1.168622 -0.844256 -0.933878 -1.166367 -1.207202 -0.952154 -0.813324 -0.898240 -1.018973 -1.086195 -0.975881 -0.927226 -0.919010 -0.841319 -0.854788 -1.065765 -0.878843 -1.042759 -1.013504 -1.069021 -0.925709 -1.184012 -1.031901 -1.017986 -0.828356 -1.102598 -0.924664 -0.809895 -1.074903 -0.942518 -0.718010 -0.850826 -0.759353 -1.153334 -0.771221 -0.816983 -0.882500 -0.992516
-1.069250 -0.991943 -1.039892 -0.879309 -0.664201 -0.847275 -0.972748 -0.818395 -0.962361 -0.846911 -0.894964 -0.942764 -0.935305 -1.127348 -0.909848 -0.908761 -1.170494 -0.744172 -0.821707 -0.880014 -1.098469 -0.889363 -1.156049 -0.855236 -0.934352 -0.906553 -0.786624 -0.993588 -0.954430 -0.763605 -1.153134 -0.865502 -0.945567 -0.989548 -1.088761 -0.893702 -1.098728 -1.106719 -0.839371 -0.811574 -1.054413 -0.804272 -0.835608 -0.768736 -1.059019 -0.839846 -1.031018 -1.009466 -0.804478 -0.696912 -1.067752 -0.820889 -1.128726 -1.007056 -1.175070 -0.854207 -0.743455 -0.757153 -0.746402 -1.012968 -1.034990 -1.004503 -1.045198 -0.928348 -0.839210 -0.745299 -0.804420 -1.035839 -0.961077 -0.789984 -0.893279 -0.841109 -1.281125 -0.709464 -0.819654 -0.744641 -1.148580 -1.374597 -1.179675 -0.814005 -0.977937 -0.854536 -0.844038 -1.266014 -1.010465 -0.795438 -1.107687 -0.786286 -0.828914 -0.953870 -0.893007 -1.115342 -1.001922 -1.091242 -0.596853 -1.291204 -0.739169 -0.894775 -0.861053 -0.851456 -0.980128 -0.825714 -0.992998 -0.781234 -1.194940 -0.769213 -0.895851 -1.073930 -0.982983 -0.932193 -0.962196 -0.830530 -0.930697 -0.777117 -1.039466 -0.754321 -0.971991 -0.948677 -1.109561 -1.044444 -1.046346 -0.927823 -0.966595 -0.747656 -0.781054 -0.774581 -1.073434 -1.021159 -0.615564 -0.839958 -1.017725 -0.821884 -1.201620 -0.904129 -0.784031 -0.928305 -1.058944 -0.707352 -0.879301 -1.144405 -1.010822 -0.899771 -1.010211 -0.865167 -0.636573 -0.836848 -0.922071 -0.661076 -0.813092 -0.966920 -1.092947 -0.913422 -1.090724 -0.806641 -0.914555 -1.256672 -1.053518 -0.894650 -0.767444 -0.964150 -0.681056 -0.750475 -1.125117 -0.768865 -0.740558 -1.120282 -0.852332 -0.861987 -0.777067 -1.053728 -0.885554 -0.893817 -0.943896 -0.809145 -1.057143 -0.906618 -0.723499 -0.891162 -0.765281 -1.296504 -0.929488 -0.945468 -0.766784 -0.988269 -0.936425 -0.929922 -0.976660 -0.887640 -1.084631 -0.967292
-1.078705 -0.837616 -0.768349 -1.151040 -0.701151 -0.975456 -0.779814 -1.001969 -0.755198 -0.642633 -0.902836 -1.031697 -1.039180 -0.787313 -1.043960 -0.942664 -1.047289 -0.940921 -0.664755 -0.872885 -0.952121 -0.755591 -0.961658 -0.677063 -0.796645 -0.955239 -0.634622 -0.934215 -0.932280 -1.059659 -0.737193 -0.916505 -0.782689 -0.817308 -1.235106 -1.063869 -0.866841 -0.993877 -0.888375 -0.907103 -0.801667 -1.157731 -0.905883 -0.892872 -1.000176 -0.969530 -0.793756 -0.864262 -0.934070 -0.678804 -0.996533 -0.959564 -0.968927 -0.898415 -1.162657 -0.929091 -0.922198 -0.789237 -0.726013 -0.789341 -0.924166 -0.978777 -0.782315 -0.860982 -0.914647 -0.819047 -0.966183 -1.061887 -0.942496 -1.002683 -0.929117 -0.996291 -0.690182 -0.992869 -0.930698 -0.564467 -1.066371 -0.915263 -0.912851 -1.216917 -0.762946 -0.824761 -0.942870 -1.017822 -1.056012 -0.926172 -1.062381 -0.869470 -0.671094 -0.819858 -0.886339 -0.862158 -1.116783 -0.865588 -0.925582 -1.015123 -0.963845 -1.132606 -0.993724 -0.818607 -0.937191 -0.762104 -0.910072 -0.903670 -0.804590 -0.728942 -0.808591 -0.686386 -1.198040 -1.089496 -0.961905 -0.969396 -0.810158 -1.053092 -0.897964 -1.212990 -1.179159 -0.886658 -0.706023 -1.242318 -0.921576 -0.607028 -0.731820 -0.785040 -0.926867 -0.905403 -0.901610 -1.205641 -0.708180 -1.103057 -0.833655 -0.855311 -0.903714 -1.081276 -0.629525 -1.063352 -0.869593 -0.960239 -0.945459 -0.925341 -1.025009 -0.894830 -0.771807 -1.075344 -0.970407 -0.789149 -0.668173 -0.939287 -0.836302 -0.814571 -1.055867 -0.820889 -0.946339 -0.922438 -1.144605 -0.889770 -0.988520 -0.918356 -0.908375 -0.909958 -0.676175 -0.842918 -0.782644 -0.960992 -0.721857 -0.741284 -1.115512 -0.869799 -0.884616 -0.858887 -0.910148 -0.787864 -0.838162 -0.814442 -1.008894 -1.132657 -0.816498 -1.029286 -0.816820 -0.821123 -0.920367 -0.914325 -1.030614 -0.907289 -0.832088 -0.949055 -1.013008 -0.784617 -1.175928 -0.923595
-0.810075 -0.869706 -0.916531 -0.943075 -1.176648 -1.076957 -1.048541 -0.728942 -0.794673 -0.779859 -1.077263 -0.803935 -0.659169 -0.822027 -0.742734 -1.090898 -0.866925 -0.793537 -0.985679 -1.046445 -0.796352 -0.756568 -0.975175 -0.981130 -1.034894 -0.675255 -0.965276 -0.968611 -0.860550 -0.972488 -1.043875 -0.750228 -0.725981 -0.751334 -0.632859 -0.683095 -0.699335 -0.707851 -0.760852 -0.909751 -1.280407 -0.836287 -0.795991 -0.944747 -0.815417 -0.762648 -0.919340 -1.093561 -0.881929 -0.768964 -0.813024 -1.256413 -0.901135 -0.797463 -1.042759 -1.023447 -1.014172 -1.027208 -0.982713 -1.185581 -1.072164 -0.951149 -0.994327 -0.870918 -1.031678 -0.864970 -0.840120 -0.799489 -1.026261 -1.183108 -0.959253 -1.044803 -1.124301 -0.857670 -0.895871 -0.842557 -1.151341 -1.180393 -1.059297 -0.706640 -1.361522 -0.863334 -0.915747 -0.921467 -1.023527 -0.726009 -1.112414 -1.129694 -1.205971 -0.876426 -1.102457 -1.098306 -1.077767 -1.049285 -1.168216 -0.827819 -1.043427 -0.734111 -1.016577 -1.197630 -0.965835 -0.971670 -0.853422 -0.497886 -1.026253 -0.862170 -0.754789 -0.850691 -1.016760 -0.903601 -0.999410 -1.188934 -0.950102 -0.978179 -0.971991 -0.675258 -0.889571 -0.971120 -0.843156 -1.052434 -1.193560 -0.629711 -0.827647 -1.089413 -1.020596 -0.715850 -1.206448 -0.719403 -0.735391 -0.941928 -1.030964 -0.837142 -0.864382 -1.313956 -0.957667 -0.944168 -0.704252 -0.963211 -1.019645 -0.797466 -1.253367 -0.847271 -0.611201 -1.110248 -0.968941 -0.799823 -0.842665 -1.035508 -0.950469 -0.661919 -1.168167 -0.904526 -0.899429 -1.043672 -0.874085 -0.928331 -0.819369 -0.866818 -0.895802 -0.980745 -0.976400 -0.939363 -0.929177 -0.782757 -1.259141 -0.949942 -1.129604 -0.977839 -1.029184 -0.994516 -0.888170 -0.711172 -0.961536 -0.914931 -0.875869 -0.906267 -0.747480 -0.792743 -1.034771 -0.892233 -1.116142 -0.579377 -0.604795 -0.909540 -0.988939 -0.720384 -0.895692 -0.959909 -0.655053 -0.855242
-1.176019 -0.929534 -0.978875 -0.999996 -0.731862 -0.973958 -1.064632 -0.966702 -0.968108 -0.674704 -0.588237 -1.117767 -0.958761 -0.897034 -0.863249 -0.905083 -1.089325 -0.831157 -0.925687 -0.824963 -1.090614 -0.929409 -1.114994 -0.940258 -1.044681 -1.087334 -0.993280 -0.997141 -1.018559 -0.938964 -1.128451 -0.985998 -0.741740 -0.906095 -0.755301 -0.804475 -0.939424 -0.812485 -1.061371 -0.842138 -0.710436 -0.696084 -1.015054 -0.899961 -0.797463 -0.908096 -0.949828 -0.879253 -0.677336 -0.742043 -0.816934 -0.836345 -0.896290 -0.655438 -0.929424 -1.096628 -0.693431 -0.958837 -0.867212 -1.135046 -1.220210 -0.783330 -0.858452 -0.873129 -0.900101 -0.820581 -0.816266 -0.864140 -0.905652 -0.767266 -0.955072 -0.766750 -1.156948 -0.864307 -0.617119 -0.837744 -0.955359 -0.800588 -0.855339 -1.011227 -1.183282 -1.004681 -0.941985 -0.946045 -1.011539 -0.809976 -1.054807 -1.086624 -1.173203 -0.912223 -0.898247 -0.994406 -1.037644 -1.026278 -0.899059 -1.082456 -1.036693 -1.073334 -1.107933 -0.696735 -0.839336 -0.894296 -0.865564 -0.707525 -0.870733 -0.795297 -0.900219 -0.929108 -0.682462 -0.927577 -0.910873 -0.895807 -1.005703 -0.892563 -0.855110 -0.767744 -0.827762 -0.868875 -0.969406 -0.803523 -1.185090 -0.884634 -0.792706 -0.831124 -0.900437 -1.019010 -1.214171 -0.675211 -1.108252 -1.004219 -0.886558 -0.908531 -0.575307 -0.947422 -0.870147 -0.609508 -0.891582 -1.031726 -0.713761 -0.935743 -0.887586 -0.871428 -0.656665 -0.931366 -0.863036 -1.121249 -0.808946 -0.980449 -0.986217 -0.664335 -0.760580 -1.050771 -0.963684 -0.893155 -0.706397 -0.811877 -0.986391 -0.858996 -0.798575 -0.897435 -1.004060 -0.943298 -0.691109 -1.149714 -1.050379 -1.021372 -0.894180 -0.983801 -0.997282 -0.805025 -0.821245 -0.790935 -1.014817 -0.799017 -1.113119 -1.156569 -1.125229 -0.861441 -1.032830 -0.850331 -0.666707 -0.669896 -0.823358 -0.618684 -1.086412 -1.122691 -0.783753 -1.118083 -0.856859 -0.815811
-0.843256 -1.252183 -1.048815 -1.134788 -0.895345 -1.001612 -0.752140 -1.289856 -0.765661 -1.096748 -0.991469 -0.965516 -1.003681 -1.076909 -0.935336 -1.319555 -0.947669 -0.975506 -0.826357 -0.737061 -0.959106 -1.087023 -0.946683 -0.789429 -0.849835 -1.167008 -1.200470 -0.832187 -1.052513 -1.062523 -1.019214 -1.126877 -1.120228 -0.946258 -1.035388 -0.964286 -0.665496 -0.927243 -0.935828 -0.892549 -0.908421 -0.941819 -1.163170 -1.075867 -0.804852 -0.897888 -0.987472 -1.051673 -0.791508 -0.961833 -0.926108 -0.788289 -0.783886 -1.107685 -0.886326 -0.973153 -1.086843 -1.231426 -0.916116 -0.804014 -0.979013 -1.206325 -0.811365 -0.920501 -1.081950 -0.897267 -0.907145 -0.896005 -0.938070 -0.753811 -0.916378 -0.705805 -0.938178 -0.823210 -0.860105 -0.949608 -0.861557 -0.754243 -0.970506 -0.777768 -0.848407 -0.740143 -1.015754 -0.998801 -0.733196 -1.013026 -1.044091 -1.142475 -1.083443 -0.936301 -0.827851 -0.912725 -1.088599 -1.088750 -1.223493 -0.912244 -0.875161 -1.151429 -0.791045 -0.831818 -0.932264 -0.860706 -1.029469 -0.873990 -1.077609 -0.736650 -0.958910 -0.793178 -1.295241 -1.360353 -0.838598 -1.343377 -1.273269 -0.820534 -0.866615 -0.813077 -0.594695 -0.792940 -1.147087 -0.944925 -1.186158 -0.932333 -0.828477 -1.093743 -0.852344 -0.877318 -0.834668 -1.047697 -0.735431 -0.949945 -0.850527 -0.677540 -1.088189 -0.876261 -0.859731 -0.749262 -0.913578 -0.640729 -0.808614 -1.238365 -0.904862 -0.887445 -0.978286 -0.751694 -0.805350 -0.911469 -0.778965 -0.921878 -0.842668 -0.949556 -0.753215 -0.821921 -0.771265 -0.908471 -0.727415 -0.866741 -0.847459 -0.980256 -0.939731 -0.949338 -1.043915 -1.032726 -0.705451 -0.720328 -0.942953 -1.246270 -0.710512 -1.011016 -0.841520 -0.914432 -0.775616 -1.089071 -0.856220 -0.851132 -1.071039 -0.810046 -0.748672 -0.835345 -0.934934 -0.863223 -0.924490 -0.866806 -0.724425 -0.969739 -1.023541 -0.950115 -0.767387 -1.063862 -0.667837 -1.012030
-0.725722 -1.000782 -0.944934 -0.963618 -1.027468 -1.119157 -0.834833 -1.065294 -0.754133 -0.808012 -1.033697 -1.003147 -0.777877 -0.867005 -0.853607 -0.893097 -0.905308 -1.005178 -0.901245 -0.911307 -0.714430 -0.923120 -0.909373 -1.102212 -1.004355 -1.003123 -0.779405 -0.862388 -1.071286 -0.945484 -0.759575 -1.199237 -1.037149 -0.674779 -0.772268 -0.892454 -0.860224 -0.923252 -0.889592 -0.823188 -0.775937 -1.005009 -0.921822 -0.967827 -0.893633 -0.787808 -0.940041 -1.119077 -0.907013 -1.119393 -0.839245 -0.692000 -1.031013 -1.085636 -0.778374 -0.840186 -0.926350 -0.951674 -0.918435 -0.752827 -0.986059 -0.911796 -0.916569 -0.741063 -0.814833 -1.117462 -0.833442 -0.677173 -0.975488 -1.032831 -1.002054 -1.181295 -0.976391 -0.955716 -0.979698 -0.893800 -0.933989 -1.132911 -0.789792 -0.791993 -1.115568 -0.949325 -0.890665 -0.942308 -0.762817 -0.793937 -0.894981 -0.882552 -0.762589 -0.850363 -0.886798 -0.608785 -1.179909 -0.925533 -1.060619 -1.142041 -0.931751 -0.927299 -0.849059 -0.814543 -0.844885 -0.957902 -0.966727 -0.921068 -0.716729 -0.645163 -1.030244 -0.966196 -0.957255 -0.702620 -0.943337 -0.691888 -0.635740 -0.989895 -0.926408 -0.856116 -1.133458 -0.935084 -0.836052 -0.951097 -1.150346 -1.244180 -0.951940 -0.797262 -0.805512 -0.845077 -1.191575 -0.978720 -1.076538 -0.964758 -0.831842 -1.051779 -1.145056 -0.930495 -1.006664 -0.871949 -0.796900 -0.868557 -0.891220 -0.737847 -0.794103 -0.885669 -0.959283 -0.886572 -0.933869 -0.982173 -1.035484 -0.920497 -0.930047 -0.967346 -0.841864 -0.783898 -0.901681 -0.919718 -1.111686 -0.954242 -1.131260 -1.220193 -1.055300 -1.122079 -0.893006 -0.869535 -0.877911 -0.826731 -1.056923 -0.800905 -0.725206 -1.080327 -1.105616 -1.325179 -0.614690 -0.775797 -0.956688 -0.976325 -1.028137 -0.778533 -0.947164 -0.869181 -0.896442 -0.913889 -1.073814 -0.829734 -0.985078 -1.045826 -0.778979 -0.797641 -0.872601 -0.968201 -1.287295 -0.818666
-0.937091 -0.849309 -0.879614 -0.911441 -1.075324 -1.193650 -0.775971 -1.075895 -0.781453 -1.103316 -0.902303 -1.173719 -0.766944 -0.994700 -1.005462 -1.221531 -1.026727 -0.816128 -0.914054 -0.854823 -1.150208 -0.906073 -0.986269 -1.208980 -1.008317 -0.790338 -0.803096 -0.930515 -0.930798 -0.842862 -0.948395 -0.879482 -1.024366 -0.806979 -1.152876 -0.780035 -0.839109 -0.654641 -0.999633 -0.918364 -0.864028 -0.832100 -0.977709 -1.105200 -1.002789 -1.104024 -0.983930 -1.128010 -0.883939 -1.218701 -1.052508 -0.961252 -0.838074 -1.194614 -1.037288 -0.664728 -0.930329 -0.972633 -0.990156 -0.811030 -0.903431 -0.985997 -0.993544 -1.186172 -1.012214 -0.909762 -0.953865 -0.782429 -0.829466 -1.074713 -0.945117 -0.939478 -1.031025 -0.960002 -1.098511 -0.703769 -0.833320 -0.710003 -0.899659 -1.133045 -0.975362 -0.824668 -1.136068 -1.011921 -0.888669 -0.865228 -0.936623 -1.050182 -0.724048 -0.595059 -0.972515 -1.099458 -0.866700 -0.886068 -1.114401 -1.028255 -0.784290 -0.957750 -1.005085 -1.307871 -0.821528 -1.016894 -0.962013 -0.765720 -1.033869 -0.952430 -0.871201 -0.880177 -0.998415 -1.006139 -0.915763 -0.838496 -0.773482 -0.691871 -1.083415 -0.928807 -0.842540 -0.795565 -0.846103 -0.803547 -1.036440 -0.738829 -0.783460 -1.083069 -1.161729 -0.744419 -0.763186 -0.785703 -1.145785 -0.758721 -1.079765 -1.033985 -0.757825 -0.924570 -0.846860 -0.622143 -0.853147 -0.736525 -1.022585 -0.831709 -0.927138 -0.796482 -1.036499 -0.830258 -0.557981 -0.844154 -0.846435 -0.800526 -0.986809 -0.694307 -0.920222 -0.834750 -0.946537 -0.918756 -0.901897 -1.141579 -0.907328 -0.929071 -0.978860 -0.996869 -0.947560 -0.952823 -0.911745 -0.906135 -1.083939 -0.983565 -0.858913 -1.012280 -0.886447 -1.217740 -0.720796 -0.742799 -1.247639 -1.047424 -0.690897 -0.924099 -0.816888 -0.882293 -0.934497 -0.914487 -0.892682 -1.002928 -0.905383 -0.903681 -0.980763 -0.941822 -1.025590 -0.937795 -0.866514 -0.981652
-0.881919 -1.065950 -1.187679 -0.968587 -1.212823 -1.071154 -0.944790 -0.887342 -0.842118 -1.045377 -0.690421 -1.107607 -0.749979 -0.965764 -1.019598 -1.078689 -0.817431 -0.954974 -0.795155 -1.140119 -0.914063 -1.039980 -1.034329 -0.916506 -0.995281 -0.784529 -0.729854 -0.978418 -0.974196 -0.945545 -1.047073 -1.054357 -0.852372 -0.891538 -0.854844 -0.855014 -1.100112 -1.045389 -0.958851 -0.942996 -0.961712 -0.770776 -0.844383 -0.863554 -1.095179 -0.900766 -0.934654 -0.788062 -0.971352 -0.742764 -0.917841 -0.735100 -0.657484 -1.190348 -0.906292 -0.978770 -0.664686 -0.775479 -0.880414 -1.043939 -1.018391 -0.707033 -1.061525 -0.856574 -0.853822 -0.922415 -0.944860 -0.720958 -0.667012 -0.626981 -1.190177 -0.994542 -0.951943 -0.924951 -0.764597 -1.168797 -1.268928 -0.749507 -0.579669 -0.869450 -1.002217 -1.263551 -0.822442 -0.635529 -0.668539 -1.076864 -1.133927 -0.765705 -1.199353 -1.095285 -0.908684 -0.734204 -1.035491 -0.728634 -1.077853 -0.936056 -1.161377 -0.774953 -1.058794 -1.266434 -1.258202 -1.235855 -1.067337 -0.434951 -1.106158 -0.914107 -0.905145 -0.897885 -1.053745 -0.865607 -0.813549 -0.865415 -1.199372 -0.842332 -1.206297 -1.036231 -0.751247 -0.983675 -0.562642 -0.727675 -0.726724 -1.046460 -1.057196 -1.102180 -0.969668 -0.767742 -0.817017 -1.105494 -0.821078 -1.009164 -0.893205 -1.014846 -0.972018 -0.973410 -0.918032 -0.822520 -1.007608 -0.900646 -0.862592 -1.035032 -0.869544 -0.983491 -0.739063 -0.968141 -0.889858 -0.920427 -1.042792 -0.910314 -0.929557 -0.996925 -0.962175 -0.976079 -1.184261 -0.844446 -1.065501 -0.962414 -0.971511 -0.797500 -0.765216 -0.870787 -0.575707 -0.624088 -1.188811 -0.843053 -0.915685 -0.944505 -1.137432 -0.777911 -0.954178 -0.630097 -1.307321 -0.892789 -1.025436 -1.049498 -1.024997 -0.783730 -0.708071 -0.986033 -0.819854 -1.082442 -0.935477 -1.290490 -0.966118 -0.744407 -1.082641 -1.214474 -1.145123 -1.041223 -1.118719 -0.972226
-1.107307 -0.919036 -1.143293 -0.613947 -0.858037 -1.023660 -0.774215 -1.025584 -0.853910 -0.888958 -0.952578 -0.925162 -0.943504 -0.944035 -0.936076 -0.868535 -0.932169 -0.879010 -0.799987 -0.720938 -0.811866 -0.664832 -0.800155 -1.030010 -0.819652 -1.046323 -0.642315 -1.030009 -0.692470 -1.039996 -0.675566 -0.814364 -1.001162 -0.974246 -0.845247 -1.172657 -0.818872 -1.110322 -1.194448 -1.067862 -0.617347 -1.024509 -1.031088 -1.067422 -0.917302 -0.913336 -0.800752 -0.782869 -0.814278 -0.960053 -0.842304 -0.807654 -1.193394 -0.873856 -0.763631 -0.950332 -0.977707 -0.903750 -0.793050 -0.921568 -1.073885 -0.828941 -1.092434 -0.916729 -0.898421 -0.856433 -0.896294 -0.764460 -0.801090 -0.853500 -0.936503 -0.803410 -0.941533 -0.809409 -0.780283 -1.234711 -0.846570 -0.891029 -1.076815 -0.991572 -0.909414 -0.891392 -0.836157 -0.849622 -0.875473 -1.015499 -1.122573 -0.917840 -1.124384 -1.096729 -1.195129 -0.886354 -0.785169 -0.899851 -0.795734 -0.986784 -0.825308 -0.859450 -0.616760 -0.962351 -0.897715 -0.832939 -0.919845 -0.888351 -0.826596 -0.841705 -0.963771 -0.899362 -0.968487 -0.882592 -0.897179 -0.794096 -0.979916 -0.935437 -1.107287 -1.062957 -0.650113 -1.034399 -0.875746 -1.107131 -1.119116 -0.913713 -0.954843 -0.727084 -0.845590 -1.126252 -0.759857 -0.994139 -0.968859 -0.962120 -1.004306 -0.936516 -0.968466 -0.853073 -0.913907 -0.680389 -1.137480 -0.923158 -0.874529 -0.880790 -1.123987 -0.978625 -0.829996 -1.030337 -0.919071 -0.865084 -0.884683 -0.654288 -0.981393 -1.019327 -0.982252 -0.813466 -0.971726 -0.962471 -0.900183 -0.765653 -0.982987 -0.897347 -0.891483 -0.685379 -0.884970 -1.015628 -0.913297 -1.060942 -0.960012 -0.812243 -0.774990 -0.891092 -1.026204 -0.880840 -1.102066 -0.791817 -0.917003 -1.017538 -0.908639 -0.878404 -1.158697 -0.884978 -0.728600 -0.842804 -0.882151 -1.229756 -0.938491 -0.977984 -1.176642 -1.094525 -0.928326 -1.108472 -0.901833 -1.107013
-0.666966 -0.845439 -1.413164 -1.055810 -0.509095 -0.904422 -1.172912 -0.936117 -0.854609 -1.055037 -0.843448 -0.820795 -1.131920 -0.956668 -0.930673 -1.004409 -0.834878 -1.010171 -1.024364 -0.903930 -1.029518 -0.818108 -0.932711 -0.776418 -0.782539 -1.168987 -0.787623 -0.989299 -0.838732 -0.827025 -0.779530 -0.976671 -0.987519 -0.743595 -0.743318 -0.732864 -0.750760 -0.977234 -0.897693 -0.789082 -0.948392 -0.996528 -0.878362 -0.928033 -0.766610 -1.003593 -1.042471 -1.188553 -0.642352 -0.879487 -0.825953 -0.951018 -1.154257 -1.006001 -0.948122 -0.871008 -1.113235 -0.820684 -0.941840 -0.941355 -0.735483 -0.782722 -0.697712 -0.953448 -1.064261 -0.783755 -0.906189 -0.810870 -0.812497 -0.991527 -0.903473 -1.115071 -0.737576 -1.046166 -0.955957 -1.109160 -0.854181 -1.057176 -0.848224 -0.948394 -1.274615 -1.223009 -0.682274 -1.104453 -0.985150 -1.091332 -0.865853 -1.363308 -1.006167 -0.862751 -1.032027 -1.152124 -0.790064 -0.805804 -0.862194 -1.125994 -0.965693 -1.068079 -1.112560 -1.072374 -0.961920 -0.955265 -1.071236 -0.790197 -0.904045 -0.889522 -1.056677 -0.880244 -0.850529 -0.998176 -0.841328 -0.912383 -0.979901 -0.953578 -1.046369 -0.794416 -0.868655 -0.750851 -0.980866 -0.885290 -1.327029 -0.788560 -1.159708 -1.100303 -1.013236 -0.816929 -0.801077 -1.050321 -0.673489 -1.073343 -0.750551 -1.010956 -1.049893 -1.041369 -0.892791 -1.081708 -1.203113 -0.873958 -0.852232 -0.988008 -1.027748 -0.789230 -1.097125 -0.818599 -0.892113 -0.798917 -0.836839 -0.982473 -1.067490 -0.827410 -0.882121 -0.981156 -0.865912 -0.963799 -0.883659 -0.937112 -1.056251 -0.749059 -1.024620 -0.866620 -0.795054 -1.017934 -1.072002 -0.753635 -1.001774 -1.013658 -0.631234 -1.031006 -0.890498 -0.915522 -0.868782 -0.881816 -0.945758 -1.142136 -0.764060 -1.126200 -0.765783 -0.789662 -1.052062 -0.854681 -0.884269 -1.037000 -0.901034 -0.813502 -0.918117 -0.935236 -0.924076 -0.692984 -0.902168 -0.845074
-1.134737 -0.960112 -1.054868 -0.776367 -1.000856 -0.864006 -1.006752 -1.181238 -0.856711 -1.224446 -1.207473 -0.929446 -0.960327 -0.682554 -0.906117 -1.025122 -0.934432 -0.831952 -0.866713 -1.005703 -0.879872 -0.933361 -0.800308 -0.866328 -0.824461 -0.846156 -1.003845 -1.021138 -0.805654 -1.048392 -1.071576 -0.975017 -1.058279 -0.808258 -0.793844 -0.958283 -0.724004 -0.873745 -0.937829 -1.016202 -0.836215 -0.716886 -0.789601 -1.035373 -0.730578 -0.680998 -0.708547 -0.785847 -0.897899 -1.058994 -0.916525 -1.333314 -0.931742 -0.872412 -1.138666 -0.705839 -0.881230 -0.916875 -0.824820 -0.946423 -0.960023 -1.099410 -0.982390 -0.952316 -1.003719 -0.798942 -1.234558 -0.989148 -1.077242 -1.045700 -0.918515 -0.820267 -0.798393 -1.426839 -0.743587 -0.863509 -1.007901 -0.954171 -0.932345 -0.930165 -1.012507 -0.964313 -1.228861 -0.820791 -1.052570 -1.010194 -0.921828 -0.832252 -0.789498 -0.725256 -1.207981 -1.013094 -0.988280 -0.971456 -1.163889 -0.755706 -0.974103 -0.983806 -0.823768 -0.567315 -0.892722 -0.889260 -1.276592 -1.335902 -1.107966 -0.665686 -0.764793 -0.897748 -0.943698 -0.776229 -0.924702 -0.802299 -1.228533 -0.800876 -0.754662 -0.998874 -0.787675 -0.919004 -0.659064 -0.863840 -1.141484 -0.942976 -0.959072 -1.134631 -0.774762 -0.996065 -1.140321 -0.912070 -0.573987 -0.758314 -1.086803 -1.072794 -0.863768 -0.917463 -1.067589 -1.200273 -0.975678 -0.707181 -0.931637 -1.017240 -0.585912 -1.010135 -0.912076 -0.879275 -1.044016 -1.057782 -1.112190 -0.706394 -0.958789 -0.949930 -0.977527 -0.917957 -1.170813 -1.116649 -0.848170 -1.085856 -0.894509 -0.783646 -0.902125 -0.777853 -0.935286 -1.080911 -0.964782 -0.816237 -0.970121 -0.951652 -0.885173 -1.034348 -0.821261 -0.929296 -1.046710 -1.039093 -1.027012 -1.098271 -1.088494 -0.551850 -0.762849 -0.988649 -0.929943 -0.789664 -0.837610 -0.924452 -0.866112 -0.825373 -1.122059 -0.997859 -0.933025 -0.724082 -0.842478 -1.071923
-0.709233 -0.925818 -0.824174 -0.829311 -1.241994 -0.884033 -0.914094 -1.065489 -1.176347 -0.966659 -0.963678 -1.239266 -1.074225 -0.569460 -0.650889 -0.825044 -0.858791 -0.777007 -0.907468 -1.132667 -0.795807 -0.791058 -0.789315 -1.290493 -1.024710 -0.792529 -0.829381 -0.895506 -0.793160 -0.871468 -1.048721 -1.088410 -0.684247 -0.596884 -0.878535 -1.092658 -0.820114 -0.886161 -1.458528 -0.971512 -0.887466 -0.988466 -0.866754 -0.802087 -0.842903 -1.169514 -1.081089 -0.892990 -1.127070 -0.918118 -0.794996 -0.824790 -1.195109 -0.925726 -0.860873 -0.919670 -0.943840 -1.090885 -0.829717 -1.064853 -0.672959 -1.004290 -0.793247 -0.937672 -0.794127 -0.889894 -0.938834 -0.677327 -0.787215 -1.057766 -1.033016 -1.123994 -0.795373 -0.826508 -1.125449 -0.903955 -0.858372 -0.819814 -1.005159 -0.839018 -0.963798 -1.064864 -0.962819 -1.098422 -1.020731 -1.047546 -0.774597 -0.999705 -0.792519 -0.884009 -1.169363 -0.999914 -0.855763 -0.919301 -0.924880 -0.876835 -0.971902 -0.879821 -1.065781 -1.112037 -0.844327 -0.989504 -0.656330 -0.883201 -0.851219 -1.140805 -0.892433 -0.806359 -1.198535 -0.810348 -1.128723 -0.963151 -1.127500 -0.778285 -1.139831 -1.153791 -0.848500 -0.832691 -0.863461 -0.901712 -0.774357 -0.918831 -0.744928 -0.978285 -0.749718 -0.791345 -0.892745 -0.877197 -1.346353 -0.788021 -1.164491 -0.869503 -0.903495 -0.849263 -0.609697 -1.106360 -0.969948 -1.030213 -1.034326 -0.779096 -0.952460 -0.837367 -0.935594 -1.009735 -0.981972 -0.963287 -1.010561 -1.031139 -0.716048 -0.672744 -0.751019 -0.956777 -0.564100 -1.100137 -0.927377 -0.855584 -0.778370 -0.783435 -0.847940 -1.052543 -0.800717 -0.925227 -1.134907 -1.049367 -1.001603 -0.988964 -0.932915 -0.829134 -1.064354 -1.095967 -0.975454 -1.135389 -0.894070 -0.911982 -1.209434 -0.581130 -1.112001 -0.974069 -0.851772 -0.906870 -0.889875 -0.687421 -1.035745 -0.896308 -0.740769 -1.219380 -0.734500 -0.983185 -0.839962 -0.864266
-1.175782 -0.930754 -0.906252 -0.763926 -0.808732 -1.066708 -0.957236 -0.761378 -0.831897 -1.084127 -0.791653 -0.921908 -1.068386 -0.707911 -0.797207 -0.849669 -0.871768 -0.909912 -0.740035 -1.081516 -0.986785 -0.987792 -1.006680 -0.796625 -1.001401 -0.682329 -0.757780 -1.029394 -0.869740 -0.882826 -0.930447 -0.706372 -0.968715 -1.109760 -0.979847 -0.772396 -0.910048 -1.131318 -0.972978 -1.021484 -0.914967 -0.778062 -0.936249 -0.868434 -0.999497 -0.861648 -0.846047 -1.032591 -0.886984 -0.864909 -0.940928 -0.796262 -0.805155 -1.031835 -0.940391 -1.091211 -0.786208 -1.212968 -1.165865 -1.054411 -0.819222 -0.811499 -0.890111 -1.060980 -0.659090 -1.105130 -0.880417 -0.829379 -0.917147 -0.855230 -0.778097 -0.791359 -0.915211 -0.746406 -1.174747 -0.869629 -0.802083 -0.843359 -0.779115 -0.920655 -1.064137 -0.885251 -0.731198 -0.943907 -1.027218 -0.912603 -0.951148 -0.830807 -0.586388 -1.077010 -0.691281 -1.085383 -0.813279 -0.762486 -0.846074 -0.936912 -0.731178 -0.761813 -1.134269 -0.917316 -0.835917 -1.097941 -0.991995 -0.942304 -0.880394 -0.813601 -1.062878 -0.932231 -0.948675 -1.058449 -0.976319 -0.805491 -0.815961 -0.548938 -0.794996 -0.816301 -1.008909 -0.924609 -0.917567 -1.021990 -1.087415 -0.704277 -0.839063 -0.919505 -0.825692 -1.089308 -0.968757 -0.856281 -1.253023 -0.885359 -1.130042 -0.713029 -0.559336 -1.217806 -0.963251 -0.823917 -0.797793 -0.877421 -0.984567 -0.808613 -1.028892 -0.965737 -0.910582 -1.203813 -0.908559 -0.738533 -0.765040 -0.867225 -1.041965 -0.887463 -1.164068 -0.866452 -1.106619 -0.729661 -0.711088 -1.043661 -0.949033 -0.871196 -1.117982 -0.956715 -0.858861 -0.985412 -0.953739 -1.019594 -0.968233 -0.621376 -1.084625 -0.842751 -0.847833 -1.218866 -0.765603 -0.955594 -0.764813 -0.839519 -0.953703 -0.768597 -0.884855 -1.297734 -1.202079 -0.905277 -0.869251 -0.820518 -0.948167 -0.961107 -0.868008 -0.956152 -0.582864 -0.967588 -0.944907 -0.969850
-0.884614 -0.711233 -0.801532 -0.905795 -0.941279 -0.932319 -0.913976 -0.931664 -1.024420 -0.855923 -1.025249 -0.710291 -0.880842 -0.784448 -1.061609 -0.952779 -0.935815 -0.638486 -0.966596 -0.897277 -0.845041 -1.096063 -1.032677 -0.752311 -1.118844 -1.255419 -0.999570 -0.948265 -0.900128 -0.937296 -0.921079 -0.825154 -1.095909 -0.575776 -1.106229 -0.924590 -0.887485 -1.012714 -0.873431 -0.750320 -1.031258 -0.795851 -0.881413 -0.906783 -0.915228 -0.891025 -1.033246 -0.976315 -1.052823 -0.693403 -0.991306 -0.864244 -0.834032 -1.013752 -0.858695 -0.931983 -0.964421 -0.777470 -0.785911 -0.846327 -0.787985 -0.952872 -0.774126 -1.363991 -0.957857 -0.841684 -0.738367 -0.813764 -0.990570 -0.843164 -0.899665 -0.978104 -0.856255 -0.702937 -0.633652 -0.965163 -0.966647 -1.277794 -0.695595 -1.094317 -0.896467 -1.062862 -1.053670 -0.841700 -0.790415 -0.767225 -0.863097 -0.928061 -0.743881 -0.976579 -0.799741 -0.883392 -0.820436 -0.838788 -0.708657 -0.886517 -1.067283 -0.661102 -1.216541 -0.896784 -0.957291 -0.730654 -0.954393 -1.137709 -0.942007 -0.761965 -0.728520 -1.042184 -1.032805 -0.810975 -0.977446 -0.871722 -1.026981 -0.899542 -0.867681 -1.104885 -0.763587 -0.737613 -0.887443 -0.646223 -0.848782 -1.037320 -0.921198 -1.052581 -0.812062 -1.006221 -0.806964 -1.003568 -1.073999 -1.141807 -0.779042 -1.088247 -0.672161 -1.062933 -0.886422 -0.976214 -0.713372 -0.916034 -0.981635 -0.949867 -1.261358 -0.828187 -1.010253 -0.899455 -0.837322 -1.049774 -0.880418 -1.040173 -1.046088 -0.909600 -0.978687 -0.635942 -1.136574 -0.974244 -1.024795 -0.947063 -1.139206 -0.893660 -0.901391 -0.863945 -0.692907 -0.776785 -0.953595 -0.959932 -0.918167 -0.765799 -0.806631 -0.817375 -1.404402 -0.752399 -0.754348 -1.171255 -0.824790 -0.764592 -1.005603 -0.866483 -0.924641 -1.087609 -0.959127 -1.023329 -1.066898 -1.270432 -0.831667 -0.874418 -1.005593 -0.824894 -1.003885 -0.723747 -0.827076 -0.942132
-1.078966 -0.832301 -0.955358 -1.077573 -0.709207 -0.760834 -1.153945 -0.916011 -0.810294 -0.907010 -1.154955 -1.032458 -0.843231 -0.598630 -0.872346 -0.597380 -0.893919 -0.838928 -0.868630 -1.043445 -0.833623 -1.000530 -0.867203 -0.900320 -0.693650 -0.944793 -0.682674 -0.774282 -1.070103 -0.857947 -1.116317 -0.860015 -0.939848 -0.888378 -1.048599 -0.728274 -1.062673 -0.947943 -1.053649 -1.130813 -1.074847 -0.954218 -0.891533 -0.723326 -1.069238 -0.871200 -0.958367 -1.135650 -1.042454 -0.832878 -1.020818 -0.914427 -0.997988 -0.910013 -0.981427 -0.864373 -0.944530 -0.849696 -0.621027 -1.068017 -1.051141 -0.831319 -1.104480 -1.016325 -1.091208 -1.167632 -1.100004 -0.684607 -0.799672 -0.976328 -0.895025 -0.855112 -0.970789 -1.077620 -1.274968 -0.800503 -0.690732 -1.150615 -0.786778 -0.894198 -1.312071 -1.067175 -0.759834 -0.806240 -0.708019 -1.238949 -1.133309 -0.658314 -0.450589 -0.708047 -0.931334 -1.073438 -0.816694 -1.103482 -0.683178 -0.937397 -0.740594 -0.861028 -0.625043 -0.849695 -0.844854 -1.324737 -1.047123 -0.938018 -0.766081 -0.711050 -0.938555 -0.866259 -0.987252 -1.044349 -0.771623 -1.158374 -0.875248 -0.879513 -0.863347 -0.984268 -0.965760 -1.055031 -1.029177 -1.037796 -1.077896 -0.962488 -0.820152 -0.925397 -0.831988 -0.980155 -0.986069 -0.820761 -0.772532 -1.098945 -0.793005 -1.017447 -1.141759 -1.141294 -0.625848 -1.053845 -0.631472 -0.945623 -1.058692 -0.911867 -1.165281 -1.189982 -0.855819 -0.778300 -0.957584 -0.825764 -0.934746 -0.955438 -1.158716 -0.755018 -0.864007 -1.198080 -1.029379 -0.765639 -0.851009 -0.785270 -0.887691 -1.040172 -0.937010 -1.133121 -0.781856 -1.107927 -0.975699 -0.905477 -1.161689 -0.949922 -0.802417 -0.645176 -1.084104 -1.116169 -1.049218 -0.705493 -0.830217 -0.998932 -0.947793 -0.799008 -1.223001 -0.955763 -0.994048 -0.974336 -0.856168 -0.879632 -0.680071 -1.063788 -0.836462 -0.977253 -0.866788 -0.747946 -1.138745 -1.032393
-1.012126 -0.757913 -0.958068 -0.781711 -0.876159 -1.011441 -0.919757 -0.903714 -1.367513 -0.883026 -0.731434 -0.869947 -0.844068 -0.635610 -0.880415 -1.043499 -0.661121 -0.713196 -0.999596 -0.735507 -0.825017 -0.839709 -1.138064 -0.994993 -0.931218 -0.966904 -0.873450 -0.924936 -1.102748 -0.735700 -0.776995 -0.721112 -1.078463 -0.909723 -0.707796 -1.014600 -0.882079 -1.013917 -1.057712 -1.018274 -0.909189 -0.967062 -0.891415 -1.041415 -1.050161 -0.827409 -0.626155 -0.801801 -0.979213 -0.708601 -0.926765 -1.062619 -0.844993 -1.111497 -0.859284 -0.867552 -1.066681 -1.108814 -0.882985 -0.930140 -1.067097 -1.037017 -1.007809 -0.991990 -0.757381 -1.048165 -1.087274 -0.943640 -0.789592 -1.061204 -1.045875 -1.050743 -0.982774 -1.115994 -0.704024 -0.817801 -1.110176 -0.957886 -0.776468 -0.910066 -0.812947 -1.034916 -0.663847 -0.954755 -0.953557 -0.914042 -0.945104 -0.688109 -1.056012 -0.655910 -1.068465 -0.892482 -0.812911 -1.030725 -1.145393 -1.109747 -1.170618 -1.057990 -0.992268 -1.053691 -0.978094 -0.687074 -0.996254 -1.122778 -0.880054 -1.023700 -1.131316 -0.975976 -0.915204 -1.194499 -1.039622 -1.005037 -0.842821 -0.951941 -1.018279 -1.060755 -0.728748 -0.778570 -1.025113 -0.857852 -0.925555 -0.852844 -0.787848 -0.856402 -1.065420 -0.902822 -0.834207 -0.963741 -0.785486 -1.175361 -0.932637 -0.797639 -1.153286 -0.821950 -0.834419 -0.850992 -1.102907 -0.785916 -1.047265 -1.005271 -0.847247 -0.796978 -1.189044 -0.989378 -0.937562 -0.998144 -1.113298 -0.797249 -0.727047 -0.922739 -1.186995 -0.937302 -0.873169 -0.944843 -1.140667 -1.259586 -0.755785 -1.171433 -0.846871 -1.187906 -0.868505 -1.012100 -1.160677 -0.943788 -0.943974 -1.135014 -1.034827 -0.921083 -1.140671 -0.794822 -0.811133 -0.781957 -0.782217 -0.876887 -1.176222 -1.123892 -1.092729 -0.903326 -1.139062 -0.852681 -1.003850 -0.697476 -0.944907 -0.812889 -0.833603 -1.079106 -1.002705 -0.640103 -0.827120 -0.917020
-0.876892 -0.883677 -1.240569 -0.952629 -1.071910 -0.921237 -0.971676 -0.916373 -0.839632 -0.901990 -0.920795 -1.162611 -0.780562 -0.917533 -1.006880 -0.904493 -0.831462 -0.793827 -1.037286 -0.728857 -0.984155 -0.830354 -0.839353 -0.868727 -1.159687 -0.852767 -0.902109 -0.874006 -0.742150 -0.765332 -1.225130 -0.891971 -0.881784 -0.876717 -1.246844 -0.763816 -0.852184 -0.769622 -1.005680 -1.102092 -0.993711 -0.963734 -1.121526 -0.906058 -0.749809 -0.972799 -1.013637 -0.712310 -1.017040 -0.766605 -0.961713 -0.959207 -0.984370 -1.224574 -0.828188 -0.871418 -0.925239 -0.923668 -1.213591 -0.953993 -1.007639 -0.977295 -0.751760 -0.768660 -0.963304 -1.145703 -0.905981 -1.003418 -0.880912 -1.037629 -0.983803 -1.108668 -0.997952 -0.934014 -0.857558 -1.045455 -1.020045 -0.730626 -1.216103 -1.061494 -1.043001 -1.228669 -1.249843 -0.703800 -0.905666 -0.915525 -0.703883 -0.806950 -0.868644 -1.204745 -0.518542 -1.013619 -0.958934 -1.061147 -0.723609 -1.098968 -1.131949 -0.726757 -0.884216 -0.880777 -0.914574 -0.856641 -1.040843 -0.782462 -1.142709 -0.992443 -0.769647 -1.199233 -1.051481 -0.788798 -0.845941 -1.106786 -0.993230 -0.854660 -1.034194 -0.942227 -0.963185 -1.085311 -0.751619 -1.011169 -0.795477 -1.014806 -1.013379 -0.749148 -0.827840 -1.032960 -1.101373 -0.980776 -0.840123 -1.275743 -1.129274 -0.969497 -1.056397 -0.921113 -0.960390 -0.987767 -0.956235 -0.742711 -0.689009 -0.960747 -1.122003 -0.980418 -1.085100 -0.853730 -0.769285 -1.047506 -1.247775 -0.740750 -0.740394 -0.937138 -1.073242 -1.007777 -0.882544 -0.937081 -0.908399 -1.144831 -0.883446 -0.878291 -1.030271 -1.064622 -1.215154 -1.029889 -0.919691 -1.037960 -0.942056 -1.032742 -0.983587 -0.964221 -0.905153 -0.866685 -0.973172 -0.942662 -0.949059 -0.912181 -1.071994 -0.828009 -0.947455 -0.749228 -0.818905 -0.962911 -0.834367 -0.917445 -0.781187 -0.559096 -1.243031 -0.780292 -0.847918 -0.688385 -0.910464 -0.991062
-0.882251 -1.043054 -0.963114 -0.840792 -0.822241 -0.914715 -0.913708 -1.231712 -0.852815 -1.094218 -1.143832 -0.988699 -0.865239 -1.203186 -0.764366 -0.812531 -0.964915 -0.951938 -0.960280 -1.001926 -0.971461 -1.016648 -0.830333 -0.934090 -0.918132 -0.974576 -0.694817 -0.861567 -0.946837 -0.869259 -0.733965 -1.028874 -0.965629 -0.809314 -0.831510 -1.081016 -0.829567 -0.755432 -0.946904 -1.016001 -1.167336 -0.923072 -0.968017 -0.955235 -1.072143 -1.036402 -1.055812 -0.971161 -0.982544 -1.057663 -0.963154 -1.089943 -0.993631 -0.619423 -1.122359 -0.817578 -0.931784 -0.950378 -1.030759 -0.796487 -1.042791 -0.945675 -0.876422 -0.837873 -0.957343 -1.011180 -0.868727 -0.909243 -1.075855 -0.878650 -1.131903 -1.134674 -0.989253 -0.902319 -1.123500 -1.022801 -0.993067 -0.841612 -0.805591 -1.113040 -0.805798 -0.712587 -1.058461 -0.967120 -0.846912 -0.968060 -0.991188 -0.767900 -0.831065 -1.210884 -0.556074 -0.876673 -1.286779 -1.081628 -0.940107 -0.889913 -0.827217 -1.064514 -0.988445 -0.961626 -0.862257 -1.034268 -0.825154 -0.932138 -1.020762 -0.874718 -0.914365 -0.825153 -0.862702 -0.830464 -1.066157 -0.684580 -1.058376 -0.930158 -0.806520 -1.465832 -0.875707 -1.191830 -0.821628 -0.905910 -0.815447 -1.125986 -1.069069 -0.785633 -1.118834 -1.349109 -1.025793 -1.162574 -0.776291 -0.974071 -1.264374 -0.786082 -0.912723 -1.080747 -0.939909 -0.794207 -0.908554 -0.630922 -0.615300 -0.803746 -0.937017 -1.132939 -0.916995 -1.003750 -0.983192 -0.783015 -1.039614 -0.918033 -0.936324 -0.859177 -0.977078 -1.223752 -0.930802 -1.033403 -0.906907 -0.991003 -0.934934 -0.768228 -0.928368 -0.971632 -0.834156 -0.982472 -1.002385 -0.732420 -0.707159 -0.963916 -0.891100 -0.946264 -0.918033 -1.022222 -0.914365 -0.929820 -0.983785 -0.709582 -0.813787 -0.782549 -0.915327 -1.116671 -0.769536 -1.345055 -0.744165 -0.962295 -0.819660 -0.938296 -0.913205 -0.901339 -1.385028 -1.058801 -0.798522 -0.959935
-0.925549 -0.856764 -0.580601 -0.645352 -1.040560 -1.034970 -1.153765 -0.600947 -0.923160 -1.008710 -1.020128 -0.873428 -0.880762 -0.814463 -0.831100 -1.069076 -0.862556 -0.928627 -1.104331 -0.994902 -1.004013 -0.849740 -0.940522 -1.113546 -0.964896 -1.090126 -1.026900 -0.879993 -0.988116 -1.039302 -0.740470 -0.819875 -1.070305 -1.099399 -0.848233 -0.617778 -0.827487 -0.817543 -0.816862 -0.751786 -0.754402 -0.897512 -0.880281 -0.852607 -1.059169 -0.876611 -0.778536 -0.818925 -1.069265 -1.033502 -1.028377 -0.844714 -0.973038 -0.934798 -0.920694 -0.980330 -0.690000 -0.855799 -1.003782 -0.904797 -0.764951 -0.984733 -1.112473 -0.904891 -0.947282 -0.785706 -0.861870 -1.226841 -0.957050 -1.059771 -0.784083 -0.903046 -0.882410 -0.838499 -0.669007 -0.923962 -0.950782 -1.074934 -1.091149 -0.884416 -0.819251 -0.774037 -1.064822 -0.970646 -0.792735 -1.038260 -1.029258 -0.856510 -0.890114 -1.227811 -0.903948 -0.873328 -0.855958 -0.827324 -0.921842 -0.838104 -0.804269 -0.923999 -1.155121 -0.931430 -0.932019 -1.124381 -1.249533 -0.995173 -0.789490 -1.038681 -0.790143 -0.815439 -0.880766 -0.999518 -0.945698 -0.909019 -0.773199 -0.952787 -0.947356 -0.916395 -0.923418 -1.326714 -0.796288 -0.789821 -0.899178 -0.781097 -1.008733 -0.986425 -0.863308 -1.001506 -0.952019 -0.814312 -0.795284 -1.087501 -0.980579 -1.199535 -0.805457 -1.137191 -0.932648 -0.944683 -1.065469 -0.830001 -0.667406 -0.913057 -0.944707 -0.922515 -0.882672 -1.000432 -0.819273 -1.330772 -1.180424 -0.898699 -0.983432 -0.792460 -1.131575 -0.829775 -1.282703 -0.928406 -0.854176 -0.949925 -0.698063 -0.966529 -0.890186 -1.009033 -0.877399 -0.903337 -0.864016 -0.978308 -0.963134 -0.880322 -0.717638 -0.826137 -0.888561 -0.904549 -0.824934 -0.901209 -0.843127 -1.023547 -0.964201 -0.868117 -0.987055 -0.904689 -1.154142 -1.150077 -0.969095 -0.914015 -0.869528 -1.453358 -0.942038 -0.924852 -1.030384 -1.120527 -1.212228 -0.874904
-0.783057 -0.980481 -0.906876 -0.998781 -0.831716 -0.674742 -0.972791 -1.030838 -1.002656 -1.078664 -1.043669 -0.848058 -0.706874 -0.937696 -0.855842 -0.899596 -0.975048 -0.916527 -0.886361 -1.036272 -1.296552 -0.887014 -0.750433 -0.912774 -0.957478 -1.104275 -1.035027 -1.107662 -1.035057 -1.105081 -0.912150 -0.837642 -0.980215 -1.041487 -0.728118 -0.693584 -0.905069 -0.872451 -0.624941 -1.198019 -0.899074 -0.772542 -0.906589 -1.110371 -0.964832 -1.059538 -0.842431 -0.896371 -1.090025 -0.904950 -0.794889 -1.006055 -0.948729 -0.792821 -1.096178 -0.851516 -0.741003 -1.040341 -0.909623 -1.138572 -0.866053 -0.957246 -0.958584 -0.839783 -0.755860 -0.899008 -0.970839 -0.887409 -1.223725 -0.851930 -0.958946 -0.903763 -1.115758 -1.154048 -0.822740 -1.012499 -1.021478 -0.880864 -0.788611 -0.730467 -0.912198 -1.044420 -0.810715 -1.049176 -0.810726 -0.901125 -0.892252 -0.785136 -0.826597 -0.903168 -0.824000 -1.003533 -1.022516 -0.992448 -1.142872 -1.104754 -0.887102 -1.279813 -0.747066 -0.930424 -0.982430 -0.883819 -0.797854 -0.767623 -1.189012 -1.027392 -1.094496 -0.914013 -0.863304 -0.823117 -0.885046 -0.884413 -0.993291 -1.101710 -1.152933 -0.887885 -0.984433 -1.067660 -0.753299 -0.749795 -0.791808 -0.987168 -0.765144 -0.867565 -1.186163 -0.595078 -1.000097 -1.032227 -1.112191 -1.121014 -0.669515 -0.731138 -1.012479 -0.923047 -0.841325 -0.958069 -1.010993 -1.105509 -0.874722 -0.735645 -1.071133 -0.941267 -0.885080 -0.902732 -1.018788 -0.966600 -0.973210 -1.017781 -0.837296 -0.730204 -0.992807 -0.844009 -1.264961 -1.034152 -0.818446 -0.816526 -0.935464 -0.795005 -1.216546 -0.945994 -0.745970 -1.054782 -0.803430 -0.897092 -0.904240 -1.008637 -0.767950 -0.664757 -0.901021 -0.919559 -0.601136 -0.832726 -1.125910 -0.904328 -1.071818 -1.130408 -0.952535 -0.894013 -0.800095 -0.956587 -0.707254 -1.037139 -0.981929 -0.938989 -0.872133 -0.994793 -1.020414 -0.710570 -1.124378 -1.126277
-1.103905 -1.068876 -0.881804 -0.966117 -1.062543 -0.849307 -1.196019 -1.118058 -0.900851 -1.150170 -0.950417 -1.007206 -0.901554 -0.892925 -0.832884 -1.086924 -0.821343 -0.954387 -0.721201 -1.034758 -0.848221 -0.676394 -0.981106 -1.118253 -0.950244 -0.996557 -1.019358 -0.904985 -0.987062 -0.998831 -1.090339 -1.127054 -0.948907 -0.885658 -1.104857 -0.990208 -0.833522 -0.825482 -0.980502 -0.736151 -0.977009 -0.798525 -0.898835 -1.155368 -0.713299 -0.963584 -0.896877 -0.933663 -1.077849 -1.108246 -0.830384 -0.927811 -1.054269 -0.742077 -1.079927 -1.070996 -0.809511 -0.700577 -0.803740 -0.591627 -0.783461 -1.046633 -0.839172 -0.984082 -0.885348 -1.104865 -0.853836 -0.844709 -0.730581 -0.882916 -0.835214 -0.804012 -0.880974 -1.039155 -0.802437 -1.002584 -0.932245 -1.045252 -0.720292 -0.663735 -0.996848 -0.831417 -0.831294 -0.814046 -0.853261 -0.732708 -0.870578 -0.791195 -0.669028 -0.725015 -0.651373 -0.670266 -0.925807 -0.922203 -0.864840 -0.933054 -0.856279 -0.893405 -0.917973 -0.919596 -1.182897 -0.927372 -0.944733 -1.187623 -1.074538 -0.753909 -0.782009 -0.837751 -1.048316 -0.964209 -1.095376 -1.087371 -0.927393 -1.005002 -0.841602 -0.892529 -1.186231 -1.050620 -1.108000 -0.958786 -0.938021 -0.691481 -0.892256 -0.908703 -1.225371 -0.962480 -0.898603 -1.039982 -1.025116 -0.809588 -0.868961 -0.746756 -0.689819 -0.736966 -0.781325 -0.950958 -1.165173 -1.030027 -1.105868 -0.652282 -0.931013 -1.020263 -0.767807 -0.852581 -1.226575 -1.019041 -0.834219 -0.820917 -0.918200 -0.906160 -0.941442 -1.156562 -0.679709 -1.001160 -1.165770 -0.977160 -0.940070 -0.911944 -0.834555 -0.635714 -0.979558 -0.876066 -0.884995 -1.221108 -0.623499 -0.765318 -0.625089 -0.839837 -0.790244 -1.014539 -0.966586 -0.943828 -0.960622 -0.918192 -0.847471 -1.168562 -0.998805 -1.150866 -0.928693 -0.725485 -0.833974 -1.081830 -1.046624 -1.081449 -1.112135 -0.856066 -0.739664 -1.141613 -0.993890 -0.801167
-1.069858 -0.947326 -0.840997 -0.898326 -1.211119 -1.083227 -0.881817 -0.820419 -1.025005 -1.000195 -0.811294 -0.770157 -1.062013 -0.863260 -0.993502 -0.790175 -1.253445 -1.052776 -0.850632 -0.906576 -0.847540 -0.748611 -0.994000 -0.800756 -0.970635 -0.985941 -0.971398 -0.951628 -0.919135 -0.788988 -1.180645 -0.925836 -0.913738 -0.898875 -0.930913 -0.878266 -1.062290 -0.801776 -0.777703 -0.930705 -1.171710 -0.842209 -0.859936 -1.009264 -0.954650 -1.082305 -0.925050 -0.924074 -0.956033 -1.050732 -1.098217 -0.769721 -1.248565 -1.147155 -0.881218 -0.896007 -1.077592 -0.682385 -0.691598 -0.950343 -0.857279 -0.874782 -0.856683 -1.038784 -0.856641 -0.757396 -0.906662 -1.035597 -1.064442 -0.797762 -0.927903 -0.866181 -0.912439 -0.944511 -0.560523 -1.029125 -1.017439 -1.100027 -0.888908 -0.775720 -0.826035 -0.853146 -0.952099 -0.897780 -1.077882 -0.492328 -1.341991 -0.863423 -0.839859 -0.693031 -0.881475 -0.719964 -1.052744 -1.244839 -0.974670 -0.907857 -0.830495 -0.943262 -0.781364 -0.962530 -1.012363 -1.094140 -1.141865 -0.636741 -1.141130 -1.099782 -1.141460 -0.949382 -0.877718 -0.687187 -0.946938 -0.993688 -0.728426 -0.849937 -0.891755 -0.870232 -1.035435 -0.708180 -0.945387 -0.993041 -0.811933 -0.998594 -1.003390 -0.885501 -0.914713 -0.930752 -1.065876 -0.886503 -0.913643 -1.019158 -0.811065 -0.688200 -0.836172 -0.833399 -0.697709 -0.901998 -0.938163 -1.154596 -1.152160 -1.065001 -0.941634 -0.858911 -0.872819 -0.803474 -0.975799 -0.866768 -1.141119 -1.012563 -1.035981 -0.915339 -1.070734 -0.636496 -0.805841 -0.799948 -0.814480 -1.136144 -0.753629 -0.884006 -0.801234 -1.126677 -0.940508 -0.875291 -0.962721 -0.844486 -0.882885 -0.953164 -0.796082 -0.988621 -0.863986 -1.028436 -1.109301 -1.119043 -0.927520 -1.024276 -0.892381 -1.059445 -1.185473 -1.018595 -0.862015 -0.790700 -1.032272 -1.204096 -1.023945 -0.890059 -0.665724 -0.805847 -0.804264 -1.058101 -1.122050 -0.980497
-0.963034 -1.081986 -0.938153 -1.022597 -0.986329 -0.761767 -0.808426 -0.899387 -0.815822 -1.127098 -0.908477 -0.875584 -0.867445 -1.126182 -1.013831 -0.872540 -0.710885 -1.076535 -0.907425 -0.983856 -1.068951 -0.896519 -0.740832 -1.040699 -0.901276 -1.103466 -0.868652 -0.829804 -1.065103 -0.940622 -1.012165 -0.932335 -0.843504 -1.114209 -0.861379 -0.951294 -0.999714 -0.849509 -0.716232 -0.845951 -1.143313 -0.967789 -0.917853 -0.976688 -0.968510 -1.020521 -0.964075 -0.923306 -0.963646 -1.038451 -0.914370 -1.001847 -0.814778 -1.088754 -0.904145 -1.123315 -0.836980 -0.895672 -0.564095 -1.145722 -1.178364 -0.841010 -0.969548 -1.077086 -0.901070 -1.039887 -0.755934 -1.082564 -0.986069 -0.935861 -0.928370 -0.844935 -0.984557 -0.960729 -0.854527 -0.824306 -0.963066 -0.911844 -0.970421 -1.035931 -0.812602 -0.880355 -0.574420 -0.922014 -0.618119 -0.670207 -1.094770 -1.153032 -1.087612 -1.073262 -1.100797 -0.897028 -0.931033 -1.049067 -0.890595 -0.727243 -1.062461 -0.993635 -0.579668 -1.010961 -0.969834 -0.890058 -0.819706 -0.804096 -0.865221 -1.017706 -0.878098 -0.835775 -1.089809 -0.856527 -0.953551 -1.022663 -0.933477 -1.037109 -0.963847 -1.084650 -0.894400 -0.777681 -1.017605 -0.951718 -0.908007 -0.701347 -0.750611 -0.795034 -1.020779 -0.977799 -0.815652 -0.919671 -0.782070 -0.970681 -1.048899 -1.145640 -0.859352 -1.059936 -1.121471 -1.050490 -0.954819 -0.987748 -0.971005 -0.886265 -1.028273 -1.090091 -0.698820 -1.084992 -1.082093 -1.038740 -1.062683 -0.802474 -0.969127 -1.107526 -0.591871 -0.791329 -0.923611 -0.930519 -0.786382 -1.158336 -1.166754 -1.059800 -0.936678 -1.010168 -1.118722 -0.919048 -0.981424 -0.941620 -1.007688 -1.030477 -1.224712 -1.033751 -1.231387 -0.790349 -1.164400 -0.812251 -0.761665 -1.048907 -1.121196 -1.161843 -0.977182 -0.899328 -0.835683 -0.579242 -0.929987 -0.916907 -0.779760 -0.917065 -0.715990 -0.769804 -1.194443 -0.739082 -0.950465 -0.970967
-0.884289 -1.081195 -0.968331 -0.864514 -1.100819 -0.924719 -0.909720 -0.983157 -0.908118 -1.268385 -0.900336 -0.983795 -0.882170 -0.820685 -0.855932 -0.892915 -1.028116 -0.840518 -0.744511 -0.587127 -0.809345 -0.911134 -0.880111 -0.878882 -0.655031 -1.068634 -0.976605 -1.017292 -1.035465 -0.953011 -0.799905 -1.090862 -0.950462 -0.911883 -0.919686 -0.787261 -0.610822 -0.757731 -0.955524 -0.913303 -0.994751 -1.146965 -1.221182 -0.991577 -0.827373 -0.996898 -1.007939 -0.996699 -0.890412 -1.010344 -0.886062 -0.969102 -1.017316 -0.801291 -0.854315 -1.074147 -0.996975 -1.007824 -0.844337 -0.820650 -0.952539 -1.100254 -0.833129 -0.773587 -0.767197 -0.891724 -0.878213 -0.987082 -0.901807 -1.180223 -0.782713 -0.968129 -0.932090 -0.919248 -0.981813 -0.907887 -0.770073 -0.966384 -0.980444 -1.239902 -0.817680 -1.132573 -0.626175 -0.828031 -0.820407 -0.783500 -1.048385 -1.002721 -0.827041 -0.691798 -0.844010 -1.066510 -0.859849 -0.934509 -0.808870 -0.930278 -1.022734 -0.867573 -0.749124 -0.875272 -1.032537 -0.646041 -0.969143 -0.757952 -1.060211 -0.888299 -0.813999 -0.861119 -0.885905 -0.940170 -0.782781 -0.868695 -1.026895 -0.693611 -0.792786 -0.797673 -0.928570 -0.744868 -1.157932 -0.764541 -1.176964 -1.121858 -0.749064 -0.827642 -0.747842 -0.992114 -0.703467 -0.904942 -1.188409 -1.097397 -0.846764 -0.975093 -0.898822 -0.958115 -1.023729 -1.149277 -0.802438 -0.790625 -0.776920 -0.937764 -1.122794 -1.031641 -0.923322 -1.097413 -0.857039 -0.911606 -0.895088 -0.982167 -1.029750 -1.071475 -1.094761 -1.109883 -0.934905 -0.883736 -0.983829 -0.864716 -1.016089 -0.722198 -0.748180 -1.207098 -0.673711 -0.831175 -0.807490 -1.156549 -0.756130 -0.778178 -1.210210 -0.771681 -0.982759 -0.992983 -0.546685 -0.905110 -0.986467 -0.816218 -1.178213 -0.995513 -1.025745 -0.922132 -1.042533 -1.167567 -1.328863 -0.978201 -0.830599 -0.799011 -1.301757 -1.117917 -0.901924 -1.079157 -0.849227 -1.082748
-1.015281 -0.633251 -1.031016 -0.836627 -0.900330 -1.246572 -1.022499 -0.924070 -0.962349 -0.930411 -0.915386 -1.120279 -0.994037 -0.979033 -0.970337 -0.921179 -0.901000 -0.966202 -0.712327 -0.723318 -0.858304 -0.867131 -0.824110 -0.858457 -1.210111 -1.080653 -0.971878 -0.967722 -1.089645 -0.793495 -0.954269 -1.098972 -1.172987 -0.952568 -0.962917 -0.961030 -0.942353 -0.828464 -0.936167 -1.020662 -0.813773 -0.763852 -0.744312 -1.301182 -0.837916 -0.946741 -1.124319 -0.790711 -1.158293 -0.815871 -1.014865 -1.061519 -0.651841 -1.019889 -0.917088 -0.967930 -0.911039 -0.966842 -0.934389 -0.879955 -0.900045 -0.827031 -1.005184 -0.941412 -0.948397 -0.735043 -1.042486 -0.973759 -0.833607 -1.074176 -1.085859 -0.860999 -0.936061 -1.032061 -1.100707 -0.812553 -0.937707 -0.677373 -0.937934 -1.205152 -0.869749 -1.290103 -0.636915 -0.980227 -0.556675 -0.913043 -1.135386 -1.030121 -0.746773 -0.812451 -1.011453 -1.119863 -0.901677 -1.000130 -0.886490 -0.773335 -0.962819 -1.101344 -0.954217 -1.078803 -0.853907 -0.847580 -0.968855 -1.097344 -0.832211 -0.941179 -0.687229 -0.908886 -1.018689 -0.976489 -0.617743 -1.149406 -0.883341 -1.051848 -0.725903 -0.958636 -1.011058 -0.790106 -0.676890 -0.812598 -1.222737 -1.171107 -0.902873 -0.943557 -0.765955 -0.827921 -1.115703 -1.059180 -0.814210 -0.964953 -0.813867 -0.910093 -1.024318 -0.959445 -0.989469 -1.106918 -0.974099 -0.822925 -0.790600 -1.015654 -0.849544 -1.244283 -0.789636 -0.830133 -1.058100 -0.790038 -0.814596 -0.878027 -0.979375 -1.164836 -0.758721 -1.014757 -1.094887 -0.908713 -0.954523 -0.814167 -0.714657 -0.925325 -0.815691 -0.816916 -0.993976 -1.025862 -1.027931 -1.027094 -0.777532 -1.131798 -1.164666 -0.896957 -1.216534 -0.817309 -0.841729 -0.927435 -0.957060 -0.903965 -0.841487 -0.885131 -0.874331 -0.794535 -0.897567 -0.923602 -0.842558 -0.676088 -0.987844 -1.085467 -0.916281 -1.132938 -0.883924 -0.872521 -1.017528 -1.208644
-1.105318 -0.921037 -0.899998 -0.990504 -1.016325 -0.962345 -1.010158 -0.894929 -0.571954 -1.124911 -0.852718 -0.742425 -0.888833 -0.705563 -0.897681 -0.769336 -1.072423 -0.928750 -0.978675 -1.073164 -1.050329 -0.981787 -1.166403 -1.058424 -1.008589 -1.148461 -0.760387 -0.868127 -0.758143 -0.511812 -0.851721 -0.823605 -0.983702 -0.802026 -0.894333 -1.164231 -0.952002 -0.939072 -1.167858 -0.873452 -1.021543 -0.885461 -0.683867 -1.228354 -1.179093 -0.923786 -1.021873 -0.817368 -0.973927 -1.068084 -1.070753 -0.883207 -0.902840 -1.101470 -0.931642 -0.973440 -1.023802 -0.835505 -1.143356 -0.874181 -1.012326 -1.042804 -1.012108 -0.975844 -0.871514 -0.904213 -0.803399 -1.195826 -1.187853 -0.871408 -0.848121 -1.124426 -1.051203 -0.843009 -0.700997 -0.580523 -0.713314 -0.890137 -0.828769 -0.925495 -0.942934 -0.992057 -1.263242 -0.879656 -0.938695 -0.829951 -0.831743 -0.955927 -1.088295 -0.959797 -0.719409 -0.923697 -0.733296 -1.179261 -0.996079 -1.019325 -0.891491 -0.677526 -1.058697 -0.787595 -0.884688 -0.997156 -0.828165 -0.961690 -1.000860 -0.786839 -0.979065 -0.931616 -0.784454 -0.923771 -0.991552 -0.811472 -0.964467 -1.092121 -0.956278 -0.929124 -0.705341 -1.045935 -0.908705 -1.078581 -1.104169 -0.941399 -0.952390 -1.004926 -0.906579 -0.863029 -0.927775 -0.951365 -0.954160 -1.064116 -1.196957 -0.699438 -0.903336 -0.793512 -1.077971 -1.157422 -1.075705 -0.958942 -0.662195 -1.113572 -0.867380 -1.213864 -0.900820 -0.932031 -0.871377 -0.820607 -1.008717 -0.788991 -1.267924 -1.156630 -1.099525 -0.934119 -0.854047 -1.070659 -1.035881 -0.985144 -0.855591 -0.761234 -0.953335 -0.832196 -1.026649 -0.839697 -0.937782 -0.837008 -1.043766 -0.726564 -0.948693 -0.808167 -0.932912 -0.873508 -0.989860 -0.863645 -0.978927 -0.953022 -0.793907 -0.944978 -0.718442 -0.748608 -1.154609 -1.083471 -0.783635 -0.779534 -1.030068 -0.851124 -0.896570 -1.015309 -1.054999 -0.885178 -0.927015 -0.836048
-0.765153 -1.094794 -1.065241 -0.721374 -0.936545 -0.970816 -0.960764 -0.860560 -0.811491 -1.075990 -1.082969 -0.613221 -0.765649 -0.949066 -0.829900 -1.020249 -0.910936 -1.070361 -0.907198 -0.901361 -0.856242 -1.198011 -1.002533 -0.989238 -0.724053 -0.865138 -0.770991 -0.857337 -1.234349 -0.782403 -1.121865 -0.957440 -0.894786 -0.844220 -0.890998 -0.836111 -0.864134 -1.001042 -0.642042 -0.754687 -0.906753 -0.797865 -0.844777 -1.052404 -0.822802 -0.963035 -0.901018 -0.883370 -1.011070 -0.862038 -0.831253 -0.811037 -1.087802 -1.010750 -0.934198 -0.924199 -0.997517 -1.060129 -0.949052 -0.832667 -0.969043 -0.981303 -1.009383 -1.140837 -0.800767 -0.656035 -0.883368 -0.962928 -0.909212 -0.966959 -0.907640 -0.971342 -0.698217 -1.089518 -0.924960 -0.662120 -0.815568 -0.968328 -0.643360 -1.070100 -0.941398 -0.907736 -0.895030 -1.021448 -0.713237 -1.070453 -0.862515 -0.941233 -0.677700 -0.878869 -0.911050 -0.991230 -0.884468 -0.627242 -0.794585 -1.038964 -0.923750 -0.845257 -1.156957 -1.001375 -0.950600 -0.899937 -0.969127 -0.828354 -0.832663 -0.936509 -0.804162 -0.811408 -0.843637 -0.843379 -0.695268 -0.854263 -0.930801 -0.962435 -1.011288 -1.037442 -0.881098 -0.733720 -1.007373 -0.910745 -0.976909 -1.107341 -1.218817 -0.917641 -1.030429 -1.041426 -1.036768 -0.804118 -0.847144 -1.159609 -0.785811 -1.130430 -0.842943 -0.790460 -0.782947 -0.973511 -0.772661 -0.867741 -0.829094 -0.847892 -0.997883 -0.919693 -1.195915 -1.062883 -0.747680 -1.025980 -1.104088 -1.008324 -1.018146 -0.860743 -0.691855 -1.111501 -1.197914 -1.114683 -0.927712 -1.070095 -0.798829 -1.060393 -0.864904 -0.956734 -1.061436 -0.747463 -0.767282 -0.962559 -0.814162 -0.690003 -0.928081 -0.992527 -0.953382 -0.840608 -1.208755 -0.776467 -0.776235 -1.056504 -0.775965 -1.183985 -0.585223 -1.362819 -0.676396 -0.850081 -0.895355 -0.838920 -0.818146 -0.883538 -1.125074 -0.833599 -0.900149 -0.877324 -0.819863 -0.995401
-0.987713 -0.870220 -0.756996 -1.185580 -0.970496 -0.934143 -0.982869 -0.916502 -0.572515 -1.131829 -0.903598 -0.633393 -0.843339 -0.898310 -0.869532 -1.097680 -0.917221 -0.964218 -0.920032 -1.109798 -1.349938 -1.039291 -0.737858 -1.125957 -0.818423 -1.101342 -1.067373 -0.868223 -1.137582 -0.890614 -0.848990 -1.174802 -0.572089 -0.810100 -0.800048 -1.133373 -1.016189 -0.788798 -0.937301 -0.915177 -1.232658 -0.875901 -0.926312 -1.002744 -0.919192 -0.932394 -0.921290 -0.848189 -1.050460 -0.970868 -0.968259 -0.914413 -0.957338 -1.133684 -0.933930 -0.760149 -0.982979 -1.049103 -1.014123 -0.994125 -1.029138 -1.075216 -1.117500 -1.004895 -1.140983 -0.972531 -1.003192 -1.156101 -0.934018 -0.836969 -1.062454 -1.161636 -0.817691 -1.092945 -0.942894 -0.704054 -1.101094 -0.926854 -0.696085 -0.949312 -1.031551 -0.951315 -0.909393 -1.090620 -1.218188 -0.651234 -0.750357 -0.782212 -0.653128 -0.870473 -0.978727 -0.899321 -0.860008 -1.042456 -0.997514 -0.801348 -0.741212 -0.761218 -0.676871 -0.977623 -0.857229 -0.946422 -0.950417 -0.755874 -1.067592 -0.999563 -1.159971 -0.802556 -0.687227 -1.115664 -0.877953 -0.660583 -0.773430 -0.975033 -0.885280 -0.957437 -0.901022 -0.713874 -0.994315 -0.936221 -0.875574 -0.972990 -0.965009 -0.925681 -0.945500 -1.179265 -0.902348 -1.089318 -0.859157 -0.982817 -0.869185 -0.933926 -1.061604 -0.842587 -0.831420 -1.193083 -1.056879 -1.025074 -0.954974 -0.873745 -0.800333 -0.874517 -0.914101 -0.928833 -1.168874 -1.002631 -1.311871 -0.988696 -1.190295 -0.990994 -0.879381 -0.984699 -0.764982 -0.809585 -0.923290 -0.778582 -0.957859 -0.979630 -0.743908 -0.942214 -1.292219 -1.052571 -0.885903 -1.166260 -0.941241 -0.824014 -0.769394 -1.032794 -0.917201 -0.976597 -0.979395 -1.127378 -1.026888 -1.006039 -0.761146 -0.975945 -0.940012 -1.006936 -0.897284 -1.127341 -1.175797 -0.817004 -0.826795 -1.032459 -0.967941 -0.772189 -1.059755 -1.062094 -0.802004 -0.942777
-1.072336 -0.730956 -1.094172 -1.004471 -0.950078 -0.652499 -1.059502 -1.257782 -0.842354 -0.997634 -1.167546 -1.150024 -1.127967 -0.840653 -0.887157 -0.794332 -1.006507 -1.026793 -1.056668 -0.912364 -1.231885 -0.551125 -0.822913 -1.011507 -0.877362 -0.865104 -0.973931 -1.121886 -0.999243 -0.975555 -1.040851 -1.154405 -1.166235 -1.180459 -1.030715 -0.960222 -0.694206 -0.926237 -0.869766 -1.026327 -0.836217 -0.803539 -1.023745 -0.962838 -0.607947 -0.825093 -1.084543 -1.221477 -0.746493 -1.157420 -1.051516 -0.913395 -0.869561 -1.254440 -0.929694 -0.789843 -1.150911 -0.943927 -0.804949 -0.925615 -1.021874 -1.084807 -0.920636 -0.838956 -0.692504 -0.993205 -0.746032 -0.919913 -0.965637 -0.967338 -1.070470 -0.947732 -1.136375 -1.001576 -0.949237 -1.021794 -0.908461 -1.014342 -0.727346 -0.868294 -0.812366 -0.811018 -0.915742 -0.971234 -1.093111 -0.968760 -1.278721 -1.189711 -0.981296 -0.861589 -0.998231 -0.799873 -0.681640 -1.171871 -0.927428 -0.854661 -0.891053 -1.106667 -1.014451 -0.846917 -0.957437 -1.007850 -0.894176 -0.909301 -1.113991 -1.138368 -0.857394 -0.810077 -0.918230 -0.806439 -1.022449 -0.863293 -0.748490 -0.826759 -1.055908 -0.729366 -0.984778 -0.822364 -1.074535 -1.043107 -0.854437 -0.862904 -0.743736 -0.720546 -0.807964 -1.029238 -1.109280 -1.198352 -0.904986 -0.895639 -0.619731 -0.882390 -0.720056 -1.039974 -1.018295 -0.998504 -1.019327 -0.909192 -1.312695 -0.922705 -0.823403 -1.099364 -0.734671 -0.765701 -0.928351 -0.892563 -0.923257 -0.931505 -0.968283 -0.854811 -0.994704 -0.960706 -1.211117 -0.899060 -1.120840 -1.123577 -1.241742 -0.796232 -1.120169 -1.104407 -1.170940 -0.830295 -0.886858 -1.030790 -1.065020 -0.946439 -0.931939 -1.163380 -0.999523 -1.343275 -0.848315 -1.069849 -0.810973 -0.955917 -0.841663 -0.928291 -0.749385 -0.909347 -0.688636 -0.819012 -1.187139 -0.774315 -0.852204 -1.032399 -0.975495 -1.024459 -0.932567 -1.100596 -0.768162 -1.096966
-0.781892 -0.952248 -0.818575 -1.082344 -1.097328 -1.325444 -0.750936 -1.012113 -0.804978 -1.034297 -0.776829 -1.027448 -0.995748 -1.016865 -1.016837 -1.114683 -1.037360 -0.839734 -1.014007 -0.987821 -1.037096 -0.972980 -1.006611 -0.862881 -0.698644 -1.085706 -0.897499 -0.929875 -0.969854 -0.723045 -0.944558 -1.059710 -0.820992 -0.684052 -1.052346 -0.787582 -1.161533 -0.850812 -0.649147 -0.782841 -0.840745 -0.873329 -0.951907 -0.774060 -0.533247 -0.805196 -0.815031 -0.888815 -0.913428 -0.998083 -0.959646 -0.842936 -1.016854 -0.924034 -0.866560 -0.930310 -1.043311 -0.761804 -0.769465 -0.811035 -1.149905 -1.059616 -0.946474 -0.798360 -0.886871 -0.923901 -0.930741 -0.857329 -0.811319 -1.172660 -1.044067 -0.765153 -0.973985 -0.634915 -0.876445 -0.863464 -1.105083 -0.691806 -0.877441 -1.035965 -1.014793 -0.836188 -0.810010 -0.847128 -0.840857 -0.786762 -0.863508 -0.862443 -0.807137 -0.764719 -0.910403 -1.221142 -1.067512 -0.762202 -0.873540 -1.044754 -0.931645 -0.860428 -1.146576 -0.994516 -0.776855 -0.776784 -0.751172 -1.042906 -1.046888 -0.991355 -1.213879 -1.052009 -1.001050 -1.092791 -1.170633 -0.758744 -0.749206 -0.693238 -0.639948 -0.674180 -0.852285 -0.898337 -0.905664 -0.847450 -1.278103 -1.096347 -0.949486 -0.974182 -0.728457 -0.870381 -0.699284 -1.129893 -1.012311 -0.938858 -1.161974 -1.138227 -0.988868 -1.130452 -0.972471 -0.982297 -0.895271 -1.273130 -0.963733 -1.171479 -1.096007 -0.954312 -1.265233 -0.929512 -0.936129 -0.679613 -1.020238 -1.025512 -0.905778 -1.215159 -0.981559 -1.083736 -0.923463 -1.014140 -1.142729 -0.989496 -0.924412 -0.953302 -1.115638 -0.932690 -0.970821 -1.074685 -0.901426 -0.855269 -0.940727 -0.901892 -1.069079 -0.880079 -1.238562 -0.760957 -1.040996 -1.037392 -0.905240 -0.810246 -0.874467 -0.862295 -1.072511 -1.003332 -1.029767 -0.726983 -1.219446 -0.872519 -0.754869 -0.821201 -0.903022 -0.993196 -0.728530 -0.544052 -0.848282 -0.865858
-0.802155 -0.913443 -0.610593 -0.924978 -1.050329 -1.005855 -0.676089 -0.909106 -0.858212 -0.799953 -0.945071 -0.863953 -0.993283 -1.027383 -0.867151 -1.059800 -0.923194 -0.885132 -0.937662 -0.940170 -0.807460 -0.785255 -1.016639 -0.974171 -0.883125 -0.748550 -1.256422 -1.030570 -0.723187 -0.847528 -0.944203 -0.789074 -1.072716 -1.276975 -0.940069 -1.273145 -1.086883 -0.792337 -1.184709 -0.807931 -1.158237 -1.016167 -0.677671 -0.798859 -0.794924 -0.899167 -1.173051 -0.980263 -0.918191 -1.135525 -0.935921 -0.962749 -0.853504 -1.120257 -1.016873 -0.932153 -0.743494 -0.837717 -0.799758 -1.136566 -0.866934 -0.842984 -0.752851 -1.056849 -0.811727 -0.996490 -1.122320 -1.103562 -1.028062 -0.931904 -1.071701 -0.989970 -1.157994 -0.952483 -0.862766 -1.047266 -0.832855 -0.696026 -0.820354 -0.986389 -1.128684 -1.079640 -1.190997 -0.826808 -1.051151 -0.959907 -1.173580 -0.939024 -0.759159 -1.046909 -0.862170 -0.929823 -0.973560 -0.949547 -0.893066 -1.222320 -0.770365 -0.800275 -0.932878 -0.856122 -1.008768 -1.208023 -1.054663 -0.991889 -0.945832 -0.937702 -0.944588 -1.014401 -0.823132 -0.937388 -0.842772 -0.753743 -0.663154 -0.720084 -0.990324 -1.109739 -0.941133 -0.839549 -0.848991 -0.952006 -0.903691 -0.888257 -0.856969 -0.879821 -0.868444 -1.055545 -1.104914 -0.762765 -0.983070 -1.128905 -1.007533 -0.701893 -0.836950 -0.879767 -0.788479 -1.129600 -1.075912 -0.820088 -0.812154 -0.856986 -1.021653 -1.073714 -0.737663 -0.745325 -0.833899 -1.098062 -1.055616 -0.887636 -0.977903 -0.851317 -1.106147 -0.823704 -0.796936 -0.762893 -0.950806 -0.975661 -1.135764 -1.046100 -1.082551 -0.974137 -1.100141 -0.998004 -1.190041 -0.840131 -1.018831 -1.118088 -0.933119 -0.891380 -1.087308 -1.082854 -1.155757 -1.188138 -1.064717 -0.940605 -0.715934 -1.226778 -1.032859 -1.014608 -1.224288 -0.855725 -0.731424 -1.037451 -0.899013 -0.764379 -1.087603 -0.920029 -1.179481 -0.680979 -0.806189 -0.677877
-1.054078 -1.014912 -0.955585 -0.660701 -0.978006 -1.088050 -1.170995 -0.775829 -0.851586 -0.772553 -1.070903 -0.797070 -1.121852 -0.879426 -0.841744 -1.070337 -0.965906 -0.646972 -1.127674 -0.860950 -1.112748 -0.725507 -0.844334 -0.861424 -0.919394 -0.603832 -0.750566 -1.156425 -0.835244 -0.880189 -0.948663 -0.724108 -0.797601 -1.089440 -0.897155 -1.241214 -1.108401 -0.968551 -1.054337 -0.961311 -0.984457 -0.619903 -0.889301 -0.868668 -0.846980 -0.857542 -0.917588 -1.013475 -0.720647 -0.852013 -1.023770 -0.932786 -0.872820 -0.975558 -0.910322 -0.981110 -0.990130 -0.931584 -1.168724 -0.815819 -0.875416 -1.019589 -0.966857 -1.029442 -0.865086 -0.973826 -1.039000 -0.863179 -0.852255 -0.860119 -0.936617 -0.969173 -1.224631 -0.787551 -0.941145 -1.102600 -0.835443 -0.856824 -1.024983 -0.972789 -0.819807 -0.842877 -0.693868 -0.958140 -0.978355 -0.817871 -0.980832 -0.899876 -0.771418 -0.964232 -0.990237 -1.100521 -0.945316 -0.870190 -0.989810 -0.802619 -1.024993 -1.274066 -0.744118 -0.907468 -0.805884 -0.763556 -0.987546 -0.832835 -0.915613 -0.852052 -1.027913 -1.061156 -1.137210 -0.812371 -0.843093 -0.776158 -0.832363 -0.883262 -0.704538 -0.822048 -1.331201 -0.732298 -0.755238 -0.855627 -0.745647 -0.856596 -0.839771 -1.077421 -1.020516 -0.811260 -1.062111 -1.058864 -0.792931 -1.061360 -1.146599 -0.804661 -0.861291 -0.790250 -0.906976 -0.920392 -1.090405 -0.767525 -0.954383 -0.997510 -0.796910 -0.801233 -0.651597 -1.005120 -1.191310 -0.665631 -1.190137 -0.719990 -0.949568 -0.938335 -1.118969 -0.612860 -0.823049 -0.802427 -0.856117 -0.864684 -0.884013 -1.110922 -1.028432 -1.104305 -0.643235 -0.867149 -0.911424 -0.930454 -1.160427 -0.962047 -0.792372 -0.946098 -1.182247 -1.250366 -1.075726 -0.643261 -0.947770 -1.085299 -0.990775 -0.964819 -0.810734 -0.827925 -1.062305 -0.824805 -0.705899 -0.925403 -1.042967 -0.960523 -1.019114 -0.969731 -0.799994 -0.778738 -0.607636 -1.205288
-0.945502 -1.106640 -0.733038 -1.136357 -0.831868 -0.822086 -1.020443 -0.792716 -0.799500 -0.976113 -0.822514 -0.845934 -0.733552 -0.926844 -0.819921 -1.258734 -1.184920 -0.957626 -0.909197 -0.992094 -0.995455 -0.936454 -0.769581 -0.918315 -0.817127 -0.934653 -0.900416 -0.963984 -0.933030 -0.848120 -0.884717 -0.931496 -0.744598 -0.702455 -0.821666 -0.906892 -1.155449 -0.697853 -0.983294 -0.827831 -1.018717 -0.884815 -0.738641 -1.228165 -0.906623 -0.836894 -1.091617 -0.963071 -0.781774 -0.826197 -0.947613 -0.879134 -0.721999 -0.709038 -0.909745 -0.859088 -0.914791 -0.916155 -0.902132 -0.854540 -1.189121 -0.761574 -0.943794 -0.875419 -0.861215 -1.195515 -1.046214 -0.842470 -0.843277 -0.797658 -0.857913 -0.696036 -0.902027 -0.953703 -1.016718 -0.875042 -0.711522 -1.344723 -0.932938 -1.142275 -0.778117 -0.796765 -1.094046 -1.163048 -1.124747 -1.113747 -0.895478 -0.849417 -0.671635 -0.857633 -0.956046 -0.991810 -0.858980 -0.943364 -1.036986 -1.004859 -1.024087 -0.807195 -0.886583 -0.983754 -0.898576 -1.081656 -0.834279 -0.688435 -0.978826 -1.016820 -0.904493 -1.019372 -0.957811 -1.013680 -0.770757 -0.951370 -0.777509 -0.765221 -0.923308 -1.044827 -1.036926 -0.997063 -1.057081 -0.603338 -0.979591 -0.731348 -0.736125 -1.034634 -0.785350 -0.665947 -0.963414 -1.025262 -1.094826 -1.033404 -0.887913 -1.075825 -1.205814 -1.267998 -1.042244 -1.088183 -1.044379 -1.071845 -1.024551 -0.968151 -1.063921 -0.750539 -0.897388 -1.002412 -0.988598 -0.673652 -0.876623 -0.885282 -1.056104 -0.989363 -0.935843 -1.052640 -0.849814 -0.994784 -1.003008 -0.857767 -0.888521 -1.081006 -0.826346 -0.965664 -0.831606 -0.701963 -1.300560 -0.789006 -0.995521 -0.767530 -0.555371 -0.862888 -0.834451 -0.936021 -1.066377 -0.859397 -0.953233 -0.983367 -0.803755 -1.104193 -1.167427 -0.986203 -1.077481 -0.820463 -1.021900 -0.726033 -0.911149 -0.723594 -0.997489 -0.898704 -0.854694 -0.954217 -0.772997 -1.043863
-0.880034 -0.861144 -0.860141 -0.838886 -1.004540 -0.783738 -0.998906 -0.583165 -1.045660 -0.906960 -0.939537 -0.888418 -0.759302 -1.177606 -0.852211 -0.915868 -0.806526 -0.882533 -0.800930 -0.805057 -0.886119 -0.835504 -0.965322 -1.087538 -0.752141 -0.921077 -0.861493 -0.703677 -0.731968 -1.121072 -0.882124 -1.169113 -0.832429 -1.030338 -1.021661 -0.724284 -0.644339 -0.707725 -0.907540 -1.040267 -0.745607 -1.018704 -0.684817 -0.933752 -1.204581 -0.783514 -0.731944 -0.776920 -1.043877 -1.045020 -0.828483 -0.890465 -0.885260 -0.797003 -1.115893 -1.009039 -0.821887 -1.139542 -0.792597 -0.927797 -0.779490 -0.951190 -0.907612 -1.170351 -0.955164 -0.858774 -0.846840 -1.111622 -0.761587 -1.099160 -1.029102 -1.307662 -1.055959 -0.867463 -1.000675 -0.767446 -0.612524 -1.010219 -0.816895 -1.068908 -0.814711 -0.955667 -0.978655 -0.876898 -0.793555 -0.996188 -1.217813 -1.070630 -0.934845 -1.025819 -1.035167 -0.834106 -0.943733 -0.882973 -0.977956 -1.017019 -0.821701 -0.795047 -1.101790 -1.073186 -1.042855 -0.979226 -0.861046 -0.740399 -0.915318 -1.101695 -1.088031 -1.090799 -1.004713 -0.872987 -0.752662 -0.968007 -0.828255 -0.928142 -0.823847 -0.890905 -0.890353 -0.859152 -1.013690 -0.907222 -0.771079 -0.914361 -0.889211 -1.024873 -0.989957 -0.887729 -0.799978 -0.832230 -0.917406 -1.143957 -0.837801 -0.963537 -0.831478 -0.735236 -0.773656 -0.786397 -0.708425 -1.029071 -0.678745 -1.007581 -0.835763 -1.160310 -0.858931 -0.952571 -0.814440 -0.900664 -0.757968 -1.474221 -1.175688 -1.044153 -1.005355 -1.191702 -1.058440 -0.765138 -0.857049 -0.867921 -0.675958 -0.874264 -0.863312 -0.983788 -0.685644 -0.996205 -1.080470 -1.106127 -0.978469 -0.972609 -0.765949 -0.923915 -1.101284 -0.879537 -0.843808 -1.060733 -0.811239 -0.998692 -0.967162 -1.192474 -0.756609 -1.014334 -1.037505 -1.011198 -0.846465 -0.888584 -0.831532 -0.709651 -1.061817 -0.958588 -0.938491 -0.658129 -0.952352 -0.996570
-0.854458 -1.122799 -1.024043 -1.036833 -0.904067 -0.961153 -0.768296 -0.944607 -1.228416 -1.088964 -0.968321 -0.886125 -1.047350 -0.871139 -1.082871 -0.844081 -0.916886 -0.823350 -0.958854 -0.922614 -1.017308 -0.865604 -0.875731 -0.907045 -0.665463 -0.869481 -0.963155 -0.779983 -0.772013 -1.152288 -0.939203 -1.408659 -0.823254 -0.951245 -0.911038 -1.191630 -1.074173 -0.994206 -0.743035 -0.681623 -0.669898 -0.845793 -1.305277 -0.899955 -0.753012 -0.699723 -0.821308 -0.861765 -0.868329 -0.969102 -0.925425 -0.820976 -0.751025 -1.207986 -0.996205 -0.841977 -1.047073 -0.979616 -0.587254 -0.890835 -0.961592 -0.860200 -0.880424 -1.099412 -0.744969 -0.954861 -0.762416 -0.901666 -0.989267 -0.883035 -0.968984 -0.939201 -0.897208 -0.582694 -1.139314 -0.820611 -0.755519 -1.167332 -0.997208 -0.979136 -1.038095 -1.077140 -1.001164 -0.844386 -1.076241 -0.854213 -0.818399 -0.914011 -0.756246 -0.952137 -1.054751 -1.177699 -1.058768 -1.150650 -1.236594 -0.878101 -0.872884 -0.874657 -0.687957 -1.305426 -1.194740 -1.138283 -0.996024 -1.127667 -0.977563 -1.054170 -0.827580 -0.609718 -1.381330 -0.995960 -1.197159 -0.882900 -0.681153 -0.897289 -0.929820 -0.693752 -0.794915 -0.905045 -0.954750 -0.920421 -1.038082 -0.717522 -0.989183 -1.010636 -1.099205 -0.905148 -0.796068 -0.955046 -0.763691 -0.870724 -0.970432 -0.860912 -1.017140 -1.176561 -0.775823 -0.830667 -1.140414 -0.946646 -1.002567 -0.803023 -1.030428 -1.164147 -0.802448 -0.639394 -1.042909 -0.678613 -1.073787 -1.012635 -0.936302 -1.142413 -0.952407 -0.703481 -0.891336 -0.840121 -0.702144 -0.949141 -0.995319 -0.915909 -0.778912 -1.133363 -0.685622 -0.942931 -0.800760 -0.827079 -0.930621 -0.885355 -0.935591 -0.675623 -0.863269 -0.843711 -0.891338 -0.919113 -1.127234 -1.007009 -0.811413 -0.767359 -1.005488 -1.112635 -0.851759 -0.910893 -1.063559 -0.858927 -1.051774 -0.732485 -0.936300 -1.016432 -0.909100 -0.913024 -0.737038 -0.719756
-0.856076 -1.053030 -1.288223 -0.930319 -0.995128 -0.828120 -0.808911 -0.954274 -0.788818 -0.916091 -0.961396 -1.296095 -0.944513 -0.819185 -0.698529 -0.730005 -0.858299 -1.050511 -0.824422 -1.150350 -1.068393 -0.827747 -1.144199 -0.892165 -0.764786 -1.027841 -0.753424 -0.857102 -0.776827 -0.907171 -0.906380 -0.776424 -0.976611 -1.114938 -0.838746 -0.773010 -0.734643 -0.922974 -0.858295 -0.946915 -0.750975 -1.004151 -0.902370 -0.984199 -1.015763 -1.111511 -0.846485 -1.037008 -0.836158 -1.253058 -0.803027 -0.860407 -0.997698 -0.887728 -0.766918 -0.904454 -1.103659 -1.217391 -0.975396 -1.117178 -0.922179 -1.030458 -0.923456 -1.035876 -0.671814 -0.681038 -1.001252 -0.840951 -0.922048 -1.033074 -0.824894 -1.008955 -0.907817 -1.170316 -1.020788 -1.102265 -0.949447 -0.910287 -0.819724 -1.029352 -1.049690 -0.933834 -1.121296 -0.840611 -0.853896 -0.941628 -0.984793 -0.806335 -1.178922 -0.918104 -0.925840 -0.826004 -1.089838 -0.833060 -0.738011 -1.061088 -0.904403 -1.119847 -0.736561 -0.974469 -1.091111 -0.887333 -1.104524 -1.198624 -1.113812 -0.886840 -0.955777 -0.883242 -1.102120 -0.893474 -0.888815 -0.684825 -1.027808 -1.144591 -0.975838 -0.819336 -0.787274 -0.835940 -0.986463 -0.880145 -0.941095 -0.795215 -0.944012 -0.830324 -0.651283 -0.770391 -1.161439 -1.276941 -0.885535 -1.083129 -0.917599 -0.954279 -0.999300 -0.987128 -1.092825 -1.036511 -1.082226 -0.791232 -0.889965 -0.900520 -1.009647 -0.938307 -0.939020 -0.572098 -0.776651 -1.281275 -0.848570 -0.960473 -0.992989 -0.872244 -1.000165 -0.736596 -0.796384 -0.929171 -1.054804 -0.616861 -1.088683 -0.910635 -1.196114 -0.880918 -0.600172 -0.900463 -0.855904 -0.847171 -0.814405 -0.949891 -0.837220 -1.028603 -0.850540 -0.810090 -0.759281 -0.899075 -1.134019 -0.870540 -1.107058 -0.856519 -1.142767 -0.818495 -0.884792 -0.824557 -1.036055 -1.002424 -1.014051 -0.872876 -1.200528 -0.842496 -1.154981 -0.810338 -0.988102 -0.845877
-0.694575 -0.790384 -0.922221 -0.665941 -0.729878 -1.028202 -0.678223 -0.942357 -0.888902 -1.017167 -0.882311 -0.823299 -0.747020 -1.086714 -0.997986 -0.737587 -0.942353 -0.739332 -0.839844 -0.951969 -0.915141 -1.256847 -0.828602 -0.817009 -0.893629 -0.983303 -0.813455 -0.988954 -1.013320 -1.040889 -1.072189 -1.056758 -0.763449 -0.834813 -0.798737 -0.907387 -0.939144 -0.790466 -0.792807 -0.800676 -1.033026 -1.011601 -0.875084 -0.719298 -0.984261 -0.888112 -0.977980 -1.043542 -0.982580 -1.101042 -0.829522 -1.201631 -0.953160 -1.186894 -0.807069 -0.727711 -0.729696 -1.088489 -1.003725 -0.956748 -0.932405 -0.933184 -1.070341 -0.781727 -0.898733 -0.859853 -0.824583 -1.006170 -0.772730 -0.846200 -0.937430 -0.978621 -1.070412 -0.889344 -1.013918 -0.784442 -0.839052 -1.016201 -1.036538 -0.936799 -0.803641 -0.792061 -1.098280 -1.172144 -0.760124 -1.009327 -0.854190 -0.921572 -0.883427 -0.876507 -0.895557 -1.439363 -1.047726 -0.856755 -0.949270 -1.024254 -1.149104 -1.164882 -1.131263 -0.865843 -1.019034 -0.973171 -0.739068 -1.057137 -0.684578 -0.960032 -0.690920 -0.958853 -0.760354 -0.861489 -0.889362 -0.772170 -0.886630 -0.783380 -0.857429 -0.808338 -1.114538 -1.089778 -1.140333 -0.739629 -1.020361 -0.980443 -0.931677 -0.914438 -1.068643 -1.081657 -1.089073 -0.740045 -1.064997 -0.915541 -1.061344 -0.748604 -0.954474 -0.912867 -0.918512 -1.093685 -1.039981 -0.672041 -1.162805 -0.965909 -0.726485 -0.860530 -0.835968 -1.329233 -0.800315 -1.094361 -1.127257 -0.927767 -1.151763 -1.159317 -0.741631 -1.186034 -1.129900 -1.129722 -0.758187 -0.963188 -1.057024 -1.042450 -0.883395 -0.801514 -0.866397 -0.909385 -1.107868 -0.969824 -0.737514 -0.836543 -1.097781 -1.211501 -0.794131 -0.848613 -1.013096 -1.108155 -0.972862 -1.088528 -0.847367 -0.778130 -1.022979 -1.203440 -0.912229 -0.791674 -0.938989 -0.989974 -0.795222 -0.859446 -1.109936 -1.058252 -0.981180 -0.804556 -0.719403 -0.691080
-0.930380 -1.038018 -0.900488 -0.888128 -1.001124 -0.769390 -0.804754 -1.135625 -0.926180 -0.860778 -0.733111 -0.947710 -0.893025 -0.919865 -0.850208 -0.833006 -1.122001 -0.933264 -0.910673 -0.717653 -1.116633 -1.143740 -0.698235 -0.547736 -1.082647 -0.962720 -0.836511 -1.008551 -0.912069 -0.848247 -0.940217 -0.859949 -0.779407 -0.870965 -0.861160 -1.172535 -0.556817 -0.882675 -0.665073 -0.750900 -1.004296 -1.072560 -1.125817 -0.810600 -1.109556 -1.001178 -0.781994 -0.877869 -0.880363 -0.932658 -0.959510 -0.950067 -1.000819 -0.813283 -1.032270 -0.901091 -0.772772 -0.835562 -0.888265 -0.824314 -1.034304 -0.879724 -0.970574 -0.760443 -0.927291 -0.935661 -1.000356 -0.979041 -1.024685 -1.115280 -1.130230 -1.015531 -1.233664 -0.934485 -1.018029 -0.877916 -0.802496 -0.868262 -0.916499 -0.820640 -0.849895 -1.065069 -0.763326 -0.846688 -1.022134 -1.032618 -0.811888 -0.972949 -0.615677 -1.056906 -1.093401 -0.764493 -0.885954 -0.781668 -1.003355 -0.938485 -1.038259 -0.678707 -1.005714 -0.881533 -1.062137 -0.781515 -0.917114 -0.864369 -1.149129 -1.075846 -1.033313 -1.047484 -0.925263 -0.782347 -0.805155 -0.916926 -0.767906 -0.884628 -1.043808 -1.090276 -0.999925 -0.859322 -0.795403 -0.929084 -1.028152 -1.139267 -0.963817 -0.931724 -0.835460 -1.045173 -0.884939 -0.857460 -0.906906 -0.634595 -0.969156 -0.870089 -0.851662 -0.784293 -1.086751 -0.865471 -0.907151 -1.030760 -1.054738 -0.994133 -0.812748 -0.767550 -1.045852 -1.061794 -0.895524 -1.099650 -0.839386 -1.151474 -0.919842 -0.706413 -0.868152 -1.005518 -0.991702 -0.896117 -1.197819 -1.029951 -1.093778 -0.513643 -0.855417 -0.833137 -1.048450 -0.981495 -0.900109 -0.938829 -1.153981 -1.010324 -0.737044 -0.791619 -0.947747 -0.868631 -0.848702 -0.948347 -0.976532 -0.688699 -0.823291 -1.103401 -0.777835 -0.862443 -0.923644 -0.748679 -0.874196 -0.888270 -0.823922 -0.956121 -0.976827 -0.662938 -0.926750 -0.887741 -0.929909 -1.128130
-0.872549 -0.829029 -1.010131 -0.692805 -0.896193 -1.116629 -0.948349 -0.873430 -0.939078 -0.828379 -0.928676 -1.003657 -0.785079 -0.704362 -0.890121 -0.737707 -0.778660 -1.154214 -0.962211 -1.021374 -0.718819 -0.807446 -0.889422 -1.129406 -0.859352 -0.923215 -0.816359 -0.782029 -1.091184 -0.993901 -0.886277 -0.769102 -1.137823 -1.068097 -1.050077 -0.844837 -1.089578 -0.937417 -1.091442 -1.133868 -0.741033 -0.679389 -0.823856 -1.038348 -0.922692 -0.942911 -0.852340 -1.016006 -0.925506 -0.612008 -0.751646 -0.875962 -0.789546 -0.931770 -0.831007 -1.095831 -0.911497 -0.864102 -0.742106 -0.919403 -0.813729 -1.080367 -0.743788 -0.943443 -0.955503 -1.086191 -0.891582 -1.069680 -0.933102 -1.055870 -0.884060 -1.147002 -1.099494 -0.990327 -1.014475 -1.013847 -0.700049 -1.030643 -0.938494 -1.086112 -0.776850 -0.661692 -0.825597 -0.831856 -1.096895 -0.688543 -1.019201 -0.894693 -0.904826 -0.948983 -0.900101 -0.988250 -1.101865 -0.828013 -0.914369 -1.147328 -1.052119 -0.937405 -0.961194 -1.251610 -0.929381 -1.056220 -0.802874 -0.807241 -1.019253 -1.001030 -1.007836 -0.678393 -0.955760 -1.012166 -0.930029 -1.004931 -0.920597 -0.914865 -0.934129 -0.733240 -0.862228 -0.861990 -0.897109 -1.020765 -0.896712 -0.901955 -1.224440 -1.131581 -0.891157 -0.853899 -0.914500 -0.797194 -1.022129 -0.986801 -0.955010 -0.822484 -1.084455 -1.035864 -0.812783 -0.807223 -0.920157 -0.782223 -1.042570 -1.009385 -1.198855 -1.185747 -0.757983 -0.841649 -0.802697 -0.875949 -0.824342 -0.829438 -1.041374 -1.382847 -0.952218 -0.833069 -1.077669 -1.161977 -0.886495 -1.092689 -1.104681 -0.528067 -0.947682 -0.613255 -0.717905 -0.939742 -0.982347 -1.076897 -0.805433 -0.796836 -0.817329 -1.165972 -0.957252 -0.910179 -0.942536 -0.905096 -0.867059 -0.891496 -0.871650 -0.705590 -1.103661 -1.013000 -1.087843 -0.870203 -0.881689 -0.691333 -0.930494 -1.053277 -0.692121 -0.916362 -1.079318 -1.077087 -1.019263 -0.854040
-1.003525 -1.146257 -0.811428 -1.033023 -1.096437 -0.733349 -0.985869 -0.914273 -0.793149 -0.860813 -0.859263 -0.970641 -1.156467 -1.211698 -0.871377 -0.637936 -0.873431 -0.888368 -1.022458 -1.000496 -0.800062 -1.063558 -0.944926 -0.962431 -1.096310 -0.767191 -1.127131 -0.939214 -0.973954 -1.023333 -0.975406 -0.900561 -1.113424 -0.786251 -0.783794 -0.989699 -0.859037 -1.009421 -0.723775 -0.866260 -0.950761 -0.782799 -0.667248 -0.853601 -0.876639 -0.869404 -0.859895 -0.964422 -1.082770 -0.945565 -1.098257 -1.070300 -0.895473 -1.223848 -0.705989 -0.775287 -1.090773 -0.795413 -0.775320 -0.770499 -0.965954 -0.997172 -0.900813 -0.904406 -1.116453 -0.837749 -0.983317 -0.964083 -0.618745 -0.719645 -0.692842 -0.875440 -0.752521 -0.998783 -1.024944 -0.865852 -1.073171 -1.016515 -1.179401 -0.771468 -0.823611 -1.183670 -0.882309 -1.133046 -0.971308 -0.958325 -0.896825 -0.777207 -1.100186 -0.825544 -0.813389 -0.662868 -1.047021 -1.085447 -0.934763 -1.068095 -0.824138 -0.979622 -1.226040 -0.757056 -0.793767 -0.863084 -1.022746 -1.111233 -0.744469 -0.850005 -0.716187 -0.688955 -0.912416 -1.036918 -0.853126 -0.902951 -0.720971 -0.721138 -0.904741 -1.007686 -0.830736 -1.065567 -0.776250 -1.001033 -0.784215 -0.831295 -0.800056 -1.085027 -0.782482 -0.869456 -1.169811 -0.768181 -0.951916 -0.879392 -0.898376 -0.840277 -0.928015 -0.993660 -0.916826 -0.732614 -0.820497 -0.878185 -1.259704 -0.754745 -0.906583 -0.803174 -0.952939 -0.905630 -1.100340 -0.891221 -0.950075 -0.845527 -0.815801 -0.655539 -0.986877 -0.872852 -0.896370 -0.762671 -0.807352 -1.276504 -0.707761 -0.957362 -1.048607 -1.121089 -0.895546 -1.355451 -0.799034 -0.735448 -1.039743 -1.095580 -0.893642 -0.634935 -0.920216 -0.906304 -1.177253 -0.695165 -1.110767 -0.694044 -0.858610 -0.983793 -0.955003 -0.867618 -0.959002 -0.904831 -0.862067 -0.652235 -0.835997 -1.079108 -1.008216 -0.700148 -1.279495 -1.001579 -1.070469 -0.765663
-0.860767 -0.899544 -1.137596 -0.810099 -0.847286 -0.797514 -0.710651 -0.777136 -0.760720 -0.873641 -0.730248 -1.103327 -0.901155 -1.153835 -1.039810 -0.736549 -0.709837 -0.863780 -1.006449 -0.831770 -0.900451 -1.024557 -0.866857 -0.917343 -0.920108 -0.998899 -1.078785 -0.890578 -0.997966 -1.043945 -0.948526 -0.854559 -0.817148 -0.956869 -1.086896 -0.774216 -0.777735 -0.658756 -0.691817 -0.866293 -0.996480 -0.936820 -0.811605 -1.267586 -0.703180 -1.064924 -0.825627 -1.079756 -0.708556 -0.865826 -0.771871 -1.063359 -1.171832 -0.897614 -0.892904 -0.871938 -1.019351 -1.099321 -1.052314 -0.948009 -0.993334 -0.666813 -0.710453 -1.162000 -0.916997 -0.914264 -0.936371 -0.871506 -0.957572 -0.857505 -0.976503 -0.786553 -0.757946 -0.946924 -0.747913 -0.760904 -1.036005 -0.690848 -0.900749 -0.910914 -0.873111 -0.905537 -0.660092 -0.970141 -0.788100 -1.096573 -0.779573 -1.009347 -1.124996 -0.872918 -0.830842 -1.058620 -0.955472 -0.949785 -1.123900 -1.021697 -0.916750 -1.002922 -0.839570 -0.706070 -0.883272 -0.870351 -0.919916 -0.911306 -0.721810 -0.877732 -0.575474 -0.971599 -0.948245 -0.953179 -0.747246 -0.788719 -0.685482 -1.005713 -0.900136 -0.793121 -0.888482 -0.873210 -1.106727 -0.976791 -0.836663 -0.967108 -0.926972 -0.733266 -0.805433 -0.792371 -1.076771 -1.204168 -0.861107 -0.791431 -0.993130 -0.995036 -0.826769 -0.961501 -0.863378 -0.974760 -0.947811 -0.893680 -0.793151 -1.048715 -1.023166 -0.812134 -1.133009 -1.039554 -1.142697 -0.989663 -1.012839 -1.052534 -0.766609 -0.650191 -0.737357 -0.710137 -1.063437 -0.925324 -0.805846 -0.806960 -0.990702 -1.007008 -1.233393 -0.943984 -0.948486 -1.053267 -0.771636 -1.000168 -0.890962 -0.926035 -0.946270 -0.903746 -1.019657 -1.037072 -0.876402 -0.992531 -0.852032 -0.947488 -0.923089 -1.248284 -0.905095 -0.835261 -0.827366 -0.858100 -0.716408 -1.020509 -0.886095 -1.211542 -1.005427 -1.161503 -0.991202 -0.860284 -0.973830 -0.986575
-0.926812 -1.019738 -0.981573 -0.807695 -1.039956 -1.114751 -0.990850 -0.785676 -0.953560 -0.955817 -0.784306 -1.058270 -1.088009 -1.127354 -0.825878 -0.934297 -0.625938 -0.857616 -1.351895 -1.019778 -1.177244 -0.997935 -1.110506 -0.764387 -1.138036 -0.801305 -0.842902 -0.948282 -0.852718 -0.807404 -0.769601 -0.984072 -1.156594 -0.775565 -1.109181 -1.076919 -0.795645 -0.943022 -0.936985 -0.777975 -0.976098 -0.585092 -0.702240 -0.933446 -0.744322 -1.234186 -0.847809 -0.932082 -0.702178 -0.944237 -0.794372 -0.991855 -0.761384 -1.018956 -1.250628 -1.024917 -0.947928 -1.121151 -0.878702 -0.941998 -0.756995 -0.631582 -1.252900 -0.948644 -0.809105 -1.012899 -1.025176 -1.026669 -0.757364 -1.242518 -0.928798 -0.848223 -1.088556 -1.126717 -0.782216 -0.816364 -0.977146 -0.860899 -0.896144 -0.940985 -0.997059 -0.806206 -0.665290 -1.148064 -0.876680 -1.076157 -0.894847 -1.061050 -0.934916 -0.855812 -0.899977 -0.929473 -1.156744 -1.286404 -0.948757 -0.951095 -0.978081 -1.033154 -0.766024 -1.264917 -0.860927 -0.925410 -0.888467 -0.975997 -0.819955 -0.802608 -1.062998 -0.934204 -0.986318 -0.918323 -0.937327 -0.934947 -1.063768 -1.014491 -1.207285 -0.853972 -1.000161 -1.004436 -1.206179 -0.826670 -0.880294 -0.886007 -0.754650 -0.972680 -0.914725 -1.148498 -0.869541 -0.818270 -0.773278 -0.972224 -0.857473 -1.170256 -0.990797 -1.101461 -1.131782 -1.014580 -0.886492 -1.094251 -0.808063 -0.799491 -0.783671 -0.925163 -0.905148 -0.832486 -0.667588 -1.116846 -0.865212 -1.185119 -0.960469 -1.048129 -0.920016 -0.728761 -0.802923 -0.779230 -0.817284 -0.764133 -1.047617 -1.112015 -0.888352 -0.943720 -0.941258 -1.007254 -1.033501 -1.005135 -0.842997 -0.780849 -0.771000 -0.710996 -0.887634 -0.941894 -0.825826 -0.901083 -1.035332 -1.014394 -1.182583 -1.039880 -0.742980 -1.161098 -0.619624 -0.990521 -0.798827 -1.113483 -0.645788 -0.819437 -1.190705 -1.016127 -0.702345 -1.132945 -0.850656 -1.029079
-1.061722 -1.154777 -0.688710 -0.894518 -1.012603 -0.912260 -0.813525 -0.851388 -0.740920 -1.043799 -0.839838 -0.901176 -0.684327 -0.644779 -0.833412 -0.719716 -0.978228 -1.037927 -0.874180 -0.855760 -1.123499 -0.836582 -0.943735 -0.770790 -0.912649 -1.110512 -0.836781 -0.877532 -0.923157 -1.090570 -0.918911 -0.832492 -0.917679 -0.844365 -1.119121 -1.052105 -1.004864 -1.100197 -0.999561 -0.720619 -0.875801 -0.732538 -1.206532 -0.906410 -1.165585 -0.849663 -0.879639 -0.961734 -1.122712 -0.753942 -0.824125 -0.888633 -0.905501 -0.946806 -1.006408 -1.344484 -0.937335 -0.769663 -0.829911 -0.812360 -1.095916 -0.730712 -0.816748 -0.873554 -0.903228 -0.849259 -0.773059 -0.817937 -1.022501 -0.772233 -0.916913 -0.913985 -0.708242 -0.895638 -1.025135 -0.736939 -0.944118 -0.745768 -0.827133 -0.863646 -0.938019 -0.817799 -0.809996 -0.869078 -0.742419 -1.068481 -0.993783 -0.696874 -1.012302 -1.008243 -0.959955 -1.051821 -0.931622 -0.888025 -0.908642 -1.337848 -0.970945 -1.056264 -0.968942 -1.031277 -0.814028 -1.034291 -0.947926 -0.917186 -0.820763 -0.878012 -1.025780 -0.789654 -1.357393 -0.882719 -0.748844 -1.003783 -0.912642 -0.996049 -0.823955 -0.601917 -0.997625 -1.051792 -0.941340 -0.889953 -0.638005 -1.128692 -1.008786 -1.015306 -0.686256 -0.868384 -0.772877 -0.785335 -0.881696 -0.639070 -0.907163 -0.996648 -0.961320 -0.981703 -0.971861 -0.803955 -1.077176 -1.028269 -1.220798 -0.767035 -1.118883 -0.885809 -1.227452 -0.889741 -1.010095 -0.825220 -0.922770 -0.922353 -0.917685 -0.785935 -0.892508 -1.094821 -0.582228 -0.875352 -1.152033 -0.924932 -1.078326 -0.913471 -0.859999 -0.977993 -0.846229 -0.820447 -0.977465 -0.958304 -1.081344 -0.873545 -0.870675 -0.942871 -0.752241 -0.886386 -1.147882 -0.891427 -0.872409 -0.952256 -1.034077 -0.986079 -1.069425 -0.834133 -0.993718 -0.792291 -0.892229 -1.210537 -0.726155 -0.964823 -1.029168 -0.888610 -1.017277 -0.927878 -0.868833 -0.892134
-0.797382 -0.741958 -1.114944 -0.836526 -0.970987 -0.914778 -0.849019 -1.033425 -1.195781 -0.938784 -0.927809 -0.931937 -0.928675 -0.744757 -1.210357 -1.029182 -1.061253 -0.761698 -0.666558 -0.774268 -1.047132 -0.802241 -0.896059 -0.998107 -1.238576 -1.098089 -0.847420 -0.899096 -0.816547 -0.801731 -0.697820 -0.897225 -0.774653 -0.994698 -1.157220 -0.776182 -0.891266 -1.211737 -0.764418 -0.855275 -1.084226 -0.991021 -0.809445 -1.207504 -1.168769 -0.996641 -0.820809 -0.859911 -1.129461 -0.875120 -1.047395 -1.059296 -0.882471 -0.785271 -1.118172 -1.058015 -1.229155 -1.127387 -1.272321 -1.182642 -0.810918 -0.806539 -0.961594 -0.991119 -1.132413 -0.907602 -0.952119 -1.044299 -0.933680 -0.822175 -0.882093 -1.065143 -1.222241 -1.041599 -0.823220 -0.760343 -0.858972 -1.154822 -0.714767 -1.003003 -0.765748 -1.106540 -0.956191 -0.887441 -0.910204 -1.006123 -1.120636 -0.994653 -0.826484 -0.543242 -0.911609 -0.933978 -0.967248 -0.891453 -0.935916 -1.007076 -0.814157 -0.745891 -0.780744 -1.110397 -1.091723 -0.982750 -0.812943 -0.924710 -0.833745 -0.821185 -0.639056 -0.835301 -0.946781 -1.003297 -0.762112 -1.173980 -1.051073 -1.090646 -0.902830 -0.820309 -0.975122 -0.991424 -1.085303 -0.942660 -0.963453 -0.971328 -0.935377 -0.866971 -0.986906 -1.109202 -0.767839 -0.776123 -0.701592 -0.742476 -0.909320 -1.206633 -0.973414 -0.914653 -0.935087 -0.837040 -0.690440 -1.045474 -0.938353 -1.343701 -0.924113 -1.193523 -0.764420 -0.885650 -0.948031 -0.815303 -1.080242 -1.121125 -0.851801 -0.938052 -0.812227 -1.156999 -1.228339 -0.969316 -0.919393 -1.037387 -0.969580 -0.784374 -0.888336 -1.168815 -0.796206 -0.789809 -0.838342 -0.948639 -0.889235 -1.031555 -1.021838 -0.755944 -0.776227 -1.055123 -0.814768 -0.872790 -1.223021 -0.938087 -1.098367 -0.902079 -1.213623 -0.966491 -0.904660 -0.910913 -0.709497 -0.858239 -0.895863 -0.889684 -1.044374 -0.859572 -1.046378 -0.897189 -1.118313 -0.985621
-0.761615 -0.747971 -1.091669 -0.708916 -0.951449 -0.882043 -1.141901 -1.040256 -0.871857 -0.874937 -0.629764 -0.670041 -1.074006 -0.958258 -1.191942 -0.847532 -0.728033 -1.025509 -0.917859 -1.235169 -0.714532 -0.899527 -0.939914 -0.908990 -0.869471 -1.105280 -0.972339 -0.966057 -0.841978 -0.708127 -1.099936 -0.973477 -0.888841 -0.826448 -0.951450 -0.910064 -0.763959 -0.955384 -0.750658 -0.850767 -0.956627 -0.843914 -0.738756 -1.153896 -0.874666 -1.252312 -0.838438 -0.988860 -0.854276 -1.183436 -0.859339 -1.100717 -1.022900 -0.846735 -0.950333 -0.947777 -0.779204 -0.980008 -0.916676 -0.983665 -1.047958 -1.209088 -0.916987 -0.690867 -1.072474 -1.034149 -0.969666 -0.884866 -1.068002 -1.023161 -1.160825 -0.833559 -1.069370 -0.901645 -0.848516 -0.747656 -0.904278 -0.840118 -0.654785 -0.858403 -0.803758 -0.858267 -1.310659 -1.141803 -0.687841 -0.949092 -0.933713 -1.038205 -0.957765 -0.846258 -0.776268 -1.141799 -0.852351 -1.009848 -0.958724 -1.009897 -0.802882 -0.948200 -0.983231 -0.863372 -1.006045 -1.072536 -0.834242 -1.264759 -0.936782 -0.899588 -0.946880 -1.020951 -0.806778 -1.047079 -0.769056 -0.998577 -0.865554 -0.867596 -1.117043 -0.871795 -0.768932 -1.096999 -0.969295 -0.832112 -1.110368 -0.881906 -0.819955 -0.774831 -1.140467 -1.070464 -1.099911 -0.973189 -0.796511 -0.806728 -0.862926 -0.970877 -1.006858 -0.864476 -1.202488 -0.932091 -0.815087 -0.723707 -0.995752 -0.821792 -1.244166 -0.944306 -1.067038 -0.854797 -0.969041 -0.674570 -0.986234 -0.890514 -0.996187 -0.871291 -1.025381 -0.815142 -0.902730 -0.981368 -1.141304 -0.969585 -0.833382 -1.091046 -1.027183 -0.889395 -0.931148 -0.809046 -0.920545 -1.037957 -1.029910 -0.766392 -0.982002 -1.139267 -0.921173 -0.924594 -1.064753 -0.869779 -1.002102 -0.855483 -1.045578 -0.836949 -0.945658 -0.825747 -0.937970 -0.897591 -0.667466 -0.773316 -0.762143 -0.860517 -0.913641 -1.105957 -1.041634 -0.859460 -0.996220 -1.021117
-0.964192 -0.635642 -1.017511 -1.006127 -1.205937 -0.846166 -1.110334 -0.985302 -1.022245 -1.042744 -1.119772 -0.977214 -1.001260 -0.965740 -0.870242 -0.995602 -1.003762 -1.044749 -0.831074 -1.015812 -0.861493 -0.895406 -0.891751 -1.138806 -0.760568 -0.983285 -0.894234 -0.954425 -1.094454 -1.117008 -0.942060 -0.824147 -0.971739 -1.012630 -0.883459 -0.838432 -0.851318 -0.920799 -0.769002 -0.839109 -0.837549 -1.010156 -1.078312 -0.869737 -1.032475 -0.941833 -1.119743 -0.962903 -0.816921 -1.054822 -0.835870 -0.939032 -0.895041 -1.166031 -0.923189 -1.091544 -1.049945 -1.254166 -0.869142 -1.084845 -1.071842 -0.695704 -0.912722 -1.023044 -0.664701 -0.873682 -0.882867 -0.998714 -0.948358 -0.930802 -0.989542 -0.907476 -0.816699 -0.897864 -0.866139 -1.121145 -1.168753 -0.905490 -1.041221 -1.001317 -0.919731 -0.924183 -0.826632 -0.701590 -0.803341 -1.057461 -0.922619 -0.899744 -0.895748 -1.246750 -1.173308 -1.158247 -1.162598 -0.997306 -0.872638 -0.947258 -0.869770 -0.803142 -0.754160 -1.087278 -0.812055 -0.969261 -0.886313 -0.906206 -0.913176 -0.999102 -0.741893 -0.771159 -1.137423 -1.058823 -0.863511 -0.904108 -0.941874 -0.797838 -0.796409 -1.070935 -0.892809 -0.784960 -0.753906 -0.919117 -1.102886 -1.022199 -1.088600 -0.757559 -0.950412 -1.063131 -0.912763 -0.853662 -1.001307 -0.694268 -0.782392 -0.945158 -0.925087 -1.262937 -0.964503 -1.070547 -0.759619 -0.810139 -0.701154 -0.790220 -1.007192 -1.104238 -0.845948 -0.846199 -0.934917 -0.923108 -0.719118 -1.020088 -0.852650 -0.905438 -1.005135 -1.017716 -0.774520 -1.181568 -0.842441 -0.836988 -0.820752 -0.729243 -0.984950 -0.704628 -0.859282 -0.842571 -0.795125 -1.076177 -0.924421 -0.828176 -1.033754 -0.905243 -0.685187 -1.025469 -0.873175 -0.919589 -0.747249 -0.937886 -1.084944 -0.926775 -0.721504 -0.959684 -0.864371 -1.085918 -1.265548 -0.912836 -0.913678 -0.986298 -0.940084 -1.095347 -0.909259 -0.826250 -0.946501 -1.202343
-0.920034 -0.922610 -1.207594 -1.042961 -0.972005 -0.815861 -0.763686 -0.911909 -0.755607 -1.062737 -0.940225 -0.695868 -0.955155 -0.983796 -0.880417 -0.896605 -0.982959 -1.060229 -0.874417 -1.135183 -0.894418 -1.135397 -0.833640 -0.988489 -0.987359 -0.904700 -0.757013 -0.813076 -0.899990 -0.949393 -0.894840 -0.807919 -0.897296 -1.095219 -1.019788 -0.644611 -0.914974 -0.777089 -1.083931 -0.801603 -1.124759 -0.907249 -0.832301 -1.104348 -0.716196 -0.967601 -0.959224 -0.956043 -0.971080 -0.823091 -1.210424 -0.907280 -0.811323 -1.064690 -0.920642 -0.774001 -1.138000 -0.964038 -0.900672 -0.878169 -1.124468 -1.017531 -1.011707 -1.100784 -0.584920 -0.671259 -0.975986 -0.877593 -0.772405 -0.888120 -0.855367 -0.871302 -0.847972 -1.049699 -1.033126 -0.708207 -1.265215 -1.064799 -0.908762 -0.892294 -0.862960 -0.729140 -1.027905 -0.833345 -0.947612 -1.016677 -0.900172 -0.760670 -0.958041 -1.093163 -0.814789 -0.842538 -0.701063 -0.969780 -0.964924 -1.095205 -1.045165 -1.263319 -0.704376 -1.156492 -0.739616 -1.152300 -0.894428 -0.939669 -0.791907 -0.848079 -0.957479 -0.870364 -1.079759 -0.993381 -0.821761 -0.766932 -0.876507 -0.954146 -0.839833 -0.860222 -0.931339 -0.706538 -1.160587 -0.823629 -0.981010 -0.896367 -0.915197 -1.028087 -0.716054 -1.304823 -0.866664 -1.007723 -0.920946 -0.893736 -0.794985 -0.943675 -0.736010 -0.795299 -1.005103 -1.124810 -0.764716 -0.677246 -1.228405 -0.825820 -0.860677 -1.150011 -0.918654 -1.033665 -0.975627 -0.936018 -0.684328 -0.965454 -0.853123 -1.001699 -1.102840 -0.894608 -1.055680 -1.234372 -1.058676 -0.988687 -0.745232 -1.033061 -0.821651 -1.008604 -1.226262 -0.856690 -0.767827 -0.924013 -0.931505 -1.106018 -1.156981 -1.019098 -0.982360 -0.887128 -0.916445 -0.830993 -1.031784 -1.040829 -1.053916 -0.900131 -1.101557 -1.074790 -0.815156 -1.088564 -1.019179 -0.973245 -1.044312 -0.797532 -0.937458 -1.041523 -1.081597 -1.046337 -0.714082 -0.937800
-0.826621 -1.175640 -0.690718 -0.998636 -0.741977 -1.110357 -1.130763 -0.913098 -1.045756 -1.053086 -0.874359 -1.105688 -1.119868 -1.085012 -1.141334 -0.817249 -0.786741 -0.940880 -0.840729 -1.017462 -0.995799 -0.969517 -0.903566 -1.070522 -0.938979 -0.917749 -1.000724 -0.666194 -1.003505 -1.147282 -0.823240 -1.103670 -1.043360 -0.688758 -0.821454 -0.953511 -1.078951 -0.728075 -0.858424 -0.725066 -0.739167 -0.652205 -1.253146 -1.152561 -1.084927 -0.826250 -0.871651 -0.926355 -1.148966 -0.776082 -0.961915 -0.817488 -0.894771 -0.894038 -0.841642 -0.823607 -0.802781 -0.921880 -1.021438 -0.974583 -0.955557 -0.951789 -0.969192 -1.235055 -0.779467 -0.968037 -1.028223 -0.929514 -0.782385 -1.030440 -0.615306 -0.785232 -0.932619 -1.035073 -0.968886 -1.037141 -0.796178 -1.024953 -0.891122 -1.085790 -0.891018 -0.588462 -0.839909 -1.080821 -1.044199 -1.035460 -1.015457 -0.768176 -1.034698 -0.690163 -1.107303 -0.800327 -0.887562 -1.131250 -1.025073 -0.835950 -0.993119 -0.958429 -1.344795 -0.961733 -0.874601 -1.154006 -0.953610 -0.798491 -1.186805 -0.814261 -0.782330 -0.984736 -0.818166 -1.025338 -1.037608 -1.004113 -0.784870 -1.024581 -1.085379 -0.930159 -0.833719 -0.618744 -0.944220 -1.066202 -0.812412 -1.005875 -0.607523 -0.995373 -0.854301 -1.203678 -0.773875 -1.115717 -1.161929 -0.998409 -1.233396 -0.886129 -0.966035 -0.936216 -0.818461 -0.872024 -0.914029 -1.144447 -1.022360 -0.761070 -0.889352 -0.930716 -1.072341 -0.938466 -0.912361 -0.873532 -0.950964 -1.022037 -0.934388 -0.637669 -1.150560 -0.841160 -0.934939 -0.853927 -0.930188 -0.603397 -0.915029 -1.129868 -1.005796 -0.829962 -0.984046 -0.969912 -0.983548 -1.026678 -0.835535 -0.819339 -0.942704 -0.857109 -0.828107 -1.079939 -1.021376 -0.742481 -0.905166 -0.871465 -1.144494 -1.053369 -0.873927 -0.799467 -0.913880 -1.014521 -0.579768 -0.709924 -0.612403 -0.764110 -0.740784 -0.917687 -0.807056 -1.010538 -0.818645 -0.794851
-0.955607 -0.796355 -0.904327 -0.824339 -0.813365 -0.870104 -0.817909 -0.846846 -0.880269 -0.902489 -0.565574 -1.103324 -1.080067 -0.998349 -0.881589 -0.965229 -0.852046 -0.722482 -0.796272 -1.188039 -0.797524 -0.833820 -0.971306 -1.093190 -0.828071 -0.837960 -0.888176 -1.309789 -0.778043 -1.105355 -0.694906 -0.890785 -1.203183 -0.783569 -1.036133 -0.912967 -0.825960 -1.110946 -0.755685 -0.629761 -1.044820 -1.017173 -1.182458 -0.936628 -0.659351 -0.985223 -1.059648 -1.145989 -0.841860 -0.901455 -0.830688 -1.200658 -0.839308 -0.905133 -0.954825 -1.270816 -0.767280 -0.743068 -0.796741 -0.956586 -0.917068 -0.917617 -0.946226 -0.938586 -0.912699 -0.830883 -1.033791 -0.890800 -0.684134 -0.934040 -1.040560 -0.861023 -0.726474 -1.025917 -0.894350 -0.967506 -0.906384 -0.804227 -1.158453 -1.029624 -0.988479 -0.785790 -0.969974 -1.008613 -0.863431 -1.190900 -0.881760 -0.864936 -1.065251 -0.926970 -0.852378 -0.862225 -0.930219 -0.924473 -0.958377 -0.761543 -0.892516 -0.953173 -0.770851 -0.982369 -1.005492 -1.113910 -0.840759 -0.698950 -1.016400 -1.312748 -0.718518 -0.860020 -1.005157 -0.934885 -0.870118 -0.972455 -1.086242 -1.036482 -1.242373 -1.122787 -0.799609 -0.819001 -1.082689 -0.827109 -0.985476 -1.033648 -0.946235 -0.907150 -1.045103 -0.822191 -0.918383 -1.014366 -1.350853 -0.921555 -0.912768 -0.998820 -1.043545 -0.941080 -1.106750 -0.724371 -0.595622 -0.941575 -0.972799 -0.977767 -0.942459 -0.844809 -0.981804 -0.915504 -0.883960 -0.917204 -0.911982 -0.689723 -0.886106 -0.871868 -0.695162 -0.701572 -0.939781 -1.138759 -1.128789 -1.038677 -1.086509 -0.939465 -0.916192 -0.696081 -0.806822 -0.589019 -0.927390 -0.818296 -0.783817 -0.856401 -0.927805 -0.772755 -1.094145 -0.935496 -0.902175 -1.058978 -1.220052 -0.795592 -1.363694 -1.042818 -0.841557 -1.067018 -0.930512 -1.039176 -0.670493 -0.867739 -0.915955 -0.858475 -0.838901 -1.026296 -0.866150 -0.805068 -0.782792 -0.883900
-0.890486 -0.968283 -1.060533 -1.110105 -0.870485 -0.863223 -0.725315 -1.080946 -1.003953 -1.044336 -1.011407 -0.897755 -0.878098 -1.186330 -1.216805 -1.159921 -0.893008 -0.841103 -0.849738 -1.096450 -1.239824 -1.158211 -1.229907 -1.058395 -0.917041 -0.916296 -0.917292 -0.811955 -0.867994 -0.899996 -0.867994 -1.116070 -0.936222 -1.180638 -1.020123 -0.958766 -1.123680 -0.781930 -1.019609 -0.827379 -0.825825 -0.678317 -0.837702 -0.835239 -0.882652 -1.145600 -0.863346 -0.915739 -0.960440 -0.826744 -0.861111 -0.824722 -0.784426 -1.105407 -0.830661 -1.030795 -0.940446 -0.623873 -1.178466 -0.703550 -1.058134 -1.059071 -0.818563 -0.792834 -0.821465 -0.935317 -0.976053 -0.737505 -0.949123 -1.313418 -1.000109 -0.931001 -0.806740 -0.726746 -1.054087 -1.136998 -0.962952 -0.920527 -0.891920 -1.124822 -0.901506 -0.804477 -0.755046 -0.928708 -1.170684 -0.806720 -0.921015 -0.815905 -0.807821 -0.970236 -0.890057 -1.104503 -0.951669 -0.879111 -0.781388 -0.906002 -0.876855 -0.716528 -0.703245 -1.123608 -0.991984 -1.207963 -1.178679 -1.328450 -1.093096 -0.989069 -0.994774 -0.563524 -1.004180 -0.775562 -0.828070 -0.983399 -0.684134 -1.116489 -0.755782 -0.849869 -0.862501 -1.352321 -0.810550 -0.968234 -0.802219 -0.906561 -0.813050 -1.115139 -1.167515 -1.130987 -0.912996 -1.114226 -0.954967 -0.788258 -0.748700 -0.798788 -1.019834 -0.773674 -1.019222 -0.910356 -0.924561 -0.970872 -0.981944 -0.696527 -0.709591 -0.749971 -0.895506 -1.221316 -0.892465 -0.874059 -1.028649 -0.784545 -0.929013 -0.717732 -0.784673 -0.939214 -1.059457 -0.890135 -0.875584 -1.240900 -0.847702 -1.188430 -0.868382 -1.000930 -0.720466 -0.800707 -0.670349 -1.142562 -0.930869 -0.677032 -0.811587 -1.095210 -1.058953 -1.070122 -1.059147 -0.877516 -1.084802 -0.958502 -0.985959 -0.900158 -1.047452 -0.840585 -0.878949 -1.114891 -0.911042 -0.901583 -0.985815 -0.782392 -0.886995 -0.914160 -1.188143 -0.921542 -0.919344 -1.029135
-0.762470 -0.897008 -0.946467 -1.020832 -1.139789 -0.922666 -0.773831 -0.993304 -1.201215 -1.046440 -0.924107 -1.019281 -0.656834 -0.852690 -0.940864 -0.927679 -0.929555 -1.057027 -1.108685 -0.748856 -1.012189 -0.748630 -1.113324 -0.943755 -1.027748 -0.938579 -1.010674 -0.845466 -1.077951 -0.951001 -0.977991 -0.846035 -1.213785 -0.996539 -0.937491 -1.107575 -0.823615 -0.824683 -0.962297 -0.776614 -0.828129 -1.038030 -0.666070 -1.043931 -0.873053 -0.934476 -0.788449 -1.243966 -0.839743 -0.820037 -1.052846 -0.990496 -0.917061 -0.686672 -0.838409 -1.018905 -0.927217 -0.764428 -0.938748 -0.838360 -0.919526 -0.905676 -1.132663 -1.037223 -0.899850 -1.134258 -0.695104 -0.954685 -0.735299 -1.009934 -0.810000 -0.896290 -0.675059 -1.073306 -1.148635 -1.143196 -0.780730 -0.886029 -0.969553 -0.927203 -0.868119 -0.814488 -0.950192 -0.664754 -1.013556 -0.813337 -0.871461 -0.953209 -1.100545 -0.857526 -1.065871 -0.845867 -0.983486 -1.038587 -1.093040 -0.805476 -1.130509 -0.982635 -1.207687 -0.764048 -1.135365 -0.970606 -0.994718 -0.852373 -0.932361 -0.907290 -0.892051 -0.708321 -0.909075 -0.952450 -0.876560 -0.798644 -1.015005 -0.721697 -0.609975 -1.065803 -0.986559 -0.819367 -1.165247 -0.940554 -0.864176 -0.812098 -0.833010 -0.782057 -0.956299 -0.923244 -0.881585 -0.859769 -0.875069 -0.757482 -0.848150 -0.915325 -0.829465 -0.955714 -1.029023 -1.031894 -0.846083 -0.846397 -0.954293 -1.197346 -1.266982 -1.051411 -0.945973 -0.752717 -0.858560 -1.030443 -0.701394 -0.761186 -0.953998 -0.810754 -0.968548 -1.185484 -1.173549 -0.988525 -0.873206 -0.773514 -0.806388 -1.030247 -0.958519 -0.858129 -0.877050 -0.889830 -0.695563 -0.917391 -0.792117 -1.074699 -0.874369 -0.944946 -0.949814 -0.861584 -0.993599 -0.857896 -0.852130 -1.214154 -0.751931 -0.935892 -0.901129 -0.799087 -1.088857 -0.909170 -0.933693 -0.934446 -1.124832 -0.892306 -0.990318 -0.707310 -0.998846 -1.037233 -0.898382 -0.708812
-0.782256 -1.006787 -0.933219 -0.949596 -0.941354 -1.081649 -0.836743 -0.754184 -1.018020 -1.262595 -1.002592 -0.965110 -1.004511 -0.876903 -0.752775 -1.154078 -0.875583 -0.912063 -1.125313 -0.891107 -0.997336 -1.018305 -0.758941 -1.208379 -0.946797 -0.899947 -1.013763 -1.070246 -1.053837 -0.912091 -0.880415 -1.018561 -1.105346 -0.942796 -1.153905 -1.045105 -0.653229 -0.990505 -0.849123 -0.607493 -0.925792 -1.115004 -0.860970 -0.899143 -0.949516 -1.113741 -0.994906 -0.996503 -1.223633 -0.952541 -1.145529 -0.749734 -0.769395 -0.964314 -1.080639 -0.757521 -1.040858 -1.123288 -0.851008 -0.847794 -1.040809 -0.819241 -1.188147 -0.694691 -0.960272 -0.793733 -0.863342 -0.938498 -0.819781 -0.868868 -1.185720 -0.970710 -0.754083 -1.045559 -0.941534 -0.969653 -0.778940 -1.209697 -1.005370 -0.796119 -0.891311 -0.733475 -0.588456 -1.221744 -1.025496 -0.860189 -0.858761 -0.838125 -0.666696 -0.963034 -0.832046 -0.874794 -1.062248 -1.230702 -1.146284 -1.168484 -1.105417 -0.791394 -0.897253 -1.034939 -0.854997 -0.946550 -0.786078 -0.965362 -1.070996 -0.872533 -0.872593 -0.840786 -0.711369 -0.930437 -1.046074 -0.891905 -0.967887 -1.072517 -1.022517 -0.909461 -1.186399 -0.928871 -0.880590 -1.021861 -0.801277 -1.167000 -1.100732 -0.959671 -0.883576 -1.021926 -0.856786 -0.976777 -0.771803 -0.982672 -0.719423 -0.959914 -0.832337 -0.675139 -0.817954 -1.108356 -1.058014 -1.021784 -0.969942 -0.932141 -1.039033 -1.070140 -0.924908 -0.668645 -0.788075 -1.047990 -0.739491 -0.902535 -0.964859 -0.852551 -1.035603 -0.923307 -0.857815 -0.844383 -0.970221 -1.057315 -1.086033 -0.993916 -1.003785 -0.844687 -0.897623 -0.880619 -1.098044 -0.799288 -0.891698 -0.770241 -0.764474 -0.969926 -0.885359 -0.762186 -0.896191 -0.969775 -1.096950 -0.672758 -0.910060 -0.861417 -0.731521 -0.957776 -1.033995 -1.147925 -0.753155 -1.049375 -0.806082 -1.106706 -1.001366 -0.916586 -0.959153 -0.826835 -1.040570 -1.031980
-0.971815 -0.925238 -1.014590 -1.019454 -0.907341 -1.027165 -0.904113 -0.949786 -0.761997 -1.163554 -1.200013 -1.010127 -0.960774 -0.916245 -0.857273 -0.690026 -1.025208 -0.880486 -0.659128 -0.950881 -1.016445 -1.285052 -0.871029 -0.991415 -1.072220 -0.849552 -1.206362 -0.944369 -1.001861 -0.974237 -1.186358 -1.113382 -0.806892 -1.121461 -0.937428 -0.836369 -0.883205 -0.695631 -0.684325 -1.124093 -1.163854 -0.926480 -0.798971 -0.929733 -1.159998 -1.184944 -0.912079 -1.171375 -0.977140 -0.987391 -0.918143 -0.938834 -0.719076 -0.893551 -0.927835 -0.772799 -0.962452 -0.774780 -0.707679 -0.956214 -0.957880 -0.916761 -1.171220 -1.124903 -0.913075 -1.047082 -1.205773 -1.161769 -0.927082 -1.150631 -0.958180 -1.077952 -1.047467 -0.994015 -0.891279 -0.895580 -1.140449 -0.970564 -0.958655 -1.175741 -0.919844 -0.800573 -0.839255 -0.933441 -0.709748 -1.101286 -1.177306 -0.979960 -0.885585 -0.633208 -0.813255 -0.718554 -0.886441 -0.920438 -1.025803 -1.028240 -0.689282 -0.872681 -0.723552 -1.117793 -0.871381 -0.760600 -1.059668 -0.658830 -0.780260 -0.775667 -0.729578 -0.854674 -1.098001 -0.947451 -1.121224 -1.073045 -0.946173 -0.674195 -0.813023 -0.892561 -0.853857 -1.039903 -0.813021 -1.059320 -0.990467 -0.838204 -0.842804 -1.047311 -0.801845 -0.858406 -1.259829 -0.892378 -0.871610 -0.990115 -0.944870 -1.095484 -1.057366 -1.008465 -0.811776 -1.058307 -0.958320 -0.944333 -0.819503 -0.935005 -0.972028 -0.962938 -0.679760 -1.116429 -1.109203 -1.018763 -0.964832 -0.564872 -1.166475 -0.817510 -0.744987 -0.765024 -0.969426 -0.887044 -0.859321 -0.917364 -0.988914 -0.954274 -0.907941 -0.787052 -0.849936 -0.928424 -0.871511 -0.887349 -0.930184 -0.895228 -0.772580 -1.020621 -0.939567 -0.829998 -0.840257 -1.041547 -1.056948 -0.825205 -0.936067 -1.208661 -0.834498 -0.820469 -1.339973 -1.047471 -1.060074 -0.939453 -0.984730 -0.789431 -0.754081 -0.955737 -1.045753 -0.985221 -0.844024 -0.849117
-0.945731 -0.674558 -1.095118 -0.980994 -1.046267 -0.821889 -0.896060 -1.199620 -0.797767 -1.017626 -1.030030 -0.920469 -1.129786 -1.074138 -0.973896 -0.883525 -0.819078 -1.014281 -0.719997 -1.041068 -0.822561 -1.013304 -0.862825 -1.071341 -1.057171 -0.998847 -0.907280 -0.885149 -1.021032 -0.990147 -1.091921 -0.968733 -1.036790 -0.756890 -1.107571 -0.881486 -0.861692 -1.107682 -0.957891 -0.940131 -0.978764 -0.845842 -0.870942 -1.097411 -0.924415 -0.835313 -0.955106 -0.966690 -0.967691 -0.944498 -0.851161 -0.755727 -1.007514 -0.975478 -0.868832 -0.979300 -0.956804 -1.045375 -0.775907 -0.901780 -0.925247 -0.727596 -1.063205 -0.786571 -1.008859 -0.890676 -0.974486 -0.963944 -0.895801 -0.966226 -0.682293 -0.739675 -0.906773 -0.932748 -1.005049 -0.907089 -0.820805 -1.096601 -0.923670 -1.115992 -0.928684 -0.748637 -1.007451 -0.887745 -0.938485 -1.032866 -0.741969 -1.095426 -0.901167 -0.838065 -1.017540 -0.939680 -0.779621 -1.154213 -1.280465 -1.076719 -0.928998 -1.079381 -0.878998 -0.835413 -1.141904 -0.822795 -0.935525 -0.970905 -0.769190 -1.007408 -0.791770 -1.162643 -0.984865 -1.069466 -0.831492 -0.915586 -0.813321 -0.823786 -0.761818 -0.962946 -0.774038 -0.800962 -1.030328 -0.965239 -0.718920 -1.141479 -0.943122 -1.049252 -1.093180 -0.918804 -0.904502 -0.925060 -0.836193 -0.933702 -1.312261 -0.872968 -1.122382 -1.197742 -0.925329 -0.908034 -1.040603 -0.723409 -1.166533 -0.900954 -1.048179 -0.871457 -1.141760 -0.990903 -0.676771 -0.682003 -0.829763 -1.199092 -1.016803 -0.781110 -1.039558 -0.965317 -0.954022 -0.960682 -0.962664 -0.896398 -0.803305 -1.014880 -0.862053 -0.889385 -0.989522 -1.086009 -0.978713 -0.778962 -0.627722 -0.760509 -0.971892 -0.923886 -0.938326 -0.768090 -1.075709 -0.924076 -1.083710 -0.834813 -0.890100 -1.041729 -0.970110 -0.926889 -1.077437 -0.915814 -0.733252 -0.729412 -0.883850 -0.848643 -1.075611 -1.199733 -0.916343 -0.730553 -1.175544 -0.876470
-0.861650 -0.997305 -0.930907 -1.024154 -0.794805 -0.906485 -1.014303 -0.794239 -1.007646 -0.705156 -1.147731 -0.764560 -1.043965 -1.221100 -0.966311 -0.872784 -0.798310 -0.929139 -1.009684 -0.907966 -0.832027 -0.850061 -0.754920 -0.857883 -0.977873 -0.920121 -0.857990 -0.937257 -1.077502 -0.815537 -0.966088 -0.965886 -1.093434 -0.911257 -0.914047 -0.824620 -0.965236 -0.741987 -0.825956 -1.011130 -1.269256 -0.983311 -1.115691 -1.216294 -0.737159 -1.098690 -1.238680 -0.955150 -0.811405 -0.794945 -0.813095 -1.161848 -0.848546 -1.234629 -1.049866 -1.087105 -1.027450 -0.968420 -0.647782 -0.970977 -1.107403 -0.852571 -0.813812 -0.885995 -0.800362 -0.994017 -0.836835 -1.261002 -0.876245 -0.965787 -1.003866 -1.059983 -0.752499 -1.058734 -0.797663 -0.906191 -1.079172 -1.070299 -0.921776 -1.030320 -0.841245 -0.842413 -0.846489 -1.038509 -0.774966 -1.022999 -0.846105 -0.690869 -0.938413 -0.929915 -0.820642 -0.910884 -0.743779 -0.588225 -0.661769 -0.924590 -1.111085 -0.949728 -0.974080 -1.063854 -0.828522 -0.952655 -0.823710 -0.866368 -1.153441 -0.988004 -0.840108 -0.980160 -1.020537 -0.793718 -1.100553 -1.193004 -0.960644 -1.208856 -0.968509 -0.907180 -0.844780 -1.044099 -0.892077 -1.097332 -0.875080 -1.029063 -0.946797 -0.920559 -0.865308 -0.884436 -1.046353 -1.041138 -0.954802 -0.942753 -0.766762 -1.099771 -1.079335 -0.942157 -0.879526 -0.883538 -0.794679 -0.843756 -0.871842 -1.017240 -0.917207 -0.952949 -1.020297 -0.764726 -0.889665 -0.824164 -0.957661 -1.195006 -0.955925 -1.094711 -0.707002 -1.212618 -1.295157 -1.017324 -0.771040 -0.836522 -0.913051 -1.094668 -1.103369 -0.829721 -0.583292 -0.946482 -0.937323 -1.045075 -1.017393 -0.958814 -0.836651 -0.903093 -1.048491 -1.306755 -1.038475 -0.677883 -1.112728 -0.805423 -0.995265 -0.912378 -0.803326 -0.870242 -0.851350 -0.875990 -0.898208 -0.782393 -1.030256 -0.925676 -0.856872 -0.873841 -1.168299 -0.980786 -1.057162 -0.834228
-1.147557 -0.809469 -0.944465 -1.118335 -1.079464 -0.897649 -0.872002 -0.624481 -0.859006 -1.037009 -1.003211 -0.675809 -1.065271 -1.129367 -0.805558 -0.902224 -1.158962 -0.920814 -0.829002 -0.913943 -0.931840 -1.089619 -0.812945 -1.365316 -0.914734 -1.115108 -1.265389 -1.007505 -1.020119 -0.925721 -0.978125 -0.915382 -0.681200 -1.171371 -1.246263 -0.951303 -0.955350 -0.921399 -0.885131 -0.988835 -1.092616 -0.793011 -0.985416 -1.076046 -0.611887 -0.685917 -0.957084 -0.924736 -0.782175 -1.021420 -1.194290 -1.077859 -1.090320 -0.831640 -1.016193 -0.933701 -0.938874 -0.990629 -1.005529 -0.955214 -0.825422 -0.928653 -0.945052 -1.286160 -0.851477 -0.783001 -1.140436 -0.946545 -1.083561 -0.931697 -0.896274 -0.892019 -0.987452 -0.779372 -1.273657 -0.913278 -0.973011 -1.132455 -0.547698 -0.849602 -0.932028 -1.082440 -1.117946 -0.999997 -0.849292 -0.881898 -0.833433 -0.862360 -0.872454 -1.002962 -0.897871 -0.674916 -0.748278 -0.703974 -0.842311 -0.881958 -0.803773 -0.926772 -0.853234 -1.005011 -1.004290 -1.116628 -0.877352 -1.042029 -0.780704 -0.880089 -1.080662 -0.973123 -1.135314 -0.762219 -0.846412 -1.213439 -0.937036 -1.211106 -0.859967 -0.698821 -0.753828 -1.196506 -1.062525 -1.030427 -0.855926 -0.947982 -0.840450 -1.175503 -0.874857 -0.692271 -0.892810 -0.742521 -0.721527 -0.872925 -1.012460 -0.928602 -1.045052 -0.914873 -1.256479 -0.862718 -1.243817 -0.803659 -0.960220 -0.757394 -0.739897 -0.930769 -0.918670 -1.368395 -0.864963 -0.848845 -1.063229 -0.682733 -0.984184 -0.898974 -0.869026 -0.755291 -0.831705 -0.962981 -1.139961 -1.199832 -0.766964 -0.914612 -0.908950 -1.007430 -0.912695 -1.002392 -1.036259 -1.098412 -0.791682 -0.877001 -0.831474 -0.869133 -0.836070 -0.750845 -0.944818 -1.289050 -1.061037 -0.805930 -1.029650 -1.286781 -1.158686 -0.896349 -0.944177 -0.747613 -0.776529 -0.816748 -0.779684 -0.765836 -0.847483 -1.048586 -0.767118 -0.819618 -0.972714 -1.059647
-0.678050 -0.783016 -0.895406 -0.913177 -0.836480 -0.927924 -1.218133 -0.673941 -1.136115 -0.782927 -0.774012 -0.696237 -0.761070 -1.355858 -0.863487 -0.894038 -0.875088 -1.027179 -0.921143 -0.713101 -0.999291 -0.797435 -1.201551 -0.823879 -0.961549 -0.869638 -0.912981 -1.451709 -0.843066 -1.057375 -0.942860 -1.024539 -0.928745 -0.866420 -1.019984 -0.974252 -0.819658 -0.930193 -0.917466 -0.735375 -0.765521 -0.705964 -0.669027 -1.005009 -0.965449 -0.941939 -1.015279 -1.061966 -0.988996 -0.961483 -0.888997 -0.838306 -1.078201 -0.832237 -0.967013 -1.020495 -0.947449 -0.785241 -0.783972 -0.833780 -0.919901 -1.000399 -1.058554 -1.151489 -0.869997 -0.952898 -0.812287 -0.838135 -0.804152 -0.889231 -0.941164 -1.038020 -0.881496 -1.047031 -0.936712 -0.992349 -0.973018 -1.066836 -0.850979 -0.900352 -0.909577 -0.912636 -0.838746 -1.056528 -0.812415 -0.975570 -0.725246 -0.901551 -0.969666 -0.913993 -1.139290 -0.628624 -0.665189 -1.148062 -0.880371 -0.915302 -0.909068 -0.920497 -1.079318 -0.870024 -0.923619 -0.971078 -0.833061 -0.831597 -0.931195 -0.970562 -0.978481 -0.865824 -1.045576 -1.017050 -0.696187 -0.751585 -0.781443 -0.893820 -1.334678 -0.924564 -0.888244 -1.077051 -1.175221 -0.755838 -0.865156 -0.694323 -0.871777 -0.924970 -0.802785 -0.840217 -0.789953 -1.067655 -1.016933 -0.779050 -1.115330 -1.286679 -1.177578 -0.904598 -0.859132 -0.779228 -0.719586 -0.931893 -0.917744 -0.893375 -0.955028 -1.339566 -0.912761 -1.205202 -1.069542 -1.085722 -0.841527 -1.121258 -0.861230 -0.830944 -0.885367 -1.012161 -0.740629 -1.004144 -1.126117 -0.872214 -0.963169 -1.038414 -0.608306 -0.837416 -1.225477 -0.832583 -0.758444 -0.969770 -1.026240 -0.765949 -0.955561 -0.761935 -1.248003 -0.788649 -0.953237 -1.088700 -0.767461 -0.801788 -0.745597 -1.111618 -0.928251 -0.565704 -1.108951 -0.868368 -0.906860 -1.143435 -0.797764 -0.764039 -0.966423 -0.929154 -1.033174 -0.753692 -0.797241 -0.889241
-0.880379 -1.022347 -1.053608 -0.878108 -0.801505 -0.783732 -0.755740 -0.848373 -0.811169 -0.861290 -0.775586 -1.071684 -0.819221 -0.770750 -1.231679 -0.807291 -0.944448 -0.771027 -0.846870 -0.503358 -0.790902 -0.799754 -1.020901 -0.871978 -0.818858 -0.828317 -0.886603 -0.995980 -0.980750 -0.839103 -0.823989 -0.897972 -1.006133 -0.782541 -0.796820 -0.608149 -1.261750 -0.837154 -0.991572 -0.787779 -1.249696 -0.832840 -0.708561 -0.780184 -0.904111 -1.064188 -0.920196 -0.899625 -0.926262 -1.063518 -1.086500 -1.072163 -1.121971 -0.753546 -0.777105 -0.938708 -1.012639 -0.802940 -0.924409 -0.917670 -1.303769 -0.800867 -0.931660 -1.153818 -0.819646 -0.888631 -1.056726 -1.035946 -0.833834 -0.869311 -1.027038 -0.933078 -0.846674 -0.635901 -1.005872 -0.834147 -0.837415 -0.938596 -0.891558 -0.900852 -0.870189 -1.003158 -0.893453 -0.915842 -0.919284 -0.816873 -1.045407 -1.061639 -0.902543 -0.800758 -0.862664 -0.817823 -0.897956 -1.073951 -0.864983 -0.878856 -1.132328 -0.885912 -0.738080 -0.952942 -0.973145 -1.086500 -0.911967 -1.041233 -0.991868 -0.910583 -0.999578 -0.872746 -0.864788 -0.917750 -0.965874 -1.097660 -1.157496 -0.797371 -1.031620 -0.803566 -1.024961 -0.814596 -1.013092 -0.797720 -0.833164 -0.855180 -0.821038 -0.781957 -0.969555 -0.850354 -0.768474 -0.684727 -0.932362 -0.829924 -0.790971 -0.760031 -0.913050 -0.789297 -0.831744 -1.192354 -1.009614 -0.813622 -0.974214 -0.683876 -0.862745 -1.097122 -0.995763 -0.989926 -1.074188 -0.894896 -1.082008 -0.917816 -0.993519 -0.947931 -1.063898 -0.779971 -0.881463 -0.870013 -0.879486 -1.009004 -0.935071 -0.935480 -0.885062 -0.777545 -0.776532 -1.113259 -1.093311 -0.873272 -1.005720 -0.714925 -1.182471 -0.824432 -1.055381 -0.810463 -0.877763 -0.860452 -1.123887 -0.819912 -1.122203 -0.875598 -0.618175 -0.863991 -0.894001 -0.953735 -1.162040 -0.669737 -0.786267 -0.868441 -0.849265 -1.000678 -0.764847 -1.115578 -0.702984 -0.683376
-0.862293 -0.726775 -1.043528 -1.008165 -0.713014 -0.882917 -1.020883 -0.912457 -0.853288 -0.653909 -1.018762 -1.047497 -1.408347 -0.775969 -0.783133 -1.086244 -1.227534 -0.796672 -0.900382 -1.019675 -0.830091 -0.981749 -0.852174 -0.962241 -1.103581 -0.900483 -0.830405 -0.868321 -0.961466 -1.083859 -1.083445 -0.847848 -1.227102 -0.705975 -0.724703 -0.965229 -0.875113 -0.930503 -0.974341 -0.949818 -0.752689 -1.068520 -0.880384 -1.205426 -0.881031 -0.905158 -1.239918 -0.833778 -0.971513 -0.817588 -0.919320 -0.982145 -0.836296 -1.070155 -0.773991 -0.916220 -0.887824 -1.073599 -1.127007 -1.325099 -0.919119 -1.084933 -0.992533 -0.961868 -1.262038 -1.055371 -0.986522 -1.164400 -0.848588 -0.792479 -0.865443 -1.218975 -1.149279 -0.859850 -0.733940 -0.876342 -1.154146 -0.870813 -1.046033 -1.152088 -0.834294 -0.971500 -0.898932 -1.098313 -1.024281 -0.969812 -1.113227 -1.106128 -0.884998 -0.750499 -0.833683 -0.906506 -1.117341 -1.054768 -0.878266 -1.002350 -0.731810 -0.913176 -1.122009 -1.009900 -0.965195 -0.706603 -0.824622 -0.965645 -0.983168 -1.012169 -0.869033 -1.137403 -1.143545 -0.975864 -0.839083 -0.975372 -0.924929 -0.952983 -0.977974 -0.818702 -0.791977 -0.993432 -1.086493 -1.020032 -1.179754 -1.228433 -1.163802 -1.240241 -1.027205 -1.017539 -1.107509 -1.187078 -0.894009 -0.783757 -0.780438 -0.951641 -0.955440 -0.877037 -0.700782 -0.805445 -0.960914 -0.801057 -0.831505 -0.668135 -0.843707 -0.779706 -0.837993 -0.961534 -1.170992 -1.018115 -1.018277 -0.901104 -0.770142 -1.183064 -0.809604 -0.900080 -0.873325 -0.981477 -1.196902 -0.856678 -0.788779 -0.995662 -0.963772 -0.811976 -1.048207 -0.999420 -1.268255 -1.064076 -0.722225 -1.067056 -1.064151 -0.757068 -0.867760 -0.930713 -0.862537 -0.948907 -1.007725 -0.831686 -1.117312 -0.806188 -1.035532 -0.933094 -1.326462 -0.891386 -0.963912 -0.878619 -1.015030 -0.928660 -0.827743 -0.811633 -0.851097 -0.942525 -0.839451 -1.149371
-0.900634 -1.115393 -0.902436 -0.931884 -0.951203 -0.951847 -0.868031 -0.677347 -0.964159 -0.985971 -0.684671 -0.925896 -1.251780 -0.912417 -0.881551 -0.807765 -0.779499 -0.893565 -0.694839 -0.912265 -0.834496 -1.249936 -0.943556 -0.897688 -0.975062 -0.923605 -0.833762 -0.788534 -1.049259 -1.055997 -0.894641 -0.714247 -0.798514 -0.586071 -1.074244 -0.682275 -1.300522 -1.089595 -0.860512 -0.648284 -0.941090 -0.879162 -0.876130 -1.049530 -0.800142 -1.072776 -0.796408 -0.888853 -1.025498 -1.361597 -0.929604 -1.167672 -0.968317 -1.180839 -0.820851 -1.017474 -0.905949 -0.880189 -1.020110 -0.820568 -0.907816 -0.713653 -0.686290 -0.926537 -1.149438 -1.314618 -0.963102 -0.875966 -1.109285 -0.720152 -1.028597 -0.841954 -0.595736 -0.999547 -0.960391 -1.024214 -0.855466 -0.686737 -0.583166 -0.819975 -1.009674 -1.057829 -1.020750 -1.017279 -1.070234 -0.723170 -1.067827 -0.929880 -0.986686 -0.861880 -1.013371 -0.959068 -0.829835 -0.796053 -1.103252 -0.795197 -0.981188 -0.881517 -1.078876 -0.828484 -0.852399 -0.753575 -1.075442 -0.954649 -1.139289 -0.785190 -0.746810 -0.817640 -0.814332 -0.839700 -1.027701 -0.757065 -0.924535 -1.010021 -0.711808 -0.923962 -0.732959 -0.952442 -1.178776 -1.040722 -0.929936 -0.836761 -0.867449 -1.043064 -0.827240 -0.871955 -1.041744 -0.895132 -0.757342 -1.135254 -0.848866 -0.831552 -1.040596 -1.040093 -0.810310 -1.135372 -1.077359 -0.774768 -0.838116 -0.840272 -0.763013 -1.181025 -1.095594 -1.016198 -0.813477 -1.046865 -0.691555 -0.725323 -0.722275 -0.980439 -0.900610 -0.963298 -1.024068 -0.811567 -1.026178 -1.128701 -0.941926 -0.742864 -1.087459 -1.083660 -0.792446 -0.928788 -1.044792 -1.116852 -0.897226 -0.586275 -1.058707 -0.894873 -0.789354 -0.884042 -0.958362 -1.136665 -1.096529 -0.979711 -1.099555 -0.982276 -0.722015 -1.170253 -0.820173 -0.925941 -0.901017 -0.848598 -0.910170 -0.845580 -0.843730 -0.875281 -0.915163 -0.921152 -0.992083 -0.996565
-0.882512 -0.937435 -0.988283 -1.039830 -0.840755 -1.113936 -0.903704 -0.883023 -0.757140 -0.958860 -0.863431 -0.922680 -0.808368 -1.033810 -0.820516 -0.838601 -0.872105 -0.971853 -0.783187 -0.780860 -0.923286 -1.009821 -1.055757 -0.960514 -1.016298 -0.798922 -0.828204 -0.922461 -0.974152 -1.198044 -1.000956 -1.068014 -0.934623 -1.044156 -0.776864 -0.578705 -0.845371 -1.013094 -1.170814 -0.818794 -0.861007 -0.968221 -0.870700 -0.881511 -0.710705 -0.806476 -0.986406 -0.814979 -0.955271 -0.993461 -0.711052 -1.144204 -0.940791 -1.090586 -0.998249 -0.859176 -0.900943 -0.915927 -1.149593 -1.104006 -0.778131 -0.816772 -1.009155 -0.959818 -0.949165 -0.862034 -0.846832 -0.797470 -1.196647 -0.798207 -0.865882 -0.843260 -0.803747 -0.840358 -1.006382 -0.681495 -0.784844 -0.720676 -0.665181 -0.906325 -0.708702 -0.921074 -0.912084 -0.903438 -0.861382 -0.848822 -0.889372 -0.866838 -0.855313 -1.093189 -1.161887 -0.696793 -1.130194 -0.968284 -0.923136 -1.225270 -0.943592 -0.721602 -0.807920 -1.122756 -0.589650 -0.821931 -0.882564 -0.789843 -1.089029 -1.109987 -1.043379 -1.140851 -0.967935 -1.019313 -0.955397 -0.613681 -0.894734 -0.819094 -1.200745 -0.812225 -0.915348 -0.831573 -0.926512 -1.027647 -1.009762 -0.622757 -0.842621 -0.990973 -0.814652 -0.893883 -1.070866 -1.101331 -0.860079 -1.069746 -0.955925 -0.760134 -0.961018 -0.960928 -0.956566 -0.861198 -0.926846 -0.965629 -1.030001 -1.055723 -0.921946 -0.999997 -0.894029 -1.110357 -1.159640 -0.887712 -1.166094 -0.779329 -1.010103 -0.812688 -1.043524 -1.152713 -0.931795 -0.897746 -0.732307 -0.973362 -0.789392 -0.929063 -0.900113 -0.689546 -0.815837 -0.991641 -1.016682 -0.979858 -1.238194 -1.134023 -1.044401 -0.951433 -1.001056 -0.654574 -0.838722 -1.030183 -0.931903 -0.941315 -1.054146 -0.718852 -0.642239 -0.940620 -1.151365 -0.863973 -0.660365 -0.953425 -0.862604 -1.282948 -0.989971 -0.818381 -1.021679 -0.761922 -0.997140 -1.135304
-0.491408 -0.762651 -1.082129 -0.921458 -0.948639 -0.706772 -1.075803 -0.851235 -0.794821 -0.856167 -0.940866 -0.757635 -1.062648 -1.176498 -1.063597 -0.881539 -1.148732 -0.695778 -1.029081 -0.921734 -1.074677 -1.144511 -0.797622 -0.817913 -0.954724 -1.094089 -0.773641 -1.045108 -0.859808 -0.963201 -0.774420 -0.848248 -0.812913 -0.605216 -0.914700 -0.915534 -0.663381 -0.879461 -0.698538 -0.891764 -0.979369 -0.820280 -1.330142 -0.866399 -0.816521 -0.986624 -1.080493 -1.043179 -0.800678 -1.084637 -0.905677 -0.899599 -0.902264 -1.171567 -0.936114 -0.924723 -0.953237 -0.986249 -0.961428 -0.838485 -0.769077 -0.896193 -0.913129 -0.919248 -0.952664 -0.925770 -1.029875 -0.769210 -0.913696 -0.730649 -0.840143 -1.037663 -1.070267 -0.940684 -0.940807 -0.888345 -0.638370 -0.881358 -0.922232 -0.902976 -1.103986 -1.109611 -0.906332 -1.001218 -0.913593 -1.099586 -0.894159 -0.965562 -0.916853 -0.900156 -1.152302 -1.056400 -0.813263 -0.962685 -1.124406 -1.039734 -1.085833 -0.868132 -0.914021 -1.043234 -1.167239 -0.984547 -1.151037 -1.077648 -0.840563 -0.527498 -1.208719 -1.059826 -0.633836 -0.715690 -0.956822 -0.873818 -0.803451 -1.050022 -1.017136 -0.942535 -0.932906 -0.977457 -1.056597 -0.923808 -1.024859 -0.891790 -0.993765 -0.723111 -1.164702 -1.004778 -1.110547 -0.721484 -0.928480 -0.835355 -0.844673 -0.764472 -0.921055 -0.884574 -1.183069 -0.900541 -1.219345 -1.001891 -0.929296 -0.818502 -1.013363 -0.879969 -0.850995 -0.868398 -0.904411 -0.979569 -1.357109 -1.150349 -1.031109 -1.093962 -0.968789 -0.997457 -0.898046 -0.847108 -0.956091 -0.836335 -0.757543 -0.916128 -0.893153 -1.068113 -1.119505 -0.846250 -0.892560 -0.701362 -0.929961 -1.036465 -0.985850 -0.806055 -0.611921 -0.857079 -0.926266 -0.709233 -1.126212 -1.168029 -0.910827 -1.053822 -0.796195 -1.103223 -1.009419 -0.757279 -0.793608 -1.066043 -0.880789 -0.988992 -1.006229 -0.781831 -0.950351 -0.877361 -1.159008 -0.917917
-0.994665 -0.743116 -0.737536 -0.980270 -1.086928 -0.880465 -1.075104 -1.007776 -0.967318 -1.026275 -0.801641 -0.811852 -0.961758 -0.841846 -0.953378 -1.076200 -0.945129 -0.823126 -0.903596 -0.819028 -0.971197 -0.981740 -1.021460 -0.974703 -0.931484 -0.956530 -0.975603 -0.888541 -1.019092 -0.767979 -1.028982 -1.082354 -0.929996 -0.909892 -1.107370 -0.942638 -1.054542 -1.337231 -0.885697 -0.976403 -0.848738 -1.029085 -0.688697 -1.042995 -0.773204 -0.995021 -0.873745 -1.141324 -0.829926 -0.851297 -0.951638 -0.907112 -1.092319 -1.094136 -0.797145 -0.970881 -0.777915 -1.035702 -1.150588 -1.038861 -0.908212 -1.114426 -1.036351 -1.033424 -0.796775 -1.179885 -1.148658 -0.801344 -1.141274 -0.652497 -0.758448 -1.017503 -0.736257 -0.998692 -0.770298 -0.808544 -0.743272 -1.159049 -0.936763 -0.845901 -0.769566 -0.980751 -0.714730 -0.632144 -0.714186 -1.114033 -1.154960 -0.968354 -1.205695 -1.193865 -1.018689 -0.974143 -0.718987 -0.690656 -0.771196 -0.907890 -0.741652 -0.928865 -0.943727 -0.805532 -0.913682 -1.233304 -0.960285 -0.846736 -1.023518 -1.041014 -0.918917 -1.003386 -1.042993 -0.952384 -0.746166 -0.818146 -1.193143 -0.848622 -1.097431 -0.985610 -0.825635 -0.845837 -0.865415 -0.793927 -0.984712 -1.285949 -0.922418 -1.169530 -0.891568 -0.986322 -0.759957 -0.948519 -0.931828 -0.915052 -0.978638 -0.635517 -0.764390 -1.143482 -0.955827 -0.966101 -0.962266 -0.892623 -0.794417 -0.849986 -1.113124 -0.989394 -1.016488 -0.983554 -1.008339 -1.045787 -0.925189 -1.110980 -0.830797 -0.943166 -0.796341 -0.762937 -0.831602 -0.892717 -1.015238 -0.678223 -0.873398 -0.897542 -0.890926 -1.006209 -1.065047 -1.145800 -0.862749 -0.861478 -1.110479 -1.053110 -0.996783 -0.935480 -0.782299 -1.122794 -1.172240 -0.568235 -0.821414 -0.886521 -0.944550 -1.291534 -0.851292 -1.358961 -0.824853 -1.020575 -1.052539 -0.833847 -0.914287 -0.677650 -0.964426 -0.744383 -0.749114 -0.903776 -0.900912 -0.979441
-0.905541 -0.824611 -0.840391 -1.000516 -0.772968 -0.970201 -0.982015 -0.898351 -0.885453 -0.579710 -1.247645 -0.938593 -1.096393 -0.933702 -0.822649 -0.868975 -1.003773 -0.845088 -0.900032 -1.087678 -1.051132 -0.799991 -0.807813 -1.233535 -0.742600 -1.109318 -0.983401 -1.103550 -0.978592 -0.901962 -1.067926 -0.961969 -0.982567 -1.107166 -1.147807 -0.919313 -0.843398 -0.829636 -0.815730 -0.975518 -0.976955 -0.720291 -0.719065 -1.099297 -0.744450 -0.805978 -0.768616 -0.984399 -1.055398 -1.065950 -1.202980 -1.221973 -0.948653 -0.738261 -0.758762 -0.772917 -0.935868 -0.560007 -0.863996 -0.942744 -0.999865 -1.010428 -0.750504 -0.998216 -1.134517 -0.998748 -1.016694 -0.867762 -0.675899 -1.068185 -1.034813 -0.793346 -0.950731 -0.917074 -1.139631 -0.868393 -1.029845 -0.999140 -0.809545 -0.785423 -1.189069 -1.101858 -0.838717 -0.845286 -1.142172 -0.856412 -0.978921 -0.898506 -0.971323 -1.147500 -1.158977 -0.688217 -0.716856 -1.034003 -0.774542 -0.730890 -0.803729 -0.665775 -1.069330 -1.072147 -0.895340 -0.680220 -0.914873 -0.902335 -0.981281 -0.932882 -0.904880 -0.734624 -0.890371 -0.878417 -0.943530 -0.673918 -1.020745 -0.810806 -0.882888 -1.001416 -0.865892 -1.055447 -0.937587 -0.887233 -1.020104 -1.111811 -1.010265 -1.124032 -0.761309 -1.002950 -1.018099 -1.027600 -0.861822 -0.885758 -0.982967 -0.694162 -0.817861 -1.139337 -0.822669 -0.871929 -0.955034 -0.733832 -0.980413 -1.028422 -0.709978 -0.873181 -1.191484 -0.962620 -0.828818 -1.160795 -0.754223 -0.703226 -1.135628 -0.874978 -0.778567 -1.311732 -1.212242 -0.733628 -0.972791 -1.129887 -1.169262 -0.951840 -0.668942 -1.020766 -0.974875 -0.564191 -0.816358 -0.877187 -1.160920 -1.075032 -1.046704 -1.151670 -0.940749 -0.882285 -0.975675 -0.784844 -1.140368 -0.756649 -0.949810 -0.748409 -0.765646 -0.997490 -1.014419 -0.831166 -0.917931 -1.074286 -0.833333 -0.889225 -0.871300 -0.851911 -0.896136 -1.091945 -0.896256 -0.914646
-0.947142 -1.062720 -0.836717 -1.101026 -1.146557 -0.930064 -1.005566 -1.007499 -0.743487 -0.991507 -0.918696 -0.798653 -0.972842 -0.640294 -0.709357 -0.503232 -0.943404 -0.795280 -0.891835 -1.104649 -0.998944 -1.278513 -0.624211 -0.880713 -1.058019 -1.035988 -0.703210 -0.981448 -0.770724 -1.116888 -0.729516 -0.989333 -0.955610 -0.816453 -1.123863 -0.761302 -1.113374 -0.915233 -1.088807 -1.067409 -0.813975 -0.873868 -0.943378 -0.888683 -1.194191 -1.045036 -1.055517 -0.914210 -0.844719 -0.789858 -0.950337 -0.812106 -0.836129 -0.770565 -1.005458 -0.907992 -1.011575 -1.029646 -0.939977 -0.941438 -0.935792 -1.072925 -1.264077 -0.960287 -0.862947 -0.951677 -0.992913 -1.080608 -0.963884 -0.691852 -0.792981 -0.684299 -0.797423 -0.952271 -0.836753 -0.938648 -0.851319 -1.041113 -0.890899 -1.216280 -0.840491 -0.873991 -0.963885 -0.900046 -1.027439 -1.163683 -1.054790 -1.055240 -0.947150 -0.794457 -0.773597 -0.859698 -0.899441 -0.878496 -0.840706 -0.790479 -0.906882 -1.014746 -0.726455 -0.971709 -0.773999 -1.014637 -1.129177 -1.247839 -0.955123 -1.033064 -1.166728 -0.753898 -0.736114 -0.923013 -0.537092 -0.914869 -0.926375 -0.978945 -0.690108 -0.882026 -0.796550 -1.209569 -0.971274 -0.998593 -0.912080 -0.949215 -0.883265 -0.961677 -1.091073 -0.995671 -1.020841 -1.139101 -0.791318 -0.846669 -1.111051 -0.723871 -1.017998 -0.887260 -0.812068 -0.962306 -0.815035 -0.695638 -1.017794 -0.940258 -0.817938 -1.181082 -0.925408 -0.981277 -0.925160 -0.755471 -0.973966 -1.113566 -0.714374 -0.852526 -0.623169 -0.828608 -0.924358 -1.019285 -0.749573 -0.825938 -0.990752 -1.126287 -1.156461 -1.002421 -0.734445 -1.131447 -1.029853 -1.124117 -1.051878 -0.942757 -0.723579 -0.829005 -0.819488 -0.902426 -0.901224 -1.141199 -1.112576 -0.944687 -0.945950 -0.872446 -0.877586 -0.848248 -0.969852 -0.821938 -1.044607 -0.887160 -1.034106 -0.685785 -0.803683 -0.644852 -1.307991 -1.137359 -0.802187 -0.943995
-0.768629 -1.191113 -1.061112 -0.876498 -0.705269 -1.006062 -1.031427 -0.581114 -1.052008 -0.801957 -0.955162 -0.844669 -1.207773 -1.118319 -1.006686 -0.806425 -1.261973 -0.738215 -1.054694 -0.837136 -0.757031 -0.766813 -0.911438 -0.793442 -0.882593 -1.056714 -0.990618 -0.886060 -0.800846 -0.998726 -0.988653 -1.071397 -0.808955 -0.995388 -0.855335 -0.871197 -0.948160 -0.915132 -0.902975 -1.068198 -0.722717 -1.120960 -1.037980 -0.843897 -0.828459 -0.697142 -1.010242 -1.088298 -0.988708 -1.100536 -0.792458 -0.914072 -0.859415 -1.144756 -0.953117 -1.107732 -0.904015 -1.150395 -0.788909 -1.057433 -1.103635 -0.895255 -1.069823 -0.773777 -0.790348 -0.944916 -0.492606 -1.038393 -0.881107 -0.703382 -1.003978 -0.909065 -1.057634 -0.974068 -0.851132 -0.893525 -1.417073 -1.182991 -1.289651 -0.846722 -0.829756 -0.892860 -0.677607 -1.075832 -0.755261 -0.943063 -0.882140 -1.026205 -1.097184 -1.125364 -0.592916 -1.050215 -0.876414 -0.906846 -0.829568 -0.764682 -0.849061 -0.910481 -0.710459 -1.025467 -0.752849 -0.790005 -1.129562 -1.031550 -0.934360 -0.920628 -1.022025 -0.942661 -0.861599 -0.934078 -0.734599 -0.833134 -1.195434 -0.757036 -0.810024 -0.820253 -0.831916 -0.896263 -0.833068 -0.753143 -0.913752 -0.913469 -0.884807 -1.179239 -1.178093 -0.712326 -0.922399 -0.762385 -0.879218 -0.730091 -0.796760 -0.977765 -0.953947 -1.079991 -0.886540 -1.030945 -0.787415 -0.741008 -1.045539 -1.021356 -0.971617 -0.894681 -0.866012 -0.794426 -1.065850 -0.872448 -1.034896 -1.138379 -0.788379 -1.107689 -1.264437 -1.168328 -0.916692 -0.725583 -1.088406 -0.936036 -0.934396 -0.790149 -0.931191 -1.168650 -1.033285 -0.705352 -0.909223 -0.967554 -0.662749 -1.164992 -0.987099 -0.829116 -1.026443 -0.869855 -0.792746 -1.033051 -1.147289 -0.703801 -0.940714 -1.129825 -1.083420 -1.082679 -0.946972 -0.855893 -0.897988 -0.979409 -1.187302 -0.700236 -0.898587 -1.023545 -0.941243 -0.781679 -0.726095 -1.030982
-0.915365 -0.958145 -0.892251 -0.835647 -1.109360 -0.885943 -0.967789 -0.989848 -0.893038 -1.007127 -1.002622 -0.898619 -0.808443 -1.110553 -0.865440 -1.032202 -0.862537 -0.820034 -0.978229 -0.977990 -0.771584 -0.748998 -1.061444 -0.827621 -1.036653 -0.818539 -1.053616 -0.773492 -0.709715 -0.786644 -0.832701 -0.976814 -1.042797 -0.837248 -0.799492 -0.907308 -1.016205 -0.745898 -0.812448 -0.821690 -0.937597 -1.169860 -0.907474 -0.697459 -0.867718 -1.283561 -0.752924 -1.126112 -0.838857 -0.863888 -0.962696 -0.722250 -1.051219 -0.872028 -0.994731 -1.046891 -1.136487 -1.090630 -0.867726 -0.798996 -1.215105 -0.865288 -0.891006 -0.654053 -1.117584 -0.968924 -0.787244 -0.839287 -0.791948 -0.862585 -0.669977 -0.845474 -0.935770 -0.877110 -1.054763 -0.820515 -0.897911 -0.921153 -1.010407 -0.652276 -1.066601 -0.966750 -0.887317 -0.725612 -0.799373 -0.858300 -0.965688 -1.120421 -0.806430 -1.063116 -0.865861 -1.145459 -1.040309 -0.890773 -1.068930 -0.836351 -1.031068 -0.982360 -1.127773 -0.807108 -0.909002 -0.877745 -1.205190 -0.965289 -0.915606 -1.054252 -0.825184 -0.895385 -1.104248 -1.227312 -0.967929 -0.789148 -0.600982 -0.886830 -1.089324 -0.986239 -0.906967 -0.686278 -0.759434 -0.812628 -0.845273 -0.999096 -1.117972 -0.798504 -1.141362 -1.033993 -0.640091 -0.830432 -0.753351 -1.063035 -0.810136 -0.929243 -1.033800 -1.003840 -1.032256 -0.799329 -1.005756 -0.791714 -1.041124 -1.058515 -1.040907 -1.033028 -1.082709 -0.987503 -0.879795 -0.693783 -0.854793 -0.925727 -0.944394 -0.818202 -1.001172 -1.063573 -1.016911 -0.961694 -0.883520 -1.045697 -1.051516 -0.919178 -1.000810 -0.764487 -0.968504 -1.096509 -0.904158 -0.902897 -1.163686 -0.958328 -0.949407 -1.034825 -1.110131 -0.963067 -1.046945 -1.037819 -1.131575 -0.700723 -0.780517 -0.899626 -0.802416 -1.132872 -0.775777 -0.764815 -0.829725 -0.712483 -0.908194 -0.918684 -0.824342 -1.301225 -1.028765 -0.787031 -0.817762 -1.020014
-0.804490 -0.835597 -0.733088 -1.014630 -1.131034 -0.681020 -0.971726 -0.973737 -0.516463 -0.800107 -0.727250 -0.782141 -1.037905 -1.139845 -0.977752 -0.789710 -1.096324 -0.884693 -0.887989 -0.815282 -0.988647 -0.936308 -1.117612 -0.874126 -0.978751 -0.821025 -1.026822 -0.681001 -1.059615 -1.007602 -0.863902 -0.841325 -1.084843 -0.952702 -0.873038 -0.966396 -0.692990 -0.955783 -1.023747 -0.858991 -1.048885 -0.878142 -1.089340 -0.684734 -0.744697 -0.893460 -1.130783 -0.966217 -0.577665 -1.042597 -0.935168 -0.832852 -0.657348 -1.027725 -0.557238 -1.027321 -1.005574 -0.870575 -1.067889 -0.851370 -0.951417 -0.698253 -0.950002 -0.970499 -0.812308 -0.726541 -0.941975 -0.985411 -1.117491 -0.950910 -0.959180 -0.968630 -0.904623 -1.029638 -0.810141 -0.999649 -0.900345 -0.905443 -0.976945 -1.120179 -0.840911 -0.689551 -0.949350 -0.955152 -0.985542 -0.815464 -0.826934 -0.980478 -0.846365 -0.948131 -0.956445 -1.020795 -0.909093 -0.803446 -0.702296 -0.759539 -0.942401 -0.996890 -1.150992 -0.824144 -1.054171 -0.817462 -0.949143 -1.086374 -0.874075 -0.924704 -0.974750 -0.995713 -0.675654 -0.918389 -0.780172 -0.962194 -0.987480 -0.842021 -1.154112 -0.773013 -1.108151 -1.172351 -0.849082 -0.810088 -0.784513 -0.618783 -1.058347 -0.933256 -1.011972 -0.834634 -0.820128 -0.975374 -0.816688 -0.888281 -0.933730 -0.937962 -0.884668 -0.918049 -1.177580 -1.221992 -0.957374 -0.915832 -1.099431 -1.176382 -1.022348 -1.145871 -0.944440 -0.915411 -1.059867 -0.999616 -1.281549 -0.954627 -0.989203 -1.150237 -0.815724 -1.190049 -0.725851 -0.785511 -0.702006 -0.817602 -0.812992 -0.916109 -0.751343 -0.897512 -1.045845 -0.802481 -0.952187 -0.972947 -1.170252 -0.788970 -0.794738 -0.946104 -0.831086 -0.756535 -0.925328 -0.872510 -1.002084 -1.038295 -1.008888 -1.162929 -1.026987 -0.854066 -0.887445 -1.160088 -0.803258 -0.915157 -1.039214 -0.898308 -0.979199 -0.859009 -0.891727 -1.025862 -1.122191 -0.777163
-0.924937 -0.769774 -0.850004 -0.789480 -1.087688 -0.940823 -0.974833 -1.193694 -1.108215 -0.778480 -1.153134 -0.565393 -0.840292 -0.907255 -0.900080 -1.062591 -0.863798 -0.761270 -0.857399 -0.831771 -0.993748 -0.878240 -0.780623 -0.900616 -0.786912 -0.616018 -0.757676 -0.912336 -0.894906 -0.885279 -0.840455 -0.899179 -1.096490 -0.901111 -0.976708 -0.738808 -0.944095 -0.892711 -1.100299 -0.872743 -0.986146 -0.811703 -0.923050 -0.700132 -0.967968 -0.962910 -1.115416 -0.814032 -1.069380 -0.921342 -0.923919 -0.796289 -0.860587 -0.818515 -0.682583 -0.949936 -0.877032 -0.776422 -0.945027 -1.096394 -0.615678 -0.866600 -0.914054 -1.104716 -0.993865 -1.099313 -1.097677 -0.639628 -1.014797 -0.807178 -0.809132 -0.972222 -0.875463 -0.643105 -0.937538 -0.789342 -0.810384 -0.879615 -0.830468 -0.911817 -0.890294 -0.751421 -0.701968 -1.039220 -0.863636 -0.919135 -0.892616 -0.891523 -0.777505 -0.874648 -0.975083 -0.763166 -0.993133 -0.935425 -0.927315 -0.849221 -0.824438 -0.826558 -1.003580 -1.043733 -0.753859 -1.152714 -0.926246 -0.937142 -1.165610 -0.975776 -0.693552 -1.071242 -0.873329 -0.879480 -0.925215 -0.996510 -0.913385 -0.986585 -1.028256 -1.011888 -0.976065 -1.074836 -0.828134 -0.806727 -0.799073 -1.063359 -1.117873 -1.105947 -0.773958 -0.835241 -0.876909 -0.943755 -0.924030 -0.932833 -0.785417 -0.975938 -0.821232 -1.229114 -0.910006 -0.979817 -1.264429 -1.066569 -0.873325 -0.858428 -1.017692 -1.168177 -1.013276 -1.253161 -0.935779 -0.761896 -1.150622 -1.073849 -0.825010 -1.019355 -0.738143 -0.879430 -0.991064 -1.013962 -0.847584 -1.142744 -0.797036 -0.855170 -0.900289 -1.096449 -0.841631 -0.868542 -1.150192 -0.918080 -1.233495 -1.053025 -0.936504 -1.019874 -0.867522 -0.959284 -0.815283 -0.955245 -0.982106 -0.922144 -1.027466 -0.934988 -1.028235 -0.751993 -0.956718 -0.779774 -1.111824 -0.992799 -0.960908 -0.954924 -1.133142 -1.122871 -0.930758 -0.872546 -1.077079 -0.908403
-0.990159 -0.756155 -0.786301 -1.025076 -0.593794 -0.990505 -1.058278 -0.764694 -1.004377 -1.007086 -0.975713 -1.008949 -0.945767 -0.913945 -0.843939 -0.838731 -0.981921 -0.629471 -0.772970 -1.074043 -0.916696 -1.025307 -1.059772 -0.755578 -0.747897 -0.949251 -1.119284 -0.964054 -1.066267 -0.868301 -0.874164 -0.851954 -0.879261 -0.890175 -0.818303 -0.955559 -0.816016 -0.886932 -0.879502 -1.038629 -0.973502 -1.016724 -0.960670 -0.844611 -1.160217 -0.955623 -0.654258 -0.888404 -0.878418 -1.004854 -1.092879 -1.117654 -1.179228 -0.766842 -0.882868 -0.891320 -0.800972 -0.856880 -0.906248 -0.812577 -0.944194 -1.074016 -0.934311 -1.011008 -0.851674 -1.048044 -1.075564 -1.113691 -0.919225 -0.876287 -0.883235 -0.972668 -0.888748 -0.885698 -0.966233 -0.884933 -0.939048 -0.964274 -0.985523 -0.925272 -0.852042 -0.800391 -0.802531 -1.288956 -0.847814 -0.978993 -0.834567 -1.031799 -1.042351 -0.953428 -0.911657 -1.003819 -0.712671 -0.938203 -0.901167 -1.143367 -0.982606 -0.983724 -0.853981 -0.800271 -0.901213 -0.908945 -0.860870 -1.084717 -1.003201 -0.834271 -0.968359 -1.175440 -0.820300 -0.733293 -0.847423 -0.982611 -0.964440 -0.835948 -0.872310 -1.000419 -0.889668 -0.992261 -0.873324 -0.926769 -0.866686 -1.345017 -0.799826 -0.991170 -0.886627 -1.113309 -0.819840 -0.873397 -1.076893 -0.866420 -0.826035 -1.095583 -0.953483 -1.012741 -0.737369 -1.065203 -1.016002 -0.954411 -1.054556 -0.800704 -0.759562 -1.182594 -0.827376 -0.950270 -0.917851 -0.935420 -0.976918 -1.168818 -0.734702 -0.912258 -0.605987 -0.685522 -0.911237 -0.906182 -0.723757 -1.219316 -1.163898 -1.224658 -0.823951 -0.884501 -0.979169 -0.736648 -0.929038 -0.953699 -1.158895 -0.780464 -0.903644 -0.714079 -0.975975 -0.926225 -0.868337 -0.711853 -0.842339 -0.878362 -0.983928 -0.973312 -1.184968 -0.749407 -1.076598 -0.629221 -0.855617 -0.885247 -0.690648 -0.780940 -0.904635 -0.834198 -0.889224 -0.880849 -0.943901 -1.004664
-0.992365 -0.700226 -1.132006 -1.040145 -1.050505 -1.105404 -1.029731 -0.708362 -0.888340 -0.811036 -0.976174 -0.939072 -0.979682 -1.097273 -0.990660 -0.919785 -0.933891 -0.968781 -0.968020 -0.881546 -0.907617 -1.284141 -0.907974 -1.098021 -1.104380 -0.858183 -1.003991 -0.926149 -0.981519 -0.917019 -1.108674 -1.093139 -1.028243 -0.832890 -0.873959 -0.908590 -0.864063 -1.196892 -0.586315 -1.211519 -0.983605 -1.078117 -0.696952 -0.946406 -0.814747 -0.988037 -1.328347 -1.161327 -0.760378 -0.923073 -0.821297 -0.833022 -0.960808 -0.845397 -0.912618 -0.894326 -0.979954 -0.844028 -0.980488 -1.006747 -1.262186 -0.868256 -0.857557 -0.904289 -0.775294 -1.102481 -1.002632 -0.840212 -0.923272 -0.901193 -0.888591 -0.914738 -0.794540 -1.019562 -0.815108 -1.020791 -1.042032 -1.097308 -1.074432 -0.842364 -0.990694 -0.790428 -0.735601 -1.023017 -0.801191 -0.942275 -0.855176 -0.940583 -1.114084 -1.083756 -0.940405 -0.728690 -0.829596 -0.878736 -0.921874 -0.998235 -1.050399 -0.991200 -1.053162 -0.903981 -0.924396 -1.039601 -0.929922 -0.627257 -0.782517 -1.009165 -0.881813 -1.013516 -0.950750 -0.781106 -0.861189 -0.822141 -0.984550 -1.341580 -0.951861 -0.983216 -0.957275 -0.815808 -1.260537 -1.051039 -0.938906 -0.834637 -1.314265 -1.028538 -0.834644 -0.941031 -1.215971 -0.680822 -0.954291 -0.997889 -0.814971 -0.686068 -0.958095 -0.876015 -0.877945 -0.928876 -1.301238 -0.759159 -0.909465 -0.848719 -1.036718 -1.022229 -0.666538 -0.975103 -0.871818 -0.749163 -1.024178 -0.872237 -0.908075 -1.051053 -1.013646 -0.814759 -0.999669 -0.791619 -0.811260 -0.886895 -0.896986 -0.904660 -1.086700 -1.026815 -0.843536 -1.002936 -0.969423 -0.823280 -0.844603 -1.038317 -0.841114 -0.818767 -0.967297 -1.035431 -1.139635 -0.779183 -0.960716 -0.915971 -0.881327 -0.926439 -0.831575 -0.935612 -1.261985 -0.944331 -0.762095 -0.819234 -0.766310 -0.979260 -1.048988 -0.988044 -0.886467 -0.938225 -1.010984 -0.780606
-0.643875 -0.592039 -0.988360 -1.017553 -0.945071 -1.214986 -1.091345 -1.191943 -0.786988 -1.163342 -1.023486 -0.832761 -0.830113 -1.022528 -0.977644 -0.906551 -0.800355 -1.150343 -1.010656 -1.255507 -0.736796 -1.071766 -0.760893 -0.841607 -0.936847 -0.869290 -0.912959 -0.926064 -1.069688 -0.889383 -0.976995 -0.996831 -0.786815 -0.959406 -0.779788 -0.818701 -1.042713 -0.733519 -0.514566 -1.118684 -1.256439 -0.783600 -0.787282 -0.915307 -1.027846 -0.912196 -1.066891 -0.992337 -0.975446 -0.958365 -0.811487 -0.985086 -1.150247 -1.118589 -0.805289 -0.883104 -0.911280 -1.197140 -1.017512 -1.042144 -0.888759 -0.886654 -1.128264 -0.744382 -0.727958 -0.923215 -0.957049 -0.776217 -0.881771 -0.904049 -0.896678 -1.013747 -0.891599 -1.008189 -1.020481 -1.015624 -0.728096 -1.098542 -1.027213 -0.752930 -1.018112 -0.886345 -0.884362 -1.054322 -1.055946 -1.039343 -0.984287 -0.924131 -0.966616 -0.919274 -0.683523 -1.235523 -1.133235 -0.995952 -0.991286 -0.780259 -0.952518 -0.968546 -1.035896 -0.890341 -0.665641 -1.078753 -1.024134 -1.085833 -0.790059 -0.912194 -0.972630 -1.262168 -1.039071 -1.027620 -0.872379 -1.213292 -0.779954 -0.816244 -0.999813 -0.964092 -1.100373 -0.997723 -0.949701 -0.945483 -0.925514 -1.097628 -1.011980 -0.867151 -0.829705 -0.768304 -0.976107 -0.744631 -1.093038 -0.866847 -0.781798 -1.208395 -0.915919 -1.124418 -0.968631 -0.638888 -0.950799 -0.860393 -1.018131 -0.798179 -0.847639 -0.908580 -0.838244 -0.826496 -1.122064 -1.050899 -0.953583 -0.769477 -0.823763 -0.819935 -0.877176 -0.975243 -1.126471 -0.706001 -1.033137 -0.903401 -1.222436 -0.918060 -0.850094 -0.907234 -1.030297 -0.933986 -1.319718 -1.131557 -0.978750 -0.823025 -1.145471 -0.763413 -0.937825 -0.776551 -0.902995 -0.999993 -0.720628 -0.997918 -0.875113 -0.953675 -0.698622 -0.787947 -0.993631 -0.635289 -0.848442 -1.240531 -0.820525 -1.202771 -0.833946 -1.026168 -1.155349 -0.898632 -0.911514 -1.025088
-1.124154 -1.056099 -0.921089 -0.781257 -0.691980 -1.025533 -0.774621 -0.764892 -1.167672 -0.688732 -1.067328 -1.031716 -0.934733 -1.019302 -0.852844 -0.801110 -1.083293 -0.962476 -0.921260 -0.994453 -0.856280 -0.924840 -0.698482 -0.933316 -0.719138 -1.116031 -0.978856 -0.740568 -0.999248 -0.771145 -0.842221 -0.817524 -0.785273 -0.845825 -0.978121 -1.009530 -0.880583 -0.798544 -1.169919 -0.841038 -0.966086 -1.209206 -0.708416 -0.618688 -1.151555 -0.962719 -0.841158 -1.160853 -1.034004 -1.082866 -0.856373 -0.961354 -0.928547 -0.812095 -0.968664 -0.926724 -0.869741 -1.062124 -0.649441 -1.069814 -1.088119 -0.970785 -0.816818 -0.964194 -1.206501 -0.860434 -0.945737 -0.982548 -0.768894 -0.843962 -1.046633 -0.845748 -0.945355 -0.765193 -1.067871 -1.094182 -0.959523 -1.030483 -0.819721 -0.969260 -0.894370 -0.925793 -0.753531 -0.672919 -0.978551 -0.985073 -1.126674 -0.745488 -0.710273 -0.906110 -0.886509 -1.196626 -0.756065 -0.927605 -0.907145 -0.564360 -0.799298 -1.082703 -0.856953 -0.928792 -1.046647 -0.787748 -0.933105 -1.137403 -0.979976 -0.928645 -0.933345 -1.044071 -0.886634 -0.726094 -1.068542 -1.184476 -0.937119 -0.970744 -1.009901 -0.898877 -1.096629 -0.895182 -1.033735 -0.947176 -1.049988 -0.785285 -0.676451 -0.797496 -0.761622 -0.907717 -1.050388 -0.980458 -0.704307 -0.913723 -0.854294 -0.832856 -0.970094 -0.939002 -1.230946 -1.033552 -1.077956 -1.139661 -0.763910 -0.907822 -0.960279 -0.861827 -0.672444 -0.890138 -1.045047 -1.144691 -0.967234 -0.861035 -1.020835 -0.850640 -1.071420 -0.765584 -0.844067 -0.915214 -1.263194 -0.890831 -1.063713 -1.207362 -0.839269 -0.680012 -1.111796 -1.322458 -0.991054 -1.048615 -1.015017 -0.595484 -1.124126 -0.905858 -1.007753 -0.978162 -0.864563 -0.872110 -0.964970 -0.786105 -0.998017 -1.011131 -0.846644 -0.803926 -0.624186 -0.935216 -1.096627 -0.864620 -0.729063 -0.816920 -0.818392 -1.041063 -1.026772 -0.945890 -0.938779 -1.030371
-0.890681 -1.128802 -0.577410 -0.650006 -1.089117 -0.764078 -0.880062 -1.226353 -0.970189 -1.110513 -1.232387 -1.084398 -0.858746 -0.963527 -0.891357 -0.807009 -0.894039 -0.956190 -0.939309 -0.938472 -0.942341 -0.825246 -0.978520 -1.138468 -0.903352 -0.965644 -0.983063 -1.159248 -0.900822 -0.780651 -0.805612 -1.068154 -0.916387 -0.896114 -0.880445 -0.717868 -0.908708 -0.989796 -0.907505 -1.344376 -0.625933 -0.776016 -0.902974 -1.062897 -1.075964 -0.846385 -1.249315 -0.822155 -1.171646 -1.063603 -0.998576 -1.102075 -1.075372 -0.967640 -0.694620 -0.914047 -0.870339 -0.914418 -0.729590 -1.052415 -0.997633 -1.110447 -0.639155 -0.868561 -1.182451 -0.901807 -1.171154 -1.259462 -0.792053 -1.125484 -0.748845 -1.106284 -1.051127 -0.965802 -0.712723 -0.941409 -1.230520 -0.843761 -0.791948 -0.935377 -0.779911 -0.916238 -0.930953 -0.918561 -0.953755 -0.944853 -0.824597 -0.989886 -0.941943 -1.058930 -0.819959 -0.931573 -0.902182 -0.894962 -0.788820 -1.051273 -0.818404 -1.112647 -0.760540 -0.987288 -0.950524 -1.127909 -0.822722 -0.747546 -1.129071 -0.801284 -0.996387 -1.133970 -1.026678 -0.938611 -1.091883 -1.068165 -0.992864 -0.806957 -0.979205 -0.869476 -0.943077 -0.820296 -0.852674 -1.054510 -0.840977 -0.810669 -0.897604 -0.913243 -1.028688 -1.042661 -0.779280 -0.728487 -0.905666 -0.863660 -0.791044 -1.052995 -0.968801 -1.053526 -1.170203 -1.179453 -0.912576 -0.930833 -0.895265 -0.946224 -1.055536 -0.935036 -0.944563 -0.948070 -0.963167 -0.942060 -1.063872 -0.897145 -1.029810 -1.102082 -0.761549 -0.904009 -0.797944 -0.803750 -0.867195 -0.865909 -0.947241 -0.955292 -0.897408 -1.153484 -0.988641 -1.034571 -1.065012 -0.808590 -1.289446 -0.810309 -1.139064 -0.771938 -0.790826 -0.981225 -0.946718 -1.035173 -0.844124 -0.901161 -0.692071 -0.729515 -0.892932 -0.866446 -0.902936 -0.769707 -1.096824 -0.808958 -1.201254 -0.834553 -1.089693 -0.934548 -1.112807 -0.903656 -0.907687 -0.907030
-0.676534 -0.851853 -1.098432 -0.854870 -0.887760 -1.182129 -0.843806 -0.909108 -1.114342 -1.054930 -1.020179 -0.930614 -1.155794 -1.006593 -1.001169 -0.674120 -0.969962 -1.074045 -0.764785 -0.834202 -1.031904 -0.890502 -0.801565 -0.599165 -1.001076 -0.942190 -0.943815 -1.091799 -1.020604 -0.917249 -1.009507 -0.871225 -0.864523 -0.840505 -0.903139 -1.157278 -0.982562 -1.352620 -0.795903 -1.335490 -0.905021 -0.836639 -1.111357 -1.009805 -0.872413 -0.852783 -0.913043 -0.731802 -0.837069 -0.872725 -0.880964 -1.027180 -0.805287 -0.857871 -1.018145 -1.120291 -1.272233 -1.072986 -0.812935 -0.813751 -0.833901 -0.810494 -0.722122 -1.014162 -0.772698 -0.823708 -0.824987 -0.873431 -0.902090 -1.006216 -0.911893 -0.836981 -0.911002 -0.884397 -0.927793 -1.029215 -0.717300 -1.169249 -0.898072 -1.122558 -1.036923 -0.981831 -0.719938 -0.961775 -0.932449 -0.795842 -0.814201 -1.098408 -1.102748 -0.677063 -0.696127 -0.731612 -0.912520 -0.752051 -0.905932 -0.969216 -1.010032 -0.975157 -0.827637 -0.873341 -1.379161 -0.669290 -0.976149 -0.971800 -1.138960 -1.072566 -0.778429 -0.940628 -0.952948 -0.977877 -0.869754 -0.651908 -1.237996 -1.004067 -1.027560 -0.890844 -1.006356 -0.983830 -0.986105 -0.949939 -0.947162 -0.964227 -0.923409 -1.038874 -0.907085 -0.887640 -0.895099 -0.585587 -0.747699 -1.145624 -0.817240 -0.843467 -0.841503 -0.920017 -1.039985 -0.887801 -0.925743 -0.898856 -0.845677 -0.991070 -0.858903 -0.991672 -0.781425 -0.933242 -0.785262 -0.877951 -0.821099 -0.983448 -0.964604 -0.878649 -0.784987 -1.058233 -1.115287 -0.916355 -1.131522 -1.003543 -1.124813 -1.110912 -0.977720 -0.793759 -0.878103 -0.955310 -0.967045 -1.026501 -0.736099 -0.976830 -1.083255 -0.870055 -1.000434 -1.103040 -1.041555 -1.018850 -0.808661 -1.146975 -1.050161 -1.011995 -0.739608 -1.025355 -0.891109 -0.782575 -1.006952 -0.982494 -1.109668 -1.077479 -0.756396 -0.717262 -0.889756 -0.715239 -0.845982 -1.040313
-0.627057 -1.060125 -0.763186 -0.936639 -1.088689 -1.135520 -0.837105 -0.697642 -0.953493 -1.046566 -1.095074 -1.027009 -0.934027 -0.939390 -0.823472 -0.799817 -0.753393 -0.823962 -0.948815 -0.874364 -1.149375 -0.955281 -1.090725 -0.847603 -0.854944 -0.735457 -1.239207 -0.880691 -1.017995 -0.952529 -0.829189 -0.763109 -0.824347 -1.044187 -0.860356 -0.851994 -0.844117 -0.940315 -0.825480 -0.913447 -0.830476 -0.814573 -0.944358 -1.008880 -0.859081 -0.832553 -0.907320 -0.826029 -0.928987 -0.997258 -1.039624 -0.887186 -1.001745 -1.311242 -0.689283 -0.962236 -1.249595 -0.883246 -1.184849 -0.970916 -0.891200 -0.920119 -0.913879 -0.955488 -0.749884 -1.228160 -0.848324 -0.821324 -0.887447 -1.098031 -0.864367 -0.890221 -0.779702 -0.996995 -1.106732 -1.057589 -0.923165 -0.656068 -1.027596 -1.039035 -0.891235 -1.066792 -1.017462 -0.862939 -0.988232 -1.033328 -1.070486 -0.923307 -0.952756 -0.818971 -1.080081 -0.896137 -0.947440 -1.028326 -1.050913 -0.926565 -1.089847 -0.854006 -0.819642 -0.741612 -0.845818 -1.074175 -0.678438 -0.861556 -0.831898 -1.018937 -0.834195 -1.220106 -1.069651 -1.120008 -0.991728 -0.648259 -0.811550 -0.907644 -0.846762 -0.844927 -1.064361 -0.759409 -1.313221 -1.027625 -0.904383 -0.822476 -0.926784 -0.797166 -0.945945 -0.961728 -0.717693 -0.898058 -0.965105 -0.710032 -1.036969 -1.002167 -0.926975 -0.731404 -1.002428 -0.947891 -0.823033 -0.847816 -0.849927 -0.869439 -0.742494 -0.855937 -0.878167 -0.877660 -0.935757 -0.914413 -0.807352 -0.892844 -1.070430 -1.153154 -0.782399 -1.121374 -0.801449 -0.979161 -0.673693 -1.137968 -1.092348 -0.995744 -0.992323 -1.037200 -0.927188 -1.239041 -0.751425 -0.857357 -1.194605 -0.823384 -1.156534 -0.803804 -0.875136 -0.716082 -0.855675 -0.765814 -0.833303 -1.038992 -0.828395 -0.834318 -1.022482 -1.064595 -1.045112 -0.955055 -0.910376 -0.659195 -0.563255 -1.265104 -1.010050 -0.814691 -1.076803 -1.016812 -0.881213 -1.027482
-0.691881 -0.999165 -0.969639 -0.884731 -0.961199 -0.677972 -0.786169 -0.790488 -0.957952 -0.836388 -0.769459 -1.193496 -0.884273 -0.832152 -1.049338 -0.940171 -0.816271 -0.868142 -1.039221 -0.787075 -0.987311 -0.925672 -1.027672 -0.748677 -0.792688 -0.923046 -1.062010 -0.741712 -0.862396 -1.028078 -1.063375 -0.776036 -0.936066 -0.852357 -0.824833 -1.032781 -0.790785 -0.710040 -0.760957 -1.207470 -1.052317 -0.826146 -0.689407 -0.606318 -0.943244 -1.022475 -1.040857 -0.778886 -1.089812 -0.726322 -0.860279 -1.005905 -1.010699 -1.010666 -1.030320 -1.180851 -1.014098 -0.918533 -1.137303 -1.148169 -0.854325 -0.924961 -0.917660 -0.910160 -0.974573 -0.749793 -0.896803 -0.851976 -0.897616 -0.885265 -0.860923 -0.824688 -0.914556 -0.821110 -0.975002 -1.097439 -0.910139 -0.841653 -0.845159 -0.902070 -0.969504 -1.108238 -1.032974 -0.947428 -1.006766 -0.969898 -0.971187 -0.993363 -0.860023 -0.987598 -0.782269 -1.100733 -0.970882 -0.693916 -0.734173 -0.906200 -0.841336 -1.127377 -0.973345 -1.081613 -0.884872 -0.799852 -0.729108 -0.818118 -0.816227 -0.976729 -0.863722 -0.925955 -1.022534 -0.868734 -0.980612 -1.216215 -0.849399 -0.850874 -0.927538 -0.830793 -1.121272 -0.872086 -0.774504 -0.980707 -0.818261 -1.032611 -1.032757 -0.959587 -1.017117 -0.717452 -1.123861 -0.933557 -1.014147 -0.895259 -0.772746 -0.673134 -1.048875 -0.803269 -0.930887 -1.098318 -0.999437 -1.042047 -0.803760 -0.777612 -0.881470 -0.992187 -1.048504 -1.008994 -1.056259 -0.948895 -1.029249 -0.741707 -1.051365 -0.787562 -0.854824 -0.989989 -1.064682 -0.728886 -1.027835 -0.891439 -1.113512 -1.069468 -0.986622 -0.712414 -1.132594 -0.682920 -0.978641 -0.847731 -1.015938 -0.944271 -1.012602 -0.671165 -0.655040 -1.295162 -1.063487 -0.818529 -0.969840 -1.116057 -1.107812 -1.056223 -0.906168 -0.836073 -0.759023 -1.067467 -1.070407 -0.788726 -0.665050 -0.816499 -0.894678 -1.097247 -1.071635 -0.717341 -1.008093 -0.946671
-0.972601 -1.214319 -0.781883 -0.866337 -0.882035 -1.063876 -0.872825 -0.874069 -1.362276 -0.764099 -1.197136 -0.790669 -0.625937 -0.719765 -0.973756 -0.969739 -0.655395 -0.728434 -1.075509 -0.704198 -0.703302 -0.938610 -0.954659 -0.789298 -1.072252 -0.780518 -0.957927 -0.874230 -0.925388 -1.295519 -0.722014 -0.993602 -1.042274 -0.930970 -0.760740 -0.796704 -0.611387 -0.994071 -0.804628 -1.234707 -0.757197 -0.924844 -0.883868 -0.978578 -0.896358 -1.258335 -0.903399 -0.941943 -0.861600 -0.840667 -0.920604 -1.144545 -0.854011 -0.980279 -0.838658 -0.632085 -0.653972 -1.086355 -1.115193 -0.929403 -0.697564 -1.029484 -1.095211 -0.978615 -1.098474 -0.900224 -0.802658 -0.822304 -1.057334 -0.839723 -0.822478 -1.010642 -0.951379 -0.762672 -1.002548 -0.885638 -1.172920 -1.040425 -1.109709 -0.949663 -0.924111 -0.938470 -0.760884 -0.776224 -0.925133 -0.768456 -0.983149 -0.760504 -0.713383 -0.657937 -1.267639 -0.963818 -0.862175 -0.877681 -1.037664 -0.997799 -0.824567 -0.951476 -1.115103 -1.133076 -1.011077 -0.814342 -1.057809 -0.875452 -0.716944 -0.887965 -0.941723 -1.090967 -1.000002 -0.863996 -0.930087 -0.921781 -1.116619 -1.053002 -0.948230 -0.805358 -0.930285 -0.957115 -1.018584 -0.872220 -0.826031 -1.231962 -0.982496 -1.006654 -0.991504 -1.008795 -0.942316 -0.896805 -0.786908 -0.667536 -1.196637 -0.983005 -0.869768 -0.809184 -0.952824 -1.107406 -1.052067 -0.836975 -0.829308 -0.843261 -0.705427 -1.187247 -0.775873 -1.044823 -1.105624 -0.822485 -0.789772 -0.749873 -0.659895 -0.961695 -0.959245 -0.930477 -1.029252 -0.874043 -0.999628 -1.113464 -1.035622 -1.125533 -0.852583 -1.036934 -0.849532 -1.329745 -1.067694 -0.926564 -1.039618 -0.757420 -0.826187 -1.032863 -0.820516 -0.840943 -0.936049 -0.864225 -0.888228 -0.994872 -1.199650 -0.871945 -0.752577 -0.825817 -1.048196 -0.935209 -0.996871 -0.778398 -0.734075 -0.855724 -0.957701 -1.140941 -0.961233 -0.997353 -0.879556 -0.812443
-0.898518 -0.803847 -0.910296 -0.799120 -0.763897 -0.875419 -1.038625 -0.866420 -0.822274 -0.920295 -1.140796 -0.883709 -0.788897 -1.009596 -0.834492 -0.792500 -1.096598 -1.178917 -1.132357 -0.920829 -1.050138 -1.002359 -0.798892 -0.927080 -0.776370 -0.912053 -0.831886 -0.858776 -0.869261 -1.104259 -0.990449 -0.815122 -0.931997 -1.143608 -0.906448 -0.851025 -0.891532 -0.909594 -0.739331 -1.067130 -0.820199 -0.834533 -0.713488 -1.212444 -1.096257 -1.091400 -0.691969 -1.066016 -1.165166 -0.886668 -1.082529 -1.018931 -1.017633 -1.066144 -0.976734 -0.863205 -0.615813 -1.282566 -0.796997 -0.745406 -1.027189 -0.758220 -0.941189 -1.046660 -1.013973 -1.241490 -0.903114 -0.935098 -0.830480 -0.651564 -0.857736 -0.911859 -0.967890 -0.924502 -0.780238 -0.726784 -0.866990 -1.077059 -0.806639 -1.169884 -0.759602 -0.892942 -0.789083 -1.072683 -1.149845 -0.994989 -0.972062 -0.824482 -0.925063 -1.154121 -0.695507 -0.881039 -1.053611 -0.904541 -0.617704 -0.913928 -0.948969 -0.882909 -0.907861 -0.914522 -0.930858 -0.983971 -0.849894 -0.838783 -1.224486 -1.116125 -0.873543 -0.886654 -1.018102 -0.973932 -0.883939 -0.948965 -1.260311 -1.047348 -0.993729 -0.872790 -1.090391 -0.953457 -0.953905 -0.817736 -1.018833 -1.190781 -1.072543 -0.792521 -0.992754 -0.957240 -1.041379 -0.916806 -0.708831 -1.019400 -1.238273 -0.660781 -0.786817 -0.881032 -0.889315 -0.914747 -1.020876 -0.952005 -1.068039 -0.848112 -1.044120 -1.132601 -0.795105 -0.967764 -0.959184 -0.540278 -1.048557 -0.938954 -1.126897 -0.963268 -1.115319 -0.949185 -1.022880 -0.670716 -1.091795 -0.893744 -0.885384 -0.848847 -0.996398 -1.092419 -0.702092 -0.635793 -1.156138 -0.883496 -0.766747 -1.049942 -0.820192 -0.570642 -0.710009 -0.931295 -0.662029 -1.129677 -1.013784 -0.936994 -0.786286 -0.832090 -1.011658 -0.881711 -0.771799 -0.757755 -0.756344 -0.614037 -1.197323 -1.025435 -0.707744 -0.745776 -0.842314 -0.905319 -0.689239 -0.885684
-0.807683 -1.074063 -0.753792 -1.182732 -0.783031 -1.051120 -0.787341 -0.981277 -0.752508 -1.113560 -0.861657 -0.827087 -0.975575 -0.785487 -0.932343 -0.859330 -0.979402 -1.058529 -1.141289 -0.791926 -0.896940 -0.879822 -0.776305 -0.994890 -0.955346 -0.823392 -0.919507 -0.804380 -0.594386 -0.717727 -0.712901 -0.914127 -0.909755 -0.623917 -0.980524 -1.040122 -0.947825 -1.086778 -0.888999 -0.964957 -0.821231 -0.711966 -0.760462 -0.922289 -0.849251 -0.900113 -0.812130 -0.848420 -0.849357 -1.054923 -1.221793 -0.909704 -0.979021 -0.971482 -1.055283 -1.016168 -0.864514 -0.774897 -0.893593 -0.977532 -0.855803 -0.783387 -1.199693 -0.897765 -0.933616 -1.138125 -1.000018 -0.790723 -0.808733 -0.745289 -0.820826 -0.677355 -0.838151 -1.026920 -0.989046 -1.070484 -0.908374 -0.890021 -1.155549 -0.833284 -0.910590 -0.797269 -1.263763 -0.745905 -0.800015 -0.932208 -0.699860 -0.855226 -0.817258 -0.903469 -1.093665 -0.903528 -0.965030 -1.018066 -0.873970 -0.795543 -0.999075 -1.004325 -1.059357 -0.746804 -0.724488 -0.727914 -0.910584 -0.968461 -0.666271 -0.922097 -0.988880 -0.838361 -0.631668 -0.786377 -0.904592 -0.893041 -0.901326 -0.957717 -0.898749 -1.045596 -1.105235 -1.013249 -1.136425 -1.069971 -0.887067 -0.880779 -1.009153 -0.913285 -0.856276 -0.903769 -0.773118 -0.929476 -0.912429 -1.060410 -0.892857 -1.189629 -0.902136 -0.567233 -0.833470 -0.889703 -0.733503 -1.030296 -0.994155 -1.007070 -1.080294 -0.822232 -0.932417 -0.941585 -0.973008 -0.965655 -0.913282 -0.944877 -1.054444 -0.874643 -0.885319 -0.850757 -0.916101 -0.856977 -0.747196 -0.934616 -1.019115 -1.046902 -0.992855 -0.916140 -0.839583 -0.906693 -0.859381 -0.770778 -0.499392 -0.816675 -0.750912 -0.708227 -0.788088 -1.032467 -0.893556 -0.819946 -0.920430 -0.908212 -1.223235 -1.105508 -1.144663 -0.957894 -0.865726 -1.050002 -0.899517 -0.835247 -0.872816 -0.993223 -0.695575 -0.792631 -1.001369 -0.638137 -0.692192 -1.019913
-0.992101 -0.773579 -0.764498 -0.833381 -0.886322 -1.120197 -1.106924 -0.816370 -1.053014 -0.994403 -1.354626 -0.862959 -1.038448 -1.101456 -0.773792 -0.856901 -0.827662 -1.079676 -1.225042 -1.096483 -0.935770 -1.112514 -0.851626 -0.940248 -1.076975 -0.979481 -0.799286 -1.236170 -1.021857 -1.149963 -1.024550 -1.048088 -0.835227 -0.817544 -0.991784 -0.835308 -0.846598 -0.838711 -0.729728 -1.134819 -1.191256 -0.994192 -0.840758 -0.842786 -0.861848 -0.927423 -0.991292 -0.990108 -1.069129 -0.939549 -0.783620 -0.508530 -0.849565 -1.214073 -0.915434 -0.988461 -0.873098 -0.834555 -0.995929 -1.112495 -0.815142 -0.938040 -0.856924 -0.915501 -1.018791 -1.017804 -1.120501 -0.928385 -0.862529 -0.831676 -0.964973 -1.095131 -0.680909 -0.544590 -0.897324 -0.957335 -1.065835 -1.292173 -1.044477 -1.113975 -0.660245 -0.743842 -1.010692 -0.849607 -0.944623 -1.020369 -1.067008 -1.113631 -0.819252 -1.046187 -1.292045 -1.261534 -1.053823 -1.171980 -0.873816 -1.165831 -0.870823 -0.906673 -1.183811 -0.954385 -1.125134 -0.927895 -0.890988 -0.875515 -0.660592 -0.768109 -1.078485 -1.004658 -0.859972 -0.856853 -1.090454 -0.932192 -0.865403 -0.848342 -0.782814 -0.994272 -0.966014 -0.887088 -0.895519 -1.167920 -0.666122 -0.814411 -0.828984 -0.975131 -0.696999 -1.051192 -0.816285 -0.843327 -0.732952 -0.974946 -0.814946 -0.822049 -0.933454 -0.856880 -0.963972 -0.878216 -0.897615 -0.839428 -0.925243 -0.897497 -0.834738 -1.003452 -1.036086 -0.832149 -0.965848 -0.759961 -1.064127 -0.741630 -0.938259 -1.019620 -0.953479 -1.025364 -1.018512 -0.798543 -0.816154 -0.943768 -0.890040 -1.231943 -0.958959 -0.936570 -0.875142 -0.926609 -0.821533 -0.708485 -0.780843 -1.081035 -1.019648 -0.835612 -1.028142 -0.790690 -0.744896 -1.018419 -1.186397 -0.978153 -1.030785 -1.062063 -1.341333 -0.959865 -0.806184 -1.181326 -1.203891 -1.022904 -0.906281 -1.079714 -0.772999 -0.984841 -0.698532 -0.975691 -0.782664 -0.869018
-0.767954 -0.853265 -0.874392 -0.852039 -0.675276 -0.956599 -1.006937 -1.188093 -0.821634 -1.048937 -0.729579 -0.839311 -0.924637 -0.908141 -0.794050 -1.097931 -0.882950 -0.774217 -1.146928 -1.098140 -0.705229 -0.742348 -0.796436 -0.747081 -0.748508 -1.010411 -0.944958 -1.022004 -0.915171 -1.283525 -1.001024 -0.965618 -0.928197 -0.804149 -0.886520 -0.756852 -1.092884 -0.876110 -0.828090 -0.998421 -0.658535 -1.024191 -1.080041 -0.870663 -1.007348 -0.948357 -0.977082 -1.103461 -1.011029 -0.939772 -1.111602 -0.839689 -1.131102 -0.916202 -1.110912 -0.767338 -0.745758 -0.974488 -0.806325 -0.895490 -1.184021 -1.063710 -0.856133 -1.032225 -0.872839 -0.528139 -0.960259 -0.794120 -1.243339 -1.074651 -0.967735 -0.888537 -1.013110 -1.148154 -0.917404 -0.927210 -0.966533 -0.914537 -1.151035 -0.997223 -0.852014 -0.917152 -1.011604 -0.911990 -0.911059 -0.958653 -0.859919 -0.847100 -1.304706 -0.835013 -0.858150 -0.780041 -0.889443 -0.869840 -0.851561 -0.947545 -0.803078 -0.662547 -1.080688 -1.211615 -0.841894 -1.007978 -1.130843 -1.032212 -1.014629 -1.287754 -1.157950 -0.931457 -1.076665 -1.002933 -0.949767 -0.897745 -0.889111 -0.702351 -0.633104 -0.998917 -0.942782 -0.634622 -0.919616 -0.777779 -0.923456 -0.945921 -0.917954 -1.201374 -0.893140 -0.930139 -0.952449 -0.864116 -1.037390 -1.050276 -1.056276 -1.014115 -0.952881 -1.123235 -1.058597 -0.906531 -0.865390 -0.833803 -0.665434 -0.987356 -0.906050 -0.965088 -1.204679 -0.993016 -0.784027 -1.191953 -0.863346 -1.081977 -0.586718 -0.949826 -1.178365 -0.732197 -1.013068 -0.907370 -0.870662 -0.902062 -1.023812 -0.771372 -0.856082 -0.850914 -1.040487 -0.861693 -0.904989 -1.083378 -1.005490 -0.933659 -0.952252 -1.157194 -0.973064 -0.999382 -0.953305 -0.898787 -1.140075 -0.941254 -1.080524 -0.992737 -0.979936 -0.877051 -0.815595 -0.686578 -0.968399 -0.845790 -0.877310 -0.861142 -1.087481 -0.844770 -0.916202 -0.769781 -0.982241 -0.984787
-0.918340 -0.980133 -0.794545 -0.696748 -0.869343 -0.951496 -0.897205 -0.812387 -1.047476 -0.977740 -0.995511 -0.849078 -1.166453 -1.127129 -1.063952 -0.921807 -1.125740 -0.944523 -0.854349 -0.762821 -1.035508 -1.139888 -0.874758 -0.920834 -0.552378 -0.699221 -1.051877 -0.716334 -1.024032 -1.122818 -0.976133 -1.139689 -0.931963 -0.990070 -1.033537 -0.981928 -0.931383 -1.044187 -0.869662 -0.750043 -1.058096 -0.924846 -0.895295 -0.707852 -0.673939 -0.918008 -0.759839 -1.076016 -1.087921 -0.920562 -0.917725 -0.791860 -0.810115 -0.920528 -0.939558 -0.938380 -1.043316 -0.789645 -0.874880 -1.023821 -1.257436 -0.954033 -0.810996 -0.818975 -0.924077 -1.123535 -0.951409 -0.954085 -1.071321 -0.928552 -0.850920 -0.700188 -1.129512 -0.956576 -0.956499 -0.938350 -1.131349 -0.951621 -1.063537 -0.985265 -0.772677 -1.105735 -1.159981 -0.876446 -0.877324 -1.140893 -1.108114 -0.870797 -0.903206 -1.055307 -0.981669 -0.931357 -0.709760 -0.974069 -0.961725 -0.898377 -1.163072 -0.932121 -0.936030 -1.143202 -0.988999 -1.054484 -1.006828 -0.941290 -0.805517 -0.918719 -0.853817 -0.710025 -1.115051 -0.914699 -0.787546 -1.113529 -0.952929 -0.867532 -0.948389 -1.158603 -0.988529 -0.960634 -1.000355 -0.869408 -1.199106 -0.899003 -1.154199 -0.898353 -0.748883 -0.926105 -0.783363 -1.058802 -0.909480 -1.011372 -0.820090 -0.809480 -1.267181 -0.852661 -0.817791 -1.207057 -1.025293 -1.141185 -0.821077 -0.800549 -0.788020 -1.032778 -0.892458 -0.867484 -0.857209 -1.052559 -0.914482 -1.081350 -0.807918 -0.773043 -0.878898 -1.256990 -0.997267 -0.916910 -0.803288 -0.843457 -1.154719 -0.948399 -1.125541 -0.965577 -0.998315 -0.734012 -1.184876 -0.919216 -0.689108 -1.081469 -0.932469 -0.763131 -0.911070 -0.916534 -0.995986 -0.905629 -0.960007 -0.618725 -0.817143 -0.908818 -0.861459 -0.986408 -1.121935 -1.051244 -0.893894 -1.259169 -1.024841 -1.018737 -1.035506 -0.743093 -0.692160 -0.927120 -0.758369 -0.953724
