-0.033450 -0.058951 -0.063119 -0.046580 -0.036344 -0.046408 -0.066950 -0.065504 -0.035944 -0.065470 -0.043761 -0.031148 -0.055785 -0.039815 -0.042143 -0.066116 -0.025091 -0.037783 -0.051446 -0.024548 0.008565 -0.014644 0.017244 -0.062294 -0.124571 -0.130790 -0.065617 -0.008041 -0.043612 -0.088621 -0.049138 -0.076181 -0.043573 -0.055347 -0.094756 -0.005608 -0.051843 -0.072001 -0.095405 -0.042239 -0.073370 -0.028115 -0.048070 -0.092083 -0.078783 0.016843 -0.011592 -0.017642 -0.032365 -0.068472 -0.046272 -0.045324 -0.072665 -0.050584 -0.047411 -0.069369 -0.040557 -0.032506 -0.065800 -0.074514 -0.013801 0.002332 -0.121192 -0.093799 -0.053206 -0.076945 -0.093279 -0.079620 -0.019732 -0.074529 -0.054027 -0.065146 -0.081618 -0.083471 -0.076141 -0.088276 -0.070725 -0.030313 -0.034382 -0.063580 -0.077938 -0.042338 -0.038039 -0.068819 -0.086660 -0.073721 -0.048319 -0.038088 -0.034698 -0.195809 -0.092803 -0.075716 -0.027336 -0.026910 -0.043438 -0.084265 -0.075012 -0.043704 -0.074146 -0.049926 0.015140 -0.026021 -0.038054 -0.018519 -0.053628 -0.046904 -0.036253 -0.018297 -0.050561 -0.067844 -0.010166 0.003772 0.015689 -0.075531 -0.109641 -0.065894 -0.053128 -0.055962 -0.013966 -0.034617 0.001338 0.005312 -0.036738 -0.043538 0.000681 -0.071073 -0.083126 -0.099517 -0.080559 -0.063842 -0.053865 -0.018805 -0.062223 -0.083132 -0.041059 -0.056683 -0.058874 -0.043501 -0.019462 -0.010413 -0.063060 -0.114918 -0.139003 -0.066076 -0.049559 -0.029587 -0.012863 -0.026105 -0.024803 -0.053556 -0.059757 -0.062124 -0.053653 -0.053888 -0.033294 -0.062211 -0.063387 -0.073636 -0.033243 -0.113523 -0.090637 -0.076811 -0.003988 -0.025179 -0.102831 -0.103716 -0.067710 -0.077685 -0.063454 -0.115450 -0.148573 -0.079035 -0.118303 -0.084903 -0.065619 -0.032296 -0.074367 -0.075151 -0.140387 -0.065433 -0.123859 -0.147790 -0.043713 -0.030392 -0.044130 -0.004855 -0.068004 -0.112421 -0.116900 -0.141466
-0.037399 -0.041986 -0.092719 -0.059086 -0.038799 -0.034853 -0.065478 -0.079683 -0.053052 -0.023661 -0.010346 -0.034893 -0.031924 -0.018916 -0.024909 -0.053949 -0.025102 -0.012396 -0.010480 -0.038711 -0.089145 -0.037218 0.002952 0.010860 -0.060977 -0.141078 -0.036732 0.014070 -0.047636 -0.072579 -0.052529 -0.072323 -0.093952 -0.053794 -0.043751 -0.050979 -0.087663 -0.088731 -0.098260 -0.058204 -0.064674 -0.074838 -0.098829 -0.055200 -0.034902 0.010819 -0.062010 -0.032850 -0.027041 -0.075109 -0.027111 -0.065271 -0.027730 -0.022127 -0.078188 -0.071670 -0.018488 -0.041716 -0.063608 -0.071679 -0.014349 -0.012144 -0.106531 -0.060989 -0.021533 -0.145111 -0.015243 -0.026105 -0.075962 -0.065514 -0.037740 -0.032314 -0.062396 -0.104256 -0.112822 -0.086426 -0.038210 -0.067335 -0.074896 -0.083621 -0.067623 -0.002778 -0.084987 -0.107690 -0.038368 -0.043531 -0.024340 -0.056266 -0.060279 -0.062116 -0.039386 -0.079260 -0.028228 -0.033864 0.029802 0.007811 -0.015051 -0.011481 -0.070742 -0.074215 -0.050921 -0.011524 -0.008164 -0.003809 -0.105038 -0.060255 -0.002565 -0.010205 -0.063867 -0.072782 -0.054633 -0.026128 -0.037835 -0.110613 -0.093432 -0.039946 -0.068260 -0.038446 -0.084901 -0.037237 -0.011460 -0.043352 -0.034533 0.004254 -0.042549 -0.079386 -0.048060 -0.015913 -0.041280 -0.095541 -0.080184 -0.011983 -0.079235 -0.067339 -0.062569 -0.053332 -0.047070 -0.094000 -0.037390 -0.061960 -0.131116 -0.123546 -0.182601 -0.176497 -0.058032 0.023154 -0.040626 0.015627 -0.072727 -0.080876 -0.038717 -0.030152 -0.016356 -0.056776 -0.070280 -0.085773 -0.099951 -0.061245 -0.023769 -0.103665 -0.097021 -0.069595 -0.027356 -0.025051 -0.057461 -0.131155 -0.096691 -0.156059 -0.135767 -0.069292 -0.052324 -0.061165 -0.044512 -0.087512 -0.145526 -0.087446 -0.021061 -0.027056 -0.105579 -0.097601 -0.052563 -0.120516 -0.080912 -0.088184 -0.036782 0.042799 -0.035496 -0.101533 -0.088502 -0.119525
-0.051360 -0.008064 -0.051334 -0.061270 -0.036759 -0.023286 -0.053484 -0.036080 -0.059066 -0.045543 -0.047679 -0.027891 -0.029716 -0.075925 -0.049895 -0.001081 -0.041179 -0.040025 -0.010970 -0.110129 -0.063064 0.004108 0.006208 -0.060687 -0.042964 -0.005582 -0.058233 -0.076354 -0.091086 -0.069454 -0.026577 -0.020818 -0.089896 -0.098961 -0.088722 -0.087420 -0.191167 -0.068872 -0.085168 -0.030287 -0.020511 -0.066299 -0.037262 -0.033213 -0.040524 0.014732 -0.067910 -0.077804 -0.044892 -0.052435 -0.068388 -0.101130 -0.088174 -0.053620 -0.119898 -0.123718 -0.055027 -0.077373 -0.028821 -0.047652 -0.035294 -0.024045 -0.018346 -0.005104 -0.077456 -0.038967 -0.034694 -0.041724 -0.059159 -0.025737 -0.053413 -0.104248 -0.048710 -0.053004 -0.102479 -0.058406 -0.047546 -0.042597 -0.073383 -0.061656 -0.045208 -0.050773 -0.100464 -0.091858 -0.132183 -0.007883 -0.024767 -0.039675 -0.029616 0.024178 -0.078106 -0.079719 -0.018686 -0.075857 -0.057697 -0.026427 0.025250 -0.013114 -0.074000 -0.086148 -0.021583 -0.054591 -0.071668 -0.053509 -0.061941 -0.031654 -0.016031 -0.011985 -0.047276 -0.029626 -0.051753 -0.074770 -0.071986 -0.026275 -0.033163 -0.026975 -0.084686 -0.023387 -0.061138 -0.063404 -0.055094 -0.042382 -0.068746 -0.031676 -0.040496 -0.052166 -0.022408 -0.008504 -0.022668 -0.079321 -0.077803 -0.047298 -0.032702 0.008853 -0.076982 -0.147285 -0.098626 -0.048228 -0.035043 -0.046034 -0.055765 -0.094483 -0.139644 -0.103522 -0.058718 -0.083694 -0.097592 0.009283 -0.066035 -0.037297 0.031188 -0.078776 -0.010913 -0.042564 -0.052401 -0.040352 -0.050761 0.066485 0.001421 -0.061054 -0.043086 -0.090847 -0.133915 -0.059165 -0.131958 -0.108834 -0.125338 -0.165034 -0.193254 -0.088829 -0.008953 -0.047862 -0.026257 -0.010879 -0.083054 -0.056733 0.008807 -0.021152 -0.016284 -0.060679 -0.089152 -0.077416 -0.020582 -0.044475 -0.068263 -0.029213 -0.051763 -0.063070 -0.091070 -0.092309
-0.050898 -0.033173 -0.029216 0.000481 -0.017469 -0.011260 -0.041256 -0.047142 -0.015315 -0.020096 -0.019841 -0.032579 -0.054327 -0.079964 -0.051236 -0.030348 0.002676 -0.004671 -0.051548 -0.054137 -0.003555 -0.050646 -0.030950 -0.087355 -0.082423 -0.018141 -0.049748 -0.039813 -0.073129 -0.038236 -0.052557 -0.066487 -0.097836 -0.129104 -0.086354 -0.092220 -0.140129 -0.060039 -0.046212 -0.013618 -0.084105 -0.070853 -0.040687 -0.095305 -0.108701 -0.051481 -0.030505 -0.063720 -0.093582 -0.045910 -0.061360 -0.082449 -0.095442 -0.033859 -0.054990 -0.093543 -0.092730 -0.126783 -0.131658 -0.058471 -0.062465 -0.112709 -0.048853 -0.000657 -0.064638 -0.024834 -0.070626 -0.095086 -0.003967 -0.038838 -0.069984 -0.105564 -0.066831 -0.068402 -0.113288 -0.032839 -0.067649 -0.072635 -0.065739 -0.016265 0.009694 -0.004783 -0.061849 -0.040316 -0.047149 -0.089118 -0.098853 -0.030642 -0.049813 -0.044068 -0.074119 -0.059674 -0.068099 -0.065160 -0.086259 -0.066508 -0.082946 -0.025749 -0.081394 -0.064043 -0.067569 -0.074281 -0.076356 -0.006619 -0.060495 -0.035041 -0.035752 0.009967 0.018402 -0.009246 -0.041630 -0.114024 -0.078429 -0.072437 -0.053898 0.000945 0.041225 0.014433 -0.006153 -0.035619 -0.087777 -0.069346 0.003124 -0.027960 -0.100084 -0.049819 -0.009231 -0.053757 -0.066126 -0.081909 -0.046424 -0.115884 -0.039275 -0.027706 -0.091578 -0.095644 -0.071689 -0.057393 -0.037980 -0.063461 -0.026271 -0.090127 -0.119591 -0.114009 -0.123119 -0.108823 -0.082258 -0.075559 -0.126423 -0.104981 -0.072497 -0.036423 -0.011949 -0.093268 -0.035189 -0.068511 -0.069075 -0.008455 -0.061334 -0.013082 -0.054004 -0.082827 -0.061755 -0.004736 -0.113785 -0.039360 -0.071959 -0.102069 -0.099702 -0.024738 -0.059677 -0.086462 -0.078967 -0.047189 -0.023293 -0.036784 -0.029732 -0.006262 -0.113228 -0.056837 -0.073888 -0.142208 -0.054377 -0.020124 -0.059317 -0.034468 -0.017064 -0.079576 -0.083459 -0.052760
-0.000923 0.018095 -0.024188 -0.038242 -0.014746 -0.008861 -0.033689 -0.066707 -0.028635 -0.031517 -0.033561 -0.049023 -0.042274 -0.074849 -0.093889 -0.058329 -0.011322 -0.001996 -0.010611 0.004937 -0.036966 -0.081382 -0.094071 -0.053904 -0.018438 -0.067938 -0.051304 -0.051024 -0.071822 -0.117161 -0.139299 -0.043816 -0.032639 -0.057423 -0.037627 -0.098843 -0.044331 0.007728 0.006468 -0.030681 -0.078069 -0.063967 -0.033043 -0.054156 -0.026510 -0.043874 -0.067715 -0.061091 -0.039674 -0.054649 -0.087302 -0.063661 -0.037961 -0.010190 -0.027430 -0.055849 -0.051745 -0.114150 -0.079695 -0.034139 -0.098775 -0.119661 -0.072558 -0.040181 -0.051141 -0.066355 -0.057042 -0.037863 -0.050373 -0.060687 -0.092179 -0.066321 -0.081958 -0.091656 -0.088112 -0.077935 -0.014894 -0.052544 -0.053300 -0.018363 -0.015315 -0.048693 -0.068250 -0.085695 -0.040242 -0.016870 -0.017381 -0.025714 -0.083554 -0.082588 -0.032115 -0.073175 -0.070041 -0.023947 -0.080306 -0.158762 -0.074989 -0.057343 -0.053789 -0.057302 -0.099367 -0.013215 0.005496 -0.020784 -0.045878 -0.019816 -0.082191 -0.049719 -0.017995 -0.014673 -0.034688 -0.089951 -0.027406 -0.113669 -0.065047 -0.027077 -0.019371 -0.007225 0.007426 -0.022688 -0.087523 -0.069631 -0.006340 -0.094183 -0.078189 -0.009830 0.003835 -0.025190 -0.066041 -0.089082 -0.133534 -0.177487 -0.093867 -0.050745 -0.030093 -0.061266 -0.034437 -0.070755 -0.076120 -0.093278 -0.073413 -0.046627 -0.076801 -0.025028 -0.096828 -0.111615 -0.090080 -0.067696 -0.034074 -0.054091 -0.038272 -0.031516 -0.042327 -0.020184 -0.076171 -0.090834 -0.042430 -0.041000 -0.102724 -0.046260 -0.059915 -0.058970 0.012497 -0.034510 -0.091436 -0.071858 -0.074565 -0.117876 -0.140656 -0.060486 -0.079587 -0.088868 -0.051123 -0.085641 -0.013006 -0.066136 -0.067780 -0.047006 -0.109803 -0.142316 -0.067690 -0.074595 -0.094206 -0.045996 -0.088407 -0.062520 -0.046339 -0.073928 -0.115926 -0.034638
-0.045185 -0.044412 -0.079328 -0.059167 0.003309 -0.025468 -0.077755 -0.019809 -0.031998 -0.074729 -0.080010 -0.023635 -0.018510 -0.049846 -0.088332 -0.071829 -0.052838 -0.012188 -0.074805 -0.043155 -0.029560 -0.117714 -0.129239 -0.033636 -0.006925 -0.012026 -0.043020 -0.108970 -0.016404 -0.074980 -0.100462 0.039725 -0.017045 -0.084605 -0.081803 -0.061636 -0.043258 -0.024029 -0.026172 -0.034839 -0.037775 -0.038808 -0.015825 0.001507 -0.081721 -0.031704 -0.056807 -0.024658 0.007357 -0.064419 -0.095692 -0.065099 -0.018882 -0.047249 -0.059910 -0.046226 -0.097931 -0.074125 -0.084138 -0.059465 -0.092972 -0.068011 -0.072273 -0.007430 -0.018456 -0.067885 -0.057161 -0.050460 -0.019067 -0.042066 -0.102679 -0.077684 -0.076637 -0.087187 -0.108918 -0.105712 -0.009047 -0.024406 -0.079436 -0.103600 -0.087368 -0.097457 -0.049121 -0.054439 -0.052870 0.006069 0.001979 -0.007427 -0.073452 -0.055281 -0.077171 -0.095684 -0.046705 -0.053652 -0.022324 -0.080928 -0.050864 -0.104285 -0.105542 -0.050398 -0.040588 -0.038703 -0.020514 -0.023292 -0.032874 -0.008060 -0.020934 -0.049282 -0.033677 -0.038728 -0.039688 -0.099155 -0.066469 -0.000666 -0.087834 -0.089092 -0.090904 -0.035189 -0.035009 -0.052503 -0.084375 -0.037026 -0.056099 -0.111620 -0.057111 -0.066753 -0.060360 -0.079878 -0.068041 -0.111901 -0.125810 -0.038197 0.003538 -0.101952 -0.095529 -0.058287 -0.003388 -0.049952 -0.091066 -0.071244 -0.084484 -0.033548 -0.063286 -0.084285 -0.131277 -0.075545 -0.005331 -0.030367 -0.009724 -0.065699 -0.015981 -0.039837 -0.090241 -0.025196 -0.062114 -0.053692 -0.053898 -0.073815 -0.034778 -0.032373 0.031651 -0.022456 -0.088153 -0.115437 -0.125888 -0.080569 -0.019864 -0.058506 -0.127321 -0.103303 -0.037792 -0.071043 -0.053664 -0.062370 -0.059625 -0.100389 -0.071213 -0.051521 -0.091070 -0.045610 0.024544 -0.073822 -0.092703 -0.069821 -0.081134 -0.057055 -0.098731 -0.087381 -0.080698 -0.072763
-0.072363 -0.032198 -0.039686 -0.064127 0.005996 0.019925 -0.037985 -0.073126 0.009280 -0.039324 -0.032199 0.015182 -0.005031 -0.002475 -0.004436 -0.038357 -0.033224 -0.049960 -0.104519 -0.077990 -0.084502 -0.059532 -0.061885 -0.042484 0.007295 0.007814 -0.055041 -0.082845 -0.040762 -0.081405 -0.034823 -0.035848 -0.047333 -0.088249 -0.104761 0.044298 -0.001388 -0.070365 -0.041592 -0.033427 -0.055247 -0.096995 -0.030503 0.018283 -0.077971 -0.068330 -0.069965 -0.057682 -0.023378 -0.087298 -0.094601 -0.037900 0.029673 -0.095086 -0.176835 -0.097663 -0.054708 -0.050356 -0.095231 -0.052302 -0.077720 -0.006067 -0.073424 -0.079004 -0.015564 -0.054314 -0.008382 -0.054010 -0.022132 -0.026978 -0.088799 -0.066898 -0.050298 -0.042829 -0.030018 -0.081731 -0.072213 -0.042772 -0.064720 -0.063004 -0.073024 -0.034856 0.018527 -0.025585 -0.062497 -0.053076 -0.017851 0.000524 -0.002922 -0.042703 -0.024602 -0.006755 -0.025728 -0.058102 -0.104351 -0.028277 -0.054308 -0.038302 -0.055163 -0.059415 -0.035868 -0.003273 -0.049059 -0.017609 -0.013532 -0.028661 -0.011407 -0.055372 -0.073404 -0.065636 -0.041013 -0.112686 -0.096531 -0.077735 -0.063680 -0.050433 -0.034304 -0.027846 -0.061352 -0.047445 -0.047490 -0.045119 -0.081445 -0.058780 -0.005382 -0.063245 -0.046977 -0.050648 -0.067542 -0.019132 -0.148606 -0.143482 -0.128511 -0.141688 -0.091949 -0.050791 -0.091537 -0.104858 -0.060462 -0.104570 -0.109268 -0.094592 -0.070495 -0.061461 -0.113352 -0.089481 -0.051919 -0.008174 -0.037562 -0.084563 -0.042194 -0.021195 -0.086465 -0.060742 -0.085233 -0.020336 -0.055471 -0.042585 -0.030504 0.004144 -0.016761 -0.086276 -0.145294 -0.133946 -0.146732 -0.085429 -0.007982 -0.018009 -0.094001 -0.070722 0.002216 -0.025817 -0.070586 -0.069382 -0.092409 -0.097109 -0.100266 -0.123108 -0.075752 -0.035182 -0.057669 -0.070457 -0.037447 -0.118216 -0.100331 -0.046998 -0.094422 -0.112970 -0.107616 -0.092912
-0.069540 -0.050312 -0.030671 -0.053046 -0.005641 -0.058679 -0.115895 -0.087640 -0.011764 -0.020269 -0.074014 -0.126891 -0.092937 -0.029655 -0.006616 -0.073276 -0.023480 -0.086061 -0.108849 -0.063196 -0.034795 -0.029485 -0.051718 -0.038592 -0.089588 -0.063025 -0.037043 -0.058170 -0.054121 -0.090646 -0.057437 -0.065907 -0.063558 -0.024982 -0.004028 -0.047443 -0.073869 -0.053124 -0.010326 -0.008805 -0.037199 -0.099777 -0.041942 -0.009537 -0.024310 -0.087469 -0.038695 -0.076407 -0.025978 -0.058269 -0.085659 -0.067912 -0.071544 -0.058271 -0.093275 -0.088202 -0.073084 -0.027337 -0.058733 -0.053845 -0.066888 -0.037547 -0.068348 -0.048707 0.003938 -0.022348 -0.042412 0.021450 -0.031281 -0.004451 -0.012002 -0.041627 -0.018341 -0.060997 0.030953 0.044328 -0.080613 -0.010812 -0.047619 -0.042140 0.007746 -0.004184 -0.005802 -0.013530 -0.041176 -0.094893 -0.046308 -0.041349 -0.022500 -0.027054 -0.021739 -0.051229 -0.020282 -0.057188 -0.078512 -0.040849 -0.084984 -0.057524 -0.093013 -0.054978 -0.049536 -0.034437 -0.065199 -0.033133 -0.017911 -0.071676 -0.029930 -0.046059 -0.033710 -0.047064 -0.015870 -0.057390 -0.040579 -0.069337 -0.048939 -0.035518 -0.053602 -0.071443 -0.015344 -0.037730 -0.063871 -0.008711 -0.049435 -0.081684 -0.013663 -0.049586 -0.062052 0.006118 -0.069170 -0.114474 -0.118465 -0.142244 -0.112965 -0.070797 -0.069413 -0.064058 -0.099205 -0.035225 0.037155 -0.057957 -0.108908 -0.080195 -0.088666 -0.108549 -0.085687 -0.134108 -0.040213 0.013803 -0.090027 -0.061684 0.001641 -0.034374 -0.080608 -0.054146 -0.101267 -0.066031 -0.051689 -0.044645 -0.006376 0.008849 -0.146090 -0.083248 -0.013584 -0.050388 -0.049551 -0.039604 -0.063479 -0.009344 -0.033477 -0.048695 -0.020341 0.027400 -0.068285 -0.135250 -0.094556 -0.041821 -0.050388 -0.115366 -0.093575 -0.114900 -0.150119 -0.068757 -0.058113 -0.057847 -0.002737 -0.037988 -0.051577 -0.112032 -0.101451 -0.071573
-0.010877 -0.035979 -0.033007 -0.020870 -0.034164 -0.110495 -0.114794 -0.069973 -0.065702 -0.056851 -0.146841 -0.134931 -0.058323 -0.020763 -0.028821 -0.015825 -0.004140 -0.111739 -0.078252 -0.064987 -0.104363 -0.044343 -0.014161 -0.037875 -0.033739 -0.033637 -0.042201 -0.007246 -0.091163 -0.067798 -0.040798 -0.056363 -0.050965 -0.037932 -0.043871 -0.117006 -0.078247 -0.044305 -0.020698 -0.009928 -0.077977 -0.079767 -0.042222 -0.036921 -0.011455 -0.061183 -0.046031 -0.038104 -0.063669 -0.085097 -0.049131 -0.033171 -0.045779 0.009916 -0.010572 -0.091868 -0.061951 -0.105548 -0.021357 -0.068758 -0.098277 -0.064007 -0.059399 -0.025078 -0.000743 0.037981 -0.076252 -0.022911 -0.040664 -0.037895 0.039464 -0.019087 -0.025060 -0.026173 -0.098122 -0.076622 -0.083627 -0.096351 -0.073569 -0.059005 0.023788 -0.023857 -0.029205 -0.026860 -0.025857 -0.026684 -0.006889 -0.045104 -0.089548 -0.011383 -0.001053 -0.077370 -0.052769 -0.012066 -0.088614 -0.046385 -0.061657 -0.033456 -0.089525 -0.080140 -0.035088 -0.013271 -0.055281 -0.037937 -0.017595 -0.064657 -0.051807 0.028391 -0.019416 -0.036852 -0.043195 -0.046331 -0.027185 -0.008738 -0.064459 -0.101447 -0.026528 -0.064307 -0.051601 -0.096859 -0.066071 -0.037652 -0.077929 -0.121310 -0.037741 -0.062630 -0.112996 -0.067746 -0.059083 -0.061108 -0.025289 -0.087022 -0.079563 -0.071895 -0.114779 -0.060707 0.003856 0.006620 -0.076167 -0.052890 -0.090614 -0.081313 -0.083353 -0.146108 -0.112115 -0.050281 -0.070657 -0.089581 -0.055876 -0.017928 -0.094089 -0.098206 -0.018772 -0.039827 -0.037461 -0.130961 -0.076361 -0.076917 -0.062368 -0.011539 -0.016272 0.056088 0.036251 -0.013384 -0.053151 -0.085450 -0.060928 -0.003352 -0.032275 -0.056637 -0.011498 -0.018198 -0.078109 -0.133598 -0.040721 -0.014396 -0.023811 -0.061566 -0.143139 -0.082710 -0.074770 -0.062891 -0.006818 -0.012301 -0.001485 -0.011926 -0.068470 -0.082906 -0.029843 -0.031804
-0.103416 -0.063110 -0.031793 -0.000150 -0.086259 -0.066122 -0.074853 -0.090350 -0.079097 -0.069022 -0.071537 -0.026749 -0.044892 -0.055205 -0.001481 -0.012108 0.013556 -0.012319 0.023331 -0.079557 -0.086936 -0.061680 -0.021755 0.011674 -0.010913 -0.052408 -0.039653 0.011657 -0.091830 -0.124966 -0.067483 -0.038615 -0.005645 -0.045475 -0.052348 -0.023875 -0.029232 -0.077201 -0.048194 -0.081667 -0.090763 -0.048229 0.004935 -0.025822 -0.028869 -0.023194 -0.080204 -0.108443 -0.108065 -0.072809 -0.084259 -0.079259 -0.049759 -0.040389 -0.028899 -0.023657 -0.034105 -0.082638 -0.063980 -0.103590 -0.086004 -0.095838 -0.073801 -0.041595 -0.018895 -0.010296 -0.085742 -0.028869 0.006723 -0.009100 -0.066795 -0.021553 -0.049024 -0.054700 -0.038792 -0.126554 -0.113052 -0.110814 -0.111821 -0.045794 -0.030090 -0.053011 -0.045588 -0.088960 -0.063845 0.004749 -0.030783 -0.019935 -0.080850 -0.037226 -0.035856 -0.007534 -0.010345 -0.036312 -0.059687 -0.032722 -0.074517 -0.043933 -0.076635 -0.067022 -0.107056 -0.043120 0.001362 -0.008318 0.000227 -0.028635 0.002487 -0.011446 -0.056261 -0.015161 -0.019710 -0.061717 -0.050683 -0.059180 -0.026373 -0.029273 -0.052123 -0.051443 -0.014712 -0.065219 -0.026554 -0.021479 -0.017002 -0.045396 -0.053535 -0.155754 -0.131023 -0.079854 -0.030398 -0.019883 -0.079987 -0.048207 -0.086988 -0.121607 -0.113098 -0.086896 0.018046 -0.041118 -0.102531 -0.063667 -0.132148 -0.107980 -0.142162 -0.122799 -0.040275 -0.036936 -0.089095 -0.064613 -0.090547 -0.151340 -0.063509 -0.053582 -0.014433 -0.083540 -0.071946 -0.080037 -0.027064 -0.093080 -0.043931 -0.036669 -0.016565 -0.006302 -0.064922 -0.003372 -0.039087 -0.023190 -0.022906 -0.038473 -0.043749 -0.014367 -0.046591 -0.027931 -0.034718 -0.077474 -0.062567 -0.092520 -0.113929 -0.104837 -0.121051 -0.067927 -0.039142 -0.074508 -0.034953 -0.039720 -0.049805 -0.050766 -0.017435 0.017018 -0.017708 -0.046655
-0.119337 -0.072303 -0.086670 -0.106824 -0.140373 -0.085184 -0.008476 -0.066025 -0.116590 -0.019930 -0.068043 -0.085362 -0.070453 -0.080209 -0.063102 -0.064886 -0.045959 -0.051688 -0.063611 -0.062345 -0.025703 -0.109172 -0.065357 0.016036 0.010600 -0.047929 -0.064030 -0.074062 -0.090832 -0.022366 -0.043383 -0.053109 -0.058277 -0.055462 0.012771 0.014350 -0.078071 -0.160654 -0.038460 -0.091749 -0.110417 -0.067959 0.016569 0.000509 -0.053796 -0.020909 -0.052881 -0.110887 -0.094903 -0.101193 -0.121885 -0.131823 -0.054448 -0.042263 -0.137432 -0.077913 -0.046802 -0.075416 -0.017019 -0.032260 -0.051168 -0.103963 -0.015542 -0.008892 -0.049049 -0.080250 -0.115081 -0.010065 -0.001357 -0.047117 -0.040966 -0.054606 -0.053685 -0.037685 0.022179 -0.050235 -0.103088 -0.057851 -0.072769 -0.052359 -0.050530 -0.097884 -0.052465 -0.020392 -0.054567 -0.033514 -0.055900 -0.044039 -0.002422 -0.068123 -0.092976 -0.029865 -0.038934 -0.126872 -0.052235 -0.042873 -0.054896 -0.021013 -0.008319 -0.029221 -0.029563 -0.090887 -0.036208 -0.034641 -0.049708 -0.105994 -0.064293 -0.064118 -0.136575 -0.045809 0.009621 -0.056286 -0.071120 -0.085572 -0.023500 -0.007906 -0.091161 -0.030232 -0.024422 -0.014430 -0.074621 -0.060695 -0.000712 -0.037426 -0.041120 -0.093761 -0.060121 -0.100947 -0.056547 -0.031742 -0.049296 -0.021825 -0.056486 -0.082298 -0.084315 -0.122692 -0.065957 -0.070759 -0.096280 -0.067646 -0.094727 -0.148258 -0.141870 -0.080365 -0.024499 0.002842 -0.006712 -0.083604 -0.059575 -0.099496 -0.063096 -0.069025 -0.054554 0.019294 -0.066710 -0.062457 -0.002434 -0.065552 -0.051046 -0.085120 -0.053551 -0.019772 -0.038254 -0.039945 -0.043068 -0.025305 -0.066463 -0.019093 -0.042368 -0.065660 -0.060779 -0.038821 -0.020298 -0.033271 -0.103417 -0.056894 -0.095771 -0.054526 -0.024763 -0.089828 -0.089590 -0.043061 -0.104470 -0.056705 -0.013325 -0.033489 -0.057030 -0.046829 -0.062794 -0.077206
-0.035779 -0.113689 -0.115208 -0.076486 -0.007619 -0.053795 -0.076143 -0.010025 -0.041202 -0.047332 -0.046243 -0.093321 -0.117988 -0.077302 -0.038525 -0.058456 -0.091483 -0.070456 -0.088606 -0.033194 -0.058993 -0.106154 -0.097586 -0.115067 -0.056834 -0.021555 -0.074813 -0.103130 -0.071905 -0.035576 -0.043691 -0.022366 -0.076830 -0.149637 -0.106418 -0.072084 -0.024123 -0.060686 -0.042777 -0.027131 -0.096891 -0.058412 -0.061354 -0.001687 -0.024456 -0.000539 -0.057052 -0.036351 -0.065522 -0.033768 -0.061954 -0.078248 -0.082969 -0.054730 -0.145071 -0.110264 -0.045363 -0.016186 -0.032086 -0.071845 -0.070372 -0.068898 -0.043589 0.004771 -0.054626 -0.115616 -0.065510 -0.033940 0.012982 -0.039935 -0.088890 -0.063863 -0.070413 -0.057843 -0.007364 -0.011458 -0.075277 -0.052474 -0.097302 -0.086249 -0.057016 -0.120133 -0.066279 -0.070596 -0.094591 -0.053700 -0.084568 -0.087512 -0.070307 -0.052896 -0.055604 -0.063919 -0.093753 -0.140032 -0.035374 -0.016801 -0.053497 -0.072917 -0.054655 -0.029844 0.006361 -0.017358 -0.042960 -0.050442 -0.058747 -0.042445 -0.048790 -0.070576 -0.117489 -0.017264 -0.027247 -0.047545 -0.031683 -0.029219 -0.015220 -0.011888 -0.028899 -0.018466 -0.067871 -0.029412 -0.068153 -0.074922 -0.087665 -0.083617 0.021647 -0.043913 -0.106701 0.010250 -0.007274 -0.026452 -0.026424 -0.032838 -0.062161 -0.078164 -0.076581 -0.105432 -0.099232 -0.134433 -0.089613 -0.059644 -0.028130 -0.058019 -0.067794 -0.070454 -0.052452 -0.028395 -0.050111 -0.103124 -0.048556 -0.023405 -0.038240 -0.064992 -0.063810 -0.023641 -0.034184 -0.069914 -0.034669 -0.045602 -0.114566 -0.085125 -0.053775 -0.067465 -0.047481 -0.100594 -0.029851 -0.025606 -0.052157 -0.011054 -0.038344 -0.087466 -0.086930 -0.061169 -0.066014 -0.045667 -0.098344 -0.011333 -0.085037 -0.068888 -0.100028 -0.094538 -0.023351 -0.012520 -0.078156 -0.056523 -0.067996 -0.050022 -0.048595 -0.066942 -0.073501 -0.113993
-0.002093 0.004785 -0.011089 -0.071713 -0.087294 -0.033527 -0.089863 -0.000455 0.000130 -0.065096 -0.033466 -0.118226 -0.143771 -0.049958 -0.036499 -0.035814 -0.029746 -0.074805 -0.043080 -0.045440 -0.033657 -0.062742 -0.114315 -0.113477 -0.070449 -0.077860 -0.120436 -0.107177 -0.110049 -0.081754 -0.067498 -0.052236 -0.084660 -0.103509 -0.139381 -0.054469 -0.020349 -0.043126 -0.044626 -0.017344 -0.086541 -0.034133 -0.041348 -0.026172 -0.055218 -0.010319 -0.026928 -0.031500 -0.071281 -0.054346 -0.027751 0.021774 -0.035846 -0.058236 -0.116173 -0.073162 -0.075795 -0.088789 -0.053486 -0.095506 -0.065758 -0.069036 -0.050860 -0.069403 -0.024693 -0.041075 -0.081719 -0.068126 -0.028756 -0.036934 -0.081103 -0.058266 -0.069040 -0.016784 -0.041833 -0.058946 -0.077609 -0.105430 -0.117816 -0.037199 -0.060048 -0.108118 -0.066610 -0.026320 -0.035043 -0.054635 -0.030056 -0.073100 -0.077680 -0.060558 -0.045074 -0.014604 -0.042805 -0.074647 -0.047853 -0.024761 -0.092758 -0.108034 -0.051660 -0.069632 -0.034062 -0.024255 -0.105260 -0.055335 -0.036100 -0.035614 -0.042763 0.006593 0.001954 -0.035482 -0.044265 -0.010343 0.000758 0.007657 -0.049793 -0.052853 -0.034777 -0.028671 -0.004919 -0.093486 -0.050577 -0.006006 -0.038012 -0.081142 -0.001549 0.016388 -0.093804 -0.055333 0.013540 -0.051689 -0.038759 -0.049058 -0.053759 -0.017102 -0.036406 -0.038805 -0.011259 -0.078193 -0.111255 -0.067835 -0.015461 -0.004077 -0.084874 -0.111717 -0.099440 -0.098321 -0.026534 -0.101274 -0.083244 -0.033863 -0.016554 -0.029674 -0.013941 -0.068882 -0.077641 -0.078391 -0.007463 -0.040969 -0.057108 -0.041183 -0.033716 -0.064984 -0.021967 -0.010999 -0.040031 -0.073294 -0.012846 -0.097067 -0.064724 -0.066130 -0.149847 -0.045018 -0.069979 -0.068587 -0.105990 -0.076505 -0.020166 -0.106915 -0.049770 -0.080108 0.003826 0.029074 -0.049160 -0.085961 -0.047767 -0.007584 -0.018068 -0.027462 -0.014747 0.004193
0.050234 -0.015561 -0.099269 -0.050581 -0.067623 -0.033735 -0.017203 -0.070384 -0.029799 -0.101522 -0.057320 -0.023047 -0.104787 -0.073083 -0.008798 -0.035150 -0.027209 -0.019481 0.019774 -0.062821 -0.065093 -0.073890 -0.017331 -0.029540 -0.026187 -0.062476 -0.153998 -0.157099 -0.059382 -0.035371 -0.034858 -0.093479 -0.059872 -0.004546 -0.087229 -0.022272 -0.026077 -0.111031 -0.054294 -0.025887 0.008207 -0.021374 -0.044596 -0.047005 -0.018487 -0.055518 -0.001014 -0.035293 -0.080951 -0.037716 0.030928 0.021667 0.010350 0.003225 -0.070222 -0.070601 -0.042521 -0.080459 -0.063727 -0.075570 -0.060971 -0.015909 -0.012682 -0.070678 -0.050795 -0.023424 -0.076328 -0.037682 -0.054349 -0.066441 -0.017921 -0.061330 -0.073350 -0.038069 -0.091905 -0.075273 -0.001750 -0.084274 -0.138854 -0.060923 -0.077425 -0.122310 -0.108782 -0.056434 -0.029213 -0.080207 -0.018661 -0.116623 -0.084350 -0.080008 -0.041531 -0.017018 -0.009898 -0.036035 -0.080862 -0.071058 -0.087587 -0.056085 -0.022120 -0.046974 -0.033768 -0.057862 -0.103386 -0.057683 -0.023333 -0.043146 -0.005897 -0.062339 -0.035768 -0.023740 -0.071111 -0.084446 -0.033312 0.001494 -0.008389 -0.051361 -0.096336 -0.128373 -0.077896 -0.059503 -0.058697 -0.015738 0.033198 0.002644 -0.082009 -0.009014 -0.040162 -0.126848 -0.154643 -0.019885 0.019324 -0.009506 -0.049286 -0.075860 -0.078133 -0.054475 -0.020226 -0.000700 -0.153640 -0.094507 -0.027848 -0.045652 -0.129005 -0.077834 -0.102776 -0.131328 -0.046559 -0.057855 -0.137200 -0.115441 -0.090112 -0.014640 -0.051837 -0.060635 -0.044713 -0.070066 -0.050640 -0.036355 -0.065793 -0.049811 -0.032204 -0.031698 -0.001614 -0.037886 -0.100219 -0.092051 -0.083282 -0.105628 -0.057503 -0.072118 -0.099110 -0.091647 -0.033967 -0.001936 -0.006020 -0.081837 -0.082357 -0.015219 -0.066582 -0.028219 -0.012669 -0.051237 -0.045637 -0.120879 -0.103016 -0.040451 -0.039191 -0.049193 -0.059757 -0.014198
-0.056400 -0.026047 -0.050265 -0.073723 -0.058791 -0.107133 -0.046301 -0.025028 -0.047829 -0.127774 -0.098111 -0.048875 -0.057164 -0.053341 -0.030878 -0.065253 -0.056931 -0.045978 -0.019793 -0.112991 -0.054003 -0.015446 -0.029275 -0.020182 0.013421 -0.088628 -0.087070 -0.104957 0.003368 0.006674 0.015358 -0.056212 -0.021867 -0.059845 -0.045176 -0.034980 -0.057504 -0.067012 -0.033737 -0.046044 0.025264 -0.025011 -0.000040 0.005589 -0.071121 -0.078015 -0.101073 -0.052549 -0.073622 -0.066702 -0.080081 -0.088256 -0.039279 -0.018062 -0.043071 -0.058778 -0.019726 -0.042631 -0.105008 -0.096083 -0.050356 -0.013805 -0.074408 -0.017461 -0.034730 -0.028259 -0.046038 -0.058371 -0.068324 -0.058878 -0.043199 -0.060031 -0.085666 -0.065040 -0.082829 -0.020153 -0.044101 -0.044930 -0.014598 -0.059881 -0.088059 -0.057348 -0.071214 -0.036209 0.025986 -0.096782 -0.081726 -0.042511 -0.048801 -0.014928 -0.083739 -0.026891 -0.113432 -0.045154 -0.019210 -0.052228 -0.099883 -0.075064 -0.028811 -0.071968 -0.083611 -0.086458 -0.047641 -0.022211 -0.051575 -0.064359 -0.034011 -0.007673 -0.067516 -0.054603 -0.032770 -0.039628 -0.049314 -0.051390 0.004618 -0.025963 -0.071534 -0.048646 -0.039232 -0.039230 0.002140 -0.035972 -0.049633 -0.052978 0.010867 -0.003575 -0.138763 -0.052007 -0.122969 -0.061745 -0.015656 -0.055895 -0.006155 -0.065963 -0.109783 -0.048844 -0.041802 -0.103135 -0.119090 -0.089020 -0.076832 -0.090273 -0.087665 -0.051575 -0.060222 -0.077308 -0.076629 -0.094526 -0.144323 -0.117823 -0.094603 -0.113056 -0.170408 -0.056805 -0.014817 -0.054694 -0.110132 -0.070501 -0.119489 -0.017469 -0.049140 -0.059175 -0.082938 -0.092050 -0.029912 -0.057659 -0.107551 -0.071102 -0.092936 -0.046374 -0.056532 -0.085312 -0.049901 -0.023969 -0.082559 -0.048414 -0.047638 -0.023038 -0.105951 -0.024331 0.021402 -0.033689 -0.040129 -0.055064 -0.115290 -0.048858 -0.064939 -0.064654 -0.091867 -0.109135
-0.094694 -0.088000 -0.050499 -0.118578 -0.072013 -0.033465 -0.074928 -0.062618 -0.079428 -0.063934 -0.059489 -0.069230 -0.045749 -0.016905 -0.064481 -0.108194 -0.061654 -0.018447 -0.061745 -0.102694 -0.062462 0.002174 -0.031691 -0.021244 -0.062922 -0.123017 -0.119321 -0.086214 -0.075662 -0.062087 -0.042252 -0.036968 0.013236 -0.069200 -0.059158 -0.079205 -0.113585 -0.058270 -0.032578 -0.048817 -0.023734 -0.086236 -0.094471 -0.004233 -0.097142 -0.080222 -0.061519 -0.092247 -0.057418 -0.060847 -0.053778 -0.057303 -0.093910 -0.007999 -0.013006 -0.057480 -0.045719 -0.023876 -0.042498 -0.075704 -0.012485 -0.074754 -0.077484 -0.043303 -0.066555 -0.046026 -0.014401 -0.028908 -0.062917 -0.049423 -0.075450 -0.034980 -0.020785 -0.074603 -0.042465 -0.006101 -0.098253 -0.123184 -0.083186 -0.088300 -0.048090 -0.026414 -0.109364 -0.060837 -0.028878 -0.094957 -0.120207 0.010016 0.024317 -0.026093 -0.111725 -0.028069 -0.086825 -0.089366 -0.059611 -0.049093 -0.027010 -0.111458 -0.051257 -0.102676 -0.044612 -0.048812 0.010135 -0.008236 -0.090843 -0.092675 -0.066552 -0.050315 -0.038346 0.052632 0.013076 -0.009149 -0.031667 -0.092204 -0.008032 -0.046570 -0.049883 -0.024332 -0.048367 -0.028536 -0.029775 -0.021579 0.002688 -0.071438 -0.054126 -0.076761 -0.144333 -0.100665 -0.044532 -0.020957 -0.010096 -0.042522 -0.065440 -0.057150 -0.036274 -0.062200 -0.058554 -0.085163 -0.058887 -0.095679 -0.041909 -0.068597 0.002071 -0.040959 -0.070355 -0.087300 -0.053650 -0.015486 -0.122687 -0.086730 -0.070138 -0.132879 -0.112212 -0.071669 -0.111008 -0.109913 -0.133649 -0.048383 -0.049717 0.021774 -0.065730 -0.123173 -0.068479 -0.051995 -0.037003 -0.101393 -0.073359 -0.052660 -0.108648 -0.030748 -0.020826 -0.087021 -0.097991 -0.080077 -0.190899 -0.077813 -0.034824 -0.063109 -0.050702 -0.060685 -0.011542 -0.045632 -0.030815 -0.033992 -0.049203 -0.062011 -0.037916 -0.038779 -0.077182 -0.068282
-0.023662 -0.094584 -0.036819 -0.091695 -0.083055 -0.048623 -0.044953 -0.048649 -0.102685 -0.040403 -0.009524 -0.019334 -0.024542 -0.044787 -0.065217 -0.089167 -0.087231 -0.028436 -0.035997 -0.027984 -0.065974 -0.041218 -0.073010 -0.077453 -0.067745 -0.075606 -0.132252 -0.054642 -0.061038 -0.058321 -0.051584 -0.050789 -0.017499 -0.018755 -0.059124 -0.112975 -0.088096 -0.062019 -0.042740 -0.051044 -0.086933 -0.088482 -0.132551 -0.050475 -0.053663 -0.077006 -0.034642 -0.027848 -0.004290 -0.058724 -0.051764 -0.055277 -0.025294 -0.010558 -0.019695 -0.058859 -0.069715 -0.015420 -0.051366 -0.077490 -0.013804 -0.017951 -0.063029 -0.061137 -0.041191 -0.026950 -0.075418 -0.103987 -0.033054 -0.026671 -0.030635 -0.029568 -0.021808 -0.078724 -0.064178 -0.063526 -0.085738 -0.069246 -0.068130 -0.066594 -0.072632 -0.083402 -0.049534 -0.067461 -0.045142 -0.065009 -0.113600 -0.053180 -0.041041 -0.109631 -0.114389 -0.104725 -0.080928 -0.019396 -0.087581 -0.065413 -0.088920 -0.088472 -0.055891 -0.099857 -0.161393 -0.092366 -0.018384 -0.029456 -0.039340 -0.057246 -0.060842 -0.076258 -0.044843 -0.064097 0.067211 0.015621 0.027521 -0.056427 -0.059100 -0.080759 -0.050998 -0.015814 -0.025564 -0.016209 0.003234 -0.088316 -0.076688 -0.008549 -0.044162 -0.081236 -0.056313 -0.062456 -0.027659 -0.024738 -0.054176 -0.028029 -0.061849 -0.058841 -0.050654 -0.088296 -0.078935 -0.092796 -0.053524 -0.065316 -0.057238 -0.044177 -0.070656 -0.059225 -0.101778 -0.064072 -0.070547 -0.015783 -0.146106 -0.140942 -0.116552 -0.057333 -0.057596 -0.076187 -0.115630 -0.113093 -0.106312 -0.053796 -0.029864 -0.067976 -0.133626 -0.189763 -0.051888 -0.066805 -0.062285 -0.083767 -0.070252 -0.084507 0.002176 -0.032560 -0.111133 0.004275 -0.051155 -0.086724 -0.150631 -0.031921 -0.051846 -0.047776 -0.032732 -0.042086 -0.022594 -0.044234 -0.058605 -0.103069 -0.060434 -0.071351 -0.071453 -0.039200 -0.053375 -0.107314
-0.036730 -0.082430 -0.005181 -0.025528 -0.052192 -0.044968 -0.084505 -0.047979 -0.088363 -0.043359 0.006526 -0.064617 -0.103879 -0.048693 -0.063789 -0.031890 0.026054 -0.051331 -0.029010 -0.023560 -0.070322 -0.062333 -0.043935 -0.022399 -0.023107 -0.123542 -0.105923 -0.027919 -0.051193 -0.041961 -0.032715 -0.087045 -0.062331 -0.050878 -0.069093 -0.128044 -0.119639 -0.084716 -0.073628 -0.045012 -0.092460 -0.083462 -0.040558 -0.056940 -0.126970 -0.096389 -0.012403 -0.020018 -0.033564 -0.032768 -0.081559 -0.044704 -0.021539 -0.000069 -0.024288 -0.015616 -0.058783 -0.076885 -0.018214 -0.032808 -0.045219 0.011136 -0.037228 -0.048770 -0.002828 -0.033175 -0.020969 -0.057963 -0.037227 -0.012241 -0.036557 -0.038232 -0.056995 -0.048142 0.011568 -0.019933 -0.054402 -0.056858 -0.021734 -0.006564 -0.019713 -0.030700 -0.081027 -0.007945 -0.039869 -0.083108 -0.032129 -0.047745 -0.068856 -0.123038 -0.129114 -0.074784 -0.053273 -0.111565 -0.049207 -0.009318 -0.077528 -0.070105 -0.131626 -0.093438 -0.114553 -0.074050 -0.080219 -0.019000 -0.033067 -0.039825 -0.080901 -0.099333 -0.072526 -0.082656 -0.029507 -0.011056 -0.028110 -0.025822 -0.030665 -0.047774 -0.037332 -0.089590 -0.083605 -0.104924 -0.036146 -0.043305 -0.026514 -0.066966 -0.090779 -0.027997 -0.039642 -0.076258 -0.091791 -0.044671 -0.062808 -0.003630 -0.088072 -0.073793 -0.075376 -0.101410 -0.119574 -0.093504 -0.028231 -0.046087 -0.070441 -0.084040 -0.082494 -0.038214 -0.078286 -0.060914 -0.119543 -0.102885 -0.183775 -0.101678 -0.073979 -0.066582 -0.052062 -0.034254 -0.106329 -0.163018 -0.100354 -0.085178 -0.160379 -0.215170 -0.096250 -0.109538 -0.037765 -0.115743 -0.155485 -0.011446 -0.013103 -0.075740 -0.017359 -0.079428 -0.141492 -0.093165 -0.066072 -0.085837 -0.175413 -0.126743 -0.037189 -0.037242 -0.057785 -0.065667 -0.006649 -0.022438 -0.077248 -0.021719 -0.064957 -0.078510 -0.050790 -0.075526 -0.042455 -0.029328
-0.062322 -0.043254 -0.047798 -0.027026 -0.028292 -0.051468 -0.078391 -0.031438 -0.060638 -0.103376 -0.035796 -0.047868 -0.062371 -0.065869 -0.069183 -0.037763 -0.063459 -0.034599 -0.043435 -0.072836 -0.067763 -0.045110 -0.040816 -0.080901 -0.037134 -0.020790 -0.046180 -0.039863 -0.035910 -0.078003 -0.076312 -0.073791 -0.018737 -0.117629 -0.091775 -0.077738 -0.106401 -0.078692 -0.077202 -0.088785 -0.106462 -0.034655 0.000758 -0.133121 -0.094121 -0.079765 -0.066147 -0.001473 -0.014292 -0.011463 -0.060909 -0.004975 -0.015146 -0.039871 -0.025638 -0.027086 -0.063895 -0.035721 -0.030924 -0.032255 -0.026891 0.027441 0.001451 -0.038998 -0.078190 -0.051702 -0.023490 -0.038862 0.004286 -0.019243 -0.077931 -0.075348 -0.008762 -0.006107 -0.031311 -0.040711 -0.062869 -0.029121 -0.040493 -0.061232 -0.013322 0.036537 -0.064733 -0.065408 -0.023506 -0.035245 -0.071538 -0.056523 -0.048376 -0.085116 -0.093180 -0.096058 -0.042005 -0.089989 -0.082660 -0.111100 -0.111554 -0.075684 -0.100610 -0.055682 -0.015706 -0.057598 -0.081310 -0.037177 -0.055709 -0.070777 -0.060604 -0.049766 -0.015392 -0.009986 -0.079412 -0.057587 -0.081270 -0.062355 -0.012999 -0.028217 -0.053878 -0.078340 -0.020820 -0.129411 -0.065640 -0.061293 -0.056990 -0.025167 -0.039071 -0.028589 -0.079378 -0.052779 -0.089008 -0.006937 -0.032071 -0.074989 -0.113329 -0.023859 -0.032370 -0.136796 -0.162487 -0.070785 -0.075372 -0.159447 -0.118222 -0.029567 -0.004972 -0.042079 -0.067563 -0.024196 -0.060380 -0.111506 -0.079792 -0.054372 -0.068456 -0.055203 -0.034591 -0.018868 -0.136432 -0.074268 0.020659 -0.093743 -0.256936 -0.306725 -0.103865 -0.030958 -0.089106 -0.130885 -0.159737 -0.057525 -0.011670 -0.007282 -0.026119 -0.068303 -0.043920 -0.045044 -0.064248 -0.109291 -0.074923 -0.045008 -0.021702 -0.064129 -0.077341 -0.065493 -0.047771 -0.058086 -0.006654 -0.004306 -0.042816 -0.047408 -0.044731 -0.044348 -0.007535 -0.069032
-0.067304 -0.058015 -0.025338 -0.026106 -0.033185 -0.025105 -0.074362 -0.023586 -0.050490 -0.141547 -0.074536 -0.013088 -0.023972 -0.037840 -0.044106 -0.094795 -0.153418 -0.110497 -0.051870 -0.077852 -0.071796 -0.030788 -0.038444 -0.071389 -0.060042 -0.070018 -0.075768 -0.083178 -0.044358 -0.052584 -0.105134 -0.142207 -0.055258 -0.105360 -0.055334 -0.053584 -0.102621 -0.025801 -0.017554 -0.018532 -0.034120 -0.024787 -0.075301 -0.144390 -0.077113 -0.028599 -0.041722 -0.011198 -0.012329 0.004756 0.007134 -0.052928 -0.037629 -0.020829 -0.014462 0.006506 -0.002566 -0.022826 -0.048547 0.000827 -0.016752 -0.020108 -0.061902 -0.054850 -0.103786 -0.020988 -0.021844 -0.104570 -0.049359 -0.022515 -0.056189 -0.043372 -0.034997 0.005448 -0.073570 -0.092746 -0.062747 -0.025501 -0.075964 -0.101923 -0.075522 -0.047545 0.000801 -0.047101 -0.084760 -0.074209 -0.122871 -0.087161 -0.070981 -0.045036 -0.111385 -0.133691 -0.134473 -0.105273 -0.071678 -0.072118 -0.031028 -0.051556 -0.096340 -0.012766 0.011307 -0.028082 -0.072140 -0.048420 -0.039170 -0.026887 -0.020924 -0.041610 -0.016942 -0.010839 -0.063407 -0.073876 -0.070029 -0.070791 -0.034483 -0.056044 -0.092190 -0.056249 -0.028340 -0.045995 -0.032366 0.023210 -0.041840 -0.079452 -0.004568 -0.033836 -0.102312 -0.067082 -0.081740 -0.060522 -0.035929 -0.055441 -0.016417 -0.014436 -0.031664 -0.092499 -0.135070 -0.117212 -0.060541 -0.067475 -0.147688 -0.105973 -0.131488 -0.090118 -0.108522 -0.051632 -0.002777 -0.056256 -0.020295 -0.059300 -0.124803 -0.042772 -0.014319 -0.058882 -0.054451 0.072346 -0.096640 -0.072060 -0.129052 -0.153954 -0.010591 -0.048893 -0.064803 -0.035932 -0.110140 -0.087358 -0.083582 -0.085075 -0.058299 -0.046467 -0.021285 -0.042426 -0.115540 -0.132058 -0.058468 -0.021963 -0.012327 -0.049181 -0.060992 -0.052244 -0.072343 -0.068291 -0.047640 -0.074607 -0.077651 -0.034217 -0.024040 -0.071996 -0.081995 -0.035403
-0.068447 -0.079611 -0.094309 -0.018890 -0.007373 -0.072955 -0.058466 -0.075058 -0.062229 -0.045001 -0.070722 -0.007893 -0.008194 0.011936 0.016401 -0.050553 -0.126408 -0.088922 -0.029516 -0.053686 -0.057827 -0.061112 -0.027307 -0.057910 -0.088731 -0.074450 -0.030918 -0.092191 -0.060705 -0.025300 -0.094744 -0.127160 -0.082086 -0.088229 -0.031790 -0.020220 -0.124233 -0.022568 -0.067168 -0.015021 -0.086607 -0.113148 -0.119336 -0.049928 -0.007768 0.007218 -0.043328 -0.129815 -0.046651 0.009781 -0.047015 -0.046192 0.014013 -0.018447 -0.063192 0.006799 -0.020426 -0.047141 -0.038498 -0.012026 -0.088032 -0.067268 -0.079200 -0.083147 -0.073764 -0.056763 -0.101963 -0.085413 -0.015690 -0.024497 -0.030656 -0.040346 -0.089925 0.005803 -0.009680 -0.061957 -0.016796 -0.036093 -0.058591 -0.040194 -0.072208 -0.078823 -0.047025 -0.061285 -0.071938 -0.062686 -0.056876 -0.073297 -0.056471 -0.019001 -0.081861 -0.115507 -0.106445 -0.135024 -0.053680 -0.102923 -0.018209 -0.071875 -0.089398 -0.071202 0.007652 0.008899 -0.075421 -0.041526 0.008361 -0.042734 -0.045444 -0.001094 -0.016777 -0.054968 -0.086255 -0.041757 -0.036421 -0.058183 -0.043126 -0.055531 -0.084879 -0.058071 -0.077295 -0.093289 -0.027585 0.002302 -0.051708 -0.129959 -0.067165 -0.060599 -0.050806 -0.051864 -0.040683 -0.019650 -0.064480 -0.029657 -0.092815 -0.090734 -0.065013 -0.042264 -0.056199 -0.098917 -0.014513 -0.069207 -0.081076 -0.130777 -0.111512 -0.081340 -0.012759 -0.021137 -0.056059 -0.099716 -0.085374 -0.048302 -0.092913 -0.064118 -0.033658 -0.064737 -0.041840 -0.015172 -0.107620 -0.075237 -0.130969 -0.153399 -0.041529 -0.047937 -0.001962 -0.038991 -0.072446 -0.120386 0.011705 -0.074867 -0.055967 -0.059985 -0.052912 -0.058010 -0.111837 -0.105643 -0.108790 -0.076255 -0.086630 -0.051336 -0.055043 -0.068224 -0.031139 -0.098994 -0.077437 -0.075233 -0.056948 -0.064955 -0.071683 -0.110089 -0.065968 -0.033922
-0.061726 -0.005240 -0.033295 -0.078664 -0.034387 -0.042222 -0.011895 -0.030426 0.005014 -0.056490 -0.071890 -0.046822 -0.070674 -0.025393 0.037328 -0.024048 -0.034823 0.014738 -0.011484 -0.060942 -0.012842 -0.044406 -0.095411 -0.091326 -0.172177 -0.072330 -0.058531 -0.096894 -0.092646 -0.052665 -0.027285 -0.102335 -0.088740 -0.010607 -0.048017 -0.037726 -0.074127 -0.043249 -0.064325 -0.101723 -0.125596 -0.067655 -0.071510 -0.047890 -0.039417 0.014623 0.012671 -0.041678 -0.056808 -0.058206 -0.058632 0.002159 -0.000252 0.001474 -0.062086 -0.085666 -0.074551 -0.086913 -0.051615 -0.057400 -0.056905 -0.028200 -0.078609 -0.068554 -0.059401 0.003116 -0.058567 -0.055471 0.046848 -0.009505 -0.016793 -0.018963 -0.016521 0.016838 0.006177 -0.033186 -0.039689 -0.032151 -0.035539 0.025789 -0.034027 -0.050226 -0.088752 -0.039827 -0.004496 -0.048675 -0.041133 -0.022874 -0.052358 -0.052511 -0.082136 -0.149250 0.016054 -0.094424 -0.056392 -0.118819 -0.072048 -0.031808 -0.061704 -0.101516 -0.106847 -0.122418 -0.066293 -0.047867 -0.006206 -0.066951 -0.099679 -0.062030 -0.056695 -0.030316 -0.048998 -0.024215 -0.044181 -0.033619 -0.081420 -0.098870 -0.078274 -0.064059 -0.107226 -0.085452 -0.060788 -0.135188 -0.082146 -0.037951 -0.054918 -0.086817 -0.075722 -0.070051 -0.001662 0.075656 -0.092771 -0.067598 -0.006249 -0.065619 -0.080669 -0.075840 -0.076329 -0.127894 -0.051255 -0.025825 -0.112163 -0.067740 -0.005161 -0.037718 -0.045191 -0.022407 -0.043110 -0.086986 -0.070842 -0.049591 -0.042251 0.005764 -0.068909 -0.075006 -0.031086 -0.081484 -0.050664 -0.064968 -0.075993 -0.035522 -0.076297 -0.079122 0.005473 -0.031273 -0.054500 -0.093909 -0.067704 -0.062506 0.013529 -0.112289 -0.099872 -0.013939 -0.056784 -0.068566 -0.088715 -0.033818 -0.123751 -0.043213 -0.054659 -0.058993 -0.019761 -0.085690 -0.081821 -0.080912 -0.017568 -0.038566 -0.055239 -0.059738 -0.084998 -0.061158
-0.061886 -0.076094 -0.049691 -0.050098 -0.051274 0.011633 -0.082469 -0.008811 0.005316 -0.049572 -0.089256 -0.049167 -0.024628 -0.062993 -0.090285 -0.055284 -0.066336 -0.058638 -0.114047 -0.010075 -0.011857 -0.025693 -0.082681 -0.049463 -0.117411 -0.060646 -0.019073 -0.100298 -0.070179 -0.006833 -0.047540 -0.105270 -0.048202 -0.034374 -0.077698 -0.096364 -0.087553 -0.104494 -0.101766 -0.079561 -0.084662 -0.055510 -0.090028 -0.052609 -0.052146 -0.097866 -0.098879 -0.043276 -0.031862 -0.049878 -0.056637 -0.008389 -0.063108 -0.073851 -0.047361 -0.085571 -0.074103 0.000000 -0.049391 -0.078425 -0.041995 -0.047436 -0.001043 -0.005964 -0.043477 0.008955 -0.058613 -0.038526 -0.031879 -0.084266 -0.019689 -0.028409 -0.019199 -0.008248 -0.024861 -0.059086 -0.038638 -0.014708 -0.074449 -0.056325 -0.047245 -0.019438 -0.067751 0.035646 -0.009181 -0.117512 -0.104725 -0.032902 -0.082860 -0.080769 -0.044938 -0.047128 -0.040152 -0.040063 -0.064552 -0.064182 -0.069544 -0.091102 -0.069059 -0.044023 -0.069146 -0.112022 -0.121742 -0.041400 -0.085038 -0.109136 -0.068623 -0.076364 -0.067190 -0.033437 -0.055779 -0.029711 -0.068704 -0.036073 -0.076159 -0.102308 -0.094620 -0.066851 -0.005325 -0.035550 -0.072510 -0.086687 -0.145851 -0.075382 -0.035419 -0.053066 -0.108477 -0.049335 -0.011978 -0.036971 -0.084955 -0.028895 -0.011006 -0.062510 -0.058227 -0.071672 -0.070212 -0.112137 -0.111280 -0.070075 -0.086410 -0.027590 -0.016962 -0.073144 -0.122110 -0.117577 -0.093367 -0.056846 -0.068846 -0.043357 -0.019250 -0.049640 -0.085868 -0.074665 -0.108814 -0.087602 0.015435 -0.012068 -0.015050 0.022852 -0.024139 -0.047466 -0.032317 -0.022834 -0.062781 -0.028694 -0.066632 -0.080370 -0.019726 -0.027598 -0.044741 -0.040336 -0.090681 -0.151879 -0.088082 -0.047472 -0.015023 -0.028221 -0.054237 -0.096276 -0.078594 -0.036188 -0.064195 -0.028550 -0.060044 0.000620 -0.011085 -0.078219 -0.123394 -0.063562
-0.019588 -0.057941 -0.036238 -0.030119 -0.059268 -0.070548 -0.092899 -0.081203 -0.107898 -0.050523 -0.034883 -0.050854 -0.045375 -0.036627 -0.110112 -0.046220 -0.041376 -0.084982 -0.029688 0.023874 -0.031576 -0.079726 -0.050357 -0.062876 -0.123741 -0.061983 -0.065006 -0.054106 -0.039530 -0.031447 -0.109520 -0.010860 -0.029279 -0.092870 -0.019580 -0.056965 -0.076019 -0.074624 -0.110846 -0.068978 -0.055855 -0.074645 -0.065940 -0.041766 -0.044019 -0.096807 -0.074133 -0.060034 0.002070 -0.038557 -0.032145 -0.048592 -0.022947 -0.073043 -0.071923 -0.065537 -0.091289 -0.053322 -0.022666 -0.025931 -0.021316 -0.057468 -0.026032 -0.013190 -0.098187 -0.084185 -0.001103 -0.008524 -0.053204 -0.070756 -0.048377 -0.060489 -0.019576 -0.000207 -0.055174 -0.052534 -0.027875 -0.029353 -0.046467 -0.046949 -0.059770 -0.095991 -0.065711 -0.032269 -0.037464 -0.074829 -0.056912 0.010882 -0.017920 -0.013752 -0.043718 -0.114721 -0.145919 -0.072639 -0.107797 -0.045447 -0.104168 -0.171588 -0.077735 -0.069378 -0.032662 -0.068709 -0.103264 -0.041896 -0.099633 -0.059761 -0.040492 -0.068926 -0.000884 -0.055387 -0.100603 -0.065837 -0.037326 -0.050108 -0.089676 -0.130074 -0.013159 -0.034460 -0.022831 -0.038126 -0.021528 -0.059679 -0.144989 -0.125313 -0.036144 -0.035500 -0.110625 -0.067761 -0.000847 -0.016204 -0.128307 -0.164952 -0.087887 -0.081609 0.012402 -0.019827 -0.065560 -0.100265 -0.069482 -0.085183 -0.118939 -0.094048 -0.076757 -0.082207 -0.091880 -0.061192 -0.112973 -0.170261 -0.114462 -0.086997 -0.054072 -0.062279 -0.053775 -0.067041 -0.121781 -0.063396 -0.101281 -0.030783 0.029542 -0.006864 -0.052731 -0.005039 -0.007470 -0.016562 -0.041370 0.007118 -0.046859 -0.073799 -0.128219 -0.053332 -0.032534 -0.087081 -0.041490 -0.097786 -0.118538 -0.031776 0.020879 -0.060110 -0.033955 -0.107120 -0.075970 -0.016528 -0.083446 -0.042151 -0.043716 -0.068636 -0.062761 -0.070290 -0.040539 -0.121433
-0.072883 -0.037464 -0.062662 -0.094012 -0.092243 -0.082066 -0.076342 -0.046220 -0.123934 -0.157811 -0.085675 -0.046791 -0.080399 -0.034545 -0.041823 -0.030649 -0.043804 -0.048035 -0.099429 -0.024588 -0.000807 -0.066839 -0.028669 0.001514 -0.023663 -0.030725 -0.079280 -0.044964 -0.055342 -0.049848 -0.114778 -0.070444 -0.066715 -0.135042 -0.113537 -0.050600 -0.076293 -0.037312 -0.091200 -0.050948 -0.069507 -0.140785 -0.010362 -0.040456 -0.075927 -0.083737 -0.056729 -0.004184 0.004766 -0.069675 -0.010462 -0.061798 -0.068201 -0.048081 -0.020415 -0.036589 -0.113474 -0.089952 -0.047378 0.007727 0.013854 -0.016613 -0.076076 -0.089871 -0.044933 -0.071051 -0.132584 -0.042422 -0.059407 -0.081950 -0.084325 -0.019651 -0.064799 -0.014111 -0.004308 -0.000744 -0.052945 -0.045866 -0.089179 -0.057216 0.019574 -0.061358 -0.103321 -0.054006 -0.074067 -0.060228 -0.023281 0.002485 -0.031200 -0.042680 -0.075209 -0.061512 -0.059137 -0.082641 -0.122735 -0.150220 -0.038917 -0.103655 -0.097988 -0.088914 -0.093066 -0.075790 -0.112237 -0.086023 -0.095031 -0.068204 -0.040198 -0.010411 -0.019300 -0.033978 -0.024198 -0.023412 -0.017445 -0.029213 -0.076186 -0.075946 -0.095710 -0.030070 -0.032003 -0.070888 -0.002292 -0.030185 -0.072860 -0.037177 -0.050614 -0.059571 -0.020047 -0.060310 -0.102795 -0.055500 -0.057250 -0.082447 -0.033891 -0.113975 -0.090196 -0.060877 -0.045172 -0.087754 -0.059623 -0.009045 -0.097141 -0.087439 -0.031032 -0.021859 -0.008302 -0.001428 -0.000992 -0.084665 -0.120406 -0.105900 -0.086017 -0.059134 -0.057431 -0.036852 -0.046849 -0.041056 -0.038023 0.000614 -0.018195 -0.061554 -0.067063 -0.000490 -0.007673 -0.009696 -0.063286 -0.045306 -0.085390 -0.054106 -0.152352 -0.048549 -0.028879 0.012122 -0.027678 -0.039780 -0.106910 -0.039804 -0.007868 -0.032778 -0.027590 -0.055984 -0.100286 -0.062451 -0.062589 -0.062357 0.009678 -0.128309 -0.125165 -0.091590 -0.054692 -0.036935
-0.044395 -0.021838 -0.047050 -0.041859 -0.002639 -0.009847 -0.045766 -0.060333 -0.094846 -0.120291 -0.064366 -0.032527 -0.114787 -0.038521 -0.055726 -0.033260 -0.038116 -0.028695 -0.051607 -0.089903 -0.073427 -0.043471 0.008778 0.007899 -0.031067 -0.038928 -0.014869 -0.016560 -0.015262 -0.082506 -0.095762 -0.104593 -0.124883 -0.112345 -0.104303 -0.061753 -0.063906 -0.071631 -0.071252 -0.022045 0.016504 -0.103065 -0.095372 -0.044010 -0.056817 -0.036927 -0.035852 0.005036 -0.025903 -0.078582 -0.084528 -0.046834 -0.085180 -0.044728 -0.041879 -0.081754 -0.075545 -0.040945 -0.075792 -0.072010 -0.055928 0.013990 0.001230 -0.075012 -0.058980 0.003190 -0.084271 -0.092520 -0.093526 -0.079558 -0.063854 -0.027494 -0.098611 0.011439 -0.016297 -0.046654 -0.055698 -0.059785 -0.046783 -0.019425 -0.025686 -0.053564 -0.102018 -0.103926 -0.066879 -0.077529 0.003288 -0.028502 -0.066615 -0.018090 -0.064345 -0.050923 -0.082441 -0.130636 -0.131582 -0.100717 -0.068764 -0.004873 -0.060160 -0.050514 -0.055180 -0.031850 -0.042786 -0.090377 -0.031983 -0.073262 -0.023312 -0.048835 -0.102286 -0.036561 -0.037970 -0.065012 -0.095929 -0.051461 -0.094792 -0.089767 -0.063696 -0.028261 -0.001498 -0.029930 -0.003724 -0.021008 -0.079201 -0.064507 -0.125354 -0.128346 -0.079984 -0.079969 -0.112064 -0.086260 -0.016891 -0.113277 -0.107325 -0.064033 -0.084011 -0.112051 -0.104188 -0.061317 -0.077816 -0.074592 -0.084900 -0.047325 -0.026501 -0.053521 0.000111 0.002242 -0.060910 -0.028704 -0.035381 -0.031234 -0.039699 -0.055443 -0.040328 0.026389 -0.024313 -0.107192 -0.063196 -0.040480 -0.010483 -0.044557 -0.099101 -0.035999 -0.009366 0.005210 -0.014332 -0.042572 -0.042420 0.007564 -0.044006 -0.025787 -0.084665 -0.143124 -0.118999 -0.076736 -0.085325 -0.049707 -0.000406 -0.054941 -0.071764 -0.034079 -0.094927 -0.045048 -0.012334 -0.067125 -0.076997 -0.082732 -0.073058 -0.146786 -0.142095 -0.054162
-0.065247 -0.045998 -0.054758 -0.092285 -0.054257 -0.047762 -0.044520 -0.045461 -0.083843 -0.096309 -0.061183 -0.085333 -0.079312 -0.097443 -0.105246 -0.079302 -0.029749 -0.065146 -0.026092 -0.028790 -0.054172 -0.052574 -0.021593 -0.083302 -0.044301 0.014169 -0.002910 -0.001339 -0.022398 -0.067811 -0.079859 -0.110425 -0.085217 -0.079892 -0.084562 -0.097289 -0.014982 -0.013168 -0.033076 -0.055851 0.002563 -0.080553 -0.040791 -0.039584 -0.045147 0.001612 -0.013654 -0.081720 -0.116885 -0.070017 -0.078329 -0.050062 -0.063109 -0.026679 -0.041925 -0.047340 -0.056057 -0.071620 -0.105881 -0.077153 -0.081520 -0.073411 -0.023361 -0.038722 0.000114 -0.046136 -0.080325 -0.039150 -0.061368 -0.039234 -0.030693 -0.017465 -0.036275 -0.031176 0.003874 -0.050329 -0.066751 -0.071868 0.007664 0.000996 -0.050982 -0.049929 -0.065617 -0.146401 -0.086646 -0.082400 -0.026030 0.005686 -0.034367 -0.022463 -0.076554 -0.132061 -0.109048 -0.130941 -0.171195 -0.091487 -0.102467 -0.090751 -0.029358 -0.043531 -0.019604 -0.021305 -0.028399 -0.080238 -0.126234 -0.107789 -0.030767 -0.078869 -0.056168 -0.074480 -0.015209 -0.094310 -0.116812 -0.012311 -0.077558 -0.089676 -0.019122 -0.049325 -0.015187 -0.030846 -0.015414 -0.024602 -0.095737 -0.124818 -0.164636 -0.072625 -0.048084 -0.055952 -0.041780 -0.121756 -0.010641 -0.005100 -0.029286 -0.037460 -0.085495 -0.133930 -0.127955 -0.114996 -0.049914 -0.032089 -0.042771 -0.025893 -0.067371 -0.100197 -0.052021 -0.015737 -0.114794 -0.144830 -0.084787 -0.056589 -0.081083 -0.089135 -0.038897 -0.039942 -0.070449 -0.125349 -0.100593 -0.021283 -0.019763 -0.050859 -0.063051 -0.025724 0.023694 -0.054543 -0.034353 -0.044116 -0.042103 -0.049794 -0.033142 -0.064113 -0.068148 -0.096654 -0.025878 -0.000968 -0.047854 -0.045196 0.013430 -0.030485 -0.003054 -0.020076 -0.075738 -0.086997 -0.078216 -0.015168 -0.033927 -0.026428 -0.038553 -0.033859 -0.095451 -0.123978
-0.068696 -0.031077 -0.056213 -0.072671 -0.018780 -0.089326 -0.050763 -0.072302 -0.049186 -0.048155 -0.044166 -0.040916 -0.035983 -0.072042 -0.056357 -0.022340 -0.023980 -0.065621 -0.030832 -0.024023 -0.069531 -0.052894 -0.125621 -0.130112 0.010099 0.005131 -0.025270 -0.027698 -0.006135 -0.011251 -0.088788 -0.070948 -0.021267 -0.101209 -0.067212 -0.024178 -0.058458 -0.074439 -0.047249 -0.069384 -0.054952 -0.052538 -0.157500 -0.101665 -0.009368 -0.089207 -0.051763 -0.022406 -0.075290 -0.049479 0.006339 -0.024198 -0.034476 0.005165 -0.045405 -0.050601 -0.062761 -0.065515 -0.084653 -0.038580 -0.001504 -0.064325 -0.074793 -0.028841 -0.027866 -0.014232 -0.024284 -0.064284 -0.074333 -0.079735 -0.026529 -0.028995 -0.028502 -0.052904 -0.107389 -0.107045 -0.060139 -0.042505 -0.013952 -0.084349 -0.081893 -0.024853 -0.047533 -0.087818 -0.073362 -0.049160 -0.052329 -0.026486 0.004221 -0.031713 -0.034173 -0.123545 -0.065716 -0.115717 -0.115679 -0.132136 -0.048298 -0.088299 -0.046326 -0.039847 -0.002456 -0.072878 -0.022136 -0.070206 -0.138548 -0.104914 -0.074223 -0.031414 -0.115818 -0.110977 -0.015618 -0.062854 -0.103930 -0.079299 -0.063270 -0.088947 -0.091898 -0.077835 -0.003257 -0.072636 -0.043707 -0.102776 -0.112078 -0.061401 -0.064278 -0.024655 -0.068013 -0.011769 0.015150 -0.042337 -0.040504 0.021984 -0.063913 -0.083682 -0.055187 -0.058881 -0.096844 -0.117894 -0.064990 -0.034337 -0.083781 -0.032791 -0.019209 -0.067704 -0.033825 -0.050751 -0.034005 -0.063792 -0.145015 -0.131986 -0.091707 -0.050129 -0.070217 -0.042796 -0.024291 -0.028082 -0.065890 -0.072941 -0.094859 -0.016252 -0.052495 -0.096375 -0.076219 -0.073203 -0.002038 -0.010036 -0.056650 -0.080907 -0.050596 -0.097375 -0.049628 -0.037745 -0.101402 -0.069086 -0.047735 -0.035062 -0.147040 -0.059139 -0.071887 -0.096532 -0.075258 -0.039845 -0.088419 -0.035844 -0.047056 -0.028643 0.011950 -0.028264 -0.040998 -0.103852
-0.023909 -0.048619 -0.053463 -0.014578 -0.031390 -0.075065 -0.030621 -0.045871 -0.042491 -0.034658 -0.029024 -0.054046 -0.072887 -0.062641 -0.023722 -0.082436 -0.044440 -0.017033 0.002589 -0.028577 -0.043295 -0.067820 -0.105783 -0.085071 0.028735 -0.054963 -0.068035 0.003545 0.010529 -0.054586 -0.083956 -0.106358 -0.097612 -0.066308 -0.071772 -0.037749 -0.062060 -0.072984 -0.056945 -0.018992 -0.036942 -0.028551 -0.122397 -0.145360 -0.052159 -0.039398 -0.132707 -0.097117 -0.061795 -0.066748 0.019791 -0.012674 -0.064505 -0.021689 -0.062213 -0.034768 -0.059277 -0.038570 -0.071911 -0.045182 -0.012998 -0.055896 -0.034203 0.013979 -0.017366 -0.051098 -0.041111 -0.070261 -0.040772 -0.082876 -0.141599 -0.058207 -0.037746 -0.010085 0.000420 -0.053541 -0.013900 0.001628 -0.014894 -0.028263 -0.027792 -0.016312 -0.064227 -0.086760 -0.062270 -0.019304 -0.042022 -0.088620 -0.039836 -0.008401 -0.088927 -0.100835 -0.091350 -0.125693 -0.063271 -0.034019 -0.083969 -0.034223 -0.015130 -0.054731 -0.020740 -0.014202 0.023838 -0.045144 -0.133821 -0.055495 -0.094916 -0.008945 -0.053586 -0.076122 -0.027714 -0.051227 -0.054416 -0.110374 -0.109570 -0.096828 -0.059143 -0.052944 -0.053347 -0.042070 -0.078717 -0.102018 -0.049451 -0.026732 -0.036776 -0.079879 -0.081080 -0.013796 -0.040264 -0.053352 0.009976 -0.048262 -0.092958 -0.091800 -0.044709 -0.089238 -0.134831 -0.051698 -0.111429 -0.138783 -0.076825 -0.065229 -0.019615 -0.043275 -0.094056 -0.048995 -0.024777 -0.089870 -0.060339 -0.087847 -0.053618 0.011446 -0.092480 -0.061018 -0.009357 -0.009412 -0.050289 -0.069713 -0.050240 -0.077042 -0.071508 -0.152408 -0.134567 -0.000248 -0.036151 -0.026962 -0.072083 -0.041574 -0.022281 -0.037251 -0.106619 -0.065629 -0.078794 -0.027666 -0.034781 -0.034463 -0.105096 -0.072289 -0.034723 -0.044118 -0.098686 -0.050747 -0.005851 -0.016507 -0.070549 -0.042424 0.004970 -0.011329 -0.006506 -0.078390
-0.117005 -0.052516 -0.034056 -0.053266 -0.051716 -0.048559 -0.002515 -0.054714 -0.022007 -0.036060 -0.068198 -0.052039 -0.074086 -0.109612 -0.096486 -0.105309 -0.012507 0.031387 -0.034518 -0.107232 0.015328 -0.098845 -0.039498 -0.082444 -0.004569 -0.023720 -0.074822 0.019828 -0.041398 -0.094833 -0.037795 -0.102099 -0.068336 -0.045072 -0.083570 -0.103797 -0.014241 0.011325 -0.049420 -0.009114 -0.041431 -0.039484 -0.094955 -0.103633 -0.079735 -0.076591 -0.109377 -0.164376 -0.074552 -0.055969 -0.001440 0.001559 -0.059312 -0.053144 -0.060073 -0.070828 -0.075991 -0.063262 -0.045277 -0.036418 -0.024639 -0.072911 -0.067562 -0.072282 -0.054830 -0.079709 -0.063961 -0.082778 -0.094800 -0.070959 -0.091121 -0.059175 -0.045040 -0.002960 -0.016173 -0.033749 0.021391 -0.012136 0.014523 0.048804 0.032697 -0.003677 -0.049330 -0.099022 -0.060870 -0.099450 -0.098386 -0.108701 -0.055926 -0.011386 -0.086671 -0.040900 -0.055525 -0.075586 -0.070720 -0.027601 -0.054974 -0.039170 0.001452 -0.055507 -0.035223 -0.024789 0.025720 -0.016566 -0.140457 -0.113577 -0.109115 -0.065169 -0.023929 -0.006599 -0.052178 -0.111940 -0.052067 -0.036753 -0.061092 -0.062338 -0.024635 -0.094643 -0.086867 -0.094236 -0.130050 -0.090215 -0.060881 -0.045025 -0.136914 -0.095783 -0.034301 -0.109012 -0.038969 -0.067786 -0.058148 -0.082842 -0.103713 -0.073504 -0.009810 -0.049869 -0.147948 -0.166308 -0.057059 -0.013183 -0.049105 -0.102852 -0.084579 -0.065480 -0.111453 -0.118804 -0.079807 -0.097814 -0.010516 -0.070253 -0.082705 -0.025050 -0.018791 -0.025495 -0.043241 -0.084833 -0.088180 -0.043786 -0.004012 -0.122991 -0.052215 -0.014604 -0.079866 -0.039156 -0.077036 -0.074459 -0.015193 -0.042788 0.018978 -0.072892 -0.162901 -0.057442 0.000117 0.003674 -0.040284 -0.051822 -0.067878 -0.067772 0.028158 -0.018051 -0.096397 -0.018209 0.004623 -0.038792 -0.056781 -0.022330 -0.037559 -0.040001 -0.044548 -0.021950
-0.107743 -0.046656 -0.053391 -0.026795 -0.045040 -0.026171 -0.002300 -0.056216 -0.008288 -0.005916 -0.024178 -0.053651 -0.028919 0.046993 -0.092808 -0.112784 -0.065164 -0.062657 -0.073728 -0.145674 -0.092664 -0.111408 -0.087076 -0.128323 -0.078123 -0.096370 -0.009755 -0.014806 -0.043282 -0.070592 -0.042167 -0.056004 -0.011655 -0.041075 -0.046623 -0.087506 -0.020747 -0.020573 -0.052656 -0.040584 -0.026481 -0.048041 -0.051570 -0.074585 -0.134017 -0.082457 -0.058931 -0.067046 -0.069497 -0.035541 -0.002751 -0.110569 -0.107388 -0.045709 -0.005321 -0.088294 -0.077965 -0.053870 -0.018891 -0.013408 -0.016509 -0.084206 -0.050828 -0.071627 -0.079121 -0.034439 -0.036353 -0.097725 -0.069599 -0.033162 0.006645 -0.081251 -0.050277 -0.018013 -0.068937 -0.067144 -0.041018 -0.057783 -0.057657 -0.017772 -0.074969 -0.040259 -0.022036 -0.066295 -0.086504 -0.077462 0.000258 -0.090405 -0.119563 -0.107036 -0.035308 -0.005560 -0.036774 -0.016976 -0.037001 -0.065415 -0.083113 -0.082399 -0.054832 -0.018243 -0.104422 -0.073968 0.057064 -0.013900 -0.132131 -0.095911 -0.110343 -0.080512 -0.036575 -0.036217 -0.041973 -0.054596 -0.023046 -0.075581 -0.026663 -0.038046 -0.029621 -0.062476 -0.096505 -0.122634 -0.060102 -0.056728 -0.078383 -0.095828 -0.072371 -0.084382 -0.050231 -0.091480 -0.012625 -0.014830 -0.081903 -0.092350 -0.057172 0.015155 0.012832 0.002142 0.001963 -0.130357 -0.062954 -0.043600 -0.107045 -0.158443 -0.004682 -0.090416 -0.107400 -0.079983 -0.105385 -0.006055 -0.096259 -0.104538 -0.043912 -0.036679 -0.061726 0.006231 -0.009607 -0.106649 -0.090535 -0.044270 -0.041553 -0.056990 -0.051808 0.008148 -0.048436 -0.076995 -0.036872 -0.080470 -0.049092 -0.056322 -0.021464 -0.056884 -0.087506 -0.111017 -0.025852 0.001061 -0.027406 -0.011676 -0.043614 -0.035495 -0.008397 0.003808 -0.070809 -0.071510 -0.010401 -0.008986 -0.035207 -0.009926 -0.031586 -0.041560 -0.059467 -0.104959
-0.023158 -0.014071 -0.063511 -0.106109 -0.031415 0.016440 -0.040045 -0.049038 -0.032263 -0.058905 -0.071602 -0.072855 -0.068853 -0.066736 -0.053672 -0.013119 -0.059540 -0.127699 -0.107527 -0.126408 -0.100745 -0.113419 -0.126966 -0.044153 -0.068320 -0.064449 -0.039528 -0.169045 -0.065084 0.015437 -0.002780 0.019141 -0.033760 -0.097979 -0.104529 -0.074385 -0.034606 -0.068809 -0.063223 -0.060351 0.004273 -0.040457 -0.068890 -0.033199 -0.086518 -0.053103 -0.044854 -0.037224 -0.056295 -0.062550 -0.110668 -0.163349 -0.054767 -0.025696 -0.041579 -0.070957 -0.079778 -0.031962 -0.081952 -0.022996 0.005880 -0.050217 -0.060560 -0.024288 -0.030320 -0.027850 -0.063989 -0.134893 -0.083921 -0.006834 -0.009581 -0.025235 -0.023525 -0.009722 -0.006217 -0.104097 -0.055101 -0.049898 -0.026483 -0.047211 -0.045744 -0.048321 -0.064794 -0.045788 -0.025106 -0.113312 -0.111822 -0.083616 -0.090562 -0.077994 -0.043680 -0.037235 -0.045284 -0.029679 -0.077886 -0.041642 -0.102267 -0.001363 -0.058554 -0.088115 -0.112325 -0.067922 -0.001715 -0.017648 0.011529 -0.030921 -0.051533 -0.059197 -0.027460 -0.059847 -0.066507 -0.026638 0.004829 -0.060344 -0.060876 -0.065797 -0.040999 -0.040312 -0.036807 -0.073274 -0.018298 -0.041922 -0.070142 -0.100940 -0.051363 -0.095186 -0.081459 0.007562 -0.021936 -0.007853 -0.034233 -0.053223 -0.026693 0.007496 -0.038165 -0.039202 -0.082188 -0.036906 -0.041155 -0.078996 -0.090617 -0.072327 -0.090534 -0.084964 -0.104455 -0.094901 -0.106999 -0.104655 -0.092776 -0.042138 -0.051156 -0.126619 -0.044006 -0.006966 -0.101398 -0.114782 -0.037306 -0.072171 -0.063000 -0.071066 -0.013289 -0.004988 -0.047043 -0.090224 -0.081725 -0.035506 -0.074370 -0.055744 -0.055078 -0.133186 -0.106040 -0.143299 -0.088843 -0.060454 -0.055107 -0.079081 -0.088695 -0.043942 -0.061581 0.006030 0.007021 -0.100839 -0.065901 -0.031359 -0.001935 -0.047466 -0.028775 -0.017637 -0.061869 -0.059225
-0.055509 -0.044842 -0.018077 -0.057719 -0.027581 -0.056108 -0.012709 -0.010256 -0.032716 -0.034254 -0.055587 -0.081236 -0.116351 -0.122741 -0.036868 -0.068846 -0.072946 -0.104921 -0.069818 -0.032350 -0.107064 -0.079055 -0.051803 -0.067161 -0.028897 -0.029624 -0.068488 -0.177056 -0.062722 -0.026340 -0.016780 -0.031931 -0.122906 -0.041951 -0.045352 -0.035923 -0.054152 -0.156943 -0.072925 0.013613 -0.017351 -0.038223 -0.105876 -0.065899 -0.059958 -0.061904 -0.015072 -0.001658 -0.053588 -0.081642 -0.086126 -0.119179 -0.040267 -0.066888 -0.043703 -0.025913 -0.017720 -0.001198 -0.074978 -0.046565 -0.000140 -0.029977 -0.098680 -0.043498 -0.038209 -0.091674 -0.057113 -0.086893 -0.047409 -0.013977 -0.031908 -0.002607 -0.022087 -0.040641 -0.035356 -0.060979 0.017450 -0.043950 -0.001402 -0.028551 0.006146 -0.034033 -0.048959 -0.103480 -0.019208 -0.065787 -0.081836 -0.091364 -0.010448 -0.013351 -0.043131 -0.050039 -0.052213 -0.086481 -0.092702 -0.049011 -0.041111 0.002868 -0.018405 -0.069696 -0.064865 -0.119766 -0.060329 -0.039078 0.009812 -0.047949 -0.076659 -0.074742 -0.077988 -0.067480 -0.067310 -0.039972 -0.010517 -0.005471 -0.042045 -0.095873 -0.059611 -0.001368 -0.066816 -0.079224 -0.074554 -0.040147 -0.050291 -0.102266 -0.082591 -0.040077 -0.088123 -0.081647 -0.048417 -0.066511 -0.051566 -0.014923 -0.046177 -0.065178 -0.092072 -0.072258 -0.075874 -0.065617 -0.052883 -0.054493 -0.031805 -0.041996 -0.115840 -0.160957 -0.164379 -0.126788 -0.089397 -0.066684 -0.112999 -0.115592 -0.096237 -0.028429 -0.019536 -0.062692 -0.042689 -0.110578 -0.094412 -0.016588 -0.023592 -0.070415 -0.074121 -0.030865 -0.031530 -0.036229 -0.065247 -0.035898 -0.046618 -0.055485 -0.060483 -0.085316 -0.061618 -0.058961 -0.067514 -0.050360 -0.040424 -0.056637 -0.063095 -0.086014 -0.031349 0.016466 0.007205 -0.053486 -0.076450 -0.081818 -0.045351 -0.034092 -0.030596 -0.026905 -0.012109 -0.011316
-0.066334 0.002769 -0.022065 -0.033465 -0.049413 -0.050565 -0.038314 -0.013426 -0.043437 -0.059523 -0.006017 -0.048053 -0.083115 -0.094113 -0.054502 -0.063010 -0.089960 -0.093658 -0.125993 -0.021042 -0.059945 -0.079574 -0.065893 -0.044377 0.059378 -0.009451 -0.021907 -0.133650 -0.079186 -0.029555 -0.026780 -0.069118 -0.018811 -0.011269 -0.082384 -0.072095 -0.109544 -0.117746 -0.025078 -0.035551 -0.054760 -0.002329 -0.089862 -0.192551 -0.078811 -0.004546 -0.013004 -0.029134 -0.037375 -0.079455 -0.081844 -0.087434 -0.038230 -0.050952 -0.068456 -0.098319 -0.020599 0.035505 -0.066552 -0.018233 -0.055760 -0.085151 -0.086723 -0.012462 -0.051513 -0.113325 -0.081572 -0.039716 -0.035596 -0.025447 -0.051646 -0.012174 -0.033245 -0.060824 -0.024294 -0.037199 -0.035868 -0.021858 -0.035059 -0.016272 -0.043654 -0.043898 -0.070619 -0.071263 -0.011899 -0.037468 -0.035663 -0.079416 -0.093041 -0.004306 -0.006183 -0.059198 -0.067224 -0.071798 -0.041103 -0.073437 0.009480 -0.061116 -0.124922 -0.116604 -0.056616 -0.069926 -0.049194 -0.024511 -0.057073 -0.113356 -0.131875 -0.116328 -0.101746 -0.006062 -0.017280 -0.051172 -0.062514 -0.027550 -0.031685 -0.084053 -0.055263 0.000093 -0.054259 -0.084430 -0.082471 0.007723 -0.016453 -0.019010 -0.073876 -0.066814 -0.118185 -0.099690 -0.082828 -0.112062 -0.106837 -0.084948 -0.062444 -0.083403 -0.064003 -0.063297 -0.086511 -0.011785 0.000122 -0.121743 -0.051118 -0.084213 -0.120129 -0.118310 -0.122050 -0.055230 -0.040375 -0.148601 -0.101835 -0.034569 -0.058468 -0.049333 -0.094774 -0.101756 0.003899 -0.076012 -0.115582 -0.003319 -0.016559 -0.017616 -0.069641 -0.073658 -0.078490 -0.059156 0.003227 -0.036521 -0.008360 -0.063497 -0.022191 -0.068743 -0.122351 -0.084874 -0.046920 0.048809 0.014216 0.007632 -0.019454 -0.033516 -0.060322 -0.088524 -0.076896 -0.019529 -0.058438 -0.057189 -0.045383 -0.067110 -0.037396 -0.005901 -0.047832 -0.030597
-0.044941 -0.037237 0.026438 -0.043389 -0.079277 -0.046346 -0.021634 -0.003174 -0.045415 -0.033721 -0.037978 -0.069305 -0.055558 -0.092945 -0.058517 -0.057936 -0.083054 -0.030880 -0.039013 -0.108396 -0.127703 -0.099243 -0.062884 -0.060213 -0.091068 -0.030639 -0.018470 -0.035530 -0.031626 -0.023926 -0.037686 -0.017843 -0.029121 -0.078566 -0.065986 -0.078056 -0.086014 -0.039598 -0.024578 -0.068921 -0.044799 -0.071227 -0.084446 -0.126641 -0.135709 -0.022778 -0.042573 -0.069910 -0.027004 -0.052677 -0.096160 -0.056477 -0.041311 -0.031331 -0.063952 -0.068373 -0.006201 0.003120 -0.083179 -0.042200 -0.006815 -0.029109 -0.072263 -0.018730 -0.021000 -0.043998 -0.057712 -0.050275 -0.031188 -0.044279 -0.035699 -0.030382 -0.040554 -0.053091 -0.021278 -0.040528 -0.066453 -0.071505 -0.060892 -0.000210 -0.027402 -0.030630 -0.097244 -0.060882 -0.081164 -0.064107 -0.062849 -0.078311 -0.050739 -0.078271 -0.005896 -0.035711 -0.109286 -0.067195 -0.049336 -0.102230 -0.025784 -0.018940 -0.056042 -0.052487 -0.063780 -0.051755 -0.037506 -0.121738 -0.072591 -0.064977 -0.039847 -0.054899 -0.014838 -0.046590 -0.057710 -0.010769 -0.079562 -0.140010 -0.060364 -0.019108 -0.046522 -0.068230 -0.021374 -0.028286 -0.008654 -0.018894 -0.078215 -0.078605 -0.079916 -0.050616 -0.044287 -0.134175 -0.144341 -0.073882 -0.023386 -0.104317 -0.085225 -0.103586 -0.095226 -0.125409 -0.122458 -0.043673 0.025596 -0.055518 -0.043967 -0.012601 -0.098086 -0.026396 -0.075287 -0.091790 -0.042986 -0.093362 -0.079634 -0.012861 -0.030136 -0.100328 -0.059773 -0.079837 -0.067097 -0.094396 -0.073285 -0.048239 -0.061379 -0.058775 -0.080114 -0.089888 -0.007349 -0.059168 -0.089848 -0.051252 -0.043148 -0.033625 -0.039366 -0.046458 -0.080478 -0.126076 -0.062191 -0.034397 -0.037516 -0.038167 -0.035033 -0.052408 -0.015514 -0.093698 -0.144615 -0.064567 -0.018906 -0.019307 -0.068192 -0.059898 -0.010867 -0.033438 -0.046573 -0.012886
-0.044109 -0.048403 0.018180 -0.022627 -0.075665 -0.078000 -0.002542 -0.006489 -0.059337 -0.032885 -0.047483 -0.044880 -0.040320 -0.004018 -0.058654 -0.073814 -0.070546 -0.026083 -0.028197 -0.059285 -0.063985 -0.066503 -0.020245 -0.068533 -0.095558 -0.070002 -0.025029 0.022655 0.018298 -0.045954 -0.030924 -0.002187 -0.032373 -0.052595 -0.007483 0.011527 -0.059123 -0.029530 -0.048960 -0.068881 -0.060159 -0.039403 -0.081257 -0.123077 -0.005647 -0.058251 -0.080700 0.013520 -0.059432 -0.085343 -0.028839 -0.070375 -0.057082 -0.038195 -0.022834 -0.072859 -0.077189 -0.031132 -0.064818 -0.060258 -0.012891 -0.032998 -0.074532 -0.015705 -0.033358 -0.075807 -0.112180 -0.103505 -0.025843 -0.053474 0.003234 -0.054096 -0.049643 -0.097680 -0.043968 -0.030748 -0.049004 -0.037993 -0.100086 -0.077540 0.005756 -0.023265 -0.073728 -0.071444 -0.083133 -0.067740 -0.065587 -0.041495 0.024867 -0.035215 -0.071202 -0.051125 -0.034506 0.006905 -0.037626 -0.085308 -0.109651 -0.128259 -0.095303 -0.006299 -0.039228 -0.059584 -0.084586 -0.140183 -0.082382 -0.068524 -0.023940 0.000582 -0.089656 -0.099864 -0.103149 -0.046627 -0.053380 -0.146253 -0.094327 -0.067195 -0.029657 -0.058627 -0.066971 -0.019270 -0.042114 -0.108903 -0.047236 -0.083416 -0.049449 -0.030650 0.007372 -0.087163 -0.070605 -0.015633 -0.040853 -0.097991 -0.077168 -0.189558 -0.138207 -0.123347 -0.123281 -0.095901 -0.011691 -0.010852 -0.022223 -0.043461 -0.087946 -0.014511 -0.015660 -0.026533 -0.054702 -0.037196 -0.041270 -0.035340 -0.039394 -0.037806 -0.048419 -0.060815 -0.068801 -0.027259 -0.083167 -0.141816 -0.082642 -0.012926 -0.099714 -0.104075 -0.050067 0.003427 -0.060618 -0.076892 -0.028209 -0.041074 -0.069987 -0.044247 -0.084468 -0.102336 -0.097364 -0.075111 -0.058293 -0.065487 -0.072045 -0.087222 -0.076908 -0.077595 -0.144226 -0.103934 -0.044100 0.013272 -0.037178 -0.008725 -0.032785 -0.038835 0.002409 -0.035426
-0.046686 0.004785 -0.048964 -0.022194 -0.032883 -0.033664 -0.034614 -0.069825 -0.050353 -0.038929 -0.060485 -0.043470 -0.021625 -0.034451 0.001413 -0.032161 -0.059591 0.004472 -0.058283 -0.044192 0.007036 -0.013846 -0.051253 -0.079381 -0.077027 -0.052020 -0.055552 -0.038482 -0.055523 -0.085326 -0.029244 -0.034772 -0.090289 -0.091243 0.013659 0.004327 -0.047012 -0.011637 -0.072215 -0.112358 -0.079786 -0.055453 -0.100143 -0.101744 -0.089832 -0.050747 -0.059090 -0.020074 -0.073573 -0.081905 -0.040422 -0.028835 -0.059498 -0.105272 -0.084804 -0.017937 -0.018928 -0.034024 -0.102751 -0.044547 -0.030708 -0.024418 -0.022924 -0.002266 -0.040841 -0.096745 -0.108353 -0.096577 -0.069284 -0.075473 -0.022089 -0.040238 -0.038257 -0.074488 -0.087236 -0.056190 0.013995 -0.003095 -0.041009 -0.046144 -0.043642 -0.013572 -0.058314 -0.107426 -0.053271 -0.029829 -0.056475 -0.086220 -0.076924 -0.078656 -0.044682 -0.091206 -0.056994 -0.063923 -0.069327 -0.123871 -0.154370 -0.064793 -0.084079 -0.018040 0.028958 -0.025252 -0.091074 -0.060231 -0.013242 -0.035623 -0.063491 -0.048426 -0.064483 -0.047610 -0.059410 -0.033818 -0.006899 -0.062208 -0.102787 -0.003986 -0.034389 -0.086446 -0.090533 -0.052790 -0.068003 -0.074093 -0.055953 -0.044500 -0.069810 -0.077679 -0.075576 -0.089119 -0.014026 -0.028101 -0.048621 -0.057336 -0.122149 -0.128064 -0.050694 -0.039415 0.000018 -0.073107 -0.093649 -0.015562 0.000968 -0.068109 -0.048804 0.001444 -0.095161 -0.047394 0.021108 0.011327 -0.041112 -0.053459 -0.061010 -0.016643 -0.086441 -0.079102 -0.068705 -0.087551 -0.094053 -0.049929 -0.068467 -0.063958 -0.139891 -0.025264 -0.037405 -0.088434 -0.118656 -0.084232 -0.033970 -0.076509 -0.020160 -0.067608 -0.116628 -0.088501 -0.069593 -0.102545 -0.015143 -0.066152 -0.047465 0.019434 -0.073420 -0.061250 -0.076353 -0.043623 -0.083155 -0.076096 0.017739 -0.036983 -0.104158 -0.104149 -0.005822 -0.004781
-0.026161 -0.034309 -0.069324 -0.027503 0.015892 -0.027481 -0.052473 -0.065243 -0.018126 -0.032610 -0.064507 -0.043212 -0.064712 -0.061560 -0.021794 -0.074448 -0.035693 -0.050563 -0.081367 -0.069031 -0.041107 -0.053353 -0.081733 -0.114579 -0.121452 -0.072107 -0.084594 -0.078175 -0.044785 -0.061477 -0.062553 -0.036402 -0.076005 -0.058012 -0.041378 -0.100601 -0.071996 -0.090381 -0.099780 -0.058816 -0.060727 -0.050770 -0.062146 -0.108543 -0.128287 -0.061717 -0.053722 -0.054751 -0.135994 -0.045567 0.032524 -0.047699 -0.101732 -0.014871 -0.073174 -0.092127 -0.075382 -0.039133 -0.080661 -0.070496 -0.053613 -0.031159 -0.009097 -0.054236 -0.063333 -0.059175 -0.027333 -0.049335 -0.119053 -0.074942 -0.054382 0.008182 -0.086183 -0.082697 -0.134142 -0.054201 -0.054798 -0.054437 -0.080382 -0.087412 -0.016253 -0.066489 -0.109853 -0.051853 0.005773 -0.028777 -0.043025 -0.077433 -0.116729 -0.098236 -0.057151 -0.033567 -0.046850 -0.048919 -0.037438 -0.017780 -0.086803 -0.072376 -0.047624 -0.072067 -0.002656 0.005810 -0.071073 -0.030346 -0.044645 -0.110181 -0.085035 -0.065859 -0.015969 -0.085018 -0.101609 -0.036370 0.007956 -0.019794 -0.049897 -0.009405 -0.054389 -0.100940 -0.149848 -0.056774 -0.068882 -0.081695 -0.067919 -0.042100 -0.025781 -0.096249 -0.070599 -0.054380 -0.084908 -0.086903 -0.010487 -0.034407 -0.035794 0.002042 -0.003921 -0.018258 -0.101249 -0.069994 -0.061183 -0.029953 -0.105707 -0.106467 -0.121848 -0.085655 -0.082496 -0.140814 -0.065587 -0.007168 -0.062470 -0.044261 -0.027146 -0.031304 -0.135571 -0.165198 -0.072506 -0.083875 -0.054187 -0.067935 -0.059709 -0.053696 -0.052148 -0.050660 0.012032 -0.082654 -0.103960 -0.042615 -0.043376 -0.038247 -0.025415 -0.058285 -0.025470 -0.060945 -0.025657 0.002500 -0.043474 -0.044265 0.008885 -0.058752 -0.039853 -0.058163 -0.024266 -0.015884 -0.034274 -0.093638 -0.010899 -0.035523 -0.047175 -0.034373 -0.038812 -0.042801
-0.013685 -0.055146 -0.025603 -0.034645 -0.045881 -0.059316 -0.064604 -0.038597 -0.038644 0.001966 -0.010160 -0.035675 -0.007061 0.005432 -0.036149 -0.037231 -0.051077 -0.017314 -0.032930 -0.073785 -0.099279 -0.063595 -0.063745 -0.033065 -0.068405 -0.119686 -0.072671 -0.031254 -0.085112 -0.062525 -0.062050 -0.105059 -0.154497 -0.041904 -0.056495 -0.153646 -0.065476 -0.026107 -0.045682 -0.102298 -0.055812 0.008414 -0.060323 -0.055561 -0.059839 -0.082076 -0.096678 -0.079398 -0.075203 -0.068194 0.002684 -0.072569 -0.118102 -0.052455 -0.060454 -0.077213 -0.077476 -0.086412 -0.027765 -0.037313 -0.079883 -0.039352 -0.008443 -0.012169 -0.023429 -0.060978 -0.057492 -0.026927 -0.054699 -0.060854 -0.077706 -0.050889 -0.013922 -0.058346 -0.156453 -0.126451 -0.056969 -0.106059 -0.093242 -0.096729 -0.012183 -0.028681 -0.079210 -0.035087 -0.042350 -0.088773 -0.056762 -0.070996 -0.085040 -0.078821 -0.099302 0.002210 -0.071375 -0.061785 -0.074426 -0.064786 -0.021311 -0.035323 -0.069928 -0.065315 -0.027737 -0.037748 0.002636 -0.059170 -0.065566 -0.084589 -0.072726 -0.023538 -0.043605 -0.116092 -0.106784 -0.063462 -0.011219 -0.008822 0.017043 -0.052040 -0.018310 -0.074725 -0.171390 -0.152235 -0.008651 -0.037726 -0.118070 -0.046165 -0.054901 -0.035491 -0.053000 -0.073398 -0.096698 -0.056921 -0.069279 -0.078543 -0.047126 -0.021405 -0.006921 -0.020322 -0.094897 -0.050850 -0.077908 -0.070896 -0.125561 -0.089793 -0.078620 -0.027467 -0.028374 -0.116478 -0.076522 -0.106206 -0.082401 -0.029615 -0.043110 -0.061062 -0.104921 -0.194881 -0.087344 -0.042280 -0.026998 -0.087347 -0.088356 -0.061182 -0.024501 -0.034537 -0.024756 0.012271 -0.010264 -0.028415 -0.099979 -0.052506 -0.054597 -0.028824 -0.043964 -0.040506 -0.023758 -0.035464 -0.029563 -0.042871 -0.058247 -0.115995 -0.111020 -0.053736 -0.021201 -0.042343 -0.055947 -0.024674 -0.014341 -0.085475 -0.026392 0.009892 -0.017688 -0.020190
-0.050911 -0.118360 -0.042481 -0.037774 -0.083024 -0.012587 -0.024310 0.008636 -0.087288 -0.115274 -0.048582 -0.041117 -0.039506 -0.028764 -0.011866 -0.024601 -0.040860 -0.075751 -0.029189 0.044506 -0.064106 -0.115352 -0.107210 -0.056794 -0.058466 -0.131854 -0.087871 -0.025500 -0.045926 -0.126359 -0.076833 -0.021462 -0.108506 -0.042371 -0.104255 -0.072242 -0.056392 -0.045649 -0.056974 -0.108189 -0.085675 -0.027162 -0.053747 -0.070942 -0.014005 -0.105700 -0.169032 -0.084675 -0.104759 -0.120245 -0.077490 -0.030416 -0.033770 -0.035101 -0.042272 -0.033981 -0.064291 -0.047204 -0.055631 -0.071687 -0.042507 -0.012299 0.014296 -0.014930 -0.054688 -0.063728 -0.075060 -0.047258 -0.023581 -0.098701 -0.083362 -0.109087 -0.058287 -0.070568 -0.111099 -0.104538 -0.073966 -0.045508 -0.046358 -0.044357 -0.036439 -0.010756 -0.100932 -0.063813 -0.049159 -0.183362 -0.124267 -0.074222 0.000877 -0.051131 -0.005857 -0.041878 -0.115566 -0.078750 -0.132503 -0.095159 -0.000445 -0.007271 -0.034093 -0.024003 -0.001830 -0.034684 0.019981 -0.049475 -0.076319 -0.094320 -0.130988 -0.067083 -0.038634 -0.057566 -0.116143 -0.122881 -0.013651 -0.058803 -0.032702 -0.006165 -0.043992 -0.034569 -0.076865 -0.130871 -0.028485 -0.033336 -0.090655 -0.093197 -0.115313 -0.005676 -0.017772 -0.045774 -0.081544 0.032334 -0.013425 -0.069120 -0.087529 -0.129268 -0.122196 -0.061147 -0.049337 -0.042609 -0.031920 -0.030041 -0.054920 -0.022149 -0.030320 -0.002666 -0.064784 -0.057326 -0.048339 -0.066523 -0.110372 -0.030135 -0.030673 -0.020663 -0.010011 -0.086170 -0.020055 -0.005480 -0.044589 -0.073154 -0.014573 0.006680 -0.065470 -0.085026 -0.041980 -0.006958 -0.075732 -0.038970 -0.054512 -0.037902 -0.106044 -0.033581 -0.013728 -0.040939 -0.134939 -0.060288 -0.026674 -0.058323 -0.080277 -0.094778 -0.111790 -0.008324 -0.074296 -0.031577 -0.071656 -0.071595 -0.047830 -0.053224 -0.055889 -0.028632 -0.073140 -0.041065
-0.045984 -0.065108 -0.049872 -0.095754 -0.119316 -0.035339 -0.071847 0.021677 -0.053335 -0.036635 -0.031070 -0.072524 -0.001701 -0.069943 -0.077954 0.002764 0.007046 -0.050102 -0.029543 -0.024006 -0.057029 -0.095623 -0.077651 -0.062439 -0.032299 -0.077955 -0.078635 -0.061606 -0.015332 -0.054918 -0.058469 -0.169090 -0.166901 -0.097257 -0.099977 -0.042220 -0.072087 -0.049656 -0.084632 -0.091407 -0.030468 -0.020720 -0.077040 -0.116892 -0.082654 -0.093274 -0.137987 -0.088750 -0.126654 -0.159420 -0.134436 -0.102868 -0.064202 -0.041336 -0.029258 -0.027042 -0.027470 -0.049715 -0.018214 -0.083828 -0.068606 -0.007470 -0.031613 -0.030639 -0.066026 -0.075002 -0.167992 -0.092673 -0.061160 -0.084633 -0.038641 -0.089570 -0.087971 -0.104477 -0.115548 -0.094246 -0.010819 -0.040779 -0.077153 -0.018298 -0.024203 -0.076805 -0.070611 -0.025197 -0.067215 -0.021381 -0.084613 -0.124204 -0.091839 -0.027105 -0.087234 -0.053237 -0.028938 -0.024826 -0.111569 -0.100423 -0.008950 -0.045213 -0.069396 -0.043861 -0.000218 -0.023768 -0.059820 -0.040643 -0.047829 -0.007985 -0.099588 -0.110618 -0.031323 -0.040265 -0.033498 -0.068508 -0.059772 -0.082583 -0.041857 -0.031667 -0.046672 -0.050315 -0.052438 -0.066052 -0.044303 -0.062229 -0.044115 -0.037126 -0.088866 -0.024937 -0.041995 -0.077670 -0.082285 -0.046570 -0.012081 -0.060555 -0.108350 -0.140089 -0.118227 -0.066832 -0.075889 -0.077016 -0.036485 -0.030004 -0.032789 -0.029317 -0.071199 -0.074744 -0.032856 -0.047081 -0.085603 -0.041511 -0.048908 -0.045242 -0.013655 -0.027432 -0.005373 -0.058380 -0.068615 -0.042845 -0.046112 -0.070729 0.039550 0.002807 -0.036631 -0.089855 -0.046952 0.003537 -0.085164 -0.039950 -0.044361 -0.098563 -0.086328 -0.054421 -0.006400 -0.043207 -0.072080 0.011625 -0.018888 -0.077392 -0.123257 -0.089559 -0.111279 -0.062744 -0.048710 -0.020430 -0.080332 -0.011521 -0.036695 -0.075518 -0.058641 0.022149 -0.136209 -0.090595
-0.043455 -0.031040 -0.038348 -0.115115 -0.089787 -0.048348 -0.042326 -0.032579 -0.056812 -0.025300 -0.045508 -0.081587 0.047656 -0.030605 -0.052040 -0.012533 -0.013677 -0.048524 -0.071588 -0.088414 -0.077987 -0.089786 -0.056556 -0.009915 -0.035682 -0.016819 -0.009414 -0.065793 -0.092435 -0.043764 0.009350 -0.115967 -0.100501 -0.093912 -0.084795 -0.127123 -0.049313 -0.070504 -0.055112 -0.059703 -0.045605 -0.048599 -0.117131 -0.078452 -0.074260 -0.126905 -0.097188 -0.127427 -0.123137 -0.138392 -0.167023 -0.132310 -0.086868 -0.017167 0.001885 -0.074322 -0.067146 -0.042055 -0.050205 -0.054696 -0.060119 -0.030205 -0.086329 -0.103225 -0.086500 -0.066570 -0.125779 -0.081394 -0.054808 -0.059233 -0.073785 -0.067142 -0.082229 -0.006273 -0.032340 -0.103964 -0.013479 -0.040585 -0.045033 -0.067577 -0.055037 -0.069012 -0.078085 -0.057632 -0.065734 -0.022131 -0.093895 -0.121587 -0.145222 -0.077381 -0.125858 -0.027025 -0.033369 -0.035777 -0.034025 -0.005368 0.004005 -0.014103 -0.071134 -0.076504 -0.055724 -0.105116 -0.085020 -0.037785 -0.059415 -0.057320 -0.056490 -0.036689 -0.053652 -0.049732 -0.074310 -0.063660 -0.064738 -0.026604 -0.034969 -0.042860 -0.002384 -0.036752 -0.092156 -0.083146 -0.123343 -0.049452 -0.004438 -0.010315 -0.041198 -0.051866 -0.055575 -0.100116 -0.079336 -0.060677 -0.035855 -0.051298 -0.120148 -0.100327 -0.038903 -0.083394 -0.092070 -0.094645 -0.068433 -0.010575 -0.013617 -0.098579 -0.067557 -0.044172 -0.053350 -0.098374 -0.113170 -0.080401 -0.009340 -0.038918 -0.014973 -0.128423 -0.081984 -0.028971 -0.072805 -0.094607 -0.068819 -0.025818 -0.014975 -0.020254 -0.043498 -0.042179 0.011838 0.013031 -0.040861 -0.050379 -0.033120 -0.078465 -0.042571 -0.055837 -0.075477 -0.073688 -0.070879 -0.048957 -0.041494 -0.072141 -0.091990 -0.070699 -0.065006 -0.034345 -0.126556 -0.091332 -0.049457 -0.011312 0.019117 -0.050876 -0.123589 -0.128438 -0.092598 -0.116482
-0.014684 -0.000102 -0.031443 -0.074207 -0.062465 -0.035532 -0.064539 -0.075463 -0.036344 -0.050468 -0.031242 -0.046798 -0.036178 -0.010377 -0.049235 -0.117294 -0.028566 -0.013325 -0.049407 -0.068708 -0.115527 -0.087788 -0.066122 -0.031816 -0.032854 -0.003182 -0.039129 -0.048537 -0.053231 -0.115869 -0.087296 -0.051244 -0.054524 -0.037230 -0.127073 -0.090513 -0.057728 -0.067025 -0.050660 -0.106223 -0.069366 -0.039260 -0.083795 -0.089546 -0.062039 -0.110847 -0.028082 -0.029909 -0.079608 -0.186651 -0.268401 -0.151556 -0.071319 -0.024156 -0.030730 -0.085440 -0.024129 -0.045249 -0.031142 -0.016990 -0.071062 -0.078132 -0.029577 -0.047431 -0.105583 -0.057439 -0.090552 -0.049769 -0.063126 -0.056758 -0.065695 -0.028692 -0.029787 -0.036477 -0.078423 -0.102203 -0.018934 -0.034151 -0.056492 -0.080254 -0.034756 -0.039715 -0.068219 -0.053976 -0.082015 -0.065365 -0.077951 -0.131457 -0.050831 -0.036515 -0.094316 -0.077475 -0.089884 -0.068036 -0.040800 -0.044693 -0.074209 -0.044353 -0.061247 -0.059986 -0.048531 -0.061212 -0.015164 -0.074285 -0.097789 -0.079220 -0.075844 0.007950 -0.055427 -0.102525 -0.050358 -0.031195 -0.007215 -0.057833 -0.066935 -0.027933 -0.005461 -0.056090 -0.077593 -0.066114 -0.103728 -0.018788 -0.009868 -0.021366 -0.003600 -0.021743 -0.046367 -0.047304 -0.057791 -0.037455 -0.067858 -0.039583 -0.060520 -0.034903 -0.021240 -0.022549 -0.062835 -0.071842 -0.102113 -0.124320 -0.092283 -0.036236 -0.036974 -0.078794 -0.088332 -0.059653 -0.053868 -0.030024 -0.001607 -0.057804 -0.005892 -0.074719 -0.111729 -0.038495 -0.023729 -0.063299 -0.056932 -0.024222 -0.085458 -0.035220 -0.044024 -0.082367 -0.024507 -0.021613 -0.051206 -0.061160 0.020753 -0.054232 -0.028666 -0.053205 -0.112132 -0.026391 -0.021631 -0.024681 -0.050695 -0.096471 -0.064713 -0.086839 -0.113989 -0.075652 -0.043455 -0.096267 -0.015122 -0.053288 -0.053720 0.015885 -0.043312 -0.130582 -0.137197 -0.139575
-0.046599 -0.103771 -0.065716 0.034464 -0.047918 -0.057853 -0.014854 -0.053725 -0.066763 -0.040449 -0.036472 -0.073273 -0.082888 -0.049152 -0.017802 -0.073792 -0.046984 -0.004234 0.009205 -0.061879 -0.081219 -0.014573 0.001236 -0.069115 -0.080094 -0.079905 -0.128958 -0.052615 -0.083553 -0.093265 -0.111969 -0.079329 -0.124827 -0.078354 -0.007092 -0.033044 -0.055116 -0.070345 -0.104933 -0.098324 -0.110937 -0.056398 0.012922 -0.063686 -0.063874 -0.003602 -0.031458 -0.028037 -0.087534 -0.146207 -0.152303 -0.083684 -0.068935 -0.035781 -0.023595 -0.102972 -0.071529 -0.095069 -0.036206 -0.023885 -0.047409 -0.031542 -0.029319 -0.071935 -0.084666 -0.036627 -0.075320 -0.046164 -0.045354 -0.038933 -0.032737 -0.056135 -0.065675 -0.010332 -0.004673 -0.049976 -0.058647 -0.069688 -0.006839 -0.020179 -0.050497 -0.054982 -0.128893 -0.094233 -0.079860 -0.060742 0.046602 0.001686 -0.077027 -0.063112 -0.054498 -0.056267 -0.049519 -0.067966 -0.063659 -0.058275 -0.034109 -0.027205 -0.078353 -0.060144 -0.007523 -0.000354 -0.013232 -0.072184 -0.076487 -0.065789 -0.040538 -0.008164 -0.003679 -0.104070 -0.070551 -0.038350 -0.038324 -0.058208 -0.022549 -0.069938 -0.028051 -0.079713 -0.100378 -0.021479 -0.058946 -0.033252 -0.017333 -0.109543 -0.087536 -0.083864 -0.035504 -0.007600 -0.019038 -0.051235 -0.087779 -0.037896 -0.074617 -0.082632 -0.093297 0.020558 0.026770 -0.083910 -0.090179 -0.084822 -0.056259 -0.048012 -0.015951 -0.050895 -0.055424 -0.026703 -0.104185 -0.053459 0.022159 -0.022317 -0.116960 -0.108969 -0.050687 -0.038007 -0.075486 -0.096307 -0.067714 -0.012937 -0.050503 -0.040760 -0.035707 -0.068218 -0.034276 0.014498 -0.021396 -0.063645 -0.045049 -0.024224 0.004124 -0.012737 -0.082281 -0.097982 -0.007822 -0.002372 -0.079158 -0.085924 -0.076764 -0.086189 -0.057313 -0.030745 -0.007896 -0.064551 -0.011760 0.005230 -0.012067 0.044730 0.009220 -0.021485 -0.046596 -0.103777
-0.039874 0.004813 -0.008878 -0.007596 -0.035516 -0.037752 -0.080851 -0.074749 -0.040107 -0.035166 -0.076936 -0.077278 -0.101917 -0.090613 -0.055230 -0.020855 -0.019298 -0.048783 -0.069689 -0.081499 -0.069402 -0.053965 -0.034415 -0.033491 -0.064851 -0.061090 -0.087509 -0.050772 -0.055197 -0.013546 -0.055344 -0.047405 -0.030093 -0.068698 -0.007610 -0.030796 -0.022148 -0.049526 -0.080561 -0.013695 -0.021566 -0.078955 -0.022545 -0.064939 -0.016429 0.000770 -0.013702 -0.026808 -0.123586 -0.153520 -0.174421 -0.107376 -0.058860 -0.036755 -0.063310 -0.090917 -0.068415 -0.073813 -0.079267 -0.089254 -0.060724 -0.067831 -0.051280 -0.044078 -0.093053 -0.073636 -0.053473 -0.054804 -0.046061 -0.075588 -0.105502 -0.024548 -0.022168 -0.041446 -0.033041 -0.026332 -0.045297 -0.002342 0.010815 -0.069617 -0.076618 -0.056936 -0.078447 -0.063470 -0.088952 -0.074867 -0.003993 -0.064005 -0.075941 -0.093508 -0.118403 -0.074685 -0.044555 -0.067502 -0.042933 -0.023054 0.004785 -0.009533 -0.081373 -0.005603 -0.040944 -0.032565 -0.007619 -0.033620 -0.052649 -0.078568 -0.074023 -0.062454 -0.035191 -0.063104 -0.055755 -0.091791 -0.054085 -0.018134 -0.011842 -0.099141 -0.072699 -0.072694 -0.054990 -0.035327 -0.037636 -0.007673 -0.045120 -0.042813 -0.117750 -0.053795 -0.044966 -0.104746 -0.069552 -0.059275 -0.062699 -0.048682 -0.058554 -0.056826 -0.048432 -0.025517 0.009921 -0.066947 -0.087697 -0.026838 -0.060560 -0.058697 -0.030037 -0.043628 -0.035646 -0.087643 -0.153613 -0.131481 -0.094987 -0.073860 -0.149667 -0.106137 -0.089168 -0.130091 -0.131197 -0.058639 -0.072384 -0.050816 -0.045444 -0.034757 -0.000153 0.023582 -0.025434 -0.031994 -0.040826 -0.094442 -0.092303 -0.010641 0.009308 -0.034992 -0.086028 -0.087183 -0.039669 -0.011408 -0.037674 -0.017900 -0.070032 -0.100758 -0.064166 -0.081586 -0.038147 -0.032194 -0.071282 -0.047560 -0.038767 -0.058564 -0.102011 -0.021526 0.022360 -0.046791
-0.040868 -0.015396 -0.046571 -0.053496 -0.063679 -0.058311 -0.084426 -0.113925 -0.039160 -0.020435 -0.114905 -0.131931 -0.022003 -0.051899 -0.023739 -0.039781 -0.072455 -0.078588 -0.108855 -0.047024 -0.101770 -0.110203 -0.095727 -0.010342 -0.043313 -0.017052 -0.011197 -0.047495 -0.035612 0.016217 -0.019238 -0.055284 -0.050149 0.024986 -0.052510 0.015329 -0.022710 -0.077313 -0.113452 -0.057474 -0.091958 -0.060141 0.011408 -0.062588 -0.064933 -0.054855 -0.078010 -0.093733 -0.050687 -0.065786 -0.068366 -0.092467 -0.078369 -0.044929 -0.040457 -0.049291 -0.050521 -0.048180 -0.154529 -0.079052 -0.053609 -0.008405 -0.011325 -0.015826 -0.099696 -0.055989 -0.028699 -0.020973 -0.065996 -0.119817 -0.053797 -0.031726 -0.046055 -0.047487 -0.063246 -0.106274 -0.067196 -0.009668 -0.018960 -0.057684 -0.030639 -0.050007 -0.090391 -0.040803 -0.049712 -0.055238 -0.053024 -0.077068 -0.044063 -0.082606 -0.107843 -0.100214 -0.015716 -0.003984 -0.047613 -0.022801 -0.010716 -0.029196 -0.040287 -0.019392 -0.058155 -0.060242 -0.032277 -0.057229 -0.137023 -0.081468 -0.063878 -0.029057 0.008670 -0.027501 -0.062415 -0.031833 -0.062683 -0.001764 0.019226 -0.074848 -0.085637 -0.084289 -0.028466 -0.050054 -0.068443 0.027964 0.031878 -0.019171 -0.045728 -0.037053 -0.093438 -0.091598 -0.086977 -0.080285 -0.048112 -0.030988 -0.085066 -0.113495 -0.139697 -0.089493 -0.079827 -0.090056 -0.044414 -0.071506 -0.108775 -0.069631 -0.056957 -0.050389 -0.012408 -0.081828 -0.066206 -0.073729 -0.098692 -0.136683 -0.136946 -0.068843 -0.057167 -0.077130 -0.077893 -0.038095 -0.051549 -0.053660 -0.133245 -0.083811 0.002022 0.011308 -0.109015 -0.199157 -0.140784 -0.052392 -0.061572 -0.019012 0.022768 -0.004544 -0.047837 -0.027220 0.011155 -0.018334 -0.014690 -0.060495 -0.057647 -0.056688 -0.099911 -0.087341 -0.107911 -0.089429 -0.037307 -0.028381 -0.095126 -0.085735 -0.117963 -0.015048 -0.042700 -0.056814
-0.082224 -0.062783 -0.039759 0.003743 -0.060870 -0.073801 -0.049931 -0.106715 -0.097564 -0.074615 -0.077692 -0.067967 -0.058054 -0.037052 -0.049704 -0.120943 -0.106720 -0.056829 -0.032838 -0.046114 -0.046875 -0.075824 -0.026971 -0.035962 -0.048744 -0.008691 -0.055122 -0.030637 -0.015434 -0.017540 -0.033866 -0.070421 -0.072798 -0.048554 -0.030961 0.004831 -0.083467 -0.057138 -0.075453 -0.080384 -0.037046 -0.007846 -0.014403 -0.036498 -0.078981 -0.077644 -0.089886 -0.064903 -0.082307 -0.047445 -0.071131 -0.056360 0.016918 -0.062414 -0.011447 -0.042434 -0.060484 -0.131144 -0.093066 -0.063216 -0.076593 -0.002296 0.009762 -0.012221 -0.032905 -0.023346 -0.050373 -0.067286 -0.074706 -0.077139 -0.034947 -0.033240 -0.047147 -0.072691 -0.097104 -0.109027 -0.052492 -0.042297 -0.055654 -0.067810 -0.066199 -0.022041 -0.058251 -0.044860 -0.010738 -0.029718 -0.040253 -0.035292 -0.012797 -0.047695 -0.096679 -0.067759 -0.029452 -0.028671 -0.050082 -0.037397 0.014802 -0.060317 -0.085530 -0.053345 -0.056257 -0.045226 -0.071418 -0.071393 -0.050004 -0.018975 -0.057489 -0.078832 -0.031799 -0.017484 -0.044168 0.014559 -0.003386 -0.039239 -0.048798 -0.050083 -0.107635 -0.078434 -0.051700 -0.071946 -0.025485 -0.016644 0.037651 -0.042889 -0.035035 -0.044321 -0.086799 -0.101180 -0.069207 -0.075761 -0.073265 -0.021754 -0.089173 -0.028510 -0.091678 -0.131987 -0.086033 -0.098793 -0.070806 -0.046094 -0.078009 -0.097205 -0.072194 -0.043706 -0.059812 -0.145512 -0.120225 -0.046635 -0.043688 -0.099683 -0.096868 -0.081274 -0.017656 -0.008141 -0.074979 -0.017570 -0.048336 -0.063726 -0.072057 -0.102340 -0.061250 -0.014028 -0.137781 -0.113656 -0.050644 -0.032549 -0.022097 -0.062525 -0.060553 -0.048522 -0.043707 -0.044682 -0.044703 -0.049571 -0.001404 -0.052622 -0.056196 -0.022218 -0.013794 -0.094142 -0.068540 -0.080202 -0.106407 -0.028813 -0.022232 -0.048847 -0.105040 -0.081788 -0.078711 -0.032633
-0.051313 -0.069349 -0.025431 -0.040761 -0.081145 -0.043015 -0.059620 -0.065208 -0.048048 -0.010342 -0.015867 -0.022777 -0.097152 -0.049443 -0.051495 -0.133424 -0.060838 0.015680 -0.006425 -0.084134 -0.018436 -0.049007 -0.013304 -0.019960 -0.040257 -0.070317 -0.057346 -0.052098 -0.033003 0.003149 -0.014864 -0.043516 -0.030522 -0.042288 -0.090702 -0.077635 -0.042710 -0.033535 -0.075659 -0.130102 -0.094497 -0.015541 -0.033358 -0.064669 -0.081560 -0.057611 -0.075118 -0.054481 -0.049563 -0.040830 -0.064349 -0.071715 -0.028262 -0.102330 0.003832 -0.033055 0.011002 -0.094776 -0.076365 -0.040291 -0.054672 -0.049691 -0.047715 -0.025605 -0.048335 -0.032973 -0.055312 -0.105383 -0.084582 -0.080258 -0.035947 -0.042672 -0.058222 -0.043277 -0.084258 -0.104779 -0.082127 -0.074211 -0.074666 -0.078269 -0.054624 -0.047166 -0.046020 -0.066064 -0.048881 -0.036026 -0.077768 -0.044417 -0.013739 -0.020103 -0.031834 -0.039923 -0.016848 -0.037213 -0.027475 -0.047104 -0.048283 -0.049387 -0.110176 -0.139996 -0.096520 0.005530 -0.024477 -0.024954 -0.099822 -0.027725 -0.041755 -0.119882 -0.065095 -0.066525 -0.060843 -0.053318 0.013561 -0.085501 -0.023085 -0.035591 -0.133339 -0.097643 -0.105399 -0.050432 0.006889 -0.020844 0.008456 -0.058595 -0.056518 -0.030618 -0.005654 -0.023553 -0.046090 -0.064217 -0.144610 -0.056042 -0.024347 0.017534 -0.049019 -0.075410 -0.018585 -0.080587 -0.036650 -0.052880 -0.070495 -0.061057 -0.050273 -0.108642 -0.093192 -0.071120 -0.009681 -0.068385 -0.076346 -0.027383 -0.040012 -0.082904 -0.064255 -0.049993 -0.095753 -0.016339 -0.067219 -0.071296 -0.055299 -0.069138 -0.074984 -0.025822 -0.045482 -0.037796 0.013055 0.005429 -0.043523 -0.080157 -0.101426 -0.042272 -0.042589 -0.061043 -0.029078 -0.103599 -0.080717 -0.020308 -0.091835 -0.072125 -0.020323 -0.037867 0.018376 0.021273 -0.053611 -0.060010 -0.043706 -0.018384 -0.012549 -0.010680 -0.017982 -0.033902
-0.049814 -0.084696 -0.074005 -0.042986 -0.073600 -0.001665 -0.050222 -0.097735 -0.075448 -0.052709 -0.024453 -0.037353 -0.019842 -0.050720 -0.066230 -0.003615 -0.019098 -0.019731 -0.106107 -0.092323 -0.034943 -0.031455 0.009277 -0.030847 -0.072669 -0.056851 -0.077517 -0.090905 -0.027324 -0.005955 0.013324 0.003412 -0.074761 -0.051867 -0.038937 -0.000616 -0.013894 -0.071642 -0.104037 -0.041381 -0.017076 -0.008053 -0.007582 -0.057375 -0.050677 -0.037397 -0.069892 -0.050412 0.016691 -0.023894 -0.064410 -0.067263 -0.033601 -0.043370 -0.090553 -0.046463 0.034454 0.000036 -0.047089 0.001328 -0.011742 -0.030897 -0.052022 -0.067316 -0.051452 -0.038399 -0.008909 -0.046142 -0.085074 -0.076263 -0.046740 -0.062223 -0.052657 -0.015265 -0.039484 -0.044443 -0.047605 0.013684 -0.006827 -0.045679 -0.055288 -0.069475 -0.056101 -0.031728 -0.056725 -0.040829 -0.024674 -0.017401 -0.031471 -0.025505 0.011924 -0.045282 -0.052685 -0.000753 -0.000053 -0.060481 -0.038910 -0.063447 -0.079522 -0.041762 -0.058057 -0.020608 -0.053331 -0.059299 -0.071244 -0.055848 -0.018075 -0.027725 -0.065808 -0.103229 -0.038889 -0.013696 -0.077748 -0.101178 -0.022732 -0.038046 0.008632 -0.046380 -0.151741 -0.076713 -0.063025 -0.047203 -0.053985 -0.103408 -0.120696 -0.103655 -0.073173 -0.067405 -0.046229 -0.069384 -0.133285 -0.104443 -0.010164 -0.028225 -0.052244 -0.058869 -0.045877 -0.046626 -0.033037 -0.086533 -0.095472 -0.047202 -0.057387 -0.127149 -0.057032 -0.003551 -0.060918 -0.066654 -0.030898 -0.076901 -0.125900 -0.058222 -0.066133 -0.054356 -0.054961 -0.057553 -0.021588 0.007491 -0.016173 -0.056968 -0.117023 -0.080917 -0.039280 -0.061794 -0.062148 -0.079634 -0.056062 -0.084427 -0.117786 -0.078528 -0.069373 -0.048475 -0.063057 -0.038813 -0.097091 -0.083448 -0.066754 -0.053093 -0.005716 -0.012885 -0.072149 0.006540 -0.074152 -0.094155 -0.112296 -0.032213 -0.002454 -0.008977 -0.011727 -0.050467
-0.085979 -0.065488 -0.098764 -0.074589 -0.065426 -0.045405 -0.052794 -0.064323 -0.049607 -0.056941 -0.041647 -0.037799 -0.008174 -0.020040 -0.077155 0.009581 0.012687 -0.049526 -0.033578 -0.043723 -0.063382 -0.005824 -0.018765 0.022953 -0.014379 -0.034012 -0.061490 -0.039974 -0.022004 -0.007965 -0.048131 -0.092865 -0.013900 -0.029706 -0.070119 -0.072505 -0.029215 -0.019714 -0.086231 -0.044550 -0.052545 -0.076803 -0.040308 -0.006849 -0.011024 -0.019795 -0.000970 -0.027669 -0.033223 -0.033556 -0.084965 -0.033032 0.008951 -0.025285 -0.051280 0.012317 -0.014602 0.016627 -0.051726 -0.129681 -0.038534 -0.047321 -0.028472 -0.010649 -0.013629 -0.036441 -0.000051 0.001728 -0.054393 -0.076287 -0.067423 -0.032181 -0.071058 -0.103047 -0.037581 -0.050571 0.021875 -0.051135 -0.094589 -0.117247 -0.043002 -0.075005 -0.030075 -0.012545 -0.053634 -0.100412 -0.067336 -0.032040 -0.055275 -0.024539 0.005652 -0.010104 -0.031904 0.003709 0.005543 -0.055927 -0.030020 -0.006746 -0.037957 -0.039899 -0.074017 -0.013616 -0.023854 -0.057119 -0.055219 -0.062263 -0.017710 -0.005798 -0.028500 -0.056121 -0.096495 -0.114115 -0.083288 -0.067620 -0.034598 -0.054530 -0.039489 0.019154 -0.048707 -0.076865 -0.162779 -0.139505 -0.091308 -0.069160 -0.094797 -0.054084 -0.104439 -0.154467 -0.127290 -0.081090 -0.078427 -0.052775 -0.033883 -0.060498 -0.056715 -0.033302 -0.018701 -0.018459 -0.073524 -0.119367 -0.093356 -0.071359 -0.055635 -0.073845 -0.073033 -0.053911 -0.058333 -0.070986 -0.068023 -0.076015 -0.075243 -0.058449 -0.108450 -0.152355 -0.043165 -0.067762 -0.081309 -0.027112 -0.062801 -0.053308 -0.060197 -0.129464 -0.097016 -0.055824 -0.082388 -0.086038 -0.035363 -0.021134 -0.082680 -0.074754 -0.142439 -0.082523 -0.061211 -0.063079 -0.053820 -0.074195 -0.020907 -0.060459 -0.059727 -0.033429 -0.065506 -0.054584 -0.073836 -0.090444 -0.146217 -0.063167 -0.012940 -0.104884 -0.085700 -0.050434
-0.061635 -0.045790 -0.089337 -0.023385 -0.012027 -0.023566 -0.036689 -0.062297 -0.039758 -0.038150 -0.027594 -0.048889 -0.006008 -0.007916 -0.052626 0.003865 0.001301 -0.056557 -0.053142 -0.039598 -0.019332 -0.077124 -0.091713 -0.020930 -0.023893 -0.078881 -0.062550 -0.008129 0.001138 -0.008942 0.003210 -0.048290 -0.059428 -0.086574 -0.064997 -0.078351 -0.092855 -0.068690 -0.031506 -0.069529 -0.100180 -0.046217 0.035457 -0.016110 -0.034930 -0.026186 -0.041583 -0.076479 -0.087794 -0.090876 -0.083756 -0.025562 -0.016663 -0.020129 -0.066801 -0.032862 -0.042082 -0.085931 -0.086847 -0.050123 -0.034582 -0.060889 -0.052963 -0.047819 -0.013503 -0.018909 -0.006285 0.003856 -0.053004 -0.070564 -0.038630 -0.021230 -0.043613 -0.095123 -0.086766 -0.035545 -0.021266 -0.051985 -0.055726 -0.114713 -0.016062 -0.039054 -0.024990 -0.048926 -0.015927 0.023875 -0.079094 -0.017439 -0.004130 0.015051 -0.078114 -0.030515 0.004708 -0.035639 -0.014279 -0.073358 -0.076952 -0.090668 -0.051443 -0.013340 -0.126945 -0.066291 0.004966 -0.037346 -0.112946 -0.103010 -0.050541 -0.033870 -0.085431 -0.052276 -0.113364 -0.086950 -0.024100 -0.041213 -0.010179 -0.066693 -0.083460 -0.018982 -0.038261 -0.027793 -0.065369 -0.092560 -0.113827 -0.049218 -0.073295 -0.059028 -0.087581 -0.098018 -0.073938 -0.077031 -0.066000 -0.034610 -0.061445 -0.028138 -0.025162 -0.049720 -0.061903 -0.045217 -0.072812 -0.103158 -0.085520 -0.102683 -0.110373 -0.000589 -0.067917 -0.062327 0.019219 -0.035903 -0.052773 0.023785 0.027475 -0.019734 -0.041009 -0.076131 -0.064688 -0.062675 -0.086004 -0.045612 -0.003912 -0.080897 -0.002265 -0.016269 -0.052943 -0.047306 -0.051012 -0.066737 -0.096228 -0.036501 -0.035524 -0.033806 -0.075420 -0.088747 -0.060716 -0.067108 -0.014747 -0.042227 0.008206 -0.078779 -0.086821 -0.048322 -0.024425 -0.043481 -0.029955 -0.037208 -0.052585 -0.065472 -0.061508 -0.084009 -0.111974 -0.065243
-0.049410 -0.022219 -0.084399 -0.051236 -0.086772 -0.037562 0.010304 -0.005439 -0.047169 -0.018972 -0.027017 -0.081828 -0.017673 -0.021595 -0.068278 -0.060857 -0.026316 -0.014516 -0.062508 -0.087365 -0.047479 -0.038197 -0.044768 -0.081996 -0.090731 -0.040271 -0.055107 -0.034922 -0.094180 -0.103024 -0.009877 -0.048971 -0.057512 -0.109553 -0.075598 -0.028246 -0.068146 -0.038866 -0.063447 -0.048089 -0.036675 -0.080159 -0.023720 -0.031703 -0.075660 -0.044172 -0.043480 -0.074799 -0.029806 -0.112213 -0.052030 -0.024624 -0.107523 -0.104118 -0.042714 -0.095541 -0.092695 -0.086967 -0.033508 -0.040561 -0.059837 -0.054430 -0.044514 -0.037183 -0.061707 -0.028675 -0.038733 -0.037897 -0.062073 -0.093024 -0.064449 -0.027868 -0.053651 -0.053340 -0.117605 -0.099048 -0.099355 -0.043505 -0.086732 -0.072398 -0.055512 -0.065052 -0.048915 -0.042100 0.005067 0.016826 -0.053354 -0.042305 -0.015274 -0.033227 -0.051386 -0.069680 -0.075501 -0.115171 -0.070302 -0.050169 -0.034260 -0.092917 -0.092397 -0.037916 -0.062155 -0.024244 -0.032470 -0.074310 -0.119993 -0.042068 -0.008598 -0.039657 -0.066512 -0.094475 -0.127260 -0.064465 -0.012619 -0.032539 0.009582 -0.018917 0.004116 -0.018377 -0.072067 -0.033164 -0.028964 -0.065647 -0.098990 -0.070311 -0.074476 -0.105523 -0.057357 -0.051024 -0.104458 -0.065283 -0.059016 -0.087417 -0.023811 -0.006773 -0.022640 -0.100177 -0.059096 -0.084142 -0.089466 -0.049780 -0.050120 -0.085358 -0.114625 -0.070619 -0.060069 -0.047411 -0.102597 -0.050587 -0.005647 0.035424 -0.042033 -0.088078 -0.007895 -0.052802 -0.061171 -0.075754 -0.097995 -0.021088 -0.088955 -0.070664 0.007296 -0.027677 -0.040128 0.018804 -0.026141 -0.050684 -0.007062 -0.064379 -0.098922 -0.128480 -0.059345 -0.019989 -0.018766 -0.082780 -0.045940 -0.098362 -0.048285 -0.104513 -0.075782 -0.099055 -0.006632 -0.041186 -0.055373 -0.007345 -0.040163 -0.121356 0.004441 0.003446 -0.105234 -0.064057
-0.053843 -0.075110 -0.036126 -0.028488 -0.076903 -0.073455 -0.051461 -0.034644 -0.050303 -0.021335 -0.008579 -0.011852 -0.010548 -0.034014 -0.035559 -0.049927 -0.061048 -0.068770 -0.027786 -0.063349 -0.042902 -0.087689 -0.068335 -0.087010 -0.123027 0.029217 -0.060486 -0.032120 -0.087287 -0.165081 -0.077951 -0.062216 -0.023339 -0.015083 0.000911 -0.049502 -0.081593 -0.039066 0.009184 0.006638 -0.039004 -0.086453 -0.069702 -0.035144 -0.059996 -0.066228 -0.034537 -0.016500 -0.040286 0.048929 -0.044860 -0.068831 -0.099766 -0.127170 -0.019690 -0.102381 -0.132445 -0.052974 -0.043546 -0.053023 0.002761 -0.073306 -0.054145 0.024627 -0.055520 -0.073723 -0.035366 -0.043344 -0.040570 -0.052677 -0.018841 -0.007553 -0.014413 -0.100965 -0.133846 -0.099702 -0.099416 -0.106757 -0.101036 -0.106346 -0.090681 -0.097007 -0.085647 -0.049717 -0.024704 0.007508 -0.019051 -0.049467 -0.001345 -0.060139 -0.039956 -0.038833 -0.027732 -0.052317 -0.079134 -0.063450 -0.063211 -0.068091 -0.058227 -0.046310 0.016820 -0.015376 -0.037939 -0.055396 -0.115608 -0.059907 -0.028851 -0.033656 -0.038077 -0.101592 -0.117244 -0.046910 -0.051501 -0.044257 -0.041338 -0.128369 -0.000093 -0.015593 -0.065739 -0.052770 -0.064512 -0.070650 -0.005310 -0.001283 -0.059652 -0.076466 -0.027126 -0.002167 -0.089330 -0.064479 -0.091189 -0.067592 0.015447 0.002046 -0.011274 -0.066326 -0.078355 -0.067025 -0.114488 -0.076423 -0.035570 -0.021276 -0.052653 -0.047020 -0.047734 -0.063382 -0.092614 -0.015523 -0.035662 -0.038768 -0.087916 -0.094332 -0.012080 -0.073093 -0.068805 -0.051472 -0.058604 -0.045520 -0.106185 -0.030230 -0.021955 -0.066689 -0.030472 -0.009860 -0.099901 -0.031492 0.005514 -0.075507 -0.125051 -0.107076 -0.063635 -0.036474 -0.023906 -0.018816 -0.031762 -0.084025 -0.099026 -0.125725 -0.081182 -0.055331 -0.056314 -0.097812 -0.034338 -0.002634 -0.092908 -0.117135 -0.067787 -0.051989 -0.086742 -0.066579
-0.071124 -0.050180 -0.047456 -0.035259 -0.056800 -0.071237 -0.044149 -0.059351 -0.055304 -0.028803 -0.011866 -0.041438 -0.026251 -0.075552 -0.037321 0.000036 -0.011783 -0.085188 -0.060098 -0.016577 -0.114681 -0.080836 -0.046180 -0.049790 -0.042661 -0.059618 -0.090261 -0.049610 -0.052033 -0.094851 -0.054669 -0.025560 -0.017818 -0.047527 -0.029700 -0.044050 -0.051946 -0.032472 0.010288 -0.022323 -0.060627 0.003987 -0.045346 -0.088727 -0.032939 -0.064774 -0.046841 -0.082137 -0.062174 -0.020417 -0.042837 -0.030877 -0.068127 -0.064620 0.003450 -0.035024 -0.075716 -0.005436 -0.011473 -0.068104 -0.011334 -0.031070 -0.003756 0.000095 -0.062512 -0.049983 -0.046261 -0.047140 -0.070491 -0.020773 -0.034004 -0.021675 -0.042096 -0.042894 -0.052389 -0.080654 0.011690 -0.092289 -0.068154 -0.106123 -0.119789 -0.052498 -0.007622 -0.071765 -0.062566 -0.011896 -0.044294 -0.052174 -0.062797 -0.083413 -0.070352 -0.054377 -0.056655 -0.041310 -0.061189 -0.052217 -0.055952 -0.061800 -0.040328 -0.063978 -0.045389 -0.026172 -0.046071 -0.099663 -0.083776 -0.058645 0.010462 0.036030 -0.051150 -0.096738 -0.058546 -0.065403 -0.019212 -0.033539 -0.061065 -0.045706 -0.017611 -0.043854 -0.030454 -0.016607 -0.066059 -0.102244 -0.061742 0.001977 -0.047707 -0.061211 -0.102375 -0.009431 0.002361 -0.053591 -0.064090 -0.076960 0.029868 0.023990 -0.029091 -0.050359 -0.023231 -0.060383 -0.110208 -0.078017 -0.026713 -0.077966 -0.013113 -0.015855 -0.042725 -0.050264 -0.076562 -0.005241 -0.024657 -0.039550 -0.050737 -0.050505 -0.021293 -0.056190 -0.063278 -0.038503 -0.048831 -0.039055 -0.046895 -0.076475 -0.072595 -0.039104 -0.030247 -0.017511 -0.062258 -0.075071 -0.076724 -0.072386 -0.048870 -0.001679 -0.047225 0.003205 -0.037237 0.000280 -0.015567 -0.068709 -0.123040 -0.046144 -0.033258 -0.056711 -0.079598 -0.067988 -0.120080 -0.084360 -0.109532 -0.098656 -0.111457 -0.101383 -0.083427 -0.046302
-0.046686 -0.015171 -0.021465 -0.036352 -0.056807 -0.089595 -0.049850 -0.034709 -0.031115 -0.008054 0.009094 0.018506 -0.005185 -0.051394 -0.056076 -0.058225 0.017978 0.003608 -0.060598 -0.044934 -0.086327 -0.069137 -0.040535 -0.123052 0.011831 -0.030940 -0.073621 -0.062748 -0.089130 -0.049812 -0.042019 -0.114210 -0.107006 -0.074341 -0.063147 -0.015804 -0.045960 -0.093787 -0.099219 -0.065131 -0.063117 -0.043170 -0.084413 -0.150662 -0.097934 -0.056238 -0.063330 -0.077301 -0.035103 -0.048094 -0.098234 -0.046912 -0.014479 -0.039957 0.029926 -0.034284 -0.127438 -0.104645 -0.038870 -0.007267 -0.051073 -0.044401 0.007002 -0.009654 -0.069599 -0.059879 -0.075517 -0.035631 -0.041622 -0.070129 -0.045072 0.007339 -0.017519 -0.153934 -0.086544 -0.002836 -0.017721 -0.030808 -0.051706 -0.067482 -0.064448 -0.011873 -0.050996 -0.052716 -0.073313 -0.046667 -0.039767 -0.014122 -0.123502 -0.064154 -0.041888 -0.088588 -0.071820 -0.013215 -0.037671 -0.061265 -0.004580 -0.029165 -0.019152 -0.062658 -0.083951 -0.059567 -0.030776 -0.061375 -0.017689 -0.049767 -0.045391 -0.038963 -0.042322 -0.051560 -0.001987 -0.024100 -0.009919 -0.054081 -0.047854 -0.005489 -0.034750 -0.068602 -0.025514 -0.007476 -0.047172 -0.062667 -0.076130 -0.078495 -0.048228 -0.045023 -0.027711 0.005034 -0.019486 -0.045862 -0.013226 -0.079820 -0.085822 -0.120090 -0.021164 -0.042050 0.000108 -0.022679 -0.070948 -0.106325 -0.019076 -0.072408 -0.053176 -0.029915 -0.008475 -0.064688 -0.021299 -0.019597 -0.100445 -0.095265 -0.066088 -0.068172 -0.066049 -0.030306 -0.121395 -0.040578 -0.022609 -0.038276 -0.073741 -0.091207 -0.078570 -0.078535 -0.057706 -0.056143 -0.095596 -0.114895 -0.104386 -0.055045 -0.064178 -0.050721 -0.056956 -0.057129 -0.035796 -0.023808 -0.084778 -0.106289 -0.105979 -0.111027 -0.037594 -0.026777 -0.028954 -0.071813 -0.077076 -0.091308 -0.094489 -0.051343 -0.111884 -0.090192 -0.104095 -0.065378
-0.023990 -0.027381 -0.055140 -0.064950 -0.051699 -0.041860 -0.036754 -0.038501 -0.032385 -0.039458 -0.015505 -0.014379 -0.032002 -0.072648 0.029412 -0.024894 -0.070966 -0.020682 -0.101580 -0.048055 -0.032816 -0.046460 -0.058294 -0.111108 -0.068654 -0.034990 -0.020901 -0.025770 0.008039 -0.024991 -0.065413 -0.082441 -0.083934 -0.052502 -0.018228 -0.040134 -0.068621 -0.058996 -0.036408 -0.098422 -0.051576 -0.082614 -0.103511 -0.106189 -0.086807 -0.008840 -0.050236 0.029103 -0.021274 -0.098736 -0.106698 -0.033586 -0.056095 -0.047082 -0.052691 -0.014553 -0.054029 -0.142281 -0.079353 -0.040305 -0.068490 -0.081945 0.012742 -0.031417 -0.130605 -0.062040 -0.056537 -0.070833 -0.007835 -0.032934 -0.054488 -0.045159 -0.059921 -0.087521 -0.087963 -0.030823 -0.106900 -0.034806 -0.072458 -0.107974 -0.022836 -0.023929 -0.066711 -0.064211 -0.095470 -0.088717 -0.073289 -0.005816 -0.064746 -0.086305 -0.079463 -0.079548 -0.032655 -0.065854 -0.064057 -0.053540 -0.039387 -0.034921 -0.040547 -0.068623 -0.045881 -0.061664 -0.046945 -0.043518 0.001149 -0.046996 -0.049854 -0.061634 -0.041864 0.003638 -0.029181 -0.032983 -0.017011 -0.072291 -0.065037 -0.045681 -0.035860 -0.042227 -0.053271 -0.011330 -0.010160 -0.040097 -0.056005 -0.106476 -0.107256 -0.075195 0.000416 -0.024019 -0.009708 -0.032008 -0.045447 -0.052005 -0.060119 -0.091999 -0.087539 -0.014759 -0.038004 -0.028832 -0.080699 -0.100512 -0.076958 -0.060276 -0.113128 -0.058499 -0.057487 -0.009201 -0.030689 -0.085305 -0.105848 -0.123561 -0.077774 -0.012023 -0.016102 -0.031221 0.013704 -0.031112 0.000244 0.003385 -0.082571 -0.035971 -0.010076 -0.074219 -0.057690 -0.024212 -0.053547 -0.069801 -0.112111 -0.079853 -0.040147 -0.047431 -0.027148 -0.108958 -0.030146 0.023783 -0.072014 -0.072479 -0.098555 -0.053178 -0.002647 -0.012568 -0.020585 -0.059925 -0.053459 -0.077672 -0.044077 -0.012213 -0.123890 -0.117365 -0.102839 -0.090884
-0.064208 -0.070736 -0.078943 -0.102491 -0.053221 -0.040054 -0.049807 -0.037128 -0.026717 -0.067185 -0.008040 -0.064226 -0.076397 -0.006682 -0.009072 -0.033129 -0.088958 -0.054042 -0.069145 -0.076610 -0.070923 -0.061259 -0.111834 -0.059144 -0.057112 -0.065609 -0.085643 -0.066201 -0.007800 -0.037110 -0.082452 -0.054752 -0.084945 -0.071269 -0.061594 -0.068216 -0.052107 -0.026358 -0.076001 -0.106934 -0.013776 -0.051628 -0.115032 -0.088391 -0.054548 -0.054241 -0.042758 -0.054388 -0.065420 -0.067988 -0.040838 -0.061095 -0.065569 -0.047299 -0.049996 -0.072771 -0.017739 -0.040834 -0.142021 -0.131269 -0.060488 -0.074570 -0.064211 -0.011393 -0.029642 -0.089314 -0.079369 -0.075968 -0.014025 0.047411 -0.066776 -0.020619 -0.020856 -0.072525 -0.067483 -0.113386 -0.050086 -0.057373 -0.092443 -0.068887 -0.068071 -0.033143 -0.037668 -0.098513 -0.043532 -0.071413 -0.076357 -0.076597 -0.047434 -0.037538 -0.074918 -0.044720 -0.093315 -0.118740 -0.112406 -0.128796 -0.099265 -0.017431 -0.022789 0.003233 -0.005148 -0.003462 -0.072906 -0.057669 -0.029109 0.015551 -0.011387 -0.034176 -0.028318 -0.060851 -0.079140 -0.073063 -0.040415 -0.048367 -0.083896 -0.104382 -0.101253 -0.033286 -0.064793 -0.078157 -0.002880 0.001472 -0.065273 -0.219173 -0.199023 -0.103089 -0.069431 -0.100199 -0.089591 -0.099340 -0.056481 -0.053802 -0.045724 -0.032926 -0.007030 -0.033773 -0.000989 -0.000765 -0.067879 -0.150032 -0.073866 -0.010559 -0.048536 -0.054698 -0.078322 -0.072521 -0.124203 -0.056524 -0.051657 -0.035841 -0.062553 -0.077699 -0.057783 -0.054476 -0.018331 -0.020537 -0.066660 -0.057345 -0.051773 -0.043762 -0.047034 -0.063010 -0.034976 -0.033275 -0.155475 -0.155628 -0.109252 -0.087648 -0.058841 -0.080093 -0.043231 -0.064610 -0.033297 -0.054079 -0.042182 -0.048813 -0.112820 -0.031196 -0.062889 -0.041687 -0.032739 -0.057381 -0.107057 -0.043377 -0.026179 -0.030280 -0.052433 -0.088899 -0.067807 -0.103755
-0.020889 -0.026781 -0.040553 -0.097734 -0.048808 -0.071980 -0.087266 -0.082523 -0.039491 -0.017357 -0.055497 -0.132777 -0.109057 -0.073539 -0.042167 0.014415 0.012501 -0.039101 -0.031902 -0.035169 -0.014694 -0.033169 -0.109574 -0.044764 -0.048654 -0.080676 -0.134606 0.009117 -0.033432 -0.146112 -0.099083 -0.028693 -0.118387 -0.078749 -0.019603 -0.018833 -0.068462 -0.086789 -0.048511 -0.080879 -0.042945 -0.097759 -0.089787 -0.082604 -0.018958 -0.048108 -0.084471 -0.084053 -0.079315 -0.025447 -0.103675 -0.117724 -0.058268 -0.099207 -0.052853 -0.021459 -0.021530 -0.035742 -0.067044 -0.126605 -0.082587 -0.049186 -0.080281 -0.067779 -0.067241 -0.073916 -0.097102 -0.106829 -0.129455 -0.054593 -0.046995 -0.038158 -0.015496 -0.035819 -0.064250 -0.058164 -0.003202 -0.018302 -0.043608 -0.051990 -0.052050 -0.024554 -0.039871 -0.084737 -0.029627 -0.008455 -0.054839 -0.102041 -0.086022 -0.004790 -0.062378 -0.104229 -0.084329 -0.075404 -0.072635 -0.082591 -0.054134 -0.022674 -0.085827 -0.015757 -0.001626 0.014789 -0.059428 -0.063123 0.004106 -0.008005 -0.052725 -0.020191 -0.026915 -0.029134 -0.076809 -0.106578 -0.046406 -0.046371 -0.037042 -0.007318 -0.008079 -0.094008 -0.050578 -0.071204 -0.067620 -0.029420 -0.021540 -0.092810 -0.125638 -0.089400 -0.079420 -0.107862 -0.122966 -0.082707 -0.097490 0.008522 -0.044838 -0.069870 -0.081991 -0.080939 -0.034426 -0.023816 -0.022777 -0.095432 -0.034733 -0.051474 -0.091499 -0.102464 -0.041895 -0.018219 -0.059574 -0.052341 -0.053804 -0.035174 -0.021709 -0.026997 -0.075464 -0.059420 -0.093376 -0.047759 -0.050012 -0.079175 -0.065422 -0.043837 -0.083232 -0.026859 -0.035014 -0.119534 -0.071351 -0.063458 -0.112605 -0.066587 -0.090861 -0.063652 -0.027625 -0.054374 -0.018043 -0.029974 -0.045410 -0.031961 -0.013707 -0.010124 -0.100041 -0.049652 -0.051528 -0.034457 -0.043612 -0.003288 -0.110962 -0.065393 -0.059344 -0.066754 -0.022936 -0.142122
-0.033810 -0.010281 -0.019258 -0.075895 -0.043604 -0.060225 -0.090395 -0.091744 -0.090642 -0.023502 -0.069355 -0.069193 -0.053389 -0.064085 -0.013187 -0.079456 -0.025078 -0.018708 -0.041171 -0.042069 -0.050932 -0.044378 -0.063520 -0.053323 -0.045590 -0.083849 -0.006901 -0.043192 -0.074979 -0.115449 -0.069121 -0.037036 -0.077347 -0.054793 -0.057985 -0.069317 -0.054717 -0.024930 -0.075208 -0.066382 -0.057634 -0.091865 -0.050178 -0.043779 -0.023696 -0.023013 -0.091504 -0.076608 -0.029074 -0.035163 -0.056258 -0.036967 -0.037866 -0.089419 0.006084 0.013776 -0.081545 -0.001194 0.004039 -0.025445 -0.013740 -0.054076 -0.113224 -0.102501 -0.094786 -0.084254 -0.078118 -0.075885 -0.030344 -0.070289 -0.057157 -0.059743 -0.102582 -0.047046 0.004979 0.012107 -0.040737 0.001637 0.026713 -0.055620 -0.136836 -0.105808 -0.054496 -0.040621 -0.032300 0.015063 -0.001918 -0.051451 -0.084021 -0.076415 0.006107 -0.035487 -0.055512 -0.068396 -0.084100 0.003215 0.018711 -0.046218 -0.051377 -0.030348 -0.040175 -0.036749 -0.085678 -0.071001 -0.060136 -0.017544 -0.030954 -0.077400 -0.034337 -0.044902 -0.060890 -0.046766 -0.052955 -0.068611 -0.040842 -0.060525 -0.162921 -0.047877 0.012742 -0.070458 -0.085451 -0.057908 -0.043764 -0.067784 -0.069089 -0.054778 -0.047987 -0.079729 -0.128990 -0.074373 -0.095653 -0.042404 -0.050333 -0.064605 -0.049880 -0.068856 -0.069725 -0.000691 -0.068771 -0.094578 -0.052262 -0.032684 -0.047876 -0.060010 -0.078387 -0.059418 -0.058519 -0.087911 -0.058749 -0.054135 -0.034383 -0.002076 -0.054770 -0.063192 -0.079646 -0.008897 -0.023084 -0.037042 -0.031436 -0.077778 0.019405 0.000756 -0.040540 -0.128718 -0.032037 -0.002142 -0.105097 -0.086812 -0.029242 -0.005737 -0.042935 -0.034635 -0.071057 -0.029476 -0.045748 -0.100209 -0.054014 -0.025657 -0.047818 -0.024960 -0.023845 -0.046687 -0.000204 -0.039044 -0.154276 -0.060721 -0.120262 -0.093725 -0.026639 -0.044541
-0.042037 -0.008612 -0.060873 0.014053 -0.046125 -0.039337 -0.083760 -0.085456 -0.085610 -0.085592 -0.064013 -0.084579 -0.091375 -0.042689 -0.036941 -0.075064 -0.093767 -0.041478 -0.013252 0.019418 -0.038824 -0.118711 -0.108871 -0.082721 -0.042057 -0.086083 -0.039179 -0.091942 -0.135675 -0.082752 -0.120475 -0.094465 -0.023171 -0.057635 -0.061716 -0.104300 -0.080667 0.009452 -0.040622 -0.060039 0.001566 -0.027997 -0.067395 -0.006990 -0.062546 -0.116742 -0.085598 -0.080466 -0.019041 -0.080374 -0.046414 -0.003342 -0.020341 -0.090442 -0.076315 -0.030528 -0.006727 -0.045060 -0.055806 -0.009144 -0.044226 -0.056022 -0.113096 -0.065765 -0.084584 -0.112276 -0.053992 -0.016108 -0.030835 -0.024933 -0.063061 -0.064199 -0.097347 -0.106690 0.010792 -0.018423 -0.029793 -0.027706 -0.083599 -0.064081 -0.029056 -0.044020 -0.007189 -0.012024 -0.088943 -0.023650 -0.020542 -0.010191 -0.074392 -0.088290 -0.040568 -0.052969 0.024982 0.005443 -0.056240 -0.040757 -0.029262 -0.071159 -0.065820 -0.030821 -0.049265 -0.119196 -0.107545 -0.064866 -0.078554 -0.097143 -0.090400 -0.069347 -0.035202 -0.055982 -0.052898 -0.033566 -0.065698 -0.111908 -0.085740 -0.052860 -0.118729 0.040127 -0.007876 -0.033992 0.001090 -0.043924 -0.032590 -0.048983 -0.066620 -0.093054 -0.073497 -0.036997 0.020032 -0.045132 -0.061482 -0.144497 -0.110595 -0.042215 -0.069673 -0.077957 -0.032821 0.029467 -0.017738 -0.050385 -0.031144 -0.026674 -0.030447 -0.042212 -0.069385 -0.059246 -0.017236 -0.078535 -0.006788 -0.059819 -0.100437 -0.069938 -0.070157 -0.111757 -0.081846 -0.069099 -0.014180 -0.048792 -0.059670 -0.093444 -0.044286 -0.022057 -0.040493 0.017357 -0.076708 -0.037090 -0.043504 -0.081256 -0.021656 -0.058714 -0.064364 0.021899 0.001563 -0.106696 -0.067387 -0.066685 -0.042945 -0.011173 -0.031041 -0.087248 -0.020175 -0.057579 0.046285 -0.015942 -0.071105 -0.029387 -0.079380 -0.096986 -0.043448 -0.043456
-0.033194 -0.076016 -0.074942 -0.087439 -0.040062 0.040354 -0.061407 -0.096478 -0.110046 -0.094167 -0.063212 -0.058524 -0.075272 -0.099897 -0.044660 0.021483 -0.056787 -0.083954 -0.023650 -0.028927 -0.043391 -0.051633 0.025383 -0.002610 -0.001695 -0.097813 -0.098897 -0.008071 -0.032966 -0.083640 -0.107515 -0.051734 -0.007298 -0.059225 0.026032 -0.025645 -0.065179 -0.042526 -0.011974 -0.070840 -0.062345 -0.031601 -0.092838 -0.079196 -0.017152 -0.085069 -0.033931 -0.023045 -0.032185 -0.078684 -0.033155 -0.025172 -0.054309 -0.093504 -0.080545 -0.058869 -0.073874 -0.090081 -0.039950 -0.059616 -0.100441 -0.095377 -0.073073 -0.091920 -0.066841 -0.019489 -0.047879 -0.018998 0.021533 -0.020003 -0.038239 -0.058271 -0.103429 -0.034964 -0.005890 0.000702 -0.043851 -0.036726 -0.072055 -0.054615 -0.010363 -0.058845 -0.043859 -0.045734 -0.026507 -0.080256 -0.098976 -0.000641 -0.045155 -0.069487 -0.051070 -0.028364 -0.066169 -0.030922 -0.047462 -0.035791 -0.035028 -0.072685 -0.033374 -0.014728 -0.062401 -0.088488 -0.106730 -0.093068 -0.036285 -0.056466 -0.100938 -0.036326 -0.039996 -0.066458 -0.076853 -0.072962 -0.047702 -0.031300 -0.020108 -0.077929 -0.066760 -0.027403 -0.006908 -0.013929 -0.038923 -0.049422 -0.032777 -0.064548 -0.039698 -0.026283 -0.047731 -0.031694 -0.038362 -0.061024 -0.091823 -0.083841 -0.056850 0.020772 -0.048642 -0.109862 -0.067854 -0.032307 -0.015698 -0.060184 -0.035860 -0.050886 -0.059758 -0.028845 -0.029895 -0.045122 -0.070669 -0.001978 -0.050778 -0.102374 -0.110959 -0.118068 -0.087434 -0.088179 -0.044157 -0.024895 -0.061837 -0.044927 -0.089816 -0.054100 -0.039017 -0.026677 -0.038053 -0.001408 -0.118756 -0.058173 -0.029977 -0.011687 -0.053306 -0.059426 -0.047652 -0.029482 0.005380 -0.033951 -0.042483 -0.016456 -0.024761 -0.013947 -0.004877 0.005162 -0.020644 -0.073643 0.007934 -0.006894 -0.081227 -0.042781 -0.099795 -0.093135 -0.055367 -0.018996
-0.049606 -0.106189 -0.056358 -0.089015 -0.046005 -0.038558 -0.053363 -0.054918 -0.099119 0.007431 -0.044818 -0.067361 -0.073062 -0.092629 -0.085102 -0.083043 -0.080783 -0.056120 -0.073291 -0.094889 -0.044532 -0.017857 -0.052197 -0.021831 -0.031606 -0.043382 -0.030272 -0.054476 -0.010624 -0.054711 -0.069514 -0.088718 -0.064768 -0.007296 -0.012039 -0.014943 -0.070580 -0.047734 -0.061665 -0.048582 -0.067476 -0.078284 -0.046583 -0.029356 0.027743 -0.011101 -0.028385 0.000434 -0.045615 -0.112047 -0.065522 -0.075720 -0.060477 -0.073278 -0.092920 0.006257 -0.053295 -0.092087 -0.076804 -0.062151 -0.021787 -0.060148 -0.067023 -0.046618 -0.018616 -0.026723 -0.066662 -0.034807 -0.010846 -0.009398 -0.022310 -0.012359 -0.072148 -0.020177 -0.034157 -0.017991 -0.056174 -0.041840 -0.061505 -0.042881 -0.048042 -0.082399 -0.014717 0.000865 -0.019835 -0.073730 -0.080379 -0.078013 -0.064201 -0.002984 0.008089 -0.041166 0.053267 -0.054976 -0.133973 -0.053450 -0.022769 -0.029450 -0.036559 -0.097590 -0.091164 -0.042277 -0.089359 -0.091307 -0.103135 -0.150303 -0.027302 -0.012491 -0.054816 -0.032043 -0.132699 -0.075084 -0.061390 0.005392 0.016612 -0.074975 -0.056991 -0.112787 -0.074961 -0.085282 -0.052785 -0.022288 -0.042924 -0.128318 -0.098169 -0.028645 -0.032619 -0.021466 -0.071579 -0.073240 -0.094195 -0.021382 -0.035903 -0.007289 -0.079826 -0.071071 -0.046969 -0.106880 -0.036062 -0.153987 -0.136239 -0.039755 -0.008021 -0.084812 -0.074777 -0.005684 -0.050142 -0.057564 -0.080655 -0.111961 -0.080123 -0.048543 -0.055334 -0.016621 -0.003160 -0.037115 -0.017966 -0.037859 -0.075095 -0.055239 -0.047135 -0.054701 -0.044356 -0.071309 -0.123800 -0.056875 -0.049144 -0.005673 -0.012099 -0.028417 -0.017675 -0.052999 -0.013697 -0.003288 -0.030148 -0.050798 -0.055163 -0.023127 -0.026591 -0.052146 -0.015072 0.003010 -0.036868 -0.030957 -0.084547 -0.078145 -0.080438 -0.041563 -0.088797 -0.109227
-0.058047 -0.130763 -0.137534 -0.070348 -0.031298 -0.108702 -0.044066 -0.011709 -0.103736 -0.047799 -0.013527 -0.059510 -0.044609 -0.051550 0.002767 0.025635 -0.020826 -0.086956 -0.049498 -0.021349 -0.012296 -0.044618 -0.107752 -0.027425 0.001072 -0.029404 0.000521 -0.052092 -0.009895 -0.053802 -0.080332 -0.031186 -0.074488 -0.019023 0.002177 -0.054862 -0.064485 -0.018531 -0.069122 -0.043513 -0.096601 -0.097684 -0.079024 -0.027254 -0.007833 -0.081105 -0.071012 -0.073211 -0.020199 -0.035532 -0.051481 -0.021665 -0.020929 -0.017546 -0.021035 -0.049797 -0.055284 -0.064658 -0.132943 -0.099835 0.001306 0.014299 -0.081768 -0.007000 -0.017606 -0.015886 -0.000303 -0.043819 -0.037602 -0.042325 -0.071575 -0.033225 -0.089110 -0.068809 -0.014554 -0.043515 -0.045044 -0.079084 -0.144994 -0.050381 -0.020816 -0.068961 0.019651 -0.012852 -0.057996 -0.060323 -0.106487 -0.060941 -0.079585 -0.038827 -0.040170 -0.018368 0.019440 -0.000018 -0.076266 -0.031655 -0.057708 -0.038227 -0.063892 -0.071105 -0.194001 -0.143231 -0.069556 -0.037507 -0.107683 -0.214443 -0.084722 0.021357 -0.078216 -0.102616 -0.112169 -0.102708 -0.125433 -0.066669 -0.042004 -0.041534 -0.033063 -0.116734 -0.131667 -0.030359 -0.053210 -0.040675 -0.052620 -0.068056 -0.099433 -0.013554 -0.014504 -0.034039 -0.058458 -0.108522 -0.063238 -0.006463 -0.072263 -0.149261 -0.096757 -0.036819 -0.020749 -0.102846 -0.043813 -0.069360 -0.053716 -0.013021 -0.025740 -0.034951 -0.023430 -0.036667 -0.058454 -0.091296 -0.057125 -0.034512 -0.110904 -0.078285 -0.031663 -0.007297 -0.015446 -0.049815 0.006192 -0.011580 -0.000353 -0.041533 -0.054220 -0.067360 -0.063696 -0.049383 -0.059930 -0.084692 -0.083992 -0.116780 -0.107603 -0.032202 -0.011964 -0.022165 -0.013623 -0.036925 -0.014032 -0.024330 -0.052916 -0.039342 -0.052733 -0.120028 -0.045521 0.011313 -0.075392 -0.063299 -0.034331 -0.096594 -0.041456 -0.034979 -0.122463 -0.079248
-0.026405 -0.066080 -0.145625 -0.048239 -0.018988 -0.094767 -0.104099 -0.074782 -0.091473 -0.066134 -0.054884 -0.040013 -0.047229 -0.083338 -0.057341 -0.003830 0.019791 -0.020299 -0.052866 -0.019655 -0.010586 -0.002648 0.009092 -0.067997 -0.040367 -0.035794 -0.079626 -0.058849 -0.055310 -0.078843 -0.094706 -0.068041 -0.025258 -0.010660 -0.023079 -0.100832 -0.101058 -0.066279 -0.047582 -0.064010 -0.095093 -0.122530 -0.069038 -0.043397 -0.057563 -0.043852 -0.055087 -0.082678 -0.035699 -0.037657 -0.042027 -0.044242 -0.064278 -0.055427 -0.016327 -0.045439 -0.075051 -0.062476 -0.144152 -0.003568 -0.081344 0.000469 -0.076989 -0.036062 -0.105742 -0.106759 -0.032428 -0.041797 -0.074763 -0.044289 -0.039292 -0.041047 -0.107668 -0.063085 0.013238 -0.046734 -0.037392 -0.035298 -0.085625 -0.057874 -0.046030 -0.041503 -0.064651 -0.021918 -0.062118 -0.023427 -0.111564 -0.019099 -0.109160 -0.102849 -0.052458 0.015240 -0.082358 -0.037712 -0.016188 -0.071870 -0.037169 0.013132 -0.034124 -0.020376 -0.074947 -0.061381 -0.066052 -0.024315 -0.098723 -0.089009 -0.097596 -0.053160 -0.066542 -0.061262 -0.053583 -0.085824 -0.190613 -0.101493 -0.030353 -0.025146 -0.076956 -0.062850 -0.108796 -0.059692 -0.034803 -0.029135 -0.091649 -0.107969 -0.097906 -0.041837 -0.075610 -0.019032 -0.056771 -0.109777 -0.045058 -0.075312 -0.050158 -0.056190 -0.063377 -0.055598 0.010006 -0.057119 -0.073408 -0.056612 -0.043097 -0.036378 -0.057100 -0.072707 0.006982 -0.017441 -0.026951 -0.084198 -0.071337 -0.073845 -0.087190 -0.071186 -0.031328 -0.074821 -0.054076 -0.012623 -0.068016 -0.063382 -0.046976 -0.058885 -0.072828 0.003722 -0.036483 -0.061930 -0.042204 -0.002291 -0.096091 -0.115948 -0.099720 -0.035867 -0.005161 -0.028463 -0.074778 -0.092371 -0.067022 -0.020394 0.001903 -0.057614 -0.054260 -0.031260 -0.043358 -0.016415 -0.009756 -0.030701 -0.002887 -0.109303 -0.035355 -0.021469 -0.096763 -0.054029
-0.090982 -0.098341 -0.083987 -0.041761 -0.066977 -0.030255 -0.035184 -0.069254 -0.049143 -0.039197 -0.021576 -0.046973 -0.070591 -0.034118 -0.042557 -0.040965 -0.046502 -0.039585 -0.020218 -0.005229 -0.001399 -0.042887 -0.016978 -0.118051 -0.089045 -0.070355 -0.043876 -0.044636 -0.064816 -0.040921 -0.089434 -0.083039 -0.035143 -0.035027 -0.074693 -0.054216 -0.082130 -0.029356 -0.005540 -0.060886 -0.116373 -0.088892 -0.047487 -0.088290 -0.065881 0.004390 -0.051583 -0.055877 -0.029548 -0.071126 -0.052862 -0.055698 -0.074539 -0.045906 -0.051428 0.019468 -0.028304 0.029437 -0.027440 -0.042933 -0.089900 0.002080 -0.044270 -0.073945 -0.056013 -0.070214 -0.101479 -0.060075 -0.072240 -0.084445 -0.030104 -0.055295 -0.098096 0.012085 -0.037973 -0.061053 -0.025987 -0.023530 -0.027012 -0.054455 -0.066993 -0.086505 -0.081215 0.010518 -0.005541 0.004392 -0.032581 -0.049186 -0.048325 -0.077402 -0.087877 -0.003648 -0.006267 -0.031049 -0.032683 -0.043896 -0.045027 -0.024718 -0.093199 -0.039337 -0.003218 -0.090431 -0.064318 -0.145748 -0.084504 -0.047424 -0.079055 -0.090981 -0.048772 -0.031895 0.007391 -0.013832 -0.151382 -0.122727 -0.025098 0.037109 -0.027372 -0.022400 -0.071519 -0.064968 0.012234 -0.054300 -0.131910 -0.110116 -0.043185 0.001506 -0.076106 -0.089655 -0.043133 -0.034939 -0.024434 -0.040175 -0.015705 -0.003909 -0.017992 -0.070664 0.002239 -0.006442 -0.064572 -0.088164 -0.042845 -0.053173 -0.040417 -0.096145 -0.085957 -0.029795 -0.058009 -0.065303 -0.059303 -0.050246 -0.053788 -0.087750 -0.033141 -0.026273 -0.082030 -0.055787 -0.093475 -0.065697 -0.052683 -0.065071 -0.021450 -0.026417 -0.039164 -0.073612 -0.072070 -0.061253 -0.065583 -0.055837 -0.064161 -0.079064 0.009277 -0.056095 -0.072837 -0.060760 -0.076592 -0.074514 -0.057803 -0.057653 -0.029727 -0.010049 -0.040306 -0.022080 -0.056423 -0.075523 -0.097499 -0.032616 0.021341 -0.043437 -0.084692 -0.112844
-0.091199 -0.112914 -0.053591 -0.054877 -0.023530 -0.054514 -0.091850 -0.074533 -0.068025 -0.032033 0.020910 -0.054707 -0.065809 -0.045554 -0.019140 0.023787 -0.029741 -0.034632 0.004333 0.034820 -0.021247 -0.100496 -0.061713 -0.074842 -0.145062 -0.091541 -0.036098 -0.030039 -0.050437 -0.049437 -0.043072 -0.043455 -0.103632 -0.136379 -0.118099 -0.080017 -0.010025 -0.033997 -0.063801 -0.035483 0.004805 -0.053258 -0.072062 -0.075928 -0.030531 -0.050076 -0.070142 -0.056810 -0.001792 -0.019990 -0.071515 -0.011689 -0.050553 -0.063263 0.002511 -0.030669 -0.131199 -0.128926 -0.014463 -0.001882 -0.057680 -0.075054 -0.052361 -0.067054 -0.052288 -0.058074 -0.043839 -0.026586 -0.042249 -0.070317 -0.071286 -0.085649 -0.063656 -0.014858 -0.041619 -0.031853 -0.035346 -0.068817 -0.039116 -0.048602 -0.005258 -0.014035 0.026204 0.015464 0.027634 -0.009237 -0.059265 -0.037799 -0.005413 -0.033318 -0.066596 -0.018947 -0.033833 -0.056094 0.004050 -0.020958 -0.078945 -0.082267 -0.010372 -0.043649 -0.064619 -0.084068 -0.032115 -0.079388 -0.028708 -0.049621 -0.001486 -0.030456 -0.052794 -0.009618 -0.049256 -0.004138 -0.024197 -0.073556 -0.025314 -0.000409 -0.074318 -0.084504 -0.040491 -0.025723 -0.078250 -0.072626 -0.048741 -0.064912 -0.096697 -0.046835 0.033981 -0.045750 -0.075045 -0.046757 -0.032804 -0.070734 -0.043004 -0.037127 -0.049561 -0.098396 -0.008653 -0.042142 -0.034985 -0.027975 -0.015456 0.016970 -0.057863 -0.058411 -0.030716 -0.032226 -0.041439 -0.067752 -0.037334 0.009814 -0.022714 -0.056277 -0.094295 -0.058510 -0.067887 0.010245 -0.035480 -0.031682 -0.048544 -0.043527 -0.034189 -0.053327 -0.065053 -0.018484 -0.039516 -0.086138 -0.126165 -0.127766 -0.117062 -0.140657 -0.067684 -0.046187 -0.051627 -0.027938 -0.099849 -0.075637 -0.042333 -0.055753 -0.016829 0.000181 -0.057695 -0.089987 -0.096174 -0.088486 -0.052926 -0.025295 -0.051885 -0.051695 -0.052413 -0.044161
-0.003067 -0.042477 -0.035275 -0.058296 -0.042271 -0.096536 -0.090690 -0.054502 -0.033830 -0.052058 -0.023738 -0.044834 -0.035269 -0.019774 -0.008482 0.036098 -0.024493 -0.034471 -0.042706 -0.036651 -0.069891 -0.102960 -0.025013 -0.018535 -0.094539 -0.069793 -0.017147 -0.017776 -0.056491 -0.097281 -0.047764 -0.109561 -0.164920 -0.065511 -0.059682 -0.087240 -0.037909 -0.051896 -0.102264 -0.051377 -0.068238 -0.025975 -0.022720 -0.005774 -0.049013 -0.050912 0.004725 0.035793 -0.058015 -0.070669 -0.055422 -0.055437 0.001813 -0.032461 -0.033622 -0.085613 -0.118264 -0.152649 -0.049108 -0.011800 -0.062340 -0.086946 -0.040621 -0.022886 -0.054665 -0.055221 -0.060808 -0.028456 -0.028956 -0.048389 -0.020034 -0.020382 -0.050847 -0.002895 -0.053232 -0.033758 -0.087912 -0.121350 -0.063383 -0.024299 0.037996 0.031475 0.009064 -0.043639 -0.055531 -0.036697 -0.125886 -0.093290 -0.021537 -0.060168 -0.035297 -0.013261 -0.012999 -0.046118 -0.057792 -0.075651 -0.026696 -0.068079 -0.033385 -0.050609 -0.030084 -0.016024 -0.064711 -0.018102 -0.063047 -0.033747 0.010407 -0.014707 0.000642 -0.013367 -0.085891 -0.088836 -0.069809 -0.094751 -0.088502 0.001274 -0.029480 -0.065575 -0.033954 -0.052888 -0.110858 -0.040866 -0.024026 -0.019039 -0.063973 -0.112889 -0.061577 -0.041763 -0.071155 -0.028942 -0.032313 -0.070146 -0.055316 -0.059692 -0.076545 -0.052956 -0.012822 -0.053448 -0.005186 -0.037062 -0.030736 -0.037232 -0.077412 -0.039201 -0.043091 -0.075688 -0.023182 -0.061617 -0.062316 -0.092159 -0.040419 -0.066923 -0.107260 -0.109529 -0.090653 -0.034186 -0.007415 -0.035718 -0.064394 -0.055545 -0.094281 -0.117752 -0.045720 -0.007384 -0.043663 -0.041530 -0.107829 -0.088134 -0.089928 -0.071106 -0.115141 -0.036661 -0.090890 -0.079392 -0.065482 -0.087751 -0.092905 -0.074438 -0.064322 -0.043594 -0.034639 -0.032619 -0.020635 -0.042698 -0.047633 -0.075314 -0.059350 -0.088516 -0.112941 -0.059523
-0.051099 -0.060425 -0.015266 -0.071880 -0.033887 -0.052583 -0.047032 0.022756 -0.076795 -0.077304 -0.003641 -0.030399 -0.014149 -0.011475 0.018379 -0.044904 -0.117530 -0.105316 -0.073481 -0.006081 -0.053710 -0.066897 -0.049933 -0.056926 -0.070537 -0.071409 -0.059348 -0.030724 -0.118779 -0.061397 -0.023863 -0.061286 -0.009755 -0.124498 -0.027151 -0.062751 -0.123202 -0.091661 -0.044326 -0.072146 -0.096425 -0.027187 -0.015451 -0.032886 -0.028964 -0.062735 -0.075883 -0.076945 -0.044419 -0.028890 -0.055061 -0.045793 -0.038554 -0.033476 -0.010830 -0.062514 -0.054721 -0.054106 -0.068933 -0.003806 -0.023745 -0.070934 -0.065676 -0.079970 -0.059390 -0.050378 -0.019251 -0.007370 -0.041712 -0.046789 0.022004 -0.021277 -0.041405 0.002832 -0.008849 -0.060532 -0.070441 -0.072203 -0.098705 -0.014274 0.031698 -0.064607 -0.032351 -0.035740 -0.100538 -0.042215 -0.071485 -0.055230 -0.079247 -0.033009 0.034403 -0.031543 -0.043175 -0.066090 -0.038982 0.006056 0.012988 -0.031434 -0.032225 -0.062116 -0.033818 -0.071444 -0.036102 -0.026952 -0.050327 -0.038679 -0.038298 -0.060865 -0.035191 0.011489 -0.058267 -0.092683 -0.099378 -0.078265 -0.163111 -0.066476 -0.012465 -0.014231 -0.027281 -0.052881 -0.092191 -0.022765 -0.063344 -0.094134 -0.020141 -0.056400 -0.125375 -0.047013 0.016082 -0.057039 -0.064704 -0.029671 -0.066345 -0.030709 -0.028558 -0.038392 -0.049613 -0.062601 -0.072219 -0.088530 -0.029676 -0.028637 -0.113948 -0.028296 -0.045572 -0.052183 -0.063548 -0.093033 -0.084680 -0.094966 -0.105994 -0.110434 -0.068437 -0.068144 -0.089064 -0.109019 -0.036855 -0.040989 -0.060930 -0.048447 -0.059163 -0.094697 -0.064592 -0.048551 -0.052040 -0.080639 -0.074309 -0.020338 -0.048595 -0.103247 -0.180341 -0.066587 -0.107299 -0.133134 -0.046390 -0.019071 -0.120580 -0.049359 -0.077154 -0.062854 -0.047705 -0.051436 0.007730 -0.051417 -0.069305 -0.073750 -0.033986 -0.055252 -0.071351 -0.062980
-0.013327 -0.001376 -0.053129 -0.091703 -0.060258 -0.063293 -0.043217 -0.030505 -0.040124 -0.024749 -0.045185 -0.047552 -0.072579 -0.067958 -0.043935 -0.051776 -0.114722 -0.095472 -0.034066 -0.048569 -0.052455 -0.083466 -0.077364 -0.054762 -0.058051 -0.084388 -0.096643 -0.064227 -0.028948 -0.066077 -0.101619 -0.038323 -0.047752 -0.149428 -0.082543 -0.100296 -0.107993 -0.072965 -0.098569 -0.086316 -0.034943 -0.004511 -0.031846 -0.050307 -0.041178 -0.160455 -0.228727 -0.123875 -0.030258 -0.035564 0.009489 -0.003726 -0.051910 -0.007551 0.008866 -0.080025 -0.075784 -0.079533 -0.036694 0.013994 -0.016419 -0.079706 -0.026587 -0.054568 -0.019652 -0.056901 0.014406 -0.020361 -0.039229 -0.033879 -0.006383 -0.121476 -0.080367 -0.021012 -0.011080 -0.041473 -0.066080 -0.056485 -0.088825 -0.072106 -0.013282 -0.070203 -0.042215 -0.018997 -0.038994 -0.015803 -0.038793 -0.062430 -0.064312 -0.050832 -0.025193 -0.015081 -0.032886 -0.068334 -0.061415 -0.076543 -0.014971 -0.055853 -0.059672 -0.104237 -0.022048 0.025263 0.014799 -0.057324 -0.054938 -0.031317 -0.035966 -0.014539 -0.017436 -0.012574 -0.094859 -0.026783 -0.042187 -0.062138 -0.093847 -0.042367 -0.036070 0.016467 0.054663 0.069315 -0.031304 -0.086477 -0.059604 -0.022595 -0.042191 -0.052566 0.004341 -0.050173 -0.067690 -0.056050 -0.046308 -0.014225 -0.030437 -0.084961 -0.107050 -0.068171 -0.075355 -0.047612 -0.051437 -0.053746 -0.059787 -0.040205 -0.070812 -0.013799 -0.021512 -0.066680 -0.059562 -0.061717 -0.096674 -0.109122 -0.057889 -0.064062 -0.067897 -0.053153 -0.113099 -0.103609 -0.047255 0.013792 -0.010094 -0.003095 -0.027591 -0.081002 -0.059207 -0.021437 -0.025139 0.010354 -0.031789 -0.067392 -0.056586 -0.102758 -0.110858 -0.065298 -0.114593 -0.107629 -0.096513 -0.057375 -0.074313 -0.050416 -0.039643 -0.067541 -0.062811 -0.075581 -0.042074 -0.069612 -0.104491 -0.044049 -0.041694 -0.111467 -0.053097 -0.049338
-0.036703 -0.078476 -0.055040 -0.044127 -0.059766 -0.078785 -0.025124 -0.054280 -0.023070 -0.026089 -0.055602 -0.033281 -0.035444 -0.044736 -0.048405 -0.028346 -0.071899 -0.032695 -0.076483 -0.037275 -0.012376 -0.055462 -0.058773 -0.064044 -0.107361 -0.104085 -0.044615 -0.070959 -0.055587 -0.074721 -0.100304 -0.044174 -0.093411 -0.131786 -0.143424 -0.122705 -0.045737 -0.047955 -0.104462 -0.083689 -0.014888 0.027510 -0.016967 -0.012751 -0.011329 -0.097365 -0.177680 -0.091941 -0.085723 -0.012338 0.004096 0.000392 -0.045571 -0.000918 -0.014414 -0.031713 -0.085993 -0.066999 -0.043789 -0.097082 -0.071043 -0.054898 -0.035047 -0.028113 -0.055598 -0.038507 -0.032014 -0.039015 -0.032625 -0.059497 -0.064687 -0.020025 -0.015691 -0.078398 -0.104995 -0.059495 -0.067100 -0.057949 0.000270 -0.021812 -0.075137 -0.067863 0.004476 -0.040093 -0.070724 -0.048376 -0.033717 -0.053869 -0.054360 -0.101177 -0.027176 -0.041405 -0.026716 -0.067145 -0.039823 -0.038891 -0.018744 -0.061347 -0.080138 -0.036722 -0.044079 0.000395 0.009576 -0.019921 -0.034930 -0.055035 -0.034670 -0.019483 0.008213 -0.055522 -0.063874 -0.077869 -0.059616 -0.065633 -0.060933 -0.065794 -0.066331 -0.077457 -0.073951 -0.002010 0.057885 0.038499 -0.062067 -0.021575 -0.003638 -0.072398 -0.051573 -0.012374 -0.043757 -0.015175 0.018922 0.066176 0.000348 -0.054534 -0.033691 -0.046541 -0.018814 -0.031498 -0.068830 -0.081597 -0.077455 -0.036785 -0.039343 -0.075057 -0.031942 -0.045323 -0.064017 -0.059859 -0.088181 -0.121594 -0.072256 -0.050846 -0.042836 -0.097659 -0.090410 -0.120107 -0.073969 -0.047742 -0.000591 0.003242 -0.085083 -0.113377 -0.108553 -0.046015 -0.006736 0.001690 -0.035175 -0.040136 -0.043875 -0.137080 -0.081065 -0.043119 -0.103964 -0.108482 -0.010663 -0.017580 -0.092279 -0.106054 -0.046532 -0.093963 -0.077499 -0.074577 -0.070483 -0.039693 -0.045970 -0.035714 -0.022561 -0.047392 -0.058946 -0.064740
0.020087 -0.053830 -0.073102 -0.073004 0.043064 -0.048665 -0.097020 -0.057573 -0.062896 -0.017360 -0.013633 -0.001785 -0.094001 -0.141406 -0.076046 0.008100 -0.022682 -0.016620 -0.041018 -0.071217 -0.128691 -0.000563 -0.105959 -0.118671 -0.056970 -0.061461 -0.085300 -0.062473 -0.085461 -0.062755 -0.052249 -0.165664 -0.075452 -0.068350 -0.032236 -0.104150 -0.127471 -0.068265 -0.058125 -0.057808 0.000381 -0.007729 -0.028627 -0.022062 -0.016609 -0.090107 -0.107867 -0.041053 -0.087770 -0.076144 -0.020389 -0.007226 -0.089408 -0.037320 -0.058666 -0.113973 -0.067503 0.015036 -0.048434 -0.018383 -0.046683 -0.034230 -0.056107 -0.010799 -0.072106 -0.086364 -0.035222 0.000293 -0.077039 -0.057736 -0.056018 -0.046276 0.024809 -0.069063 -0.079314 -0.029698 -0.091714 -0.075293 -0.029181 -0.042509 -0.093890 -0.073195 0.006844 -0.041038 -0.049530 -0.045943 -0.094150 -0.021543 0.001951 -0.037675 0.030918 -0.006087 -0.034164 -0.013257 -0.009560 -0.018298 -0.041927 -0.017110 0.002907 -0.021878 -0.052694 -0.059998 -0.007866 0.020592 0.041706 0.005507 -0.008616 -0.047326 -0.004670 -0.006316 -0.050044 -0.067548 -0.013628 -0.039704 -0.033521 -0.035583 -0.066427 -0.093040 -0.099931 -0.029380 -0.096078 -0.044660 -0.047433 -0.064904 -0.040433 -0.083486 -0.069697 -0.025056 -0.020803 -0.025127 0.009090 0.069793 -0.038841 -0.058054 -0.026863 -0.089216 -0.056046 -0.040953 -0.039567 -0.044647 -0.044674 -0.004773 -0.009302 -0.046534 -0.001498 -0.048985 -0.083305 -0.062412 -0.074178 -0.107938 -0.074571 -0.040181 -0.041213 -0.064908 -0.035255 0.010573 -0.052681 -0.045977 -0.033301 -0.012231 -0.038712 -0.076679 -0.064961 -0.088732 -0.126355 -0.015250 -0.045106 -0.094758 -0.083524 -0.064365 -0.061665 -0.038990 -0.097857 -0.093739 0.025920 -0.014060 -0.079244 -0.060856 -0.076873 -0.034227 -0.022011 -0.018736 -0.037945 -0.019470 -0.047128 -0.055153 -0.037610 -0.043320 -0.071298 -0.098751
-0.055681 -0.047449 -0.075312 -0.070012 0.057734 -0.043668 -0.076216 -0.098045 -0.042455 -0.032540 -0.062374 -0.047446 -0.134778 -0.137922 -0.092500 -0.069006 -0.023880 -0.085481 -0.014506 -0.006718 -0.113904 -0.027925 -0.055812 -0.054111 -0.013179 -0.044950 -0.113070 -0.108460 -0.083558 -0.030471 0.001412 -0.064628 -0.002585 -0.080087 -0.068469 -0.083072 -0.085227 -0.054500 -0.080594 -0.053311 -0.047905 -0.092834 -0.097994 -0.034364 0.001893 -0.076322 -0.029133 -0.023158 -0.039677 -0.035930 -0.010412 0.002661 -0.036487 -0.026892 -0.107620 -0.126714 -0.094056 -0.042295 -0.059571 -0.098445 -0.037985 -0.054684 -0.055188 -0.044091 -0.051985 -0.036480 -0.048149 0.030723 -0.010099 -0.041428 -0.075551 -0.066329 -0.040476 -0.037437 -0.049135 0.019319 -0.053388 -0.071487 -0.060266 -0.010387 -0.032617 -0.064784 -0.050304 -0.055576 -0.065410 -0.045328 -0.068914 -0.012599 -0.015516 -0.021737 0.025249 -0.004067 -0.099324 -0.038429 0.004683 -0.076755 -0.060298 -0.024931 0.022373 0.001404 -0.062475 -0.037358 -0.063856 -0.054867 -0.019045 -0.047084 -0.032206 -0.058573 -0.014363 -0.018542 -0.027960 -0.028502 -0.006137 -0.060718 -0.052305 -0.098766 -0.106516 -0.004203 -0.059933 -0.033445 -0.089014 -0.121986 -0.074395 -0.085486 -0.088910 -0.113970 -0.090778 -0.085174 -0.035388 -0.017194 0.017276 -0.001111 -0.068014 -0.103565 -0.035585 -0.031316 -0.044999 -0.021579 -0.045154 -0.008359 -0.006619 -0.067103 -0.037315 -0.011447 -0.024043 -0.077862 -0.104147 -0.034201 -0.020450 -0.036167 -0.076307 -0.080620 -0.037002 -0.064806 -0.048547 -0.028749 -0.050140 -0.026652 -0.003873 -0.019762 -0.035393 0.000338 -0.002865 -0.077789 -0.140858 -0.016357 -0.014518 -0.051998 -0.010314 -0.027016 -0.063120 -0.047354 -0.100754 -0.025379 0.030558 -0.074220 -0.078108 -0.009136 -0.029804 -0.030396 -0.048424 -0.011058 -0.016604 -0.018121 -0.061573 -0.064252 -0.068174 -0.119109 -0.048786 -0.004769
-0.035634 -0.019443 -0.089012 -0.013847 -0.038350 -0.122710 -0.021878 -0.073870 -0.033142 -0.051822 -0.075447 0.003521 -0.083763 -0.118289 -0.072355 -0.064055 -0.066686 -0.109763 -0.057002 -0.056811 -0.073471 -0.078123 -0.039230 -0.012033 -0.010978 -0.071943 -0.104890 -0.101812 -0.119681 -0.069589 -0.028766 -0.032353 -0.062073 -0.125879 -0.073267 -0.003410 -0.058301 -0.098443 -0.043451 -0.039634 -0.063258 -0.081728 -0.084356 -0.102292 -0.087184 -0.017881 0.006089 -0.019171 -0.056670 0.012423 -0.025472 -0.090668 -0.050577 -0.045978 -0.033583 -0.015038 -0.010330 -0.099409 -0.149486 -0.109396 -0.033606 -0.007810 -0.044602 -0.057799 -0.024669 -0.029410 -0.011274 -0.005924 0.000842 0.011126 -0.052975 -0.087457 -0.095551 -0.020383 -0.016901 -0.037802 -0.072189 -0.037944 -0.039235 0.034633 -0.025521 -0.027753 -0.036855 -0.099649 -0.055443 -0.052151 -0.035487 -0.042933 -0.028697 0.013964 -0.036574 -0.058449 -0.065930 -0.034162 0.002225 -0.053277 -0.029907 -0.000805 -0.055989 -0.036134 -0.039787 -0.032832 -0.063331 -0.150035 -0.054276 -0.050900 -0.099732 -0.071915 -0.019906 -0.037193 -0.022267 -0.040954 -0.012385 -0.062444 -0.034284 -0.050963 -0.093830 -0.035861 -0.000634 -0.052530 -0.013423 -0.079561 -0.054907 -0.072319 -0.049294 -0.032716 -0.051441 -0.077505 -0.074179 -0.009907 -0.036741 -0.050310 -0.046485 -0.050771 -0.039892 0.029023 -0.026769 -0.039912 -0.069450 -0.060013 -0.041688 -0.026926 -0.059004 -0.013460 -0.020014 -0.030267 -0.042909 0.026830 -0.023509 0.006041 -0.035637 -0.074596 -0.007924 -0.020403 0.002073 -0.051091 -0.073865 -0.032526 -0.059498 -0.086709 -0.054391 -0.048633 -0.054619 -0.110363 -0.058451 -0.044949 -0.055270 -0.063290 -0.047914 -0.087544 -0.073703 -0.140577 -0.123470 -0.036331 0.005988 -0.027463 -0.012488 -0.014060 -0.029316 -0.043487 -0.044688 -0.028983 -0.029765 -0.015223 -0.000998 -0.039681 -0.089318 -0.084421 -0.018631 -0.061336
-0.017377 -0.056085 -0.055457 0.021316 -0.053629 -0.079769 -0.064085 0.002226 -0.050370 -0.056857 -0.045459 -0.033931 -0.085785 -0.126203 -0.081248 -0.063180 -0.021164 -0.052075 -0.035719 -0.098238 -0.041938 -0.036730 -0.056929 -0.009833 -0.083665 -0.174426 -0.121115 0.017859 -0.103509 -0.103899 -0.097895 -0.056324 -0.075604 -0.078635 -0.065373 -0.029368 -0.074942 -0.079241 -0.054379 -0.037562 -0.080686 -0.044321 -0.085219 -0.076734 -0.104967 -0.074226 -0.053582 -0.055605 -0.081446 -0.052670 -0.081416 -0.063432 -0.067172 -0.103533 -0.013733 -0.096721 -0.015635 -0.039776 -0.056306 -0.069557 -0.067691 0.012259 -0.054939 -0.095833 -0.057393 -0.041912 -0.005512 -0.040156 -0.034749 -0.016818 -0.022257 -0.006392 -0.003555 -0.013736 -0.070243 -0.060522 -0.052666 -0.066300 -0.054197 0.010785 -0.047893 -0.022698 -0.049537 -0.168634 -0.041712 -0.000395 -0.047394 -0.038928 -0.009767 0.003894 -0.043528 -0.082542 -0.032136 -0.040162 -0.024153 -0.035787 -0.088338 -0.039771 -0.023121 -0.038956 -0.024852 -0.042525 -0.028053 -0.120375 -0.067966 -0.075519 -0.111230 -0.061000 -0.046448 -0.047880 -0.049372 0.001698 -0.050479 -0.087717 -0.077116 -0.038359 -0.044074 -0.083516 -0.033073 -0.026739 -0.040427 -0.056628 0.003548 -0.054321 -0.026088 0.029655 0.009496 -0.068535 -0.116303 -0.035643 -0.012207 -0.066796 -0.071219 -0.074225 -0.091871 -0.075759 -0.096534 -0.075454 -0.004649 -0.010336 -0.053071 -0.041888 -0.014795 -0.060121 -0.019106 -0.020390 -0.031181 -0.028795 -0.058649 -0.005591 -0.036885 -0.067553 -0.053046 -0.042204 -0.030052 -0.023777 -0.002551 -0.070106 -0.125457 -0.044313 -0.041072 -0.018651 -0.019216 -0.037315 -0.064159 -0.066153 -0.049245 -0.103883 -0.067687 -0.036961 -0.089787 -0.093104 0.000056 -0.019921 -0.046822 -0.009018 -0.029562 -0.080088 -0.066487 -0.085007 -0.002705 -0.049778 -0.036457 -0.020708 -0.051563 -0.038987 -0.035913 -0.045873 -0.055268 -0.060553
-0.019194 -0.083970 -0.059153 -0.003207 -0.053182 -0.100038 -0.084117 -0.029739 -0.027532 -0.061567 -0.029021 -0.073217 -0.103599 -0.083389 -0.064760 -0.093876 0.008175 -0.011436 -0.056319 -0.056222 -0.032031 -0.028874 -0.047708 -0.039184 -0.043775 -0.151145 -0.150042 -0.112848 -0.109039 -0.133626 -0.056898 -0.087609 -0.123716 -0.073285 -0.013190 -0.016398 -0.007119 -0.027219 -0.060777 -0.028165 -0.033808 -0.021776 -0.027827 -0.051892 -0.079808 -0.048850 -0.059732 -0.047935 -0.115672 -0.087522 -0.049458 -0.061334 -0.001986 -0.128136 -0.132128 -0.131496 -0.113931 -0.100359 -0.001142 -0.003176 -0.039377 -0.043796 -0.054655 -0.040959 -0.029291 -0.031793 -0.016234 0.021261 -0.039325 -0.037978 -0.038634 -0.009535 0.014026 -0.016374 -0.053617 -0.083475 -0.099129 -0.071540 -0.040851 -0.018605 -0.037882 -0.097902 0.006192 -0.018411 -0.049110 0.033180 -0.017552 -0.071441 -0.008099 -0.017459 -0.040002 -0.032472 0.019299 -0.013687 0.002816 -0.022342 -0.032403 0.027386 -0.021580 -0.002614 -0.014161 -0.017703 -0.013778 -0.033983 -0.095602 -0.045970 0.005613 -0.034060 -0.036908 -0.047113 -0.083153 -0.048008 -0.085666 -0.141292 -0.105108 0.010475 0.027912 -0.008209 -0.077806 -0.038388 -0.038721 -0.094092 -0.051482 -0.077054 -0.067222 0.005201 0.042392 -0.012101 -0.099452 -0.075734 -0.038753 -0.104107 -0.056474 -0.054498 -0.025299 -0.062715 -0.066530 -0.067217 -0.068701 -0.017977 -0.055861 -0.138172 -0.037882 -0.058362 -0.021276 -0.069499 -0.103988 -0.026782 -0.053196 -0.091402 -0.038542 -0.090519 -0.117962 -0.066083 -0.050941 -0.019497 -0.024861 -0.057086 -0.049905 0.022094 -0.004250 -0.064929 -0.027555 -0.075273 -0.106760 -0.001267 -0.048008 -0.026630 0.021443 -0.052907 -0.070861 -0.076551 -0.060510 -0.025048 -0.050319 -0.037349 -0.054680 -0.041088 -0.062457 -0.081132 -0.057689 -0.038966 -0.020614 -0.030069 -0.030535 -0.022200 -0.038964 -0.061187 -0.010827 -0.093975
0.025599 -0.064059 -0.060610 -0.015889 -0.067824 -0.016336 -0.027467 -0.056357 -0.030275 -0.000303 -0.025384 -0.086083 -0.100674 -0.089846 -0.090800 -0.085240 -0.099476 0.010246 -0.030737 -0.071001 -0.062299 -0.076797 -0.055278 -0.129293 -0.023219 -0.080747 -0.081154 -0.070633 -0.014766 -0.078784 -0.091199 -0.088494 -0.110487 -0.005816 0.032128 -0.057328 -0.104959 -0.062892 -0.041604 -0.101045 -0.074006 -0.096449 -0.013494 0.042714 -0.031008 -0.095820 -0.095384 -0.077564 -0.076326 -0.115058 -0.093986 -0.056222 -0.072144 -0.092573 -0.119070 -0.106950 -0.098371 -0.116089 -0.051856 -0.065093 -0.054221 -0.102677 -0.074198 -0.027322 -0.008535 -0.048444 -0.042409 -0.055780 -0.095360 -0.013285 0.025739 0.010938 -0.045993 -0.038026 -0.006052 -0.063212 -0.062768 -0.053306 -0.038454 -0.056808 0.000267 -0.060431 -0.053032 0.054126 -0.013794 -0.019062 -0.056591 -0.042471 -0.011844 -0.046226 -0.029094 0.038846 -0.003842 -0.045551 -0.009377 -0.026044 -0.064159 -0.080616 -0.006429 -0.008553 0.013343 -0.031959 -0.058992 -0.025152 -0.068437 -0.045974 -0.041473 -0.048458 -0.045795 -0.067492 -0.114961 -0.085666 -0.042302 -0.089377 -0.099585 -0.024274 -0.038543 0.003968 -0.047933 -0.090741 -0.082259 -0.039957 -0.106416 -0.080200 -0.013360 -0.005940 0.025038 0.002332 -0.054526 -0.119834 -0.119339 -0.094595 -0.059751 -0.075035 -0.064137 -0.063601 -0.116401 -0.025587 -0.021395 -0.023144 -0.077078 -0.061821 0.015276 -0.039793 -0.067203 -0.069170 -0.058679 -0.066397 -0.079083 -0.091829 -0.019697 -0.061249 -0.073643 -0.054052 -0.079018 -0.019997 -0.050407 -0.082659 -0.015385 -0.070628 -0.030389 -0.027676 -0.054824 -0.088273 -0.063861 -0.042116 -0.044812 -0.060515 0.017460 -0.052974 -0.074920 -0.089791 -0.112941 -0.012529 -0.006757 -0.046226 -0.071996 -0.017048 -0.049012 -0.039328 -0.036472 0.025551 -0.015460 -0.041502 -0.052339 -0.066916 -0.071228 -0.036266 -0.013177 -0.036552
-0.037579 -0.038760 -0.019162 -0.053332 -0.104808 -0.062711 0.006723 -0.066747 -0.038294 -0.008778 -0.022584 -0.082320 -0.060219 -0.075687 -0.078171 -0.090485 -0.115350 -0.097022 0.040559 -0.068191 -0.056066 -0.014287 -0.064356 -0.112904 -0.083442 -0.006901 -0.039418 -0.041453 -0.036903 -0.107046 -0.094565 0.007009 -0.065386 0.021316 -0.067125 -0.049110 -0.098833 -0.127210 -0.071160 -0.021983 -0.068805 -0.119507 -0.079116 0.045926 0.002490 -0.118361 -0.102929 -0.060294 -0.066069 -0.108074 -0.155291 -0.080918 -0.042323 0.014151 -0.027042 -0.081293 -0.088827 -0.075265 -0.127577 -0.147867 -0.100388 -0.094189 -0.091425 -0.081320 -0.024457 -0.010620 -0.061118 -0.087583 -0.058024 -0.011308 0.022741 -0.018609 -0.097314 -0.059419 0.000984 -0.076882 0.016070 -0.014131 -0.030407 -0.039538 -0.031987 -0.012852 -0.044116 -0.071652 -0.022240 -0.030331 -0.058877 -0.047578 -0.041641 -0.052099 -0.044291 0.004193 -0.081943 -0.078716 -0.043003 -0.006981 -0.059886 -0.073868 -0.084878 -0.035730 -0.005102 -0.008950 0.003731 -0.023245 -0.037102 0.010033 -0.065644 -0.070375 -0.036659 -0.069126 -0.070531 -0.054366 -0.016609 -0.080143 -0.094649 -0.079476 -0.084789 -0.045204 -0.064026 -0.057681 -0.081426 -0.084282 -0.069461 -0.006250 -0.018682 -0.087117 -0.063928 -0.011779 -0.077158 -0.081773 -0.055701 0.035254 -0.037345 -0.112132 -0.103656 -0.048604 -0.059789 -0.007969 -0.019891 -0.093056 -0.096529 0.010987 -0.000779 -0.015250 -0.020624 -0.054683 -0.123949 -0.108653 -0.055114 -0.032343 -0.046982 0.000218 -0.027913 -0.028371 -0.064133 -0.018483 -0.004668 -0.087665 -0.065187 -0.020594 -0.031861 -0.029845 -0.072115 -0.005986 -0.031040 -0.098724 -0.029436 -0.016051 -0.058299 -0.099066 -0.007941 -0.049432 -0.091089 -0.007419 -0.043034 -0.002527 -0.048870 -0.057248 -0.049367 -0.040453 -0.039772 -0.033367 -0.025354 -0.041719 -0.105161 -0.064733 -0.036454 0.003927 -0.020805 -0.071930
-0.089032 -0.080580 -0.086047 -0.134373 -0.057934 -0.065539 -0.037114 -0.083854 -0.031486 -0.073956 -0.014387 -0.023626 -0.057758 -0.071341 -0.043377 -0.104759 -0.050386 -0.084701 -0.068804 -0.051057 -0.056875 -0.008118 -0.032704 -0.072211 -0.094390 -0.096390 -0.030276 0.011474 -0.083455 -0.092815 -0.084886 -0.017086 -0.069660 -0.093866 -0.121845 -0.070957 -0.107768 -0.066700 -0.058638 -0.039053 -0.082523 -0.063618 -0.105467 -0.049554 -0.074324 -0.059381 -0.037870 -0.106081 -0.070867 -0.024459 -0.017923 -0.040753 -0.052787 -0.032360 -0.050907 -0.064288 -0.044628 -0.064213 -0.099948 -0.027382 -0.100055 -0.091743 -0.126340 -0.098648 -0.044745 -0.069749 -0.125993 -0.014127 0.001549 -0.020441 -0.044105 0.009682 -0.029167 -0.063123 -0.024371 -0.022717 -0.032507 -0.078959 -0.056343 -0.068901 -0.142644 -0.077954 -0.037455 -0.059855 -0.031270 -0.018371 -0.054457 -0.056340 -0.032161 -0.055784 0.003457 -0.016239 -0.056441 -0.071378 -0.047344 0.006906 -0.058428 -0.088125 -0.106264 -0.004119 -0.023155 -0.038031 -0.012823 -0.046110 0.000331 -0.069067 -0.078891 -0.083693 -0.074020 -0.030911 -0.082852 -0.080561 -0.010290 -0.016710 -0.076288 -0.098879 -0.057873 -0.075945 -0.065938 -0.058881 -0.056050 -0.115520 -0.150460 -0.099034 -0.064208 -0.061682 -0.066383 -0.041928 -0.005346 -0.026189 -0.100686 -0.139916 -0.064322 -0.036448 -0.078546 -0.095831 -0.095478 -0.021905 -0.051498 -0.078995 -0.105220 -0.016041 -0.029025 -0.073874 -0.071168 -0.075487 -0.077259 -0.041072 -0.104134 -0.065082 -0.035269 -0.036427 0.011132 -0.016718 -0.046575 -0.017476 -0.029967 -0.070796 -0.072435 0.017241 -0.024719 -0.075426 -0.048023 -0.016841 -0.006800 -0.066190 0.025233 -0.003206 -0.092905 -0.080765 -0.018982 -0.056299 -0.044876 -0.050132 -0.037142 -0.017385 -0.057458 -0.025311 -0.033568 -0.013275 -0.017172 -0.033340 -0.052490 -0.040172 -0.095794 -0.072230 -0.033774 -0.054055 0.008687 -0.056651
-0.054858 -0.140459 -0.109413 -0.017184 -0.006992 -0.078666 -0.100819 -0.059800 0.034368 0.002711 -0.034214 -0.046009 -0.069123 -0.055032 -0.054387 -0.071195 -0.105827 -0.105453 -0.094529 -0.084568 -0.073692 -0.071014 -0.007314 -0.064073 -0.052018 -0.089821 -0.016995 -0.027709 -0.051927 -0.008439 -0.055384 -0.052884 -0.039196 -0.081082 -0.063584 -0.037894 -0.085540 -0.017415 -0.028030 -0.025368 -0.053907 -0.064107 -0.096154 -0.080418 -0.085277 -0.031267 -0.062079 -0.080805 -0.062670 -0.039262 -0.046142 -0.021104 -0.022209 -0.047291 -0.056599 -0.029470 -0.030430 -0.032433 -0.063992 -0.039461 -0.042191 -0.032912 -0.080512 -0.096268 -0.026729 -0.021292 -0.037232 -0.018269 -0.025274 -0.022067 -0.020509 -0.025207 -0.055463 -0.072051 -0.066073 -0.021262 -0.085428 -0.086926 -0.051640 -0.038799 -0.125690 -0.108471 -0.023553 -0.011256 -0.014077 -0.056929 -0.042495 -0.026129 0.021416 -0.022585 -0.042581 -0.036044 -0.003514 0.045824 -0.027542 -0.084865 -0.064974 -0.113904 -0.068036 -0.064350 -0.047758 -0.029466 -0.063487 -0.058097 -0.053858 -0.046038 0.019056 -0.024192 -0.103812 -0.061065 -0.028566 -0.074420 -0.028293 -0.027087 -0.024071 0.008142 -0.029854 -0.117334 -0.139376 -0.045790 -0.044732 -0.120353 -0.109337 -0.020855 -0.029232 -0.033910 -0.084294 -0.139990 -0.019089 0.003066 -0.028309 -0.080517 -0.036444 -0.024974 -0.050521 -0.041663 -0.065650 -0.068951 -0.063101 -0.034776 -0.101203 -0.056209 -0.025706 -0.037820 0.008585 -0.071271 -0.066879 -0.064511 -0.042043 -0.037452 -0.033345 -0.051497 -0.032814 -0.061936 -0.033601 -0.066254 -0.092205 -0.013521 -0.066546 -0.086182 -0.069605 -0.038905 -0.079635 -0.088308 -0.051241 -0.024019 -0.035323 -0.012084 -0.088072 -0.113678 -0.073197 -0.038996 -0.041064 -0.071217 -0.117805 -0.090015 -0.089353 -0.074855 -0.086579 -0.130468 0.000299 -0.038122 -0.062938 -0.065656 -0.004639 -0.025013 -0.040511 -0.079640 -0.021875 -0.006223
0.005657 -0.064040 -0.062671 -0.068050 -0.027220 -0.044198 -0.072725 -0.036553 -0.032150 -0.000127 -0.072903 -0.067184 -0.031964 -0.044499 -0.063688 -0.037352 -0.080717 -0.110048 -0.071900 -0.118975 -0.068146 -0.043054 -0.103240 -0.060107 0.014714 -0.070270 -0.028149 -0.017598 -0.021726 -0.017516 -0.101948 -0.058940 -0.004298 -0.096493 -0.044234 -0.024235 -0.044951 -0.043260 -0.023686 -0.035685 -0.079326 -0.101954 -0.078596 -0.065874 -0.115708 -0.046982 -0.000455 -0.043422 -0.081283 -0.088983 0.004677 -0.054948 -0.066198 -0.031065 -0.042554 -0.043581 -0.007950 -0.057059 -0.074879 -0.049450 -0.010014 -0.059532 -0.091998 -0.163514 -0.059962 -0.040253 0.024819 0.034517 -0.045700 -0.084649 -0.084782 -0.085037 -0.090976 -0.062620 -0.020281 -0.114214 -0.033123 -0.002677 -0.050243 -0.023811 -0.002063 -0.045654 -0.100338 -0.068013 -0.001374 -0.032812 -0.048989 -0.002340 0.005365 0.024354 -0.064908 0.008406 -0.019055 -0.021589 -0.054656 -0.063184 -0.014524 0.011892 -0.068577 -0.072320 -0.014137 -0.007730 -0.047668 -0.061022 -0.059180 -0.035507 -0.035087 -0.060268 -0.054711 0.006686 -0.007863 -0.057854 -0.061411 0.000617 -0.035229 -0.055452 0.021786 -0.068372 -0.106427 -0.041092 -0.057541 -0.068970 -0.086469 -0.037681 -0.036203 -0.020807 -0.024885 -0.087232 -0.045781 -0.027667 -0.074969 -0.054812 -0.030080 -0.046068 -0.058056 -0.074046 -0.060504 -0.039619 -0.056550 -0.047413 -0.096783 -0.050338 0.046675 -0.046564 -0.011381 -0.019807 -0.072293 -0.052314 -0.039751 -0.057700 -0.050916 -0.017809 -0.021923 0.003768 -0.057096 -0.082054 -0.085153 -0.011796 -0.089515 -0.132340 -0.111924 -0.020473 -0.076344 -0.088836 -0.062653 -0.083998 -0.083233 -0.026261 -0.077142 -0.064801 -0.080505 -0.045071 -0.044731 -0.065996 -0.100741 -0.110439 -0.113710 -0.116874 -0.078620 -0.083920 -0.018985 -0.082039 -0.046845 -0.062066 -0.025623 -0.039254 -0.024872 -0.047595 -0.055936 -0.058694
-0.015123 -0.031717 -0.032907 -0.095259 -0.004860 -0.042190 -0.047044 -0.048584 -0.066408 -0.054792 -0.104537 -0.094858 -0.025877 -0.050353 -0.089571 -0.095490 -0.054335 -0.021292 -0.040384 -0.157097 -0.215325 -0.112477 -0.096437 -0.048924 -0.041819 -0.076894 -0.090231 -0.069560 -0.035030 -0.042609 -0.079162 0.012175 -0.011247 -0.132835 -0.081071 -0.068372 -0.079703 -0.034623 -0.091051 -0.072641 -0.004312 -0.060967 -0.074326 -0.104357 -0.044871 -0.001485 -0.000980 -0.019396 -0.040075 -0.091684 -0.062689 -0.068518 0.032066 -0.047241 -0.078588 -0.080695 -0.046173 -0.103536 -0.026098 -0.052155 -0.038798 -0.037583 0.003758 -0.025347 -0.083654 -0.104490 -0.074383 0.004684 -0.069384 -0.117567 -0.108244 -0.073573 0.004216 -0.093146 -0.068843 -0.083002 -0.015784 -0.003480 -0.045068 -0.023590 -0.043535 -0.077085 -0.123538 -0.045986 -0.041789 -0.020466 -0.003843 -0.056011 -0.029353 -0.038103 0.026021 -0.043114 -0.051054 -0.018313 -0.068507 -0.011331 0.019476 -0.029238 -0.049254 -0.047157 -0.035458 -0.042694 -0.067187 -0.115497 -0.077238 -0.040550 -0.059710 -0.063942 -0.032950 0.009565 -0.023044 -0.030588 0.001995 -0.012174 -0.043653 -0.086573 -0.043698 -0.026155 -0.014853 -0.074724 -0.094540 -0.088287 -0.066047 -0.109658 -0.044210 -0.008950 -0.061851 -0.022715 0.022783 -0.029625 -0.140183 -0.096455 -0.051869 -0.102420 -0.044386 -0.069582 -0.060687 -0.008172 0.005599 0.007676 -0.045005 -0.041288 -0.040110 -0.114962 -0.063266 0.017065 -0.058927 -0.047371 -0.012029 -0.072133 -0.038375 -0.019799 0.021079 -0.031307 -0.082474 -0.082590 -0.088659 -0.005190 -0.043862 -0.125233 -0.151345 -0.043936 0.034614 -0.051729 0.000130 -0.013140 -0.031471 -0.014743 -0.046889 -0.043156 -0.051561 -0.040694 -0.067748 -0.013043 0.009260 -0.070024 -0.079545 -0.081716 -0.089266 -0.040296 -0.017007 -0.047685 -0.062937 -0.011797 -0.062284 -0.101701 -0.071611 -0.074979 -0.096989 -0.076393
-0.033695 -0.009274 -0.033607 -0.017878 -0.071930 -0.074901 -0.068619 -0.084780 -0.093221 -0.052765 -0.022626 -0.044690 -0.033896 -0.087067 -0.124604 -0.080855 -0.033566 0.006150 -0.047895 -0.108325 -0.119605 -0.017378 -0.024264 -0.045008 -0.009920 -0.007333 -0.090621 -0.051522 -0.069023 -0.095278 -0.053384 -0.005792 -0.021731 -0.065886 -0.117231 -0.067451 -0.092557 -0.061291 -0.091041 -0.107667 -0.065711 -0.032109 -0.045373 -0.096763 -0.056677 -0.056559 -0.076286 -0.018765 -0.010799 -0.070590 -0.054250 -0.067205 -0.063739 -0.066132 -0.015128 -0.020336 -0.066908 -0.071309 -0.040781 -0.024512 0.007443 -0.024931 -0.078100 -0.055229 -0.123950 -0.047071 -0.042335 -0.049406 -0.077470 -0.038321 -0.022349 -0.020118 0.008533 -0.003370 -0.025547 -0.078514 -0.067631 -0.016133 -0.063267 -0.063883 -0.048849 -0.047607 -0.059130 -0.111997 -0.081214 -0.023508 -0.031463 -0.093006 -0.047656 -0.051254 0.002903 -0.057395 -0.036601 -0.030424 -0.018921 -0.014384 -0.040533 -0.078176 -0.110501 -0.028452 -0.027182 -0.027442 -0.048500 -0.047512 -0.080333 -0.071254 -0.076485 -0.049478 -0.031950 -0.039476 -0.048964 -0.036152 -0.025736 -0.045503 0.007031 -0.007746 -0.046094 -0.037650 -0.088014 -0.077193 -0.024361 -0.080894 -0.015660 -0.106663 -0.035371 0.007929 -0.100803 -0.077687 -0.009415 -0.078776 -0.111528 -0.097099 -0.046529 -0.091462 -0.080076 -0.062445 -0.036113 -0.057085 -0.056290 -0.058842 -0.024482 -0.078815 -0.084794 -0.062366 -0.053471 -0.074964 -0.056636 0.020969 -0.020502 -0.040409 -0.006658 -0.076662 -0.075406 -0.147154 -0.082219 -0.059738 -0.065323 -0.052382 -0.030028 -0.088754 -0.083858 -0.030618 -0.055624 -0.078071 -0.040294 -0.011827 0.024171 -0.121429 -0.119087 -0.077474 -0.063944 -0.058633 -0.054269 -0.065593 -0.083881 -0.110613 -0.038737 -0.058244 -0.078520 -0.079196 -0.030513 -0.049654 -0.070332 -0.043043 -0.058811 -0.084752 -0.054422 -0.056132 -0.036336 -0.091425
-0.025968 -0.037368 0.004676 -0.073222 -0.009502 -0.071387 -0.090188 -0.026434 -0.088328 -0.075900 -0.023540 -0.048256 -0.070798 -0.091558 -0.071256 -0.075785 -0.083764 0.008634 -0.045961 -0.080605 -0.060977 -0.020035 -0.095978 -0.101277 -0.074901 -0.033487 -0.093656 -0.092837 -0.046708 -0.057538 -0.047611 -0.062118 -0.039481 -0.041228 -0.051191 -0.037936 -0.025616 -0.100624 -0.086520 -0.115681 -0.109414 -0.049606 -0.060551 -0.095028 -0.073781 -0.030745 -0.049747 -0.039992 -0.026630 -0.066000 -0.054550 -0.002116 -0.033758 -0.028873 -0.000465 -0.064657 -0.044425 -0.038014 -0.075415 -0.026389 -0.042660 -0.078524 -0.070401 -0.105049 -0.087208 -0.016009 -0.034754 -0.063571 -0.059895 0.005350 0.009378 -0.012332 -0.058367 -0.014342 -0.040010 -0.104181 -0.065964 -0.026156 -0.035559 -0.042840 -0.091646 -0.039909 -0.033327 -0.057539 -0.033639 -0.058172 -0.009205 -0.049706 -0.079116 -0.034230 -0.051249 -0.002263 -0.073431 -0.063398 0.013533 -0.024362 -0.068932 -0.090839 -0.080747 -0.047057 -0.085871 -0.030538 -0.028735 -0.053283 -0.055971 -0.050248 -0.055691 -0.022460 -0.048704 -0.072605 -0.009215 -0.027353 -0.038744 -0.034565 -0.027573 -0.054488 -0.070122 -0.057091 -0.059106 -0.057034 -0.044491 -0.051397 -0.087365 -0.022834 -0.044825 -0.063416 -0.056302 -0.073519 -0.098520 -0.093834 -0.050298 -0.084612 -0.076203 -0.065231 -0.071502 -0.057253 0.004959 -0.024836 -0.112901 -0.108605 -0.053855 -0.064447 -0.082423 -0.031752 -0.049531 -0.053451 -0.059448 -0.007157 -0.107767 -0.045155 -0.024486 -0.077223 -0.114248 -0.096389 -0.080321 -0.085245 -0.037820 -0.047996 -0.044610 -0.049353 -0.076727 -0.060155 -0.070866 -0.036118 0.000717 0.004899 -0.041847 -0.086868 -0.029984 -0.108558 -0.028709 -0.037986 -0.055835 -0.061807 -0.094903 -0.131807 -0.016675 -0.097054 -0.068675 -0.083904 -0.053720 -0.090889 -0.009397 -0.005257 -0.057610 -0.058959 0.019061 -0.046822 -0.059708 -0.059001
-0.015060 -0.033861 -0.036660 -0.076558 -0.045942 -0.068497 -0.080898 -0.041745 -0.077876 -0.053892 -0.076035 -0.072830 -0.065130 -0.048110 -0.030357 -0.066289 -0.070612 -0.019473 -0.076665 -0.092287 -0.078094 -0.048523 -0.125078 -0.152732 -0.107764 -0.036646 -0.048948 -0.068755 -0.046449 -0.055536 -0.063512 -0.042672 -0.014488 -0.074849 -0.027184 -0.070019 -0.086341 -0.121512 -0.162096 -0.121595 -0.052343 -0.026567 -0.048764 -0.019311 -0.074829 -0.095596 -0.049696 -0.024262 -0.087280 -0.067143 -0.042923 -0.032133 -0.007941 -0.072903 -0.070221 -0.097289 -0.082991 -0.045902 -0.060476 -0.045550 -0.058874 -0.034535 -0.023975 -0.025779 -0.098169 -0.104045 -0.038831 -0.064635 -0.047525 -0.080952 -0.063098 -0.058415 -0.052168 -0.025364 -0.022781 -0.067429 -0.022129 0.026348 -0.017011 -0.024971 -0.061659 -0.042583 -0.006972 -0.039530 -0.041919 -0.041556 -0.006321 -0.016860 -0.031052 -0.051772 -0.055427 -0.016055 -0.064660 -0.017514 -0.005656 -0.049103 -0.046659 -0.035248 0.001714 -0.011662 -0.064781 -0.099324 -0.045573 -0.058528 -0.016760 -0.055286 -0.029954 -0.034403 -0.033309 -0.086265 -0.033647 -0.020971 -0.023850 -0.020841 -0.039083 -0.041400 -0.100438 -0.047118 0.021457 -0.047720 -0.076089 -0.016535 -0.015896 -0.055742 -0.058924 -0.043897 -0.037530 -0.052880 -0.041086 -0.042383 -0.018667 -0.007028 -0.095034 -0.081566 -0.036157 -0.025780 0.005392 -0.047324 -0.090238 -0.116422 -0.033609 0.005103 -0.096255 -0.063953 -0.026084 -0.044083 -0.037510 -0.035928 -0.057068 -0.025779 -0.094442 -0.107594 -0.116357 -0.068990 -0.058035 0.001398 -0.006057 -0.040487 0.009621 -0.033261 -0.070250 -0.028131 -0.063214 -0.050861 -0.009377 -0.015155 -0.020713 0.001577 -0.058166 -0.144583 -0.026995 -0.011999 -0.034602 -0.016200 -0.067529 -0.094377 -0.076874 -0.155977 -0.120131 -0.134553 -0.054703 -0.061305 -0.013841 -0.047214 -0.041416 -0.082534 -0.044958 -0.014275 -0.018268 -0.053045
-0.051082 -0.001078 -0.050473 -0.013360 -0.018868 0.020840 -0.061403 -0.116222 -0.054318 -0.040211 -0.102152 -0.114125 -0.038747 -0.015322 -0.079564 -0.023130 -0.009255 -0.059946 -0.020562 -0.051977 -0.065068 -0.113509 -0.068031 -0.129040 -0.023417 -0.018313 -0.045459 -0.058076 -0.075305 -0.055533 -0.026030 -0.026139 -0.025045 -0.034330 -0.066005 -0.023122 -0.092698 -0.118785 -0.137943 -0.053085 -0.086830 -0.063846 -0.037532 -0.045833 -0.062858 -0.069439 -0.036659 -0.018918 -0.055636 -0.046203 -0.081122 -0.046179 -0.006000 -0.074946 -0.077358 -0.093842 -0.065704 -0.052538 -0.067942 -0.036487 -0.057880 -0.122441 -0.072682 -0.006434 -0.048994 -0.014009 -0.014396 -0.041144 -0.076548 -0.089352 -0.044722 -0.023931 -0.041278 -0.023418 -0.014139 0.010447 -0.001342 -0.025065 -0.043994 -0.030614 -0.055314 -0.034307 -0.040052 -0.053928 -0.008173 -0.032248 -0.027762 0.003965 0.019323 -0.038226 -0.021641 -0.026640 -0.027060 -0.030674 -0.049055 -0.034020 -0.047764 0.002089 0.000509 -0.064122 -0.063443 -0.083116 -0.085303 -0.065066 -0.030101 -0.050879 -0.014755 -0.061646 -0.050209 -0.071290 -0.055684 -0.091337 -0.009923 -0.005066 -0.030251 0.004788 -0.024899 0.041215 -0.017154 -0.055426 -0.023131 -0.067398 -0.094100 -0.025512 -0.017276 -0.074709 -0.068396 -0.057544 -0.064295 -0.089073 -0.058827 -0.023815 0.026208 -0.027807 -0.000982 -0.004612 -0.014181 -0.015609 -0.029725 -0.022876 -0.013942 -0.044573 -0.004493 -0.071810 -0.021767 0.010693 -0.078007 -0.074116 -0.043649 -0.104291 -0.050837 -0.048550 -0.071756 -0.020509 -0.034579 -0.002560 -0.035158 -0.036087 -0.048579 -0.052640 0.010403 0.035923 -0.046986 0.008659 -0.057005 -0.050453 -0.017638 -0.060428 -0.089090 -0.031218 -0.057504 -0.097518 -0.111992 -0.096029 -0.081311 -0.073547 -0.102916 -0.134041 -0.061997 -0.091245 -0.106505 -0.111215 -0.084645 -0.072045 -0.078936 -0.002329 -0.006251 -0.045047 -0.023530 0.025876
-0.089841 -0.035179 -0.041740 -0.034636 -0.015215 -0.055575 -0.033560 -0.047926 -0.001342 -0.086699 -0.051763 -0.045774 -0.077600 -0.060689 -0.014838 -0.014859 -0.090753 -0.111008 -0.007354 -0.073458 -0.098345 -0.125324 -0.097950 -0.133413 -0.079093 -0.004347 -0.053768 -0.083911 -0.074811 -0.026316 -0.040062 -0.074492 -0.020252 -0.029577 -0.056018 0.056383 -0.030796 -0.124714 -0.089388 -0.105369 -0.114189 -0.106368 -0.041536 -0.081353 -0.045186 -0.066419 -0.058257 -0.062942 -0.059901 0.007221 -0.063333 -0.156381 -0.037218 0.002749 -0.036837 -0.061470 -0.016469 0.014778 -0.027636 -0.061514 -0.087078 -0.081199 -0.083896 -0.027752 -0.027820 0.005084 -0.023114 -0.050410 -0.072710 -0.032353 -0.037568 0.007923 -0.050074 -0.050968 -0.011409 -0.027728 -0.053920 -0.079964 -0.039438 -0.033852 -0.069002 -0.012851 -0.037421 -0.057255 -0.035530 -0.069297 -0.016572 0.010366 -0.031679 -0.054355 -0.060932 -0.034459 -0.045354 -0.068613 -0.083283 -0.049150 -0.006463 0.017166 -0.048936 -0.089094 -0.098320 -0.048396 -0.099168 -0.058326 -0.044965 -0.040803 -0.031679 -0.060388 -0.070410 -0.084651 -0.054460 -0.090285 -0.012495 0.002644 -0.038664 -0.039877 -0.083303 -0.040796 -0.074829 -0.092129 -0.065055 -0.076320 -0.069471 -0.033113 -0.046056 -0.013030 -0.033996 -0.052965 0.009228 -0.097838 -0.131989 -0.031287 0.036840 -0.021382 -0.052630 0.003570 -0.006786 0.007145 0.031459 -0.012144 -0.034204 -0.062897 -0.069332 -0.040787 -0.024034 -0.000777 -0.061713 -0.058661 -0.039384 -0.061103 -0.116826 -0.134163 -0.041092 -0.045688 -0.051069 -0.048788 -0.041091 -0.040376 -0.084840 -0.043592 -0.023971 -0.006284 -0.047627 -0.040438 -0.041223 -0.074545 -0.064105 -0.066994 -0.112102 -0.052936 -0.075939 -0.084955 -0.073424 -0.064034 -0.106858 -0.071993 -0.073025 -0.066137 -0.024801 -0.125825 -0.097539 -0.074492 -0.096450 -0.112400 -0.032937 -0.019318 -0.019576 -0.015998 -0.056261 -0.021035
0.006903 -0.051989 -0.062377 -0.067757 -0.049317 -0.067034 0.015127 -0.030841 -0.095746 -0.065318 0.010365 -0.021392 -0.074519 -0.063380 -0.010022 -0.039740 -0.026041 -0.050037 -0.096429 -0.110093 -0.129448 -0.096409 -0.094473 -0.047512 -0.040576 -0.048400 -0.061893 -0.076698 -0.024261 -0.048978 -0.114468 -0.094015 -0.076129 -0.041305 -0.039968 -0.102325 -0.053908 -0.114963 -0.043266 -0.071193 -0.038089 -0.081056 -0.061820 -0.072329 -0.046766 -0.122257 -0.103742 -0.073724 -0.155740 -0.080882 -0.080504 -0.153081 -0.117697 -0.091390 -0.027923 0.024209 -0.029893 -0.062525 -0.019041 -0.042208 -0.069069 -0.024564 -0.106105 -0.058369 -0.083029 -0.093503 -0.079921 -0.054612 -0.012851 -0.001690 -0.021867 0.005270 -0.047286 0.011147 -0.023466 -0.030810 -0.045951 -0.109479 -0.040618 -0.040412 -0.062355 -0.033920 0.034486 -0.029616 -0.051050 0.009796 -0.029901 -0.049748 -0.040900 -0.029590 -0.086564 -0.047764 -0.031570 -0.074155 -0.043295 -0.049182 -0.060583 -0.045058 -0.000105 -0.053579 -0.030010 -0.047810 -0.027540 -0.046519 0.017111 -0.046232 -0.028816 -0.059424 -0.071949 -0.020080 -0.012701 -0.007461 -0.039167 -0.048038 -0.012270 -0.025133 -0.097987 -0.085212 -0.064632 -0.057305 -0.042581 -0.071918 -0.034796 -0.083824 0.014529 -0.003664 -0.046326 -0.078991 -0.064588 -0.060853 -0.053042 -0.023398 -0.014395 0.048800 -0.044319 -0.049917 -0.012539 -0.015756 -0.003505 -0.019749 -0.064028 -0.075402 -0.032880 0.019623 -0.032240 -0.063125 -0.065895 -0.091889 -0.114820 0.029872 -0.016687 -0.092337 -0.069025 -0.096930 -0.063708 -0.070512 -0.057015 -0.108561 -0.042544 -0.031267 -0.037791 0.012107 -0.032790 -0.072423 -0.038142 -0.006710 -0.045396 -0.083828 -0.062374 -0.073553 -0.116961 -0.137783 -0.104411 -0.079983 -0.115692 -0.070287 -0.065393 -0.078171 -0.084714 -0.122505 0.027594 -0.036295 -0.126684 -0.148318 -0.049437 -0.014831 -0.023037 -0.068000 -0.075259 -0.003568
-0.053997 -0.051597 -0.012333 -0.039274 -0.041296 -0.024184 -0.004189 -0.010986 -0.054833 -0.031138 0.015342 0.003923 -0.043033 -0.056449 -0.029688 -0.003785 -0.037315 -0.155918 -0.161505 -0.107619 -0.098624 -0.047691 -0.105006 -0.038687 -0.002183 -0.045311 -0.101819 -0.129518 -0.066684 -0.071287 -0.143022 -0.092982 -0.096779 -0.017714 -0.021781 -0.051307 -0.019463 -0.055057 -0.055564 -0.045195 -0.028833 -0.082742 -0.066547 -0.068700 -0.040281 -0.085578 -0.089540 -0.074052 -0.045610 -0.084085 -0.094633 -0.086765 -0.124923 -0.181890 -0.152376 -0.025059 -0.054612 -0.047454 -0.008226 -0.053745 -0.076658 -0.093448 -0.080522 -0.023825 -0.030807 -0.042246 -0.037398 -0.080215 -0.043189 0.002371 -0.026475 -0.012756 -0.020931 -0.034934 -0.077108 -0.091403 -0.016914 -0.042217 -0.060383 -0.008473 -0.028687 -0.024575 0.017066 0.002158 0.004656 0.005405 -0.072531 -0.047650 -0.018999 -0.048033 -0.035730 -0.046330 0.004409 0.001012 -0.027112 -0.051191 -0.098958 -0.047163 -0.023588 -0.047460 -0.022484 -0.041097 -0.010699 -0.064206 0.016421 -0.041725 -0.045795 -0.036674 -0.033450 0.002085 -0.005862 -0.003545 -0.054079 -0.068342 -0.028682 -0.035091 -0.048746 -0.019621 -0.039496 -0.054265 -0.017933 -0.068563 -0.058729 -0.065461 -0.013843 -0.071834 -0.071828 -0.039585 -0.065301 -0.039184 -0.064309 -0.039555 0.021848 0.034536 -0.043007 -0.064782 -0.032994 -0.019879 -0.015736 -0.004395 -0.084639 -0.052798 -0.055350 -0.045312 -0.070819 -0.060474 -0.035137 -0.092710 -0.091018 -0.011775 -0.043516 -0.104120 -0.117151 -0.123025 -0.081438 -0.077115 -0.055521 -0.082561 -0.116177 -0.056576 -0.035654 -0.048850 -0.054578 -0.066204 -0.090310 -0.083547 -0.088006 -0.073084 -0.003747 -0.054323 -0.066558 -0.048923 -0.056807 -0.061354 -0.057994 -0.108511 -0.038408 0.004853 -0.044895 -0.074309 -0.037815 -0.061403 -0.107803 -0.119855 -0.039127 -0.000774 -0.045084 -0.156187 -0.107179 -0.073517
-0.094984 -0.030655 -0.019596 -0.048377 -0.021378 -0.004026 0.002153 -0.106216 -0.032274 0.005649 -0.005714 -0.049591 -0.016823 -0.019621 -0.032909 -0.068604 -0.068452 -0.080082 -0.055138 -0.072273 -0.064214 -0.032633 -0.081421 -0.100937 -0.036207 -0.015687 -0.108115 -0.085284 -0.052346 -0.062618 -0.109345 -0.070774 -0.103113 -0.089529 -0.050650 -0.021992 -0.048672 -0.003062 -0.042347 -0.039916 -0.063281 -0.018483 -0.080178 -0.079268 -0.019869 -0.063130 -0.085775 -0.015115 -0.055959 0.005960 -0.050853 -0.101588 -0.063921 -0.103408 -0.111400 -0.068272 -0.066431 -0.045418 -0.007896 -0.059027 -0.025009 -0.061967 -0.108021 -0.049208 -0.024337 0.003184 -0.023942 -0.026000 -0.068236 -0.016362 -0.033070 -0.024800 -0.021167 -0.048599 -0.111938 -0.128089 -0.025562 -0.021270 -0.073726 -0.058538 -0.033092 -0.011614 -0.023837 0.003413 -0.014428 -0.067227 -0.056452 -0.020611 -0.053602 -0.041631 -0.027645 -0.013485 0.008388 -0.055085 -0.034138 -0.043365 -0.113761 -0.052698 -0.012656 -0.031430 -0.031689 -0.030976 -0.041099 -0.046605 -0.074481 -0.020345 -0.053998 -0.043957 0.000977 0.001002 -0.059119 -0.032844 -0.022661 -0.020013 -0.016265 -0.005919 -0.034946 -0.061259 -0.010973 -0.085322 -0.019875 -0.036187 -0.094631 -0.043180 -0.020062 -0.022563 -0.060516 -0.049849 -0.057879 -0.023825 -0.052687 -0.069425 -0.004220 0.036105 -0.048925 -0.039252 0.021239 -0.040853 0.016565 0.028038 -0.040233 -0.065613 -0.084797 -0.049842 0.017850 -0.030243 -0.075229 -0.076737 -0.069351 -0.049582 -0.047409 -0.050976 -0.049986 -0.072314 -0.061504 -0.042011 -0.045919 -0.012465 -0.059159 -0.035550 -0.054175 -0.028089 -0.017560 -0.083227 -0.093485 -0.125731 -0.142200 -0.099342 -0.049794 -0.057691 -0.047351 -0.051326 -0.010566 -0.029014 -0.047113 -0.121402 -0.064980 0.022215 -0.059193 -0.064754 -0.106217 -0.145825 -0.034644 -0.056290 -0.093724 -0.041505 -0.086426 -0.130146 -0.040638 -0.084317
-0.039468 -0.057798 -0.049988 -0.063625 -0.054962 -0.047989 -0.044159 0.003486 -0.001072 -0.019960 -0.023780 -0.042811 0.013696 -0.005726 -0.022109 0.006013 -0.050536 -0.050758 -0.090524 -0.065488 -0.055120 -0.026243 -0.133603 -0.088664 -0.066336 -0.048101 -0.048406 -0.068471 -0.076972 -0.084303 -0.096330 -0.085638 -0.088617 -0.066766 -0.061562 -0.031765 -0.061889 -0.044681 -0.083600 -0.092938 -0.075767 -0.006010 -0.073001 -0.097205 -0.099734 -0.058587 -0.118697 -0.091848 -0.074174 -0.020291 -0.111896 -0.127467 -0.018644 -0.006989 -0.097527 -0.076082 -0.040833 -0.051947 -0.128316 -0.090094 -0.097748 -0.052717 -0.081336 -0.045460 0.011486 -0.054143 -0.029011 -0.081391 -0.076783 0.000871 -0.050415 -0.070300 0.018666 -0.043877 -0.064822 -0.024286 0.001780 0.001291 -0.044302 -0.114967 -0.054984 -0.027906 0.006834 -0.013998 -0.045084 -0.066786 -0.062714 -0.008633 -0.054083 -0.019771 -0.044011 -0.077810 -0.029680 -0.066486 0.000507 0.019341 -0.045768 -0.005407 -0.003751 -0.062304 -0.065508 -0.056296 -0.058040 -0.024587 0.004644 -0.040309 -0.042115 -0.031003 -0.011631 -0.031535 -0.057450 -0.053955 -0.018734 -0.029325 -0.126260 -0.043071 0.003197 -0.045651 -0.046357 -0.057297 -0.060169 -0.072180 -0.048420 -0.022040 -0.044066 -0.044304 -0.041722 0.028130 0.006377 -0.013038 -0.010711 -0.061024 -0.040783 0.009590 -0.143960 -0.108585 -0.014409 -0.058064 -0.056020 -0.012759 -0.022944 -0.059007 -0.063349 -0.008952 0.005332 -0.038273 -0.052590 -0.054618 -0.094099 -0.040069 -0.008683 -0.086448 -0.060041 -0.019465 -0.046638 -0.022111 -0.062574 -0.080350 -0.029389 0.006558 -0.084710 -0.049248 -0.029498 -0.070936 -0.069897 -0.055418 -0.037496 -0.076469 -0.074209 -0.067477 -0.080861 -0.072482 -0.056327 -0.063678 -0.063202 -0.044986 -0.061940 -0.027841 -0.010478 -0.063567 -0.059439 -0.094050 -0.071354 -0.153720 -0.127107 -0.117561 -0.076347 -0.124231 -0.061719 -0.079442
-0.069821 -0.091065 -0.055205 -0.044471 -0.057529 -0.017837 -0.061437 -0.068729 -0.040040 -0.063365 -0.011537 -0.041524 -0.059654 -0.040163 -0.011002 -0.024369 -0.001492 -0.011037 -0.083946 -0.096422 -0.141846 -0.098358 -0.122400 -0.112510 -0.041051 -0.039406 -0.067256 -0.057961 -0.027377 -0.043599 -0.130698 -0.092035 -0.063814 -0.041584 -0.012823 0.032175 -0.048400 -0.074746 -0.022853 -0.016076 -0.074505 -0.083211 -0.030111 -0.081092 -0.085780 -0.046551 -0.087666 -0.054630 0.043514 -0.126962 -0.123255 -0.083726 -0.103032 -0.039990 -0.102059 -0.106826 -0.000692 -0.096019 -0.070611 -0.023723 -0.127416 -0.010929 0.034284 -0.018422 -0.047539 -0.065178 -0.056514 -0.126171 -0.048063 -0.067558 -0.089187 -0.053553 -0.061027 -0.060451 -0.066604 0.010881 0.012715 -0.043298 -0.028857 -0.000924 -0.043929 -0.030597 -0.047156 -0.044111 -0.037150 -0.059216 -0.092065 -0.044266 -0.040197 -0.047486 -0.065972 -0.051148 -0.019735 0.006480 -0.011862 -0.016284 -0.018663 -0.013225 -0.049793 -0.038527 -0.040840 -0.065916 -0.078133 0.000217 -0.009776 -0.046681 -0.004972 -0.089330 -0.017708 -0.035205 -0.001983 -0.041838 -0.114324 -0.064222 -0.025836 -0.021639 -0.057501 -0.043915 -0.038281 -0.055190 -0.070369 -0.018792 -0.009653 -0.067876 -0.058389 -0.016557 -0.044768 -0.065237 -0.053631 -0.004577 -0.006159 -0.070308 -0.086581 -0.115458 -0.112157 -0.055665 -0.040143 -0.026148 -0.051344 -0.081644 -0.000995 -0.015753 -0.055275 -0.020681 -0.033969 -0.101417 -0.031337 -0.010739 -0.062024 -0.025091 -0.021002 -0.053082 -0.020318 -0.022944 -0.093262 -0.094012 -0.009901 -0.108253 -0.073009 -0.020568 -0.082562 -0.155956 -0.021165 -0.017048 -0.102719 -0.049195 -0.045707 -0.126063 -0.021758 -0.038622 -0.106642 -0.031752 -0.057867 -0.036550 -0.055084 -0.149822 -0.115344 -0.027979 -0.023468 -0.069192 -0.039765 -0.045302 -0.125023 -0.163721 -0.055738 -0.049906 -0.022167 -0.090964 -0.112618 -0.070209
-0.064254 -0.037803 -0.005858 -0.044940 -0.072194 -0.002323 -0.001870 -0.058416 -0.024838 -0.089203 -0.000083 -0.036926 -0.087417 -0.048835 -0.018580 -0.065968 -0.069893 -0.121510 -0.091692 -0.087630 -0.068445 -0.088897 -0.076603 -0.067423 -0.077423 -0.115629 -0.123774 -0.099846 -0.010886 -0.065752 -0.073325 -0.023427 -0.082946 -0.045176 -0.000168 -0.044699 -0.054910 -0.010404 -0.028163 -0.019308 -0.040736 -0.024744 -0.035866 -0.050146 -0.076978 -0.034648 -0.062375 -0.107910 -0.026131 -0.094437 -0.093234 -0.101236 -0.023569 -0.054736 -0.066189 0.004655 -0.013831 -0.084389 -0.002399 -0.033868 -0.070493 0.019936 0.042537 -0.032038 -0.053273 -0.038886 0.007515 -0.040420 -0.011790 -0.049535 -0.059100 -0.028573 -0.013552 -0.030601 -0.010142 -0.022751 -0.030397 -0.076068 -0.133179 0.009070 0.006023 -0.080248 -0.101196 -0.041675 -0.103243 -0.105768 -0.017443 -0.083017 -0.095393 -0.083210 -0.067335 0.011188 -0.051258 -0.129358 -0.061136 -0.022257 -0.023171 -0.067073 -0.076200 -0.036036 -0.047181 -0.073703 -0.093561 -0.089607 -0.085988 -0.077626 -0.039450 -0.138309 -0.053402 -0.042232 -0.034639 -0.039160 -0.060040 -0.071533 -0.039168 -0.008958 -0.034652 -0.018145 -0.017616 -0.017090 -0.039974 -0.010788 -0.000138 -0.059784 -0.082726 -0.027804 -0.014615 -0.024388 -0.033266 -0.076604 -0.034249 -0.038931 -0.040679 -0.071239 -0.108904 -0.093190 -0.002777 -0.068779 -0.126223 -0.077738 -0.036798 -0.026686 -0.052799 -0.028468 -0.050876 -0.119115 -0.015149 -0.106772 -0.009535 -0.023748 -0.045675 -0.031681 -0.016553 -0.008515 -0.044349 -0.091787 -0.033973 -0.041982 -0.051360 -0.033733 -0.009666 -0.057543 0.008600 0.001612 -0.097748 -0.129882 -0.021917 -0.108468 -0.033977 -0.016820 -0.049797 -0.078221 -0.088158 -0.083975 -0.042096 -0.060573 -0.020501 -0.083838 -0.102148 -0.056583 -0.075702 -0.069427 -0.110418 -0.118767 -0.076952 -0.025074 -0.005281 -0.006048 -0.097914 -0.091098
-0.017004 -0.048341 -0.100262 -0.068834 -0.091463 -0.100463 -0.052426 -0.025952 0.013449 -0.025440 -0.026550 -0.033646 -0.086706 -0.087055 -0.043779 -0.042789 -0.072801 -0.090725 -0.025595 -0.095875 -0.099861 -0.091596 -0.106299 -0.105624 -0.096568 -0.115333 -0.034602 -0.018873 0.001392 -0.138782 -0.080446 -0.037464 -0.048804 -0.070167 -0.050413 -0.030311 -0.003685 -0.023260 -0.074172 -0.037454 -0.033142 -0.090757 -0.052272 -0.067356 -0.044136 -0.077599 -0.030416 -0.082022 -0.110652 -0.065834 -0.104044 -0.133256 -0.053925 -0.042968 -0.054340 -0.043307 -0.065668 0.020684 0.041540 0.002836 -0.048083 -0.013358 0.014971 -0.062287 -0.018713 -0.001568 -0.018987 0.015125 -0.113206 -0.082672 -0.051324 0.009396 -0.010036 -0.043515 -0.057356 -0.062843 -0.078488 -0.090583 -0.108276 -0.031316 -0.025384 -0.042081 -0.044447 -0.145546 -0.061719 -0.011405 -0.000883 -0.059613 -0.105681 -0.108580 -0.019195 -0.035090 -0.084819 -0.099821 -0.082625 -0.029804 -0.003609 -0.026294 -0.045093 -0.022016 -0.033624 -0.026316 0.006078 -0.050578 -0.059595 -0.129291 -0.105316 0.001608 -0.007869 -0.054514 -0.037751 -0.061609 -0.013111 -0.053841 -0.052825 -0.052885 -0.038180 -0.015541 -0.037802 -0.074464 -0.051855 -0.062312 -0.042435 -0.036673 -0.054983 -0.032199 -0.014063 -0.041352 -0.092751 -0.063355 -0.041572 -0.007966 -0.013849 -0.038081 -0.178483 -0.140478 -0.039454 -0.047868 -0.096436 -0.111999 -0.009264 -0.040200 -0.071172 -0.048842 -0.100391 -0.116997 -0.051327 -0.152711 -0.121489 -0.083818 -0.045863 -0.024103 -0.058306 -0.020241 -0.030311 -0.010285 -0.050605 -0.018648 -0.073061 -0.042594 -0.005179 -0.027641 -0.020454 -0.023501 -0.089795 -0.096104 -0.076844 -0.031507 -0.004467 -0.038827 -0.047467 -0.040387 -0.021391 -0.033700 -0.073357 -0.024636 -0.012024 -0.072000 -0.076074 -0.085984 -0.104877 -0.039805 -0.028028 -0.078877 -0.092424 -0.035174 -0.062486 -0.058868 -0.038102 -0.068043
-0.018199 -0.014068 -0.074804 -0.045968 -0.101368 -0.101631 -0.097954 -0.024857 0.021996 -0.014768 -0.016052 -0.055889 -0.101705 -0.065812 -0.025021 0.001041 -0.031281 -0.028451 -0.064698 -0.090211 -0.074858 -0.055979 -0.009448 -0.068820 -0.097610 -0.071459 0.023306 -0.059766 -0.093400 -0.073429 -0.028572 -0.094061 -0.072578 -0.082077 -0.051936 -0.049957 0.003938 -0.020778 -0.037730 -0.025247 -0.041712 -0.074795 -0.049523 -0.059444 -0.065419 -0.094880 -0.043689 -0.036885 -0.095844 -0.083092 -0.104422 -0.124243 -0.058217 -0.084403 -0.054705 -0.073742 -0.087675 -0.019335 0.004704 -0.007952 -0.017981 -0.039763 -0.011938 -0.087202 -0.055581 -0.013179 -0.135759 -0.097979 -0.075976 -0.131360 -0.103066 -0.062335 -0.064734 -0.093023 -0.089194 -0.045123 -0.040217 -0.045754 -0.078270 -0.072792 -0.101682 -0.017345 -0.002638 -0.126203 -0.071089 -0.047347 0.020717 -0.000623 -0.107449 -0.101370 -0.052115 -0.089911 -0.057374 -0.085941 -0.047361 -0.028407 -0.064991 0.001346 0.012918 0.005680 -0.023869 -0.060150 -0.012837 0.007874 -0.047438 -0.117347 -0.058143 -0.011382 -0.042487 -0.055942 -0.002712 -0.063885 -0.094251 -0.037713 -0.086999 -0.088505 -0.009628 -0.019668 -0.105559 -0.048703 -0.018109 -0.051873 -0.059040 -0.016103 -0.050096 -0.044706 -0.033933 -0.098708 -0.109276 -0.061582 -0.042390 -0.051230 -0.013488 -0.070040 -0.155851 -0.112290 -0.057302 -0.048680 -0.073610 -0.126697 -0.038516 -0.037594 -0.055818 -0.074730 -0.046960 -0.143866 -0.126512 -0.160184 -0.172158 -0.084311 0.001663 0.007010 -0.023628 -0.031802 -0.022631 0.001863 -0.073251 -0.075461 -0.117039 -0.073047 -0.026949 -0.038606 -0.068059 -0.018063 -0.067442 -0.046533 -0.106839 0.064392 -0.041459 -0.085138 -0.019137 -0.012043 -0.058141 0.001250 -0.019023 0.008540 -0.056899 -0.026704 -0.026460 -0.072177 -0.050683 0.001834 -0.013401 -0.074856 -0.062964 -0.095933 -0.072246 -0.060092 -0.065792 -0.056513
-0.051023 -0.012178 -0.014705 -0.057408 -0.043624 -0.085095 -0.068524 -0.030960 -0.047368 -0.046050 -0.019002 -0.029017 -0.037784 -0.032211 0.004606 -0.035149 -0.069072 -0.084079 -0.112097 -0.113930 -0.074498 -0.056475 -0.054663 -0.059147 -0.043791 -0.068344 -0.023518 -0.078315 -0.044734 -0.051406 -0.067176 -0.031254 -0.014584 -0.182702 -0.106707 0.010708 -0.009037 -0.045284 -0.046087 -0.048961 -0.020247 -0.026371 -0.079018 -0.045730 -0.085827 -0.043029 -0.042000 -0.043722 -0.027506 -0.057147 -0.060651 -0.066442 -0.091760 -0.083787 -0.039997 -0.054431 -0.041659 -0.025571 -0.079950 -0.051677 -0.030774 0.003086 -0.014043 -0.106034 -0.066000 -0.027617 -0.082786 -0.069104 -0.097813 -0.134954 -0.064122 -0.039144 -0.006500 -0.056851 -0.024495 -0.024250 -0.060629 -0.057327 -0.018925 -0.003292 -0.002101 -0.053692 -0.063479 -0.038989 -0.069692 -0.014706 -0.042133 -0.026580 -0.003076 -0.043848 -0.039854 -0.035967 -0.076367 -0.100152 -0.030333 -0.046172 -0.123707 -0.080287 -0.052034 -0.054669 -0.002293 -0.058320 -0.047666 -0.001004 -0.040810 -0.046465 -0.039342 -0.099406 -0.054810 -0.023122 0.010583 -0.038570 -0.101205 -0.116957 -0.063006 -0.020110 0.002946 0.012959 -0.025525 -0.003290 -0.049216 -0.072560 -0.037836 -0.043441 -0.122238 -0.045648 -0.007480 -0.034875 -0.044197 -0.092478 -0.036461 -0.068864 -0.027948 -0.036129 -0.102440 -0.136238 -0.068076 -0.022059 -0.069865 -0.018294 -0.053427 -0.056665 0.014907 -0.069122 -0.093472 -0.089076 -0.092568 -0.092882 -0.076341 -0.062655 -0.012584 0.050930 0.001517 -0.036482 -0.021999 -0.055991 -0.051911 -0.035409 -0.091113 -0.106216 -0.098979 -0.059485 -0.042303 -0.058567 -0.061649 0.000436 -0.020269 -0.039006 -0.048025 -0.049122 0.001964 -0.055311 -0.110365 -0.035399 -0.026701 -0.083240 -0.072916 -0.022537 0.020867 -0.027282 -0.080088 -0.004576 -0.036071 -0.090032 -0.122834 -0.114924 -0.045561 -0.001008 -0.047906 -0.057436
-0.096320 -0.003406 0.010371 -0.070958 -0.043355 -0.095479 -0.096497 -0.082230 -0.065094 -0.035014 -0.044740 -0.042474 -0.061418 -0.048592 -0.036250 -0.063075 -0.082536 -0.075689 -0.064144 -0.062861 -0.152957 -0.085746 -0.005916 -0.040313 -0.113504 -0.075567 -0.084093 -0.074155 -0.063727 -0.057149 -0.057850 -0.047077 -0.118817 -0.219005 -0.126497 -0.016404 0.017976 -0.040697 -0.053477 -0.018903 -0.034790 -0.056161 -0.054539 0.016778 -0.047184 -0.044768 0.001792 -0.034939 -0.081814 -0.042082 -0.053127 -0.093461 -0.068701 0.017066 -0.047479 -0.088990 -0.052337 -0.036025 -0.052493 -0.049802 -0.059134 0.003399 0.014799 -0.077710 -0.039360 -0.060275 -0.117926 -0.099869 -0.069037 -0.022569 0.008382 -0.020715 -0.114077 -0.052284 -0.057838 -0.065546 -0.031224 -0.040120 -0.015408 -0.017525 0.018603 -0.043771 -0.070422 -0.069625 -0.036262 -0.032311 -0.043588 -0.056833 -0.045453 -0.059085 -0.090606 -0.065391 -0.024363 0.025266 -0.003803 0.011934 -0.043679 -0.032842 -0.084889 -0.110937 0.007885 -0.041048 -0.078024 -0.093209 -0.060499 -0.069479 -0.111011 -0.117757 -0.066275 0.000044 -0.055654 -0.115490 -0.047211 -0.075847 -0.088668 -0.059758 -0.100153 -0.038288 -0.007030 -0.039527 -0.098686 -0.050632 -0.038420 -0.009333 -0.076068 -0.036337 -0.012997 -0.007803 0.018842 -0.006838 -0.069750 -0.022272 -0.066024 -0.076673 0.006310 -0.027863 -0.031001 -0.042846 -0.033025 0.003034 -0.090463 -0.067379 -0.030438 -0.063919 -0.046635 -0.042515 -0.035329 -0.027015 -0.073394 -0.058156 -0.004295 -0.007378 -0.032461 -0.056682 -0.013270 -0.071376 -0.013877 0.000337 -0.038088 -0.080181 -0.123752 -0.038278 -0.052810 -0.083819 -0.056446 -0.045614 -0.054032 -0.062945 -0.011741 -0.020791 -0.042653 -0.023000 -0.074293 -0.080025 -0.047149 -0.068594 -0.028045 -0.095166 -0.033205 -0.100909 -0.052710 -0.025788 -0.064565 -0.047369 -0.066084 -0.126392 -0.114946 -0.096424 -0.068426 -0.149897
-0.064587 -0.024324 -0.031026 -0.036559 -0.055531 -0.120491 -0.073718 -0.043777 -0.048278 -0.049236 -0.054013 -0.011793 -0.089412 -0.057664 -0.044732 -0.095166 -0.090894 -0.040037 -0.045064 -0.074380 -0.110568 -0.107294 -0.033965 -0.131594 -0.084463 -0.037821 -0.091934 -0.074591 -0.086620 -0.048127 -0.038733 -0.103452 -0.057774 -0.104940 -0.035576 -0.085877 -0.095058 0.005580 0.004562 -0.013974 -0.013178 -0.044875 -0.057562 -0.053780 -0.073385 -0.084894 -0.097884 -0.048732 -0.053960 -0.092130 -0.053884 -0.069345 -0.081595 -0.011542 -0.028861 -0.065094 -0.046651 -0.072959 -0.023196 -0.019697 -0.070480 -0.048777 -0.017474 -0.092157 -0.039517 -0.033436 -0.090884 -0.059649 -0.075609 -0.055515 -0.016711 0.010404 -0.111942 -0.096810 -0.169586 -0.111601 -0.137750 -0.083495 -0.084129 -0.129006 -0.011633 -0.115771 -0.158735 -0.101877 -0.053298 -0.088148 -0.049381 -0.071862 -0.015978 -0.067417 -0.149049 -0.086312 -0.019451 0.012947 0.021835 0.015596 -0.088264 -0.081464 -0.084818 -0.077522 -0.063453 -0.049557 -0.107308 -0.123317 -0.045467 -0.083853 -0.096109 -0.091742 -0.034128 -0.024911 -0.080961 -0.063393 -0.001016 -0.096991 -0.053293 -0.063180 -0.149075 -0.086455 -0.043605 -0.040390 -0.046575 -0.007015 -0.058384 -0.054687 -0.021055 -0.082221 -0.054226 -0.023735 -0.001925 -0.009594 -0.064385 -0.038443 -0.034147 0.007895 0.051332 0.013840 -0.024651 -0.072715 -0.041621 -0.037457 -0.046373 -0.013485 -0.068290 -0.074165 -0.080683 -0.049916 0.006855 -0.014703 -0.133659 -0.032889 0.006822 -0.101669 -0.077802 -0.053001 -0.081234 -0.126403 -0.067984 -0.012509 -0.017323 -0.074130 -0.036848 -0.038088 -0.061069 -0.127537 -0.058706 -0.044416 -0.059169 -0.055556 -0.041118 -0.047344 -0.088584 -0.076182 -0.032186 -0.045653 -0.082312 -0.092073 -0.013423 -0.036719 -0.052496 -0.082941 -0.027139 -0.058202 -0.069818 -0.008983 -0.113392 -0.187091 -0.107435 -0.130529 -0.088205 -0.075771
-0.107877 -0.120403 -0.049401 -0.054779 -0.036357 -0.017591 -0.020791 -0.049327 -0.029322 -0.034544 -0.031217 -0.034857 -0.064041 -0.048439 -0.020646 -0.024136 -0.058186 0.000058 -0.058501 -0.048724 -0.016141 -0.012855 -0.060581 -0.100986 -0.065828 -0.065257 -0.024603 -0.024432 -0.003507 -0.062820 -0.038777 -0.043285 -0.029202 -0.040808 -0.028658 -0.071686 -0.054372 -0.021770 -0.069341 -0.059192 0.009542 -0.043145 -0.015434 -0.041420 -0.032449 -0.093673 -0.116861 -0.051337 0.009860 -0.075994 -0.066732 -0.070627 -0.084563 -0.015380 -0.003482 -0.041041 -0.084135 -0.054490 -0.045427 -0.043585 0.025650 -0.043028 -0.115585 -0.095800 -0.085739 -0.073121 -0.029442 -0.067462 -0.076320 -0.044146 -0.028619 -0.008556 -0.021845 -0.078988 -0.165663 -0.058288 -0.079054 -0.075719 -0.006228 -0.122525 -0.049726 -0.109901 -0.112438 -0.044731 -0.068059 -0.065194 -0.093681 -0.070794 -0.062365 -0.090901 -0.059173 -0.093426 -0.025567 -0.060102 -0.021093 -0.046348 -0.076866 -0.062389 -0.071030 -0.048038 -0.035387 -0.053082 -0.053372 -0.033756 -0.052061 -0.091733 -0.071128 -0.051099 -0.050199 -0.021492 -0.059304 -0.036351 -0.024605 -0.077134 -0.071373 -0.045227 -0.098428 -0.086978 -0.131247 -0.048855 -0.022085 -0.058405 -0.071546 -0.100411 -0.001692 -0.044945 -0.080132 -0.082767 -0.073450 -0.044971 0.018973 -0.021721 -0.050476 -0.040196 0.007676 0.050719 -0.027534 -0.042404 0.010549 -0.028321 -0.025608 -0.076973 -0.075853 -0.045717 -0.062300 -0.072210 -0.059887 -0.043768 -0.074400 -0.039482 -0.078978 -0.035982 -0.076144 -0.048138 -0.052931 -0.079130 -0.097094 -0.036952 -0.043748 -0.113808 -0.072698 -0.075416 -0.080483 -0.045154 -0.033590 -0.063450 -0.072494 -0.049734 -0.041509 0.008609 -0.016027 -0.068686 -0.053128 -0.021351 -0.059271 -0.062211 -0.019491 0.022689 -0.061088 -0.033389 -0.009813 -0.016125 -0.050981 -0.048826 -0.094853 -0.100850 -0.079490 -0.060945 -0.038576 -0.080445
-0.080328 -0.082241 -0.042690 -0.070909 -0.056520 -0.083234 -0.050694 -0.036559 -0.018472 -0.052796 0.006187 -0.049785 -0.085515 -0.038157 -0.094107 -0.054419 -0.050666 -0.018509 -0.043409 -0.054196 -0.067253 -0.096553 -0.064699 -0.054998 -0.150268 -0.084145 0.007483 0.024288 0.003725 -0.060674 -0.036681 -0.068444 -0.121801 -0.078830 -0.034009 -0.061174 -0.064075 -0.025170 -0.031870 -0.103231 -0.059794 -0.080436 -0.038067 -0.044629 -0.052047 -0.091692 -0.105490 -0.015014 -0.039976 -0.038174 -0.052730 -0.038968 -0.057547 -0.039765 0.008839 -0.043867 -0.096647 0.020555 -0.019108 -0.079666 -0.015534 -0.047709 -0.076407 -0.059439 -0.027872 -0.035853 -0.053269 -0.064860 -0.033284 -0.033162 -0.065231 -0.069242 -0.075899 -0.039120 -0.063603 -0.061416 -0.019542 -0.087774 -0.129237 -0.115345 -0.077621 -0.047378 -0.069071 -0.063301 -0.047413 -0.066650 -0.071901 -0.063679 -0.081919 -0.098825 -0.054699 -0.070739 -0.075139 -0.125266 -0.046474 -0.042357 -0.031642 -0.074035 -0.012283 -0.031096 -0.031253 -0.020558 0.011657 -0.036637 -0.094563 -0.113702 -0.107979 -0.024747 -0.044321 -0.000142 -0.025133 -0.056070 0.002889 -0.034897 -0.096514 -0.050743 -0.009655 -0.067634 -0.115676 -0.089129 -0.065279 -0.084999 -0.064026 -0.127493 -0.103984 0.010671 -0.059138 -0.053477 -0.060574 -0.011060 -0.020589 -0.025128 -0.034964 -0.009946 -0.011615 0.024997 -0.059415 -0.040982 -0.073144 0.006704 -0.012292 -0.089161 -0.072433 -0.036101 -0.060952 -0.054138 -0.020997 -0.044294 -0.035689 -0.023716 -0.033763 -0.011038 -0.042757 -0.013599 -0.028386 -0.037992 -0.068152 0.011225 -0.086393 -0.063458 -0.091108 -0.101989 -0.136403 -0.072707 -0.024863 -0.011276 -0.014981 -0.021484 -0.044368 -0.000121 -0.071090 -0.093648 -0.082579 -0.020798 -0.036951 -0.030821 -0.062475 -0.064798 -0.114215 -0.101121 -0.062365 -0.073585 -0.094828 -0.045969 -0.086604 -0.042908 -0.023628 -0.090934 -0.079390 -0.045700
-0.062424 -0.009357 -0.054974 -0.039714 -0.046308 -0.057367 -0.091192 -0.075286 -0.015667 -0.080315 -0.046333 -0.039693 -0.026470 -0.071295 -0.102142 -0.063583 -0.036513 -0.039271 -0.031959 -0.082355 -0.097052 -0.081665 -0.083938 -0.008963 -0.043216 -0.046743 -0.040631 -0.059029 -0.044276 -0.010445 0.010001 -0.010669 -0.021397 -0.033593 -0.059160 -0.078800 -0.084269 -0.050097 -0.033547 -0.081260 -0.117233 -0.082871 -0.049374 -0.014946 -0.068116 -0.048489 -0.069817 -0.043623 -0.036652 -0.073491 -0.066702 -0.056566 -0.090297 -0.056659 0.028546 -0.049629 -0.057721 -0.039690 -0.062859 -0.128405 -0.095823 -0.017104 -0.025403 -0.027507 -0.020627 -0.015990 -0.048032 -0.033652 -0.040480 -0.021406 -0.011654 -0.032036 -0.063670 -0.025242 -0.043745 -0.041120 0.036102 -0.050931 -0.042088 -0.084067 -0.138457 -0.029766 -0.041390 -0.071692 0.009642 -0.028660 -0.015172 -0.008746 -0.035096 -0.069780 -0.100805 -0.115417 -0.096299 -0.066337 -0.048221 -0.037938 0.001913 -0.120232 -0.082863 -0.083141 -0.040098 -0.023487 -0.015865 -0.015434 -0.056469 -0.072460 -0.045067 -0.033975 -0.061581 -0.059177 -0.041346 -0.095136 -0.091966 -0.099941 -0.055863 -0.031247 -0.063971 -0.039509 -0.036902 -0.032661 0.000602 -0.051429 -0.039404 -0.033011 -0.055768 -0.048233 -0.042419 -0.025241 -0.027137 -0.057621 -0.078573 -0.016183 -0.082736 -0.067175 0.004247 0.035343 -0.018699 -0.027945 -0.045720 -0.034246 -0.038340 -0.118200 -0.089223 -0.024894 -0.067927 -0.059057 -0.028037 0.030019 0.048041 -0.031771 -0.005946 -0.052663 -0.049933 0.021415 -0.019301 -0.074746 -0.014254 0.018206 -0.029514 -0.116113 -0.110208 -0.126474 -0.090180 -0.064268 -0.028904 -0.033776 -0.015533 -0.054162 -0.053183 -0.067259 -0.045123 -0.018366 -0.032388 -0.005246 -0.023607 -0.043682 -0.036208 -0.046530 -0.089610 -0.046356 -0.044392 -0.086436 -0.057824 -0.054971 -0.096697 -0.046944 -0.014456 -0.015473 -0.053652 -0.066536
-0.104258 -0.019981 -0.025529 -0.050568 -0.023732 0.030967 -0.033585 -0.092836 -0.114839 -0.092978 -0.066250 -0.061530 -0.003588 -0.017041 -0.050405 -0.067903 -0.054340 -0.076291 -0.007701 -0.100317 -0.071972 -0.010597 -0.055086 -0.023231 -0.061468 -0.102548 0.002523 -0.072573 -0.075398 -0.021813 0.007425 0.003463 0.072398 0.001110 -0.093427 -0.144674 -0.098448 -0.049657 -0.081976 -0.075892 -0.100100 -0.097829 -0.028084 -0.029742 -0.091743 -0.080289 -0.093032 -0.121187 -0.042319 -0.142478 -0.074104 -0.059862 -0.031154 -0.032721 -0.008347 -0.066139 -0.061518 -0.009016 -0.030470 -0.054391 -0.096388 -0.070216 -0.048875 -0.047075 -0.031134 -0.161424 -0.085100 -0.044320 -0.082143 -0.004172 0.035938 -0.068474 -0.054252 -0.011349 -0.029548 -0.041428 -0.027903 -0.040026 -0.075295 -0.050181 -0.041813 -0.019455 -0.050506 -0.104280 -0.003865 -0.066203 -0.062237 -0.080825 -0.073187 -0.061603 -0.060068 -0.054144 -0.034491 -0.073397 -0.036186 -0.043512 -0.084818 -0.133549 -0.067239 -0.064519 -0.009725 -0.049105 -0.026355 -0.044627 -0.062202 -0.037628 -0.024409 -0.070267 -0.098826 -0.093658 -0.068264 -0.102083 -0.080317 -0.120991 -0.051233 -0.054403 -0.067450 -0.005690 -0.041400 -0.053981 -0.011046 -0.045353 -0.023184 -0.004537 0.011503 -0.034080 -0.023842 0.001556 -0.089790 -0.096168 -0.048046 -0.033459 -0.101761 -0.042477 0.028450 0.032270 0.000752 -0.020810 -0.021258 -0.020416 -0.027826 -0.060334 -0.068221 -0.032982 -0.033072 -0.043157 -0.011118 -0.021685 -0.011675 -0.029709 -0.038881 -0.035227 -0.021374 0.040772 0.016518 -0.067229 -0.020291 -0.013538 -0.053468 -0.105605 -0.083003 -0.078883 -0.061510 -0.029673 -0.032738 -0.074053 -0.064454 -0.083357 -0.102959 -0.126399 -0.047285 -0.006870 -0.049943 -0.046767 -0.032583 -0.065690 -0.087894 -0.035155 -0.000893 -0.005937 0.006923 -0.029464 -0.065167 -0.088759 -0.020785 -0.007555 -0.043044 -0.070759 -0.061547 -0.044502
-0.055684 -0.055569 -0.018975 -0.077228 -0.084509 -0.012421 -0.021385 -0.074563 -0.075072 -0.107615 -0.054812 -0.031914 -0.073657 -0.055470 -0.029208 -0.054138 -0.084372 -0.120173 -0.034557 -0.033335 -0.067238 -0.064519 -0.062400 -0.060171 -0.075429 -0.098577 -0.039703 -0.061265 -0.040951 -0.049184 -0.121713 -0.058853 -0.019380 -0.003335 -0.062715 -0.083401 -0.073467 -0.099724 -0.115822 -0.036248 -0.011648 -0.069585 -0.016359 -0.032564 -0.024610 -0.099605 -0.114581 -0.049337 -0.050927 -0.054095 -0.054370 -0.088526 -0.007608 -0.025147 -0.045542 -0.035538 -0.113294 -0.071168 -0.008322 -0.017398 -0.058357 -0.088401 -0.072303 -0.051249 -0.126246 -0.140368 -0.099855 -0.029433 -0.015913 -0.051067 0.050456 0.001100 -0.051033 -0.088874 -0.078442 -0.044869 -0.036311 -0.063810 -0.086529 -0.058395 -0.011112 -0.061933 -0.028353 -0.031744 -0.061001 -0.144950 -0.120559 -0.026982 -0.059474 -0.095018 -0.063479 -0.065743 -0.017303 -0.082366 -0.097517 -0.073827 -0.021808 -0.088464 -0.049588 -0.045909 0.012113 -0.028813 -0.065553 -0.062555 -0.047070 -0.078919 -0.072609 -0.075155 -0.088598 -0.067046 -0.047858 -0.058515 -0.062523 -0.129483 -0.071027 0.001454 0.041070 0.015363 -0.082329 -0.112139 -0.068691 -0.036024 -0.031213 -0.051213 -0.060088 -0.052638 -0.042219 0.002734 -0.042763 -0.086612 -0.060168 -0.077696 -0.072842 0.017981 0.054549 0.029767 -0.026068 -0.038892 -0.049607 -0.020374 0.003339 -0.044587 -0.024032 -0.009127 -0.032716 0.002562 -0.019815 -0.040232 -0.001570 -0.030105 -0.040287 -0.016131 -0.051813 -0.048949 0.001089 -0.012564 -0.030251 -0.074200 -0.071120 -0.052115 -0.078083 -0.011957 -0.052021 -0.120962 -0.050728 0.002049 -0.093931 -0.046816 -0.046418 -0.099808 -0.067367 -0.103408 -0.144388 -0.105793 -0.074440 -0.113074 -0.066958 -0.033015 -0.016573 -0.060120 -0.037637 0.024134 -0.064814 -0.105338 -0.037949 -0.033915 -0.078168 -0.104340 0.000256 -0.004744
-0.084617 -0.070251 -0.005671 -0.097917 -0.133018 -0.044276 0.011992 -0.028800 -0.045875 -0.088183 -0.065326 -0.075167 -0.040762 -0.049955 -0.072046 -0.041562 -0.036157 -0.024792 -0.060987 -0.039604 -0.068260 -0.045608 0.005391 -0.008800 -0.040034 -0.001030 -0.073144 -0.050979 -0.040851 -0.091457 -0.152163 -0.085117 -0.039356 -0.098865 -0.139791 -0.036045 0.000099 -0.053320 -0.135814 0.010209 -0.046841 -0.051343 -0.009530 -0.014746 -0.056590 -0.095846 -0.076659 -0.057923 -0.048362 0.005386 -0.004547 -0.054087 -0.067794 -0.114268 -0.111607 -0.045795 -0.041776 -0.028594 -0.039037 -0.032166 -0.052695 -0.093515 -0.026290 0.011929 -0.062317 -0.108248 -0.083259 -0.032293 0.004404 -0.013364 -0.060440 -0.026778 -0.020425 -0.039124 -0.112430 -0.082862 -0.037849 -0.030113 -0.033119 -0.094438 -0.098544 -0.075340 -0.059340 -0.036769 -0.066432 -0.105056 -0.043571 -0.037610 -0.109027 -0.079012 -0.056171 -0.042183 0.019897 -0.005495 -0.066125 -0.065839 -0.027149 -0.067795 -0.005095 0.043632 -0.059824 -0.038667 -0.026499 -0.057807 -0.082386 -0.082805 -0.056243 -0.045880 -0.048448 -0.079105 -0.066068 -0.013059 -0.063290 -0.108202 -0.040173 -0.029659 -0.056380 -0.010457 -0.072085 -0.093973 -0.016895 0.003541 0.001399 -0.057512 -0.064726 -0.086721 -0.033831 -0.055924 -0.008383 -0.000725 -0.044143 -0.029821 -0.026513 -0.021426 0.013358 0.014837 -0.011871 -0.054792 -0.065863 -0.026689 -0.024917 -0.022081 -0.024447 -0.013238 0.029021 -0.006427 -0.068287 -0.037467 0.008545 -0.057564 -0.066147 -0.017646 -0.049777 -0.083888 -0.047537 -0.018393 -0.050350 -0.082717 -0.001958 -0.022256 -0.086722 -0.034114 -0.035625 -0.115372 -0.035180 -0.028900 -0.144331 -0.063842 -0.082471 -0.067242 -0.063875 -0.121673 -0.084473 -0.081691 -0.080966 -0.046812 -0.014996 -0.031039 -0.031277 -0.001995 -0.069631 -0.093026 -0.072234 -0.026701 -0.052882 -0.050033 -0.047272 -0.076450 -0.007459 -0.041470
-0.048542 -0.061894 -0.056365 -0.022473 -0.079402 -0.040190 0.024661 0.014837 -0.050359 -0.023288 -0.063931 -0.043844 -0.060258 -0.053310 -0.030967 -0.040643 -0.072814 -0.068721 -0.106311 0.001504 0.048125 -0.059784 -0.098823 -0.044613 -0.057107 -0.045211 -0.050173 -0.062590 -0.034955 -0.075197 -0.016785 -0.080103 -0.057129 -0.146059 -0.164559 -0.057515 -0.012602 -0.024013 -0.126803 -0.067736 -0.088931 -0.094155 -0.044093 -0.058417 -0.108236 -0.039760 -0.037692 -0.034869 -0.061799 -0.078043 -0.054280 -0.021187 -0.017554 -0.072262 -0.073868 -0.052804 -0.041699 -0.104391 -0.028052 0.004851 -0.067218 -0.102530 -0.068608 -0.023080 -0.044637 -0.060784 -0.056947 -0.063447 -0.048442 -0.062789 -0.079169 -0.091444 -0.113487 -0.019201 -0.024166 -0.070828 -0.077161 -0.034809 -0.046593 -0.104981 -0.078323 -0.030479 -0.055408 -0.050689 -0.019486 -0.046857 0.010043 -0.014964 -0.041338 -0.035367 -0.057729 -0.076277 -0.020078 -0.035446 -0.075691 -0.101265 -0.072466 -0.034409 0.005629 -0.060855 -0.070177 -0.064595 -0.075935 -0.031108 -0.034932 -0.007257 -0.007893 -0.059391 -0.031085 -0.035407 -0.069956 -0.116754 -0.095097 -0.022488 -0.029526 -0.088443 -0.159711 -0.073121 -0.057402 -0.113245 -0.078128 -0.015040 -0.024457 0.006185 0.005456 -0.054380 -0.044120 -0.058814 -0.039383 0.022897 -0.025937 0.011643 -0.023956 -0.075372 -0.020636 -0.013037 -0.066102 -0.046584 -0.045453 0.000667 -0.064289 -0.043584 -0.052379 -0.034940 0.004347 -0.086266 -0.064666 0.003954 -0.043701 -0.056008 -0.012021 -0.040461 -0.039002 -0.073743 -0.075447 -0.049991 -0.049163 -0.044750 -0.035439 -0.028515 -0.059475 -0.020499 -0.010947 -0.089511 -0.038563 -0.023258 -0.127914 -0.099680 -0.064283 -0.080200 -0.150225 -0.101714 -0.094669 -0.037155 -0.067187 -0.060330 -0.047390 -0.003455 -0.049694 -0.048627 -0.051559 -0.096463 -0.053967 -0.047615 -0.069661 -0.059143 -0.085596 -0.067162 -0.088572 -0.114350
-0.042633 -0.056301 -0.149771 -0.060922 -0.017117 -0.068807 -0.038203 -0.007367 -0.050353 0.008785 -0.030837 -0.020018 -0.071616 -0.050567 0.011755 -0.021375 -0.017741 -0.054912 -0.072309 -0.049735 -0.041612 -0.034942 -0.087832 -0.095371 -0.062892 -0.079407 -0.044609 -0.062673 -0.055453 -0.070118 -0.065198 -0.056829 -0.109213 -0.131355 -0.032794 0.005191 -0.047495 -0.051239 -0.071951 -0.085007 -0.058673 -0.047819 -0.019441 -0.052924 -0.072381 -0.042978 -0.047888 -0.082935 -0.093346 -0.074726 -0.030585 -0.057048 -0.023620 -0.029873 -0.064378 -0.056608 -0.016732 -0.055881 -0.047886 -0.009554 -0.115399 -0.167886 -0.188299 -0.163587 -0.107844 -0.042293 -0.007642 0.000449 -0.052452 -0.079154 -0.083278 -0.076220 -0.024720 -0.019080 -0.029757 -0.040709 -0.064780 0.005781 -0.007987 -0.042980 -0.026729 -0.052167 -0.090695 -0.028692 0.010347 -0.004819 -0.017400 -0.001640 -0.045738 -0.007137 -0.058074 -0.022166 -0.055896 -0.056412 -0.045931 -0.080224 -0.054332 -0.071954 -0.013565 -0.076547 -0.092266 -0.113116 -0.090060 -0.009183 -0.009925 -0.015079 -0.038919 -0.049940 -0.057038 -0.019150 -0.082851 -0.110306 -0.087444 -0.089111 -0.095535 -0.082734 -0.082425 -0.074472 -0.095763 -0.028983 -0.029780 0.014329 0.001331 -0.066968 -0.101094 -0.005515 -0.006353 -0.042534 -0.054903 -0.070033 -0.044682 -0.012864 -0.020848 -0.067732 -0.067799 -0.010855 -0.034666 -0.025827 -0.006269 -0.005010 -0.008046 -0.054105 -0.031307 -0.014001 -0.041989 -0.048128 0.003174 0.011274 -0.094133 -0.085254 -0.055254 -0.070880 -0.042535 -0.078346 -0.084340 0.004479 0.009015 -0.052387 -0.055413 -0.042280 -0.049858 -0.054839 -0.064618 -0.055496 -0.075430 -0.078162 -0.100595 -0.111277 -0.048101 -0.073466 -0.164457 -0.108745 -0.077438 -0.031369 -0.059738 -0.067960 -0.005235 -0.073563 -0.071818 -0.058782 -0.032976 -0.062869 -0.072885 -0.036415 -0.121077 -0.081496 -0.082353 -0.079941 -0.050724 -0.067628
-0.039483 -0.052777 -0.056103 -0.066932 -0.013973 -0.063429 -0.061608 -0.046936 0.013691 0.017710 0.008674 -0.036438 -0.078615 -0.097804 -0.068318 0.004271 -0.063626 -0.046975 -0.017303 -0.031474 -0.041263 -0.024265 -0.025851 -0.055774 -0.056710 -0.003434 -0.042172 -0.099275 -0.065681 -0.043130 -0.052058 -0.069067 -0.117471 -0.037671 0.005040 0.017272 -0.065560 -0.094154 -0.061260 -0.089709 -0.052376 -0.049164 -0.014443 -0.084299 -0.120397 -0.084228 -0.005240 -0.047219 -0.076597 -0.041717 -0.027809 -0.048660 -0.053774 -0.019682 -0.033736 -0.027398 -0.021284 -0.033756 -0.087795 -0.020324 -0.064701 -0.160701 -0.189059 -0.079556 -0.060536 -0.027844 -0.034625 -0.033012 -0.042233 -0.071119 -0.027700 -0.036474 -0.002819 0.010418 -0.053383 -0.032977 -0.001273 -0.033182 -0.059873 -0.080131 -0.010246 -0.036866 -0.021543 -0.068414 -0.048284 -0.076917 -0.025173 0.000229 -0.038028 -0.032666 -0.034231 -0.049400 -0.103422 -0.083660 -0.063539 -0.050878 -0.010524 -0.027533 -0.094002 -0.058327 -0.072711 -0.043550 -0.042873 -0.026173 0.023054 -0.039235 -0.031709 -0.055463 -0.066707 -0.031151 -0.021050 -0.056358 -0.057960 -0.143232 -0.114856 -0.065804 -0.076755 -0.065852 -0.052671 -0.018287 -0.021572 -0.017175 -0.037948 -0.088450 -0.062861 0.032735 -0.055945 -0.033575 -0.057985 -0.060456 -0.017061 0.004415 -0.063942 -0.064354 -0.136871 -0.119266 -0.061468 -0.077369 -0.052562 -0.051351 -0.069192 -0.034542 0.010941 -0.024397 -0.041691 -0.068895 -0.045052 -0.015421 -0.062499 -0.073394 -0.054722 -0.072546 -0.107516 -0.061776 -0.072942 0.009893 -0.017173 -0.079401 -0.049968 -0.027434 -0.053542 -0.070469 -0.084689 -0.086395 -0.086066 -0.014849 -0.039202 -0.121672 -0.065489 -0.039363 -0.077815 -0.086754 -0.059708 -0.135595 -0.075338 -0.055656 0.002180 -0.020099 -0.033978 -0.037774 -0.037360 -0.149441 -0.114299 -0.016632 -0.104924 -0.046448 -0.060593 -0.053919 -0.038176 -0.042272
-0.066790 -0.020175 -0.044380 -0.025382 -0.109576 -0.044257 -0.033758 -0.106439 -0.044059 -0.048479 -0.066776 0.009425 -0.096299 -0.085040 -0.093873 -0.022544 -0.043538 -0.044792 -0.034701 -0.053539 -0.041135 -0.041412 -0.012202 -0.045582 -0.033445 -0.027851 -0.039475 -0.050579 -0.036593 -0.036149 -0.094967 -0.101979 -0.095202 -0.017629 -0.054699 -0.099756 -0.126368 -0.027168 -0.057734 -0.053210 -0.101928 -0.001951 -0.086635 -0.091733 -0.077079 -0.079375 -0.070231 -0.032217 -0.024374 -0.118974 -0.080616 -0.065572 -0.070789 -0.079961 0.049394 -0.013667 -0.022232 -0.064181 -0.032964 -0.055076 -0.066635 -0.022747 -0.098350 -0.046172 -0.046481 -0.137997 -0.047223 -0.054552 -0.071934 -0.066550 0.002664 -0.080006 -0.094456 -0.051493 -0.068394 -0.049496 -0.025414 -0.023067 -0.037285 -0.043215 0.025555 -0.080552 -0.067972 -0.041738 -0.044992 -0.049671 -0.094449 -0.085448 -0.056141 -0.092333 -0.062260 -0.096712 -0.048000 -0.064258 -0.021624 -0.029024 -0.019670 -0.031942 -0.134433 -0.048968 -0.036523 -0.035609 -0.076635 -0.067190 -0.038824 -0.026718 -0.063773 -0.067641 -0.037279 -0.067184 -0.095454 -0.067630 -0.079262 -0.108451 -0.094340 -0.088812 -0.063466 -0.070843 -0.063340 -0.004125 -0.020419 0.023695 -0.044818 -0.054201 -0.037192 -0.024336 -0.024083 -0.041361 -0.023081 -0.107671 -0.066278 -0.013987 -0.032657 -0.016076 -0.070632 -0.069527 -0.070923 -0.043055 -0.081858 -0.066287 -0.075306 -0.072354 0.011183 -0.029614 -0.037775 -0.066701 -0.073030 -0.035750 -0.039773 -0.064133 -0.025976 -0.085288 -0.071386 -0.035665 -0.022256 -0.010760 -0.059276 -0.118256 -0.028873 -0.052916 -0.061449 -0.046514 -0.044249 -0.045735 -0.080417 -0.035256 -0.004151 -0.031502 -0.113037 -0.051845 -0.037218 -0.057597 -0.091068 -0.072640 -0.021373 -0.025193 -0.019256 0.026613 -0.016341 -0.046892 -0.077094 -0.078709 -0.115113 -0.075269 -0.051254 -0.089211 -0.034392 -0.078073 -0.084220 -0.080384
-0.079116 -0.046493 -0.071211 -0.071593 -0.096301 0.027544 -0.027433 -0.104306 -0.091978 -0.075274 -0.123679 -0.100125 -0.098255 -0.052401 -0.028368 -0.062077 -0.023834 -0.005732 -0.029354 -0.041269 -0.006774 -0.037592 -0.011710 -0.058674 0.006169 -0.067608 -0.065359 -0.031606 -0.022908 -0.049034 -0.072007 -0.039759 -0.054087 -0.045111 -0.156175 -0.057672 -0.048482 -0.055157 -0.030350 -0.056731 -0.075739 -0.028247 -0.023801 -0.031707 -0.037967 -0.055619 -0.053467 -0.091950 -0.079601 -0.097184 -0.063142 -0.030372 -0.004071 -0.070469 -0.033293 -0.031330 -0.017968 -0.039654 -0.026156 -0.068706 -0.136256 -0.023432 0.021071 -0.049031 -0.003966 -0.080822 -0.053785 -0.065963 -0.054817 -0.056330 -0.015203 -0.103697 -0.082471 -0.074963 -0.057689 -0.058237 0.004933 -0.001200 -0.030336 0.006572 -0.018916 -0.081686 -0.053835 -0.071947 -0.058695 -0.130243 -0.120224 -0.088723 -0.117637 -0.016043 -0.042500 -0.094765 -0.034144 -0.016626 0.005144 -0.023967 -0.020269 -0.053822 -0.083907 -0.051336 -0.052558 -0.020370 -0.054773 -0.069006 -0.097573 -0.111400 -0.052147 -0.091955 -0.079602 -0.131807 -0.074760 -0.025266 -0.073822 -0.067352 -0.065705 -0.079849 -0.094997 -0.032811 -0.065026 -0.089382 -0.037925 -0.048000 -0.050231 -0.018853 -0.070573 -0.098950 -0.086668 -0.060973 0.026721 -0.105274 -0.110631 -0.095625 -0.065478 -0.040114 -0.035658 -0.040116 -0.047242 -0.001004 -0.045628 -0.072875 0.011139 -0.057330 -0.023069 0.028389 -0.005959 -0.076480 -0.119678 -0.089647 -0.057515 -0.037485 -0.078051 -0.046750 -0.021888 -0.074615 0.001615 -0.041811 -0.047088 -0.056608 -0.027578 -0.030730 -0.064433 -0.063994 -0.081776 -0.054788 -0.087369 -0.058839 -0.083826 -0.073128 -0.094839 -0.102146 -0.034051 -0.046000 -0.111707 -0.084597 -0.059313 0.016516 0.030194 -0.006133 -0.042380 -0.047581 -0.069093 -0.102990 -0.094299 -0.034580 0.003643 -0.061965 -0.049508 -0.033090 -0.050811 -0.050231
-0.095984 -0.043336 -0.028980 -0.160145 -0.075779 -0.023202 -0.031508 -0.022928 -0.052329 -0.053791 -0.038395 -0.149041 -0.106443 -0.057907 -0.048251 -0.061493 -0.036337 -0.048593 -0.062964 -0.056615 -0.070151 -0.060213 -0.096926 -0.047348 -0.025992 -0.091064 -0.066155 -0.038123 -0.002755 -0.069253 -0.010713 -0.074657 -0.119351 0.000206 -0.085289 -0.101584 -0.016311 -0.091442 -0.057354 -0.034004 -0.008735 -0.067216 0.009156 -0.047878 -0.065060 -0.019991 -0.002066 -0.078134 -0.077761 -0.042027 -0.052210 -0.015800 -0.052766 -0.063375 -0.120939 -0.082206 -0.091036 -0.091875 -0.091641 -0.100885 -0.160884 -0.071832 0.006793 -0.010854 -0.078853 -0.072151 -0.038242 -0.089922 -0.089376 -0.067537 -0.018231 -0.085269 -0.043922 -0.067942 -0.074660 -0.084610 -0.016537 -0.021024 -0.034914 -0.054276 -0.044977 -0.075416 -0.124283 -0.115193 -0.005202 -0.109179 -0.076015 -0.056557 -0.087408 -0.056804 -0.056680 -0.051376 -0.064146 -0.048787 -0.071250 -0.030287 -0.057183 -0.100590 -0.067485 -0.076823 -0.119440 -0.041341 -0.035932 -0.047646 -0.095167 -0.099503 0.028482 -0.119447 -0.075044 -0.079852 -0.052648 -0.030218 -0.057774 -0.007918 -0.025830 -0.075082 -0.064947 0.006442 -0.036198 -0.050821 -0.076013 -0.093082 -0.123927 -0.033089 -0.016168 -0.073377 -0.146187 -0.088893 -0.019711 -0.066627 -0.046524 -0.039940 0.004619 -0.007930 -0.023890 -0.009328 -0.011022 -0.001426 -0.027515 -0.038077 -0.076408 -0.063929 -0.062963 -0.060366 -0.060352 -0.113187 -0.062527 -0.036694 -0.065972 -0.020287 -0.067065 -0.016241 -0.046280 -0.060200 -0.043780 -0.058384 -0.060259 -0.107993 -0.046544 -0.085370 -0.082379 -0.066084 -0.055133 -0.081072 -0.060206 -0.049255 -0.082966 -0.084396 -0.014546 -0.025290 -0.017779 -0.006479 -0.067676 -0.084001 -0.031229 -0.115485 -0.079274 -0.042343 -0.037551 -0.056102 -0.049954 -0.109010 -0.011128 -0.022431 -0.025384 -0.030875 -0.068043 -0.019620 -0.035643 0.001446
-0.071202 -0.088796 -0.079002 -0.065156 -0.077477 -0.025490 0.000694 -0.039595 -0.063247 -0.082073 -0.034681 0.010069 -0.019158 -0.071595 -0.064829 -0.024081 -0.005356 -0.023416 -0.061003 -0.107467 -0.069868 -0.062038 -0.091663 -0.034566 -0.031475 -0.039743 -0.012281 0.020778 -0.021182 -0.081046 -0.042972 -0.016056 -0.040478 -0.099554 -0.074585 -0.063103 -0.045592 -0.048094 -0.047230 -0.031039 -0.010234 -0.020979 -0.027234 0.011009 0.009969 -0.030716 -0.050174 -0.037467 -0.012685 -0.060299 -0.111566 -0.076209 -0.047384 -0.069619 -0.090113 -0.077694 -0.023243 0.002776 -0.061767 -0.105379 -0.061161 -0.103763 -0.069064 -0.014933 -0.056144 -0.030329 0.063271 -0.008421 -0.073056 -0.054256 -0.083993 -0.089028 -0.016887 -0.079167 -0.059313 -0.070455 -0.036014 -0.009022 -0.084970 -0.130362 -0.077896 -0.053494 -0.118189 -0.098704 -0.054507 -0.085200 -0.093809 -0.086387 -0.089557 -0.089226 -0.045854 -0.012429 -0.092728 -0.068393 -0.041729 -0.090611 -0.123258 -0.098264 -0.094953 -0.065867 -0.106117 -0.047825 -0.123683 -0.123825 -0.050142 -0.098859 -0.091801 -0.087203 -0.070209 -0.035080 -0.070589 -0.078168 -0.064352 -0.033472 -0.030901 -0.051879 -0.052898 -0.030861 -0.056281 -0.043038 -0.063745 -0.100275 -0.079352 -0.113462 -0.106164 -0.055008 -0.031080 -0.069654 -0.087988 -0.094470 -0.035616 -0.013097 -0.041434 -0.065895 -0.074274 -0.072259 -0.030192 -0.030793 -0.072312 0.049200 -0.015313 -0.056391 -0.063209 -0.103111 -0.055272 -0.005047 -0.036470 -0.020138 -0.001851 -0.011216 -0.002648 -0.016562 -0.054638 -0.060606 -0.041236 -0.019673 -0.019095 -0.033183 -0.030427 -0.048446 -0.048361 -0.044427 -0.020903 -0.061362 -0.058086 -0.062691 -0.035340 -0.056405 -0.041536 -0.028571 -0.066778 -0.002437 -0.045256 -0.051429 -0.012953 -0.069810 -0.076392 -0.075098 -0.081521 -0.052108 0.007624 -0.066607 -0.042213 -0.045922 -0.097290 -0.041194 -0.058099 -0.062446 -0.067891 -0.052201
-0.016859 -0.050086 -0.067587 -0.046816 -0.086044 0.008487 -0.032183 -0.029708 -0.048585 -0.058232 -0.072450 -0.003031 -0.034326 -0.080810 -0.086939 -0.013150 0.010803 -0.028505 0.015035 -0.090468 -0.081323 -0.039089 -0.015848 -0.014863 -0.023684 0.011224 -0.021089 -0.011014 0.007381 0.008244 -0.057618 -0.016350 -0.053995 -0.056495 0.020577 -0.017109 -0.006296 -0.083896 -0.030093 -0.033343 -0.020727 -0.071205 0.016052 0.007250 -0.019951 -0.022393 -0.033680 -0.012371 -0.014737 -0.029555 -0.008351 -0.092054 -0.075334 -0.100286 -0.097426 -0.083241 -0.018240 -0.041406 -0.067324 -0.076904 -0.090299 -0.162335 -0.141389 -0.063821 -0.028857 -0.002491 -0.005859 -0.047325 -0.043518 -0.058544 -0.115017 -0.083063 -0.015588 -0.070184 -0.031410 -0.065371 -0.085108 -0.006786 -0.030667 -0.065967 -0.006109 -0.054508 -0.152583 -0.110093 -0.113335 -0.113583 -0.222864 -0.113044 -0.029640 -0.041745 -0.007737 -0.007103 -0.044774 -0.078698 -0.095386 -0.099425 -0.085669 -0.013857 -0.013449 -0.016981 -0.051542 -0.088592 -0.119751 -0.050631 0.036540 -0.046959 -0.100780 -0.059743 -0.066643 -0.070546 -0.057063 -0.084010 -0.132621 -0.100291 -0.121417 -0.055387 -0.087084 -0.069534 -0.049952 -0.068770 -0.063835 -0.031826 -0.071489 -0.079437 -0.098775 -0.082664 -0.057366 -0.073570 -0.035279 -0.078603 -0.109993 -0.052093 -0.040423 -0.076679 -0.050283 -0.037398 -0.052516 -0.020182 -0.020681 -0.018611 0.011704 -0.047310 -0.072102 -0.084810 -0.011356 -0.001723 -0.046369 -0.024194 -0.038787 -0.028765 -0.038841 -0.016644 -0.036860 -0.049979 -0.036876 -0.051442 -0.075837 -0.036185 -0.018521 -0.027441 -0.023522 -0.036919 -0.026154 -0.115423 -0.041556 -0.033807 -0.045743 -0.095376 -0.105035 -0.121304 -0.092927 -0.072856 -0.040566 -0.006277 -0.000966 -0.022640 -0.040870 -0.080623 -0.059157 -0.054733 -0.027055 -0.058030 -0.110842 -0.062065 -0.049908 -0.010055 -0.030797 -0.088265 -0.044108 -0.014149
-0.018362 -0.024579 -0.051657 -0.029377 -0.039241 -0.051098 -0.073832 -0.018066 -0.011520 -0.054361 -0.060944 -0.044462 -0.085192 -0.066419 -0.034140 -0.041042 -0.035152 -0.068433 -0.019002 -0.054903 -0.086108 -0.023655 -0.029978 -0.044921 -0.034786 -0.036524 -0.054907 -0.024361 -0.010762 -0.008762 -0.001010 -0.024980 -0.026624 -0.033699 -0.027625 -0.087494 -0.014454 -0.027996 -0.003430 -0.022516 -0.033795 -0.006166 -0.065783 -0.076830 -0.029282 0.002687 -0.014803 -0.056772 -0.019666 -0.034419 0.032156 -0.021583 -0.060215 -0.018744 -0.047230 -0.036537 -0.071053 -0.083830 -0.088530 -0.011827 -0.017939 -0.098505 -0.105796 -0.094238 -0.072492 -0.019787 -0.059605 -0.027809 -0.007637 -0.070684 -0.020026 -0.074912 -0.085982 -0.035253 0.004564 -0.083171 -0.094252 -0.011392 -0.017877 -0.038805 -0.005251 -0.135364 -0.175224 -0.059012 -0.087364 -0.131399 -0.137379 -0.015130 -0.024142 -0.072041 -0.089501 -0.097908 -0.048735 -0.143137 -0.127743 -0.059154 -0.052861 -0.038857 0.047187 -0.054365 -0.047203 -0.081465 -0.072735 -0.047736 -0.067355 -0.066900 -0.106055 -0.067149 -0.002787 -0.052579 -0.002177 -0.022172 -0.072798 -0.035307 -0.102077 -0.044159 -0.109662 -0.090101 -0.022533 0.008018 -0.010046 0.000204 -0.071825 -0.071630 -0.032809 -0.044614 -0.056177 -0.068685 -0.004189 -0.080754 -0.135156 -0.115103 -0.060109 -0.055024 -0.089210 -0.030727 -0.010948 0.009223 -0.056942 -0.046028 -0.028582 -0.038635 -0.023531 -0.090751 -0.046673 -0.033803 -0.116119 -0.090968 -0.042943 -0.032523 -0.035780 -0.038683 -0.058189 0.000459 -0.037192 -0.026406 -0.036093 -0.071213 -0.033188 -0.051207 -0.056599 -0.044450 -0.046891 -0.091569 -0.060627 -0.076294 -0.020926 -0.047392 -0.087437 -0.079640 -0.113218 -0.046991 -0.028328 -0.015072 -0.046528 -0.039328 -0.038752 -0.057533 -0.064074 -0.108161 -0.084953 -0.052527 -0.080394 -0.062659 -0.034301 -0.044906 -0.004610 -0.082645 -0.003492 0.003452
-0.056559 -0.071306 -0.072758 -0.005731 -0.027916 -0.029820 -0.048447 -0.070719 -0.024614 0.001838 -0.067395 -0.126893 -0.087983 -0.046278 -0.061606 -0.065374 -0.089412 -0.054195 -0.057242 -0.100193 -0.054370 -0.014228 -0.021624 -0.039750 -0.014579 -0.015134 -0.025066 -0.056919 -0.053944 -0.048847 -0.026031 -0.076713 -0.021427 -0.021065 -0.059377 -0.074154 -0.046819 -0.034524 -0.021163 -0.047784 -0.022068 -0.022699 -0.137790 -0.144647 -0.025841 -0.004845 -0.002488 -0.062403 -0.025998 -0.040360 -0.035673 -0.054544 -0.037324 -0.083665 -0.099204 -0.007076 -0.013156 -0.060686 -0.045436 0.002631 -0.082559 -0.013974 -0.073696 -0.147648 -0.114045 -0.050722 -0.058743 -0.001892 -0.039964 -0.107611 0.000498 -0.060375 -0.075677 -0.051671 -0.040259 -0.062186 -0.047853 0.017865 0.026287 -0.065529 -0.051852 -0.041754 -0.064539 -0.153263 -0.059247 -0.023790 -0.104734 -0.047893 -0.042163 -0.077052 -0.084518 -0.062465 0.001270 -0.048174 -0.056223 -0.025045 0.024405 -0.056035 -0.040440 -0.026329 -0.112728 -0.085660 -0.044977 -0.073914 -0.077536 -0.068577 -0.086517 -0.108254 -0.006275 0.009013 0.005873 -0.040962 -0.027741 -0.044665 -0.035780 -0.019108 -0.060614 -0.034586 -0.032577 -0.010463 -0.022617 -0.112050 -0.098817 -0.104748 -0.060038 -0.091806 -0.062918 -0.052330 -0.042655 -0.073853 -0.066776 -0.053823 -0.056605 -0.097525 -0.086366 -0.047501 -0.039646 -0.037182 0.007917 -0.020652 -0.052871 -0.019786 0.021966 -0.039523 -0.085792 -0.001211 -0.000937 -0.105866 -0.153165 -0.075842 -0.022478 -0.044051 -0.070683 -0.010030 -0.044528 -0.040663 -0.027644 -0.039428 -0.015024 0.010568 -0.047703 -0.042506 -0.028220 -0.013805 -0.068947 -0.075472 -0.037025 -0.032049 -0.076159 -0.022193 -0.047383 -0.000300 -0.037001 -0.033685 -0.040327 -0.012976 -0.044303 -0.003310 -0.029073 -0.030026 -0.128577 -0.111581 -0.063760 -0.051784 -0.056526 -0.074466 -0.007831 -0.026510 -0.023043 0.020069
-0.046088 -0.019504 -0.069239 -0.032225 -0.024688 -0.005577 -0.043706 -0.051866 -0.028658 -0.032318 -0.053359 -0.044518 -0.025158 -0.078523 -0.089863 -0.100300 -0.080947 -0.049871 -0.080955 -0.035145 0.031507 -0.049748 -0.052450 -0.078578 -0.064248 -0.035189 -0.065472 -0.044653 -0.057794 -0.044179 -0.035472 -0.078150 -0.018175 -0.075603 -0.064106 -0.010598 -0.053303 -0.043850 -0.037469 -0.055529 -0.005707 -0.076124 -0.068970 -0.068064 -0.037093 -0.036785 -0.057462 -0.034626 -0.065930 -0.046635 -0.063316 -0.062398 -0.062468 -0.084023 -0.115119 -0.070922 -0.002400 -0.091604 -0.090898 -0.069158 -0.088623 -0.030459 -0.111582 -0.109636 -0.087843 -0.044520 -0.057742 -0.079224 -0.107378 -0.037248 -0.060756 -0.029515 -0.021342 -0.024058 -0.009162 -0.019097 -0.055917 -0.030633 -0.020626 -0.052655 -0.018468 -0.030388 -0.068730 -0.152833 -0.094147 -0.120142 -0.083131 -0.078144 -0.082231 -0.105151 -0.056366 -0.008205 -0.036537 -0.048201 -0.070531 -0.111827 -0.059058 0.075101 -0.000398 -0.028283 -0.078878 -0.058401 -0.035648 -0.076042 -0.042079 -0.052447 -0.037199 -0.062738 -0.051789 0.010268 -0.011380 -0.080071 -0.041190 -0.051655 -0.060129 -0.078198 -0.061617 -0.061879 -0.039238 -0.065769 -0.063169 -0.069847 -0.078765 -0.070988 -0.021268 -0.032124 -0.062956 -0.073171 -0.040692 -0.073261 -0.099514 -0.104210 -0.049443 -0.030470 -0.100676 -0.075883 -0.039355 -0.025308 0.007915 -0.031034 -0.054994 -0.020634 0.003623 -0.001580 -0.059383 -0.047403 0.038495 0.000041 -0.052365 -0.002200 -0.050418 -0.097454 -0.032326 -0.057770 -0.057237 -0.054708 -0.054126 0.003483 -0.000651 0.038674 -0.039375 -0.054608 -0.039975 -0.024438 -0.070819 -0.014945 -0.023658 0.002981 -0.009495 0.018420 -0.032021 -0.063107 -0.096942 -0.079427 0.017969 -0.044252 -0.023446 -0.002257 -0.079076 -0.057244 -0.003449 -0.028026 -0.051732 -0.075998 -0.080943 -0.103337 -0.030800 0.011762 -0.022468 -0.043833
-0.047966 -0.059074 -0.054094 -0.096669 -0.081288 -0.085003 -0.048142 -0.058241 -0.060229 -0.077450 0.011362 -0.054164 -0.077166 -0.084909 -0.072617 -0.082744 -0.052164 0.003842 -0.033098 -0.017638 -0.047160 0.001141 0.052985 -0.057522 -0.055802 0.003256 -0.038981 -0.040598 -0.077945 -0.018019 -0.043780 -0.098807 -0.022572 -0.030823 -0.061580 -0.029097 -0.023763 -0.041898 -0.040712 -0.052760 -0.045964 -0.056868 -0.058289 -0.043161 -0.025739 -0.043246 -0.119008 -0.027509 -0.028950 -0.021730 0.008734 -0.050855 -0.022166 -0.017458 -0.032545 -0.009730 -0.014595 -0.044229 -0.081005 -0.153608 -0.060529 -0.046678 -0.124035 -0.114523 -0.123367 -0.077339 -0.055629 -0.083353 -0.055858 0.019145 -0.031524 -0.059397 -0.055787 -0.084251 -0.103346 -0.027484 -0.007393 -0.012228 -0.062012 -0.025863 -0.035397 -0.023189 0.006546 -0.075686 -0.054467 -0.032801 -0.074566 -0.097117 -0.040168 -0.095692 -0.081621 -0.050747 -0.033990 -0.015297 -0.012248 -0.111591 -0.129559 -0.023414 -0.074554 -0.058582 -0.038842 -0.046773 -0.031587 -0.080943 -0.042007 -0.061874 -0.030313 -0.050907 0.028028 0.016817 -0.011792 -0.097457 -0.069432 -0.018945 -0.068156 -0.073008 0.020230 -0.068205 -0.054555 -0.074152 -0.071554 -0.024184 -0.047039 -0.014379 -0.003409 -0.018629 -0.072646 -0.056950 -0.045056 -0.036056 -0.072268 -0.050502 0.008243 -0.037098 -0.117307 -0.072043 0.020956 0.000739 -0.079034 -0.081881 -0.031921 -0.025586 -0.021621 -0.036111 -0.020322 -0.019856 -0.020709 -0.013078 -0.051269 -0.077788 -0.085599 -0.003579 -0.011310 -0.066329 -0.035304 -0.033038 -0.072037 -0.042136 -0.024881 -0.028708 -0.035137 -0.053071 -0.078677 -0.075794 -0.087438 -0.018193 -0.035960 -0.032879 -0.027901 0.017109 -0.046215 -0.081029 -0.060552 -0.134889 -0.025123 -0.034014 -0.050028 -0.068660 -0.057728 -0.054670 -0.014169 -0.042117 -0.086978 -0.061205 -0.041468 -0.066185 -0.094518 -0.071634 -0.099201 -0.043217
-0.050672 -0.121994 -0.070530 -0.083650 -0.076753 -0.095327 -0.103238 -0.008719 -0.036373 -0.023607 -0.040508 -0.174632 -0.041279 -0.000064 -0.069777 -0.064303 -0.083978 -0.014929 0.015157 -0.061337 -0.038897 0.005080 -0.007046 -0.050760 -0.029033 -0.037949 -0.099229 -0.069997 -0.062476 -0.083922 -0.023271 -0.090722 -0.061458 -0.134825 -0.197240 -0.041171 -0.060731 -0.053280 -0.019931 -0.015670 -0.052917 -0.083872 -0.077436 -0.052023 -0.072885 -0.055725 -0.036281 -0.021470 0.023086 0.014796 0.001494 -0.094367 -0.074288 -0.079767 -0.016764 -0.003831 -0.040088 -0.081876 -0.052367 -0.076407 -0.057500 -0.082160 -0.115132 -0.121144 -0.114603 -0.085103 -0.047521 -0.033822 -0.071386 -0.000785 -0.011972 -0.082275 -0.088813 -0.093280 -0.104877 -0.068140 -0.021711 -0.014634 -0.080111 -0.071965 -0.007101 -0.005396 -0.070036 -0.053497 -0.005691 -0.071330 -0.143984 -0.083184 -0.082572 -0.029444 -0.010376 -0.087671 -0.080077 -0.068766 -0.021766 -0.053458 -0.111064 -0.104688 -0.060615 -0.037121 -0.045820 -0.048045 -0.079433 -0.046273 0.044807 -0.069163 -0.064387 -0.066122 -0.026412 -0.051608 -0.036513 -0.100380 -0.068618 -0.024859 -0.087726 -0.062451 -0.017986 -0.051943 -0.020343 -0.017298 -0.057241 -0.014897 -0.083109 -0.044129 -0.012830 -0.042009 -0.048722 -0.052895 -0.083134 -0.010787 -0.032022 -0.053276 -0.018199 -0.041269 -0.084917 -0.055993 -0.011235 -0.021404 -0.011508 -0.042082 -0.045653 -0.064484 -0.050382 -0.042372 -0.024635 -0.062330 -0.034085 -0.037384 -0.041438 -0.013850 -0.065193 -0.003293 -0.059684 -0.042056 -0.003404 -0.042815 -0.063419 -0.069146 -0.040588 -0.012125 -0.002733 -0.045547 -0.069515 -0.064952 -0.043639 -0.011926 -0.021478 -0.032696 -0.029891 -0.024293 -0.061096 -0.042993 -0.000059 -0.047548 -0.063785 -0.050977 -0.033651 -0.013007 -0.045311 -0.053544 -0.029683 -0.041433 -0.014375 -0.025193 -0.012172 -0.022421 -0.051760 -0.073398 -0.086390 -0.029756
-0.010958 0.012670 -0.070123 -0.063297 -0.048752 -0.059658 -0.093661 -0.057973 -0.077832 -0.033106 -0.045136 -0.055309 -0.024145 -0.023428 -0.067081 -0.052167 -0.054424 -0.026049 -0.032983 -0.049678 0.013223 -0.053329 -0.151172 -0.109313 -0.013641 -0.044972 -0.054061 -0.035298 -0.127740 -0.092764 -0.045637 -0.056921 -0.141132 -0.185037 -0.161702 -0.053604 -0.072462 -0.024359 -0.052769 -0.038451 -0.060357 -0.121982 -0.087890 -0.010358 -0.010895 -0.154113 -0.088605 -0.059320 -0.024553 -0.050963 -0.061584 -0.082531 -0.011149 -0.082954 -0.105081 -0.019940 -0.032806 -0.107095 -0.083301 -0.054414 -0.027765 -0.077139 -0.038483 -0.046108 -0.076160 -0.095087 -0.023980 0.001786 -0.024990 -0.071430 -0.042840 -0.027891 -0.157022 -0.130010 -0.057271 -0.099900 -0.024191 -0.057296 -0.081147 -0.104075 -0.025080 -0.072480 -0.110011 -0.011080 -0.053760 -0.073151 -0.076507 -0.041324 -0.032812 -0.082715 -0.043229 0.003363 -0.096421 -0.028104 -0.025932 -0.058608 -0.099748 -0.165948 -0.111254 -0.062216 -0.054926 -0.044072 -0.074735 -0.021322 -0.007881 -0.107288 -0.030539 -0.036714 -0.124905 -0.107035 -0.104109 -0.106974 -0.051135 -0.055146 -0.054754 -0.092867 -0.063958 -0.048119 -0.032822 -0.097269 -0.094346 -0.021964 -0.042669 -0.038175 -0.048774 -0.044355 -0.016208 -0.079677 -0.084997 0.024618 -0.060450 -0.126512 -0.049290 -0.041848 -0.024273 -0.084982 -0.036156 -0.021702 -0.019381 -0.043356 -0.053755 -0.040254 -0.011961 -0.011434 -0.025484 -0.059857 -0.054100 -0.061722 -0.067226 -0.091094 -0.058332 -0.089428 -0.038065 -0.028226 -0.022570 -0.027251 -0.038002 -0.026331 -0.034225 -0.026355 -0.043915 -0.071061 -0.042830 -0.034636 -0.059205 -0.008582 -0.014282 0.001827 -0.033395 -0.072177 -0.106949 -0.059214 -0.056373 -0.068627 0.031281 -0.039509 -0.042336 -0.048531 -0.042948 -0.025719 0.022373 -0.045403 -0.065708 -0.017269 -0.009836 -0.012392 -0.006286 0.015506 -0.057369 -0.042061
-0.039786 -0.038891 -0.035256 -0.038725 -0.017097 -0.026898 -0.075348 -0.085347 -0.112301 -0.097713 -0.058718 -0.067734 -0.033499 -0.070812 -0.055624 -0.022814 -0.079804 -0.080752 -0.048663 -0.016920 -0.036977 -0.050741 -0.045868 -0.100479 -0.108638 -0.052281 -0.045650 -0.029150 -0.061257 -0.057615 -0.075265 -0.073476 -0.137845 -0.108535 -0.098275 -0.073250 -0.017034 -0.039966 -0.075042 -0.062289 -0.062839 -0.142380 -0.099848 -0.088382 -0.035278 -0.092249 -0.065154 -0.088336 -0.055772 -0.144475 -0.110992 -0.031881 0.006772 -0.070759 -0.067508 -0.058541 -0.004384 -0.057571 -0.026870 -0.019957 -0.052098 -0.090482 -0.023695 -0.055315 -0.061610 -0.073010 -0.034343 0.008374 -0.012372 -0.058916 -0.041225 -0.072563 -0.086673 -0.144987 -0.072300 -0.068125 -0.013731 -0.137547 -0.075369 -0.042599 -0.040173 -0.052051 -0.073124 -0.131413 -0.085795 -0.059756 -0.006237 -0.019817 -0.030134 -0.060103 -0.060155 -0.069494 -0.044244 -0.001599 -0.047578 -0.021769 -0.048468 -0.055143 -0.059752 -0.136998 -0.073615 -0.052465 -0.046510 -0.006442 -0.071680 -0.113246 -0.073159 -0.066019 -0.067345 -0.119790 -0.148583 -0.082479 -0.007627 -0.077880 -0.034516 -0.025815 -0.065803 -0.042250 -0.047999 -0.073959 -0.072242 -0.017235 -0.041561 -0.073463 -0.032808 -0.049585 -0.024934 -0.046837 -0.024279 0.005867 -0.063881 -0.041759 -0.075353 -0.067050 -0.060153 -0.054201 -0.053835 -0.031243 -0.042637 -0.051001 -0.045163 -0.040546 -0.007345 0.009589 -0.009226 -0.093505 -0.017753 -0.011792 -0.054014 -0.086357 -0.040906 -0.050930 -0.061018 -0.057426 0.024949 -0.021752 -0.031678 -0.047206 -0.037707 -0.032854 0.005470 -0.048059 0.004313 -0.051347 -0.104873 -0.034205 -0.064935 -0.086971 -0.079881 -0.091257 -0.070554 -0.035544 -0.024014 -0.016157 -0.020910 -0.082328 -0.075220 -0.089511 -0.088749 -0.028223 -0.084387 -0.079003 -0.035597 -0.030547 0.004413 -0.015850 -0.061462 -0.018248 -0.022632 -0.036293
-0.040562 -0.064138 -0.051230 -0.100430 -0.107064 -0.041684 -0.032634 -0.033806 -0.044187 -0.076866 -0.055977 -0.066270 0.010469 -0.032623 -0.026457 -0.071187 -0.101643 -0.090323 -0.085759 -0.041627 -0.046368 -0.006830 0.015011 0.013768 -0.087148 -0.035036 -0.071758 -0.006646 -0.023186 -0.069085 -0.038476 -0.013123 -0.075926 -0.070167 0.031491 -0.046031 -0.080487 -0.075052 -0.063087 -0.080892 -0.077381 -0.016168 -0.029117 -0.022919 -0.077266 -0.056204 -0.091082 -0.093148 -0.061737 -0.080077 -0.043508 -0.016027 0.023797 -0.027781 -0.053409 -0.037708 -0.021189 -0.038107 -0.005679 -0.052061 -0.080002 -0.021093 -0.040419 -0.060673 -0.059900 -0.011925 -0.072678 -0.042229 -0.043130 -0.060194 -0.056282 -0.092845 -0.037920 -0.107328 -0.046565 -0.034724 -0.054021 -0.142007 -0.096552 -0.065060 -0.042245 -0.097689 -0.045659 -0.108912 -0.103487 -0.065890 -0.033919 -0.025842 -0.038836 -0.042557 -0.072743 -0.098833 -0.011099 -0.002656 0.018513 -0.026789 -0.072418 -0.044230 -0.074367 -0.088105 -0.063420 -0.112363 -0.119248 -0.008326 0.013226 -0.070806 -0.052074 -0.045889 0.014049 -0.078907 -0.056840 -0.026740 -0.088463 -0.018637 -0.033872 -0.021121 -0.037645 -0.067153 -0.042990 -0.040019 -0.029442 -0.044047 -0.015572 -0.033163 -0.054751 -0.040392 -0.007298 -0.081767 0.009937 -0.029384 -0.098396 -0.059031 -0.070802 -0.033000 -0.031913 -0.016134 -0.056483 -0.075184 -0.038431 -0.026471 -0.050488 -0.062643 -0.028343 -0.045135 -0.021502 -0.049063 -0.040898 -0.006883 -0.021790 -0.013345 -0.001403 -0.013817 -0.045073 -0.085241 -0.044902 -0.041479 -0.061239 -0.023549 0.009757 -0.038247 -0.048404 -0.021136 -0.043771 -0.056760 -0.011653 -0.001453 -0.052067 -0.076306 -0.101576 -0.028922 0.003442 -0.064465 -0.048473 0.016169 -0.024524 -0.029804 -0.094863 -0.115528 -0.112891 -0.056569 -0.080004 -0.027826 -0.042126 -0.048318 -0.011811 -0.024043 -0.064529 -0.042436 -0.082252 -0.042398
-0.089466 -0.081467 -0.024419 -0.113648 -0.112277 -0.019048 -0.040564 -0.045578 -0.027733 -0.023520 -0.118310 -0.094335 -0.089721 -0.111794 -0.031317 -0.088503 -0.081774 -0.045094 -0.014370 -0.027189 -0.064513 -0.031157 -0.035556 0.014236 -0.076716 -0.098349 -0.001440 -0.005807 -0.061589 -0.054949 -0.044037 -0.096539 -0.065325 -0.059150 -0.029252 -0.038329 -0.073147 -0.053074 -0.001306 -0.081093 -0.078025 -0.016046 -0.006841 -0.041323 -0.046455 -0.058674 -0.048987 -0.028459 -0.029647 -0.053957 -0.049730 -0.014237 -0.056548 -0.043737 -0.047002 -0.007664 -0.030264 -0.026862 -0.037517 -0.033072 -0.083658 -0.086676 -0.062470 0.003868 -0.081786 -0.105446 -0.052471 -0.053082 -0.052797 -0.079436 -0.101551 -0.057816 -0.076867 -0.058171 -0.057657 -0.045920 -0.084028 -0.114169 -0.080227 -0.038109 -0.080264 -0.069002 -0.039328 -0.111353 -0.118002 -0.112604 -0.041876 -0.076547 -0.008786 -0.042562 -0.077980 -0.061337 -0.002426 -0.028071 0.017486 -0.020500 -0.063143 -0.080303 -0.101653 -0.087626 -0.061060 -0.078569 -0.054558 -0.076785 -0.007985 -0.011176 -0.070804 -0.074243 -0.032920 -0.028938 -0.001411 -0.022900 -0.090009 -0.055735 -0.036184 -0.041539 -0.038228 -0.055025 -0.020815 -0.030563 -0.101006 -0.096447 0.000362 -0.005183 -0.075081 -0.071463 -0.022684 -0.072747 -0.014565 0.014763 -0.033920 0.007501 -0.020782 -0.019000 -0.005940 -0.013021 -0.070341 -0.070815 -0.025435 -0.014203 -0.023031 -0.053218 -0.042274 -0.031811 -0.049841 -0.016003 -0.053524 -0.041162 -0.012845 -0.021629 -0.019820 -0.029301 -0.068428 -0.048623 -0.033478 -0.041654 -0.024011 -0.030138 0.016433 0.003754 -0.049418 -0.094215 -0.061844 -0.076342 -0.008771 0.014600 -0.018907 -0.074519 -0.072610 -0.010366 -0.031540 -0.071452 -0.118301 -0.058909 0.000672 -0.007580 -0.049947 -0.158591 -0.156569 -0.092262 0.016864 -0.015801 -0.072414 -0.040192 -0.020834 -0.037024 -0.083620 -0.080773 -0.096985 -0.061160
-0.076238 -0.106616 -0.073324 -0.069080 -0.043829 -0.013415 -0.075438 -0.056185 -0.036220 0.005959 -0.051384 -0.040624 -0.100307 -0.112285 -0.046940 -0.081305 -0.075370 -0.108658 -0.090942 -0.045674 -0.074299 -0.066827 -0.067788 -0.049248 -0.060550 -0.047465 -0.032469 -0.083365 -0.067872 -0.038193 -0.052276 -0.044403 -0.056395 -0.057716 -0.068526 -0.069430 -0.058879 -0.046706 -0.032218 -0.088378 -0.055013 -0.034199 -0.072505 -0.027994 -0.051984 -0.099448 -0.013193 -0.015200 -0.030415 -0.040643 -0.037990 0.015865 -0.064972 -0.052012 -0.013269 -0.044013 -0.035838 -0.061049 -0.105043 -0.072727 -0.006043 -0.021213 -0.030588 -0.047969 -0.009591 -0.048427 -0.087017 -0.066196 -0.041602 -0.072370 -0.061918 -0.070934 -0.015158 -0.036904 -0.051545 -0.068329 -0.088994 -0.126137 -0.054148 -0.052754 -0.104065 -0.025670 -0.030400 -0.137792 -0.059982 -0.018833 -0.033404 -0.069326 -0.069024 -0.041373 -0.037587 -0.079223 -0.086696 -0.161320 -0.088449 -0.052164 -0.030357 -0.017111 -0.058670 -0.130369 -0.048496 -0.007010 0.021421 -0.043996 -0.080063 -0.068912 -0.052587 -0.026028 -0.047025 -0.036601 -0.031129 -0.046197 -0.017182 -0.078253 -0.046980 -0.008737 -0.034737 -0.029681 -0.019583 -0.018110 -0.055314 -0.044065 -0.058653 -0.040512 -0.082640 -0.101551 -0.081362 0.021938 0.000639 -0.043929 -0.067799 0.007684 -0.018982 0.007537 -0.022111 -0.039626 -0.051265 -0.093567 -0.161190 -0.160244 -0.095566 -0.028487 -0.053379 -0.045091 -0.073328 -0.041427 -0.023408 -0.026828 -0.023720 -0.044655 -0.090229 -0.037548 -0.052846 -0.059446 -0.051680 -0.015154 -0.023972 -0.041756 -0.018848 -0.026778 -0.033841 -0.059775 -0.054816 -0.049915 -0.057466 -0.022924 -0.041671 -0.134112 -0.163973 -0.104451 -0.057540 -0.115186 -0.062266 -0.004703 -0.003345 -0.051457 -0.061300 -0.063342 -0.102640 -0.123123 -0.027741 -0.011571 -0.031159 -0.071804 -0.042476 -0.073779 -0.123524 -0.172992 -0.036055 -0.048702
0.014645 -0.052311 -0.060074 -0.007910 -0.029779 -0.012188 -0.028456 -0.050294 -0.047505 0.004758 -0.026478 -0.099572 -0.041355 -0.042609 0.002730 -0.018737 -0.079232 -0.036003 -0.037353 -0.085013 -0.105812 -0.080883 -0.083212 -0.019467 -0.059963 -0.029716 -0.013994 -0.058966 -0.032134 -0.025166 -0.043920 -0.037408 -0.064778 -0.095421 -0.038768 -0.000610 -0.071479 -0.063089 -0.069506 -0.045352 -0.069179 -0.089977 -0.087185 -0.141724 -0.040670 -0.048090 -0.059640 -0.057370 -0.045583 -0.033913 0.019717 0.044708 0.019106 -0.053105 -0.048957 -0.060686 -0.027811 -0.123109 -0.057895 -0.025130 -0.105437 -0.064789 -0.022359 -0.018913 0.006314 -0.013195 -0.048808 -0.014508 -0.042454 -0.098854 -0.102737 -0.048606 -0.059083 -0.053516 -0.078191 -0.082381 -0.035068 -0.097223 -0.037126 -0.074519 -0.050953 -0.069144 -0.086043 -0.071777 -0.068506 -0.077971 -0.061488 -0.019117 -0.073154 -0.028605 -0.028171 -0.059142 -0.065554 -0.053666 -0.114457 -0.055259 -0.003636 -0.001939 -0.046145 -0.068662 -0.073578 -0.077103 -0.034180 -0.100378 -0.104273 -0.063048 -0.004145 -0.026916 -0.014138 -0.021391 -0.035673 -0.057559 -0.065755 -0.025356 0.001970 -0.015349 -0.070665 -0.048162 -0.051394 -0.005764 0.008066 0.003919 -0.078364 -0.045484 -0.001588 -0.061914 0.005108 0.101734 -0.052368 -0.115500 -0.055951 -0.060742 -0.074392 0.006052 0.028549 -0.057111 -0.134345 -0.107016 -0.133160 -0.100630 -0.001569 -0.011687 -0.091824 -0.078551 -0.045676 -0.027356 -0.035531 0.004547 -0.007190 -0.018189 -0.080039 -0.051565 -0.074254 -0.081555 -0.028569 0.005301 -0.020581 -0.011900 -0.042950 -0.074121 -0.058301 0.023976 -0.058654 -0.060583 -0.097141 -0.083386 -0.091838 -0.105589 -0.129970 -0.124937 -0.142824 -0.056193 -0.001235 -0.038315 -0.036754 -0.059751 -0.078803 -0.015051 -0.031415 -0.052440 -0.046895 -0.010756 -0.055692 -0.072560 -0.016014 -0.064778 -0.061341 -0.060126 -0.010276 -0.017608
-0.073089 -0.029261 -0.040845 -0.055847 -0.112302 -0.093752 -0.015369 -0.030892 -0.044102 0.008516 -0.043523 -0.053889 -0.033215 -0.064583 -0.082198 -0.043604 -0.074093 -0.014889 -0.027699 -0.120652 -0.089176 -0.078117 -0.053616 -0.087835 0.006955 -0.046948 -0.073505 -0.029894 -0.056814 -0.024370 -0.023267 -0.001319 -0.039903 -0.036252 -0.019474 -0.020417 -0.045441 -0.050686 -0.058835 -0.059192 -0.046989 -0.108017 -0.083873 -0.099741 -0.015629 -0.074456 -0.090466 -0.038205 0.019417 -0.006468 -0.039936 -0.033359 -0.005452 -0.051185 -0.040651 -0.110708 -0.105081 -0.098867 -0.062420 -0.016446 -0.067130 -0.032593 -0.093054 -0.030227 0.016041 -0.025247 -0.073028 -0.074260 -0.071894 -0.072404 -0.131488 -0.053607 -0.078987 -0.068430 -0.119964 -0.097223 -0.036609 -0.002706 -0.000933 -0.002758 -0.026194 -0.123760 -0.059631 -0.039156 0.006388 -0.075745 -0.054928 -0.039550 -0.034702 -0.047950 -0.044922 -0.051129 -0.019774 -0.001345 -0.041995 0.000514 0.002350 -0.099184 -0.071710 -0.065661 -0.080235 -0.055784 -0.027363 -0.047884 -0.115250 -0.123637 -0.028726 -0.068996 -0.061327 -0.076603 -0.094205 -0.057147 -0.129201 -0.017009 -0.013788 -0.048309 -0.059712 -0.064309 -0.058433 -0.021316 -0.047956 0.017448 -0.021337 -0.052197 -0.053013 -0.014175 -0.080006 0.013154 -0.030512 -0.096307 -0.060245 -0.022031 -0.037948 -0.028382 -0.047725 -0.072836 -0.092625 -0.140426 -0.043970 -0.062100 -0.010100 -0.019438 -0.078044 -0.090194 -0.028878 -0.021867 -0.056556 -0.021387 -0.007174 -0.071088 -0.045402 -0.023603 -0.030144 -0.074686 -0.034918 -0.009094 -0.040270 -0.086190 -0.131325 -0.083777 -0.061789 -0.045427 -0.065357 -0.083584 -0.112919 -0.059430 -0.050511 -0.033363 -0.116759 -0.096510 -0.106025 -0.083596 -0.035062 -0.051036 -0.012099 -0.038633 -0.062675 -0.054616 -0.032930 0.032834 0.001053 -0.056326 -0.036404 -0.068251 -0.016664 -0.015602 -0.012606 -0.013725 0.016345 -0.029588
-0.067154 -0.058197 -0.102083 -0.035147 -0.070651 -0.064848 -0.036738 -0.049718 -0.025751 -0.030072 -0.059212 -0.004033 -0.024031 -0.073369 -0.074224 -0.046053 0.013494 -0.016298 -0.054208 -0.085588 -0.039547 -0.060232 -0.007524 -0.026272 -0.035168 -0.006414 -0.119213 -0.073178 -0.058936 -0.022965 -0.013743 0.007807 -0.053916 -0.083274 -0.048291 -0.054357 -0.106554 -0.087291 -0.043840 -0.042154 -0.042029 -0.034834 -0.082096 -0.062311 -0.089518 -0.093714 -0.081132 -0.006124 -0.055027 -0.033527 -0.019135 -0.112434 -0.052251 -0.033791 -0.059108 -0.114688 -0.115827 -0.126956 -0.105736 -0.023175 -0.075925 -0.090712 -0.061601 -0.016282 -0.014751 -0.047903 -0.071272 -0.093445 -0.150840 -0.118643 -0.131151 -0.188285 -0.103369 -0.050117 -0.068090 -0.075098 -0.028507 0.017963 -0.080975 -0.005645 -0.019257 -0.049006 -0.081754 -0.044070 -0.043162 -0.041430 -0.039008 -0.066499 -0.073224 -0.044817 -0.084133 -0.167652 -0.008275 -0.038113 -0.052608 -0.049594 -0.016411 -0.059648 -0.091190 -0.038025 -0.121475 -0.018842 0.005111 -0.008867 -0.080123 -0.181876 -0.142895 -0.100977 -0.074824 -0.087486 -0.055245 -0.008393 -0.075021 -0.080434 -0.088494 -0.061710 -0.029531 -0.076383 -0.077678 -0.083275 -0.057278 -0.013842 -0.011747 -0.016884 -0.102353 -0.116298 -0.126276 -0.083113 -0.117523 -0.079407 -0.087993 -0.034714 -0.034652 -0.031298 -0.054718 -0.075798 -0.075550 -0.093894 -0.051631 -0.009875 -0.012317 -0.062178 -0.008505 -0.069539 -0.109288 -0.109877 -0.036680 -0.016180 -0.015839 -0.045884 -0.109617 -0.079490 -0.049433 -0.085190 -0.054505 -0.078185 -0.115063 -0.104075 -0.085263 -0.160235 -0.127381 -0.036208 -0.099133 -0.104454 -0.029183 -0.035627 -0.054359 -0.079834 -0.140813 -0.060068 -0.072993 -0.113189 -0.074892 -0.072566 -0.103841 -0.082532 -0.071411 -0.012379 -0.006942 -0.086079 -0.025507 -0.057122 -0.086618 -0.038077 -0.039874 -0.061911 -0.040528 -0.058363 -0.042157 -0.026867
-0.065777 -0.064925 -0.040650 -0.038691 -0.056589 -0.050403 -0.040676 -0.053433 -0.058306 -0.071252 -0.015747 -0.021043 0.010404 -0.047953 -0.062749 -0.050856 0.008645 0.004582 -0.035729 -0.090538 -0.026373 -0.003817 -0.004710 -0.049571 -0.047237 -0.051436 -0.076053 -0.136478 -0.039061 -0.023822 -0.055042 -0.063317 -0.080551 -0.050304 -0.013192 -0.119538 -0.096915 -0.133090 -0.094833 -0.067103 -0.058793 -0.051095 -0.039871 -0.019196 -0.029987 -0.053856 -0.090239 -0.034069 -0.099294 -0.043358 -0.019625 -0.081757 -0.037674 -0.051421 -0.076838 -0.143203 -0.094713 -0.063543 -0.027262 -0.045881 -0.107265 -0.027282 0.010604 -0.026162 -0.012513 -0.095863 -0.076545 -0.094985 -0.068230 -0.080095 -0.037733 -0.176102 -0.113140 -0.060771 -0.032559 -0.016458 -0.004104 -0.009440 -0.079571 0.015913 -0.060011 -0.067335 -0.098407 -0.053462 -0.100346 0.003851 -0.008297 -0.078679 -0.052871 -0.048346 -0.119693 -0.065612 -0.051964 -0.104693 -0.072733 -0.059027 -0.002008 -0.036968 -0.116019 -0.055956 -0.147886 -0.048506 -0.017876 -0.070762 0.008649 -0.025541 -0.124350 -0.104160 -0.042192 -0.086268 -0.060757 -0.049107 -0.035617 -0.029205 -0.079462 -0.076858 -0.086405 -0.051719 -0.072008 -0.083824 -0.069601 -0.072176 -0.067017 -0.039182 -0.103222 -0.146994 -0.074609 -0.053781 -0.136854 -0.016779 -0.107565 -0.099105 -0.019830 -0.055870 -0.042709 -0.046230 -0.062514 -0.056406 -0.070485 0.002198 -0.088308 -0.082844 -0.015789 -0.013687 -0.096503 -0.108697 -0.047364 0.017379 -0.047275 -0.024985 -0.046969 -0.035319 -0.129544 -0.098604 -0.064445 -0.106819 -0.135983 -0.051997 -0.099667 -0.047491 -0.069743 -0.048694 -0.041650 -0.040907 -0.011420 -0.066078 -0.034541 -0.097950 -0.077668 -0.045529 -0.105224 -0.059970 -0.125188 -0.125564 -0.103120 -0.081005 -0.065377 -0.067859 -0.101255 -0.138707 -0.012536 -0.056038 -0.101950 -0.086440 -0.025840 -0.067862 -0.140955 -0.059395 -0.004551 -0.024771
-0.110721 -0.057235 -0.068546 -0.038721 -0.075717 -0.043032 -0.038307 -0.096305 -0.050720 -0.042690 -0.056138 -0.060893 -0.023335 -0.023582 -0.062987 -0.048106 -0.023687 -0.056225 -0.057124 -0.028207 0.006899 -0.066869 -0.036871 0.001577 -0.020636 -0.034829 -0.053839 -0.031818 0.019870 -0.034394 -0.083915 -0.100445 -0.103888 -0.032368 -0.037143 -0.009843 -0.030744 -0.058420 -0.072861 -0.081696 -0.038622 -0.064544 -0.003325 -0.004675 -0.042599 -0.039957 -0.014623 -0.052964 -0.196998 -0.106990 -0.017566 -0.010085 -0.066080 -0.034545 -0.039101 -0.000726 0.010424 -0.091228 -0.037287 0.005582 0.010131 0.000965 -0.039065 -0.025446 -0.009231 -0.091089 -0.113404 -0.109420 -0.039208 -0.056366 0.030803 -0.050379 -0.109889 -0.053905 -0.078145 -0.016154 -0.055662 -0.062896 0.007737 -0.004142 -0.106222 -0.045038 -0.059087 -0.083019 -0.034806 -0.008871 0.010106 -0.027778 -0.015134 -0.044817 -0.047414 -0.032253 -0.031195 -0.000790 -0.018860 -0.037332 -0.026462 0.009143 -0.048205 -0.080115 -0.061923 -0.098430 -0.059341 -0.055831 -0.097076 -0.086417 -0.060972 -0.040530 -0.059505 -0.066144 -0.109540 -0.067209 -0.007557 0.022520 -0.073031 -0.099497 -0.008819 0.024445 -0.046913 -0.102076 -0.135177 -0.079229 -0.038097 -0.047681 -0.047094 -0.080604 -0.103885 -0.041479 -0.072208 -0.113909 -0.109859 -0.056270 -0.076908 -0.052840 -0.072898 -0.099924 -0.176604 -0.085374 -0.043668 0.020264 -0.082332 -0.025270 -0.026981 -0.014788 -0.042134 -0.027468 0.000196 -0.037859 -0.065598 -0.015787 0.032464 -0.064639 -0.194236 -0.110541 -0.092606 -0.080990 -0.037397 -0.069619 0.004903 -0.003881 0.005074 -0.076056 -0.074504 -0.055642 -0.030885 -0.013832 -0.107006 -0.101195 -0.064622 -0.045005 -0.175544 -0.112046 -0.080253 -0.153767 0.003518 -0.091625 -0.126459 -0.047881 -0.061058 -0.034749 -0.054629 -0.111834 -0.054747 -0.054273 -0.057309 -0.037424 -0.066340 -0.037549 0.015086 -0.019143
-0.048679 -0.084999 -0.043839 -0.042706 -0.090676 -0.040158 -0.063567 -0.109675 -0.036615 -0.039576 -0.067505 -0.028696 -0.084053 -0.055548 -0.029569 -0.086248 -0.037626 0.001639 -0.066894 -0.060604 -0.067754 -0.068717 -0.035926 -0.047491 -0.062098 -0.031873 -0.068558 -0.029216 -0.014602 -0.035957 -0.079094 -0.030831 -0.126601 -0.071803 -0.050140 -0.021573 -0.083686 -0.068189 -0.094644 -0.114645 -0.076304 -0.084102 -0.048910 -0.048224 -0.033787 -0.045512 -0.029081 -0.059592 -0.036183 -0.057767 -0.083835 -0.048331 -0.063375 -0.029083 -0.027538 -0.024139 -0.041522 -0.135491 -0.066382 -0.053423 -0.094314 -0.067636 -0.104356 -0.050436 -0.056154 -0.064426 -0.058066 -0.045064 -0.040613 -0.120362 -0.162048 -0.009020 -0.080713 -0.150950 -0.165868 -0.096911 -0.068564 -0.054366 -0.033144 -0.087283 -0.060406 -0.059590 -0.053506 -0.071152 -0.001792 -0.024858 -0.026494 0.007689 -0.029954 -0.055918 -0.015956 -0.018490 -0.019268 -0.064278 -0.082084 -0.071765 -0.046881 0.019791 -0.009301 -0.070788 -0.063963 -0.089361 -0.037777 -0.035325 -0.059197 -0.051262 -0.057590 -0.092247 -0.077619 -0.068347 -0.069461 -0.076513 -0.040546 0.002858 -0.047339 -0.082423 -0.014531 -0.008657 -0.056893 -0.063674 -0.059511 -0.010631 0.012704 -0.024590 -0.081201 -0.103876 -0.108182 -0.048257 -0.041331 -0.059396 -0.090255 -0.074265 -0.090420 -0.088962 -0.117902 -0.058041 -0.101223 -0.073833 -0.054360 -0.008869 -0.008315 -0.014041 -0.043036 -0.024649 -0.003541 0.028302 -0.001493 -0.028593 -0.041664 -0.058974 -0.049501 -0.028879 -0.089196 -0.062329 -0.083578 -0.068410 -0.068948 -0.029182 -0.000028 -0.041410 -0.004493 0.019702 -0.004258 -0.111032 -0.100538 -0.054855 -0.125305 -0.045031 -0.048564 -0.069282 -0.107552 -0.094640 -0.119978 -0.088201 -0.102923 -0.064359 -0.047588 -0.046118 -0.041436 0.035589 -0.037597 -0.115551 -0.071608 -0.054365 -0.082455 -0.002440 -0.016484 -0.029271 -0.024726 -0.034352
-0.037096 -0.069576 -0.000740 -0.094179 -0.064785 -0.060604 -0.071513 -0.067578 -0.025453 -0.040358 -0.090378 -0.030057 -0.027953 -0.079346 -0.056384 -0.103855 -0.078642 -0.099761 -0.030667 -0.042566 -0.080696 -0.080444 0.006209 -0.028540 -0.042049 -0.033112 -0.068547 -0.123976 -0.009950 -0.006469 -0.085868 -0.061720 -0.063085 -0.057811 -0.045046 -0.085036 -0.113703 -0.037479 -0.021802 -0.039822 -0.078184 -0.163341 -0.086363 -0.053563 -0.061141 -0.020709 0.012635 -0.056432 -0.042202 -0.091931 -0.117502 -0.116518 -0.033345 -0.066402 -0.049645 -0.036484 -0.058151 -0.105311 -0.032706 -0.013522 -0.080315 -0.055369 -0.065886 -0.066148 -0.043832 -0.015779 -0.004134 -0.027381 -0.069192 -0.119956 -0.132842 -0.097879 -0.067558 -0.009547 -0.097245 -0.126521 -0.114698 -0.077022 -0.043671 -0.096661 0.000863 -0.071478 -0.022879 -0.027084 -0.031517 -0.051713 -0.070675 -0.041891 -0.050699 -0.065730 -0.033089 -0.095225 -0.093439 -0.036480 -0.106746 -0.086586 -0.038325 -0.033451 -0.021879 -0.013308 -0.071162 -0.053132 -0.010502 -0.001468 0.023434 -0.012996 -0.035721 -0.051412 -0.042465 -0.099989 -0.062490 0.017467 -0.025575 -0.040128 -0.022958 -0.050555 -0.095657 -0.049243 -0.073670 -0.000997 -0.013924 0.002107 -0.036999 -0.016460 -0.066451 -0.025118 -0.052039 -0.030782 -0.038109 0.004333 -0.060593 -0.088529 -0.031040 -0.059005 -0.065776 -0.010002 -0.038611 0.007203 0.000157 -0.030022 -0.022213 -0.019319 -0.018209 -0.029155 -0.008199 -0.023537 -0.017162 -0.009934 -0.043737 -0.064311 -0.080179 0.010187 -0.002117 -0.048691 -0.054488 -0.042517 -0.052977 -0.035306 -0.079836 -0.018744 -0.026620 0.048678 -0.020473 -0.125180 -0.073706 -0.030975 -0.014225 -0.037422 -0.079931 -0.107870 -0.120376 -0.105908 -0.087995 0.001026 -0.064747 -0.036515 -0.013532 -0.045759 -0.056252 -0.019482 -0.118346 -0.074256 -0.031100 -0.048579 -0.063390 -0.044360 -0.057170 -0.003373 -0.017615 -0.062866
-0.058182 -0.078373 -0.096388 -0.084251 -0.017798 -0.061325 -0.078520 -0.058740 -0.102620 -0.084329 0.000680 -0.008140 -0.045760 -0.053069 -0.092521 -0.076362 -0.057179 -0.106400 -0.039780 -0.057390 -0.016459 -0.044485 -0.046379 -0.089189 -0.063198 -0.107346 -0.074238 -0.057473 -0.018622 -0.047317 -0.011584 -0.024962 -0.025133 -0.083580 -0.059213 -0.069862 -0.057162 -0.083142 -0.055248 -0.062367 -0.079068 -0.103190 -0.080886 -0.021229 -0.005157 -0.019210 -0.056957 -0.081686 -0.052665 -0.043627 -0.145570 -0.112053 -0.059239 -0.093697 -0.075937 -0.013333 -0.082777 -0.079376 -0.036314 -0.012629 -0.029903 -0.073896 -0.090961 -0.072473 -0.075724 -0.027999 -0.009008 -0.036619 -0.041633 -0.117504 -0.044259 -0.061424 -0.082187 -0.017018 -0.088747 -0.127640 -0.105344 -0.046677 -0.028860 -0.099419 -0.054085 -0.036417 -0.063583 -0.012311 0.000452 -0.025269 -0.087090 -0.094053 -0.077865 -0.087785 -0.004255 -0.086008 -0.087194 -0.039620 -0.055799 -0.050213 -0.033080 -0.021109 -0.043971 -0.035627 -0.068319 -0.021306 -0.002897 0.041756 0.005748 -0.040517 0.027457 -0.006410 -0.028207 -0.075432 -0.096289 -0.018344 -0.078166 -0.070336 0.000963 -0.051246 -0.077627 0.011332 -0.051663 -0.033686 -0.009211 -0.028168 -0.053436 -0.029532 -0.042934 -0.073544 -0.045106 -0.077471 -0.030489 -0.030408 -0.057821 -0.028889 -0.007997 -0.091532 -0.131953 -0.085569 -0.005781 -0.008956 -0.036664 -0.043773 -0.046749 -0.037902 -0.022479 -0.031451 -0.047666 -0.041586 -0.048077 -0.008876 -0.026523 -0.042050 0.030974 -0.025781 -0.065736 -0.032758 -0.047001 -0.056161 -0.015897 -0.056919 0.002542 -0.026525 -0.057356 -0.016138 -0.046972 0.009539 0.028151 -0.036296 -0.069357 -0.097944 -0.088305 -0.076699 -0.071952 -0.111149 -0.037019 -0.000960 -0.016213 -0.109659 -0.160053 -0.083855 -0.057119 -0.085136 -0.083332 -0.074690 -0.043321 -0.009595 -0.064742 -0.073696 -0.016566 -0.040800 -0.034031 -0.083369
-0.107595 -0.087320 -0.059340 -0.028096 0.010010 -0.031347 -0.034626 -0.024515 -0.106634 -0.079568 -0.014898 -0.025462 -0.028662 -0.047122 -0.060185 -0.039763 -0.071080 -0.123322 -0.086673 -0.084974 -0.068971 -0.034075 -0.051820 -0.055459 -0.081294 -0.101508 -0.093394 -0.067841 -0.057980 -0.034055 -0.007705 -0.001463 -0.034600 -0.081482 -0.035261 -0.035959 -0.025042 -0.123972 -0.051407 -0.085914 -0.103238 -0.045696 -0.028961 -0.052500 -0.040155 -0.019641 -0.135288 -0.095060 -0.024168 0.013591 -0.111680 -0.061760 -0.034161 -0.040193 -0.088365 -0.061850 -0.050493 -0.020167 -0.062597 -0.052612 -0.013997 -0.058949 -0.081937 -0.082906 -0.060411 -0.080083 -0.092209 -0.078094 -0.084422 -0.111895 -0.056036 -0.058798 -0.103480 -0.075674 -0.074713 -0.079693 -0.047909 -0.063816 -0.028129 0.012806 0.000313 -0.026062 -0.051550 -0.004932 0.012320 0.013438 -0.060794 -0.081273 -0.153308 -0.089114 -0.044092 -0.055708 -0.055612 -0.044728 -0.006886 0.019411 0.002188 -0.066889 -0.071074 -0.087988 -0.065224 -0.022422 -0.055031 -0.027641 -0.030652 -0.042518 -0.032631 -0.008990 -0.039662 -0.063060 -0.073895 -0.047174 -0.064449 -0.063982 -0.104594 -0.065383 -0.022907 -0.034256 -0.022475 0.007087 -0.040788 -0.077692 -0.065165 -0.013795 0.013613 -0.022843 0.011828 -0.040912 -0.017071 -0.040116 0.014346 -0.066921 -0.043274 -0.071510 -0.063601 -0.021124 -0.007845 -0.051267 -0.026378 -0.039339 -0.029321 0.007799 0.016783 -0.016670 -0.026728 -0.010012 -0.029210 -0.067332 -0.080106 0.010261 0.033091 -0.073537 -0.039477 -0.021851 -0.027721 0.001354 -0.023551 -0.006546 0.018216 -0.067703 -0.060416 -0.023260 0.001867 -0.022250 -0.043283 -0.027295 -0.059982 -0.017873 -0.028811 -0.038132 -0.052322 -0.065849 -0.050788 -0.042757 -0.029420 -0.099783 -0.073214 -0.069818 -0.069572 -0.057713 -0.056726 -0.050670 -0.116487 -0.116515 -0.041319 -0.036112 -0.046744 -0.065755 -0.033248 -0.067019
-0.097832 -0.083669 -0.024128 0.007890 0.001329 -0.042374 -0.060848 -0.035476 -0.032990 0.031924 -0.017237 -0.079688 -0.087633 -0.019838 -0.059528 -0.088172 -0.129839 -0.054154 -0.028653 -0.018860 -0.094742 -0.094057 -0.027727 -0.087532 -0.021302 -0.085791 -0.095697 -0.088603 -0.040266 -0.025461 -0.097055 -0.095708 -0.040604 -0.027522 -0.036131 -0.082241 -0.047155 -0.012369 -0.024445 -0.063861 -0.104683 -0.069376 -0.044246 -0.072180 -0.082191 -0.042608 -0.047991 -0.072400 -0.052420 -0.007908 -0.077624 -0.088091 -0.015052 -0.037930 -0.064958 -0.096478 -0.047168 0.008189 -0.014276 -0.029050 -0.074540 -0.059751 -0.129858 -0.073310 -0.097692 -0.111642 -0.088215 -0.061846 -0.057768 -0.032944 -0.050606 -0.057603 -0.006437 -0.078371 -0.049555 -0.026291 -0.025488 -0.059475 -0.024889 -0.023306 0.014241 0.006743 -0.029757 -0.031558 -0.068600 -0.056062 -0.097140 -0.067319 -0.079177 -0.059240 -0.074338 -0.015672 -0.069623 -0.075719 -0.068012 -0.022887 0.001042 -0.062588 -0.018429 -0.062294 -0.062624 -0.067561 -0.083133 -0.084748 -0.085060 -0.057979 -0.030734 -0.010600 -0.008214 -0.000786 -0.068388 -0.081327 -0.061914 -0.030567 -0.078807 -0.029984 -0.056516 -0.048135 -0.063651 -0.050810 -0.062166 -0.016365 -0.016622 -0.037238 0.003532 -0.025344 -0.068984 -0.033454 -0.011695 -0.050179 -0.033032 -0.059076 -0.052093 -0.078151 -0.034015 -0.026257 -0.028820 -0.046814 -0.051223 -0.004762 -0.062767 -0.042255 0.003042 -0.026562 -0.039254 -0.039158 -0.003462 -0.064255 -0.080663 -0.021186 -0.023987 -0.028986 -0.009061 -0.077467 0.024594 0.028228 -0.051163 -0.009399 0.005613 0.001893 -0.037509 -0.048320 -0.044455 -0.054626 -0.035971 -0.022291 -0.071958 -0.015836 -0.036453 -0.025084 -0.008356 -0.078853 -0.069544 -0.030174 -0.022628 -0.038750 0.002328 -0.047651 -0.039255 -0.033790 -0.060566 -0.019907 -0.047839 -0.054827 -0.022942 -0.074655 -0.101959 -0.054517 -0.025898 -0.052871
-0.060309 -0.085579 -0.041120 -0.045973 -0.042462 -0.023169 -0.031345 -0.029251 -0.047549 -0.046816 -0.059656 -0.052621 -0.083782 0.011407 -0.037488 -0.076993 -0.096114 -0.042568 -0.009711 -0.009088 -0.043298 -0.112124 -0.068337 -0.064261 -0.116995 -0.129178 -0.090074 -0.095602 -0.080500 -0.085523 -0.091919 -0.080575 -0.051526 -0.098124 -0.093388 -0.079148 -0.072486 -0.092463 -0.021441 -0.040236 -0.042833 -0.102595 -0.077689 -0.055108 -0.049074 -0.037348 -0.068885 -0.094500 -0.027572 -0.070423 -0.052118 -0.090392 -0.047168 -0.033820 -0.045043 -0.093263 -0.065234 -0.019136 -0.005113 -0.030411 -0.038360 0.008478 -0.048492 -0.074273 -0.099661 -0.071571 -0.082990 -0.017474 -0.121154 -0.015904 -0.012040 -0.081553 -0.054544 -0.079670 -0.045810 -0.055357 -0.042284 -0.055410 -0.063657 -0.050930 -0.078849 -0.042381 -0.028021 -0.065521 -0.065715 -0.017638 -0.073441 -0.073990 -0.031402 -0.060938 -0.020240 -0.032898 -0.064143 -0.046377 -0.064837 -0.048494 -0.034852 -0.055614 -0.063333 -0.033011 -0.024390 -0.024621 -0.075642 -0.062619 -0.033483 -0.048533 -0.009363 0.002405 -0.053479 -0.041500 -0.029846 -0.046043 -0.014557 -0.025761 -0.027151 0.001121 -0.022734 -0.076625 -0.091732 -0.018222 -0.050675 -0.070646 -0.093399 -0.041093 -0.006314 -0.029324 -0.101473 -0.075874 -0.016383 -0.044443 -0.020158 0.021471 -0.023415 -0.063877 -0.081900 -0.023447 -0.013746 -0.010743 -0.012674 -0.021405 -0.091479 -0.021947 -0.094174 -0.116570 -0.072557 -0.052878 -0.013701 -0.060361 -0.043023 -0.064296 -0.026033 -0.039417 -0.028309 -0.011708 -0.002064 -0.032901 -0.079727 -0.075984 -0.020893 0.007724 -0.066903 -0.061392 -0.014841 -0.012463 -0.023042 -0.056444 -0.069481 -0.068811 -0.037669 -0.028818 -0.033138 -0.085894 -0.066173 -0.024457 -0.062869 -0.036113 -0.023699 -0.015960 -0.014494 -0.039226 -0.065279 -0.062725 -0.041078 -0.072723 -0.017303 -0.070963 -0.076908 -0.089665 -0.040283 -0.006969
-0.042423 -0.068220 -0.041757 -0.047066 -0.071412 -0.058957 -0.040100 -0.037405 -0.082506 -0.076060 -0.026574 -0.051181 -0.043005 -0.037233 -0.048644 -0.044449 -0.032985 -0.068253 -0.060234 -0.013115 -0.027491 -0.011005 -0.014452 -0.057570 -0.116921 -0.065340 -0.042938 -0.024575 -0.076707 -0.140141 -0.087473 -0.079485 -0.021557 -0.087280 -0.073949 -0.064946 -0.056807 -0.032896 -0.020435 -0.080355 -0.087115 -0.090029 -0.086115 -0.052373 -0.084485 -0.080070 -0.034724 -0.049809 -0.028427 -0.052478 -0.057680 0.000716 -0.037889 -0.029605 -0.058717 -0.052655 -0.042646 -0.059222 -0.003709 -0.048568 -0.024269 -0.052993 -0.038683 -0.008504 -0.061546 -0.065869 -0.091555 -0.093215 -0.056657 -0.076042 -0.034563 -0.041710 -0.028575 0.033676 -0.009017 0.031066 0.000502 -0.031393 -0.092002 -0.032774 -0.110591 -0.092036 -0.028522 -0.093815 -0.083199 -0.027494 -0.023957 -0.037364 -0.046496 -0.029754 0.023668 -0.031684 -0.047994 -0.046573 -0.041248 -0.015821 -0.027959 -0.074189 -0.058897 -0.031265 -0.018025 -0.025914 -0.096254 -0.029881 -0.073711 -0.040900 -0.034749 -0.045021 -0.037014 -0.086358 -0.070513 -0.042423 -0.056789 -0.032779 -0.053197 -0.119341 -0.127839 -0.069542 -0.039711 -0.010980 -0.105727 -0.136261 -0.081717 -0.005757 0.022556 0.013276 -0.044286 -0.053358 -0.003625 -0.042052 -0.026866 -0.023428 0.010031 -0.065183 -0.079718 -0.092816 -0.021569 0.004741 -0.003902 0.005937 -0.017592 -0.011445 -0.047336 -0.078060 -0.106564 -0.041661 -0.079324 -0.113193 -0.082860 -0.061414 -0.021551 -0.053677 -0.104063 -0.045036 -0.045171 -0.019170 -0.029404 -0.064650 -0.005284 -0.035830 -0.076476 -0.011914 -0.004050 -0.035613 -0.017081 0.009907 -0.083135 -0.100958 -0.087892 -0.050331 0.007623 -0.036652 -0.095097 -0.052901 -0.045443 -0.059563 -0.024577 -0.008999 -0.099378 -0.057192 -0.036079 -0.062328 -0.079703 -0.083380 -0.065522 -0.074816 -0.046805 -0.028123 -0.023943 -0.041884
-0.081443 -0.052775 -0.054368 -0.083286 -0.075870 -0.017100 -0.030147 -0.048060 -0.042849 -0.021610 -0.004632 -0.064043 -0.045518 0.026846 -0.044742 -0.091858 -0.083231 -0.055039 -0.074137 -0.037754 -0.003718 -0.076295 -0.051227 -0.050761 -0.015960 -0.004400 -0.035846 -0.028401 -0.026157 -0.064539 -0.042394 -0.018209 -0.070426 -0.086870 -0.030161 -0.028537 -0.026086 -0.011232 -0.050886 -0.054362 -0.089696 -0.079957 -0.089478 -0.070159 -0.068705 -0.056649 -0.073887 -0.061103 -0.048297 -0.042037 -0.017368 -0.018821 -0.091493 -0.073957 -0.090383 -0.067239 -0.030234 -0.060165 0.010640 -0.025464 -0.062215 -0.095169 -0.057934 -0.018414 -0.074057 -0.041909 -0.138256 -0.090237 -0.028951 -0.107645 -0.078484 -0.069538 -0.022756 -0.063605 -0.011489 0.001674 -0.073233 0.010443 -0.042919 -0.027694 0.004846 -0.020987 -0.127290 -0.091794 -0.114554 -0.078560 -0.013141 -0.039044 -0.018511 -0.012670 -0.031787 -0.017547 -0.007949 -0.059185 -0.095491 -0.046989 -0.053607 -0.034108 -0.054127 -0.064780 -0.034872 -0.055332 -0.059523 -0.048860 -0.009869 -0.019772 -0.047970 -0.076217 -0.032290 -0.055252 -0.092569 -0.041479 -0.020509 -0.052385 -0.022657 -0.096892 -0.116837 -0.009775 -0.050801 -0.079275 -0.028784 -0.011330 -0.060505 -0.047647 -0.002299 0.009893 -0.008940 -0.025465 -0.059279 -0.089573 -0.065653 -0.065802 -0.023397 -0.033360 -0.100570 -0.102007 -0.062774 0.005914 0.005823 -0.051420 -0.067703 -0.035796 -0.023919 -0.066826 -0.050515 -0.055191 -0.024008 -0.066839 -0.025749 -0.033299 -0.070164 -0.038619 -0.104995 -0.077710 -0.085710 -0.052434 -0.032636 -0.066838 -0.028652 0.006621 -0.027802 -0.065097 -0.051268 -0.019525 0.004970 -0.017717 -0.109320 -0.102139 -0.007865 -0.089488 -0.032048 0.004058 -0.069759 -0.115679 -0.066477 -0.016932 -0.063304 -0.104236 -0.046278 -0.000629 -0.061211 -0.025395 -0.028785 -0.074630 -0.062176 -0.093071 -0.055712 -0.070186 -0.019148 -0.061748
-0.090335 -0.041257 -0.006925 -0.084919 -0.100704 -0.034801 -0.055962 -0.046408 -0.075918 -0.075699 -0.016324 -0.033102 -0.068824 -0.008964 -0.034117 -0.034508 -0.091316 -0.034139 -0.055560 -0.081724 -0.060134 -0.085132 -0.033218 0.001208 -0.060402 -0.046358 -0.074420 -0.098440 -0.047027 -0.096597 -0.082020 -0.043412 -0.046852 -0.074694 -0.027991 -0.034625 -0.066635 -0.110073 -0.061564 -0.060586 -0.028544 -0.020346 -0.062763 -0.067546 -0.002189 -0.042414 -0.075792 -0.032757 -0.030783 -0.020019 -0.024624 -0.042000 -0.019548 -0.028509 -0.083508 -0.076508 -0.062612 -0.044400 -0.056428 -0.053763 -0.057902 -0.059754 -0.024348 -0.052556 -0.081160 -0.086517 -0.089856 -0.001475 -0.042876 -0.079376 -0.033519 -0.024016 -0.038826 -0.072859 -0.049399 -0.054841 -0.075291 -0.035642 -0.040715 -0.008255 -0.071357 -0.049327 -0.032401 -0.097042 -0.081498 -0.080511 -0.037807 -0.046330 -0.089828 -0.056054 -0.031791 -0.032960 -0.051114 -0.077893 -0.065174 -0.057609 -0.031575 0.007195 -0.005614 0.036617 0.034891 -0.001829 0.039874 0.094764 0.067290 0.055239 0.016372 -0.021851 -0.121364 -0.093451 -0.036612 -0.065456 -0.032514 -0.046413 -0.021418 -0.112247 -0.099779 -0.024295 0.029719 -0.038774 0.005576 -0.015430 -0.037623 -0.062486 -0.016992 -0.048229 -0.026743 -0.072793 -0.072953 -0.045615 -0.087949 -0.047480 -0.088357 -0.050709 0.001201 -0.079511 -0.078241 -0.070024 -0.051807 -0.049106 -0.058520 0.003678 -0.011712 -0.071421 0.015051 -0.024835 -0.149908 -0.115632 -0.116763 -0.062529 -0.017453 -0.073212 -0.093241 -0.036546 -0.060699 -0.010282 -0.060225 -0.062587 -0.052594 -0.030873 -0.015591 -0.066745 -0.034704 -0.058885 -0.060236 0.017770 0.006009 -0.046877 -0.083490 -0.106439 0.002612 -0.030782 -0.043470 -0.102638 -0.065668 -0.077555 -0.000143 -0.077580 -0.054358 -0.013903 -0.051662 -0.022611 -0.039828 -0.092743 -0.084969 -0.041547 -0.073464 -0.060084 -0.013756 -0.042614
-0.075773 -0.096103 -0.073285 -0.042862 -0.045972 -0.063482 -0.090973 -0.046015 -0.050145 -0.064888 -0.047809 -0.036956 -0.067828 -0.070919 -0.036594 -0.071964 -0.124314 -0.022028 -0.030712 -0.051686 -0.049431 0.000555 -0.022652 -0.055448 -0.063151 -0.030234 -0.064093 -0.087721 -0.073782 -0.052168 -0.036674 -0.069080 -0.020078 -0.036668 -0.053255 -0.011735 -0.009031 -0.098672 -0.063294 -0.070773 -0.011080 -0.020487 -0.070455 -0.065699 -0.037131 -0.067214 -0.067465 -0.039039 -0.058862 -0.046447 -0.067131 -0.041746 -0.009480 0.001022 -0.023646 -0.053317 -0.063620 -0.026372 -0.050314 -0.048792 -0.078892 -0.070203 -0.009993 -0.042280 -0.073399 -0.078088 -0.002100 -0.030992 -0.085723 -0.048177 -0.011685 -0.001632 -0.029890 -0.066581 -0.057206 -0.027310 -0.017509 -0.029841 -0.012824 -0.057562 -0.103568 -0.118063 -0.060795 -0.034757 -0.067164 -0.081719 -0.092998 -0.031835 -0.055837 -0.050906 -0.014626 -0.054344 -0.039355 -0.042185 -0.018896 0.017690 -0.020745 -0.024959 -0.033214 -0.028267 -0.003447 -0.017880 -0.036124 0.038852 0.032320 0.049326 0.018997 -0.020044 -0.045921 -0.074843 -0.016404 -0.027252 -0.009864 -0.082284 -0.105110 -0.112233 -0.130602 -0.067522 -0.016134 -0.013723 -0.019693 -0.007534 -0.037850 -0.046036 -0.006087 -0.046725 -0.033591 -0.001638 -0.036248 -0.007572 -0.071663 -0.077979 -0.040341 -0.044439 -0.087532 -0.094852 -0.035954 -0.044893 -0.079972 -0.096880 0.004943 0.038385 -0.003187 -0.078946 0.018851 -0.048392 -0.120694 -0.065872 -0.070421 -0.040582 -0.048266 -0.055908 -0.036979 -0.085529 -0.082344 -0.094658 -0.048062 -0.039619 -0.024766 -0.024791 -0.060945 -0.063694 -0.038958 -0.061335 -0.048081 0.033771 0.002641 -0.052630 -0.063511 -0.036526 -0.023322 -0.042225 -0.065745 -0.052771 -0.055923 -0.062152 -0.060774 -0.035380 -0.029157 -0.031151 -0.047467 -0.050664 -0.071183 -0.030486 -0.003205 -0.025759 -0.047662 -0.019278 -0.043724 -0.068384
-0.074566 -0.055222 -0.032850 -0.036869 -0.089053 -0.059232 -0.068685 -0.057340 -0.042113 -0.020775 -0.061428 -0.007272 -0.011889 -0.065933 -0.093992 -0.105507 -0.060314 -0.057404 -0.001631 -0.018413 -0.059518 -0.093975 -0.059735 -0.052390 -0.020084 -0.020844 -0.033598 -0.056202 -0.051884 -0.054733 -0.071656 -0.065104 -0.055181 -0.040452 -0.074702 -0.070225 -0.009420 -0.052321 -0.071528 -0.039893 -0.043780 -0.042059 -0.045700 -0.065900 -0.055136 -0.061544 -0.084119 -0.059598 -0.056656 -0.039683 -0.026107 -0.012292 -0.021084 -0.026366 -0.008599 -0.090195 -0.049979 -0.021014 -0.021824 -0.100437 -0.051540 -0.029736 -0.020014 -0.009603 -0.001397 -0.036206 0.028468 0.013265 -0.045926 -0.050834 -0.043933 -0.012028 -0.033173 -0.068712 -0.023380 -0.025076 -0.006511 -0.024407 0.006310 -0.033401 -0.063137 -0.074885 -0.046355 -0.025074 -0.038715 -0.056563 -0.049535 -0.035667 -0.022207 0.016924 0.017042 -0.078792 -0.097951 -0.048110 -0.069852 -0.019183 -0.048989 -0.082003 -0.065468 -0.080994 -0.006096 -0.045079 -0.061562 -0.027449 -0.033812 -0.090983 -0.074138 -0.092172 -0.060762 -0.038042 -0.004056 -0.044970 -0.044854 -0.044328 -0.002236 -0.005307 -0.073993 -0.064885 -0.068491 -0.021021 -0.066957 -0.000157 -0.085280 0.009568 -0.005786 -0.006396 -0.046463 -0.038501 -0.006430 0.023298 -0.039486 -0.034899 -0.012464 -0.054452 -0.055525 -0.069176 -0.045484 -0.065466 -0.049692 -0.036060 -0.028431 0.001253 -0.002019 -0.073446 -0.002549 -0.016769 -0.056288 -0.037783 -0.075372 -0.041780 -0.018306 0.007557 -0.026267 -0.055703 -0.029856 -0.084872 -0.017953 -0.061011 -0.065973 -0.035108 -0.049339 -0.017014 -0.016542 -0.021698 -0.042771 -0.012013 0.040918 -0.055152 -0.062849 -0.065449 -0.037131 -0.061558 -0.082034 -0.020110 -0.077895 -0.114779 -0.036579 0.037541 -0.036665 -0.048105 -0.035827 -0.049999 -0.014197 -0.011231 -0.058575 -0.080911 -0.030890 0.006057 -0.041610 -0.056883
-0.067226 -0.052703 -0.085936 -0.067148 -0.016030 -0.036554 -0.073385 -0.055437 -0.049002 -0.059529 -0.016191 -0.008446 0.004308 -0.026719 -0.041800 -0.047084 -0.008279 -0.076221 -0.039534 -0.035975 -0.052216 -0.051276 -0.041996 -0.072960 -0.056094 -0.027241 -0.019502 -0.013603 -0.073936 -0.046589 -0.030855 -0.025426 -0.060953 -0.036935 -0.014760 -0.032368 -0.018695 -0.013982 -0.030102 -0.032929 -0.014481 -0.085810 -0.125762 -0.057492 -0.060672 -0.070403 -0.074887 -0.051878 -0.032457 -0.023613 -0.064453 -0.008086 -0.017846 -0.066344 -0.039746 0.009134 -0.081841 -0.043335 -0.025333 -0.050193 0.010008 0.030880 -0.014114 -0.028597 0.002300 -0.059458 -0.034668 -0.024294 -0.058138 -0.048818 -0.037119 -0.028402 -0.016452 -0.067026 -0.087738 -0.102423 -0.055369 -0.021283 -0.047585 -0.012702 -0.014238 -0.006958 -0.038854 -0.022119 -0.045030 -0.052082 -0.048579 -0.018399 -0.025246 -0.015090 -0.053962 -0.070420 -0.100707 -0.096256 -0.073018 -0.081058 -0.052487 -0.062076 -0.003637 -0.049981 -0.057768 -0.064220 -0.014208 -0.023765 -0.058917 -0.063697 -0.108182 -0.071003 -0.072756 -0.078991 -0.020504 -0.025692 -0.046011 -0.017937 -0.009984 -0.066634 -0.071746 -0.073504 -0.147942 -0.083451 -0.048836 -0.026194 -0.057140 0.018228 -0.014435 -0.009354 -0.015517 -0.039640 -0.037726 -0.060114 -0.056944 -0.045414 -0.037577 -0.029863 -0.007834 0.007226 0.001551 -0.044881 -0.046407 -0.011244 -0.048634 -0.027285 -0.056546 -0.081112 -0.048529 -0.052124 -0.016971 -0.055064 -0.109014 -0.056883 -0.019558 0.001320 0.022042 -0.043993 -0.038674 -0.052258 -0.122526 -0.125136 -0.048242 -0.033126 -0.035122 -0.001437 -0.079796 -0.045110 -0.051711 -0.052668 -0.001334 -0.012862 -0.066824 -0.043343 -0.054788 -0.078820 -0.039710 -0.055870 -0.055398 -0.042678 -0.044850 -0.028991 -0.030010 -0.022984 -0.027221 -0.072558 -0.015488 -0.006315 -0.015400 -0.049648 -0.016513 -0.029751 -0.057788 -0.044928
-0.074981 -0.078433 -0.065672 -0.063884 -0.042229 -0.025693 -0.033530 -0.052840 -0.010455 -0.043455 -0.025862 -0.008151 -0.062724 -0.084739 -0.025553 0.003814 -0.022142 -0.021581 -0.001463 -0.019424 -0.067396 -0.004596 -0.046701 0.029293 -0.030984 -0.005796 -0.067801 -0.062307 -0.022273 -0.051460 -0.041883 -0.024026 -0.015551 -0.046538 -0.103229 -0.024006 0.026624 -0.009943 -0.061680 -0.017962 -0.008033 -0.030809 -0.038780 -0.048039 -0.083988 -0.084602 -0.036693 -0.044114 -0.033923 0.002257 -0.009364 -0.014212 -0.027762 -0.071638 -0.026392 -0.007119 -0.087580 -0.043351 -0.014144 -0.002001 -0.034579 0.023716 -0.058769 -0.047150 -0.027656 -0.055843 -0.135246 -0.033509 -0.036831 -0.064693 -0.065742 0.006057 -0.028394 -0.038274 -0.065483 -0.022505 -0.051973 -0.047980 -0.055497 -0.011814 0.006525 -0.045037 -0.083806 -0.010877 -0.018286 -0.075462 -0.040821 -0.007650 -0.065979 -0.101501 -0.085758 -0.080352 -0.071155 -0.097520 -0.057884 -0.049993 -0.032163 -0.016247 -0.033284 -0.059118 -0.047731 -0.043496 -0.009731 -0.037007 -0.043986 -0.045782 -0.085703 0.007061 -0.070225 -0.070581 -0.031791 -0.018148 -0.060453 -0.032288 -0.080797 -0.095561 -0.089520 -0.084791 -0.101965 -0.101899 -0.005568 -0.032757 -0.052040 -0.016982 -0.019143 0.011842 -0.057853 -0.059390 -0.070570 -0.058306 -0.053294 -0.058211 -0.081028 -0.072562 -0.057819 -0.075477 -0.036027 -0.005064 -0.036166 -0.055441 -0.060774 -0.017904 -0.047792 -0.068350 -0.089921 -0.064564 -0.083770 -0.069540 -0.088261 -0.059193 -0.028764 -0.026008 -0.019617 -0.103971 -0.071373 -0.031069 -0.105746 -0.082174 -0.042457 -0.013839 -0.015573 -0.070189 -0.113553 -0.023723 -0.034224 -0.027845 -0.045216 -0.040161 -0.009280 -0.003607 -0.049941 -0.028863 -0.030463 -0.113567 -0.015147 -0.026402 -0.018685 0.022354 -0.053300 -0.034357 -0.034960 -0.080667 0.014903 -0.011624 -0.032463 -0.025183 -0.015415 0.008179 -0.036763 -0.058954
-0.039928 -0.069177 -0.035448 -0.007853 -0.035336 -0.057473 -0.070205 -0.055064 -0.043393 -0.029652 -0.025449 -0.024112 -0.044811 -0.086638 -0.053382 -0.011666 -0.035870 -0.046188 0.002860 -0.038549 -0.084262 -0.033903 -0.068653 -0.046118 -0.030853 -0.070802 -0.060171 -0.040106 0.017818 -0.050530 -0.036891 -0.013619 -0.049250 -0.075373 -0.080066 -0.070451 -0.071346 -0.049878 -0.100480 -0.038470 -0.001879 -0.069284 -0.022558 -0.056120 -0.017802 -0.018670 -0.073161 -0.090896 -0.065038 -0.018719 0.020151 -0.068414 -0.097591 -0.101198 0.006697 -0.037865 -0.084925 -0.005795 -0.031539 -0.080132 -0.078864 0.005313 -0.025922 -0.068382 -0.040512 -0.037746 -0.083763 -0.052528 -0.023369 -0.039907 -0.082004 -0.012298 -0.034480 -0.052435 -0.042811 0.064670 -0.013542 -0.025470 -0.045790 -0.061483 -0.046397 -0.056891 -0.029358 -0.035157 -0.020873 -0.006852 -0.025161 -0.059368 -0.065305 -0.112597 -0.072021 0.012284 -0.063819 -0.067602 -0.026944 -0.016505 -0.051386 -0.032583 -0.084773 -0.062784 -0.049909 -0.020021 -0.018695 -0.066508 -0.029969 -0.015882 -0.060873 -0.047590 -0.062261 -0.047818 -0.076716 -0.033769 -0.041669 -0.003448 -0.011249 -0.051582 0.006664 -0.030319 -0.008425 -0.079225 -0.030768 0.015172 -0.032501 -0.040369 -0.063578 -0.059774 -0.088946 -0.067480 -0.043971 -0.059973 -0.068862 -0.028687 -0.039780 -0.050256 -0.118866 -0.173936 -0.108737 -0.010788 -0.036557 0.008990 -0.043840 0.000592 -0.010193 -0.028516 -0.069977 -0.031785 -0.054569 -0.055892 -0.070046 -0.088710 -0.038198 -0.067446 -0.110106 -0.100411 -0.026308 0.000524 -0.006630 -0.016545 -0.062441 -0.028359 -0.008480 -0.054572 -0.074898 -0.045109 0.004713 -0.041692 -0.039977 -0.062187 -0.041018 0.030033 -0.064601 -0.078518 -0.060855 -0.029880 0.016054 -0.017464 -0.027388 -0.040825 -0.052013 -0.067871 -0.058455 -0.047137 -0.067414 -0.046093 -0.058295 -0.017582 -0.034390 -0.004262 -0.003460 -0.003834
-0.043398 -0.023017 -0.046421 -0.021074 0.040423 -0.012086 -0.037834 -0.083322 -0.069952 -0.058924 -0.078620 -0.037855 0.018000 -0.048485 -0.063323 -0.064190 -0.011414 -0.055163 -0.044109 -0.042808 -0.050346 -0.102190 -0.039244 -0.119417 -0.039223 -0.058555 -0.108879 -0.076352 -0.017033 -0.037294 -0.024714 -0.031016 -0.071389 -0.085348 -0.034956 -0.036058 -0.092169 -0.112499 -0.053584 -0.037603 -0.043602 -0.084267 -0.073987 -0.091678 -0.056024 -0.046225 -0.063938 -0.018384 -0.035302 -0.018909 -0.037282 -0.056989 -0.038923 -0.023685 -0.002330 -0.079960 -0.056348 -0.037395 -0.039811 -0.022868 -0.039057 -0.002424 -0.023634 -0.063135 -0.032147 -0.052982 -0.081581 -0.028219 0.008035 -0.017767 -0.031702 -0.017224 -0.056515 -0.080215 -0.028852 0.001625 -0.034195 -0.020058 -0.026361 -0.018656 -0.049922 -0.052258 -0.018740 -0.029484 -0.128565 -0.055964 0.016509 -0.056684 -0.058971 -0.083958 -0.051316 -0.019181 -0.028580 0.011644 -0.036986 -0.027276 -0.031643 -0.044920 -0.064202 -0.039111 -0.072977 -0.037141 -0.012102 -0.072353 -0.050426 -0.017562 -0.089855 -0.072225 -0.032526 -0.001488 -0.029197 0.017644 -0.011270 -0.017361 -0.034368 -0.052976 -0.013557 -0.067715 -0.035961 -0.092775 -0.019113 -0.070807 -0.058759 -0.066344 -0.067298 -0.033181 -0.023790 -0.075083 -0.074591 -0.106162 -0.045599 -0.062116 -0.075424 -0.070149 -0.068115 -0.098571 -0.096235 -0.066147 -0.080585 -0.007404 -0.028706 -0.036368 0.027044 -0.025911 -0.021524 -0.062777 -0.083878 -0.026002 -0.028273 -0.020039 -0.073340 0.036901 -0.059557 -0.133198 -0.056399 -0.040657 0.009296 -0.104302 -0.147285 0.003290 -0.018972 -0.040136 -0.045930 -0.065440 -0.016634 -0.037984 -0.054398 -0.014286 -0.039469 0.006607 -0.037501 -0.080515 -0.091503 0.007855 -0.054706 -0.061103 -0.047684 -0.031910 -0.025178 -0.016046 -0.042598 -0.030428 -0.083154 -0.100756 -0.081466 -0.003790 -0.022918 -0.008259 -0.050173 -0.029331
-0.113024 -0.080348 -0.081703 -0.012705 -0.006040 -0.047936 -0.047749 -0.046728 -0.035148 0.005101 -0.020289 -0.014429 -0.032938 -0.038090 -0.036678 -0.038475 -0.042856 -0.017714 0.002156 -0.032690 -0.062148 -0.064512 -0.040635 -0.129142 -0.091144 -0.027308 -0.114685 -0.110955 -0.038888 -0.054876 -0.086373 -0.083901 -0.109534 -0.100109 -0.043565 -0.025458 -0.050259 -0.051255 -0.006043 -0.018927 -0.067949 -0.121881 -0.084491 -0.056691 -0.061833 -0.010611 0.002963 0.025612 -0.016855 -0.106233 -0.072630 -0.026754 -0.064782 -0.065373 -0.063792 -0.105067 -0.055942 -0.070890 -0.026886 -0.012448 -0.076288 -0.031943 -0.053699 -0.076796 -0.069038 -0.048773 -0.069908 -0.066028 -0.046596 -0.048340 -0.026285 0.003094 -0.010230 -0.058720 -0.060310 -0.051907 -0.020511 -0.036434 -0.064828 -0.041507 -0.012923 -0.048056 -0.034504 0.016816 -0.051210 -0.063175 -0.030558 -0.036535 -0.016112 -0.029098 -0.056613 -0.057221 -0.017037 -0.025022 -0.012129 -0.020635 -0.069752 -0.055120 -0.023616 -0.063206 -0.012202 -0.045026 -0.114210 -0.071486 -0.074578 -0.043903 -0.059889 -0.013276 -0.031505 -0.032749 -0.018557 0.005936 -0.035066 -0.056223 -0.020527 -0.030271 -0.032297 -0.066917 -0.055691 -0.047871 -0.040650 -0.097694 -0.105486 0.002188 -0.032513 -0.022980 -0.082184 -0.055769 0.055126 -0.088436 -0.070314 -0.072619 -0.011526 -0.035115 0.002428 -0.030698 -0.031562 -0.056450 -0.069030 -0.069255 -0.093418 -0.073551 0.001416 0.008083 -0.039845 -0.035052 -0.089843 -0.033102 -0.021598 0.000736 -0.058677 -0.013113 -0.036843 -0.106414 -0.064597 -0.105754 -0.086901 -0.095041 0.000106 -0.055045 -0.068171 -0.013747 -0.005909 -0.030483 -0.021740 -0.040898 -0.065317 -0.072239 -0.019287 -0.062339 -0.033849 -0.072633 0.017326 0.012857 -0.053217 -0.026295 -0.115170 -0.051060 -0.018962 -0.031763 -0.018868 -0.073200 -0.116085 -0.082828 -0.055273 0.014679 -0.081190 -0.048777 -0.033910 -0.074916
-0.084248 -0.059222 -0.054446 -0.043705 -0.035322 -0.074538 -0.053106 -0.035744 -0.053270 -0.007265 0.038175 -0.007067 -0.068429 -0.042140 -0.016205 -0.029194 -0.054772 -0.052828 -0.012493 -0.017182 -0.066653 -0.033639 -0.090348 -0.125274 -0.100917 0.005622 -0.041644 -0.045372 0.001321 -0.055144 -0.121790 -0.078241 -0.087582 -0.072119 -0.092517 -0.099139 -0.056338 -0.018811 -0.054316 -0.062711 -0.021090 -0.135338 -0.132272 -0.053019 -0.003903 -0.020211 -0.025512 -0.050680 -0.015188 -0.030916 -0.000951 -0.055014 -0.091605 -0.061494 -0.090057 -0.059430 -0.066129 -0.061928 -0.033479 -0.103475 -0.045100 -0.017586 -0.062936 -0.031063 -0.028680 -0.054573 -0.056724 -0.024641 -0.054744 -0.076957 -0.019636 -0.020940 -0.033587 -0.041392 -0.056823 -0.022495 -0.032325 -0.109679 -0.046868 -0.006641 -0.011620 -0.055367 -0.023276 -0.048413 -0.056980 -0.072236 -0.068608 -0.069921 -0.108209 -0.049983 -0.012855 -0.009098 -0.046987 -0.047832 -0.024266 -0.026180 -0.046858 -0.095473 -0.009222 -0.030883 -0.019285 -0.071735 -0.059590 -0.056577 -0.055360 -0.035257 -0.012773 -0.020528 -0.048323 -0.044624 -0.044682 -0.044999 -0.073502 -0.056100 0.003247 -0.024150 -0.053202 -0.068846 -0.018977 -0.037930 -0.033177 -0.025398 -0.051079 -0.026811 -0.032382 -0.031596 -0.055093 -0.093238 -0.042712 -0.027013 -0.047057 -0.061063 0.006243 -0.030305 -0.059239 -0.016447 -0.061882 -0.032248 -0.051104 -0.083988 -0.091459 -0.052720 -0.080906 -0.068981 -0.013298 -0.051722 -0.070189 -0.059282 -0.017017 -0.025976 -0.073027 -0.093940 -0.048782 -0.089231 -0.076583 -0.076256 -0.101036 -0.064915 -0.046936 -0.092668 -0.084543 -0.058625 -0.042011 -0.028134 -0.044623 -0.064666 -0.044476 -0.080306 -0.049853 -0.046296 -0.019210 -0.017134 -0.041124 -0.058434 -0.042790 -0.021851 -0.076653 -0.064435 -0.011982 -0.017631 -0.068463 -0.025093 -0.084773 -0.120205 -0.062761 -0.064452 -0.113457 -0.022414 0.032691 -0.040898
-0.068507 -0.015265 0.002680 -0.046907 -0.057167 -0.070506 -0.028620 -0.067713 -0.050394 -0.001715 -0.025375 -0.030185 -0.076219 -0.022177 -0.081426 -0.039468 -0.090336 -0.108125 0.013804 -0.045355 -0.052028 -0.100893 -0.076521 -0.011376 0.018960 -0.072179 -0.026010 0.011004 -0.051754 0.040423 0.004926 -0.043860 -0.053755 -0.064208 -0.045517 -0.021797 -0.013980 -0.107048 -0.091293 -0.077591 -0.079268 -0.086209 -0.038718 -0.078767 -0.073946 -0.046076 -0.072059 -0.069113 -0.019472 0.009831 0.008247 -0.122561 -0.112393 -0.088749 -0.035631 -0.031396 -0.054372 -0.041686 -0.121896 -0.146957 0.012572 -0.013857 -0.012674 -0.034687 -0.044090 -0.057141 -0.063511 -0.024826 -0.087751 -0.058791 -0.033270 -0.065432 -0.059322 -0.059484 -0.036516 -0.005148 -0.088397 -0.144778 -0.054047 -0.035030 -0.058511 -0.057464 -0.012069 -0.056746 -0.053841 -0.039758 -0.063386 -0.018006 -0.048828 -0.022689 -0.008142 -0.029289 -0.060691 -0.060351 -0.060298 -0.060385 -0.018081 -0.018607 -0.050195 -0.036672 -0.041780 -0.072812 -0.021365 -0.053481 -0.039270 -0.067107 -0.059357 -0.076590 -0.033691 -0.017025 -0.044132 -0.031936 -0.108233 -0.047342 -0.077893 -0.055069 -0.054789 -0.068825 -0.001841 -0.022547 -0.060639 -0.063566 -0.033474 -0.096210 -0.131998 -0.043910 0.035643 -0.053857 -0.135959 -0.142183 -0.074407 -0.061018 -0.117483 -0.088463 -0.114843 -0.036718 -0.075939 -0.110077 -0.084602 -0.060304 -0.010092 -0.063579 -0.113484 -0.111914 -0.033208 -0.064884 -0.034376 -0.025762 -0.048532 -0.039161 -0.005063 -0.053150 -0.085718 -0.085715 -0.046919 -0.050480 -0.069389 -0.024345 -0.099369 -0.132527 -0.087750 -0.071810 -0.010412 -0.056342 -0.069360 -0.084745 -0.007358 -0.016989 -0.108543 -0.011797 -0.053756 -0.096628 -0.076444 -0.062157 -0.037424 -0.053349 -0.039143 -0.085362 -0.064344 -0.065597 -0.061230 -0.044441 -0.056948 -0.079583 -0.036446 -0.074531 -0.066168 -0.052156 -0.044996 -0.055377
-0.094187 -0.053754 0.013524 -0.036015 -0.060814 0.013437 -0.018773 -0.069942 -0.077093 -0.028319 -0.049222 -0.010742 -0.001061 0.029517 -0.063993 -0.056803 -0.082631 -0.060699 -0.035250 -0.015300 -0.009607 -0.076771 -0.075098 -0.060796 -0.052928 -0.084581 -0.048494 -0.056621 -0.049810 0.014257 -0.027040 -0.028103 -0.068996 -0.042773 -0.013470 0.048202 -0.020740 -0.094468 -0.088316 -0.071954 -0.052508 -0.068315 -0.079794 -0.049183 -0.040301 -0.073659 -0.124647 -0.027275 0.030155 -0.020416 -0.072395 -0.113734 -0.014731 -0.054554 -0.025645 -0.031502 0.001502 -0.076002 -0.073239 -0.080306 -0.004390 -0.072592 -0.026806 -0.004129 -0.041038 -0.028656 -0.015892 -0.076613 -0.097284 -0.061723 -0.077401 -0.042985 -0.047107 -0.063335 -0.027358 -0.049874 -0.072026 -0.023648 -0.029252 -0.053407 -0.047722 -0.037903 -0.009626 -0.011616 -0.024398 -0.033553 -0.002248 0.004811 -0.049862 -0.011320 -0.056421 -0.038994 -0.028873 -0.040804 -0.059433 -0.098367 -0.033691 -0.019100 -0.054712 -0.075533 -0.089432 -0.065998 -0.018854 -0.026523 -0.082169 -0.125834 -0.091678 -0.074183 -0.023256 -0.017809 -0.047879 -0.029394 -0.053353 -0.025263 -0.033222 -0.085785 -0.072430 -0.094386 -0.057485 -0.018803 -0.076223 -0.110795 -0.043461 -0.115423 -0.065516 -0.028253 -0.058891 -0.026644 -0.055363 -0.055939 -0.066747 -0.078298 -0.113199 -0.091618 -0.060295 -0.054257 -0.040372 -0.091317 -0.079162 -0.048079 -0.029361 -0.048056 -0.052943 -0.032065 -0.007767 -0.037696 -0.069354 -0.016164 -0.000859 -0.009764 0.012596 -0.013462 -0.046767 -0.068549 -0.077310 -0.103379 -0.029677 -0.055239 -0.115265 -0.053333 -0.060677 -0.070232 -0.054185 0.032295 -0.003151 -0.024966 -0.075219 -0.069947 -0.087407 -0.071351 -0.067127 -0.080571 -0.110399 -0.105868 -0.097775 -0.060339 -0.049194 -0.082061 -0.086916 -0.090723 -0.059818 -0.064466 -0.070111 -0.028463 -0.023641 -0.085839 -0.109958 -0.128888 -0.034954 -0.052583
-0.042038 -0.006466 -0.003474 -0.017662 -0.007499 -0.006832 -0.029886 -0.042525 -0.071389 -0.021963 -0.050831 -0.069224 0.062311 -0.005796 -0.077758 -0.108470 -0.081260 -0.072804 -0.044653 -0.058739 -0.063329 -0.083473 -0.025289 -0.007748 -0.054796 -0.028772 -0.055494 -0.070086 -0.067356 -0.114962 -0.089217 -0.086333 -0.064740 -0.054878 -0.014831 -0.013523 0.009100 -0.074959 -0.048863 -0.082655 -0.078896 -0.074064 -0.084971 -0.009952 -0.010194 -0.030758 -0.027783 -0.041627 -0.074600 -0.036679 -0.051965 -0.036758 -0.040093 -0.068592 -0.076391 -0.019764 -0.021439 -0.098746 -0.069436 -0.042945 -0.040389 -0.063588 -0.071856 -0.029560 -0.006289 0.010606 -0.036802 -0.038411 -0.077852 -0.072900 -0.010588 -0.069518 -0.066581 -0.055025 -0.049235 -0.068194 -0.076882 -0.016335 -0.020694 -0.017234 -0.001020 0.016212 0.019216 -0.046149 -0.027697 0.015416 -0.050006 -0.025703 -0.035834 -0.067395 -0.041693 -0.026096 -0.063747 -0.050601 -0.031021 -0.080947 -0.036767 -0.015304 -0.040216 -0.071817 -0.077818 -0.079255 -0.032333 -0.027489 -0.034618 -0.079670 -0.094815 -0.040717 -0.015695 -0.030969 -0.019395 -0.008630 -0.023916 -0.113250 -0.071057 -0.070807 -0.113950 -0.126904 -0.073352 -0.045154 -0.059612 -0.051936 -0.042439 -0.050784 -0.060537 -0.137398 -0.091776 -0.077668 -0.071817 -0.091851 -0.047387 -0.075950 -0.049472 -0.054405 -0.029528 -0.061811 -0.086233 -0.060053 -0.063913 -0.081568 -0.078330 -0.082699 -0.050820 -0.001637 -0.023159 -0.083091 -0.135883 -0.084899 0.006206 0.008144 -0.004741 -0.022515 -0.048550 -0.071742 -0.092916 -0.083177 -0.040978 -0.083293 -0.083666 -0.036067 -0.029339 0.010815 -0.039538 0.000966 -0.040848 -0.013543 -0.041379 -0.056374 -0.099254 -0.154124 -0.051059 -0.047701 -0.134124 -0.092173 -0.123530 -0.091157 -0.047705 -0.050046 -0.090185 -0.077917 -0.066539 -0.104822 -0.092808 -0.093148 -0.150071 -0.116183 -0.067124 -0.101156 -0.041413 -0.036053
-0.035791 -0.015598 0.001301 -0.006587 -0.008517 -0.052879 -0.068270 -0.024133 -0.023285 0.016819 -0.043082 -0.061979 -0.002156 -0.056926 -0.034716 0.001820 -0.056856 -0.089789 -0.086320 -0.106317 -0.089887 -0.039368 0.011175 -0.026676 -0.062347 -0.047707 -0.052954 0.004442 -0.053246 -0.078645 -0.057490 -0.067899 -0.101314 -0.108193 -0.003013 -0.041391 -0.002772 0.012521 -0.029914 -0.066227 -0.056247 -0.099312 -0.095678 -0.060482 -0.041832 -0.031264 -0.047844 -0.072520 -0.048910 -0.081224 -0.075184 -0.056323 -0.094877 -0.038210 -0.032637 -0.057455 -0.033213 -0.021991 -0.017899 -0.060517 -0.071035 -0.034434 -0.069310 -0.054326 -0.093713 -0.044422 -0.013422 -0.076975 -0.086284 -0.054848 0.013435 -0.025525 -0.042201 -0.050390 -0.049361 -0.026297 -0.042441 -0.003921 -0.027336 -0.037768 -0.021925 -0.004818 0.001169 0.004803 -0.028653 -0.007968 -0.096942 -0.084912 -0.044868 -0.010841 -0.036253 -0.021849 0.002515 -0.072270 -0.027219 -0.048612 -0.030599 -0.013326 -0.066227 -0.055873 -0.040418 -0.035655 -0.088347 -0.061239 0.009139 -0.026513 -0.057492 -0.024985 -0.049323 -0.028148 -0.003127 -0.043961 -0.031282 -0.046167 -0.058445 0.009230 -0.051694 -0.080515 -0.069257 -0.031408 -0.030353 -0.058565 -0.072836 -0.016993 -0.063570 -0.083502 -0.076043 -0.061723 -0.036552 -0.097092 -0.070321 -0.024960 0.002333 -0.049066 -0.100180 -0.057551 -0.078284 -0.103986 -0.005091 -0.046702 -0.099485 -0.101855 -0.073341 -0.058185 -0.057717 -0.080424 -0.082228 -0.060378 -0.096031 -0.085020 -0.099319 -0.128498 -0.145498 -0.090636 -0.068884 -0.058172 -0.048066 -0.100260 -0.053125 -0.000085 0.013666 0.027221 -0.005478 -0.045242 -0.077021 -0.042762 -0.010180 -0.103483 -0.100564 -0.045329 -0.091745 -0.060838 -0.022471 -0.070319 -0.026654 -0.058259 -0.088957 -0.018629 -0.038850 -0.050113 -0.066598 -0.090582 -0.074717 -0.072568 -0.103662 -0.059864 0.004748 -0.081890 -0.046933 -0.061123
-0.047173 -0.066286 -0.057442 -0.068697 0.020283 -0.046750 -0.050084 -0.038912 0.018178 -0.017710 -0.025942 -0.098190 -0.059854 -0.066211 -0.037652 -0.038936 -0.027841 -0.055673 -0.086211 -0.089579 -0.070378 0.004154 -0.031503 -0.019253 -0.072655 -0.001937 -0.027586 -0.003908 -0.009866 -0.047776 -0.042341 -0.086383 -0.119996 -0.074242 -0.025118 -0.036706 -0.009347 -0.025002 -0.042674 -0.049557 -0.029255 -0.053205 -0.030603 -0.095693 -0.038263 -0.014434 -0.087333 -0.156031 -0.088257 -0.037174 -0.076461 -0.056387 -0.068259 -0.030626 -0.000157 -0.026791 -0.003101 -0.051422 -0.054292 -0.046918 -0.002647 -0.040260 -0.073871 -0.036256 -0.122435 -0.079402 -0.039962 -0.091501 -0.033846 -0.016428 -0.055363 -0.078159 -0.031955 -0.015013 -0.020143 0.017665 0.039881 -0.001899 -0.062351 -0.077243 -0.014232 -0.023004 -0.056639 -0.079167 -0.025704 -0.062182 -0.012326 -0.048660 -0.093887 -0.009272 -0.008042 -0.003559 -0.052193 -0.062916 -0.042681 0.022358 -0.054093 -0.069721 -0.012072 -0.030557 -0.040446 -0.030368 -0.074300 -0.054252 -0.044092 -0.070568 -0.050119 -0.045161 -0.038721 -0.011795 0.009842 -0.001850 -0.009135 0.028144 -0.023822 -0.044071 -0.014524 -0.040726 -0.022336 -0.055418 -0.070410 -0.064592 -0.100565 -0.042426 -0.110197 -0.046798 -0.070737 -0.064640 -0.024408 -0.062534 -0.043161 -0.085593 -0.092640 -0.037317 -0.097673 -0.084350 -0.096353 -0.094152 -0.001342 0.017535 -0.073260 -0.113961 -0.089523 -0.069620 -0.066232 -0.027243 -0.018850 0.015186 -0.039896 -0.027400 -0.115636 -0.155443 -0.150316 -0.038837 0.008030 -0.004115 -0.089098 -0.066167 -0.036844 -0.040733 -0.098537 -0.057355 0.008875 -0.054591 -0.049817 -0.042887 -0.018879 -0.071678 -0.109589 -0.144540 -0.145076 -0.067194 -0.039188 -0.067031 -0.066891 -0.065350 -0.071259 -0.077997 -0.034317 0.024226 0.007583 -0.038458 -0.065374 -0.084844 -0.067133 -0.049787 -0.051167 -0.077988 -0.060172 -0.068082
-0.037482 -0.057214 -0.078886 -0.056704 -0.056491 -0.032399 -0.043016 -0.015814 -0.036570 -0.028276 0.015436 -0.035223 -0.050794 -0.012915 -0.034012 -0.037275 0.001879 -0.035764 -0.059762 -0.061943 -0.021276 -0.062530 0.008047 0.000661 -0.045236 -0.024195 -0.084240 -0.077125 -0.025001 -0.049922 -0.048498 -0.088380 -0.089060 -0.048774 -0.015654 -0.046706 -0.002195 -0.069028 -0.039069 -0.043690 -0.053113 -0.045363 -0.036189 -0.035092 -0.017977 -0.035382 -0.022646 -0.089003 -0.105884 -0.016306 -0.019431 -0.022084 -0.007170 -0.043606 -0.074757 -0.027485 -0.001736 -0.032569 -0.013967 -0.037257 -0.022703 -0.040281 -0.038974 -0.088136 -0.113548 -0.061776 -0.001580 -0.069516 -0.053879 -0.031529 -0.044530 -0.020809 -0.056137 -0.065695 -0.053692 -0.027107 0.051286 -0.055758 -0.055134 -0.053803 -0.046943 -0.081800 -0.038892 -0.055217 -0.014449 -0.028047 -0.015742 -0.014265 -0.108075 -0.069019 -0.050780 -0.059011 -0.077613 -0.008492 -0.006587 -0.043673 -0.089524 -0.086785 0.016109 -0.077789 -0.085807 -0.043980 -0.046664 -0.064305 -0.087857 -0.082976 -0.087464 -0.069359 -0.045124 -0.052352 -0.034682 -0.036599 0.013492 0.029305 -0.103117 -0.122799 -0.054250 -0.025422 -0.093383 -0.110104 -0.000652 -0.007082 -0.059261 -0.090814 -0.068815 -0.067350 -0.100490 -0.070638 -0.090618 -0.021777 -0.055707 -0.078551 -0.042829 -0.065075 -0.043671 -0.101071 -0.074517 -0.087715 -0.040150 -0.060352 -0.056657 -0.053292 -0.055125 -0.059147 -0.014927 -0.018278 -0.043012 -0.012978 -0.030884 -0.042294 -0.071104 -0.074109 -0.056994 -0.026359 -0.039425 -0.044773 -0.104957 -0.036121 -0.037526 -0.095109 -0.075092 -0.076753 -0.069849 -0.063396 -0.058238 -0.038849 -0.034999 0.013677 -0.068702 -0.107201 -0.099444 -0.050380 -0.076764 -0.064506 -0.060628 -0.053093 0.006644 -0.012306 -0.073932 -0.070763 -0.052648 -0.048450 -0.057497 -0.064741 -0.084168 -0.024808 -0.034147 -0.086466 -0.122144 -0.028812
0.002311 -0.039054 -0.096415 -0.110378 -0.059303 -0.007954 -0.033739 -0.023069 -0.071445 -0.017717 0.003854 0.025512 -0.038743 -0.006309 -0.047065 -0.015542 -0.020537 -0.027469 -0.025811 -0.008203 -0.008549 -0.063949 -0.058722 -0.016903 -0.048317 -0.065415 -0.059265 -0.081366 -0.010264 -0.028954 -0.058207 -0.057026 -0.046660 -0.102618 -0.089214 -0.038622 -0.091632 -0.055887 -0.036064 -0.021958 -0.029511 -0.045549 -0.070339 -0.057699 -0.081233 -0.058689 -0.027608 -0.027890 -0.058167 -0.020641 -0.017358 -0.035705 -0.051528 -0.078403 -0.070356 -0.012102 -0.002121 0.002363 -0.020342 -0.054859 -0.067402 -0.048737 -0.022949 -0.064708 -0.044240 -0.068168 -0.048052 -0.095952 -0.103762 -0.054219 -0.014911 -0.040584 -0.075336 -0.041247 -0.022203 -0.015855 -0.059073 -0.027134 -0.023429 -0.031381 -0.077322 -0.101386 -0.051035 -0.033556 -0.018236 -0.053300 -0.083718 -0.066124 -0.042105 -0.047051 -0.036951 -0.077545 -0.001241 -0.009666 -0.074172 -0.092487 -0.093010 -0.090016 -0.050323 -0.021881 -0.013494 -0.008902 -0.065006 -0.048659 -0.056735 -0.047204 -0.024335 -0.040338 -0.063062 -0.047074 -0.039039 0.012074 -0.011855 -0.047685 -0.066049 -0.067644 -0.015148 -0.037741 -0.049258 -0.068669 -0.033865 0.035513 -0.038045 -0.082595 -0.046265 -0.138125 -0.041469 -0.015609 -0.097262 -0.027299 -0.076853 -0.058897 -0.035382 -0.061892 -0.027618 -0.101823 -0.076341 -0.072600 -0.043841 -0.101289 -0.209713 -0.104920 -0.043279 -0.063816 -0.022156 -0.031369 -0.031280 -0.022545 -0.050214 -0.040877 -0.035553 -0.105641 -0.033439 -0.067594 -0.092131 -0.044058 -0.062474 -0.089391 -0.035009 -0.014004 0.008945 -0.079686 -0.111621 -0.029450 -0.068043 -0.071174 -0.091493 -0.067300 -0.060274 -0.072772 -0.111915 -0.062692 -0.054148 -0.036909 -0.064323 -0.092120 -0.077884 0.030234 -0.050738 -0.042265 -0.039555 -0.046131 -0.059772 -0.058319 -0.061588 -0.073834 -0.054283 -0.075320 -0.016947 0.029361
0.013291 -0.073725 -0.031813 -0.036568 -0.002930 0.013274 -0.025829 -0.033042 -0.015809 -0.065342 -0.009605 -0.059346 -0.081334 -0.018625 -0.010841 -0.027613 -0.046887 -0.025759 -0.054355 -0.024913 -0.019514 -0.005402 -0.046591 -0.020644 -0.007968 -0.041948 -0.049048 -0.022063 -0.043110 -0.074416 -0.021198 -0.031289 -0.012199 -0.026785 -0.091512 -0.024459 0.008519 -0.033641 0.000545 0.001561 -0.030202 -0.013613 -0.052202 -0.026498 -0.072129 -0.078104 -0.022033 -0.038935 -0.032127 -0.094628 -0.065287 -0.032346 -0.065078 -0.032717 -0.015891 -0.038282 -0.002001 -0.025115 -0.020466 -0.035396 -0.014137 -0.029992 -0.033392 -0.070672 -0.137753 -0.073538 -0.040133 -0.060406 -0.069395 -0.083650 -0.064691 -0.040758 -0.080212 -0.067772 -0.061290 -0.055750 -0.049568 -0.030357 -0.055997 -0.051597 -0.032527 -0.016058 -0.058060 -0.017254 -0.040139 -0.027114 -0.031105 -0.043132 -0.013756 -0.081817 -0.052416 -0.097307 -0.034869 -0.047660 -0.077943 -0.070414 -0.077535 -0.088114 -0.021156 -0.074744 -0.052834 -0.042798 -0.098154 -0.076072 -0.047070 -0.028383 0.013423 -0.002749 -0.042209 -0.059074 -0.126544 -0.003726 -0.023813 -0.057266 -0.010741 -0.000676 -0.045082 -0.053515 -0.104044 -0.060050 0.003906 -0.019987 -0.037693 -0.066839 -0.038070 -0.052360 -0.008271 -0.048350 -0.013300 -0.033363 -0.016772 -0.081397 -0.072623 -0.011474 -0.071029 -0.083142 -0.059507 -0.156063 -0.089095 -0.047444 -0.116395 -0.092636 -0.063489 -0.098787 -0.061719 -0.063101 -0.037289 -0.030650 -0.033181 -0.057558 -0.046149 -0.014117 -0.119151 -0.108657 -0.118532 -0.079695 -0.064598 -0.054341 -0.023182 -0.031677 -0.040577 -0.086993 -0.106096 0.053301 -0.054739 -0.086885 -0.034349 -0.065635 -0.080135 -0.081124 -0.064500 -0.042052 -0.015228 -0.027013 -0.066540 -0.060294 -0.075751 -0.039710 -0.002424 -0.002408 -0.005911 -0.010094 -0.025157 -0.069285 -0.118288 -0.088850 -0.018778 -0.041411 -0.057978 -0.053428
-0.083179 -0.044896 -0.008291 0.010305 -0.013424 -0.039792 -0.044627 -0.051848 -0.011836 -0.077445 -0.037501 -0.036304 -0.048461 -0.042113 -0.001799 -0.053497 -0.018749 -0.015048 -0.043683 -0.032668 -0.004244 -0.008819 -0.002863 -0.031369 -0.025648 -0.033274 -0.026043 -0.009044 -0.072809 -0.072545 -0.052243 -0.015870 -0.000082 -0.017874 -0.041911 -0.082323 -0.041493 -0.033778 -0.020252 -0.021009 -0.013129 -0.005320 -0.038634 -0.075718 -0.084401 -0.068214 -0.061539 -0.060030 -0.043897 -0.063347 -0.005437 -0.041938 -0.010231 -0.049570 -0.010617 -0.041554 -0.033760 -0.000755 -0.041651 -0.077473 -0.087121 -0.063079 -0.059559 -0.068751 -0.033358 -0.037889 -0.104157 -0.080231 -0.060635 -0.081858 -0.062477 -0.014624 -0.033700 -0.091845 -0.021254 -0.051241 -0.070521 -0.045851 -0.025073 -0.036886 -0.022070 -0.029384 -0.061744 -0.013231 -0.019356 -0.013754 -0.015237 -0.074551 -0.095760 -0.055267 -0.058005 -0.053276 -0.066645 -0.023993 -0.040691 -0.026906 -0.028426 -0.081032 -0.053470 -0.065934 -0.002805 -0.090790 -0.081569 -0.046727 -0.111298 -0.046590 -0.019875 0.013307 -0.045036 -0.031618 -0.054884 -0.058041 -0.043874 -0.071259 -0.040551 -0.018545 -0.038791 -0.096014 -0.117935 -0.050607 -0.039495 -0.007659 -0.010193 -0.035649 -0.042808 -0.045425 -0.082928 -0.082120 -0.083372 -0.063847 -0.022681 -0.082219 -0.067883 -0.038693 -0.084145 -0.048684 -0.020356 -0.086134 -0.141176 -0.123846 -0.127891 -0.111827 -0.056076 -0.108956 -0.044750 -0.078928 -0.078324 -0.084463 -0.049174 -0.048432 -0.056007 -0.015995 -0.076310 -0.127284 -0.075318 -0.043648 -0.093774 -0.058844 -0.051390 -0.044489 -0.067750 -0.085296 -0.123878 -0.014275 -0.018349 -0.085267 -0.047160 0.012999 -0.093933 -0.068425 0.026148 0.011780 -0.048988 -0.057482 -0.067246 -0.065103 -0.081801 -0.024802 -0.011306 -0.014641 -0.023316 -0.049521 -0.043632 -0.040281 -0.029446 -0.019322 -0.068206 -0.098047 -0.055899 0.007625
-0.083252 -0.044831 0.003611 -0.038059 -0.035574 -0.044641 -0.041760 -0.056397 -0.081642 -0.046712 -0.067706 -0.053842 -0.031450 -0.035306 -0.034040 -0.054031 -0.004487 -0.007453 0.019868 -0.021422 -0.047787 -0.017323 -0.042586 -0.090447 -0.027537 -0.096809 -0.038344 -0.033753 -0.067556 -0.027146 -0.055767 -0.014137 0.023574 -0.032650 -0.042731 -0.057087 -0.089283 -0.067231 -0.081125 -0.076663 -0.035297 -0.008040 -0.000706 -0.098383 -0.078309 -0.029794 -0.047547 -0.039499 -0.029555 -0.022591 -0.018638 -0.041897 -0.001940 -0.034424 -0.043692 -0.014086 -0.010512 -0.019273 -0.069255 -0.033767 -0.064372 -0.031930 -0.018955 -0.028329 -0.043568 0.025940 -0.044639 -0.046525 -0.097181 -0.053296 -0.023420 -0.047597 -0.041316 -0.016693 -0.023531 -0.048610 -0.070142 -0.076350 -0.050906 -0.027058 -0.056825 -0.109926 -0.031623 -0.023472 -0.034727 -0.064226 -0.012309 -0.016270 -0.066762 -0.023935 -0.059568 -0.026298 0.010116 -0.055815 -0.042188 -0.042340 -0.046256 -0.081688 -0.075493 -0.036008 -0.038532 -0.061869 -0.032097 -0.078188 -0.065260 -0.012397 0.024646 -0.049381 -0.049512 -0.022732 -0.049785 -0.052923 -0.037374 -0.079084 -0.017863 0.027769 -0.006420 -0.063503 -0.036537 -0.013175 -0.100020 -0.052105 -0.022127 -0.012961 -0.070711 -0.089155 -0.060604 -0.012924 -0.035974 -0.030311 -0.043779 -0.094497 -0.079918 -0.029106 -0.030703 -0.060939 -0.021557 -0.071361 -0.111035 -0.091395 -0.143022 -0.100768 -0.073686 -0.009990 -0.055620 -0.081781 -0.100818 -0.103871 -0.085669 -0.122464 -0.074153 -0.051683 -0.025853 -0.036108 -0.062343 -0.084934 -0.096673 -0.018988 -0.042951 -0.064117 -0.089643 -0.078641 -0.046650 -0.031981 -0.060093 -0.070731 -0.033898 0.006389 -0.041596 -0.070795 -0.029668 -0.024554 -0.062930 -0.065339 -0.051825 -0.039457 -0.048974 -0.018286 -0.023204 -0.026627 -0.044914 -0.075466 -0.103096 -0.021233 -0.037389 -0.072774 -0.051846 -0.093726 0.001956 -0.046372
-0.034629 -0.046896 -0.052182 0.014150 -0.015429 -0.038256 -0.021901 -0.069946 -0.091946 -0.037224 -0.065047 -0.017436 -0.015814 -0.035810 -0.070243 -0.043735 0.003378 -0.057487 -0.027104 -0.019143 -0.080396 -0.069893 -0.056034 -0.056233 -0.043024 -0.085663 -0.005643 -0.025532 -0.051004 -0.045986 -0.089275 -0.058608 0.006981 0.026702 -0.026785 -0.103819 0.012664 -0.014318 -0.036546 -0.096985 -0.062550 -0.014572 -0.040174 -0.044491 -0.054263 0.003397 0.005549 -0.038317 -0.057909 -0.015721 -0.041421 -0.085577 -0.081381 -0.000050 -0.023507 -0.022290 -0.035215 -0.042111 -0.071648 -0.028612 0.014142 -0.035092 -0.053957 -0.044352 -0.024393 0.021783 -0.023965 -0.028174 -0.067582 -0.029368 -0.020126 -0.034758 -0.036558 -0.025184 -0.015590 -0.028725 -0.065113 -0.012476 -0.042575 -0.069211 -0.056184 -0.058605 -0.020004 -0.052468 -0.066894 -0.013582 -0.029338 -0.032886 -0.054923 -0.064534 -0.075467 -0.012042 -0.027399 -0.087007 0.003367 -0.003531 -0.032428 -0.045169 -0.061903 -0.055499 -0.072531 -0.080046 -0.005502 -0.046382 -0.016200 -0.016014 -0.018176 -0.050424 -0.085726 -0.043883 -0.104372 -0.006617 -0.038447 -0.120411 -0.003942 0.011789 -0.063189 -0.028428 -0.001563 0.002112 -0.076589 -0.077495 -0.025303 -0.059826 -0.152952 -0.143404 -0.126742 0.001420 -0.035438 -0.023936 -0.061521 -0.065593 -0.101607 -0.085365 -0.052288 -0.089404 -0.080871 -0.103631 -0.074041 -0.045022 -0.074866 -0.111181 -0.120306 -0.062106 -0.076909 -0.040418 -0.039995 -0.054111 -0.094640 -0.110291 -0.106485 -0.084425 -0.099138 -0.047097 -0.068430 -0.069240 -0.079418 -0.105845 -0.082179 -0.066692 -0.051894 -0.026388 -0.050691 -0.067604 -0.078707 -0.078675 -0.023574 -0.031271 -0.010979 0.027676 -0.051220 -0.035983 -0.031781 -0.046199 -0.002610 0.006804 -0.043089 -0.090462 -0.086306 -0.034113 -0.037432 -0.028671 -0.048382 -0.091565 -0.021782 -0.044383 -0.080374 -0.067357 -0.081907 -0.093387
-0.058863 -0.046985 -0.029153 -0.084862 -0.164267 -0.143850 -0.028999 0.010893 -0.016519 -0.097236 -0.018526 0.007820 -0.062740 -0.054143 -0.051708 -0.080554 -0.068959 -0.052333 -0.019463 -0.048494 -0.073794 -0.009789 -0.007960 -0.047676 0.002484 0.000346 -0.049502 -0.014644 -0.011088 -0.011062 -0.084020 -0.112214 -0.098692 -0.079172 -0.013449 -0.112685 -0.025398 0.001915 -0.054722 -0.056811 -0.020240 -0.031793 -0.070112 -0.046060 -0.024060 -0.023901 0.008534 -0.003196 -0.047295 0.006278 -0.049733 -0.012660 -0.063899 -0.039885 -0.010091 -0.008462 -0.092322 -0.080819 -0.023579 -0.047945 -0.062403 -0.087987 -0.032970 -0.057466 -0.036393 -0.013962 -0.037458 -0.068263 -0.049350 -0.004041 -0.006434 -0.075537 -0.058297 -0.040074 -0.047918 -0.043486 -0.012484 -0.062546 -0.046495 -0.047043 -0.065139 -0.034452 -0.084228 -0.053129 -0.041407 -0.014373 -0.050376 -0.049301 -0.019287 -0.016446 -0.013243 0.032079 -0.038688 -0.038911 -0.014258 -0.098978 -0.064125 -0.070104 -0.092155 -0.048230 -0.075874 -0.033997 -0.038195 -0.017511 0.000332 -0.000756 -0.064184 -0.037755 -0.103838 -0.089981 -0.136370 -0.059828 -0.046180 -0.077142 -0.021005 -0.024188 -0.052691 -0.035624 -0.027844 -0.052185 -0.084868 -0.044700 -0.077604 -0.055786 -0.126482 -0.073120 -0.073293 -0.077194 -0.079286 -0.039305 -0.050430 -0.044431 -0.079916 -0.103675 -0.065041 -0.085614 -0.070189 -0.103944 -0.094463 -0.086616 -0.064844 -0.108550 -0.068812 -0.048893 -0.100272 -0.048822 0.029902 -0.042358 -0.050107 -0.029214 -0.060879 -0.053903 -0.032020 -0.062678 -0.080716 -0.029334 -0.076768 -0.073577 -0.114384 -0.043111 -0.046229 -0.064403 -0.054388 -0.058818 -0.078501 -0.076659 -0.103931 -0.037239 -0.034413 -0.010873 -0.030685 -0.044299 -0.053648 -0.066576 -0.027479 -0.005108 -0.024510 -0.064375 -0.022869 -0.038701 -0.055678 -0.035093 -0.031537 -0.066451 -0.012837 -0.045756 -0.087552 -0.065781 -0.078232 -0.008057
-0.052319 -0.021135 -0.019666 -0.015782 -0.065116 -0.068626 -0.071620 -0.009173 -0.021269 -0.054995 -0.102059 -0.151254 -0.154508 -0.072492 -0.068897 -0.085702 -0.053185 -0.066210 -0.047957 -0.062378 -0.051329 -0.028407 0.009601 -0.039387 -0.045763 -0.020371 -0.061061 -0.016142 0.022526 -0.042552 -0.048488 -0.071168 -0.067323 -0.076223 -0.071353 -0.040376 -0.049273 -0.021536 -0.048820 -0.041188 -0.024784 -0.011416 -0.056458 -0.071681 -0.072568 -0.077841 -0.071719 -0.003663 0.009278 -0.035631 -0.073227 0.001618 -0.084454 -0.041852 -0.024883 -0.013836 -0.054402 -0.038919 -0.035574 -0.011153 -0.018045 -0.019542 -0.040969 -0.051854 -0.057237 -0.049657 -0.046547 -0.045663 -0.044773 -0.076805 -0.022282 -0.022340 -0.046995 -0.037822 -0.077586 -0.091030 -0.033055 -0.033546 -0.034421 -0.022778 -0.027059 -0.020971 -0.062614 -0.043445 -0.053377 -0.043813 -0.067717 -0.061075 -0.036216 -0.028637 -0.040558 0.012770 -0.072622 -0.071637 -0.053944 -0.078022 -0.055407 -0.035594 -0.042986 -0.038500 -0.061036 -0.106988 -0.098725 -0.068236 -0.072731 0.004831 -0.031397 -0.060799 -0.060839 -0.085238 -0.057647 -0.081028 -0.108580 -0.038103 -0.052696 -0.121243 -0.084599 -0.038374 -0.051149 -0.064486 -0.079893 -0.024032 -0.019546 -0.055843 -0.051802 -0.076516 -0.101005 -0.077003 -0.094501 -0.092117 -0.041390 -0.099040 -0.107050 -0.047392 -0.051304 -0.016314 -0.039200 -0.140358 -0.010291 -0.037185 -0.082377 -0.123065 -0.042874 -0.003020 -0.019502 -0.062082 -0.032833 -0.034932 -0.087159 -0.076830 -0.022179 -0.055954 -0.079485 -0.039956 -0.066948 -0.047957 -0.046257 -0.029837 -0.064559 -0.071340 -0.076328 -0.041239 -0.051522 -0.003143 -0.084286 -0.096082 -0.109033 -0.055368 -0.073765 -0.063183 -0.066931 -0.088712 -0.064654 -0.032696 -0.087639 -0.084761 -0.049756 -0.021655 -0.034304 -0.033240 0.009830 -0.002592 0.003320 -0.041659 -0.029022 -0.023895 -0.034664 -0.055608 -0.063380 0.008070
-0.044282 -0.035019 -0.025529 -0.019129 -0.058009 -0.056816 -0.087333 -0.042106 -0.047198 -0.016233 -0.053827 -0.041768 -0.109481 -0.082931 -0.099084 -0.110276 -0.044001 -0.060660 -0.072676 -0.017830 -0.035996 -0.091174 -0.055980 -0.003782 0.004802 -0.002696 -0.047565 -0.036316 -0.075152 -0.113451 -0.055943 -0.037443 -0.072769 -0.069686 -0.105094 -0.089250 -0.069073 -0.086542 -0.054928 -0.062060 -0.014668 -0.027411 -0.024518 -0.035815 -0.072573 -0.083758 -0.058619 -0.033341 -0.029322 -0.054265 -0.078203 -0.026049 -0.039601 -0.008197 0.016086 -0.014767 -0.006175 -0.008362 -0.050179 0.024321 0.006123 -0.018933 0.005446 -0.023137 -0.026103 -0.038772 -0.044906 -0.031654 -0.031096 -0.071710 -0.036686 0.026187 -0.009083 -0.012861 -0.039553 -0.105513 -0.045287 -0.026087 0.014357 0.015729 -0.057657 -0.077408 -0.073547 0.013732 0.000295 -0.011202 -0.061016 -0.057873 -0.027817 -0.013322 -0.068662 -0.052297 -0.062834 -0.067269 -0.044261 -0.062388 -0.030849 -0.042811 -0.034812 -0.039108 -0.008469 -0.044889 -0.032704 -0.065950 -0.053168 -0.135853 -0.010379 -0.061592 -0.118367 -0.074192 -0.093083 -0.079399 -0.086758 -0.053318 -0.082057 -0.088629 -0.084135 -0.045649 -0.070825 -0.105148 -0.137582 -0.087103 -0.014847 -0.038925 -0.066671 -0.059395 -0.074371 -0.064036 -0.036539 -0.050145 -0.086707 -0.084484 -0.091810 -0.054161 -0.098469 -0.058186 -0.047118 -0.054543 -0.057634 -0.079679 -0.096491 -0.077721 -0.038987 -0.023666 -0.047270 -0.088938 -0.001364 -0.004017 -0.106447 -0.132462 -0.053839 -0.032675 -0.129673 -0.095722 -0.077875 -0.058883 -0.037233 -0.031597 -0.006488 -0.045475 -0.066637 -0.039073 -0.047271 -0.004172 -0.023739 -0.040362 -0.077608 -0.056409 -0.045644 -0.054581 -0.050792 -0.051723 -0.107408 -0.089619 -0.080805 -0.133529 -0.062806 -0.053186 -0.042120 -0.020633 -0.024586 -0.032591 -0.067514 -0.045031 -0.033590 -0.056475 -0.007793 -0.018448 -0.016866 -0.027818
-0.004202 -0.045743 -0.055254 -0.048713 -0.049258 -0.119415 -0.051067 -0.041047 -0.047207 -0.076295 -0.016760 -0.030195 -0.073979 -0.067069 -0.058631 -0.082969 -0.142606 -0.056786 -0.015824 -0.053414 -0.083617 0.006442 -0.021473 -0.024652 0.006618 -0.032285 -0.022158 -0.053216 -0.048291 -0.090073 -0.120492 -0.067769 -0.108333 -0.109639 -0.042773 -0.106598 -0.070465 -0.064662 -0.066675 -0.048182 -0.084217 -0.115742 0.016937 0.024417 -0.050635 -0.042572 -0.022535 0.020072 -0.020286 -0.030206 -0.052625 -0.040787 -0.060665 -0.040657 -0.011172 -0.010365 -0.040649 -0.034422 0.012248 -0.021989 0.025248 -0.020105 -0.017967 -0.018157 -0.028248 -0.054689 -0.025435 -0.011923 -0.018623 -0.018153 -0.049732 0.015739 0.003678 -0.058324 -0.023780 -0.086725 -0.116253 -0.041272 0.031276 -0.025083 -0.029733 -0.028288 -0.034669 -0.033931 -0.010189 0.018459 -0.044623 -0.053343 -0.068391 -0.071453 -0.074274 0.007395 0.019433 -0.082642 -0.025115 -0.061466 -0.015731 0.012233 -0.013416 0.001173 -0.059118 -0.051232 -0.008840 -0.012255 -0.010262 -0.110804 -0.068548 -0.006754 -0.057946 -0.087911 -0.081226 -0.068666 -0.081142 -0.041782 -0.058093 -0.064026 -0.115975 -0.101315 -0.016173 -0.065851 -0.117722 -0.089467 -0.075570 -0.035870 -0.010796 -0.038509 -0.054496 -0.009576 -0.007293 -0.058381 -0.070498 -0.043343 -0.034143 -0.061445 -0.069286 -0.043600 -0.066163 -0.043711 -0.057375 -0.066364 -0.114490 -0.068441 -0.074992 -0.079848 -0.063068 -0.084288 0.012287 -0.051567 -0.073998 -0.076811 -0.047854 -0.080193 -0.111746 -0.098392 -0.110028 -0.088755 -0.126003 -0.050766 -0.059448 -0.057083 -0.056401 -0.076679 -0.026030 -0.019308 0.036746 0.030363 -0.061004 -0.079582 -0.064758 -0.126236 -0.068252 -0.071867 -0.067893 -0.034787 -0.043506 -0.133300 -0.030921 -0.029547 -0.062494 -0.071152 -0.017604 -0.000542 -0.073014 -0.042734 -0.047275 -0.032229 -0.008288 0.001151 -0.019724 -0.024590
-0.024949 -0.057726 -0.081224 -0.106002 -0.049353 -0.130975 -0.104694 -0.079353 -0.016593 -0.050829 -0.035638 -0.023668 -0.028482 -0.067322 -0.095766 -0.092311 -0.041104 -0.017387 -0.021294 -0.059603 -0.094693 -0.067731 -0.033962 -0.016574 -0.008270 -0.023153 -0.029202 -0.095734 -0.088134 -0.052739 -0.024846 -0.026331 -0.017847 -0.042190 0.005586 -0.068463 -0.125001 -0.060475 -0.002905 -0.038854 -0.081516 -0.113464 -0.023225 -0.001541 -0.042184 -0.062599 -0.071864 0.017254 0.033850 0.021580 -0.036953 -0.059867 -0.054230 -0.066371 -0.049302 -0.037076 -0.042807 -0.027849 -0.014450 -0.077467 -0.018681 -0.008462 -0.008295 -0.070505 -0.080308 -0.063000 -0.048633 -0.012716 -0.026403 -0.048571 -0.050963 -0.085810 -0.069085 -0.063700 -0.056203 -0.054200 -0.019001 0.034723 -0.000346 -0.029178 -0.050808 -0.053150 -0.004737 -0.055796 -0.011855 0.047979 -0.009299 -0.039720 -0.048201 -0.024637 -0.015813 0.015754 -0.002795 -0.104516 -0.089960 -0.079739 -0.053644 -0.001480 -0.002853 -0.049998 -0.063872 -0.040952 -0.062015 -0.067144 -0.077337 0.017447 -0.027795 -0.054410 -0.041297 -0.059938 -0.036838 -0.061814 -0.126194 -0.130907 -0.075859 -0.016416 -0.076173 -0.003690 -0.029570 -0.073947 -0.045788 -0.079218 -0.064032 -0.057571 -0.074088 -0.029436 -0.003646 -0.004270 -0.038954 -0.067035 -0.093426 -0.129322 -0.109747 -0.026694 -0.046837 -0.054579 -0.129612 -0.094259 -0.027103 -0.060421 -0.171541 -0.106859 -0.063775 -0.072754 -0.053159 -0.114594 -0.010888 -0.072883 -0.088864 -0.055640 -0.047855 -0.027819 -0.079684 -0.115922 -0.098371 -0.075740 -0.118861 -0.075026 -0.081649 -0.060703 -0.061882 -0.056449 -0.065654 0.000561 -0.018613 -0.060141 -0.034249 -0.046530 -0.088197 -0.129068 -0.113762 -0.025641 -0.025927 0.005165 -0.063701 -0.118541 0.000121 0.008174 -0.094170 -0.070241 -0.050571 -0.032838 -0.044341 -0.051446 -0.086313 -0.106107 -0.076086 -0.077131 -0.051713 -0.016922
-0.085055 -0.066186 -0.070762 -0.065450 -0.047265 -0.041513 -0.088815 -0.102671 -0.080000 -0.072962 -0.067440 -0.037518 0.003494 -0.000708 -0.055188 -0.075917 -0.072159 -0.076801 -0.093332 -0.104425 -0.102580 -0.074855 -0.026419 -0.104005 -0.077591 -0.015182 -0.018988 -0.063719 -0.080616 -0.086198 -0.024113 -0.032686 0.015186 0.004180 -0.014042 -0.054680 -0.011470 -0.079355 -0.043816 -0.068708 0.023452 -0.052295 -0.044866 -0.048702 -0.086548 -0.104424 -0.113848 -0.020595 -0.019834 -0.104835 -0.097227 0.005529 -0.021691 -0.010520 -0.044472 -0.097992 -0.076560 -0.078988 -0.036573 -0.023859 -0.030921 -0.017854 -0.018134 -0.044455 -0.057960 -0.034565 -0.037433 -0.025684 -0.023801 -0.073932 -0.040492 -0.046723 -0.098711 -0.098707 -0.037663 0.024128 -0.029416 -0.057015 -0.060242 -0.096590 -0.057576 -0.062177 -0.047072 0.005536 -0.020131 -0.027357 -0.027275 -0.047748 -0.030432 -0.073903 -0.018672 -0.026033 -0.029905 -0.045221 -0.053735 -0.021753 -0.066098 -0.060817 -0.040172 -0.080465 -0.044295 -0.041347 -0.044155 -0.053773 -0.012517 -0.043928 -0.025875 -0.076173 -0.083671 -0.070039 -0.077233 -0.064561 -0.131193 -0.051070 -0.031999 -0.062552 -0.056362 -0.016230 -0.049599 -0.075738 -0.014838 -0.052597 -0.044627 -0.062025 -0.103531 0.019223 -0.007399 -0.061818 -0.020958 -0.058684 -0.111778 -0.043681 -0.048201 -0.063698 -0.085767 -0.158836 -0.101037 -0.096044 -0.068621 -0.024302 -0.112021 -0.067092 -0.052705 -0.043729 -0.027940 -0.041633 -0.065225 -0.077827 -0.070733 -0.009474 0.000703 -0.059576 -0.080128 -0.065549 -0.045897 -0.032793 -0.022495 -0.048447 -0.070108 -0.095419 -0.066992 -0.007644 -0.058107 -0.013121 -0.040594 -0.054233 -0.049945 -0.026222 -0.069286 -0.049285 -0.062547 -0.063002 -0.016694 -0.040878 -0.003433 -0.107588 -0.056810 -0.020361 -0.094007 -0.071874 -0.091681 -0.132067 -0.062735 -0.072694 -0.052491 -0.083235 -0.053463 -0.089343 -0.024891 -0.016641
-0.087003 -0.108733 -0.052346 -0.043403 -0.084072 -0.083023 -0.045278 -0.031578 -0.056700 -0.028583 -0.103698 -0.068479 -0.027682 -0.078840 -0.101396 -0.128269 -0.148421 -0.140762 -0.084187 -0.074984 -0.059754 -0.019607 -0.035827 -0.085197 -0.089063 -0.050384 -0.033001 -0.057318 -0.117885 -0.067474 -0.034331 -0.055252 -0.051555 -0.046922 -0.023262 -0.082890 -0.025046 -0.050039 -0.040909 -0.028947 -0.055134 -0.071246 -0.083226 -0.081111 -0.033377 -0.044458 -0.057267 -0.019674 -0.019184 -0.073411 -0.064330 -0.025536 -0.007355 -0.020839 -0.028187 -0.056223 -0.038175 -0.084955 -0.083764 -0.056092 -0.059248 -0.026262 -0.037366 0.010890 -0.014680 -0.022188 -0.065348 -0.085641 -0.020458 0.004692 -0.043051 -0.022120 0.004816 -0.049073 -0.025441 0.036001 -0.073189 -0.068339 -0.056110 -0.073962 -0.047823 -0.070155 -0.074723 -0.001232 -0.039134 -0.096903 -0.020314 -0.036773 -0.064051 -0.104610 -0.090891 -0.079072 -0.080898 -0.011900 -0.015642 -0.041076 -0.076752 -0.035928 -0.039113 -0.015107 -0.013045 -0.107060 -0.064732 -0.064935 -0.031097 -0.090364 -0.124616 -0.108063 -0.075087 -0.062279 -0.109133 -0.066100 -0.052210 -0.050995 -0.120347 -0.036472 -0.046519 -0.053710 -0.040594 -0.034066 -0.048239 -0.019589 -0.052672 -0.058362 -0.059854 -0.025494 -0.080542 -0.063319 -0.055542 -0.100412 -0.152143 -0.083951 -0.102530 -0.049089 -0.025013 -0.145257 -0.078623 -0.077416 -0.047780 -0.102080 -0.050994 -0.026450 -0.097916 -0.086469 -0.100151 -0.017515 -0.113537 -0.076883 -0.058844 -0.092710 -0.089148 -0.069307 -0.107784 -0.116836 -0.054278 -0.071638 -0.030119 -0.054471 -0.054035 -0.042440 -0.085832 -0.006008 -0.035917 -0.078068 -0.128436 -0.070826 -0.040264 -0.037189 -0.060481 -0.034668 -0.086838 -0.069577 0.002430 -0.048800 -0.053764 -0.068342 -0.065276 -0.065219 -0.051189 -0.074598 -0.039416 -0.039558 -0.080828 -0.053062 -0.028047 -0.029489 -0.064565 0.017591 -0.022167 0.010400
-0.062879 -0.092602 -0.003309 -0.034624 -0.069929 -0.046055 0.006843 0.007097 -0.055417 -0.093119 -0.123626 -0.091895 -0.078634 -0.067679 -0.063075 -0.108939 -0.068379 -0.058528 -0.045013 -0.009524 -0.012392 -0.078625 -0.062216 -0.010787 -0.056717 -0.045088 -0.019831 -0.053575 -0.034730 -0.005240 -0.038771 -0.030842 -0.047866 -0.048470 -0.013287 -0.060898 -0.044999 -0.026903 -0.039274 -0.000997 -0.072699 -0.139071 -0.065265 -0.024732 -0.077329 -0.055561 -0.007959 -0.040278 -0.055134 -0.069525 -0.004453 -0.060414 -0.046457 -0.051659 -0.043330 -0.045677 -0.052596 -0.016180 -0.034431 -0.071849 -0.015444 -0.026282 -0.050262 -0.073650 -0.076098 -0.038663 -0.042597 -0.041887 0.020227 -0.006055 -0.019648 -0.036522 -0.022975 -0.073814 -0.075689 -0.040905 -0.050585 -0.079897 -0.083841 -0.075393 -0.045482 -0.020409 -0.026028 -0.011227 -0.052809 -0.092502 -0.044154 -0.034652 -0.048988 -0.095159 -0.076310 -0.089995 -0.089696 -0.062272 -0.028809 -0.036089 -0.065715 -0.072400 -0.052485 -0.054566 -0.061418 -0.057683 -0.021648 -0.065048 -0.029150 -0.028776 -0.077309 -0.080414 -0.075444 -0.078214 -0.092216 -0.067360 -0.064296 -0.088484 -0.091745 -0.050875 -0.029102 -0.059993 -0.013966 0.011751 -0.044012 -0.098635 -0.054087 -0.130274 -0.085017 -0.061725 -0.104266 -0.028977 -0.143135 -0.126869 -0.086319 -0.118324 -0.074294 -0.057389 -0.032717 -0.027513 -0.106373 -0.176427 -0.083936 -0.153662 -0.067012 -0.049024 -0.087382 -0.187000 -0.061638 -0.056423 -0.038326 -0.045866 -0.048502 -0.047697 -0.041350 -0.101489 -0.130274 -0.103363 -0.090206 -0.083920 -0.089473 -0.082366 -0.058036 -0.004413 -0.028583 -0.019016 -0.072224 -0.017009 -0.075520 -0.078812 -0.030403 -0.026916 -0.054217 -0.074319 -0.070136 -0.016332 -0.090296 -0.010199 -0.039078 -0.080191 -0.071181 -0.033988 -0.064628 -0.046106 -0.044255 -0.023555 -0.067836 -0.016302 -0.047714 -0.033608 -0.063293 -0.051234 -0.040254 -0.041204
-0.084843 -0.070560 -0.011447 -0.047783 -0.044366 0.022043 -0.032586 -0.035699 -0.000249 -0.039791 -0.061600 -0.010598 -0.011321 -0.023436 -0.078086 -0.057131 -0.019750 -0.052297 -0.068002 -0.041863 0.005819 -0.050171 -0.037025 -0.052944 -0.066970 -0.047061 -0.070949 -0.105034 -0.044553 -0.064804 -0.023519 -0.020009 -0.026643 -0.079991 -0.092463 -0.069525 -0.028634 -0.075284 -0.055586 -0.073408 -0.036082 -0.049176 -0.098415 -0.072724 -0.078545 -0.117867 -0.042038 -0.021732 -0.072561 -0.078947 -0.073015 -0.096527 -0.118861 -0.103623 -0.052348 -0.062112 -0.043353 -0.036495 -0.001827 -0.020570 0.019650 -0.060773 -0.027810 -0.060889 -0.089232 -0.095834 -0.029690 -0.050905 -0.056570 -0.026542 -0.053092 -0.090322 -0.087390 -0.082111 -0.058788 -0.100474 -0.101384 -0.092392 -0.099073 -0.079543 -0.031140 -0.059769 -0.025887 -0.022736 -0.042340 -0.062367 -0.085653 -0.048192 -0.044924 -0.043321 -0.036750 -0.057242 -0.040817 -0.063825 0.006198 -0.050852 -0.087887 -0.097003 -0.068402 -0.098400 -0.072540 -0.054578 -0.043212 -0.054175 -0.048054 -0.079232 -0.042988 -0.039374 -0.037010 -0.094675 -0.124289 -0.067716 -0.051223 -0.083226 -0.075703 -0.090104 -0.047670 -0.128132 -0.068840 0.019037 -0.034288 -0.125876 -0.147463 -0.085234 -0.031437 -0.091016 -0.108485 0.008562 -0.008942 -0.072346 -0.068343 -0.072722 -0.124449 -0.087797 -0.108013 -0.081239 -0.101720 -0.148870 -0.166014 -0.142080 -0.042525 -0.072038 -0.119252 -0.171988 -0.137265 -0.008509 -0.003366 -0.063260 -0.033692 0.022372 -0.091174 -0.108963 -0.092325 -0.085868 -0.076634 -0.042199 -0.050813 -0.028445 -0.068854 -0.082095 -0.043926 -0.081154 -0.101366 -0.064245 -0.085463 -0.081987 -0.056833 -0.031108 -0.055283 -0.089367 -0.058751 -0.006446 -0.126433 -0.039731 -0.001077 -0.042875 -0.041709 -0.034088 -0.017805 -0.047549 -0.040194 -0.033419 -0.047253 -0.046318 -0.069107 -0.027778 -0.011994 -0.054291 -0.062621 -0.019749
-0.034516 -0.040530 -0.031561 -0.053577 -0.052368 -0.022021 -0.062850 -0.007936 -0.011897 -0.052814 -0.054279 -0.048505 -0.056969 -0.078296 -0.068461 -0.004422 -0.030550 -0.059835 -0.077192 -0.112357 -0.044563 0.021364 -0.007747 -0.016355 -0.040055 -0.056264 -0.045471 -0.037881 -0.036505 -0.024699 -0.045555 -0.057767 0.021924 -0.026773 -0.044033 -0.023069 -0.059553 -0.079173 -0.031554 0.003945 -0.005699 -0.053287 -0.026389 -0.008802 -0.000403 -0.042734 -0.005474 -0.050577 -0.042747 -0.016171 -0.072403 -0.097236 -0.062433 -0.093756 -0.046299 -0.042554 -0.018433 -0.046691 -0.039555 -0.046572 -0.045891 0.004745 0.053937 0.011093 -0.036896 -0.074870 -0.069980 -0.077052 -0.083268 -0.109421 -0.031845 -0.061525 -0.076426 -0.038698 -0.096927 -0.075890 -0.047054 -0.026513 -0.060992 -0.051199 -0.024058 -0.028655 -0.041320 -0.019522 -0.007613 -0.023551 -0.007701 -0.017071 -0.026768 -0.037889 -0.034997 -0.030577 -0.001014 -0.008637 -0.016316 -0.045639 -0.050293 -0.096420 -0.074277 -0.096996 -0.042783 -0.053363 -0.090637 -0.063425 -0.034817 -0.078196 -0.058865 -0.066930 -0.056017 -0.057989 -0.056384 -0.103461 -0.022490 -0.038228 -0.069731 -0.129688 -0.061104 -0.036584 -0.029180 -0.030263 -0.010351 -0.039794 -0.028200 -0.003924 -0.062748 -0.114645 -0.068777 -0.045385 -0.061600 -0.035403 -0.077908 -0.098337 -0.096724 -0.085809 -0.095315 -0.059469 -0.075267 -0.030824 -0.093679 -0.126841 -0.123026 -0.048768 -0.132118 -0.057286 -0.112974 -0.173606 -0.051745 -0.079106 -0.102862 -0.023655 -0.047999 -0.094803 -0.077040 -0.134520 -0.099842 -0.082567 -0.002958 0.014687 -0.084445 -0.083291 -0.041450 0.004772 -0.038481 -0.032644 -0.008829 -0.043866 -0.082109 -0.088453 -0.028565 -0.073374 -0.091480 -0.017897 -0.068496 -0.085020 -0.054131 -0.026369 -0.048972 -0.044721 -0.007225 -0.011219 -0.007277 0.009452 -0.029064 -0.015260 -0.052123 -0.070789 -0.016635 -0.009654 -0.086910 -0.012204
-0.005532 0.002456 -0.015244 -0.015254 -0.035442 -0.043766 -0.073278 -0.015430 -0.050983 -0.110418 -0.055531 -0.001918 -0.055991 -0.097015 -0.098620 -0.007531 -0.087345 -0.062539 -0.069778 -0.085225 -0.007005 -0.034403 -0.066725 -0.012685 -0.016073 -0.058829 -0.029719 0.009403 0.013080 -0.018349 -0.038860 -0.022024 -0.019449 -0.040350 -0.066466 -0.054085 -0.051950 -0.042171 -0.036650 0.019355 -0.021896 -0.050037 -0.050814 -0.009766 0.033838 -0.020112 -0.056487 -0.044545 -0.005856 -0.049567 -0.059043 -0.064229 -0.007350 -0.072108 -0.032411 0.016284 -0.032618 -0.039645 -0.053819 -0.023675 -0.110610 -0.029413 0.036406 -0.029343 -0.047946 -0.090838 -0.026921 -0.051640 -0.023236 -0.043358 -0.103867 -0.080380 -0.027481 0.013389 -0.040345 -0.034304 -0.045209 -0.034245 -0.036006 -0.081193 -0.032446 -0.005090 -0.016967 -0.003303 -0.004872 -0.058366 -0.025899 -0.039040 -0.037365 -0.037095 -0.056322 -0.050615 -0.131755 -0.113500 -0.062299 -0.044735 -0.053470 -0.064871 -0.066605 -0.066195 -0.038613 -0.044482 -0.088081 -0.060818 -0.024336 -0.064634 -0.092790 -0.090762 -0.091043 -0.077390 -0.063722 -0.092517 -0.046427 -0.052303 -0.063303 -0.128385 -0.106321 -0.066822 -0.008934 -0.065867 -0.035984 -0.080661 -0.109118 -0.074667 -0.048767 -0.060446 -0.062176 -0.079579 -0.098800 0.001821 -0.102506 -0.071091 -0.050516 -0.076625 -0.120428 -0.131531 -0.091633 -0.066529 -0.098707 -0.099668 -0.009671 -0.021218 -0.127750 -0.083226 -0.086451 -0.199914 -0.123756 -0.066213 -0.125710 -0.084051 -0.061403 -0.053099 -0.050313 -0.090306 -0.090790 -0.038707 -0.025013 -0.062618 -0.068378 -0.119575 -0.093724 -0.017440 0.003632 -0.008311 0.021643 -0.032280 -0.084838 -0.099946 -0.088371 -0.042332 -0.059974 -0.025252 -0.019482 -0.086592 -0.120503 -0.038037 -0.001602 -0.036148 -0.064576 0.016992 -0.032382 -0.053151 -0.044218 -0.001341 -0.034706 -0.093390 -0.057739 -0.052259 -0.045666 -0.072097
-0.059113 -0.037282 -0.056709 -0.028454 -0.014359 -0.043862 -0.025180 -0.052032 -0.047373 -0.051167 0.003278 -0.059358 -0.047787 -0.017578 -0.093855 -0.095860 -0.084254 -0.042037 -0.099305 -0.056969 0.000433 0.002443 -0.031250 -0.032074 -0.013874 -0.021420 -0.008526 0.012306 -0.004105 -0.059817 -0.064783 -0.018168 0.007099 -0.047547 -0.023521 -0.054340 -0.063666 0.024521 -0.065852 -0.000455 -0.046082 -0.079214 -0.097726 -0.057655 -0.064778 -0.020431 -0.037119 -0.041477 -0.037235 -0.027500 -0.029211 -0.037694 -0.005986 -0.011096 -0.068651 0.039687 -0.044531 -0.102261 -0.083743 -0.043472 -0.034763 -0.050688 -0.064538 -0.092361 -0.054477 -0.081361 -0.048574 -0.020130 -0.026059 -0.048470 -0.066017 -0.074813 -0.009526 -0.059639 -0.069798 -0.061791 -0.070867 -0.099251 -0.060220 -0.066443 -0.023305 0.005672 -0.008255 -0.054812 -0.062574 -0.116392 -0.059614 -0.069853 -0.106716 -0.092286 -0.043293 -0.035968 -0.092066 -0.103314 -0.044417 -0.054342 -0.110325 -0.060240 -0.052521 -0.061285 -0.048580 -0.016579 -0.018616 -0.052791 -0.057446 -0.044460 -0.059329 -0.035454 -0.036227 -0.006406 -0.097219 -0.046557 -0.033982 -0.092333 -0.053757 -0.038974 -0.064665 -0.069273 -0.025354 -0.054919 -0.082112 -0.053523 -0.075332 -0.101999 -0.103955 -0.061789 -0.074824 -0.039984 -0.038474 -0.035672 -0.083196 -0.048107 -0.081077 -0.063987 -0.067471 -0.073639 -0.112779 -0.185653 -0.070947 -0.117451 -0.083268 -0.082923 -0.070556 -0.084269 -0.122887 -0.137623 -0.107407 -0.031701 -0.142611 -0.072555 -0.033105 -0.022815 -0.049249 -0.069829 -0.097378 -0.126894 -0.091625 -0.104909 -0.060671 -0.089612 -0.031920 -0.050078 -0.031721 -0.032020 -0.044161 -0.038092 -0.029616 -0.027867 -0.035804 -0.029501 -0.038703 0.024690 0.020929 -0.036973 -0.069813 -0.101454 -0.025227 -0.043560 -0.076478 -0.058154 -0.051805 -0.105926 -0.103729 -0.016925 -0.021318 -0.113531 -0.081365 -0.077716 -0.080422 -0.116508
-0.065092 -0.080160 -0.036676 -0.075996 -0.013538 0.027965 -0.030258 -0.071683 -0.009765 -0.065718 -0.073825 -0.101334 -0.060556 -0.007481 -0.031970 -0.067781 -0.039664 -0.047609 -0.076174 -0.068812 -0.053036 -0.037304 -0.045235 -0.057913 -0.045704 -0.007575 -0.026242 -0.032617 -0.035921 -0.043920 -0.119375 -0.072043 -0.022914 -0.060376 -0.054306 -0.057732 -0.080756 -0.055165 -0.036118 -0.054094 -0.048294 -0.045698 -0.075887 -0.050477 -0.073677 0.037136 -0.033620 -0.111179 -0.042843 -0.009249 -0.021291 -0.021956 -0.077045 -0.004035 0.003945 -0.046456 -0.093344 -0.080248 -0.128257 -0.071397 -0.051331 -0.030639 -0.068686 -0.095132 -0.009351 -0.022936 -0.037006 -0.046528 -0.039479 -0.050095 -0.080741 -0.021082 -0.021494 -0.056382 -0.057715 -0.075222 -0.088795 -0.087262 -0.024675 -0.006711 -0.038934 -0.033609 -0.033875 -0.054033 -0.062551 -0.066918 -0.041093 -0.024492 -0.083216 -0.084268 -0.067813 -0.094739 -0.104308 -0.013927 0.009190 -0.044499 -0.049316 -0.042170 -0.049152 -0.049791 -0.050490 -0.026520 -0.097250 -0.059331 -0.038717 -0.045264 0.000592 0.008157 -0.036098 -0.029192 -0.049433 -0.072836 -0.050183 -0.076775 -0.030792 -0.081711 -0.066327 -0.025039 -0.029091 -0.075656 -0.076897 0.020722 -0.024343 -0.050952 -0.051655 -0.029580 -0.101628 -0.108732 -0.076656 -0.064592 0.001004 -0.027309 -0.080393 -0.112053 -0.041307 -0.061634 -0.044481 -0.014216 0.016150 -0.087998 -0.152397 -0.045145 -0.059544 -0.075884 -0.070658 -0.070064 -0.039900 -0.125515 -0.091969 -0.076006 -0.064879 -0.037433 -0.058486 -0.058540 -0.080960 -0.089473 -0.069484 -0.010258 -0.044527 0.001033 0.029753 -0.048169 -0.054221 -0.076799 -0.038783 -0.035077 -0.062476 -0.014517 -0.017433 -0.036641 -0.067135 -0.085948 -0.001841 0.007464 -0.063843 -0.107723 -0.064990 -0.062368 -0.041841 -0.006470 -0.070137 -0.064270 -0.093468 -0.051797 -0.007172 -0.061446 -0.072940 -0.023072 -0.076168 -0.099476
-0.014867 -0.055178 -0.077941 -0.081364 -0.083505 0.000279 -0.006635 0.019307 -0.050659 -0.027933 -0.041769 -0.068512 -0.007212 0.004530 0.000926 -0.054252 -0.054836 -0.017220 -0.072110 -0.059517 -0.083953 -0.010868 -0.062642 -0.101780 -0.111689 -0.063346 0.004268 -0.016436 -0.034954 -0.051037 -0.093672 -0.097204 -0.082474 -0.081442 -0.117611 -0.038938 -0.082885 -0.081972 -0.049525 -0.070851 -0.037279 -0.045162 -0.042065 -0.068260 -0.046833 -0.014100 -0.015277 -0.015189 -0.045878 -0.001274 -0.085283 -0.048348 -0.051799 -0.045820 -0.013701 -0.048389 -0.056264 -0.004950 -0.033216 -0.026651 -0.104817 -0.059526 -0.085890 -0.028704 -0.037087 -0.028436 -0.037535 -0.014041 -0.032602 0.025556 -0.049501 -0.056558 -0.003145 0.019784 -0.025648 -0.092391 0.003244 -0.054753 -0.028990 0.067754 -0.045613 -0.060167 -0.030962 -0.041305 -0.035491 0.014735 -0.023937 -0.025430 -0.012803 -0.045418 -0.073034 -0.079813 -0.084298 0.019165 -0.014071 -0.008917 0.015633 -0.052104 -0.049647 -0.036577 -0.099475 -0.031281 -0.083729 0.012785 -0.046419 -0.036504 -0.077527 -0.088970 -0.074569 -0.148326 -0.052465 -0.070205 -0.046849 -0.042536 -0.091840 -0.155351 -0.078064 -0.075820 -0.130687 -0.087478 -0.077035 -0.044384 -0.033751 -0.077828 -0.067775 -0.068818 -0.094012 -0.075980 -0.114493 -0.057034 -0.030689 -0.019491 -0.053257 -0.114414 -0.059224 -0.062380 -0.141059 -0.074387 -0.088290 -0.065715 -0.091098 -0.031254 -0.047409 -0.020716 -0.046796 -0.066843 -0.031598 -0.149355 -0.140004 -0.118076 -0.102852 -0.064472 -0.080181 -0.101828 -0.043745 -0.028855 -0.067079 0.013085 -0.000308 -0.044490 -0.045837 -0.006331 -0.044918 -0.079262 -0.051209 -0.064611 -0.054981 -0.023018 -0.052961 -0.050597 -0.069969 -0.079879 -0.003493 -0.004678 -0.082351 -0.093168 -0.087578 0.006870 -0.051546 -0.073902 -0.052948 -0.001135 -0.046281 -0.056176 -0.057333 -0.050199 -0.078772 -0.041538 -0.047883 -0.049793
-0.040614 -0.073968 -0.031354 -0.012646 -0.062763 -0.048884 0.017338 -0.003705 -0.099520 -0.088565 -0.059871 0.016218 -0.046309 -0.058134 -0.003900 -0.082750 -0.100125 -0.035462 -0.112845 -0.088877 -0.062047 -0.070702 -0.076529 -0.026411 -0.094039 -0.036119 0.003231 -0.036285 -0.004404 -0.036966 -0.039697 -0.023761 -0.016682 -0.017484 -0.056355 -0.023498 -0.067942 -0.075825 -0.014638 -0.025602 -0.060026 -0.084575 -0.013639 -0.012511 -0.049374 -0.039506 -0.035652 -0.045030 -0.073636 -0.020817 -0.048078 -0.047991 -0.077952 -0.086247 -0.057621 -0.035307 -0.041110 -0.032278 -0.051008 -0.076830 -0.028184 -0.075857 -0.112557 -0.018842 0.003459 -0.035990 0.013722 -0.003812 -0.037324 -0.036633 -0.085744 -0.076294 -0.020123 -0.031641 -0.026142 -0.028044 -0.027383 -0.114328 -0.072318 -0.049092 -0.024205 -0.025948 -0.037638 -0.049212 -0.017760 0.018579 0.018737 -0.004367 -0.026433 -0.067129 -0.082847 -0.067604 -0.001819 -0.021054 -0.037925 0.016154 -0.042785 -0.095114 -0.082479 -0.019163 -0.010625 -0.082186 -0.086111 0.006718 -0.042380 -0.026488 -0.081510 -0.071138 -0.069983 -0.127985 -0.090061 -0.043796 -0.053618 -0.051755 -0.070754 -0.110612 -0.027057 -0.025235 -0.086829 -0.104575 -0.084409 -0.034202 -0.016439 -0.071765 -0.112434 -0.032219 -0.048051 -0.046641 -0.168688 -0.039998 -0.032981 -0.054445 -0.095757 -0.087239 0.025859 -0.038495 -0.166947 -0.124017 -0.032672 -0.061056 -0.059614 -0.057655 -0.060034 -0.047923 -0.072416 -0.088712 -0.102232 -0.096656 -0.093726 -0.070517 -0.070287 -0.071895 -0.019460 -0.094867 -0.079805 -0.061209 -0.063113 -0.052233 -0.049767 -0.100307 -0.066272 -0.034626 -0.068707 -0.056757 -0.028957 -0.023226 -0.033972 -0.042992 -0.089512 -0.048941 0.013250 -0.025857 -0.044954 -0.014718 -0.056340 -0.079392 -0.066121 -0.001175 -0.016377 -0.047299 -0.049379 -0.030833 0.007068 -0.029244 -0.061932 -0.058633 -0.027190 -0.082528 -0.065407 -0.051351
-0.154212 -0.092775 -0.045677 -0.024357 -0.011908 -0.078236 -0.058087 -0.035030 -0.075829 -0.058572 -0.059556 -0.061919 -0.067448 -0.079469 -0.035411 -0.102961 -0.067921 -0.095617 -0.118994 -0.065655 -0.079381 -0.110003 -0.071775 -0.007888 -0.027099 0.038487 -0.038481 -0.098681 -0.039850 -0.041987 -0.034697 0.024209 -0.019392 -0.040578 -0.000915 -0.006477 -0.067952 -0.046040 -0.037471 -0.041412 -0.093046 -0.068935 -0.053708 -0.042965 -0.029397 -0.037064 0.012193 -0.032996 -0.095292 -0.129690 -0.075068 -0.035636 -0.055921 -0.064824 -0.064784 -0.036213 -0.071552 -0.030655 -0.036175 -0.089561 -0.070444 -0.032651 -0.018429 -0.010907 0.008887 -0.008027 -0.012966 -0.064719 -0.066452 -0.033045 -0.026828 -0.075303 -0.088379 -0.061161 -0.053684 0.004431 -0.101557 -0.040481 -0.035623 -0.072338 -0.064380 -0.052562 -0.068352 -0.038883 -0.107303 -0.041566 -0.035459 -0.015507 0.003232 -0.047742 -0.065744 -0.013028 -0.041523 -0.034376 -0.072137 -0.046849 -0.089936 -0.030965 0.000278 0.016266 -0.033307 -0.050480 -0.067825 0.020410 -0.023325 -0.095327 -0.071283 -0.002046 -0.050342 -0.068407 -0.149254 -0.095496 -0.086069 -0.079460 -0.076873 -0.102177 -0.096310 -0.041281 -0.056246 -0.023661 -0.048511 -0.052264 -0.037157 -0.017084 -0.055278 -0.069417 -0.046839 0.009932 -0.040819 0.003758 -0.074194 -0.066463 -0.055334 -0.096048 -0.010851 -0.059212 -0.099690 -0.115103 -0.043999 -0.034109 -0.018627 -0.095179 -0.130219 -0.123051 -0.064113 -0.049903 -0.106481 -0.122395 -0.059760 -0.092645 -0.096006 -0.047123 -0.061049 -0.008536 -0.053800 -0.080838 -0.029440 -0.050041 -0.111980 -0.042486 -0.059668 -0.040017 -0.025523 -0.102038 -0.060037 -0.015997 -0.070168 -0.041051 -0.063016 -0.045540 0.007609 -0.054886 -0.084055 -0.046516 -0.050688 -0.043881 -0.064919 -0.034876 -0.073547 -0.041596 -0.072277 -0.054788 -0.035702 -0.049767 0.009051 -0.036350 -0.046816 -0.090516 -0.101073 -0.086706
-0.087366 -0.072459 -0.070985 -0.058244 -0.073097 -0.059227 -0.089612 -0.047910 -0.017789 -0.023708 -0.015670 -0.060522 -0.029006 -0.001983 -0.057362 -0.096770 -0.074903 -0.071204 -0.077790 -0.057827 -0.020976 -0.089764 -0.026513 -0.024979 -0.065610 -0.078211 -0.041293 -0.048714 -0.062043 -0.134823 -0.082209 -0.070551 -0.046935 -0.067057 -0.011802 -0.034002 -0.082697 -0.092041 -0.085643 -0.039056 -0.031732 -0.088534 -0.072342 -0.045600 -0.049538 -0.039295 -0.009885 -0.010528 -0.011538 -0.032328 -0.106552 -0.073483 -0.047489 -0.088573 -0.086003 -0.026334 -0.027742 -0.101338 -0.045925 -0.031948 -0.112475 -0.095867 -0.060649 -0.036047 -0.027663 -0.004331 -0.065970 -0.064105 -0.030992 -0.051346 -0.044023 -0.031506 -0.089448 -0.042466 -0.024727 -0.059866 -0.130005 -0.072215 -0.041144 -0.057281 -0.024873 -0.050028 -0.091124 -0.010355 -0.038829 -0.028308 -0.015584 -0.051083 -0.035192 -0.055712 -0.053794 -0.037155 -0.103269 -0.071986 -0.073541 -0.061560 -0.014189 -0.030920 -0.052100 -0.100347 -0.121058 -0.037536 0.040508 0.016254 -0.060586 -0.076473 -0.050328 -0.058058 -0.075683 -0.038901 -0.081211 -0.103893 -0.124932 -0.056488 -0.078628 -0.085192 -0.096314 -0.031901 -0.085948 -0.080061 -0.066950 -0.084811 -0.001669 0.006070 -0.046416 -0.030367 -0.011574 0.013365 -0.068392 -0.056657 -0.078483 -0.088128 -0.045962 -0.136786 -0.056875 -0.020538 -0.048848 -0.092880 -0.060705 -0.080706 -0.032055 -0.050774 -0.079135 -0.074353 -0.052663 -0.033424 -0.029194 -0.078021 -0.045955 -0.084796 -0.066809 -0.084475 -0.013534 -0.047853 -0.026072 -0.070375 -0.040874 -0.007716 -0.055062 -0.085397 -0.055052 -0.032614 -0.097625 -0.091952 -0.067750 -0.097606 -0.093408 -0.030668 -0.050474 -0.031485 -0.036006 -0.011737 -0.025437 -0.019311 -0.017344 -0.056750 -0.094643 -0.059958 -0.063891 -0.029260 -0.073858 -0.063276 -0.035973 -0.032883 -0.016291 0.005489 -0.085793 -0.073947 -0.017604 -0.067005
-0.063328 -0.072792 -0.092282 -0.052186 -0.114150 -0.079685 -0.065189 -0.062893 -0.040558 -0.031658 0.007610 0.023152 -0.053998 -0.092351 -0.085172 -0.050918 -0.043926 -0.061769 -0.047715 -0.035280 -0.084099 -0.109218 -0.069339 -0.067082 -0.032967 -0.086548 -0.088067 -0.055588 -0.035119 -0.060624 -0.094343 -0.120627 -0.104574 -0.112476 -0.050030 -0.000829 -0.034532 -0.069034 -0.106580 -0.101443 -0.001940 -0.015485 -0.009433 -0.011066 -0.034656 -0.054561 -0.039536 -0.020100 0.007725 -0.021164 -0.068765 -0.032522 -0.078282 -0.055290 -0.018835 0.014111 0.000779 -0.112012 -0.040553 -0.031975 -0.070612 -0.079064 -0.108945 -0.104791 -0.126634 -0.021097 -0.029689 -0.025822 -0.027521 -0.031529 -0.079473 -0.060722 -0.008376 -0.067252 -0.078152 -0.080123 -0.005336 -0.050926 -0.060752 -0.096116 -0.096818 -0.067368 -0.035602 0.006954 0.050762 -0.009644 -0.016184 -0.063550 -0.044995 -0.067621 -0.011845 -0.050722 -0.081481 -0.034996 -0.036448 -0.068167 -0.020265 -0.006698 -0.010978 -0.025998 -0.081535 -0.045322 -0.017596 0.013717 -0.078235 -0.027769 -0.054864 -0.110783 -0.073806 -0.071153 -0.068019 -0.054752 -0.037060 -0.043040 -0.044557 -0.030555 -0.011137 -0.102995 -0.061084 -0.041475 -0.067148 -0.119359 -0.089540 -0.056551 -0.050546 0.034693 -0.015565 -0.094128 -0.049488 -0.069010 -0.014157 -0.045529 -0.044170 -0.004589 -0.088077 -0.103375 -0.089036 -0.049145 0.000611 -0.011747 -0.094564 -0.133656 -0.065762 -0.098079 -0.055231 -0.021898 -0.003182 -0.139116 -0.080074 -0.028136 -0.079099 -0.132363 -0.070721 -0.057008 -0.005535 -0.031559 -0.017586 -0.027463 -0.086852 -0.072360 -0.085543 -0.089603 -0.092306 -0.058768 -0.034995 -0.011854 -0.047805 -0.041038 -0.060054 -0.086962 -0.053387 -0.021478 -0.006307 0.019691 -0.019778 -0.073118 -0.047289 -0.040787 -0.069135 -0.032306 -0.010001 -0.043082 -0.049804 -0.017328 -0.033452 -0.071727 -0.101550 -0.124331 -0.062401 -0.054153
-0.033859 -0.060974 -0.027151 -0.041871 -0.086890 -0.046000 -0.036487 -0.067881 -0.031431 -0.046019 -0.063516 -0.018830 -0.088207 -0.075263 -0.015100 -0.008133 -0.050706 -0.093023 -0.063633 -0.097431 -0.058600 -0.075667 -0.151648 -0.067051 -0.054062 -0.039466 0.011370 -0.052019 -0.054744 -0.023975 -0.047939 -0.096591 -0.122093 -0.040018 -0.061835 -0.032585 -0.019312 -0.054718 -0.061318 -0.020650 -0.063538 -0.048464 -0.020061 -0.011526 -0.050906 -0.037173 -0.035751 -0.064304 -0.042584 -0.035030 -0.049427 -0.059763 -0.070059 -0.022442 -0.022531 -0.051488 -0.040002 -0.021236 -0.020204 -0.041818 -0.063917 -0.029539 -0.046177 -0.123380 -0.153382 -0.048925 -0.037142 -0.021383 -0.047771 -0.017357 -0.057079 -0.074249 -0.008684 -0.064880 -0.054187 -0.019046 -0.034202 -0.060719 -0.077081 -0.029407 -0.074046 -0.078356 -0.072967 -0.049554 0.003953 -0.062998 -0.067802 -0.005699 0.011985 -0.045230 -0.087417 -0.118135 -0.053807 -0.051972 -0.032876 -0.024461 -0.089088 -0.069576 0.003402 -0.001997 -0.026447 -0.075915 -0.058324 -0.040866 -0.076889 -0.054331 -0.044277 -0.078027 -0.048031 -0.035447 -0.059404 -0.010524 -0.039167 -0.090775 -0.001466 0.036700 0.006439 -0.008706 -0.035118 0.000001 -0.006995 -0.062594 -0.063337 -0.050822 -0.014569 0.038247 -0.090615 -0.088826 -0.038239 -0.116229 -0.002869 -0.034214 -0.049988 -0.030506 -0.092121 -0.097812 -0.058296 -0.066221 -0.074390 -0.016089 -0.077373 -0.125682 -0.135533 -0.116939 -0.021720 -0.024410 -0.065662 -0.088199 -0.097821 -0.037027 -0.041222 -0.133784 -0.113086 -0.072783 -0.079705 -0.029041 -0.013436 -0.015339 -0.052276 -0.086944 -0.107867 -0.067150 -0.054772 -0.047121 -0.019437 -0.007232 -0.026435 -0.080151 -0.083397 -0.100858 -0.038386 -0.007391 -0.032932 -0.012539 -0.037368 -0.051872 -0.038554 -0.042547 -0.042964 -0.031300 -0.057380 -0.082803 -0.053140 -0.055349 -0.043524 -0.068706 -0.082214 -0.047836 -0.059183 -0.057096
-0.008837 -0.041081 -0.018984 -0.081778 -0.077746 -0.038006 -0.003861 -0.048205 -0.040214 -0.031571 -0.035003 -0.005564 0.003842 -0.016566 -0.060310 -0.080544 -0.055553 -0.057087 -0.041152 -0.103513 -0.132693 -0.093791 -0.059214 -0.061163 -0.065818 -0.057588 -0.055824 -0.073139 -0.029981 -0.010439 -0.004516 -0.107939 -0.111743 -0.043557 -0.007198 -0.012288 -0.095872 -0.074116 -0.077416 -0.058865 -0.072831 -0.071735 -0.081733 -0.071908 -0.032877 -0.047895 -0.024364 0.026703 -0.027539 -0.004599 -0.001142 -0.042088 -0.011035 -0.075342 -0.110230 -0.050159 -0.053901 -0.044455 0.000773 -0.040625 -0.044609 -0.053278 -0.092120 -0.112861 -0.086413 -0.046197 -0.033752 -0.021365 -0.064546 -0.019938 -0.009687 -0.021873 -0.144648 -0.099089 -0.051328 0.004858 -0.016385 -0.049198 0.008159 0.026076 -0.054475 -0.055787 -0.063810 -0.037367 -0.053010 -0.118642 -0.078179 -0.030860 -0.004500 -0.039749 -0.058375 -0.085491 -0.070652 -0.057239 -0.039795 -0.040020 -0.053007 -0.112054 -0.054148 -0.013766 -0.035791 -0.147255 -0.029566 -0.043996 -0.014776 -0.008781 -0.022267 -0.034268 0.009398 -0.007915 -0.049755 -0.035062 -0.014598 -0.082023 -0.079486 -0.009775 -0.020905 -0.056040 -0.055239 -0.051462 -0.094508 -0.064456 -0.034412 -0.053153 -0.004006 -0.018054 -0.106529 -0.053090 -0.127253 -0.127396 -0.076815 -0.108720 -0.126402 -0.061235 -0.026270 -0.055508 -0.082891 -0.130071 -0.140235 -0.091451 -0.108118 -0.055473 -0.060779 -0.015381 0.004244 -0.004412 -0.082149 -0.047580 -0.132877 -0.134710 -0.100125 -0.037741 -0.009162 0.002815 -0.078449 -0.035346 0.061160 -0.025242 -0.036368 -0.057486 -0.094097 -0.054601 -0.050681 -0.040038 -0.071251 -0.087699 -0.067108 -0.042396 -0.066133 -0.048420 -0.040867 -0.048963 -0.027805 -0.018608 -0.053557 -0.042706 -0.049296 -0.023242 -0.023565 -0.042198 -0.041838 -0.033402 0.024339 -0.051038 -0.042883 -0.029972 -0.015611 -0.018201 -0.022474 -0.046662
-0.047285 -0.034878 -0.101173 -0.090617 -0.059413 -0.010140 -0.029783 -0.044865 -0.030582 -0.076565 -0.037374 0.000265 -0.015309 -0.054983 -0.059444 -0.051007 -0.062988 -0.094680 -0.012289 -0.062365 -0.123780 -0.056815 -0.088524 -0.054022 -0.112413 -0.055800 -0.043861 -0.045380 -0.046550 -0.042017 -0.019234 0.007282 -0.016354 -0.008756 -0.056932 -0.129695 -0.069092 -0.061213 -0.057097 -0.048625 -0.045852 -0.021414 -0.034035 -0.048224 -0.039311 -0.054331 -0.047505 0.017091 -0.013478 0.021095 0.004249 -0.065049 -0.021640 -0.053119 -0.042829 -0.077130 -0.022930 -0.059448 -0.064276 -0.066786 -0.054967 -0.067052 -0.077492 -0.156000 -0.101147 -0.021806 -0.046866 -0.012751 -0.033556 -0.061838 -0.033487 -0.077800 -0.141408 -0.170695 -0.126134 -0.008479 -0.049462 -0.054364 -0.007399 0.013509 -0.023345 -0.027807 -0.013437 -0.024631 -0.044297 -0.100427 -0.074124 -0.068899 -0.036248 -0.045145 -0.061925 -0.004710 -0.043827 -0.067741 -0.034339 -0.045891 -0.022267 0.031445 -0.039162 -0.037699 -0.008065 -0.070673 -0.057697 -0.068529 -0.016111 0.001905 -0.043897 -0.077474 -0.022620 -0.028511 -0.082407 -0.122135 -0.055801 0.002969 -0.064064 -0.038815 -0.038959 -0.114980 -0.043013 -0.075139 -0.075746 -0.008377 -0.079037 -0.008679 -0.042423 -0.079762 -0.048540 -0.047389 -0.100904 -0.121069 -0.065573 -0.114607 -0.093218 -0.024652 -0.007162 -0.028559 -0.055126 -0.100938 -0.042448 -0.048267 -0.046516 -0.040916 -0.037809 0.001959 -0.055788 -0.084351 -0.083863 -0.077054 -0.151658 -0.157560 -0.107754 -0.045159 -0.059961 -0.025197 -0.062945 -0.084189 -0.066776 -0.050802 -0.059685 -0.075682 -0.021098 -0.025673 -0.040080 -0.062324 -0.079751 -0.062528 -0.029562 -0.043129 -0.044999 -0.054815 -0.070691 -0.074924 -0.048031 -0.065916 -0.094372 -0.043747 -0.041946 -0.004208 -0.020205 -0.077237 -0.053944 -0.052411 -0.068074 -0.068941 -0.001560 0.004384 -0.042599 -0.075148 -0.002929 0.006662
-0.038242 -0.017798 -0.046463 -0.016941 -0.086023 -0.044250 -0.010572 -0.069336 -0.049320 -0.031551 -0.021273 -0.030666 -0.093889 -0.044801 0.008436 -0.060139 -0.052368 -0.114511 -0.035652 -0.007335 -0.050319 -0.067987 -0.069561 -0.078564 -0.021744 -0.038733 -0.033698 -0.035576 -0.026103 -0.046932 -0.045257 -0.007800 0.003521 -0.027041 -0.045537 -0.110944 -0.119815 -0.014372 -0.003642 -0.015277 -0.020082 -0.082166 -0.033450 -0.017850 -0.029340 -0.053950 -0.069122 -0.051261 -0.017842 -0.045042 -0.023465 -0.045893 -0.028121 -0.043965 0.002915 -0.019493 -0.075662 -0.065510 -0.073313 -0.045486 -0.026627 -0.046564 -0.071919 -0.087345 -0.040203 -0.021863 -0.027595 -0.044366 -0.077971 -0.097381 -0.046916 -0.057850 -0.056824 -0.027066 -0.043636 -0.040084 -0.041968 -0.062488 -0.037794 0.000179 0.007192 -0.021539 -0.042850 -0.126420 -0.061289 0.044506 -0.020453 -0.042724 -0.049706 -0.016439 -0.031207 -0.048038 -0.031792 -0.069082 -0.075670 0.006379 -0.052517 -0.095640 -0.038402 -0.037578 -0.036756 -0.030264 -0.056069 -0.077917 -0.037258 -0.025099 -0.061216 -0.068992 -0.024802 -0.031345 -0.098016 -0.111738 -0.029994 0.010650 -0.042522 -0.041974 -0.028690 -0.100808 -0.042899 0.029063 -0.046561 -0.085758 -0.063660 -0.099193 -0.059895 -0.030531 0.000123 -0.078439 -0.095496 -0.102143 -0.063065 -0.156037 -0.074500 -0.066645 -0.103993 -0.070511 -0.024527 -0.060349 -0.000518 -0.059181 -0.139662 -0.159834 -0.150309 -0.072201 -0.043062 -0.116645 -0.061496 -0.104510 -0.064502 -0.084283 -0.069315 -0.092273 -0.081700 -0.041113 -0.019775 -0.016577 -0.052985 -0.083312 -0.045887 -0.034403 -0.073349 -0.089517 -0.013802 -0.046381 -0.074562 -0.051747 -0.034247 -0.048000 0.016762 -0.041491 -0.067913 -0.115162 -0.093035 -0.066082 -0.099122 -0.061259 -0.043962 -0.044147 -0.052917 -0.040261 -0.038511 -0.015763 -0.033966 -0.021170 0.003444 -0.033907 -0.064706 -0.057271 -0.020181 -0.023082
-0.018160 -0.032494 -0.008187 -0.012833 0.007938 -0.054518 -0.041956 -0.037149 -0.082473 -0.079016 -0.061870 -0.048763 -0.008059 -0.040014 -0.063077 -0.076184 -0.085767 -0.082792 -0.008667 -0.051111 -0.033428 -0.043293 -0.079448 -0.067555 -0.020083 -0.050553 -0.037271 -0.091057 -0.028605 -0.056329 -0.043685 -0.062957 -0.028196 -0.065822 -0.061222 -0.093530 -0.112757 -0.050473 -0.025332 -0.062686 -0.080313 -0.113338 -0.050833 -0.006643 -0.024639 -0.045031 -0.015839 -0.028661 -0.000463 -0.070211 -0.106753 -0.059304 -0.022684 -0.037293 -0.074794 -0.048070 -0.024458 -0.027600 -0.062808 -0.065062 -0.021698 -0.013489 -0.074990 -0.067050 -0.053202 -0.007066 -0.018332 -0.095674 -0.153060 -0.133896 -0.041421 -0.091976 -0.108452 -0.070584 -0.055519 -0.094858 -0.022370 -0.031030 -0.044016 -0.000113 -0.004641 -0.013923 -0.063704 -0.066652 -0.051008 -0.049971 -0.014190 -0.056895 -0.017515 -0.054139 -0.066797 -0.057730 -0.033693 -0.015943 -0.041549 -0.082729 -0.076222 -0.110048 -0.036158 -0.023214 -0.034280 -0.065305 -0.031682 -0.078919 -0.088482 -0.010418 -0.060680 -0.043086 -0.072777 -0.054063 -0.034055 -0.037331 -0.018277 -0.083037 -0.045226 -0.070263 -0.103833 -0.052168 -0.044013 -0.022482 0.004879 -0.044154 -0.083231 -0.137400 -0.063121 -0.040018 -0.006332 -0.098074 -0.099772 -0.054385 -0.045436 -0.074632 -0.104866 -0.082476 -0.064729 -0.128638 -0.080203 -0.083596 -0.085566 -0.107369 -0.129347 -0.157883 -0.105856 -0.090836 -0.049734 -0.116734 -0.074804 -0.104121 -0.074104 -0.076334 -0.106815 -0.087134 -0.056973 -0.077920 -0.112062 -0.067580 -0.037200 -0.122280 -0.190818 -0.066093 -0.021697 -0.129199 -0.072596 -0.036476 -0.079203 -0.025764 -0.031417 -0.090213 -0.024552 -0.033173 -0.087030 -0.063297 -0.077339 -0.067484 -0.006343 -0.075196 -0.030670 0.033146 -0.037263 -0.052323 -0.043627 -0.028726 -0.049727 -0.099761 -0.054170 -0.036776 -0.035112 -0.037798 -0.037892 -0.038875
-0.047473 -0.075804 -0.061971 -0.043047 -0.043547 -0.058036 -0.042800 -0.044394 -0.039992 -0.037925 -0.049683 -0.079067 -0.055239 -0.028139 -0.132789 -0.087349 -0.076528 -0.083710 -0.046381 -0.083778 -0.104583 -0.044787 -0.048172 -0.031533 -0.027209 -0.041589 -0.044235 -0.059152 -0.023585 -0.004501 -0.045331 -0.072413 -0.041432 -0.036691 -0.039515 -0.052982 -0.057903 -0.082394 -0.095907 -0.088912 -0.042838 -0.044224 -0.067672 -0.029745 -0.040571 -0.016716 0.017971 -0.048878 -0.014730 -0.049872 -0.046740 -0.082161 -0.045798 -0.025063 -0.060684 -0.059333 -0.022519 -0.031299 -0.003803 -0.124773 -0.105597 -0.018148 -0.022602 -0.043720 -0.054895 0.025823 -0.042982 -0.123955 -0.118305 -0.072194 -0.040303 -0.065294 -0.074369 -0.023739 -0.034166 -0.080440 -0.049481 -0.054568 -0.036913 -0.022741 -0.037543 -0.075401 -0.062547 -0.054360 -0.052507 -0.101347 -0.041304 -0.047703 -0.069808 -0.089643 -0.034699 -0.064944 -0.036449 0.004885 -0.079158 -0.070509 0.006881 -0.051222 -0.061187 -0.001939 -0.004882 -0.046224 -0.000785 -0.041136 -0.076430 -0.032600 -0.044263 -0.082953 -0.046162 -0.015396 -0.052035 -0.046877 -0.103817 -0.108538 -0.045785 -0.080015 -0.058521 -0.047302 -0.068934 -0.119884 -0.029850 -0.026800 -0.080451 -0.101849 -0.112628 -0.096597 -0.004733 -0.068053 -0.068474 -0.028487 -0.034485 -0.103623 -0.136155 -0.042073 -0.044482 -0.149082 -0.052877 -0.064225 -0.034157 -0.088984 -0.124699 -0.114694 -0.066688 -0.055474 -0.088477 -0.127579 -0.098744 -0.057749 -0.098948 -0.111401 -0.112448 -0.069857 -0.014696 -0.040512 -0.039975 -0.010760 -0.017632 -0.027532 -0.070388 -0.042086 -0.056349 -0.054657 -0.069704 -0.018827 -0.047303 -0.102686 -0.052565 -0.028379 -0.015086 -0.010921 -0.085485 -0.106308 -0.091523 -0.065472 -0.023248 -0.022088 -0.008183 0.018215 -0.064063 -0.103869 -0.054218 -0.065698 -0.061374 -0.078662 -0.074910 -0.025142 -0.045422 -0.038751 -0.077417 -0.028258
-0.027540 -0.047435 -0.066945 -0.052150 -0.045190 -0.033779 -0.027228 -0.020015 0.030006 0.037191 -0.038727 -0.073104 0.008467 -0.036095 -0.142401 -0.119799 -0.028390 -0.020215 -0.066368 -0.047935 -0.110560 -0.060796 -0.062205 -0.063815 -0.067226 -0.050334 -0.042598 -0.016348 -0.028382 -0.036726 -0.073536 -0.070201 -0.039993 -0.043167 -0.067521 -0.055730 -0.008611 -0.030160 -0.094902 -0.063147 0.005715 0.000108 -0.053700 -0.031103 -0.063813 -0.039357 -0.029181 -0.060548 -0.079679 -0.066964 -0.006243 -0.025169 -0.091760 -0.039181 -0.019726 -0.013352 -0.067932 -0.054826 0.000084 -0.040525 -0.090939 -0.134600 -0.033198 -0.007838 -0.055831 -0.022556 -0.070319 -0.088644 -0.071957 -0.063151 -0.050211 -0.096467 -0.101470 -0.056308 -0.010653 -0.070830 -0.050090 -0.086936 -0.035110 0.013449 -0.036942 -0.091733 -0.087419 -0.092996 -0.069741 -0.073251 -0.095048 -0.069073 -0.072930 -0.095273 -0.026945 -0.023269 -0.051252 -0.044641 -0.045657 -0.121086 -0.091162 -0.040390 -0.044265 -0.034167 -0.006822 -0.011090 -0.026392 -0.022128 -0.022569 -0.034144 -0.014647 -0.019660 -0.023101 -0.057083 -0.011346 0.002056 -0.059766 -0.071266 -0.054140 -0.052466 -0.049616 -0.036524 -0.054244 -0.041896 -0.046007 -0.024357 -0.076229 -0.039021 -0.048653 -0.023226 -0.024608 -0.035186 -0.014298 -0.099097 -0.083562 -0.116401 -0.152689 -0.076026 -0.028749 -0.141609 -0.021537 -0.040835 -0.117897 -0.093019 -0.095623 -0.102986 -0.069694 -0.009007 -0.076562 -0.137657 -0.098314 -0.032148 -0.097050 -0.090050 -0.019645 -0.044223 -0.026491 -0.062602 -0.071568 -0.041650 -0.008564 0.004498 -0.034131 -0.080025 -0.049817 -0.029123 -0.050620 -0.044595 -0.107305 -0.074082 -0.039101 -0.079919 -0.070057 -0.069107 0.015039 -0.076521 -0.042369 0.018462 -0.058169 -0.070473 -0.095957 -0.051990 -0.075028 -0.072055 -0.012401 -0.025184 -0.083341 -0.075274 -0.087662 -0.036065 -0.036038 -0.033124 -0.073579 -0.097222
-0.047454 -0.020762 -0.070595 -0.096761 -0.056482 -0.028473 -0.038591 -0.032490 -0.046169 -0.012759 -0.033631 -0.022690 -0.029562 -0.023261 -0.019356 -0.058774 -0.024396 0.008665 -0.051543 -0.062203 -0.109054 -0.101577 -0.068765 -0.089495 -0.105435 -0.043830 -0.027932 -0.050959 -0.035541 -0.029912 -0.068675 -0.047681 -0.036620 -0.053972 -0.096283 -0.090219 -0.034541 -0.028667 -0.047129 -0.122314 -0.071603 -0.010307 -0.031810 0.001825 -0.010448 -0.026410 -0.083196 0.003605 -0.021985 0.005980 -0.053003 -0.037955 -0.059662 -0.017193 -0.026984 -0.050413 -0.082080 -0.062736 -0.026763 -0.060895 -0.076477 -0.019604 -0.033974 -0.074646 -0.041679 -0.054345 -0.085864 -0.069403 -0.030254 -0.029498 -0.001975 -0.064281 -0.102309 -0.154044 -0.111395 -0.078458 -0.002769 -0.045557 -0.014268 -0.007107 -0.093790 -0.044426 -0.091860 -0.112328 -0.125062 -0.030600 -0.044071 -0.090853 -0.081703 -0.090241 -0.027857 -0.007438 -0.076821 -0.071206 -0.041140 -0.114204 -0.093142 -0.023269 -0.056313 -0.007413 -0.030907 -0.004268 -0.012731 0.030325 -0.012733 -0.047763 -0.081457 -0.049139 -0.034243 -0.036364 -0.029645 -0.035311 -0.052003 -0.060359 -0.007116 -0.037591 -0.105572 -0.058995 -0.052589 -0.081423 -0.054557 -0.001924 -0.047438 -0.058961 0.030650 0.018090 -0.075157 -0.056704 -0.013600 -0.056306 -0.056778 -0.138910 -0.096034 -0.053148 -0.099812 -0.061066 -0.040558 -0.114115 -0.067166 -0.052673 -0.046295 -0.081162 -0.063364 -0.070727 -0.072670 -0.056280 -0.051868 -0.091736 -0.048403 -0.061575 -0.064506 -0.018624 -0.017776 -0.107293 -0.031621 -0.022627 -0.047588 -0.021741 -0.023035 -0.094002 -0.033944 -0.033311 -0.105325 -0.053705 0.009607 -0.076871 -0.046927 -0.072759 -0.077147 -0.069329 -0.026998 -0.051719 -0.021735 -0.030159 -0.075745 -0.057758 -0.076628 -0.039439 -0.088075 -0.067923 -0.040438 -0.063849 -0.091060 -0.054250 -0.092038 -0.039928 -0.024834 -0.020746 -0.055763 -0.132012
-0.023666 0.003974 -0.041962 -0.047930 -0.053511 -0.042802 -0.075484 -0.092569 -0.052506 -0.114995 -0.052384 0.000660 -0.010117 -0.037616 -0.066794 -0.041361 -0.046878 -0.000185 -0.044799 -0.004316 -0.024246 -0.099947 -0.045282 -0.032610 -0.024440 -0.034359 -0.065672 -0.054581 -0.028499 -0.058482 -0.076569 -0.037246 -0.052164 -0.048117 0.006041 -0.016967 -0.048900 -0.060443 -0.037878 -0.060441 -0.088080 -0.056306 -0.075398 -0.052003 -0.043410 -0.047341 -0.027835 0.020888 -0.007988 -0.024975 -0.015385 -0.056486 -0.055050 -0.010911 -0.025528 -0.027128 -0.042606 -0.089549 -0.069080 -0.055449 -0.055071 -0.043588 -0.068107 -0.121065 -0.021264 -0.077372 -0.064218 -0.048939 -0.015662 -0.018766 -0.058215 -0.095749 -0.065440 -0.025170 -0.066971 -0.083960 -0.089744 -0.026971 -0.009211 -0.069022 -0.100092 -0.098186 -0.027495 -0.050376 -0.080146 -0.022846 -0.048904 -0.102923 -0.060093 -0.024604 -0.042429 -0.019261 -0.061042 -0.110808 -0.058902 -0.042158 -0.037509 -0.077403 -0.064609 -0.042168 -0.021435 -0.040763 0.000869 -0.035907 -0.035882 -0.036360 -0.053887 -0.073119 -0.039685 -0.010110 -0.085568 -0.033272 -0.047189 -0.063539 -0.004419 -0.033429 -0.055228 -0.045551 -0.088546 -0.125476 -0.030459 -0.053844 -0.041617 -0.055927 -0.025026 -0.028889 -0.030146 -0.023569 -0.065493 -0.078628 -0.057642 -0.072154 -0.112807 -0.070366 -0.102811 -0.041950 -0.086812 -0.135536 -0.078211 -0.051811 -0.112454 -0.107647 -0.051147 -0.098299 -0.079555 -0.088727 -0.099420 -0.110830 -0.036437 -0.083696 -0.106606 -0.033585 -0.042973 -0.081650 -0.016377 -0.004762 -0.021444 -0.031227 -0.008787 -0.055669 -0.055392 -0.051278 -0.105927 -0.035226 -0.019747 -0.025526 -0.101499 -0.059418 0.014945 -0.007806 -0.037143 -0.056575 -0.030949 -0.058199 -0.092122 -0.071177 -0.042306 -0.070919 -0.096492 -0.038486 -0.016759 -0.087554 -0.062938 -0.037528 -0.097994 -0.043602 -0.000679 -0.075064 -0.011932 -0.047805
-0.004567 -0.009705 -0.098657 -0.030277 -0.005226 -0.047149 -0.078730 -0.075830 -0.062768 -0.108750 -0.084967 0.005196 0.001868 -0.067429 -0.052186 -0.032693 -0.014884 0.000461 -0.030095 -0.036355 -0.033514 -0.085380 -0.123185 -0.072405 -0.026999 -0.028655 -0.060022 0.004730 -0.026869 -0.078999 -0.070172 -0.116189 -0.013050 -0.055198 -0.051794 -0.036053 -0.026764 -0.059898 -0.054266 -0.055412 -0.088387 -0.103755 -0.085080 -0.081396 -0.068962 -0.084271 -0.076198 0.008140 0.027259 -0.034280 -0.074526 -0.023185 -0.039821 -0.027945 0.004524 0.003453 -0.033590 -0.035127 -0.052366 0.001374 -0.060956 -0.078097 -0.016318 -0.050031 0.000207 -0.064374 -0.084778 -0.043965 -0.073214 -0.123779 -0.089006 -0.028081 -0.033307 -0.014304 -0.026564 -0.037916 -0.085587 -0.037531 -0.042732 -0.089558 -0.054141 -0.059405 -0.076890 -0.081678 -0.029205 -0.000079 -0.015772 -0.049890 -0.017763 -0.034017 -0.043076 -0.085343 -0.066543 -0.085674 -0.010336 -0.008911 -0.035703 -0.072530 -0.022168 -0.064740 -0.032993 -0.055270 -0.027816 -0.085974 -0.069683 -0.110703 -0.046556 -0.050507 -0.008288 -0.085855 -0.074912 -0.072643 -0.040965 0.006154 -0.057495 -0.051439 -0.046845 -0.088620 -0.105325 -0.034181 -0.077780 -0.036918 -0.026914 -0.062851 -0.070389 -0.068831 -0.054166 -0.077915 -0.101106 -0.052610 -0.070152 -0.022092 -0.043194 -0.063231 -0.095703 -0.097804 -0.051894 -0.078768 -0.039287 -0.087518 -0.133561 -0.034991 -0.137787 -0.090793 -0.047119 -0.096281 -0.083853 -0.085955 -0.070309 -0.048176 -0.050885 -0.083986 -0.104125 -0.056641 -0.025746 0.015101 -0.003245 -0.041654 -0.021236 -0.026410 -0.021100 0.051301 -0.044210 -0.086312 -0.000955 -0.039001 -0.108312 -0.081738 -0.050466 -0.046118 -0.029457 -0.040959 -0.071123 0.011359 -0.079283 -0.096921 -0.036610 -0.057250 -0.019784 -0.047507 -0.111761 -0.119214 -0.092697 -0.032867 -0.051897 -0.069420 -0.027269 -0.065356 -0.034367 -0.024153
-0.034030 -0.005608 -0.103737 -0.043066 -0.033938 -0.062673 -0.082532 -0.061016 -0.046948 -0.071250 -0.129122 -0.012262 -0.020770 -0.018784 -0.058384 -0.108985 -0.054853 -0.012327 0.017173 -0.085700 -0.045709 0.005558 -0.051560 -0.063160 -0.062228 -0.067271 -0.034226 -0.049468 -0.080044 -0.067963 -0.070632 -0.036581 -0.013480 -0.025323 -0.083722 -0.056744 -0.038525 -0.075422 -0.104456 -0.052685 -0.060530 -0.034875 -0.028198 -0.053106 -0.010044 -0.030727 -0.073824 -0.008946 0.019296 -0.017795 -0.080622 -0.092326 -0.045789 -0.046554 0.002798 -0.027213 -0.067742 -0.017626 -0.000450 -0.033337 -0.072528 -0.069741 -0.057343 -0.017372 -0.056760 -0.010839 -0.087813 -0.106729 -0.068245 -0.051918 0.008370 -0.049817 -0.066209 -0.004168 -0.079648 -0.145524 -0.099302 -0.042669 -0.073093 -0.031889 0.030322 -0.086635 -0.114263 -0.059601 0.029273 0.002292 -0.013934 0.025267 -0.006865 -0.074382 -0.042822 -0.077131 -0.105603 -0.046700 -0.011603 -0.065875 -0.010955 -0.006124 -0.024891 -0.037107 -0.029947 -0.045621 -0.037705 -0.050876 -0.018574 -0.058720 -0.036334 -0.038557 -0.086095 -0.058006 -0.020147 -0.053037 -0.064120 -0.083249 -0.042158 -0.023535 -0.101885 -0.047907 -0.053704 -0.067968 -0.029400 -0.097025 -0.101209 -0.034862 -0.063313 -0.028068 -0.066705 -0.116861 -0.104951 -0.036578 -0.080887 -0.032943 -0.034079 -0.061317 -0.077582 -0.058511 -0.062639 -0.063413 0.030016 -0.082758 -0.058181 -0.061913 -0.137171 -0.046472 -0.049057 -0.107912 -0.024344 -0.025501 -0.051597 -0.004045 0.005762 -0.060105 -0.080999 -0.070724 -0.070705 -0.021484 -0.043675 -0.052806 -0.071166 -0.054486 -0.035674 -0.046964 -0.036294 -0.079728 -0.026145 -0.006073 -0.076157 -0.049799 -0.026643 -0.017593 -0.052136 -0.030223 -0.100017 -0.086258 -0.051040 -0.046112 -0.040037 -0.011321 -0.020184 0.011156 -0.088028 -0.056159 -0.092012 -0.105115 -0.086727 -0.080585 -0.042121 -0.084494 -0.036457 -0.060657
0.007934 0.001674 -0.106862 -0.130407 -0.132398 -0.054643 -0.060475 -0.054820 -0.035539 -0.036720 -0.062298 -0.048329 -0.015054 -0.019868 -0.055742 -0.112877 -0.096812 -0.019150 0.006895 -0.030110 -0.081098 -0.032354 0.030258 -0.040967 -0.112950 -0.083145 0.019148 -0.092908 -0.062342 -0.003418 -0.091721 -0.018507 -0.075068 -0.027447 -0.091825 -0.002814 0.003130 -0.015605 -0.054602 -0.004685 -0.013921 0.002387 -0.030814 -0.045249 -0.030449 -0.015368 -0.030533 -0.025156 -0.033648 -0.067021 -0.010765 -0.048501 -0.034723 -0.020571 -0.050086 -0.042942 -0.054000 -0.026716 0.009210 -0.033280 -0.049887 -0.049943 -0.048790 -0.032961 -0.063630 -0.089564 -0.110363 -0.088521 -0.011522 -0.038520 -0.019600 -0.033249 -0.071734 -0.046782 -0.102296 -0.112976 -0.043604 -0.026058 -0.009228 -0.019074 -0.056557 -0.105418 -0.062830 -0.058389 -0.013275 -0.008364 -0.030630 0.003223 -0.027163 -0.051091 -0.063767 -0.057178 -0.079735 -0.089801 -0.088579 -0.056192 -0.048172 0.007387 -0.083613 -0.072710 -0.073202 -0.065559 -0.040401 -0.047246 -0.021538 0.017396 -0.065088 -0.064718 -0.014331 -0.044384 -0.093372 -0.095755 -0.050638 -0.066790 -0.038954 -0.014625 -0.037561 -0.057558 -0.069880 -0.014745 -0.070408 -0.054745 -0.060192 -0.055716 -0.076266 -0.046180 -0.092983 -0.065781 -0.029062 -0.090300 -0.095792 -0.078524 -0.056348 -0.064527 -0.104016 -0.072148 -0.010399 -0.034921 -0.019091 -0.040917 -0.049055 -0.056594 -0.054054 0.004185 -0.015414 0.006182 -0.103513 -0.108353 -0.076062 -0.018840 -0.009611 -0.057833 -0.053171 -0.027930 -0.068302 -0.064721 -0.060000 -0.028066 -0.027666 -0.007179 -0.037489 -0.047557 -0.079810 -0.063399 -0.078350 0.004419 -0.061696 -0.063848 -0.024934 0.000789 -0.020859 -0.066355 -0.053021 -0.028039 -0.068083 -0.080296 -0.085857 -0.035158 -0.013525 -0.056044 -0.051967 -0.028564 -0.029313 -0.047296 -0.129284 -0.157700 -0.043065 -0.036872 -0.035002 -0.022277
-0.048387 -0.037233 -0.091536 -0.055676 -0.082103 -0.035718 -0.073831 -0.070429 -0.069664 -0.012151 -0.025767 -0.098848 -0.023091 -0.022395 -0.058026 -0.054984 -0.080245 -0.014729 -0.006092 -0.067488 -0.053345 -0.096006 -0.038279 -0.016620 -0.085748 -0.018969 -0.023543 -0.059332 -0.005223 -0.054585 -0.058584 -0.077335 -0.037986 -0.074187 -0.080499 -0.066638 -0.010677 -0.024565 -0.031141 -0.007491 -0.024508 -0.064564 -0.036802 -0.036661 -0.064966 -0.052167 -0.019962 0.001031 -0.045346 -0.084966 -0.005518 -0.017187 0.001195 0.023356 -0.042010 -0.068580 -0.041932 -0.019253 -0.050448 -0.039414 -0.077914 -0.095588 -0.067400 0.004511 -0.021902 -0.088332 -0.072611 -0.089914 -0.063544 -0.026613 -0.006887 -0.024032 -0.082138 -0.028185 -0.103519 -0.063569 0.045640 -0.073019 -0.027041 -0.059807 -0.063915 -0.014600 -0.024391 -0.032493 0.000777 -0.076721 -0.076213 0.016239 0.016694 0.007662 -0.055555 -0.049071 -0.051559 -0.027860 -0.052355 -0.025425 -0.095871 -0.085151 -0.049150 -0.047946 -0.049708 -0.019109 -0.035918 -0.055060 -0.006372 -0.019346 -0.010694 -0.008517 -0.008134 -0.020667 -0.105067 -0.098331 -0.067287 0.033527 -0.001128 -0.026679 0.005120 -0.021031 -0.072365 -0.030006 -0.039331 -0.100676 0.018441 -0.032124 -0.109108 -0.104448 -0.093339 -0.127825 -0.017754 -0.065813 -0.084869 -0.099898 -0.087575 -0.081033 -0.072065 -0.094114 -0.040346 -0.097304 -0.086469 -0.075801 -0.111607 -0.038333 -0.025214 -0.037570 -0.025734 0.010511 -0.086660 -0.086348 -0.092758 -0.074381 -0.034321 -0.058603 -0.053662 -0.046812 -0.073771 -0.024394 -0.047083 -0.025338 -0.006290 -0.017381 -0.043880 -0.066318 -0.092899 -0.079559 -0.074697 -0.031945 -0.038025 -0.042668 -0.037439 -0.044035 0.004817 -0.049388 -0.049248 -0.024480 -0.040216 -0.018789 -0.047437 -0.135234 -0.034152 -0.067272 -0.044136 -0.052183 0.010595 0.017852 -0.021432 -0.038304 -0.054182 -0.032276 -0.087755 -0.080018
-0.065476 -0.111217 -0.068816 -0.068698 -0.077401 -0.051715 -0.019145 -0.054938 -0.102305 -0.051904 -0.060379 -0.081810 0.004877 -0.031901 -0.062029 -0.039444 -0.067255 -0.015954 -0.061634 -0.091490 -0.087979 0.003006 -0.058079 -0.057923 -0.045504 0.002321 -0.071095 -0.075052 -0.036065 -0.063126 -0.034241 -0.084117 -0.014687 -0.055693 -0.098920 -0.063767 -0.030005 -0.030251 -0.047427 -0.059463 -0.022314 -0.038925 -0.069294 -0.060018 -0.067611 -0.089112 -0.060564 -0.019506 -0.020131 -0.055812 -0.014994 -0.007912 -0.038692 -0.018763 -0.045322 -0.020718 -0.065007 -0.090979 -0.068288 -0.049907 -0.046037 -0.013449 -0.094985 -0.051222 -0.026057 -0.064126 -0.096592 -0.063453 -0.002446 -0.032171 -0.008956 -0.008807 -0.057855 -0.035631 -0.063468 -0.072533 -0.098747 -0.089781 -0.106904 -0.083713 -0.013972 -0.020588 0.009260 -0.045022 -0.050094 -0.086429 -0.114283 -0.080851 -0.043582 -0.054435 0.015460 -0.023873 -0.049268 -0.051005 -0.060099 -0.098096 -0.060946 -0.078177 -0.042620 -0.073512 -0.086544 -0.057480 -0.060264 -0.056159 -0.032784 -0.000308 -0.029541 -0.062021 -0.046790 -0.013232 -0.029671 -0.110837 -0.042224 -0.008170 -0.054572 -0.034929 -0.009714 -0.053937 -0.077316 -0.036989 -0.040011 -0.075171 -0.048915 -0.085040 -0.078395 -0.082092 -0.011552 -0.115064 -0.046638 0.018470 -0.070927 -0.045076 -0.044290 -0.073607 -0.087303 -0.122361 -0.050560 -0.109684 -0.037090 -0.088375 -0.087252 -0.092367 -0.052422 -0.061294 -0.067538 -0.113230 -0.103248 -0.094813 -0.042132 -0.085833 -0.078158 -0.084107 -0.050065 -0.111532 -0.085725 0.013861 -0.022802 -0.013465 -0.072303 -0.097683 -0.054966 -0.076850 -0.118366 -0.102542 -0.039498 -0.081642 -0.096106 -0.057219 -0.027451 -0.104213 -0.059843 -0.041725 -0.004101 -0.009472 -0.034629 -0.022026 -0.040359 -0.089493 -0.100159 -0.073890 -0.031586 -0.051468 -0.052858 -0.058422 -0.032335 0.052277 0.067184 -0.055207 -0.113641 -0.065807
-0.138002 -0.118386 -0.055369 -0.074696 -0.056396 -0.021810 -0.026443 -0.059960 -0.120060 -0.059746 -0.037338 -0.025186 -0.009282 -0.073536 -0.082844 -0.033701 -0.066029 -0.039832 -0.062293 -0.035950 -0.062941 -0.039490 -0.016754 -0.039382 -0.022877 -0.031689 -0.111014 -0.076450 0.021112 -0.047097 -0.052017 -0.049164 -0.058625 -0.039372 -0.136215 -0.039136 -0.048692 -0.088901 -0.058368 -0.073728 -0.066859 -0.050422 -0.077553 -0.066420 -0.071991 -0.057895 -0.058566 -0.064990 -0.035372 -0.084579 -0.085989 -0.013561 -0.017789 -0.037717 -0.064518 -0.060437 -0.052094 -0.064561 -0.056291 0.010468 -0.078657 -0.061592 -0.015935 -0.034205 -0.062231 -0.029882 -0.051477 -0.056569 -0.054655 -0.039122 -0.066708 -0.065878 -0.002441 -0.026096 -0.025679 -0.039051 -0.094437 -0.063049 -0.055615 -0.038807 -0.085980 0.018904 0.026447 -0.041741 -0.053402 -0.027735 -0.095253 -0.127195 -0.054517 -0.052736 -0.024441 0.012392 -0.000429 -0.067148 -0.088288 -0.065279 -0.013114 -0.052572 -0.057451 -0.052712 -0.002139 -0.053119 -0.052302 -0.033348 -0.029822 -0.044203 -0.055055 -0.004980 -0.020541 -0.019182 -0.037051 -0.058241 -0.098487 -0.046287 -0.053213 -0.045494 -0.030098 -0.087491 -0.051492 -0.034646 -0.051322 -0.079896 -0.046021 -0.047972 -0.031408 -0.061994 -0.063019 -0.021577 -0.007916 -0.047070 -0.091874 -0.036271 0.002906 -0.030171 -0.028653 -0.074776 -0.052421 -0.049658 -0.070904 -0.112109 -0.110620 -0.094008 -0.088432 -0.120602 -0.061687 -0.108428 -0.134153 -0.056545 -0.082879 -0.089437 -0.042050 -0.095114 -0.044760 -0.033740 -0.017758 -0.017583 -0.081733 -0.048284 0.009995 -0.064174 -0.076951 -0.087802 -0.038953 -0.048624 -0.023248 -0.047276 -0.067077 -0.077189 -0.024677 -0.082933 -0.040119 -0.061208 0.013061 -0.048726 -0.047541 -0.059308 -0.012979 -0.056232 -0.057877 -0.029506 -0.045731 -0.050732 -0.090504 -0.092438 -0.070351 0.001872 0.024773 -0.042147 -0.044450 -0.015247
-0.070499 -0.052985 -0.084110 -0.027659 -0.033307 -0.080346 -0.044690 -0.038844 -0.066060 0.008549 -0.016987 -0.027735 -0.034409 -0.011311 -0.047679 -0.097386 -0.085867 -0.044847 0.018223 -0.027033 -0.072645 -0.078908 -0.042337 -0.066408 -0.046045 -0.054236 -0.068175 -0.128533 -0.060525 -0.046371 -0.057980 -0.043928 -0.085586 -0.071809 -0.051689 -0.028313 -0.146309 -0.155772 -0.071294 -0.024339 -0.032654 -0.064690 -0.087528 -0.105010 -0.072653 -0.072019 -0.090488 -0.072109 -0.082510 -0.048224 -0.092965 -0.093010 0.030095 -0.035315 -0.039644 -0.058964 -0.074651 -0.004498 -0.009860 -0.017544 -0.056511 -0.045014 -0.029998 -0.012433 -0.037863 -0.062623 -0.009928 -0.045525 -0.051260 -0.047142 -0.063271 -0.107246 -0.040782 0.014402 0.000061 -0.067932 -0.080801 -0.103244 -0.079124 0.026193 -0.050555 -0.050913 -0.005996 -0.009555 -0.067618 -0.043972 -0.018967 -0.077900 -0.023618 -0.009204 -0.110937 -0.056201 -0.015065 -0.029497 -0.033223 -0.022202 -0.010314 -0.015381 -0.013563 -0.023912 -0.025490 -0.011608 -0.008517 -0.033321 -0.012647 -0.028002 -0.036389 -0.029096 -0.007809 0.002907 -0.033326 -0.031208 -0.038815 -0.031177 -0.040700 -0.006289 -0.063316 -0.065516 -0.063398 -0.059597 -0.047698 -0.080996 -0.072308 -0.059296 -0.037440 -0.062212 -0.046776 0.005886 -0.023320 -0.112963 -0.049795 -0.049551 -0.042755 -0.039402 -0.086123 -0.098420 -0.075509 -0.099752 -0.058628 -0.098438 -0.124826 -0.115804 -0.131006 -0.080067 -0.088053 -0.116894 -0.080245 -0.106226 -0.097003 -0.050817 -0.092927 -0.090322 -0.025509 -0.033738 -0.041932 -0.058443 -0.083404 -0.056826 -0.025850 -0.027002 -0.028689 -0.026440 -0.013906 -0.076093 -0.033492 0.005240 -0.009037 -0.046906 -0.027900 -0.014504 -0.023313 -0.020285 -0.048313 -0.114133 0.001844 -0.064774 -0.085878 -0.048240 -0.000716 -0.038781 0.001319 -0.003436 -0.018781 -0.066574 -0.075290 -0.066676 -0.053852 -0.049837 -0.068035 -0.050371
-0.086874 -0.001202 -0.030065 -0.066740 -0.101657 -0.087594 -0.058427 -0.046148 -0.032003 -0.007938 -0.025684 -0.024873 -0.068314 -0.100974 -0.048613 -0.055223 -0.083604 -0.089952 -0.089652 -0.012134 -0.027719 -0.107413 -0.112493 -0.090688 -0.045796 -0.002599 -0.035919 -0.075024 -0.024026 -0.023889 -0.027507 -0.048816 -0.039853 -0.011313 -0.042971 -0.045682 -0.082751 -0.071417 -0.066019 -0.008953 -0.005689 -0.074957 0.007728 -0.028147 -0.096641 -0.108377 -0.082813 -0.096774 -0.050639 -0.052821 -0.070202 -0.068541 -0.043078 -0.022470 0.010245 -0.066471 -0.086623 -0.007563 0.006411 -0.108528 -0.050938 -0.024486 -0.021058 -0.031193 -0.032348 -0.042546 -0.077821 -0.022470 -0.048813 -0.017206 -0.019875 -0.053229 0.005599 -0.041228 -0.030224 -0.095765 -0.097988 -0.042850 -0.006384 -0.056949 -0.016016 -0.045062 -0.024741 -0.021734 -0.061024 -0.106073 -0.047550 -0.112908 -0.098982 -0.016693 -0.077378 -0.063430 0.005540 -0.085818 -0.044501 -0.045821 -0.046293 -0.011087 -0.029928 -0.065172 -0.008915 -0.001752 -0.057791 -0.051109 -0.019355 0.006055 0.014244 -0.067491 -0.066352 -0.057597 -0.004313 -0.048168 -0.014361 -0.023436 -0.030918 -0.018581 -0.020108 -0.049839 -0.037682 -0.067585 -0.036266 -0.033304 -0.046650 -0.069371 -0.051358 -0.045624 -0.067008 -0.054803 -0.064393 -0.164537 -0.102798 -0.007542 -0.090737 -0.041901 -0.071476 -0.070384 -0.066585 -0.093443 -0.078523 -0.073383 -0.137672 -0.135450 -0.106663 -0.064198 -0.074954 -0.111382 -0.069656 -0.049318 -0.122497 -0.132550 -0.072621 -0.064080 -0.068285 -0.027401 -0.040410 -0.090695 -0.084425 -0.045043 -0.047020 -0.047327 0.025028 -0.016498 -0.096133 -0.046032 -0.039512 -0.048775 -0.055961 -0.040646 -0.036507 0.007167 -0.076715 -0.053426 -0.039652 -0.026365 -0.063662 -0.088472 -0.043659 -0.008907 -0.043397 -0.025499 0.003685 -0.005591 -0.053953 -0.042297 -0.033573 -0.043726 -0.062664 -0.057056 -0.086514 -0.070520
-0.039428 -0.053234 -0.046707 -0.038844 -0.045001 -0.050357 -0.049791 -0.062806 -0.103098 -0.010034 -0.013328 -0.073280 -0.074908 -0.158107 -0.111798 -0.017786 -0.034130 -0.078514 -0.108925 -0.003229 -0.025882 -0.096242 -0.108746 -0.058738 -0.039448 0.011594 -0.010041 -0.002997 -0.053492 -0.047121 -0.039863 -0.071231 -0.036631 0.004632 -0.016176 -0.049471 -0.073597 -0.071258 -0.037791 -0.094137 -0.076716 -0.087268 -0.019135 -0.052694 -0.042421 -0.061902 -0.002398 -0.077835 -0.053666 -0.093721 -0.035348 -0.010256 -0.045209 0.002412 0.003986 -0.079915 -0.040391 -0.032480 -0.040961 -0.064246 -0.022512 -0.037782 -0.063732 -0.047456 -0.036387 -0.052782 -0.058082 -0.046277 -0.058907 -0.037082 -0.013466 -0.034296 -0.006099 -0.078175 -0.059314 -0.022783 -0.073790 -0.052564 0.009077 -0.017016 0.000693 -0.047836 -0.085333 -0.067620 -0.030841 -0.031230 -0.062406 -0.074550 -0.057258 -0.054253 -0.014931 -0.067353 -0.010491 -0.089489 -0.090334 -0.087216 -0.037309 -0.033641 -0.049190 -0.109743 -0.045249 -0.007297 -0.052499 -0.041963 -0.044898 -0.004227 -0.021749 -0.090446 -0.087648 -0.074036 -0.044160 -0.062228 -0.029205 0.010466 -0.019535 -0.097299 -0.076059 -0.006520 -0.042493 -0.056771 -0.041661 -0.047499 -0.099269 -0.070376 -0.002846 -0.042633 -0.050509 -0.033981 -0.029515 -0.053536 0.037717 -0.031175 -0.111359 -0.060775 -0.072927 -0.082738 -0.061450 -0.001697 -0.067723 -0.112291 -0.070447 -0.046006 -0.073815 -0.145353 -0.134677 -0.058588 -0.071882 -0.120250 -0.090141 -0.073295 -0.023891 -0.105739 -0.006018 0.006281 -0.024169 -0.038720 -0.061733 -0.028542 -0.059621 -0.074929 -0.018515 -0.053217 -0.102540 -0.072709 -0.044807 -0.034824 -0.082006 -0.094126 -0.028608 -0.038646 -0.089676 -0.107060 -0.088422 -0.073990 -0.043616 -0.073791 -0.057685 -0.029050 -0.008321 -0.001483 -0.044673 -0.034389 -0.063589 -0.073334 -0.018730 -0.059808 -0.058377 -0.083167 -0.042110 -0.007174
