0.050623 -0.164773 -0.006306 0.245220 -0.076380 -0.107030 0.155232 0.067750 0.155590 0.281221 -0.072716 -0.146744 -0.123505 0.021648 0.135967 -0.140068 -0.160389 0.086559 0.010370 -0.000366 0.150461 0.091541 0.186448 0.026641 0.262348 0.169587 0.779395 0.755529 0.986468 0.893766 0.754701 0.376215 -0.050471 -0.124921 -0.171831 0.021691 -0.099148 -0.069036 0.006717 0.033380 0.104201 -0.069851 -0.138166 -0.273719 -0.255452 -0.105507 0.050660 -0.228809 -0.224831 -0.102241 -0.062825 0.078916 -0.093157 0.063067 0.237728 0.180088 0.136530 -0.011305 -0.102814 -0.088885 0.009878 -0.138354 -0.111029 0.021586 -0.187286 -0.333174 -0.041173 0.040688 -0.027899 -0.183506 -0.376094 -0.129465 -0.181425 -0.091270 0.224360 0.132714 -0.358209 -0.094462 -0.099663 -0.202042 0.025274 -0.010143 -0.118048 0.156483 -0.005432 -0.474026 -0.161885 0.023989 -0.116208 -0.435142 -0.223296 -0.482910 -0.150647 -0.244891 -0.231592 -0.412043 -0.267538 -0.200308 0.024316 0.223576 0.317132 0.479902 0.508788 0.590200 0.157795 0.011378 0.006059 -0.041689 -0.140588 0.158900 0.125872 0.258662 0.367540 0.588540 0.793907 0.989580 0.632424 0.061227 -0.107264 -0.343441 -0.157859 -0.271197 0.168526 -0.032775 0.221412 0.138649 0.271751 0.220499 0.264257 -0.192227 0.238073 0.487401 0.291276 0.081390 0.209384 0.354094 0.097862 -0.103081 -0.183948 0.030154 0.143449 0.336292 0.207322 0.211467 0.099613 -0.124559 0.093653 0.054573 -0.029413 0.158309 0.129195 0.278517 0.399112 0.295592 0.029494 -0.122833 -0.273972 -0.282263 0.009928 0.249376 0.001715 -0.087428 -0.119146 -0.110624 0.105585 0.032789 0.219852 0.370516 1.518272 1.414676 0.918235 0.548380 0.189859 0.022728 0.134211 0.097595 -0.118063 0.358879 0.076552 -0.029037 -0.068727 -0.015137 0.037307 0.027586 -0.235610 -0.491845 -0.405558 -0.265576 -0.150016 0.143302
0.074257 0.029775 0.076575 -0.049514 -0.122886 -0.262224 0.044936 0.046673 0.348886 0.428745 0.256947 0.259951 0.091480 0.016838 0.011600 -0.142060 0.143335 -0.016125 0.119974 0.200484 0.169786 0.063380 -0.001412 -0.091596 -0.047919 0.162492 0.149671 0.500174 0.486198 0.351659 0.428141 0.285050 0.079396 0.027967 -0.006493 0.012485 0.034286 0.021007 -0.061084 -0.157492 0.013129 0.036045 -0.334234 -0.254130 -0.157967 -0.008311 -0.087971 -0.448921 -0.168170 -0.140231 -0.132973 0.074916 0.018446 -0.145356 0.069820 -0.036086 0.090880 0.012722 -0.011165 -0.089535 -0.049453 -0.285239 -0.046220 -0.076499 -0.036364 -0.291800 -0.114063 -0.133640 -0.021291 -0.175867 -0.123114 -0.049885 -0.165096 -0.073735 -0.364952 0.247342 -0.145074 -0.029978 0.301649 -0.077848 0.059252 -0.093416 -0.061397 -0.129407 -0.044120 -0.181400 0.156386 0.019371 -0.036193 -0.455168 0.135579 -0.105152 0.362463 -0.074246 0.031532 -0.240640 -0.172435 -0.218382 -0.314117 0.137824 0.028643 0.199493 0.318400 0.232182 0.254715 -0.063981 0.080330 -0.044515 0.040550 -0.179244 -0.018872 0.014455 0.362428 0.225805 0.422807 0.360979 0.461439 0.226535 0.498727 -0.101143 0.002495 0.136174 0.075355 0.003941 0.042140 0.116690 0.352182 0.136893 0.069700 0.162840 0.127798 0.323514 0.120420 0.075879 0.513409 -0.275346 -0.629841 -0.727955 -0.647546 -0.561136 -0.526367 -0.181994 -0.089705 0.114218 0.205884 0.117953 0.027995 0.022330 0.102469 0.036358 0.181961 0.222285 0.195662 -0.008268 -0.049237 -0.339928 -0.158435 -0.122434 0.136679 0.088368 -0.003235 -0.102460 -0.289105 -0.007003 0.011261 0.079977 -0.141335 0.179865 0.652065 0.775386 0.537521 -0.221073 -0.550949 -0.802538 -0.647609 -0.449452 0.014948 0.136676 0.150174 -0.116784 0.081503 0.055512 -0.153100 0.119123 -0.195486 -0.330944 -0.387424 -0.644439 -0.437473 -0.040172
-0.173457 0.153462 0.015146 -0.095835 -0.286613 -0.112198 -0.234855 -0.296489 0.109093 0.154780 0.388309 0.307947 0.422886 0.187219 -0.083753 0.094389 -0.018241 0.047997 0.162337 0.043136 0.197698 0.155798 -0.137347 -0.076304 -0.106681 -0.219188 0.009654 -0.087472 -0.018395 -0.112743 -0.039016 -0.096051 0.067793 0.131809 0.137609 0.036297 -0.014402 0.143954 -0.107183 -0.076299 -0.172063 -0.109864 0.020939 -0.070805 0.047245 0.161584 -0.009274 -0.162180 0.141064 -0.077567 0.077698 0.079179 0.122643 -0.211875 -0.061408 0.164554 0.075160 -0.030749 0.039141 0.066779 -0.122343 0.310472 0.025631 0.723348 0.866845 0.857384 0.170222 0.012512 -0.248088 -0.308772 -0.533632 -0.399353 -0.139834 -0.118968 0.045271 -0.037173 0.260955 -0.060477 0.166644 0.005415 0.056389 0.004538 0.043127 -0.030367 0.050060 0.217385 -0.053717 -0.234479 -0.125620 0.191206 -0.014382 0.262998 0.249576 0.498206 0.820731 0.003694 -0.134456 -0.302611 -0.266828 -0.114384 0.048202 0.077273 0.068887 0.307943 0.104240 0.184175 -0.045999 -0.027130 -0.126424 -0.296603 -0.390895 -0.120923 0.010648 0.034382 0.152069 0.182639 0.212053 0.007861 0.137088 0.222422 0.006186 -0.285537 0.101608 -0.161527 -0.148110 0.215776 0.158552 0.200561 0.103149 0.037764 -0.062877 0.138035 0.141724 -0.249432 -0.127537 -0.267779 0.389800 -0.272235 -0.640610 -1.050807 -0.793913 -0.446373 -0.037597 -0.111113 0.017707 0.237573 0.101249 0.030079 -0.090472 -0.095034 0.353586 0.190877 -0.092005 -0.071375 0.027840 0.030590 -0.117959 0.330706 0.240352 0.100038 0.257082 -0.192279 -0.181766 -0.202155 -0.132652 -0.074268 -0.040126 0.338195 0.337957 0.025731 0.092270 -0.467110 -0.919331 -1.247809 -1.778417 -0.717964 0.002364 0.150505 -0.089748 -0.179074 -0.127497 -0.264629 0.025934 0.237471 0.013788 -0.433244 -0.798730 -0.863017 -0.421620 -0.031965
-0.432108 -0.383806 -0.008438 -0.171451 -0.180010 -0.234213 -0.293756 -0.535189 -0.314889 -0.345217 0.028831 -0.172029 -0.043072 0.054128 -0.066120 0.063623 -0.044200 -0.026294 0.078834 -0.264451 0.224660 0.203278 -0.097201 -0.199667 -0.079055 -0.287316 -0.310935 -0.378435 -0.401795 -0.465101 -0.281381 0.045037 -0.072125 -0.095319 0.059125 -0.059215 -0.116136 -0.067585 -0.011006 -0.051765 -0.190013 -0.231052 -0.032689 0.040639 0.121178 0.261468 -0.003716 0.132565 0.054526 0.061934 0.031730 0.084222 0.055175 -0.146497 0.022758 0.072175 0.021761 0.123586 0.025477 0.222113 0.951881 1.420509 1.967464 0.394540 0.133157 0.297606 -0.070964 0.129395 -0.149531 -0.333945 -0.489547 -0.164609 -0.119360 -0.050140 -0.037336 -0.173468 0.122137 -0.077140 0.077099 0.251897 0.129494 0.133754 -0.018751 -0.155461 0.128762 0.373832 0.050240 0.151110 0.045574 -0.010704 0.347510 0.382991 0.316168 0.321884 0.353942 0.465416 0.279922 -0.003420 0.128921 0.042695 0.087584 -0.019048 -0.054934 0.160403 0.020788 0.024400 -0.261767 -0.248011 -0.391162 -0.515586 -0.330768 -0.263042 -0.146923 -0.105215 -0.049357 0.008020 0.029029 -0.100059 -0.274982 -0.145494 -0.052168 -0.176785 -0.061300 -0.539219 -0.286460 -0.082733 0.125926 0.125660 0.012371 0.110431 0.246536 0.098258 -0.003973 -0.005406 0.122297 0.019866 0.341844 0.438107 -0.093299 -0.232379 -0.512396 -0.813738 -0.159546 -0.365788 -0.182162 -0.166817 0.053848 -0.158380 0.018360 -0.102950 0.005295 0.120979 -0.010560 -0.113801 -0.146596 0.093397 0.082696 0.229728 0.151170 0.112591 -0.046057 -0.246342 -0.296485 -0.349960 -0.293775 -0.437820 -0.111471 -0.060436 -0.193629 -0.131109 -0.366108 -0.581992 -1.215235 0.113922 -1.960998 -0.579569 -0.150505 -0.039812 0.134512 -0.161828 -0.122551 -0.182291 0.010800 0.003361 0.088186 -0.135132 -0.499337 -0.766072 -0.316904 -0.368035
-0.248453 -0.419726 -0.202638 -0.110384 -0.276903 -0.332601 -0.548207 -0.778356 -0.583778 -0.697649 -0.504185 -0.506279 -0.237618 0.150769 0.102180 0.027543 -0.231098 -0.300428 -0.136442 0.009166 0.205870 0.041776 -0.035937 -0.006263 -0.027533 0.063792 -0.041569 0.062454 0.045577 -0.856340 -0.549043 -0.155619 -0.310080 -0.268757 -0.267569 -0.296825 -0.160888 0.002210 0.075561 -0.182043 -0.065920 -0.028678 -0.044539 0.100099 0.081710 -0.033178 -0.050884 -0.092316 -0.045568 -0.270510 -0.182065 -0.045077 0.086683 0.107283 0.004217 0.125153 0.074642 0.027591 0.329636 0.375037 0.734157 1.097368 1.914309 1.983797 -0.364770 -0.366238 -0.028084 -0.192588 0.106014 -0.463659 -0.472368 -0.264820 -0.343757 -0.041492 0.031738 -0.161143 -0.106363 -0.356715 0.041688 0.237090 0.044851 -0.148589 -0.075896 -0.056481 0.037644 0.033037 -0.008290 0.138592 0.179480 0.069815 0.398654 0.312369 0.246820 0.151364 -0.020498 0.016934 -0.000089 0.072805 -0.078280 0.088411 -0.012309 -0.028814 -0.213242 -0.207413 -0.257321 -0.170237 -0.058615 -0.273674 -0.410963 -0.437585 -0.262070 -0.079374 -0.144235 -0.205822 -0.080154 0.012137 -0.068464 -0.278996 -0.394175 -0.146634 0.197520 0.256706 -0.186053 -1.155583 -0.696850 -0.384897 -0.078479 0.186874 0.096655 0.043706 0.118510 0.134696 -0.032097 0.125526 -0.032096 -0.323054 -0.049620 0.066996 0.204854 -0.048242 -0.398474 -0.779038 -0.682967 -0.644563 -0.335496 -0.024297 -0.066750 -0.186561 -0.168069 -0.012285 -0.118905 -0.092641 0.116897 0.005218 -0.076433 0.190774 0.098448 0.158952 0.066884 0.036037 -0.103955 0.098516 -0.043947 0.161115 -0.019333 -0.200988 -0.154593 -0.183441 -0.138996 -0.003117 -0.233081 -0.841604 -1.408642 -1.098798 -0.168556 -0.265020 -0.066764 -0.223512 0.187492 0.039840 -0.087320 -0.102868 0.168889 -0.038374 0.186281 -0.028803 -0.138101 0.380163 -0.049481 -0.056196
0.407268 -0.467710 -0.417539 -0.000136 0.009678 0.051634 -0.297261 -0.511291 -1.342021 -1.555154 -1.018877 -0.722129 0.117557 0.145336 0.013574 -0.082903 0.045989 -0.103684 -0.017851 -0.211477 -0.079216 -0.139261 0.032139 0.223804 0.293262 0.355000 0.034849 -0.048895 -0.053647 0.645701 0.331874 -0.039131 0.016524 0.075760 -0.067145 -0.009397 0.285272 -0.184961 -0.193640 -0.250599 -0.064788 -0.020607 -0.051442 0.025096 -0.257335 -0.204620 -0.267011 -0.462566 -0.503458 -0.460812 -0.394025 -0.051229 0.000063 -0.132748 -0.284896 0.094207 -0.045766 0.258627 0.324473 0.184442 0.249159 0.289384 0.849762 1.156880 0.512686 0.161401 -0.066156 0.035120 0.134173 -0.118124 -0.456749 -0.433909 -0.133058 -0.190919 -0.018738 0.165904 -0.081595 -0.137643 -0.114610 0.042005 -0.070740 -0.051118 -0.048049 -0.161860 0.196883 0.139736 0.106191 0.311684 0.335212 0.364690 0.102663 0.142225 0.157925 -0.129634 0.017292 -0.285147 -0.160297 0.028834 -0.250225 0.130307 0.053903 -0.043240 -0.221211 -0.326404 -0.135795 0.031465 -0.165650 -0.057853 -0.253684 -0.139133 -0.065789 0.017558 0.003630 -0.003541 -0.085158 0.034162 -0.197108 -0.330057 0.012775 0.158321 -0.032311 0.076438 0.109178 -0.254493 1.760027 -0.393618 -0.351850 -0.076630 -0.149490 -0.183082 -0.344050 0.006519 -0.128030 -0.197450 -0.585833 -0.650369 -0.739294 -0.552474 0.006734 0.739473 0.816176 0.548515 -0.538035 -0.356724 -0.270965 -0.266218 -0.148341 -0.140784 -0.111157 -0.073294 0.064849 0.094187 -0.035401 0.058905 -0.084968 0.003921 -0.113993 0.001039 0.054054 -0.151719 -0.299101 -0.133381 -0.063593 -0.125342 -0.042739 0.107851 -0.020184 0.096935 0.274606 0.210969 -0.352761 -0.476223 -0.287860 1.202303 -0.391036 -0.291423 -0.126320 0.036346 -0.036591 0.059605 0.350909 0.372848 0.343235 0.115569 -0.043357 0.102970 -0.142272 -0.216619 -0.097951 -0.129230
1.958403 1.113553 0.598956 0.601499 0.163003 0.176842 0.261276 0.851552 -2.052733 -0.903337 -0.952206 0.920919 0.769473 0.271074 0.177683 0.271361 -0.035511 -0.062917 -0.112226 0.105341 -0.167587 0.087460 0.033126 0.098765 0.226673 0.147910 0.150517 0.511492 0.475153 0.556902 -0.099416 -0.217768 -0.268056 -0.180730 0.065173 0.035401 0.092882 0.151297 -0.390128 -0.304508 0.018568 -0.130148 0.036790 -0.007214 -0.067370 -0.362553 -0.564954 -0.668036 -0.519266 -0.601528 -0.393810 -0.042981 0.205535 -0.073723 0.118042 -0.055169 0.163893 0.094986 0.198463 -0.371197 -0.609601 -0.417724 -0.020160 0.364671 0.143774 0.185523 -0.022740 0.089382 0.159842 0.110781 0.168360 0.030353 0.202091 -0.235607 -0.047332 0.162562 -0.023093 -0.153797 -0.090662 -0.086120 0.062668 -0.116888 -0.114125 0.049013 0.095712 -0.084822 -0.130035 0.023045 -0.056204 0.247506 0.037576 0.009720 0.009657 -0.031372 -0.321692 -0.207219 -0.093017 0.025360 -0.199745 -0.093051 -0.145270 -0.006750 -0.233108 -0.209749 -0.082617 0.005098 -0.043167 -0.008862 0.014026 0.396755 0.317915 0.281637 -0.131558 -0.103348 -0.106092 -0.022597 -0.002043 -0.103953 0.155660 0.127232 -0.061683 -0.287971 -0.222663 -0.228677 -0.361556 -0.390168 -0.687217 -0.659091 -0.392472 -0.339004 -0.260936 -0.028444 -0.134750 -0.266244 -0.893289 -1.498222 -1.455898 -0.928381 -0.312181 0.313295 0.564725 1.581448 1.988184 -0.502536 -0.407843 -0.077749 -0.005974 -0.155624 -0.163740 -0.142889 0.171396 0.028632 -0.214201 -0.004188 -0.046819 0.112287 -0.170669 -0.024860 -0.282839 -0.417745 -0.303960 -0.215016 -0.276927 -0.210017 -0.184851 -0.130191 0.028053 0.026242 0.226800 0.426603 0.532842 1.074143 1.536478 1.504113 0.880490 0.057707 0.208363 0.065313 0.252658 0.070476 -0.098419 -0.090070 0.137478 -0.060831 -0.296188 -0.019059 0.090981 -0.217052 -0.131479 -0.453577
0.927860 0.668343 0.348930 0.148305 0.205598 0.348498 0.731597 0.895956 0.825134 0.622450 1.264147 0.580722 0.613298 0.597203 0.310180 0.023970 0.076206 0.284434 0.028650 -0.017133 0.308622 -0.046163 -0.104746 0.056366 0.063733 0.192893 0.311067 0.419189 0.611825 0.780760 -0.784044 -0.703723 -0.519565 -0.192076 -0.060124 -0.083925 -0.123816 -0.129489 0.130966 -0.031884 -0.041351 -0.151224 -0.016005 0.042607 -0.081627 -0.213915 -0.218323 -0.727689 -0.602838 -0.718297 -0.271259 0.091400 0.137022 0.102309 -0.004060 -0.104019 0.193731 0.097711 -0.134895 -1.086943 -1.123343 -0.782618 -0.349770 -0.111713 -0.023643 -0.120852 -0.069649 0.027766 0.186066 0.087721 0.144488 -0.100565 -0.029761 -0.110687 -0.196194 0.004137 -0.376364 -0.404462 -0.383489 -0.287410 -0.056239 -0.082277 -0.243844 -0.070054 -0.074146 0.140984 0.409550 -0.297562 0.048420 0.186476 -0.028295 -0.025041 -0.021782 0.147413 0.049908 0.164256 0.236973 0.330874 0.077230 -0.012938 -0.039464 -0.050583 -0.044391 0.030770 0.008963 0.148489 -0.063656 0.126567 0.178910 0.198992 0.305438 0.246243 -0.083022 0.051093 0.040304 0.088642 0.159367 0.152431 0.323916 0.046722 -0.010981 -0.108430 -0.292861 0.068875 0.068672 -0.067439 -0.221895 -0.283612 -0.407859 -0.367777 -0.325978 -0.210466 -0.257015 0.049703 -0.214179 -1.165293 -1.466887 -1.109355 -0.328918 0.086859 0.717783 1.433329 1.607909 1.781898 -0.002264 -0.325226 -0.209276 -0.314472 0.085470 -0.166533 -0.177183 -0.134951 -0.193216 -0.233261 -0.045457 0.065080 -0.038505 -0.024976 -0.182211 -0.168709 -0.349636 -0.468432 -0.501471 -0.208638 -0.183839 -0.203188 -0.132417 -0.126192 -0.072990 0.234207 0.228171 0.982751 0.867259 0.932584 0.686221 0.385729 0.244942 0.298277 0.035907 0.052357 -0.035584 0.009903 -0.196756 -0.020524 -0.263986 0.008539 -0.022055 -0.085167 -0.200043 -0.628464
0.453750 0.517749 0.085615 -0.330045 -0.192408 -0.067750 0.265799 0.728192 0.585015 -0.059667 1.805679 1.841472 0.345661 0.216100 0.228209 -0.075549 -0.176652 -0.146813 -0.343805 -0.301886 -0.043991 0.037691 -0.032167 -0.192340 -0.058497 0.201622 0.477115 0.456043 0.569414 0.730981 0.633531 -1.296717 -0.651046 -0.541442 -0.511550 0.097269 -0.092932 0.183320 -0.097290 -0.388839 -0.090666 -0.119013 0.056090 0.078270 0.055990 -0.177444 -0.069692 0.069945 -0.243145 0.551581 0.235758 0.320417 0.041429 0.291139 0.200382 -0.100254 0.089525 0.056686 0.212935 -1.548907 -1.689488 -1.416658 -0.993723 -0.365758 -0.059681 -0.012523 0.239560 -0.046295 0.070105 1.031781 1.767113 0.644777 0.020423 -0.108048 0.099580 -0.151799 -0.136408 -0.335568 0.112002 0.308689 -0.062176 -0.150772 -0.104003 -0.034221 0.059172 0.067647 0.058570 0.145029 0.105949 -0.083526 0.032263 -0.145684 -0.240451 0.101720 0.154146 0.370180 0.338031 0.304219 0.200622 0.335100 -0.194539 -0.054317 0.001745 0.004093 0.081550 0.060097 0.096693 0.182586 0.098097 0.246858 0.108604 -0.034161 -0.036509 -0.030174 -0.083283 0.071968 0.116666 0.285983 0.159620 -0.005718 -0.117811 -0.084257 -0.156060 -0.169298 -0.217176 -0.145897 -0.152455 -0.267856 -0.179149 -0.024915 -0.259534 -0.141009 -0.267186 -0.365585 -0.210228 0.187605 -0.450325 -0.723471 -0.613985 -0.171314 0.375886 0.545099 1.015156 1.003403 0.911744 0.411956 -0.672111 -0.333995 -0.241419 -0.466748 -0.465346 -0.312914 -0.074537 -0.341176 -0.200212 0.022139 0.175150 0.009291 -0.109821 -0.166130 -0.213102 -0.222074 -0.240559 -0.296302 -0.341631 -0.338521 -0.085756 -0.074635 -0.131415 0.182639 0.241561 0.364794 0.431535 0.360490 0.248124 0.350478 0.167792 0.123687 -0.018743 -0.030939 -0.138326 -0.197335 0.011720 -0.011641 0.010352 -0.123056 -0.139325 0.029937 0.117163 0.161359
0.065642 -0.118627 -0.349559 -0.321192 0.043121 -0.004312 0.190470 0.176771 0.419969 2.642987 1.465086 1.589675 1.280655 0.924462 0.142658 -0.207073 -0.272596 -0.057742 -0.332501 -0.132125 -0.114912 0.100400 0.240722 0.265330 0.185165 0.025944 0.260187 0.209164 0.052325 0.319294 0.425334 0.159971 0.232864 -0.044694 -0.233093 -0.106348 0.047817 0.315148 0.153284 -0.132282 -0.105288 -0.001592 -0.054538 -0.258278 -0.104103 0.239462 0.013108 0.230013 0.445853 0.097943 0.096857 0.363070 0.248261 0.243003 0.102660 -0.138294 -0.115790 0.175453 0.539655 1.641364 -2.087368 -1.296560 -1.129279 -0.376152 -0.020689 0.041406 0.179018 -0.175548 0.589063 1.085754 1.165869 1.116622 0.034907 -0.056459 0.215511 0.275706 0.117424 0.742423 0.866864 1.886823 -0.156354 -0.011758 0.149809 -0.012158 0.016321 -0.034131 -0.156300 -0.162711 -0.116219 -0.082104 0.081347 -0.140930 -0.176883 -0.156784 0.019356 0.050064 0.050608 0.162022 0.101913 -0.015483 0.140658 -0.463332 -0.142857 -0.062385 -0.072618 0.154913 0.150771 0.085817 -0.033771 0.139235 0.119436 0.272520 -0.258460 0.099793 0.180676 0.107301 -0.035007 0.281574 0.081912 -0.153185 -0.054796 -0.141390 -0.184431 -0.040097 -0.134975 -0.185127 -0.088757 -0.158496 0.015597 -0.060744 -0.177408 0.074113 -0.429425 -0.252531 -0.181517 -0.204040 0.041018 0.068731 0.044795 -0.022842 0.363279 0.620706 0.837983 0.708135 0.602675 0.286643 0.214572 -0.855917 -0.640858 -0.922532 -0.884648 -0.787006 -0.804510 -0.453813 -0.183555 0.123618 -0.114742 0.187154 0.221020 0.095140 -0.093807 -0.073542 -0.322795 -0.232336 -0.234919 -0.294175 -0.211993 -0.235750 -0.240821 -0.164808 -0.077992 -0.063841 0.048699 0.141772 0.149613 0.265442 0.234838 0.433085 0.061776 0.004664 -0.002041 -0.034513 0.083317 -0.046522 -0.368236 -0.281411 -0.440039 -0.089854 0.149497 -0.015464
0.287937 0.180250 0.120726 -0.033575 0.254468 0.018156 -0.072547 -0.134880 4.200340 0.607532 0.862813 0.835215 0.524215 0.354184 0.061770 -0.195858 -0.082746 -0.122272 -0.006187 0.035536 0.581049 0.502308 0.473775 0.248185 -0.025927 0.183639 0.202579 -0.035160 -0.053379 0.236786 0.267345 0.216270 0.095733 0.176099 -0.288254 0.300363 0.233033 0.032736 0.120747 0.106859 -0.037755 -0.227546 -0.059945 -0.152823 -0.271391 -0.059605 0.007410 0.196612 0.346711 -0.108855 0.047144 0.230691 0.040583 -0.131929 0.174586 -0.066489 -0.310104 0.155341 0.762540 0.898620 1.714812 -0.866516 -0.606798 -0.153596 0.050800 0.048763 0.253560 0.033213 0.505160 0.323307 0.642812 0.589510 0.542358 0.005736 -0.048596 0.269624 0.622846 0.763029 1.014002 1.221677 1.140354 0.489918 0.163511 -0.018301 0.031579 0.043722 -0.041106 -0.235928 -0.055862 -0.091800 -0.197867 -0.274910 -0.128069 -0.061217 -0.114657 0.066429 -0.097448 0.169881 -0.025993 -0.134753 0.090776 -0.119306 0.175572 0.068737 0.213986 0.179727 0.021272 0.008194 0.262819 -0.012628 0.040733 0.054621 -0.160907 -0.222859 0.075368 -0.043593 0.065730 0.174688 -0.183158 -0.112343 -0.052540 -0.089717 -0.030482 -0.136653 -0.075786 0.186931 0.166396 -0.021725 -0.014122 0.056517 -0.138839 -0.028691 -0.069555 -0.120707 -0.390060 -0.343529 0.254969 0.174043 0.216671 0.034364 -0.019209 0.216447 0.248584 0.461024 0.399068 0.487030 -0.015396 0.109607 -0.985816 -1.130798 -1.106390 -0.796986 -0.867025 -0.360405 -0.013173 -0.002308 0.199466 0.152427 0.143959 -0.018386 0.047300 -0.094417 -0.146217 -0.380798 -0.369844 -0.430249 -0.476246 -0.472337 -0.477321 -0.420186 -0.362217 -0.222680 -0.160973 -0.074477 0.051242 0.106557 0.027542 0.386440 0.464733 0.185291 0.195067 0.240063 0.085752 0.023963 -0.260237 -0.491955 -0.752817 -0.766193 -0.084101 -0.129368
0.258090 0.107575 0.107783 0.006899 0.071144 -0.108383 -0.110477 -0.331978 -0.589241 -0.086384 0.372683 0.287445 0.128992 -0.003881 0.006052 -0.154481 0.066267 0.001505 -0.144837 0.369458 0.674749 0.617795 0.457755 0.163177 -0.132978 -0.003057 0.017361 0.012418 0.107545 0.177958 0.242561 0.161488 0.091255 0.479055 0.357314 0.207703 0.069827 0.122928 -0.124985 -0.123482 -0.154173 -0.150274 -0.119882 -0.111606 -0.366701 -0.230340 0.000834 0.067598 0.067720 0.342786 0.383613 0.099218 -0.106170 -0.167202 -0.064778 0.063648 -0.063725 0.108339 0.663718 0.749776 0.651643 0.471445 0.349024 0.235033 -0.027166 0.064403 0.117274 0.106580 0.401416 0.361472 0.133318 0.177154 0.092853 0.040795 0.076425 -0.103895 0.251345 0.495724 0.860713 1.086085 0.974827 0.910541 0.216090 0.202145 0.087021 0.056587 0.110675 -0.294957 -0.035762 -0.116950 -0.336708 -0.326731 -0.030509 0.036159 -0.096146 0.086731 0.136527 -0.024100 0.043888 -0.231516 -0.106376 -0.223121 -0.172048 0.041653 0.116187 0.053328 -0.027828 -0.013595 -0.002280 -0.146179 0.038158 0.031279 -0.041891 -0.040854 0.113264 0.131681 0.082176 0.255127 0.029162 0.097477 -0.169863 0.140986 -0.103384 -0.210376 0.087920 0.239983 -0.057449 -0.039144 0.067526 0.050083 0.020397 -0.002824 0.045095 -0.235755 -0.084123 -0.024764 0.163395 0.090043 -0.123549 -0.444318 -0.171895 0.079960 0.413049 0.368311 0.296190 0.594502 0.793501 0.949691 0.049348 0.943456 1.967269 1.940429 -0.005402 0.551232 0.285925 0.064229 0.180439 0.092200 0.117585 -0.043060 0.106337 0.109538 0.289452 0.113309 0.151696 -0.076453 -0.169465 -0.253793 -0.265198 -0.016976 -0.023486 -0.076927 -0.103313 -0.046981 0.185847 0.216173 0.309882 0.338377 0.128697 0.183143 0.274730 0.118610 0.492772 0.807546 1.546067 -0.156373 -0.229708 -0.125313 0.124082 -0.122517
0.109108 0.258545 0.415479 0.341870 0.429590 0.018079 -0.417392 -0.722161 -1.188854 -0.574277 -0.328568 -0.406176 -0.117171 0.057054 0.101387 -0.027637 -0.117325 -0.406506 -0.065362 0.141658 0.389245 0.148374 0.006554 -0.290634 -0.232489 0.010192 -0.260238 -0.093748 0.029608 -0.004023 0.053895 -0.015252 0.162893 0.172090 0.009502 0.199733 0.258994 0.158216 -0.257751 -0.165181 -0.035848 -0.110806 -0.141476 -0.412363 -0.397886 -0.610306 -0.341792 0.036516 -0.036024 0.135867 -0.091728 -0.004162 0.071430 -0.151731 -0.180672 -0.069059 -0.042906 -0.028019 -0.041050 0.060195 0.093372 -0.007027 -0.112292 -0.197622 -0.164746 -0.268050 0.067691 -0.049663 0.039130 0.267116 0.107955 0.018280 0.140770 0.538806 0.671005 -0.003937 0.046769 0.198137 0.379705 0.746346 0.727239 0.543351 0.479764 0.144572 -0.052335 0.181026 -0.157909 -0.150183 0.079406 -0.018199 -0.088141 0.136970 0.012887 -0.198786 0.027492 -0.033482 0.062083 0.026896 0.074895 -0.145310 -0.287114 -0.265560 -0.438406 -0.196499 0.029220 0.104496 -0.049071 -0.077247 -0.076233 -0.034258 -0.100876 -0.078967 -0.124356 0.042170 -0.025981 0.012977 0.106394 0.147836 0.101851 0.167745 0.014090 0.011462 -0.331727 -0.141007 -0.122697 0.177876 0.114701 0.088066 -0.181294 0.092221 -0.093520 0.008871 0.178103 -0.051098 0.129166 -0.310754 -0.077898 -0.260339 -0.302264 -0.281916 -0.386326 -0.026527 -0.012919 0.339686 0.332384 0.410906 0.708613 0.765187 1.132908 1.486069 1.986047 0.003817 1.209864 0.566385 0.173208 0.043367 0.047800 -0.140144 -0.105019 -0.119742 0.095897 0.206285 0.362629 0.375235 0.349966 0.199380 0.540073 0.530694 0.925674 0.545347 0.439303 0.168047 0.157686 0.070313 0.139153 0.185445 0.147213 0.104133 0.010578 0.050283 -0.030428 -0.015120 0.341304 0.764400 1.404791 1.646693 0.074809 0.541077 0.198220 0.137266
-0.058089 -0.100021 0.150306 0.166777 -0.012763 0.132932 -0.366432 -0.631879 -3.069257 -0.478048 -0.667096 -1.115585 -0.683742 -0.084550 0.096136 0.239688 -0.098648 0.305749 0.220630 0.070905 -0.038168 -0.059575 -0.297687 -0.459561 -0.507245 -0.027699 0.016388 -0.062848 -0.109640 -0.064962 -0.009624 -0.044213 0.059740 0.019515 0.072248 0.273616 -0.103524 -0.040639 -0.230986 -0.111178 -0.025797 -0.026662 0.058644 -0.070737 -0.160733 -0.162214 -0.429780 -0.287796 0.071986 0.027947 0.050049 -0.045928 -0.075207 -0.202875 -0.055380 -0.182110 -0.224837 -0.306168 -0.333542 -0.108613 -0.192863 -0.756270 -0.695228 -0.542189 -0.330398 -0.087678 -0.229011 -0.265250 -0.053976 0.187962 0.041454 -0.015306 -0.001707 0.040470 0.272842 0.181373 -0.005637 -0.078281 0.076753 0.124647 0.417973 0.115025 -0.015785 0.081492 -0.090823 0.149132 -0.165942 0.064962 0.051137 -0.171385 -0.109187 0.148826 0.039856 -0.048559 0.000291 0.223123 0.261090 0.097011 0.182652 0.033235 -0.497704 -0.551768 -0.555423 0.171563 0.041973 0.025022 0.071656 0.086747 -0.066542 -0.068237 -0.077874 -0.035375 -0.213672 -0.124068 0.049426 0.045804 -0.016476 0.061526 0.299735 0.012520 0.135653 0.186500 0.115295 0.104220 0.105411 0.048976 0.250323 0.109592 0.104560 0.146778 -0.005374 -0.016464 0.016791 0.005805 0.124160 0.010788 0.094467 -0.025477 -0.268922 -0.206168 -0.549213 -0.315830 -0.127814 0.428535 0.137921 0.357351 0.792018 0.747519 0.884139 0.882696 -0.046790 1.074772 0.685949 0.286734 -0.124114 -0.209376 0.072207 -0.069071 0.001159 0.135063 0.147179 0.045000 0.264121 0.428796 0.380712 0.261209 0.296336 0.570202 0.525908 0.341725 0.041512 0.160849 0.108259 0.065543 0.054684 0.111023 0.179062 -0.141272 0.003345 -0.233635 0.177221 0.022444 0.150116 0.298192 0.803094 0.857904 0.373334 0.327923 0.214154 -0.037532
0.078104 -0.150361 0.030303 -0.024997 -0.225502 -0.148442 -0.376633 -0.011658 -0.125808 -1.066384 -0.959968 -1.254711 -0.821923 -0.670564 0.040263 0.270188 0.162376 0.180806 0.092664 -0.311793 -0.389419 -0.230840 -0.270386 -0.120749 -0.009802 0.086408 0.002681 0.027745 0.200737 0.131734 0.048042 0.012179 0.035191 -0.234702 -0.142209 0.334696 0.001715 -0.113364 -0.175512 0.040107 0.003572 -0.034795 0.025285 -0.018221 -0.459095 -0.856358 -0.180113 -0.681579 -0.165809 0.237282 0.088025 -0.104586 -0.077365 0.270110 -0.133220 -0.167677 -0.527829 -0.196629 -0.260097 -0.440123 -0.611610 -0.271774 -0.215622 -0.423108 0.183627 0.288040 -0.143876 0.055537 0.017409 0.030524 -0.079833 0.010658 -0.071235 -0.032836 0.086293 0.163141 -0.064605 -0.171657 -0.130661 0.257504 0.268462 0.243998 -0.284490 0.085672 0.095848 0.028526 -0.056289 0.262117 -0.016202 -0.037909 0.020912 0.314136 0.105846 0.111360 0.157912 0.007839 0.064140 0.215567 -0.062413 -0.061196 -0.433611 -0.374881 0.099372 0.096424 0.053114 -0.045013 -0.088330 -0.031824 -0.266367 -0.212282 -0.218485 -0.408243 -0.657117 -0.248818 0.073040 -0.001503 0.102369 0.075368 0.068350 0.129064 0.169999 0.117793 0.177609 0.027749 -0.110849 0.104347 0.147991 0.221921 0.234751 0.092399 0.113606 0.249020 0.333403 0.295886 0.006555 -0.017274 -0.198902 -0.157135 -0.455265 -0.211262 -0.454941 -0.506405 -0.516534 -0.251803 -0.000462 0.200303 0.341553 0.375842 0.701737 0.739427 0.720136 0.667254 0.483512 0.125391 -0.271729 -0.282363 -0.040127 0.004878 0.005088 0.129813 0.134651 0.001179 -0.004964 0.237022 -0.051164 0.003414 -0.032640 0.098266 -0.058602 -0.045214 -0.086855 -0.112154 0.168778 0.082296 0.106913 0.157139 0.046646 -0.090693 -0.056929 0.145061 0.086415 -0.242151 0.041332 0.081904 0.180288 0.256855 0.107170 -0.031318 -0.053499 -0.463946
-0.158285 -0.211663 0.067762 0.090618 0.014633 -0.268199 -0.410822 -0.342520 -0.031974 0.169408 -2.381874 -0.873097 -0.609604 -0.498403 0.053174 0.236133 0.141020 -0.065703 -0.124963 -0.363315 -0.412588 -0.527706 0.957085 -0.180016 -0.151719 0.120731 -0.128496 -0.125761 0.016999 0.060790 -0.010171 0.094780 0.037255 -0.027244 -0.029282 0.055467 -0.078579 0.022545 -0.237874 -0.238864 -0.187898 -0.059502 0.033041 0.260641 0.635147 0.244656 0.190620 -0.181608 -0.162691 -0.005575 0.055598 0.094896 -0.040298 -0.059080 0.058318 0.473725 -0.208255 0.001095 -0.003542 0.159065 0.063464 0.019926 0.011141 0.290956 0.154451 0.342331 0.010647 -0.142133 -0.150254 -0.249504 -0.362657 -0.048754 0.091923 -0.236691 -0.098295 0.215267 0.337820 -0.149624 0.070947 -0.080367 0.174854 0.101673 0.078656 -0.203350 -0.057405 0.036269 -0.146490 0.218233 -0.080610 0.252714 -0.008454 0.004051 0.094149 0.003959 0.356428 0.211528 0.169963 -0.041612 0.020957 -0.242633 -0.295649 -0.287525 0.051644 0.233166 0.055992 0.143502 -0.072138 0.094326 0.020168 -0.351653 -0.613239 -0.882131 -0.494607 -0.072823 0.100187 0.007892 -0.004488 0.208478 0.041649 -0.013473 0.160131 0.180343 0.137797 -0.026847 0.131155 -0.060225 -0.269648 0.160532 0.115595 0.191993 -0.049308 0.509202 0.060705 0.095885 0.122266 0.161100 0.002600 -0.292530 -0.322283 -0.226183 -0.580598 -0.927141 -0.691482 -0.424453 0.114096 0.285007 0.015588 0.167923 0.408311 0.650940 0.565388 0.292041 0.013378 -0.035912 -0.379185 2.520968 0.683925 0.425480 0.037951 0.103160 -0.011618 0.049585 -0.193911 -0.009948 -0.078448 -0.214171 -0.144364 -0.368687 -0.405618 -0.227640 -0.059767 0.156045 -0.024949 0.016824 0.048445 0.115270 0.034027 0.286849 0.132462 0.054589 0.113718 -0.421938 -0.048543 -0.123708 -0.170723 -0.219660 -0.139274 -0.281687 0.008689 -0.150090
-0.263505 -0.142232 -0.030994 0.104489 0.080046 0.040833 0.038215 0.050838 0.253414 0.086373 0.088811 -0.115887 0.396555 0.260441 0.336326 0.523937 0.200158 0.020287 -0.243040 -0.256240 -0.209688 1.063544 0.563924 0.113555 -0.002694 -0.166135 -0.268273 -0.155166 -0.141977 0.060975 0.011607 -0.021472 0.136001 0.072018 0.153063 -0.081704 -0.124257 -0.011211 -0.368588 -0.451598 -0.454557 -0.161804 -0.037298 0.560622 0.626873 -0.125019 -0.287826 -0.080667 0.077337 0.159299 0.042649 0.001786 0.151916 0.077961 0.239580 0.298522 0.455872 0.234334 -0.026429 -0.075668 0.149560 0.019870 0.084474 0.101048 0.113694 0.149775 0.018471 -0.174677 -0.367735 -0.338722 -0.488040 -0.133276 -0.112370 -0.011124 -0.142813 0.047708 0.115404 0.184899 0.004802 -0.013511 -0.034053 -0.164599 0.078036 0.038337 -0.123037 -0.178215 0.050068 0.032174 -0.048169 0.267704 0.314637 -0.157530 -0.001953 0.056124 0.186099 -0.001619 0.037244 0.006594 0.096759 0.102456 -0.267865 -0.012399 0.094404 -0.012113 0.096448 0.100272 -0.039467 -0.025646 -0.071084 -0.232813 -0.617249 -0.813378 -0.137984 -0.066413 0.181828 0.156666 0.042618 -0.051457 -0.085252 -0.126098 0.197646 0.095390 0.211798 0.251367 0.094636 0.063150 0.009633 0.248460 0.265211 0.175672 0.458218 0.343685 0.136281 -0.112691 -0.060744 -0.086853 -0.013318 -0.244089 -0.217428 -0.368214 -0.425236 -0.502342 -0.476938 0.043087 -0.156012 0.423580 -0.055512 0.175995 -0.094898 -0.070570 -0.011361 -0.066446 -0.108763 -0.348471 -0.262767 0.282518 -0.012734 0.301581 0.043488 0.150726 -0.105428 0.079365 -0.055612 -0.121815 -0.093911 -0.138510 -0.047119 -0.395171 -0.188425 -0.288975 -0.043426 0.044856 -0.021798 -0.042560 -0.222325 -0.089080 -0.103715 -0.027741 0.012264 0.056965 0.014981 -0.039528 -0.083612 -0.210027 -0.364971 -0.395461 -0.124474 -0.340704 -0.267057 -0.223992
-0.051465 0.140397 -0.211805 -0.111589 0.008135 0.104483 -0.065927 -0.013472 0.001162 -0.024486 0.153428 0.560468 0.452220 0.467777 0.306066 0.258290 0.115372 -0.082702 -0.055017 0.636635 1.230918 1.097821 0.626693 0.458632 0.206309 0.175878 -0.013045 0.020379 -0.163030 -0.003524 -0.143877 -0.018777 -0.067055 0.011306 -0.021356 0.044756 0.095663 -0.048148 -0.134817 -0.419421 -0.347877 -0.316025 0.075616 0.373899 0.377697 0.180684 0.030403 -0.034602 0.214652 0.107998 0.028316 0.048759 0.078081 0.062467 0.156306 0.303632 0.268152 0.125249 -0.079524 -0.073887 0.086567 -0.014492 0.076575 -0.001584 0.097964 -0.050006 -0.196190 -0.518240 -0.553364 -0.632762 -0.177623 -0.060510 -0.090752 0.062060 -0.021598 -0.068883 0.013722 0.238025 -0.089638 -0.150299 0.148558 0.169582 0.314271 0.138346 0.142625 0.377414 0.006678 0.098627 0.003752 -0.100697 0.066615 0.150761 0.405415 0.138552 0.181447 0.153245 -0.092693 0.028611 -0.018408 0.114549 0.029746 -0.388264 -0.065005 0.092000 -0.024629 0.114495 0.050433 0.048627 0.027970 -0.274570 -0.288117 -0.212548 -0.110167 0.117332 0.293888 0.193153 0.060133 -0.079382 0.181090 0.425777 0.461363 0.285043 -1.053652 0.142091 0.150423 0.203267 -0.056938 0.323352 0.286375 0.272746 0.621294 0.425922 0.084435 -0.132741 -0.198688 0.021883 -0.202441 -0.382347 -0.234391 -0.114231 -0.023673 -0.858469 0.210426 0.342568 -0.034682 0.001469 0.024725 0.138764 0.105529 0.107857 -0.042368 -0.414922 -0.543579 -0.548614 -0.009760 0.249365 0.247630 0.071182 -0.062433 -0.136793 -0.129446 0.147180 0.060201 -0.146245 0.362005 0.614777 0.761844 -0.233832 0.216682 -0.128078 -0.155628 -0.216168 -0.235426 -0.064170 -0.037737 0.015694 0.034958 -0.076807 0.099796 0.096473 0.101057 0.105197 0.015744 -0.175410 0.038681 -0.084793 -0.379663 -0.405618 -0.181746 -0.184081
-0.018560 -0.028548 -0.001100 -0.075563 0.225398 0.278162 0.128780 -0.238154 0.018185 0.147078 0.297603 0.314381 0.132293 0.172583 0.152997 0.175328 -0.026976 -0.111036 0.049492 0.360378 0.519252 0.642646 0.423992 0.273817 0.019563 0.050326 -0.069920 0.153125 -0.063337 0.079506 -0.067181 -0.054849 0.068897 -0.046683 0.030330 -0.011481 -0.015404 -0.144427 0.008974 -0.254461 -0.233685 -0.201100 -0.195738 0.068167 -0.023081 -0.150593 -0.200806 -0.062658 -0.019868 -0.034193 -0.182563 -0.127694 0.046055 -0.077759 -0.032816 -0.116435 -0.043959 -0.024901 0.011961 -0.053725 0.025591 -0.062569 0.061481 0.087659 0.121551 -0.204987 -0.336617 -0.578336 -0.315366 -0.195069 -0.027741 -0.076465 -0.165566 0.029835 0.122575 -0.145078 0.053736 -0.050769 0.020823 -0.177225 0.226514 0.063905 0.241776 0.366903 0.591473 0.544751 0.115246 -0.060353 -0.096489 0.190370 -0.153843 -0.090666 0.183214 0.170470 0.019642 0.057936 0.081650 0.123125 -0.099491 -0.229685 0.161103 -0.308656 0.063457 -0.013311 0.030894 0.097945 0.034214 -0.034537 0.163095 0.323622 0.217301 0.527650 0.544075 0.416153 0.197861 -0.174478 -0.420002 -0.130223 -0.126882 0.210689 0.193284 0.226340 0.056944 0.057621 -0.236310 0.104641 -0.006355 -0.038504 0.031194 0.081660 0.350609 -0.051917 0.206050 -0.170112 -0.508669 -0.359797 -0.184257 0.204695 0.105111 -0.088500 -0.078937 -0.053346 0.224899 0.176475 0.114630 -0.008955 -0.099324 0.079835 -0.003199 0.041490 -0.189599 -0.199080 -0.731053 0.043687 0.391800 0.059543 0.003674 0.071335 -0.118418 -0.632521 -0.393548 -0.275087 0.065596 0.109032 0.265214 0.598860 0.476836 0.580478 -0.073019 -0.137677 -0.398435 -0.280015 -0.192953 -0.178564 -0.023911 0.009664 -0.104081 -0.209587 0.031308 0.050527 -0.121438 0.084881 -0.169967 -0.136444 -0.001497 -0.199086 -0.677254 -0.619118 -0.429628 0.000802
-0.170982 0.077687 -0.134418 -0.050012 0.173255 0.041022 0.074007 -0.209290 0.052881 -0.102519 0.137635 0.173382 0.124869 0.107081 0.150737 -0.017776 -0.141734 -0.009723 -0.051907 0.047475 0.026114 0.029734 0.019885 0.260635 0.264831 -0.018315 -0.244372 0.115144 -0.126300 0.056660 -0.048372 0.191233 0.183440 0.123787 -0.223415 -0.054038 -0.038170 0.128823 0.083507 -0.228076 -0.162515 -0.245000 -0.154304 0.027582 0.386032 -0.264664 -0.510044 -0.338206 -0.410802 -0.037353 -0.023005 -0.032703 -0.027390 -0.057049 -0.079696 0.003049 -0.164650 -0.432063 0.024158 -0.079417 0.062751 -0.061648 0.221301 0.043879 0.026872 0.027909 -0.056422 -0.392717 -0.051895 0.304729 0.204156 -0.000155 -0.194112 -0.196429 0.002789 -0.133262 -0.090901 -0.187384 -0.196878 -0.064591 -0.146004 -0.085914 0.191468 0.617512 0.694998 0.598260 0.253393 0.228811 0.111440 0.042622 0.247309 0.129983 -0.047454 0.137945 0.020951 0.220922 0.367477 0.121622 -0.012169 0.092930 0.340144 -0.585478 -0.131086 0.024126 -0.063719 -0.060361 0.048430 -0.084254 0.015198 -0.094238 0.121984 0.124534 0.184671 0.108906 -0.154441 -0.042152 -0.200729 0.107975 0.078091 0.288242 0.154879 -0.017210 -0.098321 -0.098758 -0.448776 -0.310788 -0.177837 -0.249652 -0.102788 0.095617 0.025118 -0.135589 -0.090820 -0.326801 -0.224003 -0.191771 -0.151339 0.094150 -0.030751 -0.276624 -0.325781 0.157121 0.097323 0.177959 0.180930 -0.059529 -0.113081 0.171212 -0.145376 -0.017153 0.070140 -0.393928 -0.967666 0.207406 0.194421 0.074470 -0.238777 0.124018 -0.070627 -0.533684 -0.242605 -0.313215 -0.102379 -0.056312 -0.058067 0.262963 0.516642 0.839071 0.986602 -0.102846 -0.165224 -0.318047 -0.250626 -0.283777 -0.191408 -0.031324 -0.210670 -0.336262 -0.123295 -0.117481 -0.050313 0.093162 -0.105519 0.046374 0.156207 0.312539 0.231387 0.478954 0.084159 -0.274352
-0.037058 -0.120914 -0.227190 -0.133966 -0.075687 0.091943 -0.080051 -0.136612 -0.015997 -0.049769 0.086407 0.193077 0.352174 0.068675 0.072761 0.176253 0.044998 -0.180361 -0.398837 -0.415355 -0.143432 -0.133495 0.071880 0.093221 -0.091332 0.079045 -0.092612 0.173415 0.082280 -0.072305 0.188577 0.043980 -0.018494 -0.073878 -0.141483 -0.048934 -0.008808 0.185706 0.264958 -0.087148 -0.196941 -0.312516 0.019913 0.167256 0.118720 0.118427 -0.648440 -0.430230 -0.211351 0.055113 -0.040674 0.040118 0.131620 -0.156786 0.012897 0.173981 -0.255014 -0.189042 -0.244497 -0.072910 -0.247748 -0.234151 0.261364 0.262827 -0.046626 -0.021371 0.267514 0.060241 0.367666 0.269949 0.161538 0.026149 -0.217340 0.053435 0.019953 -0.074809 -0.021588 -0.103662 -0.148570 0.196298 0.126183 -0.177321 0.057752 0.350504 0.280271 0.308510 -0.002258 0.017267 0.048479 -0.209419 -0.075076 -0.052174 -0.097390 0.028383 -0.014413 -0.075106 -0.053219 -0.150660 0.036394 0.112071 -0.060825 -0.085763 -0.261432 -0.074870 -0.183384 0.115882 0.132364 0.037457 -0.066346 -0.170685 0.123501 -0.085296 -0.081069 -0.303250 -0.031163 0.115062 -0.126182 0.143634 0.105494 -0.024540 0.031542 -0.144297 -0.453148 -0.286794 -0.510600 -0.450470 -0.435014 0.050461 0.067796 0.158536 0.125466 0.055928 -0.316677 -0.388604 -0.075090 -0.374033 -0.083350 0.231640 0.108048 -0.161102 0.018493 0.111081 0.183602 0.083778 0.053435 0.364279 0.260021 0.265276 -0.033795 0.067752 0.027819 -0.153236 0.283033 0.341845 0.472950 0.140544 0.242052 -0.040272 -0.166670 -0.398482 -0.688198 -0.410840 -0.144062 -0.231325 -0.278346 0.069105 0.253313 0.410595 0.782965 0.395644 -0.313720 -0.481484 -0.669065 -0.287560 -0.290070 -0.449260 -0.467936 -0.472105 -0.445489 -0.139795 -0.131517 -0.103310 0.033070 0.053201 0.035340 0.239325 0.420364 0.208185 0.264510 0.017063
0.019075 -0.111178 -0.192712 -0.034485 -0.073588 -0.113925 0.056711 0.034932 -0.123154 -0.162377 -0.070873 0.204758 0.170761 0.247231 0.033884 0.175670 0.098970 0.020232 -0.413017 -0.296031 0.051143 -0.024856 0.183406 -0.149633 0.471339 -0.030743 -0.130844 -0.127837 0.287745 0.197382 0.431351 0.009881 0.459937 -0.144645 -0.021014 -0.063461 0.310615 0.116126 0.486770 -0.119233 -0.136123 0.165400 0.215037 -0.145856 -0.069342 -0.081615 -0.101951 -0.560780 -0.268690 -0.083077 0.006310 0.196271 0.023652 -0.036842 0.290090 0.211583 -0.056714 -0.200753 -0.209125 -0.568888 -0.508246 -0.145603 0.031006 0.097527 -0.061119 -0.069061 0.149286 0.081637 0.302229 -0.002278 0.110720 -0.035195 -0.138742 -0.100173 -0.021960 0.116228 -0.114171 -0.003225 -0.042564 0.212632 0.207816 0.016026 -0.149175 0.100064 0.376574 0.033810 -0.065354 -0.154126 -0.060912 -0.081310 -0.181025 -0.340360 -0.088487 -0.223320 -0.036998 -0.146698 0.066326 0.105397 0.179408 0.157247 -0.336583 -0.336440 -0.270723 -0.328425 -0.041204 -0.027726 0.504374 0.057995 -0.061774 -0.304596 -0.020776 -0.070164 0.015928 -0.226577 -0.168297 0.025050 0.060371 -0.060247 0.011075 -0.049592 -0.098800 -0.196809 -0.231887 -0.180979 -0.531004 -1.132851 -0.656230 0.053420 0.070772 -0.026957 -0.049800 -0.101983 -0.188126 -0.303993 0.265305 0.467987 0.069509 0.236197 -0.159840 -0.399726 0.009824 0.084891 0.012404 -0.042150 -0.017545 0.006732 0.362901 0.396474 -0.056449 0.106108 0.185697 0.484883 0.349008 0.641340 0.166428 0.132752 0.035156 0.113015 -0.085810 -0.192838 -0.389087 -0.582917 0.022159 -0.002970 0.048329 0.176499 -0.150348 0.110721 0.167318 0.178867 -0.104708 -0.611504 -0.499623 -0.260505 -0.398121 -0.368580 -0.777703 -0.412174 0.124788 -0.040650 -0.355940 -0.032731 0.073923 0.013013 -0.047972 -0.002453 0.102304 0.242277 0.275031 0.163535
0.010875 -0.197533 -0.042896 0.000654 -0.049669 0.057994 0.053786 -0.175817 -0.227840 -0.357551 -0.182831 0.018752 0.129697 0.089607 0.212274 0.162539 0.137406 0.060899 -0.302201 -0.263941 -0.117657 0.038094 -0.077127 0.055480 -0.205421 0.143863 0.017869 -0.145404 0.030795 -0.092904 0.058279 -0.040159 0.195540 0.212974 0.042102 0.070778 0.248265 0.170682 0.053297 0.063572 -0.061602 0.388303 -0.012329 -0.289692 -0.111657 0.000718 -0.069331 -0.077458 -0.274375 -0.051024 -0.128172 -0.100581 -0.168535 -0.045157 0.172653 0.141039 0.506385 0.062090 -0.096879 -0.129282 -0.067268 -0.194632 0.004581 0.006066 0.051938 -0.246270 0.068397 -0.110996 0.060187 0.192474 0.004346 -0.053488 -0.105598 -0.014461 -0.112856 0.078288 0.016664 0.058021 0.195822 0.137821 0.157764 -0.126233 -0.113096 -0.032802 0.029516 -0.247651 -0.252228 -0.127816 -0.494074 0.055732 -0.322207 -0.205469 -0.122445 -0.220016 -0.003724 -0.024933 -0.095483 -0.015390 -0.127147 -0.129860 -0.215697 -0.682967 -0.966325 0.056928 0.125014 0.291117 0.583149 0.161949 -0.046714 -0.077347 -0.009698 -0.033428 -0.063233 -0.044234 0.181586 0.202986 0.187448 0.010913 -0.091598 -0.073073 -0.222932 -0.534048 -0.542250 -0.275574 -0.049369 -0.019860 0.176772 -0.014514 -0.082031 -0.228405 -0.042964 -0.150055 0.052334 0.262863 0.096981 0.169413 -0.283315 -0.042525 -0.298328 -0.309738 -0.201053 -0.315947 -0.239699 -0.277351 -0.308322 0.013703 0.118452 0.091168 0.184229 0.087824 0.127847 0.187156 0.246918 0.302133 0.234563 0.079883 0.083096 0.024661 0.026084 -0.291405 -0.087111 0.089257 0.237966 0.051034 0.000261 0.056846 -0.219126 0.043611 -0.024166 -0.035681 -0.073125 -0.267802 -0.420581 -0.324360 -0.125254 -0.124267 -0.343043 -0.257133 0.046185 -0.279382 -0.362955 -0.057230 -0.048985 0.034529 0.031941 -0.452619 -0.154508 -0.080365 0.342711 0.430556
-0.147139 -0.004782 0.322263 0.145006 0.153999 0.118252 -0.029799 -0.366221 -0.209440 -0.323634 -0.085507 -0.072768 0.070751 0.045047 0.349261 0.269338 -0.124328 -0.023160 -0.171764 0.123268 0.646580 0.459201 -0.042942 -0.189960 0.073231 -0.009102 -0.202783 0.054146 0.149211 -0.051855 -0.077069 -0.077181 0.035176 0.020559 0.066972 0.077247 0.300701 0.287879 -0.051919 -0.050963 -0.287042 0.237620 0.293090 -0.157624 -0.100849 0.070770 0.131640 -0.250582 -0.156165 -0.035064 0.030067 0.065313 -0.039572 -0.077880 0.115546 0.061022 0.084402 0.158007 0.132742 0.098418 -0.007045 -0.180256 0.020144 -0.164136 -0.172869 -0.245975 0.124068 -0.200993 -0.131318 -0.094258 0.026462 0.063383 0.122096 0.060957 0.064641 -0.216833 -0.006453 0.079728 0.068691 0.007129 0.090367 -0.142358 0.018353 -0.085030 -0.004758 0.250298 -0.122719 -0.192236 0.114589 -0.191061 -0.027587 -0.132961 0.078624 0.021132 0.061597 0.216301 -0.145105 0.135368 0.292198 0.386703 0.348975 0.381016 0.182354 1.316970 0.890510 0.533131 0.705153 0.456389 0.214474 0.109870 0.318849 0.140990 0.269588 0.388479 0.295349 0.249742 0.227234 -0.023457 -0.155137 -0.167174 -0.742593 -0.873255 0.106217 0.044452 -0.170967 0.257245 0.294002 0.176879 -0.257355 -0.177340 0.011373 0.432870 0.788838 0.265116 0.288989 0.203148 0.159552 -0.448098 -0.750138 -0.768282 -0.595203 -0.784143 -0.312588 -0.127149 0.096204 0.076938 -0.144962 -0.060422 0.032347 0.074725 0.066244 0.021756 0.104644 0.193657 0.037413 -0.103516 -0.144977 -0.061958 0.133674 -0.016569 0.016211 0.168296 -0.016133 0.082609 0.020402 0.208629 0.082660 -0.159161 0.124087 0.192532 -0.210757 -0.075360 0.068045 -0.131394 0.052208 -0.153978 -0.279269 -0.073333 -0.053318 -0.078758 -0.051746 -0.077616 0.002400 -0.240153 -0.273714 -0.424961 -0.439100 -0.407439 -0.103822 -0.066610
-0.048190 -0.109378 -0.105241 0.121467 0.008830 0.085275 0.056411 -0.279958 -0.352041 -0.061877 0.035860 -0.049213 -0.320692 0.159750 0.081044 -0.012186 0.085967 -0.020254 0.043106 0.264018 0.271500 0.439047 0.190854 -0.169410 -0.009478 0.020491 -0.096022 0.005520 0.012055 0.041593 0.037776 -0.216722 -0.210590 0.027111 0.066576 0.188128 0.469729 0.166217 -0.140127 0.059387 0.259960 -0.071068 -0.018838 0.179293 -0.009321 0.053475 -0.011017 0.192211 -0.096166 0.062247 -0.048435 -0.125329 0.263102 0.012572 -0.010862 -0.062746 0.342672 0.651467 0.487620 0.061008 0.021491 0.477467 -0.038733 -0.113596 -0.192921 18.902808 -0.144425 0.000403 -0.213236 -0.062843 -0.096290 0.128220 -0.015245 -0.078397 -0.161998 -0.199377 0.020999 0.051501 0.120577 -0.041931 -0.014638 -0.103325 0.025368 0.118035 0.014941 0.501601 0.276557 0.076150 0.126075 0.008099 0.139502 0.104996 0.103553 0.074185 -0.135380 -0.243839 -0.073912 -0.067303 -0.058817 -0.180981 -0.123000 0.018911 0.274719 0.946966 0.649796 0.667805 0.407935 0.340024 0.161032 0.079654 0.101510 -0.041579 -0.009371 0.055882 0.347727 0.235303 -0.080945 -0.163140 -0.396328 -0.601308 -0.727103 -0.290102 -0.322586 -0.018579 0.244067 0.501026 0.313951 0.093055 0.014376 0.280276 0.175459 0.083911 0.314942 0.277503 0.096264 0.014809 -0.071016 -0.375955 -0.603627 -1.764762 -0.841600 -0.596874 -0.373399 -0.375637 -0.306534 0.157700 0.323461 -0.005390 -0.261356 0.046831 0.140526 0.112899 0.090929 0.046000 -0.181411 -0.038247 -0.092052 -0.235279 0.027628 -0.114615 -0.009479 -0.052702 -0.036939 0.029954 0.154413 0.246927 0.039507 -0.128032 -0.087601 -0.312932 0.009420 -0.070826 0.102461 -0.057295 -0.013095 -0.354442 -0.364318 -0.227180 -0.196622 -0.396529 -0.316779 -0.192309 -0.062125 -0.182705 -0.234711 -0.190837 -0.112295 0.131116 0.094780 -0.171680
0.003937 0.092476 0.007942 0.185512 -0.057574 0.020134 -0.100411 -0.150010 0.009187 -0.088705 -0.156975 0.000554 -0.123642 -0.016506 -0.113038 -0.166113 -0.055973 0.005997 0.237555 0.305801 0.463643 0.311538 0.076848 0.158490 0.016564 -0.010191 0.118424 -0.078783 0.173669 -0.029781 -0.137826 -0.281654 -0.313799 -0.127617 -0.226759 0.083417 0.180966 0.117891 0.197208 -0.126052 0.072233 -0.168220 -0.044671 0.100363 0.296488 0.353435 0.240285 0.433185 0.164296 -0.025847 -0.082412 -0.014343 0.033290 0.052158 -0.177807 0.092015 0.234157 0.496476 0.392292 0.452653 0.435425 0.257667 0.035496 -0.000517 -0.040482 0.060543 0.477726 0.193399 0.122260 -0.084920 -0.212799 -0.104668 -0.075933 0.031955 -0.023140 -0.129243 -0.055976 -0.309797 -0.205059 -0.094662 -0.117534 0.048629 0.043121 0.066159 0.089565 0.329276 -0.001856 0.105212 -0.029585 -0.045632 -0.148724 0.103482 -0.116682 -0.082025 -0.355921 -0.589528 -0.454558 -0.646938 -0.367912 -0.523751 -0.330188 -0.209412 0.250331 0.293725 0.215525 0.327006 0.445089 0.325773 0.015997 0.022056 -0.046884 -0.185484 -0.291595 -0.106684 -0.025543 0.032728 -0.112522 -0.297450 -0.346024 -0.068644 0.015819 -0.018403 -0.221889 -0.021792 0.119560 0.191849 0.316914 -0.010405 0.023920 0.009353 0.100892 0.010164 0.060545 -0.250622 0.072201 -0.070611 -0.042647 -0.132687 -0.562214 -0.551536 -0.827727 -1.076804 -0.430528 -0.317954 -0.181071 0.118370 0.078983 -0.119540 -0.275541 -0.159276 0.199635 0.158334 0.121064 0.163689 -0.155779 0.109262 -0.067940 -0.106356 -0.058896 0.025417 -0.058173 -0.017050 0.068418 0.011741 0.056636 0.177485 -0.258752 -0.073389 -0.014470 -0.086876 -0.060125 -0.046267 0.043739 -0.076335 0.055614 -0.284942 -0.052139 -0.289587 -0.397778 -0.435503 -0.178973 -0.276642 -0.161210 -0.225378 -0.292046 -0.056337 0.127563 0.017041 -0.133463 -0.017720
0.188131 0.023318 0.043182 0.085743 0.010387 -0.007062 0.064612 0.296656 0.322328 0.213687 -0.191065 -0.030236 -0.064737 -0.063446 0.158475 -0.154027 -0.198061 -0.145757 0.385261 0.212942 0.256847 0.076345 0.117731 0.100625 0.004625 -0.121830 0.113191 -0.069096 -0.111596 -0.331614 -0.030420 -0.219230 -0.272726 -0.156634 -0.270501 -0.005423 -0.227261 0.028328 0.356826 0.277795 0.137721 -0.218001 -0.085118 0.346340 0.493390 0.334724 0.269050 0.871798 0.617931 -0.044492 -0.011314 -0.049019 0.049016 -0.014329 0.024808 0.079579 0.096012 0.225663 0.438784 0.322832 0.229477 0.223402 0.082896 0.220693 -0.003652 0.138109 0.244408 0.133561 0.155765 -0.023596 0.038131 -0.280053 -0.225596 -0.275879 -0.131593 -0.041372 -0.158273 -0.230443 -0.014061 0.127195 -0.442991 0.195008 0.162285 0.019441 0.117044 0.210313 0.198398 0.181856 -0.242961 -0.001716 -0.226424 -0.172237 -0.287786 -0.309624 -0.671941 -0.697861 -1.087140 -1.006676 -0.574292 -0.629456 -0.717734 -0.534945 0.597837 0.306344 -0.003891 -0.071202 0.077682 0.010171 0.086398 -0.089203 -0.051860 -0.582930 -0.697967 -0.680632 -0.277811 -0.127246 0.249428 -0.079765 -0.034988 0.145315 -0.027978 1.689749 -0.244828 -0.106542 0.003261 0.002844 0.169257 -0.250849 -0.059713 -0.164602 -0.101461 -0.038547 0.022657 0.036703 -0.136483 0.034275 -0.126313 0.010653 -0.109670 -0.012240 -0.337953 -0.448261 -0.657338 -0.371535 -0.039583 -0.101106 0.330013 0.217928 -0.117096 -0.100680 -0.174490 0.041959 0.042706 0.183201 -0.045107 0.006603 -0.180068 -0.182556 -0.283038 -0.135833 -0.302780 -0.222868 -0.040771 0.081132 0.033628 -0.093456 -0.099798 -0.160291 -0.112715 -0.203291 -0.208374 -0.059088 -0.201000 -0.020334 0.158043 -0.029172 -0.013217 -0.007520 -0.465309 -0.421171 -0.322643 -0.344208 -0.233834 -0.096144 0.031387 0.013711 0.143705 -0.040136 0.072923 -0.060940
0.089298 -0.093944 -0.170815 -0.370331 -0.062075 -0.026271 -0.033192 0.261077 0.225121 0.236343 0.081939 0.016386 0.099549 0.117780 0.147473 -0.052432 -0.148746 -0.317903 -0.013230 -0.041807 -0.055906 0.073868 0.283974 0.179189 -0.066404 -0.003550 0.148614 -0.073589 -0.302537 -0.343982 -0.327285 -0.218460 -0.213273 -0.047264 -0.122078 0.135294 0.119828 0.585943 0.258473 0.413016 0.002877 -0.415376 -0.092233 0.219369 0.214230 0.324789 0.350823 0.382284 0.515594 0.203314 0.044763 -0.052844 0.120894 0.002141 0.038096 0.191501 0.040586 -0.027556 0.055229 0.060192 -0.098360 0.159510 -0.044142 0.022237 -0.117021 -0.079293 0.008074 0.008163 -0.270050 -0.269188 -0.275892 -0.142280 -0.222721 -0.071466 -0.074422 0.106480 -0.121968 -0.108925 -0.028277 0.180261 0.127068 0.131781 0.310057 -0.005835 -0.000935 0.036166 0.039547 0.111337 -0.080947 0.161207 0.272515 0.040289 0.012714 0.001656 -0.854093 -1.148579 -1.504956 -1.226967 -0.877225 -0.378738 0.444927 0.858389 0.745855 0.294634 0.139956 -0.008656 -0.074167 -0.026074 0.229592 -0.314318 -0.329169 -0.078879 -0.111112 -1.217802 0.185652 0.353584 0.114778 0.462708 0.475541 1.032043 0.568788 0.445882 -0.419675 -0.011189 -0.096096 0.105156 -0.124858 -0.408026 0.003760 -0.174196 -0.144143 0.010332 -0.184514 -0.039921 -0.003705 -0.093915 -0.141407 0.129140 0.584982 0.144302 0.620922 0.363669 -0.098564 -0.197109 -0.235129 -0.298294 0.174115 0.255909 0.166276 0.084490 0.182883 0.014119 -0.046890 -0.014552 0.080950 -0.187129 -0.292296 -0.079407 -0.231523 -0.491590 -0.558307 -0.441650 0.029922 0.166903 0.025648 -0.320306 -0.152293 -0.290578 -0.190281 -0.015815 -0.286699 -0.240001 -0.136580 -0.068368 0.191409 0.299166 0.065840 0.194077 -0.259355 -0.197913 -0.181242 -0.141646 0.190393 0.161955 0.407551 0.358114 0.072700 0.045220 0.170381 0.016080
0.277471 -0.177305 -0.242140 -0.349891 0.036563 0.038982 -0.113480 0.255441 0.062587 0.090084 0.041193 0.092486 0.002524 -0.013741 -0.063835 -0.090876 -0.147669 -0.156397 -0.000451 -0.084654 0.004916 0.177014 0.118091 0.274675 -0.016549 0.115782 0.084957 0.059183 0.318193 -0.119409 -0.103889 -0.108066 -0.087724 0.087881 0.080340 0.099568 0.320721 0.242883 0.543633 0.235641 -0.206912 -0.290015 0.032929 -0.085636 0.009667 0.175633 0.419277 0.064453 0.242968 0.225236 -0.193077 -0.171502 0.052397 0.014460 -0.064422 0.031855 -0.031813 -0.268915 0.041426 -0.053620 -0.048355 -0.019631 0.000044 -0.014169 0.028341 -0.149038 -0.076236 -0.221990 -0.515522 -1.034097 -0.625747 -0.176699 -0.232654 -0.143525 0.079711 0.019575 0.009783 -0.106076 -0.083521 -0.262507 0.090461 0.127721 0.194296 0.311634 -0.090165 -0.225987 -0.135044 -0.111433 -0.374543 -0.128929 0.065375 -0.080385 -0.193363 -0.155553 0.101169 0.252456 -0.512801 -0.616735 -1.250301 0.514539 0.395206 0.538308 0.073143 0.178356 -0.318393 -0.397045 -0.084656 -0.340790 -0.615784 -0.423278 -0.559830 0.015739 0.246622 0.489630 0.441006 0.406935 0.204105 0.629731 0.423196 0.915519 0.864934 0.486790 0.097852 -0.045722 0.235301 0.032482 0.306904 -0.107717 -0.035688 -0.071470 0.035331 0.062528 -0.102440 0.129897 -0.074777 -0.109108 0.042345 0.032225 0.613809 0.794725 0.787632 0.549489 -0.354276 -0.608303 -0.209333 0.079025 0.147589 0.495581 0.111323 -0.186071 0.061951 -0.077147 0.005434 0.035253 -0.019341 -0.307987 -0.337473 -0.666061 -0.484665 -0.440652 -0.381794 -0.211784 -0.096175 -0.116008 0.018335 -0.382948 -0.208725 -0.146317 -0.246831 -0.107839 -0.369037 -0.134265 -0.390439 -0.299415 -0.022474 -0.020487 -0.026526 0.194342 0.045459 -0.240864 0.027045 -0.014704 -0.101166 0.089183 0.331293 0.395533 0.295244 0.000097 0.198643 -0.039314
0.132026 0.050920 -0.469447 -0.297036 -0.048763 0.157945 -0.082131 0.155679 -0.052132 -0.184000 0.060484 0.046207 0.025936 -0.064062 -0.155772 -0.266210 0.012427 -0.137016 -0.337129 -0.112597 0.394880 0.129540 0.054392 0.148578 0.169223 0.123024 0.045048 0.186135 0.441232 0.364244 0.121387 0.166024 -0.007838 0.100810 0.130399 0.310735 0.243487 0.034871 0.649547 0.359341 0.366266 0.145673 -0.321153 -0.488113 -0.421120 -0.196870 -0.080460 0.119552 0.017647 -0.209198 -0.086531 -0.215898 0.119664 -0.191706 0.002401 -0.075148 -0.002672 -0.012832 -0.020233 0.037970 -0.060360 -0.009154 -0.156422 -0.153160 0.182357 0.284536 0.252439 0.061579 -0.469378 -1.073904 -0.395910 -0.379864 -0.222614 -0.234428 -0.307190 0.098755 -0.165215 -0.191371 -0.385305 0.106599 0.151027 0.505222 0.147488 0.223123 0.088281 -0.148130 -0.250560 -0.947107 -0.282175 -0.070396 -0.213703 -0.157475 -0.064889 -0.001140 0.012847 0.113899 1.183084 1.088662 0.645262 0.667243 0.324437 0.147898 -0.312943 -0.454018 -0.790354 -0.475241 0.020075 0.264614 0.322749 -0.016033 0.727595 0.367691 0.424722 -0.013629 0.260320 0.386580 0.342146 0.180434 0.444883 0.425369 0.222106 -0.027596 0.309674 0.107422 0.139399 0.078780 0.554194 -0.066679 0.104773 -0.002614 -0.008813 0.001271 -0.076421 0.651624 0.430194 -0.041987 -0.160567 -0.282746 0.194123 0.293191 0.384236 0.231324 0.050038 -0.483216 -0.155033 -0.201160 -0.044265 -0.023062 0.060369 -0.186479 -0.089566 -0.069460 -0.055820 -0.037140 -0.097301 -0.273200 -0.323169 -0.724532 -0.819998 -0.565968 0.077902 0.057665 0.153776 -0.037353 0.041584 -0.122364 0.180505 -0.031205 -0.068552 -0.269615 -0.115049 -0.113386 -0.470617 -0.538296 -0.278091 -0.222690 0.085220 -0.003537 -0.008280 -0.048713 0.077130 0.186706 -0.014176 0.056401 0.264175 0.339967 0.169537 -0.061555 0.178652 -0.046666
0.196110 -0.051503 -0.295706 -0.073506 0.147462 -0.105381 -0.125856 0.020335 0.056995 0.000454 -0.175614 0.001448 -0.170943 -0.173094 0.002052 -0.135677 0.028150 0.027917 -0.152662 -0.174283 0.400997 0.552044 0.168194 -0.001745 -0.020968 0.049139 0.169418 0.252040 0.182819 0.218064 0.203683 0.030595 -0.032667 0.132582 0.314085 0.740434 0.890625 0.536853 0.358423 0.036448 0.150273 -0.222708 -0.182368 -0.155801 -0.271970 -0.090681 -0.062704 -0.067350 -0.282672 -0.162814 -0.132591 -0.258778 -0.210180 -0.324569 -0.018749 -0.234039 -0.071692 -0.003841 0.041880 0.116067 -0.168520 0.047793 -0.018483 -0.144802 -0.070359 0.137836 0.312613 0.785061 0.871987 1.943345 1.666600 0.462724 0.232890 -0.004673 -0.225251 0.220056 0.057748 -0.242322 -0.000243 -0.046749 0.250295 0.275351 0.188324 0.258184 0.190006 0.194027 -0.124828 -0.213926 -0.637404 -0.377276 -0.406889 -0.355804 0.086059 0.051278 0.221315 0.604712 0.656956 0.659204 0.412751 0.044597 -0.001317 0.120782 -0.491841 0.180891 -0.458501 0.751171 0.010474 0.341499 0.448066 0.666003 0.620122 0.706340 0.292148 0.287600 0.138586 0.186174 0.145579 -0.074487 -0.316741 -0.279572 -0.200622 -0.166912 -0.056472 -0.061780 -0.257784 0.131242 0.408889 0.314414 0.104064 0.141534 -0.193661 0.036703 0.316812 0.122249 0.120308 0.188129 -0.114667 0.204659 0.095108 0.104447 -0.021875 0.377539 -0.045391 -0.067996 -0.107546 -0.114650 -0.039039 0.011873 0.128639 0.227311 0.224261 0.098392 -0.080441 -0.242881 -0.434954 -0.887932 -0.598989 0.726992 0.508555 0.326207 0.371703 0.239197 0.287752 -0.093181 -0.011183 0.064518 0.086031 -0.080524 0.226726 -0.067063 -0.183237 -0.396075 -0.610837 -1.051778 -0.843480 -0.327983 0.059385 0.172521 -0.047126 0.081764 -0.058716 0.000951 0.081697 0.180176 0.369003 0.371919 0.326024 0.035236 0.042291 -0.203158
0.043055 0.028434 -0.064897 0.125353 0.116031 -0.118809 -0.064675 0.058341 -0.133669 -0.055579 -0.294190 -0.175720 -0.232452 -0.304529 -0.123181 -0.097957 0.082054 0.081961 -0.142201 -0.162141 -0.183063 -0.143018 -0.009737 -0.076361 -0.049829 -0.139492 -0.068318 0.048176 -0.073848 0.105893 0.267808 0.169388 0.007378 0.012016 0.111807 0.510403 0.685944 0.759789 0.671115 -0.033360 -0.314863 -0.288246 -0.230420 -0.020722 -0.116499 -0.004081 -0.179875 -0.270874 -0.426041 -0.264263 0.111000 0.264199 0.092844 0.202480 0.404607 0.409545 0.160390 0.006970 0.044178 0.052302 0.049398 0.012524 -0.104728 -0.394455 -0.383470 -0.196238 -0.184163 0.663973 1.585825 1.585044 1.088712 0.797190 0.371289 0.288953 0.566609 0.503939 0.108836 -0.257551 -0.347411 -0.434183 0.064797 0.222762 0.412320 0.202707 0.044369 0.011273 0.098480 -0.383599 -0.534536 -0.092833 -0.378048 0.073662 0.362071 0.555526 0.570587 2.762517 0.705421 0.347972 0.194943 -0.218116 -0.158977 -0.007954 0.155273 0.327553 0.626265 3.903687 0.624941 0.157501 0.096220 0.694034 0.473632 0.373302 0.408613 0.204048 -0.035222 0.089720 -0.180104 -0.273717 -0.491727 -0.391584 -0.363987 -0.230863 -0.436473 -0.155782 -0.030455 -0.030315 -0.008470 0.207345 0.100364 0.299140 0.113383 0.478641 0.425226 0.166516 0.208300 0.200270 0.200333 0.388416 0.010057 0.184678 -0.193900 0.118111 0.568366 -0.135230 -0.395943 -0.229978 -0.351722 -0.238487 0.055348 0.147601 0.283125 0.117360 -0.144415 -0.209150 -0.282790 -0.513447 0.584110 0.598249 0.416340 0.335388 0.195327 0.223764 0.077793 0.060787 0.054937 0.080465 0.080420 0.096405 0.161564 -0.289193 -0.502706 -0.620557 -0.719124 -1.183110 -0.553019 -0.570365 -0.292619 0.123530 0.179126 0.224453 -0.045006 0.025958 -0.022330 0.052661 0.117860 0.224708 0.109678 0.088706 0.101682 -0.075468
0.216157 0.218650 0.214694 0.090518 -0.072051 -0.301021 0.045256 0.109144 -0.137582 -0.318374 -0.375784 -0.314348 -0.415091 -0.255617 -0.218670 -0.081657 0.013487 -0.146284 0.252435 -0.085258 -0.232978 -0.154708 -0.082801 -0.127906 -0.339390 -0.129266 -0.276185 -0.004997 0.161958 0.066210 0.015360 -0.076768 -0.253025 -0.497306 -0.289365 0.238901 0.531061 0.352278 0.303703 -0.030752 -0.220669 -0.285738 0.070725 -0.028599 -0.075341 -0.231834 -0.279893 -0.203500 -0.484970 0.112891 -0.027705 0.102752 0.211415 0.338978 0.419396 0.221743 0.101445 0.062980 -0.009722 -0.135528 -0.249505 -0.167512 -0.246687 -0.398969 -0.809117 -0.611196 -0.039240 1.154414 1.081954 1.125987 0.780542 0.563615 0.415198 0.342168 0.298677 0.203522 0.424843 -0.029352 -0.112487 -0.276932 -0.073578 -0.100812 0.236884 -0.115696 -0.245976 -0.139099 0.090528 0.254886 -0.069286 0.049086 0.005632 0.223277 0.239178 0.287078 0.292553 0.674634 0.596335 0.317901 0.267945 0.118479 0.029907 0.262929 0.031194 0.261248 0.432650 0.614979 0.326515 0.162895 0.447384 0.508384 0.630215 0.035115 0.203435 0.114906 -0.116298 -0.034626 -0.441732 -0.146900 -0.029898 -0.688868 -0.492112 -0.234401 -0.133680 -0.133613 0.135944 -0.107025 -0.324845 0.017618 0.079291 0.143645 0.474325 0.437432 0.250819 0.076567 -0.011118 0.163487 -0.001456 0.046425 -0.001948 0.206552 -0.269550 -0.007441 0.227255 -0.001737 0.093723 0.107923 -0.134656 0.023546 0.136848 0.123279 0.108324 -0.033892 -0.279244 -0.646720 0.200942 0.854538 0.819927 0.667859 0.325554 0.313808 0.215461 -0.035642 0.011914 -0.046768 -0.026904 0.028255 0.071217 0.093733 0.060352 -0.081026 -0.183526 -0.300462 -0.112278 0.063794 0.099328 -0.368108 -0.160826 0.062253 0.295396 0.655296 0.210430 0.126455 0.099680 -0.018839 0.096479 0.146192 0.194438 -0.164175 -0.054369 0.029653
0.623213 0.522045 0.229951 0.150085 -0.051496 -0.154243 -0.195610 -0.134712 -0.220150 -0.216936 -0.598625 -0.403707 -0.434563 -0.499359 -0.068909 -0.136483 0.061429 0.067796 0.222259 -0.160072 -0.054753 -0.041605 -0.268140 -0.294137 -0.172294 -0.032589 -0.262266 -0.104925 0.137790 0.088048 -0.036431 -0.171411 -0.609922 -0.230990 -0.176496 -0.065583 0.004716 0.324980 0.115576 -0.004411 -0.113382 0.126826 -0.159006 -0.084133 0.012974 -0.149810 -0.054862 0.038649 -0.152494 0.776123 0.189724 0.300678 0.460510 0.046580 0.184656 0.172790 0.190689 0.055336 0.017461 -0.174008 -0.388992 -0.680943 -0.923585 -1.163301 -1.280964 -0.900681 -0.035116 0.752781 0.587133 0.789924 0.274590 0.228208 -0.073852 -0.033083 0.205300 0.233724 0.562256 0.939287 1.830020 -0.409020 -0.162920 0.085248 0.119073 -0.195517 -0.366154 -0.109480 0.115070 0.163705 0.295580 0.247455 -0.138491 0.024878 0.118192 0.128771 0.215478 -0.022284 0.174500 0.099807 0.678008 0.256927 0.097837 0.215081 0.397866 0.280677 0.145893 0.123951 0.038505 -0.019522 0.184139 0.091605 0.071530 -0.059482 -0.177790 -0.337188 -0.061948 0.092619 -0.006130 0.475959 -0.191780 0.562232 -0.515495 -0.423332 -0.023917 -0.038901 0.131684 -0.303875 -0.263861 -0.213934 0.060849 0.329769 0.314598 0.137774 0.213003 0.027463 -0.170554 0.183247 0.063593 0.061844 -0.309952 0.000901 -0.190842 0.031585 -0.020517 -0.078521 0.037101 -0.028805 -0.152741 -0.011301 -0.053264 -0.066067 -0.024074 0.024054 0.362707 0.414609 0.917951 1.133179 0.806928 0.336147 0.279493 0.139424 -0.105515 0.012978 -0.076292 0.014885 -0.005843 -0.027784 -0.095665 -0.082714 -0.191535 -0.018466 -0.541005 -0.204479 -0.183772 0.009852 -0.063416 -0.246686 -0.042462 0.093437 0.326103 0.596804 0.585511 0.493341 0.040347 0.156153 0.193693 0.102776 0.037415 0.136645 -0.046487 -0.176099
0.307286 0.378039 0.200280 0.058012 0.066529 0.272176 0.270444 2.408057 0.401485 0.204459 0.332122 -0.184774 -0.114479 0.116760 -0.128706 0.045629 -0.171850 -0.149611 -0.017995 -0.017768 -0.209089 -0.006396 0.099412 0.059134 0.092732 0.044527 -0.165974 -0.121629 0.178118 0.342185 0.023068 -0.377556 -0.425580 -0.409894 -0.622340 -0.461927 -0.200620 0.087535 0.041287 -0.085839 0.173924 0.106763 -0.052125 -0.090156 -0.126284 0.257752 -0.091537 0.309942 0.233057 0.774645 0.460121 0.777184 0.702780 0.693851 0.460767 0.354241 0.107507 0.063673 0.039164 -0.415027 -0.510342 -0.933384 -1.589634 -1.607695 -1.654265 -3.211617 0.817118 0.425394 0.257204 0.195011 -0.018735 -0.046057 -0.091348 0.140775 -0.107981 -0.039563 0.204266 0.581071 1.215742 1.012568 0.253419 0.137278 -0.078067 -0.205519 -0.359599 -0.155059 0.223055 0.193800 0.201015 0.035903 -0.123203 -0.086135 0.162726 0.045780 -0.056949 -0.460532 -0.264821 0.898675 0.992153 0.366949 0.014213 -0.017048 -0.114641 0.103781 0.030017 -0.086634 -0.222521 0.001384 0.181613 0.027730 0.146858 0.008286 -0.093728 -0.210951 0.034022 0.019880 0.155157 0.662209 0.772039 0.809806 1.024752 0.101456 0.048606 -0.017860 0.010198 0.099034 0.097818 -0.141817 -0.016107 0.083538 0.160608 0.068581 -0.034537 -0.078280 -0.036527 -0.152628 -0.087888 0.184763 0.018650 0.197372 0.123944 -0.059264 -0.003437 -0.065666 -0.076192 -0.119393 -0.125658 -0.202337 0.000085 0.126083 0.104004 0.397202 0.659157 0.535926 0.744981 0.633714 0.892926 0.503193 0.172208 0.028537 -0.040597 -0.086541 -0.275580 -0.200763 -0.200420 -0.220456 -0.024976 -0.059700 0.001900 0.098596 -0.391252 -0.193894 -0.187463 -0.373149 -0.099268 -0.073924 -0.114085 -0.009992 0.255169 0.794042 0.525478 0.305799 0.111405 0.023821 0.130302 0.017265 0.107030 -0.010279 -0.060751 -0.085208
0.075882 0.254914 0.126067 -0.004255 0.072324 0.230321 0.250658 0.163959 0.513697 0.428994 0.526986 0.176038 0.123855 0.113036 -0.139318 -0.081854 0.265821 -0.127246 -0.129861 0.180636 -0.040213 0.108205 0.368732 2.202975 0.443982 -0.095961 -0.275307 -0.139515 0.005857 0.015772 -0.153100 -0.384465 -0.159311 0.174871 0.276945 -0.071648 0.057723 0.050304 -0.215469 -0.370951 -0.290945 0.033490 0.058891 -0.068721 -0.072015 -0.052772 0.049205 0.119349 0.537446 0.232055 0.462635 0.717329 0.915872 0.774610 0.930153 0.710494 0.299015 0.075811 -0.081175 -0.236643 -0.685566 -0.965715 -1.591185 -0.891542 -0.258545 -0.674082 -0.006629 -0.017674 -0.054071 -0.047631 -0.163872 -0.055447 0.103097 -0.047059 -0.026981 0.145292 0.224395 0.425967 0.322684 0.371597 0.214658 0.225933 0.094574 -0.071357 -0.169517 -0.025131 0.014814 -0.026457 0.009146 -0.101252 -0.252640 0.153864 -0.141126 -0.049907 0.064911 0.456109 0.030947 -0.150149 0.425410 0.160390 0.314903 0.007152 0.060733 -0.215118 -0.374494 -0.165476 0.094911 -0.217701 -0.260311 0.019053 0.137244 0.182835 0.054333 0.086102 0.196157 0.234100 0.317161 0.368291 0.396789 0.659328 0.574099 0.501260 0.077364 -0.082805 -0.102820 0.001035 0.081964 -0.033094 -0.013283 -0.118425 -0.102614 -0.058479 0.103253 0.035651 0.154383 -0.049932 -0.036668 -0.040969 -0.081783 0.303615 0.087806 0.550302 0.736806 0.067181 -0.582568 -0.067006 -0.317722 -0.386922 -0.090403 0.123107 0.465754 0.735041 0.500107 0.562409 0.496490 0.333144 0.317634 0.180837 -0.029207 0.043924 -0.186138 0.073156 -0.067816 -0.077310 -0.244391 0.020013 0.031792 0.235400 0.056427 0.216360 0.124811 -0.235910 -0.235149 -0.158866 -0.252499 -0.197512 -0.128129 -0.062752 0.116078 0.323246 0.288022 0.294421 0.098197 0.108583 -0.059123 0.044626 0.099097 -0.101082 0.002509 -0.020808
-0.011512 0.135657 0.049480 0.121641 0.058442 0.038490 0.095142 0.160334 0.330020 0.230557 0.125678 0.258729 0.031774 0.178658 0.104418 0.109112 0.253802 0.000262 -0.186754 -0.067898 0.042676 -0.130488 0.061427 0.246126 0.363076 0.430195 -0.260777 -0.245946 -0.007834 -0.076835 -0.359080 0.071938 -0.086786 0.014528 0.581077 0.121684 -0.055993 -0.318660 -0.542566 -0.498348 -0.711326 -0.397778 -0.530675 -0.567959 -0.261120 -0.436742 -0.271821 0.100002 0.323557 0.220004 0.244022 0.585292 0.639151 0.541866 0.536168 0.102801 0.088855 -0.140296 0.107955 -0.284341 -0.059117 -1.131280 -0.070185 0.429114 0.503665 0.190447 -0.042528 -0.171328 -0.275420 0.015756 0.155949 0.214105 0.299736 0.356725 0.125078 0.277868 0.450489 0.315281 0.051528 0.012044 -0.082791 -0.066237 -0.271220 -0.230819 -0.356591 -0.123207 -0.053133 0.010954 -0.174554 -0.055002 -0.190201 -0.056088 -0.230441 0.007417 0.386104 0.433350 -3.815301 0.114721 0.019928 0.042180 0.083967 0.209453 -0.150875 -0.296159 -0.357843 -0.401981 -0.328503 -0.476339 -0.356375 0.075519 0.087705 0.080824 0.352749 0.077158 -0.170560 0.031547 0.211698 0.280971 0.135857 0.362375 0.045424 0.135965 0.099683 0.194893 0.033392 0.059091 -0.144306 -0.017766 -0.007703 0.102649 0.114054 0.186696 0.102061 0.139602 0.137790 -0.065835 0.080453 0.141358 0.229397 0.362874 0.467493 0.413132 0.300006 0.502341 0.008453 -0.136826 -0.181744 -0.098045 -0.149216 0.085328 0.310820 0.261305 0.297254 0.275069 0.325958 0.358728 0.180564 0.091506 -0.004263 -0.216574 -0.110522 0.473620 0.049471 -0.113507 0.150032 0.050721 -0.031856 0.084078 0.142894 0.279283 0.237602 0.048966 -0.074388 -0.554798 -0.385114 0.017236 -0.070188 0.024959 0.161118 0.232785 -0.025573 -0.021959 -0.113036 0.043449 -0.009580 -0.012912 0.059370 -0.205314 0.184342 -0.042104
-0.036016 0.056036 0.008523 0.025754 0.277788 0.140728 -0.040681 -0.137564 -0.139351 -0.085673 -0.055233 -0.070173 -0.268638 -0.066235 0.302855 -0.061088 -0.066520 -0.178203 0.182009 -0.130444 -0.152443 -0.326673 -0.406939 0.221908 0.081147 0.144854 0.082797 -0.270713 0.013017 0.017086 -0.052329 0.054231 0.120186 1.244283 0.364399 0.008525 -0.625879 -0.759584 -0.958447 -1.283351 -1.290989 -0.520377 17.932428 -0.054570 -0.152728 -0.014839 0.033737 0.023524 0.214386 0.183710 0.094469 0.122733 -0.151710 -0.379189 0.222521 0.000887 -0.042080 -0.101097 0.001314 -0.024161 0.119765 0.740135 0.885701 0.238526 0.113404 0.150153 -0.091333 -0.471293 -0.342235 0.041993 0.191935 0.199440 0.513872 0.146722 -0.051284 0.206366 0.275142 -0.178557 -0.275964 -0.535857 -0.705958 -0.600325 -0.330761 -0.235076 0.082629 0.061232 -0.129042 -0.111352 -0.002626 -0.319128 -0.117149 0.163328 -0.430325 -0.276681 -0.311312 -0.081053 0.052393 0.516866 -0.065662 0.018138 0.056393 0.086846 -0.261528 -0.274570 -0.957855 -0.947950 -0.673826 -0.457621 -0.239632 -0.255182 -0.130978 -0.043761 0.050588 0.123789 0.094973 0.160007 0.135458 0.194673 0.055425 -0.118470 -0.098232 -0.040793 -0.044183 0.263862 0.133037 0.041763 -0.000270 0.007737 -0.029893 0.162811 0.195426 0.136524 0.219597 0.112348 -0.106273 -0.152096 0.040409 0.125382 -0.021857 0.194607 0.079905 0.201712 0.090701 0.054992 0.408334 -0.081260 -0.177436 -0.362826 -0.279777 -0.066554 0.052883 0.075085 0.261820 -0.000229 -0.085846 -0.056507 -0.114961 -0.045691 -0.083408 0.313749 0.597460 0.599478 0.234105 0.044055 -0.088207 -0.047003 -0.181725 -0.015957 0.179705 0.330585 0.349563 0.066636 -0.089897 0.037526 -0.035719 0.100265 -0.134191 0.174972 0.026888 -0.065409 -0.250313 -0.121830 0.006264 0.047677 -0.176230 0.000725 -0.074478 -0.037691 0.079362 0.006106
-0.029931 0.102445 0.112930 0.043332 -0.025154 0.084972 0.012823 -0.148540 -0.234716 0.090696 -0.276696 -0.019038 -0.273107 -0.363511 0.029771 -0.079916 -0.137362 -0.144535 -0.173081 0.007887 -0.066479 0.090793 0.107274 0.117225 0.078278 -0.081440 -0.367494 -0.135152 -0.033191 0.059328 -0.111267 -0.233914 0.687046 0.859205 0.293173 -0.176757 -0.349093 -0.428007 0.023013 -0.038144 0.076213 0.674463 0.397519 -0.073803 -0.040239 -0.234728 -0.007135 0.138133 0.324399 0.072381 -0.133029 0.083816 -0.277413 -0.149253 -0.268878 -0.053149 0.109433 -0.115607 -0.359523 -0.072381 0.649828 0.887103 0.856593 0.479672 -0.145934 -0.155669 -0.233441 -0.215351 -0.246092 -0.054970 0.190919 0.169238 0.327479 0.138863 0.168428 -0.145289 -0.249787 -0.348192 -0.618551 -0.663040 -0.611939 -0.742411 -0.400565 -0.064166 0.158622 -0.070128 -0.086105 -0.091545 -0.277244 -0.242791 0.220520 0.200613 -0.335783 -0.448211 -0.514799 -0.647724 -0.388723 0.044817 0.024727 -0.024927 -0.072745 0.000275 -0.069152 -0.369678 -0.268602 -1.117446 -1.062664 -0.981608 -0.850830 -0.546842 -0.010942 0.117515 0.165760 -0.021910 0.266758 0.170748 0.133525 -0.125617 -0.156930 -0.050767 -0.610146 -0.303989 -0.207557 -0.237681 -0.297632 -0.228018 -0.252923 0.010848 -0.102130 0.059215 0.315143 0.009298 -0.087027 0.064976 -0.192623 -0.093448 -0.182723 -0.338146 -0.647501 -0.066397 0.035803 0.000978 -0.255095 -0.038039 0.037334 0.064993 -0.386174 -0.414267 -0.330362 -0.066998 -0.002898 0.053873 0.058637 -0.337056 -0.404510 -0.216987 -0.091393 0.383508 0.609984 0.469154 0.825101 0.550819 -0.036058 -0.238288 -0.559280 -0.405367 -0.363077 -0.309292 -0.140407 -0.030381 0.075168 0.048771 -0.042420 0.017811 -0.150187 -0.091095 -0.064334 0.043313 0.137111 0.163111 -0.194527 -0.329414 -0.006624 0.159564 0.155215 0.134926 -0.009584 -0.182731 -0.052546 -0.035778
0.343970 0.287404 0.345418 0.244106 0.020081 -0.056399 0.319090 0.329655 0.024989 0.170025 0.170055 -0.016578 -0.310427 -0.160673 0.010459 -0.039980 0.067580 -0.260585 -0.121950 -0.136205 -0.054638 0.345437 0.231811 -0.000001 -0.216719 -0.210460 -0.360880 0.267479 0.284960 -0.035632 -0.106944 0.030815 0.583601 0.306211 0.157879 0.053409 -0.229489 -0.244128 0.045964 0.050886 0.641980 0.345117 0.455738 0.254285 0.202609 0.158229 -0.053658 -0.041152 -0.230260 0.072225 -0.106336 -0.070008 0.046886 0.087964 -0.157198 -0.305432 -0.088940 -0.072249 0.030466 0.101346 0.145272 0.185298 0.413634 0.305541 -0.435824 -0.303001 -0.191203 -0.280659 -0.325317 0.216216 0.086345 0.101847 0.028729 0.020521 -0.208518 -0.087135 -0.168793 -0.553787 -0.887644 -0.941007 -0.806979 -0.519869 -0.350656 -0.082929 0.005632 -0.194511 -0.357477 -0.322924 -0.729372 -0.661184 -0.051187 0.238027 0.967270 2.040121 -1.198272 -1.745969 -0.590462 -0.278959 -0.046483 -0.045265 0.654544 0.503871 0.555987 -0.083010 -0.784522 -1.194395 -1.482007 -1.623875 -1.148021 -0.326098 -0.152234 0.028412 0.214998 0.108071 -0.015918 0.201685 0.203071 0.137397 0.020945 -0.366975 -0.356305 -0.396448 -0.573755 -0.509790 -0.453554 -0.436336 -0.404460 -0.489139 -0.182409 -0.141087 0.058975 0.108773 0.207495 -0.008521 -0.197444 -0.235503 -0.572232 -0.606964 -0.774594 -0.686488 -0.658100 -0.170732 -0.213043 0.032300 -0.205647 -0.213410 -0.033796 -0.234110 -0.557420 -0.309687 -0.133960 0.088046 -0.094202 0.001135 -0.131673 -0.106571 0.554367 0.711262 0.408015 0.641903 0.384860 0.144771 -0.213784 -0.553291 -0.756815 -0.464807 -0.206645 -0.095930 -0.018756 0.116788 0.024291 -0.015821 -0.111453 0.053644 -0.063551 -0.037834 -0.049608 -0.049853 0.053216 -0.006630 0.035003 0.374616 0.421309 0.463771 0.354709 0.179738 0.045570 -0.056840 -0.172147 -0.011237
-0.029998 -0.046886 0.173088 0.035292 -0.144244 0.005718 0.348572 0.276251 -0.032818 0.132502 0.100489 -0.092602 0.176340 0.178411 -0.060505 0.031855 -0.034548 -0.230503 -0.025149 -0.050089 -0.061717 0.160949 0.162253 0.170803 -0.201029 -0.134269 -0.451479 0.208450 0.002831 -0.131772 -0.231979 0.030738 0.453915 0.195416 0.021798 -0.058515 -0.064598 0.335139 0.803609 1.098186 0.859841 0.528249 0.631947 0.236899 0.385450 0.283300 -0.063518 -0.023691 -0.119068 0.014316 0.230689 0.105777 0.436534 0.303611 0.228658 0.037058 -0.009149 0.087295 0.011433 0.253088 0.159087 0.370223 0.231268 0.075566 -0.094472 -0.197082 -0.106067 -0.421132 0.020014 0.040225 0.134948 0.046417 -0.215979 0.115523 -0.013792 -0.110944 -0.266982 -0.348133 -0.574367 -0.791194 -0.520507 -0.268255 -0.331496 -0.256980 -0.327544 -0.494962 -0.506527 -0.039934 -0.610814 -0.488908 -0.185954 0.484395 1.268747 1.509858 0.959373 1.447917 0.525312 -0.012851 0.104487 0.376498 0.639018 0.515928 0.417757 0.706152 1.017719 0.088146 -1.755160 -1.870989 -1.251081 -0.550104 -0.305401 -0.311062 -0.110791 -0.063796 -0.075790 -0.059203 0.055789 0.401450 -0.098023 -0.041288 -0.139663 -0.438856 -0.391691 -0.633830 -0.484343 -0.619835 -0.402018 -0.146548 -0.013321 0.205577 0.117761 0.097028 0.018297 0.101686 -0.089471 -0.087607 0.089260 0.118907 0.344835 0.177053 -0.199268 -0.209879 -0.290693 -0.101703 -0.285761 -0.026657 0.135775 0.157832 0.043334 -0.044541 0.308746 0.334049 0.407297 0.872187 1.055183 1.427293 1.776569 0.300804 0.382175 0.219128 0.097426 0.098585 -0.439372 -0.608006 -0.347059 0.343809 -0.277236 -0.260495 -0.281498 -0.247035 0.085249 0.172879 0.033852 0.153665 -0.030910 -0.127770 -0.187839 -0.044736 -0.020504 0.274733 0.561111 0.437512 0.587119 0.468493 0.425814 0.365113 0.560402 0.176987 0.064949 -0.187572
-0.017244 -0.287471 0.048603 0.198951 -0.037721 -0.242293 -0.187775 0.063307 0.122221 -0.030667 0.044473 -0.024354 0.203434 0.035432 -0.255127 -0.072583 -0.107259 -0.337772 -0.221368 -0.329136 -0.132523 0.055471 0.099156 0.213990 -0.326181 -0.675766 -1.016106 0.093885 0.158596 -0.023885 -0.125332 0.061904 0.174603 -0.043431 -0.063976 0.093744 -0.007848 0.251943 0.429634 0.544339 0.515334 0.470227 0.599501 0.537776 0.175085 0.240372 0.018388 0.115160 0.033617 -0.086413 0.101739 0.144547 0.226485 0.180960 -0.121892 -0.080065 -0.128923 0.078772 0.121268 0.031541 -0.116119 0.005356 -0.005615 -0.379941 -0.351094 -0.329571 0.293522 0.223008 0.149015 0.153470 -0.011503 -0.146242 -0.315185 -0.081332 -0.159972 -0.009287 0.102117 -0.125370 -0.186689 -0.426634 -0.432236 -0.693176 -0.305315 0.036173 -0.520174 -0.765807 -0.894709 0.176641 -0.619023 -0.707288 -0.188739 0.614238 0.962923 1.703329 2.007612 0.838642 0.135166 0.306877 0.475093 0.172506 0.140182 0.169569 0.563991 0.855300 0.976996 1.056583 1.034565 0.401756 -0.091882 -0.268883 -0.476772 -0.638151 -0.257012 -0.248511 -0.231721 -0.147690 -0.062375 0.231999 0.088987 -0.012189 -0.127084 -0.558753 0.274638 0.618360 0.678315 0.305327 -0.677217 -0.467143 0.033548 0.052563 0.205738 0.104294 0.006097 0.002514 -0.325280 -0.152745 -0.271541 0.280746 0.526454 0.558868 -0.083940 -0.079439 -0.256392 -0.249805 -0.033627 0.160114 0.297718 0.119652 -0.035352 0.226984 0.311487 0.262128 1.240315 0.923036 0.799706 1.212745 0.933967 0.771296 0.637600 0.344576 -0.024304 0.100022 0.163501 0.088801 0.170103 0.382132 0.336473 -0.062306 0.169999 0.090299 0.028331 0.206374 0.132015 0.090303 0.133154 0.401997 0.075320 0.109155 0.045222 0.098506 0.287862 0.724037 0.522525 0.508067 0.544337 0.463025 0.302233 -0.029805 -0.075083 -0.193730
0.067897 0.164482 -0.048442 -0.165481 -0.505150 -0.174599 0.037873 0.067748 -0.065046 -0.072377 0.043359 0.258266 0.177466 -0.134412 0.027876 0.039709 -0.138695 -0.535576 -0.531732 -0.737880 -0.557290 -0.314239 -0.291303 -0.140101 -0.445660 -0.405327 0.163650 0.433026 0.305945 -0.131244 -0.073110 -0.069186 -0.066320 -0.208962 -0.307293 -0.340246 -0.200893 0.033625 0.083421 0.212623 -0.083278 0.348601 0.220923 -0.269719 -0.192999 0.098797 0.096695 -0.098267 -0.231548 -0.215488 -0.152378 -0.212519 -0.003393 0.153672 0.036575 -0.118391 0.169314 -0.037362 -0.100958 0.043245 -0.066129 -0.087114 -0.267465 -0.305436 -0.192035 0.226140 0.126949 0.193979 0.254477 0.009353 -0.160803 -0.025045 -0.051891 0.042159 0.043782 -0.134418 -0.121364 0.029475 -0.066634 -0.116895 -0.479136 -0.493392 -0.261441 0.006728 0.241849 -0.137930 -0.274193 0.037823 -0.748230 -0.812367 -0.179239 0.471988 0.752461 0.991964 1.165813 0.650276 0.606121 0.456993 -0.027177 -0.000585 0.303214 0.311662 0.425491 0.861109 1.103738 1.178720 1.268727 1.045571 0.745436 0.349711 -0.502348 -0.823614 -0.718796 -0.579693 -0.723404 -0.347015 -0.136731 0.140150 -0.035885 0.225577 0.154768 0.219249 0.243933 0.269370 0.403668 0.271745 0.428920 -0.253143 -0.294925 -0.052379 0.036100 0.007672 -0.180906 -0.067764 0.028756 0.115307 0.178769 0.283070 0.283847 0.277698 0.404249 0.129519 -0.316526 -0.259438 -0.093702 -0.076670 0.021897 0.217230 0.187767 0.502091 0.455104 1.284917 1.256715 1.087650 0.853096 0.691514 0.848969 0.469068 0.323470 0.416876 -0.092938 0.077030 0.241111 0.147667 0.253813 0.242038 0.348858 -0.162056 -0.045032 0.160776 0.152879 0.048188 0.063000 0.221893 0.170100 0.211251 0.163217 0.017416 -0.075684 -0.418145 0.636013 0.620498 0.274825 0.054707 0.143138 0.307061 0.262048 0.190212 -0.415870 -0.209586
-0.320635 -0.219297 -0.004278 0.078762 0.031144 -0.199076 0.120633 0.183660 0.173242 0.118960 -0.152208 -0.066838 -0.063861 0.077876 0.208796 -0.110724 -0.273141 -0.455404 -0.714113 -0.270999 -0.472520 -0.237911 -0.027397 -0.010769 -0.122059 -0.139021 0.264306 0.383313 0.198554 0.136960 0.001368 -0.303108 -0.424328 -0.399626 -0.575381 -0.330639 -0.380864 -0.125573 0.067196 -0.066044 -0.109648 0.013715 -0.140319 -0.207087 -0.300534 0.180408 -0.334690 -0.424041 -0.377497 -0.286786 -0.485331 -0.551615 -0.345685 -0.269460 -0.356981 -0.124891 0.087714 0.107100 -0.044244 -0.003480 0.215485 0.045586 -0.087619 -0.564993 -1.022827 0.262074 0.207969 0.058879 0.082508 0.150954 0.015624 -0.102615 -0.075358 -0.160348 0.089644 -0.024513 -0.140659 0.122316 0.042212 -0.016369 -0.107240 -0.029667 -0.046827 0.228204 0.353989 0.630819 0.322444 0.202246 -0.291370 -0.340988 -0.398805 -0.030584 0.396779 0.688128 0.835338 0.409094 0.287782 0.174367 0.025830 0.028259 0.234747 0.204469 0.123039 0.377866 0.567670 0.741855 0.958808 0.797612 0.461012 0.636587 0.568176 0.943800 -2.179966 -0.133865 -0.323416 -0.269488 -0.068889 -0.165952 -0.073920 -0.028461 0.048990 -0.042282 0.040803 0.099036 0.346808 0.580551 0.655137 0.030676 -0.017342 -0.370282 -0.256623 -0.208318 -0.103323 -0.296759 -0.006886 0.057292 0.119904 0.172105 0.017775 -0.036524 -0.133844 -0.007349 -0.089530 -0.248064 0.041431 -0.049176 0.265489 0.202303 -0.158417 -0.022107 0.611195 0.765015 0.767487 0.776933 0.644765 0.058997 0.111066 -0.031112 -0.098941 0.197303 0.114610 -0.175698 0.029480 0.018743 0.286955 -0.085155 0.195087 0.008439 -0.212872 -0.104450 0.156745 0.064777 0.188333 0.141091 0.026826 0.024195 0.093506 0.003292 -0.168975 0.195696 0.548724 0.362565 -0.097737 0.032613 0.322934 0.243792 0.255582 0.042768 -0.128280 -0.211376
0.187360 -0.059132 -0.093003 -0.022298 -0.104085 0.177241 0.446524 0.039205 -0.046486 -0.004682 0.067908 -0.070731 -0.190364 0.203939 -0.073008 0.229071 0.101638 0.095805 -0.407947 -0.162025 -0.250918 -0.034225 0.007073 0.081892 0.098218 0.107732 0.036862 0.122594 0.040953 0.077796 -0.234130 -0.214192 -0.368305 -0.790292 -0.569808 -0.193280 -0.423650 0.357424 0.025917 -0.096382 0.017618 0.114219 0.078623 -0.049388 -0.008433 0.064380 -0.272194 -0.274255 -0.826470 -0.476456 -0.354428 -0.427506 -0.406497 -0.191956 0.137427 -0.121820 0.088166 0.265568 0.144647 0.022828 -0.068182 -0.075978 -0.046032 -0.901656 -1.391667 0.270018 0.275231 0.141714 -0.105973 -0.078875 0.027004 0.024326 0.022575 0.056602 0.049771 -0.015523 0.059422 0.102799 0.286580 0.181364 0.580437 0.744678 0.442403 0.305164 0.389311 0.183881 0.284124 0.368103 0.194078 0.028288 -0.365194 -0.247576 -0.226444 0.167749 0.134890 -0.000355 -0.002231 0.014102 0.119064 0.082953 0.044932 0.023888 0.038281 0.172694 0.351683 0.675145 0.464703 0.603490 0.126661 0.079763 0.733179 1.551977 1.450929 1.405363 -0.304964 -0.217255 -0.056478 -0.104877 0.044070 0.014185 -0.217230 -0.321217 -0.037098 -0.050698 -0.025030 0.196310 0.333750 0.076385 0.143691 -0.228980 -0.024119 -0.038806 -0.099813 -0.078765 0.110502 -0.118896 -0.056654 -0.223677 -0.316221 -0.141143 -0.432979 -0.334063 -0.163493 0.283135 0.042898 -0.111286 0.120109 0.089345 -0.068751 -0.311493 0.119302 0.136669 0.150879 0.054280 0.194168 0.040493 0.082316 0.014495 -0.049965 -0.231415 -0.239085 -0.062753 -0.028441 0.051212 -0.020788 0.065525 -0.086268 -0.190039 -0.043730 -0.034774 0.024026 0.213497 0.112685 0.217876 0.114017 0.027128 0.040578 -0.082478 -0.189265 -0.282492 -0.090300 -0.068678 -0.177584 0.139028 0.221652 0.116914 -0.005064 -0.441664 -0.355210 -0.303317
-0.031944 0.136232 0.051742 -0.188108 -0.025218 0.386744 0.195525 -0.228396 -0.228861 -0.161004 0.069917 -0.283646 -0.261556 -0.022999 0.045164 0.171026 0.115457 0.056899 0.212142 0.307897 0.189393 0.194197 0.148224 0.093510 0.257061 0.216149 0.135241 0.146771 -0.041449 -0.213075 -0.286780 -0.433638 -1.049474 -0.835548 -0.820277 -0.653044 -0.404002 0.013707 0.013363 -0.013367 0.031665 0.187735 0.204647 -0.066677 -0.090258 0.145078 -0.138113 -0.093589 -0.326600 -0.770422 -0.206992 -0.344372 -0.321197 -0.382151 0.326350 0.487186 0.024384 0.131180 0.048603 0.104990 -0.111855 0.179301 0.174675 0.345068 1.023192 0.738403 0.303074 0.217655 0.077059 -0.200358 -0.045507 -0.023784 -0.005451 -0.040990 -0.116330 0.109853 0.166685 -0.011937 0.628535 0.576200 0.314489 0.835117 0.694440 0.748820 0.513667 0.265820 0.440994 0.104895 0.190415 -0.087126 -0.242335 0.090420 -0.210318 -0.247120 -0.191184 -0.086337 -0.163841 -0.255068 -0.147501 -0.313003 0.085136 -0.004771 0.187297 0.288798 0.188721 0.285045 0.193978 0.314438 0.371445 0.739005 1.064552 1.090625 0.665670 0.752277 0.788675 0.085621 0.111457 -0.120305 -0.020103 -0.310434 0.206797 0.137024 0.076888 -0.088738 -0.026272 0.072221 0.209901 -0.025715 -0.222981 -0.092340 -0.147175 -0.099492 -0.161335 -0.071172 -0.128348 0.067832 -0.209928 -0.335411 -0.540367 -0.470433 -0.305354 -0.211884 -0.023020 0.044908 0.076560 0.004081 -0.058564 0.067109 -0.290797 -0.389860 -0.214714 -0.323581 -0.131956 -0.161677 0.284896 0.147801 0.128938 -0.004763 -0.016328 -0.060541 0.018160 0.021749 0.012722 0.033863 -0.130429 -0.210502 -0.314387 -0.211757 0.231344 -0.080992 -0.081036 -0.117365 -0.033313 0.055873 0.165798 0.018480 -0.067686 -0.451486 -0.564847 -0.454836 -0.350149 0.223828 0.456324 0.016129 0.193737 0.079605 -0.026137 -0.525971 -0.724174 -0.621085
0.018651 0.234180 0.009737 -0.195375 -0.103169 -0.030982 -0.296302 -0.185905 -0.252703 -0.123744 0.238205 0.238688 -0.046367 0.050971 0.151038 -0.096329 0.044218 -0.045987 0.103586 0.201928 0.537685 0.091304 0.312811 0.262625 0.019618 0.162403 0.013616 0.151089 -0.221519 0.094596 -0.017406 -0.068089 -0.416765 -0.802580 -0.450876 -0.799805 -0.397766 0.085604 0.057805 0.118885 0.044118 0.299864 0.144834 -0.009040 0.013455 -0.007766 0.267331 0.220966 -0.064141 0.255278 0.857134 0.173372 0.661385 0.824253 0.906104 0.361806 0.131780 -0.170079 -0.010746 0.109756 -0.158725 0.062194 0.186101 0.492818 0.409712 0.331962 0.352693 0.136923 -0.024126 -0.152544 -0.095134 -0.192540 -0.172949 -0.104886 -0.177305 -0.017481 0.281604 0.264641 0.466684 0.336238 0.188048 0.661785 0.821296 0.608247 0.414243 0.011629 -0.060901 0.028690 0.147815 0.260132 0.103176 0.067878 0.093967 0.063557 0.003667 0.067460 0.086968 -0.094574 0.093488 0.060421 -0.350463 -0.245893 0.202519 0.185880 0.042192 0.219732 -0.001298 0.133264 0.162416 0.514390 0.688541 0.746814 0.661305 0.904726 0.874584 0.722256 0.117874 0.001339 0.049588 0.039623 0.229111 0.035499 0.131353 -0.004361 -0.012036 0.045520 -0.114139 0.078636 -0.256725 -0.299811 -0.049284 0.031663 0.054654 0.032429 -0.047252 0.041260 -0.219153 -0.408911 -0.048732 -0.010319 -0.876024 -0.721463 -0.123384 -0.156158 -0.070960 -0.057975 -0.166075 -0.050940 -0.055182 -0.439925 -0.489802 -0.491876 -0.119505 -0.033313 0.034881 0.096919 0.203174 0.191298 0.125704 0.000342 -0.261734 -0.130852 -0.219749 -0.289676 -0.661372 -1.110156 -0.623160 -0.344612 -0.027329 0.018656 0.038554 -0.184979 0.034700 -0.065131 0.053597 -0.311551 -0.494259 -1.004849 -0.690892 0.199072 0.157196 0.074787 0.267854 0.430349 0.214072 -0.088104 -0.109710 -0.807169 -0.942543 -0.574422
0.171204 0.124313 0.035047 -0.486116 -0.330586 -0.376496 -0.549094 -0.474104 -0.276540 -0.009868 0.394907 0.091232 0.129178 0.091855 -0.073378 -0.132700 0.001966 -0.221481 0.130270 0.267300 0.034973 0.093859 0.022376 0.491387 0.371954 0.071593 -0.113928 -0.207493 -0.393118 -0.254309 -0.009306 0.843599 0.372082 0.201378 1.095930 0.573901 0.516727 0.339024 0.167139 -0.072548 -0.086776 -0.159882 -0.067095 0.076002 0.090420 0.070417 0.276371 0.498424 0.058182 0.915371 0.850050 1.374815 0.643945 0.686350 0.964948 0.450620 -0.030615 -0.343451 -0.313113 0.018345 -0.152371 0.094801 0.346406 0.922316 0.576201 0.442040 0.222028 0.084216 -0.187393 -0.009687 -0.023411 0.000397 -0.043269 -0.184135 -0.124454 0.137893 0.032622 0.199976 0.559388 0.512499 0.342491 0.408720 0.339107 0.356601 0.255299 -0.326588 -0.424527 -0.126650 0.079494 0.201088 0.090477 0.025745 0.056639 0.137380 0.185850 0.162393 0.119064 -0.069917 0.267477 -0.022524 -0.176601 -0.177982 0.021469 -0.009043 0.058916 0.023229 -0.068349 0.066403 0.135378 0.607016 0.815237 0.379337 0.369423 0.215606 0.249769 0.187800 -0.129277 -0.279026 -0.221147 -0.001660 0.160522 -0.152619 0.065051 -0.153358 0.022529 3.934850 -0.283835 -0.184000 -0.026471 -0.030928 0.160308 -0.020112 0.193648 -0.177690 -0.096169 0.132096 -0.167088 -0.072326 -0.121261 0.042194 -0.012825 -0.731572 -0.639752 -0.316809 -0.126727 -0.085912 0.008794 0.098143 0.048593 -0.279484 -0.848482 -0.908231 -0.858903 -0.141734 0.000105 -0.001803 0.000136 0.062269 0.063163 0.016603 0.114685 -0.268924 -0.375299 -0.807679 -1.145450 -0.961003 -0.450264 -0.477867 -0.149217 0.249412 0.148820 -0.017584 -0.038174 -0.096870 -0.340198 -0.372914 -0.096087 -0.138740 0.188222 0.628141 0.084738 2.244600 0.540886 0.368526 0.176285 0.120034 -0.371480 -0.854908 -1.008163 -0.391204
0.055665 0.038890 -0.274545 -0.904747 -0.576777 -0.527694 -0.758336 -0.422190 -0.161142 0.215115 -0.002730 0.113624 -0.099506 -0.155012 0.032395 -0.287426 0.041644 -0.319312 0.028247 0.594656 0.155497 -0.023246 0.149646 0.430194 0.546728 0.309111 0.144550 -0.143922 -0.083297 0.706006 0.433511 0.759232 0.531941 1.043917 0.806871 0.359955 0.365413 0.177446 -0.083946 -0.286996 -0.099855 -0.028676 0.096880 0.180661 0.148473 0.196352 0.170996 0.633170 0.822325 0.428889 0.774286 0.553884 0.634969 0.323253 0.064689 -0.037547 -0.255668 -0.510461 -0.614786 -0.296753 0.193446 0.146809 0.575626 0.495634 0.449066 0.227515 0.488499 0.074035 -0.191608 -0.091606 -0.183330 0.065061 0.050511 0.055076 -0.064285 -0.058073 -0.051886 0.195404 0.323073 0.232250 0.036441 0.089091 0.159809 0.193771 -0.183902 -0.580462 -0.881442 -0.437749 -0.178965 -0.237793 -0.170753 0.222717 0.167771 0.193682 0.187830 0.218288 0.175251 0.119248 0.176950 -0.179774 0.057568 0.063187 -0.102577 -0.133144 -0.021513 -0.404866 -0.473213 -0.292765 -0.135835 -0.039218 0.157728 0.122989 0.158983 0.062551 0.114785 0.022409 -0.141565 -0.330942 -0.344705 -0.091353 -0.302951 -0.330034 -0.141571 -0.229479 -0.194533 -0.148501 -0.066408 -0.157845 -0.148578 0.053426 -0.048758 0.029381 0.042618 -0.049852 -0.007734 0.012944 -0.133853 -0.233756 0.024255 -0.312436 -0.179072 -0.452535 -0.052810 -0.081719 -0.029656 -0.107959 -0.069771 -0.058994 0.197636 -0.972470 -1.227887 -1.166244 -0.960656 -0.593214 -0.446969 -0.115934 -0.012571 0.088537 -0.142918 -0.077861 -0.100182 -0.218625 -0.594262 -0.736930 -0.130686 -0.085304 -0.068943 -0.382973 -0.318331 0.032730 0.040780 0.179832 0.013361 0.023316 -0.286776 -0.193287 -0.303563 -0.215433 0.171375 0.523064 0.432248 0.508023 0.526301 0.643290 0.479392 0.112412 -0.592095 -0.869705 -0.699992 -0.047526
-0.025488 0.155176 -0.337996 -0.589252 -0.900522 -1.306237 -1.180013 -0.845540 0.027197 0.169979 0.217489 -0.112752 -0.332050 -0.021329 -0.037115 -0.112463 0.138047 0.014528 0.136138 0.035365 0.374996 -0.275099 0.175901 0.586259 0.336486 0.070002 -0.046167 -0.123432 0.337400 0.229003 0.269733 0.447759 0.709338 0.883537 0.704980 0.654904 0.106535 -0.491108 -0.321371 -0.573422 0.232667 0.251073 0.353142 -0.201263 0.167873 0.274077 0.290738 0.271437 0.448053 0.290350 0.177475 -0.074905 -0.376574 -0.634347 -0.934254 -1.149259 -1.338019 -1.095751 -0.909512 -0.617607 0.252767 0.289365 0.233033 0.262391 0.378955 0.362423 0.438065 0.202466 -0.108641 -0.244951 -0.299735 0.101126 -0.139120 0.012527 0.008593 -0.002634 0.210970 0.015039 -0.098102 0.058272 -0.192941 -0.089430 0.072900 -0.034106 0.001346 -0.191370 -0.531299 -0.528435 -0.718758 -0.547436 -0.485172 -0.152704 0.022893 -0.135190 -0.189467 -0.082001 0.180967 0.109178 0.044534 0.098919 0.010643 0.023359 -0.145870 -0.316009 -0.576148 -0.634766 -0.465061 -0.501833 -0.298669 -0.237438 0.016215 -0.074104 0.033571 -0.030567 -0.106241 0.118542 -0.482195 -0.209215 -0.191022 -0.183661 -0.331719 -0.319598 -0.437294 -0.336574 -0.369696 -0.361984 -0.245974 -0.059943 -0.011196 0.054001 -0.136206 -0.259560 -0.027405 0.167195 0.128579 0.141112 -0.073872 -0.178669 -0.066709 0.060048 -0.319794 -0.207981 -0.006915 -0.193001 0.041372 0.021070 0.081693 0.029301 0.232689 0.415242 0.442719 -0.212056 -0.239463 -0.076590 -0.223443 -0.090939 0.035794 0.101793 0.112217 0.111109 -0.054720 -0.317551 -0.192142 -0.103042 -0.136068 -1.126608 -0.022744 -0.721769 -0.754496 -0.461950 -0.239728 -0.062205 0.045434 -0.048558 -0.033200 -0.133870 0.021599 0.096007 0.272219 0.259242 0.443128 0.246678 0.337338 0.435332 0.134478 0.101096 -0.237425 -0.117472 0.250929 0.139354
-0.061237 0.177297 -0.076112 -0.162821 -0.979465 -1.518789 -1.661685 0.223060 0.039720 0.028644 -0.124494 -0.219845 -0.180755 -0.159421 0.114884 0.012955 0.187030 0.316806 0.144446 -0.104609 0.153320 -0.379104 0.429929 0.206330 -0.047237 -0.215715 -0.058179 -0.109491 0.058910 0.162631 0.184159 0.226470 0.379686 0.316477 0.326471 0.172855 -0.172369 -0.239954 -0.204121 -0.091804 0.117047 0.082106 0.118243 0.084045 0.013182 0.310206 0.217074 0.047855 0.161899 -0.167643 -0.332668 -0.788621 -1.207779 -1.396567 -1.912782 -1.918077 -2.035529 -1.785939 0.058992 0.200475 0.606449 0.253162 0.198299 0.046950 0.219726 0.377425 0.119685 0.179637 -0.161319 -0.409531 -0.436730 -0.090221 -0.342543 -0.047074 -0.040958 0.197604 0.157199 0.068107 -0.227332 -0.088101 0.025687 -0.249782 -0.097542 0.002046 0.121668 0.140985 0.150342 0.201449 -0.694795 -0.807115 -0.439662 -0.133521 -0.348923 0.112337 -0.161530 -0.097661 0.091286 0.122242 -0.076763 0.123982 0.054156 0.195781 -0.279733 -0.652211 -0.624658 -1.404958 -1.150787 -0.604556 -0.615759 -0.537192 -0.323056 -0.159164 -0.107790 -0.067365 -0.219190 -0.093253 -0.228938 -0.233903 -0.301056 -0.374422 -0.415473 -0.604114 -0.230781 -0.513041 -0.389706 -0.201815 -0.462941 -0.080106 0.096457 0.171849 -0.149770 -0.195787 0.017192 -0.065882 0.036382 0.102314 0.208185 0.366311 -0.085630 -0.010591 -0.110660 -0.079356 0.009557 0.053905 -0.011458 0.076390 -0.183508 0.200367 0.513963 0.513237 0.410957 0.316270 0.314677 0.018536 -0.192893 -0.089715 -0.001377 -0.208260 -0.088793 0.027852 0.203819 0.545671 0.570344 0.687479 -0.029567 -0.028820 -1.411557 -1.268335 -1.033755 -0.701914 -0.509008 -0.260140 -0.178373 -0.150741 -0.052515 0.113405 -0.140527 0.047198 0.190411 0.284212 0.579966 0.170525 -0.230626 0.016626 0.001577 -0.059662 -0.056532 0.244203 0.305858 0.284585
-0.009775 0.044203 0.117712 0.465322 -0.667407 1.890521 1.688381 1.543932 0.172734 -0.328194 -0.035499 -0.028723 0.138294 0.636184 0.208668 -0.073302 0.243928 -0.099938 0.199973 0.162671 0.039278 0.019215 0.024312 -0.201493 -0.309072 -0.424964 -0.387128 -0.114678 -0.050513 0.168210 0.151135 0.233181 0.291328 0.347514 0.081217 0.098533 -0.077601 -0.126380 -0.055872 0.151467 -0.054062 0.068753 -0.154846 -0.008009 0.001428 0.124351 0.269870 -0.240291 -0.125382 -0.529546 -0.752525 -1.060144 -3.099627 -2.067469 -2.083035 -2.110616 -3.086869 0.907114 0.728827 0.291828 0.108596 0.159432 0.212630 0.220654 0.102674 0.142671 -0.088491 -0.227412 -0.536387 -0.443707 -0.560183 -1.015953 -0.845049 0.028969 -0.187085 0.151953 0.099622 0.217487 0.154961 -0.127361 -0.138075 -0.236961 -0.288521 0.065465 0.123772 0.414626 0.678611 0.954591 0.048223 -0.274105 -0.367963 0.010097 -0.131676 -0.014238 0.080559 0.021482 -0.035531 -0.005534 0.019704 -0.205148 0.067686 0.158109 0.279563 -0.803758 -0.882029 -0.790157 -1.476520 -1.211777 -0.900440 -0.340198 -0.395542 -0.466798 -0.119123 -0.213544 0.133285 -0.056607 -0.164557 0.099553 0.047449 -0.189244 -0.104913 -0.329661 -0.295960 -0.224300 -0.086837 0.078339 0.070759 -0.101267 0.097224 0.413632 0.045671 0.222799 0.210031 0.283786 0.093085 0.135872 0.127622 0.100902 0.077104 0.092307 0.220458 0.016368 0.043026 -0.021066 0.027454 -0.204671 -0.063846 0.030144 0.126668 -0.017379 0.145424 -0.076840 0.103012 -0.016802 0.036380 0.124581 0.040168 -0.048305 -0.126874 0.297010 0.273692 0.317369 0.155990 0.191671 0.203174 0.150748 -0.000536 -1.448716 -1.038579 -1.006592 -0.345156 0.098790 -0.027248 0.029228 0.024671 -0.106528 -0.108429 0.442158 0.240529 0.259544 0.377809 0.122810 0.168310 -0.589118 -0.217295 -0.219623 -0.167089 -0.057002 -0.052172 0.251404
0.099174 0.165148 0.502174 0.534968 0.815736 1.463819 0.749722 0.455444 -0.159872 -0.369921 0.196998 -0.029547 0.166377 0.319614 0.272517 0.024368 0.025488 -0.130851 -0.147884 -0.133041 -0.106374 -0.232058 -0.400587 -0.296970 -0.321105 -0.430639 -0.357790 -0.328327 -0.150916 -0.067808 -0.051078 -0.145443 0.152430 -0.070890 -0.006904 -0.039834 -0.009195 0.001700 -0.151429 0.085435 0.221461 0.208179 -0.117536 -0.146975 -0.004190 -0.073708 -0.118427 -0.346210 -0.021015 0.101221 0.424679 0.882734 1.563445 1.079911 -1.981224 0.235570 0.420305 0.303040 0.099100 0.005484 0.158357 0.133617 0.136573 0.129114 -0.114019 0.001384 -0.121506 -0.109368 -0.382204 -0.438519 -0.866828 -1.038239 0.126698 -0.146613 -0.299065 -0.251337 -0.109830 0.036430 0.188755 -0.103595 -0.102149 -0.177385 -0.430217 -0.076765 0.109288 0.510407 0.709813 0.678568 1.090515 0.202318 0.128812 -0.020547 -0.045913 0.019204 -0.047105 0.098017 -0.053594 -0.151021 -0.182292 -0.313315 -0.005617 0.012058 0.248586 -0.296645 -0.300953 -0.347849 -0.426079 -0.867760 -0.913999 -0.666323 0.057780 -0.045510 -0.291727 -0.063839 0.017751 0.046110 -0.121934 -0.193306 -0.095618 -0.057436 0.001514 -0.136754 -0.116611 0.027921 -0.052718 -0.292154 0.067514 -0.043370 -0.060654 -0.097729 -0.018611 -0.125794 0.193582 -0.040535 0.038604 -0.006885 -0.129636 -0.165586 -0.041816 0.310545 0.165838 0.169765 0.109605 -0.086312 -0.050606 -0.162682 0.016545 -0.117279 0.047225 0.027022 0.266902 -0.014498 -0.016920 -0.093742 -0.049476 -0.062375 -0.138756 0.083437 0.104706 0.311954 0.228601 0.327720 0.726175 1.226770 0.035167 0.098840 1.173051 0.897180 -0.733941 -0.272921 0.162638 -0.140274 -0.021941 0.131945 0.070328 0.111213 0.468583 0.460540 0.387391 0.152864 -0.072665 0.153484 0.249374 0.149207 -0.081412 -0.171036 -0.432223 -0.246548 -0.160352 0.002570
-0.028924 0.211665 -0.062623 0.230230 0.610115 0.557251 0.535928 -0.035995 -0.395568 -0.187625 -0.008790 -0.166261 -0.108585 0.075427 0.164673 -0.111575 -0.367612 -0.137629 -0.124584 0.060366 0.000989 -0.287780 -0.283562 -0.398627 -0.353510 -0.364645 -0.381858 -0.365714 -0.428639 -0.331940 -0.093919 -0.110586 -0.112924 0.213676 -0.011860 0.105912 -0.167483 0.262634 0.010621 0.024547 -0.127702 -0.076282 -0.031374 0.107286 -0.018986 -0.014815 -0.399606 -0.402000 -0.046131 0.094155 0.270276 0.324440 1.450490 2.113833 0.016878 0.003961 0.054968 0.030811 -0.059548 -0.190112 -0.231569 -0.158831 -0.041437 -0.011135 -0.203154 -0.381316 -0.065828 -0.171034 -0.253340 -0.544387 -0.935188 -1.571243 -0.326297 -0.671153 -0.745773 -0.770763 -0.261213 0.095478 0.266207 -0.027303 0.053299 -0.084021 -0.272784 -0.004470 -0.012624 0.163969 0.570336 0.605267 0.630604 0.866913 0.404674 -0.135325 -0.033282 -0.145309 -0.087954 -0.070885 -0.222242 -0.336870 -0.277354 -0.296158 -0.069548 -0.045229 0.092513 -0.048028 -0.182855 -0.101189 -0.154745 -0.441502 -0.030214 -0.098419 0.209735 0.049359 -0.423633 -0.093220 -0.254279 -0.201014 -0.239271 -0.192247 -0.042641 -0.099003 -0.257029 -0.157299 -0.304017 0.029512 -0.051063 0.241246 0.040201 -0.143232 -0.127082 -0.293045 -0.171000 0.020019 -0.016287 0.307797 -0.021086 -0.095927 -0.114958 -0.249283 -0.142738 -0.123726 0.285320 -0.041895 0.031606 -0.003755 -0.053938 -0.107617 -0.425264 -0.104709 0.056458 -0.035982 0.086534 0.008858 -0.493566 -0.634844 -0.273885 0.187646 0.349579 0.096307 -0.069132 0.239504 0.396535 0.692276 0.823759 0.909829 1.092898 1.075949 0.120742 1.156951 1.041720 0.350829 0.017722 -0.096755 0.102715 0.238759 0.202845 0.312529 0.439052 0.254741 0.337196 0.268785 0.263598 0.099935 0.054334 -0.133746 -0.093990 -0.281284 -0.627389 -0.646754 -0.459133 -0.322777
0.048199 0.111643 0.051722 0.257202 0.615560 0.283129 0.010266 -0.593166 -0.498845 -0.171619 -0.163316 -0.355730 -0.308894 -0.047759 -0.039138 0.468277 0.120975 0.010378 0.059469 0.138769 0.053468 -0.124141 -0.476031 -0.755255 -0.261439 -0.179976 -0.169015 -0.325763 -0.342896 -0.205809 -0.177587 -0.133320 0.046677 0.046084 -0.010464 -0.058298 -0.090224 0.017750 0.109703 0.098803 -0.097658 0.075507 0.076801 -0.153015 -0.294891 -0.155159 -0.502933 -0.666110 -0.380198 -0.210082 0.137235 0.471416 1.232177 1.606534 1.269559 0.865206 -0.250535 -0.459982 -0.495403 -0.579325 -0.247492 -0.250939 -0.322536 0.044578 0.649994 -0.139122 -0.159310 -0.352465 -0.189292 0.348974 -1.101664 -1.019914 -1.026160 -0.827987 -1.189998 -0.333451 0.010898 0.030978 0.229314 0.031832 0.199903 0.088952 0.000717 0.078015 -0.052094 0.049798 0.089011 0.220333 0.103896 0.195666 0.184455 0.044576 0.049649 0.030629 0.124391 -0.059645 -0.227301 -0.394372 -0.533745 -0.480053 -0.170273 -0.067329 -0.095575 -0.137940 -0.119856 -0.127894 0.073162 0.002005 -0.056740 -0.027855 -0.010768 -0.148085 -0.098261 -0.135788 -0.131893 -0.243032 -0.293409 -0.092320 -0.241882 0.027179 -0.080680 -0.067374 -0.058009 0.290128 0.223198 0.135658 -0.175831 -0.025408 -0.057874 -0.231473 -0.041830 0.191104 -0.056297 0.040557 -0.111712 0.027904 -0.110173 0.023804 0.019854 0.163709 0.073959 0.036396 -0.064452 -0.081189 -0.133690 0.234576 -0.026578 -0.043404 -0.164756 -0.134123 -0.027846 0.079231 -0.167594 -0.319539 -0.447554 -0.177917 -0.001730 -0.127559 0.268300 0.143406 0.396839 0.398439 0.277293 0.515881 0.518948 0.742860 0.317301 0.370303 0.510410 0.312378 -0.075920 0.006054 0.271144 0.008376 0.117035 0.137546 0.192973 0.093572 0.085981 0.333526 -0.000392 -0.063158 -0.214023 -0.204771 -0.256233 -0.442839 -0.586649 -0.519089 -0.442173 -0.541804
0.059086 0.125757 -0.006959 0.106747 0.167494 -0.205094 -0.377244 -0.703019 -0.487550 -0.352217 -0.348454 -0.344100 -0.532390 -0.196732 -0.009968 0.302718 0.188490 0.058461 -0.116355 0.055718 0.017327 0.054334 -0.176663 -0.320474 -0.297266 -0.205046 -0.211407 0.036940 -0.065597 -0.043232 0.207781 0.033900 0.017301 -0.122395 -0.239622 -0.050342 0.084367 0.073666 -0.000872 0.078811 -0.195433 0.005601 -0.276059 -0.022988 -0.029579 0.169242 -0.114719 -0.357425 -0.171253 0.336399 0.585464 0.863219 0.862531 0.972636 0.882811 0.207337 -0.792773 -0.940149 -0.918691 -1.031044 -0.799164 -0.465881 0.023797 0.269560 0.468479 -0.109266 -0.241623 0.269706 0.298387 0.223583 0.139531 0.318903 -0.030698 0.184729 0.207772 0.415952 0.450522 0.443281 0.450206 0.034302 0.201327 0.208262 -0.011977 -0.084613 -0.221456 -0.037662 0.078553 -0.053535 0.140118 -0.021800 0.118808 0.026971 -0.136719 0.264876 -0.015997 -0.166786 -0.266374 -0.371029 -0.524933 -0.535500 -0.478675 -0.233288 -0.018002 0.029543 0.336976 0.169770 0.117432 0.060259 -0.126529 -0.208246 -0.048004 0.141823 0.044043 -0.017427 -0.074292 -0.222718 0.045548 -0.030693 0.075128 0.127571 -0.124775 -0.026032 0.065564 0.176606 0.106950 0.159795 -0.117518 -0.098216 0.167873 0.192508 0.299786 0.169896 0.066850 -0.006608 0.100528 -0.091505 0.007806 0.221016 0.210575 0.005118 0.108658 -0.102423 0.133526 0.124297 0.191366 0.290980 0.206728 -0.142578 -0.153817 -0.068408 0.160406 0.012080 0.195853 0.239873 0.435306 -0.339526 0.035444 -0.162281 -0.130280 0.022121 0.005961 0.165415 0.330151 0.216040 0.150826 0.059342 0.006874 -0.095737 0.252822 0.385163 -0.140931 -0.021735 -0.161583 -0.038237 -0.033806 -0.091482 0.021439 0.015695 -0.019314 -0.058955 0.004070 0.027698 0.039138 -0.108439 0.208759 -0.063485 -0.284859 -0.156983 -0.364326 -0.278206
-0.044623 -0.040862 -0.135339 0.099293 -0.066606 -0.652042 -0.410986 -0.392625 -0.486931 -0.394858 -0.169898 -0.404847 -0.594818 -0.535591 -0.288193 -0.159707 0.511961 0.370736 0.106344 0.100271 0.105562 0.238481 -0.060765 0.076949 0.009011 -0.030627 0.219011 -0.063240 0.220241 0.010430 -0.010475 -0.027394 -0.245795 0.236778 0.051815 -0.017883 0.132051 0.125206 0.250788 0.373425 -0.100637 0.135360 -0.034628 -0.297395 0.215090 0.567020 0.025991 -0.116611 0.020617 0.314116 0.450944 0.456746 0.802244 0.591847 0.383883 0.202944 -0.824352 -1.222270 -1.748804 -1.560545 -1.326582 -1.071544 -0.088289 -0.191182 -0.101326 -0.154992 0.027044 -0.043859 0.316611 0.300782 0.015955 1.358740 1.726784 1.880132 0.705892 0.392632 0.537755 0.719886 0.522273 0.392985 0.176991 0.142888 -0.260638 -0.112509 -0.094581 -0.026539 -0.075010 0.000121 0.010087 -0.256547 0.006392 0.255146 -0.185075 0.324513 0.148237 0.062901 -0.042714 -0.170398 -0.456155 -0.104718 -0.065183 0.151335 0.128506 0.136601 0.354462 0.765939 0.687419 0.616001 0.340423 0.239132 0.082765 0.004936 -0.037943 -0.053116 0.048636 -0.285522 -0.186954 -0.036510 0.024116 0.080029 0.092074 -0.006859 -0.007374 0.006227 0.048853 -0.165073 -0.103502 -0.216114 -0.122562 0.053966 0.084724 0.106037 0.090843 -0.015615 -0.086361 -0.044544 0.076564 0.069787 0.170275 -0.000719 -0.177535 -0.467063 -0.146743 0.186835 0.346446 0.456112 0.388768 -0.087943 -0.141580 -0.022766 0.034427 0.163185 0.353825 0.331542 0.415295 -0.203658 -0.129857 -0.121981 -0.340269 -0.274350 -0.139765 -0.161683 -0.007721 0.195104 -0.104081 -0.173445 -0.141427 0.055383 0.002678 0.183133 -0.087806 -0.430131 -0.435815 -0.239045 -0.154981 -0.196773 -0.033421 -0.248443 -0.372345 -0.357789 -0.126806 -0.142028 -0.241553 -0.162254 -0.015954 -0.112475 0.004036 -0.007089 -0.240801 -0.064849
-0.071791 0.057164 -0.103556 0.000984 0.168698 -0.210648 -0.105953 -0.263601 -0.434968 -0.335437 -0.182396 -0.250456 -0.553936 -0.666301 -0.472241 -0.251701 0.095937 0.292886 0.267532 0.590988 -0.010049 0.161382 -0.049038 0.040971 0.135781 -0.162482 0.053901 0.046655 0.196283 0.065771 -0.050003 -0.345203 -0.101134 -0.085676 -0.024201 -0.189055 -0.000611 0.087319 0.135243 0.263071 -0.104490 -0.020031 0.044158 0.004101 0.021526 0.196483 -0.009828 -0.011168 0.362165 -0.086956 0.134019 0.158430 0.293640 0.247431 0.191270 0.056128 0.003615 -1.391559 -1.372567 -2.070231 0.715667 -0.282500 -0.067647 -0.239647 -0.586403 0.173182 0.378970 0.418205 0.203815 0.247213 0.231638 0.732694 0.940023 0.736186 0.550185 0.209604 0.149364 0.275480 0.185771 0.097648 -0.206005 0.102435 0.073946 0.079492 0.023950 0.110931 -0.096864 0.085866 -0.052901 0.320325 0.207919 -0.133328 -0.122012 0.128915 -0.110297 -0.080046 0.027590 0.045168 0.141538 0.467696 0.238887 0.210445 0.002436 0.054548 0.105578 0.494734 1.002059 0.523526 0.461029 0.397089 0.257678 -0.079431 -0.062408 0.447233 0.966810 0.308607 1.744020 1.478379 0.611496 0.289190 0.444003 -0.018028 -0.184434 -0.173303 -0.139603 -0.118570 -0.116282 -0.157321 -0.164328 -0.098707 -0.017357 0.077705 0.006164 0.090907 -0.113037 -0.156201 -0.013472 -0.066741 -0.239265 -0.443784 -0.597739 -0.501314 -0.403962 0.132815 0.005698 0.156672 0.336364 0.146884 0.039287 -0.006091 0.225523 -0.032681 0.109578 0.068681 0.045262 -0.152945 -0.064369 0.064755 0.033337 0.113230 0.235641 0.121869 -0.075431 -0.001793 0.009432 -0.280203 -0.090225 -0.118173 0.007965 0.055547 0.108941 -0.625288 -0.391532 -0.426294 -0.207442 0.241504 -0.521017 -0.193399 -0.352623 -0.173358 -0.214831 0.006475 -0.069460 -0.190312 0.041527 0.181210 0.093004 0.121254 -0.242324 0.189455
-0.157910 0.063703 0.053736 0.023044 0.094828 -0.121227 0.120463 0.093614 0.020047 0.133268 -0.160014 0.142835 0.166589 0.205004 0.658865 -0.410042 0.072258 0.219041 0.054728 0.107622 -0.154370 0.032047 0.103448 0.011151 -0.083227 -0.129957 -0.028295 -0.032412 -0.004182 -0.095810 -0.071753 -0.313844 -0.221599 -0.096549 -0.281192 -0.231021 -0.022753 -0.003450 -0.120751 -0.010631 0.191614 -0.185181 -0.118984 0.038374 0.239037 0.321936 0.632738 0.886656 0.457035 0.178842 0.073664 0.052073 0.062518 0.172819 0.249119 0.077802 0.306324 0.200773 0.568284 0.395718 0.593515 0.282738 -0.042577 -0.231560 -0.487354 0.038981 0.117798 0.117107 0.044712 0.132733 0.164874 0.156860 0.165449 0.303798 0.447020 0.250177 0.268788 -0.013079 -0.179319 -0.267731 -0.558677 0.075967 -0.068934 0.200537 0.316503 0.498125 0.371658 0.283565 0.299843 0.142018 0.062104 -0.300066 -0.146909 -0.065212 -0.204214 -0.055839 -0.155577 -0.027882 0.160326 0.392306 0.191279 0.064951 -0.020957 -0.046526 -0.002008 0.194343 0.221131 0.385967 0.098463 0.120144 -0.085566 -0.010550 -0.061803 0.335361 0.564280 0.572442 0.949182 1.079844 0.861346 0.485371 0.067646 0.071283 0.001931 -0.101122 -0.204937 -0.119639 -0.019727 -0.080893 -0.087136 -0.119975 -0.170917 -0.175661 -0.021244 -0.032136 -0.029805 -0.078469 -0.066000 -0.365201 -0.430821 -0.748836 -1.009968 -0.824602 -0.019745 0.179891 -0.066903 -0.109510 0.074117 -0.195918 0.013013 -0.026404 0.104915 -0.020865 0.107761 0.130197 -0.100052 -0.169363 -0.188321 0.066043 -0.106100 0.116334 0.269873 0.188616 -0.072045 -0.333360 -0.069034 0.043414 -0.075566 -0.201491 -0.242521 -0.306959 -0.716190 -0.263301 -0.054170 0.078982 0.175588 0.092799 -0.044281 -0.089330 -0.005974 -0.137049 -0.012856 -0.060460 0.252339 -0.058118 0.141688 0.122587 -0.068536 -0.222406 -0.226232 -0.064744
-0.174952 -0.101959 -0.046110 -0.169718 -0.035113 0.002359 -0.044128 0.238770 -0.133455 -0.008541 0.058815 0.181085 0.466672 0.395533 0.778299 0.499201 -0.002881 0.155539 -0.191748 -0.050644 -0.149614 -0.347483 -0.163120 -0.044207 -0.267191 -0.159963 0.029952 -0.063486 -0.299662 -0.422987 -0.214956 -0.528660 -0.439912 -0.440449 -0.587539 -0.308171 0.126218 0.025636 0.070822 -0.159396 -0.252597 -0.216939 -0.052071 0.114917 0.122382 0.183768 0.475648 0.733244 0.645489 0.189450 0.431892 0.173251 0.237036 0.332947 0.263747 0.201434 0.571484 0.196994 0.542409 0.362718 0.204268 0.148458 -0.064488 -0.446558 -0.550770 -0.265442 -0.153815 -0.220780 -0.076573 -0.010209 0.003782 -0.150915 0.139779 0.035081 0.301770 0.122191 -0.127697 -0.349996 -0.522911 -0.300880 -0.119024 -0.142133 -0.032069 0.157871 0.212513 0.134965 0.552743 0.335804 0.230774 -0.053212 -0.207557 -0.409758 -0.112412 -0.155389 -0.102508 -0.242922 -0.492494 -0.320536 -0.259442 -0.084122 0.020879 -0.072075 0.142328 0.176934 0.144649 0.089001 0.354786 -0.006828 -0.109929 -0.168068 -0.069902 -0.229566 -0.192428 0.062879 0.245323 0.448946 0.473729 0.566642 0.393675 0.199825 0.175584 0.054791 -0.101604 0.104374 -0.056045 -0.055001 0.052269 -0.222248 -0.133743 -0.033420 -0.259181 -0.152372 -0.064312 -0.103769 0.031081 -0.080178 -0.080516 -0.035275 -0.181202 -0.735445 -0.268356 0.641281 0.378493 0.056432 -0.380912 -0.063342 -0.085843 -0.209787 0.154323 -0.029710 -0.085484 -0.014630 0.170271 -0.090888 -0.036811 -0.023002 -0.017662 -0.077103 -0.083347 -0.109447 0.016598 -0.043486 -0.174567 -0.519967 -0.299494 -0.619536 -0.147399 -0.378244 -0.603182 -0.832065 -0.056662 0.890592 0.453121 0.565586 -0.026483 -0.037438 -0.167890 -0.018817 -0.030919 -0.021308 -0.160341 0.167687 0.299536 -0.170030 -0.024618 -0.098988 -0.122939 -0.590566 -0.186286 -0.152779
-0.197538 -0.203599 0.024650 0.118993 0.097779 -0.022311 0.031646 0.048987 0.024923 0.043652 0.139154 0.615634 0.524756 0.299005 0.641209 0.439422 0.278806 0.262637 -0.014003 0.139378 -0.168476 -0.468751 -0.110948 -0.160661 -0.157092 -0.073759 0.015472 -0.068702 0.040783 -0.615858 -0.605157 -0.848727 -0.475800 -0.472912 -0.414573 -0.381992 0.154003 -0.011795 0.074181 -0.032132 -0.018806 0.059014 -0.036217 0.008482 -0.020864 0.116446 0.232532 0.396761 0.415512 0.085096 -0.102233 -0.066309 0.117134 0.160878 0.014072 0.183227 0.291740 0.098138 0.273698 0.075790 -0.022539 -0.097743 -0.006701 -0.303237 -0.404694 -0.290362 -0.166152 -0.018180 -0.142689 -0.158556 -0.087767 -0.220922 -0.084325 -0.220241 0.185096 -0.072787 -0.375551 -0.472613 -0.644491 -0.816096 -0.082619 0.460380 0.349685 0.017168 0.110164 0.097622 0.113333 -0.019251 -0.170165 -0.620130 -0.234207 -0.269995 -0.179552 -0.143160 -0.269322 -0.681406 -0.734476 -0.722684 -0.849270 -0.364137 -0.064976 -0.089806 0.082548 0.009004 0.152675 0.077473 0.106308 0.018193 0.147090 -0.102953 0.028421 -0.037219 0.080431 -0.110942 0.242604 0.114956 0.017330 -0.132535 0.140438 0.013036 -0.146039 0.164707 0.221838 -0.120153 -0.041402 0.046630 0.071667 0.114399 0.095691 -0.068901 -0.062428 -0.191473 -0.319442 0.022418 0.153705 0.089088 0.094200 -0.005566 0.261789 0.159606 0.572209 0.633377 0.435307 0.284384 -0.074259 -0.188627 -0.308989 -0.334262 -0.323134 -0.430731 0.086577 -0.024075 -0.093898 0.064221 -0.100954 -0.038715 -0.057217 -0.095384 0.015134 0.120338 -0.307929 -0.859733 -0.756219 -0.842196 -0.855730 -0.802871 -0.691672 -1.081072 -1.298181 -1.316043 1.149412 0.759771 0.484286 -0.072168 -0.077688 -0.149267 -0.108723 -0.186057 -0.136404 -0.007562 0.102216 0.038561 -0.078338 -0.013467 -0.194497 -0.373596 -0.389620 -0.345365 -0.390110 -0.609351
-0.147859 0.089210 -0.000215 -0.089094 -0.052419 -0.009195 -0.113657 0.063567 0.172583 0.149865 0.528232 0.470503 0.454733 0.276362 0.255346 0.309559 0.108457 0.019805 -0.327750 -0.317774 -0.284042 -0.380344 -0.302550 -0.111003 0.156717 -0.014583 0.105097 0.106734 -0.223771 -0.090585 -1.037991 -1.013580 -0.434700 -0.712474 -0.367112 -0.028331 -0.062698 -0.024355 0.084099 -0.008869 -0.064629 0.171007 0.055010 0.017083 -0.029101 0.160134 0.081757 0.201690 0.099619 -0.295692 -0.252439 -0.295405 0.044524 -0.065531 0.163348 0.098772 0.064552 0.199220 0.089543 0.112080 0.045028 -0.240939 -0.462860 -0.223765 -0.290565 -0.304945 -0.135161 -0.066695 -0.344303 -0.252026 -0.214244 -0.319881 -0.110452 -0.006073 -0.022599 -0.019282 -0.528147 -1.021945 -1.233939 -0.149405 0.601618 0.321953 0.112468 -0.002925 0.119088 -0.110639 -0.004436 -0.073296 -0.035672 -0.353781 -0.283159 -0.139708 -0.212177 -0.099744 0.185453 -0.299891 -0.853072 -1.120694 -1.007563 -0.654095 -0.345983 -0.069831 -0.025981 -0.041408 0.042665 0.132444 -0.076147 -0.135870 0.171988 0.103769 0.072463 -0.083487 -0.019401 -0.184060 -0.086240 -0.084071 -0.207615 -0.189683 -0.250853 -0.010693 -0.104703 -0.004418 -0.081991 -0.057321 0.027758 -0.087252 0.230839 0.208709 0.199964 0.081251 -0.072169 0.033087 -0.010422 0.083632 0.139234 0.084885 -0.104550 -0.041962 0.215667 0.655957 0.506862 0.494030 -0.053133 0.030050 0.020633 -0.108592 0.150013 -0.194799 -0.455105 -0.193258 -0.018987 -0.071725 0.056560 0.074310 -0.003177 -0.189834 0.128451 -0.023433 -0.098396 0.016954 -0.358131 -0.313965 -1.255148 -1.892183 -1.698112 -1.120759 -0.948296 -1.401774 -1.298951 1.256095 1.011724 0.745678 0.449909 -0.237305 -0.384080 -0.318220 -0.185151 -0.128501 -0.061484 -0.016515 -0.037370 -0.019032 0.001587 -0.234331 -0.435014 -0.583704 -0.716826 -0.804786 -0.785607 -0.413160
-0.015143 -0.006485 -0.024993 -0.098507 0.029800 -0.012440 -0.083703 -0.043720 -0.078445 0.128975 0.320330 0.252069 0.103590 0.095764 0.223586 -0.195638 -0.159607 -0.416297 -0.526412 -0.552581 -0.558641 -0.285932 -0.165325 0.030453 0.103466 -0.033039 -0.081140 -0.151988 0.180646 0.382292 -1.042911 -0.895303 -0.650116 -0.569072 -0.062942 -0.072266 -0.290099 -0.463685 -0.219467 -0.054283 -0.022115 -0.136349 0.215337 -0.075986 0.053295 0.216563 -0.077267 -0.100284 -0.238250 -0.387659 -0.578201 -0.346513 -0.033905 0.047628 0.275539 0.307678 0.256386 -0.012926 0.037015 -0.080070 -0.160606 0.076791 -0.029908 -0.005799 -0.023172 -0.140257 -0.334807 -0.122717 -0.275501 -0.106539 -0.167666 -0.282927 0.082057 -0.327191 -0.017750 -0.175319 -0.327311 -0.003987 -0.093174 -0.156449 -0.115832 0.163391 0.088034 -0.203230 -0.066986 0.033863 -0.188301 0.113363 -0.033736 -0.033105 -0.086136 -0.234271 0.022206 0.764991 1.293521 1.006436 0.008749 -1.285170 -1.263928 -0.813457 -0.510031 -0.267247 0.037259 -0.100997 -0.139936 -0.008418 -0.091897 0.015250 0.211641 0.031284 -0.118595 -0.125392 -0.184375 -0.398314 -0.017497 -0.021540 -0.182292 -0.220588 -0.216460 -0.135697 0.042975 0.103140 0.210504 0.129607 -0.184306 -0.332993 -0.079041 -0.004187 -0.044779 -0.053616 -0.147773 0.072100 -0.064856 0.054078 0.082458 0.014766 -0.119158 -0.003902 0.107513 0.174763 0.348955 0.036656 -0.236678 -0.302762 -0.216979 -0.288093 0.327577 0.050277 -0.007629 0.093226 0.160102 -0.080981 -0.086768 -0.067463 -0.114664 -0.133675 -0.067306 -0.068605 0.158044 0.094178 0.004339 -0.005143 -0.292484 -1.190162 -1.909688 1.049106 -2.442755 1.362231 1.147575 1.026933 0.824027 0.651815 0.014256 -0.244786 -0.537705 -0.454385 0.082347 -0.121487 0.014008 -0.009116 -0.106178 -0.068833 -0.194848 -0.257538 -0.511898 -1.003530 -1.429941 0.841935 -1.272443 -0.818801
-0.028900 0.044238 -0.009262 -0.087980 0.233981 0.093031 -0.108604 -0.122710 -0.133404 -0.078778 0.060018 -0.069705 0.043298 0.018634 -0.405598 -0.937409 -0.880307 -0.604127 -0.818622 -0.729564 -0.295244 -0.201925 -0.067361 0.113955 0.203780 0.076345 0.018725 -0.051478 0.037058 0.002750 -0.113975 -0.612742 0.042502 -0.055854 0.134259 0.098280 -0.038788 0.269713 -0.473749 -0.438502 -0.086942 -0.092857 -0.134022 -0.077273 0.091822 0.104632 0.018690 -0.019401 -0.013095 -0.187340 -0.294529 -0.513634 -0.356002 0.104196 0.040964 0.238931 0.277129 0.155739 -0.245028 -0.056270 0.222002 0.203851 0.138782 0.034221 0.049755 -0.112627 0.146155 -0.387088 -0.262574 -0.072099 -0.076256 -0.175502 -0.190159 -0.037332 -0.071127 -0.010032 -0.113744 -0.222822 1.129088 0.021033 -0.046445 -0.111878 -0.343878 -0.302756 0.032767 0.071834 -0.100641 0.028314 -0.082378 0.067936 -0.121462 -0.006824 0.540575 0.601731 1.262158 1.035357 1.034623 1.906356 0.258114 0.355495 0.170247 0.110395 0.005541 0.082599 0.029379 -0.218189 -0.040260 -0.088355 0.104758 0.048341 -0.033277 0.084553 -0.059793 0.079580 0.120800 -0.164735 -0.028576 -0.141337 -0.349028 -0.490351 -0.171294 0.145791 0.065954 0.119935 0.133383 -0.309565 -0.099444 -0.037491 0.111302 -0.055326 -0.024415 -0.049236 -0.084637 0.014044 0.002610 0.201016 0.035129 0.020357 0.099988 -0.141763 0.019399 0.229369 -0.271034 -0.384035 -0.630114 -0.782177 0.039870 0.319243 0.313608 -0.001026 0.156344 0.139538 -0.002504 -0.048094 -0.053003 -0.122898 -0.284652 -0.028648 0.134234 0.327426 0.114593 0.071745 0.319535 0.521819 1.165253 1.064433 0.931153 0.957455 0.712191 0.488138 0.200981 0.104754 -0.179613 -0.452789 -0.891536 0.064288 -0.045973 -0.026384 0.105292 0.024264 -0.103747 -0.051301 -0.115976 -0.530607 -0.202038 0.375713 0.460748 0.544570 0.523189 0.514989
0.058734 0.034556 -0.219762 -0.111918 0.030925 0.108209 -0.218945 0.080535 -0.072724 0.011125 -0.030713 -0.134884 -0.032096 0.067362 -0.084963 -1.104762 -1.061432 -0.686383 -0.982357 -0.875876 -0.362127 -0.189104 0.045800 0.033391 0.145450 -0.119478 0.105035 0.115999 0.065868 0.055986 -0.003315 -0.294261 0.071731 0.174263 0.177150 0.381951 0.531355 0.747674 0.114240 0.018736 0.095622 -0.118769 -0.277875 -0.211319 -0.062543 0.077076 -0.071297 -0.036039 0.238357 -0.235099 -0.303297 -0.261041 -0.281047 -0.161731 0.087923 0.119627 0.002923 -0.064829 -0.060442 0.059680 0.127497 0.225916 0.292387 0.327867 -0.032060 0.096098 0.085943 -0.023896 0.007068 -0.089378 -0.127506 -0.175610 0.065961 0.121485 0.028818 0.059487 0.026953 0.509690 0.614270 0.082820 -0.768134 -0.763216 -0.698549 -0.500727 -0.251069 0.057156 0.041503 -0.026745 -0.293407 -0.132952 0.228889 0.301427 0.214528 0.348052 0.675782 0.954036 1.703762 1.849454 1.868307 0.612076 0.199730 0.100431 0.033120 -0.089312 -0.002341 0.093028 -0.004838 -0.155528 -0.127053 0.138665 0.007892 -0.342756 -0.197994 -0.016452 0.112291 -0.057425 -0.197122 -0.232451 -0.147799 -0.641512 -0.471298 -0.097873 0.179019 0.389126 0.638599 -0.035927 0.013361 0.046238 0.049967 -0.004160 -0.111649 -0.068991 -0.182625 0.053508 0.057531 0.164809 0.028377 -0.049445 -0.103647 0.094580 0.002232 0.381657 0.434211 -0.426031 -1.035909 -0.575950 -0.047265 0.190735 0.290429 0.824227 0.303536 -0.140387 -0.184469 -0.049813 -0.121611 -0.232452 -0.242813 0.153747 0.194411 0.286070 -0.081583 0.057621 0.165522 0.302844 0.786545 0.510420 0.620626 0.380232 0.636596 0.252798 0.257322 -0.053889 -0.255062 -0.515573 0.116796 0.413403 0.345306 0.006507 0.065673 -0.162882 -0.227047 -0.170630 0.078325 0.049353 -0.133123 0.106033 0.391421 0.232247 0.183630 0.110336
-0.085580 -0.224237 0.031031 -0.043185 0.156051 -0.120850 -0.155801 0.155897 0.218983 0.023082 -0.007579 0.127227 0.002023 0.027541 0.126105 -0.069158 -0.572120 -0.684857 -1.156443 -0.887936 -0.555990 -0.313865 -0.128908 0.027235 0.193735 0.107268 -0.001845 0.092369 -0.116282 -0.100569 -0.163479 0.044821 0.150279 0.191156 0.172398 0.367890 0.733891 0.644785 0.243402 0.132526 0.051622 -0.156021 -0.474309 -0.563941 -0.543576 -0.261439 -0.218286 0.206834 0.034431 -0.100771 -0.500023 -0.378548 -0.041262 -0.139727 -0.049019 0.242566 0.402980 0.050094 0.083132 0.086535 0.106498 0.173520 0.151091 -0.004921 0.018979 0.039350 0.061057 -0.052965 -0.220236 -0.070577 -0.094002 -0.095162 -0.014298 -0.113440 0.016683 0.063297 0.069556 0.369054 0.764849 0.798446 -0.822826 -0.578786 -0.346791 -0.141108 -0.079820 -0.125076 -0.139033 -0.117724 -0.118977 -0.027503 0.097823 0.163405 0.010865 0.053377 -0.050430 0.458033 0.814069 1.315691 1.576829 -0.108282 0.236944 0.123105 0.101010 -0.248575 -0.011158 0.074926 -0.029304 0.068521 -0.136391 0.004478 -0.052579 -0.109936 -0.253032 -0.041496 0.023468 0.056824 -0.211048 -0.035662 -0.075026 -0.576428 -0.523388 -0.142133 0.074198 0.197777 0.550405 0.429443 0.185450 -0.163879 0.079851 0.159746 -0.119499 -0.089040 -0.136997 -0.065671 -0.103779 0.157323 0.147990 0.269625 -0.161502 -0.304481 -0.204659 0.248708 0.717509 0.428461 0.050653 -0.361649 -0.068967 -0.060101 0.310291 0.486366 0.355498 -0.221902 -0.052840 -0.129989 -0.233408 -0.325860 -1.629778 -0.066787 0.100179 0.131211 0.015602 -0.011955 -0.071288 0.072653 0.292650 0.206220 0.372845 0.167200 0.106808 -0.015424 0.025779 0.056576 0.330606 0.062638 0.320838 0.212424 0.503130 -0.101814 -0.089680 -0.134301 0.006209 0.106158 0.156870 0.019527 -0.078240 0.039248 0.042074 -0.080570 -0.129666 -0.154688
-0.242051 -0.231267 -0.060862 0.004097 0.105819 -0.143760 0.046457 -0.171785 0.073849 0.013799 0.130963 0.280302 -0.006926 -0.039788 0.134722 0.057534 0.275574 0.215444 0.088874 0.126887 -0.061097 0.003158 -0.131041 -0.305047 -0.209200 0.214035 0.182173 0.072441 -0.028086 0.072512 -0.115311 -0.294332 -0.033934 0.152688 0.212590 0.236416 0.179744 0.219911 0.213939 -0.097180 -0.155544 -0.506962 -0.403576 -0.592320 -0.687751 -0.640386 -0.234751 0.200526 -0.030157 0.084622 -0.485852 -0.442039 -0.339358 -0.028882 -0.039376 0.098727 0.031338 -0.107291 -0.075867 -0.041295 -0.133906 0.227012 0.293623 0.120277 -0.128208 0.026130 -0.018422 -0.139216 -0.179868 0.003844 -0.074986 -0.132373 -0.143826 0.009997 -0.212814 -0.140135 -0.144730 0.118723 0.241635 0.103602 0.227517 0.010859 0.023540 0.057415 -0.042205 0.022439 -0.096492 -0.079365 -0.297909 -0.030585 0.004527 -0.407905 -0.533093 -0.587207 -0.864499 -0.444974 0.140379 0.450555 0.550521 0.554525 0.123777 0.099131 -0.142414 0.030909 0.097292 0.219419 0.195303 0.189770 0.040301 -0.141100 0.066936 0.226853 0.165404 0.348446 0.058807 0.066664 -0.069492 0.190474 -0.268592 -0.657112 -0.397715 -0.263083 0.020047 0.006598 0.273485 0.264525 0.102935 0.008669 0.152404 -0.131516 0.222310 0.249324 0.197283 -0.146821 -0.134542 -0.018317 0.374396 0.098247 -0.234334 -0.424932 -0.480060 -0.326063 0.065209 0.280177 0.621127 0.012484 -0.013182 0.044006 0.101118 0.441185 0.376848 0.949011 -0.253759 -0.172018 0.002142 0.222186 0.102856 -0.041819 0.060913 0.026107 0.188330 -0.064963 -0.043196 -0.121869 0.056338 0.123163 0.127925 0.020262 -1.786330 -0.103260 0.083690 0.070305 0.173470 0.431239 0.311106 0.645656 0.272764 0.044896 0.144900 0.039291 0.001584 -0.076752 0.062061 0.025101 0.007981 0.087332 -0.122810 -0.100231 -0.182038 -0.177700
-0.031485 0.056793 -0.092781 0.092653 0.119843 -0.000510 0.091737 -0.038239 -0.062271 -0.335351 0.103427 0.145297 0.110703 0.026727 0.076163 0.098312 0.359424 0.544621 0.509883 0.390342 0.123791 -0.013073 -0.131567 -0.015520 -0.067455 0.205509 0.065633 -0.347938 -0.056458 0.200138 0.097097 -0.148343 0.072717 0.191572 0.168678 0.092276 0.186975 0.159143 0.038558 0.055919 -0.027038 0.259181 -0.540650 -0.483522 -0.578127 -0.239821 -0.099214 0.258997 0.115191 -0.033711 0.006627 0.035988 0.007378 0.229525 0.086447 -0.071560 -0.124431 -0.230230 -0.264263 0.033883 -0.030961 -0.012669 0.040321 0.154066 -0.069254 -0.258259 -0.176523 -0.079460 -0.208980 -0.249739 -0.095549 0.135800 -0.095086 -0.129828 -0.258294 -0.345274 -0.314663 -0.260989 -0.060587 0.103704 -0.112606 -0.312361 -0.200007 -0.187099 -0.058827 0.045716 -0.041942 0.049414 -0.074080 -0.140171 -0.412041 -0.434883 -0.578098 -0.782224 -0.085582 -1.048302 -0.470887 -0.040387 0.141005 0.300057 0.019770 0.034284 0.146474 0.072043 -0.093761 0.002844 0.094029 -0.096159 0.023255 -0.094925 0.094737 0.169427 0.306035 0.301519 0.037058 -0.028565 -0.074546 -0.014419 0.003847 -0.225080 -0.208457 -0.517458 -0.141171 -0.282144 0.011126 0.145889 0.121093 -0.023813 0.135874 0.199725 0.135721 0.097704 0.049083 0.113146 0.026491 0.159127 0.225908 0.279411 -0.301220 -0.460106 -0.498553 -0.932709 -0.606939 -0.109117 0.429410 0.250886 -0.019712 -0.020106 0.107245 -0.003552 0.287689 0.365660 -0.272502 -0.136522 0.132449 0.169256 0.277249 0.478096 0.187727 0.402866 0.494360 0.322085 0.283173 0.091256 0.214530 -0.032816 0.121207 0.034919 -0.133984 -0.082070 -0.157709 -0.114376 -0.002046 0.225595 0.255112 0.118694 0.227290 0.018219 -0.005986 -0.039989 0.169644 0.136199 -0.249835 -0.197877 -0.142672 0.120114 0.339251 0.265919 0.129530 -0.099057
-0.023156 -0.028853 0.021043 -0.012180 -0.115791 -0.070719 -0.026839 -0.101989 0.031080 0.023819 0.030900 -0.014505 0.134462 0.385601 0.093892 0.010838 0.126295 0.227186 0.305212 0.510665 0.342872 -0.051697 -0.423623 -0.281255 -0.030794 -0.013483 0.058822 0.005491 -0.038489 0.142235 0.202567 0.255980 0.291809 0.054427 0.096540 0.011231 0.012033 -0.094344 -0.272406 -0.352464 0.040610 0.158434 0.232721 0.291086 0.150928 -0.014111 0.088721 0.044064 0.112919 -0.237881 -0.064114 0.065214 0.179200 0.019611 -0.040113 -0.262154 -0.592171 -0.282800 0.083754 0.059415 -0.052998 0.167705 -0.255860 -0.319466 -0.118185 -0.431297 -0.614160 -0.622925 -0.474686 -0.309614 -0.092852 0.004030 -0.070109 -0.380120 -0.487460 -0.260247 -0.550461 -0.161397 -0.213686 -0.219645 -0.120390 -0.398310 -0.437552 -0.271934 -0.419045 -0.012358 0.032452 0.114786 -0.104408 -0.179243 -0.190165 -0.403826 -0.780749 -1.089957 -1.000775 -0.507461 -0.043867 -0.030494 -0.017513 0.008902 -0.073921 -0.152842 0.122022 -0.017819 -0.090465 -0.027479 0.069899 0.110940 0.004523 -0.160442 -0.062263 0.011417 -0.170963 -0.241073 -0.508574 -0.253820 -0.123023 -0.096472 -0.014348 0.065246 0.056941 -0.082638 -0.199734 0.020910 0.085600 0.189231 0.165877 0.103939 0.075952 0.158934 0.202135 0.052872 -0.006960 0.086488 0.046196 0.143453 0.179923 0.118878 -0.022093 -0.429177 -0.776876 -0.883357 -0.969408 -0.561786 -0.152307 0.088167 -0.109883 0.025411 0.092535 0.094988 0.302545 0.330419 -0.181650 0.007707 0.062185 0.345104 0.323236 0.305588 0.317645 0.235740 0.060811 -0.079819 0.171951 0.007825 0.023778 0.043518 -0.095864 -0.052151 -0.214439 0.023312 -0.048279 -0.147163 0.111908 0.229099 0.087008 -0.193051 -0.226650 -0.058059 0.182119 -0.036551 0.070375 0.011790 0.056998 -0.012390 -0.143291 -0.054192 0.196315 0.174311 0.105896 -0.090519
-0.271818 -0.170812 -0.061055 -0.124498 -0.146623 0.068680 0.048473 -0.022081 0.146057 0.116266 -0.172268 -0.066919 0.122897 0.129976 0.144682 0.160384 0.076280 -0.142629 -0.021632 0.227868 0.136007 0.292684 -0.087666 -0.133238 -0.123175 -0.035973 -0.001178 -0.004166 0.007393 0.111294 0.261381 0.282290 0.544871 0.431772 0.137484 0.005550 -0.174571 0.242117 0.140413 -0.060911 -0.084520 -0.070094 0.089262 0.339643 0.240767 -0.118883 -0.087104 -0.084841 0.105125 0.188591 0.610841 0.278064 0.349935 -0.011542 -0.036191 -0.281695 -0.003390 -0.674003 -0.064513 0.265749 0.145351 0.389424 0.087181 0.614195 -0.082082 -0.272362 -0.607186 -0.371843 -0.353683 -0.111883 -0.149299 -0.147988 -0.092609 -0.650119 -0.473541 -0.413545 -0.105642 0.172723 -0.214561 -1.262885 -1.127469 -0.752520 -0.767473 -0.677090 -0.725794 -0.268684 -0.271044 -0.092993 -0.023984 -0.061215 -0.269123 -0.666502 -1.012486 -1.229490 1.655040 0.840167 0.110661 -0.080666 0.247858 -0.126316 -0.178578 -0.010011 0.090876 -0.130423 0.114777 0.008753 0.004779 -0.093195 -0.131026 -0.298365 -0.326764 -0.238421 -0.220561 -0.348686 -0.501399 -0.150359 -0.105807 0.047046 -0.055711 0.123657 -0.032605 0.145503 -0.352065 0.209368 -0.034507 0.122355 -0.123227 -0.110296 -0.016571 0.084212 -0.043677 0.142695 0.117834 -0.066139 0.067165 -0.102923 -0.030323 -0.126753 0.139963 -0.341159 -0.493606 -0.480490 -0.397030 -0.378013 -0.125223 0.325570 0.099149 0.170472 0.093728 0.029131 0.094808 0.061181 0.114670 -0.040755 0.055977 -0.033206 0.266564 0.283995 0.156237 0.008563 -0.025919 -0.057061 0.052891 0.030933 0.326237 0.145268 -0.039757 -0.163057 -0.037001 0.109388 0.004636 -0.028796 -0.077616 0.157652 -0.062989 -0.217793 -0.049027 -0.016691 0.096069 0.095818 0.120695 0.028153 -0.044920 -0.091145 0.049790 0.117197 0.183395 0.043432 0.019700 -0.038137
0.244979 0.276081 0.132391 -0.086690 -0.133022 0.181941 -0.016564 -0.240930 -0.090726 -0.087058 -0.181114 0.163165 0.118728 0.021567 -0.041534 -0.075577 -0.268805 -0.309140 -0.282864 0.201199 0.306933 0.603501 0.146616 0.397122 0.022072 -0.075732 -0.081015 -0.115305 -0.026913 -0.031771 0.112651 0.118372 0.360040 0.511983 0.511714 -0.085345 -0.004718 -0.251519 0.018064 0.097285 0.083166 0.131341 -0.016674 -0.016870 0.177113 -0.046654 -0.181686 0.073692 -0.005586 0.131289 0.191380 0.101049 0.015406 -0.283473 -0.492539 -0.410286 -0.256685 0.117123 0.097127 0.337021 0.170739 0.287219 0.010761 0.268359 0.538819 0.364011 -0.143572 -0.045655 0.016724 -0.105538 0.060502 0.008684 -0.018388 0.043152 -0.714097 0.520443 0.445366 0.034869 -0.134592 -0.145549 -0.123339 -0.315509 0.588295 -0.549982 -0.443583 -0.376242 -0.015126 -0.027902 -0.026499 -0.206332 -0.093372 -0.543021 0.458067 1.390931 0.785226 0.471165 0.102342 -0.139683 -0.025565 -0.149790 -0.070528 -0.116707 -0.023522 -0.025950 0.040818 -0.183949 0.073936 -0.043632 -0.181510 -0.135592 -0.523921 -0.232800 -0.267103 -0.266094 -0.567337 -0.112324 0.245627 0.353696 0.101367 0.127613 -0.104542 -0.060885 -0.039275 -0.043982 0.152062 -0.251291 -0.133614 -0.072489 -0.045259 -0.115827 -0.024578 0.112866 0.031731 0.070111 -0.107078 -0.115010 -0.035864 -0.003399 0.040794 -0.235536 -0.533039 -0.102326 0.637132 0.801676 0.170793 0.152267 0.166384 0.131457 0.167662 0.120594 -0.029568 0.181264 0.119466 0.037344 0.048349 0.058178 0.097110 0.111032 -0.009873 -0.193836 0.037785 -0.053658 0.043913 0.027839 0.207224 0.113377 0.026768 -0.054332 0.136384 -0.064867 0.085475 -0.137978 0.008573 0.122507 0.077633 -0.011324 -0.047447 -0.018672 0.301497 0.216781 0.258107 0.041656 -0.035693 -0.177970 0.187836 0.124550 0.078799 -0.125906 -0.260010 -0.098768
0.299725 0.236839 0.504606 0.264431 0.244656 0.300548 0.059612 0.025790 -0.009185 0.013366 -0.292472 -0.255817 0.030301 -0.027282 0.089457 -0.261222 -0.573487 -0.311954 -0.457091 -0.100597 0.110115 0.199171 0.497941 0.323006 -0.032278 -0.026003 -0.384633 -0.224333 -0.328376 -0.214022 -0.179545 0.075575 0.183525 0.299915 0.602259 0.153984 0.013875 -0.095310 -0.129202 0.007328 0.013288 -0.046966 -0.310909 -0.014807 0.044146 -0.302135 -0.127463 -0.071497 -0.105633 0.145433 0.126393 -0.050981 -0.352035 -0.416590 -0.514805 -0.725246 -0.494635 0.044380 0.079254 0.133075 0.012069 0.244572 0.204180 0.382602 0.405820 0.313476 0.568659 0.087303 0.143990 -0.026598 -0.228925 -0.296049 -0.006198 0.326437 0.246658 0.343577 0.190199 -0.228233 -0.441225 -0.232761 -0.059989 0.149205 0.495899 0.410472 0.125798 0.026054 0.204486 0.045925 -0.042973 -0.150011 -0.066586 0.273605 1.122852 1.017905 0.652091 0.337319 -0.296830 -0.327585 -0.386530 -0.245217 -0.057780 0.023253 -0.122946 -0.247196 0.059104 -0.105000 0.175969 0.226926 0.262889 -0.358357 -0.302342 -0.371452 -0.438233 -0.417984 -0.291027 0.053757 0.053507 -0.097598 0.103205 0.083487 -0.215712 -0.122401 -0.145339 0.003824 0.055814 -0.265733 -0.227699 0.074199 -0.024430 0.072267 0.028755 0.072916 0.083584 0.196476 -0.067830 0.196399 -0.211486 -0.110933 -0.000359 0.116851 0.324891 0.149083 0.117734 0.119191 0.048719 -0.066138 -0.096754 -0.027923 0.205925 0.201804 -0.102165 0.014552 0.048802 -0.081311 -0.034843 -0.175801 -0.012932 0.000973 -0.038748 -0.210396 -0.102906 -0.068840 -0.053394 0.059836 0.053381 0.045712 0.229020 -0.008536 -0.106844 -0.056994 0.066387 -0.130148 0.056179 0.213793 0.317554 0.487124 0.030806 0.064164 0.126344 0.083558 0.113482 0.056090 -0.102211 -0.133584 -0.033594 -0.065212 -0.032692 -0.206825 -0.173790 -0.349609
0.083921 0.135942 0.263859 0.040243 0.095332 0.060454 -0.013127 0.159678 0.061149 0.335064 -0.088716 -0.014463 -0.062652 -0.155378 -0.100612 0.237593 0.153613 -0.496535 -1.071711 -0.431386 -0.048389 0.099191 0.161955 0.237210 0.007407 0.043230 -0.186566 -0.159823 -0.250373 -0.283579 -0.155931 0.088812 0.037816 0.098753 0.280957 0.444581 -0.210183 -0.261133 -0.285518 -0.308613 -0.288570 -0.213147 -0.084544 -0.056340 -0.011861 -0.091826 -0.031729 0.058918 -0.066581 0.119497 -0.013483 0.275745 0.360382 -0.682345 -0.674086 -0.841883 -0.346906 0.236446 0.174431 0.046133 -0.026308 0.199898 0.050785 0.164116 0.410945 0.365897 0.233967 0.087928 -0.093168 -0.042018 -0.310517 -0.335926 0.182859 0.165271 0.013067 0.321113 0.151194 0.035189 -0.154765 -0.416698 -0.006300 -0.048962 0.012864 0.107213 0.256620 0.068859 0.023964 -0.162507 -0.180658 -0.175772 0.535972 0.784755 0.794312 0.685912 0.316456 -0.261323 -0.567157 -0.681176 -0.351697 -0.158986 -0.134073 -0.048042 0.110055 0.186191 -0.027185 -0.017421 0.305333 0.269713 0.336995 0.403224 -0.257460 -0.293930 -0.468216 -0.224739 -0.021296 0.096937 0.050217 -0.310827 -0.300811 -0.251048 -0.423711 -0.390331 -0.258014 -0.084981 0.233541 0.002824 0.079754 0.053178 0.077793 0.447755 0.043636 0.077529 -0.012799 -0.006103 -0.205163 -0.060058 -0.072043 0.069826 0.104033 0.041344 0.389135 0.574916 0.227350 -0.130502 -0.036867 -0.295747 -0.325469 0.043747 0.093078 0.239200 0.112042 0.123192 0.103533 0.103829 0.003745 0.113643 -0.012746 -0.023174 -0.034261 -0.405617 -0.135970 0.069992 0.139809 -0.132719 -0.017079 -0.209234 -0.036402 -0.197133 -0.070814 0.029570 -0.175125 -0.072577 -0.171629 0.163026 0.260426 0.068603 0.192048 0.223188 -0.083464 -0.096586 -0.125422 -0.125661 -0.204600 -0.097427 0.040303 0.066169 0.033523 -0.142807 -0.042760 -0.005635
-0.031616 0.003907 0.092108 0.160939 -0.057580 -0.149505 0.045007 0.075678 0.029312 0.098177 -0.073264 -0.098780 -0.074438 -0.296630 -0.013031 0.227185 0.241008 0.059715 -0.080080 -0.834145 -0.325910 -0.256783 0.005890 0.131358 -0.230504 -0.376286 -0.248639 -0.232630 -0.019018 -0.162330 -0.393246 -0.001316 0.035519 0.133895 0.337262 0.278269 0.063841 -0.006803 -0.300750 -0.656918 -0.709944 -0.182119 -0.236904 0.026814 -0.093561 -0.036440 -0.020446 0.016572 0.057254 0.229184 0.351782 0.179716 0.405136 -0.748789 -0.658939 -0.231700 -0.018924 -0.062703 0.180768 -0.025431 -0.191829 -0.033977 0.021184 0.224369 0.192755 0.635146 0.036717 -0.026233 -0.177617 -0.051212 -0.250543 -0.192793 0.165979 0.169275 0.027571 -0.013613 -0.043715 0.227175 0.410762 -0.070868 0.098704 0.116420 0.007601 0.122976 -0.041749 0.149955 -0.092209 -0.103401 -0.039258 -0.011222 0.479323 0.665775 0.603939 0.397289 0.006477 -0.465994 -0.550243 -0.836013 -0.509696 0.203942 0.067344 0.094079 0.018668 -0.001467 -0.118122 -0.002158 0.159708 0.156825 0.431392 0.425109 0.258458 -0.102237 -0.002395 0.106190 -0.052378 0.004971 -0.008799 -0.399522 -0.644037 -0.624494 -0.902355 -0.891226 -0.443228 -0.074446 0.123063 0.105583 0.057022 0.321852 0.621637 0.216371 0.151768 0.053417 -0.034459 -0.042940 -0.021741 0.213633 0.509272 0.720800 0.849886 1.430455 0.511909 0.281343 0.219105 0.055003 -0.119444 -0.355051 -0.279263 0.068503 -0.092085 0.189203 0.025948 -0.184137 -0.076475 0.031587 -0.107176 0.060389 0.249978 0.196054 -0.490696 -0.319192 -0.041031 0.112694 0.187333 0.035101 -0.136560 -0.192737 -0.034003 -0.078391 -0.157962 0.083857 -0.150653 -0.043636 -0.201934 -0.128623 -0.021126 0.089182 0.040404 -0.077310 -0.276985 -0.198970 -0.362314 -0.177308 0.046849 0.070295 0.104520 -0.007890 0.079701 0.227223 0.158842 0.231188
-0.077103 -0.269592 -0.181457 -0.080270 -0.096139 0.030002 0.032418 -0.189577 -0.190377 -0.147586 -0.115615 -0.512136 -0.089546 -0.276788 -0.002105 0.440803 0.410737 0.224141 0.017475 -0.245008 -0.069440 -0.031025 -0.210392 0.175636 0.073336 -0.056734 -0.112029 -0.236465 -0.150229 -0.162104 0.130043 -0.116397 -0.167136 -0.013416 0.050668 0.206326 0.312377 0.059242 -0.261824 -0.121420 -0.074775 -0.317369 -0.373148 -0.184443 -0.103558 -0.043780 -0.010790 0.015851 -0.064022 0.177242 0.362506 0.273956 0.597335 0.871780 1.054894 0.820315 0.111891 0.154859 -0.044542 0.008468 -0.033933 -0.027287 0.089049 0.024347 -0.065953 0.083999 0.057442 -0.087757 0.041775 -0.105173 -0.237272 -0.258489 -0.435805 0.286009 -0.938275 -0.574409 -0.479984 0.187591 0.472027 0.855555 0.184065 0.252482 0.054179 -0.025550 -0.019116 -0.056424 -0.172910 -0.310025 0.076017 0.435546 0.326222 0.326571 0.362519 0.207900 0.064239 -0.171584 -0.135818 -0.403531 0.138041 0.123014 -0.069669 0.036411 0.002158 -0.100286 -0.218380 -0.064605 -0.009084 0.091822 0.262269 0.440528 0.574585 0.319296 0.026538 -0.102481 -0.240488 -0.246459 -0.203100 -0.656183 -0.580989 -1.199048 -0.669699 -0.506945 -0.025925 -0.105130 0.047098 -0.078842 -0.124421 0.155144 0.278266 -0.057614 0.149469 0.231276 -0.033154 -0.088999 0.033209 0.102433 0.148282 0.222334 0.519063 0.860453 0.729134 0.040460 -0.079970 -0.013974 0.464862 0.388451 0.446368 -0.012799 -0.102171 0.090095 0.140237 0.089781 -0.001890 -0.093899 -0.054035 -0.194415 0.022991 0.008367 0.017494 -0.235710 -0.060368 0.056238 0.110702 0.486752 -0.132305 -0.032705 0.082538 0.095298 0.071783 0.108723 -0.041320 0.031176 -0.279155 -0.331069 0.022884 -0.054824 -0.190410 0.001439 -0.136359 -0.088955 -0.139424 -0.059833 -0.087196 0.097506 -0.076551 -0.011494 0.142050 0.246780 0.112156 0.004213
-0.038876 0.035776 -0.468902 -0.290420 -0.087526 0.016711 -0.151803 -0.138966 -0.220466 -0.227953 -0.465442 -0.684545 -0.312831 0.541258 0.722470 0.493447 0.285719 0.105978 0.169021 0.202653 0.010762 0.100542 0.008999 0.028514 0.137737 0.056642 0.137623 -0.199622 0.159695 0.053400 0.043513 -0.121813 -0.097784 -0.103882 -0.038881 -0.005429 0.066962 0.055490 0.310355 0.094968 -0.001666 0.150814 0.151381 0.046341 -0.158313 -0.151549 -0.151738 0.116240 0.015529 0.167111 0.330917 0.399515 0.672426 2.173669 0.909891 0.703844 0.524700 0.219376 -0.000973 -0.199106 -0.129498 -0.074488 0.079697 -0.088320 -0.161912 -0.185471 -0.287730 -0.114588 0.172223 0.056248 -0.163063 0.244263 0.505676 0.426448 0.238765 -0.287369 -0.495892 0.157442 0.306707 0.399352 0.278370 -0.083730 0.041744 0.121947 -0.067984 -0.042378 -0.162854 -0.225204 0.189726 0.277905 0.490494 0.176817 0.067894 0.113394 0.377332 0.335896 -0.030509 0.095002 0.039924 -0.007418 -0.154553 0.068922 -0.038452 -0.000813 -0.168154 -0.090718 -0.187604 -0.145064 -0.002683 0.052865 0.215084 0.437619 0.360341 0.148724 -0.064847 -0.036717 -0.311782 -0.176651 -0.054331 0.220460 -0.174413 -1.057819 0.491636 0.097574 -0.123747 -0.276675 -0.394742 -0.231108 0.022312 0.017808 0.126787 0.061968 0.085317 0.030962 0.160076 0.133829 -0.064272 0.329685 1.147688 -0.021820 0.276052 0.009693 -0.174911 0.201867 0.454693 0.605366 0.258742 0.157188 -0.063259 0.028357 0.269957 -0.017639 -0.113313 0.006836 -0.078159 -0.101361 -0.084394 -0.101059 -0.072778 -0.272029 -0.165085 0.069400 0.334100 0.397989 0.048381 0.023976 -0.011843 0.175436 0.147802 0.011121 -0.013131 -0.095065 -0.104415 -0.042474 -0.089221 -0.032391 0.001145 0.019404 -0.021850 -0.245748 -0.047267 -0.059810 -0.087280 0.122462 0.271284 0.111334 0.011252 -0.008507 0.202159 -0.007214
0.149862 -0.083769 0.086448 -0.218361 0.209885 0.028549 -0.145199 -0.184031 -0.319546 -0.218378 -0.164733 0.113673 1.208573 0.877874 0.289545 0.027898 -0.076939 -0.019543 0.016310 0.065673 -0.113735 0.003343 0.041351 0.264134 0.157481 0.172364 -0.020317 0.130408 0.032444 0.090065 -0.078949 0.030439 0.232892 0.175670 0.144175 0.035550 -0.126165 -0.421641 -0.119753 0.042851 0.281196 -0.032453 -0.042194 -0.006094 -0.048584 0.247502 -0.036728 0.020617 0.122158 0.017147 0.219140 0.274152 0.253634 0.384090 0.445879 0.434136 0.103354 0.000156 -0.128468 -0.089069 -0.189873 -0.156357 -0.067701 -0.216222 -0.121189 -0.146691 -0.059098 -0.235187 -0.106956 0.184405 0.148891 0.096582 0.080248 0.080409 0.248009 0.087800 -0.329044 0.027642 0.231756 0.136672 0.025119 -0.087918 0.179691 0.075656 -0.001424 -0.074871 -0.171895 0.123233 0.070937 0.182196 0.137823 -0.006786 -0.162024 -0.345769 -0.175295 0.111362 0.132742 0.115366 0.090417 -0.005080 -0.115581 -0.060587 -0.054653 -0.063609 -0.075867 -0.167748 -0.329114 -0.456896 -0.003666 -0.189215 0.043002 0.160063 0.229506 0.194436 0.060038 0.307563 -0.011014 -0.035438 0.075920 0.362092 0.526638 1.044743 0.613907 0.040977 -0.305506 -0.565972 -0.349102 -0.217560 -0.239869 -0.084548 -0.050761 0.043272 0.088822 0.068922 0.065033 0.130054 0.297596 0.511546 0.385514 0.256244 0.351078 -0.139263 -0.362985 0.199508 0.757402 0.649201 0.993112 0.282518 0.293190 0.209014 0.139892 -0.006182 0.007437 -0.167177 -0.347194 -0.214234 0.001383 0.091043 -0.088637 0.001817 -0.024251 0.162040 0.435192 0.712990 1.624749 0.505645 0.182395 0.088470 -0.086093 0.222230 0.069655 -0.002808 -0.088769 0.067930 -0.055557 -0.068652 0.080577 0.196932 0.147422 0.086457 0.063464 -0.019661 -0.202778 -0.052529 -0.061591 0.000343 0.073962 0.112944 -0.005256 -0.047108
0.306785 0.247397 0.539259 0.151672 0.194242 -0.017309 0.051562 0.239614 0.018379 1.928845 1.931221 1.322257 1.116442 0.378400 0.331814 0.147420 0.000607 0.188773 0.082846 -0.040253 0.105411 0.140907 0.006526 0.090501 0.033316 0.200511 -0.054707 0.045445 -0.084554 -0.172652 -0.160960 -0.198680 -0.057455 0.147881 0.330954 0.045410 -0.270495 -0.507342 -0.567494 -0.280473 0.098575 0.015800 -0.114545 0.069872 0.020716 0.125281 -0.125498 0.051633 -0.092219 -0.122446 -0.039635 0.282196 0.269852 0.160347 0.082393 0.001604 0.038420 -0.187509 -0.138843 -0.010407 0.042211 0.072030 0.106149 0.079532 -0.002214 0.178262 0.101436 0.142030 -0.181230 0.062122 0.103746 -0.271492 -0.154134 0.067460 0.357566 0.515390 -0.011643 0.002167 0.104645 0.039230 0.058807 -0.026030 0.114504 -0.061828 -0.186652 -0.295660 -0.049569 0.091511 0.046150 -0.024495 -0.204332 -0.193330 -0.568128 -0.780085 -0.502601 -0.320271 -0.230784 0.083511 0.164553 0.032102 0.149005 -0.063244 -0.054683 0.164717 0.136700 0.045280 -0.220407 -0.289272 0.032607 -0.122668 -0.086580 0.131772 -0.032317 0.076001 -0.104052 0.105512 -0.026236 0.294739 1.314213 0.777304 1.966764 1.064798 0.334228 -0.158997 -0.751400 -1.184785 -0.652918 -0.239003 -0.051125 0.025454 -0.045076 -0.028288 0.044068 -0.051961 0.108112 -0.084354 0.115115 -0.016051 -0.078090 -0.414552 -0.059199 -0.192821 -0.376692 -0.070749 0.761114 0.588925 0.389842 0.330890 0.020759 -0.138163 0.052015 0.003204 0.042461 -0.019405 -0.182506 -0.267704 -0.169294 -0.037224 0.163690 0.391232 0.008525 0.081683 0.051799 0.253193 0.649887 0.218961 0.135377 0.099495 0.100874 0.134271 0.027611 0.251373 0.012299 0.140630 0.114296 0.294387 0.220579 0.340160 0.218397 0.307676 0.211066 0.093311 -0.086327 -0.003323 0.123019 0.116963 0.140463 -0.034159 -0.065072 -0.133477
0.421262 0.244608 0.401838 0.245829 -0.257397 -0.094449 0.043101 0.108779 0.915204 1.646827 1.722966 1.071938 0.749359 0.352713 0.341277 0.284390 0.265919 0.244188 -0.048119 0.017565 0.048427 0.078867 -0.097419 0.037405 -0.100628 0.014595 -0.027515 0.033164 -0.212928 0.079035 0.062384 0.067222 0.299628 0.156606 0.028408 -0.092398 -0.025979 0.064574 -0.314429 0.199966 -0.053160 -0.128278 -0.119378 -0.249390 -0.057523 0.020181 -0.033322 -0.065800 -0.539519 -0.298245 0.005076 0.040822 -0.126398 -0.107986 -0.277256 -0.012373 -0.127577 -0.012484 0.058362 0.205146 0.184004 0.110733 0.059789 -0.006319 0.012560 0.125652 -0.038775 0.058369 -0.100896 -0.158118 -0.187441 -0.035697 -0.066802 -0.036644 0.121151 -0.005984 0.282093 0.063142 -0.055579 -0.006561 0.010113 -0.018470 -0.103307 0.034822 -0.001625 -0.173937 -0.026023 -0.083363 -0.029877 -0.224026 -0.447813 -0.444652 -0.276223 -0.292078 -0.548831 -0.643007 -0.217454 -0.060809 -0.162222 0.117560 0.276713 -0.090061 0.093830 0.079095 -0.116314 0.035138 0.367343 0.349164 0.329261 0.392571 -0.027298 -0.000731 0.079522 -0.145349 -0.082876 -0.019748 0.100804 0.184262 0.490289 1.026037 0.929697 0.669286 0.004454 -0.583404 -0.133828 -0.111150 -1.094197 -0.402624 -0.123339 0.034077 0.099001 0.063577 0.117895 -0.140085 -0.103555 -0.129902 0.197496 -0.024823 -0.104306 -0.214765 -0.217528 -0.531679 -0.200193 -0.040645 0.291894 0.393899 0.366488 0.026229 -0.128990 -0.292173 -0.169933 0.280276 -0.017945 0.133903 -0.089976 0.058173 -0.048791 0.169010 0.049643 0.236156 0.074789 -0.101463 -0.049091 -0.016312 0.029378 0.048038 -0.036962 -0.224497 0.057307 0.212896 0.344609 0.158944 -0.262776 0.064233 0.227750 0.386084 0.126858 0.321475 0.323448 0.617416 0.371475 0.370615 0.378951 0.270536 -0.039568 -0.029363 0.075710 0.009999 0.039411 -0.045518
0.224725 0.010266 0.069076 0.213077 -0.016403 0.165608 0.125827 0.113743 0.286483 0.919106 0.718324 0.553489 0.437310 0.279187 0.127927 -0.081172 0.034561 0.008340 0.089987 0.053643 0.057671 -0.077318 -0.152853 -0.109290 -0.105126 0.097409 -0.079873 -0.066492 0.124542 0.071674 0.124314 0.015849 0.197691 0.172895 0.128712 0.034437 0.080026 0.432585 1.091866 0.153335 -0.037004 0.093687 0.115710 -0.037403 -0.120201 -0.078860 -0.092710 -0.246833 -0.291155 -0.136230 -0.110537 -0.080658 -0.118139 -0.032848 -0.035240 0.242767 -0.066261 0.039146 -0.000162 0.134316 -0.033142 0.012866 -0.012097 -0.009353 0.076259 0.046935 0.143767 -0.090569 -0.239275 0.089135 -0.114181 -0.018759 -0.035892 0.059449 -0.074553 -0.030411 0.108248 0.034313 0.057851 -0.047672 -0.101063 -0.017811 -0.116302 0.096855 -0.093983 -0.033897 0.161073 0.230992 -0.047713 -0.166096 -0.573643 -0.738610 -0.518599 -0.035473 -0.128692 -0.292109 -0.053446 0.092841 -0.026157 0.059807 0.071664 -0.192491 -0.080748 -0.092894 0.076324 0.525594 0.739557 0.953451 0.730975 0.112694 -0.215776 -0.194273 -0.066061 -0.146926 -0.207694 -0.092118 -0.000884 -0.057448 0.261659 0.603506 0.431139 0.129355 -0.155074 -0.713632 -0.960577 -0.007576 -0.950845 0.203503 0.086014 -0.077559 0.120358 -0.025667 0.074254 -0.133168 -0.203891 0.278192 0.209038 -0.009236 -0.218338 -0.280008 -0.185635 -0.054814 -0.172998 0.006260 0.087976 0.387920 0.251595 -0.049312 -0.490450 -0.407923 -0.057737 -0.052266 0.078220 -0.035396 -0.041537 0.041057 0.185040 -0.047143 0.199164 0.091102 0.023819 -0.142732 -0.152720 -0.254978 -0.329054 -0.231887 -0.251396 -0.200717 0.137559 0.022856 0.127403 0.601295 -0.010675 0.072311 0.166766 0.016817 0.015660 -0.155862 -0.231066 0.177548 0.164202 0.604946 0.400518 0.383897 0.074017 -0.020924 0.038497 -0.116687 0.060191 -0.098507
-0.059117 0.226790 0.135874 0.122157 0.097384 0.213870 0.028351 0.299809 0.292701 0.376006 0.426506 0.335515 0.221236 -0.014892 -0.011620 -0.225796 -0.232029 -0.337240 -0.253489 -0.231647 0.175922 0.197460 -0.206368 -0.010859 -0.053418 -0.076819 0.122581 -0.101636 -0.079692 -0.089245 0.136647 0.033796 -0.062590 0.060410 0.228972 0.098108 0.562511 0.962233 0.687843 0.303392 0.032470 0.044802 -0.141677 -0.027505 -0.181466 -0.070274 -0.075642 0.268603 -0.005344 -0.018462 0.101788 -0.030385 0.086996 -0.111588 0.050837 0.127416 0.022873 -0.042808 -0.009620 -0.009028 0.144912 0.376943 -0.127822 -0.059504 -0.224901 -0.316538 -0.335276 -0.293641 -0.223621 0.069403 0.203137 -0.226921 -0.119627 -0.033124 -0.139318 0.017381 0.015165 0.201809 -0.034298 -0.126896 -0.007840 -0.082802 -0.268215 0.180173 0.129687 0.228983 0.331728 0.392276 -0.104830 -0.004525 -0.089350 -0.095811 -0.080463 -0.036847 -0.065064 -0.178864 -0.188714 0.076775 -0.123250 -0.217763 -0.038250 0.073807 0.088593 -0.092096 0.180754 0.335423 0.526384 0.378941 0.178837 0.020078 -0.458008 -0.282049 -0.428399 -0.074399 -0.058151 0.055780 -0.012371 0.088517 -0.067420 -0.161162 -0.102695 -0.412680 -0.740617 -1.027744 -1.425308 -0.987331 1.092532 -0.074220 0.021091 0.145437 0.173152 0.007953 -0.124280 -0.014873 -0.048878 0.036619 -0.003843 0.151918 -0.039754 -0.105144 0.112341 -0.106667 0.025431 0.141772 0.014901 0.490370 -0.169238 -0.154831 -0.199118 -0.298194 -0.137499 -0.188861 -0.018905 0.000577 0.007190 0.077703 -0.179607 -0.266873 -0.078978 0.011983 -0.246292 -0.164441 -0.216694 -0.606151 -0.330503 -0.737273 -0.278442 -0.049941 0.133361 0.139833 0.444506 0.382071 0.361409 0.286601 0.006085 -0.199435 -0.300131 -0.323378 -0.352051 -0.048321 0.126719 0.419130 0.715481 0.531238 -0.066400 -0.036556 0.051165 0.150219 0.244869 -1.631440
0.328833 -0.011126 -0.054460 0.027224 0.001873 -0.033077 -0.109629 -0.047691 -0.078209 0.168534 0.296298 0.028905 -0.015578 -0.205755 -0.127859 -0.611764 -0.679194 -0.905503 -0.786014 -0.258052 0.047753 0.011557 -0.128333 -0.139880 -0.113614 0.025128 -0.041257 0.010794 0.009360 0.299755 0.114121 0.031475 0.077051 0.086345 0.136011 0.490183 0.213169 0.464080 0.677612 0.268865 0.366955 0.105450 0.016958 -0.018591 -0.151846 0.069111 0.179258 0.397285 0.421459 0.082538 0.036666 -0.045348 -0.260467 0.013951 0.052795 0.153456 0.001430 0.053400 -0.084097 -0.008525 0.006759 0.136274 -0.094597 -0.152686 -0.296398 -0.295557 -0.092558 -0.038673 -0.249824 -0.094163 -0.026965 0.400151 0.120097 -0.009959 -0.078542 -0.074190 0.047458 0.046462 -0.029196 -0.156000 -0.095735 -0.111163 -0.284796 -0.031665 0.096527 0.113020 0.245394 0.265634 0.013082 0.081170 -0.007244 0.063941 -0.167912 -0.050972 0.152212 -0.017138 -0.000562 0.124395 0.006418 0.021211 -0.070428 -0.052421 0.048665 0.031994 0.029790 0.236946 -0.013869 0.195689 0.048724 -0.073852 -0.261294 -0.247196 -0.091837 0.209214 -0.031645 0.099764 -0.078420 0.038788 0.020773 -0.023983 -0.464440 -0.491337 -0.499466 0.006408 0.299894 0.319676 1.370450 0.502030 0.013658 -0.116810 0.037854 0.046443 0.122067 -0.190804 0.358936 0.521879 0.745424 0.380487 0.086795 0.068901 0.091686 0.143563 0.170671 -0.000231 -0.050234 0.174595 -0.113319 -0.150006 -0.377745 -0.179839 -0.038203 -0.169760 -0.058348 -0.021004 -0.033415 0.012327 0.046419 -0.178093 -0.111079 0.027088 -0.154469 -0.298806 -0.458338 -0.779508 -0.013366 -0.200607 -0.005149 -0.241815 -0.229854 0.185571 0.161202 0.323788 0.015160 0.120111 -0.105228 0.202308 -0.405543 -0.374580 -0.434247 -0.033660 0.050874 0.444288 0.513525 0.512730 0.116265 0.163179 0.197602 0.085867 0.296055 0.154514
0.251627 -0.064732 -0.245228 0.024936 -0.165728 -0.003670 -0.019063 0.011518 -0.028176 -0.078146 -0.048636 -0.058949 -0.152256 -0.170093 -0.347218 -0.784828 -1.162786 -1.285140 -1.632011 0.033635 -0.043645 -0.159318 0.168346 0.026764 -0.069306 0.067184 -0.229348 -0.095675 0.182957 0.115036 0.026225 0.058211 0.052282 0.089463 0.083103 0.173806 0.145902 0.453833 0.245022 0.452712 0.258113 0.159557 -0.043988 0.076544 -0.075758 0.076136 -0.010033 0.094141 0.106454 0.031262 0.107052 0.139731 -0.206576 -0.030225 0.057579 -0.066034 -0.031896 0.105589 -0.021396 -0.077803 -0.099337 0.048038 -0.157241 -0.175047 -0.187630 -0.185362 -0.300399 -0.192553 0.090716 0.099133 0.064039 0.401492 0.133166 0.122008 -0.021920 0.002398 0.301620 0.107326 -0.145729 0.106986 0.103090 -0.037276 0.026032 -0.078257 0.031490 -0.015747 -0.022688 0.005183 0.182201 0.231950 0.277832 0.275291 0.325586 0.122712 -0.105182 0.011613 0.064251 -0.158719 -0.185045 -0.054776 0.159331 0.029263 0.149734 0.083423 0.192584 0.067446 0.124430 0.042343 -0.022502 -0.024669 0.040738 -0.098345 -0.128995 0.069141 0.132654 0.116860 -0.133097 -0.123902 -0.027646 0.090027 -0.133250 -0.096916 -0.314742 0.155185 0.228753 0.826300 0.654249 0.662435 0.047075 0.237257 -0.233245 0.040573 0.158264 0.543153 0.198985 0.019959 0.215579 -0.045910 0.170059 0.325651 -0.028600 0.143093 -0.017452 0.113921 -0.089555 -0.130240 0.072434 0.272132 -0.047872 0.019189 0.019868 -0.112885 0.140198 -0.009644 0.078700 -0.190889 -0.190717 -0.006166 -0.059650 0.173958 0.281225 -0.266644 0.420177 1.876975 0.654960 0.497105 -0.095946 0.003039 0.059440 0.215142 0.292264 0.129882 0.194429 0.028621 0.047702 0.201882 -0.210777 -0.462677 -0.369319 -0.106683 0.170738 0.418562 0.563616 0.283462 -0.047084 -0.073186 0.034921 0.086815 0.522771 -0.054341
-0.117532 -0.341058 -0.395175 -0.217952 -0.199644 0.037566 -0.101453 0.116853 0.005564 0.026048 0.292523 0.216703 0.041575 -0.000028 -0.544251 -0.640645 -1.501026 -1.920940 -0.579429 0.114399 0.128061 -0.325469 -0.364066 0.028904 -0.033558 -0.119086 0.062275 0.012617 0.117928 0.011931 0.073869 0.025392 0.036296 0.047123 0.147798 0.066905 0.016806 0.294683 0.157635 0.120504 -0.063873 0.162674 0.142782 0.054522 -0.016119 0.064773 -0.039228 0.015800 -0.145131 -0.027253 -0.017202 0.065585 0.057646 0.087139 0.108553 -0.046348 -0.031083 0.055393 0.091530 -0.081852 0.080755 0.116558 0.038342 -0.114186 0.144907 0.142525 -0.101058 0.043023 0.231124 -0.044535 -0.031044 0.163784 0.225513 0.256559 0.089276 0.128452 0.155608 0.018604 -0.053191 0.198957 0.007354 0.054719 0.120643 -0.036835 0.080956 -0.018616 0.078707 0.198100 -0.091693 -0.016428 0.451613 0.338046 0.294704 0.318435 0.193285 0.243960 -0.241883 -0.081074 0.019857 0.160233 0.104759 -0.039245 -0.050585 -0.056187 -0.017441 -0.137438 0.098545 0.069046 -0.084412 0.079904 0.134701 0.160776 -0.029878 0.067010 0.107924 0.197615 -0.200423 -0.090636 -0.195064 -0.082007 -0.135365 0.030277 0.130066 0.122345 0.087479 0.125765 0.249491 0.202202 0.024277 0.256704 0.154008 -0.098665 0.059936 0.177335 0.243628 0.056919 0.147238 -0.155913 -0.154902 -0.113088 -0.094398 0.069146 -0.048599 0.010588 0.157615 0.142571 0.139526 0.405185 0.079005 0.141165 -0.100641 -0.062143 -0.138240 0.178637 -0.025129 0.186659 -0.282924 0.062798 0.163695 0.149537 -0.106286 -0.250733 0.438746 1.253617 0.568195 0.214217 0.011995 -0.178671 -0.437960 -0.082506 0.173518 0.125368 0.004492 0.219191 0.011064 -0.035191 0.185332 -0.065668 -0.462410 -0.246717 -0.011311 -0.023072 0.220130 -0.212565 -0.240311 -0.133315 -0.045115 0.055157 0.181655 0.051734
-0.189215 -0.632835 -0.627570 -0.592398 -0.178199 -0.065209 0.083003 -0.063045 0.002838 0.244636 0.450130 0.243122 -0.256477 -0.120801 -0.234834 -0.535949 -1.048073 0.002038 0.115864 0.180192 0.710357 -0.135609 -0.290597 0.040192 0.078595 -0.107577 0.079433 0.024119 0.050369 -0.101136 0.003430 0.011589 -0.031189 0.148400 0.119676 0.061614 -0.059072 -0.198631 0.113528 -0.021358 -0.055597 0.045415 -0.019359 0.118307 -0.084687 0.073713 0.227341 0.087106 -0.092641 -0.207230 -0.252321 0.118250 0.037410 -0.123513 0.100088 -0.016718 -0.143792 -0.181871 -0.248834 -0.171219 0.181299 -0.036767 0.192733 0.027221 0.007367 0.141122 0.343700 0.109606 0.133040 0.000147 0.041380 -0.103348 0.086086 0.190178 0.107914 0.263250 -0.083444 -0.062818 0.044740 -0.208649 -0.016303 -0.012562 0.059786 -0.017706 0.176641 -0.137489 0.011433 0.086779 0.056654 0.144503 0.091623 0.253927 0.305997 0.207377 0.190656 -0.017098 -0.023084 -0.069058 -0.111050 0.231921 0.044102 0.086227 0.015739 -0.043286 -0.000149 -0.155405 0.032871 -0.120031 0.094649 0.224208 0.093078 0.147252 0.025369 -0.062390 0.186453 0.031694 -0.324753 -0.318773 -0.160343 -0.224651 0.164649 -0.137316 -0.111878 -0.015880 -0.026730 0.122512 0.121966 -0.101229 0.172936 0.083952 0.011597 -0.228625 -0.110983 -0.076753 0.102768 -0.059121 -0.005232 0.026099 -0.288789 -0.238825 -0.511480 -0.388452 0.104623 -0.016714 -0.013527 0.088035 0.110532 0.129533 -0.044429 -0.027556 -0.135445 -0.226082 -0.177925 -0.220381 -0.209044 0.114411 -0.057509 0.125318 0.255035 -0.123981 0.037597 -0.100216 0.227657 0.243302 0.272373 -0.083596 -0.093159 -0.198066 -0.338272 0.033867 -0.108033 -0.205121 -0.206394 -0.267266 -0.001370 0.497687 -0.075081 0.005492 -0.276930 -0.357924 -0.185985 0.041941 -0.049963 -0.034106 -0.166004 -0.436680 -0.097600 -0.107903 0.066575 -0.080621
0.068259 -0.273798 -0.952075 -0.763818 -0.560671 -0.240863 0.208258 -0.060069 0.149279 0.373380 0.277188 0.320926 -0.000068 -0.129105 -0.225244 -0.469666 0.351305 0.757877 1.144041 1.201058 0.365992 0.357715 0.047246 -0.079324 0.152183 0.017633 0.093772 -0.013998 0.094611 -0.024556 -0.115519 -0.013967 0.030919 0.097697 0.013819 -0.121469 -0.163063 -0.283071 -0.240688 -0.004180 -0.034758 0.094817 -0.026426 0.038110 0.002264 0.047147 0.000362 0.180520 -0.017237 0.234453 0.341831 -0.168461 0.226402 0.120898 0.159157 -0.028883 -0.267464 -0.284501 -0.408532 -0.212347 0.071235 0.156655 0.265939 0.100442 0.065873 -0.147237 -0.149791 0.055881 0.268413 -0.014427 0.075992 0.155510 0.204513 0.101622 0.183094 0.235546 -0.063149 0.013794 -0.049881 0.041846 0.189657 0.219571 0.074327 0.063364 0.090487 0.073376 0.199017 0.114736 -0.050561 0.073123 -0.150758 0.186110 0.044582 0.139629 -0.072081 -0.131624 -0.036847 -0.109161 0.116757 0.066995 0.072655 -0.051481 0.010281 0.100608 0.184642 -0.108680 0.004751 0.094902 0.079861 0.143768 -0.007589 -0.077579 0.012105 0.095376 0.072444 0.051440 -0.314810 -0.395668 -0.216449 -0.253090 -0.369924 -0.126552 -0.246842 -0.156785 0.047717 0.093817 0.226208 -0.095776 0.060387 -0.128916 -0.036648 -0.172710 -0.232929 -0.404965 -0.354163 -0.220379 0.068829 -0.210479 -0.446331 -0.480600 -0.372169 -0.216242 0.093133 -0.040518 0.172481 0.496621 0.507718 0.410332 0.894172 -0.003736 -0.059637 -0.205691 0.360278 -0.285278 -0.066815 0.076418 0.162207 -0.029015 -0.156007 0.034660 -0.094417 -0.062916 0.438582 0.278757 0.021133 -0.143820 -0.000354 -0.022621 0.014706 -0.093614 -0.125055 -0.239144 -0.378226 -0.281504 0.090666 -0.015615 0.518926 -0.730878 -0.608344 -0.210733 -0.210558 -0.162838 -0.039593 -0.229945 -0.164315 -0.592305 0.001956 -0.147116 0.107459 -0.543614
0.089883 0.270971 -1.377766 -0.959880 -0.552178 -0.143896 0.062955 0.087453 -0.054636 -0.275419 -0.079419 0.088770 -0.221225 -0.199401 0.006755 0.079719 0.326142 0.083609 0.556360 0.506518 0.105534 0.122288 0.372818 0.291557 -0.211473 -0.142214 -0.074890 0.026981 -0.030292 -0.210714 -0.184775 -0.226134 -0.167058 0.019328 0.080981 -0.119289 -0.174061 -0.069434 0.231751 -0.096943 -0.089341 0.186460 0.130884 0.009967 -0.054269 -0.147256 0.008124 0.115120 0.134361 0.196577 0.327612 0.267257 0.358980 -0.011848 0.093750 0.041562 -0.142748 -0.452095 -0.600060 -0.181153 -0.164836 -0.024507 0.208115 0.196141 0.216452 -0.006479 0.078828 0.196492 -0.022203 -0.052875 0.016394 0.172196 -0.001493 -0.148198 0.044510 0.105427 0.049543 -0.022867 0.042802 0.129562 -0.023726 -0.311169 0.100504 0.018985 0.278866 0.186146 0.282921 -0.085413 -0.133658 0.007085 0.063539 0.212779 0.353509 0.017791 0.098924 0.105064 -0.044456 -0.112365 -0.049897 -0.005550 -0.088624 -0.047722 0.002901 0.190846 -0.007498 -0.050209 0.031939 0.081641 0.104964 -0.049182 0.120396 -0.085237 -0.094705 0.003885 -0.148298 -0.118382 0.075545 -0.013548 -0.183012 -0.115913 -0.054262 0.027802 0.046199 -0.256937 -0.308827 -0.102999 0.166163 0.047353 0.129838 -0.039832 -0.339282 -0.352187 -0.561609 -0.631525 -0.580201 -0.102127 -0.040050 -0.240965 -0.649726 -0.502657 0.569470 -0.073369 0.019692 0.082054 0.196783 0.100826 0.626645 1.028129 0.787437 0.284269 0.101454 0.027325 0.206466 -0.218620 -0.566968 -0.120867 -0.047386 0.215851 -0.438373 -0.525422 0.094400 -0.073627 0.121466 0.099168 0.008389 -0.219498 0.159256 -0.173602 -0.178941 -0.564811 -0.419353 -0.214343 -0.244742 -0.439899 -0.209805 -0.130902 0.234821 0.010634 -0.860811 -0.251387 0.015945 0.112036 -0.027517 0.124509 -0.101316 -0.229931 -0.282485 -0.011468 -0.094686 -0.204224
0.028268 -0.025696 0.306712 -1.431345 -1.142114 0.133073 0.154854 -0.174579 -0.035683 -0.169098 -0.062949 0.029890 0.117108 -0.109772 -0.112779 0.057502 0.169442 0.475800 0.459715 0.281464 0.081629 0.248897 0.307384 0.436712 0.209842 0.080819 -0.115172 -0.033197 -0.307713 -0.208195 -0.090439 -0.233842 -0.272431 -0.169181 0.075261 0.131083 -0.007591 -0.219954 0.268676 0.029895 0.040733 -0.029776 0.056310 -0.102688 -0.021268 -0.181749 -0.044738 0.101496 -0.013638 -0.151534 0.152862 -0.005134 -0.210333 -0.194013 0.212585 0.257954 -0.121818 -0.105503 -0.469018 -0.625471 -0.564373 -0.502936 -0.551071 -0.232866 -0.142831 -0.187364 0.031431 0.127636 0.109973 -0.158007 0.068897 0.155894 -0.011596 -0.038263 -0.027567 -0.170614 -0.045563 0.067022 0.169268 -0.006249 -0.091969 0.078923 0.067161 0.226894 0.096161 -0.025404 0.071692 0.129523 0.124957 -0.018684 0.106743 -0.099033 0.066612 -0.129895 -0.034236 0.016845 0.015924 0.013048 0.115661 0.014120 0.144819 0.089977 -0.107255 -0.170281 0.107376 0.069537 0.158186 -0.003818 0.093607 0.134545 0.120988 -0.012356 0.044866 -0.052923 0.043057 0.047439 0.304362 0.220941 -0.056545 0.015345 -0.007708 -0.163297 0.004312 -0.283392 -0.538748 -0.498290 -0.231599 -0.163392 0.154226 -0.075272 -0.120561 -0.811132 -0.975053 -0.823401 -0.716371 -0.578043 -0.297297 0.183278 0.081126 0.061020 0.385064 0.143513 0.111216 0.013903 0.018115 0.112581 -0.055051 0.442655 0.413010 0.534492 0.710980 0.416240 0.345546 0.768977 -0.359258 0.156065 0.139191 0.309641 0.035612 -0.186413 -0.624620 -0.458159 -0.177597 -0.065207 -0.382310 -0.500941 -0.232238 0.150757 -0.173280 -0.753346 -0.582869 -0.518919 -0.775974 -0.350005 -0.014986 0.232485 -0.077771 0.313871 0.564931 -0.017960 -0.170251 -0.202173 -0.065964 0.057646 -0.404497 0.055170 -0.136589 0.150879 -0.155248 -0.298353
0.946737 0.360301 0.683021 0.837712 0.810959 0.094126 0.143939 0.096329 0.025015 -0.022204 0.070391 -0.057821 -0.161330 0.252595 0.107508 -0.128033 -0.210714 0.097214 -0.068389 -0.380813 0.332166 0.972304 0.686059 0.605573 0.426083 0.119451 -0.260957 -0.121881 -0.282795 -0.037136 -0.237844 0.066977 0.051686 -0.101766 -0.108269 -0.197169 -0.119791 -0.249810 0.472538 0.117697 0.113282 -0.097364 -0.010170 -0.095864 -0.061654 -0.102909 -0.120819 -0.128053 -0.083670 -0.182443 0.072523 -0.017904 -0.229192 0.019310 -0.094351 0.412385 0.481075 0.071890 1.522698 -1.177386 -1.267717 -1.298967 -0.929013 -1.039705 -0.459368 -0.155449 -0.045057 -0.019127 0.022824 -0.076347 -0.077042 -0.070222 -0.092276 -0.394327 -0.351547 0.022090 -0.199178 -0.173391 -0.000730 -0.080073 -0.061433 0.075224 0.938395 0.753004 0.549996 -0.092823 -0.153366 -0.171431 -0.092615 -0.150120 -0.108090 -0.215715 -0.140754 -0.161961 -0.100062 -0.100960 -0.151353 -0.020347 -0.042547 -0.121096 -0.149248 -0.000144 0.047899 -0.180445 -0.152299 -0.124237 -0.047796 0.035043 0.021216 0.128290 0.186931 -0.100552 0.061011 -0.021739 0.120600 0.201021 0.219530 0.212240 -0.019776 0.030599 0.016556 0.009018 -0.093039 -0.432742 -0.529511 -0.132341 0.047445 -0.172159 -0.052977 0.009306 -0.261580 -1.046942 -1.910534 -1.537198 -1.220787 -0.810137 -0.434911 0.029333 0.053760 0.072355 0.234580 0.147552 0.227422 0.063687 -0.117679 -0.371249 -0.390493 0.014410 0.466277 0.518424 0.679958 0.691925 0.727107 0.856715 0.851914 0.205041 -0.049996 -0.004830 -0.004406 -0.316230 -0.223428 -0.988742 -0.658853 -0.807957 -0.722507 -0.482026 -0.204062 0.039006 -0.222123 -0.040541 -0.668678 0.055247 -0.262617 0.087732 0.185018 0.154318 0.208706 0.173457 0.239618 0.141328 0.198072 -0.571183 -0.542637 -0.230050 -0.178046 0.156610 0.179351 -0.033616 0.145619 0.085756
0.802488 1.182783 1.015850 0.561453 0.337874 0.128344 0.176838 -0.004749 -0.099319 -0.099771 0.217123 0.080986 -0.047475 0.008365 0.097624 0.139263 -0.262993 -0.592585 -0.554201 -0.632157 0.139807 0.168571 0.453712 0.445242 0.146016 -0.208886 -0.065034 -0.290650 0.013410 -0.102117 0.175350 0.408622 0.372403 -0.097544 -0.129597 -0.129538 0.157571 -0.064567 -0.008597 -0.060294 -0.005144 -0.166560 0.223639 -0.153937 -0.223613 -0.078134 -0.336194 -0.543356 -0.410618 -0.161455 0.047130 -0.313601 -0.348477 -0.159909 -0.393092 0.045582 0.490463 0.819911 0.867820 1.375900 1.128603 -1.042139 -2.015619 -1.669509 -1.136151 -0.670929 -0.169147 0.046031 -0.068873 0.148488 0.053374 -0.076829 0.251326 0.261240 0.543277 0.275954 -0.162550 -0.157355 -0.155175 -0.305862 -0.313083 0.454768 0.675160 0.386245 0.124581 0.000152 -0.116421 -0.363646 0.083452 0.111031 -0.311907 -0.667703 -0.531872 -0.528548 -0.404272 -0.359866 0.074087 -0.016099 0.086733 0.138322 -0.038594 0.054186 0.076890 -0.034190 -0.002223 0.075848 -0.104727 0.033116 0.051798 0.170561 0.096698 0.313470 0.105984 -0.174267 -0.225304 0.098777 -0.028085 -0.105656 0.055341 -0.027142 0.037452 0.079045 -0.058960 -0.308256 -0.259456 -0.046787 -0.113666 -0.048169 -0.000533 -0.085578 -0.277974 -1.037426 -1.998649 -2.034308 -0.053683 -0.345442 -0.060077 0.038324 0.015350 -0.007322 0.199777 -0.028951 -0.158202 -0.586615 -0.916209 -1.251400 -1.036187 -0.569500 -0.065864 0.435448 0.214258 0.273771 0.262867 0.485405 0.451445 0.416146 0.155146 0.137860 -0.040838 -0.103972 -0.323914 -0.359474 -1.276289 -1.230558 -1.525993 -0.540063 -1.272474 -0.402533 -0.354740 -0.124635 -0.642033 0.007738 0.043074 -0.142075 -0.254957 -0.028244 0.252687 0.551899 0.711746 0.262194 0.374616 0.040114 -0.025768 -0.085140 -0.383239 -0.022835 0.027114 0.008961 -0.077044 0.457123
0.630982 0.714311 0.607549 0.372715 0.231314 0.162656 -0.022127 -0.129066 0.039965 -0.046994 0.058634 -0.092694 -0.046560 -0.086249 -0.073328 -0.154002 -0.372826 -0.523020 -0.697081 -0.410173 0.467804 0.459664 0.108195 0.229553 0.189304 -0.160766 -0.089193 -0.218639 -0.107863 0.220004 0.458341 0.408220 0.204866 0.092337 0.003009 0.112206 -0.042237 0.109564 0.322557 0.015483 0.028820 -0.669869 -0.340207 -0.345594 -0.311116 -0.255172 -0.168080 -0.171884 -0.298332 -0.622477 -0.212689 -0.396122 -0.409848 -0.446359 -0.290017 -0.101233 0.210156 0.257938 0.797554 1.238786 1.350041 1.684579 2.090084 2.068689 1.580613 0.073065 -0.212270 -0.332611 -0.340602 -0.008546 -0.089831 -0.041873 -0.137939 0.042330 0.319938 0.415059 -0.354008 -0.225395 -0.249884 -0.256828 0.964139 0.759121 0.313867 0.425635 0.114995 -0.116616 -0.096612 0.137812 0.252306 -0.034345 -0.430555 -0.791515 -0.475344 -0.268605 -0.083485 -0.057158 0.020325 -0.023128 -0.181624 -0.000665 0.018535 -0.403366 -0.170513 -0.216955 -0.137876 -0.182613 0.088744 -0.024026 0.086641 -0.065109 0.218489 0.065361 0.134758 -0.126828 -0.080530 0.322989 0.089099 0.071556 -0.192472 -0.179242 -0.053386 -0.163742 -0.177045 -0.178490 -0.073323 0.076182 -0.033006 -0.056213 -0.332474 -0.314027 -0.263783 -0.836258 -0.103397 -0.221568 -0.268354 -0.066835 0.004083 0.140368 0.399754 0.003942 -0.036113 -0.188548 -0.462852 -0.771940 -1.478825 -1.107461 -1.846408 -0.185807 -0.223776 -0.201510 -0.348369 -0.114145 -0.173297 -0.087936 0.221149 0.180970 0.078432 -0.038608 -0.011348 0.026568 0.402232 0.098009 -1.286120 -0.892781 -0.822599 -0.641840 -0.552637 -0.516416 -0.377541 -0.186345 -0.314821 -0.020425 -0.178810 -0.236943 -0.084978 -0.023377 0.313166 0.302676 0.168723 -0.033250 0.383503 0.184188 -0.096277 -0.306438 -0.221683 -0.223468 -0.202371 0.089941 -0.110768 0.234735
0.284001 0.374828 0.450758 0.173564 0.022642 -0.005654 -0.016769 -0.032001 0.161044 0.280676 0.385768 -0.085763 0.153049 0.083199 -0.088455 -0.036340 -0.415631 -0.389012 -0.387234 -0.359241 -0.356944 0.088792 0.171934 -0.061405 -0.074170 -0.140375 -0.002291 -0.216829 -0.198201 0.216462 0.327518 0.163540 0.317693 0.164752 -0.063241 0.008253 -0.269668 -0.172878 0.049282 -0.014092 -0.107340 0.447342 0.522692 -0.347021 -0.408027 -0.348563 -0.307436 -0.299738 -0.402864 0.014416 -0.537083 -0.805976 -0.549275 0.011976 0.090503 0.010954 -0.081161 0.209468 0.483332 0.675165 0.716797 0.942497 1.276794 0.799920 1.023056 0.465477 0.182088 0.009870 -0.142122 -0.072690 -0.238259 -0.061420 -0.132633 0.243003 0.132126 0.186922 -0.099904 -0.362934 -0.389994 0.612747 0.894843 0.870657 0.774173 0.548129 -0.152241 -0.367676 0.014999 0.162738 -0.078233 0.005872 0.083857 0.401869 0.142342 -0.110473 0.179470 0.136282 -0.122393 -0.265064 -0.238462 0.027755 -0.074594 -0.393814 -0.100547 -0.285943 -0.272710 -0.355509 0.145483 0.013574 0.008405 0.141418 0.197760 -0.042539 0.049275 -0.138166 -0.031211 0.142440 -0.019010 -0.125341 -0.135468 -0.267553 -0.131887 -0.133680 -0.049672 0.016355 -0.090314 -0.051994 -0.060492 0.091838 0.056577 -0.113956 0.334870 0.329307 0.594445 -0.061127 -0.265133 -0.029377 0.049521 0.097943 0.092397 0.071687 -0.394110 -0.572748 -0.638696 -1.094721 -2.060171 -1.099180 -0.687395 -0.039619 0.356536 -0.646331 -0.843967 -0.696587 -0.621476 -0.217523 -0.223011 -0.332604 0.151789 0.034241 -0.139287 0.229385 0.414830 0.310789 1.305691 -0.032692 0.211766 -0.644218 -0.375130 -0.541002 -0.437180 -0.474009 0.088470 -0.243983 -0.673494 -0.677167 -0.111612 -0.347857 0.153434 0.262439 0.023883 0.159176 0.277758 1.834949 1.476727 1.228705 0.437302 0.160820 0.009549 -0.168332 0.073140 0.296036
0.074035 0.154456 -0.048388 -0.101097 -0.280623 -0.214783 -0.088437 -0.154096 0.168891 0.329608 0.135564 -0.019501 0.165768 -0.128561 -0.245761 -0.219926 -0.228965 -0.277387 0.145321 0.327506 -0.115737 -0.020671 -0.052487 -0.200534 0.227840 -0.121367 -0.131132 0.203591 0.159868 -0.004845 -0.030276 -0.089848 0.153653 0.045689 0.115090 -0.010705 0.084393 -0.199348 -0.159683 -0.094433 -0.063193 0.001842 0.307808 0.162794 -0.024440 -0.216190 -0.387961 -0.506102 -0.275878 -0.241761 -0.276633 -0.296965 0.045661 -0.142896 0.055883 -0.218992 -0.257317 -0.228327 -0.019522 0.340655 0.329481 0.570381 0.813839 1.027836 1.142813 0.556184 0.191110 -0.006009 0.217195 0.037357 0.017918 0.151191 0.228495 0.203443 -0.158158 0.005467 -0.109300 0.198207 -0.051392 -0.048764 0.118316 0.391576 0.415814 0.153393 -0.088951 -0.333301 -0.261013 -0.057085 -0.035071 0.166984 0.873247 0.425869 0.000461 0.369331 0.355066 0.122124 0.062556 0.088356 -0.041212 0.054368 -0.052079 0.018480 -0.005853 -0.254351 -0.210905 0.071059 0.116034 -0.030949 -0.115927 0.000691 0.063547 -0.076212 0.101244 0.105753 0.166816 0.033913 0.159817 -0.005233 -0.324372 -0.097107 -0.207208 0.082751 -0.029675 0.179118 -0.035850 -0.104153 0.046670 0.128692 0.001935 -0.101126 0.163611 0.207703 0.311839 0.565962 0.218772 0.018239 -0.007334 0.027452 0.185526 0.025496 -0.342623 -0.568129 -0.761953 -1.522664 -1.184760 -0.286473 -0.024007 0.006299 0.196004 -0.263290 -0.574636 -0.701202 -0.377333 -0.501503 -0.594548 -0.426712 -0.125255 -0.005458 0.358525 0.367449 0.571366 0.562724 1.176406 1.599255 1.557203 1.443254 -0.293785 -8.580411 -0.115511 -0.116587 0.135390 -0.081831 0.545569 0.044249 -0.295829 -0.460599 -0.113861 0.280016 -0.113132 -0.022368 0.735333 0.843204 0.989344 0.293958 -0.100510 -0.244016 -0.438076 -0.192197 -0.182359 -0.026411
-0.009549 0.125584 -0.080853 -0.471139 -0.159040 0.015352 0.123833 0.084902 0.055362 -0.072776 -0.203599 -0.179793 0.110231 0.036518 -0.113251 -0.264945 -0.218445 0.790053 0.824399 0.487952 0.106549 -0.006395 -0.261482 0.019853 0.415921 0.098484 0.060414 0.219258 0.043804 0.034519 0.128330 0.039691 -0.113113 0.185999 -0.047866 -0.074674 0.256116 0.102083 -0.117745 -0.286497 0.150775 -0.020256 0.245847 -0.063826 -0.433452 -0.419131 -0.157148 -0.244046 -0.020917 -0.164377 0.020932 -0.173838 0.088103 0.027542 0.106313 -0.026033 -0.018043 -0.378898 -0.265675 -0.109884 -0.047177 0.230225 0.434529 0.636897 0.484671 0.253247 0.256323 0.061230 0.049792 0.158385 -0.070531 0.101156 0.381781 0.289134 0.204498 0.366277 0.368966 0.125742 0.029481 0.108356 0.221900 0.008751 0.149020 0.183979 -0.047805 -0.043976 -0.409509 -0.769379 -0.406950 0.304503 0.454742 0.391105 0.663684 0.148122 0.026950 -0.107792 0.195926 0.164056 0.288729 0.478112 0.211584 0.791364 0.519452 0.050176 -0.047819 0.039171 -0.092392 0.042614 -0.144901 0.081423 0.074723 -0.016648 -0.015362 0.069793 -0.027044 -0.119763 -0.056193 0.123036 0.349812 0.470248 0.123820 -0.008161 -0.052939 -0.040315 -0.030795 -0.073008 0.004483 0.249661 0.165945 0.271386 0.391125 0.387278 0.342247 0.532934 0.216837 -0.028998 0.072787 0.067814 0.053279 -0.048871 -0.177968 -0.251228 -0.834120 -1.550512 -1.542356 -0.946274 -0.619441 -0.451333 -0.235044 -0.077685 -0.629904 -1.233649 -1.319547 -1.188862 -1.227883 -0.743627 -0.149957 0.001937 0.335723 0.518200 0.454093 0.568715 1.324780 1.496098 1.121576 1.177420 0.407732 0.226362 0.522962 1.262892 0.883418 1.080487 1.009493 0.111394 0.071050 0.084993 0.116643 0.130480 0.058938 -0.249420 0.147084 0.433495 0.164983 0.012421 -0.371552 -0.753798 -0.760408 -0.666923 -0.454996 -0.074826
-0.187811 -0.006705 0.108584 0.090674 0.204412 0.032726 -0.080592 0.003448 0.105821 0.112453 -0.069137 0.159356 0.527796 -0.006227 0.293025 0.227867 0.377837 0.329799 0.499073 0.042843 0.064216 -0.022496 -0.053368 0.040267 0.307696 0.155284 -0.029684 0.021907 0.029359 0.023688 -0.081681 -0.175822 -0.196069 -0.114528 -0.123042 -0.044941 0.232809 0.153638 0.054473 0.025005 0.144193 0.215134 -0.124392 -0.223129 -0.119510 -0.569998 -0.270519 0.047272 0.136376 -0.178082 0.145230 0.046242 0.113444 -0.009239 -0.012798 0.062323 0.046458 -0.183584 -0.212665 -0.029816 -0.039569 0.029805 -0.021474 0.061831 0.188291 0.082317 0.323959 0.184357 0.035043 0.251108 -0.032455 -0.011990 0.200319 0.258855 0.378284 0.238514 0.162109 -0.064529 -0.189446 -0.077227 0.142771 -0.070433 0.006882 0.662076 0.184172 -0.016820 -0.212078 -0.381991 -0.237859 0.197290 0.860171 0.657848 0.544187 0.205920 0.304135 0.111337 -0.195499 0.098743 0.137157 0.285281 0.353472 0.480573 0.359886 0.015470 0.154663 0.053234 -0.038557 0.010776 -0.138952 0.089585 -0.029508 0.078092 -0.068018 -0.013698 -0.367500 -0.130244 -0.007209 -0.048903 0.309417 0.217544 0.106561 0.158418 -0.025998 -0.084690 0.168826 -0.122953 -0.137475 0.257914 0.025303 0.078682 0.170118 0.016134 0.121104 0.116855 0.244637 0.182600 0.037413 -0.001175 -0.052233 -0.068300 -0.100445 -0.446929 -0.875250 -1.061109 -2.011084 -1.636665 -1.190951 -0.815600 -0.582461 -0.249668 0.012383 -0.647248 -1.435348 -1.409808 -0.365514 -0.057885 -0.243464 -0.231757 0.078121 0.156309 0.344248 0.589591 1.287330 1.324460 1.138977 0.948435 1.141217 0.119894 0.529410 0.678917 0.452124 0.623493 0.703779 0.532794 -0.062708 -0.164854 -0.152963 0.280162 -0.054048 0.252043 0.080438 -0.289393 0.190631 -0.019311 -0.533102 -1.208825 -1.065417 -0.568590 -0.409433 -0.214834
-0.049636 0.114057 0.110684 0.151959 0.137491 -0.168511 0.009088 0.018640 -0.084931 0.077809 0.207358 0.554686 0.599648 0.781180 0.403205 0.569813 0.410149 0.247961 0.239512 0.059747 0.001486 -0.078988 0.034677 0.123811 -0.120774 0.058662 -0.105110 0.027798 -0.004322 0.006093 -0.207874 0.119985 -0.001884 0.145846 0.393131 0.073800 0.023424 0.017042 0.170724 0.187295 0.088504 -0.012512 0.154195 0.135954 0.240741 -0.052332 0.046524 0.017471 0.051707 -0.006361 0.094784 0.072487 0.157738 -0.069172 0.023008 0.236801 0.183201 -0.066927 0.010644 -0.001860 -0.190235 -0.284050 -0.120800 -0.309078 -0.046714 0.052693 0.088995 0.163574 0.218889 0.128328 0.086736 -0.048572 -0.101752 0.052478 -0.025000 0.422421 0.255649 -0.083448 -0.231268 -0.280853 -0.092833 0.073519 0.016019 0.133323 0.059436 0.671978 -0.044724 -0.432688 -0.443333 0.126559 0.242998 0.295409 0.172533 -0.099337 -0.159661 -0.118789 -0.104429 -0.587068 -0.404065 -0.495828 -0.163322 0.118387 0.405250 0.374290 0.426131 0.021283 0.074062 -0.018210 -0.090449 0.071156 -0.075725 -0.028367 0.036045 -0.213700 -0.156832 0.025714 -0.121737 0.022798 0.210423 0.018826 0.092801 -0.105937 -0.083124 0.171997 -0.065637 -0.222892 -0.009537 0.036411 -0.071723 -0.042014 0.004404 0.014025 0.025184 0.131572 0.486776 0.331486 0.282724 0.044225 -0.006557 -0.076147 -0.122607 -0.149626 0.044729 -0.270322 -0.721834 -1.820738 -0.876427 -1.519582 -1.053245 -0.298538 -0.057296 0.188455 -0.071220 -1.113185 -0.309230 -0.217284 -0.292045 -0.176485 -0.006509 0.007858 -0.145587 0.349205 0.835758 0.741794 2.750141 0.587529 0.750687 2.065678 0.953276 0.505482 0.191338 0.360376 0.189158 0.102155 -0.443680 -0.376441 -0.005481 0.122432 0.200031 0.158653 0.022637 -0.166521 -0.064465 -0.043052 -0.528627 0.070896 -1.471033 -0.196781 -0.036415 -0.386996
-0.131228 0.109438 -0.097763 0.111145 -0.064032 -0.028639 0.060232 -0.141871 0.069030 0.106940 0.306954 0.616488 0.959205 1.029122 0.798212 0.391129 0.232281 -0.183603 -0.017224 -0.229067 -0.218470 -0.003699 -0.182785 -0.194801 -0.058067 -0.103798 -0.017235 -0.094399 -0.035024 0.191577 0.019768 0.036268 0.026883 0.169108 0.127707 0.071540 0.376072 0.397247 -0.046764 -0.245162 -0.069440 -0.122558 0.157988 0.218550 0.516365 0.304451 1.137244 0.384006 -0.033375 -0.120063 0.036150 -0.118303 -0.038369 0.235534 0.195295 0.259532 0.388209 0.023846 0.116177 -0.032662 -0.279701 -0.353987 -0.418785 0.110918 -0.143116 0.368323 0.094372 0.045050 -0.071761 -0.039363 0.052817 0.220565 0.071900 0.015445 -0.049128 0.083156 0.072138 -0.143260 -0.438075 -0.400340 -0.343584 0.020282 -0.144750 0.041647 0.018739 0.419917 0.870851 -0.042355 0.211561 0.096679 -0.088133 0.375386 0.268572 -0.176668 -0.222145 -0.337882 -0.409304 -0.499280 -1.356960 -0.985921 -0.643222 -0.639641 -0.390036 0.017105 0.191212 -0.041049 -0.089677 -0.049267 0.028716 0.016609 -0.202663 -0.023500 -0.041764 -0.359421 -0.351295 0.261485 0.120593 -0.019040 0.132786 0.008606 0.146998 -0.025153 -0.099836 0.068036 0.246676 -0.191038 0.012497 0.120389 0.005212 -0.162227 -0.160989 0.039580 0.049386 0.095398 0.271489 0.212650 0.096083 0.034139 0.237580 0.120764 0.289908 0.890671 0.433790 0.229464 0.175953 -1.977651 -2.019024 -1.057659 -1.451076 -0.443450 -0.151966 0.053897 0.049520 0.351472 -0.286859 -0.143770 -0.022489 -0.154711 -0.158561 -0.051661 -0.062049 0.032220 0.214552 2.049139 2.071455 1.869935 1.873856 1.899176 1.899564 0.768463 0.110645 0.040641 -0.238190 -0.415711 -0.486243 -0.409801 -0.049818 -0.091777 0.114183 0.121001 0.236621 0.128011 0.070407 0.015838 -0.396288 -0.821691 -1.036768 0.517930 0.155433 -0.125289
-0.219450 -0.068632 0.196347 0.037652 0.041821 -0.048516 -0.020663 0.105122 0.003349 -0.008766 0.162949 0.575969 0.671982 0.620079 0.493743 0.303879 -0.069051 -0.148627 -0.595094 -0.491860 -0.433178 -0.163008 -0.150854 -0.154925 0.000508 -0.038374 -0.017996 -0.073642 -0.081448 0.335473 0.061658 0.072021 -0.026535 0.360042 0.197022 0.160355 0.624742 0.358571 0.220707 0.072213 0.070504 -0.373443 0.035632 0.196850 2.043099 1.433384 1.068094 0.094969 0.016832 0.023001 -0.020269 0.120669 0.126022 0.018889 0.292158 0.269781 0.041141 -0.112239 0.078472 -0.094069 -0.323479 -0.407793 0.022181 -0.039709 -0.100855 0.000390 0.190546 0.139463 -0.080916 -0.117880 0.018198 0.000488 -0.033365 0.072129 -0.073568 0.090185 0.144507 0.264706 -0.589806 -0.590019 -0.499307 -0.260520 -0.165479 -0.025840 0.052356 0.408519 0.458374 0.287863 0.141924 -0.034898 -0.039934 0.062971 0.164456 -0.301643 -0.068423 -0.466720 -0.499997 -1.805330 -1.858546 -1.914282 -1.699438 -1.711569 -0.615189 -0.097948 -0.091185 -0.014955 0.033797 0.139368 -0.112487 -0.119705 -0.115919 -0.019877 0.051162 -0.017971 -0.325663 -0.142951 0.190504 0.160291 0.162194 -0.221666 -0.072330 0.049381 -0.081543 -0.096993 0.113396 -0.052560 -0.037337 -0.010519 -0.207140 -0.027345 -0.067002 -0.106801 0.054863 -0.092446 0.106100 0.327116 0.160619 0.250333 0.289398 0.268093 0.580487 0.769563 0.630640 0.490791 0.441731 0.163843 1.513087 2.069919 1.971001 0.109573 -0.090948 0.006303 -0.128830 -0.019146 0.364439 0.252732 0.409640 0.013810 -0.149039 0.104907 -0.179578 -0.136949 0.419136 0.068985 1.912583 1.967920 1.971610 2.008127 2.070038 0.781176 0.246043 -0.147898 -0.262473 -0.319519 -0.351675 -0.174841 -0.362126 -0.239544 -0.159665 -0.260353 -0.082565 -0.234260 -0.160931 -0.061211 -0.625978 -0.389782 0.352615 -0.083604 0.177631 -0.125548
0.138356 0.096256 0.027237 0.037166 -0.133052 -0.099236 -0.100678 -0.105680 -0.052176 0.045342 0.099683 0.430872 0.539118 0.377800 0.191493 -0.118010 -0.209935 -0.477312 -0.525779 -0.718815 -1.031704 -0.371415 -0.149332 -0.282147 -0.191468 -0.071623 -0.352793 -0.194204 -0.035145 -0.048564 0.183635 -0.058212 0.043045 0.363908 0.217085 -0.057522 0.332415 0.192946 -0.025990 -0.073168 -0.017606 -0.393172 -0.018359 1.946676 1.578882 1.323764 0.310999 -0.106382 -0.020505 -0.218597 -0.164086 -0.046237 0.013717 0.003713 0.079910 -0.000375 0.145297 -0.063280 0.224342 0.216813 0.436892 0.260445 -0.031287 -0.016158 -0.072189 0.292044 -0.064421 0.126737 0.130959 -0.205072 -0.165230 -0.175374 -0.059441 0.047529 0.156645 0.162772 -0.066894 0.077642 -0.042671 -0.088180 -0.606605 -0.729579 -0.456857 -0.118513 0.182418 0.032964 0.390586 -0.119662 0.153137 0.126206 -0.028102 -0.028602 -0.208363 -0.086357 0.023528 -0.096760 -0.251713 -1.145824 -2.200021 -1.948914 -2.011232 -2.040923 -1.075044 -0.315437 -0.141607 0.019478 0.056077 0.003270 0.095386 -0.114833 0.109813 0.010901 0.058638 0.009392 0.066693 0.073339 -0.029692 -0.139410 0.179315 0.201947 0.047018 0.085530 0.156138 -0.112680 0.003526 -0.199527 -0.324140 -0.089719 -0.328179 -0.067453 -0.086414 0.037705 -0.058683 -0.113683 0.077818 -0.013949 -0.020709 -0.050262 0.039159 0.133979 0.439843 0.395916 0.645005 0.607023 0.704847 1.003979 1.385965 1.658591 1.560617 1.155875 0.028477 0.071219 0.174486 0.247128 0.128636 0.172887 0.193362 0.061975 -0.091118 -0.035144 0.069416 0.262912 0.235215 2.934845 1.466264 1.637342 1.766701 1.200603 0.766359 0.249827 0.188449 -0.102700 -0.149475 0.060159 -0.002222 -0.070482 0.044097 -0.112666 -0.223261 -0.238712 -0.166396 -0.199853 -0.202273 -0.412654 -0.490481 -0.252601 -0.276732 0.117834 -0.056767 -0.017353
0.085083 -0.021802 -0.213665 -0.139301 -0.227665 -0.111714 -0.040201 -0.039028 0.097311 -0.009762 0.148411 0.542244 0.605431 0.330377 0.010629 -0.149295 -0.313434 0.806792 1.053619 0.676198 0.209158 -0.469656 -0.469166 -0.323322 -0.361965 -0.358088 -0.335180 -0.206958 0.244639 0.111855 0.126461 0.046107 -0.170087 -0.139364 -0.197899 -0.304772 -0.402914 -0.254383 -0.457670 -0.397744 -0.126144 0.080626 1.539490 1.682304 1.370050 1.046654 0.283308 -0.376817 -0.455594 -0.251668 -0.040068 0.003666 -0.000696 -0.171786 -0.098777 0.050708 -0.017894 -0.113010 0.026245 0.203316 0.147271 0.255806 0.252554 0.036535 -0.028803 -0.256163 -0.164411 0.038306 -0.107919 -0.102261 -0.086836 -0.231370 0.121516 -0.088141 -0.158349 0.132314 0.195163 0.036579 0.085241 0.431608 0.756360 -0.394467 -0.353084 0.154633 0.142829 0.136173 0.124751 0.459136 0.273815 0.252917 0.152142 -0.135085 -0.196186 -0.063435 -0.149577 0.020252 0.142652 0.038513 0.031888 -0.093795 1.075866 0.949530 0.261117 0.078008 0.011624 0.086419 0.129642 0.099373 -0.092583 0.072921 -0.065469 0.029158 -0.022480 -0.016298 -0.078183 -0.002000 -0.156839 0.134479 0.114246 0.146916 -0.016822 -0.022807 0.008691 -0.147134 -0.153227 -0.159145 -0.198606 -0.290334 -0.271331 -0.442779 -0.216430 -0.221548 -0.399910 -0.062953 -0.067349 0.010834 0.067669 0.000057 -0.059043 -0.179875 0.276387 0.145747 0.328915 0.493107 0.594040 0.591093 0.599821 0.766063 0.638486 0.478442 -0.095966 -0.144848 -0.148063 0.112137 0.162831 0.073266 0.009046 -0.011519 -0.015313 0.120495 0.050007 0.154407 -0.015865 0.122155 0.611652 0.642528 0.722924 0.264525 0.439664 0.305336 -0.154083 0.231254 -0.018557 -0.188520 -0.084840 -0.016254 -0.157892 -0.392023 -0.271195 -0.345473 -0.308077 -0.521104 -0.170609 -0.218393 -0.291044 0.170437 0.115512 0.236243 0.039647 0.384564
-0.062159 0.011264 0.027049 -0.297050 -0.004869 -0.086967 -0.167180 -0.172211 0.129175 0.219092 0.376493 0.038805 -0.003531 -0.012584 0.001131 0.080375 0.236597 0.780275 1.198584 1.167434 0.487329 -0.069781 -0.230064 -0.598102 -1.009826 -1.225674 -0.330670 -0.180489 -0.051723 0.179948 -0.024753 -0.068892 -0.362078 -0.563454 -0.572163 -0.955658 -0.955475 -0.908985 -0.228881 -0.094724 0.561289 1.367894 1.089339 0.960310 0.784651 0.535453 -0.120048 -0.845773 -1.010028 -0.665477 -0.214719 -0.038143 -0.163628 -0.400132 -0.303223 -0.080608 -0.197516 -0.076359 0.035487 0.090096 0.204757 0.057246 0.052905 0.145187 -0.336299 0.003329 0.674174 0.454905 0.100381 0.261522 0.050708 0.148812 0.087861 0.047652 0.057069 0.035573 0.016455 -0.166299 -0.016644 0.132203 0.109496 0.169183 -0.197458 -0.061701 0.039644 -0.172232 0.075921 -0.004817 -0.160650 -0.046301 -0.000413 -0.187363 -0.116808 -0.459645 0.093090 0.006796 -0.010773 -0.056864 1.125592 0.817738 0.556615 0.600845 0.617641 0.365529 0.076514 0.059321 0.058158 -0.035916 -0.120054 0.052110 -0.105195 0.058582 0.018403 -0.042408 0.093205 -0.002216 0.086912 0.092511 0.085465 0.091686 -0.022225 -0.009464 0.144397 0.095770 0.001402 0.135234 -0.237496 -0.421885 -0.243390 -0.737870 -0.700840 -0.735689 -0.730596 -0.394906 -0.070578 -0.146319 -0.141403 -0.094999 -0.126701 0.066278 0.041259 0.016396 0.263291 0.380457 0.198398 0.224887 0.215820 0.061620 -0.151873 -0.681799 -0.858022 -0.402303 -0.362245 -0.034896 0.066327 -0.078494 0.047363 0.065139 0.159294 0.043990 0.168945 0.116780 -0.047953 0.057856 0.034757 0.073081 0.102630 -0.708440 -0.102471 -0.101971 -0.265971 -0.144658 0.103098 -0.137061 -0.285239 -0.035805 -0.319724 -0.541054 -0.455527 -0.477030 -0.524716 -0.674462 -0.206984 -0.302023 0.152274 -0.075284 0.110285 0.060793 0.140876 -0.094601
-0.165568 0.104378 -0.125870 -0.185286 -0.132279 -0.040560 -0.131976 0.078162 0.039102 0.040976 0.120306 -0.071914 -0.130238 -0.229518 -0.033731 0.022139 0.051584 0.376057 0.553016 0.585478 0.129306 0.183738 -0.245794 -0.450770 -1.150477 -0.614535 -0.340448 -0.237245 0.065006 0.161989 0.173196 -0.101622 -0.497319 -0.804020 -0.991986 -1.069781 -1.245239 -0.707393 -0.099681 0.129427 0.601443 0.595469 0.659270 0.600125 0.352443 0.256721 -0.365305 -1.262086 -1.463098 -0.931312 10.718547 -0.167402 -0.023847 -0.135117 -0.268031 -0.127036 -0.113089 0.121012 0.007996 0.206074 0.126233 -0.052458 0.060954 0.109399 0.173368 -0.113865 0.174195 0.621115 0.379516 0.170117 0.156485 -0.059407 -0.073674 -0.020006 -0.016630 -0.060712 -0.126291 -0.033568 -0.090355 0.003142 -0.066061 -0.003221 -0.146331 -0.080127 -0.141619 -0.273663 -0.133251 -0.207555 0.122796 0.293870 -0.116248 -0.112302 0.041701 -0.305419 -0.299882 -0.214122 0.077814 0.528818 0.690055 0.552983 0.209711 0.218233 0.385113 0.078437 -0.023506 0.029754 -0.279531 0.004263 -0.121458 -0.222018 -0.054097 0.015059 0.094034 -0.327466 -0.196490 -0.182812 0.159959 -0.137417 0.221052 0.218905 0.131858 -0.000634 -0.067187 -0.090978 0.062728 0.021647 -0.104091 -0.424674 -0.549628 -0.629753 -0.713251 -1.118955 -1.454002 -0.500865 0.139934 -0.218192 -0.132631 -0.105618 0.060068 -0.010219 -0.066597 -0.096361 0.089754 0.009784 -0.081190 -0.080137 -0.056869 -0.481960 -0.680141 -1.192284 -0.962039 -0.581666 -0.322858 0.128566 -0.007041 -0.186679 -0.187880 0.025263 -0.113315 0.078781 0.110072 -0.005618 0.097346 0.002906 0.215449 0.339591 0.421968 -0.555751 -0.416657 -0.262727 -0.023370 -0.254635 -0.065446 -0.012813 -0.485834 -0.331604 -1.146135 -1.141283 -1.140235 -0.733172 -0.109466 0.015272 -0.035287 0.112320 0.077459 0.024738 -0.045395 0.038675 0.024251 -0.053539
-0.149390 -0.127563 -0.070324 0.031539 -0.087352 0.118493 -0.003545 0.102022 0.012683 0.005616 -0.038340 0.045229 -0.113353 0.027365 0.139851 0.015921 0.062301 0.134384 -0.105934 -0.149093 0.079294 -0.081736 -0.184808 -0.277389 -0.101193 -1.105922 -0.571259 -0.153183 0.047290 -0.066531 0.014466 -0.238401 -1.105234 -1.258060 -0.946266 -3.394160 -0.950709 -0.539048 -0.177167 0.370253 0.525495 0.103528 0.126365 0.270609 0.405444 0.172401 -0.129965 -1.429377 -1.856852 0.686364 0.208897 -0.020564 -0.318254 -0.081762 0.195390 0.117423 -0.507184 -0.171110 0.204435 0.177873 0.160914 0.201827 -0.109838 -0.061181 -0.121486 -0.073513 0.588846 0.294681 0.156147 0.064100 0.136800 0.015794 -0.076607 0.005775 -0.168518 -0.093944 -0.174423 -0.079809 -0.086248 0.041703 0.094867 -0.244764 0.044692 -0.268791 -0.536329 -0.428789 -0.131909 -0.218180 0.202067 0.514929 0.127086 0.318868 0.216959 -0.101956 -0.042961 -0.000135 0.086480 0.192204 0.333541 0.211334 0.100123 -0.160414 -0.133595 -0.143995 -0.208131 -0.173071 0.052698 -0.072590 -0.228397 -0.399906 -0.067169 -0.285069 -0.060398 -0.311644 -0.221603 -0.143164 0.234323 0.239473 0.306043 0.233089 0.119578 -0.049489 0.160393 -0.170230 -0.022564 -0.182967 0.216944 0.270421 -0.727312 -1.096695 -1.410437 -1.579658 -2.212550 0.087204 0.014863 -0.076645 -0.028747 0.042417 -0.073253 -0.133615 -0.166300 -0.093595 -0.040266 -0.260301 -0.025092 -0.080544 -0.243001 -0.394635 -0.580236 -0.970105 -1.267782 -0.718142 -0.568569 -0.160590 -0.058903 0.017741 -0.064077 0.401082 -0.022686 0.157180 0.080874 0.085967 0.005038 -0.054293 0.132215 0.029197 0.264414 0.594910 0.772202 -0.136496 -0.291351 -0.372720 -0.302884 -0.141840 -0.664147 -1.023168 -1.545137 -1.707374 1.478788 0.711138 0.468571 0.097161 0.116964 0.120401 0.070477 0.068957 -0.138388 0.178715 -0.286339 0.134852
0.041910 -0.111462 -0.028923 0.108815 -0.109888 0.059868 0.153504 0.070962 0.016174 -0.024480 -0.146440 -0.059476 -0.072805 -0.033513 -0.048170 -0.001459 0.051105 -0.192630 -0.574430 -0.573115 -0.384655 -0.503965 -0.660491 -0.760196 -0.901658 -0.639100 -0.162477 0.315624 0.118302 -0.052828 -0.097748 -0.437825 -0.155603 -1.126313 -0.609490 -0.622326 -0.351692 -0.090287 0.101681 0.201444 0.325469 -0.078407 0.100863 -0.068994 0.142794 0.179277 -0.003273 0.007957 0.898379 0.413613 0.224986 0.005020 -0.070561 -0.179367 0.223259 0.141327 0.088650 -2.766082 0.092281 -0.138312 0.131107 -0.156441 -0.072662 0.414627 0.130191 0.285600 0.445987 0.104748 0.164911 0.070403 -0.005409 -0.030604 0.046059 -0.017202 0.045666 -0.150341 -0.292305 -0.347133 -0.369242 -0.154648 -0.116191 -0.001905 -0.213315 -0.118407 -0.238372 0.015685 -0.094296 -0.089178 -0.179703 0.026998 0.105707 0.155136 0.118433 -0.066606 -0.069907 0.295339 0.606940 -0.160616 0.102730 0.180656 -0.121765 0.020728 -0.409966 0.124977 0.069015 0.414713 0.081238 -0.071729 -0.297475 -0.394895 -0.327091 -0.353295 0.247144 -0.021599 0.152015 0.098869 0.177688 0.135775 -0.133789 0.036378 0.049849 0.100507 -0.090163 0.138941 -0.071793 0.088519 0.006125 0.028157 0.057733 0.237512 -1.737742 -1.790704 -0.326276 0.082750 0.230614 0.021208 -0.133647 -0.101837 -0.066458 -0.015528 -0.050479 0.055748 -0.173293 -0.288836 0.004798 0.060731 -0.211138 0.134935 -1.582133 -1.094864 -1.155722 -0.923525 -0.938696 -0.449558 0.149986 0.337499 0.109623 0.048483 -0.042978 -0.051599 -0.052193 -0.326292 -0.313330 -0.319910 -0.132265 0.207269 0.313529 0.364407 0.636742 -0.376885 -0.602048 -1.093893 -1.053174 -0.781943 -0.876019 -1.048072 0.460768 1.368059 1.441128 1.242532 0.434083 0.273436 0.440613 0.672311 1.081425 -0.151792 -0.024114 0.100282 -0.357869 0.074322
0.128215 0.111177 0.025533 0.062250 0.052699 -0.039595 -0.028116 0.009723 -0.004723 0.075461 -0.033014 0.235671 0.052087 0.021783 0.137979 -0.063103 -0.156261 -0.023441 -0.631748 -1.340665 -1.162495 -0.779038 -0.774003 -0.623480 -8.894577 0.322007 0.290587 0.188156 -0.031573 -0.082060 -0.071353 -0.107220 -0.187773 -0.182494 -0.949366 -0.930415 -0.896138 -0.114652 -0.061946 -0.023337 -0.064941 -0.195168 -0.092772 1.745152 0.044734 0.042663 0.144133 -0.019407 0.516175 0.323779 0.104854 0.079726 0.152816 0.059304 0.180394 0.046627 0.057362 0.510457 0.423413 0.462336 -0.054237 0.085875 0.507321 0.225117 0.218017 0.201178 0.319397 0.198942 0.096961 0.082488 0.294633 0.114969 -0.055646 0.041750 -0.214081 -0.204849 -0.477004 -0.561780 -0.348385 -0.338169 -0.416653 -0.250815 -0.052571 -0.261941 0.294080 0.095770 -0.190987 0.006166 0.135931 0.033049 -0.014286 0.014782 0.104548 -0.210361 -0.017704 0.269040 0.358074 -0.533418 -0.169658 -0.150635 0.057676 0.539625 0.501239 0.547141 0.466054 0.201430 -0.001389 -0.385254 -0.351872 -0.278943 -0.218857 -0.024422 0.036536 0.023014 -0.074134 0.015368 -0.135160 -0.058926 -0.143917 -0.152717 -0.009292 0.204511 0.039805 0.095767 -0.195838 -0.322135 -0.199141 0.008007 -0.000656 0.294847 0.379155 0.587212 0.673392 0.173822 0.103744 0.017170 0.007769 0.150024 0.147265 -0.098172 -0.046646 -0.247422 -0.293900 -0.205424 -0.081128 0.193684 0.116076 0.124868 0.269193 0.252888 -0.633211 -0.512647 -0.390263 -0.592901 -0.147396 0.095174 0.018820 0.102872 -0.113321 -0.283089 -0.332599 -0.442488 -0.351089 -0.673725 -0.399161 0.123594 0.101556 0.488858 0.832812 0.735634 0.733108 -0.904683 -0.364684 -0.829496 -1.169829 1.877038 1.759892 1.221413 1.005181 0.786821 0.498671 0.463997 0.507970 0.781231 1.012916 0.099143 -0.019639 -0.116746 0.052532 0.087545
-0.060826 0.082524 0.138730 0.067066 0.067868 -0.021773 -0.200435 -0.246537 -0.001193 -0.133988 0.138677 0.238940 0.026141 -0.064885 0.030241 0.086206 -0.021817 -0.110702 -1.099408 -1.010472 -1.146416 -1.353939 -0.317852 0.801529 0.637830 0.153737 -0.042290 0.001286 -0.024607 -0.074868 -0.109112 0.074730 0.203053 -0.084224 0.135175 0.535159 0.361453 -0.131564 -0.221281 -0.163290 -0.301421 -1.000005 -0.448531 -0.705271 -0.070013 0.012522 0.252431 0.376781 0.327230 -0.140153 -0.175692 -0.105285 0.077166 0.077523 0.318714 0.448584 0.233606 0.335995 0.414213 0.514499 0.225991 -0.035057 0.010636 -0.123341 -0.211611 0.055100 -0.156096 -0.069382 -0.060242 0.020618 0.027077 0.208383 0.187520 0.259222 0.162797 -0.227148 -0.306337 -0.260221 -0.504460 -0.964473 -0.750408 -0.486494 0.023454 -0.200626 -0.071984 -0.065988 -0.072624 0.090647 -0.062669 -0.021071 -0.193657 -0.038612 0.013474 -0.060067 -0.104843 -0.023824 -0.604830 -0.506014 -0.443436 -0.242121 0.314572 0.319290 0.220719 0.344388 0.279656 -0.199661 0.135106 -0.291588 -0.685093 -0.424258 -0.337226 0.006474 0.021320 0.054246 0.034390 0.022568 -0.364927 -0.117160 -0.087222 -0.046826 -0.177841 -0.063679 0.019395 -0.234852 -0.427054 -0.554372 -0.661420 -0.498048 -0.336252 0.078380 0.368791 0.743792 0.891182 0.235430 0.166494 0.004283 -0.071726 0.186848 0.084502 -0.262834 -0.281465 -0.513371 -0.447768 -0.177957 -0.071774 0.252004 0.179821 0.040767 -0.081673 0.295161 0.192327 -0.642895 -0.713112 -0.075230 -0.144895 -0.053574 -0.011749 0.042779 0.212650 -0.191665 -0.479547 -0.852943 -0.526756 -0.525586 -0.086591 0.161327 0.232709 0.449060 0.456685 0.640000 1.630154 1.334199 1.207188 1.807874 1.078178 1.600168 1.403786 0.619822 0.737128 0.441782 0.480393 0.498002 0.705354 0.951945 1.091834 -0.168916 -0.227012 -0.115101 -0.023211 -0.133661
0.099172 0.073003 -0.040293 0.026593 0.068036 -0.143942 -0.410792 -0.231638 -0.131904 -0.048758 0.006777 -0.020701 -0.158590 -0.191955 -0.053189 0.105694 0.158254 0.521747 -0.056407 -0.143540 0.056472 0.464846 0.672730 0.557362 0.706866 0.460753 0.178655 -0.007789 -0.167543 -0.298695 -0.041235 0.161843 -0.139536 0.080322 -0.011606 0.193830 -0.029848 -0.309017 -0.230994 -0.522172 -0.431910 -0.316580 -0.919489 -0.615968 -0.056346 0.077025 0.129995 0.158761 -0.008010 -0.465876 -0.260350 -0.035120 -0.087386 -0.082407 0.110615 0.134079 0.229678 0.198245 -0.051365 0.012166 0.015059 0.039328 -0.476877 -0.653274 -0.573060 -0.184533 -0.330457 -0.206875 -0.161634 -0.170960 -0.202934 -0.143554 0.119596 0.048866 0.294852 -0.061158 -0.357561 -0.604628 -1.074863 -0.869619 -1.149164 -0.936939 -0.531229 -0.418386 -0.358284 -0.163839 0.157323 0.042632 0.047427 -0.004287 0.045779 0.005925 -0.115099 -0.047368 -0.219344 -0.562798 -0.964768 -0.996368 -0.490196 0.486639 0.726862 0.301631 0.060533 -0.157827 -0.070208 -0.040817 -0.066144 0.002622 -0.850180 -0.166063 -0.117304 -0.243748 -0.277581 -0.174159 0.126896 0.336874 -0.053109 0.034411 0.010353 -0.029587 -0.049046 0.053236 0.018326 -0.085852 -0.442898 -0.490731 -0.719127 -0.728407 -0.476991 -0.212401 0.063529 0.402908 0.268921 0.177188 -0.070071 0.054967 -0.023994 0.014879 -0.079820 -0.483705 -0.555954 -0.578964 -0.380645 0.273755 0.266699 0.374900 0.090905 -0.269330 -0.073188 -0.172193 -0.057208 0.037800 -0.313309 -0.345157 -0.127623 0.027939 -0.045344 0.095382 -0.115014 -0.220535 -0.449750 -0.697469 -0.610590 -0.414490 -0.309481 0.075720 0.144549 0.227961 0.429710 0.757033 1.216717 1.273501 0.816129 2.164000 1.557317 1.578828 0.915234 0.623544 0.338741 0.132404 0.110123 0.271745 0.728268 0.869116 -0.002225 -0.423603 -0.237120 -0.266628 0.107606 0.087247
-0.177328 -0.043118 -0.006837 0.054318 -0.176772 -0.204003 -0.054628 -0.182634 -0.107622 -0.047023 0.008784 -0.120307 -0.098178 0.024307 0.008138 0.058178 0.327124 1.134032 1.656374 0.634840 0.516763 0.513583 0.451614 0.374969 0.250187 0.486177 -0.374024 -0.536527 -0.224810 -0.210499 -0.090047 -0.099724 -0.136821 0.271297 -0.018830 -0.317629 -0.290590 -0.409273 -0.524648 -1.139676 -0.786622 -0.417970 -0.224966 -0.099978 0.290204 -0.076546 0.056495 0.073235 0.146592 0.019754 0.016320 -0.353429 -0.207318 0.009403 -0.303150 -0.136975 -0.192960 -0.266805 -0.394086 -0.247533 0.050974 0.214597 0.067198 0.083979 0.242363 0.302666 0.008975 0.013306 0.009110 -0.064769 -0.638230 -0.393964 -0.232683 -0.011385 -0.108629 -0.119465 -0.244764 -0.290558 -0.241877 -1.761864 -0.926681 -1.309298 -0.946656 -0.749168 -0.368673 -0.301981 -0.076726 -0.128315 0.068356 -0.003446 0.150334 -0.045550 -0.219914 -0.175436 -0.345070 -0.789938 -0.877947 -1.062895 -0.010956 0.266661 0.153670 0.234543 0.158799 -0.273706 -0.286448 -0.181630 0.103939 -0.226565 0.156794 0.255568 0.151552 0.146155 0.103772 -0.355906 0.076592 0.129746 0.169165 0.110355 0.161634 0.240758 0.796437 0.418208 -0.030245 -0.241178 -0.611956 -0.798775 -0.722530 -0.920786 -0.655038 -0.344127 0.259880 0.319778 0.273991 0.315866 -0.042586 -0.243439 -0.312554 -0.224678 -0.257682 -0.501844 -0.705106 -0.841855 -0.045888 0.306357 0.210326 0.119914 -0.162861 -0.326793 -0.202825 -0.110867 -0.281100 -0.175832 -0.189503 -0.465702 -0.175817 -0.193448 0.006470 -0.022962 0.106622 0.684443 0.910736 0.108643 -0.008166 0.095186 -0.209531 0.407074 0.007548 -0.072441 0.232991 0.228939 0.516183 0.901512 1.368564 1.372857 0.976364 0.951995 0.598556 0.148249 0.053619 -0.101536 -0.015889 0.328462 0.427531 0.386652 1.164104 -1.065600 -0.228147 -0.114195 0.251909 0.197856
-0.217123 -0.136555 -0.115259 -0.008633 -0.039443 -0.012182 0.304381 0.000213 0.061453 0.158779 -0.009748 0.061555 -0.007698 -0.175046 -0.192747 0.180400 0.608942 0.824112 1.163840 1.410201 1.217546 0.679753 0.403354 0.540227 0.496256 0.338909 0.149156 0.106877 -0.506810 -0.439636 -0.228517 -0.257439 -0.114393 0.064432 0.010698 0.715227 0.200511 0.506515 -0.134817 -0.307338 -1.012050 -0.505925 -0.304725 0.085171 0.091039 -0.027412 -0.037844 -0.200340 -0.130731 0.324638 0.232795 -0.245009 -0.255489 -0.087603 -0.181233 -0.381065 -0.749066 -0.933071 -0.796524 -0.530332 -0.580580 0.209294 0.231868 0.273825 0.670034 0.881947 1.321949 0.600188 -0.081435 0.213726 0.026757 -0.158194 0.069115 -0.013427 -0.128264 -0.012671 0.070507 -0.065243 -0.008958 -0.153948 -0.368687 -0.022824 -1.572792 -1.468564 -0.120741 -0.078837 -0.053609 0.409320 0.121440 -0.051957 0.047626 0.002749 -0.238451 -0.220493 -0.107682 -0.646756 1.739846 0.739865 0.826178 0.538596 0.092208 0.197548 0.164805 -0.297532 -0.117537 0.088699 0.198124 0.320662 0.383433 0.191765 0.783305 0.939231 0.527242 0.334997 0.128705 0.042729 -0.091748 0.311831 0.170755 0.853519 0.904806 1.116580 0.004303 -0.180811 0.149453 -0.528314 -0.537412 -0.208690 -0.595823 -0.471299 0.227907 0.203071 0.181932 0.179157 0.093032 -0.284890 -0.587529 -0.415547 -0.639766 -0.516085 -1.021499 -1.091912 0.009200 0.249271 0.135359 -0.067977 -0.003907 -0.102955 -0.447880 -0.283828 -0.083251 -0.135827 -0.555053 -0.140304 0.069808 -0.071539 -0.068174 0.141939 0.309217 0.530856 0.353145 0.173773 0.128821 -0.221557 -0.217963 0.006685 -0.001754 0.096206 -0.126055 0.160000 0.649509 0.674445 0.810040 0.720658 0.528388 0.523405 0.050869 -0.006422 -0.021216 -0.131804 0.094548 -0.042879 0.280110 0.787644 1.225078 -1.278718 -0.494455 -0.027067 -0.055937 -0.096319
-0.255853 0.007908 -0.018679 -0.133873 0.025158 -0.023789 -0.019883 0.032065 -0.068629 -0.061926 -0.112525 -0.009895 0.089324 -0.028601 -0.219267 0.073480 0.190813 0.646732 0.806091 0.878581 1.081395 0.615299 0.722694 0.399185 0.447852 0.201519 0.239865 0.292197 0.253303 -0.143140 -0.265899 0.023801 0.069352 -0.055779 0.259313 0.214032 0.157104 0.365833 0.265146 -0.352138 -0.242216 0.010727 0.076897 0.158171 0.120396 0.131606 -0.005225 -0.029719 0.073183 0.047880 0.233450 0.339344 -0.115944 -0.598024 -0.550784 -0.641018 -0.292743 -0.464208 -0.568584 -0.496520 0.115165 0.239831 0.270677 0.210242 0.312283 0.897401 0.616139 0.286696 0.073929 0.229771 0.361486 0.285169 0.139241 0.235118 0.333697 0.042967 0.069768 -0.050914 0.180175 0.261953 0.616139 1.720796 1.829337 0.218272 -0.230981 -0.155116 -0.134002 0.144351 0.156202 0.163007 0.171991 -0.151278 -0.074047 -0.155790 -0.226580 1.252065 0.899520 0.850577 0.182796 0.236087 0.065895 -0.064006 0.132348 0.301176 0.038943 0.400317 0.548575 0.132739 0.144079 0.312050 0.431150 0.424875 0.319633 0.176078 0.183483 0.020528 0.111671 0.141107 0.213246 0.458434 1.010720 0.934267 1.601443 1.193704 -0.028079 0.019571 -0.183763 0.014494 0.080507 -0.164226 0.062731 0.031348 0.010910 0.440089 0.070565 0.054852 -0.357000 -0.250266 -0.195681 -1.141627 -1.197848 0.326888 0.095200 -0.146299 -0.054210 -0.022085 0.038480 0.025402 -0.298336 -0.383328 -0.051993 -0.097998 -0.047271 0.049623 0.059490 -0.043463 0.125425 0.202476 0.107840 0.288495 0.225191 -0.014038 -0.080540 -0.067168 -0.193294 -0.140753 0.069465 0.212915 0.054554 0.157600 0.259138 0.394630 0.327903 0.195073 0.146520 0.004168 0.060935 0.164462 -0.150029 0.076632 0.056858 -0.000005 0.327339 0.658411 0.939851 -1.647641 -0.434679 -0.123437 0.004251 0.032415
-0.278742 0.007692 0.124064 0.040866 -0.113881 -0.000353 -0.115178 -0.076237 -0.070829 -0.252252 -0.165129 0.074334 -0.109019 0.000179 -0.252240 -0.160141 0.154456 0.290243 0.403060 0.467265 0.455732 0.283382 0.200006 -0.005749 0.152750 0.095984 0.154384 0.135894 0.162777 0.285601 0.048513 0.003102 0.064951 -0.116315 0.088554 -0.026037 0.077089 0.113566 0.226239 0.356218 0.078783 0.037757 0.293859 0.231574 0.408473 0.596682 0.227345 0.037840 0.266900 0.220493 0.011881 0.296881 -0.368795 -0.592343 -0.703171 -0.352453 -0.405312 0.161527 -0.000789 0.173846 0.323814 0.050028 -0.062677 0.064566 0.259253 0.525534 0.426479 0.287708 -0.125287 0.082742 0.217952 0.118466 0.000008 0.329790 0.173658 0.030642 0.112313 0.031308 0.168188 0.333540 0.486105 0.733157 0.908699 0.694174 -0.057389 -0.110015 -0.038084 -0.231821 -0.049244 0.144569 0.127282 0.054116 -0.055515 0.063404 0.320821 0.619682 0.366004 0.362226 0.209807 0.215387 0.236289 0.113282 0.227565 0.801087 0.735986 0.540553 0.143098 0.150512 -0.001648 0.127198 0.205812 0.299927 0.213402 0.186429 0.217223 -0.195872 0.174113 0.153083 -0.107383 -0.000250 0.332281 0.734487 1.013268 0.698826 0.158794 -0.114764 -0.282262 -0.117046 -0.165800 -0.275688 -0.050427 0.086805 -0.134594 0.168221 -0.161831 -0.250438 -0.083455 -0.210314 -0.228127 -0.147720 0.568237 0.625743 0.230782 0.226537 -0.156916 0.014271 0.009039 0.170284 -0.084210 -0.117444 0.134726 0.111792 0.138254 0.047686 0.151423 0.123472 0.136722 0.067494 0.069665 0.155313 -0.038415 -0.187049 -0.373373 0.104200 0.333355 0.105572 0.476472 0.554153 -0.092318 0.052565 -0.095407 -0.170844 -0.017325 -0.172041 0.009049 0.002426 0.060519 0.169305 -0.062176 0.320918 -0.193033 -0.010335 0.339869 0.585713 0.607082 -0.092661 -0.368586 -0.208285 -0.192979 0.169631
0.003686 -0.020582 -0.199880 -0.095838 -0.005725 -0.275817 -0.180790 -0.224434 -0.283065 -0.281462 0.040250 0.018171 0.057819 0.038963 0.062259 -0.516045 -0.029211 0.206111 0.007460 0.299957 0.263772 -0.042016 -0.177988 -0.374310 -0.420076 -0.366707 -0.226963 -0.019621 0.168770 0.164930 0.022750 0.000101 -0.101139 -0.166629 -0.019504 0.152066 -0.110850 -0.071491 -0.091486 0.146982 0.079988 0.205578 0.091166 0.547485 0.466984 0.402939 0.288896 0.169896 0.122230 -0.221628 -0.029952 0.246054 0.395454 0.043905 -0.198524 0.007059 0.087922 0.088983 0.215245 0.249290 0.018706 -0.244668 -0.264673 -0.003960 0.403497 0.546706 0.281166 0.124164 0.139756 0.015693 -0.100503 -0.205805 -0.069161 0.078359 0.115887 0.097830 -0.018484 0.050907 0.228123 0.149024 0.255926 0.486648 0.286136 0.072373 0.041187 0.257095 0.037603 -0.028638 -0.109377 -0.102201 -0.012303 0.143374 0.329477 0.482151 0.776577 0.499729 0.190404 0.157627 0.173879 0.088279 0.029678 0.058760 0.365073 0.329303 0.208240 0.091592 0.168786 -0.070025 0.014082 -0.028410 -0.141819 -0.026434 0.141820 0.189960 0.134142 -0.301065 0.077422 0.206418 0.116527 0.187923 0.351019 0.471697 0.562677 0.480339 0.585109 0.387842 0.301382 -0.208114 0.125800 -0.140229 -0.059655 0.324548 -0.004449 0.144886 0.019347 -0.096866 0.044717 -0.072716 0.032231 0.201750 0.301640 0.368955 0.437491 0.486243 0.154929 0.033702 -0.088455 0.277381 0.255697 0.097972 0.303100 0.094386 0.445680 0.280164 0.291709 0.239345 0.140113 0.034648 0.019364 0.006828 -0.045169 0.066444 -0.079151 0.174394 0.192757 0.426402 0.070440 0.039817 -0.067178 -0.047564 -0.185190 -0.116976 -0.176508 0.033404 -0.023494 0.193077 0.132596 -0.013383 0.094721 -0.042002 0.120107 -0.048856 0.133383 0.332208 0.383300 0.447664 -0.052392 -0.274447 -0.108001 0.054226
0.156350 -0.010217 0.084316 -0.159345 -0.209340 -0.312208 -0.403024 -0.216926 -0.193579 -0.257771 -0.031637 0.052415 0.228915 0.005563 0.178871 -0.138607 -0.200212 -0.100958 -0.039726 0.083280 -0.045243 -0.290756 -0.404694 -0.452378 -0.690051 -0.565664 -0.496526 -0.237182 -0.247579 -0.079241 -0.008930 0.077679 0.138417 0.099205 -0.019081 -0.036937 -0.062662 -0.109491 -0.097990 -0.157508 -0.012402 -0.116224 0.217916 0.740235 0.814333 0.351352 0.453852 0.106534 0.098241 -0.121926 0.022798 0.082996 0.131581 0.084303 -0.217671 -0.112701 -0.019889 -0.025594 -0.028593 0.097323 -0.039923 -0.214044 -0.246677 0.008582 -0.043752 -0.016553 -0.079108 0.026255 0.062806 0.055493 0.264889 0.001673 -0.252282 -0.305340 -0.077501 0.164673 0.085820 0.118651 0.485049 0.205889 0.330051 0.519774 0.186504 0.042876 0.221531 0.093092 -0.030220 -0.088053 -0.172550 0.107450 0.016314 -0.092071 0.285530 0.208309 0.305185 0.091708 0.231685 0.493206 0.327209 0.067816 0.273850 0.371863 0.082340 0.332889 0.268346 0.150639 0.000303 -0.129253 0.001129 -0.078513 -0.076625 -0.097607 -0.172966 -0.006420 0.006020 -0.090673 -0.183879 0.058303 0.074526 0.257048 0.108413 0.266013 0.441048 0.264882 0.329810 0.286810 0.376680 0.223527 0.114252 0.077342 -0.010646 0.059759 0.203256 0.076611 -0.296174 -0.240883 -0.263016 -0.189591 -0.266909 -0.171695 -0.050502 0.238817 0.625047 0.463761 0.016922 0.055383 0.055963 0.149680 0.243726 0.255155 0.534633 0.563947 0.897984 0.934492 0.640676 0.435046 0.188659 0.078611 -0.151791 0.019522 0.024081 0.063672 -0.081969 -0.057120 0.095253 0.009939 0.059226 -0.075572 -0.198177 -0.289399 -0.093370 -0.146224 -0.060152 0.121085 0.019224 0.043950 -0.154443 0.047054 0.198639 0.144188 -0.035319 -0.240217 -0.105999 0.085388 0.081101 -0.067095 -0.006745 -0.132916 0.099565 0.158405
0.082654 -0.007744 -0.490400 -0.328341 -0.507229 -0.752185 -0.490797 -0.164111 -0.214373 -0.112304 -0.302362 0.135288 0.057793 0.103779 0.091283 -0.190615 -0.051352 -0.057333 -0.036208 -0.012081 -0.150149 -0.161703 -0.898932 -0.911382 -0.874232 -0.721594 -0.925443 -0.666265 -0.404160 -0.002472 -0.131481 -0.126614 -0.161192 -0.032529 -0.046519 0.099978 0.015780 0.138980 0.166607 0.075819 -0.039499 0.153436 0.260844 0.487201 0.522132 0.521465 0.322291 0.210836 0.042270 0.087320 0.085443 0.072924 0.068247 0.215338 0.055990 0.245577 -0.007368 -0.130135 -0.252125 0.055131 -0.055931 -0.309444 -0.212530 -0.118491 -0.097707 -0.148906 0.017348 0.069976 -0.116652 0.085451 0.102708 -0.136838 -0.165329 -0.127068 0.066497 0.316259 0.116979 0.397633 0.126907 -0.002824 0.134683 0.051274 0.111676 -0.140354 -0.102124 -0.009385 0.192976 0.053383 -0.080095 -0.179022 -0.157027 0.011980 -0.017266 0.007179 0.506623 -0.009871 -0.139052 0.128563 0.116887 0.057259 0.400055 0.304535 0.176607 0.149467 0.166213 0.004909 0.082820 0.065022 0.158740 -0.099985 -0.013607 0.027296 -0.039109 -0.020282 0.060614 -0.094513 -0.314679 -0.234712 -0.512926 -0.233385 -0.023013 0.126806 0.218828 0.149030 -0.027216 0.080332 0.101492 0.140291 -0.018040 0.174668 0.000226 -0.140726 -0.024959 -0.066272 -0.219993 -0.118356 -0.121973 -0.326348 -0.374690 -0.220132 -0.005868 0.027056 0.188210 0.029506 0.111250 -0.082202 -0.017778 0.188023 0.226911 0.308943 0.395917 0.464885 0.568668 0.560128 0.544406 0.343717 0.147746 0.127411 0.026782 -0.007900 -0.001858 0.016781 -0.067167 0.178464 0.075351 -0.094806 -0.006635 -0.337816 0.131386 0.019928 -0.092289 0.142707 0.147454 0.013553 0.064736 -0.097555 0.038157 -0.058013 -0.114277 0.070803 -0.193495 -0.213182 0.086173 -0.004483 0.333396 -0.017662 0.213530 -0.041404 0.023968 0.048978
0.081382 0.007157 -0.044759 -0.147872 -0.476884 -0.422404 -0.767457 -0.413243 0.193832 -0.192125 -0.295770 0.211288 -0.064168 -0.069777 0.273510 0.060992 -0.022733 -0.040968 0.136524 0.140316 -0.135840 0.186150 -0.398432 0.332735 -0.067642 -0.149071 -0.199586 -1.280114 -0.799610 -0.709276 -0.244314 0.166859 0.108709 0.214896 -0.086984 0.265987 -0.092610 -0.149464 0.171992 0.037560 0.218889 0.164386 0.094956 0.233719 0.350195 0.487654 0.631262 0.188375 0.253992 0.042495 0.006180 0.063089 -0.129746 0.109035 0.119224 0.031185 -0.045606 0.103827 -0.201677 -0.134376 -0.066068 -0.170200 0.030367 -0.107349 -0.110139 -0.019068 -0.020472 0.004295 0.015785 0.030604 -0.007864 0.017973 0.010559 -0.051246 -0.228330 0.188011 0.080112 0.381526 -0.031803 0.005752 -0.079715 0.089979 0.212831 -0.014442 -0.051091 -0.036050 0.020813 -0.024204 -0.362638 -0.091442 -0.175677 -0.169432 -0.245808 0.051221 0.001391 0.024251 -0.067903 0.035441 0.281643 0.101800 0.227368 -0.117659 -0.237923 -0.070678 -0.132216 -0.124608 -0.144341 0.182740 -0.036717 0.088016 0.066402 0.119092 0.052574 -0.082510 -0.303363 -0.272720 -0.355072 -0.591276 -0.681748 -0.419914 -0.155289 -0.088672 0.026374 0.035441 -0.117146 0.054644 0.110060 0.158640 -0.097188 -0.071812 0.154723 0.170173 0.027069 -0.176417 -0.275595 -0.550797 -0.310447 -0.210087 -0.301198 -0.082379 0.016815 -0.009370 0.138696 0.066527 0.148853 -0.041292 0.121775 -0.170505 -0.090293 0.022423 0.143352 0.301184 0.323738 0.536400 0.363560 0.343860 0.127496 -0.037392 0.096639 -0.007121 -0.044045 -0.089122 -0.109718 0.151709 -0.025748 -0.180189 -0.148898 -0.256503 -0.072528 -0.130120 -0.213106 -0.225703 0.038136 -0.331116 -0.229919 0.079027 0.364503 -0.198466 0.008535 -0.061428 0.178072 0.012402 0.006146 0.067215 -0.038358 0.057196 0.143782 0.028754 0.067544 -0.055450
0.060158 0.149161 0.019644 -0.256896 0.032986 0.592492 0.223944 0.069019 0.315212 0.020237 0.218993 0.176701 -0.274495 -0.225994 -0.079517 0.076124 0.158244 -0.204583 -0.194576 0.183006 0.118236 0.154464 0.156347 0.630314 0.484095 0.163776 -0.027752 -0.068549 -0.538068 0.357801 0.232649 0.215934 0.112415 0.176167 0.117960 -0.001960 -0.153859 -0.208797 -0.280712 -0.165536 -0.115946 -0.009310 0.045855 -0.088215 0.210169 0.413723 0.090319 0.135691 0.166622 -0.001969 -0.018336 -0.270015 -0.248750 -0.051112 0.037486 0.285413 -0.047904 0.121263 -0.094037 0.062714 0.012023 -0.028984 -0.065317 -0.084003 -0.047141 0.025145 0.116765 0.103350 0.194973 0.170299 0.212114 -0.134395 0.050952 -0.220627 -0.185151 0.010250 -0.053212 0.225335 0.087616 -0.266716 -0.004698 0.393517 0.863620 0.357396 -0.208447 -0.054471 0.240323 0.175174 -0.060756 -0.242174 -0.094148 -0.194733 -0.006171 -0.108840 0.121249 0.090844 -0.417972 -0.300991 0.333833 0.111208 -0.065995 -0.131623 -0.215118 -0.222453 -0.811690 -0.468171 -0.263607 -0.007011 -0.050006 0.214251 0.125262 0.015562 -0.184611 -0.230926 -0.457623 -0.548162 -0.965297 -1.272047 -1.646576 -0.954616 -0.270877 0.022312 0.137100 0.067442 0.031479 -0.015642 -0.034681 -0.025693 -0.093014 0.105597 0.238784 0.029993 -0.011448 0.172564 -0.005917 -0.129301 -0.191142 -0.427583 -0.185722 0.078329 -0.151854 0.211784 -0.058119 0.114934 0.014783 -0.160258 -0.115781 -0.296208 -0.272635 -0.417334 -0.251778 -0.013930 0.137498 0.217320 0.145280 0.074594 -0.037267 -0.094238 -0.058500 0.171809 -0.061024 -0.031295 -0.076136 0.046953 -0.125863 -0.271477 -0.036850 0.021454 0.385429 -0.153736 -0.233446 -0.217350 -0.012608 -0.051512 0.166740 -0.158789 0.166193 0.026291 0.164240 0.042840 0.089783 0.178464 -0.037803 -0.371765 -0.272628 -0.107228 0.143752 0.027226 -0.052375 0.274095
-0.076407 -0.146057 0.034173 -0.053355 0.100781 0.091981 0.282696 0.162549 0.051868 -0.195296 -0.093689 -0.138771 -0.114389 -0.326971 -0.281796 0.137630 0.079381 -0.099524 -0.162056 -0.063451 0.169531 0.050385 0.221054 0.347601 0.564769 0.684168 0.404810 0.169065 -0.043627 0.082264 0.069118 0.108246 -0.185572 -0.062162 0.122069 0.035450 -0.106225 -0.308789 -0.453455 -0.404158 -0.293312 -0.308581 -0.137522 -0.159060 0.004263 0.016563 -0.025750 0.036330 0.021378 -0.056412 -0.088777 0.040951 -0.184790 -0.016787 -0.069519 -0.139085 -0.181619 -0.042025 0.243854 -0.130469 -0.012016 0.034661 -0.035112 -0.096449 -0.055488 0.184154 0.164067 0.175742 -0.180166 0.128966 0.127297 -0.141908 0.027740 -0.094813 0.048484 -0.137511 0.007941 0.471128 0.202368 0.265978 0.238553 0.514255 0.404904 0.545999 -0.016689 -0.169981 -0.213389 -0.015366 -0.172579 -0.250283 -0.362004 -0.457524 -0.248212 -0.059994 -0.239531 -0.153050 -0.501297 -0.392681 -0.160661 -0.137939 -0.153284 -0.106044 0.005976 0.249409 0.155993 0.025539 -0.289623 -0.193193 -0.178133 -0.190216 -0.079358 -0.164393 -0.217836 -0.431487 -0.892115 -1.105419 -1.713690 -1.942574 -0.020590 -1.126481 -0.475010 -0.162176 0.153990 0.021646 0.002881 -0.146110 -0.042750 0.038607 -0.152733 -0.116779 -0.116114 -0.186038 0.007502 0.065286 0.026665 -0.142533 -0.131789 -0.149626 0.081219 0.039781 0.029278 0.055776 0.010284 0.054731 -0.038657 -0.413362 -0.398584 -0.656541 -0.932529 -1.022144 -0.660357 -0.296345 0.204565 -0.021349 -0.093298 -0.229467 -0.122139 0.002963 -0.007029 -0.128728 0.011821 0.012722 0.105402 0.035707 -0.101659 -0.205731 0.140993 0.336115 0.567106 -0.044920 -0.064573 -0.092635 -0.033388 0.088781 0.204206 -0.169625 -0.040556 -0.068627 -0.161141 -0.205475 0.227096 0.140623 0.251396 -0.092293 -0.161781 -0.352409 -0.030599 0.047118 0.000246 0.211526
0.041298 0.118861 0.242183 -0.406553 0.107330 0.066231 0.174413 -0.024229 0.085902 0.097191 0.063730 -0.113353 -0.103007 0.018009 -0.403049 -0.266920 -0.206904 -0.025694 -0.150357 0.034033 0.140575 0.173859 0.179211 0.381450 0.405544 0.554721 0.274953 0.309473 -0.005799 -0.103499 0.037755 0.065507 0.213734 0.012543 0.044243 -0.279522 -0.302616 -0.313323 -0.445476 -0.558037 -0.474594 -0.310496 -0.235502 -0.211035 -0.212156 0.080975 -0.183622 -0.020970 0.106763 0.017508 0.063196 -0.087082 -0.062106 -0.162029 -0.225021 0.074496 0.047061 0.010514 0.082663 -0.043732 -0.103262 0.081952 0.190994 -0.030878 -0.033913 0.001425 -0.014628 -0.186065 -0.019913 -0.093030 0.041393 -0.012555 -0.078699 -0.126368 0.113636 -0.165330 -0.311062 0.161299 -0.200074 -0.067089 0.001757 0.104427 0.092334 0.183163 0.062140 -0.087130 -0.060898 -0.152838 -0.352655 -0.620206 -0.467991 -0.218086 0.132233 0.039917 -0.030038 -0.013802 -0.179444 -0.084309 -0.395227 0.009116 -0.106544 0.273832 0.135624 0.398725 0.234853 0.028845 0.104373 -0.338744 -0.252987 -0.220774 0.002329 0.005613 -0.058288 -0.003995 0.068271 0.012966 0.088074 0.022996 -0.507142 0.469797 -0.149011 0.445728 0.205035 0.215688 -0.121537 -0.106707 -0.276867 -0.319349 -0.158882 -0.074544 -0.362985 -0.153302 -0.442196 -0.346609 -0.168792 -0.103616 -0.514962 -0.384999 -0.063797 0.051601 0.014740 0.143841 0.057361 -0.009503 0.021614 -0.337272 -0.920451 -1.142268 -1.357335 -1.620159 -1.019646 -0.256342 0.174965 0.099268 -0.031901 -0.100882 0.115583 -0.005394 0.071736 -0.211601 -0.141751 -0.113459 0.086362 0.012612 -0.016165 -0.018244 0.388499 0.551244 0.368961 0.025358 0.126174 -0.033767 0.094121 0.095394 0.019957 -0.067217 -0.204348 -0.106011 0.066344 -0.099685 0.113217 0.210314 0.058708 0.165023 -0.045276 -0.365455 -0.149557 0.131966 0.071409 0.056970
-0.167938 0.216785 0.530840 0.405486 0.286540 0.289141 0.230216 0.044797 0.230923 0.094913 0.281534 0.084604 0.032625 -0.192479 -0.146281 -0.219378 -0.016537 -0.245840 -0.142311 0.054729 0.231351 0.114121 0.301965 0.321668 0.487589 0.534765 0.117251 0.038865 -0.028421 0.138686 0.018375 -0.047703 0.134016 0.048746 0.114989 -0.053832 -0.206164 -0.268340 -0.696651 -0.969232 -0.864007 -0.792616 -0.616888 -0.464546 -0.356835 -0.330324 -0.412197 -0.149434 -0.035764 -0.215036 -0.031882 -0.011754 -0.012942 0.172985 0.156304 -0.154104 -0.132301 -0.074588 0.020994 -0.050877 0.166731 0.114406 0.116855 -0.233629 0.220513 0.120321 0.126539 0.000078 -0.214830 -0.074789 0.102831 0.007550 0.108308 -0.077881 0.169632 1.586206 -0.001959 0.044253 -0.081692 -0.305869 -0.168071 0.019254 -0.191642 -0.111962 -0.393903 -0.025224 0.136492 -0.333947 -0.611337 -0.855374 -0.859567 -0.101066 0.335751 0.108867 0.048219 -0.109697 -0.081132 0.110886 0.105529 -0.156654 -0.227298 -0.173562 -0.060478 0.067614 0.348348 0.342233 0.022962 -0.130859 -0.735413 -0.505336 -0.026943 -0.159201 0.122767 0.723548 1.006736 1.279315 1.206848 0.979397 1.283354 1.286028 0.556711 0.063942 0.058707 0.221708 -0.231675 0.180002 -0.186607 -0.288584 -0.098793 -0.229458 -0.250512 -0.100901 -0.608965 -0.584620 -0.652452 -0.726992 -0.636791 -0.674689 -0.481265 -0.143312 -0.021906 0.085779 0.107339 0.053472 -0.025857 -0.499634 -0.546539 -1.287120 -1.921553 -0.080453 -0.709409 -0.217273 0.148942 0.088718 -0.087667 -0.041931 -0.171779 -0.013203 -0.085471 -0.276214 -0.292667 -0.151157 0.121662 0.279969 0.415677 0.085309 0.354353 0.406164 0.062284 0.049369 0.051226 -0.046690 -0.088402 -0.066497 -0.159776 -0.176626 0.019688 0.152177 -0.119971 0.043121 -0.089359 0.022696 0.028823 -0.087171 -0.125257 -0.227745 -0.073793 0.087612 0.486289 0.117339
-0.030114 -0.125675 -0.073820 -0.079318 0.161377 0.174526 -0.031089 0.111668 -0.181605 -0.081761 -0.081414 0.075057 0.229862 0.021538 0.146490 -0.088527 -0.089885 -0.031909 0.073740 -0.007263 0.058869 0.218144 0.059280 0.208857 0.194083 0.008658 -0.002591 0.114655 0.106780 0.023529 -0.014742 0.008763 0.092364 0.084792 0.124855 -0.029014 -0.082271 -0.024017 -0.564720 -0.787929 -0.434435 -0.728644 -0.907234 -0.535674 -0.530697 -0.231546 -0.279099 -0.309636 -0.256344 -0.163445 -0.051202 -0.097361 0.162864 0.202453 0.049414 -0.033553 -0.105827 0.120554 0.194540 0.044213 -0.023839 -0.002497 0.104404 -0.023833 0.195857 -0.064778 0.007894 0.026486 -0.041776 0.064120 0.173133 -0.063782 0.005584 0.007337 0.568624 0.910487 0.684836 -0.237375 -0.068413 0.079236 0.198868 0.098349 -0.373712 0.254117 -0.072773 -0.192940 -0.276503 -0.333080 -0.593192 -1.174444 0.024675 -0.148379 0.097493 -0.047506 0.058180 -0.067633 0.044146 0.028884 -0.116897 -0.052420 -0.240063 -0.407081 -0.378814 -0.052823 0.185047 0.294896 0.002229 -0.126966 -0.579560 -0.306447 -0.120433 -0.027146 0.189145 0.329830 0.636027 0.988107 1.455617 1.404608 0.954220 0.677008 0.291976 -0.125954 -0.156535 0.016248 -0.088032 -0.142519 -0.028167 0.110231 -0.029622 0.031865 0.039154 0.345076 -0.764474 -0.982230 -0.966957 -0.792161 -0.517118 -0.487981 -0.227106 -0.104874 0.131932 0.069092 -0.000406 0.084028 -0.029890 -0.009817 1.560430 1.691034 1.073621 1.047016 0.679176 0.425168 0.247150 0.097348 0.128116 -0.061784 -0.368065 -0.192016 -0.142098 0.146134 0.167738 0.056924 0.221955 0.344049 0.324750 0.476490 0.045014 -0.116990 -0.337969 -0.336821 -0.037958 -0.033897 0.164845 0.181543 -0.157914 0.075620 0.430296 0.154903 -0.051552 -0.038260 -0.186154 0.089564 0.084277 0.055298 0.050193 0.007365 0.019984 -0.003153 0.047570 0.142018
-0.088703 -0.358104 0.011491 0.069258 -0.195935 0.148284 -0.047842 -0.058370 -0.535104 -0.418655 -0.395874 -0.156733 -0.054364 0.118710 0.061139 -0.033061 -0.023090 -0.055802 -0.121107 -0.027518 0.116855 0.195320 0.035913 0.222721 -0.013761 -0.025049 -0.142530 -0.160163 0.054392 0.099205 -0.118872 -0.081901 0.004572 -0.047822 -0.315533 -0.148500 -0.233494 -0.262909 -0.282157 -0.803660 -1.165472 -1.206414 -0.877605 -0.395539 -0.504202 -0.452117 -0.345882 -0.378102 0.125425 0.171403 0.080936 -0.010313 0.035561 0.090769 -0.102902 -0.168371 0.060002 -0.042719 -0.073538 -0.298567 -0.174541 -0.065290 -0.032071 -0.159920 -0.055022 -0.128706 -0.183638 0.053568 -0.193085 -0.052086 0.022855 -0.128424 -0.004026 0.073406 0.249382 0.663096 0.763471 0.326293 0.195976 0.170764 0.021074 0.000042 0.040361 0.186723 -0.091712 -0.379728 -0.558496 -1.130534 -1.189522 -1.587232 -0.191773 0.012113 -0.405018 -0.214689 -0.125235 0.095180 0.071057 -0.026369 0.021020 0.136949 -0.356126 -0.692655 -0.449194 -0.273947 -0.206936 -0.019654 0.003992 -0.383782 -0.145378 -0.704451 -0.376188 -0.163754 -0.084910 0.137655 0.742580 0.902204 1.025001 1.102146 0.957316 0.357337 0.393281 -0.149213 -0.424492 -0.033605 0.049844 0.065487 0.123144 -0.001599 -0.056702 0.302191 0.295879 0.319564 -0.024114 -0.079900 -0.748584 -0.710695 -0.663829 -0.663586 -0.483788 -0.126170 0.041191 -0.090851 0.151183 0.137714 0.295560 0.452974 1.059118 1.274661 1.496144 1.456913 0.925575 0.287444 0.229181 0.043314 -0.110106 -0.207606 -0.027349 0.258482 0.020245 -0.053858 0.106581 -0.001273 0.030053 0.279324 0.524826 0.407735 -0.500648 -0.621898 -0.408579 -0.614530 -0.151067 -0.077614 0.068027 0.234174 0.200347 -0.011677 0.194881 0.144237 0.102132 0.317247 -0.098989 -0.033183 0.070015 0.106028 0.023661 0.092512 0.098098 -0.138953 0.032503 0.210003
-0.293536 0.047529 -0.143704 -0.034884 0.037477 0.236926 0.046300 -0.066168 -0.432688 -0.524692 -0.625753 -0.289019 -0.338246 -0.118298 0.015137 -0.064607 -0.044604 -0.249556 -0.312213 -0.168082 0.027629 -0.023768 -0.125678 0.013928 -0.102928 -0.058259 -0.148990 0.082093 0.207775 0.076707 0.104170 -0.026394 0.000563 -0.017943 -0.056894 0.038204 0.039586 -0.286275 -0.633580 -0.417790 -0.716120 -1.419938 -1.079979 -1.034319 -0.313435 0.074546 0.365436 0.465379 0.177559 0.241757 0.047336 0.025863 -0.306054 -0.154427 -0.155333 -0.577087 -0.095594 -0.082213 -0.279097 -0.422900 -0.434154 -0.281172 -0.500532 -0.238891 -0.225855 -0.281947 -0.396068 -0.224106 -0.067654 0.096658 -0.132200 -0.153887 0.028102 0.092088 0.049368 0.494613 0.513933 0.268177 -0.022985 -0.189695 -0.307127 -0.148754 -0.113431 -0.278123 -0.461481 -0.679685 -0.961417 -1.169272 -1.756886 -1.990345 -0.593672 -1.006752 -0.800080 -0.384417 -0.332105 0.121097 0.185288 0.185176 -0.035071 -0.377738 -0.246665 -0.473447 -0.087199 0.097138 -0.233830 -0.128769 -0.040898 -0.398282 -0.480402 -1.031417 -0.234359 0.087772 -0.169363 -0.122177 0.269253 0.343211 0.415315 0.551121 0.431891 0.297607 -0.213552 -0.058001 -0.415475 -0.028917 -0.100895 0.087093 0.471157 0.108534 -0.007362 -0.037290 0.207273 0.573664 0.416104 0.290347 0.134376 -0.039986 -0.338748 -0.446130 -0.402689 -0.149227 0.180546 0.032758 0.193208 0.366536 0.342722 0.587384 0.768596 0.802590 0.780341 0.689166 0.346491 0.266180 -0.207007 -0.331808 0.095449 -0.127914 -0.072768 0.062830 0.106318 0.119024 0.132001 0.047484 -0.140444 -0.030328 -0.011825 0.121759 0.003866 -0.860384 -0.985204 -0.679283 -0.282284 -0.091079 0.048869 -0.282193 -0.127441 0.061909 -0.119301 -0.028156 -0.008527 -0.112917 -0.022645 0.123335 0.084387 0.037080 -0.042096 -0.108016 -0.255915 -0.323413 -0.106767 -0.077530
0.205555 0.330460 0.133058 0.337682 -0.005421 0.193597 -0.277291 -0.543590 -0.856488 -0.610521 -0.794602 -0.499631 -0.450678 -0.259331 -0.162055 -0.167063 -0.084994 -0.173516 -0.256035 -0.479977 -0.489582 -0.780922 -0.432461 -0.185278 -0.129740 -0.230183 -0.100029 0.068862 0.213207 0.017445 0.035508 0.071748 -0.028286 -0.096937 -0.204348 0.035758 0.041188 -0.124694 -0.148355 -0.280504 -0.406779 -0.254042 -1.597791 -0.347317 -0.219035 -0.012122 0.140293 -0.014177 0.113708 0.102924 -0.005324 -0.060106 -0.301543 -0.391454 -0.282067 -0.175915 -0.235094 -0.433893 -0.327115 -0.080434 0.154588 -0.510280 -0.397861 -0.481382 -0.258939 -0.437464 -0.313334 -0.279164 -0.050717 0.305697 0.014765 0.041363 -0.012120 0.145051 -0.029840 0.299349 0.153713 0.008938 -0.340774 -0.311658 1.909598 0.173068 0.055237 0.228299 0.538115 1.357228 0.420934 0.488405 1.958072 0.425138 -0.947676 -0.595362 -0.959297 -1.041614 -0.499597 -0.120873 -0.036889 0.218929 0.021978 -0.166076 -0.075838 -0.245486 0.157263 0.124411 -0.325598 -0.376417 -0.636414 -0.573018 -0.430461 -0.055711 -0.157972 -0.151912 -0.008662 -0.075438 0.138979 0.009421 0.464154 0.122315 0.051568 -0.115258 -0.189259 -0.010909 -0.253334 -0.078202 0.172037 0.188562 -0.052924 -0.156300 -0.098498 -0.203891 0.081419 0.041054 0.119894 0.349034 0.122327 0.253057 0.095261 -0.141456 -0.008843 -0.065745 -0.010630 0.055410 0.067785 0.155277 0.162039 0.165151 0.101476 -0.113975 -0.128991 -0.190046 -0.327391 -0.149649 -0.270383 -0.267174 0.118005 0.085584 0.019456 -0.102641 -0.020050 -0.011018 -0.061703 0.015244 0.140690 0.143593 -0.000095 0.063740 -0.283986 -0.675268 -0.693785 -0.591697 -0.562695 0.082997 -0.044998 -0.452811 -0.376707 -0.343372 -0.177342 -0.033847 -0.071158 -0.096842 0.051920 0.176842 0.077847 0.001722 -0.425045 -0.629525 -0.645003 -0.522558 -0.188848 0.021135
0.044585 0.112367 0.199490 0.229506 -0.151193 -0.061332 -0.211528 -0.499210 -0.804949 -0.942245 -0.793079 -0.751468 -0.548589 -0.311279 -0.160576 -0.176721 0.005867 -0.247479 -0.520497 -0.693400 -0.935824 -1.046281 -0.769219 -0.521755 -0.385864 -0.219470 -0.191737 0.200013 0.082704 0.040010 0.102941 0.026251 -0.007011 -0.039467 -0.243527 0.009673 0.055317 -0.007594 -0.034653 -0.137367 0.044871 0.148801 0.068855 6.101466 -0.017801 -0.274326 -0.101539 -0.291502 0.063557 0.124412 -0.085868 -0.036310 0.147614 0.622549 0.184749 -0.287951 -0.504673 -0.405573 -0.342683 -0.519649 0.051072 -0.764745 -0.582887 -0.444412 -0.396003 -0.478095 -0.253288 -0.295571 -0.165912 -0.036196 -0.097196 -0.080284 -0.146906 -0.085711 0.339399 -0.010161 0.199103 -0.185519 -0.533947 0.663644 0.286230 0.194312 0.172306 0.019249 0.378120 0.915388 0.925536 2.097750 1.935906 2.178661 1.897204 1.134377 -1.016024 -1.098197 -1.038210 -0.070904 0.195497 0.103495 -0.083335 0.006543 -0.245951 0.436768 0.216487 0.116859 -0.359406 -0.417489 -0.570038 -0.229703 0.082394 -0.381368 -0.354760 -0.202954 0.015790 0.069473 0.098770 0.075763 0.069590 0.036080 -0.028593 -0.149889 -0.071262 -0.041910 0.080850 0.076338 0.398029 0.046515 -0.170093 -0.340738 -0.480229 -0.461699 -0.124029 -0.095489 -0.200066 -0.295670 -0.208309 0.068506 0.338070 -0.198482 -0.187696 -0.192554 -0.042462 0.165619 0.277180 -0.143367 -0.112848 -0.168301 -0.177578 -0.358014 -0.655806 -0.553608 -0.610247 -0.223658 -0.102954 0.017266 0.236570 0.276768 0.073558 -0.038820 -0.027531 0.135760 -0.024887 -0.026453 0.121646 0.047417 0.010653 0.012405 0.039153 -0.179610 -0.053546 -0.610871 -0.041099 -0.220852 -0.132515 -0.463467 -0.560644 -0.006201 -0.105871 -0.063599 -0.057693 -0.597934 0.023429 0.182800 0.104742 -0.451026 -0.711955 -0.792072 -1.259989 -1.014100 -0.444774 0.154159
-0.180498 -0.084904 -0.013198 -0.010150 -0.228390 0.035731 0.210186 -0.131368 -0.544650 -0.691502 -0.966600 -1.083543 -0.782052 -0.472301 -0.245041 -0.180556 -0.163485 -0.380154 -0.545942 -0.813531 -1.449253 -1.337568 -1.219149 -0.864273 -0.416011 -0.324062 0.018852 0.167028 0.008310 0.175328 0.015045 0.021786 0.036125 -0.059393 -0.190291 -0.033902 0.116183 -0.208378 -0.121158 -0.066526 0.019301 0.118056 0.132040 0.112504 -0.187988 0.055480 -0.424052 -0.540618 -0.047894 -0.030893 -0.088039 0.013109 0.308737 0.328531 0.441434 -0.085616 -0.114030 -0.293388 -0.315532 -0.781936 -0.485196 -1.020870 -0.706595 -0.221431 0.131811 -0.049146 0.027683 -0.064842 -0.056345 -0.182282 -0.216137 -0.214861 0.169213 -0.166227 0.156617 -0.172531 0.017603 0.020714 0.873907 0.111092 -0.125117 0.137436 0.272561 0.206872 0.292359 0.536388 0.769965 1.682330 1.607644 2.016180 1.980211 1.155334 -0.747958 -0.448301 -0.115466 -0.109403 0.175066 0.160436 -0.158095 -0.312881 -0.032382 0.061004 0.082054 0.211320 -0.221993 -0.196179 -0.554998 1.067140 0.806593 -0.429655 -0.351520 -0.290646 -0.245248 -0.168240 -0.092152 0.204332 0.185311 -0.186692 0.041640 -0.012566 0.071263 0.049238 0.195631 0.003222 0.034885 -0.022061 -0.435911 -0.488282 -0.696209 -0.261409 -0.279060 0.188644 0.054644 -0.146923 -0.115879 -0.194217 -0.072076 -0.108291 0.209087 -0.050459 -0.049493 -0.008375 -0.031941 -0.117621 -0.323624 -0.208370 -0.262390 -0.388433 -0.431779 -0.438590 -0.211443 -0.103013 0.090155 0.201948 0.240772 0.042992 0.168540 0.127644 -0.029638 0.167113 0.100495 0.208138 0.071847 0.213631 0.097559 -0.157332 -0.005924 -0.050480 -0.115619 -0.163958 -0.315194 -0.206736 -0.513048 -0.962909 -1.117892 0.021372 -0.204151 -0.097423 -0.176004 -0.160588 -0.209082 0.044608 -0.087247 -0.114717 -0.625875 -1.381707 1.302666 1.284837 -4.958521 0.422122
-0.062304 0.114230 0.190555 -0.062215 -0.058205 0.262510 0.342278 0.473188 0.498623 0.916271 1.540809 -0.226707 -1.077499 -0.610760 -0.488593 -0.007926 0.033761 -0.385759 -0.968707 -1.211643 -1.179052 -1.435066 -1.290877 -1.098709 -0.609828 -0.482112 0.145240 -0.034292 0.214875 0.090389 -0.046164 -0.013044 0.086181 0.229589 0.166465 0.033362 0.013129 -0.099189 -0.215700 -0.553239 -0.359013 -0.110796 -0.269033 -0.017693 -0.134678 -0.255488 -0.284787 0.366864 0.225349 -0.028085 -0.029634 0.045678 -0.016799 -0.036264 0.259229 0.226049 -0.024030 -0.118058 -0.054717 0.130743 0.753932 -0.897572 -0.334235 -0.144681 -0.128461 0.073708 -0.020735 0.002999 -0.072711 -0.353199 -0.590102 -0.596893 -0.095075 -0.064546 0.485140 0.076221 -0.093194 0.114205 0.750168 0.329574 0.036466 0.002860 -0.069920 0.167552 0.042647 0.355501 0.650559 0.636763 0.710266 0.682661 0.924810 1.187356 1.128783 -0.024120 -0.029779 -0.153075 -0.088595 -0.009741 -0.142839 -0.206730 -0.170489 -0.071827 -0.337727 -0.004534 0.444212 0.342393 0.288497 0.320758 0.278154 0.088621 0.095335 -0.522875 -0.585422 -0.562477 -0.457953 -0.254097 -0.105270 -0.078793 0.056805 0.276972 -0.034617 -0.034221 0.024688 -0.153013 0.115927 -0.081478 0.007292 0.152588 0.458898 0.408259 0.356571 0.734186 0.571812 0.494257 0.369297 -0.238158 -0.133667 -0.354243 -0.150546 -0.143137 0.072649 -0.013839 -0.049613 -0.103012 0.026055 -0.046583 -0.109008 -0.121060 -0.355812 -0.364329 -0.403719 -0.200021 -0.087002 -0.103464 0.032715 0.094756 0.097698 0.009676 -0.200594 -0.070852 0.126638 0.012402 0.104819 0.387941 0.168430 -0.067390 0.054522 -0.098971 0.030444 0.256505 -0.338393 0.136444 -0.476192 -1.197963 -0.998815 -0.613673 -0.285278 -0.071061 -0.303474 -0.342480 -0.170016 -0.024072 -0.317520 -0.411296 1.863484 2.030197 1.064898 1.077761 0.628116 0.509339
-0.216875 -0.148686 0.187672 -0.141771 -0.345582 -0.023370 0.164034 0.025112 0.480977 0.624007 0.628038 0.770655 -0.068484 -0.320157 0.025000 -0.086367 -0.039341 -0.085888 -0.300419 0.446944 0.536402 -1.219333 -1.010095 -0.224107 0.768137 0.532918 0.452580 0.095486 -0.091033 -0.086963 -0.048889 0.177543 0.202833 0.144658 0.023847 -0.095373 0.036817 0.011131 -0.077240 -0.315262 -0.165196 -0.002285 -0.269023 -0.129205 -0.249551 -0.093264 -0.080003 0.054541 0.322753 -0.067101 -0.021592 0.210633 0.174294 0.181941 -0.107583 -0.124959 0.045930 -0.051493 0.046883 0.183587 0.368781 -0.731972 -0.521614 -0.308625 0.177935 0.136770 0.003125 -0.268609 -0.372993 -0.153249 -0.135421 -0.286048 0.089482 0.081467 0.301899 -0.102316 0.087493 0.639192 0.659685 0.837194 0.082088 -0.076822 -0.019833 0.287078 0.022536 -0.076995 0.044457 0.018300 -0.098066 -0.054627 0.092149 0.513782 0.598976 0.702807 -0.103447 -0.069292 -0.309696 -0.038898 -0.272683 -0.199854 -0.354214 -0.347103 -0.182941 -0.175211 0.105789 -0.039648 0.134892 0.204061 -0.004386 -0.126365 -0.133660 -0.355879 -0.762617 -0.853773 -0.635193 -0.329532 -0.249833 -0.208814 -0.049114 0.091844 0.054188 -0.028831 0.174330 0.099509 0.036884 -0.086962 -0.007525 0.117200 0.627203 0.774928 0.404194 0.686115 0.647227 0.683252 0.547905 0.492004 -0.130085 0.074583 -0.054952 -0.097829 -0.044021 0.050636 0.012844 0.219978 0.125030 0.034732 0.033836 0.308808 0.196437 0.243918 -0.342227 -0.337541 -0.674286 -0.401428 -0.218184 -0.127164 0.067841 -0.085623 0.036476 0.047617 0.143792 -0.060007 0.095433 0.205154 0.268953 -0.229832 -0.053744 0.019046 -0.110985 -0.056253 -0.420812 0.176424 0.489353 1.498617 0.028849 -0.833447 -0.943408 -0.338426 -0.432444 0.157188 -0.173783 -0.182171 0.290072 1.183585 1.567290 1.305021 1.668704 0.685824 0.339344 0.107461
-0.019534 -0.020186 -0.047757 -0.674988 -0.821622 -0.232260 -0.278446 0.042296 0.112621 0.105750 0.015436 0.245441 0.215897 0.189877 0.171224 0.183689 1.041497 0.928405 1.941841 0.457069 0.780843 0.920706 1.039963 0.455312 0.484540 0.578485 0.415741 0.346170 0.199397 0.143642 -0.055347 0.040122 -0.037553 0.060895 0.092060 -0.038452 0.193398 0.269719 0.019433 0.518160 0.055376 0.046704 -0.165190 -0.095676 -0.091464 -0.122499 -0.049058 0.058917 0.110058 -0.071759 0.269063 0.039107 0.159042 -0.091790 -0.156096 -0.067102 -0.014534 0.164686 0.154123 -0.017387 -0.087248 -0.157771 0.061829 -0.211150 0.374522 0.081308 -0.182700 -0.571040 -0.688106 0.054487 0.196895 0.054058 0.007467 -0.284864 -0.022671 0.033207 -0.029228 0.168568 0.482416 0.319975 -0.173386 -0.198093 -0.149845 0.153917 -0.187067 -0.301171 -0.317511 -0.357807 -0.587108 -0.501244 -0.121174 0.200038 0.553155 0.777493 0.388483 -0.077230 -0.326358 -0.437272 -0.389948 -0.490226 -0.495545 -0.759866 -0.658245 -0.718850 -0.662668 -0.163149 0.000751 0.030444 0.152972 0.020128 -0.254178 -0.371462 -0.500514 -1.020176 -1.014735 -0.832809 -0.764083 -0.334593 -0.172674 -0.165639 -0.018909 0.131182 0.148995 -0.009675 0.022630 -0.008683 0.046827 0.215404 0.240916 0.397119 0.605531 0.455201 0.531698 0.494813 0.374371 0.097018 0.034203 0.074463 -0.057907 0.079869 -0.196014 0.030873 0.072225 0.150843 0.362805 0.210600 0.324487 0.243973 0.096358 0.136169 0.278572 -0.251136 -0.350144 -0.747328 -0.363472 -0.207500 -0.087966 0.161447 0.131059 -0.036940 0.170825 -0.122513 -0.085749 0.088749 0.052663 -0.101128 -0.212996 -0.113122 0.121805 -0.231430 0.030138 0.168630 0.799863 0.953489 1.477402 0.896877 -0.415872 -0.641656 -0.264711 0.296221 0.638286 0.245789 0.502639 0.406947 0.614969 0.739261 0.600288 0.302556 0.449635 -0.010025
-0.187359 0.119009 -0.073303 -0.013580 -1.751249 -0.234551 0.089045 0.109658 -0.042076 -0.201708 -0.157866 -0.013352 0.058527 0.376829 0.271156 0.105761 0.677729 0.850759 0.991326 0.449508 0.740111 0.564408 0.471186 0.602897 0.530431 0.388497 0.306427 0.101413 -0.023107 -0.106995 0.001616 -0.005110 0.011158 -0.002316 0.059331 -0.239836 0.162199 0.254166 0.133327 0.345127 0.021745 0.063942 -0.073931 -0.159792 -0.234225 0.002776 0.031289 0.100128 0.002028 -0.056061 0.149593 0.001830 0.069099 0.103451 -0.227350 -0.079195 -0.114903 0.066665 -0.013768 -0.123867 -0.081322 0.048927 0.744888 0.289385 0.161602 0.212982 -0.036422 -0.387308 -0.004008 0.265432 0.137927 0.100122 -0.046407 -0.135435 -0.069344 -0.315966 -0.074343 -0.124641 0.157397 0.241207 -0.001406 -0.313419 -0.179691 -0.100236 0.021332 -0.515970 -0.138655 -0.431422 -0.601873 -0.405378 -0.109774 0.125585 0.547266 0.399540 0.951219 0.904986 0.969518 -0.065002 -0.006529 -0.921393 -0.850929 -0.868410 -0.587892 -0.875824 -0.623017 -0.227545 0.101500 0.101757 -0.029063 -0.005203 0.030874 -0.162522 -0.518056 -1.248311 -1.560586 -1.286526 -0.661645 -0.455556 -0.382358 -0.263768 -0.077188 0.022559 0.013122 -0.136656 0.050022 -0.036767 -0.047903 0.171515 0.273571 0.215692 0.285318 0.178706 0.282520 0.207162 0.159326 0.199446 0.444346 0.116070 -0.105651 0.033768 0.034400 0.117570 0.008335 -0.091027 0.136006 0.167563 0.250272 0.127670 -0.101764 -0.125360 -0.212656 -0.016384 -0.080340 -0.347663 0.000649 -0.141870 -0.055896 0.036860 0.132520 0.177483 -0.026496 0.030389 0.090481 0.203465 0.039805 -0.158161 -0.227493 -0.216227 -0.147717 -0.163251 -0.007345 0.198358 0.521536 0.905996 1.039811 0.932054 0.865071 0.391879 -0.133213 0.115773 0.385097 -0.007422 -0.008621 0.227734 0.208876 0.409009 0.465409 0.045763 0.013613 -0.023637
-0.008974 -0.018229 -0.082366 0.081013 -0.963783 0.063917 0.039400 -0.115794 -0.039818 -0.133754 -0.238190 0.012355 -0.028360 0.030197 0.117808 0.260704 0.381647 0.347368 0.428554 0.596165 0.311990 0.300762 0.013647 0.233857 0.418502 0.562447 -0.187847 -0.225558 -0.239763 -0.123322 -0.002808 -0.043697 -0.055628 0.166878 0.014146 -0.265331 -0.042647 0.001223 -0.093277 0.043621 0.134274 0.198263 0.023185 0.057904 0.267994 0.104836 0.110590 0.098887 0.080546 0.055933 0.240678 -0.018180 -0.085162 -0.064486 -0.171161 -0.203807 -0.388297 -0.454845 -0.372202 -0.415595 0.510987 0.917019 0.821611 0.538763 0.111879 0.102088 -0.175196 -0.216362 0.134601 0.209767 0.004414 -0.085027 0.052843 -0.024690 0.013913 -0.064857 -0.027784 -0.056649 -0.056315 -0.043603 -0.090163 -0.433087 -0.225508 -0.129605 0.137885 -0.008665 -0.139550 -0.493400 -0.405528 0.002273 -0.023548 0.060150 0.121727 0.457674 0.707867 1.447265 1.587938 1.267489 0.993773 0.866832 0.887536 0.380685 0.401136 0.617817 0.431687 0.249292 0.121369 0.169698 0.093881 0.178264 -0.249049 -0.271695 -0.353073 -0.623513 -0.745452 -1.938063 -0.510965 -0.449307 -0.469093 -0.296446 -0.245871 -0.191600 -0.264530 -0.212584 -0.022828 0.012857 0.010782 0.035756 0.053671 0.082139 0.000573 0.057189 0.059552 0.431887 0.657340 0.686776 0.292488 0.166876 0.068779 -0.064213 0.091571 0.177387 0.034022 -0.040434 0.048685 -0.124744 -0.037883 -0.150645 -0.024898 0.043844 -0.083723 -0.008358 -0.066667 -0.405919 -0.050525 0.088480 0.058129 0.062338 0.041218 0.044310 -0.039368 0.105845 0.168433 0.065234 -0.047126 -0.074465 -0.049847 0.020325 -0.141366 -0.288477 -0.098456 -0.236462 0.117614 0.217432 0.277421 0.150289 0.200981 0.008915 -0.088641 -0.081253 -0.434734 -0.529760 -0.112139 0.055444 -0.105533 -0.063082 0.144824 0.297672 0.065086 -0.201180
-0.154517 -0.136026 -0.294109 -0.088547 -0.006897 0.029979 0.022907 0.036015 -0.134982 0.046922 -0.211947 -0.248769 -0.119516 0.087593 0.089116 0.076967 -0.025219 0.113283 -0.051100 0.031023 -0.150682 -0.086392 -0.019159 0.039484 0.054649 0.459636 0.260633 0.063784 -0.089728 0.178914 -0.077922 0.204458 0.260979 0.113165 0.106547 -0.068864 0.144073 0.065217 -0.217232 -0.126759 -0.015027 -0.028151 -0.113556 -0.025914 0.155909 0.206310 0.165302 0.183849 0.059290 0.102920 0.010198 0.080285 0.208911 -0.041029 -0.284453 -0.298224 -0.819634 -0.837538 -0.826191 -0.461969 0.052793 0.217910 0.307567 0.161245 -0.019427 0.012249 -0.308807 -0.162481 0.014802 -0.161611 -0.084529 -0.112656 -0.108156 0.016916 -0.038217 -0.119542 -0.025015 0.097553 0.067567 0.076101 -0.068596 -0.100907 -0.245400 -0.139357 0.065138 0.169436 0.251801 -0.100968 -0.277388 0.000623 -0.125540 0.057211 0.674108 0.912578 1.037993 1.023236 0.920683 1.183800 1.063765 0.593456 0.496998 0.548017 0.658409 0.316638 0.434376 0.344574 0.191847 0.023814 0.110739 0.071304 -0.170051 -0.337940 -0.311600 -0.279654 0.261186 0.046256 -0.022828 -0.268221 -0.160115 -0.130649 -0.095191 0.023700 -0.220086 -0.015908 -0.027626 0.137802 0.223598 0.028220 0.208424 0.005537 -0.181724 -0.329923 0.155463 0.484646 0.511929 0.225040 0.205959 0.234179 0.138775 0.050168 0.349690 0.049741 -0.162903 -0.266789 -0.049815 -0.033216 -0.001476 -0.276370 0.123733 0.027962 -0.075580 -0.039499 -0.158576 0.058436 -0.070010 0.063146 -0.046324 -0.079612 -0.021046 -0.173587 -0.039003 0.081335 0.040031 0.097656 -0.056836 -0.261783 -0.074930 -0.098172 -0.133659 -0.337790 -0.202795 -0.204620 -0.150355 -0.148180 -0.431721 -0.530703 -0.260247 -0.382359 -0.127655 -0.397191 -0.752591 -0.490096 -0.401039 0.026905 0.063989 0.343343 0.328866 0.141831 0.152268 -0.190848
-0.397424 -0.607727 -0.651653 -0.677217 -0.731090 -0.194116 -0.086598 0.010732 -0.067457 0.170804 -0.003455 -0.214546 -0.324004 -0.230540 -0.470407 0.053123 -0.068410 -0.062541 0.030441 0.069196 -0.295836 -0.399801 -0.158639 -0.071735 0.038307 0.273663 0.333079 0.286240 0.148669 0.034249 -0.110594 0.151527 -0.020867 0.053163 -0.125141 -0.123214 -0.073595 -0.086174 -0.343594 -0.503568 -0.311254 -0.275983 -0.298348 -0.217472 0.101114 0.128952 0.172270 -0.079704 -0.162657 0.034312 -0.040208 0.160706 0.109053 -0.289082 -0.617474 -0.925734 -0.862821 -1.323794 -0.035246 0.212268 0.267849 0.225909 0.242902 0.188721 0.030314 0.068233 0.060570 0.055612 0.070659 0.004273 0.113012 0.036331 -0.000402 0.055183 0.171900 -0.110169 -0.148561 -0.014547 -0.008680 0.030753 -0.046185 0.064116 0.290902 0.069039 0.091794 0.162871 0.114674 0.231208 0.219606 -0.079329 -0.154897 0.429357 0.414550 0.629342 0.477913 0.520148 0.641873 0.689066 0.289174 0.164279 0.044429 0.160685 0.478380 0.372347 0.170928 0.206748 0.210944 -0.013151 -0.158546 -0.227289 -0.181944 0.372927 0.764070 1.043054 0.505969 0.009476 0.023269 -0.236926 -0.096598 -0.029789 0.023712 -0.014639 -0.122208 0.011294 -0.073506 0.129571 0.037787 0.044536 0.130757 -0.070644 -0.010158 0.042699 0.104596 0.108678 0.120533 0.368238 0.150998 -0.128025 0.107727 0.141578 0.242518 0.286053 0.100178 -0.130672 -0.089647 -0.034721 0.095919 -0.093446 0.074558 0.035881 -0.063578 -0.052575 0.025459 0.069734 -0.048669 0.009915 -0.097574 -0.010441 -0.111693 -0.044580 -0.083725 -0.029344 -0.099317 -0.006342 -0.038787 -0.125392 -0.086629 -0.029961 -0.281517 -0.428443 -0.374549 0.023516 -0.273427 -0.221707 -0.199418 -0.241257 -0.854740 -0.598623 -0.447717 -0.828847 -0.917601 0.499441 0.029784 0.066110 0.288143 0.087552 0.485815 0.272668 -0.064262 -0.065517
-0.484215 -1.004806 -1.245947 -1.800472 -0.903830 -0.401150 -0.194388 0.122730 0.013758 -0.074081 -0.125472 -0.001659 -0.353527 -0.576293 -0.556191 -0.175975 -0.115087 0.081241 -0.165391 -0.234856 -0.269401 -0.287153 -0.116303 -0.274627 -0.226339 -0.020680 0.230273 0.121255 0.069404 -0.101357 -0.127219 0.103973 -0.033658 0.065623 0.059609 -0.145953 -0.004323 -0.205864 -0.272625 -0.400896 -0.139258 -0.313843 -0.327693 -0.431445 -0.154381 -0.025836 -0.051523 -0.002019 -0.313875 -0.092933 -0.112845 0.030386 0.087233 -0.093313 -0.458574 -0.003248 -2.105990 -0.149067 0.700501 0.351967 0.449247 0.341874 0.381398 0.028778 0.168817 -0.014694 0.315671 0.225075 0.146153 0.088379 0.064278 0.147907 -0.120983 -0.134538 -0.134921 -0.028048 -0.171817 -0.338793 -0.506362 -0.165958 -0.145374 0.087262 0.056726 0.020637 0.131529 -0.150737 -0.044581 0.060349 0.109156 -0.013134 -0.028312 0.155054 0.121540 0.136546 0.138844 0.003656 0.014398 0.201328 -0.012495 -0.008576 -0.043556 0.097785 0.178850 0.310888 0.124256 0.004351 0.296528 0.077195 0.138635 0.035156 0.045631 0.077196 0.564769 0.509118 0.297322 0.318640 0.376675 0.578276 0.230638 -0.068708 0.140996 0.004253 -0.052417 -0.106700 -0.217527 0.034708 0.202451 -0.028666 -0.102788 -0.092154 0.037486 0.076213 0.212564 0.390459 -0.158019 0.025058 0.135855 -0.139877 -0.093762 -0.003468 0.033198 0.129835 0.104191 0.475087 0.019548 0.049917 0.175048 0.063257 -0.076577 -0.084461 -0.208508 -0.077183 0.104111 0.043179 -0.109395 -0.171949 -0.030491 -0.083156 -0.074514 0.010282 -0.122861 0.053535 -0.047013 0.081937 0.012673 -0.029137 -0.022878 0.001902 -0.216204 -0.194925 -0.120498 0.080481 -0.041673 -0.110612 -0.030801 -0.089695 0.038506 0.239148 0.405587 -0.114976 0.424779 0.418163 0.274773 0.458084 0.163046 0.174175 0.107312 0.296189 0.054500 -0.013951
-0.400664 -0.955444 -1.911096 -1.892572 -1.060194 -0.536395 -0.191996 -0.062398 -0.136766 -0.228329 -0.113799 -0.227733 -0.250723 -0.932447 -0.670322 -0.318314 -0.127965 -0.078469 -0.020806 -0.319826 -0.305635 -0.305863 -0.149122 -0.184125 -0.285718 -0.322561 -0.250110 -0.018806 0.299804 0.142391 0.073473 0.305115 0.201120 0.075554 -0.096812 -0.028440 0.033439 -0.007411 0.134320 0.145479 -0.321865 -0.301560 -0.157061 -0.585910 -0.501445 -0.364451 -0.471437 -0.192249 -0.270325 0.037210 -0.046763 -0.090904 -0.029789 -0.190255 -0.552243 0.110787 1.009102 0.104300 0.917242 1.088665 0.884744 0.415172 0.252661 0.385811 0.272755 0.292023 0.218533 0.284431 0.503286 -0.152881 -0.034607 -0.218620 -0.360033 -0.378132 -0.384641 -0.324191 -0.346281 -0.316873 -0.294242 -0.149043 -0.070777 0.222215 0.213503 -0.013260 0.013478 0.004081 0.137708 -0.000158 -0.093344 -0.169506 0.075064 0.101796 0.035714 -0.072005 0.104027 -0.050915 -0.160163 -0.277393 -0.247256 -0.257735 -0.168588 -0.012068 0.077174 0.132695 0.006755 -0.019723 0.102331 -0.042277 0.005143 0.014848 -0.041268 -0.024799 -0.075037 0.272987 0.478042 0.256348 -0.055777 -0.107236 -0.001029 -0.146684 -0.342686 -0.032978 -0.181833 -0.219986 -0.033390 -0.077079 -0.018885 0.167911 0.304462 -0.005693 0.008234 0.074371 0.016175 0.098827 0.012167 -0.038436 -0.021063 -0.057860 -0.122434 -0.007075 0.123944 0.177865 0.193261 0.409212 0.110884 0.160633 0.044637 0.026106 -0.247584 0.085240 -0.065854 0.069271 -0.008814 -0.057286 -0.126805 -0.142998 0.076257 -0.042305 -0.002334 -0.023235 -0.104470 0.008580 -0.102522 0.018398 0.109984 0.369156 0.108517 0.054737 -0.225454 -0.092626 -0.067019 0.047069 0.060625 -0.172767 0.037026 -0.030949 0.189947 0.284283 0.083143 0.335598 0.420100 0.407964 0.175894 0.208890 0.225012 0.090966 -0.001806 0.082322 0.336293 0.004219
1.753894 -1.088348 1.037322 0.734226 0.544429 -0.014424 -0.163019 -0.174527 -0.013516 0.118234 -0.391977 -0.443639 -0.213999 -0.123441 -1.279764 -0.848886 -0.498832 -0.218561 -0.244906 -0.397955 -0.521896 -0.436089 -0.345417 -0.233792 -0.192502 -0.261458 -0.162095 -0.024966 0.131389 0.155017 0.057371 0.104393 0.229558 0.011939 -0.107478 -0.050650 -0.004222 0.265769 0.436276 0.535593 -0.247733 -0.500015 -0.635658 -0.596884 -0.441658 -0.366356 -0.464003 -0.183288 0.178220 0.378239 0.222058 0.055372 -0.090345 -0.089211 -0.091784 0.012433 -0.026751 0.778873 0.825472 0.538562 0.769726 0.790248 0.715169 0.385591 0.142037 0.186424 0.365445 0.174044 -0.055694 -0.349386 -0.298565 -0.551018 -0.624239 -0.627656 -0.806276 -0.824833 -0.637794 -0.314368 -0.124312 -0.072056 0.078407 0.172706 0.316963 -0.033276 0.006447 -0.174661 -0.114601 0.032085 0.128242 0.570447 0.491038 0.453370 -0.054266 0.192444 0.006890 0.032476 0.043043 -0.328659 -0.265400 -0.468186 -0.460696 -0.053813 -0.061303 0.065296 -0.201452 -0.122153 -0.045727 -0.267696 -0.134445 -0.246746 -0.335363 -0.467573 -0.312561 0.004227 0.327478 -0.060030 -0.015011 -0.118474 -0.112622 -0.151115 -0.064155 0.021894 0.003837 0.045444 -0.142196 -0.003954 0.165910 0.406185 0.340810 0.099273 -0.148310 -0.054268 -0.197171 -0.058064 -0.081121 -0.020276 0.019984 -0.019305 -0.003991 -0.148707 -0.070323 0.184816 0.200975 0.353496 0.206935 -0.029389 0.034683 0.279259 -0.173055 0.004787 -0.121456 -0.064013 0.017239 -0.198750 -0.053825 0.008920 0.138245 0.035664 -0.033712 0.044788 -0.023401 0.171684 0.160224 0.226592 0.216370 0.054936 0.096754 0.096172 -0.021782 -0.162454 0.042842 0.021742 -0.071570 -0.120374 -0.167181 0.053170 -0.015237 0.105728 0.113273 0.207030 0.231014 0.076456 -0.070890 -0.285491 -0.275124 -0.126232 0.084741 0.143687 0.198082 0.313069
1.741273 0.953301 1.921275 0.455258 0.186554 -0.078017 -0.252814 0.021680 0.195993 0.209634 0.202270 -0.163951 0.112405 0.192186 0.262982 -0.770694 -0.502822 -0.681143 -0.638447 -0.500667 -0.412822 -0.554386 -0.816827 -0.778716 -0.444509 -0.305391 -0.343483 -0.142248 -0.128492 0.212064 0.068022 0.388371 0.142755 0.193984 0.076382 0.042003 0.257342 0.403742 0.519615 1.003452 1.179472 -0.671272 -1.102067 -1.149056 -0.161231 -0.127290 0.092196 0.017177 0.247944 0.230162 0.129371 0.067535 0.005350 0.075050 0.135823 0.347738 0.462527 0.295530 0.227063 0.357098 0.467538 0.478765 0.359462 0.283985 0.250661 0.081311 0.059054 -0.178088 -0.342290 -0.660963 -1.074236 -1.192044 -1.367816 -1.253078 -0.663885 -0.742714 -0.343282 -0.201173 0.164720 0.202803 0.067476 0.163270 0.159660 -0.083611 0.150886 0.138664 -0.065680 0.120346 0.035494 0.122558 0.298300 0.397047 0.264371 0.391814 0.295687 0.190759 -0.067057 -0.437429 -0.457996 -0.315057 -0.287269 -0.216451 0.049013 -0.205067 -0.423163 -0.315990 -0.446503 -0.317637 -0.289891 -0.401976 -0.496475 -0.492353 -0.355649 -0.118551 0.041995 -0.091599 -0.158402 -0.113565 0.130143 -0.020795 -0.064723 -0.002169 0.222288 0.176252 0.274574 0.710329 1.080992 0.514638 0.219792 0.046608 -0.124766 -0.013347 -0.204024 -0.135165 -0.127244 0.009601 -0.041248 -0.066826 0.008794 -0.147275 -0.233459 -0.000370 0.153286 0.198754 0.181179 0.076167 0.291625 0.219676 -0.181914 0.014878 0.113642 -0.012028 -0.041672 0.047322 0.015496 0.060940 -0.002118 0.028667 -0.114170 0.056497 0.232483 0.175307 0.014445 0.002887 0.138931 0.255482 0.137684 0.143036 -0.035557 -0.187336 0.048045 0.073519 0.013712 0.045567 0.005461 -0.182810 -0.088388 0.244539 0.089837 0.189040 0.060374 -0.156532 -0.550651 -0.452798 -0.595051 -0.218687 -0.092359 -0.070741 0.036159 0.046420
1.146501 1.175361 1.273404 1.174842 0.418953 0.111361 -0.051183 0.077738 0.319791 0.379509 0.782395 0.297717 0.353141 0.756336 0.339528 -0.007312 -0.003328 -0.080598 -0.462277 -0.572469 -0.735981 -0.701253 -0.592072 -0.587002 -0.231607 -0.519358 -0.441659 -0.130556 0.146732 0.129636 0.183529 0.167635 0.082014 0.109192 0.086419 0.156806 0.314300 0.606736 0.828807 1.160256 1.461628 1.635208 0.857310 -0.045716 -0.144341 0.298187 0.382687 0.062520 0.339467 0.076723 0.029353 -0.013019 0.049767 -0.004592 0.026391 0.286385 0.924430 1.462105 0.489077 0.561899 0.377454 0.408825 0.201376 0.132706 0.371545 0.189180 0.138138 0.020405 -0.328291 -1.483105 -1.483831 -1.502698 -0.994972 -0.216520 0.085831 0.133908 0.039736 0.110041 0.114735 0.116969 -0.178427 -0.285827 0.097793 0.438657 0.153131 0.029838 0.169044 -0.079785 -0.328988 -0.318606 -0.098923 0.112749 0.400977 0.193579 0.124094 0.034440 -0.155595 -0.103662 -0.404379 -0.348874 -0.241886 -0.190982 -0.232633 -0.202046 -0.205004 -0.509308 -0.482205 -0.556103 -0.517065 -0.752022 -0.606312 -0.310315 -0.164106 0.065023 0.057840 0.243078 -0.018836 0.110444 0.023884 0.138262 0.085791 -0.080798 -0.001516 0.515652 1.037012 0.970565 0.617696 0.191583 0.204968 -0.188446 0.037265 -0.035859 -0.080372 0.003504 0.169915 0.328532 0.071601 -0.155420 -0.120503 -0.020516 -0.015326 -0.056564 0.152989 0.013343 0.040618 -0.205886 0.196499 -0.042688 -0.004412 -0.151170 -0.122298 -0.114903 -0.296449 0.022809 -0.053254 -0.037598 -0.146142 -0.022742 0.227441 0.101552 0.202494 -0.013696 -0.033644 0.023480 -0.126884 -0.009113 0.028148 0.051885 -0.139089 -0.340498 -0.187989 -0.079671 -0.079973 0.178668 0.130544 -0.247212 0.027260 0.099330 0.008119 0.117708 -0.317742 -0.587365 -0.618944 -0.716317 -0.612886 -0.527596 -0.066234 0.004008 -0.056244 0.006919
0.583451 0.904412 0.853843 0.788639 0.145454 0.162555 0.261300 0.168212 0.243694 0.212249 0.451133 0.445600 0.262711 0.318566 0.052310 0.053319 0.185700 0.169220 0.032036 -0.004040 -0.347322 -0.556402 -0.144928 0.004153 -0.117094 -0.283742 -0.707982 -0.517609 -0.252619 -0.205794 0.052910 -0.172480 -0.124852 -0.228760 -0.024725 0.187188 0.230862 0.568479 0.538069 0.969304 1.123987 1.250598 0.977336 1.813136 1.969373 0.864472 0.476504 0.348208 0.020317 -0.040678 0.172365 0.117220 0.025629 -0.156137 0.070677 0.318153 0.670951 0.409308 0.041985 0.098432 0.106069 0.210716 0.075043 0.073425 0.175164 0.034657 0.046832 -0.268283 -0.158162 -0.521569 -2.011189 -0.272306 0.061705 -0.014515 0.262904 0.537251 0.120890 -0.007130 0.107246 -0.078365 -0.044708 -0.063584 0.339926 0.529195 0.789386 0.954346 1.451751 0.029799 -0.123131 0.058124 -0.350935 -0.312912 0.105182 0.113491 -0.034543 0.028841 -0.031687 -0.120869 -0.251542 -0.243378 -0.005349 0.107819 0.137747 -0.286091 -0.309787 -0.254518 -0.667168 -0.861050 -0.244775 0.108558 -0.130152 0.073522 0.306969 -0.182642 -0.001984 0.199282 0.074777 0.153078 0.189481 0.202095 0.103216 -0.007452 0.134689 0.592486 0.465331 0.744240 0.490756 0.183891 0.007645 0.049517 -0.073319 -0.019740 0.029295 0.144847 -0.045428 0.011384 0.063759 0.109776 0.211350 0.088728 -0.049678 -0.141132 0.000179 0.019402 0.067000 0.137697 -0.094218 -0.046659 -0.317257 -0.122102 -0.015496 0.087551 -0.122829 -0.033048 0.009295 -0.205087 -0.135236 -0.393287 -0.138803 -0.076607 0.072873 -0.143009 0.105861 -0.050669 -0.109950 -0.003433 -0.067683 -0.201779 0.898504 -0.304074 -0.428460 -0.164189 0.064355 0.096408 -0.007533 0.062641 -0.093632 -0.048923 -0.253533 -0.644762 -0.734877 -0.952535 -0.977150 -0.821210 -0.596886 -0.424046 -0.091140 -0.182637 -0.202705 0.208177
0.280662 0.616465 0.340254 0.532816 0.250633 0.130649 0.204137 0.176434 0.183576 0.027694 0.152493 0.125049 -0.040986 -0.253757 -0.205411 -0.124739 0.035433 0.273732 0.145058 0.034834 -0.175920 -0.184544 -0.121947 -0.127681 -0.233891 -0.061261 -0.078592 -0.183248 -0.348518 -0.423665 0.126134 -0.215145 -0.044577 -0.253915 -0.037981 0.084369 0.088333 0.278380 0.153247 0.397125 0.943308 1.350929 0.094197 0.209799 1.427881 1.264495 0.816696 0.224955 0.129591 -0.032230 0.014452 -0.007745 -0.032920 -0.019471 -0.054847 0.230247 0.377318 0.144645 -0.334958 -0.300320 -0.162854 -0.170945 -0.030517 0.111650 0.174287 -0.008956 0.116260 -0.171004 -0.425781 0.083164 -0.169839 0.314583 0.574101 0.560248 0.388132 0.025767 -0.034727 0.034335 0.075269 -0.117705 0.075949 0.065624 0.214909 0.347791 0.528780 1.090313 1.325684 1.383780 1.010550 0.736178 -0.183107 0.343014 0.159577 -0.068354 -0.115220 -0.044724 -0.134570 -0.131537 -0.271136 -0.222021 0.323639 0.103183 0.157248 0.049590 -0.136191 -0.335026 -0.270431 -0.081656 -0.460841 0.420161 0.792917 0.612507 0.065338 0.138766 -0.031732 0.110073 0.065991 -0.077983 -0.001107 0.018412 0.080651 -0.063249 0.035215 0.353328 0.769330 0.568411 0.308686 0.539485 0.056857 -0.067375 -0.020062 -0.034193 0.116346 0.151090 0.124311 0.166846 0.109429 0.046158 -0.135210 -0.013502 -0.215814 -0.157453 -0.084588 0.021648 0.205978 0.236338 -0.110317 -0.105760 0.011886 0.126862 -0.028853 0.165089 0.010468 -0.160698 0.160865 -0.171831 -0.184582 -0.331476 -0.220690 -0.477052 -0.300570 -0.145632 0.012630 -0.005564 -0.059448 -0.134024 -0.192696 -0.278458 -0.535603 -0.689951 -0.677588 -0.272289 -0.118816 -0.172729 -0.345364 -0.255261 -0.278344 -0.131159 -0.409291 -0.514721 -0.934158 -1.213513 -0.145360 0.029605 0.053054 0.069223 0.078509 0.124854 -0.102077 0.047782
0.526479 0.358870 0.199928 0.584597 0.507846 0.099931 -0.130794 0.196652 -0.203161 -0.372492 -0.372732 -0.482058 -0.686200 -0.740742 -0.455074 -0.226296 -0.057922 0.169621 0.120498 0.180652 0.220114 0.167773 -0.142609 0.455523 0.471152 0.752277 1.446796 1.515725 1.753587 1.650583 1.336379 0.640606 0.324665 0.078089 0.111680 -0.060233 0.101530 0.018358 0.219881 0.798654 0.724820 1.828083 1.842882 1.498513 1.233675 0.895871 0.612276 0.282960 -0.028300 -0.052838 -0.259976 -0.095618 -0.289967 -0.190526 -0.068333 -0.133236 -0.008481 -0.038607 -0.905963 -0.934721 -0.724509 -0.392542 -0.217876 -0.039857 0.033805 0.118620 -0.103206 -0.164576 -0.019910 0.343830 0.098576 0.603882 0.409448 0.314276 0.017626 0.084571 -0.019390 0.091355 0.105939 0.017230 0.153151 0.260552 0.312428 0.122460 0.159803 0.524856 0.666060 0.694141 0.581035 0.454826 0.213865 0.028484 -0.211539 -0.101925 -0.000331 -0.047408 0.005513 -0.232578 -0.048432 -0.158868 0.348937 0.227706 -0.045564 -0.005206 -0.101361 -0.252738 -0.277875 0.001124 0.136489 0.161020 0.358543 0.309752 0.116402 0.016349 -0.035771 -0.032162 -0.100536 -0.318742 -0.369241 -0.119256 -0.216142 -0.024211 0.020982 0.254193 0.664304 0.251779 0.262824 0.174009 0.034492 -0.104892 0.077036 -0.004876 -0.031098 -0.014135 0.340117 0.031706 0.103966 -0.096319 -0.153041 -0.180851 -0.099326 -0.142299 -0.092129 0.127722 0.129882 0.102748 -0.102972 0.143244 0.226908 0.039524 0.071431 0.055772 0.201547 0.203228 0.287160 -0.259119 -0.361891 -0.428003 -0.550606 -0.586465 -0.382616 -0.094539 -0.090048 -0.117692 -0.061689 -0.159856 -0.176398 -0.206376 -0.980404 -0.612339 -0.603202 -0.384007 -0.157027 -0.161558 -0.351856 -0.469163 -0.078842 -0.154655 -0.460238 -0.600522 -0.640840 -0.784718 -0.173781 0.219728 0.078745 0.218490 0.072474 0.130855 0.037165 0.143876
0.030005 0.168968 0.336097 0.140415 -0.068036 -0.076447 0.156977 0.232815 0.445720 -0.254033 -0.674766 -0.961529 -1.083571 -1.062108 -0.588634 -0.442174 -0.005773 0.009263 0.085079 0.333325 0.526302 0.484154 0.480888 1.608642 1.352575 1.023884 1.282950 0.948111 1.047206 1.228989 1.040020 0.803182 0.669714 0.533444 0.101235 -0.182415 -0.021611 0.027077 0.356493 0.503436 0.670563 1.165371 1.260999 1.144267 1.025133 0.490931 0.261022 -0.080561 -0.142107 -0.152104 -0.317098 -0.181371 -0.117472 -0.120420 -0.047455 -0.065432 -0.117568 -0.046558 -0.461716 1.188063 -0.638640 -0.322527 -0.093365 -0.089650 0.043020 0.014832 -0.172384 -0.261771 -0.272937 0.036831 0.087454 0.362189 0.188523 0.064654 0.231570 -0.121890 0.100887 0.036535 0.127102 -0.158572 0.001605 0.134508 -0.032015 0.049900 0.015070 0.073362 0.282927 0.631843 0.475992 0.251522 -0.006347 -0.203208 -0.122699 -0.011439 -0.121981 0.003387 -0.011790 0.051415 -0.014992 0.191276 0.299773 0.201388 0.406529 0.350031 -0.002226 -0.208627 -0.215434 -0.187302 0.065153 0.212717 0.170221 0.103290 -0.188669 -0.092124 -0.142574 -0.123148 -0.080381 -0.376021 -0.245027 -0.133150 0.062671 0.115609 -0.012392 0.093136 0.528909 0.363926 0.122382 0.207351 0.234427 0.808053 0.252699 0.027364 0.033452 0.144513 0.096603 0.230415 -0.321214 -0.247018 -0.090344 -0.203131 -0.174218 -0.060526 0.019874 0.001290 0.076444 0.061151 0.102699 0.238924 0.215745 0.096622 -0.066592 -0.185967 -0.111943 -0.169162 0.100700 0.395384 0.264308 -0.474595 -0.697198 -0.934432 -0.464591 0.115914 -0.089836 0.078040 -0.028604 -0.144566 -0.397294 -0.497521 0.735939 0.569494 -0.390123 -0.270380 -0.311191 -0.031664 -0.463171 -0.319686 -0.287022 -0.155769 -0.178478 -0.098596 -0.621523 0.208965 0.016181 0.116820 -0.114711 0.018413 -0.031662 -0.023994 0.103564 -0.008597
0.070794 0.152554 0.176326 0.088695 -0.113072 -0.050174 0.354948 0.293732 0.316610 0.479462 0.119753 0.102905 -1.108227 -1.508278 -1.055647 -0.171659 0.048947 0.314089 0.381067 0.291330 0.105564 0.062131 0.025741 0.602878 0.645636 0.513335 0.890293 0.619710 0.706915 0.660810 0.477913 0.525727 0.519129 0.445662 0.246084 -0.002273 -0.069869 -0.057205 0.267204 0.313873 0.730645 0.650610 0.488823 0.311201 4.236728 0.229468 -0.033181 -0.054971 0.064501 -0.127325 -0.000605 -0.302008 -0.250809 -0.091464 -0.065536 -0.132417 -0.122633 -0.009051 -0.154358 -0.161238 -0.064429 -0.064401 -0.189404 0.076264 0.001898 0.049087 0.110045 -0.092594 -0.352724 0.072017 0.041672 -0.027352 0.145649 0.023432 0.112931 -0.085576 -0.115142 -0.160064 0.292665 0.077591 0.098199 0.251515 0.039024 0.128024 -0.103829 -0.018621 -0.066598 0.058200 -0.008064 -0.034845 -0.431826 -0.333422 -0.179229 -0.086407 -0.128486 0.099349 -0.117798 0.049045 -0.085642 0.274658 0.249840 0.137623 0.186935 0.225103 0.120164 0.008100 0.007535 0.082785 0.255242 0.026480 -0.001257 -0.111090 -0.171708 -0.205464 0.135254 -0.120997 -0.156417 -0.280928 -0.230413 -0.223691 0.104834 0.138133 0.481235 0.395734 0.222896 0.359031 0.142222 0.382243 0.245947 0.171842 0.118733 0.115454 0.259705 0.239653 0.153148 0.041577 -0.131788 -0.175414 -0.095470 -0.053714 -0.167795 0.037042 0.067486 0.155424 -0.119278 0.017769 0.071669 0.063443 0.021581 -0.029891 -0.010848 -0.100167 -0.261202 -0.078059 -0.076664 0.220384 0.407154 0.085049 -0.577455 -0.306072 -0.163720 -0.015406 -0.101788 0.020910 -0.069680 0.128018 0.087849 0.425340 0.516804 0.426889 0.146648 -0.028378 -0.296731 -0.203748 -0.315698 -0.553195 -0.595926 -0.236270 -0.008673 -0.053506 -0.270959 1.351156 0.242886 -0.098789 -0.096502 -0.118213 0.021167 0.029733 0.328607 0.273857
0.057535 0.225551 0.194715 -0.136483 0.077036 0.022910 0.163786 0.165027 0.385565 0.527041 0.273446 0.307229 0.445890 0.504381 -0.678447 -0.123598 0.372488 0.169694 0.133374 0.120387 0.021338 0.011898 -0.011704 -0.040540 0.098261 0.261192 0.263732 0.210699 0.246085 0.401913 0.262091 0.356479 0.316445 0.116270 -0.007317 0.069898 -0.107452 -0.054244 0.127673 0.254949 0.172558 0.327364 0.160682 0.047677 -0.148745 0.077748 0.063856 -0.013522 0.079158 -0.110995 -0.139256 -0.578565 -0.458138 -0.358919 -0.072488 0.250525 -0.208735 -0.030831 0.108060 -0.007568 -0.025436 0.014579 0.028327 0.102931 0.048351 -0.016920 -0.137932 -0.222064 -0.157978 0.059145 0.059983 -0.081734 -0.124330 -0.248231 -0.121037 0.121849 0.250508 0.332271 0.105957 0.070105 0.063379 0.352675 0.096973 -0.019644 0.193801 0.002296 -0.188700 -0.063140 -0.228906 -0.400627 -0.040620 0.057080 0.109109 0.033229 0.055757 -0.028435 -0.029452 0.016546 0.338603 0.299283 0.131784 0.334900 0.170054 0.170896 0.231258 0.055663 0.088012 0.111344 0.349629 0.069864 0.295747 0.132274 -0.009591 -0.017369 -0.008774 -0.051059 -0.136804 -0.101778 -0.416711 -0.088857 -0.040582 0.001044 0.195612 0.161445 0.041851 -0.069739 -0.077515 0.080751 0.034314 -0.224181 0.001095 -0.001143 0.341166 0.222814 0.313937 0.042833 -0.073796 -0.180233 -0.161357 -0.117700 0.231737 0.114391 0.110851 0.153238 -0.095417 0.015545 -0.086397 -0.048248 -0.036498 -0.035046 0.103650 0.109944 -0.093470 0.057079 -0.071295 0.135983 0.112002 0.083225 -0.501339 0.652637 0.080635 0.007081 0.035777 0.097032 0.261483 0.573814 0.752080 0.557365 0.461705 0.266510 0.200503 0.434397 0.267907 -0.129553 -0.229503 -0.404550 -0.545595 -0.421056 -0.081083 0.017346 1.269569 0.629950 0.436081 0.238562 0.010401 0.012995 0.254540 0.261516 0.217901 0.254045
-0.111934 -0.015310 0.038332 -0.056153 -0.013636 0.040583 0.171714 0.288429 0.240073 0.241951 0.385169 0.500641 0.398292 0.442074 0.010492 -0.063984 0.106169 -0.003633 -0.029150 -0.207692 0.041020 0.113920 -0.200027 -0.120648 -0.048867 0.163315 -0.026697 0.027294 -0.037705 0.140740 0.060607 -0.059896 0.086404 -0.065246 0.174119 0.033215 0.128047 -0.071382 -0.084814 0.094529 -0.022950 -0.038145 -0.011143 -0.027405 -0.605281 -0.415869 0.059143 0.016793 0.050785 -0.448069 -0.607022 -0.948241 -0.848264 -0.119890 -0.011408 0.012975 -0.021911 0.006838 0.062720 -0.052650 0.015788 0.213742 0.041195 0.188348 0.147019 0.050534 0.028660 0.044377 -0.025838 -0.100376 -0.025337 0.162640 0.147652 -0.132555 0.095806 0.144479 0.129850 0.167720 -0.003957 0.013570 0.067816 0.042465 -0.091029 0.020203 -0.051623 -0.028734 -0.317755 -0.391209 -0.574943 -0.288308 -0.132834 0.013492 0.013949 -0.012630 0.009064 -0.065693 0.021368 -0.047544 0.208310 0.180723 0.124969 0.093041 -0.032247 0.062604 -0.145754 -0.031549 0.090722 -0.018425 0.273763 0.183851 0.320752 0.105961 -0.010970 0.036671 0.005962 -0.000627 -0.077889 0.119270 -0.043543 -0.143155 0.016350 -0.102048 0.223761 0.254151 -0.130626 -0.134856 -0.430209 -0.217687 -0.266902 -0.241020 0.090307 0.054068 0.142140 -0.007972 0.153036 0.004936 0.048868 -0.122050 -0.259572 -0.185970 -0.028441 -0.071864 0.139007 0.220056 0.266992 0.245752 -0.063854 -0.188736 0.031470 -0.038522 0.072103 0.060790 -0.043825 0.051540 -0.083376 0.011479 -0.068992 0.238989 0.088630 0.488211 0.185237 -0.037272 -0.077523 -0.029861 0.300813 0.413241 0.671996 0.648729 0.282075 0.332321 0.112997 0.066072 0.098687 0.676361 0.915708 -0.399378 -0.326692 -0.665779 1.016816 1.043001 1.114520 0.685121 0.312788 0.080830 -0.281296 -0.356429 -0.166639 -0.079789 0.126328 0.056759
-0.107071 0.062685 -0.059974 0.158417 0.077288 0.214897 -0.019517 -0.060595 0.059828 0.195216 0.319449 0.469687 0.655671 0.603833 0.418913 0.470366 0.265792 -0.229075 0.107901 -0.125907 -0.005533 0.203797 0.056705 0.028987 -0.095649 0.127296 -0.087122 -0.068410 -0.064077 -0.083734 0.099356 0.012754 -0.061255 -0.155746 -0.113308 -0.031257 -0.043789 -0.095975 -0.135324 0.023072 0.030505 -0.176647 0.114394 -0.188148 -0.458987 -0.308495 -0.201502 0.095132 0.160843 0.421094 0.541284 0.767662 1.170485 1.118094 0.505264 0.112775 -0.147444 -0.080655 0.015706 -0.081839 0.034142 -0.080996 0.093075 0.218953 0.268059 0.186101 -0.110170 -0.102591 -0.085803 -0.040325 -0.056848 -0.011289 0.147035 0.218772 0.096284 -0.137588 0.174104 0.042125 0.033574 0.044188 0.019639 -0.031771 -0.052629 -0.027807 0.004287 -0.325077 -0.513878 -0.696639 -0.504092 -0.399851 -0.295964 0.002040 0.146206 0.052299 -0.165662 -0.008435 0.090462 -0.062618 0.041868 0.000068 0.133752 -0.270234 -0.096346 -0.043674 -0.066854 -0.082652 -0.082483 0.200536 0.328016 0.187496 0.216735 0.328108 0.344958 0.299559 0.361786 0.208298 0.094066 0.058896 -0.040208 -0.118442 -0.016739 -0.089022 0.076983 -0.153225 -0.191773 -0.438831 -0.536611 -0.451216 -0.580129 -0.258107 -0.049799 0.149194 0.032644 -0.035696 0.214057 0.108045 -0.060786 -0.225849 0.002879 -0.080723 -0.264568 0.051726 0.071114 0.082789 -0.124820 0.052577 -0.058083 -0.226129 -0.147829 -0.131841 -0.078352 0.176822 0.054371 0.068508 -0.271025 -0.257283 -0.213617 -0.217877 0.148014 0.607650 0.084702 0.149251 0.056963 -0.012021 0.291115 0.131571 0.159805 0.232265 0.271145 0.016248 -0.154627 0.043761 0.161935 0.542935 0.722855 1.134526 0.926374 0.833905 0.664674 0.592629 0.880173 0.953706 0.397531 -0.059909 -0.339872 -0.516420 -0.444145 -0.349833 -0.103007 -0.014075
-0.138614 0.005021 -0.265212 0.031646 -0.033808 0.040636 -0.017296 0.208369 -0.069096 -0.007159 0.143447 0.221408 0.240105 0.121296 0.178330 0.241959 0.374933 -0.010869 0.164081 -0.128969 -0.224223 0.058031 0.266818 0.208147 -0.052569 0.007454 -0.045667 -0.058173 -0.009652 -0.186913 0.125870 0.047135 0.142159 -0.007655 0.049214 0.015084 0.126205 -0.064988 -0.098137 -0.172719 0.018046 -0.116594 0.071690 -0.106134 -0.008556 -0.175789 -0.018878 0.149794 0.500177 0.424242 0.584287 0.611079 0.776760 0.516894 0.149644 -0.105451 -0.021179 -0.008173 0.205659 0.042108 -0.072836 0.028839 -0.020218 0.087267 0.068618 -0.059424 -0.311216 -0.286751 -0.104372 0.080645 -0.130830 -0.174460 -0.072785 0.101417 0.237234 -0.048689 -0.072873 -0.192760 -0.066621 0.035857 -0.009741 -0.074352 0.037604 0.170611 -0.048105 -0.282373 -0.397601 -0.602895 -0.375471 -0.524244 0.100773 0.200945 -0.009560 0.036312 -0.160046 0.015951 -0.188826 0.224670 0.162353 0.169419 -0.257161 -0.238135 0.043647 0.033249 -0.035643 -0.065675 0.166600 0.167704 0.201024 0.141519 0.169013 0.103810 0.240055 0.210524 0.101091 0.096974 0.134013 0.092304 0.132054 0.022974 0.081029 -0.047360 0.093805 0.083398 -0.079694 0.110643 -0.678307 -0.592569 -0.642486 -0.491496 -0.190743 -0.016269 -0.046965 -0.230074 -0.051941 -0.041585 -0.014841 0.019802 0.160352 0.013025 -0.285906 0.135625 0.030248 0.066433 -0.058517 0.069782 0.002859 -0.094409 0.077272 -0.232479 -0.398459 0.130059 -0.224982 -0.086386 0.010129 -0.498372 0.260747 0.363424 0.553701 0.604678 0.093115 0.175625 0.000293 -0.002965 0.047356 -0.091963 0.027925 0.199006 0.021805 -0.002484 -0.015407 0.235728 0.306282 0.231520 0.417582 0.734883 0.374300 0.700417 1.002529 0.731103 0.716979 0.621275 0.805508 0.279899 -0.995893 -0.507513 -0.961596 -0.595321 -0.292977 -0.092230
0.076268 -0.002160 -0.044399 0.217913 -0.028432 -0.070029 -0.074877 0.137528 0.002539 -0.108350 0.076055 -0.133582 0.063702 0.035496 0.095509 0.095959 0.350975 0.042969 -0.156347 -0.111351 0.125717 0.126593 0.365101 0.064087 -0.077400 -0.136256 -0.002047 -0.093079 -0.014004 -0.290340 0.091537 0.016367 0.121434 0.013665 0.083325 0.067767 0.055395 0.029316 0.055281 -0.062986 -0.099562 -0.123809 0.107995 -0.078518 -0.136014 -0.056389 -0.101168 0.112944 -0.092464 -0.111588 0.099278 0.189130 0.011666 0.137484 -0.031576 -0.089050 -0.110100 -0.128274 -0.021212 -0.057123 -0.146483 0.059999 0.261124 0.189862 0.061388 -0.177054 -0.156411 -0.324620 -0.045569 -0.140764 -0.036873 -0.110260 -0.330107 -0.202141 -0.048352 -0.198925 -0.045216 -0.109473 -0.028478 0.133768 -0.056635 -0.028533 -0.004182 0.061158 -0.017773 -0.158161 -0.118360 -0.374791 -0.119142 -0.028183 0.250977 0.146464 -0.242223 -0.442906 -0.279075 -0.198380 0.093583 0.069725 0.058593 -0.202332 0.068265 -0.107998 0.153114 0.039037 0.090410 -0.070158 0.140092 0.198246 0.168818 0.070148 0.056681 -0.019155 0.047284 0.156811 0.028054 -0.117719 0.031248 0.024081 0.121867 -0.045618 0.078600 0.010090 -0.098384 0.088784 -0.214805 -0.055981 -0.059795 -0.061067 -0.453461 -0.120925 -0.257750 -0.078998 -0.110943 -0.054218 -0.070637 -0.036164 -0.217181 0.141233 0.229162 0.010815 0.149211 0.212188 0.049083 0.115901 0.109260 0.068536 -0.013419 0.025657 -0.125715 -0.150195 -0.296151 -0.096545 -0.135559 -0.183949 -0.003440 0.080620 -0.079348 0.168564 0.262322 0.466111 0.235005 0.118242 -0.003569 -0.236843 -0.024447 -0.087635 -0.124326 0.001409 0.023419 -0.057655 0.137055 0.115524 0.280108 0.110858 0.287518 0.389692 0.319575 0.280099 0.167252 0.212069 0.478011 0.521720 0.762575 1.295761 0.948877 0.791444 0.851342 0.506642 0.412555 0.367986
0.194966 0.239763 0.133745 -0.042396 -0.192744 -0.287701 -0.173433 -0.105232 -0.089699 -0.173886 -0.194264 -0.111904 -0.216524 -0.171783 -0.032877 0.047460 0.173582 0.142993 0.024514 0.004294 -0.253005 0.043862 0.135904 0.029015 -0.237212 -0.031050 0.009563 -0.174644 0.182909 -0.086921 0.123738 0.027612 -0.124132 -0.015568 -0.002045 0.002530 -0.022059 0.135232 0.171936 -0.009935 -0.139393 0.118086 0.192644 -0.079741 0.198161 0.220035 0.054648 -0.042010 -0.233139 -0.114586 -0.048502 -0.280581 -0.317296 -0.288205 -0.703455 -0.301930 -0.232523 -0.095648 0.088289 0.144534 0.166932 0.172574 0.187425 0.023386 0.118704 -0.050374 -0.126992 -0.163851 -0.304316 -0.183703 -0.054619 -0.329271 -0.113852 -0.124316 -0.139220 -0.123206 -0.030402 -0.070652 0.127761 -0.053213 -0.035905 0.022998 -0.039550 -0.007071 -0.082135 -0.181078 0.140160 -0.138532 -0.305422 -0.016764 0.023499 0.038984 -0.501230 -0.759905 -0.368101 -0.278623 0.123956 0.110472 0.106565 -0.013588 -0.053935 0.028526 0.076792 -0.125632 -0.072417 -0.150233 0.247463 0.215005 -0.140417 -0.194170 -0.225803 -0.184828 -0.018403 0.011351 -0.043705 -0.124779 0.051968 0.101305 0.077951 0.152022 -0.118174 0.042341 0.240249 -0.035729 -0.183586 -0.065645 0.099525 -0.040400 0.030391 0.076763 0.047056 -0.013918 -0.110124 0.136020 -0.117449 -0.195614 -0.082302 -0.073690 0.108302 -0.115568 0.139437 0.047581 -0.024827 0.177870 -0.025191 0.058056 -0.011314 -0.011231 0.002115 0.135248 -0.069828 0.025296 0.055977 0.037478 0.174965 0.219881 0.077986 0.086108 0.060501 0.143875 -0.152608 0.115547 -0.076634 -0.140998 -0.002221 -0.121705 -0.071015 0.040073 0.028445 0.108342 0.022058 -0.003565 -0.146247 0.150229 0.386464 0.280806 0.047900 0.286580 0.233489 0.353321 0.049690 0.298929 0.548872 0.905259 1.422474 1.542048 0.592202 0.616057 0.647738 0.424684
-0.067500 0.026927 0.062372 -0.142853 -0.175547 -0.223745 -0.213707 -0.174189 -0.147785 -0.098613 -0.040309 -0.107161 -0.193699 -0.283497 -0.199601 0.132889 0.161354 0.209076 0.189468 0.011425 0.044233 -0.001325 0.015297 -0.102072 -0.134051 0.008798 -0.080004 -0.020901 0.447258 0.391808 0.006549 -0.234282 -0.055677 -0.268597 -0.068639 -0.002540 -0.111374 -0.005357 0.070877 0.007757 -0.225924 0.144308 -0.019023 -0.074749 0.159554 -0.059093 -0.108903 -0.111956 -0.082342 -0.165074 -0.486705 -0.769442 -0.699605 -0.623085 -0.365736 -0.033779 -0.089166 0.075874 -0.093323 0.251180 0.187471 0.187839 0.225987 0.059779 -0.065566 -0.100443 -0.091491 -0.389060 -0.638194 -0.253890 -0.207454 -0.141883 -0.172037 0.041611 -0.070640 -0.072586 -0.270491 -0.036657 -0.077133 -0.000721 -0.085424 0.105032 0.150213 0.042467 -0.041381 -0.143628 0.023592 0.244288 -0.206344 -0.026228 0.126518 0.394703 0.184145 0.324248 -0.670635 -0.403824 0.190552 0.196572 -0.022882 -0.085538 -0.101270 -0.055427 -0.064954 -0.177113 -0.053114 -0.138063 0.011078 -0.053233 -0.206992 -0.008132 -0.176613 -0.288288 -0.222738 -0.003611 -0.072610 -0.026574 0.085495 0.100486 0.067486 0.169661 -0.049604 0.000872 0.036052 -0.007067 -0.185452 0.038880 -0.031884 -0.017958 -0.183055 -0.164828 -0.043536 -0.055030 0.186022 -0.018198 0.120691 0.299189 0.039238 0.098018 0.021985 -0.090634 -0.245710 -0.087243 0.090520 0.179809 0.011357 0.001298 -0.081949 0.029740 -0.002352 -0.059911 -0.092603 -0.315893 -0.228975 0.172909 0.020547 -0.103441 -0.087898 -0.218336 -0.351393 -0.499103 -0.538443 -0.478027 -0.288822 -0.292377 0.117510 -0.091356 -0.006670 -0.033119 -0.126627 -0.095615 -0.305175 -0.067986 -0.146331 -0.026968 0.154685 0.169697 0.032132 -0.003373 0.171221 -0.074213 -0.142541 0.199390 0.272310 0.349591 0.906829 0.966033 0.390977 0.317473 0.182573 0.289330
-0.050973 -0.247660 -0.169101 -0.276695 -0.002229 -0.160758 -0.071336 -0.235006 -0.009904 0.119648 0.212979 -0.059940 -0.411383 -0.138729 -0.226023 0.046704 -0.095771 0.113020 0.082023 -0.048134 -0.059697 0.042794 0.084402 0.086087 -0.085670 -0.098595 0.015705 0.138675 0.989929 0.765105 0.476730 -0.089051 -0.130256 -0.030708 -0.032263 -0.094522 0.088159 -0.032730 -0.106997 0.083635 -0.083011 0.031406 0.007924 0.063463 0.123911 0.035029 -0.101620 -0.186493 -0.430374 -0.388814 -0.846858 -0.852625 -0.981979 -0.583443 -0.256953 0.093268 -0.140698 0.001135 -0.224936 -0.119535 0.010209 -0.067935 -0.030416 0.104044 0.072538 -0.215270 0.009255 -0.008165 -0.297669 -0.315219 -0.292827 -0.263008 -0.036434 -0.169393 -0.170163 -0.045212 0.004703 -0.200663 -0.079747 -0.063292 0.095515 0.086200 0.165274 0.068251 0.110208 -0.094763 -0.032478 0.202030 0.189600 -0.178518 0.190081 0.211228 0.214615 0.113971 0.001476 -0.153089 -0.295016 -0.049153 -0.101305 -0.097465 0.060690 -0.116731 -0.187209 -0.085018 -0.189707 -0.030859 0.054599 -0.122992 -0.059844 -0.025469 -0.143163 -0.122315 0.437182 -0.038324 -0.051394 -0.142440 -0.142575 -0.160948 -0.004296 0.220935 0.080502 -0.195561 -0.066531 0.012693 -0.059449 0.013472 0.039303 -0.200922 -0.468780 -0.292523 -0.230915 -0.228329 -0.143585 -0.058107 -0.147208 0.218028 0.117473 0.159543 0.165458 0.266427 -0.128517 -0.365620 -0.198216 -0.191138 0.029397 -0.157008 -0.186232 -0.051072 0.131191 0.306090 0.286675 0.223758 0.235546 -0.246118 -0.122862 -0.247903 -0.268202 -0.296178 -0.512764 -1.081746 -0.628272 -0.626448 -0.251152 -0.052949 -0.039282 -0.062051 -0.048094 -0.055995 -0.008220 -0.289459 -0.150535 -0.112771 0.220683 -0.406842 -0.053667 -0.038474 0.023688 -0.178491 0.117526 -0.155803 -0.037170 0.036949 -0.002330 0.110419 0.601964 0.570031 0.264518 0.213499 -0.037789 -0.197075
-0.211362 -0.264530 -0.118214 -0.223245 -0.025319 -0.041452 -0.016492 -0.115559 -0.037012 0.009838 0.122254 0.056426 0.077940 -0.120146 -0.139573 -0.083576 0.095212 0.075666 0.039701 -0.091054 -0.007929 0.017439 0.075819 0.005042 -0.156639 -0.018255 0.046984 0.148656 0.813548 0.582990 0.497085 0.156815 0.240588 -0.034365 -0.251440 -0.213748 0.029560 -0.288220 -0.176564 -0.028319 -0.094471 -0.021429 -0.174699 0.143476 0.348772 0.084304 0.162654 -0.050763 -0.035191 -0.153147 -0.044353 -0.191020 0.081317 0.183051 0.138948 -0.069678 -0.036476 0.032113 -0.418308 -0.326077 -0.240607 0.073856 0.109467 -0.145610 0.074047 -0.190348 -0.113399 0.143193 -0.011881 -0.058300 0.024942 -0.183753 -0.055652 -0.071548 0.059786 -0.058875 -0.172410 -0.005059 -0.174164 -0.029038 0.041737 0.206348 0.004778 0.091271 -0.149402 0.093507 0.079251 0.056515 0.013885 -0.043453 -0.116984 -0.102237 0.071548 0.080304 -0.334291 -0.741358 -0.483784 -0.078920 -0.076577 0.016369 0.076082 0.010618 -0.077358 -0.168554 -0.247263 0.006928 -0.030674 0.039490 -0.181300 0.213751 -0.064842 0.281916 0.262008 0.255392 -0.102497 0.120603 -0.213630 -0.116790 -0.072598 -0.138261 0.032586 -0.373092 0.109736 0.064529 -0.105028 0.009832 -0.053232 -0.133405 -0.368420 -0.221136 -0.103118 0.018821 -0.087156 -0.175876 0.015071 -0.179677 -0.498214 -0.100160 0.010480 -0.017165 0.082810 -0.361420 -0.502550 -0.646592 -0.519075 -0.186527 -0.224624 -0.147638 0.113658 0.279431 0.258032 0.412875 0.032920 0.057864 -0.059556 0.144935 -0.343475 -0.038548 -0.184715 -0.768781 -1.090794 -0.737944 -0.334953 -0.255231 -0.217198 -0.169211 -0.011571 -0.126571 0.332236 0.332053 0.596932 -0.065436 -0.055502 0.288302 -0.043729 0.132836 0.043867 -0.094666 0.080200 -0.123152 -0.085813 0.049480 -0.165099 0.041923 0.109337 0.060519 -0.049780 0.130246 0.194055 -0.210423
-0.259644 -0.129884 -0.270405 -0.030157 -0.119587 -0.143745 -0.015126 -0.119477 0.110832 -0.056593 -0.096738 0.073083 -0.045177 0.009589 0.216581 0.183650 0.023991 -0.196794 -0.274434 0.055190 0.001438 -0.058027 -0.111281 -0.023671 -0.039133 0.157889 0.101484 0.161348 0.594538 0.345159 0.026013 0.015363 0.045882 0.084980 -0.152900 -0.046459 -0.140869 -0.372596 -0.268779 -0.147702 -0.122387 0.049141 -0.079808 0.061278 0.260560 -0.144739 -0.199092 -0.074150 0.234194 0.067194 0.094065 0.542215 0.304569 0.229581 0.083297 -0.034265 0.279323 0.133124 0.393862 0.032857 -0.115953 -0.128422 -0.337961 -0.136624 0.002777 0.122821 -0.126485 -0.068829 0.096145 -0.113424 0.098322 -0.049680 0.156475 -0.283376 0.060017 0.132811 -0.209506 0.231023 0.017509 -0.016987 -0.216758 0.105103 0.201239 -0.111205 -0.023087 0.012602 0.071639 -0.117761 -0.132864 -0.088969 -0.017834 -0.022899 0.098422 -0.061064 -0.141175 -0.297525 -0.345207 -0.040569 0.049411 0.167222 -0.122786 0.146289 0.048989 -0.084280 -0.081814 -0.207934 -0.234012 -0.113880 0.067114 0.015593 0.114894 0.073211 0.059315 0.195094 0.174165 -0.125903 -0.459917 -0.379474 -0.161666 -0.113685 -0.061940 0.098278 -0.010335 -0.036366 -0.072877 -0.232122 -0.282510 -0.290002 -0.156002 -0.010383 0.091391 0.056803 -0.194791 -0.124971 -0.013149 0.185808 0.029152 0.048171 0.123419 0.063256 -0.066268 -0.084802 -0.376627 -0.687609 -0.591092 -0.199403 -0.106939 0.139518 0.432664 0.216393 0.150184 0.382409 0.656915 0.560621 0.257044 0.257908 0.212422 0.376842 0.274351 -0.012321 -0.130740 -0.633142 -0.026578 0.096665 0.142665 -0.116783 0.082239 -0.025361 0.206483 0.660608 0.436595 0.822394 0.304111 0.487600 0.034037 -0.118638 -0.136660 -0.014411 -0.114238 -0.190569 -0.205726 -0.063624 0.070264 -0.036286 -0.000491 -0.140102 -0.217509 -0.158150 0.109002 0.034686
-0.260750 0.123481 -0.027156 0.033200 0.112287 -0.034435 0.041377 -0.190111 0.161540 0.094141 -0.080416 -0.086521 0.045626 -0.090657 -0.051269 0.038168 -0.107891 -0.077042 -0.039848 0.092492 -0.055909 -0.029615 0.003811 -0.108254 -0.070653 -0.015935 0.083036 0.091620 0.219250 0.003914 -0.017657 0.004955 -0.028508 0.055487 0.059560 0.094711 -0.298284 -0.257690 -0.402776 -0.308713 -0.155207 0.038274 -0.018589 0.007223 0.197476 -0.045789 0.050751 -0.020719 0.600216 0.273295 0.413639 0.398310 0.227214 0.322169 0.112449 0.113938 0.302984 0.316609 0.316050 0.121165 0.113776 0.079063 -0.240841 -0.143091 -0.211750 -0.306645 -0.158359 -0.015727 -0.160824 0.053516 0.007629 -0.058825 0.023596 -0.184371 0.068797 0.084621 -0.219290 -0.004112 0.054595 -0.184007 -0.156471 0.008737 0.032876 -0.269304 -0.060119 -0.139500 -0.173839 -0.227113 -0.245680 -0.280296 -0.282525 -0.209351 -0.137557 -0.048361 -0.237063 -0.104949 0.203177 -0.011977 0.059519 0.139404 0.145136 0.105040 -0.198662 -0.065280 -0.021490 0.252884 0.024775 -0.125040 0.121491 0.236963 0.059813 0.033539 0.362878 0.238145 0.257682 0.020298 -0.225012 -0.159026 -0.224213 -0.250211 -0.132464 0.098136 -0.090553 -0.319623 0.020971 -0.148512 -0.196164 0.014127 -0.053813 -0.010609 0.109749 0.077660 -0.084289 0.194927 0.687069 0.879148 0.437422 0.154286 0.082246 -0.185209 -0.135334 -0.477721 -0.625547 -0.092054 0.007395 -0.073021 -0.020694 0.143273 0.392869 0.275871 0.218196 0.428464 0.328691 0.534953 0.379193 0.141569 0.050405 0.200668 0.292832 0.636855 -0.113326 -0.025204 0.052589 0.662673 0.204743 0.159891 0.083131 0.126444 -0.069350 -0.146644 0.307806 0.152676 0.085448 0.278976 0.209087 0.097815 -0.091295 -0.014513 -0.049066 -0.072989 -0.047924 -0.147532 -0.016790 0.027568 0.141300 0.130470 -0.035662 0.026038 0.180371 0.129514
0.036797 0.042929 -0.098179 -0.038666 -0.053339 0.107182 0.027397 -0.144076 0.060395 -0.016487 0.039022 -0.214189 -0.242820 -0.048727 0.065712 -0.106004 -0.326580 -0.236597 -0.015167 0.011989 -0.030721 -0.008123 0.085421 -0.039362 -0.084401 0.033456 -0.019357 0.054307 0.005271 -0.219466 -0.129458 -0.082357 -0.083253 -0.137808 0.094000 0.315703 0.122238 0.236796 0.314968 -0.560174 -0.241592 0.075532 -0.011732 -0.127270 -0.018824 -0.279114 -0.142098 -0.010880 0.317164 0.337141 0.245780 0.192713 0.056264 0.042452 0.073233 0.140724 0.141495 0.207645 0.138954 0.273208 -0.032197 0.021409 -0.072788 0.059234 -0.033518 -0.207167 -0.156566 0.174507 -0.090762 -0.125065 -0.223608 -0.074647 0.205083 -0.101381 -0.118409 -0.185725 -0.036292 -0.294242 -0.119380 -0.306736 -0.109452 0.026184 -0.159908 -0.086590 0.112453 -0.070152 -0.179053 -0.456059 -0.520559 -0.519108 -0.529435 -0.346996 -0.428392 -0.055444 -0.351691 -0.279164 0.208154 0.003714 0.295333 0.063210 -0.120491 -0.068951 -0.037722 -0.054089 0.026033 0.176364 -0.057150 -0.289838 0.084142 0.123470 0.064375 0.134807 0.150648 0.221585 0.582980 0.349514 0.002650 0.041616 0.150950 0.109751 -0.013434 0.037366 -0.027390 -0.079560 -0.009738 -0.289210 -0.089231 0.043244 0.021988 0.004311 0.015068 0.030721 0.138168 0.087142 0.262830 0.452975 0.420441 0.017314 -0.006314 -0.165697 0.268584 0.155282 -0.453660 0.015205 1.854736 0.159283 1.672415 0.196314 0.265909 0.648572 0.300149 0.309940 0.179082 0.172358 0.156524 -0.174381 0.034387 -0.073614 0.444776 0.523062 0.547006 1.386458 0.785404 0.342933 0.374868 0.155013 0.181971 0.291655 0.095813 -0.029192 -0.123803 -0.163767 0.209932 0.249410 0.323977 0.014991 -0.137749 -0.125828 -0.148083 -0.123331 0.106594 0.099697 -0.017934 0.155641 -0.001565 -0.065612 0.046042 0.092373 -0.048819 -0.012647
0.431573 0.079197 0.119595 -0.340677 -0.148101 -0.201605 0.196290 -0.041224 -0.242455 -0.191970 -0.073381 -0.298220 -0.099944 -0.110975 -0.196285 -0.342233 -0.504312 -0.338136 -0.019805 -0.016566 0.065295 -0.049298 0.039513 -0.164385 -0.102087 -0.052302 -0.159978 -0.074150 -0.174388 -0.476914 -0.234844 -0.084006 0.031122 0.063631 0.200179 0.393281 0.505361 0.774253 0.710312 0.248822 0.055392 0.003971 0.103218 0.093822 0.100262 -0.123580 -0.094324 -0.122468 -0.053906 -0.050109 -0.259816 -0.297933 -0.070112 -0.028127 0.086671 0.050171 0.076731 0.117781 0.130507 0.089142 0.100289 0.119137 0.124448 0.074623 0.116222 0.018156 -0.021920 0.000995 -0.153191 -0.340833 -0.289184 -0.048382 0.256951 -0.093782 -0.417378 -0.109341 -0.190775 0.266329 0.363798 -0.004076 -0.079935 0.188061 0.075637 -0.036292 -0.106589 -0.100916 -0.329891 -0.589780 -0.628767 -0.814333 -0.382513 -0.531693 -0.220778 -0.292620 -0.219718 -0.035951 0.039516 -0.092865 -0.145699 -0.137044 -0.119298 -0.035724 0.144197 -0.113287 -0.081451 -0.185827 0.128748 0.046260 0.244628 0.128506 0.111129 0.149845 0.460747 0.246330 0.193941 0.330610 0.458195 0.289674 0.214772 0.462316 0.244880 0.076273 0.048049 0.231546 0.058177 -0.024328 -0.025725 -0.136004 -0.354749 -0.138031 0.098220 -0.023589 0.225453 0.193524 0.033219 0.240107 0.129398 0.065534 0.033348 0.048820 -0.189196 0.199554 0.726996 0.927599 1.042501 1.424581 0.223608 1.551654 0.414857 0.002118 -0.244984 0.034152 0.167526 -0.097786 -0.162554 -0.116322 -0.063271 0.038187 -0.027993 0.269497 0.353989 0.708936 0.531442 0.340403 -0.083013 -0.080874 0.216139 0.163292 -0.043739 -0.094825 -0.193795 -0.079221 -0.066853 0.305105 0.110895 -0.053658 0.007477 0.087090 -0.082716 -0.056652 -0.067023 0.078165 0.039986 0.011550 0.080862 -0.004276 -0.015668 -0.036677 -0.104163 -0.183467
0.141473 -0.022644 -0.013751 -0.255711 -0.216933 -0.185331 -0.159836 -0.167613 -0.127977 -0.513225 -0.028362 -0.173852 -0.258174 -0.205314 -0.383248 -0.507881 -0.418271 -0.325382 0.027915 0.027157 -0.094825 -0.055041 0.010550 -0.104606 -0.021349 -0.024707 -0.263519 -0.423074 -0.659010 -0.450430 -0.296919 0.037721 0.007561 -0.012626 0.137798 0.145721 0.361499 0.206251 0.298777 0.565514 0.416837 0.082239 0.359615 0.200769 0.161905 -0.067392 -0.093424 -0.035183 -0.120570 -0.489626 -0.497050 -0.368573 -0.298727 -0.067016 0.074803 0.241159 0.135958 0.280866 0.148229 0.172653 0.156871 0.104131 -0.002343 0.041292 -0.023912 -0.022520 -0.046374 -0.441336 -0.009447 -0.338861 -0.118059 -0.084596 0.205978 0.072351 0.131881 0.575700 0.806294 0.759981 0.258105 0.360519 0.120390 0.135661 -0.100034 -0.069192 -0.163370 -0.231079 -0.453029 -0.848032 -0.912370 -0.803326 -0.382589 -0.561068 -0.609854 -0.344651 -0.163646 -0.133860 -0.413230 -0.250085 -0.248932 -0.401123 -0.171346 0.016072 0.103345 -0.165845 -0.160047 -0.296896 -0.064352 0.603750 0.313598 0.238650 -0.079005 0.005041 0.243458 0.400108 0.197565 0.405439 0.511024 0.447675 0.254946 0.191934 0.106518 -0.020083 0.024659 0.208228 0.061592 -0.019330 -0.263245 -0.370155 -0.648435 -0.472053 -0.130925 -0.111134 -0.056834 0.039733 0.219452 -0.014968 0.226552 -0.045908 0.071357 -0.071695 -0.022713 0.856150 0.971701 0.659427 0.546899 0.492759 1.010980 0.432769 0.090898 -0.282858 -0.202371 0.174299 0.343473 0.276041 -0.008454 -0.002650 -0.145358 -0.101616 -0.185282 0.038717 0.203161 0.207649 0.151526 0.268519 -0.079874 -0.312440 -0.144729 0.214654 0.170034 0.156082 -0.028988 -0.280504 -0.291612 -0.029471 -0.080912 -0.078503 0.057173 0.031005 0.050025 0.054468 0.081212 0.121440 0.211450 -0.052103 -0.085443 0.009952 -0.135894 -0.240686 -0.039938 -0.168985
0.071529 0.026790 0.075166 -0.120463 -0.143015 -0.047344 -0.035893 -0.107517 0.217157 0.172815 -0.021153 -0.122831 -0.156178 -0.418287 -0.195130 -0.191820 -0.135531 -0.157929 0.136768 0.008933 0.178408 0.113576 0.046133 0.184921 0.031995 -0.010103 -0.256724 -0.356992 -0.644341 -0.465733 -0.200952 0.061544 -0.087768 0.044335 -0.026112 -0.054091 0.121551 -0.037699 0.204377 0.475535 0.202654 0.269250 -0.117426 0.010862 0.080748 -0.015499 -0.105405 -0.542753 -0.570703 -0.414353 -0.095941 -0.815627 -0.474945 -0.256226 -0.059584 0.057121 0.083803 0.018750 0.000305 0.068789 0.072787 -0.028110 0.002746 -0.097187 0.132262 -0.184474 0.113443 -0.094049 -0.043005 -0.156268 0.125610 0.248042 0.437355 0.470393 0.524858 0.479991 0.342520 0.604186 0.739338 0.382466 0.454439 0.282087 0.001519 -0.110742 -0.261409 -0.421337 -0.733377 -0.913115 -1.024557 -0.413966 -0.536384 -0.466630 -0.438993 -0.401786 -0.359432 -0.430748 -0.166733 -0.172214 -0.366568 -0.252846 -0.262593 0.001694 -0.109650 0.079506 0.205331 1.133883 0.912588 0.522046 0.300622 0.076204 0.117778 0.040685 0.035625 0.458575 0.368270 0.389145 0.309106 0.040715 0.082526 0.264221 -0.008193 -0.085381 -0.216512 -0.022625 0.001187 -0.253633 -0.517979 -0.718835 -0.796524 -1.455805 -1.181141 -0.719798 -0.669003 -0.244135 -0.100461 -0.160086 -0.083678 0.126958 -0.036355 0.344164 0.493976 0.469812 0.221954 0.244222 0.242855 -0.041045 0.077201 -0.051650 0.019764 -0.076743 -0.151967 -0.142561 0.219905 0.481368 0.451035 -0.093009 -0.129421 -0.196783 0.043915 0.090344 0.069307 -0.066290 -0.194423 0.073288 0.103409 -0.150123 -0.374777 -0.063883 0.064320 0.222569 0.177305 0.003639 -0.076091 0.059106 -0.103155 -0.020702 -0.027463 0.248708 0.232679 0.158341 -0.091997 -0.021224 0.018089 -0.168023 -0.093599 -0.148639 -0.323987 -0.428518 -0.355636 -0.061070
-0.278886 -0.085676 -0.211157 0.109167 0.023313 0.243252 0.249926 -0.012286 -0.023451 -0.012445 -0.030473 0.005784 -0.138062 0.107589 0.183964 -0.730932 0.044181 0.057701 0.176641 0.313685 0.088358 0.085310 0.017858 0.033566 0.036871 -0.203838 -0.496120 -0.441448 -0.807608 -0.650932 -0.235690 -0.192395 0.079413 0.061331 -0.029828 -0.049744 0.064784 0.152843 0.303488 0.411638 0.189191 0.244233 0.010544 0.064284 0.027743 0.108626 -0.073260 -0.332507 -0.528485 -0.601677 -0.496475 -0.730886 -0.343598 -0.189758 0.002800 -0.098574 0.008726 -0.016118 -0.019073 -0.013408 0.061254 0.076655 0.020803 0.007116 0.001312 0.030123 -0.047482 0.128668 -0.004961 0.132673 1.814659 1.645481 0.595592 0.340959 0.372345 0.437518 0.443552 0.654182 0.446004 0.272449 0.303045 -0.019161 -0.012628 -0.100067 -0.000558 -0.337539 -0.934173 -1.123539 -1.067742 -0.718661 -0.434377 -0.688997 -0.445633 -0.657925 -0.295400 -0.370209 -0.145881 -0.457781 -0.215908 -0.278418 -0.309332 -0.145860 0.077034 0.371424 0.330091 0.593934 0.609354 0.427733 0.359754 0.067609 -0.026422 -0.375416 0.042041 0.080394 0.203687 0.375081 0.227917 0.412772 0.435667 0.338808 0.250995 -0.018176 -0.097149 0.156329 -0.110352 -0.308594 -0.524571 -0.822764 -1.015526 0.130857 -1.943733 -1.611297 -1.224674 -0.811389 -0.804184 0.108748 0.431494 0.242403 0.464809 0.556420 0.117236 0.185416 0.325193 0.119405 0.018348 -0.522160 -0.382696 0.003355 0.194284 0.001276 0.240359 -0.029234 0.466723 0.594993 0.455072 0.347243 -0.140802 -0.181818 -0.075689 -0.149896 -0.041119 -0.127877 -0.130846 0.000420 -0.070498 -0.156776 -0.201079 -0.247474 -0.121785 -0.116706 0.251668 0.202755 0.082692 -0.072293 -0.095236 -0.065852 0.017550 0.101248 0.239118 0.508504 0.238599 0.145647 -0.034662 -0.113495 -0.163995 -0.063779 -0.200161 -0.399531 -0.690990 -0.482932
-0.109719 -0.193758 -0.217650 0.028190 -0.135657 -0.030851 0.206122 0.129823 0.175379 -0.143093 -0.144551 -0.233714 -0.214815 -0.004904 -0.175180 0.209144 0.041764 0.270825 0.131927 0.241827 0.093971 0.078308 -0.087564 0.005294 0.131741 -0.237902 -0.528078 -0.018518 -0.378446 -1.068771 -0.206330 -0.082085 -0.132103 0.012103 -0.038504 0.032928 -0.120171 -0.007784 0.212965 0.068679 -0.089107 0.205353 0.288403 0.165536 0.054877 0.115758 0.165268 -0.033115 -0.600794 -0.969793 -0.554326 -0.456122 0.003493 -0.083757 -0.056733 -0.171741 0.148253 -0.005292 0.231772 0.229064 0.117404 -0.002423 -0.015862 -0.064817 0.014706 0.115132 0.032246 0.195429 0.453245 -0.046266 1.605845 0.987163 0.295807 0.204978 0.249036 0.232524 0.137197 0.603051 0.467182 0.402632 0.158718 -0.135672 -0.060274 -0.017315 0.058592 0.045922 -0.230274 -0.319287 -1.942105 -0.914393 -0.514038 -0.494337 -0.134736 0.043983 -0.242920 0.024081 -0.010626 -0.158944 -0.388938 -0.440652 -0.292302 -0.427916 0.074405 0.546851 0.738242 0.415223 0.798894 0.729073 0.355733 -0.155498 -0.135868 -0.065661 0.129659 -0.059977 -0.065012 0.000793 0.264463 0.502736 0.428946 0.453333 0.324686 0.142249 -0.018266 -0.092265 -0.109280 -0.323247 -0.579050 -1.151862 -1.566204 -1.998421 -1.994111 -2.015772 -2.049280 -1.380025 -0.498233 0.015637 0.203855 0.254578 0.444789 0.296983 0.294685 0.198312 0.292417 -0.319076 -0.579023 -0.635089 -0.518269 -0.021065 0.033841 0.063845 -0.017169 -0.105658 0.005832 0.308561 0.081062 0.322673 0.113938 0.007156 -0.296886 -0.075667 0.036046 -0.035777 0.082945 -0.099655 -0.190386 -0.280045 -0.297952 -0.187275 -0.041788 -0.122351 -0.115021 -0.026235 -0.030679 -0.066730 -0.206290 -0.118155 -0.086921 -0.087391 0.063423 0.168627 0.050668 -0.095256 0.036499 -0.088872 -0.072345 0.019653 -0.352725 -0.569095 -0.444466 -0.193999
-0.562972 -0.640058 -0.368348 -0.144561 -0.401388 0.137188 -0.039678 -0.002839 0.046224 -0.284059 -0.215063 -0.227073 -0.241609 -0.131532 -0.166963 0.044492 0.150336 0.163564 -0.017216 0.082161 0.016205 0.068722 -0.068673 0.109957 0.329389 0.161598 0.037935 -0.039931 0.217500 -0.278638 0.022652 -0.032345 -0.182377 -0.462922 -0.399265 -0.167476 -0.013820 0.013360 0.190772 -0.010358 -0.034022 0.088583 0.112401 0.045399 0.068777 0.117652 -0.050750 0.141804 -0.140986 -1.244322 -0.994093 -0.471956 -0.140133 0.004321 -0.132930 -0.154913 -0.114914 0.110588 0.099597 0.097320 -0.031154 0.047525 0.139280 -0.077210 -0.002433 -0.026520 0.179757 0.266958 0.570484 1.361346 1.070160 0.756699 0.022636 -0.063931 -0.104685 0.065827 0.169441 0.191077 0.204562 0.167536 -0.091453 -0.321050 -0.153726 -0.082047 0.040754 0.258249 0.392083 0.399446 0.717724 -0.436627 -0.250369 -0.191133 0.115179 0.381531 0.372441 0.272195 0.079893 -0.110589 -0.272301 -0.482949 -0.505113 -0.443856 -0.016117 0.324615 0.339135 0.326146 2.063787 1.102966 0.101645 -0.052117 0.106602 -0.046478 0.167283 -0.096884 0.090125 0.439391 0.375033 0.204136 0.400153 0.554319 0.566516 0.215836 0.126784 0.077281 0.265010 -0.050155 0.739587 0.263130 0.230125 0.167135 -0.099752 -0.668719 -1.950933 -2.080983 -0.819578 -0.702603 0.535627 0.641937 0.561398 0.313789 0.100240 -0.076196 -0.245127 -0.333652 -0.422784 -0.494979 -0.763817 -0.349736 -0.108187 0.193208 0.174138 0.013683 -0.080441 -0.140170 -0.165035 0.042325 -0.087002 0.003743 -0.104553 0.053298 -0.217473 -0.096125 -0.107204 -0.148925 -0.231035 -0.564776 -0.350821 -0.226422 -0.235679 -0.257181 -0.186715 -0.032281 -0.182570 -0.195382 0.079435 -0.063529 -0.206740 -0.063657 0.212532 0.159936 0.155346 -0.018298 -0.204350 -0.234094 -0.020006 0.011329 -0.238705 -0.759034 -0.424069 -0.152932
0.287446 -0.333585 -0.084666 0.259563 0.038801 -0.069565 -0.236212 -0.107194 -0.407427 -0.380579 -0.073080 -0.037593 -0.153992 0.284968 0.202469 0.440100 0.397111 0.027494 0.272858 -0.049571 -0.027599 -0.038411 0.153253 0.163140 0.125291 0.150122 0.048259 0.153215 0.190247 0.152869 0.155031 0.099283 -0.254948 -0.407138 -0.790561 -0.647316 -0.355060 -0.362090 -0.111882 0.013253 -0.370094 -0.024808 -0.062496 -0.072869 0.025638 0.029812 -0.025139 -0.088027 -0.561227 -1.619216 -1.330075 0.583903 0.281960 0.073103 -0.036728 -0.052789 0.044803 0.109543 0.031994 0.126790 0.098030 0.063704 0.068392 0.013347 -0.005413 -0.109559 0.337622 0.509899 1.122896 0.791224 0.694819 0.358086 0.003136 -0.360776 -0.199487 -0.091539 -0.171757 -0.115554 0.030156 -0.186002 -0.109226 -0.058497 0.082416 0.015777 0.150814 0.437774 0.646294 0.859557 0.464009 0.021637 -0.151942 0.404712 0.141373 0.179827 0.131626 0.001719 0.130130 -0.236022 -0.215059 -0.490409 -0.454410 -0.643295 0.031929 0.140552 0.065178 0.973820 -0.031702 0.624317 0.149696 0.017623 0.057354 0.089326 -0.169034 -0.253759 0.003303 0.308097 0.177905 0.158506 0.183558 0.576569 0.539930 0.449108 0.130788 0.071502 0.051448 0.092902 0.503482 0.656324 0.614614 0.369952 0.158103 -0.079766 -0.607152 -0.132687 0.007088 -0.064343 0.138066 0.422413 0.128169 0.077136 0.003656 0.067071 -0.036590 0.126592 -0.487577 -0.773550 -0.383456 -0.094582 0.016410 -0.082599 0.140962 0.004835 0.105755 -0.031707 0.047016 -0.223631 -0.213272 -0.008588 -0.124930 0.029450 -0.069550 0.006971 -0.098555 -0.057698 -0.140389 -0.805713 -0.533801 -0.361066 -0.396496 -0.556753 -0.258461 -0.255921 -0.499998 -0.295570 -0.172991 -0.068583 -0.218141 -0.059590 0.041938 -0.034673 0.063200 0.038569 -0.351251 -0.341377 -0.183950 0.087998 0.049376 -0.353435 -0.044619 -0.039459
-0.060989 0.494494 0.621264 0.260264 0.010948 -0.186449 -0.071987 -0.215398 -0.205674 -0.144017 0.041158 -0.379277 0.126438 0.343512 0.376250 0.240746 0.309129 0.191877 0.009938 -0.058017 -0.070785 -0.094851 0.170665 -0.045252 0.081521 -0.018704 0.093372 0.086198 -0.005474 0.250739 0.305182 0.058983 -0.277182 -0.571946 -0.583731 -1.040395 -0.956392 -0.248624 -0.234472 0.077375 -0.157861 0.295155 0.047505 -0.022340 -0.012349 -0.047855 -0.175926 -0.414093 -0.667872 -0.074961 0.795804 0.641723 0.319408 0.084571 -0.089558 0.021581 -0.114587 0.011212 -0.033826 0.074947 -0.107875 0.016434 -0.067410 -0.086958 -0.007588 -0.028183 0.222966 0.318199 0.631125 0.713984 0.420753 0.092922 -0.033523 -0.451236 -0.625706 -0.712275 -0.384191 -0.063482 -0.226243 -0.095513 0.075865 -0.059287 0.137615 -0.175197 -0.096745 0.229511 0.330179 0.723259 0.778872 1.231519 0.542106 0.139870 -0.204852 -0.110414 -0.267163 -0.054926 -0.127689 -0.007130 -0.226268 -0.169732 -0.374876 -0.760263 0.465141 0.315730 -0.183218 -0.476168 -0.018977 0.268367 0.216744 0.037364 0.128887 0.092048 0.072964 0.075014 0.109727 0.058426 0.000352 0.205945 0.348022 0.463984 0.407414 0.132996 0.166135 -0.008944 0.039673 -0.116313 0.190997 0.484607 0.558232 0.614651 0.063502 -0.137909 -0.199853 0.771013 0.543141 0.144978 -0.165810 0.082823 -2.378653 -0.142630 0.048689 -0.148011 -0.041929 -0.060907 -0.213664 -0.168529 -0.015886 0.163589 0.043566 0.013925 0.002572 -0.157816 0.053131 -0.090994 0.012461 -0.183193 -0.481260 -0.361500 0.301150 -0.098442 -0.047506 -0.029563 -0.245299 -0.011688 0.104312 0.188600 -0.176433 0.130482 -0.461008 -0.530389 -0.523886 -0.521201 -0.670803 -0.421440 -0.400668 -0.110779 -0.099897 -0.096496 0.068503 0.024929 0.099122 -0.002767 -0.155415 -0.401209 -0.176007 -0.025158 0.063666 0.011591 0.133053 0.051362
-0.131980 0.235843 0.285845 0.013544 -0.106524 -0.141869 -0.209531 -0.032743 0.005075 -0.019872 -0.006764 0.010806 0.171897 0.346396 0.225809 0.134396 0.189595 0.334814 -0.502505 -0.163648 -0.143975 0.275576 -0.119926 -0.181816 -0.045708 -0.173911 -0.061420 -0.103503 0.079317 0.042516 0.182064 0.202813 -0.204700 -2.060371 -0.937404 -1.338806 0.704100 -0.105588 -0.114957 0.036849 0.406887 0.512978 0.469118 0.231378 0.171418 -0.031276 -0.213655 -0.552731 -0.856872 -1.265513 0.975664 0.611250 0.146197 0.060510 0.094184 0.015439 0.174266 0.102081 -0.081676 0.150006 -0.056447 -0.074913 -0.092553 0.091965 -0.009233 -0.149951 0.131875 0.147112 0.094778 0.746769 0.284848 0.037125 0.016707 -0.202288 -0.389344 -0.386807 -0.317204 -0.275515 -0.015064 -0.091790 0.066573 0.007102 0.125208 -0.153705 -0.176720 0.007899 0.254823 0.486833 0.810028 0.770329 0.297264 -0.017076 -0.617450 -0.711101 -0.520252 -0.006660 -0.059540 -0.070838 -0.107335 0.052123 0.271944 -0.006988 0.633364 0.564998 0.074812 -0.759174 0.259865 0.064075 0.000321 -0.131373 -0.069407 0.013273 0.005868 -0.031610 0.076207 0.145524 0.032218 -0.079567 -0.140851 0.079942 0.196204 -0.093591 -0.077626 -0.068338 -0.182348 -0.160311 0.021379 0.192607 0.341934 0.299239 0.038770 -0.277505 0.036974 0.370817 0.305061 0.220144 0.378166 0.008871 0.801159 1.000085 0.455668 0.227612 -0.163315 -0.322616 -0.240216 -0.006368 -0.348657 -0.104790 -0.085106 -0.223114 -0.221690 -0.091080 -0.129505 0.023601 -0.265646 -0.612191 -0.405538 -0.149592 0.084541 -0.115465 -0.127966 -0.167548 -0.011935 -0.216318 0.334493 0.470940 0.581680 0.389757 -0.154430 -0.118377 -0.415713 -0.733983 -0.483037 -0.406574 -0.049141 0.043647 -0.145495 -0.101535 0.230628 0.153612 0.376925 0.173332 0.045433 -0.238877 -0.099004 -0.302900 -0.074074 0.065524 0.158389 -0.145005
-0.143143 -0.059879 0.039043 -0.261293 -0.282873 -0.207837 -0.386521 -0.095255 -0.053781 -0.191406 -0.001483 0.010912 0.071769 0.032056 0.001573 0.222397 0.157132 -0.070300 -0.083814 -0.214589 -0.014038 0.157217 0.118688 -0.144397 -0.185710 -0.204152 -0.235859 0.026417 0.091808 -0.012659 0.068152 -0.144426 0.075473 0.128519 0.526307 1.349308 1.315041 0.519987 0.381185 0.009452 0.307920 0.413134 0.231020 0.292495 0.236015 -0.039033 -0.116257 -0.080075 -0.780300 -0.867223 0.212031 0.439791 0.113510 0.054080 0.194665 0.042510 0.175253 -0.007057 0.028653 0.076038 -0.081571 -0.063371 -0.070089 0.171004 0.127745 0.017503 -0.210732 -0.144655 -0.083016 -0.045414 0.084831 0.017179 0.024843 0.068847 -0.278038 -0.307724 -0.094342 -0.122895 -0.069365 0.068152 -0.100812 0.000044 0.047349 -0.032716 -0.060247 0.104898 0.053463 0.219746 0.486762 0.493442 0.166114 -0.343600 -0.321497 -0.783120 -0.958718 0.118267 -0.041994 0.088053 -0.125961 0.339170 0.840809 1.296962 0.993132 0.543623 0.143562 -0.702479 -0.337488 -0.194154 -0.046951 -0.082313 -0.171367 0.087117 0.194773 0.040393 0.136294 0.113570 -0.285897 -0.388375 -0.208447 -0.273398 -0.003278 0.071289 0.036657 -0.044362 -0.089953 -0.142589 0.135393 -0.133593 -0.149125 -0.163796 -0.252745 -0.127831 0.091648 0.390010 0.381991 0.541508 0.558277 0.189165 -0.176707 0.317472 0.275627 -0.022883 0.026844 0.022528 -0.262038 -0.193400 -0.507388 -0.486513 -0.225293 -0.060688 -0.013390 -0.017019 -0.160421 -0.072023 -0.280060 -0.119509 -0.391356 -0.110489 0.035561 -0.337866 0.095904 -0.218226 -0.487306 -0.261929 -0.074065 0.379598 0.590527 0.448562 0.087243 0.163051 0.767530 0.658573 -0.152469 -0.206650 -0.124289 0.061562 0.021207 -0.079813 -0.053236 0.104443 0.133161 -0.038447 0.187913 0.156106 -0.115677 0.090150 0.047351 0.134738 0.146602 -0.185272
-0.243274 -0.066871 0.184463 0.081504 0.099589 0.022711 -0.068102 -0.128993 -0.145327 -0.112848 -0.102298 -0.075073 -0.036866 -0.198718 -0.075518 0.085256 -0.244390 0.653174 0.325058 0.109042 0.172714 -0.155277 -0.061226 -0.141804 -0.171455 -0.190232 -0.001225 0.015915 -0.108117 -0.023024 -0.151508 -0.041604 -0.089658 0.184902 0.457454 0.706437 0.864960 0.692653 0.269370 -0.185152 0.006425 -0.004559 0.167602 -0.031918 0.165966 -0.138248 -0.140766 0.002116 -0.018055 0.080420 1.918383 1.579700 0.799977 0.540288 0.042860 -0.022434 0.003010 -0.055000 -0.049254 -0.117257 0.127284 0.110779 -0.121780 -0.019167 -0.025901 -0.053721 -0.198367 -0.173887 -0.395509 -0.483711 -0.637978 -0.362079 -0.085742 0.042635 0.491227 0.336232 0.298185 -0.186123 -0.264400 0.083395 0.100308 0.010114 0.084473 0.004450 -0.106998 -0.114056 -0.170548 0.025974 0.215952 0.620611 0.057530 -0.214337 -0.354952 -0.565329 -0.059211 -0.058072 0.063387 0.182501 0.168445 0.398331 1.093888 0.834138 0.456141 0.228137 0.035173 -0.430753 -0.341429 -0.373919 -0.038658 -0.005493 -0.009561 0.706396 0.985979 1.148958 0.310041 0.191948 -0.297697 -0.577626 -0.514035 -0.464120 -0.200554 0.186793 0.109434 0.103696 -0.135008 -0.022298 0.042326 -0.201690 -0.361416 0.169171 0.033662 -0.082565 0.475500 0.322463 0.327450 0.245608 0.255728 0.144493 0.391339 0.101073 0.266880 -0.169768 -0.083009 -0.056297 -0.209380 0.209610 -0.267848 -0.243316 -0.078966 -0.277094 -0.045066 -0.384597 -0.179872 -0.079302 -0.480977 -0.629223 -0.199701 0.093783 0.049397 -0.010836 0.029882 -0.064453 -0.253418 -0.399611 -0.400745 -0.068309 0.249956 0.515771 0.358108 -0.031886 0.246223 0.414098 0.382916 -0.020669 0.035899 0.296709 0.155755 0.018245 -0.005457 -0.119911 -0.102685 0.056312 0.082181 -0.052828 -0.121783 -0.139764 -0.097875 -0.097516 -0.128696 -0.464101
-0.172497 -0.018499 0.117136 0.363811 0.185368 0.150131 0.104631 0.025025 -0.009861 -0.126332 -0.132180 -0.323291 -0.300395 -0.412543 -0.673799 -0.218413 0.153702 0.118821 0.081759 0.224299 -0.007228 -0.138687 -0.107198 -0.018753 -0.153017 -0.210124 -0.101317 -0.012710 -0.010803 0.179553 -0.040890 -0.186426 -0.154962 -0.072074 -0.012909 0.045159 0.179434 0.204492 0.068052 -0.175411 0.028663 -0.156279 -0.123106 -0.132804 0.047452 0.069933 0.047811 -0.173245 0.094097 0.028171 2.305103 1.794227 1.437743 1.212526 0.415161 0.069747 -0.052514 -0.069535 0.040344 -0.040867 0.307540 0.371413 -0.126227 -0.307203 -0.171578 -0.154646 -0.250369 -0.492548 -0.545261 -0.863781 -1.097453 -0.699776 -0.473146 0.019612 0.118462 0.253740 0.143239 -0.187085 -0.123199 0.023551 0.092340 0.056311 0.241501 0.124796 0.061821 -0.269745 -0.322191 0.126405 0.222713 0.286884 0.189843 -0.261887 -0.124239 0.107693 0.058420 -0.012087 -0.087126 0.180843 0.280453 0.292600 0.398068 0.295749 0.418158 0.233129 0.162179 -0.418160 -0.883570 -0.340476 0.246337 0.380466 0.371430 1.049639 1.017304 1.000500 0.544324 0.118141 -0.282138 -0.498162 -0.608038 -0.340066 -0.062788 0.034496 0.053672 0.166831 -0.114190 -0.072659 -0.032020 -0.098284 -0.016799 -0.095244 -0.243831 0.738980 0.421120 -0.076030 0.285433 0.076573 0.180981 0.090207 0.041012 -0.097245 0.041545 -0.148825 0.033521 0.245311 -0.324762 0.207332 0.357248 0.093544 0.165905 0.055766 0.042368 -0.263303 -0.288290 -0.033039 -0.030439 0.153709 0.056409 0.021747 0.009592 -0.037469 0.120750 -0.321867 -0.467228 -0.678616 -0.514563 -0.120183 0.048028 0.257995 0.441227 0.095770 0.276657 0.358147 0.360086 0.161872 -0.018423 -0.022972 0.065218 0.176358 0.255428 0.071132 0.075118 -0.069806 0.048416 -0.054159 -0.171087 -0.230776 -0.233696 -0.062050 -0.304979 -0.533266
0.268146 0.150707 0.331007 0.184345 0.252590 0.200018 0.241173 0.316569 0.216614 0.047105 -0.185791 -0.242620 -0.384977 -0.546446 -0.986258 -0.215275 -0.184700 0.025544 -0.031446 0.119732 0.068475 0.193044 0.002833 0.011628 -0.007517 -0.059506 -0.009923 -0.106927 -0.146044 0.049964 0.055116 0.076094 -0.104063 -0.277662 -0.509358 -0.393547 -0.135107 -0.255080 0.159891 0.130653 0.183787 -0.207529 -0.287458 -0.075221 -0.057414 -0.105908 0.084998 -0.256159 -0.131923 -0.219918 1.550355 1.244679 1.280842 1.033249 0.608229 -0.106674 0.130943 -0.324452 0.012985 0.609602 0.499896 0.323867 0.112987 -0.099845 -0.360307 -0.437638 -0.532206 -0.857176 -0.917562 -1.382701 -1.445796 -0.979820 -0.783786 -0.195745 -0.045497 0.026484 0.054807 0.118232 -0.251794 -0.025208 0.047345 0.097254 0.228841 -0.000558 0.049264 -0.118876 0.047868 -0.025906 0.199182 0.187755 0.382061 -0.107519 -0.065005 -0.083783 -0.016300 0.029984 0.025164 0.108010 0.131591 0.199075 0.361416 0.318725 0.359570 0.016071 -0.150560 -0.073398 -0.228456 -0.523213 -0.304434 0.082075 0.254547 0.598935 0.650150 0.616375 0.135972 -0.017145 -0.395916 -0.058528 -0.146127 -0.046561 -0.175534 0.005722 0.227654 0.089864 0.096954 0.114079 -0.008911 0.009808 -0.102057 0.029022 0.171656 0.509723 0.546099 0.552547 -0.187947 -0.128374 0.067755 -0.024019 -0.119950 -0.027894 -0.125439 0.029874 0.167053 0.332833 0.514409 0.384652 0.430434 0.266335 0.297461 0.139094 0.028524 -0.396514 -0.029148 0.047820 0.084736 -0.016291 -0.468398 0.126119 0.193604 0.134361 -0.290642 -0.538025 -0.306047 -0.608228 -0.292641 -0.124666 0.127192 0.360488 0.483552 0.041998 0.098659 0.104177 -0.141593 0.083282 0.138522 -0.038511 -0.013372 0.034847 0.036785 -0.187063 0.052167 -0.038880 -0.070010 -0.031358 -0.010870 -0.159053 -0.120557 -0.282894 -0.532557 -0.657000
0.147638 0.098433 0.238068 0.175047 0.143237 0.078829 0.034184 0.238391 0.115268 0.340240 -0.000762 -0.165139 -0.564829 -0.194955 -0.253815 -0.029826 -0.019153 0.238761 0.033581 0.224259 0.159725 0.052792 -0.102455 -0.303627 0.100455 0.025101 -0.042695 0.024889 -0.039765 0.135760 -0.078194 -0.004260 -0.158894 -0.159887 -0.293215 -0.502860 -0.255727 -0.129821 -0.027179 -0.114495 0.075888 -0.055907 0.086940 0.225098 0.051155 -0.039704 -0.171582 -0.113042 -0.314515 -0.160066 0.911791 0.988879 0.954130 0.948774 0.838680 0.372239 0.024266 -0.213328 0.329618 0.618565 0.380459 0.361756 0.097730 -0.410089 -0.747797 -0.615763 -0.491822 -0.829468 -1.045576 -1.228782 -1.265186 -1.068691 -0.230596 -0.107724 -0.150103 0.065415 0.150495 0.243090 0.063637 0.117887 0.169910 0.136436 0.027904 0.001813 -0.037041 0.136666 0.027022 -0.090950 0.005776 -0.059454 -0.146143 0.000316 0.342619 -0.041288 -0.090078 -0.137271 0.041536 -0.025603 0.040447 -0.003666 0.216667 0.081708 -0.060516 0.117928 -0.115554 -0.090581 -0.257609 -0.552649 -0.562523 -0.217492 0.030240 0.162697 0.171304 0.176609 0.290945 -0.048948 -0.135354 -0.162811 -0.043327 -0.068070 -0.117605 -0.134505 0.037926 -0.029049 0.083492 0.180361 0.135118 -0.059660 0.182388 0.181399 0.220962 0.031311 -0.041764 -0.014786 -0.185911 0.295601 -0.071339 0.014030 -0.141349 -0.090285 -0.173095 0.129736 0.099535 0.351883 0.349029 0.484127 0.544019 0.223326 0.087606 0.140164 0.215907 -0.107365 -0.019719 0.025571 0.055853 0.149505 0.254878 0.039646 0.058033 -0.182893 -0.580399 -0.536124 -0.442594 -0.309015 -0.344237 -0.191646 -0.077409 0.080621 0.082398 -0.002182 0.097817 0.115019 0.034767 0.032403 0.005075 0.010588 0.162062 0.080282 -0.190978 -0.578770 -0.457591 -0.540655 -0.086813 -0.105380 -0.140825 -0.196057 -0.277864 -0.255715 -0.464730 -0.077046
-0.294442 -0.235623 -0.016779 -0.018523 -0.077014 0.006103 -0.026010 0.013396 -0.028572 0.081512 0.077428 -0.068048 0.264522 0.173003 0.142260 0.021743 -0.096554 0.164675 0.129559 0.151717 0.111293 0.063945 -0.310735 -0.326059 -0.256322 -0.017796 0.055982 0.017186 0.035601 0.043079 -0.056513 0.083610 -0.019115 -0.116870 -0.365973 -0.363590 -0.420659 -0.274380 -0.096690 -0.044007 0.091738 0.197813 0.328245 0.386120 0.389724 0.108266 -0.167592 -0.238438 -0.223727 0.213462 0.479991 0.582117 0.759594 0.597399 0.530510 0.453603 0.064402 -0.238066 -0.223059 -0.016721 0.148206 0.285709 0.324714 -0.213595 -0.493792 -0.338714 -0.525964 -0.579774 -0.618367 -0.513526 -1.139270 -0.631010 -0.142103 -0.029669 0.100455 0.147804 0.199334 0.070329 -0.068690 -0.006416 -0.072216 0.225467 0.164867 -0.063946 0.026712 0.085834 0.068074 0.052172 -0.121417 -0.445644 -0.321420 -0.320178 -0.002509 -0.156949 0.015366 -0.242847 0.052590 0.029091 0.153390 0.140220 0.083636 0.065021 0.054906 0.051702 -0.205182 -0.060443 0.001375 0.025103 0.031335 0.005684 0.258344 0.184978 0.053082 0.329099 0.062637 -0.035967 -0.067199 0.123661 0.160696 0.197080 0.184899 0.026910 -0.026018 -0.203135 -0.240707 -0.056502 -0.043670 0.002494 -0.052012 0.156320 -0.090005 -0.340411 -0.065763 -0.118967 -0.000862 -0.055408 -0.081127 0.011483 0.081289 -0.121488 -0.202930 0.177777 -0.007209 0.181666 0.277801 0.375513 0.290843 -0.060387 -0.119648 0.437518 -0.003586 0.216769 -0.062107 -0.104783 0.207702 0.118968 -0.046031 0.056681 -0.115381 -0.242662 -0.590782 0.430718 0.156965 0.266964 0.025917 -0.047511 0.045362 -0.036985 0.077744 0.153988 0.008657 -0.037965 -0.048044 0.169627 0.123909 -0.002237 -0.061090 -0.203995 -0.239027 -0.601100 -0.695514 -0.687765 -0.202636 -0.061902 -0.069624 -0.083083 -0.071955 0.032716 0.278204 0.048119
-0.865016 -0.742786 -0.543951 -0.125458 0.133717 -0.134048 0.006420 0.138076 0.134951 0.153012 0.072434 0.045729 0.035612 0.093483 0.341988 -0.015217 0.149586 0.488193 0.212745 -0.049219 0.049072 0.110989 0.023507 -0.166143 -0.670382 -0.543256 -0.386463 -0.167324 -0.047913 -0.041595 0.166655 0.085718 -0.093226 0.084921 -0.148341 -1.371055 -0.937846 -0.490571 -0.171681 -0.223427 -0.118323 0.028048 0.074743 0.174448 0.299914 0.171610 0.079107 0.103975 -0.026808 -0.005744 0.039861 0.292638 0.407841 0.303141 0.279986 0.456592 0.114415 -0.359013 -0.415145 -0.649525 0.069873 -0.011915 0.179281 -0.011963 -0.676416 -0.652799 -0.441192 0.094894 0.054664 0.028852 0.148449 -0.077646 -0.018320 0.021532 0.060912 -0.038160 0.126302 0.136199 -0.085500 -0.009963 -0.059547 0.144248 0.117676 -0.050100 -0.088172 -0.084212 0.157633 -0.016609 -0.107885 -0.317555 -0.195803 -0.260505 -0.176005 -0.137786 -0.122586 0.052962 0.107471 0.014906 0.129637 -0.131348 -0.022802 0.303041 0.149654 0.239736 -0.092457 0.143575 -0.029659 0.251271 0.625659 0.593121 0.237712 0.190832 0.027124 0.016630 0.003039 -0.126359 -0.244698 -0.111476 0.158166 0.152416 0.031821 -0.059299 -0.094941 -0.010228 -0.005964 0.149620 0.160650 0.074233 0.027805 -0.042251 -0.313043 -0.266987 -0.278631 -0.151169 -0.507267 -0.420953 -0.231305 -0.231633 -0.075123 0.023736 -0.128285 -0.197758 -0.143002 0.000490 0.020888 0.131571 0.160483 -0.024483 -0.132480 0.095620 0.126964 0.321628 0.330037 0.206519 0.031065 0.008598 -0.008893 0.311538 0.283126 0.025547 0.127327 0.170484 0.183732 0.197965 0.158378 0.046929 0.027976 -0.052507 0.140814 0.028187 0.118737 0.026083 -0.043132 -0.143574 0.034049 -0.005851 0.177849 -0.041416 -0.031684 -0.158470 -0.056854 0.118849 -0.269795 0.046396 0.119848 0.032493 0.201141 0.027123 0.051305 0.080332
-1.118128 -0.846856 0.034786 -0.031360 -0.009502 -0.060924 0.030527 0.266916 -0.098948 0.057071 -0.121995 0.111208 0.326222 0.535361 0.299649 0.356254 0.038194 -0.027248 -0.087133 -0.211579 -0.059671 -0.221049 -0.179052 -0.130191 -0.570292 -0.788198 -0.746660 -0.562524 -0.253320 0.069402 0.193830 -0.039249 0.091657 0.114501 0.156839 0.239298 -0.174179 -0.034312 -0.171103 -0.341191 -0.046559 0.036526 -0.076761 0.024958 0.071740 0.284961 0.039356 -0.052893 -0.084897 -0.205928 -0.023221 0.042901 0.161130 0.121291 0.445777 0.101073 -0.081212 0.190422 0.139430 -0.054001 0.080246 0.097799 0.166399 0.089888 -0.080408 0.418069 0.251538 0.266263 0.249486 0.066737 0.131980 -0.023410 -0.090092 0.109358 0.197743 -0.100362 0.125774 0.123433 0.267421 0.006981 -0.083131 0.020369 -0.147977 0.092297 -0.100124 -0.124792 0.044640 0.077853 0.155672 0.073319 0.305753 0.283945 -0.009673 -0.157388 -0.169139 -0.180447 -0.022379 -0.057117 -0.055120 -0.131073 0.004682 0.084723 0.035307 0.091643 -0.181904 -0.064505 0.086922 0.420998 0.217910 0.280520 0.235949 0.051871 -0.017759 -0.022111 0.267381 -0.134244 -0.256380 -0.081944 -0.000680 0.020071 -0.098674 0.103915 -0.089577 -0.005794 0.025863 0.049910 0.087436 -0.088460 -0.055731 -0.338448 -0.652539 -0.744095 -0.337149 0.001481 -0.850111 -0.390475 -0.308680 -0.245813 -0.203192 -0.108274 -0.104983 -0.463750 -0.123770 0.185509 0.158116 -0.157396 -0.032220 -0.248276 -0.709603 -0.121910 0.014671 -0.089347 0.253094 0.073623 0.263248 0.140060 0.096370 0.154693 0.016341 0.191930 0.234433 -0.079240 -0.186380 -0.116701 -0.039407 0.129363 0.118203 0.122214 0.019966 -0.007218 0.123319 -0.136175 -0.192195 -0.036821 -0.096048 -0.098685 0.061887 0.100216 -0.035504 -0.200290 0.138633 0.203779 0.134400 -0.078409 -0.182034 -0.285603 -0.109297 0.191315 0.305728 0.045328
1.386018 0.444822 0.196289 0.087232 -0.009962 -0.069274 0.121029 0.223758 0.056032 0.057765 -0.013501 0.083253 0.258517 0.320229 0.029755 0.204118 -0.304973 -0.175726 -0.670020 -0.384410 -0.530229 -0.380022 -0.493399 -0.060237 0.112995 -0.218123 -0.125092 0.045053 0.001744 -0.121944 0.179312 0.343370 0.266770 0.240071 0.513023 0.080693 -0.109793 -0.204637 0.018392 -0.326890 0.087584 0.140660 0.004046 0.184867 -0.058388 -0.208388 -0.304386 -0.337224 -0.410225 -0.493864 -0.249109 -0.097948 -0.039931 -0.016182 0.254766 -0.045427 0.056820 0.529410 0.842324 0.972670 0.562124 0.185960 0.015845 -0.008811 0.151804 0.231548 0.351865 0.238435 0.306459 0.166438 0.089678 0.084917 0.305932 0.202752 0.155927 0.052872 0.006851 -0.055829 0.295614 -0.085758 -0.258507 0.046612 0.103798 0.070526 -0.027864 0.113679 0.011498 -0.092702 0.020966 0.034119 0.151261 0.151858 -0.152032 -0.227830 -0.182833 -0.203634 0.201057 0.005333 -0.126933 -0.096881 -0.005515 -0.138209 -0.047610 -0.147082 -0.150248 -0.099250 -0.015570 0.168849 0.102764 -0.110726 0.097613 0.016667 0.089702 0.025568 -0.133769 -0.159858 0.216154 -0.200654 0.185107 0.058457 -0.063721 0.008958 -0.102248 -0.085733 0.074609 0.030349 0.076095 -0.027634 -0.211429 -0.297767 -1.340666 0.488689 0.250973 0.318542 0.165191 -0.014172 -0.059401 -0.088820 0.043199 0.200561 -0.352148 0.042651 0.157576 -0.060505 0.202545 0.036060 -0.284586 -0.280509 0.118648 -0.023428 -0.055750 -0.060705 0.484866 0.153566 0.130152 0.095740 0.287393 0.260397 0.205517 -0.049779 -0.133094 -0.309298 -0.296211 -0.483426 -0.557855 -0.225413 0.034396 -0.010558 -0.019163 -0.021667 0.088449 0.129376 0.002785 -0.201636 -0.264149 -0.046598 0.174802 0.131847 0.063235 0.379147 0.053888 0.035541 -0.113914 -0.105535 -0.172743 -0.048840 0.104871 0.229802 0.156710 -0.078238
0.878423 0.797316 0.351195 0.073933 -0.033763 -0.082452 -0.091027 -0.035716 -0.032306 0.011213 -0.062170 0.078961 0.110222 0.085051 0.270521 -0.108890 -0.171843 -0.083550 -0.968787 -0.778348 -0.593317 -0.506021 -0.381987 -0.076518 -0.085061 -0.101812 -0.088157 0.292454 0.028258 0.081922 -0.077476 0.326858 0.259188 0.129708 0.341863 0.321823 0.246610 -0.075009 -0.111932 -0.135343 -0.004580 -0.125390 -0.067128 -0.048315 -0.347596 -0.521263 -0.599849 -0.679829 -0.400193 -0.388077 -0.698576 -0.452753 -0.168954 -0.031688 -0.034700 0.134066 0.280437 0.229631 0.490189 0.442656 0.361233 0.177389 0.205026 0.018006 -0.006178 0.060461 0.044788 0.080676 -0.006986 0.018136 0.141642 0.059830 0.025503 0.052888 -0.109297 0.029608 -0.055185 0.039103 -0.053809 -0.054644 -0.068587 -0.098307 0.027622 0.153883 0.014336 0.181806 0.028582 0.066904 0.157335 0.176923 0.456109 0.133254 0.053446 -0.141499 -0.072702 -0.060414 -0.094999 -0.208100 0.037576 -0.117123 0.020121 -0.005428 -0.001465 0.032630 -0.245646 -0.194036 -0.180714 -0.085483 -0.006456 -0.025989 -0.004521 -0.089012 0.052859 -0.014929 0.094628 0.171687 0.056445 -0.092283 -0.381188 -0.296838 -0.280061 0.037464 0.076655 0.007886 0.060248 -0.089625 -0.059024 -0.059627 0.646557 0.602101 0.609130 0.356109 0.074382 0.164846 0.347463 0.147645 -0.249408 -0.107011 -0.056507 0.082571 -0.239500 -0.179468 0.153198 -0.003650 0.376517 -0.046214 -0.194489 -0.088914 0.269174 0.090506 0.149679 0.030063 0.007509 -0.002157 0.190193 0.233653 0.316761 0.265455 0.189248 -0.013906 -0.175335 0.058953 -0.430361 -0.474258 -0.292455 -0.223163 -0.166737 0.011015 0.389000 0.088265 -0.248243 0.044346 0.089276 -0.185555 -0.397850 -0.141942 -0.202091 0.135600 0.116682 -0.009204 -0.186630 -0.310309 -0.349238 -0.084397 -0.269086 0.102645 0.158508 -0.083127 0.030224 0.030575
0.851750 0.626602 0.346814 0.065481 0.126749 0.002471 0.014691 -0.071344 -0.029429 -0.182748 -0.028069 0.128640 0.214804 0.456364 -0.029325 0.085297 -0.210715 -0.107717 -0.296542 -0.600501 -0.860725 -0.534961 -0.145682 -0.005105 0.141296 0.087808 0.050780 0.022226 0.003950 -0.004709 0.113235 0.139529 0.510378 0.410336 0.463448 0.405336 0.186968 0.037308 -0.091741 -0.093071 -0.144816 -0.156716 -0.340467 -0.425363 -0.042001 -0.281493 -0.204804 -0.055060 0.081646 0.324724 0.080298 -0.336337 -0.128873 -0.027595 0.137050 -0.134283 0.159236 0.195544 0.343832 0.235420 0.269075 0.161072 0.012965 0.045309 0.019698 0.062960 -0.124551 -0.017370 0.087702 0.247302 0.177583 0.012878 -0.036381 0.055305 -0.032248 -0.230782 -0.146891 0.025146 0.026356 0.100141 -0.150834 -0.255897 -0.073327 0.118985 -0.007612 -0.036032 0.005358 0.071505 0.023242 0.186162 0.361547 0.177813 0.166040 0.020548 -0.152734 -0.034499 0.181789 0.238275 0.175632 0.063878 -0.056760 0.191301 -0.113861 -0.113290 -0.058476 0.069907 -0.224965 -0.163629 -0.288611 -0.138883 0.104088 0.134288 -0.020031 -0.051884 0.182826 0.205187 0.008825 -0.232626 -0.469566 -0.444225 -0.324132 0.194264 -0.098595 0.012892 0.026035 -0.023928 -0.063552 0.134880 0.735981 0.782444 0.742232 1.097571 1.391710 0.645499 0.161244 0.134689 -0.211365 -0.358173 -0.291275 -0.120022 -0.545537 -0.167217 0.264842 -0.189816 0.029860 -0.266598 -0.346647 -0.183355 0.123174 -0.006091 0.111656 0.220378 -0.020338 0.166663 -0.178681 0.190476 0.212470 0.338847 0.053763 0.238680 0.049707 0.031993 -0.153293 -0.226308 -0.079342 -0.340659 -0.209989 -0.049144 -0.060106 -0.176676 -0.174710 -0.065604 0.028822 0.129026 -0.372922 -0.149884 -0.149769 -0.095705 -0.151835 -0.347367 -0.552540 -0.728382 -0.744028 -0.303730 -0.103126 0.046232 -0.035277 -0.027680 -0.034151 0.239071
0.225404 0.262514 0.317746 -0.077750 -0.158992 0.022647 0.114517 -0.167148 0.140448 -0.117872 -0.033652 -0.143989 0.194299 0.235160 0.109756 0.199083 0.062391 0.094119 0.208284 0.218027 0.253203 -0.329957 0.233769 0.018109 0.209806 0.142500 0.263612 0.163336 0.147510 0.122870 0.147893 0.200685 0.059698 0.002188 0.018556 0.183381 0.249247 -0.094146 0.017390 -0.009783 -0.072985 -0.229636 -0.521693 -0.302568 -0.301878 -0.227314 0.038217 0.324205 0.343153 0.200325 0.194932 -0.162638 -0.160387 -0.087283 -0.017067 -0.153641 0.043316 0.074147 -0.006093 0.134155 0.101047 -0.020099 0.136158 0.124882 0.133841 0.211525 -0.164980 -0.245896 -0.029204 -0.073219 -0.092918 -0.194613 -0.167904 -0.033695 0.056417 -0.067781 -0.005362 0.191490 0.203428 0.072291 -0.495331 -0.378049 0.004443 0.126631 0.214137 0.118162 0.205341 0.024066 0.236521 0.104170 0.073298 -0.075439 0.000196 -0.029396 -0.078638 -0.117627 0.131024 0.010017 -0.185790 0.093611 0.226620 0.149897 0.003075 0.023660 -0.032031 0.064545 0.052450 -0.373223 -0.055614 0.139556 0.368586 0.046663 -0.040398 -0.105013 0.003948 -0.054915 -0.216707 -0.495368 -0.648627 -0.575793 -0.123699 0.023395 -0.158460 -0.140987 -0.114173 -0.007978 0.002321 0.203915 0.616225 0.489068 0.407799 0.566922 0.822431 0.436138 0.043869 -0.111015 -0.145726 -0.401579 -0.488910 -0.170413 0.165427 -0.056619 0.157958 0.048437 -0.075775 -0.385210 -0.370107 0.009648 0.269604 0.222404 0.320219 0.160459 -0.026028 0.024520 0.187508 0.000517 0.029219 0.138213 0.121128 0.196301 0.575781 0.270671 0.127475 0.223829 0.034546 -0.179013 -0.228741 -0.384511 -0.176246 -0.101227 -0.104170 -0.394957 -0.009075 0.134685 0.297826 0.027448 -0.448385 -0.250084 -0.307189 -0.425658 -0.856081 -1.144941 -0.843762 -0.429377 -0.026317 0.143966 0.222811 0.364444 0.003050 0.023674
0.254704 0.326107 0.405060 0.109532 0.066030 -0.090147 0.081438 -0.283767 -0.039447 -0.059404 0.035216 -0.097373 0.062691 0.214449 0.108877 0.169316 0.002791 0.206925 0.197620 0.167375 0.086285 0.278194 0.067315 -0.023025 0.095554 -0.192117 -0.002533 0.103888 0.120727 -0.032552 0.002839 0.088403 0.059346 0.023643 0.042167 0.048796 0.125498 0.296947 0.132416 -0.161279 -0.239698 -0.500822 -0.738540 -0.567245 -0.620947 -0.357310 0.264941 0.198531 0.124915 0.159237 0.100534 0.175572 -0.069190 -0.314319 -0.068506 -0.210734 -0.306681 -0.056473 -0.170006 0.129291 0.472042 0.269465 0.323773 0.065741 0.061418 -0.046032 -0.417962 -0.317058 -0.011109 -0.191289 -0.188484 0.217492 -0.011777 0.095766 0.212764 0.193334 0.048584 0.263493 0.183348 -0.015418 -0.150749 -0.300891 0.044674 0.004109 -0.072394 0.042826 -0.060749 0.138257 0.182990 0.114064 0.059603 0.098497 0.048352 -0.119856 -0.095867 -0.011572 0.067193 0.156346 -0.016190 0.008538 0.126675 -0.087394 0.073365 0.076460 0.140342 0.283451 -0.022664 -0.135502 0.091987 0.043762 0.138577 0.024742 0.054540 -0.121634 -0.275354 -0.381023 -0.381898 -0.623425 -0.634535 -0.060048 -0.052816 -0.066648 -0.229239 -0.368829 -0.106099 -0.090919 0.065761 0.157308 0.212409 0.226585 0.452616 0.003809 0.144798 0.143306 -0.135882 -0.082425 -0.025038 -0.034074 -0.278870 0.164891 0.349073 -0.024975 -0.342513 -0.061404 -0.113772 -0.792031 -0.361108 -0.412071 -0.006807 0.179485 0.304517 0.485418 -0.211243 -0.238834 -0.109836 -0.135229 -0.209362 -0.191883 -0.075872 -0.217919 0.220265 0.456900 0.191922 0.094614 -0.012069 0.077755 -0.196486 -0.415098 -0.095350 -0.283776 -0.252253 -0.214089 0.153483 0.394108 0.287461 0.058441 -0.002995 -0.020244 -0.143746 -0.032048 -0.431796 -0.382247 -0.541849 -0.040392 0.091563 0.088287 -0.097075 0.272103 0.122025 0.012802
0.150204 0.101984 0.309958 0.350403 -0.146692 -0.238773 -0.164076 -0.396946 -0.730545 -0.266538 -0.135030 -0.128191 0.132048 0.052515 0.007993 0.079476 0.050354 0.000108 -0.073924 -0.151567 -0.085386 0.194584 0.197844 0.220601 0.144907 0.008891 0.111626 0.075157 -0.054122 0.013602 -0.116616 -0.378587 -0.066012 -0.077919 -0.211387 0.181848 0.260140 0.210332 0.105792 -0.254550 -0.768646 -0.980917 -0.987889 -1.228566 -1.142606 -0.167692 0.159203 0.093241 0.145479 0.046472 -0.016419 -0.013355 -0.051862 -0.023172 -0.140671 -0.054503 0.020844 0.049037 0.021682 0.143353 0.151571 0.332912 0.228400 0.321034 -0.103280 -0.364405 -0.358077 -0.077737 -0.245274 0.917834 1.747507 0.603745 0.087741 0.049354 0.169053 0.035106 0.036212 0.189638 0.214265 -0.036515 -0.068298 -0.361451 -0.090986 -0.121985 -0.174303 0.064465 -0.076575 0.049641 -0.020298 0.022716 -0.014402 -0.025841 0.012969 -0.028312 -0.009313 -0.154745 0.105960 -0.112161 -0.070307 -0.156430 -0.098845 -0.065388 -0.027857 0.004580 0.029644 -0.016397 -0.056809 -0.363048 0.039602 0.059657 0.002398 -0.033447 -0.353951 -0.388551 -0.440346 -0.732497 -0.792530 -0.626732 -0.649867 0.467703 -0.076490 -0.145062 -0.180284 -0.140832 -0.139033 0.008332 0.005158 0.245832 0.014377 -0.006226 0.217971 0.063765 0.166423 -0.048704 0.003317 -0.046950 0.066643 -0.120824 -0.187032 -0.023824 0.399925 -0.099588 -0.108845 -0.003399 -0.163246 -0.243112 -0.990396 -0.726699 -0.631694 -0.123383 0.068934 0.274859 0.131077 -0.272867 -0.215100 -0.209770 0.034213 0.153877 -0.185956 0.165113 0.193207 -0.007566 -0.224758 -0.352758 -0.345278 -0.147820 -0.087509 0.142745 -0.105538 -0.240905 -0.242975 -0.130684 -0.038994 0.088839 0.135427 0.222910 0.197608 -0.083686 -0.173411 -0.065618 -0.033816 0.078501 -0.060453 0.071867 0.211153 0.182928 0.210477 0.181620 0.146850 0.223186
0.033855 0.186146 0.199074 0.150179 -0.202861 -0.325234 -0.338312 -0.269479 -0.178772 -0.207525 -0.270618 0.074695 0.011327 0.118139 0.052843 0.170339 0.196978 -0.073792 -0.435975 -0.295159 -0.039955 0.113684 -0.030742 0.038973 0.258400 0.059897 0.065924 0.061170 -0.177771 -0.174668 -0.532233 -0.371206 -0.197428 0.033583 -0.165043 0.034572 0.157037 0.380730 -0.055698 -0.507913 -1.063241 -1.346699 -1.452908 -1.633189 -0.992553 0.073071 0.338829 0.013293 -0.086451 -0.084609 0.096443 -0.077039 0.075003 -0.016573 -0.015008 -0.036792 0.076547 0.258645 0.120321 0.043021 0.291110 0.258181 0.399819 0.301345 0.122947 -0.116468 0.017071 0.039886 1.411103 1.745558 1.311890 0.840447 0.652367 0.050457 0.067940 0.027743 0.010617 0.034267 0.036361 -0.070325 0.021531 -0.245283 -0.202786 -0.247218 -0.030213 -0.008879 -0.257619 -0.046757 0.128905 -0.059474 0.061483 0.007543 -0.060282 0.271520 0.714954 -0.037109 -0.150385 0.023398 -0.026153 -0.018776 0.096951 -0.079948 0.062511 0.180302 -0.107305 -0.042103 -0.015728 -0.186568 0.124173 0.030642 -0.191301 -0.148284 -0.268046 -0.485339 -0.585764 -0.801776 -0.484229 1.296008 0.738215 0.240688 -0.066128 -0.339814 -0.023729 -0.143414 -0.083381 -0.114692 -0.037450 0.094970 -0.136918 0.095426 -0.229970 -0.130315 0.050899 -0.018431 -0.077722 -0.003900 0.094317 -0.035367 -0.256139 -0.021470 0.057543 -0.122589 0.028885 -0.150266 0.086335 -0.051423 -1.547601 -1.791220 -1.487212 -0.354668 -0.112339 -0.081961 -0.404015 -0.438170 -0.038829 -0.038489 0.132138 0.196690 -0.120231 0.084325 0.042779 -0.059260 -1.125883 -1.281409 -0.878838 -0.383480 -0.026321 0.310921 0.065084 -0.114517 -0.140656 0.102279 0.190933 0.127518 0.217159 0.027928 0.143260 -0.003769 0.062671 -0.095418 -0.051365 0.262215 0.183805 0.232427 0.333922 0.194047 0.134136 0.074796 0.065538 -0.136157
0.223079 0.051027 0.091858 0.007235 -0.367572 -0.337518 -0.670758 -0.572616 0.137576 -0.047440 0.151903 0.000109 -0.066732 0.012288 -0.026282 0.115980 -0.012400 -0.224870 -0.451434 -0.560643 -0.435741 -0.041249 -0.074394 0.017552 -0.128045 -0.029792 -0.007794 -0.176107 -0.328020 -0.482319 -0.440187 -0.442358 -0.290487 -0.208823 -0.562012 0.126410 0.298307 0.281088 -0.013841 -0.276596 -0.883794 -0.951849 -0.884311 -0.935361 0.433670 0.225099 0.038741 0.088721 -0.035428 0.088108 0.118161 -0.104241 0.073656 0.023136 -0.005670 0.001567 -0.011775 -0.056503 -0.091730 -0.060105 0.087777 0.069742 0.246177 -0.079150 -0.043414 0.088805 0.319476 0.209394 0.200667 0.441288 0.181738 0.386793 0.151669 -0.040738 0.145783 0.085843 0.104201 0.013146 0.060423 -0.146593 -0.251696 -0.408948 -0.467539 -0.532192 -0.313106 -0.158544 -0.092193 0.088092 0.151339 0.087124 0.089810 -0.127525 0.029024 0.110111 0.399239 -0.268262 0.244664 0.077441 0.107629 -0.028719 -0.049937 0.065617 0.041636 0.125818 -0.154964 -0.281038 -0.332308 -0.173025 0.024086 0.041711 -0.096920 -0.443558 -0.592001 -0.742719 -0.901017 -0.458326 1.126196 0.826437 0.417784 0.186738 -0.124728 -0.205968 -0.054999 0.106856 0.057361 -0.092419 -0.083593 -0.095805 -0.064868 0.084363 -0.078186 0.075021 0.379456 0.159253 -0.070549 -0.016549 0.037676 -0.016503 0.095461 0.085962 -0.041429 -0.221416 0.098489 0.247226 0.370107 1.025772 0.570640 -0.190854 -0.513211 -0.319511 -0.357758 -0.687791 -0.374738 -0.320922 -0.220107 -0.200819 0.075214 0.046705 -0.152039 -0.099540 -0.091506 -0.234142 -0.889935 -1.879299 -0.611375 -0.262862 -0.108777 -0.021390 -0.128265 0.056807 0.105254 0.003579 -0.106785 0.121375 0.095781 0.041838 -0.003459 -0.031131 0.179720 -0.075892 0.192605 0.183000 0.149915 0.188513 0.584895 0.437901 1.158596 0.521804 0.116686 -0.170877
0.054399 0.005923 -0.105104 -0.294755 -0.232276 -0.284036 0.513813 0.528298 -0.043414 -0.143486 -0.038369 -0.015087 0.056086 0.095274 -0.050359 0.007184 -0.077294 -0.030554 -0.114004 0.053062 0.105622 0.029450 0.166193 0.328302 0.639722 0.181024 0.352818 -0.130941 0.670042 -0.126351 -0.438578 -0.161017 -0.327977 -0.648399 0.022287 0.310610 0.135852 0.117213 0.014367 -0.221917 -0.491628 1.116613 1.471144 1.898499 0.542061 0.360537 0.368141 -0.078048 0.080298 -0.059595 -0.014008 0.083828 0.113714 -0.082479 0.087256 -0.214778 -0.174603 -0.187316 -0.196307 -0.096312 0.146846 0.069178 0.217918 -0.004589 -0.129468 0.052929 0.205486 0.233375 -0.090053 -0.654550 -0.362940 -0.293600 -0.197793 -0.056744 0.054862 -0.045518 0.049268 -0.017929 -0.206044 -0.208332 -0.244895 -0.256990 -0.320847 -0.284587 -0.213409 0.000843 0.032369 0.032246 0.184817 0.367798 0.151202 -0.011942 -0.116874 0.150297 0.393421 1.074755 0.898296 0.138239 0.145582 0.025816 -0.087613 0.234415 0.062831 0.059742 -0.046460 -0.277344 -0.261610 -0.226986 0.006242 0.065965 -0.030402 -0.035488 -0.250059 -0.193351 0.083435 0.210573 0.426465 0.500304 0.428827 0.063065 -0.408246 -0.119615 0.013016 -0.072670 0.152383 -0.099297 0.014566 -0.008218 0.003979 0.064705 0.194091 0.080377 0.179959 0.174898 0.114789 0.045871 0.198916 0.140845 0.026247 -0.139777 -0.017566 -0.250719 0.126814 -0.104320 0.159923 0.804270 0.763733 0.373302 -0.430419 -0.337830 -0.624388 -0.961336 -0.849859 -0.430546 -0.379007 -0.225386 -0.070872 0.198427 0.065587 0.027827 -0.054803 -0.340526 -0.030403 -0.027163 -0.756084 -0.370475 -0.445472 -0.158736 0.008593 -0.009823 -0.189996 -0.065993 -0.416340 -0.208871 0.190062 -0.065307 0.036916 -0.105539 0.005943 -0.009596 0.092044 0.129156 0.259089 -0.051582 0.330303 0.508679 0.144047 -0.040338 -0.397288 -0.279872
0.036494 0.244617 0.006055 -0.009789 -0.337439 0.104410 0.270807 0.756699 0.459476 0.300281 0.670032 -0.219395 0.088543 0.244757 0.080801 -0.018572 -0.034536 -0.055798 0.386413 0.074499 0.225784 -0.021533 0.011155 0.162460 0.246647 0.483257 0.019310 0.285192 0.351835 0.456630 0.798952 0.451569 0.139020 -0.027119 0.082683 0.243572 0.180581 0.107380 -0.009982 -0.084502 0.504366 0.657450 0.579651 0.870545 0.427628 0.275145 0.205521 0.006411 0.111840 -0.218072 -0.140327 0.090365 -0.023745 -0.167002 -0.200157 -0.155915 -0.537414 -0.374673 -0.108324 -0.068475 0.093107 -0.038265 0.102419 0.273685 0.273358 0.195473 0.088689 -0.153925 -0.507469 -1.505329 -1.045786 -1.065268 -0.513798 -0.064331 -0.121107 -0.006108 -0.430992 -0.272430 -0.353846 -0.458305 -0.479344 -0.446917 -0.405275 0.305972 0.126368 -0.033016 -0.011699 0.073736 0.281801 0.295560 0.072443 -0.054075 -0.128833 -0.111521 0.207379 0.242316 0.357420 -0.048130 0.103206 -0.038931 -0.051479 0.230341 -0.040952 0.048397 -0.201909 0.011214 -0.008505 -0.169825 0.020697 -0.023845 -0.111449 0.116957 0.367417 0.309540 0.681511 0.478573 0.248295 0.347087 0.136001 -0.029611 -0.215864 0.027389 0.059598 0.309306 0.286428 0.113531 -0.075120 -0.104996 0.065943 0.081104 -0.031031 0.073511 0.142195 -0.243395 -0.160959 0.078297 0.172464 0.321432 -0.219726 0.213841 0.024854 -0.204321 -0.371718 -0.129053 0.026495 0.319666 0.935335 1.230954 0.682398 0.024284 -0.073352 -0.913328 -0.742874 -0.813685 -0.290686 -0.124455 -0.097512 0.163323 0.019586 -0.068845 0.001214 0.048759 -0.098434 -0.012958 -0.057629 -0.566975 -0.403944 -0.581313 -0.327683 -0.549103 -0.653882 -0.543813 -0.194152 -0.096784 -0.153457 -0.146416 -0.106340 -0.118639 -0.223381 0.051112 -0.152165 -0.153759 0.274499 0.076464 0.378612 -0.023347 -0.241136 0.093070 0.273246 0.300576
-0.050154 0.157571 -0.062569 -0.034376 0.007768 -0.051166 0.375669 0.457063 0.428765 0.380061 -0.027375 -0.389375 -0.042785 -0.034745 -0.092347 -0.288483 -0.063584 0.338225 0.517197 0.470324 0.416659 -0.058423 -0.202174 -0.037968 0.022921 0.417262 0.452059 0.476019 0.603879 1.145218 1.015581 0.451319 0.401402 0.212339 0.187639 -0.108998 -0.125830 -0.236044 -0.180034 0.132984 0.169361 0.008774 0.266403 0.339316 0.082865 0.015521 0.073225 0.312804 0.130723 -0.190524 -0.170568 0.016331 -0.036636 -0.091903 -0.082818 -0.467811 -0.271006 -0.136677 -0.175337 0.115330 0.091032 0.139889 0.253360 0.162813 -0.060928 0.066342 0.002043 -0.653422 -0.976756 -1.455944 -0.803720 0.087654 -0.019151 0.046013 -0.274181 -0.397710 -0.502106 -0.540267 -0.752993 -0.986669 -0.232620 0.387202 0.218252 0.038407 -0.003788 -0.247635 0.007694 -0.053678 0.063687 0.030138 0.046346 -0.073332 -0.016799 -0.078186 -0.239100 -0.247976 -0.343985 -0.177256 -0.331067 0.034865 0.084552 -0.024921 0.275982 0.324736 0.637456 0.592890 0.303051 -0.102352 0.021981 0.017372 -0.191172 0.284635 0.245525 0.429890 0.576506 0.410086 -0.031230 0.110335 0.167279 -0.257027 -0.150688 -0.216387 -0.203782 0.082103 0.009397 0.046112 -0.018548 0.070096 0.115044 0.347944 0.071071 -0.087539 -0.134731 -0.024528 -0.116745 0.093150 0.163340 0.608347 0.272378 0.347675 0.692719 0.314587 -0.704409 -0.574708 0.044151 0.208490 0.419183 1.064690 0.874845 1.242985 -0.047808 -1.137556 -1.066586 -0.281067 0.227741 -0.096459 0.203844 -0.065728 0.008864 -0.094935 0.055259 0.040083 -0.265688 -0.058590 0.017538 -0.232995 -0.555427 -0.495099 -0.759976 -0.901912 -0.812086 -0.658313 -0.643258 -0.326299 -0.429803 -0.079046 -0.303727 -0.068656 -0.036727 0.135483 -0.111883 -0.050014 0.114432 0.246400 0.122684 0.124915 -0.090750 -0.068108 0.116794 0.515662
0.026468 0.058235 0.045488 0.009888 0.129878 0.199210 0.494006 0.309511 0.514851 0.607437 -0.039328 0.063643 -0.575095 -0.363318 -0.324233 -0.194671 0.388601 0.459550 0.410871 0.125323 -0.016628 -0.101300 -0.148384 -0.091401 -0.324012 0.166290 0.548830 0.353788 0.338798 0.799630 0.411108 0.217498 0.294883 0.015672 0.030009 0.042842 -0.153204 0.025285 -0.113881 0.075820 -0.164735 -0.246304 -0.105298 -0.121306 0.038911 0.054127 -0.006707 0.196412 0.124409 -0.016352 -0.290739 -0.154239 -0.130720 0.225497 -0.014371 0.052889 0.145666 0.348241 0.380654 0.088068 0.164597 -0.091334 0.073979 -0.174179 -0.266172 0.047148 0.019629 0.211389 0.253812 0.763159 1.213321 1.115091 0.997380 0.476757 -0.244798 -0.510468 -0.944170 -1.070855 -1.302179 -0.634177 -0.017214 0.056229 0.183273 0.094955 -0.138451 -0.257191 -0.203726 -0.095289 -0.138935 -0.044699 -0.165383 -0.156560 0.082734 0.082495 -0.046738 -0.340186 -0.530893 -0.968327 -0.533294 -0.169133 -0.085136 0.043689 0.221652 0.681346 0.694711 0.467386 0.150327 0.046210 0.096929 -0.085600 0.127564 0.193139 0.213085 0.178741 0.086887 0.281229 0.095491 0.015510 -0.283904 -0.702962 -0.614402 -0.470726 -0.147959 -0.063221 -0.105654 -0.099663 -0.073531 -0.077586 0.077953 0.069086 0.228468 -0.026913 -0.075044 -0.112485 0.063449 0.221766 0.484946 0.485230 0.845490 0.937025 0.848679 0.754541 -0.021053 -0.134926 -0.271065 -0.083108 -0.154838 0.326732 0.968912 1.193724 0.987740 0.040273 0.162849 0.019252 0.092055 -0.021579 -0.030729 -0.222323 -0.006398 -0.100044 0.082371 -0.149807 0.147178 0.117525 0.117215 0.012096 -0.015747 -0.819189 -1.198922 -1.058001 -0.769176 -0.600981 -0.416569 0.195013 0.002602 0.054207 0.017008 -0.129259 0.013039 0.130488 -0.019377 0.151321 0.114201 0.171037 0.139544 -0.176451 -0.053763 0.090848 0.031646 0.182062
0.005297 0.043728 0.015780 0.196593 0.243793 0.259519 0.307955 0.327865 0.774386 0.063427 0.066249 -0.047931 -1.000562 -0.641283 -0.521953 -0.033714 0.185520 0.173568 0.167789 0.210640 -0.043161 -0.102718 0.165748 -0.116937 -0.179223 0.033658 -0.000560 0.047468 0.021062 0.186610 0.247927 0.149211 0.082484 0.040079 0.008833 -0.097140 -0.076257 0.057983 0.144018 0.034209 -0.123452 -0.212501 -0.401803 -0.369690 -0.176928 -0.042229 0.067412 -0.027809 0.113551 0.128608 -0.047434 -0.221892 -0.222370 0.205050 0.346723 0.683877 0.507591 0.325744 0.364567 0.054738 -0.195597 -0.052766 -0.119525 -0.123605 -0.079419 0.164617 0.387833 0.546881 0.845211 0.864292 0.805002 0.679110 0.549266 0.159946 -0.072589 -0.030220 -0.624940 -1.144517 -1.441857 -0.109371 0.023553 -0.219257 0.058216 0.014478 0.077991 0.152045 0.152191 -0.063169 -0.249677 -0.300970 0.021423 -0.078907 -0.033835 -0.194933 -0.131022 -0.508048 -0.835553 -0.901701 -0.948272 -0.707084 -0.233982 -0.046762 -0.041059 0.203050 0.211185 0.167212 0.071391 0.144018 0.215466 -0.004767 0.007639 0.100301 -0.156089 -0.062728 -0.318452 -0.256556 -0.231192 -0.146225 -0.335713 -0.571397 -0.692843 -1.869179 -0.339115 -0.134518 0.011392 -0.112094 -0.055123 -0.027832 0.102834 0.165041 -0.065618 -0.051578 -0.059446 0.019268 0.068537 0.021425 0.343245 0.757108 0.605419 0.658420 0.323719 0.345719 0.065336 0.055724 -0.250541 -0.309994 -0.148327 -0.142794 0.261603 1.240524 1.427962 0.049387 0.160568 0.089162 0.268966 0.053790 0.065647 -0.236195 0.070320 0.079586 -0.123650 -0.010285 0.124490 0.058211 0.284790 0.062625 -0.100037 -0.195855 -0.057575 -0.350962 -0.400226 0.110571 0.013991 0.332736 0.016724 0.229170 -0.022880 0.135134 0.235534 0.062246 0.160057 0.016726 -0.094125 -0.101706 -0.130225 -0.061917 -0.081203 0.124164 -0.030151 0.064220
0.076276 -0.061646 0.070187 0.326401 0.265077 0.134080 0.224483 0.350370 0.862397 1.121781 -0.130587 1.966572 0.022167 0.075851 -0.252512 -0.003661 -0.096248 0.078966 0.268121 0.205450 0.182662 0.357605 0.142166 0.214196 -0.038754 0.025415 -0.249990 -0.197028 0.075376 -0.245241 -0.237204 -0.264388 -0.044191 -0.221654 0.182574 0.173231 0.119674 -0.008035 -0.028637 -0.110557 -0.161544 -0.115973 -0.516779 -0.250686 -0.167409 0.004283 0.044499 0.083976 0.206071 0.080263 0.036004 -0.300532 0.153100 -0.221645 0.050574 0.235320 0.535136 0.278213 0.025748 -0.154445 -0.218053 -0.118456 -0.328680 -0.015242 -0.008857 -0.074446 0.121294 0.226859 0.310800 0.595691 0.634643 0.470564 0.417349 0.149649 0.083531 0.246694 0.223625 0.284185 1.871745 0.689519 0.747687 0.200602 -0.095176 -0.105150 0.049515 0.094040 0.089824 0.069635 -0.034357 -0.238641 0.005980 -0.002264 -0.028160 -0.487539 -0.515666 -0.577065 -0.885088 -1.352892 -1.286292 -0.491490 -0.304001 0.059182 0.020359 0.064100 -0.021362 -0.017209 -0.183287 -0.020807 0.092893 -0.048020 0.052570 -0.044002 -0.424055 -0.517393 -0.711249 -0.636093 -0.497214 -0.306870 -0.396972 -0.780608 -0.788917 0.357666 0.050688 -0.034515 0.029088 -0.072845 -0.063734 -0.033440 0.200696 0.077620 0.059296 0.115767 -0.220108 0.049025 -0.002243 -0.082606 0.132286 0.715429 0.739367 0.413191 0.224326 0.217423 0.055263 0.440794 0.234083 -0.039009 -0.432902 -0.304298 -0.050267 0.768500 0.910741 0.640483 0.323093 0.083558 -0.030693 0.190420 0.286035 -0.126180 -0.211569 0.294888 0.366072 -0.023439 -0.047721 0.015291 0.191851 0.103991 -0.006135 0.186308 0.228556 0.172488 -0.025776 0.326477 0.295846 0.216083 -0.120052 -0.123075 0.193814 0.222599 0.017365 0.142774 -0.190239 0.111833 0.100671 -0.142003 -0.132109 -0.059198 0.037370 0.057645 -0.059194 -0.246959
0.116899 0.018416 -0.005147 0.233262 0.019983 -0.111286 0.033879 0.254926 0.625472 0.701069 1.120545 -0.043452 1.972477 0.350447 0.072786 0.219458 -0.079816 -0.019556 0.186166 0.213199 -0.029031 -0.046226 0.046182 0.042867 0.073300 -0.096129 -0.117750 0.038108 -0.235817 -1.471039 -0.350622 -0.448047 -0.296282 -0.111453 -0.105272 -0.067757 0.055700 0.092931 -0.027408 0.010284 0.050438 -0.233838 -0.036333 -0.174066 -0.001980 0.160946 -0.017460 0.077348 0.029801 -0.084248 -0.038121 0.033373 0.330120 0.181528 0.301794 0.074731 0.094294 -0.166667 -0.430334 -0.353697 -0.439473 -0.320031 0.012778 -0.285495 0.144564 0.010382 0.188754 0.126486 0.093531 0.288757 0.235019 0.152826 0.096455 0.031612 -0.066401 -0.001909 0.099623 0.077121 1.219671 1.180731 0.750571 0.438744 -0.013100 -0.200677 -0.112775 -0.003295 0.031539 0.201295 -0.033427 -0.067686 0.017912 0.194162 -0.162126 -0.128008 -0.382724 -0.651205 1.862091 1.945862 -0.313707 -0.384735 0.201914 0.278963 0.077318 -0.071119 -0.002569 -0.352849 -0.321888 -0.214326 -0.174854 -0.121953 -0.059391 -0.223047 -0.215506 -1.418935 -0.283048 -0.284080 0.359140 0.339949 0.793372 1.381237 1.552599 0.382564 0.304079 -0.002372 0.078901 0.134769 -0.009591 -0.030061 0.048559 0.157186 0.123405 0.150374 -0.038450 -0.076044 -0.152554 -0.105011 -0.279453 0.139975 0.316570 0.004657 -0.032432 0.374222 0.871413 0.395496 0.366276 0.047067 -0.282792 -0.227758 0.195820 0.352276 0.459422 0.194168 0.091828 0.142151 -0.133534 0.022068 0.048076 0.029791 0.004408 0.392824 0.066510 0.034111 0.381516 0.329792 0.103545 0.100707 -0.031862 -0.230146 -0.040664 0.151004 -0.028200 0.040966 0.238163 0.001495 -0.075966 0.257454 0.078057 0.102904 0.171838 0.160780 -0.239671 0.100507 0.112883 -0.008719 0.055500 -0.048261 -0.012938 0.049248 -0.191321 -0.048259
0.101751 -0.183380 0.001913 -0.000661 0.026002 0.001358 -0.280366 0.174795 0.424408 0.379140 0.939518 1.208833 1.547865 1.629902 0.418802 0.063618 0.032951 0.151780 0.025038 -0.003511 -0.174177 -0.108975 0.067207 0.038353 0.037021 -0.004182 -0.239441 -0.151263 0.320793 0.464630 0.124631 0.036312 -0.702629 -0.636023 -0.219807 -0.095859 -0.082621 -0.091686 0.013288 0.032640 -0.283642 -0.235787 0.081636 -0.237369 0.046189 -0.026311 0.046923 -0.090875 -0.100144 -0.045295 -0.033891 0.126076 0.205377 0.079554 0.056983 -0.137520 -0.489147 -0.398325 -0.567021 -0.580928 -0.450469 -0.157491 -0.013273 -0.159248 -0.037800 0.228045 0.102636 0.027586 -0.119459 0.119567 -0.207400 -0.165901 -0.254545 -0.072944 -0.184881 -0.094548 0.194064 0.806131 0.711563 0.587661 0.440364 0.372554 -0.154218 -0.024072 -0.211084 0.098775 0.149885 0.020293 -0.158041 -0.197786 -0.041285 -0.096964 -0.176446 -0.413082 -0.272156 1.433298 1.672462 1.691556 1.327668 0.720817 0.497407 0.304700 0.139424 0.064771 -0.150851 -0.506886 -0.531244 -0.343570 -0.373253 -0.369573 -0.220911 -0.221752 0.538350 1.363488 0.927824 0.723555 0.624983 0.600260 0.619159 0.890260 0.898163 0.814993 0.596731 0.019387 -0.009138 -0.171412 -0.098079 0.118443 0.066220 -0.019362 -0.010424 0.209911 0.244486 0.620584 -0.206294 -0.381529 -0.569203 -0.050092 0.074593 0.088614 0.374778 0.443763 0.228945 0.104942 -0.091921 0.204942 0.377185 0.510866 -0.010323 -0.007501 0.343104 0.376423 -0.237320 -0.298230 -0.200362 -0.242048 -0.131226 -0.118872 0.230420 0.305313 0.070551 -0.213988 0.083985 0.000221 -0.110883 0.024984 -0.135744 -0.077940 -0.140257 0.082966 0.023959 0.023773 0.099751 -0.101923 0.093130 0.205807 0.081762 0.010808 0.282467 -0.029900 -0.020095 0.126867 -0.167901 -0.114534 -0.106314 -0.065603 -0.062434 -0.217194 -0.419961 -0.229505
0.214557 -0.010522 -0.144887 -0.035535 0.039144 0.068118 0.060184 -0.041061 0.075285 0.141609 0.339580 0.644243 0.669129 0.790078 0.422459 -0.127886 -0.028437 -0.127610 -0.202278 -0.026073 -0.018420 0.295093 0.107430 -0.018560 -0.211743 -0.261600 -0.177139 -0.195961 0.100875 0.122405 0.040787 0.132407 0.033358 -0.224526 -0.238316 0.150651 -0.026889 -0.132446 0.008850 -0.043936 -0.088535 -0.039612 -0.057806 0.136326 0.271583 0.092555 -0.073550 0.093612 0.042935 0.097276 0.195236 0.074102 0.115561 -0.003334 -0.189338 -0.466747 -0.688982 -0.688784 -0.924737 -0.894240 -0.301907 -0.247820 -0.152382 -0.104379 0.104649 0.131851 0.024287 0.079710 -0.096888 -0.102482 -0.182249 -0.165970 -0.101219 0.104962 0.010189 -0.132734 0.051137 0.235596 -0.048764 0.154911 0.022669 0.303500 0.188734 -0.113945 -0.187962 -0.334955 -0.053593 -0.035184 0.010506 0.060274 -0.347304 -0.595295 -0.589451 0.689313 0.559403 1.023454 0.788166 0.532923 0.358024 0.147270 -0.165407 0.012881 -0.088274 -0.167125 -0.227883 -0.657353 -0.622934 -0.592398 -0.477529 -0.603078 -0.149982 0.349210 0.773306 0.890472 0.454608 0.226328 0.076519 0.179661 0.364843 0.519633 0.549727 0.328619 -0.042626 -0.161259 -0.209495 -0.272000 -0.194284 -0.175584 -0.197671 -0.132325 -0.097181 0.328178 0.883765 0.386948 0.287771 0.361043 0.247870 0.405781 0.027878 0.125165 0.039838 0.070932 -0.055162 -0.693200 -0.567811 -0.511433 -0.039834 -0.142914 -0.030874 -0.011020 0.054679 0.279628 -0.037011 -0.448981 -0.618211 -0.551873 -0.606417 -0.256619 0.042485 0.130925 0.090029 -0.278232 -0.201109 0.010944 0.112427 -0.013408 0.025024 0.008738 -0.058140 0.167576 -0.068989 0.016610 0.036164 0.000732 0.017076 0.142449 -0.109429 0.034903 0.143630 0.078524 -0.068635 -0.026055 -0.289356 -0.162702 -0.257015 -0.159453 -0.531875 -0.629238 -0.642217 -0.485435
0.023002 -0.029776 -0.003210 -0.020655 -0.053114 -0.029887 0.126639 0.138816 0.110911 0.005102 -0.127202 0.120868 0.265728 0.309958 0.236213 0.391403 0.136650 -0.118990 0.062512 -0.232888 -0.143028 0.019886 -0.028218 -0.206779 -0.415491 -0.267881 -0.256418 -0.336218 -0.145622 -0.161379 0.110489 0.255915 0.399039 0.025789 -0.049929 -0.148548 -0.090167 0.236012 0.031403 0.312485 0.044995 0.339425 0.488389 -0.090207 0.241093 0.054758 -0.028772 0.088973 0.175319 -0.057510 0.173063 0.102440 -0.060472 -0.081879 -0.434615 -0.891253 -0.891309 -0.784573 -0.917008 0.028202 -0.044555 -0.069151 0.001458 -0.068822 0.154633 -0.037528 -0.075012 -0.072161 0.016921 -0.102419 -0.130849 0.193980 0.167683 -0.178423 -0.063622 -0.559795 -0.494751 -0.201097 -0.321429 -0.237698 -0.419957 0.082466 0.164091 0.024415 -0.297296 -0.209463 -0.050703 0.004605 -0.119914 0.036805 0.058501 -0.124292 0.038280 0.383072 0.332847 0.501701 -0.055097 -0.513766 -0.675206 -0.731389 -0.352140 -0.266496 -0.298226 -0.270034 -0.154654 -0.602258 -0.826880 -0.909011 -0.680167 -0.248429 0.172226 0.653519 0.461283 0.391394 -0.038354 -0.455664 -0.507164 -0.370489 -0.127708 0.161988 0.057090 0.059476 -0.136584 -0.039234 -0.114438 -0.027956 0.219746 0.125791 -0.510905 -0.210851 0.143607 0.080540 0.080101 0.328432 0.086367 0.322149 0.264913 0.502873 0.283866 0.086556 0.014811 -0.279848 -0.425562 -0.754421 -0.942181 -0.871875 -0.443702 -0.190502 -0.225226 0.040358 0.486390 0.253629 0.049228 -0.345347 -0.303271 -0.862310 -1.205844 -0.694985 -0.430856 0.223663 0.438618 0.226495 0.138423 0.200229 0.244193 0.040296 0.443522 0.160597 -0.162420 -0.033133 -0.191421 -0.001812 -0.092980 -0.021101 0.109005 0.032133 0.259423 -0.030925 -0.112274 -0.119490 -0.137891 -0.209006 -0.210104 -0.645510 -0.462197 -0.581014 -0.591898 -0.914720 -0.565614 -0.431757
-0.185527 -0.086890 -0.219515 0.000586 0.156754 0.101513 0.353339 0.235945 0.202748 0.090635 -0.109305 -0.055014 0.041468 -0.151450 -0.053698 0.209150 0.076205 0.096312 0.083036 0.091433 -0.053967 -0.008156 0.085156 0.013831 -0.357473 -0.322023 -0.325904 -0.008385 -0.023272 -0.212920 0.107465 0.236034 0.162894 0.022036 -0.080590 0.166151 0.275450 0.203220 -0.069712 0.326210 0.080167 0.236537 0.180401 0.231607 -0.000405 0.064656 -0.058901 -0.060177 0.236238 0.170654 0.216369 0.149595 -0.054135 -0.039176 -0.310761 -0.636986 -0.789596 -0.074736 -0.128046 -0.006440 -0.197992 -0.023004 -0.045497 -0.044618 0.027101 0.050818 -0.008042 0.044550 -0.100715 -0.111003 0.003559 -0.119317 0.199422 -0.297062 -0.564755 -0.520642 -0.269310 -0.069914 -0.244569 -0.305811 -0.354973 -0.028958 0.008118 -0.047408 -0.226069 -0.168634 -0.153894 0.026356 -0.090043 -0.148864 0.052369 -0.040842 0.174182 0.347875 0.059610 -0.045190 -0.320156 -1.298530 -1.799913 -1.103003 -0.947083 -0.431321 -0.225266 -0.076418 -0.290744 -0.285726 0.036577 0.051320 -0.002913 0.197704 0.275932 0.331024 0.142844 -0.238708 -0.616582 -1.155736 -0.703724 -0.495124 -0.225027 -0.033071 -0.107649 -0.129709 -0.133564 -0.086773 0.123018 0.306046 0.310405 0.397629 0.230953 -0.236688 -0.168575 -0.306270 -0.067089 0.276216 -0.029564 0.049172 0.105099 0.042307 0.227993 0.262897 -0.257506 -0.720023 -0.942320 -1.953180 -1.942369 -1.498840 -1.266090 -0.189837 -0.065458 0.208322 0.158934 -0.191717 0.354225 0.358234 0.206270 0.195287 -0.276424 -0.485562 -0.100841 0.018044 0.296943 0.446560 0.458350 0.334734 0.306386 0.149676 0.195378 0.190941 -0.175239 -0.099891 -0.064814 -0.163167 -0.153197 0.162942 0.064490 0.130817 0.353543 -0.195735 -0.117349 0.128904 -0.134840 -0.163709 -0.306730 -0.762500 -0.986617 -0.934080 -1.116780 -1.209638 0.082566 0.463408
