1.006241 1.006752 1.001451 0.998701 0.995368 0.988981 1.003564 0.997541 0.999277 0.996917 0.992059 1.000590 1.004433 1.011791 1.001250 1.001295 1.002532 1.002398 0.994725 0.995031 1.001007 1.003844 1.001872 1.001555 1.000334 0.998556 1.006349 1.000609 0.989380 0.994709 0.997193 1.002222 1.005829 0.991443 0.988898 0.996883 0.997808 0.994108 0.998080 1.009009 1.013609 1.006078 0.998167 0.998404 1.002522 1.004602 1.000708 1.011789 1.002722 0.992354 1.006655 1.006582 0.991011 0.990177 1.001519 0.999690 0.987401 0.990949 0.999161 1.009133 0.990853 1.000881 0.992086 1.002769 0.990761 0.999815 0.996694 1.003823 0.986501 0.997387 1.000285 0.997821 0.990635 1.000848 1.002312 1.004970 0.999045 0.997189 1.002913 0.994394 0.987307 0.990766 0.993090 1.001918 0.992708 0.999007 0.997742 1.006185 0.996258 0.996068 0.990893 0.999716 1.005100 0.996156 0.996767 1.003048 0.995137 0.992191 0.997010 1.008628 1.002841 1.002127 1.011082 0.997332 1.001912 1.007368 0.993011 0.981060 0.999470 1.002419 0.998156 0.993205 1.001530 1.003129 1.003316 0.995222 1.003989 0.998392 0.996548 0.998780 0.985461 1.001540 0.995996 0.993391 1.007923 0.999620 1.002480 0.997293 1.003354 1.019376 0.998100 1.002316 0.993892 1.004045 1.006468 1.001240 0.990990 0.993744 0.996576 1.001976 0.996471 0.996714 1.006460 1.012970 1.004012 1.002504 1.000666 0.996497 0.989997 1.004998 1.008176 1.003660 0.997846 0.990554 0.992955 0.994307 0.999911 0.987280 0.994999 1.000622 1.005776 1.007898 1.004574 1.007623 0.990681 1.002996 1.009149 0.999024 1.000770 0.999766 1.005502 0.991748 1.002924 1.001473 0.996636 1.004113 0.989600 0.990778 0.999391 1.007011 0.997743 1.007769 1.001855 1.000254 0.994990 0.992463 0.998244 1.004238 0.989865 0.994958
1.002651 1.002044 1.003869 0.988242 0.999980 0.993006 1.003796 0.996594 0.999136 0.992033 1.003444 0.998288 0.992149 0.999369 1.004889 0.998569 1.012128 1.000688 0.995876 1.004736 0.995063 0.988645 0.989772 0.997560 1.002412 0.993405 1.004769 0.999124 0.989191 1.000257 1.006356 0.993127 0.988503 0.997087 0.995420 0.993193 1.002222 1.004362 1.000424 1.005917 0.996845 1.012668 1.001818 1.003142 1.009330 1.009709 0.989114 0.991992 0.992773 0.994798 1.001609 0.996743 1.000632 1.003287 0.999377 0.986779 0.991184 1.000232 1.000657 0.999412 0.993163 0.999399 1.009442 1.003461 0.999550 1.006096 1.005489 1.004852 0.995708 1.007813 1.001739 0.994774 0.992644 0.999268 0.995344 1.011199 1.000051 1.003411 0.994981 1.002057 0.994963 0.995703 0.995743 0.997793 0.989925 0.995487 0.992604 0.998003 1.002700 0.998215 0.996874 1.006832 1.006296 1.005591 1.001344 0.994907 1.002380 0.996645 1.008198 0.993058 0.996384 0.998798 1.004389 1.008872 1.005639 1.006854 1.001516 0.998046 0.996744 0.999565 0.997461 0.984586 0.998734 0.995636 1.000038 0.994206 1.000116 0.994870 0.998864 0.987064 0.997714 0.995164 0.995351 0.999318 1.002336 1.008340 1.008635 0.989580 0.992240 1.005469 0.996444 0.998984 1.000453 1.005183 1.001930 0.983471 0.990133 0.989737 0.991220 1.001925 0.998684 0.995684 1.005601 0.993783 1.000595 1.002089 1.000856 1.002242 0.996490 0.997840 0.994009 0.997236 1.001484 1.001929 0.997507 0.994726 0.999454 1.005416 1.000592 1.009663 0.989495 0.992478 1.000712 0.998167 0.995935 0.998079 0.995403 1.000535 0.991786 0.997786 0.992884 0.995425 1.001780 1.001419 1.005595 1.005573 1.006994 1.002362 0.996611 1.006034 1.000001 0.998691 1.000201 0.998731 1.006007 0.996890 0.995049 0.996895 0.999656 1.008704
0.998119 1.001586 0.998572 1.000129 1.006042 1.006060 0.999655 1.005237 1.012644 1.006433 1.007015 0.993183 1.003113 0.999293 0.996279 0.993581 0.998388 0.999753 0.999091 1.000588 0.990665 1.002565 0.998360 1.002362 1.006476 0.998946 0.995936 0.997903 0.997886 0.992428 1.003123 0.994413 0.998691 1.002955 1.008152 1.001624 1.002553 1.000601 0.999998 1.007893 1.006659 1.001778 1.001769 1.002819 1.009786 0.993274 0.996311 1.000996 0.990221 0.992243 0.992489 1.001644 0.992684 1.001432 1.002638 1.004656 1.007430 1.005328 0.988674 0.994030 0.999387 1.007732 1.001551 1.013192 1.000114 0.999834 1.004946 0.992918 1.001211 0.999466 0.998901 0.995689 0.986125 1.001535 1.000015 1.002444 0.984129 0.989099 0.997301 0.989561 0.995491 1.004658 0.998238 0.993811 0.994557 0.997321 0.991803 0.994208 1.004912 1.010190 1.008997 1.004160 0.995109 0.998911 1.002105 0.990718 1.009023 1.010326 0.998068 0.995519 0.997741 1.003380 1.003792 1.000846 0.987296 0.993907 1.000230 1.006608 0.996937 0.991890 0.998550 0.987861 0.996597 1.002907 0.995492 0.999863 0.995272 1.008414 1.011388 0.998803 0.998731 0.999841 1.006467 0.993811 0.995950 0.990115 1.010370 1.009240 1.010202 1.004533 0.999554 0.994482 1.000765 1.006800 0.999517 1.002145 0.992014 0.985806 0.994616 0.999840 1.004668 1.004407 1.010426 0.989812 1.000296 0.996698 0.998018 1.003829 0.996016 1.003572 1.006567 1.005464 0.993450 1.000567 1.003220 0.990874 0.998947 1.010192 1.004373 0.997712 0.992558 0.997168 0.995416 1.007464 1.000897 0.993972 0.996120 0.998731 1.004765 1.001100 0.999286 1.009623 1.001777 0.993075 1.001540 0.996415 1.009709 1.005378 0.993588 0.998930 0.999482 1.006346 1.003030 1.004183 1.006121 0.996213 1.000533 0.995952 0.999821 1.001618
1.002736 0.995673 1.002760 1.006410 1.002749 1.002963 0.996302 0.998042 0.998896 0.998010 0.989965 0.999963 1.002585 0.996039 1.000850 1.006029 1.008525 1.002513 1.002248 1.004476 0.995501 1.011263 1.000081 1.002421 0.999633 0.991413 0.999076 1.000244 0.999116 1.001334 0.991766 0.986720 0.991997 1.012313 1.012156 1.005681 0.994518 0.999574 1.001964 0.997334 1.003664 0.995838 1.000538 0.997602 0.996723 0.994720 0.993722 1.000323 0.991275 1.000113 0.999345 0.996483 0.995682 1.014464 1.000722 1.008081 1.001017 1.011109 0.997387 0.997859 1.009163 1.004621 1.001704 1.008995 0.992475 0.991054 0.998181 1.010274 1.003238 1.007252 0.998968 0.999824 0.991305 1.004347 1.002791 0.998782 1.003536 1.000120 0.995913 0.999249 0.996265 1.005742 0.997175 1.008297 1.003462 1.000381 1.001693 1.005241 0.993875 1.006774 0.998614 1.000176 0.994695 1.002039 1.005294 1.002828 1.002229 0.999719 1.005472 1.007897 1.009911 1.002750 0.999059 1.005919 0.993439 0.999374 1.008179 1.007782 1.003293 1.015044 0.998990 1.002223 1.006409 1.001103 1.002108 1.003772 0.995329 1.001173 0.988146 0.992559 0.994749 0.997283 1.005194 1.008476 0.989158 0.991987 1.004388 1.003146 1.002589 0.995154 0.991894 0.995491 0.996063 1.001368 1.000912 0.996060 1.006237 0.997765 0.990899 1.003835 1.002886 0.994991 1.004806 0.990394 1.002338 0.999354 1.003694 0.997035 1.009993 1.001521 0.995243 1.003450 1.000297 0.997994 0.999357 0.998616 0.998928 1.002100 1.000471 0.990749 1.000593 1.005125 1.005442 1.007947 1.003486 0.987551 1.001724 1.004806 1.009022 1.010241 1.008021 1.007000 1.004773 1.000709 1.002088 0.988913 0.991745 0.992433 0.989171 0.998718 1.001042 1.004766 1.001383 1.000496 1.008527 0.991160 0.987447 1.001950 0.997129 0.995872
1.004107 1.002495 1.002280 0.999437 1.004470 1.013463 0.990154 1.002252 0.994555 1.004549 1.001834 1.004548 0.998322 0.997290 0.996122 1.006732 1.009146 1.011134 1.007040 1.000514 0.997040 1.002985 0.995562 1.002824 0.996044 1.000019 0.999764 1.002181 1.000915 0.992724 1.000987 1.001383 0.992608 1.003604 1.004013 0.998543 0.999303 1.002514 1.003849 1.006227 0.996752 1.004091 1.009518 1.005356 0.997071 0.995079 0.980456 1.007487 0.994059 1.001439 0.991496 1.007783 1.000690 1.004063 1.003214 0.996675 0.991249 0.999822 0.995964 0.991383 1.007394 1.002095 1.017208 1.002374 1.001650 0.992418 0.995342 1.000883 1.002106 0.994685 0.990899 1.000095 1.004182 1.008978 0.993470 0.996175 0.990584 0.993366 0.996386 1.007785 1.013731 1.001100 0.995590 1.001932 0.990385 0.992348 1.002382 0.997154 1.003758 1.015519 1.003323 0.997426 1.002368 0.995785 0.999856 1.006389 1.001290 1.003695 1.006102 1.002198 1.010586 1.002578 1.002729 1.008895 1.007580 0.995492 0.999858 1.002301 0.987319 0.990358 0.999718 0.996647 1.003264 0.995260 1.008820 0.996787 0.995752 1.004806 0.990036 0.996702 1.000098 1.007740 1.001580 1.011043 0.993714 0.988560 0.994442 1.003706 1.002151 0.991824 0.992327 0.994538 1.007775 0.999826 0.990336 0.999101 0.999256 0.986102 1.005329 1.000172 0.997952 0.998538 1.000857 1.000190 0.999164 0.998445 1.004622 0.993896 0.996363 1.001474 1.007567 0.999011 0.993768 1.002403 0.997624 0.989227 0.999655 1.000537 1.003062 0.996428 1.001251 0.993715 0.994812 0.992478 1.005041 0.998947 1.004701 0.998663 1.002736 0.994607 1.000632 1.000315 0.999773 1.004111 1.008854 1.009997 0.991213 0.994958 1.001610 0.997340 0.991378 0.999631 1.000685 1.005246 1.002944 0.992552 0.995366 0.999863 1.003788 1.003401
1.004686 1.014470 1.006703 0.987563 0.992207 1.006367 0.990982 0.997791 1.001125 0.999076 0.997721 0.994469 1.000117 0.998909 1.014432 1.004275 0.998061 0.987528 1.004179 1.007688 1.001057 0.994892 1.002982 0.999895 1.003863 0.996023 1.005288 0.993793 1.006075 1.006042 1.000073 0.994857 1.001981 1.008770 1.000578 1.010232 0.996040 1.006000 1.004146 1.000718 1.001943 1.008644 0.988482 0.995634 0.994525 0.992867 0.997923 1.011423 0.997592 0.992698 0.996650 1.006395 0.999638 0.998834 1.000195 0.999970 0.998652 0.998631 1.001731 1.004271 0.996008 0.998982 1.001902 0.994725 1.008677 0.995905 0.996898 1.002779 1.001152 1.008622 0.986536 0.992755 1.003363 0.998119 0.991924 1.002663 0.999316 0.974310 0.993942 1.003075 0.998505 1.001071 1.008924 1.004978 0.994859 1.006057 1.000447 1.005195 1.000319 1.006446 0.996759 1.001171 1.001358 1.002274 0.993488 1.006559 0.998498 1.012148 0.998309 1.004234 1.008518 1.004526 0.999985 1.004936 0.997097 0.997730 1.000677 1.004896 1.003785 0.997074 1.000227 1.000336 1.008274 0.996651 1.003332 0.997459 0.994704 0.997278 0.993303 0.999577 1.007203 1.002081 1.001815 1.005043 0.989532 0.995567 0.989021 0.996453 0.988985 0.998155 0.999753 1.010572 1.006783 1.005256 1.002887 0.999542 0.996074 1.006177 1.011183 1.006585 1.005012 0.992538 0.998047 1.003022 1.001879 1.007343 1.009713 1.005932 0.999541 0.998121 0.995511 0.995843 0.986615 1.001574 0.997632 0.995172 1.005293 1.000952 0.994339 0.991290 1.011793 1.003881 0.997905 1.004498 0.998743 1.002726 0.996316 1.005640 0.996755 0.996327 1.002604 0.993743 0.986675 0.993511 1.006420 0.997924 0.998286 1.000117 1.001801 0.997546 1.001231 1.002564 0.988664 0.991593 0.993894 0.997781 0.999446 0.994299 1.008806 0.999679
1.004604 0.999680 1.003917 1.002938 0.996408 0.996736 1.001180 0.999249 1.003486 0.992251 0.999333 0.996931 0.989523 1.000716 1.006020 1.012230 1.004970 0.988745 0.995525 0.997112 1.000854 1.008562 0.998563 0.999523 1.000732 0.996628 0.999748 1.003167 0.994114 0.994958 1.003407 1.006351 0.985240 1.005914 1.001667 0.998741 0.996889 1.009713 1.009161 0.998999 0.997940 0.999187 0.989597 1.001850 1.004847 1.000116 1.001267 0.988911 0.994831 0.999138 0.997881 0.993221 0.995840 0.989113 0.999544 1.007355 1.006053 1.012112 1.001333 1.003474 0.996259 0.992283 1.004098 1.000003 0.995624 0.999437 0.997471 0.999176 1.010498 0.996601 0.996428 0.998164 1.001554 1.003408 0.999084 0.993194 1.002245 0.997875 1.004719 0.999880 1.001681 0.996136 1.002468 1.011111 0.992717 0.997606 1.003016 1.003052 1.000204 0.997494 0.999017 1.000572 1.003608 0.998265 0.998276 1.001536 0.998326 1.011403 0.997941 0.994969 0.992475 0.998174 0.997700 1.003636 0.999867 0.993736 0.999204 0.998722 0.989055 1.002767 1.005514 1.000241 0.999921 0.997374 1.000327 1.001783 0.992277 1.005725 1.002998 0.997050 1.002610 1.000841 0.995817 0.996373 0.997302 1.008721 0.994376 1.007960 0.996057 0.997535 1.001435 1.001294 1.006703 0.996952 1.000574 1.001498 0.989249 0.996889 1.006847 1.001593 1.001551 1.000202 1.012816 1.004621 0.996449 0.997188 0.995736 1.000914 0.999962 0.998930 0.993430 0.994388 0.996080 1.009234 1.004531 0.990242 0.995654 1.009582 1.008937 1.006042 1.012928 0.997719 0.996721 0.999684 1.004121 0.989967 0.992449 0.996592 1.002600 1.005026 1.001631 0.999081 0.991502 0.993619 0.996973 0.997718 0.991378 0.993317 0.997420 0.995734 1.010458 1.009434 0.998964 0.990120 0.996479 0.992725 0.992381 1.002480 1.004427 1.004951
1.002423 1.002134 0.992064 0.994506 1.008732 1.002624 1.007982 1.008448 0.992683 1.000220 1.002834 1.006686 0.996781 1.002067 0.996636 1.014474 1.004640 1.002273 1.000656 0.995220 1.000246 1.002502 0.998808 0.992022 0.997735 0.995979 0.986161 1.002609 1.005818 0.995494 0.996405 0.994550 0.989864 0.994536 0.998104 1.002201 1.010555 0.999522 0.996187 0.992657 1.006374 0.999021 0.999898 0.991840 1.004808 1.005558 0.988830 1.002797 1.005741 1.012365 0.984146 1.000193 0.997082 1.004831 0.986376 0.998765 1.006027 1.000396 1.008471 0.998208 0.994636 0.999405 1.009400 1.003929 0.995628 1.003201 1.000582 1.001106 0.994622 0.997399 0.997400 1.006938 1.000877 1.005222 0.990105 1.004797 1.008625 1.000068 1.000913 1.002244 1.000142 1.006450 0.997779 1.009491 0.998194 0.995726 1.003525 0.999992 1.005201 0.995524 1.003232 0.999586 1.002168 0.995000 1.000521 1.004823 0.998543 0.995901 0.997337 0.986426 0.987051 0.999220 1.003495 0.998806 0.996048 1.005997 1.009275 0.994404 0.999455 1.006782 0.996829 0.997632 1.003499 0.996886 1.004045 1.009139 1.000365 1.008131 0.996744 0.998382 1.004403 0.999179 0.997003 1.003034 1.003278 1.000341 0.995055 1.000452 1.003721 0.998829 1.004664 0.996888 1.001919 1.008046 0.988704 0.996207 1.000452 0.998985 0.999279 0.997741 0.999506 0.998608 1.006486 1.003267 1.004518 1.000053 0.998878 1.001094 0.994388 0.995244 1.000540 0.997210 0.995749 1.004548 1.005366 1.006667 1.007361 1.010319 1.005496 1.004756 1.000784 0.998045 0.999943 0.989835 0.999287 1.002268 1.003880 1.009724 0.999148 0.995564 0.992616 0.998706 1.003049 1.003025 1.007688 1.004661 0.989162 0.989851 0.998561 0.998822 0.995422 1.009591 0.987137 0.998214 0.996624 0.989456 0.997784 0.995553 0.991121 0.995647
0.993648 0.994427 0.991745 0.999514 1.000771 1.001552 1.000033 0.993967 0.997256 1.005257 1.004965 1.004970 1.003326 0.995899 0.999667 0.996459 0.994790 1.005551 0.994248 0.997424 0.998856 1.008010 1.001156 1.013221 1.001770 1.003380 0.993068 1.004521 1.006284 1.006234 0.999808 1.007683 0.996059 1.003183 1.007646 0.986793 0.997017 1.003965 0.996806 0.996138 0.992231 1.005624 0.997763 0.999265 0.996973 1.010796 0.997885 1.000041 0.989034 0.995050 0.995515 0.991429 0.996612 1.010777 0.999344 1.000860 1.001276 0.999366 0.990892 0.999494 0.996471 0.992410 0.998205 1.007908 1.006258 0.989934 0.990335 0.995599 0.989970 0.996642 1.013582 0.997695 1.000435 1.000560 0.992532 1.001888 1.009524 1.001157 1.005211 1.000201 1.004228 0.992608 0.992613 1.007970 1.003051 1.006602 1.006599 0.993485 0.992321 0.985683 0.998309 1.008371 0.999021 0.998607 0.997472 1.002601 1.008904 1.004306 1.000211 0.995870 0.990878 0.990222 0.999167 1.004053 0.995572 0.994508 1.000635 1.000092 1.003577 0.997564 0.999726 0.995749 1.005311 1.001048 1.009366 0.997921 1.001954 1.000535 0.999886 1.005289 1.007435 0.999239 1.004923 1.001529 1.000700 0.997680 0.998925 0.994386 0.997026 0.997173 1.010121 1.008090 0.995784 1.009325 0.994334 0.998028 0.999900 1.007778 0.991077 0.988483 0.995788 0.992632 0.999815 1.007584 0.999943 0.987299 1.005714 1.007513 1.006938 1.008349 1.005620 0.999502 0.991926 1.007507 1.002580 1.004211 1.009416 0.999166 0.997686 1.000194 0.995111 0.993337 1.002331 0.992288 0.985833 0.996689 0.993557 0.993293 0.995531 0.995653 0.997991 0.990531 0.997826 1.002749 1.000279 0.993578 0.988161 0.998400 1.001556 0.995764 1.001920 1.010203 0.998806 1.001881 0.999495 0.993940 0.999863 0.990345 0.999224 0.998332
1.001937 0.993805 0.996560 0.998453 0.996783 0.994788 0.999147 0.999124 0.991993 1.006094 0.989050 0.995970 1.003728 1.004574 1.007258 1.003262 1.001920 1.004366 1.013214 1.008497 0.992941 0.992369 1.001859 0.998944 0.996691 0.996736 0.997488 0.998289 0.997783 1.005564 1.004153 0.998847 1.003252 0.995951 0.992133 0.991055 0.995367 0.991607 0.995561 0.994764 0.993849 1.005474 0.999110 0.990974 1.000679 0.998544 0.993901 1.002261 0.998266 0.999590 0.993890 0.993803 0.996495 1.007972 0.998401 0.992699 1.008877 0.995651 0.992049 0.993200 0.996048 1.000214 1.004951 0.997133 0.993030 1.004363 1.007816 0.996671 1.000896 0.993653 0.999919 0.985496 1.000927 0.994838 1.001360 1.007186 1.002667 0.995992 1.006390 0.989026 0.998645 0.995209 0.993781 0.998680 1.003406 1.001035 1.000659 1.006771 0.999146 1.000053 1.008016 0.998127 0.996548 0.998156 0.997039 1.010738 0.998675 1.004737 0.989926 1.000186 0.994555 1.002221 0.998187 0.998722 0.997190 0.997568 1.005236 1.008825 1.004019 0.995569 0.988992 0.994485 0.998547 1.001751 0.990345 1.002278 1.002204 0.991742 1.012013 1.012576 1.007643 0.987120 0.998792 0.991541 0.987359 0.987246 0.984429 0.997166 0.997348 0.995918 1.005928 1.002181 1.003383 1.004009 1.003669 0.995436 0.991349 0.999915 0.988097 0.996249 0.989368 0.995033 0.999593 0.997425 0.991823 1.004444 0.994725 0.991132 1.003625 1.002711 1.005112 0.998016 1.003730 1.000121 0.997578 1.004779 0.994828 0.997991 0.996519 1.005406 1.007318 0.992814 1.004532 0.994948 0.999986 1.008775 0.991972 1.008008 1.001591 0.996991 1.001776 1.003700 1.000120 0.998825 0.999153 1.002264 1.004468 0.996528 0.995314 0.997343 0.993894 1.011312 0.999004 1.001068 1.000868 0.995571 1.001800 1.001648 0.993623 0.995065
0.996071 1.008948 1.000451 1.001478 1.005798 0.998623 0.991852 1.000378 0.998255 0.997673 0.987572 0.997890 1.004419 1.007006 1.000926 1.002455 0.991921 1.003411 1.013193 0.999390 0.997752 0.994362 1.004490 0.997104 0.999587 0.998871 0.996660 0.999550 0.991490 0.991219 0.999744 0.999850 0.997647 0.990346 1.007351 0.997623 0.995920 0.997746 0.991576 0.999449 1.000195 1.016023 1.009282 0.995337 0.994028 1.003480 0.989379 1.001975 0.997739 1.003263 1.001659 0.999051 0.997850 1.000468 0.997810 0.994859 0.998085 1.002758 1.001027 1.001214 1.002784 1.004128 1.003953 1.004898 0.996903 1.002760 1.001762 1.000578 0.990375 0.989337 0.997008 1.008617 1.009862 1.004133 0.999706 0.990706 0.996433 1.001631 1.000052 0.998653 0.999786 1.004850 0.999810 1.008174 1.008531 1.004640 0.992773 0.998486 1.002552 0.999163 0.994962 1.000667 0.998374 0.995928 1.005728 0.999375 0.999339 1.007376 1.000733 0.990256 0.986607 0.994999 1.002370 1.001862 1.005603 1.007044 1.008474 0.993374 0.989357 1.006664 1.003077 0.999200 0.988077 1.006017 0.993631 0.995373 0.988623 1.004384 1.005122 1.006188 0.990911 1.004975 0.992853 0.999992 0.993426 0.991783 0.998654 0.996232 0.998204 0.994775 0.995870 0.997734 1.003907 0.992175 1.001182 0.997047 0.997871 0.996873 1.008524 0.995897 1.003847 0.993809 1.003246 1.002739 0.992558 1.001647 0.999293 0.997228 1.003554 1.007185 1.002662 1.009674 1.004513 0.999990 1.003452 1.002786 1.005736 1.001758 0.999752 0.998328 1.005028 0.994209 1.004454 1.001612 1.008250 1.005001 1.009151 1.006421 1.002817 1.004385 1.000007 0.999379 0.994621 1.000918 1.001395 0.998171 0.990130 0.995722 1.003916 1.003971 1.007484 0.993696 0.997025 0.997442 0.991523 1.005425 1.008106 1.002593 0.999036 0.998220
1.005319 1.000577 0.997858 1.002506 1.009552 0.994350 0.985535 0.999123 0.985639 0.997034 0.987640 0.986040 0.998241 1.006101 0.998781 0.996063 0.996282 0.996662 0.986908 0.999480 1.013496 1.000753 0.991332 1.008182 0.997273 1.000149 0.994551 1.000718 0.994804 0.986859 0.985003 0.995226 0.995466 0.994038 1.001811 1.010698 1.003532 0.998905 0.990657 1.007002 0.999616 0.990791 0.991844 0.992536 1.002356 0.993106 0.996854 0.991150 1.001372 1.007350 1.000754 0.999539 0.998656 1.000290 1.003287 0.998717 0.998806 1.002933 1.000282 0.992166 0.996509 0.995618 0.999453 0.994915 0.991997 0.997197 0.994356 0.995576 1.001077 1.004965 1.006683 0.997499 0.998250 1.004234 1.008269 0.995648 1.006990 1.009180 0.991351 0.996125 0.990050 0.999177 1.001387 0.984273 0.992105 0.991381 1.004164 0.998496 0.998522 0.999356 0.993805 1.005160 0.994534 0.994010 0.996484 0.999371 0.999308 0.996605 1.006595 1.002641 0.994078 1.008851 0.997991 1.000855 0.996646 0.994698 0.997112 0.998161 1.002606 1.004584 1.013026 1.001250 1.003290 1.002201 1.011361 1.006443 0.994107 0.994841 0.997406 0.997413 1.001677 0.994937 1.000455 1.012418 1.006924 1.002020 0.993995 1.007183 1.002719 0.994248 0.998814 0.998698 1.002756 0.992971 0.997312 0.998599 1.003294 1.001658 1.007976 1.006898 1.000533 0.996179 1.002533 1.008457 1.007566 0.996954 1.000260 1.006283 1.011527 1.000650 1.008057 1.007423 1.001994 1.000614 1.001969 1.007180 1.005077 1.012406 0.997530 0.996627 1.007134 1.000898 1.004479 0.997867 0.996120 0.996768 1.000459 0.997302 0.998981 1.001755 1.009122 1.001708 0.994500 1.000015 0.996190 0.997569 0.998546 0.994635 0.997038 0.999617 0.995120 0.997759 1.007156 1.009876 1.003777 1.000264 1.000060 1.006802 1.006906 0.998720
1.003270 0.993349 0.996278 1.001681 0.996834 0.993231 1.007847 1.001629 0.999158 0.999623 1.004211 1.005632 1.005480 0.997593 1.004718 0.992015 0.995098 0.997155 0.998364 1.002692 0.998007 1.000871 1.005338 1.011893 1.000336 1.005883 1.003102 0.999943 0.986819 0.987050 0.997305 1.001954 0.998640 1.001422 1.002257 0.999507 1.004336 1.000618 0.996850 1.003699 1.008874 1.004186 1.002134 1.001941 1.000291 0.991485 0.999661 0.995692 0.996723 1.006237 1.004518 1.002597 1.000503 0.997358 1.005531 0.994408 0.995767 1.008213 1.004452 1.001387 1.007873 0.993150 1.002087 0.997390 0.997140 1.005923 0.999148 1.000006 0.995467 1.012083 1.005738 0.990783 0.993198 0.998348 1.001556 1.004213 1.004460 0.997288 1.003636 1.010983 0.998970 0.992166 1.000205 0.994405 1.001277 1.001539 1.003026 0.997655 1.002468 1.000203 0.990511 0.996017 0.990683 1.008235 1.005893 1.012896 1.004152 0.995464 1.000257 1.001096 0.990245 1.016671 1.003531 0.994495 0.997792 0.984824 0.994460 0.994874 1.001316 1.000322 0.995336 1.002787 1.015994 1.012405 1.004240 0.997623 1.002997 1.000089 1.006729 0.995543 0.995398 0.996001 1.009044 1.011880 0.995045 1.003165 1.002712 0.998680 1.004416 1.005971 0.997379 0.998073 1.011772 1.006240 0.996462 1.005656 0.999650 0.999142 1.004390 1.010220 0.999745 1.001017 1.002521 0.995019 1.005118 0.995700 0.996335 0.999048 1.009417 1.001825 1.004906 0.995512 0.990420 1.003534 0.993932 0.996638 1.001184 1.003249 0.994474 1.006388 1.002702 0.996639 0.993870 1.007481 1.004591 1.003011 0.992168 0.998505 1.006105 0.998365 0.991129 0.997289 1.002142 1.002195 1.004771 0.999399 0.998269 1.002950 0.996169 1.000806 0.994309 1.009372 1.009767 1.006156 1.002171 1.004255 0.996793 0.995410 1.005113 1.003188
0.998776 1.001128 0.997806 0.998961 0.998026 1.004888 1.001237 0.992901 0.987731 0.995638 1.009837 1.010081 0.999687 0.997649 1.001403 0.996405 1.006179 1.003147 1.005146 1.004207 1.001470 0.994833 1.001219 1.006089 0.998978 1.000174 1.004313 0.998441 0.991409 0.992796 1.000374 0.994219 0.994500 0.996885 0.996628 0.999486 1.003911 0.995259 0.999037 1.007814 1.007599 0.992669 1.001706 1.001635 0.995562 1.002723 0.989996 1.001720 0.993998 1.003066 1.001697 0.999721 1.002128 1.002572 1.004208 0.999624 1.000602 0.992054 0.999567 0.996494 1.008769 0.999605 1.001952 0.996287 0.988026 1.003639 1.009127 1.001740 0.995852 0.989660 0.997575 1.002074 1.005024 1.014625 1.000096 1.008292 1.007520 1.001951 0.994709 0.993819 0.994471 0.998748 1.001274 1.011736 1.000850 0.991949 0.993866 0.996861 0.995014 0.993417 0.996170 0.994993 1.008525 0.992464 0.986673 1.006592 1.021031 1.006632 0.999312 1.003147 0.988611 1.005636 0.996283 0.997656 0.994398 0.987978 1.003123 1.006336 1.001999 1.001103 0.993581 0.984567 0.996503 1.006715 0.999657 1.007743 1.002886 1.004633 0.993721 0.996055 0.999145 1.008746 1.003114 1.004395 0.994434 1.000557 1.004383 1.006775 1.006544 0.996480 1.001526 1.008445 1.003635 0.996666 1.001392 0.998658 0.997087 0.999802 0.999927 0.994693 0.992134 0.997996 1.000747 1.002878 1.006360 0.994719 1.000304 1.000668 0.999454 0.999068 0.998736 1.001230 1.007398 0.998411 0.991347 0.992334 0.999867 1.003182 0.997036 1.005909 0.997500 0.997431 1.000814 0.997230 1.001343 1.001931 1.002440 0.995539 1.005771 1.000359 0.996267 0.997947 1.000564 0.996006 0.998089 0.989614 1.007650 1.000050 1.000269 0.998914 1.000800 1.011067 1.001742 0.993313 1.003194 1.003125 0.996358 0.988639 1.001201 0.998593
0.997287 0.997395 0.999355 0.990138 0.993021 0.994813 1.002924 1.002236 1.007900 1.001070 0.994403 0.993698 0.999635 0.999802 0.991567 1.000945 1.002559 1.005535 0.993300 1.001853 1.001477 1.005609 1.003869 1.004411 1.001474 1.002234 1.000717 1.000437 0.991482 0.998093 0.995348 0.989841 0.997908 1.011208 1.002551 1.005493 0.992565 1.004940 1.007787 1.002185 1.000987 0.991435 1.010881 1.010057 1.007918 0.999003 0.990783 1.007174 1.005057 1.008580 0.994230 1.000794 0.999917 0.988932 1.007655 1.003689 1.012519 1.001137 1.002969 0.999952 0.997374 1.004300 1.003372 1.006411 1.002092 1.005917 1.012403 0.994805 0.992379 0.993393 0.998709 0.998916 1.001466 0.999981 0.993411 0.998130 0.991807 0.997724 0.996639 0.992778 0.993740 0.996710 1.002579 1.003144 0.993646 0.998842 0.998294 0.998778 0.998141 1.002965 1.000688 0.996026 1.002272 1.012308 0.990979 0.995103 1.003165 1.010496 0.991749 0.995720 1.006839 1.000245 0.994167 1.003142 0.996118 1.006341 1.004273 1.012972 1.002532 1.003609 1.001346 1.009790 0.991659 0.999590 0.996892 0.994893 0.999401 0.999764 1.006341 0.995908 0.988656 0.992256 0.996398 1.008934 1.006973 1.000546 1.003046 0.999692 1.005656 0.998069 0.997980 0.999994 0.992529 1.005342 0.995247 0.999496 1.002190 1.003528 0.995445 1.009252 1.015857 0.998965 0.995769 1.002980 1.002726 0.992547 0.995528 1.001497 1.000165 1.001460 1.009190 1.003348 1.003232 1.002420 1.000541 0.998103 0.992023 0.998619 0.997517 0.998280 1.000287 0.988934 0.995719 1.001075 0.998929 0.995843 1.005338 0.990416 0.991086 0.995280 0.995801 1.004471 0.996747 0.994043 1.005903 0.990624 0.998556 1.008969 1.004073 0.997469 0.999080 0.999079 1.003168 0.998899 1.003829 1.001873 0.990119 1.004158 0.993748 0.993235
0.999642 1.006723 1.000257 1.008736 1.007412 1.014096 1.007016 1.001896 0.998816 0.999835 0.990108 0.992001 1.000622 1.009723 1.004022 0.994585 1.002365 0.999178 0.995789 1.004352 0.999065 0.988605 1.003339 0.997279 1.008554 1.019478 1.004528 0.998087 0.993914 0.998177 0.989828 0.991019 0.997494 0.990562 0.997544 0.997854 0.997443 0.999940 1.004203 1.011632 0.996207 1.001593 1.009241 1.007613 0.996006 0.999194 0.991595 0.997567 0.988937 0.996336 0.992313 0.993888 0.993530 0.995400 1.010376 1.010858 1.005100 1.002386 1.004835 0.996700 0.996900 1.004795 1.005895 1.011389 1.007430 0.996042 0.993723 0.998272 1.002368 1.000185 0.999933 0.995283 0.990591 0.996972 0.987889 0.993175 0.998003 0.997493 0.989230 1.002107 0.991081 1.007982 0.999718 0.993933 1.001959 0.994588 1.005673 0.991050 0.989497 1.003915 0.999726 0.995991 0.997638 0.987841 0.998809 0.994711 1.003034 1.001022 0.993020 1.003084 0.997482 1.000585 1.006322 0.990289 0.989820 0.996494 1.004110 0.989979 0.991304 1.004837 1.001761 1.001298 0.993887 1.008031 1.013636 1.005609 0.997829 0.997613 1.007518 1.001346 1.006577 0.996041 0.997673 1.003504 1.006417 0.999281 0.998223 1.009824 1.001245 0.998223 1.005559 1.003890 0.999383 1.006561 1.000256 1.007692 0.991381 1.008594 0.998858 1.002900 1.002767 1.009444 0.997768 0.989979 0.996851 1.000000 0.995112 1.000549 1.004185 0.999164 1.003293 1.004705 0.995582 0.993850 0.997743 0.994907 0.990155 0.998829 0.993862 0.994100 0.996402 0.999989 1.006430 1.005542 0.996677 0.987905 1.002919 1.000477 1.007699 1.003910 1.000474 1.003864 1.000553 0.994469 1.002132 1.001592 1.000351 1.005287 0.995150 1.002578 0.995935 1.001429 0.995649 0.995048 1.008565 1.002693 0.994621 0.996788 0.998398 1.001616
0.995599 0.998187 0.993405 1.004311 0.991950 1.005257 1.007042 1.000723 0.995636 0.999634 1.002982 1.003083 1.006577 0.991287 1.003575 1.000066 0.999213 0.999117 1.002882 0.999140 0.994095 1.002283 1.001515 0.996726 0.998547 1.000204 1.002210 1.001194 1.002807 1.001845 0.990987 0.998529 0.997164 1.001806 1.000311 0.999658 0.999644 1.006614 0.996994 0.991662 0.996656 1.006254 1.001415 0.998856 0.999608 1.001219 1.000843 0.997492 1.002000 1.004106 1.002923 0.999112 1.003242 0.996366 1.002152 1.006223 1.001804 1.009304 0.999809 1.006005 1.003170 1.002158 0.991685 0.995803 1.003910 0.987242 1.002829 1.006219 0.999375 1.005279 0.996685 1.001279 0.989742 0.997492 0.998361 1.009897 1.016636 0.999985 0.995691 1.003781 1.009296 1.004944 0.997847 0.993454 0.999332 0.999251 1.003726 0.995781 0.997937 1.002549 0.996993 1.005232 1.010654 1.006739 0.999715 1.002731 1.002765 0.992883 0.995267 1.006709 0.998747 0.997072 1.006791 0.996131 1.000512 0.992107 0.993700 0.993009 0.997206 1.003749 1.008903 1.011745 1.001666 1.011511 0.998755 1.005556 1.008383 0.998527 0.999532 0.998024 0.995208 0.999641 1.001184 1.002950 1.011313 1.009650 1.002637 1.002097 1.005691 1.008563 1.007009 1.006122 1.000711 0.998693 1.004947 1.002979 0.994892 0.999589 1.003572 0.988943 1.001933 1.004611 1.002551 1.015976 0.992227 1.005584 1.003919 0.993671 0.995348 0.994176 1.001289 1.001478 0.995917 0.996427 0.998763 0.996421 0.997302 1.001477 0.999785 1.005535 1.004682 1.001549 1.003461 0.995364 1.001737 1.005931 1.005399 0.998023 0.999392 0.994177 0.997743 0.998953 1.000289 1.002549 0.992420 0.992211 1.001304 1.002267 1.002163 1.002991 1.006022 0.996111 0.992067 0.995372 0.998483 0.996904 0.995208 1.000448 0.996075 1.009245
0.999876 0.999452 1.005950 1.002796 0.998477 0.997177 1.003793 1.001691 0.994360 1.005997 1.001217 0.994087 1.001330 0.993161 1.003653 0.995498 0.996080 0.993230 0.999913 1.006708 0.998124 1.000823 0.999207 0.990297 0.997987 0.996221 1.000085 0.997803 1.006817 1.006207 0.996668 0.988261 0.985638 0.998531 1.001318 0.994966 1.001674 0.987722 0.999310 0.997849 1.004593 0.999601 1.000783 1.002377 0.998490 0.994704 1.006506 0.997007 1.000985 0.998343 0.995304 0.988338 0.993647 0.998588 0.994835 0.995898 1.003784 0.997992 1.005115 0.992293 0.994393 1.005075 0.999324 0.995737 1.003812 0.996507 0.998406 0.994389 0.992687 0.997742 1.006669 0.992401 1.000650 1.001888 0.992233 0.993277 0.989070 0.998621 0.993223 1.000152 1.006134 0.998569 1.002602 1.010153 0.996888 0.997205 1.004935 0.995848 0.996296 0.993004 0.992670 0.999623 0.997331 0.994166 0.991997 0.999842 0.996677 1.003322 0.997708 1.003723 0.993862 1.000774 0.999088 1.004468 1.000073 0.992865 1.010473 0.995416 0.995332 0.999143 1.001733 1.010869 1.004077 1.002066 0.990010 0.998566 0.996860 1.003957 0.999091 1.011572 0.991334 1.001689 1.011808 0.999215 1.001571 0.999830 1.003010 0.993657 0.998420 0.992778 0.996132 0.993461 0.997641 0.998015 1.007557 1.003075 0.996148 0.992526 0.995927 0.990006 0.990176 0.993939 1.001870 1.006551 0.983311 1.000688 1.003316 1.008079 0.997394 0.997081 1.006279 0.995272 1.001653 1.004331 1.001272 0.999706 1.002975 1.000439 1.000860 1.003831 0.999553 0.998914 0.996578 0.997808 0.996158 0.999980 0.992916 0.995169 0.992205 0.996580 0.998834 1.008705 1.006604 1.003406 0.990141 0.997550 0.988174 0.995731 1.001071 0.993225 0.998592 0.986940 0.997631 1.005264 0.995399 1.006121 0.995135 0.997456 1.001930 1.006177
0.998972 1.004180 1.003712 1.005192 0.997780 0.995954 0.994906 1.005036 0.994159 1.001664 0.999059 0.992296 1.003676 0.988402 1.008606 0.998374 1.004404 1.003482 1.005437 0.992833 1.000462 1.011240 1.013343 1.006640 1.000044 1.000400 0.996689 1.000854 1.006011 1.000589 1.002756 0.999327 1.009368 1.006764 0.997822 1.001735 1.003035 1.015862 0.995505 1.002186 0.998281 0.998642 0.998647 0.999195 1.000955 1.000676 1.003634 0.995666 1.003992 1.002940 0.993799 1.008999 0.997516 0.996427 0.991411 0.995636 0.993585 1.002145 0.992692 0.992464 1.010442 1.009900 1.003077 1.002865 0.996581 0.996004 1.001529 1.001030 0.997470 0.994169 1.000362 0.991467 0.992319 0.996374 1.004857 0.999898 0.990491 1.004412 0.996803 1.001464 1.002655 1.004523 1.003726 1.001077 1.001741 1.005924 1.000375 1.004101 1.004110 0.990345 1.002622 0.992771 0.996627 1.003381 0.999141 0.984803 0.995155 1.006912 0.992013 1.009506 1.003457 1.004051 0.997036 1.003813 1.003295 1.005528 1.003003 0.990437 1.002102 1.005596 0.991279 1.000141 0.999350 0.995214 0.998892 1.005274 1.003196 1.003419 0.995173 0.992217 0.998594 0.999619 1.011755 0.991025 1.004271 0.996921 1.001668 0.998583 1.007421 1.001241 0.995065 1.000771 0.997273 0.994399 1.019580 1.006789 1.001462 1.004256 0.996386 0.998081 0.996505 1.003010 0.997070 0.996454 0.999996 0.994729 0.997313 1.001638 1.002880 1.005445 0.996624 0.997441 1.002404 1.006234 0.995812 1.004893 1.005074 1.006311 0.999283 1.003912 1.006325 1.001544 0.992197 1.000246 1.000374 1.000235 0.997882 0.988472 0.997972 1.002749 1.001415 0.997610 1.001751 0.998457 1.000658 1.003881 0.994177 0.996359 0.998403 1.001533 1.004163 1.008753 1.010269 1.013378 0.994569 1.006226 0.996731 0.994507 1.007191 1.008905
0.987464 1.000352 0.995976 0.999645 1.000611 0.995739 1.001000 1.000323 0.997083 1.004865 1.006872 0.997744 1.004701 0.996541 1.007518 1.010082 0.999527 0.993820 1.004370 0.992069 1.000174 1.003128 1.007341 1.003031 0.998465 0.990119 0.992178 1.000176 1.006440 1.001568 0.997125 0.995826 0.991299 0.999398 0.994021 1.012978 0.997655 1.001188 0.997378 0.997294 0.993787 0.994946 0.994062 0.993687 0.990336 1.003345 0.999938 1.001622 1.008230 0.987379 0.996736 1.005742 1.012281 1.003462 0.997185 1.003602 1.000233 1.008181 0.997392 0.990317 0.997668 0.999716 1.008559 1.001887 1.007431 1.002128 0.998029 1.006658 1.004810 0.996045 1.010995 1.000243 0.993422 1.000632 1.012263 1.008669 0.996460 1.002148 1.003930 1.003773 1.006362 1.010361 0.998109 1.002808 1.001209 0.996073 1.001505 0.992503 0.996513 0.995659 1.003227 0.991134 0.997398 0.990730 1.001620 0.996670 0.999619 0.994364 1.008051 1.001047 0.999321 0.986566 0.995922 1.007568 1.001802 1.005628 1.005723 0.991434 0.997969 0.995103 0.995855 0.990847 0.997397 0.999884 1.003921 1.002428 0.991341 0.990319 0.997090 0.997695 1.004450 1.004305 0.992678 0.990376 1.004178 1.003793 1.007777 0.994272 1.006046 1.007374 1.001148 0.998682 1.008324 1.002342 0.998299 0.996042 1.004449 1.001212 0.998620 0.999248 0.990231 0.992522 0.998301 1.005831 0.997807 1.001184 1.000431 0.991097 0.992632 1.000279 0.996540 0.995616 0.995571 0.997110 1.000844 0.994523 0.985703 0.989615 0.997889 1.014054 0.998088 0.987100 0.999226 0.989569 0.986796 0.999546 1.001685 1.001638 0.997899 1.000595 0.999802 0.997159 0.994205 1.000070 1.003871 1.011875 1.013360 0.996025 0.998097 1.000829 1.001584 1.005530 0.994130 0.992980 0.994362 1.002167 1.009598 1.004316 0.997281 1.009342
0.999527 0.988370 0.997886 0.996951 1.002917 0.994729 0.998042 1.004555 0.993523 0.982984 0.999639 0.992835 0.997571 0.994386 0.994819 1.013947 1.003574 0.994132 1.004130 1.000058 1.005343 0.999656 0.989251 0.995473 0.995792 1.012333 0.998231 1.000796 0.999774 1.000181 1.011071 0.993658 0.995539 0.996006 0.993363 1.006540 0.994527 1.003032 1.009134 0.990856 0.990699 0.989574 1.004479 0.988397 0.999068 0.991711 0.991183 0.989192 1.011561 1.004312 1.002317 1.004725 1.002403 1.004105 1.010911 1.003032 1.001702 0.995880 0.994070 0.987724 1.001516 1.009139 1.001622 0.994950 0.988424 1.001656 1.000318 1.012194 1.011566 1.000260 1.002695 1.007182 1.002550 0.997509 1.009597 1.002239 0.999989 1.006050 0.997220 0.994901 1.006118 0.998727 1.008881 1.003606 0.993434 1.003857 0.997709 1.003499 1.011829 1.001352 0.999451 1.010514 1.005591 0.997786 0.994232 0.997242 0.996510 0.997106 0.994694 1.005217 0.992720 1.002575 0.993564 1.008417 1.010903 0.994797 0.989080 1.005057 0.998699 1.006532 0.999505 0.993205 0.994234 0.999523 1.006541 0.993379 0.989506 0.993577 0.993844 0.987985 1.001626 0.998815 1.004918 0.985523 0.993448 1.004582 0.991012 0.995488 1.002415 0.995542 1.002600 0.988552 0.995140 1.003112 0.993806 0.983736 0.990615 0.993747 1.002005 1.000422 1.000243 0.997302 1.000351 1.010778 1.007464 1.000275 0.996612 0.999289 0.997491 0.995958 1.003179 0.985882 1.007309 1.000780 0.999325 1.000016 0.996169 1.007718 0.996627 1.004584 1.010395 0.997813 0.994604 0.990973 0.993113 1.003149 0.993731 0.996179 0.993189 1.000855 0.988087 0.992926 1.010513 1.001250 0.996638 0.997179 0.998186 0.999408 0.984748 1.010606 0.992028 1.000899 1.004724 0.998896 1.009171 1.004017 0.992530 1.004019 1.009433 1.001146
0.996119 0.983454 1.001845 0.995199 0.998076 1.007677 1.007876 1.010676 1.003320 0.995021 0.999717 0.996262 1.003259 0.996430 0.996639 1.002478 1.016171 1.000765 0.989763 0.996031 1.000141 1.001999 1.002426 0.991630 1.006145 0.998793 0.987485 1.005483 1.015805 1.002129 0.991922 0.998725 1.004189 0.987294 0.988967 1.005849 0.990634 0.998271 0.996940 0.990476 0.990451 0.988160 1.004446 1.003236 0.997935 0.994565 0.991107 0.997414 0.998608 0.999241 0.998383 0.997644 0.992002 1.002867 0.997414 0.996479 0.995506 0.996408 0.986927 1.000704 1.004029 0.998251 0.993299 0.998072 1.000462 1.005017 1.009823 1.004433 0.999996 1.007914 1.001392 0.999324 1.001727 1.007553 1.000615 0.995412 0.995723 1.000637 0.994907 0.996241 1.002800 1.003857 0.997187 1.009463 0.986743 0.995413 0.997263 1.007374 1.002917 1.003356 1.002383 0.997998 1.003092 0.993661 0.997835 0.999406 0.994547 0.999924 0.995064 0.999318 0.997283 1.002215 1.006225 1.005935 1.007817 0.997314 1.002190 0.997638 1.003712 0.992033 0.990168 0.999756 1.002388 0.992621 0.993560 1.007756 0.991566 0.986209 0.989645 1.002059 1.001178 0.990446 0.986576 0.991493 0.999976 0.993735 0.997389 1.001706 1.001570 1.001239 1.001283 1.002814 1.003549 1.001152 1.002359 1.002815 1.002133 1.001412 1.006736 1.006334 1.009011 1.009184 1.008904 1.004434 0.998198 0.992435 0.997730 0.999958 1.000388 0.999365 1.004893 0.985339 0.992527 0.983094 0.995654 0.999526 0.999344 1.004933 0.993392 0.995810 1.008337 0.997653 0.997254 0.989913 1.006192 0.991815 0.999699 1.001227 0.995529 1.001811 1.001193 1.004865 1.000432 1.001420 1.002343 1.009922 1.004566 0.992661 0.995551 0.998110 0.999060 1.007580 0.997486 0.997851 1.000974 1.001699 0.994066 0.998062 0.996033 0.995918
1.005810 1.003938 1.007401 0.997177 1.003485 0.998916 1.005839 0.991280 0.987612 0.992331 1.008347 1.001243 1.000243 0.998014 1.007255 1.005696 0.999989 1.003766 0.987715 0.994497 1.006916 0.996485 0.990698 0.997708 1.013128 1.008048 1.006045 0.998679 1.005740 1.000631 1.001452 1.002813 0.994314 1.004784 0.996374 0.996773 0.990353 1.004590 1.006810 0.994593 0.990737 1.006730 1.000042 1.002014 0.996336 1.000149 1.015311 0.996196 0.993331 0.996293 0.999306 0.997515 1.004457 0.998901 0.998045 0.996939 1.004713 0.996813 0.993450 0.994802 1.001997 0.997287 1.009510 0.999116 0.997478 0.997077 1.003817 0.999789 0.991223 0.992332 1.002632 1.003765 1.006324 1.001330 0.998983 1.002247 0.990923 1.008751 1.000458 0.999319 0.999082 0.999386 0.990773 1.007234 0.998128 0.997410 0.998711 1.008388 1.011505 1.007177 1.007486 0.998047 1.007171 1.009599 0.999655 0.998311 0.996640 0.992111 0.989947 0.999185 0.997708 0.998260 1.008893 0.999995 0.995632 1.006768 1.010663 1.005776 1.008859 0.999360 0.983602 0.990786 0.999529 0.993087 1.000372 1.008598 0.996547 1.000865 0.994203 0.995779 0.996829 1.000370 0.991498 0.997053 0.995761 1.001854 0.997670 0.995132 0.999180 0.994850 0.994480 0.988479 0.993183 0.999082 1.001598 1.006086 1.005648 1.006811 1.007206 1.001611 1.008585 0.994279 0.996444 0.998276 1.006885 0.998414 1.004826 1.015168 0.996522 0.985187 1.004267 0.988887 0.995055 0.995588 1.006415 0.993963 1.001619 1.003593 0.989646 1.002931 0.995360 0.999556 1.002650 0.993913 0.995878 0.992143 1.003820 0.999989 1.001012 1.002709 0.997989 0.998693 0.999056 0.993696 0.998909 1.000045 0.999397 0.999151 1.003855 0.990215 1.005684 0.994276 1.001291 1.001413 1.008177 1.002971 1.006307 0.997707 1.003015 0.991933
1.009439 1.008470 1.002985 1.005545 1.003997 1.007393 0.990894 0.987017 0.995487 0.991684 1.003336 0.993107 0.996613 1.003001 1.007442 1.012290 0.996541 0.996100 0.996115 1.009830 1.007636 0.999487 1.008497 1.001737 1.001206 0.991552 0.993438 0.990231 0.993481 0.994419 1.006600 0.988109 0.992523 0.996958 0.997313 0.998612 0.995273 1.012110 1.004804 0.991347 0.996221 1.002667 1.006054 1.003304 1.005246 0.988307 1.001963 1.010366 0.995617 0.998203 0.999162 0.999901 0.999950 0.998874 0.996399 0.999363 0.996321 0.992307 1.011632 1.005585 0.989050 0.989637 0.987420 0.999763 1.005666 1.003481 1.001015 1.001104 1.000994 1.004603 0.993879 0.996241 0.998766 1.006179 1.003016 0.997733 0.996277 0.997860 0.991736 1.003118 1.008793 0.992585 0.994219 0.991505 1.014548 1.005561 0.992539 0.998063 1.005471 1.008733 1.009826 0.997074 1.003570 0.997615 0.995113 0.997185 0.996724 0.997690 1.005741 0.996814 1.002637 1.000760 1.010888 1.011581 0.992866 0.999321 1.004732 0.995855 1.003176 1.006927 1.012349 0.984764 0.996025 0.994510 1.004240 0.995503 1.007442 1.002342 1.003211 1.001962 1.003309 0.992249 0.995592 1.001773 0.996772 0.996916 1.002299 0.991394 1.001290 1.007180 0.994901 0.984354 0.997339 0.998557 0.996158 1.000423 0.998092 1.005197 1.007751 1.003168 0.995051 0.993613 0.990443 0.993402 1.010352 0.999944 0.999716 1.008008 1.003174 0.995111 1.002222 1.006868 0.998816 1.009947 1.011035 1.013662 0.995313 1.004156 0.996936 1.003265 0.994174 0.999180 0.997806 0.994618 0.994635 0.992551 0.992487 0.993912 0.997678 1.003626 1.001810 0.998838 0.991378 0.999860 0.998719 1.006308 1.005703 1.010209 0.997582 0.999472 0.994379 0.984476 0.999574 0.997606 1.000057 0.990672 0.993514 0.989141 1.006655 0.992245
1.005001 0.997073 0.995646 0.990890 1.001095 0.998193 1.002439 0.993410 0.999606 1.006526 1.003090 0.996865 1.007653 0.997338 0.999194 1.008431 1.000466 0.998047 1.001338 0.998038 1.003616 0.989395 0.992988 0.988612 1.001839 0.991986 0.993565 0.999517 1.001193 0.999596 1.001292 0.996204 0.997432 0.990493 0.986478 0.993938 1.004898 1.011325 1.002979 0.989622 0.995360 1.002738 1.002143 1.005023 0.996812 1.005465 1.002999 1.008015 1.013778 0.998857 0.996738 1.005297 0.999430 0.989653 0.997438 1.003453 0.994280 0.996819 1.002856 0.998118 0.991720 0.995431 0.996471 1.004782 1.006102 1.000237 0.999970 0.996133 1.007436 1.000216 0.998673 1.010007 0.998918 1.006032 1.001191 1.001399 0.988634 0.990339 0.987646 0.987388 1.007294 0.995794 1.001857 0.996562 1.011710 1.009158 1.005745 1.003107 1.006939 1.004590 1.005420 1.000910 1.001204 1.006359 1.005549 1.003087 1.011979 1.003607 1.002274 1.000867 1.008331 0.999809 1.003984 1.004328 1.001420 0.991098 0.993459 0.993558 1.013769 1.011088 0.999850 0.996959 1.011026 0.992034 0.996795 1.002765 0.998334 0.996448 1.014296 1.008070 0.998109 1.003108 1.002484 1.003753 1.005794 1.004441 1.002471 0.992021 1.007332 1.009059 0.998716 1.002735 1.003398 0.997054 1.001263 1.000676 1.007876 0.998725 1.002666 0.999780 0.993530 0.996390 0.992935 0.986051 0.989779 1.005585 1.012595 0.992732 1.007597 0.991628 0.995034 0.994210 0.999413 0.998880 1.004259 0.993911 1.001480 0.995484 0.991826 0.998102 0.998356 1.005892 0.994099 0.983189 0.998738 1.000402 0.995611 0.990433 0.991602 1.005370 0.996703 0.998038 0.995960 0.995889 0.997784 1.008604 0.999177 0.998342 1.004276 0.995628 0.997409 1.002300 1.007102 1.002742 1.007495 0.998226 0.994990 0.990277 1.004788 1.004601
1.003214 0.999284 0.997490 1.002943 0.991745 1.001095 1.001668 0.998623 1.001989 1.010141 1.005302 1.007627 1.001984 1.002130 1.000970 0.997873 0.994384 1.001655 0.995646 0.990679 0.993644 0.999541 1.007695 0.995573 1.003603 1.001694 1.010357 0.998586 1.001325 1.000207 0.997809 0.991559 0.993373 1.001296 0.993257 0.993596 0.980545 0.997106 1.003986 0.999070 1.000848 1.008556 1.005543 0.990717 0.996167 0.998556 0.987675 1.001142 0.996021 0.987764 1.006455 1.000553 1.002839 0.997866 1.002759 1.011523 1.001204 0.998256 1.003216 1.005021 0.997539 0.997759 0.990070 1.001537 1.004283 1.008553 1.004968 0.995993 1.002831 1.004490 0.999133 1.004675 1.000782 0.993608 0.992663 0.986559 0.990044 1.001066 1.001609 0.994531 0.997708 0.996479 0.999920 1.016786 1.002371 1.007870 1.002856 0.997032 1.003901 1.009969 1.001009 1.001168 1.006506 1.003570 0.998616 1.005399 1.001806 1.000458 0.992357 1.003597 1.003964 1.000401 0.997539 0.992162 1.001415 0.992110 1.010800 1.002870 1.005184 1.002362 0.991687 1.009047 1.017055 1.000269 1.009272 1.005125 0.995124 1.005768 1.004445 1.003223 1.009092 1.002764 1.002875 0.998319 0.999415 0.999381 0.998310 0.993883 0.991154 0.994369 1.011395 1.001492 0.999240 1.013043 1.012329 1.000646 1.002849 1.004360 0.992873 0.989558 1.004193 1.003361 1.002518 1.003993 1.001304 1.004375 0.997543 0.996745 1.003307 0.992764 0.995664 1.002436 1.001343 0.996722 1.006489 0.995189 1.004035 1.004804 0.997668 0.994338 0.999253 0.997501 0.997735 0.991259 1.004520 1.003439 0.995753 1.003358 0.992320 0.994682 0.998643 0.997713 0.998936 0.997249 0.991353 1.006366 1.010959 1.001128 0.996675 1.000525 1.000234 1.005118 0.994955 0.999638 1.002596 1.002319 0.987838 1.005221 0.997841 1.004714
0.998996 0.993548 1.011607 0.994119 0.999150 0.998074 1.000731 1.001992 1.002542 0.992097 0.994569 1.005078 0.998149 0.994441 1.001085 1.000638 1.001913 1.012505 0.999424 0.989079 0.991245 0.991688 0.997871 0.998805 0.992365 0.996388 1.003199 0.995549 0.994811 1.007330 1.007138 0.996482 0.996961 0.997154 0.994033 0.996133 0.994594 0.996871 0.999168 0.993799 0.995499 0.994531 1.001562 0.999625 1.003468 1.002935 1.001533 1.004730 1.008469 1.011035 1.005134 0.994921 0.994257 0.990902 1.002241 0.999434 0.994949 0.992981 1.006613 0.993899 0.999414 0.990499 0.993934 0.999340 0.996376 1.003682 0.996654 1.009781 1.003248 1.005126 0.990162 1.003679 0.997508 1.001292 0.998901 1.000370 0.996826 0.998930 0.990224 1.001442 1.003391 1.004532 0.995763 1.004077 1.003721 0.996749 1.002118 1.007343 1.002119 1.000586 1.007115 1.003315 1.006785 1.002834 0.993132 1.005156 0.999369 0.996169 1.005315 1.002148 1.000148 1.003718 0.989415 1.013759 0.998474 1.014948 1.014565 0.985487 1.004187 1.005849 0.995551 1.009914 0.999536 1.007737 1.007088 1.013294 1.008648 1.014824 0.998380 1.005756 1.005844 1.003684 1.002747 0.996535 1.005380 1.010732 0.993989 0.997190 0.990846 1.000786 0.998199 0.996469 0.988560 1.000465 1.002027 1.007053 1.002447 0.994748 0.987749 1.002826 1.009072 0.999869 0.998581 1.000960 0.998412 0.985473 0.997632 1.009437 1.004104 0.997429 1.000776 1.008180 1.000740 1.001646 0.995417 0.997302 0.998671 0.994953 0.996545 1.002515 1.001769 0.996988 1.005530 0.995159 0.993703 0.999791 0.995377 0.995909 1.000209 0.984340 0.992221 1.000867 1.007654 1.004614 0.993585 0.993727 1.008457 1.002489 1.001189 1.004077 0.998025 1.002679 1.005516 1.003353 0.994847 1.006434 1.006436 1.007783 0.995642 1.009963
1.000178 0.986648 1.002859 0.996149 0.994842 0.999086 1.003918 0.990191 1.007405 1.001298 0.992380 1.006250 1.008915 0.998674 1.002186 1.004007 1.000222 1.006090 1.003557 0.990834 0.993837 0.998704 0.993199 0.987522 0.992834 0.997495 0.994444 1.003665 0.996435 1.000461 1.011400 0.997431 0.992196 1.001418 1.006893 0.997023 0.997011 0.995641 0.993886 0.986997 1.001648 1.000785 0.991269 0.997025 1.000722 1.010153 0.992707 1.001404 1.003189 1.004746 0.994702 1.001642 1.003630 1.002391 0.987761 0.999685 1.003827 1.001872 1.011438 0.995214 1.001505 0.999024 1.001423 1.010410 0.999105 1.005347 0.995788 1.005403 0.999710 0.997700 0.989386 0.993018 0.991402 1.004425 1.010375 1.008228 0.995946 0.997426 0.992150 0.993158 1.002528 1.006405 1.008518 1.004721 1.001216 0.995728 1.005101 1.003991 0.994548 0.996224 1.003378 0.995957 1.000308 1.000604 0.995676 0.998500 0.993324 1.005310 1.003048 1.007419 0.997490 0.991193 0.979123 0.985389 1.002389 0.996515 1.008088 1.000344 1.001782 1.001339 1.004697 1.001683 0.996049 0.999624 1.007490 1.010267 0.994460 0.993842 0.996650 1.008723 0.997406 1.001368 1.003777 0.997929 0.992606 0.998919 1.000395 0.994107 0.999976 1.002899 0.996585 1.008690 1.004144 1.007328 0.996536 0.996024 0.994785 0.997664 0.995455 1.002974 1.003635 0.992841 0.991084 1.003859 0.996451 0.992916 1.014103 1.006308 1.000885 0.991945 0.999396 1.014794 0.999896 0.998128 1.000733 0.998074 1.003609 1.009267 0.999704 0.993098 1.003185 0.995480 1.001971 1.001755 1.000371 1.004847 1.010195 1.006375 0.999909 0.997741 0.998874 1.000436 1.001129 1.003737 0.995400 0.997328 0.994583 1.001745 0.995909 0.996974 1.008746 1.000820 0.999091 1.001447 1.002556 0.996554 0.984858 0.997385 1.005571 1.003320
0.997807 0.998084 0.997421 0.990476 0.998250 0.997809 1.006673 1.007461 1.001475 1.005547 1.012104 1.000068 1.002253 0.998479 1.000544 0.997212 0.999869 1.013654 1.004101 1.002412 0.995061 1.001108 0.994067 0.991558 0.991259 0.995335 1.007763 1.001320 1.000685 1.005488 1.005515 1.003916 1.000230 0.993961 0.999993 1.004774 1.001006 0.996578 0.994169 1.002767 1.016690 1.003846 1.004444 1.003570 0.995872 0.995340 1.000103 1.011101 1.002874 0.994681 0.997630 1.003218 1.007469 1.006487 1.001156 1.000787 0.994150 1.000025 0.994502 0.993044 1.005512 1.003239 1.000553 1.005277 1.005641 0.998652 1.003638 0.996054 1.006937 1.007734 1.004106 1.009756 1.000080 0.991774 0.998580 1.000795 1.000879 0.998943 0.999109 0.993627 0.994534 1.011871 1.002847 0.996032 1.001534 0.993305 1.005506 1.001101 0.999586 1.001550 0.995710 0.994295 1.000160 0.986302 0.994589 0.998755 0.996954 0.996857 1.002054 1.000057 1.004349 0.994033 0.996134 1.007314 1.009471 1.001339 0.997593 1.005208 0.999716 0.996495 0.996503 0.987566 1.011979 1.000862 0.997602 1.005466 0.994088 1.000665 1.004372 1.003906 0.994765 1.009270 1.005524 0.999134 1.000212 0.992563 0.993827 1.000070 1.004701 1.004574 0.998042 1.001581 1.006248 0.995933 0.994102 0.993205 0.995364 0.998804 1.005425 0.997273 1.003976 0.998515 0.998210 1.002993 0.995774 0.995714 1.005393 1.005900 1.001012 0.994079 0.994186 0.990349 0.996868 0.995501 0.989287 0.988457 1.004541 0.996005 1.009364 1.003223 1.002669 0.989663 0.996986 0.997592 0.996693 1.000474 1.006986 0.990083 0.999971 0.996995 0.989233 0.984573 1.007830 1.018031 1.004130 1.004117 1.002174 1.003218 0.983730 0.992878 0.996789 0.995647 0.993695 1.000143 1.003544 1.002977 1.004407 0.999082 1.003465 0.997580
0.999684 0.993952 0.993622 1.005227 1.000771 0.999768 0.995214 1.008657 0.992738 0.996996 0.992079 0.996487 0.996271 0.992930 1.007389 1.000164 1.002342 0.992283 0.997218 1.002612 1.011150 0.998907 0.996166 1.012442 1.002667 1.002840 1.000173 1.000800 1.010708 0.999778 1.007519 1.009817 0.999393 0.986162 0.999745 0.989873 0.997299 0.996173 0.993515 1.007694 1.006097 0.994367 0.999867 0.998869 1.005891 1.005114 1.000026 1.002862 0.998399 0.995426 1.003662 1.005567 1.009599 1.003044 0.996546 1.006082 1.010176 1.004259 1.000860 1.005771 1.009228 1.000088 1.015502 1.011570 0.996488 0.992707 1.004379 0.997735 1.001240 1.004500 0.996045 1.000884 0.998184 0.999610 0.999173 1.001484 1.003843 0.998915 1.005231 1.001353 1.008321 1.007517 1.003056 0.984328 1.000138 0.996114 1.005828 1.006250 1.005077 1.005073 0.999341 0.999349 1.010863 0.996815 0.996187 0.999280 1.000621 1.002642 0.994394 0.995764 0.998734 1.005246 0.995090 1.000295 1.000601 1.006841 1.000773 1.015762 1.005329 1.006032 1.004811 1.000375 0.998565 0.994752 0.997715 0.997699 0.998136 0.999596 1.012005 1.006342 1.005543 0.995193 0.998771 0.999262 1.000238 0.993242 1.001465 1.005453 1.002340 1.000612 1.003740 1.005942 1.006876 1.002091 1.007559 0.997163 0.992535 0.996833 1.002546 0.999918 1.010874 1.005042 0.999404 0.997990 1.002167 0.997218 0.997765 1.004513 1.003872 1.012533 1.004902 0.999851 0.998592 1.003433 1.000920 0.995404 0.992814 0.997016 0.990552 1.004610 0.998987 0.988822 1.002633 1.016812 1.004295 0.997646 0.999976 0.995123 1.002088 0.999267 0.997902 1.002421 1.003875 1.001298 0.999588 0.999145 1.006571 1.000373 0.993897 1.008383 0.991797 1.003199 0.999325 1.004406 1.004281 1.012310 1.010667 0.994139 1.011726 1.005784
0.997716 1.014611 1.002969 0.994280 0.994243 1.004537 0.995570 1.002891 1.005024 1.001714 0.997608 0.996547 0.999244 1.002988 1.000189 0.991630 0.999969 0.999993 0.993408 0.994707 1.000237 1.002402 0.994513 1.010078 1.001509 1.000746 1.000581 1.001224 1.008729 0.994214 0.988250 0.994972 1.002297 0.994050 0.997901 1.000982 0.996636 0.996164 0.994789 0.998617 0.999426 1.006223 0.992664 0.996319 1.001257 1.002450 1.000614 1.006931 1.003150 1.008119 1.001107 0.999298 0.998319 0.998897 1.004935 1.002121 1.000821 1.000698 1.001874 1.005045 0.996999 1.005456 1.004248 1.006301 1.005380 1.005964 0.996230 1.005818 1.011425 0.997163 1.008461 0.998171 0.991275 1.000809 1.004382 0.996328 0.995784 1.010013 0.992868 0.994975 1.001875 0.999775 0.999611 0.998454 1.000122 0.993829 1.006627 1.008278 1.003473 0.989488 1.000420 1.003819 0.998936 1.002408 0.991429 1.005240 0.998395 1.005074 0.995749 0.987951 1.003503 0.998507 0.996695 1.003001 0.992741 0.989724 0.999404 1.003851 1.005100 0.999456 1.000670 0.995723 1.001870 0.997177 1.007065 0.999264 1.000153 1.009248 0.999117 1.002884 1.007812 0.995828 1.000785 1.000489 1.000068 1.001284 0.992728 0.993491 0.995332 0.998413 0.990467 1.000811 1.006701 0.996882 1.001110 0.999327 0.988621 0.995555 1.007095 1.001896 1.007791 1.002073 1.003932 0.994326 0.999960 0.997105 0.996894 0.998707 1.005088 1.002567 0.987459 0.989758 1.005309 0.995071 1.004482 0.996450 0.987672 0.994793 1.004644 1.002400 1.007593 1.008471 0.998834 0.996271 1.001683 1.002734 1.000827 1.001861 1.000163 0.990929 1.009422 1.009123 0.998463 1.004289 1.007780 1.005186 1.006955 0.998429 1.006760 0.999870 0.995451 1.006311 1.007142 1.004785 0.992194 0.991187 0.996181 0.993951 1.005040 1.011935
1.000498 1.007566 0.999656 1.001909 1.001492 1.010986 1.000272 0.993252 0.998624 1.002601 1.010337 1.002743 1.003818 0.997078 0.998402 1.002050 1.002925 1.001986 0.988670 0.998238 1.003033 0.999284 1.006156 1.001324 1.004393 0.995689 1.005872 1.009385 1.001104 1.000233 1.012522 0.997746 1.000943 0.995010 1.005543 0.991489 1.001574 0.994798 1.002014 1.007250 1.004302 0.992732 1.002654 0.992627 0.999849 1.005402 1.005907 1.000760 1.002553 0.993990 0.996922 0.999208 0.999771 1.003214 1.001022 0.999127 1.006428 1.002251 0.998591 0.992118 0.994520 0.993385 0.994598 0.996033 0.998708 0.990886 0.990982 0.994623 0.999562 0.998681 1.002016 0.994105 0.996648 1.006111 1.006865 0.996061 0.996255 0.997424 1.001800 1.004039 0.997465 1.004291 1.001736 1.000823 0.998692 1.000702 0.997540 1.002697 1.000717 0.995625 0.991074 0.999772 0.999375 1.003175 0.994780 0.991808 0.992212 0.993720 1.001080 0.994563 0.996362 1.009232 0.992901 1.001383 0.993791 0.999595 1.004089 1.002805 1.004880 1.002275 1.000346 0.994524 0.991628 0.999883 1.002156 1.001895 1.002716 1.007285 0.993901 1.000986 0.998338 0.994191 1.001576 0.989106 0.990909 1.003569 0.999306 1.006411 0.998921 0.996633 1.000117 0.992045 0.995222 1.004049 1.009556 1.001646 0.986550 1.003209 1.002955 0.996189 1.008042 1.001102 0.998150 0.998826 1.013846 1.002333 1.003350 1.003798 1.001675 1.005154 0.996622 0.997234 1.004478 0.998090 1.006953 0.997977 1.004640 1.001375 1.003704 0.992600 1.007400 1.010122 1.011010 0.998633 1.003945 0.999123 1.006870 0.996848 0.998063 0.999539 1.000333 1.002292 1.006457 1.007888 0.996179 0.999696 0.991730 0.996226 0.996195 0.993651 0.992605 1.004421 1.005934 1.009243 0.984639 0.993979 0.999479 0.997290 0.995441 1.002126
1.000201 1.001320 1.003485 0.993666 1.000694 0.997227 0.995013 0.996474 0.988749 1.005941 0.992646 0.991087 0.991026 0.997534 0.996614 0.986273 1.006912 1.009420 0.997554 1.006327 0.993611 0.990271 0.997765 0.999934 0.991197 0.998513 0.999462 1.000336 0.996294 0.998774 1.005643 0.998946 1.006636 1.001102 0.997392 0.994038 1.005777 0.996318 1.002619 1.002654 0.998829 1.000457 0.997877 0.999708 0.999750 1.011209 1.004693 1.001035 1.002922 0.995809 0.995042 0.999201 1.007947 1.007310 0.999002 1.003613 1.003533 1.002187 1.017307 0.999947 0.991526 0.992467 1.000490 0.985035 0.995784 0.993676 0.989745 1.006352 0.989590 0.985620 0.990688 0.994262 0.998082 0.998064 1.001784 0.992605 0.994674 0.999449 0.997944 0.997126 0.991571 0.999776 1.013120 1.010288 1.004964 0.996095 0.992902 0.984788 1.010020 1.000815 0.999721 0.995587 0.994580 1.006473 1.012535 1.008096 0.994804 0.996231 1.002331 1.002506 1.001012 1.009382 0.992165 0.997160 1.000147 0.997295 1.004406 1.008660 1.000430 1.002933 0.994618 0.997365 0.995195 1.008029 1.007023 0.993124 0.996679 1.006905 0.991886 1.002078 0.999480 0.997065 1.002905 0.994668 0.999682 0.991769 1.004238 1.000027 0.992097 0.992998 1.008555 0.996272 1.005710 1.002813 0.998815 1.003472 0.997758 0.998922 1.000079 1.002392 1.001539 1.006056 0.998641 0.994819 0.998104 0.994593 0.992186 0.990378 0.998485 1.000993 0.985786 1.008775 1.001211 0.997841 0.994512 0.997041 0.998775 0.997557 0.999612 0.996906 1.004885 0.995116 1.007874 0.995944 1.000430 0.998356 0.990958 0.999982 0.991266 0.993540 1.002073 1.000666 0.997896 1.005006 0.993741 0.999511 1.000813 0.993403 0.999707 0.998329 0.999876 1.007725 1.004801 1.003776 0.992260 0.996125 0.999458 1.002447 0.988646 0.994628
1.006432 1.009062 1.012596 0.990644 1.003812 0.993460 1.002449 0.987486 1.002577 1.004242 0.994785 0.995000 0.998371 1.006319 0.997992 1.000147 1.005528 0.994761 0.993611 0.997356 0.997047 0.996019 0.988759 0.996364 0.992780 0.997721 1.003959 1.004774 0.993549 1.007756 0.996727 0.997278 1.008327 1.008186 1.007344 1.005102 1.003395 1.000770 1.005483 0.987424 0.995331 1.008237 0.996202 1.005499 1.002927 1.007284 1.012307 1.009512 0.989424 0.998995 0.999182 0.996618 0.988828 1.000224 0.985438 1.014935 0.998035 1.003319 1.004256 0.995634 0.987781 0.994466 0.994900 1.002792 0.993160 1.004247 1.003040 1.003185 1.000190 0.996840 0.996816 0.992039 0.990773 0.997642 1.001995 0.997800 1.008490 0.993326 1.002284 0.998822 1.003012 1.002133 1.012670 1.001106 0.994236 0.989891 1.004970 1.001561 0.999722 0.998980 0.995205 1.002777 1.003819 1.004759 0.996129 1.001141 0.981603 0.987961 0.995933 0.992461 1.000397 1.001827 0.999838 1.002842 1.006022 0.999785 0.999766 1.008009 1.000376 1.005630 0.999223 1.000340 0.988698 0.995486 1.005078 0.997446 0.993750 0.981023 0.998822 0.995149 1.008956 1.005553 0.998557 0.994289 1.006343 1.006760 0.998511 0.995671 1.004469 0.993704 0.993078 1.011886 1.006234 0.993328 1.000905 0.988470 0.996852 1.007903 1.008370 0.992195 0.987044 1.002186 0.999491 1.005054 1.009805 0.990047 0.999581 1.000185 1.002373 0.996734 0.990332 1.000397 0.999705 1.003073 0.997360 1.000696 0.999812 0.997613 1.003240 0.992493 1.004036 0.995671 0.987196 0.992480 0.999173 0.999738 0.999386 1.001445 1.002102 1.000735 0.988704 0.987901 0.996982 0.992784 0.998247 0.998481 1.005853 1.000590 0.996085 1.004734 1.008937 1.001277 0.995791 0.990718 1.000409 0.999028 1.003545 1.000980 1.010119 1.000270
0.991307 0.993387 0.999337 1.006535 0.998391 0.996970 0.993897 0.989389 0.998698 1.008319 0.994592 0.998114 0.997561 1.004792 1.003367 1.004682 1.001828 0.994368 1.000896 0.991400 0.993473 0.998013 0.996633 0.995538 0.997594 1.002158 1.003631 1.000877 0.989435 0.990259 0.976955 1.000218 0.996929 0.995620 0.998649 0.999857 0.999684 1.000416 0.999053 0.996786 0.988734 0.995664 0.996923 1.000928 1.003337 1.005390 0.995212 0.999856 0.990696 0.999200 1.005282 0.988033 1.000709 0.993516 1.001795 1.002421 1.001868 1.004214 0.993455 1.000101 0.989583 1.004715 1.000317 1.010461 1.000124 1.007129 1.004106 1.007446 1.006545 0.993542 1.001613 0.997214 0.997615 1.003772 1.006786 1.003245 0.995866 0.982177 0.991666 0.994214 1.006736 1.009196 0.991773 0.996930 1.012818 1.003036 0.995307 1.001461 0.992562 1.001590 0.997819 0.999893 1.003721 0.986148 1.004385 1.004624 0.987904 0.997228 0.990930 0.998200 0.993613 0.997449 0.993017 1.002746 1.008070 1.002795 1.004229 1.001123 0.996685 0.990483 0.996270 1.005197 1.004563 0.988039 0.992758 0.988675 0.994825 0.993127 1.004397 0.997002 0.995743 1.002344 0.995658 0.999304 1.007932 1.006373 0.994578 0.995010 0.995273 1.001333 1.001278 1.011669 1.007587 1.001015 1.001035 1.016916 1.004963 0.993169 0.994785 0.997301 0.997120 1.006651 1.019874 0.996340 1.004427 0.993211 0.986266 1.004872 1.000461 1.003122 0.993836 0.998302 0.994920 0.994556 1.001778 0.999720 1.006872 1.001223 0.994154 0.994482 1.004601 1.005354 0.996257 1.000637 0.998334 1.000718 1.008517 1.002866 0.994978 1.010259 0.996086 1.013231 0.998261 0.999243 0.995615 1.000876 0.995189 0.994556 1.005933 1.005082 1.002829 0.998039 0.997279 1.003065 1.003300 1.004170 0.993388 0.997114 1.008381 0.997658
0.998806 0.998663 0.996255 1.001988 1.013397 1.005045 1.003461 0.996611 0.994062 1.004886 1.005599 1.007035 1.003746 1.002186 0.997539 1.003503 1.000509 1.002079 1.004643 0.992057 0.990156 0.990758 1.000233 1.009089 0.999927 1.010631 0.997601 0.999934 0.998370 0.989493 0.993352 1.004628 1.003943 0.991220 1.001676 0.988914 0.999684 1.001467 1.006159 0.996414 0.988796 0.993695 0.994897 0.997262 0.996103 0.992385 1.000093 1.001567 0.991370 1.001053 0.995048 1.005261 1.000720 1.001011 0.994800 1.002198 0.991624 1.004389 0.993849 0.999902 0.998278 1.000076 0.996095 0.996368 1.005519 0.994681 0.993067 0.997937 0.994811 1.002617 0.994954 0.995425 0.992185 0.999405 1.003327 1.001136 0.993289 0.987661 1.004493 1.007193 1.008414 0.999444 1.001827 1.000003 0.996910 1.002131 1.004699 0.994464 1.006312 1.005554 0.998492 1.003055 1.014684 1.003203 1.002249 0.998662 0.988261 0.989672 1.006871 0.999636 0.996779 0.992464 0.999682 0.999715 1.005922 0.993938 0.994588 0.996822 1.001444 1.003048 0.995171 1.006138 1.000667 1.002683 1.007935 0.998875 0.990814 0.999103 0.993889 0.996801 1.008682 1.008907 1.004214 0.999331 1.004156 0.998308 0.999572 1.006311 1.003186 1.000149 1.001769 0.996633 1.000156 0.994790 1.004853 1.010832 1.007232 0.992982 0.999593 1.004488 1.006608 1.006563 1.018112 1.004865 0.996493 0.997863 0.994921 0.997583 0.993402 0.994185 0.999281 0.996302 1.002904 1.011358 0.998672 0.992777 0.993445 1.003108 1.010178 1.004138 1.002376 0.996364 1.002584 1.009892 1.006908 0.987045 0.997200 0.998809 1.004578 1.008292 1.004405 1.002075 1.001177 0.997695 1.001769 0.994902 0.991537 0.994133 1.006823 1.007613 0.999243 0.994737 0.999495 0.984872 0.997517 0.994501 0.997101 0.992189 1.004210 1.005185
1.007697 0.999086 0.998916 0.999378 1.012100 1.000239 1.002112 0.998587 0.991823 1.008350 1.002070 1.006944 1.002883 1.006216 1.000707 0.998627 1.003925 1.007396 0.997598 0.996044 1.005842 0.999795 0.998783 1.007478 1.005511 0.998305 0.995799 0.995927 0.985298 0.990460 1.013934 1.003497 1.004382 1.003795 1.001587 1.006378 0.999479 1.001405 0.992450 1.003488 0.989794 0.996914 0.991332 1.006108 1.003280 1.008162 1.000063 1.006795 0.995474 1.009961 0.996679 0.999209 1.000779 0.996301 0.997553 0.996714 1.001486 1.002097 0.997937 0.992678 1.000855 1.007164 0.996392 0.995504 1.005079 0.996322 1.008133 1.011891 0.999131 0.996441 0.993964 0.991185 0.999716 0.992568 0.994549 0.999207 0.999085 0.999727 0.997690 0.992916 0.995889 0.988905 1.001970 1.003144 0.992134 1.003710 1.003715 0.999828 0.998149 1.000496 1.001367 1.003695 0.997588 1.004383 0.992284 1.004972 0.990473 0.995663 1.002289 0.999858 0.999115 1.007986 1.003744 1.000152 1.003748 1.000765 1.004437 0.994879 1.002147 1.000544 1.000536 1.009262 1.008411 1.008496 1.000292 1.005536 0.996916 0.996557 0.986956 0.987688 1.004399 0.990383 0.990273 0.996768 1.001832 1.002898 0.992576 1.001779 1.005057 1.003186 0.997930 1.000114 1.003574 0.994313 1.004366 1.008541 1.006108 0.994361 1.003824 0.999947 0.992595 0.999144 0.993026 1.006508 0.996283 1.009888 1.002256 1.004843 0.994491 0.998701 1.002683 0.998485 0.993690 0.995839 0.994402 1.004733 1.008650 0.999641 1.012531 0.996469 1.002067 1.000183 0.996039 0.998826 0.996716 0.989681 1.000828 1.007756 1.002053 1.005420 1.002595 0.998249 0.995354 0.989115 0.997014 0.998830 0.999049 0.999259 1.005952 0.998152 0.996855 1.010194 1.008190 1.001708 0.999600 1.002689 1.007780 1.003945 1.005404 0.996318
0.996973 1.000660 0.994109 1.000581 1.005085 0.997346 1.012291 1.000805 0.999094 0.992748 0.995347 1.000072 1.004996 0.994515 1.000186 0.997874 1.000694 0.996615 1.000467 0.997010 1.003389 1.007147 1.011980 1.006310 0.998551 0.993865 0.997224 0.995148 1.000283 1.011976 1.003503 0.995000 1.007809 1.008168 0.991861 0.992808 0.995365 0.999784 1.008746 1.005319 0.993799 1.008689 1.013832 1.011994 0.996844 1.000047 1.000036 0.997047 0.996980 0.998082 0.997458 1.015220 1.013249 1.004569 1.008945 1.009909 1.005689 0.995839 1.002468 0.988191 1.003868 1.005387 0.998325 0.993951 0.994316 1.002029 0.998462 1.004167 1.007250 0.994997 0.989886 0.993819 1.001061 0.988660 0.996433 0.998734 1.010223 1.010501 1.006016 0.994086 0.993872 0.994167 1.006714 1.003308 1.011239 0.998606 1.001576 0.996880 1.002696 0.999718 1.000435 0.997454 0.989766 0.994820 0.990699 1.001034 0.997133 0.999324 0.995152 1.005712 0.999972 1.004791 1.002677 1.002688 0.987970 0.982540 0.992302 0.993687 0.992488 1.001631 1.003310 1.010240 1.015860 1.006531 0.999261 0.990593 0.998963 0.999057 0.992882 0.993725 1.004202 0.990762 1.010108 1.000457 0.997657 0.997781 0.993151 0.990393 1.007822 1.004255 0.999843 1.005707 1.014147 1.003961 1.005275 1.004155 1.008789 0.992109 0.991262 1.010773 1.005499 1.000399 1.005381 0.995469 0.995429 1.002831 0.994938 1.003033 0.989960 0.995990 1.010840 0.998915 0.999171 1.000314 0.999430 1.001928 1.004237 1.006532 1.003922 0.995219 1.001424 0.993511 0.994960 0.992271 0.990851 1.001590 1.003861 1.003816 1.000793 0.994658 1.005281 1.001799 0.990752 0.996534 1.004737 1.002807 1.001776 1.001390 0.998620 0.996597 1.005778 0.993225 1.006142 1.004807 1.000321 1.006459 1.002318 1.010583 1.000844 1.001203
0.995102 0.999988 0.986680 0.993963 0.997850 0.996290 0.997580 1.008055 1.002514 1.003465 1.000302 0.991857 1.005522 1.002916 0.995719 0.999605 1.002342 0.996656 1.003314 1.003909 0.998530 1.001835 1.014557 1.000323 0.993745 1.003251 0.997775 0.998358 1.004295 0.996732 1.003291 0.996247 1.002962 0.998993 0.999927 1.000970 1.001334 0.988597 1.007357 1.005775 1.000096 0.999000 1.006515 1.004351 1.011751 1.006031 0.997911 0.992675 0.995626 1.004105 0.990555 0.990066 0.999064 0.993987 0.997267 1.011803 1.001733 0.996859 0.995243 1.009364 1.006659 1.001163 1.001541 1.004846 1.001745 0.997981 0.997600 0.992420 0.997697 0.997946 1.001894 1.009474 1.001461 0.999095 0.997055 1.007488 1.002950 1.007609 1.001523 1.004829 0.998757 1.003988 1.000983 0.997987 0.996874 1.006206 0.991043 0.995439 0.993346 0.995005 0.995948 0.996797 0.985312 0.994282 0.993785 1.006700 0.999283 0.994799 0.999945 0.999956 1.002674 1.003453 0.997398 1.000022 1.007303 1.004082 0.997340 0.998625 1.001789 0.995568 0.997194 0.997263 1.005567 1.000994 1.004852 1.002535 0.999890 1.003178 1.010748 1.008279 1.002867 0.995621 1.001890 0.999838 1.001785 1.007030 1.007958 0.996894 1.001237 1.006080 0.997375 1.001973 0.996851 1.005762 1.009806 0.993386 1.006324 1.003574 1.000240 1.006520 1.006582 1.008253 0.990319 0.997805 1.000181 1.008033 0.992945 1.011131 1.002884 1.004812 1.008303 1.002046 1.001991 1.006063 1.005611 0.998825 1.002690 0.994158 0.997251 1.000120 1.001052 0.999940 1.000891 0.994979 0.993582 0.995441 0.997722 0.996982 1.002299 1.004650 1.009018 0.993354 0.997983 1.006412 0.992769 0.995333 0.998960 0.993872 0.998443 0.996452 1.007991 1.003365 0.994953 1.005415 1.003254 0.997620 0.999397 1.013186 1.003647 1.003702
0.997275 1.001745 1.002047 0.993604 1.008954 0.993396 1.002697 1.011977 1.002656 0.996121 0.995459 0.991451 0.994455 0.994206 1.000146 0.991905 1.014611 1.003696 1.008053 0.996828 0.998321 0.997713 1.001236 1.007364 0.992191 0.998037 1.006742 1.001543 1.001720 0.990365 0.992185 0.998474 0.995742 0.994257 0.989187 1.008689 0.998942 0.993434 0.998132 1.002817 1.013776 0.999051 1.005530 0.996654 0.997104 0.996947 0.992500 1.001482 0.999592 1.003449 0.995339 0.993859 0.993815 1.005346 1.003644 1.008288 0.992120 0.996621 0.998564 0.993200 1.010975 0.998210 1.003617 1.001890 1.001938 0.996593 0.996368 1.000445 0.992957 1.000389 1.001471 1.004311 1.002663 0.998229 1.002304 1.000202 0.998463 1.000492 0.989057 0.993585 0.998022 1.000713 0.998528 1.002241 0.991821 1.008948 1.008182 0.993149 0.995501 0.992400 0.992350 1.007326 1.007932 1.004859 0.989025 1.011732 0.998285 0.987146 0.982442 0.984067 0.996117 0.995059 1.001770 1.002139 0.995905 0.988554 0.998535 1.003878 1.005048 1.003215 1.001483 0.995822 0.996163 0.998700 1.001319 1.009663 1.001032 1.012041 1.000171 0.993349 1.000954 0.997535 1.006474 1.008694 1.001879 0.999649 0.999468 0.999979 1.006322 0.998600 0.998439 1.011222 1.004149 0.999976 1.007783 1.005032 0.998518 1.002104 0.991378 1.009487 1.006801 0.997274 1.003357 0.997903 1.006160 1.008040 1.004137 1.004069 0.999554 1.008339 0.994903 0.997841 0.999911 0.994247 0.996973 0.995579 0.999096 0.994228 0.999357 0.995145 0.991508 0.996103 0.993745 0.989149 0.997639 1.001357 0.995921 1.000039 0.988467 1.004708 1.008506 1.003359 0.999210 0.998984 0.996140 1.000595 1.005212 1.002902 0.997307 0.996814 0.995879 0.999614 0.995482 1.010189 1.005337 1.008458 1.010420 1.001014 0.998608 0.996945
1.005203 1.006874 0.999935 1.005562 1.001023 0.991509 1.003851 0.999747 0.994489 0.992593 1.000992 1.012335 1.004799 0.993473 1.011957 1.000523 0.995502 0.997871 1.005571 1.007200 1.001646 1.012416 0.997922 1.004108 0.997548 0.995183 1.009512 1.013019 1.002894 0.996225 1.010412 1.003159 0.998515 1.004430 0.999167 1.002055 1.004308 0.995041 0.989166 1.003470 0.999069 1.003409 0.990679 1.004574 1.010277 0.995699 0.987617 0.991161 0.991129 0.999173 1.000118 0.998062 1.001494 1.001013 0.999499 1.001689 1.001078 0.986281 1.003140 0.999984 0.991914 0.995230 0.999728 1.005318 1.001008 1.011044 0.999118 0.999951 0.999241 0.995566 0.998632 1.004612 1.002235 1.002761 0.997747 1.000771 0.986093 0.993515 0.994456 0.996739 0.997505 0.989726 0.995489 0.998849 1.002644 0.999170 0.998658 0.994009 0.996287 1.001279 0.994730 1.002349 1.001983 0.996664 0.998971 1.006729 0.994896 0.997252 1.006799 0.999866 1.000935 0.994012 0.999169 1.012541 0.987663 0.993207 0.991881 1.002671 1.001947 0.993059 1.003406 1.000086 1.000276 1.002106 0.999039 1.000960 1.004682 0.998309 1.011864 1.001997 1.000876 0.994289 0.998231 1.000620 0.998181 1.001646 0.998470 0.998624 1.002401 1.000361 0.999898 1.006609 1.005138 1.008704 1.000035 1.001075 1.001989 0.996489 0.998337 1.007423 0.995734 1.003100 1.001436 0.995836 1.002653 1.006272 1.000135 0.992422 0.998494 0.996287 0.994546 0.998378 1.002870 1.004224 1.001712 0.999112 1.000600 0.999068 0.998049 1.004322 0.994227 0.998064 0.997950 0.996574 1.000063 0.997010 0.997733 0.998378 0.991315 1.000580 1.009257 1.012609 1.006352 1.005642 0.998406 0.994020 1.002072 1.001019 1.001289 1.002264 0.993150 1.007013 1.011137 0.994400 1.009512 0.999863 1.000654 0.991868 0.989756 0.997005
1.006918 0.995687 0.994254 0.995803 0.997114 0.998286 1.000413 1.006589 1.006246 0.996065 1.008669 0.989502 1.007100 1.004459 1.008027 0.999350 0.999666 1.002738 1.006088 1.002827 0.994802 0.993705 1.001226 1.001115 1.008910 0.998656 1.003218 0.996922 0.992123 0.986976 0.997224 1.000667 0.999737 0.990190 0.993161 0.987836 1.006179 0.986123 0.997683 0.997959 1.004149 0.990515 0.998827 1.001273 0.987537 0.990108 0.994980 0.993976 1.003597 1.001995 0.994554 0.996471 0.994708 0.997798 1.001087 0.996888 0.999456 1.002330 0.997617 1.003972 1.003006 1.007962 0.997031 1.008215 1.009394 1.002280 0.995284 1.005799 1.002836 1.012116 1.003669 1.001266 0.999927 0.996982 0.993786 1.003016 1.017911 1.000622 0.993216 0.997998 0.995309 0.991161 1.006976 1.004408 0.989971 1.003570 0.988172 1.004723 0.997747 0.995217 1.000825 1.014216 0.990341 0.995455 0.986439 1.000559 1.001418 0.992449 0.997286 1.002680 0.997345 0.996398 1.000578 0.997861 1.001276 0.993227 1.002031 1.001060 1.004028 0.999282 1.001002 0.989116 0.999076 1.003348 0.999574 0.994864 0.990740 1.001054 1.002425 1.008147 1.009606 1.004990 1.000176 1.000850 1.000506 0.996299 0.990760 0.982454 0.998994 0.993906 1.009645 0.994742 0.992432 0.999925 1.003606 1.006042 1.006087 0.989682 0.999043 1.004223 1.002224 1.005777 1.000321 0.992097 0.991964 0.993464 0.999335 0.996683 1.002133 1.002147 1.008328 1.005812 0.994980 0.992292 0.993272 0.990592 0.999373 1.001998 1.005057 0.991886 0.991688 0.990186 1.015582 0.995049 0.996946 1.004728 1.003585 1.003423 1.007015 1.004732 0.999246 0.996142 0.997764 0.999545 1.000927 0.992038 0.986293 0.992047 1.003046 0.997074 1.002676 0.999588 1.005268 0.994187 1.001914 0.992841 0.994576 1.002215 0.999270 0.992284
0.996267 1.002798 0.987383 0.992174 0.998459 1.002838 1.003493 0.993110 1.003878 1.002972 0.998815 0.985788 0.999469 1.001579 1.006199 1.009706 0.994795 0.999521 1.003386 1.003019 0.992670 0.995227 0.996547 1.008670 1.000247 1.013933 1.011790 1.003095 0.998577 0.994311 0.997101 0.988786 0.997700 1.001590 0.998728 1.010874 1.013417 0.992843 0.995424 0.994619 0.999801 0.994012 1.002107 0.996412 0.985682 0.989507 0.998408 1.004707 1.001856 0.995179 1.001621 1.007738 0.993071 0.996824 1.006215 0.996205 0.983693 0.993361 1.001958 0.998240 0.999517 1.003804 1.002340 0.999626 1.001395 0.999533 0.992684 0.999327 0.997542 0.997840 1.000285 0.994649 1.003005 1.001784 1.004973 1.001730 1.007793 0.995746 1.002147 1.007264 0.996345 0.995186 0.995066 1.004319 1.002428 1.009106 0.994549 1.000479 1.003300 0.997448 0.991072 1.001381 1.003342 1.011237 0.991946 1.001872 1.008558 1.005057 1.007755 1.006970 1.004710 0.999208 1.005196 1.001400 1.011916 1.001220 0.998199 1.009262 1.006340 1.008995 1.007044 1.008883 0.996634 0.993237 0.997116 1.005316 1.002599 0.996768 1.001717 0.996421 1.001432 0.997399 0.993287 1.004012 1.009766 0.999740 0.998228 0.996865 0.996788 1.003164 1.001588 0.992267 1.002324 1.003861 1.000470 0.988259 0.989378 1.003611 1.000173 0.988423 0.992524 0.999386 0.999287 0.989660 1.000173 0.996386 1.001787 1.003780 1.000609 1.000035 0.998567 1.001548 1.001583 0.995144 0.998578 1.001510 0.996615 1.004526 1.011123 1.001558 0.989104 0.994186 1.005671 0.999105 0.996285 0.995110 0.999961 0.997296 1.002721 0.995892 0.994715 0.996173 0.988743 0.999243 0.996714 0.995169 1.011184 1.001259 1.008220 0.999268 1.005450 0.996110 0.990530 0.996708 0.998861 0.991695 0.997603 0.999122 1.000116 0.991946
0.992118 1.007103 0.995190 0.998297 0.999575 0.996842 1.004386 0.994517 0.993727 0.999324 0.997914 1.001703 1.007907 0.995534 1.002848 1.011692 0.994153 1.006847 0.998693 1.000247 1.003615 1.015308 1.009562 0.998840 0.994493 1.004561 1.007132 1.000629 0.997192 0.989287 0.991701 0.998064 1.005275 1.000021 1.001247 1.010756 0.993980 0.990089 0.997696 0.999888 0.993995 1.002187 0.999882 0.994500 0.985306 0.996750 0.995022 1.006036 1.007516 0.994508 0.991906 0.998128 1.007030 0.999626 0.997897 1.002084 0.996114 0.998958 0.992784 0.989210 0.996463 1.000039 0.994995 0.997001 1.007592 0.999901 1.002228 0.996964 0.993310 0.992941 1.000435 0.993821 0.995096 0.999052 1.002924 0.993124 0.994621 0.991727 1.008149 0.994827 0.993142 0.993668 1.004831 1.013764 1.005302 1.004599 0.997983 1.003969 1.007831 1.008458 0.993123 1.004618 1.012004 1.014403 0.995564 0.995531 0.997770 0.996722 0.997651 0.994820 1.002036 1.003213 1.005223 0.996342 0.999510 1.005857 1.003354 1.009865 1.002444 1.007304 0.994113 1.007470 1.002691 0.995838 0.991984 1.001005 0.992079 0.990746 1.000471 1.009835 1.007012 0.998947 0.991223 0.999264 1.010444 1.007293 1.001983 1.000384 0.998431 0.995841 1.002598 0.999299 0.999343 1.007058 0.997116 0.997292 0.995714 0.998885 1.010902 0.994410 0.999399 0.997240 0.998879 0.998712 0.994846 0.995970 0.999457 0.997309 1.007817 1.004040 1.005671 0.996432 0.997542 1.004947 1.011351 1.000601 1.001163 1.007767 0.990653 1.007066 0.997390 0.990071 0.983889 1.008452 1.003596 1.006942 0.998449 0.989119 0.997569 0.998075 0.991021 1.003815 0.996114 1.001318 0.995881 0.995488 0.996667 1.004011 0.998653 0.984406 0.997355 1.000236 0.996468 1.010197 0.997366 1.001074 1.002526 1.005985 1.005291 1.005647
1.001034 0.989879 1.003117 0.999354 1.001983 1.004979 1.004728 1.004955 1.001189 0.991634 0.999335 1.003633 1.009566 0.994858 1.005305 0.991424 1.005452 1.005461 1.001661 0.998852 0.995650 0.999790 1.003633 0.991747 0.999289 1.009054 1.005445 0.996188 1.000759 0.997426 0.988185 0.991756 0.995906 1.001158 1.003378 1.006938 0.997914 1.002297 1.008317 1.003928 0.994827 0.996569 0.995067 1.006680 1.001849 0.999280 0.990685 0.984906 0.996695 0.993408 1.000691 1.004841 0.996111 1.002824 0.998682 1.004664 0.993579 1.002188 0.989972 0.997808 0.994898 0.992563 1.001397 1.003444 0.998763 1.005249 0.995788 1.003441 0.994107 0.988912 0.994405 0.996614 0.996192 0.993383 0.996840 1.003346 0.993883 0.994278 1.006684 1.007997 0.996442 0.986414 1.002337 1.007790 1.001125 1.003260 0.993882 0.999653 0.989188 1.003652 0.994279 1.000266 1.001110 0.999229 0.995171 0.993471 0.993486 0.991503 1.002117 1.013803 1.002714 1.007329 1.008851 0.997222 0.994666 1.003674 1.001219 1.012329 1.002632 1.002097 0.994992 1.003310 1.001497 0.996950 0.989673 0.992155 0.997323 1.000127 0.997732 1.014694 1.004983 0.996372 0.999873 0.999008 0.990796 0.998198 1.000140 0.994355 1.002707 0.990705 0.998824 1.003340 1.001042 0.996649 1.003388 0.990743 0.996934 0.996827 0.998220 1.001672 1.006295 1.005841 1.005019 0.996640 0.989630 0.991558 1.003994 1.005002 1.006335 1.005403 1.007554 1.007730 0.989788 1.003369 1.002732 1.007038 1.010752 1.001301 0.997624 1.009393 1.004246 0.990295 0.998071 1.002681 1.006025 1.006242 0.993338 1.002618 1.006567 1.002473 1.005716 1.003502 1.003426 1.000276 1.001070 1.007470 0.994445 1.004884 0.987573 0.995806 1.001409 1.001671 1.005149 1.003241 0.992133 0.992924 0.991724 0.995157 1.009036 1.005214
1.002738 1.007253 1.007246 1.014715 1.009977 1.006005 1.008228 0.996353 0.993096 1.002245 0.997873 0.999524 0.997909 0.999292 1.001361 1.003092 1.003266 1.006764 0.996958 0.997812 1.006030 1.006785 1.003585 0.986672 1.000340 1.006218 0.997793 0.994514 0.996459 1.002210 0.991606 0.993741 0.996505 1.000018 1.002278 1.000140 1.001667 1.002972 1.000549 0.998786 1.001407 1.001195 1.007369 1.000405 1.006566 0.996524 0.995340 1.003192 0.994787 0.993021 0.998067 0.998680 0.997953 1.010045 0.996959 0.996777 0.994067 0.994450 0.993691 1.014377 0.999180 1.006003 0.996843 1.007119 0.993989 0.998382 1.003274 1.002135 1.004952 1.005670 0.999804 1.008030 1.003557 0.996348 1.001317 0.998556 1.002379 0.995604 1.006056 1.003227 1.003018 1.004455 1.005332 0.996026 1.005159 0.995311 0.999096 0.991232 1.005213 1.007233 0.993173 0.997379 1.002023 0.987820 1.001266 0.994055 0.990785 0.999294 0.993166 0.997878 1.005873 1.001452 1.005775 1.002230 0.997813 0.999935 0.999202 1.004855 1.006041 0.995215 0.992253 1.003175 1.005841 0.994220 0.995786 0.993407 0.996269 1.003081 0.991231 0.996564 1.004395 1.008156 1.008702 1.005544 1.001202 1.003019 0.994875 0.990967 1.009071 1.021267 0.990567 1.005579 1.012284 1.001157 0.995129 0.996019 0.995119 1.004455 0.993026 1.003476 1.008084 0.999275 1.000608 0.997187 1.004223 1.006449 1.001116 1.004279 1.000905 0.999497 0.993630 1.001428 1.005560 1.005694 1.002562 0.999033 1.004928 0.997612 1.003107 0.997598 1.009707 1.004743 1.007059 1.013420 1.013543 1.003351 0.996068 0.994080 1.002102 1.006219 1.003993 1.003520 1.003247 0.997887 0.997919 0.999923 1.003632 1.005520 0.998240 1.003176 1.002906 1.004471 1.001913 1.005713 1.002589 1.008927 0.997680 1.002071 0.999398 1.007516
0.992113 0.993455 1.001475 0.997924 0.998008 1.006963 1.003520 1.000377 0.997626 1.001459 1.008013 1.001995 0.994401 1.005345 1.007323 0.999448 1.001447 1.005547 0.997330 0.998672 0.991460 1.003432 1.005803 1.009727 1.005534 1.002409 0.999768 0.994345 0.989137 1.006799 0.989211 0.993759 0.991195 0.998568 1.002478 0.997859 1.001556 1.004458 0.999474 1.002997 1.011846 1.003856 1.000795 1.004993 1.000301 0.997923 0.998133 1.000968 1.002472 1.004520 1.004761 0.999153 0.999235 1.003710 1.008640 0.995783 0.990399 1.005690 1.004521 0.987004 0.993562 0.992885 0.993056 1.003154 0.998624 1.003938 0.998634 0.988197 0.995198 1.005480 1.004641 0.998242 0.990745 1.003720 1.000420 1.001167 0.999903 0.999092 0.996485 0.999264 0.999255 1.006296 1.015193 1.013314 1.009199 1.011059 1.001137 1.007562 1.001892 0.999674 0.987136 0.988094 0.999867 0.993814 1.000216 1.002015 1.002077 0.999680 0.998618 0.997409 1.003477 1.005107 0.998594 0.998091 0.996650 1.000736 1.000207 0.994209 0.997924 0.999171 0.991126 0.998425 1.000247 0.996754 1.004544 0.994281 0.991175 0.997050 1.000327 1.001060 0.997143 1.000203 0.993460 1.003548 0.997898 0.996030 0.993856 1.003189 1.002741 1.009263 0.998025 0.996290 0.993263 0.993408 0.993649 1.007162 0.997878 1.002293 0.996369 1.007539 0.997843 1.005311 1.003138 1.006346 1.015002 1.003762 0.996052 1.001731 1.005892 0.989316 1.000877 0.993185 1.011325 1.004014 1.010449 1.002458 1.001141 1.004213 1.005072 0.990494 0.988839 0.996382 0.996211 1.012642 1.002250 1.012718 1.005551 0.997913 1.008655 1.005382 1.005132 1.009079 0.994793 0.992052 1.003925 1.007011 1.006465 0.995300 0.996599 0.995045 1.004440 1.002349 1.000377 0.984944 0.996148 1.007922 1.003220 0.997530 0.990469 0.998008
1.003590 0.992205 0.997744 1.003477 0.992678 0.997248 0.991765 0.999783 0.995999 0.992706 0.999909 0.995521 0.995350 0.999869 1.000637 1.009352 1.008733 1.002858 1.009654 0.999359 1.003593 1.004274 0.994722 0.999581 1.011160 1.012294 0.997292 1.003362 1.000147 1.013629 1.014570 1.000206 1.003981 1.006152 0.999987 1.007616 1.007303 1.000178 1.000552 0.993396 0.994362 1.005713 1.002082 0.995008 0.996814 0.997362 1.003983 1.006286 1.006572 0.999508 0.996885 1.006262 1.001194 1.007645 0.993772 0.990164 0.994459 1.001962 1.005992 1.003124 1.008048 1.006764 0.992844 1.002355 1.002453 1.005046 1.010700 1.001733 1.002265 0.998569 0.991607 0.999246 1.002883 1.002689 0.999747 1.000986 1.001587 1.006276 0.991768 0.990485 0.998266 1.008218 1.005150 1.002531 1.008701 1.007562 0.997776 1.000989 1.005274 1.004930 0.996060 1.003085 0.997647 0.988005 0.999065 1.001171 1.007012 1.001110 1.001197 0.993795 0.997615 1.001532 0.996792 1.008751 1.001306 1.007330 0.994143 0.999376 0.995725 1.000450 1.007361 1.003679 0.988816 1.003618 0.999563 0.994111 1.004610 0.995525 1.003073 0.990171 0.999782 1.000054 0.996756 1.008104 0.999348 1.001668 0.999592 1.001219 0.994922 0.994743 0.998729 0.999232 0.995498 1.000108 1.000457 0.999835 1.000012 1.000024 0.998091 1.007142 1.005069 1.009563 0.999513 0.994988 0.982561 0.998996 1.001593 1.003083 0.998754 0.987114 0.992343 0.998860 0.994487 1.003148 0.999690 1.001172 1.002225 1.005981 1.005480 1.004442 1.002495 0.999255 1.006488 1.002769 0.993482 0.999546 1.000092 0.999987 1.002327 0.997706 0.997028 1.005921 1.002188 1.002945 0.991013 1.008717 1.011351 0.988390 0.994527 0.999808 1.006855 0.996189 0.998331 0.998913 0.990759 1.005410 1.002782 0.994442 1.008626 1.006297
1.001925 1.007644 0.996918 0.996499 0.998362 0.990934 0.995862 0.996711 1.002473 1.001606 1.000058 1.003945 0.998125 1.008468 0.994086 1.000032 0.996339 0.999004 1.008436 0.994181 0.989700 1.003574 0.995589 0.995571 1.000918 0.999995 1.002375 0.996714 1.008770 1.005092 1.012354 1.006533 1.001499 0.998557 1.000659 1.013391 1.001275 0.995969 0.982648 0.998180 0.998643 0.994126 0.994645 0.989689 1.002199 1.003694 0.996874 0.998802 0.997870 1.000361 1.005291 0.992635 0.997020 0.996283 0.995510 1.001091 1.004978 0.997575 1.000690 0.998668 0.996263 1.000073 1.010380 1.002590 1.008209 1.001140 0.994331 0.994914 0.993490 0.999342 1.001891 1.002339 1.004829 1.004265 1.007884 0.997252 1.003112 0.995558 0.995594 0.996207 0.994648 1.005402 1.006363 0.998468 1.000044 0.993852 1.001282 1.000898 0.996788 0.994892 0.995907 1.003242 0.996424 0.990914 1.002587 1.007901 1.006906 0.999373 0.993817 1.001700 0.996999 0.998080 0.999540 1.012406 1.001560 0.995558 1.002116 0.995624 1.005227 0.996805 1.000340 0.999103 0.993912 0.997908 0.988173 0.996212 1.003627 0.999212 1.001349 1.002915 1.009084 1.000552 1.000624 0.988286 1.001905 1.007940 1.006150 0.991657 0.995128 1.001432 1.002608 1.001571 1.001042 0.999821 0.998125 0.992048 0.992048 1.003472 1.000041 1.013796 1.007994 1.007024 0.988808 1.006492 0.989363 0.997577 1.001927 0.999547 1.006840 0.997490 0.995570 1.000080 0.996464 1.003967 1.003967 0.998941 0.989893 1.005419 1.004239 1.005077 1.000062 0.993316 1.001394 1.002980 1.005228 1.006585 0.993582 1.003968 1.005776 1.005394 1.003723 1.000071 0.997226 1.002925 0.993935 1.003165 1.007541 0.996197 1.002028 1.002534 1.002013 1.002660 0.996995 1.006667 1.000691 0.995372 0.995678 0.995203 0.997292 0.994052
0.993795 1.012201 0.996379 1.005616 0.990733 0.997096 0.982442 1.006073 0.993386 0.985824 0.998249 1.006524 1.003494 1.000460 0.997010 1.001739 0.996558 0.996731 1.006072 1.000136 0.995612 1.018789 1.004390 0.996276 1.007077 0.999986 0.993218 1.008839 1.013527 1.001279 0.998357 0.995675 0.998274 0.991209 0.995915 0.996469 0.996589 0.996467 0.989411 1.002750 0.991218 0.999689 0.994047 0.995842 0.993129 1.000576 0.999050 0.999926 0.998234 0.997325 1.011458 0.999048 1.012649 0.998653 0.992666 0.995305 0.996144 1.000541 0.989485 0.999615 0.996413 1.000317 1.004313 0.998623 1.001073 0.999569 0.994235 0.990021 0.990564 1.000463 1.010776 1.007336 0.997955 1.004596 1.008868 1.004147 1.006396 0.994783 1.001138 0.991268 1.010142 0.996144 1.005574 0.992314 1.007205 1.004683 0.988356 0.995777 0.998555 1.000260 0.994905 0.995985 0.989207 0.997804 1.001132 1.001100 1.007806 1.005768 1.002275 0.990202 1.001315 0.996952 1.002713 1.003967 0.998885 1.002494 0.995093 0.998850 1.006750 0.999575 0.997969 1.005309 1.009584 0.999700 0.993070 1.002448 0.997522 0.999073 1.003019 1.004777 0.997041 1.001342 0.996006 0.998771 1.014293 1.002337 0.992062 0.988977 1.003348 1.003310 1.007641 0.995522 1.005532 1.006016 0.991139 0.992038 1.000158 0.998658 1.001424 1.010040 0.990857 1.004529 1.005278 0.995676 0.996272 1.002683 1.004993 1.004918 1.004730 1.000670 1.002049 1.001765 0.998112 0.992421 1.001075 0.996227 0.996366 1.002183 0.989122 1.007098 0.997264 0.999096 0.996208 0.999703 0.993770 0.995008 0.996922 0.996615 0.998133 1.000429 0.992005 0.992089 0.998837 1.007120 1.014244 1.007001 1.005092 1.002785 1.007751 0.991396 0.998248 1.004432 0.993695 0.991896 0.989717 1.005788 0.996236 1.005935 0.998874 0.993719
0.996057 1.005790 1.002857 0.997326 0.996724 1.004605 0.994831 0.995588 0.998010 0.993632 1.001856 0.994435 1.000092 0.999108 1.009819 1.013052 1.006670 1.003484 0.999006 1.008165 1.000003 1.013673 1.007345 0.999629 1.004341 0.991948 0.995983 0.987549 1.002098 1.001071 1.001771 1.008274 1.006807 1.008177 0.991045 0.983098 0.990890 0.997767 1.005616 1.008849 0.990349 1.010480 1.001985 0.996113 0.996036 1.005309 1.013376 0.998694 1.003884 1.000934 1.008888 1.002647 0.998330 0.993230 0.997385 0.991890 1.003903 0.992863 0.994220 1.002947 1.015472 0.987077 0.998295 1.000849 0.999297 0.999436 0.997422 0.986576 0.985168 1.002726 0.997457 0.996694 0.993819 0.995602 1.006598 1.002152 1.000360 0.998974 0.993571 1.002479 1.001654 1.009490 1.006040 0.994969 0.996562 0.999591 1.000356 1.002218 0.991102 0.995279 1.004735 0.999791 0.986622 0.998391 1.003636 0.996423 0.991349 0.994593 0.994428 0.999396 1.000773 0.995100 0.995329 0.998881 0.993979 1.005854 0.997216 0.992051 0.992335 0.999962 1.003064 1.003428 1.002582 0.998813 1.002053 1.007803 1.003161 1.004836 1.000402 0.997955 0.992702 0.998605 1.008197 1.001322 1.002270 1.003491 0.998375 1.002816 1.002660 0.998828 1.009811 0.999729 0.999961 1.000077 0.995226 1.001227 1.001125 0.995451 1.009096 1.009370 0.996161 0.991733 0.989680 0.998963 0.994852 1.008119 0.996876 0.989228 0.994882 0.995023 0.995436 1.001199 0.999901 1.000360 1.003395 1.004091 0.998103 1.002357 1.000833 0.999989 1.001742 1.009468 0.996104 1.000512 0.990977 1.003040 1.002933 0.989718 0.994930 0.997663 0.999040 0.996374 0.999821 1.008599 0.996696 1.002959 0.999206 1.004167 1.003743 0.994094 1.003605 0.999707 0.997765 1.003439 0.998860 0.992025 1.007896 0.995301 1.009972 0.991800
0.998992 0.997912 0.995338 1.001579 0.995758 0.999979 0.997029 1.009304 1.002159 0.998033 1.000037 1.007395 0.997880 1.000317 1.007951 1.006026 1.006058 1.005022 0.994832 0.996484 0.999988 1.009674 1.003122 1.002276 0.990438 1.007453 0.999028 1.006534 0.988342 0.996170 1.001435 1.001101 0.998124 0.994542 1.001156 0.992961 1.002159 0.992429 0.993473 1.003366 1.001352 0.993020 0.998287 1.000578 0.999642 1.002994 1.009640 1.009331 1.013138 1.003673 1.008680 1.005665 0.998706 1.001203 1.006252 1.001573 1.005295 0.999423 1.006632 0.996351 0.994649 0.988480 0.998140 1.007957 1.000403 0.988968 0.987180 0.992172 0.998564 0.996694 0.988516 1.001851 0.999481 1.005167 1.001969 0.997161 0.994858 1.000783 0.998029 1.003575 1.006419 1.000320 1.005553 1.004695 0.996028 0.997638 0.997988 1.003790 0.992077 1.004877 0.994610 1.005690 1.004235 0.999257 1.004320 1.004040 0.998623 1.008508 1.000043 1.001873 0.989965 0.991751 1.004316 0.996211 0.995099 1.000818 1.003177 0.993295 1.007225 0.997448 1.004969 1.005259 1.000830 0.998423 0.992270 1.000738 1.002894 0.996661 0.995375 1.008917 1.011196 1.000088 0.999459 0.990161 0.991758 0.996736 0.996129 1.007006 1.005180 1.001211 1.004986 1.006491 0.994069 1.003588 1.001220 1.003410 1.005532 0.996315 1.006147 0.996228 0.997844 0.996287 0.991873 0.983169 0.999366 1.002730 1.001368 0.989774 0.988797 0.988228 0.996093 1.004328 1.003299 0.992970 0.995541 1.001382 0.992708 0.993358 1.006037 1.001593 0.996837 1.009868 0.995127 0.995488 0.987523 0.999630 0.987049 0.985625 0.995653 1.002400 0.994501 0.999262 1.006395 1.003444 1.004078 0.992261 0.994991 1.002708 0.997268 0.998848 0.987649 0.987693 1.005570 1.004207 1.010230 0.994708 0.999624 0.992926 1.000765 0.989732
1.001385 1.003202 0.991815 1.004765 0.999054 1.012264 1.001430 1.006167 0.995984 0.998873 1.011823 1.010570 1.001138 1.004858 1.001881 0.995993 0.995411 1.001827 1.007457 0.997391 1.001246 0.991663 1.008015 1.019022 0.993359 0.992928 1.002713 0.997575 0.998994 0.990138 1.002521 0.997380 0.994702 0.998618 0.993863 0.997311 0.994590 0.992654 0.998088 1.002312 1.004428 0.999058 0.991702 0.996169 1.004408 1.000409 0.990041 0.995198 0.994001 0.993841 0.998680 0.991585 1.002598 1.002570 0.998510 0.995414 1.006244 1.006143 1.011771 0.994642 1.002443 1.002629 1.003850 0.999332 0.997519 0.997529 0.999956 1.010163 0.990129 1.002518 0.994441 0.990150 1.005647 0.995971 1.002095 0.998891 0.992785 1.010419 0.993095 0.997207 1.005594 0.991797 0.996496 0.997885 0.988831 0.996677 0.996456 1.007226 1.009871 1.009351 1.001303 0.994017 1.007894 0.993411 1.000437 0.993135 0.995110 0.997101 1.000712 1.002738 0.994381 0.984959 0.991495 1.002023 0.986972 1.002011 1.004524 0.997640 0.998477 0.996692 1.004981 1.000413 0.999893 0.998938 0.996449 0.995777 0.999589 1.000549 0.990437 1.004475 1.006011 1.004135 1.008587 0.999770 0.991677 0.991924 0.997570 0.995799 0.997656 1.000955 0.993575 1.000971 0.999918 0.999208 1.004920 1.007253 0.998704 1.001211 1.000259 0.998737 1.004917 0.993100 0.988176 0.993957 0.994088 1.004747 1.005631 0.994648 1.007075 1.005015 0.999619 1.003675 1.002178 1.001741 0.999147 1.002182 0.992687 1.002084 0.994797 1.004605 0.999377 1.001971 0.997651 0.994958 1.001711 0.996257 1.004477 0.989459 0.996748 0.989813 1.001250 1.007670 1.003463 1.008757 1.012003 0.999616 0.999887 0.987702 1.000777 1.002341 0.998059 1.005155 1.001594 0.995402 0.982771 0.986887 1.003469 0.996725 0.997848 1.001753
0.999852 1.010339 0.996174 1.004327 1.001316 0.998319 0.996068 0.998643 1.006293 1.019791 1.006527 1.010320 1.001239 1.004193 1.009638 1.003773 1.001778 1.003159 1.010629 0.997114 0.989557 0.993151 0.993639 0.997423 0.999513 0.993513 0.997973 1.000428 0.997775 0.997476 0.995622 1.010405 0.999642 0.996930 1.012845 0.995759 1.003076 1.000153 1.014233 0.998522 0.999249 1.002774 0.995312 0.988298 0.997202 0.996971 0.998219 0.992160 1.005665 1.007316 1.004671 1.011165 1.008695 0.996248 0.998421 1.003036 0.994559 0.992013 1.004000 0.999410 1.009374 1.002720 1.000119 0.987298 0.996903 0.986856 0.996487 0.993347 0.999523 1.004027 0.996253 1.002990 1.007790 1.011239 0.999543 0.992420 0.992838 0.995581 1.000193 1.001289 0.992337 0.986487 0.989016 0.991714 0.990157 0.997870 1.005799 1.006645 0.995756 1.002035 1.002050 0.995693 1.001267 1.002773 0.989899 0.997534 0.995500 0.993915 0.995386 1.000824 1.000056 0.998744 1.000078 0.998112 1.000640 1.006196 1.003444 1.005500 0.992236 0.996179 0.990883 0.988573 0.994037 0.999932 1.004748 0.998768 1.008006 1.006289 0.998362 0.995554 0.991766 0.994334 1.002304 1.008228 0.994956 0.998929 1.005198 1.000769 0.993663 1.004950 0.990893 1.001474 1.002496 0.999731 1.002174 1.002567 1.007780 1.008182 1.001853 0.995103 0.999613 0.986161 0.992994 0.999445 0.998010 0.998040 0.998466 1.005886 1.005626 0.992948 0.992176 0.995547 0.996777 0.998334 0.995659 1.008040 0.998792 0.995133 0.997507 1.004914 0.996559 0.998156 0.989156 1.006613 1.013210 0.993471 0.998905 1.004424 0.998168 0.992776 0.991601 0.995315 0.995523 0.998972 1.006917 0.984518 1.002237 1.009493 0.997804 1.002695 1.012598 1.001103 1.010723 1.001963 0.998119 0.991697 0.986893 0.995555 0.989311 1.002576
0.997778 1.003718 1.000184 1.005646 1.002257 1.006368 0.998501 0.994638 0.995102 1.000853 1.001121 1.008223 0.995283 0.996230 1.005451 1.002825 1.006661 1.007183 1.003274 1.003321 1.007945 0.996651 1.003046 1.009925 1.003009 0.990983 0.999024 1.003952 1.001860 0.993863 1.004285 0.994759 0.996773 0.997361 1.005968 1.002538 0.999182 0.999044 1.009088 1.001715 0.995058 1.007787 1.000587 1.001798 0.988019 0.987620 0.986631 0.995888 1.002132 0.996966 0.996481 0.991624 0.997048 0.995213 0.985715 1.000952 1.005052 0.994778 1.004133 0.996365 1.012391 0.999097 1.007042 0.986718 0.997798 1.006296 1.000054 0.996009 0.997300 0.993062 0.995027 1.007425 1.002979 1.005313 1.006284 1.001046 0.998085 0.996500 1.002058 1.005145 0.997758 0.996755 0.994647 0.994091 0.986945 1.001503 0.994573 1.001563 0.998375 1.003170 0.996383 1.006683 1.001536 1.007359 1.007875 0.999817 0.994986 0.991789 1.001895 0.998613 1.006484 0.991177 0.995837 0.989031 1.000639 1.002344 0.999903 0.999745 1.006678 1.000936 1.003661 1.008868 1.010564 1.002981 1.000157 1.006029 0.995665 0.997168 0.995977 0.997063 0.991973 0.991583 1.003999 0.999468 0.996060 1.003291 1.010453 0.996343 0.995404 0.992587 0.990048 0.997952 0.998472 1.003753 1.012942 0.998051 0.999156 1.008112 1.000124 0.993806 1.012421 1.003351 0.998501 0.994672 0.996592 1.006619 1.004231 0.999171 0.998397 1.001737 0.996540 1.001040 1.006206 1.016417 1.008955 0.993222 0.996737 0.996175 1.009039 1.014498 1.004796 1.006471 1.004479 0.994118 0.998072 0.999055 0.991895 0.999991 1.008665 0.992985 0.995665 1.002763 0.998569 1.000970 1.004821 0.999101 1.007930 1.010173 1.006738 1.008167 1.004214 0.996775 0.994998 1.006945 0.998488 0.989312 1.000801 0.992659 0.996079 1.005910
0.998313 0.994813 1.001891 1.004337 0.996176 0.991725 1.007515 1.007707 1.004568 1.002179 1.002565 0.996382 0.997139 0.996928 1.004668 0.994213 0.989885 0.999193 1.007018 0.998111 1.003466 0.987748 1.003087 0.996109 0.997447 1.003520 0.991497 0.998326 1.003050 1.011146 1.004218 0.998900 1.003909 0.990210 0.997006 0.992669 0.985557 0.993822 0.998306 1.000163 1.003938 1.008285 1.001039 0.995897 0.990426 1.003517 1.002288 0.995874 0.993317 0.999431 0.995874 1.003933 0.995338 1.004582 0.999232 0.991234 0.989737 0.994370 1.002359 0.992509 0.993394 1.005272 1.002281 0.992958 0.998317 1.001873 1.011884 1.010968 1.001734 0.992896 1.007854 0.994535 1.006541 0.997609 0.993824 1.003672 1.003712 1.002441 1.009927 1.008476 1.001252 0.987127 1.003828 0.997562 1.003381 0.993358 0.991922 0.996865 1.005671 0.996016 1.001953 1.007427 0.995531 0.993927 0.996950 0.995584 0.995079 0.996963 1.009212 0.993332 1.004956 0.999728 0.990213 1.001210 1.003041 0.993373 1.002019 0.998440 1.002224 0.997703 0.993017 0.993571 0.994210 1.004653 0.995310 0.999649 0.998107 0.998227 0.993848 1.005148 0.994048 1.002187 0.995977 1.003085 0.999721 1.002493 1.006905 0.996723 1.005226 1.007474 1.011420 0.995100 0.992539 1.010894 1.000422 0.989909 1.002849 1.011046 1.017043 1.008882 1.003141 1.001322 0.999436 0.998403 1.000707 0.992056 1.007429 1.004618 0.988335 0.997831 1.011970 1.003744 1.005885 0.998449 0.999995 1.002231 1.006556 0.996218 1.002812 1.008498 0.996276 1.007876 0.999461 0.992530 0.983637 0.994118 0.998784 1.003412 1.003079 1.000789 1.005603 1.008191 1.003956 0.999911 0.994803 1.002786 0.998492 1.004758 0.992288 0.999898 0.999992 1.004941 1.000049 1.004855 1.000912 1.008034 0.992668 1.005596 0.990328 0.997689
0.994008 0.979451 0.990807 1.003672 0.997183 1.006130 1.000354 1.007988 0.999915 0.995416 0.994151 0.987580 1.006701 0.995068 1.003463 0.994051 1.004581 0.996435 1.001132 0.999425 1.001601 0.997884 0.995246 1.000829 1.005008 0.995304 1.012614 1.008337 1.003686 1.002855 0.997588 1.005206 1.004319 0.995487 0.992388 1.008601 0.993140 1.005468 1.011278 0.993817 0.998263 1.008163 0.993665 1.006481 0.990461 1.000396 0.996498 1.000589 0.998964 1.011408 1.001883 1.001560 1.005893 1.011193 1.012425 0.994832 1.006482 0.994039 0.993570 0.998957 0.997742 1.010329 1.001678 1.001481 1.000345 0.997845 1.006692 0.995320 1.000297 1.009272 1.012926 1.000940 0.994196 1.002209 1.013308 1.007842 0.992027 1.001923 0.998303 0.993094 0.991011 0.991775 1.011337 1.004358 1.002031 1.001387 1.005508 0.992927 0.982456 0.995028 0.996421 0.996647 1.003036 1.000027 1.010817 0.997396 0.992214 0.994561 1.005051 0.993047 1.003953 0.999578 1.008820 0.998737 0.994783 0.997955 1.005482 1.001113 1.006281 0.993771 0.995630 1.001249 0.996050 0.993593 0.991541 0.994824 1.005248 0.999921 0.995484 0.996670 0.994914 0.995816 1.002237 1.003050 1.007667 1.016260 1.002628 0.996477 0.994897 0.997526 0.993924 0.991717 0.998262 1.010888 1.003336 0.992612 0.997875 1.000459 1.009810 1.008092 0.996160 1.006392 0.999939 0.999552 1.000386 0.992190 0.994060 1.002837 0.992679 1.001210 1.007386 1.006448 1.009922 1.009332 0.999783 1.003394 1.001553 1.004617 1.001297 1.005774 0.996010 1.003669 1.001169 0.997965 0.995235 1.001517 1.005122 0.998224 0.995144 1.008489 1.000626 1.002864 0.992654 0.999710 0.993447 0.995829 0.992597 0.990975 0.995720 0.994533 0.990906 0.988941 0.991651 0.995584 1.007483 1.000859 1.004329 1.009839 0.986501 0.994519
0.992255 0.996691 0.992437 1.002183 1.004813 0.996954 0.992873 0.994180 1.001551 0.992750 0.992396 0.994614 1.006340 0.993918 0.998768 1.000467 0.998025 0.993830 0.995412 1.004558 0.999113 0.999053 1.002602 0.993375 1.011285 1.001826 1.009579 1.001251 1.013137 1.004347 0.997089 0.983980 1.008313 0.992592 0.996928 1.004064 0.995494 1.006263 1.001188 1.000547 1.006058 1.006918 1.001177 0.995761 0.995175 1.000707 0.998266 1.003136 0.996822 1.005771 1.009819 1.004441 1.002905 1.010157 0.999940 1.006488 0.997658 0.991216 0.999588 0.997990 0.989620 0.989992 1.001155 1.003457 0.989622 1.001159 1.003832 0.998805 0.992235 1.001371 1.003178 1.002456 0.997866 1.010389 1.004867 0.996182 0.999196 0.993124 1.013088 0.995367 0.991205 0.993587 0.991741 0.997097 0.996371 0.997226 0.993562 1.011238 0.998677 0.993645 0.996649 1.003063 1.006963 1.012715 1.001277 0.998301 0.999231 1.001906 0.997786 0.995619 0.999713 1.010546 1.000930 0.996445 0.994368 0.992743 1.005047 0.996118 0.993894 0.992443 0.998725 1.008014 0.998349 1.006774 1.000560 0.997436 0.996017 0.992234 1.000750 1.004299 1.010983 0.993130 0.998024 0.997435 1.006738 1.001657 0.995608 1.002607 1.001145 1.011865 1.000061 1.011577 0.999096 0.992784 0.997776 0.995252 1.005804 1.000432 1.006189 0.996577 0.996263 0.997457 1.003767 1.003785 1.000266 0.998486 1.002928 1.010822 1.000683 1.001782 0.994745 1.003575 1.005238 1.000963 1.005026 0.988517 1.003449 0.998249 0.991680 1.007962 1.002045 1.004237 1.001883 0.994648 0.998032 1.000921 1.006422 0.997555 0.992957 1.003134 1.001400 0.995965 1.001180 0.999015 0.996710 0.999047 0.990603 0.991168 1.005271 1.005891 0.997842 0.997397 1.005599 1.000163 1.001413 1.010802 1.005257 1.002449 0.991077 0.998660
0.995828 0.991852 0.993306 0.992137 0.991792 1.004630 0.993045 0.997506 1.011856 0.998904 0.998108 1.002120 0.998943 1.000495 1.007278 0.999878 0.992154 1.003242 0.995878 0.998392 1.010041 1.006138 1.000513 1.008214 0.992775 0.999356 1.007069 0.997019 1.000294 1.003488 1.002997 0.992969 1.000071 0.996546 1.008620 1.010500 0.995320 1.002840 1.009691 1.000481 1.000080 0.999477 1.012351 0.997883 0.997393 1.009921 1.007290 1.001199 1.004570 1.000416 1.003610 0.998947 0.992401 1.007477 0.991550 0.986632 1.001094 1.005232 1.001501 0.990957 1.003366 1.000094 1.000058 1.006972 1.005438 0.996335 1.003507 0.997016 0.991981 1.006269 0.996089 1.005834 1.005956 0.998789 0.994070 1.002518 0.999001 0.997618 0.995001 0.996797 0.995530 0.990734 1.006090 1.000241 0.992243 0.991526 1.001275 1.008363 1.000109 0.991685 0.991373 1.001848 1.007902 0.992596 1.001524 1.001663 1.007380 1.008407 1.003639 1.006076 1.000551 0.996915 0.996795 0.999492 0.999179 0.995780 0.993383 0.996455 1.000790 0.993088 0.998111 0.991594 0.994524 0.999265 1.001580 1.010339 0.998576 0.987489 0.991222 1.004527 1.001678 0.996885 0.999302 0.999122 1.004072 0.998499 1.007371 1.006966 0.992650 1.000927 0.994660 1.000462 1.003738 0.997028 1.000630 0.999297 0.987707 0.994803 0.998834 1.006489 1.005733 0.999999 0.997523 0.997124 0.996122 0.992816 0.991907 0.990047 1.000367 0.999626 0.998662 1.004708 1.004207 1.002857 0.995689 0.989740 1.002875 0.994005 1.001189 0.993309 0.996005 1.003768 1.008909 1.002034 0.988061 0.996334 1.000653 1.006200 1.005808 1.001101 0.996676 0.997009 0.996053 0.997549 0.986460 0.993732 0.997625 0.992876 0.998656 1.001389 0.998343 0.996146 0.993319 1.001404 1.008753 1.004447 0.988607 0.997474 0.995579 1.003819
1.002533 1.001539 1.002982 0.999365 0.997261 0.994481 1.001474 1.000447 1.002660 1.002566 0.994866 1.012560 0.998138 0.998794 0.996953 0.997109 0.998047 1.001801 0.999278 1.012419 1.000982 1.000025 1.007303 0.998338 1.007114 1.000735 0.994105 1.003986 0.996468 0.998666 0.997952 1.003943 1.007450 1.002969 1.002453 0.987652 0.995863 0.994858 1.001579 0.997593 0.999913 0.997803 0.996842 0.994828 1.008224 0.999070 1.006766 1.006230 1.001527 0.993227 0.993668 0.993498 0.994984 1.006917 1.008429 1.002296 0.995998 1.001634 1.000953 0.995960 1.000627 1.007499 1.000055 0.995221 1.000783 0.998682 1.021960 1.005369 1.009243 1.005932 0.992258 0.998367 0.993642 0.982991 0.996419 0.994878 0.997074 0.998895 0.987314 0.999095 0.993404 1.003392 1.001990 0.997512 0.988754 0.987074 1.005040 0.999635 1.002382 1.004929 1.004299 0.990252 0.999115 1.006040 0.997687 1.007012 0.998346 1.000392 1.000543 1.005481 0.999704 1.000985 1.000456 1.004050 0.995314 1.000047 0.995140 1.000932 0.990250 0.999551 1.006769 0.998545 1.005802 1.011059 1.008731 1.006812 0.994527 1.007842 0.997055 0.990209 0.997378 0.993388 0.998216 1.005749 1.000937 0.995691 0.999307 1.007985 0.993684 1.002572 1.001228 1.004008 1.000084 1.003425 1.003374 1.008462 1.000878 0.999842 0.999828 1.007220 1.001868 0.998147 0.996979 0.992948 0.996182 1.002739 1.003587 1.007576 0.996340 1.000648 0.996486 1.001964 0.998767 1.007802 1.013814 0.994687 1.003667 0.991865 1.000881 0.999665 0.997600 1.000928 0.999488 0.982037 1.008827 0.999161 1.003935 1.009301 0.993554 0.995881 0.995894 0.998693 0.994671 0.994304 0.998201 0.997319 0.991833 0.994636 0.997276 1.001467 1.001353 1.000959 0.995373 0.999197 1.001191 0.998458 0.992809 1.004810 0.993833 0.993647
1.000014 1.003597 0.997401 0.990962 0.992874 0.977719 0.997460 1.003137 1.007006 1.004526 0.998293 1.009220 0.998711 1.001145 1.003893 1.002479 1.003828 1.001812 0.990859 1.011205 1.004087 1.004313 1.010781 0.994317 0.994040 0.997368 0.999842 1.003390 1.001073 1.004572 1.002368 1.007232 1.006361 1.003789 1.004280 1.007274 1.002946 1.000613 0.999960 0.998527 0.998678 0.991756 1.004833 1.010947 0.991457 0.998334 1.003114 0.995849 1.001234 0.998798 1.008212 0.997918 0.999551 0.998453 0.997377 0.992202 0.997194 0.997731 1.004029 0.994917 1.008266 1.009232 0.999164 0.991366 0.997677 0.995289 1.002701 0.997722 1.002015 1.004036 0.989261 0.995213 0.999380 0.997158 0.993945 0.999554 1.000214 1.002162 1.002651 0.998015 1.010132 0.995705 1.003979 1.000967 1.007686 0.988454 1.001505 0.999221 1.001181 0.998517 1.004588 1.010961 0.997235 1.002548 1.006527 1.002738 0.999406 1.000457 1.004289 0.991489 1.008012 1.007419 0.992134 0.989071 1.006799 1.001678 0.996813 1.004850 0.997385 0.996884 0.998970 1.006201 1.014018 1.008181 1.003967 1.005612 0.995010 1.005625 0.997013 0.993665 0.999755 1.005156 0.991559 0.997640 1.001633 1.000962 1.001474 1.000084 0.998547 1.002599 1.012476 0.994371 0.998306 0.993680 0.991660 1.000727 1.005152 1.003615 1.005110 1.004891 0.992162 0.992001 1.001124 0.997694 1.002322 1.002439 0.998328 0.998953 0.995846 1.004734 0.997423 1.004272 0.994925 1.003003 1.005355 1.000329 0.998096 1.002337 1.003498 0.993063 1.000203 1.005131 0.993707 0.995082 1.002000 1.001346 0.996420 1.007564 1.001337 0.989875 0.998762 0.999976 1.007942 1.002967 0.987779 1.002394 0.997072 0.996451 0.995911 0.990912 1.000285 1.002191 0.989672 0.998237 1.002324 0.998103 0.994742 1.002371 0.988288 0.994918
1.006803 0.995417 0.998720 0.998112 0.991788 1.007950 0.998708 1.004697 1.002146 1.009980 0.993815 1.003428 0.998977 1.000635 1.005743 1.005732 1.003320 0.994460 1.000424 0.998221 0.992107 1.001321 1.008267 1.001694 0.990271 0.996376 0.999856 1.000227 0.994040 1.006181 1.000197 1.004220 1.016973 1.003046 1.006860 1.003104 0.987181 0.991084 1.005430 0.999337 1.000526 0.996068 0.997775 0.999002 1.006435 1.002230 1.006211 0.991794 1.000456 0.992634 1.004223 1.000931 0.988422 1.001771 0.991259 1.001477 0.993373 0.998622 0.998160 0.995180 1.010036 1.000486 1.000428 1.006406 1.008772 0.991519 1.001429 0.998994 0.986268 0.998171 0.988065 1.012050 0.996805 1.006761 0.996424 1.008493 0.999586 1.005784 1.008054 0.998959 1.009074 0.998846 1.001451 0.998633 0.995147 0.990498 1.003831 0.999929 1.005452 0.993612 1.003276 1.006471 0.998140 1.001751 0.993930 0.989911 1.001258 1.010285 1.002815 1.001421 0.999733 1.004276 0.997529 0.989678 1.000973 1.001361 1.008532 0.999429 0.998314 0.997921 0.993978 1.000284 0.995164 1.003230 0.998977 1.002376 1.002072 0.994568 1.000991 1.001221 0.994277 1.000216 0.997624 0.995859 1.004391 0.999097 0.996716 1.000220 1.001431 1.003151 0.996184 0.991944 0.994571 1.005397 0.998172 0.991857 0.988133 1.004612 0.994174 0.989649 0.999524 0.999412 1.004493 1.009987 1.001420 0.994255 1.003405 1.001164 1.003339 1.002112 0.998873 0.992946 0.987700 0.998316 1.005938 0.996424 0.996659 1.003049 1.003327 0.997493 0.990171 1.003169 0.998369 0.992463 0.999867 0.996556 0.989062 0.999794 0.997607 0.997935 0.994910 0.988415 0.999770 1.000400 0.994789 0.997758 0.989970 1.004272 1.006861 0.998099 1.006397 1.003238 0.994288 1.003234 0.993514 0.993566 0.999333 1.003095 1.001079 0.993576
0.994808 1.004052 0.993841 1.000388 1.003560 1.005091 0.991732 0.994498 0.999154 1.001788 1.020179 0.999722 0.992959 1.005383 1.000834 0.998579 0.999157 0.998880 0.999549 1.004440 0.998796 1.001473 1.005210 0.999927 1.001847 0.995379 1.003859 1.009273 1.007171 1.001334 0.990105 1.005494 0.993084 1.006236 1.007753 0.999334 1.000513 0.998275 0.997002 1.006479 1.005849 0.998761 0.995493 1.004964 0.991472 0.999549 1.004233 1.004841 1.007755 0.992943 1.002139 0.993518 0.992983 0.995943 0.994902 0.990884 1.000103 1.010615 1.001325 1.007175 1.003645 0.997072 0.999266 0.997812 1.004400 0.993642 0.997664 0.984975 0.987482 1.000200 1.003507 0.999548 0.993518 0.993974 1.006367 1.007467 0.999295 1.003797 0.998186 0.988537 1.016055 0.992881 0.993393 1.003079 0.991973 0.998864 1.002331 1.004744 0.993313 0.989801 1.001981 0.997018 0.998638 0.995073 1.001458 1.000522 0.999503 0.997456 0.990654 1.003694 1.004693 0.997522 1.002110 1.002019 1.000047 0.988235 0.996667 0.993005 0.998674 1.001415 1.002099 1.001127 0.987948 0.986653 1.004368 1.007641 0.994040 0.998929 0.994277 0.999988 0.995674 1.005949 1.003326 1.001433 0.998177 0.999942 1.004246 1.004843 0.991984 0.995143 0.990582 0.993175 1.004185 0.990212 0.995542 1.014441 1.015652 1.002188 0.987715 0.999077 0.993654 0.995655 1.000584 1.009631 0.995297 1.002305 0.999016 1.000420 1.005523 1.005467 0.996891 1.002374 0.999124 0.989432 1.003279 0.999401 1.004636 0.998681 0.994851 1.003996 0.992382 1.001915 1.006556 0.996506 1.000587 1.002980 1.002484 1.004854 1.007460 1.011897 1.010568 1.007278 0.996386 1.009239 0.995730 1.010215 1.004823 0.997915 1.003460 0.994252 0.994376 0.995087 1.010070 1.000914 0.995803 0.997771 1.010204 1.002693 0.994988 1.006807
1.008350 1.000232 1.003815 1.001042 0.995010 1.000334 0.996837 0.995485 0.994782 1.004195 0.995677 1.008924 1.008890 1.004960 0.999429 0.992054 0.990237 0.994282 1.010078 0.995391 1.003800 0.994165 1.004942 0.987786 0.997018 0.990492 1.005083 1.013048 1.000845 1.001276 0.992125 0.988447 1.000243 1.003283 1.002454 0.994525 0.996451 1.005613 0.996644 1.001859 0.993853 0.998345 1.010125 1.001394 1.000951 0.999127 1.006227 1.002764 1.001346 0.994241 0.997562 0.995573 0.992684 0.994603 1.005832 0.985842 0.990795 1.007566 1.006051 1.006336 0.998775 0.995951 1.006899 0.997466 0.995913 0.999191 0.999743 1.001550 0.992976 1.014210 0.999373 1.002637 1.001313 0.991862 0.995407 1.011600 0.998657 1.006054 1.012142 1.013079 1.000426 0.996890 0.995493 0.999248 0.994757 0.997160 1.001720 1.012255 0.989925 0.990069 1.010897 0.999347 0.988456 1.007359 1.006664 0.996606 0.994328 1.005084 1.006180 1.004619 1.008395 1.003954 0.993444 1.000499 0.998115 1.004695 0.996711 1.002093 1.008207 1.004554 0.999467 1.008011 1.002561 0.994608 0.997744 0.996369 1.009806 1.006948 0.995213 1.007833 1.000019 1.002221 1.015132 0.998192 1.006671 1.002453 0.997637 1.004098 0.998782 1.001446 0.985622 0.995667 1.001353 0.996310 1.000788 1.005852 1.004745 0.996060 1.004763 0.999535 1.000760 1.007560 1.010734 1.004379 0.992439 1.003268 1.003861 1.003336 1.010431 1.001052 1.013312 1.003733 1.012337 0.996539 0.992303 1.004620 1.002057 0.999760 0.990427 1.004185 1.001801 0.994858 1.001186 1.004968 0.996020 1.003756 1.003260 0.997158 1.003048 1.004321 0.995207 1.006426 1.006723 1.008686 1.006904 0.999391 0.997285 0.995345 1.002210 0.994727 0.997903 0.999228 1.002376 0.998111 1.012594 0.995935 1.001584 0.999145 1.003110 1.003174
0.995626 1.008897 1.004208 0.996687 1.001152 1.003798 0.992528 1.005917 1.005124 0.995190 0.998868 0.999284 1.013534 0.997761 0.997032 0.994379 0.994066 1.000473 1.003117 1.007514 1.003165 0.990925 0.997643 0.994625 0.999601 0.998570 1.002194 1.006386 1.002354 0.988319 1.000870 0.990343 0.997868 1.006762 0.999552 1.001165 0.998734 1.010623 0.996866 0.993422 1.002434 0.998003 1.003189 0.994503 0.996962 1.008911 1.010057 1.000635 0.993376 0.994268 0.990834 1.002707 0.996760 0.990432 0.999365 1.000074 1.003879 1.009537 0.994342 1.003842 0.992361 1.005309 1.008991 1.005721 0.999767 0.992789 0.995383 0.991647 0.996746 0.998516 1.005245 0.998773 1.003554 0.993214 0.995438 0.994579 1.000997 1.001830 1.000496 0.996741 0.994518 0.998404 0.998453 0.998631 0.992291 0.998930 0.995268 1.001420 0.993323 0.995501 1.006087 0.997256 1.006934 0.998195 1.002852 1.001563 1.000472 1.002052 1.003681 0.996561 1.006798 1.009676 1.008060 0.999267 0.993737 0.998538 0.994400 1.000367 0.996385 0.999178 1.002873 1.003708 1.003056 1.009579 1.001900 1.000560 0.989685 1.001830 1.003056 1.005460 0.996903 1.000624 0.986752 0.993157 1.003317 0.993190 0.991383 1.000431 1.001461 0.995116 0.988693 0.986951 1.006443 1.001590 0.999114 0.992420 0.998515 0.993597 1.009558 1.009953 1.000387 0.988183 0.998628 0.998006 1.001264 0.998141 0.999650 1.005698 1.002458 0.991625 1.005263 1.000222 0.997601 0.999459 0.997967 0.999970 0.997169 1.001749 0.989564 1.005493 1.000484 0.990624 0.989379 0.994912 0.987949 0.988711 1.000487 0.999481 0.997449 0.996756 0.995962 1.002792 1.004335 1.005534 0.992803 0.992648 1.003343 1.005178 0.990784 1.005172 1.014712 1.005102 1.007878 0.997434 1.000975 1.002480 0.995401 1.008216 1.007919 0.992342
1.006784 1.009079 0.998576 0.996765 0.999513 0.999937 0.998369 1.004632 0.996106 1.007400 1.001349 1.001103 1.008701 1.005728 1.000390 1.003726 1.001012 0.996881 1.002957 1.000084 0.995681 0.998222 1.002864 0.997187 0.999342 1.006467 1.011220 1.023485 1.003246 0.999042 1.001478 0.988359 0.985015 1.009050 1.005412 1.010123 0.997260 0.998868 0.991764 1.007725 1.004498 1.004641 0.999646 1.005909 1.008172 1.002961 0.997061 1.003950 1.009169 0.984076 0.993132 1.007429 1.000649 1.005477 1.003611 1.005698 1.001871 1.001133 1.011378 0.997944 1.003302 1.007679 1.005935 1.007818 0.998762 0.997451 0.998029 1.002373 1.005697 0.991707 0.994013 1.002798 1.000931 1.009098 1.003533 1.001834 0.997657 0.999185 1.002378 1.009448 0.992680 1.007053 1.006056 1.010940 1.000309 0.998534 0.997170 0.998191 0.998958 0.998219 1.003953 0.998357 1.021377 1.014501 1.008490 1.013876 1.008134 1.023449 1.004245 1.024760 1.021210 1.006549 1.002699 1.003302 1.006377 0.995233 1.002631 1.000807 1.015574 1.005210 1.000271 1.002440 0.997421 1.003177 0.999507 1.000965 0.989222 1.000681 0.997961 1.002139 1.002830 1.001446 1.004250 0.996728 0.993741 1.001017 0.992071 1.001672 0.997354 0.991380 0.993974 1.005633 1.000700 1.005086 0.999544 1.005371 0.991138 0.992200 1.004942 0.996778 1.003223 0.996133 0.993345 0.984189 0.991536 0.998091 0.998317 1.014864 0.999253 1.002084 1.000095 1.001475 0.996992 1.004818 0.996187 0.999775 0.996832 1.002383 0.993669 0.993545 0.990543 0.987891 0.990836 0.994525 0.985036 0.999283 0.998513 1.007346 1.014563 1.004138 0.998691 1.005581 0.997451 1.010544 1.000945 1.001739 0.998505 1.006333 0.993603 0.995325 1.007975 1.004734 1.003686 1.006757 0.990557 1.001629 1.005017 1.003916 0.999715 0.993020
0.996160 1.005151 1.000549 1.001375 0.997072 1.005697 1.007048 1.007041 0.997002 0.994713 0.998117 0.999542 1.006049 0.995440 1.002943 1.006571 0.998494 0.994620 1.006695 0.998403 1.007009 1.004872 0.992305 1.002718 0.991386 1.002350 0.998528 1.010703 1.013645 1.001771 0.995766 1.001957 0.993212 0.998943 1.000642 1.004787 0.996463 0.991875 1.010984 1.007404 1.013160 0.998615 0.994878 0.998128 1.008076 0.993960 0.998833 1.003309 1.006821 0.999819 0.992431 0.993047 0.994032 1.003816 1.003267 1.016255 0.997185 1.001061 0.993086 0.991859 0.992576 1.000038 1.005715 1.008757 0.996430 1.000435 0.996844 1.000582 0.994603 0.994221 0.991770 1.005031 1.009304 0.992066 0.988894 0.992735 0.991946 1.008187 1.014514 1.003031 1.000380 1.007124 1.000080 1.004675 1.010382 1.012790 1.004525 1.009990 1.003410 1.008991 1.027477 1.049974 1.075164 1.074439 1.061371 1.050488 1.026993 1.030128 1.020354 1.027769 1.042369 1.029751 1.059087 1.063501 1.081794 1.039866 1.025139 1.015449 1.026054 1.000218 1.011086 1.004394 0.992418 1.002117 1.007420 1.001290 0.996125 1.002281 1.002503 1.013032 1.009381 0.996957 0.999423 0.995192 0.997188 1.003646 0.985775 0.995163 0.999219 0.993490 1.000084 0.995924 0.994980 1.007045 1.001766 1.000182 1.001911 0.998504 0.999074 0.989025 0.991540 0.994269 0.994568 1.000201 1.000108 1.006408 1.010744 1.001703 0.998103 0.990244 0.999700 0.996380 0.992905 0.995676 1.010834 0.999572 0.992493 0.998803 1.002495 1.002312 0.997932 0.995799 0.990150 0.989295 0.998294 1.011588 0.992673 0.994664 0.990811 1.003691 0.994336 1.005434 0.997566 0.991583 1.009906 1.000560 0.992669 0.994458 0.989438 0.989980 0.998876 0.997429 1.007152 1.005290 0.999120 1.016065 1.006717 1.001850 1.002208 0.999447
1.002634 1.005892 0.995216 1.003327 1.003687 1.000618 1.006890 0.994692 0.993696 1.000719 0.995710 0.990509 0.998937 0.998432 1.000524 0.998463 1.008520 1.004614 1.003866 0.998315 0.992423 1.012031 1.004750 0.990652 0.996455 0.992723 0.995013 0.999435 1.006416 1.001159 0.981403 0.995057 0.997435 0.992227 0.996436 0.997978 0.997567 0.994853 1.001882 0.986674 0.997870 1.001964 0.996344 0.992619 1.006465 1.008584 1.009190 1.001615 1.011885 1.008162 1.003721 1.000957 1.000082 0.998129 1.009908 1.013904 1.001097 0.996568 0.992280 1.002599 0.995992 1.011815 1.008237 1.003519 0.994603 0.992669 0.994595 0.998953 1.002113 0.994934 0.997242 0.993743 0.995043 1.002190 0.996950 0.990039 0.991061 1.004154 1.007471 0.993340 0.999296 0.992450 1.001258 1.006152 1.002533 1.008104 1.007777 1.039089 1.077904 1.062115 1.039104 0.980659 0.944245 0.929362 0.952250 0.930822 0.934503 0.946656 0.948678 0.943365 0.948483 0.944138 0.931268 0.918326 0.932024 0.983038 1.030425 1.060092 1.085753 1.026688 1.011428 1.002853 1.002948 0.988435 1.007442 1.001924 1.005719 1.005153 0.999552 1.002893 1.008886 0.998173 0.993814 1.011594 0.998125 1.002807 0.985561 0.986717 0.997087 0.991538 0.999452 1.001663 0.991695 0.995214 0.992094 1.004337 0.993222 0.998967 0.988604 1.004524 0.994146 0.997546 1.000734 1.007726 0.995268 1.003380 0.998876 0.986486 0.999993 0.997075 0.995319 0.996767 1.007530 0.997622 0.993316 0.996362 0.995065 1.003203 1.005624 1.006210 0.997819 1.003945 1.004953 1.007100 1.010497 1.009199 0.996198 1.003903 0.992180 0.995454 0.997785 1.004761 1.005396 1.000204 1.002087 0.995785 0.995905 0.985823 0.999983 0.990519 0.999709 0.995129 1.007937 1.004460 1.001246 0.998663 1.005543 1.000176 0.990711 1.006446
1.005614 1.003640 0.999949 1.011311 0.999000 0.983931 0.995774 0.987480 0.990803 0.991405 0.994653 0.999119 1.009990 1.006850 1.011406 1.004290 1.005286 1.008138 1.005925 1.001105 1.001549 1.003372 0.995218 0.998663 0.997460 1.009097 1.000656 0.994625 0.996705 1.007074 1.000988 1.009548 1.000261 1.008192 1.004907 0.992863 0.993602 1.000842 0.999579 0.998440 0.991778 0.999331 0.995338 1.006633 1.000890 0.993922 0.993462 1.005482 0.995766 1.009411 0.994323 1.000213 0.992499 0.993041 0.995305 0.992684 1.004811 1.009748 0.988917 1.009708 0.993083 0.987509 0.998158 1.001091 0.991412 0.994773 1.003033 0.994985 0.996054 1.003088 1.006956 0.996624 1.005537 1.002744 0.991254 0.999371 0.998519 0.998395 0.992977 1.001918 0.992024 0.996790 1.002567 1.013930 1.022993 1.061851 1.078312 1.032071 0.954786 0.947215 0.949379 0.946307 0.944328 0.945932 0.939573 0.951402 0.943994 0.939719 0.938376 0.942339 0.942656 0.937299 0.948128 0.943779 0.939553 0.936618 0.948545 0.953752 0.953925 1.011073 1.053577 1.056143 1.022475 1.006307 1.005378 1.001919 0.988058 0.993458 0.990755 1.001788 1.012569 1.005298 1.005691 1.006283 1.011921 1.019341 1.004066 1.001443 0.989042 0.997950 1.000318 1.006043 0.996371 1.004631 1.002260 1.007265 0.999056 0.999843 0.996574 1.001546 0.993852 1.000781 1.002737 1.003125 1.000248 0.996551 1.008771 0.992077 1.001144 1.006223 0.999576 1.004310 1.003088 0.985674 0.998558 1.001873 1.014873 1.005829 0.999184 0.996148 0.991705 0.996805 0.999130 1.001732 0.997821 0.992238 0.994532 1.003160 0.997849 0.997735 0.991026 1.002085 0.988811 1.001029 0.995402 0.998350 0.996123 0.994995 0.992639 0.994228 0.994922 0.995314 0.996175 1.003802 1.006628 1.001888 0.996419 0.993000 0.991287 0.993903
1.011013 1.010193 0.996215 0.989428 0.999554 0.997638 1.002797 0.997804 1.000414 0.998497 1.009488 0.997306 1.007982 1.006395 1.005380 1.006035 0.989832 0.999219 1.005552 1.002249 1.002774 0.999416 0.995544 0.989036 1.002453 1.001891 1.014408 1.003420 1.006522 1.001353 1.008449 1.003384 0.987144 1.010967 0.996522 0.990821 1.003630 0.999284 0.992457 0.994220 0.997512 0.999619 1.009159 1.006697 1.008982 1.006344 0.996028 1.002394 0.999248 1.003161 1.008631 0.984681 0.999390 1.001285 1.000107 1.006775 1.004816 1.002533 1.004174 0.996425 0.996293 0.994386 0.989896 1.003057 0.999383 0.996039 0.992965 0.992786 0.995859 1.004576 0.998354 1.001370 1.010780 0.998417 0.995928 1.006199 1.007019 0.999991 0.992442 0.999450 0.997386 0.999845 1.025285 1.068774 1.061379 0.972002 0.945786 0.944934 0.945518 0.943258 0.948346 0.942038 0.930992 0.939990 0.932539 0.941222 0.936714 0.945605 0.947023 0.941491 0.948639 0.946828 0.942585 0.940139 0.932594 0.937315 0.945631 0.951767 0.946559 0.937836 0.932829 0.973784 1.065524 1.065306 1.021798 1.008435 0.995392 1.002475 0.988824 0.998493 0.996435 0.999757 1.007290 0.999374 1.002580 1.006697 1.000376 1.007240 0.995916 1.003002 1.003781 1.000125 1.000219 1.002315 0.995463 0.991162 0.998290 0.985492 0.996518 0.994028 1.001208 0.995952 1.013970 1.002654 1.002098 0.994881 1.007543 0.997415 0.999515 0.994846 0.999242 1.005985 0.998126 0.996571 1.013677 1.011111 1.012861 0.990969 1.004164 1.004247 0.984218 0.996817 0.999400 0.992161 1.001637 0.997952 1.001974 1.000976 1.006357 0.997085 0.999490 0.994341 0.990321 0.988312 1.003282 1.007181 1.008914 1.007260 0.994682 0.995412 0.999294 0.989587 0.998831 0.988939 1.003779 0.999234 1.005411 0.997492 0.989507 0.989383
1.010005 1.006117 1.007430 1.002794 0.999945 1.002765 1.006799 0.997974 1.003638 0.996943 0.999759 0.996040 0.993023 0.993191 0.997623 0.995570 1.001115 1.011061 1.002918 1.001385 0.994780 1.001849 1.006917 0.998856 1.007050 1.000539 0.996794 0.997991 0.994142 0.994060 1.002363 1.009199 1.001360 0.994882 1.001546 0.998844 0.996896 1.006073 0.994647 0.998518 0.983375 1.002139 1.004601 0.995225 0.994612 0.996825 0.990566 0.997860 1.002678 0.996581 1.005878 0.991875 0.998568 1.003582 0.989754 0.992631 1.003028 1.005617 1.003063 1.000632 0.997536 0.993076 0.989896 0.995427 1.004881 1.001511 0.994031 1.000484 1.001837 0.996526 1.005178 1.007078 1.006768 1.002981 0.999120 1.003467 1.002341 0.994953 0.994556 0.996070 1.016728 1.033816 1.058144 0.967317 0.938964 0.944444 0.937460 0.938767 0.940921 0.936223 0.936863 0.938182 0.941590 0.939848 0.945418 0.929608 0.928146 0.928484 0.926817 0.938657 0.929472 0.933130 0.933376 0.935211 0.931678 0.942071 0.937354 0.937883 0.931768 0.933589 0.949159 0.944954 0.935666 0.971702 1.069168 1.051827 1.007606 1.008278 0.990957 1.004964 1.000795 0.992891 1.005800 0.997934 1.010310 1.013348 0.995863 0.990656 1.002836 1.003725 0.989389 0.998913 1.000668 1.004112 1.001882 1.007791 1.001545 0.993026 0.993935 1.011389 0.996390 1.000089 1.000667 0.996379 0.996658 0.993850 0.999332 1.009719 1.006889 1.001410 1.004183 0.996165 0.996371 1.003163 1.005992 1.004962 1.015438 1.001466 1.009152 1.003921 0.995180 0.990078 1.003579 1.007210 0.995516 0.990168 0.992235 1.011601 1.009354 1.000175 0.992359 0.998991 0.997202 0.997182 0.991621 0.998407 1.011716 1.009027 1.014235 1.001786 1.003274 1.002680 0.998685 0.993275 1.006815 1.003873 0.999527 1.002141 0.999989 0.993814
1.005556 1.001792 0.999964 1.006501 1.002030 1.000451 1.000466 0.996427 0.992769 0.989625 0.997918 1.005325 0.999343 0.998089 1.012286 1.004262 1.002818 1.009128 1.005561 1.004763 0.999372 0.998128 1.001586 1.004604 1.006587 1.001769 0.995713 0.994174 0.989342 0.997278 1.001033 0.999541 0.996450 0.999124 1.001485 0.993786 1.003310 0.991463 1.004416 1.011880 0.999026 1.004396 0.996053 1.006369 0.999012 1.001510 1.002609 1.010886 0.998384 0.997029 0.997676 0.998510 0.999241 1.005385 1.002037 1.014892 0.998957 0.996586 0.998481 1.000388 1.001308 0.980867 0.997120 0.994316 0.997400 1.000017 1.003949 0.998181 0.996543 0.993716 0.991257 0.988977 0.997863 0.996919 1.000526 0.999287 1.009470 0.995449 1.010748 1.026543 1.067935 0.998044 0.935612 0.931984 0.927642 0.942030 0.938894 0.937253 0.934379 0.930185 0.930925 0.940001 0.941849 0.925115 0.918626 0.921529 0.915600 0.922824 0.925585 0.928821 0.932405 0.927262 0.940077 0.932444 0.932373 0.923735 0.933425 0.933334 0.941410 0.938613 0.937158 0.949209 0.938998 0.946856 0.938959 1.016380 1.089158 1.020156 1.001965 0.999218 1.004456 0.997954 0.994989 1.004459 1.007686 0.995416 0.997558 1.004460 0.993611 0.996846 0.997411 1.014462 1.000418 0.998528 1.000451 1.008851 1.001537 1.008679 1.006764 1.001760 0.996536 0.998959 0.999989 0.996763 1.006263 1.003333 1.001099 1.006608 1.001846 0.999439 0.991384 0.992160 0.975902 0.992289 1.008004 1.007095 1.002605 0.999689 1.001454 1.018655 1.002639 1.000345 0.995417 1.001822 0.995020 1.001847 1.003166 1.002365 0.996475 0.989918 0.997092 0.997703 1.004097 1.000429 0.998587 0.998495 1.003322 0.994676 1.000808 0.997904 0.996493 0.999344 0.996061 0.995289 0.990138 0.994729 0.998445 0.999816 0.997402 1.000855
0.999159 1.007671 1.004092 1.003934 0.999529 1.010650 1.002888 1.004740 1.003055 0.990034 1.005539 1.003127 0.999483 0.990909 0.997387 0.996501 0.999236 0.998541 1.006580 1.007578 1.000927 0.998157 0.992318 0.999680 0.993756 0.979588 0.987655 1.000248 0.993602 1.001575 0.999954 1.001981 1.002960 1.002824 0.997399 0.998295 1.004753 1.000333 0.997043 1.000055 0.994745 0.995680 1.000912 1.001122 0.995572 1.003049 1.001886 1.009123 0.998631 0.998455 1.006604 1.010142 1.003046 1.002006 1.001874 1.013296 1.008261 0.992350 0.993788 1.001090 1.002243 0.995161 0.995934 0.998602 0.999791 1.002883 0.992537 0.994423 1.001569 1.006156 1.000499 0.994486 0.990247 1.005483 1.009165 1.004110 1.004663 1.018276 1.040762 1.082450 0.951357 0.939126 0.939738 0.940171 0.949284 0.943155 0.942914 0.943829 0.938192 0.925088 0.927515 0.916622 0.925132 0.931151 0.927722 0.922268 0.924981 0.929298 0.913908 0.922909 0.932888 0.910907 0.918540 0.923103 0.924116 0.921514 0.922917 0.935548 0.941105 0.937548 0.934852 0.952419 0.942648 0.941128 0.938010 0.945558 0.960003 1.058447 1.048056 1.003299 0.995913 0.994433 0.994886 0.996627 1.000584 0.985350 0.994403 0.986954 0.996670 0.987977 0.990159 0.990268 0.996397 1.000128 0.995742 0.994066 1.010087 1.001089 1.002250 1.002016 1.009066 1.005080 0.996924 1.011802 1.011057 1.009658 0.999471 1.004176 1.005922 0.998636 0.995789 0.989274 1.006284 1.006900 0.998973 1.001335 0.994213 1.013987 0.995665 1.009229 1.007931 1.001458 0.991566 0.998024 1.000389 1.006105 1.004306 0.998017 0.991094 1.003823 0.995996 0.983062 0.993822 0.986799 0.991046 0.998721 0.996230 1.001450 0.998429 1.004137 0.994964 0.996709 0.991117 1.004433 0.995298 0.998402 1.011473 0.999585 1.004439 1.005411
0.998060 0.995425 0.996690 1.000728 0.995362 0.999260 0.994538 1.013590 0.999054 0.995651 1.000350 0.993074 1.009308 1.004034 0.992141 0.996189 0.995115 0.996351 1.012306 1.002042 1.001467 0.998523 1.006044 1.000998 0.986494 1.001637 0.991102 1.007664 0.996203 0.998929 1.004037 0.999154 0.987896 0.997615 1.000132 1.000249 0.990274 1.000232 1.002424 1.001882 1.004876 0.999037 1.002445 1.003138 1.002330 1.002440 0.995934 1.001519 1.007306 0.993558 0.994279 0.996595 0.997636 0.987306 1.008741 0.997209 1.006994 0.996627 0.985649 0.999821 0.991376 0.996187 0.993809 1.009214 1.001150 0.992678 1.006125 0.985649 0.996467 1.005247 1.000629 0.993473 0.997013 1.002081 0.999371 1.007216 1.014014 1.056658 1.029302 0.939486 0.941817 0.941552 0.934784 0.950892 0.949354 0.943168 0.931399 0.929173 0.925603 0.916341 0.923766 0.912003 0.914799 0.923901 0.921813 0.914010 0.930328 0.932190 0.914709 0.913890 0.917905 0.912135 0.914434 0.917845 0.923457 0.930437 0.928929 0.919440 0.930125 0.935209 0.930644 0.936025 0.939969 0.943304 0.942641 0.934319 0.928531 0.933672 1.026041 1.053477 1.009288 0.998860 1.001657 1.002359 0.992911 1.001079 1.005107 0.996683 0.999044 0.996378 0.997699 1.002656 1.006445 1.005451 0.999770 0.999108 1.012316 0.992771 0.992233 1.013637 1.010164 1.002891 0.993124 1.003598 1.001919 1.007693 1.008062 0.997936 1.000913 0.999310 0.997625 0.991786 1.008690 1.007528 1.005059 0.999318 1.002202 1.000158 0.993190 0.991344 0.997531 1.007708 0.995147 0.996842 0.992353 1.001396 1.009326 0.995064 1.002739 0.991398 0.998966 0.993828 0.993714 0.997508 1.002451 1.004996 1.003746 1.002118 1.001140 1.001331 0.996325 1.003982 0.999950 0.998122 0.990085 0.998909 0.998147 0.998320 1.000111 1.008762
0.998578 1.000343 0.997327 0.997616 0.995673 0.997117 0.996651 1.001377 0.994244 1.007802 1.001590 1.003701 0.993463 1.000644 1.001349 1.001469 1.001844 0.996580 1.011801 0.998362 0.998720 0.996049 1.005985 1.001392 1.003618 1.005110 1.005749 1.000113 1.013137 1.002767 1.002827 1.002599 1.006114 0.994263 1.007110 1.002823 0.994811 1.004327 0.997450 1.005218 0.997406 0.995459 1.006668 0.993026 1.005264 0.996913 1.004502 0.990696 0.996589 0.989354 1.002346 0.989246 1.005028 0.996021 1.003716 1.002852 0.997988 0.995909 0.995404 1.008321 1.002277 0.998465 0.993795 1.001531 1.005594 1.000096 1.001011 1.002738 0.995682 0.999396 1.005035 1.002666 1.002055 0.998917 1.017613 1.016328 1.058985 0.988335 0.937431 0.946986 0.933068 0.931334 0.948627 0.944719 0.935543 0.926487 0.926976 0.923336 0.919566 0.913787 0.908307 0.903665 0.924197 0.915685 0.906165 0.915356 0.916174 0.913023 0.915482 0.903327 0.905007 0.909888 0.917013 0.910035 0.920250 0.922013 0.919013 0.923405 0.919575 0.925208 0.922696 0.929389 0.929474 0.935387 0.933871 0.945154 0.937327 0.942660 0.942856 1.003931 1.067064 1.009983 1.001881 1.011602 1.005124 0.997300 1.001688 1.006642 1.002573 0.996579 0.999858 0.995281 0.998480 0.996659 1.009481 0.995763 1.001130 1.000383 0.994554 0.997688 1.007310 1.003096 0.994327 1.003328 0.998915 0.999194 0.999607 0.992719 0.999574 1.000982 1.000250 0.999417 1.009587 1.001673 1.004382 0.997376 1.000704 0.997548 1.002468 0.999269 0.995780 0.999952 0.995248 1.013355 1.010846 0.995028 0.991397 0.993066 1.005235 1.006571 0.999052 1.002335 1.006550 1.015158 0.990322 0.991953 1.003007 0.995141 1.003834 1.013841 0.992238 0.997850 0.995033 1.000006 0.990678 0.998529 0.989443 1.005564 1.002311 0.995417
1.002082 0.996326 0.991794 0.993005 1.004492 0.998813 0.991822 0.995436 1.001308 0.997454 1.008260 0.994671 0.987296 0.998300 0.993443 1.002057 0.999493 0.985196 0.997008 1.008205 1.006937 0.990718 0.993728 0.998565 0.999784 0.997863 1.003432 1.002911 1.001878 1.000138 1.004520 1.008979 0.998177 1.001018 0.999587 0.997789 0.999768 1.000007 0.992989 0.989805 1.000302 1.006847 1.010880 1.003148 1.002734 1.007638 1.003419 0.990100 0.992291 1.001252 1.002372 1.001148 0.992003 0.999547 1.001688 1.001351 0.999064 0.988735 1.001630 1.009517 1.002918 1.003279 1.003738 0.992899 0.991279 0.999542 1.006080 1.007047 1.004580 0.992274 1.001263 1.001695 1.000176 1.002634 1.012337 1.075855 0.976285 0.933551 0.942897 0.931692 0.943005 0.936321 0.934693 0.927902 0.916523 0.918623 0.928335 0.917099 0.928952 0.921989 0.911617 0.914658 0.913344 0.912623 0.916066 0.907001 0.911148 0.908173 0.917042 0.915715 0.911098 0.911792 0.912959 0.906034 0.913460 0.923326 0.920578 0.923743 0.910213 0.910350 0.920797 0.921163 0.922591 0.933822 0.928031 0.942503 0.929833 0.939634 0.942891 0.943293 0.988947 1.062819 1.017170 1.004511 1.002476 0.987792 0.991334 0.998901 0.990043 1.002880 1.000927 0.991925 1.001334 0.996271 1.006460 1.003435 0.995666 1.017555 1.002452 1.000946 1.009065 1.001215 0.995327 1.006298 0.997485 0.997108 1.001198 1.003929 1.000022 0.996976 1.004767 0.999810 0.994418 0.993105 0.997800 1.000927 0.998183 0.997595 1.000727 0.993509 1.002801 0.993114 0.998277 0.986094 1.001703 0.997753 0.998337 1.001676 0.995744 1.001791 0.996686 1.002852 0.999385 1.008926 0.989994 1.003747 1.006035 1.001503 0.998103 0.998433 0.993364 1.003072 1.009505 0.993509 1.001799 0.992207 0.998012 0.997626 1.001489 1.016860
1.000564 1.005916 1.008165 1.002066 1.001353 1.000863 1.001911 0.991617 1.001455 0.988278 1.004771 1.003809 0.996121 1.008958 1.001712 0.993508 0.992974 0.991213 0.987873 1.003802 0.994192 0.992297 0.995370 1.000189 0.996454 0.994840 0.999479 1.005647 0.996676 1.003850 1.003440 0.997338 1.004122 0.999328 0.988969 0.993429 1.005875 0.997325 1.001743 0.992969 1.002251 1.007672 0.999760 0.990662 1.001966 0.996467 0.994851 0.991666 0.993256 0.998036 1.004871 1.003804 1.007256 1.000100 0.999337 0.995236 0.992212 0.993198 0.991599 1.001205 1.000069 0.995532 0.997448 0.992077 0.996372 1.009969 0.998913 1.000875 1.000802 0.994792 1.002405 0.996348 1.005366 1.003091 1.067825 0.989690 0.943030 0.946557 0.953946 0.938455 0.929825 0.937565 0.937341 0.930995 0.921505 0.922236 0.924803 0.917379 0.915856 0.908854 0.903777 0.912981 0.911543 0.913732 0.910726 0.910611 0.903148 0.908722 0.905573 0.910377 0.906265 0.907807 0.905180 0.914132 0.910617 0.916399 0.915853 0.920388 0.914933 0.917931 0.912891 0.914188 0.920962 0.934619 0.932270 0.929652 0.935692 0.928891 0.941085 0.942084 0.942037 0.971546 1.063122 1.018774 1.002466 0.999822 1.000908 1.007478 1.012769 0.999613 0.996780 0.994800 0.999326 0.992552 1.008668 0.998718 0.999625 0.998256 1.002828 1.009781 1.002494 1.001496 1.002219 0.997327 0.995319 1.008217 0.995525 0.997507 0.998383 0.993800 1.005482 1.001960 1.000923 1.007283 1.001443 0.997752 1.000653 1.007704 1.005347 1.009518 0.996166 0.992028 1.000521 0.994330 0.998969 0.992670 0.988993 0.991921 1.007336 0.999860 0.991003 1.002106 1.003109 1.007484 0.989567 0.991957 0.998246 0.992430 0.991452 1.008121 1.002102 0.990603 0.998163 1.006752 0.997146 0.992450 0.998890 0.995483 1.000801 1.000019
1.006862 1.001178 1.001484 0.991595 0.996214 0.989331 1.001436 1.004904 1.001728 0.997170 0.998783 0.999521 0.998772 1.002736 0.997902 0.995474 0.997879 0.989563 0.995692 1.004621 0.993910 1.002403 1.003678 1.001788 0.998939 1.002055 0.992728 1.007578 0.997734 0.989020 0.999277 1.005275 0.997647 1.003895 0.999848 1.009737 1.007773 1.001277 1.007087 1.001462 0.996422 1.001288 1.006760 1.004709 0.998302 1.002718 0.991799 0.993633 1.001500 1.003161 0.997821 1.003994 0.999691 0.990334 0.999235 0.998333 1.001799 1.006314 1.002999 1.004692 0.999153 0.995742 0.994451 0.996240 0.986645 1.005470 0.996671 1.002568 0.993452 0.994400 0.998958 1.005039 1.002383 1.063270 0.998411 0.943760 0.945419 0.947707 0.938759 0.945470 0.939268 0.927976 0.919150 0.919917 0.923167 0.919907 0.922014 0.913728 0.906260 0.906141 0.904345 0.901210 0.902428 0.903329 0.904661 0.897105 0.901629 0.901664 0.903181 0.901601 0.895120 0.903658 0.898799 0.902790 0.896259 0.906259 0.918184 0.909513 0.919696 0.918773 0.921607 0.924007 0.914267 0.925527 0.928208 0.933851 0.925774 0.926447 0.936089 0.939732 0.941235 0.939368 0.992189 1.055449 1.023907 1.008675 1.003143 0.997019 1.003077 1.003178 0.998782 1.000564 0.994468 1.004252 0.992630 0.988594 0.983520 0.993628 0.995692 0.999166 1.011007 1.005021 1.000793 0.992679 1.007250 1.001475 1.007633 1.003481 1.006535 1.006405 1.004588 1.008268 1.013847 0.999116 0.996645 0.994404 0.998004 0.990295 0.993367 0.993919 0.996385 0.989579 0.996717 1.002252 0.994606 0.995854 1.001145 0.995406 1.005345 0.998047 1.001686 0.999883 1.000331 1.010415 0.997055 0.999784 0.998015 0.996605 1.007332 0.989689 1.007585 0.995450 0.996292 0.988934 1.001291 0.999140 0.999273 1.001973 0.994935 1.002363
0.994439 1.001244 0.989960 1.007365 0.994111 1.003748 1.002675 0.998956 1.002975 0.997731 0.992073 0.992992 1.008264 0.993747 1.001007 1.008751 1.002838 0.998910 1.000503 0.994880 1.013808 0.996770 1.003660 1.004502 1.005130 0.999348 0.995420 0.993165 1.000616 1.005246 1.004801 0.999165 1.004073 1.002264 1.000307 1.004792 0.997252 0.995341 1.013975 1.001909 0.996746 0.998579 1.002438 0.997737 0.995309 1.009077 1.008660 1.004063 1.001063 0.993408 1.006543 1.001729 0.993377 0.997348 1.007144 0.998756 1.003027 0.998232 0.990580 0.999914 0.986866 0.995757 1.005074 1.004340 0.995209 0.998164 0.997846 1.005605 0.997247 1.005122 1.000281 1.007069 1.037867 1.022736 0.932291 0.948472 0.940952 0.953141 0.945015 0.924118 0.915890 0.927723 0.919995 0.913075 0.912802 0.918862 0.915357 0.912913 0.905059 0.905814 0.901038 0.894440 0.902754 0.900891 0.903794 0.896565 0.902889 0.902929 0.899307 0.897623 0.898657 0.903566 0.895651 0.908237 0.895799 0.891880 0.900922 0.904273 0.909852 0.906482 0.905287 0.909894 0.920039 0.915070 0.916533 0.923714 0.929382 0.932308 0.925530 0.942240 0.944456 0.938908 0.940601 1.005049 1.038509 0.995702 1.001319 0.999648 1.006736 0.993775 1.003197 0.991767 0.995785 1.005120 0.995813 0.999265 0.988665 1.000384 0.993768 0.993471 0.998597 1.011749 1.011522 1.009019 1.007656 0.994980 0.997999 0.994896 0.993421 0.998679 1.003328 0.997061 0.998094 0.999317 1.000324 1.002479 1.003797 1.004221 0.999010 1.006630 1.003204 0.997638 1.005134 0.991525 0.998409 1.002137 0.995111 0.999060 1.002344 0.997288 1.001465 1.001396 1.001034 1.009209 1.004621 1.002936 0.999484 0.995278 1.005537 0.993413 1.003774 1.006491 1.002364 1.000632 1.008802 0.997346 0.995361 0.994908 0.993665 1.004260
1.001183 1.005752 1.000828 0.992124 0.993774 0.998693 0.993176 1.000292 1.000017 0.988699 1.001672 1.008459 1.001490 1.000641 0.996159 1.002601 0.997943 1.000197 0.991808 1.002823 0.994477 0.996053 1.009093 1.005407 1.003767 1.005341 0.999630 0.996099 1.006531 0.995748 1.006096 1.003638 1.002750 1.000847 1.002894 0.993531 1.007218 1.006084 1.001882 0.991254 0.999723 0.989664 0.990098 0.998750 0.992022 1.001873 1.007086 0.997997 0.997726 0.993845 0.998940 0.993006 1.006375 1.000155 0.999265 0.996391 0.995419 0.997647 0.989549 1.006439 1.003463 1.000341 0.992966 1.003832 1.001481 1.002174 1.007558 1.006766 0.997913 0.996599 1.004827 1.015236 1.060131 0.943829 0.944585 0.943603 0.938466 0.934073 0.923886 0.923469 0.909098 0.917415 0.908759 0.912212 0.904622 0.892479 0.907388 0.913973 0.900219 0.895994 0.905552 0.905647 0.893670 0.892828 0.895988 0.898399 0.895831 0.901507 0.899315 0.899947 0.906644 0.889675 0.906744 0.906863 0.893372 0.901273 0.899667 0.903394 0.898048 0.909576 0.914965 0.910440 0.915726 0.916360 0.920701 0.917490 0.925835 0.926755 0.929182 0.932504 0.940253 0.939635 0.951264 0.943846 1.072949 1.011203 0.998019 0.996193 1.000091 1.000129 1.001557 1.005656 1.005469 1.001940 0.987705 0.990968 0.981005 0.997547 0.997272 0.992897 1.002399 0.994153 1.004877 0.992686 1.000955 1.005680 1.002286 1.002458 1.004746 0.992618 0.999162 1.004535 1.000105 0.999112 0.997653 0.994773 1.002414 0.996532 1.005661 0.996843 0.999613 0.996755 1.005603 0.994442 0.992651 0.998190 0.994910 1.001740 0.997687 0.996945 1.008015 1.005461 0.991545 0.999077 1.001210 0.998593 0.993940 0.989904 0.999341 0.992494 0.999530 1.004912 1.000927 1.004822 1.012756 1.004352 0.994088 1.001314 0.999338 1.004555
1.005940 1.000858 0.986804 0.994772 1.000321 0.996736 1.001307 1.001625 1.005337 0.998226 1.003430 1.010102 1.006822 1.006394 1.001346 0.991469 0.997416 0.997730 0.994386 1.004877 0.995690 0.989572 0.999839 0.993811 0.995381 1.002163 0.996025 0.991093 1.002063 1.005494 1.002786 1.001064 1.003366 0.994545 1.001535 1.002615 1.004990 1.002431 0.998651 0.997798 0.993630 1.001150 0.997327 1.000098 0.993869 1.004644 0.999996 1.002158 0.999061 0.996281 1.007823 0.998850 0.998077 1.001399 1.003481 0.993628 1.001544 0.994240 0.991108 0.996924 0.995756 0.995575 1.004840 1.008028 0.990410 0.998424 0.993920 1.006465 0.998688 0.996559 1.019089 1.086864 0.946209 0.941703 0.947556 0.934733 0.940893 0.923833 0.924908 0.927894 0.926609 0.921860 0.914104 0.919990 0.900750 0.895634 0.911924 0.898304 0.899996 0.906701 0.895118 0.896760 0.899428 0.899589 0.900555 0.898299 0.903193 0.905218 0.890268 0.903000 0.896491 0.889104 0.891106 0.892287 0.894566 0.906720 0.899670 0.899283 0.896353 0.910730 0.900880 0.906370 0.925668 0.918784 0.914442 0.921855 0.925264 0.920007 0.925372 0.928464 0.925273 0.938588 0.941134 0.951255 0.953516 1.077329 1.018599 0.998754 0.996262 0.993110 0.992084 0.996190 0.996357 0.995944 0.996777 1.007934 0.992668 0.995098 0.998827 1.000413 1.001668 0.997978 1.005162 0.997442 1.000350 1.004742 0.995334 0.999128 0.991261 0.994405 1.005776 0.996380 0.985843 0.994553 0.998088 0.996806 1.008479 1.004491 1.011619 0.991815 0.998346 0.998438 1.003538 0.998887 0.998383 0.995651 1.002687 0.998935 1.007100 1.009770 0.996077 0.995418 0.997134 0.998208 0.992106 0.993454 0.997393 0.997087 0.997981 1.008118 1.002071 0.996047 0.994959 1.003968 0.997439 1.008934 1.009409 0.999941 0.996533 0.994003
0.996572 0.992575 1.000088 0.997235 1.000270 1.001808 0.984479 0.999705 1.009801 1.005150 0.986827 0.996256 1.003346 1.003410 1.012180 0.991264 1.004389 1.005758 0.995235 0.998960 0.990628 0.987502 0.993944 0.995132 0.995879 0.993627 0.987184 0.988119 0.997681 0.996647 0.997843 1.003964 0.989951 0.996469 0.994755 1.006138 1.003381 1.010441 1.001642 0.997356 0.991017 0.996093 1.008525 1.001014 0.999669 0.997420 0.990244 0.999812 1.006347 0.997486 0.998060 0.997053 0.999366 0.996831 0.990817 0.995291 0.998037 0.997262 0.999241 0.995526 1.007781 1.004233 0.993202 1.003923 0.994116 0.998811 1.000725 1.003027 1.002593 1.000533 1.045444 1.006060 0.933777 0.931270 0.936551 0.941227 0.926651 0.914968 0.926649 0.917554 0.921891 0.918381 0.904985 0.898915 0.910679 0.904721 0.905736 0.898901 0.895647 0.894334 0.899732 0.890437 0.889174 0.890534 0.894534 0.891246 0.893752 0.893991 0.900174 0.893259 0.897728 0.890862 0.896079 0.891015 0.882753 0.893294 0.896179 0.908353 0.896571 0.899852 0.899509 0.902376 0.905507 0.902698 0.912974 0.914952 0.929991 0.922117 0.933238 0.934518 0.930773 0.939245 0.941034 0.948578 0.945535 1.014792 1.050490 1.010664 1.003774 1.009998 0.997754 1.003445 1.012412 0.988250 0.995958 1.013395 1.003039 0.997329 1.003879 1.002677 1.005019 1.003751 0.997695 0.999449 0.998687 1.001153 0.994600 0.996164 0.997956 0.998978 0.993169 0.998321 0.996056 1.004733 1.011484 0.998582 0.998745 0.998527 0.995273 0.998039 0.999760 1.005616 0.993978 0.996074 0.997014 1.000439 1.002126 1.007245 1.005895 0.998155 0.989356 0.992506 0.994865 1.007184 1.005092 0.991834 1.002369 0.993171 1.000756 1.006191 0.995758 0.998404 0.996306 1.001649 0.998837 1.001773 0.999891 1.005887 0.991174 0.993591
0.998351 1.000643 0.997598 0.996779 1.004644 1.004050 1.001493 0.990937 1.001421 1.004008 0.992800 0.993817 1.004928 1.004353 1.002692 0.994127 1.009853 1.002687 1.000187 0.996423 0.994235 1.005351 1.004193 0.996000 0.997323 0.994409 0.999879 1.010268 1.008967 0.999042 1.001983 1.006779 1.000614 0.994967 1.001432 1.001279 0.994792 1.006632 0.990223 0.997099 1.005839 1.010562 1.004824 0.994526 0.995079 1.003123 0.988711 1.003430 1.008763 0.998666 0.989231 0.992912 0.999325 1.003010 0.993853 0.996953 1.000950 1.002975 1.006861 0.997086 0.989472 1.007320 1.007937 1.008773 1.000607 0.999839 1.004061 1.002796 1.018272 1.022449 1.066040 0.937926 0.930034 0.935470 0.940785 0.920769 0.915850 0.916136 0.923038 0.917733 0.904004 0.909930 0.908737 0.912231 0.907295 0.900693 0.894061 0.887379 0.892611 0.890074 0.889582 0.888780 0.890638 0.887839 0.889040 0.898322 0.891125 0.888389 0.894438 0.891868 0.892580 0.887496 0.884787 0.881902 0.886193 0.896409 0.888892 0.888271 0.894758 0.900220 0.905722 0.900089 0.893616 0.910218 0.906069 0.919421 0.915882 0.925371 0.925041 0.922580 0.929856 0.934839 0.931175 0.937438 0.933008 0.942036 1.068377 1.019585 0.997866 0.997027 1.005694 0.991205 0.996420 0.998048 0.991541 0.991577 0.993707 0.995276 1.001869 1.000915 1.001505 0.989816 0.999251 1.000383 0.999691 1.007692 0.992834 0.996511 1.001553 1.004245 1.011010 0.993975 1.002862 0.995277 0.996794 1.002744 1.009207 1.005507 0.995734 1.012693 0.994364 1.005193 1.001205 0.998977 1.002045 1.001486 0.997255 1.008214 0.996026 0.997445 0.999472 1.002082 1.000925 1.005329 0.985454 0.994045 0.994529 1.001948 1.000533 1.005411 0.999336 1.005628 1.007699 1.008146 1.001198 1.000045 1.009884 1.007714 0.998243 0.988751
1.004536 1.007968 0.990688 0.994159 1.003619 0.997374 0.990981 0.991774 1.001211 1.000261 0.989805 0.994627 0.993665 0.997757 1.001616 1.000546 1.011855 1.007795 1.000056 0.995107 0.996244 1.003563 1.010974 1.004821 1.002356 0.997114 0.989633 0.992828 1.007450 0.995780 0.998091 0.999705 1.010673 0.992971 0.998765 0.994846 0.998037 0.996633 0.997436 1.005975 1.003563 1.007589 1.006348 0.992752 0.995300 0.993508 1.006650 1.000673 0.992533 0.996093 0.986698 1.001322 1.003916 0.999099 0.995349 0.997458 1.007791 0.990794 1.002571 1.001484 0.991779 1.000864 0.999297 0.992887 0.994581 0.997970 1.003430 1.000080 1.013662 1.068457 0.983234 0.943091 0.937194 0.934326 0.936172 0.925324 0.919645 0.911073 0.920545 0.911085 0.906336 0.902920 0.903518 0.900350 0.904015 0.907407 0.901493 0.899724 0.892774 0.894064 0.898573 0.894012 0.876145 0.883044 0.897470 0.890915 0.887722 0.883555 0.880622 0.891631 0.889759 0.889259 0.877932 0.882864 0.882159 0.891483 0.897476 0.893190 0.908153 0.886732 0.894956 0.894290 0.912534 0.900168 0.907286 0.912612 0.925828 0.913970 0.914224 0.916384 0.925061 0.926515 0.943388 0.935057 0.934536 0.941461 0.983944 1.065355 1.004612 1.004046 0.998850 0.992186 1.006925 0.995071 0.996706 0.998243 0.995979 0.996982 1.000371 0.994615 0.985455 1.001487 0.999581 0.993665 0.988076 1.009002 1.007708 1.000233 0.990107 0.992070 0.999350 0.997016 1.000691 0.999784 1.009783 1.002570 0.993617 0.999999 0.999931 0.997948 0.990536 0.994229 0.999529 1.003569 1.002727 1.004304 0.999552 1.011657 0.997459 0.993683 1.004219 1.002458 1.002198 0.997057 0.991739 0.999187 0.995225 0.993402 0.996971 1.000169 0.995913 1.006934 1.001836 1.003755 1.000800 1.006737 0.993730 1.000926 0.999259 0.999840
0.995990 0.999013 0.998321 1.011980 1.006166 1.004616 1.000886 1.000894 0.995114 0.998938 1.001587 0.996224 0.994260 1.005639 0.997672 1.006170 1.001650 0.996451 0.990652 1.005319 1.003909 0.996464 0.985796 0.991550 0.990338 1.001793 1.003972 0.993291 0.995378 1.004672 0.995325 0.998242 1.015692 1.006304 0.998211 1.007501 0.993212 0.994789 1.004316 1.003064 0.994269 1.004803 0.994735 1.002494 1.000434 1.006221 1.001896 1.003218 0.997017 0.999609 1.006493 0.993483 1.008283 0.999956 0.993216 0.992068 0.993579 0.999338 1.003831 0.998745 0.991385 1.000504 1.006093 1.003550 0.994768 0.981678 1.002101 1.009922 1.018557 1.062586 0.941030 0.943999 0.939929 0.938252 0.934716 0.923381 0.923797 0.918132 0.918721 0.909024 0.908903 0.908840 0.905755 0.901804 0.900047 0.895707 0.895184 0.892369 0.879511 0.896258 0.898177 0.889006 0.877012 0.881635 0.885572 0.887855 0.886209 0.886842 0.883653 0.886208 0.887862 0.889655 0.884257 0.885121 0.880709 0.888033 0.895446 0.894731 0.887312 0.905210 0.890970 0.889522 0.901935 0.896916 0.903371 0.892878 0.906700 0.919640 0.922799 0.921026 0.921379 0.929572 0.944442 0.944086 0.954448 0.932289 0.940765 1.053428 1.005085 0.998269 1.003491 0.986012 1.005168 1.003850 1.007951 1.011335 0.990817 1.009580 1.005168 1.001641 0.998979 0.992686 1.011536 1.007026 0.995902 0.999918 1.006191 1.001161 0.993534 0.997718 1.002969 0.994823 0.993017 0.994483 1.003855 1.005939 0.996305 1.001439 1.010815 1.005814 1.006726 1.006649 1.005745 0.999957 1.006035 1.000052 1.000451 1.006464 0.994969 1.000786 1.002511 0.996817 0.991418 1.002393 1.012245 0.992303 0.994480 1.009057 1.006009 0.999873 1.000357 0.992490 1.000895 1.003382 0.999914 0.995165 0.992223 1.002132 1.001368 0.992615
1.002859 1.001392 0.995727 0.990174 0.997789 1.004077 0.996114 1.000589 0.994290 1.000891 0.994956 1.000815 0.995286 1.000489 1.007440 0.996698 0.999561 0.999017 0.987021 0.988982 1.011666 1.011443 1.002134 0.996776 1.004326 1.002849 0.999838 1.004417 0.997211 1.007950 0.998689 1.005516 0.993367 0.998610 0.992119 0.994770 0.989302 0.996457 1.003874 0.995061 0.992999 0.995166 0.995482 0.996820 1.000879 1.002148 1.003635 1.000864 0.995577 0.986510 0.994755 0.998282 0.998596 0.990587 0.991882 1.000752 1.002568 1.003192 1.002439 0.993857 1.001206 1.005832 1.007072 1.004489 0.999912 0.994872 1.001819 1.006943 1.062058 0.984706 0.937936 0.924613 0.935885 0.921230 0.930783 0.918391 0.920466 0.917023 0.918293 0.909972 0.903776 0.907519 0.908415 0.900130 0.897040 0.889369 0.882249 0.890492 0.890452 0.891775 0.891739 0.887164 0.890339 0.884161 0.885830 0.881753 0.882524 0.882667 0.886886 0.876396 0.877164 0.885929 0.883625 0.881800 0.878761 0.884888 0.879890 0.894038 0.898819 0.902304 0.897707 0.899711 0.896532 0.900412 0.898564 0.893137 0.905972 0.906502 0.911363 0.911454 0.917415 0.931358 0.933572 0.926161 0.936509 0.938995 0.947869 0.974833 1.060036 1.003823 1.010957 0.998886 1.008876 0.996193 0.994165 0.999884 0.991157 1.002165 1.001644 0.993623 0.996104 0.999804 0.995289 0.995792 0.998109 0.996404 0.999770 1.000892 0.997688 1.004521 1.001781 0.997315 1.002141 0.997687 0.993233 1.002006 0.990485 0.992624 0.994540 1.004203 0.998587 0.998555 0.999932 1.001436 1.003056 0.997721 0.999085 1.001995 0.996055 0.996056 0.993884 1.004031 0.999115 1.002914 1.003972 0.998819 1.008369 0.997355 1.000636 0.999544 0.994523 1.007153 1.000761 0.990061 0.999468 1.005632 1.001232 0.988306 1.009328 1.000174
1.004839 1.002520 1.002916 0.986606 0.992904 1.003786 0.991214 0.989480 0.997851 1.008981 1.002353 1.005149 1.003880 1.000186 1.004208 0.995652 0.996918 0.998770 1.001048 0.992533 1.004465 1.000383 1.001690 0.999205 1.001387 1.011698 0.999025 1.001411 0.995752 0.999517 0.999188 1.008721 1.006585 1.005494 0.990732 1.002014 1.000288 1.000961 1.009827 1.004109 0.996115 1.013106 1.002636 0.990415 0.994273 1.002313 1.004438 1.011394 0.994698 0.991974 0.996034 1.004813 1.001739 1.002683 0.999445 1.000349 0.999146 0.998852 1.005403 1.006872 1.001743 1.004870 0.996839 1.001540 1.003813 1.004578 1.003434 1.007970 1.076089 0.934349 0.933802 0.944482 0.938502 0.928393 0.925635 0.914707 0.919979 0.905562 0.905480 0.905794 0.902041 0.903633 0.894088 0.889004 0.887394 0.886107 0.898295 0.892074 0.895493 0.891291 0.891308 0.890387 0.887444 0.877400 0.879193 0.885827 0.887366 0.878199 0.890506 0.882233 0.875327 0.884649 0.879719 0.893436 0.883743 0.887377 0.879017 0.885383 0.888112 0.882879 0.884225 0.895735 0.896937 0.891126 0.902339 0.900873 0.896661 0.900538 0.909262 0.904516 0.919051 0.923290 0.935848 0.931537 0.936135 0.924793 0.930965 0.939255 1.075820 1.005142 0.995700 1.008955 1.003000 1.000822 1.003475 0.997663 0.994325 0.999930 1.006300 0.993457 0.997994 0.990755 1.003453 1.001175 1.009191 1.000554 0.994512 1.008238 1.003133 1.003793 1.009813 1.002143 0.986253 1.002396 0.993933 0.992716 1.007743 1.001626 0.998512 1.005158 0.992450 0.993059 0.984459 0.991621 1.008764 1.005848 1.003389 1.000550 1.005864 0.997315 0.992982 1.003196 1.006260 0.999458 1.010125 1.001847 1.008917 0.992574 0.989608 0.993220 0.988071 0.986429 0.993011 0.995790 0.996540 0.990669 1.009436 0.995110 0.991540 1.005236
1.007814 0.997938 1.003913 0.992754 0.984961 1.001652 0.994234 0.995772 1.000244 0.993750 0.998682 0.998316 1.000000 1.003371 1.005425 1.000989 0.998019 0.993053 1.005150 0.998725 1.009436 1.016634 1.008206 0.996079 0.998766 0.995949 0.997097 0.992220 0.995782 1.003184 1.002610 1.000798 1.003505 0.996116 1.002470 0.999113 1.005593 1.001848 1.003610 0.991246 0.995760 0.999724 0.996728 0.993419 0.998373 1.002055 1.006531 1.009494 1.007619 0.993767 1.006856 1.001843 1.004706 1.008873 1.006124 0.998956 0.999796 1.001570 1.003498 0.997864 1.006600 1.006572 0.990811 1.007108 0.994999 0.992980 0.997417 1.019880 1.018439 0.940860 0.942528 0.942478 0.937924 0.926413 0.922168 0.911154 0.908543 0.906663 0.901517 0.906048 0.902454 0.891621 0.896181 0.893088 0.890463 0.901412 0.887007 0.885399 0.883693 0.888915 0.886101 0.885711 0.888547 0.872499 0.876340 0.876386 0.886412 0.878190 0.878265 0.879028 0.877228 0.878604 0.885251 0.879454 0.879626 0.884558 0.879851 0.890954 0.895694 0.882210 0.896703 0.887957 0.895742 0.891534 0.894189 0.899463 0.899599 0.905763 0.910357 0.914193 0.913850 0.918521 0.935103 0.937496 0.929346 0.938520 0.932296 0.930324 1.020187 1.028925 1.006167 1.000627 1.002331 0.990911 1.014692 1.001587 0.993730 1.002532 1.005053 1.000253 1.003521 0.994001 1.005683 1.001439 1.002284 0.993231 0.993843 1.008722 1.001715 1.002952 0.998863 0.994334 0.999611 0.999393 0.996897 1.001231 1.001205 1.003846 1.000398 1.009713 1.001378 0.997552 0.998724 0.992025 1.007866 0.995011 1.012916 0.992429 1.000684 1.002118 0.995149 1.004193 1.008470 1.011438 1.005082 0.996585 0.995054 0.996757 1.006025 0.987462 0.996862 1.004912 1.007186 1.002514 0.994375 0.993273 1.009737 0.997615 0.999123 1.003357
1.015518 1.002558 0.998468 0.994629 0.997953 0.998008 0.991145 1.002583 0.996695 0.992927 0.991309 0.999396 0.997921 0.996223 0.993283 1.012845 1.004940 0.991784 1.008104 1.001800 0.999552 0.995999 1.005620 0.997921 1.005045 1.005745 0.995032 0.996149 0.990407 1.003167 0.994142 1.008261 0.999631 0.996626 0.996537 1.001264 0.993546 0.998408 1.012539 0.995483 0.999283 1.002650 1.001417 1.005721 0.995094 0.995827 1.002672 0.998034 0.998630 1.003441 1.005093 0.992359 0.997882 1.003142 1.004119 1.003809 1.000876 0.988038 1.001377 0.997779 0.998325 1.001908 1.004842 0.995207 1.006939 0.988099 1.009885 1.062525 0.944629 0.929042 0.942734 0.940206 0.923892 0.918747 0.916661 0.913379 0.920649 0.912599 0.907925 0.905599 0.894754 0.897746 0.886012 0.890424 0.893002 0.885500 0.881361 0.874905 0.897070 0.894094 0.892294 0.884942 0.882979 0.876784 0.885435 0.888386 0.875401 0.874815 0.881040 0.887555 0.883863 0.879202 0.884647 0.876967 0.881594 0.882990 0.886032 0.892674 0.884863 0.876980 0.895479 0.891955 0.892970 0.900088 0.897891 0.906467 0.893451 0.907203 0.902278 0.907776 0.913710 0.908630 0.909285 0.924578 0.937169 0.934415 0.947091 0.935511 0.943744 1.073163 1.009793 0.996752 0.991767 1.002290 0.991704 0.992630 1.006786 0.995871 0.997261 1.001775 0.984501 0.995355 0.995162 0.991522 0.999004 0.990374 0.990428 1.000091 0.987554 0.988602 1.002233 0.996749 0.993512 0.998353 1.002907 0.996672 0.991620 1.001144 0.999560 1.000021 0.994153 1.016219 1.006968 0.995026 0.989432 0.994885 0.998433 1.002689 1.003894 0.997465 0.997879 0.997415 1.009565 0.999610 0.999731 1.005930 1.003330 0.992203 0.996129 0.999562 1.002625 1.003579 1.000052 1.000040 1.006778 0.997109 1.002879 0.995758 0.993462 0.997149
0.999008 0.998012 1.007296 0.993874 1.001482 0.997765 0.993890 1.008837 0.993963 0.992896 0.996190 0.991659 0.987818 0.994415 0.997855 1.000160 1.002287 0.989171 1.006992 0.997973 0.996656 0.992608 0.993622 1.002585 0.995761 1.003720 1.004404 0.998879 1.004766 1.006439 0.993037 0.993718 0.988497 0.993509 0.996747 0.999037 0.987133 0.998382 0.993954 1.002032 1.003145 0.992005 0.994888 1.003178 1.001090 0.994504 0.999930 0.997781 0.998916 1.005358 1.001843 0.999171 0.997630 0.999075 1.005122 0.991231 0.994616 0.995147 0.998922 0.998418 1.003974 1.002089 1.001159 0.988071 0.994710 0.994200 1.010438 1.059938 0.933103 0.944008 0.948800 0.940250 0.939464 0.922096 0.927300 0.930341 0.910091 0.904454 0.906055 0.896648 0.896429 0.898854 0.895176 0.899550 0.891290 0.894152 0.883066 0.888860 0.900323 0.894102 0.875222 0.879741 0.876186 0.880488 0.874751 0.877720 0.873091 0.869850 0.878040 0.878981 0.880992 0.868597 0.882010 0.887860 0.887877 0.880473 0.875241 0.880742 0.891648 0.885747 0.887271 0.896146 0.886697 0.891258 0.892968 0.904169 0.898780 0.901152 0.908094 0.905721 0.917647 0.919039 0.922457 0.923169 0.923844 0.939908 0.946101 0.932673 0.942871 1.061029 1.012365 1.002682 0.985326 0.999788 0.998915 0.988685 0.999533 0.991304 0.992341 0.992814 0.996087 1.002577 1.001244 0.994389 0.988640 0.995880 1.004049 0.999444 0.998355 0.990261 0.996501 0.990642 1.003034 0.998284 0.998576 0.995976 0.995826 1.002019 1.000973 1.001043 0.992657 1.004789 1.004274 1.000065 1.003201 1.005338 0.998522 1.008966 1.003901 1.009099 0.995734 1.005319 1.004927 1.002362 1.002912 1.007601 0.999762 0.999979 1.011162 1.008759 1.001188 0.987863 1.004152 1.011647 0.997021 1.006770 1.003877 0.993973 1.007391 1.002876
1.007558 1.001861 0.999020 1.006123 0.999830 0.991187 1.001343 1.001000 0.991256 0.994340 0.995744 0.997023 1.000168 0.987828 0.995363 0.991355 0.997623 0.999202 1.006509 1.013929 1.012191 0.999599 1.006433 1.001798 1.002751 1.006051 1.007058 0.997618 0.995011 1.005115 0.996186 1.004285 1.002686 1.000460 1.000551 1.001649 0.990129 0.997621 1.003379 1.004975 0.989572 0.992504 0.993724 1.005035 0.999557 0.994441 0.999617 0.997837 1.005549 0.998365 0.994472 1.005208 0.999740 0.994791 0.999955 1.000697 0.997068 0.993465 0.995713 0.997841 0.996950 0.998941 1.003538 0.992070 0.997321 0.995255 1.007615 1.021962 0.953282 0.959072 0.935327 0.930955 0.920468 0.923085 0.922395 0.917646 0.903564 0.915942 0.903652 0.893268 0.890147 0.898563 0.899656 0.882600 0.895246 0.894350 0.882158 0.884731 0.881388 0.885520 0.875653 0.877572 0.883142 0.883000 0.870264 0.876338 0.876669 0.879419 0.880699 0.876681 0.884232 0.873868 0.876430 0.886191 0.881449 0.879733 0.872982 0.887059 0.895314 0.889775 0.884337 0.894483 0.886532 0.899050 0.891804 0.891033 0.899618 0.902305 0.897300 0.900577 0.910280 0.923553 0.917910 0.913820 0.930335 0.932566 0.943034 0.941213 0.950324 1.030844 1.030351 1.003879 1.001158 1.005017 0.997810 0.989226 0.999374 0.998287 1.001916 0.993568 0.997591 0.999610 0.990580 1.008300 1.002058 0.996513 0.999859 1.006131 0.998372 1.007253 1.000991 0.996392 1.010587 0.999272 0.990428 0.986286 1.009064 1.002074 1.001532 1.006342 0.989782 0.997835 1.000828 1.001441 1.002742 0.998712 1.007513 1.010471 1.007149 1.005579 1.004098 1.005337 1.002281 1.008785 0.996619 0.992409 0.994090 0.998776 0.999790 0.995033 0.989960 0.987366 0.994420 0.994562 1.000072 0.999832 1.004487 0.998806 1.001720 0.998746
0.995649 1.005278 0.996585 0.990589 0.985061 0.994135 0.995479 0.999465 0.991544 0.989887 0.994989 1.001427 1.006765 0.989382 0.997525 1.003949 0.996870 1.006530 1.004345 0.994002 1.003146 1.003585 1.002065 1.005657 1.008088 1.003217 0.995033 0.985005 0.986482 0.996395 1.018927 0.997655 0.995560 1.003349 0.994396 1.002111 0.991207 0.999904 1.003875 1.002451 0.988366 0.999177 0.999101 0.999166 0.993261 0.996319 0.993897 0.989882 0.995290 0.985545 0.998997 0.998585 1.002369 0.994050 1.003360 1.005748 1.000634 0.999002 1.002900 0.996532 0.994416 0.996938 0.999876 0.995364 0.999679 0.998507 1.038528 0.975244 0.949725 0.941659 0.941394 0.934248 0.929601 0.917771 0.912688 0.905271 0.911015 0.916895 0.901404 0.900230 0.899550 0.894801 0.893904 0.880749 0.885147 0.882907 0.874178 0.881093 0.892641 0.886205 0.882575 0.891781 0.884328 0.884127 0.880203 0.884803 0.880768 0.876764 0.872669 0.884884 0.881225 0.877372 0.874563 0.875931 0.884004 0.880573 0.883760 0.890037 0.877668 0.878794 0.880172 0.887781 0.880943 0.892382 0.897181 0.898084 0.892916 0.900233 0.892411 0.907848 0.906994 0.918033 0.907511 0.928541 0.930772 0.929663 0.936970 0.943129 0.950927 0.986700 1.055102 1.013886 1.003710 1.006598 1.003565 0.992334 0.994497 0.996114 1.005104 0.996974 0.991204 1.004461 1.001273 0.996140 0.997432 1.000755 1.003100 0.999914 0.999568 0.999469 0.996015 1.010821 1.002710 1.000272 0.989055 0.994747 1.008480 0.992203 0.998087 1.001271 0.997293 0.999339 0.997507 0.996234 0.998482 0.999265 1.009504 1.007750 0.997296 1.004105 0.997292 1.005654 0.991937 1.004843 1.001820 1.001637 1.003775 1.009764 0.997712 0.996060 1.000946 0.998907 0.998493 0.987212 0.989984 0.997140 1.001975 1.002763 0.991542 0.998910
1.005703 1.004546 1.001969 0.992813 0.987938 0.992843 0.995047 1.005537 0.998224 0.993189 1.007559 0.996304 1.004280 1.001123 0.991926 0.994277 0.996847 0.995261 0.995152 0.996424 1.000969 0.990403 0.998634 0.994391 0.993901 0.993340 0.996979 1.000719 0.993333 1.010771 0.992393 1.000046 0.991657 0.997996 1.002224 0.992993 0.995777 0.999143 0.996266 1.010252 1.000036 0.995374 0.986943 1.009717 1.005964 0.995387 0.999525 0.996223 1.000563 0.993998 1.005185 1.001810 1.000827 1.003597 1.007746 1.001747 1.005478 0.996760 1.011573 0.997002 0.990577 1.000370 0.990774 0.995135 1.001353 1.005171 1.080962 0.930378 0.949885 0.954894 0.927781 0.928147 0.935819 0.925983 0.916735 0.912823 0.907094 0.906146 0.903667 0.904551 0.891501 0.881262 0.888499 0.884819 0.882010 0.882649 0.880228 0.875380 0.896875 0.882324 0.873971 0.888925 0.883585 0.879252 0.873932 0.879068 0.871864 0.875542 0.875764 0.870871 0.877814 0.878977 0.873158 0.878351 0.879133 0.878916 0.880559 0.886726 0.888814 0.884323 0.886223 0.891843 0.885436 0.885879 0.892903 0.891542 0.895406 0.891790 0.895221 0.903288 0.914761 0.917634 0.916225 0.920843 0.932590 0.935369 0.943012 0.941533 0.947149 0.933768 1.078194 1.010129 1.000009 1.008047 1.002619 0.998932 1.004062 1.000951 0.993990 1.004150 0.996637 1.000641 0.995040 1.001162 0.999462 0.996326 1.002142 0.999889 1.001654 0.991754 1.004421 1.001871 0.998236 1.002313 1.004998 0.995447 1.000584 0.993949 0.995493 0.992789 1.000141 0.985997 0.998704 0.998326 0.996012 0.993865 0.993700 0.995693 0.983787 0.991144 0.991053 0.985100 0.988761 0.998801 1.002352 0.996638 0.995606 1.006672 0.995843 0.992536 1.001795 0.998134 1.000098 0.999306 0.995008 1.004101 1.006952 1.014393 1.004381 0.998302
0.998215 1.001451 0.994600 1.001101 1.001796 1.003699 1.003589 0.995147 0.990386 1.002043 1.003727 0.995208 0.995878 0.994188 1.001692 0.996235 1.000845 1.008913 0.999831 0.988750 1.000092 0.995691 1.005739 1.001886 0.995588 0.995299 1.001256 1.000567 1.001459 1.003116 0.994000 0.998634 1.005353 0.995545 0.994680 0.997629 1.007910 0.990252 1.000709 1.002371 1.002267 0.995057 1.003067 1.002240 0.995879 1.003973 1.010116 0.997756 0.997802 1.000252 1.000067 1.007187 1.005778 1.003414 1.011996 0.993094 1.001827 0.996838 0.995413 0.994104 1.005663 0.997854 1.004161 0.995195 1.000573 1.000149 1.085247 0.929268 0.946399 0.940350 0.940138 0.919289 0.920435 0.916854 0.912158 0.919182 0.907401 0.910403 0.908133 0.901745 0.899323 0.889917 0.887998 0.890213 0.889544 0.884275 0.884944 0.885103 0.887355 0.880103 0.881051 0.881128 0.871621 0.884272 0.869354 0.875037 0.873134 0.878422 0.882321 0.872268 0.873935 0.887817 0.883451 0.883517 0.872008 0.881357 0.885114 0.886534 0.877418 0.880153 0.883510 0.880823 0.888174 0.887644 0.888914 0.894441 0.896527 0.895959 0.902132 0.904020 0.914976 0.910672 0.917114 0.915841 0.930485 0.924119 0.937515 0.934420 0.946294 0.934396 1.074661 0.987771 0.996601 0.994226 1.003237 1.004335 1.004204 1.000028 0.996090 1.008131 1.010510 1.003639 1.002912 1.004193 0.994327 0.998827 0.988860 0.991112 1.008075 1.002850 1.002106 1.001409 0.996665 1.001180 1.010492 0.998692 1.007817 1.002743 0.991513 0.997521 0.998282 1.005669 0.999548 0.999343 0.991903 1.006905 1.003351 0.995043 0.997904 1.005007 0.998364 0.991470 1.002409 0.997148 1.000578 1.004529 0.991912 0.992999 1.001022 0.996219 1.006538 1.003227 0.996430 1.002496 0.999674 1.004348 1.002123 0.994541 0.993124 1.003660
1.002804 1.014879 0.999602 0.993485 1.001917 0.995917 1.008963 1.005713 1.005162 0.989820 0.998805 0.992390 1.004262 0.992995 1.002937 1.001755 1.007178 1.005042 1.003798 0.999101 0.996018 1.004749 1.003920 0.994586 1.003902 0.989457 0.998674 0.998296 1.005498 1.001940 0.991679 1.002934 1.004377 0.997857 1.002183 1.002721 1.009982 1.000719 1.006562 0.998111 1.000371 0.991160 0.988317 1.003638 0.997767 1.003341 1.010681 0.999606 0.989694 1.003667 1.003934 0.998029 1.002933 0.992958 1.002890 0.996746 1.004714 0.995745 0.993305 0.995078 0.997107 0.998382 0.995414 0.989037 1.001907 1.014109 1.058706 0.944174 0.938856 0.943369 0.939832 0.922305 0.911209 0.920196 0.913943 0.915434 0.900729 0.910294 0.901107 0.895189 0.893175 0.892751 0.884222 0.887102 0.889824 0.880644 0.873924 0.885245 0.890690 0.874739 0.879009 0.880915 0.874923 0.868469 0.874759 0.880270 0.866672 0.871136 0.876163 0.875645 0.873647 0.881040 0.882688 0.874929 0.859789 0.875582 0.880914 0.873181 0.887750 0.883664 0.881166 0.877095 0.884561 0.889869 0.895401 0.908214 0.889880 0.899878 0.899860 0.903633 0.904316 0.920737 0.906519 0.911886 0.916676 0.922781 0.938918 0.934705 0.942518 0.932195 1.074621 1.010344 1.008012 0.996967 1.000788 0.995919 1.018709 0.992956 0.994509 0.993718 0.994110 0.994074 1.000583 1.004817 0.996214 0.999086 0.997516 0.999183 0.992741 0.995420 0.994610 1.000304 0.994295 0.992014 1.011425 1.003098 1.006896 1.009518 0.997378 1.005009 0.999143 1.007539 1.008545 0.995241 0.993010 0.994454 0.996766 0.993380 0.997904 1.004944 0.997697 1.003671 1.003331 0.985923 0.999155 0.998991 0.999184 1.007750 0.997929 0.990046 0.989342 0.986702 1.000707 1.006864 0.999662 1.004511 1.000406 0.997284 0.989969 1.005678
1.008123 1.002332 0.993976 0.999923 0.995585 0.999491 0.998752 1.002670 0.998657 0.996292 1.008325 0.998576 1.000620 1.011579 1.008874 1.014533 1.003873 0.991779 0.993848 1.000467 0.990115 1.009078 1.000760 0.996641 1.001954 0.994790 0.990951 1.004161 1.001939 0.991975 0.997577 1.000335 0.998068 0.997637 0.995825 1.009220 1.011881 1.000395 0.995735 0.990911 0.994296 0.993659 0.990862 0.992084 1.002980 1.007302 1.014316 1.000771 0.993593 1.000486 1.006162 1.003571 0.999898 0.992164 0.999876 1.010817 1.003893 1.001543 0.995519 0.998187 1.005467 1.003940 1.002853 0.994938 1.007143 1.014003 1.043694 0.937875 0.944917 0.938141 0.924208 0.932824 0.931057 0.921126 0.909589 0.913883 0.906925 0.901579 0.894547 0.894327 0.889851 0.889821 0.891758 0.886130 0.887405 0.890459 0.882366 0.882972 0.888286 0.884634 0.887677 0.887675 0.878269 0.882501 0.882113 0.884349 0.875464 0.874812 0.877707 0.879537 0.875857 0.875815 0.883051 0.872829 0.864260 0.877716 0.885301 0.883044 0.881848 0.880766 0.883696 0.874165 0.882782 0.885940 0.894012 0.897372 0.887891 0.893098 0.897589 0.901647 0.898740 0.911143 0.916433 0.922963 0.902679 0.932300 0.933586 0.927985 0.946161 0.952239 1.038840 1.008170 0.996183 0.993208 0.995862 1.006408 0.996273 0.997005 1.008710 0.999986 0.999158 1.005735 1.004984 1.013188 0.991720 0.995429 1.001967 0.992314 0.983822 0.996952 0.995790 0.986287 0.998825 1.000273 0.998836 1.001781 0.995570 1.007061 0.996504 0.992616 0.998465 0.991354 0.992352 1.000758 0.998723 1.001662 1.001346 0.982948 0.994567 1.006542 1.001858 0.993906 0.995667 1.008800 1.002486 0.991507 0.990160 0.999313 1.003332 1.004946 0.993820 1.008081 1.004942 1.000213 0.992294 1.001952 1.005092 1.006695 0.995630 1.010911
1.002400 0.990989 1.004325 1.008364 0.989698 0.997980 1.003554 1.002700 0.987984 0.991277 0.997734 1.004492 1.008562 0.993662 0.998589 1.000457 1.002964 0.999586 0.999771 0.993406 1.000834 1.002566 0.996588 0.995358 1.007812 1.001440 1.002637 1.005760 0.996763 1.006824 1.000467 0.997498 0.995733 0.990118 0.999923 0.998431 1.006433 1.012086 1.006803 1.004236 1.014364 1.009199 0.993606 0.997766 1.002712 0.995289 1.004079 1.002872 0.992731 1.001413 0.998950 0.996786 1.007123 1.000975 0.993594 0.999194 1.007511 1.014390 1.003431 0.985401 1.004058 0.995693 1.004940 1.016258 1.010869 1.004003 1.050234 0.944286 0.953460 0.939081 0.929058 0.928230 0.921455 0.919750 0.913615 0.905514 0.898325 0.911078 0.901764 0.896522 0.898005 0.895451 0.886382 0.885260 0.890186 0.885918 0.875978 0.878794 0.878423 0.874405 0.886504 0.878879 0.881212 0.868461 0.880390 0.879126 0.877644 0.865993 0.884475 0.877619 0.869657 0.874637 0.880182 0.873883 0.867868 0.873653 0.881264 0.879317 0.882160 0.883105 0.896230 0.885077 0.886127 0.885573 0.889472 0.899751 0.889764 0.894497 0.899591 0.899765 0.911528 0.914673 0.910092 0.918714 0.921555 0.935158 0.939639 0.950332 0.943663 0.945966 1.024207 1.011400 0.998201 1.008653 1.006186 1.006186 0.997330 0.995457 0.991527 1.008205 0.997059 1.000792 1.005793 1.005212 0.993950 0.993138 1.000582 1.002714 0.998876 1.002189 1.003555 1.002637 1.003277 1.004342 1.000169 1.002248 1.001168 0.985892 0.992095 0.998156 0.996840 1.001089 1.003466 0.994362 0.994818 1.005763 1.008564 1.000545 1.006561 1.000303 0.993431 1.001781 0.992532 0.997519 0.993147 1.002508 1.006283 1.002868 0.995986 1.005621 1.003699 1.004134 0.983183 0.995782 0.994940 1.002077 1.002907 1.007060 0.990117 0.996287
0.992691 0.996347 1.002678 0.994732 0.992708 0.996178 0.997662 0.998834 0.996090 0.996238 0.999160 1.003347 0.999790 1.003889 0.995507 1.004650 0.998484 1.004900 1.007088 1.002654 1.003930 0.996314 0.997705 0.991961 0.996689 1.002072 1.008580 0.997513 1.001992 0.998020 1.003923 0.999123 1.002291 1.004943 0.996911 1.003649 0.993270 1.000444 0.997225 0.996258 0.987443 0.993136 0.997204 0.995781 1.004673 0.999536 1.003425 0.999115 0.999860 0.984494 0.993193 0.999322 1.001648 1.000789 0.991310 0.993220 1.008217 1.001370 0.995379 1.000564 0.999176 0.993934 0.996035 0.997578 0.996092 1.016302 1.030528 0.947676 0.954338 0.935505 0.927231 0.923664 0.924193 0.921172 0.906548 0.902341 0.896320 0.901616 0.901637 0.894164 0.890340 0.886959 0.890856 0.886284 0.893258 0.885110 0.883508 0.880126 0.883616 0.890942 0.888969 0.870979 0.873385 0.871407 0.882848 0.873685 0.867463 0.875356 0.871733 0.876882 0.880494 0.875061 0.873317 0.879315 0.876987 0.884523 0.880834 0.873574 0.878833 0.880919 0.883604 0.878652 0.885595 0.888382 0.890554 0.897825 0.893626 0.901668 0.900436 0.903843 0.904438 0.902209 0.920628 0.917454 0.920093 0.925856 0.925354 0.937510 0.941420 0.942173 1.018196 1.019929 1.000109 0.996742 1.000013 1.002985 1.000144 0.996156 0.993658 1.005485 1.006079 1.005274 1.000915 1.001213 0.996454 0.998818 1.007167 0.995775 1.004783 0.998551 1.000138 0.995585 0.991745 1.000566 1.002760 0.995704 0.997392 0.998870 1.002599 0.992763 0.998252 1.004085 1.007044 0.993490 0.993751 0.999583 1.011660 1.006150 1.009167 1.000251 0.987459 1.014623 1.004123 0.994264 0.996551 1.007749 0.998480 0.998626 1.001468 1.012189 1.002061 1.001611 0.991401 1.004869 0.997730 1.006198 1.005388 1.005101 0.997875 0.997564
1.002723 0.991336 0.999867 1.001476 0.994492 0.983785 1.001049 1.004838 0.999709 0.999388 1.002990 0.986044 0.998023 1.002728 0.999391 0.987849 1.000363 0.997285 0.996903 0.997148 1.003513 1.003695 1.005563 1.008159 0.998840 0.998885 1.000981 1.004188 0.992161 0.996924 1.004684 1.001512 0.995737 1.005314 1.000873 1.007686 1.007057 1.000464 1.008989 1.001666 0.994412 0.994957 0.996354 1.004197 1.000013 0.998058 1.006983 1.007558 1.002478 0.999951 1.005470 0.995738 0.993727 1.000369 1.001857 1.005211 0.998220 1.000994 0.997575 1.005092 1.006789 0.994306 0.987595 0.997707 1.001739 1.024867 1.030068 0.945250 0.944083 0.930419 0.922467 0.927172 0.921155 0.923392 0.914788 0.912519 0.907564 0.893961 0.898037 0.901663 0.898680 0.896649 0.888761 0.888944 0.884584 0.885529 0.885366 0.882269 0.873554 0.874554 0.877832 0.875662 0.873955 0.884501 0.869853 0.869271 0.873146 0.881017 0.871759 0.872700 0.868362 0.877815 0.874836 0.876654 0.866866 0.884789 0.880118 0.873608 0.873220 0.888905 0.877355 0.881898 0.882852 0.894458 0.894664 0.893361 0.894546 0.897427 0.894043 0.897817 0.900146 0.909973 0.914576 0.916503 0.921348 0.928328 0.931240 0.936693 0.948722 0.943235 1.028355 1.012908 1.001924 0.994951 1.000930 1.005517 1.001610 0.997173 0.999784 0.994805 1.007647 0.997475 1.000494 0.995367 1.005361 0.997477 1.002542 1.000423 0.997974 1.005777 0.999887 1.001093 0.999657 1.000080 0.992417 1.000197 0.997019 0.990999 0.990388 0.990541 0.995014 0.992429 1.006622 0.988706 0.988658 1.004347 1.002862 1.001077 0.994764 0.997874 0.992925 1.013483 1.006274 0.995831 1.006802 1.009894 0.996545 0.993886 0.999014 1.001109 0.995886 0.994217 1.002210 1.004919 1.003880 0.999903 1.007168 1.003528 1.008205 1.005817
0.996349 0.997484 0.996078 0.999662 0.995033 0.996234 0.995341 1.002357 1.013989 0.999786 0.996144 0.994284 0.995908 0.996408 0.996278 1.000447 0.998575 1.005783 0.988606 1.008014 1.008214 1.000438 1.001114 0.995771 1.000426 0.990552 0.993756 0.993445 0.999679 0.998102 0.994991 0.989616 0.995321 1.012498 1.002498 1.003515 1.004869 1.006911 0.989649 0.999086 0.999250 0.993920 1.005146 1.000887 0.996060 1.003351 0.997585 0.995180 0.993708 1.000265 1.010849 0.991986 0.983280 0.998221 1.001803 0.995522 1.002849 1.003151 1.001317 1.004298 1.007360 1.001076 1.001431 1.008550 1.000847 1.016532 1.045514 0.950841 0.943462 0.937353 0.934329 0.923353 0.920408 0.915771 0.914384 0.912529 0.898780 0.897383 0.897148 0.895381 0.901142 0.900268 0.891498 0.886975 0.882790 0.871305 0.880737 0.880588 0.877737 0.875814 0.871285 0.882393 0.873319 0.873554 0.875141 0.884882 0.885144 0.883432 0.881195 0.872387 0.875442 0.877097 0.873721 0.874776 0.874786 0.879570 0.875697 0.879705 0.876575 0.880038 0.881348 0.894678 0.884813 0.892291 0.892148 0.891256 0.891087 0.897495 0.893929 0.896704 0.894514 0.901367 0.908981 0.921745 0.920374 0.922308 0.925334 0.936932 0.947588 0.947111 1.026772 1.019779 1.014438 1.001531 1.010512 1.007900 1.005537 1.005777 1.003886 1.004720 0.996994 0.998175 0.998296 1.000509 0.996364 1.008998 1.005188 1.003318 1.000096 1.002804 1.002778 1.002044 0.999629 1.002218 0.993200 0.997432 0.999704 1.003936 1.000926 1.006333 1.005444 1.006981 0.998502 0.995095 0.995637 0.996998 1.009570 0.993889 0.985483 0.996570 0.994068 0.994547 1.003581 0.988772 0.996601 1.008231 0.999529 0.991846 0.995393 0.991513 0.987520 0.996054 1.006854 1.005101 0.990411 1.005785 1.005529 0.993808 0.997248 1.003447
1.008631 0.992048 0.998601 1.005721 0.999760 0.995506 0.987282 1.000429 1.002986 1.003263 0.991696 0.995796 0.988930 0.992246 0.998809 1.000690 0.997635 0.999365 1.002087 0.994212 0.999721 0.997573 1.007686 1.008023 1.010814 0.995989 0.997443 0.998993 1.013658 0.999619 0.990680 0.995924 0.998957 0.997545 1.000156 0.996230 1.002510 0.994655 1.005175 0.997463 1.009225 1.001073 1.009286 0.995939 1.000618 1.000433 0.993073 1.002621 0.987520 0.993252 1.008041 0.995670 1.000321 0.993728 0.975596 1.002691 1.002048 0.996534 0.991728 0.996788 1.010513 1.000098 0.991648 1.000750 0.999105 1.011769 1.037548 0.951847 0.932677 0.940697 0.924587 0.927885 0.918893 0.919955 0.906814 0.907503 0.894124 0.904389 0.896452 0.896633 0.900322 0.892241 0.893641 0.890308 0.895097 0.875875 0.883618 0.878916 0.870675 0.877477 0.872131 0.876676 0.875227 0.880152 0.868448 0.868051 0.876121 0.881010 0.878654 0.878460 0.875361 0.876402 0.876122 0.878320 0.870990 0.877497 0.879456 0.879300 0.876807 0.874331 0.884667 0.882439 0.878151 0.889014 0.893778 0.895856 0.897756 0.901418 0.899748 0.907540 0.906149 0.902984 0.917453 0.923377 0.922162 0.917599 0.927187 0.929729 0.942292 0.959122 1.027787 1.008076 1.003052 0.991027 0.997661 1.002796 0.996969 1.012185 1.010267 0.996545 0.996120 0.991512 1.010595 0.998859 0.999560 1.007211 1.002109 1.005125 1.000190 0.992394 0.999636 1.002082 1.002453 0.998711 0.993937 1.003361 1.001367 0.999684 0.995791 1.002669 1.013577 0.997993 0.997596 1.008695 1.003529 1.008689 1.007331 1.006727 0.995601 0.997747 0.993636 0.999546 0.994991 0.994250 1.000418 1.004501 0.995962 1.002527 1.008054 1.002436 1.000923 0.998150 0.996040 0.995542 1.003140 1.007007 1.010053 0.998231 0.988973 1.000553
0.993545 0.994354 1.012786 1.012360 0.999978 0.993718 1.000077 1.007685 1.003415 1.001318 1.013157 0.997130 0.996134 0.995939 0.991601 0.985377 0.998632 1.001650 1.010059 1.012813 0.999492 0.987449 1.000917 1.005830 0.999051 1.001909 0.995434 0.997008 0.992380 0.991813 0.993688 1.012529 0.999336 0.993661 0.993863 1.002850 1.002723 0.988387 0.994154 0.999972 0.995585 0.992935 0.999942 1.006674 1.003719 1.013031 1.003807 0.999789 0.992499 1.004795 1.010210 1.001004 0.997946 0.997547 0.987178 0.999609 0.995335 0.999669 1.002806 0.999410 1.000571 1.001215 0.998652 1.003733 1.000186 1.016034 1.048925 0.952665 0.956440 0.938196 0.927926 0.921758 0.918817 0.920384 0.908867 0.910543 0.901557 0.910078 0.893744 0.894034 0.898968 0.895360 0.896240 0.895997 0.896740 0.880204 0.884677 0.889824 0.874100 0.874812 0.877202 0.869993 0.871903 0.869997 0.872992 0.873108 0.882063 0.888551 0.873668 0.869257 0.875306 0.877512 0.868875 0.872324 0.877981 0.878506 0.873657 0.886208 0.887203 0.882337 0.890772 0.891278 0.889572 0.894193 0.892807 0.892367 0.890330 0.899082 0.903983 0.901980 0.903638 0.899810 0.918152 0.915332 0.922608 0.929768 0.930834 0.942190 0.945305 0.944835 1.046138 1.017818 1.002274 0.998743 1.009065 1.001370 1.005418 1.003846 1.010890 1.008608 1.003877 0.992276 0.997956 0.997757 0.999734 0.997729 0.992485 1.006747 0.996499 0.985287 0.998300 1.002643 1.008739 0.996879 0.999140 0.996080 1.003830 1.000410 1.002519 1.002970 0.989142 1.000519 1.002179 1.008184 0.992051 0.995063 1.007983 1.002134 0.999709 0.996753 1.011096 1.002292 0.995437 0.990918 0.998319 1.003155 1.000907 1.002569 0.995735 0.992092 0.991859 0.993456 0.990304 0.993785 1.000290 0.998381 0.989667 1.005539 0.990364 1.007985
1.002779 0.992951 1.001036 0.999518 0.997736 0.997473 1.002482 0.999611 0.989394 0.993578 0.995794 0.999664 1.005705 0.986635 1.002491 1.000779 0.981003 0.997632 1.003249 1.007256 0.994389 1.005995 0.995502 0.990879 0.996461 1.010564 0.999760 1.000094 0.996422 1.002201 0.992788 0.998734 0.997664 1.005965 1.001328 1.010895 0.997433 1.003472 0.994887 1.012702 0.998359 0.998670 1.004056 0.993533 0.996183 1.011883 0.995552 0.996361 1.006710 0.993979 0.999412 0.999227 0.999573 1.004145 1.002605 1.010287 0.995511 0.995273 1.003397 0.996589 0.993518 1.006785 1.002344 1.002250 1.002040 1.008425 1.053818 0.927386 0.938324 0.940227 0.921774 0.920938 0.916732 0.922498 0.917612 0.905622 0.901365 0.908573 0.911534 0.896638 0.902201 0.900669 0.891842 0.891282 0.892366 0.872924 0.886254 0.882960 0.886612 0.889996 0.883280 0.874369 0.886420 0.872940 0.875122 0.877567 0.878553 0.874934 0.872943 0.869923 0.873393 0.879608 0.876367 0.874184 0.886209 0.884372 0.883291 0.877785 0.890236 0.881279 0.886176 0.884546 0.893664 0.897629 0.879726 0.894746 0.899129 0.897171 0.903758 0.893213 0.901003 0.902700 0.906424 0.918342 0.918748 0.928936 0.946233 0.939569 0.935532 0.938908 1.066579 1.014461 1.002126 0.997139 0.997479 1.001285 0.999191 0.994499 0.995349 0.998437 0.995574 1.006949 1.000105 0.992628 0.999041 1.000894 0.999492 1.007018 1.000568 1.004178 1.000890 0.998078 0.995400 0.998943 0.988685 1.001757 1.005452 1.001248 1.001672 1.004652 1.004750 1.001954 0.994144 0.996934 0.997019 0.995750 1.011856 1.004438 1.000328 1.002517 0.999541 1.005714 0.998748 1.003257 0.989884 1.002989 1.005817 1.009190 1.003513 0.995228 0.987433 0.998556 1.002464 1.002215 1.007362 1.005304 1.001735 0.990936 0.984988 0.989309
0.998470 0.996657 0.993659 1.004121 1.003375 1.004678 1.003433 1.001570 1.007703 1.011687 1.001722 1.004946 0.998784 0.994580 1.008931 0.992313 1.000327 1.000057 0.996556 1.010427 1.014918 1.000478 0.995895 1.005063 1.002114 1.010045 0.996846 0.989201 0.997626 0.994368 0.997959 0.999197 1.003194 1.003658 1.005797 1.010020 1.001692 1.005191 0.998205 0.989084 0.992755 0.991565 0.999504 1.004652 0.998370 0.996010 1.000172 0.991396 0.993700 0.995224 0.991278 1.001989 0.992278 0.995024 0.995645 1.003512 0.990769 0.994761 0.997966 0.998904 0.996790 1.010691 0.999338 0.996850 0.995668 1.010630 1.067993 0.917125 0.941172 0.940749 0.936176 0.926571 0.918057 0.914096 0.916302 0.916701 0.906211 0.901306 0.907699 0.901403 0.902453 0.897377 0.904433 0.899185 0.889968 0.885958 0.883622 0.879860 0.883616 0.877139 0.884437 0.874612 0.874218 0.878087 0.873878 0.875998 0.881451 0.871955 0.872457 0.870502 0.883925 0.877275 0.878121 0.873493 0.885780 0.885114 0.883952 0.884289 0.882083 0.888945 0.892788 0.888001 0.886595 0.888447 0.886308 0.884686 0.889822 0.897881 0.897116 0.896529 0.904634 0.909660 0.914157 0.925215 0.932910 0.936839 0.937876 0.944109 0.948310 0.929940 1.078891 1.004632 0.995100 1.005386 0.995915 1.002844 1.003954 1.001462 0.988516 1.007372 0.997162 1.000903 0.996708 0.992159 0.986813 1.004295 0.996955 1.000376 0.996356 0.994478 1.003169 0.998960 0.992913 1.004454 0.993124 0.992326 1.002743 0.999360 0.994701 1.004394 1.001163 0.994558 0.995482 0.988659 0.998669 0.986052 0.994106 0.995498 0.999027 1.000765 0.985687 0.988265 0.990704 0.999129 0.988832 0.993387 1.008322 1.001173 1.000465 0.993072 0.990653 0.993078 0.996764 0.989462 0.994971 0.999484 1.005715 1.004123 0.998735 0.998461
1.000257 1.000772 0.996433 1.009825 1.004064 1.004434 0.997051 0.999580 0.995067 1.008302 1.004505 1.001161 0.991879 0.991884 1.002831 1.001435 1.002535 0.999842 0.993468 1.004434 1.010960 0.997239 0.997204 1.000619 1.012838 1.000911 0.995218 0.989883 0.987515 0.999740 0.997642 0.997759 1.011191 1.003649 1.000955 1.003270 1.002178 1.000463 0.993785 0.999473 0.989024 0.995891 1.006681 1.005975 1.000533 0.999554 0.997880 0.992551 0.989184 0.991560 0.985543 1.006952 0.994096 0.991646 0.989608 1.003249 0.991150 0.999195 0.995634 0.993843 0.994647 1.010145 0.997870 1.000553 1.007412 1.006788 1.100325 0.932255 0.940734 0.936007 0.936723 0.930387 0.917193 0.915632 0.913104 0.912951 0.905474 0.904038 0.893688 0.908311 0.894318 0.894658 0.888284 0.895214 0.897863 0.877552 0.883291 0.879030 0.897225 0.878288 0.874267 0.877155 0.879930 0.880627 0.881126 0.870176 0.884376 0.882725 0.877073 0.879497 0.869478 0.874170 0.872912 0.875877 0.874825 0.871351 0.878938 0.881807 0.890996 0.879457 0.880184 0.885166 0.889436 0.891766 0.893930 0.889784 0.892594 0.898611 0.893351 0.904212 0.906685 0.912542 0.905776 0.917760 0.919600 0.928376 0.930130 0.939602 0.942691 0.929320 1.091463 1.007714 0.999912 1.013555 1.009817 1.018395 1.006387 0.997527 0.996814 1.005975 1.004141 1.003521 0.999617 0.994697 0.990934 1.003056 0.995625 1.000399 1.000456 1.014684 1.004859 1.001158 0.993789 0.997304 0.995823 1.005297 1.007138 1.003097 0.997185 1.009487 1.006369 0.997942 0.985833 1.000682 0.999618 0.993511 1.006055 0.997589 1.001263 0.991787 1.006646 1.008818 1.003876 1.006827 0.982347 0.996182 0.997551 1.001077 0.994561 1.003159 0.993801 0.994684 1.002720 0.998622 1.001122 0.999293 0.997194 1.005082 0.994740 0.990255
0.991876 0.994763 1.002298 1.000105 1.002775 1.008881 1.003495 1.003098 1.004288 0.998945 1.017892 1.004093 0.992764 0.991428 0.994548 0.998739 0.997271 1.008070 0.999447 0.999648 0.990582 0.995999 1.004190 0.997430 1.003302 1.001216 0.996892 1.008736 1.008283 1.002513 1.003543 1.008451 1.009909 1.005373 0.995711 0.995495 0.986108 0.999887 1.006443 1.006685 0.991354 0.999486 1.002299 1.001806 0.994292 0.997684 0.999338 0.999000 0.996997 1.005726 1.002608 1.003253 1.002818 1.006222 0.997795 1.004157 0.995762 1.002505 1.000314 0.995578 1.012223 0.992240 0.994917 0.982298 1.004288 1.005902 1.048117 0.987450 0.947102 0.944150 0.947261 0.928746 0.925234 0.920631 0.921653 0.907408 0.904225 0.901458 0.906806 0.906554 0.896391 0.890045 0.894647 0.893267 0.894597 0.893493 0.879264 0.871080 0.883034 0.888305 0.877966 0.873978 0.879707 0.882742 0.884279 0.885809 0.869401 0.876070 0.870922 0.874385 0.858116 0.867562 0.881863 0.871564 0.899301 0.891107 0.873875 0.891382 0.891951 0.884276 0.886110 0.889173 0.892673 0.890196 0.887758 0.893829 0.889771 0.890746 0.895003 0.907006 0.916188 0.916795 0.910684 0.923504 0.925312 0.927017 0.932480 0.937635 0.943450 0.977092 1.043359 1.002568 0.999048 1.007399 0.997365 1.000857 0.996131 1.002700 0.994595 1.007047 1.002328 0.997822 1.004924 0.996730 1.007084 1.004698 0.999165 1.001423 0.984344 1.012243 1.003569 0.999796 0.993562 0.994965 0.999433 1.013655 0.994643 0.998526 1.001231 1.015476 1.007291 1.005678 0.995896 0.998571 0.995103 0.986065 0.997214 1.003857 1.008080 0.994729 1.000748 0.992786 1.007261 0.999070 0.992180 0.993348 0.991020 0.995724 1.002896 0.993091 0.998199 0.992000 0.998209 1.008604 1.012868 1.007041 1.002910 1.002487 1.003745 1.001791
1.000303 0.997072 1.011360 1.000243 0.999318 0.997028 0.995260 0.997122 0.989680 0.994916 0.997436 0.998776 0.994749 1.000722 1.005329 1.001975 0.998440 0.994664 0.995002 0.990899 0.992716 1.003143 0.993287 1.005302 0.986245 0.986111 0.999459 0.995017 0.998268 1.001582 1.002192 1.009388 1.002211 1.000218 1.001439 0.995414 0.995276 1.006746 1.006995 0.998971 0.994079 1.013224 1.001037 1.002639 1.004861 0.996107 1.001819 0.998909 1.010405 0.994401 0.993955 0.996222 1.005660 1.006349 1.001311 1.009336 0.987588 0.999851 0.997340 1.005791 1.011186 0.996772 0.997733 1.000388 0.999095 0.992182 1.018747 1.043890 0.954612 0.943423 0.934010 0.933275 0.922357 0.921565 0.918295 0.923647 0.907826 0.896339 0.901613 0.894993 0.899905 0.891714 0.894850 0.909517 0.892958 0.891014 0.883820 0.880832 0.884205 0.883850 0.881783 0.884158 0.879753 0.874845 0.875048 0.883964 0.875806 0.879541 0.875577 0.876773 0.874573 0.884528 0.893217 0.880727 0.884786 0.881751 0.878817 0.885389 0.888315 0.881167 0.879851 0.880194 0.888023 0.884606 0.901001 0.895623 0.899995 0.897488 0.900318 0.905126 0.908429 0.921433 0.912467 0.919130 0.925167 0.925430 0.928905 0.940385 0.951356 1.025151 1.015593 1.002884 1.007319 1.007091 1.001037 0.991243 1.004027 0.997885 1.005343 0.992011 0.999828 1.002121 0.991416 0.991561 1.001372 1.001453 0.989678 0.995418 0.999281 0.993766 0.996499 1.004276 0.996076 1.005869 0.994525 0.986795 1.003469 1.002258 1.005124 0.999417 0.988358 0.998008 0.996207 0.993212 1.001182 1.009854 0.993903 0.988843 1.001607 0.998270 0.998967 0.998782 0.996556 1.003119 0.997080 1.004268 1.002921 1.001192 0.997410 1.002334 1.000535 0.991768 1.001300 1.008392 1.009984 1.000577 1.002977 1.005889 1.011324 0.996628
0.995494 0.997653 1.001899 0.992144 1.009915 0.998571 0.992169 0.989278 1.004175 1.002339 0.998540 1.000111 0.997421 0.995608 0.999889 1.003625 0.997102 0.993020 0.999930 0.997335 0.994583 1.000190 0.997647 1.006360 1.000365 0.992563 0.991747 1.003055 1.009249 0.998000 0.999671 0.988523 0.995570 0.998490 0.982617 0.993868 0.998946 0.990623 0.999795 0.999061 0.999743 0.993226 0.999666 1.004440 1.014925 1.007497 1.008150 0.997888 0.998063 1.004030 0.991799 0.987205 0.998402 1.006345 0.997723 1.013548 0.997607 1.002145 0.995137 1.012195 1.014017 1.002739 0.993365 0.996039 0.995698 1.014054 1.014059 1.075606 0.931640 0.948793 0.943134 0.936872 0.930239 0.923549 0.926811 0.923700 0.907418 0.902863 0.901605 0.900453 0.896021 0.891791 0.894041 0.892453 0.889236 0.885853 0.890708 0.883175 0.875998 0.878658 0.883530 0.885647 0.884121 0.891784 0.879771 0.881523 0.874572 0.874288 0.870867 0.882428 0.876390 0.875174 0.876690 0.882592 0.879881 0.878452 0.885500 0.877351 0.889773 0.885657 0.900139 0.894973 0.891387 0.890437 0.900511 0.902712 0.908084 0.901688 0.900780 0.909803 0.905462 0.916456 0.921044 0.924851 0.929953 0.923123 0.934174 0.949328 0.947618 1.055811 1.002851 1.003049 1.001207 1.000128 0.999217 0.993461 0.993917 0.992397 1.003134 1.006561 0.995239 1.000956 0.994618 1.002383 0.994838 1.000882 1.012235 1.000423 0.987902 0.998669 0.997111 0.999493 1.006488 1.002202 0.993680 0.991626 1.007037 1.000974 1.000762 1.006482 1.005642 1.007097 1.002936 1.003813 1.010545 1.009336 0.997335 0.992007 1.003992 1.003937 1.004173 0.998629 0.996642 1.003332 1.004470 1.003361 1.009683 1.005773 0.996764 0.992578 1.001547 0.997015 0.995465 1.003458 1.005179 1.012066 0.999277 1.006256 1.004707 0.996581
1.003809 1.003315 1.006332 0.999625 1.007800 1.000547 0.991689 0.995507 0.997136 1.002925 0.997375 0.991673 1.002214 1.002475 1.001957 1.003374 1.003914 0.992335 0.991704 1.005919 0.991814 0.999484 1.002231 1.004880 0.994568 0.988390 0.994563 0.991011 0.991540 0.997429 0.996244 0.998202 0.998485 1.002357 0.997806 0.991155 1.001211 0.997297 1.002290 0.999792 0.990456 0.998250 1.009847 1.004562 1.007108 1.012758 1.000425 0.996656 0.999132 1.003974 0.989685 1.004794 1.006792 1.002869 0.999890 1.019372 0.999552 1.010973 1.008155 1.013637 1.005602 1.007607 0.999634 0.999435 0.997279 0.999143 1.006626 1.089421 0.931626 0.939477 0.947034 0.932693 0.934710 0.926101 0.918841 0.915653 0.922260 0.920119 0.900734 0.899873 0.896454 0.893741 0.882650 0.898715 0.899848 0.892212 0.888922 0.878335 0.887202 0.877065 0.885741 0.869933 0.884293 0.884507 0.879194 0.878698 0.879179 0.881285 0.888319 0.886877 0.894228 0.879717 0.872124 0.876373 0.875249 0.886690 0.891941 0.885528 0.883209 0.883066 0.898052 0.894048 0.905759 0.894477 0.887980 0.902389 0.902420 0.896840 0.904630 0.911590 0.910761 0.927974 0.922288 0.926468 0.936117 0.931952 0.936156 0.950959 0.956232 1.064712 0.994912 0.992680 0.998163 1.002884 1.001670 0.999853 1.004198 0.993027 1.011802 0.998138 0.993342 0.998273 0.994740 1.010989 1.000902 0.998699 1.000126 0.995321 0.998729 0.997131 0.995278 0.997061 0.993869 0.990312 0.995689 0.988502 0.992230 1.000527 0.998325 1.007490 0.997984 0.997445 1.004780 0.998344 0.997328 1.008168 0.999990 0.995761 0.999581 0.997945 1.003545 0.998595 0.993659 0.996986 1.006313 0.993898 0.994633 0.990836 1.004762 0.999793 1.001421 1.008032 1.001272 1.008268 0.999329 1.006227 1.001323 0.997933 1.009417 1.003004
1.003059 1.003260 1.002523 1.000200 1.007069 0.995522 0.993792 1.005026 1.005881 1.003847 1.000951 0.990898 1.008365 0.994005 1.001742 0.995216 0.996799 1.000159 1.009874 1.009450 1.005087 0.991970 1.012135 1.003106 0.993577 0.997111 0.998061 0.998520 1.006206 1.012498 0.998168 1.000909 0.993951 0.997502 1.000725 1.006725 1.002553 0.995974 0.993199 0.999253 0.994198 1.012533 1.007685 1.000834 1.009489 1.006602 0.997017 1.010844 1.007438 1.005790 1.005129 1.009488 0.995282 1.000895 1.009151 0.994661 1.002324 0.999983 0.996492 1.004623 1.000874 0.992916 1.008615 1.003785 1.004080 1.005084 1.004795 1.035589 1.018126 0.929347 0.944792 0.944467 0.945877 0.937927 0.930449 0.921858 0.918203 0.916036 0.896075 0.904053 0.910567 0.909820 0.891611 0.901929 0.892932 0.903906 0.891873 0.884842 0.889113 0.887012 0.889052 0.880945 0.884448 0.878431 0.887849 0.883118 0.882524 0.886158 0.883134 0.883284 0.887119 0.888016 0.875250 0.882432 0.877485 0.878853 0.885700 0.890350 0.887356 0.885467 0.881832 0.888936 0.896950 0.896954 0.887742 0.895284 0.908997 0.905195 0.904572 0.909898 0.920499 0.924319 0.930594 0.923905 0.929591 0.933534 0.941361 0.950521 1.026044 1.029459 0.998725 1.016320 0.997971 0.998471 1.003057 0.999889 1.006718 1.001574 1.011765 1.004097 0.992324 1.000363 0.998496 0.997617 0.990672 0.989961 1.002679 0.997564 0.992655 0.994372 0.993222 0.993930 0.990153 0.990735 0.993199 0.999057 0.994746 0.995148 0.986337 0.992275 0.997952 1.005867 1.007919 0.990625 1.005621 1.002377 0.997885 1.003258 1.006883 0.995605 1.003400 1.008109 0.998148 0.999850 1.004692 1.008063 0.994618 1.004968 1.001701 1.004885 1.006931 0.997558 0.991945 0.998411 0.995175 1.002225 1.007477 0.998662 0.994700 1.003037
0.998950 0.998839 0.995475 0.999494 1.001112 0.993711 1.000384 1.000878 0.994851 1.006080 1.004527 1.001232 0.998209 0.984360 0.987890 0.997408 0.993530 1.001204 0.999523 0.996587 1.004954 1.002552 0.995917 1.004778 0.995914 0.992598 1.000711 1.004242 0.991131 0.999572 0.995607 0.985583 0.987701 1.001061 1.006215 0.993820 0.999263 0.991128 0.998858 1.002952 0.998327 0.990394 1.003972 1.005537 0.999132 1.002630 0.991664 0.996913 0.986414 0.998825 0.998320 1.006627 0.999318 1.000252 1.005865 0.996763 1.003185 0.995196 0.993401 1.000878 1.003990 1.000783 0.997066 0.996715 0.995360 1.001000 1.003365 1.007597 1.069305 0.927681 0.932580 0.941011 0.929542 0.930275 0.926333 0.922696 0.919843 0.911128 0.913432 0.907130 0.897367 0.901752 0.899031 0.903685 0.893915 0.889924 0.893711 0.890166 0.889872 0.884255 0.889416 0.886406 0.888705 0.886059 0.880142 0.878776 0.889081 0.893753 0.890677 0.878978 0.889862 0.884281 0.875088 0.881012 0.876424 0.883306 0.884329 0.890629 0.885849 0.884628 0.888146 0.887523 0.887993 0.890867 0.904668 0.898270 0.909040 0.921218 0.916262 0.916711 0.920116 0.926950 0.924692 0.932448 0.931383 0.946573 0.952656 0.940519 1.078996 1.008021 1.013346 1.007311 1.001281 1.006761 0.999179 1.000917 0.997681 0.997248 0.999603 0.995373 1.003816 1.009432 1.010387 0.995481 0.996441 0.994807 1.002903 0.997631 1.001018 1.011269 1.001855 0.991756 0.995868 1.002503 1.007339 0.998796 0.997088 1.000744 1.002640 1.007611 1.012239 1.007702 0.999057 0.998236 0.999153 0.997888 1.007908 1.002711 0.986066 0.994550 1.003952 1.005588 0.998511 1.003788 0.996265 1.005492 1.002174 0.998199 1.002290 1.006816 0.997251 0.997752 0.994128 0.986708 1.002588 1.004116 0.998799 0.998918 0.999596 1.003695
1.006024 0.994725 0.991558 0.995163 1.006813 0.999314 1.002894 1.003853 0.987499 0.997046 0.992936 0.992017 1.000805 0.994388 1.005855 0.995013 0.992006 0.999439 1.004530 0.999300 0.997237 0.997126 1.008161 0.986088 1.005179 0.995136 0.992799 1.001138 1.001123 1.005665 0.995470 1.001221 1.006895 1.006490 0.993702 0.996259 0.997167 0.998896 0.992523 0.989524 0.996435 0.993180 0.993474 0.990271 0.993292 1.004378 1.002710 1.004084 1.008078 0.998483 0.998020 0.998402 1.012879 1.007402 0.987773 0.991670 0.991239 0.993670 0.992485 0.997008 0.999205 0.997001 1.001475 1.004252 1.004654 1.006168 0.999789 1.007494 1.061749 0.973717 0.943516 0.945345 0.936439 0.937060 0.924385 0.921360 0.918990 0.914714 0.914424 0.900882 0.906961 0.912592 0.908074 0.905806 0.899886 0.895183 0.894581 0.891608 0.883518 0.882748 0.893348 0.883822 0.891671 0.879793 0.889369 0.876065 0.885521 0.889262 0.885307 0.882012 0.887276 0.885140 0.888185 0.880108 0.891223 0.887732 0.890358 0.896686 0.885728 0.886001 0.888496 0.886282 0.889759 0.894881 0.913928 0.906103 0.912587 0.916473 0.925183 0.913494 0.924364 0.926809 0.927185 0.935521 0.938694 0.937507 0.959148 0.993840 1.050924 1.004640 0.999017 0.997470 1.009108 1.006185 1.003738 1.006653 0.999477 0.996122 0.999070 1.016878 1.000692 1.003432 1.000113 0.997995 1.000909 0.997376 1.003142 0.997515 0.997493 0.996955 1.003034 1.006133 1.006035 1.002433 0.993598 0.993666 1.012998 0.999393 0.999648 0.999671 0.995938 0.997316 1.000906 1.001823 1.003580 0.994333 0.996500 0.993532 0.996657 1.007966 0.989695 1.006737 1.003266 1.003164 1.006396 0.997210 0.996433 0.987450 0.999950 0.998106 1.002782 1.005668 1.005921 0.997535 0.996362 1.004018 0.996724 0.999967 1.009613 0.988705
1.001426 0.999813 1.004070 0.999180 1.000719 0.990866 1.000127 1.003839 0.999367 0.997114 0.993895 0.994035 1.002374 0.998981 1.004403 1.009169 0.999459 1.001373 0.988924 0.995172 0.998133 0.995170 1.006826 1.005060 1.004151 1.000494 0.996878 1.004660 0.997847 1.000345 1.002001 1.004164 1.003057 0.992939 0.995292 0.997428 1.000119 0.995349 1.005049 1.002099 0.998795 1.000367 1.007532 1.005030 0.996964 0.993162 0.995492 1.006659 1.010151 0.987023 0.991270 1.001330 0.996275 1.002563 1.005542 0.997196 0.988959 1.000498 0.999743 1.002616 0.996068 1.002411 1.001378 0.997381 1.001620 1.005575 0.999949 1.003485 1.015991 1.061966 0.926317 0.938904 0.926969 0.940988 0.932435 0.921538 0.934113 0.926486 0.916702 0.913450 0.899604 0.903702 0.905817 0.899336 0.892076 0.892240 0.886287 0.895690 0.884200 0.891654 0.890310 0.891844 0.889945 0.893916 0.894175 0.894778 0.892441 0.883332 0.887417 0.891940 0.886124 0.892868 0.888349 0.889057 0.888073 0.896867 0.899392 0.892817 0.880036 0.890836 0.889437 0.900938 0.895391 0.889927 0.911797 0.914186 0.909678 0.917964 0.913864 0.920423 0.929509 0.939861 0.921254 0.938583 0.942595 0.938615 0.938329 1.076943 1.014164 1.004779 1.001956 0.994300 1.010016 1.007498 1.002101 0.996275 0.993885 1.001314 1.000116 0.997482 1.003199 0.992922 0.988209 1.001763 0.995602 0.996091 1.002776 0.997568 0.999426 0.993530 0.995453 1.013553 1.002195 0.993381 0.999038 0.998007 0.997487 0.999358 0.995738 0.999320 0.997840 0.991247 1.003092 0.999620 1.007920 0.997003 0.997921 0.998774 1.005674 0.998268 1.003887 0.992545 1.010132 1.006005 1.004867 1.002577 1.000329 0.997889 0.996637 0.994853 0.997174 0.995058 0.995241 0.998735 1.004548 1.008864 0.998551 0.996275 1.007143 0.992775
1.008308 1.011271 1.000873 0.994244 0.993881 0.990094 1.005608 1.000339 1.000007 1.001847 0.996863 0.999650 1.007555 1.000418 1.001994 0.996559 1.001945 1.001907 0.994167 0.995154 1.008651 1.003113 1.004017 1.008269 1.002707 1.002801 0.996722 0.999727 0.995669 1.003736 1.001527 1.005638 0.992203 0.993430 1.007882 1.001416 1.002705 0.997664 1.004338 1.006354 1.012562 0.996628 1.007218 1.009110 0.998647 1.006461 1.010208 0.999912 0.994816 0.994239 1.003469 0.995223 1.000358 1.006378 1.004058 1.000022 0.991305 0.992063 0.999025 1.009460 0.993031 0.993216 0.993385 1.005009 0.994482 1.013065 0.995130 0.992496 1.009988 1.075289 0.992760 0.931937 0.930904 0.940797 0.931211 0.925871 0.932111 0.920419 0.913191 0.915008 0.900994 0.900160 0.919958 0.910998 0.903079 0.897736 0.904347 0.912073 0.892995 0.890719 0.895546 0.888360 0.882007 0.885821 0.884530 0.900068 0.884410 0.881643 0.886048 0.877909 0.895827 0.883923 0.883517 0.893130 0.892541 0.902015 0.892383 0.890967 0.887043 0.896606 0.888221 0.900395 0.898657 0.897819 0.899262 0.907529 0.908035 0.910510 0.909383 0.916055 0.926082 0.926886 0.936041 0.938719 0.952964 0.930912 0.969526 1.070134 1.017262 1.016271 1.003185 0.993510 1.001074 1.002226 1.004327 1.001075 1.003318 0.996510 1.006109 1.000143 0.997860 0.990266 0.997930 0.991509 1.008939 0.999151 1.004163 1.003283 0.999840 1.001374 0.997351 1.004466 0.999661 0.999724 0.993133 0.991263 1.003310 1.000983 1.001858 0.992123 0.991428 0.996127 1.000242 0.995709 1.008440 0.999535 0.991260 1.000792 0.996462 0.991898 0.996505 0.999654 0.991370 1.003346 1.000970 1.006879 0.998491 1.004232 1.009015 1.002466 0.996779 1.003644 0.999048 0.997257 1.000330 1.009761 0.997422 0.997359 1.003626 0.994446
1.005084 0.998035 1.002251 1.002845 0.997115 0.994573 1.003578 0.994944 1.001991 1.000709 0.997590 1.014672 1.013790 1.008553 1.001863 1.000539 0.999748 1.007534 0.997257 0.988982 0.997826 0.998502 1.005277 1.013503 1.004097 1.002852 0.995198 0.998930 1.000504 0.997966 0.998622 1.000113 0.998576 0.999545 0.998667 0.996133 0.999883 1.001326 0.999324 1.001100 0.997887 1.002138 0.998927 0.998411 1.008439 1.005197 0.994598 1.003410 0.997544 1.002446 0.995145 0.999702 1.013433 1.000434 0.997004 0.997923 0.998367 1.010674 0.994620 1.004860 1.002109 0.999230 0.995853 1.004236 0.998011 0.997551 0.998574 0.998448 1.001070 1.016049 1.077434 0.943058 0.941692 0.948942 0.929952 0.928586 0.930206 0.920541 0.922044 0.918441 0.905609 0.903262 0.919203 0.913970 0.905478 0.902157 0.906901 0.896698 0.897658 0.894931 0.891555 0.892047 0.893570 0.888572 0.877375 0.896016 0.891332 0.894513 0.898192 0.887313 0.891687 0.882910 0.890441 0.897342 0.885048 0.890866 0.893682 0.891099 0.895968 0.902479 0.905639 0.894311 0.899300 0.913947 0.904839 0.917932 0.911588 0.906608 0.909389 0.915585 0.922149 0.933445 0.935214 0.952508 0.932589 0.929926 1.064846 1.023220 1.005079 1.004272 1.000001 0.993823 0.993887 0.995576 1.012032 0.996155 1.009559 1.002449 1.015306 1.003322 0.992301 0.999527 1.001022 1.006281 1.014506 0.993686 1.000611 0.997479 0.997522 1.011709 1.001029 1.002543 1.001028 0.999476 0.996769 0.991347 1.000413 1.002048 1.000090 0.990892 0.998716 1.000625 1.002215 0.996058 1.006706 1.013470 0.993758 0.999588 0.997441 0.997944 0.997335 0.995574 0.993829 1.002285 0.993755 1.002879 1.001173 0.996646 1.003670 0.995739 0.998799 1.010778 1.006705 1.000518 1.003518 1.002489 1.003278 0.991950 0.996655 0.999929
1.004687 1.007566 1.001935 0.999833 0.992657 0.995965 1.003926 0.995050 1.003396 0.994585 0.983343 1.007165 1.013304 0.994089 1.002324 0.995585 0.988733 1.006652 1.006100 0.999747 0.997592 1.005411 1.005024 1.007396 0.988850 0.998476 0.994118 1.001017 0.989127 0.991833 0.999551 0.995980 0.988843 0.993874 1.003769 1.000696 1.003229 0.999261 0.986464 1.005974 0.998639 1.002782 0.999689 1.002237 1.013805 1.007218 0.991971 1.002463 0.993883 0.991774 0.992951 1.002007 0.998326 0.993105 1.005870 1.000076 1.006232 1.006447 0.999425 0.994701 0.990238 0.998549 0.996399 0.995267 1.004088 0.999250 0.998030 0.999442 1.002684 1.000662 1.041587 1.001149 0.952710 0.948002 0.945370 0.940013 0.930430 0.931104 0.917710 0.927070 0.913270 0.918057 0.907593 0.907038 0.906221 0.897831 0.900185 0.896905 0.897328 0.905568 0.900996 0.897907 0.888272 0.887329 0.889923 0.897958 0.895390 0.890728 0.899070 0.886740 0.884150 0.890084 0.888867 0.904707 0.898639 0.889692 0.894105 0.897310 0.888403 0.900369 0.905281 0.899049 0.912092 0.905422 0.911555 0.915817 0.916204 0.925748 0.927917 0.926753 0.939123 0.935210 0.941704 0.932740 0.941901 1.014170 1.051602 1.015569 0.997421 1.004218 1.003530 1.008413 1.000033 0.994933 1.000887 0.988293 0.996294 0.992909 1.000603 0.999176 0.994851 1.006115 1.005831 0.999584 0.991086 1.000580 1.001505 0.990887 0.991023 1.009217 0.994865 1.005222 0.998224 0.996059 1.004954 0.993815 1.002840 1.000545 1.002485 1.012287 1.004076 1.002515 1.005219 1.003555 1.011272 0.997854 1.005266 0.998826 0.990776 0.989008 1.002150 1.000626 1.009193 0.998400 0.996095 1.000445 0.991111 0.998302 0.993408 0.994895 1.003358 1.009473 0.993958 0.986566 1.001373 0.999915 1.010482 0.992393 0.998845 0.994306
0.999047 0.997522 0.997171 0.993154 0.995457 1.001003 1.003458 0.988139 1.008551 0.997513 0.999788 1.000842 1.002033 0.991756 0.998077 0.996096 1.003130 1.000764 0.995602 0.997592 0.997968 1.007987 1.004486 0.998568 0.995057 0.999764 1.000521 0.997571 0.995201 1.002361 0.998804 1.014046 1.012287 1.000926 0.997782 0.988834 0.993056 0.995121 0.990710 0.996532 1.009124 0.999593 1.003583 0.999005 0.997751 1.010831 1.001105 1.005443 0.991155 0.996284 1.005774 1.003196 0.993486 0.992322 1.004197 1.000261 1.002784 1.000309 0.993598 1.000738 0.986262 0.987682 1.009023 1.001553 0.999507 0.999636 0.986534 0.999968 1.001882 1.004495 0.998515 1.063645 0.944132 0.952937 0.954135 0.946307 0.935226 0.926544 0.929477 0.930172 0.913344 0.912269 0.911972 0.913806 0.917591 0.903773 0.907858 0.897637 0.906793 0.900766 0.904117 0.906099 0.888636 0.895527 0.888057 0.888685 0.890414 0.892072 0.891516 0.897622 0.890442 0.894766 0.904153 0.893029 0.899449 0.908079 0.897752 0.895098 0.889256 0.900218 0.909635 0.911514 0.908220 0.912976 0.917853 0.920728 0.913091 0.921622 0.925805 0.933482 0.939968 0.940553 0.943593 0.930205 0.952751 1.073900 1.017087 0.999068 0.991400 0.995920 0.997290 0.994240 1.005154 0.995786 1.009277 1.004726 1.000526 0.997257 0.998430 1.000345 0.986014 0.992153 1.003499 0.997559 0.996332 1.001012 0.986176 1.000959 0.992462 1.010704 1.001593 0.998123 1.000838 0.997771 1.005303 0.997112 1.009453 1.006143 1.008728 1.003998 1.004248 0.997871 0.999744 0.999035 0.998730 1.002220 0.999693 0.987341 1.009310 0.997353 0.992562 0.997581 1.009655 1.002613 0.996821 0.997172 0.998344 1.005849 1.009317 0.995984 1.002945 0.996846 0.996864 0.995441 0.997638 1.001097 1.004181 0.996177 0.992471 1.001376
1.003119 1.001448 1.003501 1.006986 0.998280 0.994183 0.997852 1.003792 0.995317 0.997961 1.003929 0.989614 0.995573 0.996511 0.994029 0.997811 0.999566 1.001629 1.008216 0.997738 0.983384 0.999953 1.006351 0.997387 0.997528 1.004959 1.009953 1.003474 0.995511 0.991638 1.002936 0.994609 0.994857 0.998913 0.993302 0.994145 0.993554 0.992108 1.005814 1.008778 1.014406 1.002836 0.994084 0.998978 0.994215 1.003321 1.014296 1.014047 0.996519 0.998578 1.012471 0.999155 0.995190 1.010705 0.998869 0.999859 1.005815 0.998100 0.999286 1.000892 1.005625 0.998973 1.006792 1.005905 1.001984 1.000775 0.994815 0.989851 1.004600 1.008546 1.002767 1.019326 1.056560 0.944350 0.946056 0.937564 0.936384 0.931191 0.919100 0.929994 0.925782 0.919026 0.916203 0.919831 0.914923 0.920157 0.914673 0.910784 0.898785 0.907905 0.898708 0.898833 0.890619 0.899214 0.895460 0.893618 0.887493 0.889142 0.889716 0.895930 0.900011 0.893117 0.894411 0.888875 0.900288 0.899675 0.897802 0.895423 0.899455 0.910602 0.918669 0.911200 0.908895 0.914565 0.919723 0.922071 0.913350 0.914838 0.927340 0.942904 0.942575 0.942085 0.940878 0.921272 1.061956 1.025657 1.004333 0.999008 0.996626 1.000913 1.001567 1.003581 1.006598 1.004489 1.004569 1.004994 0.999272 0.988566 1.002101 1.000692 1.003394 0.988673 0.998875 0.989975 0.999203 1.016059 1.000043 0.998098 1.001091 1.010012 1.004614 0.999260 1.009258 0.993164 1.001194 1.017094 1.003361 1.003035 1.011265 1.004490 0.998770 1.003958 1.000551 1.001999 1.004310 0.994849 0.989985 0.995601 1.011240 0.992045 0.988492 1.007013 1.003030 1.003602 1.000627 0.995557 0.993276 1.004843 1.007407 0.998073 1.002920 0.991646 0.986421 0.996036 0.994591 0.997336 0.997510 0.998909 0.988920 1.003987
1.005000 0.999144 0.990373 0.998559 1.003779 0.995908 1.007076 0.998123 0.993930 1.006484 1.012044 0.993745 0.999282 1.003713 1.000797 0.997769 0.999462 1.004390 0.997882 1.002123 0.996897 0.997703 1.006590 0.998033 0.996752 1.004341 1.008257 1.004662 1.000579 0.999013 0.999814 1.005524 0.989652 0.999896 0.992759 1.007810 0.997069 0.999391 1.000327 1.002592 0.995126 0.989825 0.998837 1.002157 0.999134 0.992656 1.002741 0.995511 0.990012 0.990168 0.999871 0.990792 0.986014 1.007557 1.003177 0.996811 0.997611 1.010858 1.002686 0.996482 0.996947 1.008936 1.004665 1.000998 1.000727 0.996237 0.999036 0.997878 1.004346 0.995900 1.000107 1.007267 1.034062 1.030445 0.939283 0.964078 0.945239 0.925729 0.926564 0.939308 0.927785 0.924336 0.920544 0.914179 0.922592 0.920582 0.903250 0.913515 0.916327 0.910543 0.903196 0.902600 0.891870 0.903308 0.895126 0.899960 0.896215 0.891853 0.901003 0.906129 0.899863 0.899418 0.897625 0.902731 0.899540 0.898524 0.904175 0.905200 0.903236 0.906911 0.915728 0.913876 0.920694 0.913655 0.913936 0.929831 0.938994 0.928468 0.932137 0.946876 0.946016 0.950091 0.946284 1.024671 1.030400 1.003804 0.999951 1.002496 0.995938 1.001257 1.002773 0.995368 1.001270 1.001747 1.001131 1.007981 0.993057 0.992520 1.001373 0.996938 0.998354 0.999687 0.994677 0.992652 1.004021 1.004019 0.999973 1.005739 0.994355 0.996069 1.008066 0.997999 1.007262 0.996858 0.996182 1.001728 1.000398 0.998175 0.990222 0.996385 0.992943 0.999994 1.001603 0.995229 1.004570 1.000214 0.991373 0.997028 1.001765 1.004208 1.006147 0.994881 1.008807 0.999649 0.997648 0.990409 1.004277 1.005343 1.006523 0.994518 0.998750 0.999607 1.004902 1.002101 0.992434 0.991069 0.996437 0.988829 0.994279 1.003864
1.003247 1.010705 0.997659 1.005011 0.998616 0.989378 1.007437 1.009220 1.000157 1.000731 1.003394 1.004340 1.009942 0.998286 1.000422 1.002302 0.992581 1.001438 1.001618 0.999111 0.994482 0.992462 1.000125 0.991078 0.992502 1.011292 1.002728 1.007147 0.996527 1.009554 1.001252 0.995431 0.999437 0.995224 0.999615 0.990259 0.995885 0.987459 0.997512 1.000837 0.994391 0.987816 0.997600 0.998593 0.992305 1.000578 0.997566 0.998004 1.001513 1.003721 1.003743 1.003091 0.993030 0.997442 1.001944 0.994862 0.996379 1.004812 0.989168 0.997525 1.001996 0.996257 0.997387 0.997647 0.996063 0.999426 1.005602 1.001443 1.005479 0.993727 0.994869 1.002559 1.006925 1.048080 0.995268 0.933055 0.938748 0.947996 0.938714 0.930076 0.930257 0.921231 0.920307 0.907515 0.916078 0.922251 0.910159 0.920302 0.907570 0.912182 0.907005 0.917884 0.912567 0.911800 0.906074 0.909025 0.909196 0.896895 0.892949 0.905570 0.901687 0.913079 0.904375 0.902343 0.904561 0.920454 0.905321 0.924367 0.913900 0.913198 0.916242 0.913136 0.909230 0.921308 0.921886 0.927696 0.932681 0.931521 0.934413 0.935178 0.934739 0.938664 1.000311 1.054161 1.011895 0.999915 1.001173 0.992668 1.008831 1.001671 0.995729 0.992734 0.994436 1.004678 0.995010 0.999427 0.991866 1.005005 0.999864 0.993759 0.998167 1.004699 0.998407 0.984842 1.000534 0.995100 0.999893 1.010717 0.991714 1.004766 1.006356 0.993401 0.993665 0.993819 0.996364 0.998584 1.001772 1.016814 1.003192 0.996860 0.994725 1.010622 1.000885 1.005062 0.996421 1.005735 0.995111 1.001205 0.989874 0.997124 0.996095 0.993740 1.008573 0.994876 1.000276 1.000295 1.008148 0.989828 1.003715 1.003959 0.992144 1.003105 1.011701 0.998700 0.995592 1.004666 0.999480 0.996843 1.000086 1.007671
1.005804 0.988942 1.002636 1.004406 0.998327 0.997983 1.005851 1.000434 0.995807 0.994241 1.002346 1.006545 1.006096 1.000511 1.006944 1.003538 0.999451 1.005719 0.999491 1.000985 1.002784 0.997397 0.993062 0.992614 1.000220 1.006704 0.990145 0.996157 0.993667 0.993913 1.000240 0.993085 1.007459 1.001093 1.003927 0.990369 0.999358 0.989432 0.996389 0.991517 0.998313 0.998627 1.006652 0.997808 1.001271 0.999492 0.993359 0.998801 0.993560 1.001974 0.990362 0.989088 0.982034 0.996360 1.007930 1.004715 0.998697 0.999853 1.000469 1.012056 0.999397 0.996509 1.001685 0.999596 1.008831 0.998654 0.990676 1.003907 1.004973 1.007335 1.008212 1.009122 1.007096 1.014208 1.068221 0.983705 0.951655 0.952213 0.940743 0.931559 0.931047 0.926396 0.929026 0.919393 0.922256 0.923296 0.920426 0.917282 0.916342 0.914620 0.906533 0.919131 0.910952 0.908195 0.904441 0.907232 0.907978 0.902851 0.902563 0.909702 0.906365 0.914778 0.906025 0.910089 0.910479 0.917606 0.910289 0.906085 0.914773 0.918267 0.911901 0.914443 0.923858 0.924598 0.924649 0.925586 0.931806 0.937365 0.942870 0.943072 0.942493 0.986480 1.058968 1.015966 1.006473 1.001458 0.998392 1.005504 0.998341 0.997812 0.992690 1.003115 0.991673 0.999932 0.995242 1.002109 0.990351 0.994543 0.994722 1.000597 0.999741 1.002681 1.003108 0.999141 1.003540 1.015795 1.002557 1.002270 1.007789 0.996287 0.998336 0.994446 0.999502 1.002582 1.001009 0.995570 0.997346 1.000420 1.002599 0.998506 1.001454 0.992096 1.001143 1.004000 0.997753 0.999253 0.997469 1.001823 1.002565 1.005917 0.992628 0.997632 1.002384 0.989115 1.012345 1.002852 0.997906 0.990494 0.996805 0.994113 0.988748 1.000888 1.009234 1.006073 0.999782 1.002400 1.006421 1.001541 1.002406 1.008503
1.003696 0.990367 1.001208 1.006764 1.006322 1.000127 0.995418 1.004980 0.994405 1.005609 0.999751 1.006008 0.999762 0.992813 1.002465 0.997669 1.003072 0.996674 0.991108 0.991773 0.998324 0.999097 1.005598 0.993923 0.993499 1.009235 1.003735 0.994912 0.998539 0.998793 0.998973 1.000201 1.001207 1.000793 1.002489 0.996448 0.995996 1.001112 0.999916 1.001007 0.996007 1.006085 0.993990 0.994760 0.991764 0.998199 0.998980 0.995734 1.000102 1.000943 0.992138 0.993139 1.000116 1.000028 1.005696 1.007279 1.003049 0.992205 0.993308 1.001780 1.000748 1.002046 1.000801 1.002038 1.015913 1.003840 0.998389 0.994285 1.000998 0.992476 1.003095 1.005452 1.001837 1.010341 1.012714 1.080351 0.996390 0.934697 0.948944 0.944605 0.937215 0.947158 0.938759 0.939429 0.926091 0.920019 0.925991 0.921438 0.910928 0.910668 0.907968 0.927089 0.918104 0.916479 0.909265 0.909318 0.907040 0.909937 0.909678 0.913154 0.916309 0.916653 0.907882 0.907590 0.915178 0.907780 0.917755 0.924714 0.924915 0.921439 0.930197 0.933771 0.928250 0.935607 0.938961 0.936075 0.933384 0.939754 0.949484 0.931212 0.990085 1.079561 1.014138 1.008902 1.000413 1.003641 1.005728 0.998201 0.997555 0.994884 0.989164 1.003271 1.005930 0.988238 1.003687 1.009385 1.001316 0.997773 0.994586 1.002698 1.008035 1.003242 1.001154 0.997469 0.992903 1.007715 1.000465 1.000439 1.003327 0.998546 1.009497 0.996244 1.005760 1.003343 1.003742 0.999571 0.997394 1.006705 0.998151 0.993471 0.998341 0.986748 0.997615 1.010281 1.006098 0.995296 0.996213 1.005240 1.003318 0.998002 1.002088 1.010267 0.998351 1.000340 0.981881 1.001614 0.998502 0.991633 1.006174 1.001289 1.000267 0.998315 0.998147 1.010505 1.006991 0.993634 1.008742 1.015318 0.999321 0.994802
0.996317 0.999674 0.999641 1.006771 0.995402 0.995603 0.997604 1.002863 1.003135 1.007105 0.995889 0.994561 1.001045 1.003740 0.987999 1.002587 1.002761 1.003181 0.996585 1.003342 0.997656 0.996928 1.006728 0.999890 0.998384 1.003325 0.997966 0.992871 0.993215 0.999377 0.996992 0.996515 1.000069 1.008655 0.994006 1.000297 0.996541 1.002297 0.998254 1.001086 0.995391 1.003129 0.992882 0.995375 0.986275 1.000006 0.994676 0.988756 0.991693 0.994760 0.990593 0.996231 1.015747 0.994692 0.997846 1.000765 0.990471 0.991672 0.993769 0.989097 0.996120 1.000088 1.002059 0.995752 1.004367 0.999444 0.994194 1.000569 0.991917 0.991911 0.990179 0.990456 1.003549 1.006512 1.010186 1.024603 1.080201 0.992146 0.929911 0.938487 0.941658 0.926267 0.935863 0.937228 0.919167 0.924689 0.922089 0.924848 0.920690 0.910428 0.919035 0.927741 0.918351 0.917535 0.917449 0.923389 0.911601 0.917941 0.915203 0.912835 0.914872 0.914849 0.906438 0.913555 0.922932 0.920788 0.913332 0.923540 0.925061 0.912537 0.924591 0.928020 0.932454 0.942657 0.930662 0.937507 0.947544 0.936600 0.941603 1.002944 1.063203 1.021284 1.001751 1.008400 1.000616 1.003808 1.001841 1.001698 1.011695 1.005481 0.991204 0.985956 0.994048 0.998388 1.000674 0.997730 1.001663 0.995764 0.996415 0.997494 1.001838 1.008310 0.999717 0.993224 0.993738 1.002892 1.004366 0.995810 0.991688 1.000420 1.001421 1.003022 0.994991 1.006913 1.014067 0.995330 1.003160 0.998859 0.994640 0.996850 1.005774 1.001306 0.995594 1.014015 1.003428 0.991347 0.998412 1.009160 1.000103 0.996343 1.000488 1.008743 1.005591 1.007182 1.000952 1.003712 0.999925 0.992886 1.003749 1.008946 1.001755 1.004856 0.999079 1.000185 0.994051 0.999068 1.000584 0.997041 0.993547 0.998096
1.003225 1.006112 0.996232 1.004876 0.996173 1.003269 1.011969 1.000869 0.993171 0.994911 0.984898 0.991015 0.997301 0.998193 0.990034 1.000739 1.000044 1.001822 0.991608 1.002514 1.008880 1.004653 1.000734 0.995621 0.987373 0.995814 0.999698 0.990628 0.988080 0.998580 0.997133 1.003386 0.997593 1.004812 0.994893 1.002251 0.998489 0.990951 0.988960 0.999005 1.000725 1.011398 1.002301 0.991946 1.001956 1.008115 0.997383 0.998008 0.996926 0.998823 0.999014 1.001113 0.996632 1.002812 0.991413 0.996843 0.989002 1.005568 1.009094 0.990085 0.996185 0.982646 0.998913 0.992209 0.998745 0.997477 0.994395 0.990752 1.007000 0.996139 0.991714 1.000754 0.999950 1.016710 1.003231 1.003194 1.016878 1.054968 1.011688 0.944207 0.946376 0.948781 0.942599 0.943053 0.924999 0.928492 0.932125 0.922338 0.932060 0.930552 0.921483 0.921086 0.934908 0.914100 0.923829 0.927579 0.924500 0.922291 0.918996 0.911517 0.909775 0.915443 0.910460 0.920626 0.909808 0.923516 0.927650 0.926926 0.920768 0.926623 0.932686 0.941214 0.936336 0.944446 0.938742 0.933169 0.935069 0.921768 1.020584 1.054729 1.024649 1.008568 0.992876 0.996158 1.002235 1.002338 0.993968 0.997140 0.994485 0.997085 0.996488 0.997216 0.994906 0.998074 1.001587 1.004459 1.003344 0.991895 1.005120 0.997953 1.001275 1.008088 0.994531 1.000320 0.996550 1.004163 1.008435 1.000810 1.006434 1.004870 1.000183 1.003432 0.995320 0.998261 1.002956 1.005151 1.004008 1.004684 1.003815 1.002946 1.010630 1.004348 1.004685 0.997391 1.008413 1.003138 0.995857 1.003000 1.004467 0.997521 1.000803 1.007429 0.998872 0.990328 1.006183 1.000107 0.997453 0.995579 1.000558 1.000518 1.003808 0.998917 0.998337 0.999505 0.999518 0.990873 0.997588 0.991159 1.002905 1.020292
1.001697 0.993869 1.005550 0.991694 1.000790 0.995675 1.001641 0.997991 0.997618 0.992840 0.998041 0.994114 0.998578 1.003556 1.000747 1.007870 0.994147 1.005377 1.002691 1.002872 0.991416 1.000932 0.993326 1.003644 0.998327 0.999769 1.001932 0.994563 0.999024 0.998754 1.002814 0.992549 0.998874 1.002641 1.001833 1.000669 1.000993 0.990158 0.991324 0.992180 0.999192 1.005686 1.008578 0.997335 1.002472 0.998063 1.005224 1.007451 1.000145 1.003696 0.990078 1.004389 1.003540 1.001568 1.000512 1.009536 0.993664 1.012162 1.003428 0.992960 0.995198 0.994830 0.995718 0.992677 0.989595 0.994030 0.997008 0.991053 0.997977 0.998092 1.004517 1.000220 0.992295 1.005140 0.989022 0.999925 1.009482 1.025212 1.042027 1.046854 0.948161 0.935462 0.935608 0.947546 0.943477 0.945042 0.940342 0.940094 0.939302 0.940432 0.934862 0.931523 0.922776 0.928864 0.926162 0.916850 0.929606 0.920663 0.914987 0.916453 0.929398 0.922622 0.922723 0.919877 0.917536 0.927050 0.918393 0.925815 0.922955 0.931685 0.931001 0.940457 0.944818 0.948790 0.937961 0.939624 0.951750 1.058066 1.040536 1.001356 1.010457 0.999079 1.001615 0.996139 0.995073 0.995271 1.002960 1.002844 0.991712 0.998949 1.002306 1.003365 0.996996 0.990322 0.996641 1.008220 0.998150 1.001978 0.995230 0.998982 1.002575 0.996337 0.999067 0.997847 0.991100 1.003756 0.999976 1.002353 1.004160 1.001684 0.992495 1.005241 0.989765 1.006558 1.002637 1.002080 1.007170 0.995960 1.001257 1.007758 0.990356 1.006252 0.998367 1.000582 1.004399 1.003417 0.996827 1.005194 1.000041 0.998229 0.988917 1.005429 0.992697 0.994355 1.007226 1.003546 1.000823 0.999491 0.997047 1.006275 0.994192 0.992588 0.993322 1.001094 1.001334 1.004247 1.009128 1.003148 0.999559 1.000018
0.992964 1.003618 0.999395 1.004381 1.002288 0.999614 0.990922 1.000772 1.003583 0.993768 1.000438 1.003499 1.004634 1.001824 0.995468 0.996469 0.985405 0.997580 1.004304 1.003728 0.996341 0.996901 1.000978 1.004279 0.989402 0.998088 0.994210 0.997154 1.001848 0.995424 0.989771 0.989045 0.998822 0.985022 1.001315 1.000713 1.007335 1.004464 0.992737 0.986644 0.995665 1.002076 0.998366 0.993974 0.994039 0.998985 0.998037 1.005989 1.000904 1.000219 0.989737 0.995517 1.005853 0.994364 1.002209 1.001297 0.996080 0.994276 1.002091 1.006041 1.006000 0.985769 0.998973 0.994821 0.995541 0.996816 0.997947 0.997307 0.998190 1.008564 1.004158 0.987243 1.005869 0.996778 1.013839 1.004868 1.003807 0.995781 1.000968 1.020018 1.080449 1.005329 0.937549 0.938311 0.938461 0.944598 0.947437 0.942322 0.952295 0.936349 0.930903 0.927031 0.944489 0.943900 0.932017 0.925348 0.928707 0.929146 0.922709 0.935034 0.924990 0.922070 0.930391 0.935043 0.932734 0.940277 0.929883 0.929816 0.927501 0.933771 0.940360 0.937310 0.930496 0.942329 0.930266 1.006793 1.076006 1.031881 1.009255 0.995091 0.996700 0.998654 0.992617 0.995578 0.993719 0.995306 0.998377 0.999527 0.990686 0.999957 1.008289 0.997067 0.998646 1.008098 0.997512 0.993392 0.993935 0.986040 0.999969 1.011932 1.007105 1.000983 0.997750 0.996380 0.994623 1.008777 0.999073 1.003630 1.001119 0.999448 0.997495 1.001491 1.003213 0.999034 1.000010 1.000350 1.000493 0.998494 1.007186 1.003833 0.992532 1.000541 0.991894 0.996437 1.008306 1.008346 0.988642 0.992907 1.002065 0.999913 0.995863 1.003882 1.003556 0.993679 0.993904 1.004169 0.995143 0.996862 1.002450 1.001386 0.992831 1.003155 1.002144 0.998797 0.995572 1.002897 1.006326 1.003661 0.999602 1.007603
0.999994 1.002149 1.001728 0.999065 0.994205 0.993347 1.001145 0.998716 0.997020 0.999367 1.003146 0.996282 1.003381 1.006091 0.996146 0.998716 1.003916 1.017943 0.996318 0.995691 1.000827 1.003087 0.997541 0.990101 0.997759 0.998011 1.002542 1.001602 0.996730 0.999691 0.995523 0.996751 0.997790 1.002801 1.005269 0.998684 1.005704 0.991132 0.990333 0.999676 0.999831 0.997402 0.992170 0.999601 0.999244 0.992565 0.992251 1.005365 1.007849 0.998359 0.991527 0.995553 1.003298 0.996246 0.992819 0.995548 0.991406 1.000628 0.987479 1.008844 1.004129 0.997448 0.999021 0.999516 0.999878 0.997891 0.992959 1.001960 0.999893 0.991734 0.993718 0.993361 0.988460 1.000963 0.994582 1.002305 1.006213 1.004429 1.007093 1.006905 1.023298 1.050388 1.072422 0.967908 0.948517 0.945132 0.946358 0.947037 0.950733 0.947124 0.941554 0.935948 0.942755 0.944374 0.943223 0.927202 0.940376 0.937061 0.935092 0.944032 0.930220 0.930223 0.929797 0.931334 0.936649 0.944649 0.937815 0.937804 0.941384 0.934924 0.942999 0.945782 0.942031 0.979448 1.059160 1.054093 1.024768 0.999627 1.000533 1.001538 1.002350 1.004707 1.001386 1.005923 0.993628 0.998337 0.995015 1.001476 1.000234 0.990574 1.001211 1.000784 1.001680 0.996477 1.005767 0.996106 0.994846 0.998965 1.003761 0.999277 1.005583 0.998832 0.991816 0.994939 0.997018 1.003994 1.005764 1.011304 1.010029 1.002463 0.991940 1.010433 1.004795 0.993919 0.996372 0.996608 0.988529 0.993105 1.004389 1.009008 0.999161 1.010141 0.999767 1.000212 1.004276 1.014961 1.000826 0.992406 1.001637 0.993304 1.006259 1.005019 0.995089 0.998961 1.005121 1.003570 1.001462 1.011050 0.996602 0.993173 0.992145 1.003102 1.008743 1.006195 0.991681 0.998822 1.000171 0.996905 0.993593 1.000428
1.004363 1.007797 1.000871 0.982516 0.996592 0.996815 1.003202 0.996723 0.996912 1.001098 0.992386 0.999793 0.993955 0.997328 1.004937 1.007285 0.987172 0.995147 0.992792 0.998180 0.995349 0.980067 0.995020 1.006883 0.998393 1.006089 1.001464 1.000964 0.996771 0.998008 0.989378 0.994382 0.999873 0.989005 0.998920 1.000415 1.007216 0.999411 1.010439 0.992158 0.997972 0.998781 1.000302 0.996733 0.994251 0.993163 0.990718 0.994086 1.005093 0.990927 0.997037 1.001700 0.991574 0.992240 0.993960 1.001527 0.999227 1.001674 1.000717 0.999471 0.994591 0.986284 0.994737 1.000796 0.990548 1.004393 0.999456 1.001351 0.998665 1.002192 0.997074 0.995801 0.998040 0.999024 1.004895 1.010384 1.004079 0.997247 1.004917 0.999120 0.998350 1.003514 1.005094 1.058878 1.064553 0.964512 0.936012 0.951593 0.943962 0.952270 0.955058 0.951191 0.940388 0.940845 0.934464 0.936786 0.940020 0.945858 0.942702 0.959259 0.952790 0.949106 0.937188 0.938153 0.948075 0.955188 0.946164 0.944096 0.950222 0.935391 0.937350 0.982849 1.057777 1.062777 1.012428 1.009904 0.997440 1.000458 1.004379 1.001666 0.986848 0.988062 0.993294 1.000407 0.992630 0.996950 1.001433 1.000290 0.994951 1.004932 0.997746 1.004972 1.001158 1.002367 0.996268 0.995888 0.990225 1.001198 1.000489 0.992323 1.000555 0.988161 0.992494 1.003550 1.003625 0.999454 1.003813 1.001122 0.998886 1.012472 0.993549 0.993745 0.998247 0.997266 1.013743 1.008484 0.991425 0.991152 0.996811 0.994870 0.997970 1.009252 0.993043 0.989694 1.005191 1.001142 0.992088 1.000174 1.007977 1.005576 0.996162 1.007315 0.998665 0.998009 0.998557 1.000418 1.002283 1.011628 0.994705 0.997456 0.991818 0.998493 1.003868 1.003223 0.998346 1.004540 1.001404 1.000592 0.997640 0.993881
0.997139 0.992116 1.003880 0.998698 1.004282 1.006625 1.001999 0.993554 1.003919 0.997799 0.995590 1.007260 0.995249 0.990838 0.997026 0.999050 1.005333 0.995253 0.998457 1.000752 1.006142 1.000000 1.001007 0.992587 0.988741 1.006529 1.003803 1.001626 0.999471 1.002840 1.002495 0.990903 0.991338 0.998726 0.999131 0.995892 0.995843 0.991931 1.004102 1.001261 1.006921 0.996616 0.995191 0.997582 0.999675 0.991356 1.002660 1.004725 0.985741 0.994073 1.003111 1.005639 0.995106 0.996976 0.995423 1.003509 1.005204 0.993149 1.002917 0.992509 1.000541 0.999878 1.005442 1.003465 0.992749 0.994032 1.002244 1.005287 1.001583 0.999420 0.994153 0.992851 0.999991 1.001330 1.001083 0.996836 1.006589 0.993059 1.008495 1.000605 1.002301 1.011103 0.999863 1.007106 1.015963 1.056321 1.072245 1.022007 0.943057 0.941361 0.949859 0.946726 0.941880 0.930808 0.943135 0.939680 0.953998 0.940076 0.940858 0.931503 0.935364 0.935228 0.931061 0.946793 0.951273 0.951571 0.941488 0.943167 0.939645 1.014895 1.063558 1.054562 1.016785 1.005296 0.995397 1.001155 0.994310 1.007854 1.007605 0.998898 1.000506 1.000086 0.995662 0.995056 0.986503 1.003133 1.000325 1.005834 0.999344 0.994016 0.995538 0.994719 0.997761 0.989351 1.000860 1.005490 1.002030 1.002253 0.995628 1.019787 0.995667 0.996438 1.009757 1.001566 0.995763 0.993493 0.997064 0.997195 1.000368 1.010647 1.000803 0.993152 0.998639 0.992510 1.004332 0.994247 0.989445 1.009094 0.997894 1.001719 1.008398 0.994218 0.998339 0.996559 0.994674 0.989745 1.001579 1.004612 0.995446 1.009097 1.000229 0.998671 0.997509 0.998662 1.003532 0.995550 0.995403 1.001806 0.998061 0.999677 0.992392 0.990898 0.997982 0.993880 0.998296 0.993340 1.012541 0.999238 1.007297 0.994307
1.000984 1.003456 0.998562 0.992117 0.998061 0.998615 1.001317 0.998616 1.000352 0.992657 0.997941 1.001799 0.999280 0.995895 0.999021 1.000071 0.997878 0.992883 0.999284 0.993725 1.011107 1.009934 1.005094 0.994314 0.988718 1.003144 0.994816 1.012896 1.004724 1.002050 0.994380 0.994553 1.004261 1.010696 1.002936 1.002009 1.009559 1.000801 1.007013 1.000688 1.008690 1.007858 0.994727 0.998464 1.001286 0.999724 0.996879 0.997741 0.991784 0.993426 1.007946 0.999540 0.995088 0.996085 0.994786 1.004915 0.995728 1.001899 1.003196 0.993962 1.006501 1.008741 1.013028 0.996649 1.001038 1.000850 1.004032 0.999838 1.000797 1.004530 1.004731 1.001026 1.005360 1.002649 0.999883 0.998835 0.993527 0.999261 0.996339 0.996419 1.010660 1.001168 1.002365 1.013562 1.003253 1.010564 1.010018 1.027046 1.074125 1.062785 1.026162 0.989885 0.935310 0.934355 0.935009 0.944551 0.943731 0.946847 0.945253 0.939975 0.943940 0.942691 0.931595 0.928107 0.933892 0.980110 1.020315 1.059481 1.075139 1.028258 1.001564 1.011609 0.996083 0.997317 1.000291 1.005005 1.001096 1.008137 1.003719 0.999032 0.994076 0.995792 0.993256 0.988097 0.996541 1.000449 1.001604 1.009793 0.999926 0.998590 1.003086 0.999107 1.001594 1.000434 0.997944 0.997020 1.012265 1.001426 0.993865 1.007428 1.001583 0.995646 0.995567 1.006021 1.011875 1.001478 0.991662 0.996082 0.988509 1.001948 0.998269 1.007837 1.000962 1.009833 0.994111 0.994727 1.009216 1.001372 0.991922 1.009806 1.011741 0.996940 1.000612 0.991638 1.001518 0.993463 1.004692 1.003951 0.998823 1.002948 0.994322 1.002742 0.996839 1.007559 1.006361 1.004595 1.000892 1.002027 0.995950 1.007519 0.991504 1.010412 0.991845 0.993666 0.998190 0.995620 1.002094 0.996732 1.002602 0.997313
1.006609 0.994513 0.996312 0.997545 0.994074 0.990321 1.007858 0.993026 0.996250 0.998444 1.007327 1.000744 1.010959 1.007188 0.993904 1.004295 1.011971 0.997133 0.994039 0.989213 0.999824 0.996641 0.997542 1.000143 0.990995 1.009129 1.008530 1.003393 1.003953 1.006419 1.000854 0.992184 1.018834 1.010634 1.009292 1.005551 1.003785 0.997646 0.995675 0.995610 0.991384 1.006420 1.006379 1.002198 0.999839 0.998347 1.010020 1.016239 0.995048 1.000115 0.998020 0.999025 1.003879 0.993429 0.999211 0.989724 1.001092 1.001583 0.997900 1.013220 1.001998 0.993034 1.008853 0.993904 1.001007 1.004524 1.005313 0.994992 0.995878 1.006507 1.000207 1.003004 0.988416 0.997781 1.001171 0.997969 1.000002 0.995612 0.999490 0.998771 1.004063 0.999186 0.997527 1.009098 1.007666 1.010247 1.009058 1.000560 1.001269 1.013743 1.022913 1.052909 1.079841 1.081251 1.053909 1.047181 1.037891 1.025480 1.027025 1.026932 1.041196 1.035078 1.065817 1.081556 1.083628 1.045762 1.011639 1.006313 1.012918 1.003773 0.995061 1.004350 0.996070 0.992561 0.997354 1.003045 0.995755 0.996875 0.993672 0.996216 0.998337 0.999712 0.993441 1.001565 1.005276 0.999728 0.998043 1.001896 1.004211 1.004059 1.008145 1.001677 1.013722 1.004785 1.000703 1.005389 0.999807 0.993914 1.001917 0.992817 1.002091 0.998424 0.994602 1.002843 1.004579 0.996080 1.002084 0.991193 0.993557 1.004510 0.995491 0.998186 0.997148 0.995088 0.991233 0.999219 0.997192 0.990915 0.999314 1.003232 1.004218 1.005953 0.998556 1.003575 1.008808 1.002097 0.996578 0.999343 0.998298 1.004410 1.004207 1.008448 0.998094 0.998158 0.996581 1.001735 1.011332 1.005291 0.993692 1.000805 0.996511 1.004084 1.001834 0.996490 1.000276 0.988093 0.995955 1.003716 1.003948 1.002555
1.007599 0.997809 1.001622 1.004031 0.998581 1.000451 1.005103 1.003750 1.004427 1.002871 1.002895 1.003475 1.003675 0.999074 1.006957 0.995544 0.998360 1.006722 0.998240 0.992129 0.991468 1.005936 1.001732 0.999451 0.994687 1.004962 1.005616 1.003440 0.995830 0.991827 0.994239 0.996679 1.006435 1.007330 0.996451 0.995748 0.999266 0.997050 0.996822 0.998851 0.993076 0.994394 0.990349 0.996737 1.002877 1.011897 1.007764 1.008226 0.999858 1.006353 0.996240 0.992671 0.999930 1.003937 1.009033 1.000964 1.007554 1.001320 0.993776 1.001180 0.993570 0.989966 1.001339 0.988878 0.996111 0.996858 1.002348 1.003889 0.997116 1.002066 0.998630 0.996957 0.996137 0.997323 0.996824 0.993970 1.004684 0.990055 1.006534 0.999864 0.992591 0.984884 0.996213 0.988125 1.001692 1.013191 1.000433 0.999515 1.003482 0.998912 1.006066 1.003202 0.999456 1.010999 0.999997 1.007087 1.023198 1.017917 1.019740 1.016493 1.010576 1.015759 1.016371 1.011365 1.010453 1.002001 0.994567 0.986328 1.003483 0.990557 1.002695 0.999883 0.997978 0.994857 0.998397 1.000688 0.991658 0.999083 0.994830 0.998973 0.998739 1.001203 1.003227 0.992576 0.997941 1.004683 1.001801 0.996888 1.000174 1.002136 1.004853 1.000305 0.995715 1.001607 0.992581 0.996239 0.994208 0.995889 1.004832 0.999945 1.012887 1.005839 0.994927 1.000186 0.997432 0.999675 0.998005 0.991538 0.992884 0.999309 0.999371 0.994772 1.001199 1.003818 0.999968 1.002000 1.005292 0.995049 0.995932 1.004646 0.995134 0.995347 0.993392 0.999405 1.001338 0.998041 0.996551 0.996368 1.002714 1.006974 1.006145 1.004009 1.003907 0.996421 0.996834 0.996462 0.993948 0.999381 0.998369 1.000238 0.990928 0.990173 0.998253 1.007244 1.007398 1.012355 1.007414 1.001988 1.004139 1.000395
1.010463 1.006045 1.000274 1.006607 0.993365 1.002502 1.010733 1.002280 1.002562 1.009886 1.008629 1.002561 0.994997 1.000895 1.008221 1.004652 1.006234 1.001798 1.003281 1.000996 1.002262 1.007718 0.993558 1.005652 1.003743 1.000579 0.989309 1.003984 0.990374 0.990660 0.997367 1.005313 0.995781 0.994027 0.997848 0.998075 0.991620 0.998434 0.996742 1.014524 0.992082 0.997737 1.002588 0.990348 1.000248 1.009124 1.003600 1.009176 0.998962 0.996396 1.001397 0.988781 0.997565 0.996654 0.996657 0.992938 1.003584 0.989137 0.998449 0.994007 0.996982 1.005619 1.001889 0.998313 0.995933 1.003456 0.992458 0.992105 0.988349 0.991862 0.997640 0.998066 0.997525 1.008091 1.000437 0.994279 1.003899 0.994181 0.997377 1.005926 0.992751 1.007473 0.998649 0.996589 1.005609 0.995527 1.002188 1.000091 1.005990 1.002232 1.003772 0.999824 1.001642 1.003533 0.995449 1.003338 1.004218 1.000734 1.003937 1.006289 0.998488 1.000794 1.005646 1.002793 0.991859 0.999262 1.002950 0.995633 0.998443 0.994744 0.997998 0.980532 0.985721 0.991989 1.010747 1.003208 1.004868 0.990255 0.997237 1.004736 1.015643 0.998692 1.007494 1.009303 1.007541 1.001507 1.004867 1.004909 1.005265 0.987829 0.995818 1.000787 0.994084 0.999908 1.008220 1.000174 0.996287 0.991776 0.998488 1.006468 1.002187 0.996291 0.998386 1.008104 1.007204 1.010786 1.001346 1.000152 0.997178 1.005900 1.007405 0.993968 1.006066 1.006651 1.002652 1.005932 1.007303 1.002924 1.000812 1.003887 0.992067 1.006704 0.991773 1.002480 1.004008 1.007064 1.008021 0.994692 0.998664 0.999825 0.989901 0.993418 1.009252 1.001460 1.002176 0.996034 0.999933 1.005685 1.003326 0.996677 0.993258 1.008558 1.011039 0.992356 0.997019 1.010051 1.003131 1.008068 1.000426 1.001993
0.997369 1.000105 1.004300 1.003890 1.002368 0.997108 0.998953 1.000907 1.004952 1.006816 1.005091 1.000605 1.006701 1.007394 1.006653 0.996826 1.010372 0.996062 0.997206 0.993044 0.997428 0.990983 0.991563 1.004177 0.998346 0.999169 0.999535 1.005425 0.999602 1.005534 0.997413 1.000057 0.997910 1.002209 1.003299 0.994220 0.988561 1.002108 0.994834 0.999732 0.998635 1.000442 0.999957 0.996197 0.992078 0.997732 1.002188 0.996116 0.997315 0.997894 1.005378 1.002820 1.002645 0.998236 1.002101 0.997210 1.009442 0.998998 1.001626 1.006680 0.998796 1.000499 0.998133 1.004973 0.997447 1.004165 0.995907 0.999785 1.002822 0.991491 1.003664 1.005813 1.007760 0.997732 0.998169 0.996356 1.007677 1.000076 0.992264 1.005735 1.002044 0.989558 0.992434 1.006923 0.998403 1.007478 1.012318 1.006489 1.002980 1.001259 0.999160 0.997820 1.003406 0.992811 0.998218 0.992538 0.997131 0.992321 1.011634 0.998023 0.994766 1.003632 0.994061 0.994870 1.007394 0.996506 0.999911 1.004636 0.999866 0.998266 0.991060 0.991042 0.991277 0.997137 0.988085 1.014979 0.996382 0.994900 1.001963 1.001043 1.008306 1.004045 0.999503 1.005614 1.001341 1.000717 1.008780 1.010486 1.005803 0.990700 1.001320 0.995704 0.994476 0.995196 1.003071 0.996172 0.995981 1.014388 1.011045 1.002570 0.999494 1.003144 0.995166 0.996415 1.005617 0.993116 0.992493 1.003778 1.001421 0.998944 0.998049 0.992353 0.998503 0.994994 0.996671 0.997350 1.002895 0.994907 0.996369 1.002332 1.005236 1.005164 1.004006 1.006751 1.003603 0.997066 1.001763 1.006838 0.998734 0.996180 1.006344 1.001052 1.003060 1.000057 0.996621 1.009953 1.007388 1.000760 0.996849 0.999443 0.997874 1.002688 1.001962 1.001311 0.999003 1.002538 0.994848 0.999114 0.994533 0.992089
0.991208 0.996418 1.003326 0.999818 0.994000 1.004102 0.996403 0.995295 1.005271 0.991501 0.993582 0.997686 0.995350 0.997795 0.996002 0.996253 1.003802 0.993099 1.005171 0.995389 0.998202 0.983503 0.993827 0.999149 0.995519 0.991192 1.005237 1.006045 0.987706 1.003631 1.005164 1.002839 0.992838 1.003606 0.997024 0.998727 1.005238 0.997551 0.996887 1.005757 0.993990 1.004206 0.996720 0.988422 0.998473 0.996805 1.003037 1.003807 1.002361 0.991341 1.001428 1.004311 0.998074 1.001665 0.990226 0.993481 0.996850 0.997095 0.999157 1.002549 1.001371 1.001493 0.994921 0.995671 0.987635 1.000517 0.999389 1.006733 1.002099 0.999517 1.007912 1.005303 1.005731 1.000021 0.997485 0.992346 0.996575 0.998869 0.994864 1.011882 1.003031 0.997853 0.999564 1.000735 1.002623 1.009884 1.004772 1.007410 1.007235 1.002961 1.004897 0.998091 0.998581 0.999543 0.994069 1.004799 1.009023 1.003160 1.000066 0.996150 0.989734 0.996080 0.999211 0.992981 0.995307 0.996109 0.993546 0.998723 1.004162 0.993281 0.996627 0.990144 0.990189 0.992768 0.996012 1.001145 1.000943 1.005090 1.000019 0.996450 1.007407 1.001376 1.001478 1.003407 0.997700 1.010895 0.983145 0.996419 1.002169 1.005708 1.002708 0.991164 0.995913 0.990162 1.004364 1.004483 0.993540 1.000132 0.999644 0.994648 1.005161 0.999191 1.000681 1.001447 1.006611 1.000629 0.985967 0.994918 0.997436 0.991617 0.997542 0.990451 1.004903 0.998318 1.002377 0.996879 1.001352 1.003841 0.995867 0.992280 1.006651 1.006241 1.005175 1.002655 1.008648 1.000260 1.008300 0.993086 0.999835 1.003526 0.999475 1.000363 0.996314 1.002200 1.003704 1.003477 1.004176 1.003406 1.008842 0.999949 0.996284 0.990119 1.001626 0.999417 0.996250 0.997944 0.994046 0.993632 0.995250 0.995256
0.996935 1.008541 0.992066 1.007697 1.009034 1.002726 0.996060 0.999997 0.998906 1.007759 0.990128 0.998251 0.997120 0.993457 0.996525 0.996573 1.002444 1.005628 0.996308 1.004223 1.001783 0.995943 0.992861 1.002446 1.003148 1.001589 1.004089 1.002033 0.997871 1.006258 1.008675 1.004969 1.010667 1.010236 1.003435 1.007574 1.007339 0.992625 1.001325 0.996162 1.001094 0.995588 0.999231 0.997214 1.008137 0.995593 0.998857 0.999357 1.001837 1.001098 1.006014 1.003440 0.999758 0.991880 0.998508 0.995815 0.991744 1.004114 1.008623 0.996054 1.003304 0.993642 1.005733 0.997985 1.003108 1.001210 1.004683 0.995944 1.000498 1.006825 0.995743 0.993801 0.990124 1.009931 1.004271 0.999765 0.993148 0.996820 0.993174 1.005918 1.006348 0.993265 0.999005 1.002778 1.008685 1.009476 1.008949 0.987742 1.005452 0.996578 0.990334 0.998981 0.985106 0.998457 1.001544 1.001824 0.988775 0.995727 1.009742 1.000240 1.003437 0.995374 1.004330 1.001718 0.990502 1.001226 0.997197 1.000808 0.998157 1.004731 0.993521 0.992339 0.998209 0.994462 1.001327 1.006992 0.992546 0.998478 1.006245 0.987826 1.002058 1.008586 1.006642 1.001337 0.994858 0.991755 0.990446 1.003602 1.001444 1.006198 0.995973 1.005135 0.999033 0.994090 1.005018 1.002387 1.001101 0.992833 1.005384 0.993615 1.000567 1.006069 0.996032 1.007553 0.997869 0.999851 0.992632 1.008287 1.004170 1.001618 1.001237 0.996876 0.999187 1.001612 0.998520 1.002099 1.004887 1.009375 0.993788 0.996879 0.990810 0.992100 1.009793 1.012489 1.001402 1.004513 1.005833 0.995014 1.000848 0.997723 0.998648 0.987415 0.999857 1.009453 1.010785 1.007752 1.005827 0.999554 1.001159 0.988630 0.999873 0.994574 1.000577 1.014238 0.992891 0.994565 0.991265 1.001097 1.001835 1.002302
1.018509 1.003541 0.994613 0.991936 0.982085 1.000074 0.992344 1.011252 0.995876 1.000280 0.991344 0.999697 1.007988 1.002696 1.002497 0.997002 1.010472 1.003408 0.996134 0.998504 1.001521 0.989694 0.993350 1.009521 1.003517 0.998903 0.990334 0.997041 1.002184 0.999519 0.997747 0.994405 1.006305 1.001817 1.002033 1.010761 0.990104 0.993391 1.004655 0.995868 0.998429 0.993573 0.994183 0.996671 0.995043 1.001343 1.003327 0.997141 0.992247 0.984620 0.998927 0.999554 0.996484 0.994336 0.990249 1.002656 0.999974 1.006236 1.004411 1.000798 1.001187 0.993757 1.000527 0.997807 0.996895 1.001100 1.005096 1.001147 0.995952 1.006689 1.007003 1.000510 0.995003 0.996311 0.998174 0.997283 0.994697 0.997736 0.996235 1.002159 1.010257 1.000612 0.993111 0.997424 1.004747 0.998203 1.003325 0.992795 1.000820 0.991325 1.000027 0.999931 0.994965 1.005567 1.003511 1.008504 0.999255 0.997424 1.006384 0.990926 0.989437 0.998054 1.006343 1.013866 1.002552 0.995459 1.004188 0.999432 1.014693 1.004160 1.015657 1.003833 1.006155 1.008530 1.004385 1.001847 1.004447 1.010247 0.998439 0.997095 0.991383 0.995633 1.003685 1.002586 1.003088 0.996628 1.010844 1.006079 1.001134 1.005121 1.002701 0.995288 1.001940 0.989297 0.983654 1.000978 0.990803 1.004062 1.001005 0.996545 1.012164 0.999168 0.996525 0.998418 0.995843 1.000587 0.993983 0.990803 0.997711 0.993856 0.999226 0.999949 1.003852 0.998470 0.992273 0.999061 1.003467 1.005545 1.002483 0.994751 0.995587 0.988773 1.001827 1.006356 1.009709 0.999214 1.006162 0.995379 0.988244 1.004766 1.002858 1.001502 1.002434 0.991852 0.998252 1.001100 0.999853 1.005311 0.999903 0.991113 1.006179 1.002296 0.994531 0.991419 1.002451 0.993811 0.991390 1.002399 1.003309 0.995818
0.994098 0.998617 0.995855 1.000397 1.005195 1.004930 1.005438 1.008269 0.999095 1.003421 0.996611 0.994208 1.004111 1.000787 0.997178 0.993553 0.986435 0.996440 0.995260 0.999515 1.009465 1.005509 0.998812 1.010033 1.001591 0.998506 1.010583 0.998708 1.005772 1.006994 1.001490 1.004215 1.004693 0.999919 1.006422 1.009107 1.008168 0.998690 1.001163 0.997367 1.004757 0.999463 0.995067 0.993213 0.997523 0.999317 1.003680 0.990474 0.998047 0.999316 0.999926 1.004752 1.001246 1.004647 0.996525 0.994699 1.011706 1.005180 1.000290 0.996717 0.992486 0.993445 1.000885 0.995838 0.997643 1.002596 0.995492 0.997471 0.994403 0.993627 0.989751 0.997623 0.991785 0.993068 1.000863 0.993640 0.989958 0.994344 0.999290 0.999683 1.000209 0.995337 0.997796 0.999435 1.002975 1.008664 0.997275 0.994690 1.003051 1.003241 1.001416 0.993047 0.998111 1.004415 1.000388 0.993661 0.994661 0.998746 1.003127 1.000860 0.996858 0.997106 0.996277 1.004384 0.999270 0.994244 1.001484 0.994326 1.002772 1.004765 0.998084 1.000750 1.003648 0.999536 0.994713 0.997755 0.998234 1.007598 0.998052 1.000721 0.994356 0.994506 1.007920 1.000946 0.996263 1.002654 0.998194 0.999078 0.996031 0.993800 0.992375 1.006806 1.003400 1.002680 1.001089 1.001492 0.994540 1.002742 1.006555 0.988104 0.997076 0.994072 0.992377 0.993734 0.999457 1.007815 1.002338 0.984441 0.996022 1.001394 0.996562 1.003885 0.994925 1.005896 0.997968 1.010444 0.998358 1.003815 1.003191 0.995830 1.002103 1.003119 1.001811 1.004562 1.001267 0.996795 0.999328 1.002648 0.996973 0.997426 1.006256 0.990688 0.998471 0.997280 0.997003 0.988821 0.995816 0.991347 0.995816 1.005381 1.006963 0.994900 0.996885 0.997863 0.997491 0.993748 1.008732 1.002130 0.998847 1.002415
0.996373 0.999276 1.008978 0.999215 0.998692 0.998638 0.999890 0.999462 0.998715 0.989492 1.004891 0.994435 1.000960 0.994309 1.001825 0.994867 0.993202 0.993714 1.001450 1.005617 1.006505 1.001767 0.995430 1.000834 0.991640 0.996264 1.003969 1.001579 0.998025 1.001021 1.005520 1.002913 1.008791 0.992345 0.995284 1.011621 1.006425 1.003399 0.988224 0.991994 0.989879 0.995470 0.991247 1.007474 0.994770 1.000158 1.009566 0.997535 1.004235 1.006835 0.998484 0.995990 0.996968 0.991405 1.002582 0.990936 0.997931 1.006239 1.006298 0.997423 0.996739 0.998676 0.998892 1.002949 1.001972 0.988762 1.011806 0.996072 0.996096 0.995580 0.989738 1.002501 1.009495 1.010446 1.008495 0.997019 0.994817 1.001242 0.995472 1.001490 1.004742 0.996218 0.997643 0.997520 1.002478 1.000194 1.002236 0.993131 1.001361 0.995185 0.995483 0.992257 0.997485 1.001951 1.011964 0.999584 0.992596 0.990329 0.991062 0.996863 0.997692 0.992527 1.004265 1.003722 0.997086 1.007592 0.994766 0.988780 1.010248 1.004030 0.996590 1.006516 0.997964 0.995799 0.993984 0.994680 1.006728 1.000864 0.997596 1.009230 0.995032 1.007047 1.000105 0.996114 0.999675 1.001451 0.998254 1.000031 0.996596 0.999925 0.999507 1.006155 1.003075 1.016858 1.006655 0.997546 1.012350 1.013811 1.005258 1.007249 1.009289 1.004730 0.998491 1.005263 1.004756 0.996675 1.008675 0.986966 1.006381 0.986779 0.983814 0.995140 1.005538 1.005055 1.013516 1.008285 0.994115 0.999601 0.993357 0.993690 0.989663 1.008121 1.004848 1.005732 1.000081 1.004864 1.000775 0.999719 1.001694 0.998437 1.005338 0.999817 0.997829 0.996998 0.997857 0.997093 0.995525 1.006070 1.003106 1.014897 1.007487 0.997560 0.998349 0.997457 1.001591 0.995558 0.997027 0.993187 1.006307 1.003818
0.994861 0.997157 1.001548 0.991319 1.009393 0.990573 0.994136 1.004441 1.007920 0.992363 0.998491 0.997620 0.995290 1.002981 0.999941 1.001656 0.996270 0.997105 0.997504 1.000458 0.998407 1.001036 1.001881 0.992409 0.988961 1.002083 0.996709 0.989801 0.993589 0.995309 0.998217 0.990215 1.011708 1.005561 0.997615 1.013991 1.013020 1.001081 1.005911 0.997643 0.989783 0.997527 0.999231 0.991498 0.989839 0.996257 1.016342 0.989956 0.996998 1.004276 0.997118 0.996657 0.987061 1.000552 0.997464 0.995669 0.992939 0.999828 0.994552 0.991774 0.996428 1.002564 1.006748 1.013296 1.008055 0.997331 1.003057 1.001342 1.006836 1.007220 0.993731 1.010373 1.003901 1.003790 1.003728 1.000902 1.004195 1.001592 0.999085 0.994931 0.999071 0.989199 1.002471 0.998224 1.001510 1.001817 1.000174 0.996062 1.002352 0.999658 1.003055 1.004435 1.008999 1.002406 0.998463 0.997919 0.996161 1.005650 0.989409 0.990274 1.004777 0.999350 0.998647 0.999972 1.002155 1.004407 1.002443 0.992829 1.000580 0.994744 0.997021 0.992925 1.002429 1.004950 0.999095 1.001493 1.000602 1.004790 0.989258 1.010094 1.006541 1.004899 0.998715 0.999139 1.003641 1.002099 0.998354 1.001922 1.005483 0.998959 0.999721 0.995746 0.999609 1.008073 1.002355 1.008597 0.995606 0.996122 0.988684 0.996948 1.002288 1.001030 1.000848 0.995706 0.981934 1.000507 1.000712 0.998661 1.002718 0.997344 1.007182 1.005277 1.005208 0.998774 1.003433 1.003613 0.999596 1.012697 1.000218 1.002179 0.992794 1.002850 0.997805 0.990484 0.994660 0.997158 0.998411 0.999625 1.001053 1.002610 1.010666 1.001040 1.004335 0.998241 1.001882 1.006526 0.999924 0.997376 1.015401 1.001802 0.993516 1.000758 0.992183 0.989969 0.998112 0.998956 1.003104 1.005536 1.004451 1.001670
1.008326 1.007115 0.993347 0.999997 1.003490 0.999262 0.999607 1.004150 1.004879 0.995696 1.001186 1.001337 1.005809 1.012378 1.004926 1.001372 0.999611 0.998902 1.004812 1.005889 0.995059 1.000889 0.999761 0.990318 0.994772 0.997596 0.995073 1.001294 1.000921 1.003883 1.006735 1.001332 0.999196 0.990312 1.008395 1.003486 1.008085 1.003769 0.999222 1.005346 0.998164 1.000495 0.997681 0.999047 1.006265 1.004071 0.999102 0.995724 1.001979 1.000467 0.993608 0.997182 1.007721 1.001152 1.000091 1.006127 1.000866 0.998596 0.993910 0.999463 0.981722 0.998636 0.997903 1.000832 1.011653 1.007915 1.008995 1.001983 1.007753 1.003754 0.999833 0.997742 1.009507 1.005860 1.002490 0.994148 1.001840 0.999945 0.994606 0.999039 0.997252 0.997026 0.995021 1.007511 1.003000 1.009909 1.004768 1.002535 1.008975 0.997670 0.992882 1.000961 0.998818 1.001642 0.996871 0.998235 1.003645 0.996303 0.998103 1.000362 1.006996 0.999235 1.010317 0.989317 0.996457 0.998465 0.996442 0.996102 1.003629 0.993512 1.005652 0.998977 1.001900 1.004374 1.012266 1.007034 1.003858 1.008749 0.998258 1.006748 0.998869 0.996179 0.995010 0.986669 1.005374 0.996544 1.003122 0.994695 0.996810 0.993092 0.998186 0.996777 1.000453 1.001522 0.996555 1.005311 0.996922 0.998982 0.988876 0.995973 1.004229 1.009124 1.007774 0.998719 0.991520 0.992752 1.003264 1.002822 1.005478 1.004734 0.999059 0.994480 0.998527 1.006360 0.999021 1.003483 1.002053 1.001366 1.003284 1.001168 1.002178 1.005570 1.003692 0.989113 1.000799 1.007893 1.011424 1.002091 1.008597 0.994560 1.002518 1.009599 1.002433 0.997312 0.993428 0.998675 0.995119 0.995881 1.006564 1.001819 1.007619 1.000699 1.006555 1.007845 0.994970 1.004116 0.993764 1.000850 0.999849 0.997394
0.999706 1.002366 0.986584 0.996616 0.994779 0.995068 1.006644 1.004288 0.998437 1.000114 0.994586 0.999285 1.000574 1.012742 1.010133 0.996620 0.998007 0.993060 0.988002 0.999634 0.994862 0.993523 1.002487 0.994933 1.010025 0.996222 1.004329 0.996869 1.002352 0.998601 1.001902 0.995569 0.999942 0.992698 0.999416 1.010783 0.999491 0.994958 0.995209 0.986817 0.990752 0.990198 0.994535 0.997051 0.999526 0.998017 1.008270 1.007820 0.994200 1.001419 1.002472 0.997983 1.002193 0.998092 1.004603 0.996520 0.996565 1.004653 0.993064 0.995531 0.997786 0.998361 0.994296 0.997709 1.005416 0.987530 1.002399 0.998419 0.995190 0.997611 0.991860 0.998645 0.997454 0.996211 0.999170 1.005517 0.999665 1.003910 1.002457 1.006275 1.006181 0.992696 0.994617 0.999429 0.998527 1.000832 1.002766 0.992975 1.001238 1.000026 0.998692 1.004594 0.994827 0.999281 1.000951 0.991342 0.997262 0.998602 0.995757 0.995558 0.995756 0.992716 0.991365 0.991524 0.995394 1.003202 1.001958 0.995723 1.011034 1.007326 0.999572 1.008555 0.997061 1.006688 0.991185 0.987850 1.004883 1.008856 1.003343 1.002923 1.005622 1.000791 0.995680 0.999868 0.992916 0.999071 0.999422 0.990472 0.994632 0.997994 0.993698 1.000003 0.998402 0.999242 1.000195 1.010216 1.005123 0.994786 0.992772 0.995535 1.006906 1.002392 0.992113 0.994419 0.999572 0.999302 0.995579 0.997719 0.991006 1.001510 0.993381 0.986308 0.995748 0.997646 0.998630 0.998375 1.002721 1.000101 1.004303 1.000954 0.992654 1.008815 1.002469 0.997365 1.009246 1.014641 1.005196 0.998308 1.000273 0.990499 1.003799 1.002141 1.001050 0.994884 1.001379 0.999595 1.006991 1.008906 1.001434 0.991540 1.000473 0.998086 1.006286 1.012655 0.999686 1.004861 1.007844 1.001999 0.999493 1.004649
1.000432 1.003292 0.999572 1.008969 0.989825 0.997941 1.008798 0.994082 1.001076 1.004154 1.004630 1.008494 1.008219 1.010711 1.003374 0.997996 1.002333 1.002524 1.007343 1.004543 1.007315 1.000588 1.005793 1.003143 0.999759 0.990047 0.997332 0.994765 1.001452 1.003453 1.004029 1.002520 1.000121 1.005864 0.997463 1.000350 0.996167 0.990414 0.990421 0.999233 0.995651 0.998004 1.000669 1.002649 1.000283 0.996889 1.007420 1.004990 0.995103 0.992801 1.001697 1.008055 0.990488 1.002777 0.998144 0.998790 0.984291 1.005296 1.009886 1.004564 0.995187 1.000420 1.002919 0.992464 0.999604 0.983840 0.988017 1.009852 1.001269 1.010851 1.002815 1.005681 1.004268 1.001874 0.990643 0.988536 1.004288 0.988685 0.997674 1.009939 1.002877 1.001661 1.000159 0.988769 0.994455 0.995428 0.988571 0.992816 0.996001 0.992891 1.006130 1.007354 1.001497 0.984240 0.994535 1.001954 0.996800 1.000004 1.005560 1.004349 0.995423 0.993357 0.991244 1.002630 0.995887 0.991077 1.003019 0.996342 0.990889 0.994395 0.997233 0.997634 0.997460 0.999211 1.000357 0.999662 1.009094 1.005187 1.003096 1.003395 1.005571 1.006438 0.992064 0.994718 1.000724 1.011284 1.005110 1.001411 0.996856 0.996548 0.995391 0.999449 0.993016 1.006804 1.001896 1.004646 1.004850 0.999570 0.999443 1.000330 1.010865 1.005993 0.995312 0.987266 0.997877 1.003076 0.996253 0.997298 0.993955 1.004549 0.998924 0.999809 1.000131 1.003431 0.996830 0.997291 0.997664 1.004477 0.994343 1.000164 0.999677 0.998503 1.011945 1.009601 1.004055 0.997147 1.007194 0.996265 0.998637 0.998305 0.991355 0.995882 1.014055 0.989469 1.005529 1.004328 1.005937 1.014186 0.992731 0.999399 0.999501 0.999471 1.003618 0.994882 0.991811 0.998241 0.985475 1.002779 1.003368 1.001892
0.998955 1.004302 1.004623 1.002512 0.999952 1.003198 0.991786 1.000793 1.003334 0.997247 0.993431 1.007255 1.006323 0.997245 0.990843 0.991631 0.999129 0.999881 1.015538 0.996594 1.001095 0.999027 1.004934 0.998407 0.995745 0.998631 0.995296 0.994756 0.998670 0.999698 1.000193 1.001990 0.997599 1.003817 1.002250 0.999557 0.991321 1.007933 1.005849 1.007900 0.996648 0.992145 1.006626 1.007713 1.000977 1.005707 0.995685 0.997063 0.995282 1.001512 1.005732 1.004608 1.001029 1.008129 0.996685 0.996093 0.994213 0.994576 1.002318 1.007229 0.993850 1.003859 1.006132 1.004898 1.004106 0.995816 1.001532 0.996460 1.006229 1.003702 1.002605 0.994986 0.991221 0.996548 1.001851 1.003791 0.996114 0.997317 1.000605 0.997924 0.997728 1.008649 0.989758 1.005060 0.991180 0.995000 1.000516 0.995214 0.998979 0.993228 1.002208 1.003120 0.987106 0.997037 0.998628 1.006023 1.009895 0.998822 1.004306 1.001162 1.001261 0.988352 0.999055 0.991660 0.983872 0.999643 0.998941 1.001077 0.995504 1.010310 1.005111 1.003732 1.003563 1.002304 0.996303 1.003504 0.990097 0.999087 0.996909 0.996433 1.013937 1.010804 1.001555 1.001681 1.005560 1.006075 0.997358 0.996641 0.992519 1.008121 1.009820 1.003985 0.999448 0.994517 1.001374 0.988074 0.997379 0.997137 0.996379 0.997889 1.004932 1.001934 1.006579 1.004428 0.987243 0.996892 1.005005 0.999222 1.000288 1.008990 1.003216 0.993649 0.999681 1.006576 1.005270 1.006401 1.002235 1.011095 1.000638 0.997871 0.997483 1.000149 1.002018 1.002142 0.991511 1.002774 0.994780 0.988695 1.009028 1.001905 1.010731 1.011803 1.009042 0.998257 1.001510 0.990073 1.008964 1.000060 1.000601 0.992349 0.991260 0.993940 1.001714 0.998009 0.998411 1.006449 0.996430 1.000816 1.006275 1.003829
1.001952 0.991883 0.995013 0.995845 0.996785 0.998032 0.995822 0.991018 0.996817 0.997901 0.996966 0.998006 0.997721 0.997806 1.002574 0.988828 1.000456 0.994294 1.001454 0.995713 0.995432 0.998556 0.999173 1.003542 0.988485 1.005912 1.003653 1.007962 1.003291 1.000619 1.006819 0.994231 0.995523 1.003618 1.001933 1.002642 0.986911 0.990777 0.993797 0.992191 1.000050 0.997682 1.006254 1.002238 0.994808 0.996707 0.993043 1.007468 1.001048 1.005025 0.996178 1.002583 1.006054 0.996452 0.998691 0.994221 1.001745 1.002640 1.005066 1.003644 0.985131 0.988289 0.996462 1.007018 1.000846 0.997627 1.000559 0.991045 0.996079 0.994278 1.001255 1.000721 0.996245 1.001178 1.010344 1.003252 1.002648 0.999489 1.002613 1.003239 1.005498 0.991865 0.998549 0.996219 0.996163 0.986230 1.004619 1.000054 1.004630 0.995466 1.004981 1.005816 1.011199 0.993897 0.986637 0.994399 1.003834 0.996700 0.995709 0.994124 0.993289 1.000456 1.003977 1.011524 1.001206 1.000010 1.003115 1.008541 1.002781 1.006145 0.997477 0.994290 0.997459 0.991210 1.000512 0.997320 1.004602 1.005000 0.995136 0.997704 0.999990 1.001330 1.010027 1.010608 1.003450 0.997712 0.994501 1.004676 0.983625 0.998535 1.008186 0.999678 1.002375 0.984978 0.994260 0.998549 0.998830 1.002262 0.985078 1.003299 1.001658 0.999248 0.996188 1.000546 1.006737 1.000155 1.009380 1.009758 1.009329 0.999365 1.001238 1.005784 0.999489 1.001625 0.997420 1.007428 0.994934 1.010389 0.998913 1.001030 0.992312 0.993272 1.001421 0.992778 0.999316 0.999763 0.999370 0.993280 0.998886 0.993913 1.004007 1.000004 1.004234 1.001259 0.992634 0.988158 1.005292 1.003220 1.003178 0.998927 0.997656 0.994840 1.007500 0.997263 0.992962 0.991409 1.007446 1.006192 0.996022 1.004571
0.998442 0.990607 1.001516 1.012324 0.994187 0.998185 0.994646 0.997585 0.995399 0.990205 0.991460 1.006847 0.998209 0.996233 1.002758 1.001302 1.006819 0.994793 1.005970 1.009216 1.005206 1.001093 0.998715 0.999640 1.007570 0.999237 0.988861 1.006255 1.004781 0.988663 0.988229 1.009304 1.000267 1.006171 1.001464 1.008237 0.998506 0.998795 0.999634 0.994225 0.993744 0.991646 1.006549 1.003527 0.998371 0.996819 0.991118 0.999754 0.990632 1.002937 0.990704 1.005208 1.000929 0.998467 1.004327 1.004402 1.009626 1.002589 1.003002 0.992140 1.003595 1.002187 0.989761 1.002378 0.993758 1.001721 0.994175 1.001220 1.002836 0.998041 1.001313 1.002245 1.007203 1.001381 0.999852 0.998853 1.000534 1.005982 1.003503 1.002646 1.002595 1.004159 1.000749 1.000484 0.995767 0.990035 1.002626 0.999356 0.996353 0.998713 1.003062 1.003457 1.002430 1.001055 1.007101 1.004900 1.004244 1.003559 0.997668 1.005658 0.997286 0.992890 1.003977 1.003587 1.010440 0.993106 1.003635 1.004110 1.001431 1.012495 1.001637 0.994871 0.998817 1.000857 0.997784 0.997251 0.991295 0.994181 1.002436 1.003926 0.996493 0.998423 0.988077 0.995611 1.001732 1.006179 1.003602 1.000855 1.001279 0.998411 1.007413 1.014330 1.000117 1.001277 0.995366 0.996199 0.989355 0.994403 0.990896 0.993867 1.004223 1.005372 1.008972 1.004294 0.998869 1.003217 0.997826 1.001846 1.000076 0.997799 0.993826 1.001111 0.999934 0.994509 1.007196 1.008805 1.001103 1.002627 0.990481 0.998400 0.996086 1.000662 1.004723 0.992964 0.999292 0.999322 1.001153 1.005094 1.005025 0.998852 0.998472 0.993253 1.002225 0.995340 0.994724 0.986235 1.005970 1.002209 1.004546 0.996669 1.006330 0.993169 1.000664 1.009163 1.005415 0.998778 1.003984 0.998188 1.005987 1.004977
0.985934 0.994242 1.012386 1.009921 1.002025 0.995120 0.999629 1.004795 0.998400 0.996841 0.994849 0.996819 0.989625 0.994593 1.008250 1.001575 1.012936 1.005749 1.002514 1.004885 1.012415 0.991866 0.999334 1.005377 0.989935 1.001675 0.994226 0.992314 0.999573 1.001361 0.996084 1.005201 1.004996 1.000235 1.005286 0.992746 0.991757 0.998654 0.995781 0.996729 1.000724 1.005156 0.995931 0.999662 0.995513 0.982242 0.997858 0.992627 1.005738 1.005236 0.996452 1.003081 0.998278 0.997983 0.998421 1.000297 1.004026 1.005297 1.004310 1.002633 0.991780 0.995473 1.002470 1.002243 0.992887 0.993417 1.002836 0.993896 1.002844 0.999311 1.004873 0.988340 1.003150 0.995714 1.005727 1.001910 0.995538 0.999451 0.993559 0.997888 0.997422 1.008361 1.002211 0.988995 1.000209 1.000287 1.002873 0.995912 0.989965 0.990622 0.993328 0.990608 0.998049 1.003285 1.002981 1.003065 1.007868 1.006927 1.002948 1.002973 1.007792 0.996249 0.998904 0.998490 1.008345 0.991230 0.993360 0.999023 1.001855 1.003622 0.999261 1.002664 1.011633 1.001424 0.997480 1.001355 0.996520 1.002283 1.006070 1.008295 1.000215 0.985056 0.997803 1.013378 0.994266 0.994594 0.991791 1.002834 1.000703 1.001312 0.997544 1.005201 0.992717 1.001981 1.005939 0.990674 1.003012 0.991202 1.004275 1.000690 0.996407 1.004002 1.008780 1.000101 1.002222 0.992631 0.996352 1.003226 1.000024 1.009665 0.993437 1.005286 0.990466 1.003351 0.997203 0.998669 0.986210 0.999943 0.999757 1.004993 1.001432 0.999431 0.994873 1.000538 0.992935 0.996470 0.992339 0.998320 1.000337 1.002497 0.997169 0.997611 1.000354 1.001751 0.995869 0.997067 1.005353 1.008597 0.995893 0.997302 0.996875 1.004482 1.000443 0.997255 1.001235 1.003023 1.008008 1.001840 0.992540 0.996707
0.995263 0.997344 1.006889 0.999696 0.994370 0.999454 1.002297 0.999126 1.005661 0.993904 0.998030 0.996534 1.005595 0.995903 0.997545 0.998379 0.995287 0.998397 1.005444 1.002388 0.996193 0.987439 0.991202 0.998272 0.999615 0.999347 1.001007 0.990960 1.005892 0.997119 1.003795 0.998331 1.006026 1.004658 0.996763 0.990183 0.997983 1.000198 1.004327 0.999010 1.003484 0.996178 1.002727 0.992766 0.998752 0.993570 1.004099 1.000187 0.998901 1.000030 1.007079 1.008419 0.997884 0.995292 0.996116 1.000349 1.001623 1.007049 1.006369 1.006486 0.994963 1.003691 1.006380 0.995030 1.002998 1.010181 1.006085 1.009193 1.008852 1.008951 1.005625 1.004240 1.005547 0.994818 1.009522 0.997782 1.005966 0.993606 0.998880 0.989099 1.000453 1.000505 0.995602 0.998421 0.992921 1.013363 0.994622 0.989534 0.997181 0.992831 1.003986 0.998518 1.004085 0.999363 0.988836 1.001722 1.001589 1.003169 1.006049 1.005341 1.004622 1.003804 1.008245 1.000626 1.009253 0.999070 1.000232 0.996369 1.003854 1.007124 1.002905 1.011280 1.005105 1.007589 1.007620 1.000215 0.987031 0.991866 1.004167 1.007505 1.000772 1.003444 1.009004 1.000888 0.988898 0.994461 0.994388 1.002302 1.000210 0.997873 0.998974 0.993686 0.990860 0.989903 1.007048 1.004330 1.003903 1.005888 1.001259 1.002602 1.005213 0.996272 0.990688 1.003525 0.997654 0.998271 1.007528 1.013522 1.006675 1.002800 0.991390 0.994703 1.003003 0.997616 0.996206 1.010363 0.997223 0.993402 0.992724 0.996618 0.994720 1.002152 0.993351 0.994619 0.996210 0.994236 1.007207 0.992853 1.002149 1.004541 0.996717 1.003169 0.988925 1.005991 0.995577 1.006851 1.003779 1.007656 1.002661 0.994020 0.995840 0.997764 0.995599 0.992419 0.993316 1.007863 1.010367 1.003795 0.988139 1.000163
1.002700 1.008405 1.003756 1.000232 0.993723 0.989147 0.993997 1.003294 1.009339 0.996585 0.994129 0.997474 1.003553 0.993426 0.996752 1.001314 1.003778 1.006766 1.003398 1.002879 0.998440 1.000630 0.986732 0.997624 1.011457 0.998698 0.999523 0.999657 1.005460 0.987666 0.993688 1.002042 1.006890 0.991935 0.996662 0.996266 0.991374 1.004787 0.998253 1.006443 0.994754 1.001669 0.997921 0.996340 1.001176 0.997649 0.996464 1.000373 0.996161 1.003834 1.008777 1.006336 0.998399 0.998401 1.000946 0.991189 0.999093 0.991017 0.999356 0.998545 0.995946 1.002380 1.005978 0.998186 0.999202 1.009077 0.996907 0.999676 0.996719 0.997690 1.001043 1.001354 0.996411 0.996885 1.007017 1.001200 0.999583 0.987967 0.998526 1.004923 1.005146 0.997987 1.010150 1.003544 0.985307 0.999571 0.994289 0.992223 0.994768 0.994467 0.998116 0.994110 1.005275 1.010063 0.986684 1.006447 1.001808 0.998562 0.997684 1.002808 1.001281 0.997707 0.999019 1.001886 1.010427 0.996866 1.008304 1.011830 0.994408 0.996037 1.002807 1.005603 1.004321 0.998884 1.002617 1.001886 1.001327 1.003209 0.993647 0.991489 1.003120 1.001321 0.991352 1.000526 1.003674 1.007498 0.995409 0.998741 0.982155 0.994893 0.995916 1.000987 1.001414 0.999819 0.991943 1.008645 0.996110 0.997803 0.996641 1.004995 1.000231 0.995851 0.997268 0.991268 0.990665 0.999903 1.002327 1.001561 1.003309 0.995356 0.996595 1.000096 0.999979 0.990629 0.999293 1.000286 1.002587 1.004222 0.993666 0.991993 0.999409 1.003274 1.003043 1.005066 0.990322 1.001581 1.004428 0.992243 1.001981 1.008258 0.998273 1.006271 1.007579 0.992365 1.002778 1.000136 1.000157 1.002864 1.004938 0.991092 0.995668 0.986554 1.001718 0.993471 0.997474 1.005543 1.001967 1.005704 1.001277 1.000307
1.003361 1.011954 1.004898 1.000116 1.005968 1.009639 1.005044 0.995504 1.006051 1.002683 1.000300 0.999580 0.990958 1.005088 1.001293 0.993884 1.006115 0.993825 0.996022 1.004303 0.998927 0.992339 1.003624 0.989801 1.001338 0.990670 1.000592 1.001421 0.992454 0.993401 0.995587 0.994204 0.991911 0.998095 1.001081 1.005147 0.999734 1.011885 1.004934 1.001131 1.000275 1.000069 0.999210 1.001642 1.002045 0.999786 0.997191 0.996185 1.002110 0.999117 0.999229 1.005796 0.998208 0.992533 1.005537 0.999398 0.994424 0.993268 0.993602 1.000233 1.011181 1.003583 1.002916 0.998109 0.998298 1.005209 0.997566 1.002540 1.004616 1.008200 1.002434 1.000253 1.001251 0.999225 1.007356 0.999726 1.001831 1.006091 1.001715 1.003555 1.001595 1.000986 1.000243 1.007189 1.002805 0.992935 0.997232 0.991620 1.002358 0.998210 1.004890 1.008094 1.008551 1.015282 0.996303 1.001608 0.993296 1.008488 0.998506 1.012339 1.003152 0.997457 0.997709 0.992108 0.992344 0.991802 0.993481 1.006720 1.003297 1.001848 1.000378 0.997514 1.001437 1.007962 1.009097 0.999364 0.999008 1.003160 1.004371 0.998485 1.004829 1.003063 0.998434 1.002237 0.998434 0.987732 0.997082 0.996848 1.006210 0.993888 1.001236 1.003900 0.995809 0.990723 0.993223 1.000422 1.003612 0.998315 0.994496 0.998444 0.996063 0.993160 0.998053 0.996301 0.999103 1.010324 1.000149 0.984872 0.996148 1.004610 1.008368 1.008849 1.009306 0.997007 1.009810 1.009188 1.005336 0.993129 0.995977 1.003049 0.992905 0.993999 1.003335 0.985399 0.988262 1.001241 0.993674 0.995460 0.990241 0.998516 1.004730 1.003428 0.999350 1.003913 1.007443 0.997224 0.989040 1.001857 0.994443 0.991723 0.997833 0.989249 1.006284 0.989009 1.004297 0.999654 0.992789 1.001095 1.006181 1.005626
0.993851 0.997290 0.995489 1.001088 0.997353 0.989471 0.987679 1.001543 0.998053 1.001469 0.995250 1.002637 1.009066 1.003966 0.994066 1.011946 1.004834 1.010070 0.994998 1.002301 1.004455 0.997731 0.991503 0.991201 1.007311 1.010059 0.999780 1.000941 1.002493 0.988063 0.995200 1.005229 1.004132 0.993073 1.002316 1.000304 1.002958 0.993449 0.995129 1.006426 0.991316 0.996822 0.997378 0.991494 1.002702 1.007735 0.998124 1.000546 0.997665 1.003680 1.001550 0.999404 0.999432 0.991281 1.003950 1.000454 0.997544 0.990486 0.994458 0.999219 0.995802 0.998805 1.000380 1.006299 1.005667 0.996725 1.003376 1.007038 1.000243 1.007809 0.992386 0.995158 0.996266 1.007408 1.009437 0.995194 1.002518 0.999502 1.002331 0.994926 1.002015 1.000022 1.001461 0.999602 0.992816 1.004683 1.004566 0.998325 1.009881 1.007101 0.993466 0.992098 0.988782 0.998832 1.010741 1.001122 1.005197 1.003177 0.996227 0.996822 1.000376 0.999356 0.991786 0.993786 1.001215 0.999623 0.994707 1.005087 1.001674 1.002797 0.988172 0.997658 0.997416 0.997506 1.000022 1.000559 1.003718 0.998798 1.006515 1.002169 0.991085 1.000712 0.998820 0.991566 0.998693 1.001332 0.998970 0.996968 1.003833 0.995622 1.010239 1.016315 1.003190 0.999320 0.995767 1.000025 1.004161 0.989974 1.000949 0.997043 0.998786 0.996435 0.991863 1.012890 1.001181 0.999980 0.995966 0.990721 1.003834 1.000890 0.998355 1.007496 1.004373 0.998931 1.007725 1.005190 0.994619 0.995583 0.993848 1.001817 0.996608 0.995042 1.003141 1.003502 1.002683 1.006468 1.005987 0.999314 0.991542 0.988150 1.007088 0.994123 0.989727 1.000527 1.006197 0.996177 1.007096 1.002611 1.001479 1.000291 0.999422 1.002750 0.997737 0.997146 1.000454 1.004822 1.004018 0.988498 0.994575 1.007658
1.000036 1.004699 0.997311 1.001921 0.992946 0.996458 0.989371 1.008007 0.999984 0.995819 0.991055 0.984782 0.990703 1.004224 1.004754 1.006245 1.004451 1.005452 0.999823 0.992943 1.003335 1.008019 0.996786 1.004127 1.005007 0.998615 1.003838 1.003513 1.008657 1.000761 1.004986 0.994980 1.001549 0.996923 0.993398 0.993120 0.990249 0.992386 1.001673 1.003163 1.001809 0.999990 1.005573 1.004741 0.998049 0.999655 1.001221 0.999191 0.999500 0.991041 0.998010 0.997070 0.999301 1.005959 0.999392 0.997277 1.002567 0.999020 1.000833 1.003840 1.009733 0.987269 1.000509 0.987182 1.007952 0.994642 1.000664 0.996324 1.004572 1.003078 1.007662 0.995772 1.005880 0.994237 0.999160 0.999278 0.996753 1.007560 1.000705 1.001601 0.999516 1.011575 0.999796 1.002516 1.001992 1.000778 1.003552 0.996078 0.994041 1.000194 1.001425 0.996892 0.994507 1.010717 0.996417 1.005137 0.991430 1.000265 1.005417 1.000588 0.996565 0.994944 0.991887 0.997527 0.997899 0.981733 0.994708 1.001276 0.996384 1.003365 1.006126 0.999421 1.003868 0.997202 1.005700 0.990424 0.998164 1.002316 0.997090 1.008938 0.989838 1.000446 1.000382 1.004155 0.994640 0.993479 1.005643 0.992233 0.990072 0.995006 1.006765 1.004231 1.003956 1.002975 1.003163 1.000866 1.008006 1.007156 1.009283 0.983743 1.003304 1.003481 0.998243 0.998297 1.007730 1.000467 1.001047 0.997826 1.004014 1.002084 0.997458 1.008728 0.999723 1.000308 1.000829 0.995704 0.992101 0.996851 1.003086 1.009436 1.007234 0.999218 1.004565 1.004392 1.001969 0.991607 0.996492 0.999392 0.994442 0.995798 0.988902 1.003047 1.006158 0.995106 0.991064 0.993344 0.997557 1.001135 0.986334 1.001791 1.005017 0.996373 1.001445 1.004760 1.009120 0.999682 1.005971 1.004871 0.993283 0.995222
0.999147 0.998636 0.993865 0.995661 0.994089 0.995977 0.997354 1.000082 0.987793 0.997260 0.992933 1.006451 0.997377 1.011222 1.005722 1.006852 0.996161 0.997145 0.998446 0.996489 1.002075 1.010408 0.995060 1.000220 1.000732 0.994386 0.989345 0.998340 0.997557 0.999966 0.999723 1.008481 0.998475 1.004101 0.992819 0.997091 0.999516 1.007341 1.002681 1.001366 1.006889 1.002337 0.997177 1.007667 0.997768 1.003797 0.999844 0.993207 0.995778 0.997192 0.998228 1.001317 1.002706 1.001595 0.999939 0.999803 0.998839 1.001993 0.999440 1.002972 1.006611 0.990993 1.006500 0.993490 1.002661 0.998373 0.998460 1.003049 0.999269 1.000605 1.014114 1.009762 1.006456 1.004752 0.993149 0.993850 0.981246 1.002244 0.997896 0.991039 1.008500 1.003798 0.999062 0.997540 0.998138 0.999730 1.000640 1.004300 0.997884 0.993099 1.012452 0.993447 1.005620 1.009369 0.997574 1.000996 1.005972 1.000983 1.004024 1.002123 1.002175 1.010115 1.003111 0.994462 1.001702 0.998562 0.999032 0.997284 0.999930 1.008538 1.000600 0.994983 1.007004 1.004068 1.009130 0.996712 0.999915 1.002188 0.999849 1.005642 0.999609 0.997183 1.006235 1.006387 0.993224 0.993471 0.993230 1.002007 0.998329 1.006284 0.994199 0.996070 0.993580 0.997958 0.995493 0.996761 1.001885 1.006996 0.995236 0.994673 1.006563 1.003302 1.002978 0.986384 1.003514 0.999216 1.004380 1.001003 0.998233 1.002350 1.005577 1.001958 0.999636 1.000146 0.986775 0.993347 1.004449 0.998743 0.990310 1.002346 1.008936 1.003225 1.001685 1.003405 0.987837 0.990981 1.000708 1.000793 0.995985 0.993389 0.994304 0.998410 1.001398 0.997515 1.000261 0.999377 0.998466 0.998858 0.985126 0.997676 1.000855 0.997180 1.002330 1.002661 1.004345 1.007907 1.002051 1.004428 1.000710 0.995063
0.996369 0.995002 0.994444 1.005585 1.006848 0.999596 1.001336 1.000198 1.003546 1.005592 1.001651 1.001208 0.997221 0.997752 1.002157 1.001288 0.998010 0.990493 0.996602 0.993543 0.989252 0.994386 1.005649 0.994369 0.992853 1.000820 0.993108 0.990711 0.994668 0.998622 1.001244 1.000369 0.997909 1.000046 1.003849 1.007347 0.997858 0.996673 1.001126 1.010357 1.004735 0.997214 0.999922 0.999895 1.004581 1.007382 0.996251 0.988189 1.003277 1.000881 1.006716 1.001452 1.001987 1.010008 0.999754 0.994172 1.000660 0.996344 1.002361 0.992333 0.990268 1.001284 0.997885 1.006040 0.994975 1.011562 0.997375 1.004531 1.000098 0.996636 1.010232 1.001175 0.986914 0.992033 1.003557 1.003369 1.004088 1.004194 0.992662 0.986426 1.005760 1.005580 0.996235 0.998435 1.000155 0.998714 0.999734 1.001896 1.011668 1.004679 1.005763 1.002558 1.007288 1.001155 0.997920 1.003049 1.004643 1.005326 0.999029 0.999644 0.997158 0.988776 1.003066 1.001326 1.012713 1.001076 0.993559 0.995573 1.005648 1.007552 1.006029 1.000970 1.005048 0.994892 1.001015 1.001733 0.993747 0.988596 0.990970 0.997218 0.998632 0.997072 1.006563 1.009101 0.992268 1.012711 1.003236 0.999494 1.007114 1.007659 1.003409 0.999287 1.002303 0.994032 0.987489 1.001041 1.005214 1.009004 1.008337 0.992488 1.004282 1.007853 1.001902 1.000009 0.992330 0.999955 1.012718 0.997560 0.997513 1.004846 0.993086 0.997396 0.994658 0.993095 0.999317 0.996842 1.008724 1.002227 0.988935 1.002607 0.994541 1.004166 1.011108 1.005034 0.988142 1.004612 0.998979 0.996524 0.994346 0.997661 1.008684 1.000792 0.992016 1.002969 1.008100 1.000076 0.995865 0.996689 1.001350 0.996842 1.005640 1.007191 0.999493 0.995954 1.006437 0.994149 0.993847 0.993556 0.995048 1.001960
1.003360 0.989777 1.000936 1.006094 1.005985 0.990019 1.001707 0.997459 0.997184 0.996270 1.001884 1.000215 0.993523 1.004165 0.994696 1.003848 1.008149 0.999028 0.999595 0.996752 0.986288 0.993832 1.001678 1.002647 1.003152 1.001907 1.005063 1.001253 1.006949 0.992548 1.002807 1.005192 1.002178 1.000583 1.004308 1.012740 0.999913 0.991369 0.976039 0.992932 1.000476 0.985997 1.005713 1.004683 1.000932 1.006226 0.992564 1.006641 0.999629 1.001151 1.011541 1.004108 1.005057 1.009712 0.998091 1.004489 0.999427 0.993228 1.005534 0.997269 0.994859 0.988305 1.001878 1.000786 0.997993 0.998415 0.995570 1.000971 1.007303 1.003657 0.993139 0.995600 1.002974 0.997874 0.995104 1.000511 1.002523 0.996347 1.013144 0.998946 0.995240 0.991545 0.999377 0.994772 1.002007 0.992891 0.995915 1.003069 0.996903 0.999215 1.006108 1.004377 0.995068 0.997821 0.996612 1.000268 1.001681 1.005181 0.997614 1.000537 1.002854 0.998963 1.007925 1.000387 0.993300 0.996447 0.999333 1.006339 0.997955 1.005164 0.998611 1.001710 1.008457 1.000727 0.989355 1.000752 0.990003 0.989524 0.991964 0.990030 0.999165 0.996261 0.991761 1.004153 0.997485 1.001877 0.992986 0.995755 0.992856 1.005889 1.004960 1.003460 0.996784 0.999771 0.995383 0.991322 0.998880 1.011630 0.993192 1.001246 0.996313 1.002443 1.002168 0.998564 0.999374 0.999920 1.008391 1.010058 0.996386 0.996227 0.990035 1.008484 0.996977 1.003145 1.000472 1.003733 1.002265 0.996132 1.002961 0.991496 0.996003 1.011772 1.012549 0.994635 0.987407 0.981714 0.994804 0.996431 0.998720 0.999091 0.998380 0.999312 0.991627 1.002693 0.996515 1.002143 0.994610 0.995627 1.002252 0.998628 0.993174 0.992832 1.010441 0.999909 0.993899 0.998284 0.999216 0.998319 0.999816 0.994971
1.002599 0.998006 1.004918 1.006916 1.002315 0.994181 0.995515 0.990423 1.005811 1.002331 1.009257 0.995164 0.993818 0.999102 0.988024 1.010878 0.998136 1.000355 0.995018 1.005957 1.004423 1.000094 1.008606 1.004662 1.011670 0.997245 0.995934 0.992846 1.008534 1.010178 1.010933 1.003867 1.012060 0.996686 1.001768 1.004085 0.996962 0.995326 0.996614 1.004378 0.985111 0.991753 0.998834 1.000603 0.993201 1.017133 1.008155 1.001409 1.003583 1.012089 0.995208 1.008403 1.005137 1.002063 1.007567 1.000032 0.994469 0.991002 0.995767 1.004308 0.996945 0.991303 1.004268 0.997298 1.004895 1.000581 1.000866 0.998023 1.005749 0.992119 1.014163 1.002577 0.996428 0.993480 0.999059 1.004677 1.002111 0.998963 1.006389 1.005470 1.000542 1.000457 1.010610 0.997207 1.001445 0.996190 0.999497 0.996691 1.007370 0.992728 0.997598 1.004393 0.994273 0.993088 0.999571 0.996574 0.995301 0.994632 1.002955 1.003150 0.999440 1.004830 1.003410 0.998447 0.991121 0.994578 1.007455 1.003017 0.988478 1.002474 1.009445 1.005543 1.005776 1.001239 1.001299 0.999458 0.999635 1.007817 0.998589 1.000459 0.993718 1.004317 1.001024 1.001541 0.997124 1.004601 0.998479 0.999497 0.999589 0.997730 0.999489 1.007047 1.004168 0.996733 0.999481 0.998332 0.995131 1.001161 1.000425 1.005561 0.995089 1.003056 0.994603 1.005067 1.004028 0.992332 0.995282 1.006525 0.998317 1.005878 1.002745 1.000424 1.004809 0.990427 1.007865 0.996119 0.996910 0.995029 1.003393 1.004006 1.014544 1.003404 1.005873 0.992486 0.993049 1.002175 0.996895 0.996301 0.993270 0.986460 1.001169 0.995001 1.003051 1.003470 0.999181 1.007577 1.001570 0.994470 1.002147 0.993533 0.998263 0.992425 0.999173 1.003697 1.009473 1.009364 1.000778 0.999906 0.997869 0.994677
0.994961 0.990690 0.999066 1.002597 0.999405 0.996107 1.001634 0.995010 0.995997 0.992214 0.991504 0.996461 0.994671 0.998332 1.011154 1.003588 1.001805 1.002104 0.996364 1.001228 0.988939 0.995398 0.999782 0.998852 0.994315 0.997307 0.996522 0.996140 1.010012 1.011452 1.002455 0.991626 1.004211 0.995033 0.997100 1.009316 1.005998 1.003001 1.003418 1.002509 0.994814 1.000245 0.994443 1.000330 1.005231 1.009107 1.001119 0.997798 0.996464 0.998599 1.007735 0.996375 0.988794 0.993802 1.010175 1.010006 0.995817 0.998861 1.004489 1.000789 0.994820 1.003950 1.004721 0.996428 1.000259 0.997187 1.008501 0.997758 1.000711 0.991390 0.995242 0.997271 0.994069 1.003386 0.995690 0.998737 0.995382 0.990758 1.002055 1.001950 0.999650 0.991025 0.997935 1.001114 1.003708 0.999068 0.998574 1.007240 0.996445 1.003114 1.009728 0.999147 1.002154 1.008442 0.993133 1.005057 1.001617 0.999287 1.000880 0.995345 1.000033 1.003804 1.001567 0.990691 0.994144 0.995999 0.997441 1.006102 1.005309 0.997261 1.007266 1.007717 1.007611 0.999954 0.994275 0.989055 1.005305 1.003565 1.000802 1.002559 1.007378 0.997953 0.997701 1.005224 0.998436 0.987473 0.989883 0.998335 0.990779 0.997426 0.994148 0.992494 0.989889 0.998590 0.995074 1.005939 0.994788 0.994714 0.995077 0.992085 1.000792 1.005117 0.994431 0.996933 1.000437 0.998886 0.996666 0.992793 0.999186 0.997001 0.998141 0.993468 1.005739 1.001855 1.006273 1.006245 1.005582 1.015318 0.999356 0.996670 1.003552 1.000251 1.004456 0.999072 0.994261 1.002884 1.000526 1.006240 1.014346 0.998470 0.997778 0.999987 1.002986 1.005420 1.009199 0.995642 1.002280 0.999428 0.998645 1.006014 1.003975 0.990223 1.007276 1.008727 1.007474 1.003830 0.996697 0.996712 0.996948 0.996318
0.986275 0.992591 1.003865 1.000741 0.999715 0.997556 0.994037 1.011726 1.001937 1.001608 1.001110 1.001335 1.005731 0.996335 0.997356 1.000479 0.997726 1.000431 0.997910 1.003546 0.999671 0.998318 0.991197 0.994997 0.996803 1.003237 0.996065 0.997696 0.994748 1.000219 0.999351 0.992816 1.004449 0.992718 0.997884 1.000776 1.005387 1.002666 0.995345 1.002040 0.991305 0.993724 1.002317 1.005703 1.011692 1.004621 1.000726 0.995806 0.988574 0.998619 1.006889 0.997130 0.995825 0.991654 0.999576 0.997456 1.004444 1.003099 0.997933 1.003117 1.005513 1.000806 0.996517 0.999356 0.997577 1.005152 1.001473 1.002419 0.996394 1.002270 0.996856 0.994894 0.999764 1.000419 1.001779 0.995260 0.995395 0.992125 1.003848 1.001161 0.991590 1.001040 1.000855 1.010012 1.013091 1.004065 0.998340 0.999208 0.997153 0.999790 1.000872 0.999398 1.013738 1.004250 1.000839 1.004147 1.001006 0.994561 0.999255 1.000307 1.006965 1.000255 0.998801 0.995950 0.999506 1.002263 0.992938 1.000221 0.998987 1.000836 0.996434 1.000039 0.999676 1.008759 1.007150 1.003706 1.001264 0.999862 0.989776 0.994578 1.009466 0.998850 0.989904 0.996795 1.004915 0.998573 0.989242 0.984378 0.992080 1.003421 1.003429 1.022064 0.996398 1.005478 0.994449 0.993575 0.998099 0.995684 0.997936 1.008551 0.999263 1.000051 0.998190 1.002529 0.998660 1.001140 1.004864 1.007855 0.999829 1.005277 1.012129 0.998868 1.003467 1.003844 0.997689 0.981952 1.002233 0.999733 0.999270 1.000976 1.003957 0.996757 0.998289 1.001643 1.004400 1.000660 1.003813 0.999514 0.997726 0.991932 1.003380 0.999615 1.008767 1.008011 0.997125 0.989983 0.996008 0.990171 0.997753 0.987679 1.000962 0.999845 0.997508 0.996533 0.985776 1.004556 1.008835 1.000863 0.997126 0.996136
0.995874 0.993518 0.995911 0.998874 1.001595 0.992365 0.992276 1.000105 1.009380 0.999369 0.998599 1.002690 1.004530 1.000510 1.003860 1.010050 0.995048 1.006469 1.011184 1.011681 0.998345 0.990825 0.998644 0.992990 0.997637 0.991725 0.999819 0.993282 1.002162 0.999894 0.996026 1.012625 1.011216 1.006160 0.999691 0.992859 1.001465 1.000627 0.997523 1.003088 0.992763 1.002497 0.998721 1.002689 1.001009 1.007084 1.001319 0.999691 1.002347 1.002915 1.006415 1.003248 1.001392 0.998821 1.006645 1.000714 1.005210 0.995293 1.003773 1.004645 1.008978 1.008733 1.010790 1.004952 0.989480 0.989705 0.996853 0.998419 1.005449 1.002992 0.999683 1.002486 1.004586 1.002228 0.990507 1.006622 0.993526 1.008876 0.996609 0.995129 0.999683 1.000605 0.998811 0.997613 1.006028 1.004841 1.004641 1.009213 1.004484 0.995440 0.993327 0.994719 0.999536 0.999659 0.998293 1.006210 0.999790 1.002276 0.994968 1.001764 0.994168 0.995212 0.996500 1.005653 0.997858 0.992551 0.997889 1.004880 0.996298 0.990490 1.001122 1.002856 1.004088 0.992486 1.004389 1.000410 0.998461 0.994005 1.005035 0.991947 0.997914 0.994693 0.994850 1.001163 0.996425 0.996664 0.992526 0.992111 0.995016 1.002529 0.998165 0.998316 0.989255 1.013719 1.010302 1.002125 0.993807 1.001467 0.998598 0.999670 1.002461 0.992628 1.003960 1.001630 0.985966 0.996961 1.001070 1.005986 1.000976 0.998317 0.988279 0.991111 0.990311 0.993770 0.993157 1.000753 0.993186 1.004011 0.995486 0.991025 0.994856 1.007097 1.013428 1.000601 0.999090 1.002534 0.996685 1.004699 0.998708 0.998535 1.006536 1.005736 0.997148 1.000642 1.001226 1.000497 0.997699 0.998990 1.006705 1.002555 1.007377 1.007175 0.992049 0.992793 1.001308 1.004263 0.999583 1.007878 0.999941 0.997845
0.990280 0.989232 1.012479 1.004001 0.999695 0.993448 0.997653 0.998902 1.000479 1.009108 0.991925 1.002770 0.996758 0.994868 0.998025 1.007782 1.001300 0.997221 1.000035 0.991776 0.996112 0.998200 1.002121 1.003587 0.999963 0.989999 1.000712 0.995399 1.004549 1.003047 1.003075 1.010363 0.994424 1.001213 1.006842 1.002869 1.003932 0.990920 0.998562 0.999523 1.005153 1.008221 0.992825 1.005304 0.996164 0.997215 0.996492 0.996222 1.007343 1.008391 1.003119 1.000058 0.998131 1.003545 0.997425 0.988025 1.000025 0.991198 0.996904 1.000715 0.993901 0.997551 0.992626 0.999662 1.003096 1.005025 0.992145 0.990902 0.998601 1.011035 0.997414 1.002973 1.005191 1.000317 0.999475 0.986364 0.996261 1.000311 0.999466 0.996128 1.005226 0.996180 0.998293 0.998984 1.000639 0.994415 0.996535 1.010133 1.000390 0.997664 1.001524 1.006891 1.003679 0.999640 1.001161 1.002516 1.001984 1.009572 1.000064 1.001859 0.995759 0.990789 1.003120 1.007765 1.000900 1.002879 1.003111 1.007059 0.993214 0.997215 1.001374 1.006975 0.999700 1.001488 0.999065 1.001136 1.008228 0.997015 1.002804 0.993304 0.993874 0.999212 0.992951 1.004245 1.004021 1.012188 0.997254 0.991788 1.001994 1.002367 1.009002 1.004070 0.994465 1.008496 1.003868 1.001015 0.991348 0.998672 0.989589 1.000938 0.997796 0.991283 1.006962 0.991799 0.995345 1.002031 0.995589 1.004393 1.007179 1.003274 1.002714 0.996721 0.997506 0.999638 0.993799 0.999104 0.997833 0.999675 1.002934 0.997281 0.997723 0.997948 0.995594 1.009106 1.013432 1.001824 0.991076 0.996817 1.004615 0.996885 1.010430 1.005023 1.000164 0.992816 0.993338 0.995055 1.002534 0.996215 1.001192 0.996162 1.000844 0.996529 1.013195 1.001152 0.998492 1.007695 0.998326 0.998340 1.000141 0.995732
0.995973 1.000020 1.002703 0.999309 0.997728 0.994530 0.999728 1.004161 0.995798 1.001633 0.999479 1.007005 0.999744 1.004860 1.002271 0.994147 1.004875 0.998630 1.002124 0.996521 0.984117 1.000053 0.990612 0.993487 0.995758 0.994378 0.996305 0.999923 0.991050 0.999960 1.001957 1.002014 0.992705 1.001927 0.994251 0.989332 0.993850 0.991893 0.999531 1.003372 0.993531 0.991012 0.996248 1.009089 1.004920 1.007009 0.998947 1.001171 1.002527 1.000921 1.003904 0.995938 0.990872 0.993375 1.001269 1.005690 1.013504 1.005057 0.994991 0.996461 1.006084 0.997195 0.994890 0.995622 0.990956 0.995877 1.004534 0.993270 1.000879 1.004234 0.993725 1.003573 0.998523 0.990569 0.998937 0.992034 1.000830 1.002754 1.009188 0.994148 0.994219 1.001197 1.008635 1.008171 0.998354 0.998765 1.003137 0.993162 0.983096 0.999430 0.992114 1.002871 0.986170 0.998189 0.998484 0.999102 1.016165 0.997427 0.994297 0.995693 0.992848 0.998199 0.985090 0.999213 1.002019 1.004842 0.994419 0.989002 0.999082 1.003740 0.996626 1.003742 1.004005 1.000517 0.991649 0.992707 0.996800 1.000858 1.000253 0.997039 1.002899 1.001154 0.999961 1.008515 1.000656 0.999454 0.987229 0.995678 0.999668 0.997732 1.004648 0.994276 0.988548 1.000315 0.996624 1.003767 0.998172 0.995456 1.001053 1.003422 0.996957 0.995243 0.993369 1.004370 0.999413 0.992715 0.993221 1.000758 0.994971 0.997774 0.996891 1.007560 1.000334 0.999451 0.999902 1.003595 0.994691 1.005611 1.004432 0.995526 0.999069 1.001999 0.994413 1.011743 1.012765 1.009862 0.991133 1.001277 1.006460 0.998849 1.012975 1.004910 1.007704 0.997628 0.990208 0.998571 1.010979 1.000416 1.003801 0.996305 0.999751 1.006899 1.013946 1.008427 0.997208 1.002638 0.992323 1.004904 1.002149 1.001561
0.998646 1.009608 1.005088 1.000697 0.996100 0.990616 0.985348 0.997745 1.005131 0.993661 1.007522 1.007159 0.998255 1.007574 0.990986 0.996680 1.006880 0.999072 1.000912 0.996979 0.994340 1.002213 0.991099 0.992945 1.003234 0.997569 1.003119 1.001230 0.990543 1.011490 0.999693 0.997417 1.003784 0.994155 0.999684 1.002663 0.992102 1.004692 0.996965 0.998063 0.999324 1.001298 0.991397 0.987320 1.003249 1.008560 1.002595 0.996864 1.005332 1.010431 0.994575 0.997690 1.003710 1.005920 0.989401 1.011362 1.010324 1.005618 1.000543 0.998312 1.007910 1.006516 1.018049 0.996284 0.995935 0.993294 1.008474 1.002560 1.004367 1.005179 1.008136 1.003215 1.008760 0.992914 0.995041 1.006768 0.993625 1.002202 1.004159 1.002886 0.996070 1.006472 1.009394 1.005739 0.994719 1.003559 1.012136 0.994831 1.001932 0.998910 1.004336 1.008341 0.996036 0.996260 0.997649 1.004276 1.000210 1.005543 1.002934 0.996458 0.992329 1.005471 1.001687 0.998516 0.996575 1.004036 1.006973 0.988702 1.009988 1.013413 0.999304 0.989771 1.006748 0.993652 0.991824 1.000159 0.998793 1.005606 0.998673 1.001005 0.996238 0.997076 0.999026 1.000366 1.000429 1.001661 0.992305 1.005193 0.998349 0.995822 1.007077 0.997187 0.998873 1.003553 0.996059 1.006172 0.998175 0.999888 0.989862 0.996691 0.996432 0.996295 1.000211 1.005277 0.989192 0.999861 0.995334 0.995073 0.995401 1.006769 0.991043 0.996712 0.993675 1.000237 1.000986 0.994739 1.001579 1.004289 1.000976 0.992007 1.006935 1.013511 1.007239 1.004503 0.994380 1.004167 1.007239 1.004988 1.001667 0.999635 0.998045 0.994479 0.991873 0.992535 0.996825 1.007689 1.008265 0.991814 1.002756 0.998222 1.000442 1.001215 1.003612 0.996659 1.001855 1.005139 1.004631 1.008033 1.009142 1.000110
0.998976 1.000277 0.998726 0.999798 1.004002 0.994976 0.996448 1.003570 1.010261 0.992583 0.998556 0.993253 0.997072 1.003044 0.996430 1.004234 0.990537 1.000034 1.003517 0.998260 0.996736 1.015668 0.995127 1.001680 1.000085 0.996939 1.006840 0.992145 1.000495 1.005544 1.004077 0.995129 1.003820 1.012539 1.006675 1.001241 0.998211 1.003967 0.999509 0.995583 1.004346 1.003002 0.997639 0.989988 1.002605 0.996158 1.000905 1.005273 0.998136 0.999622 0.996258 0.998386 0.997533 1.005228 1.001019 0.995583 1.005261 1.002209 0.994641 1.010332 1.003901 0.999361 1.000871 1.006512 1.004160 1.000487 1.005264 0.992299 0.996709 0.996836 1.004643 1.005341 1.000640 1.003802 0.998985 1.001822 0.995770 1.000385 0.996363 0.999372 1.009469 1.010596 0.999166 1.003346 1.004285 0.990009 0.999868 1.000953 1.001694 1.000565 1.004698 1.001995 1.006391 0.992763 1.008834 0.995688 0.993693 0.998968 0.993870 0.985009 0.999898 1.005667 1.001917 1.008513 1.008043 1.000008 0.998153 0.996157 1.002515 1.001636 0.995058 0.991288 1.003647 0.996269 1.003879 0.995154 1.002288 1.008135 1.005817 1.003072 1.001307 1.004295 1.008609 0.998232 0.996035 0.991596 0.996482 1.011421 1.006415 0.997967 0.994210 1.004845 0.998170 0.997151 0.999841 1.002098 1.006736 0.994271 1.010221 1.006007 0.990587 1.008847 0.992262 0.998911 1.002065 1.003078 0.993204 0.997558 0.999530 0.996985 0.996171 1.003462 1.003526 1.000101 0.997539 0.996180 1.000455 0.992152 0.998160 0.993963 0.997612 0.996373 0.994826 0.997547 0.998409 0.998348 1.005614 0.991169 0.996318 0.990219 0.995296 1.002005 0.996656 1.005600 1.001298 1.006901 1.002387 0.999255 0.999610 1.004369 0.988994 1.002240 1.004597 1.010118 0.995740 1.008065 1.002825 0.997622 0.981015 1.002748
0.998538 0.992572 0.995185 1.002566 0.999822 0.993333 1.002295 1.001565 1.000646 1.003905 0.995516 0.997228 1.008096 0.994900 0.999951 1.003967 1.003201 1.000442 1.002227 0.999723 1.006573 1.016289 1.003855 1.008105 1.005498 1.000971 1.003396 0.989066 1.003329 1.006540 1.004991 0.992303 0.995039 0.990964 0.996460 0.995716 0.995635 0.990223 0.986030 1.005505 1.003679 0.996540 0.995868 0.987117 1.005506 0.992203 0.989779 1.002701 1.003118 0.993845 0.998291 1.013225 1.006233 1.000182 0.998014 1.001889 1.005056 0.997569 0.992449 0.999080 0.991061 1.005831 1.007838 1.003646 1.002551 1.009734 0.997262 1.004809 0.997087 0.999179 1.005492 1.003082 0.998424 1.000464 0.999036 1.009980 1.001271 0.998945 0.996810 0.991889 1.003121 1.008837 1.004954 0.987101 0.998161 1.001859 1.001683 1.003334 0.999110 1.002314 0.993553 1.011806 0.988709 0.992499 1.004153 0.997099 1.002535 1.001951 0.999411 1.001180 1.011952 0.997275 1.000152 0.999128 0.996541 0.995103 1.002009 1.005345 1.001431 0.990811 0.993587 1.000784 0.998471 0.997899 0.989099 1.005983 1.005967 0.997201 1.006876 1.000930 1.008107 1.001572 1.000259 1.001123 1.010113 0.988575 1.003960 1.002016 1.006307 1.001015 0.998195 1.001725 0.998061 0.991731 1.008846 0.991944 1.009354 0.993970 1.000843 0.992672 1.001441 0.996230 0.998832 1.000433 0.999784 1.003218 1.001421 0.996492 1.002120 0.990098 1.002963 0.999244 0.996317 1.000817 0.994624 1.000874 0.998726 0.997623 0.994767 0.999948 1.000633 0.994249 0.989182 0.996705 1.001501 0.997131 0.997666 0.995094 1.000600 1.009089 1.003418 1.000477 1.008052 1.003052 1.000863 1.002625 1.006235 1.006397 1.002723 1.004973 0.999914 0.991717 1.005758 1.003802 1.005996 0.994421 0.995090 1.016358 0.994946 0.999639
1.005005 1.004657 1.001466 0.997256 0.999765 1.003093 0.995606 1.003785 1.004090 0.997378 0.995836 1.006637 0.991796 0.994821 1.003783 1.007177 1.002510 1.003933 1.011218 0.995396 1.003809 1.003322 1.004302 1.008168 0.995135 1.007439 1.001099 1.001025 1.006567 1.004705 1.003273 0.995772 0.999833 0.991860 0.990639 1.002066 1.010365 0.991672 0.994565 0.997241 0.996143 0.997585 1.000605 0.996035 1.002596 1.001294 0.992006 1.000345 0.998048 1.011267 1.003056 1.002318 0.996979 1.002785 0.994324 1.000848 1.001459 0.995998 1.000668 1.002633 1.004435 1.003691 0.991540 1.000579 1.007141 1.008224 0.997305 0.990668 0.999618 0.996395 0.998966 1.005322 1.006874 0.986675 0.993587 1.004468 1.020535 1.007195 1.003370 1.001753 0.999072 0.999433 1.003949 1.003878 1.009505 1.003552 0.989428 0.991869 0.998732 0.991798 0.995869 1.008692 0.997243 0.997416 1.002944 1.009079 0.998497 0.995083 1.003458 0.999468 1.001434 1.004140 1.008433 0.999710 1.006333 1.000481 0.997935 0.999281 0.996577 1.002165 1.003575 1.005398 1.004129 0.993900 1.000936 0.989413 0.999936 0.998802 0.995621 1.002733 1.001310 0.995969 0.997329 0.995004 1.000166 1.001307 0.994547 1.001660 1.001657 1.001851 1.000154 0.991919 1.005994 0.998900 0.993694 0.991978 0.992673 0.995156 0.991182 1.000330 1.000186 1.008747 1.012952 1.016397 1.000413 1.005215 0.988959 0.994809 1.005152 1.010944 0.999231 1.000616 1.000357 0.995736 1.004098 0.998045 0.998389 0.996706 1.003203 0.999738 0.989181 0.995817 1.001360 0.994115 1.003795 0.997620 0.995346 1.002800 0.996812 1.002929 1.001162 1.000741 0.995930 1.004683 1.003923 1.004152 0.998559 1.005938 0.988191 0.998723 1.007401 0.995115 1.005769 0.999645 0.996775 0.991555 0.993843 1.005362 1.009705 0.994952
0.997524 0.993309 0.996626 1.001432 1.004985 0.997021 1.000864 1.001576 1.002453 0.995722 0.994225 0.998620 1.004416 1.001948 1.006994 0.995224 0.992615 0.994973 0.986891 0.988011 1.004147 0.996708 0.998763 0.995498 1.010990 0.991097 0.996747 1.000219 1.001556 1.005360 0.995847 0.996717 0.999942 0.987669 0.994509 0.994800 1.004901 0.997671 0.996769 0.998949 0.996365 1.000640 0.999500 1.000335 1.002188 1.004947 0.999070 1.003838 0.998093 1.006991 1.000092 1.002796 1.000963 0.998051 0.994247 1.001502 0.996613 1.010963 0.998612 1.000265 1.003601 0.994787 1.000823 1.001992 1.011004 0.996089 0.988882 0.995725 1.003879 0.997122 1.002545 0.996856 1.005821 1.003187 0.998265 1.012722 0.995968 0.996517 0.991762 1.004973 1.001686 1.002496 1.006703 1.010818 1.008447 0.997484 0.995402 1.009749 1.003903 1.002430 1.010431 1.007990 0.993492 1.002169 1.002366 1.001786 0.998668 0.994138 1.003900 1.001561 0.993078 0.994668 0.996441 0.999707 0.998709 0.994407 1.009993 0.996369 0.990171 0.992752 1.004457 1.004914 1.007835 0.997222 0.996128 0.997519 0.999515 0.991076 0.989961 0.999202 1.001599 0.997663 0.997095 0.996307 0.995585 1.000181 0.997472 0.990855 0.999066 0.985857 0.991228 1.000214 0.996585 1.000663 0.996779 1.004761 0.995848 1.001640 1.001486 0.994407 0.990469 0.994821 0.999279 1.009622 1.009535 1.002073 1.001764 1.010636 0.999818 0.994355 0.989575 1.002989 0.998596 0.994461 1.012300 0.994418 1.005097 0.995882 0.997213 1.004524 1.008948 0.995148 0.985651 0.999896 1.006206 1.002521 0.995978 0.997027 0.998465 1.006292 1.004084 1.002290 0.994388 1.002504 1.005238 1.009406 1.001744 0.996970 1.001028 0.995346 1.010067 0.998668 1.001214 1.009028 1.003783 0.998929 1.006885 0.999757 0.995716 1.005595
1.006790 0.999940 0.994094 1.002643 1.003158 1.004340 0.996704 1.005915 1.001446 1.007091 0.998509 0.995218 1.002685 1.001947 0.996591 1.001613 0.988934 1.000495 0.993719 1.000122 0.995927 1.001827 0.999551 1.009616 1.006506 0.992044 1.000143 1.007743 1.009672 0.997880 0.993265 0.996190 0.995959 1.005364 1.005548 1.006850 1.000642 0.997657 1.001519 1.001678 1.004056 0.998768 0.999546 1.003568 0.998883 0.995531 0.999884 1.003287 0.998166 0.991822 0.995349 1.006890 1.013581 1.001026 0.992048 0.994783 1.002924 0.999314 0.985742 0.992392 1.004911 1.013765 1.004798 1.011230 1.004843 1.002743 0.989770 0.989910 0.992798 1.003735 1.003518 1.006143 0.992345 0.993180 1.000623 0.996835 0.986285 0.999427 0.999692 0.996925 1.003698 0.997213 0.999522 0.996188 0.994183 1.003508 1.003715 1.006387 0.997071 0.995864 0.999473 0.993278 1.000800 1.001376 0.992211 1.003269 1.011442 0.998924 1.007807 0.998676 0.992747 0.992505 0.992705 0.996819 0.994982 1.002809 1.000672 0.993137 0.998185 0.999921 0.997364 0.999350 1.004341 1.005807 1.000450 1.000212 1.000053 1.012074 1.002300 1.004383 0.994602 1.007751 0.993162 0.994056 1.007598 1.001535 1.010967 1.003960 1.000120 0.995899 1.000879 0.989157 1.000211 1.009200 0.998569 1.008502 0.999571 0.998431 1.009445 1.001785 1.003072 1.000555 1.009034 1.001113 1.000931 0.997151 1.002768 0.990861 1.014275 1.005946 0.984479 1.003377 0.997320 1.002111 0.995883 0.999878 1.005332 1.008222 0.991581 0.998706 1.016777 0.998547 0.992749 1.001448 1.002971 0.994820 1.003874 1.001184 1.002897 0.994915 0.988948 1.004708 0.993828 0.990014 0.996478 1.003393 1.005182 0.988479 1.002832 1.001460 1.005637 0.995222 1.007021 1.005374 0.991478 0.997067 1.002108 0.998790 0.994685 1.007088
1.001528 1.000851 0.995600 0.996443 0.998087 0.998699 0.999015 0.994979 0.996997 1.001061 0.998543 0.993288 1.001911 0.995982 1.005608 1.012162 0.998416 0.993151 1.004074 1.003276 1.003192 1.012806 1.007011 1.005876 0.998412 1.004537 0.998694 1.004058 0.997613 1.004459 1.001382 1.004746 0.996886 1.003875 1.002914 1.003547 1.014153 0.995378 0.994968 1.000395 0.994217 1.005145 1.004200 0.993914 1.004135 0.997142 0.999870 0.999181 0.996401 1.004329 1.000905 0.996530 0.999899 1.000554 0.996092 0.999451 0.997900 0.995636 0.999773 0.994139 0.995305 0.996804 1.006910 1.004624 1.004600 0.991398 0.994977 1.000050 0.993609 0.994233 0.999654 1.001289 1.004069 1.007589 1.004907 1.008779 0.998220 1.008324 1.003635 1.006134 0.997896 1.000543 1.001055 1.005181 0.993916 0.999933 1.001497 1.010878 1.005158 0.986691 1.001482 0.992232 0.982818 0.986784 1.005453 0.997321 0.999457 0.997716 0.999213 1.000754 0.989280 0.996261 1.004894 1.000446 0.993172 0.997622 0.991388 0.985377 0.988149 0.998426 0.988001 1.002157 1.004100 1.000809 0.998254 0.999628 0.999847 1.003868 1.002070 0.987137 0.991533 1.004321 0.998339 1.012714 1.006316 1.004891 0.995073 1.008453 1.003975 1.006058 0.992782 1.008239 1.009775 0.996011 0.998271 1.000016 0.995109 0.999199 1.004392 0.994096 1.005389 0.997577 0.999726 1.000378 0.997127 0.993487 1.001866 0.994456 1.000094 1.000106 0.999905 0.995165 0.995215 0.997478 1.009368 1.005753 1.005253 1.005565 1.002655 0.999198 1.000449 1.006001 1.006889 1.006211 1.003820 0.997320 1.003928 0.995390 1.001761 0.994502 0.998170 1.007239 0.994385 0.995949 1.004682 1.006895 1.007048 0.995458 1.011437 1.005061 1.007668 1.001564 1.003819 0.995057 0.998541 0.991434 0.999888 0.998458 1.001733 0.994683
0.996786 0.996226 0.991112 0.994109 0.998132 1.003155 0.998621 1.003294 0.996018 1.002287 0.991579 1.000584 1.002885 0.990269 1.016113 1.000812 0.995717 1.006596 1.004964 0.997858 0.998941 0.993012 0.996623 1.002825 1.008329 0.996889 0.988393 0.996833 1.003841 1.000087 1.003370 0.996603 0.998598 0.998811 1.005896 1.000902 1.004724 0.990576 0.995960 0.994916 1.010281 1.006101 0.998844 0.989039 1.004192 1.011537 1.003357 1.003487 1.001539 1.011343 1.002534 0.999822 0.997879 1.002715 1.009502 1.005336 1.001660 1.002822 1.000830 0.999313 0.994465 0.999529 1.007909 0.994124 1.007128 1.006076 0.999541 1.006045 0.996388 0.997093 1.004770 1.001357 1.002970 1.011762 1.000432 0.991831 0.995509 1.001539 0.995364 0.994282 1.000600 1.000414 1.003811 0.999858 0.988957 0.997260 0.993190 1.000973 0.993487 1.003938 0.997345 0.998421 0.999587 0.999996 1.010740 0.995652 1.002828 0.999582 1.000221 1.009163 1.000784 1.003429 1.003791 1.003581 0.996555 0.995925 0.985749 0.992757 1.007065 1.008838 0.996302 1.004240 1.005022 1.000624 1.005615 0.994937 0.996262 0.995935 1.000546 0.988379 1.001301 1.003239 1.008700 1.004820 1.008264 1.004291 1.003634 0.995182 1.000510 1.002874 0.996379 1.002454 1.002960 1.002411 0.998829 1.000730 0.996512 1.006693 1.003632 0.997787 1.001606 1.006995 0.999823 1.002809 0.999989 0.997483 0.999349 0.996258 1.003280 0.999052 1.000596 1.001377 1.006007 0.998487 0.997487 0.996169 0.990065 1.005695 0.990010 0.995628 1.010345 0.989663 0.993773 0.995892 0.990322 0.993510 0.998468 0.997339 1.002125 1.009623 1.000679 0.994801 0.999673 0.998882 0.997907 0.998114 0.991876 0.998371 1.012694 0.998358 0.992663 0.985262 0.993726 0.996893 1.012000 0.998617 0.995311 1.004294 0.992917 1.000420
0.998825 0.996806 1.003216 0.998529 0.994878 1.003163 1.003166 1.000648 1.002378 1.002172 0.998455 0.998335 0.997939 0.996499 1.004547 1.002418 0.995769 0.999438 0.996032 1.005068 1.000102 0.992213 0.992583 1.003707 0.992784 0.984748 0.992087 0.990551 0.993233 1.000498 1.002056 0.994313 0.997139 0.992467 1.005242 1.000525 0.993923 0.995301 1.001925 0.998245 0.994145 0.991433 1.004376 1.012198 1.012351 1.000667 1.004850 1.001977 0.996651 1.007284 0.991691 0.996796 1.010481 1.008097 1.001917 0.994288 1.007125 1.007746 0.997382 1.007282 1.003930 0.995886 1.000623 1.005085 1.005447 1.021833 1.003252 1.000145 0.992296 0.995692 0.996148 0.999814 1.003727 1.009131 1.005366 1.000794 0.991104 1.001974 0.999138 0.996433 1.001800 1.002512 0.999029 0.998937 1.004292 0.997513 0.994844 0.991346 0.996933 1.004186 0.998344 1.003652 1.001082 1.004192 1.003245 0.992725 1.002405 1.000120 0.995874 0.994855 0.993732 1.011812 1.001595 1.000971 1.002115 0.994850 0.993309 1.003543 0.999710 1.002412 1.000517 1.000210 0.998767 1.001623 0.998040 1.005536 0.992022 0.994844 0.999917 0.991307 0.999669 1.006239 0.988930 1.001187 1.003028 0.997512 1.003345 1.002045 1.000019 0.995416 0.991965 1.000850 0.987662 1.007814 1.003352 0.994594 1.003997 0.995686 0.992615 0.989950 0.990823 1.001910 0.997175 1.002526 1.002768 0.999277 1.000412 0.997415 0.995848 0.993802 0.998920 0.991083 0.998124 0.991261 1.001222 1.000259 0.996703 0.996076 0.991607 1.000378 1.011203 1.000363 0.997512 0.996369 1.001586 1.011514 1.004610 0.992789 0.995859 1.003023 0.994170 0.995880 1.001771 1.003905 0.995214 0.997119 0.995297 1.002638 1.005321 0.993908 0.991773 1.005241 0.992528 1.001422 0.995592 0.997728 1.002299 1.004850 1.001518 1.005307
1.003892 0.990323 0.995984 0.996470 1.006432 1.011171 1.001108 0.994495 0.997536 1.004873 0.999524 0.995465 0.996184 1.012257 0.997617 1.000682 0.994393 0.996796 0.996527 0.994214 0.997839 1.000105 0.996914 0.997043 0.996286 0.987253 0.991946 1.002949 0.996979 1.013842 0.992935 1.003651 1.006806 0.997447 1.012046 0.991093 1.002512 0.996834 1.001319 1.003787 0.990949 1.009180 1.016690 0.998294 0.994583 1.003279 0.992815 1.001687 0.997583 0.997895 1.003623 0.997316 0.998309 1.004518 0.990645 1.006013 1.000681 0.999542 1.000641 1.010840 1.009378 1.010265 1.005362 1.000021 0.999667 1.007119 0.998094 0.994486 1.002655 0.997275 0.985619 0.997392 0.998335 1.002609 0.994901 0.996497 1.005666 1.005549 1.000096 1.000272 1.000011 0.995892 0.997707 1.011952 1.004726 1.006345 1.001575 1.000899 1.006449 0.999668 1.007696 1.003866 1.009515 1.003763 0.995923 1.004046 1.003472 1.009848 1.000273 0.994286 0.996665 1.001721 0.988777 0.998342 1.004800 0.997441 0.996130 1.004704 0.999471 0.993469 1.003929 0.996589 1.000320 1.001746 1.004981 0.994029 1.000662 1.014455 1.012261 0.995956 0.997931 1.005665 0.998541 1.002032 0.994053 0.992330 0.995765 0.988261 0.993876 1.003176 0.995420 1.000925 0.997353 1.006423 0.991864 0.999777 1.004849 1.007687 0.993427 0.993554 0.992212 1.002304 1.003871 0.992560 0.992009 1.005632 0.997657 0.999299 0.990889 1.010170 0.997570 1.005187 1.002976 1.000112 0.988069 1.004225 1.001617 1.005915 1.000508 0.994833 1.004062 0.993377 1.000962 1.004649 1.002403 0.993992 0.991735 0.993785 1.011765 0.996491 1.007456 1.003058 0.994011 1.002539 1.005052 1.004144 1.007703 0.997843 1.004167 1.018684 1.009494 0.993555 1.003749 1.000257 0.993584 0.993950 1.003956 1.002871 0.993661 1.002994
1.003744 1.002500 1.001642 1.006179 1.004854 1.006794 1.007029 1.005119 0.995021 1.001932 0.997309 0.995646 0.990573 0.998944 1.004646 0.996946 0.996448 1.005542 0.994985 0.996428 1.003641 1.002867 0.994601 0.986626 1.000217 0.992769 0.988711 0.993646 1.009122 0.989927 1.000682 0.988125 0.989798 1.009500 1.005166 1.009551 0.997083 1.004127 0.993334 0.998333 0.991470 0.999491 1.011820 0.998525 1.001799 0.993160 0.995709 1.000734 1.001660 1.000668 1.007840 0.998845 1.001497 1.003126 1.001438 1.000917 1.010711 0.997712 0.991778 1.013304 1.008835 0.999535 0.999783 0.998589 1.002292 0.993593 1.004807 0.993445 1.006164 1.005679 0.997490 0.994572 1.006216 0.995677 1.006364 1.007119 1.001470 1.000993 1.005960 1.000438 0.994442 0.999114 0.992142 0.996679 1.001708 1.005951 0.996002 0.994711 1.004793 0.993240 1.008654 1.002432 1.001872 1.002467 1.005656 0.997101 1.003203 1.009889 1.003316 1.003130 0.996519 1.008483 1.007788 1.002618 1.009358 1.006436 0.996533 0.996091 1.001043 0.999734 0.999279 0.997872 0.994821 1.000684 0.993606 0.996296 0.998681 1.013540 0.988566 0.993861 1.002386 0.995135 0.985208 0.995100 0.996836 1.003132 1.002695 0.991614 0.997984 0.996012 0.994451 0.993677 0.988870 0.991013 1.010865 0.993489 0.998837 0.995274 1.001723 1.003079 1.009190 1.006177 0.997692 1.002327 1.005982 1.007569 0.989928 1.001879 1.000922 1.010952 0.994513 1.001588 1.011978 0.999087 0.994690 1.007508 0.995086 0.990485 0.997637 0.996445 1.007061 0.990954 1.006533 0.998118 0.997494 0.997598 0.993267 0.996367 1.019051 1.002080 1.006968 0.992229 0.992813 1.007418 0.997582 1.001474 1.008336 1.002636 1.001131 1.001830 0.991708 0.994613 0.997631 0.997752 1.001911 1.001598 0.998883 0.994169 0.996772 1.000713
1.000216 0.985308 0.994320 1.002428 1.004440 1.002560 0.999224 0.997098 1.003805 1.011549 1.005031 0.997722 1.003053 1.001180 1.007691 1.012105 1.001887 0.992158 0.989158 0.997839 1.013675 1.004792 0.994786 0.992235 0.992568 0.994837 0.995108 1.006481 1.006329 1.002941 0.997222 0.995937 0.987214 0.996289 1.008526 1.001950 0.997520 1.001221 0.996997 0.990153 0.989533 1.000526 0.989636 0.992638 0.994334 0.990419 0.998912 1.005387 1.000040 1.000822 1.000946 0.997245 1.000440 1.000388 1.001909 0.992035 0.997587 0.996695 1.002758 0.994801 0.995854 1.002428 1.000030 0.996680 1.000408 1.001895 0.994032 0.985988 1.000054 1.000891 0.999933 1.003491 1.003644 0.994623 1.006190 1.004435 0.994959 1.003388 0.992513 0.997091 1.001120 1.005939 1.004059 1.003672 1.002900 1.004334 0.996936 0.996938 0.998055 0.994156 1.008563 1.006439 1.003380 0.998378 0.996202 0.996757 0.993092 1.004985 1.003190 1.002744 0.993151 0.998444 1.003081 1.003418 1.002314 0.993344 0.992027 1.004660 1.004904 0.995886 0.993354 1.000587 1.001887 0.998216 0.993023 0.999663 1.004894 0.999560 0.997856 0.999363 0.994522 0.999342 1.003707 0.999233 0.992637 0.994806 0.997371 0.991136 1.004877 1.006038 1.002323 1.002365 1.001184 1.012316 1.018803 1.005584 1.003956 1.002304 1.013770 1.005389 0.993837 0.999104 1.002330 1.001183 1.000858 1.010951 1.000452 1.002796 0.999238 1.006465 1.001814 1.004543 1.002347 1.003465 0.991466 1.013641 1.003146 1.002550 1.000136 0.988891 0.998302 0.996871 0.999102 1.004500 1.006391 1.012369 1.000683 1.004074 1.003934 0.995355 0.997957 0.990058 1.001156 1.001049 0.992979 1.001829 0.997325 1.008008 1.000605 0.998328 1.001737 0.997767 1.003077 1.001485 0.988630 0.992989 0.993798 1.005353 0.998480 0.998101
1.005172 0.997950 0.993789 1.004082 1.004218 0.998572 0.999352 0.998492 1.000914 1.002485 0.999446 0.997203 0.997341 0.994947 0.998472 1.005727 1.002835 1.003355 1.000108 0.991675 1.006086 1.003641 0.992003 0.994141 0.999654 1.000656 1.007486 1.006906 0.996547 0.992451 0.988308 0.992618 0.992889 1.000759 1.008631 1.002109 1.003835 1.001568 0.999047 1.008178 1.008828 0.993810 1.000217 0.993255 0.998375 0.994971 0.998534 0.997216 1.009177 0.998592 0.999151 0.998000 1.009962 1.000341 0.997718 0.994803 0.992751 1.001285 0.993674 1.002305 0.993602 0.991042 1.001291 1.009141 1.003653 1.009188 1.006059 1.009199 0.999034 0.997541 1.003703 1.004176 1.007696 0.996004 1.000892 1.006760 0.998839 0.997172 0.994094 0.993628 0.992795 1.002187 0.999563 0.998105 1.008237 1.006380 1.010116 1.010838 0.995545 1.008346 0.994933 1.001214 1.002228 1.004035 0.998037 0.990648 0.999190 0.999274 0.994487 1.001371 1.001464 0.998942 0.998041 0.996692 0.999391 1.001220 0.995890 1.006916 0.996898 0.999520 0.995637 1.006199 0.998111 1.007434 0.993595 0.993047 0.991450 0.994213 0.993367 0.996160 0.994337 0.983707 0.998627 0.994756 0.988202 0.995122 1.001669 1.004535 1.006929 0.991273 0.990728 1.004745 0.991943 1.004319 0.993646 0.991996 0.989190 1.004048 1.003844 0.996778 1.008439 1.012447 1.004622 1.001925 0.997022 1.009377 0.991904 1.008714 0.997614 1.001224 0.998556 1.001144 0.999007 1.001825 0.996938 1.007518 1.006314 0.998667 1.008604 1.001316 0.996414 1.005810 1.006643 0.989309 0.999082 1.007287 0.997869 0.997043 0.999486 1.003739 0.996718 1.006263 1.001918 0.998147 1.007235 0.998371 0.995206 1.002263 0.997697 1.004916 0.996312 0.988499 1.000787 1.008196 0.992094 0.997652 0.996322 1.002747 1.001631 0.997465
0.998862 0.997666 1.007808 1.006134 0.992480 0.996420 0.996616 0.999571 0.994704 0.998820 0.996405 1.002774 1.011119 1.004111 0.998402 1.002074 0.995092 1.013307 1.005167 1.003403 0.996893 1.001260 0.998290 1.000990 0.994136 1.009362 0.998581 0.998658 0.991236 1.000569 0.997877 0.991830 1.005941 1.003899 1.004371 1.006035 0.999731 1.009392 1.001025 1.008823 1.000764 0.994675 0.997074 1.006045 1.002546 1.000886 0.995554 1.004246 1.009992 1.001907 1.001081 0.998446 0.995836 0.999636 1.001275 0.993835 0.997381 0.994704 0.994323 0.998405 0.996058 1.003362 0.998153 0.998582 1.001487 1.000911 1.000812 1.000731 0.997558 0.997182 1.007449 1.003655 0.998988 0.996149 1.002404 0.992337 0.992579 1.003143 0.996862 0.993987 0.998920 1.006959 0.994824 0.998052 1.003420 1.000595 1.009256 1.000865 0.993596 1.001146 0.993751 0.998991 0.995620 0.996761 0.994237 0.988479 0.990448 1.007090 0.991439 0.993535 0.999920 1.002207 0.994720 0.998177 1.009121 0.992941 0.992045 0.998862 0.999095 0.994160 1.008968 0.996163 0.997958 1.008283 1.006269 1.002149 1.001159 1.002805 1.001134 0.996434 0.990449 0.991020 1.003886 0.996197 0.998367 1.004380 0.991867 1.000445 0.999634 1.005110 1.004208 1.006075 1.000580 0.993112 0.993756 0.984399 0.989887 0.985884 1.005505 1.002601 0.999008 0.993299 1.004951 0.997753 0.989499 1.001787 0.996267 1.003764 0.996475 0.998623 1.006961 0.991017 0.990998 0.999374 1.000856 0.995174 1.004238 1.001961 1.006559 0.999442 1.002420 1.003442 1.008282 0.994293 1.003394 1.000795 0.989325 0.992607 1.002047 1.013840 1.000529 1.003220 1.002692 0.999892 0.999767 1.008931 0.991273 1.007243 0.999397 0.998124 0.995993 0.995163 1.004970 1.000107 0.995011 1.006025 1.001321 0.993115 0.998726 0.998177
0.999738 1.008859 1.002802 0.996350 0.993083 1.000322 0.999299 1.009566 0.998878 0.998220 0.995654 0.997785 0.997049 1.009727 0.993246 0.993378 1.009099 1.004196 0.994675 1.007352 0.988213 0.992547 1.004371 1.005632 0.995288 0.995756 0.987094 1.004641 1.019999 0.998606 1.004246 1.015023 1.001652 1.001989 1.001431 0.994902 1.001402 0.995429 1.000714 1.011314 1.006403 1.003436 1.016857 0.999091 1.000668 1.005485 1.012622 0.999803 1.009970 1.001972 0.999843 0.995953 0.999014 1.003579 0.997898 0.998116 0.995755 0.996762 0.993995 0.996643 0.999855 0.993641 1.013533 1.007848 0.994367 0.998462 1.002687 0.993781 1.000692 1.005226 1.007496 1.005616 0.999272 1.007333 0.991489 0.993293 0.995775 1.004720 1.008886 1.001460 0.997884 0.999878 0.998858 0.987156 0.994444 1.002836 0.997629 0.999361 0.996509 1.008913 1.001264 0.998687 1.000847 1.008288 1.001489 0.994679 1.006382 1.001001 1.003761 1.004012 0.995263 0.995074 0.996656 0.993973 0.997994 0.992096 0.987591 0.998613 0.996517 0.998655 1.002776 0.993277 0.997433 1.001182 0.991523 0.995075 1.004566 0.997551 0.998596 0.995922 0.996748 0.999702 0.991749 0.994280 0.997962 1.000425 0.985093 1.000746 0.996988 1.002315 0.996633 0.999944 0.994057 1.005011 1.001620 0.994030 1.007595 0.992189 1.006034 1.007812 1.009201 0.992139 1.000724 1.006766 0.997138 1.004169 0.997096 1.003020 0.994516 0.996630 1.002327 0.989833 1.007061 1.000767 1.008342 0.996442 1.002067 0.996296 1.004221 0.995245 1.007037 1.009132 0.994281 0.997387 1.003276 1.007017 0.993554 0.994651 0.997632 0.999866 0.991760 0.996092 1.005412 1.002985 1.010023 1.002743 0.998845 0.998142 1.005219 1.003075 1.011615 0.995177 0.996351 0.990510 0.999166 1.001133 1.003691 1.000179 1.006527 1.004310
1.000198 0.998345 0.992097 0.991467 1.008948 1.001021 1.002832 1.000072 1.006889 0.997146 1.003110 0.999458 1.001491 0.997451 0.997093 0.994803 1.006139 0.998964 1.005623 1.019061 1.003880 0.995061 1.003835 0.999793 1.004417 1.001406 0.999524 1.006175 1.003953 0.997244 1.014383 1.001387 0.988833 0.998527 0.991625 1.004772 0.998492 1.000697 1.001394 1.004353 1.000583 0.997553 0.993093 1.010695 0.999672 1.001601 1.003276 0.997261 0.998040 1.002577 0.991903 0.997131 1.007571 0.995098 0.997754 1.002651 0.992050 0.995932 0.992690 0.998057 1.000564 0.994556 0.996284 0.998606 1.006344 0.999509 0.998910 1.000059 0.998515 0.997058 1.007139 0.996973 0.993555 1.002350 0.991139 1.008059 0.998687 1.005902 1.008741 0.997072 0.995441 1.004531 0.998560 1.001710 0.999029 0.998786 0.996982 1.011099 1.007778 0.995420 0.997451 0.993183 1.006217 1.000647 0.998463 1.002224 1.004354 1.006637 0.997424 0.997374 0.994134 0.998456 0.998079 1.001368 0.998999 0.998276 0.997010 0.996668 0.999660 1.003969 1.006998 1.008141 1.003912 0.999263 1.008843 1.001715 0.998343 1.008167 0.996517 0.994003 0.999012 1.005181 0.990852 1.004481 0.995122 1.002168 0.996658 0.992427 1.001845 1.009826 0.986974 1.008899 1.001011 1.003270 0.996832 1.000953 1.004256 1.000751 0.997736 1.004350 1.010973 1.003973 0.986626 0.996650 0.990614 1.002275 1.008783 1.004278 0.999048 0.993387 1.008149 0.997870 1.002567 1.000184 0.997699 0.993043 1.002972 1.000590 1.006714 1.002033 1.001850 0.990394 0.995577 0.985967 1.001784 1.000102 0.997277 0.992520 1.000925 1.001847 0.990052 0.990468 1.004988 0.996055 1.002917 0.996620 0.992959 1.001487 1.009133 1.008558 0.999854 0.998447 0.999307 0.991506 0.992746 1.006466 1.004173 1.004277 1.004259 1.005846
1.003879 0.999506 0.984766 0.992549 0.997792 0.999510 0.992040 0.994762 1.000360 0.996781 0.998588 1.013363 1.004453 1.000665 1.006756 1.000612 1.000267 1.007679 1.003535 1.005396 0.994379 0.992366 0.991327 1.008551 0.999866 1.001072 1.003883 1.001931 0.999293 1.011628 1.003633 0.994514 1.001083 0.994591 0.996561 0.996828 1.000028 1.005233 1.003543 0.996043 0.998968 1.003161 1.002158 1.002445 1.005390 0.998995 1.001904 0.997852 1.003110 1.002901 1.000689 0.986796 1.000895 1.002395 1.001876 0.998534 1.009800 1.000533 0.992886 0.995675 0.985965 0.998632 1.003216 1.004839 1.006433 0.987695 0.997407 0.996015 0.992512 1.003198 1.011419 1.005918 0.999767 0.997333 1.001326 1.000707 0.993969 0.996541 1.004769 0.998859 1.000638 1.008048 0.995994 1.001151 0.996654 1.007846 0.994541 1.009193 0.999576 0.994435 0.993417 0.993698 1.000121 0.999323 0.997836 1.006436 1.005978 1.017134 1.006508 1.000515 1.011165 1.004897 0.999136 1.004919 0.998851 0.993485 1.002613 1.005773 0.994925 0.993699 1.002740 1.003555 0.992184 0.996310 0.996772 1.001354 0.998303 0.994919 0.995490 1.002374 0.993280 1.002098 0.993941 0.997865 1.008106 1.003538 0.988060 0.995130 0.999714 0.997892 1.002571 0.998846 1.006061 1.007950 0.990609 1.001168 0.996333 0.990011 0.998242 1.003361 1.000175 0.996780 0.996136 0.997177 0.998562 0.999818 1.006817 0.998001 0.996560 0.991645 0.998694 1.003259 0.995939 0.993628 0.999725 1.007858 0.997686 0.987964 0.995111 0.988026 1.001308 0.997994 0.990365 0.999780 1.007431 0.993813 0.996409 0.998404 1.000660 0.992361 1.003505 1.008954 0.999224 1.006954 0.999199 0.998249 1.002431 0.998297 1.005158 0.995776 0.997340 1.004004 1.008881 0.996354 1.004580 1.004664 0.997426 1.005552 0.994987 1.004225
0.993969 1.000942 1.001768 1.007600 1.002058 0.999851 0.996337 0.997757 0.994887 1.003626 1.001266 1.008629 1.005901 0.990287 1.002837 1.006089 1.002339 1.002213 1.000307 1.001490 1.004321 1.005996 1.003194 0.997260 0.996665 0.999596 1.009925 0.990343 0.993487 0.988164 0.999148 0.996772 1.008370 0.988719 0.997868 0.999462 1.010481 1.007630 1.005991 0.999393 0.998460 1.003497 1.012895 1.002216 0.994600 0.997625 0.999390 0.996605 0.996358 1.005440 0.985296 0.992582 0.992574 0.998123 1.002277 0.997682 0.994432 1.004231 0.992621 0.987695 0.997644 1.000989 0.996986 1.000018 1.005160 1.000149 1.001072 0.995429 0.991998 0.996966 0.999121 1.012164 0.995397 0.996985 0.995940 0.997682 0.981158 0.998364 1.001889 0.993036 0.997284 0.997563 1.006264 0.997949 0.996029 1.007468 1.007334 1.003152 1.000879 0.993263 0.991733 0.992507 0.998499 0.986477 0.989498 0.990475 1.006267 1.010205 1.003812 1.005802 0.999485 0.999147 0.996347 0.996415 0.999836 1.006956 1.001453 1.002254 0.996866 1.012901 0.994687 0.996342 0.999130 1.011160 1.003341 1.010781 1.006531 1.004880 0.998539 1.001089 0.992765 1.002256 0.999122 1.003990 1.015001 1.001065 1.004087 0.997648 0.993078 0.992365 0.990896 1.007299 0.993678 1.005853 0.989139 0.996701 1.007499 0.990300 0.995006 0.998795 1.001662 0.999485 0.999813 0.997264 0.992644 0.998204 0.994825 1.001902 0.994938 0.993256 0.998961 1.000852 1.009817 1.004861 0.999237 1.006027 0.994026 0.990456 0.992721 0.995219 0.999265 0.995131 1.002916 0.995239 1.002013 0.999185 1.003448 1.000319 1.003619 0.996758 0.994157 1.004296 0.992490 0.998319 0.988418 0.996517 1.002529 1.001094 1.000900 1.006583 1.007558 1.003842 1.005310 0.989906 1.006816 0.993870 0.994387 0.989094 1.001782 1.001369
0.996481 1.004998 0.993043 0.997477 0.991160 0.993825 1.010057 1.006383 1.005929 1.004983 1.005984 1.003187 0.997215 1.002064 1.010569 1.008293 0.997173 0.999204 0.994836 1.002732 0.997178 0.992242 1.001181 0.997345 0.995276 1.001353 1.004095 1.005573 1.002556 0.995739 0.996565 0.995859 0.994553 0.999822 0.997690 1.004755 1.010038 1.003061 1.002642 1.004665 0.997389 0.990979 1.006345 0.994104 1.001898 1.000325 1.008350 0.994959 0.996369 0.991615 0.999568 0.993738 0.998800 1.006195 1.005207 1.001346 0.995604 1.007007 1.000261 1.001851 0.991385 1.004626 0.999413 1.009035 1.006329 0.995940 1.010927 1.006049 0.993941 1.001698 1.000827 1.008894 1.008782 1.006252 1.000198 1.000453 0.997002 0.999028 1.000574 1.010791 1.003624 0.998386 0.991423 0.989656 1.008407 0.995780 1.000754 0.996371 0.995487 1.004017 1.003813 0.991989 1.006534 1.000621 1.001001 0.998868 1.002844 1.000266 0.996795 0.999241 0.996491 1.007453 1.004793 0.993209 0.999748 0.999250 0.998329 0.988467 1.005444 0.989152 0.994322 1.001668 1.002121 1.004092 0.989690 1.000202 0.992737 1.006230 0.993060 0.994086 0.997712 0.999170 1.001546 1.002885 0.999133 0.995585 0.993246 0.996732 1.002610 1.003967 0.999995 0.995266 1.003901 1.012137 1.010082 1.001378 0.994115 0.999635 0.997023 0.995623 0.994883 0.992735 1.000336 0.998766 1.012174 1.000813 1.002982 0.998958 0.999107 0.992842 1.003186 0.999743 1.002372 1.004970 1.004858 1.003464 1.003901 1.002694 0.996001 0.991815 0.994481 1.010949 1.005351 1.008349 0.996848 1.006164 1.002752 0.997510 1.002908 1.002466 0.998756 1.003359 0.999054 1.005208 0.997431 1.003281 1.000191 1.006053 1.009952 0.998663 0.999721 0.996615 1.001718 0.992662 1.001727 0.995276 1.009504 0.993885 0.999836 0.996082
1.001011 0.999023 1.000469 1.000763 1.005513 0.988463 0.997798 1.003690 0.995970 0.997915 0.995612 1.001206 1.005778 0.991765 0.994352 0.994695 0.993923 0.997284 1.003329 1.003851 0.996014 1.002092 1.009275 0.996653 0.999988 1.003384 1.006326 1.000513 1.001562 1.003085 1.008062 1.001562 0.992942 1.001558 0.995411 1.000490 1.002682 1.000290 0.992098 0.992681 0.990846 0.994907 1.005906 1.006453 0.992312 1.001311 1.007981 1.008476 1.002883 1.007134 0.996159 0.997363 0.994299 1.007365 1.000643 0.999835 1.001856 1.000299 1.003360 0.997553 1.005347 0.999559 0.996498 0.998274 0.992512 0.992506 1.004015 0.995305 1.003648 0.997438 0.999707 0.997550 1.004090 0.999724 1.005404 1.004242 1.000879 0.996716 1.004757 1.000515 0.998852 1.004301 1.006559 1.004040 0.999871 0.999326 0.994253 0.995624 0.991987 0.999051 1.002988 1.003304 1.003935 0.998680 1.004402 0.996406 0.996229 0.990006 0.993491 1.000117 1.001928 1.001395 0.998930 0.994732 0.994642 0.993221 0.995332 0.996706 1.000994 0.994705 0.998204 1.012162 1.006385 1.009654 1.002343 0.997557 0.998100 0.996727 0.995603 1.000488 0.998342 1.003761 1.004225 0.999054 1.004578 1.005184 0.992627 0.997134 1.002799 0.990949 0.990764 0.994698 1.001116 1.000454 1.007564 0.994747 0.996126 1.008264 1.004796 0.992827 1.002419 0.998917 1.012980 0.991986 0.994858 1.003997 1.009457 1.002549 1.005037 0.998729 0.995496 0.994385 0.989472 0.994969 0.999101 0.994992 0.999306 1.001306 1.000765 1.004562 1.002302 1.002454 1.001536 1.003026 1.002352 1.006030 1.010931 1.007716 1.008523 1.003592 0.993168 1.015998 1.000073 0.989748 0.994323 0.993430 1.001145 1.007628 1.005780 0.995357 0.987443 0.996780 0.997229 0.991563 0.990642 0.989840 0.999769 0.996918 0.996452 1.005752
0.997748 0.995904 0.995345 0.998661 1.002681 1.005899 1.001614 0.989177 1.001822 1.003126 1.008396 1.011424 0.999181 0.993995 0.994841 0.998372 0.997708 1.006428 1.002584 1.000035 0.986787 1.009374 1.003972 1.001834 1.006539 0.992409 0.994067 1.005799 0.994091 1.014544 1.000459 1.003079 0.997114 1.002373 1.004768 1.002598 1.005020 0.995013 0.991781 1.012699 0.996431 0.990695 1.007349 0.996429 0.990278 0.996663 0.997664 0.994073 1.002566 0.992667 1.013890 1.005758 1.002355 1.005400 0.995149 0.997367 0.995373 1.003204 1.003290 0.995113 1.007413 1.002421 0.983795 0.998147 1.014026 0.996009 0.998136 0.999598 1.000604 1.001913 0.996868 1.000322 0.999529 1.001824 1.004693 1.005475 0.995487 0.985706 0.996171 1.001954 0.995739 1.001704 0.995971 0.999494 1.008133 0.998267 0.998922 0.999901 0.998263 0.999498 1.000774 1.003074 1.001226 1.008331 1.014016 1.001837 0.993257 0.985961 0.988696 0.998316 1.006505 0.998603 0.993715 1.001082 1.009821 1.000924 1.013852 0.998293 0.995021 1.000083 0.998218 1.005525 1.004769 1.004238 0.998758 0.987140 0.994900 0.996739 1.005296 1.010710 1.010940 1.000321 0.996685 1.000347 1.000062 0.998353 1.000533 1.000352 1.002337 1.002308 1.003823 0.998970 0.996808 0.993018 0.989315 0.996532 0.995679 1.005738 0.998760 1.000714 1.005267 0.996812 0.999565 1.004425 0.997634 0.999669 1.005982 0.995009 1.000942 0.996093 0.993770 1.005875 0.996227 0.991871 1.001612 0.988505 0.999322 0.999587 1.007338 1.007554 1.003024 0.996145 1.003087 1.001719 0.999150 1.004806 0.997718 1.013124 0.986227 0.987708 0.981499 0.999032 1.001118 0.990721 1.000469 0.997440 0.997430 1.001181 1.001468 0.987846 0.988335 1.001873 0.999585 0.999354 0.993545 1.006554 0.994873 0.996484 1.002861 1.002851
0.994346 0.993335 1.004646 1.002035 0.997088 0.994670 0.999067 0.993904 0.994852 0.999167 0.992742 1.002062 1.003262 1.001876 0.991171 0.999556 1.000268 0.988835 0.998096 1.002446 1.002884 0.993523 0.989780 1.005908 1.009979 0.996752 1.005132 0.987787 0.998354 1.011397 0.995613 1.001211 0.991807 0.989831 1.003169 1.001780 0.996568 0.997613 0.985444 1.004882 1.004563 0.988733 1.008910 1.000118 0.999578 1.003119 1.001487 1.008302 0.995768 0.999521 1.001073 1.000770 0.993385 1.000740 0.997073 0.995687 1.000006 1.000154 1.001976 0.988325 0.993647 1.002468 1.000885 1.007699 1.011206 0.998871 1.010376 1.005735 1.001376 0.992756 1.003512 1.001423 1.001899 0.995688 1.000906 0.990913 0.993316 0.993011 0.996157 1.000583 0.997669 0.999241 1.002776 1.001678 0.999442 0.987568 1.006229 0.993916 1.005436 1.000493 1.005633 1.003739 0.998913 0.998169 1.007570 1.011203 1.003900 1.003720 1.003263 1.002741 0.998526 1.007057 1.001313 0.993525 1.004981 1.007282 1.010826 1.004216 0.997496 0.999616 1.007979 0.998500 1.000581 1.002934 1.003231 0.992475 0.999230 1.000397 0.996752 0.992369 1.006676 0.997727 1.003749 0.997541 1.000167 0.998282 1.001060 0.997250 1.003354 0.991206 1.003305 0.982372 1.000196 1.000019 1.000805 0.998204 1.006714 1.003941 1.001165 1.002420 0.999109 0.997799 1.000405 1.000371 0.999119 0.995154 0.994953 0.999496 1.007579 1.003858 1.003829 1.001826 1.001994 0.996490 0.999176 0.999825 1.001367 1.003947 1.002682 0.991974 1.002379 0.992508 0.991827 0.997352 0.993842 1.004077 1.010440 1.004755 1.009897 1.004749 0.988389 0.994855 1.002495 0.992996 0.992989 0.994695 1.002705 1.001447 1.008571 0.997043 0.994262 1.008456 1.005833 1.005950 1.004797 1.004827 0.985157 1.004864 0.998681 1.005701
1.004144 0.996972 1.000145 0.989953 0.998225 0.997371 1.004758 1.004768 0.997487 1.011102 1.009696 0.997310 1.003907 1.001928 0.997485 0.997889 0.999167 0.997676 0.992615 0.999661 1.003233 1.004228 0.998960 1.006659 1.002733 0.998342 1.006078 0.996027 0.993942 0.997421 0.994282 0.995866 1.003667 1.003823 0.986922 0.995350 0.994366 1.002563 1.008504 0.995739 0.990321 1.000955 1.003817 0.993909 0.997130 0.993670 0.999373 1.008293 1.003147 0.997951 1.011200 1.010568 0.987328 0.996074 1.000713 1.004640 0.996659 0.997531 1.003986 0.995410 0.997760 0.994534 1.007310 1.000014 1.000619 0.999876 1.004380 0.992322 0.997306 0.998045 0.998788 1.001802 0.991761 0.998412 1.009555 1.001988 1.007939 0.990500 0.994813 0.999261 1.007955 0.989821 1.000132 1.005113 0.997590 1.003306 1.004249 0.991312 0.994105 1.002894 0.995190 0.998544 1.002930 1.002736 1.002676 1.005258 1.001878 1.003168 0.998333 0.993586 0.997255 0.998370 0.991462 1.001798 0.998129 1.000082 1.004083 1.003664 0.991075 0.993928 0.996802 0.993745 0.993753 1.007467 0.997032 0.995827 1.005140 1.003281 1.008921 0.990842 1.000235 1.010967 1.004809 0.991963 0.998261 1.000976 0.994937 1.000219 1.006112 1.000319 1.005294 1.002955 1.000116 0.997959 0.999154 0.999365 0.999561 0.996830 1.000041 1.001683 1.004828 1.006343 1.001582 1.008876 1.000765 0.996218 0.994560 0.993996 1.001715 1.001331 1.000034 0.998858 0.999312 1.001501 0.992784 0.993051 1.005673 1.000843 0.994564 1.006836 0.997034 0.983871 0.993727 0.995515 1.003572 1.001403 0.995493 1.001995 0.994771 1.008289 1.000128 0.990090 1.008446 1.006707 1.006106 0.991684 0.998930 0.992447 0.997634 1.011342 0.998642 1.002398 1.003563 0.997638 0.993466 1.002878 0.995391 1.001277 1.006609 1.001509
1.003474 1.005297 1.016936 1.000825 1.000829 0.993033 0.993954 0.997481 0.992711 1.001146 1.001664 0.994838 1.005833 1.008321 0.996931 0.993931 1.006332 0.998390 1.009595 1.001929 0.990201 0.990468 0.999267 0.998346 0.992038 0.992860 1.001881 0.993796 0.992603 0.994910 0.998941 1.002771 1.003868 1.014434 0.989421 1.002074 0.999847 1.002474 1.022205 1.003790 0.998268 1.006491 0.999033 1.001307 0.998534 1.003344 1.006483 1.006811 1.010823 0.993995 0.994244 1.005274 0.993719 1.000054 0.995794 0.996336 1.005854 1.001708 1.003882 0.996576 0.994970 0.999745 1.011756 0.999637 1.002124 0.993652 0.998631 0.991408 0.991717 0.996986 0.990834 1.002891 0.996160 0.996408 1.003818 1.004006 0.998933 0.998249 1.012471 1.003907 1.001721 0.991918 1.000293 0.991119 0.999886 0.997725 1.000635 1.005023 0.993141 0.997877 1.002204 0.992386 0.987826 0.993349 1.008195 1.004190 1.004772 1.008891 1.003282 0.997184 0.995207 1.002730 0.996544 1.000898 0.998398 1.003175 1.000986 1.000786 1.005689 1.003041 0.998308 1.000180 0.992857 1.007936 1.001047 0.997712 0.997951 0.999938 0.999525 1.001880 0.999547 0.993890 0.992170 1.003303 0.995613 0.994551 0.989051 0.992979 1.006726 1.004747 1.006247 0.996072 1.001876 1.004682 1.006432 0.998891 0.988412 1.004145 0.998067 1.002403 0.995897 1.000934 0.989648 0.993528 1.005700 1.002432 0.998080 1.000417 1.008925 0.997287 1.004982 0.999377 1.000935 1.004999 1.004962 1.003559 0.996227 0.990595 0.993172 0.997251 1.002280 0.999235 0.993758 0.997511 1.001256 0.997050 0.999535 1.008492 0.997095 0.997135 1.011970 1.000994 0.993855 0.996947 0.995256 0.982254 0.994075 0.999571 1.001405 1.009667 0.999230 0.999861 0.999461 1.008352 1.007185 1.009707 1.009958 0.987181 1.000300 0.999829
1.004974 1.003662 1.008510 0.986017 1.000382 0.997305 0.995729 0.997275 0.994166 1.002574 0.990699 0.998004 0.995056 1.004177 0.995999 0.998064 1.001697 0.996798 1.003297 1.009309 1.000538 1.002581 1.000817 0.992239 1.006222 1.007400 0.996096 1.000516 0.995890 0.997238 0.993265 0.997913 1.001348 1.014908 0.999748 1.006543 0.999217 1.000950 1.003674 1.010078 0.999354 0.990474 1.002057 0.997207 0.989697 0.999981 0.997001 1.008567 1.005366 0.995332 1.000832 1.010964 0.999861 0.996641 0.993915 0.995713 0.989429 0.990958 0.994043 1.004653 0.996449 0.994404 1.004980 0.990936 0.998154 0.999307 1.000935 0.998746 0.993756 1.001110 0.998842 0.996669 0.983464 0.999747 0.992214 1.000018 1.005860 1.003341 1.000203 1.003820 0.999875 0.995495 0.991139 1.004195 1.000826 0.993215 0.995868 0.998660 1.003503 0.998092 0.993830 0.989840 0.996103 0.995175 0.996597 1.002424 1.001754 0.995628 1.001163 0.999462 0.999698 0.994066 0.995970 1.006522 1.003248 1.004832 1.006390 0.996173 1.005109 1.003201 0.996937 0.993640 1.002553 0.999122 0.996757 1.006622 0.992891 0.993346 0.994261 1.001632 1.000013 0.992167 1.000797 1.003760 1.000093 1.007736 0.992172 1.007116 1.008468 1.007384 1.003129 0.998587 0.999451 1.004786 0.987030 1.004165 0.998699 1.002979 1.012503 1.004547 0.994677 0.991207 0.988230 0.989915 0.993842 1.005285 1.007194 0.994856 1.004566 1.011133 1.005709 1.003403 0.993636 1.004463 0.991081 0.985723 0.995245 0.996885 0.996311 0.994931 1.006709 0.998574 0.985939 1.004376 1.000491 0.998822 0.998479 1.002127 1.003513 0.990208 1.007592 1.004755 1.002410 0.994691 1.001095 0.995398 0.997361 0.999941 1.001596 0.991854 0.997701 0.994704 0.993183 0.995757 0.995031 1.000963 1.009121 1.002094 1.000208 1.005265
0.993757 1.008564 1.008272 1.011268 1.006140 0.992347 1.001070 1.000551 1.005259 1.002032 0.998443 0.998536 0.998307 1.002561 0.995285 0.998000 0.999870 0.994349 0.998769 0.993897 0.996397 1.006109 1.008593 0.992782 0.996360 0.993198 1.000760 0.996294 0.995216 1.001278 1.006920 0.991572 1.001899 1.016709 1.009597 1.003406 0.997106 0.981207 0.999216 1.005170 1.003036 1.003664 1.008010 0.991724 0.999727 0.999742 1.003393 0.993476 0.995688 1.006542 0.994162 0.998801 0.999679 0.999627 1.001048 0.998274 1.002012 0.997217 0.996601 0.997459 0.994333 0.995369 1.001028 1.003819 0.995400 1.008059 1.006895 1.010724 1.007213 1.000727 1.003961 1.002836 1.000677 1.000846 0.996350 1.005620 1.008677 1.007638 1.010310 0.998564 1.008470 1.009053 0.996470 1.005555 0.998927 0.987812 0.997952 0.996030 0.992647 1.002256 0.988594 0.987538 0.994387 0.999389 0.997257 1.002136 0.998555 0.997374 1.002507 0.994415 1.007374 1.003583 1.001931 1.000698 1.002939 1.001487 0.998366 0.997142 1.003834 1.003572 0.999551 0.992433 1.003072 0.994632 0.991962 1.005378 1.000486 0.999057 0.988822 1.007202 0.988437 0.995161 1.006071 0.998724 0.998905 1.010403 1.002783 0.998777 0.986169 1.001727 0.998272 1.006784 1.008732 0.999868 0.985586 0.995912 1.002644 0.995322 1.006912 1.001693 1.004308 1.005192 1.008511 1.000401 0.993438 0.995714 0.999246 0.998863 1.006471 0.995744 0.994589 1.006826 0.997690 1.002331 0.990400 0.984224 1.003312 1.001675 1.003955 1.012579 0.997840 0.995707 0.991161 1.006266 1.005358 0.993058 0.995819 1.000083 1.003616 1.004617 0.998726 0.993892 1.002353 0.997997 1.008447 1.003824 0.999832 0.993710 0.996675 0.995802 1.000596 1.003938 0.991058 0.991189 0.992316 0.996965 0.997427 1.004444 0.999137 0.993446
0.994967 1.005506 1.000671 1.013964 1.000873 1.004673 0.994096 0.997364 0.999837 1.005647 0.999417 1.000304 0.995174 1.004328 0.996956 1.000265 0.994617 1.000896 1.000048 1.001951 1.000537 1.004385 1.011484 1.008747 1.001737 0.997414 1.008247 1.006902 1.006343 0.995240 1.000326 1.000317 1.007905 1.005032 1.003180 1.003645 0.998346 0.984268 0.997215 1.004915 0.997713 1.004496 0.998482 1.001799 1.006483 0.994528 0.996894 0.992470 1.007950 1.007218 0.993413 0.988080 0.998188 0.998318 0.998155 1.001010 1.005706 0.999619 1.010713 1.005920 0.993083 0.991665 1.009234 1.004979 0.994915 1.001599 1.006210 0.994578 1.005929 0.994503 0.996416 1.000910 1.008869 0.999323 1.007874 1.002797 0.999409 1.009704 1.004285 0.992040 0.995702 1.008117 1.011870 0.997621 0.994093 0.997018 1.003970 0.994361 1.011624 1.006193 1.000157 0.992962 0.989645 0.998825 0.991322 1.010286 1.005059 1.000734 1.002472 1.001786 0.998034 0.997684 1.000035 0.996395 0.997157 1.001414 0.992695 0.999628 1.003316 1.003436 0.995726 0.997731 1.003061 0.999258 0.998643 0.998022 0.995099 1.005441 1.002578 0.996715 0.996346 0.995575 1.007880 1.007020 0.996055 1.002255 1.002400 1.007144 0.994076 1.002162 0.995540 0.997236 0.996872 0.997688 0.988122 0.998614 1.001077 0.998509 0.997469 1.004452 1.000720 0.997463 0.985695 0.990898 1.006962 0.997289 0.998053 1.004076 1.006469 0.994333 0.993321 0.998903 0.993888 0.998351 1.002117 0.993875 1.002199 0.996787 0.999551 1.000474 0.996032 1.003008 0.993013 1.007573 1.000575 0.991708 1.001067 0.995271 0.996794 1.001122 0.989654 0.999058 0.993506 1.005475 0.995128 0.991739 0.997654 1.003211 0.996371 1.004686 1.016641 0.989723 1.000109 1.003942 0.997382 1.003015 1.003413 1.001615 1.001111 0.993504
0.995148 1.009352 0.997486 1.000873 1.004446 1.004410 0.992968 0.998202 1.005059 1.003659 1.008589 0.995596 1.002938 1.007970 1.006165 0.996325 1.008393 1.003471 0.998733 1.001425 1.001289 1.003665 1.009626 0.993372 1.004125 1.001752 1.003759 0.999318 1.004858 1.005511 1.004104 0.999457 0.991869 1.001940 0.994920 0.997904 1.000389 0.994136 1.001008 1.011747 1.006453 0.995562 1.000425 0.994211 1.006616 1.002027 1.004366 1.004694 1.019267 0.997833 0.997302 0.993541 0.987664 1.009358 1.000702 0.995819 1.001958 1.003524 0.989668 1.006349 0.998406 0.997778 1.013400 1.009173 0.997903 1.005876 0.997305 1.000462 0.993837 1.000656 0.999477 0.991321 1.004687 1.011062 1.012206 0.998522 1.001412 1.006778 0.994874 0.994248 1.004930 0.982252 1.004530 1.011269 1.003750 0.999692 0.995121 1.002397 1.002203 1.003130 0.995418 0.998173 0.990852 1.002791 1.004496 1.009001 1.002503 1.006331 1.002430 0.993127 1.003720 0.997766 1.000608 1.001253 0.988554 0.997124 0.996933 0.997707 1.012724 1.017097 1.008613 0.997340 0.996684 1.006256 0.993632 0.994972 0.997281 0.997831 0.998592 1.001525 0.999477 1.003729 0.995328 0.992962 0.999937 1.008985 1.007649 1.001396 0.996860 0.995962 0.992332 0.992874 0.999375 1.004811 1.009656 0.996927 0.996756 0.997740 0.992470 0.988799 0.991844 1.004516 1.002205 1.003039 1.003550 1.004176 1.004352 1.001636 0.997745 1.005599 0.998397 0.998387 0.998266 0.989850 0.996123 0.999777 0.993372 0.995200 0.993637 0.989527 1.000509 1.008710 1.004238 1.000105 1.008394 1.005922 1.002356 1.002770 0.996299 1.005522 0.993573 1.000367 0.998670 0.999280 0.997618 0.995679 0.995810 1.004486 1.008566 1.007828 1.002863 0.991815 0.997937 0.997336 1.003393 1.011313 0.993931 0.999519 0.996728 0.988113
0.992618 1.003092 0.993840 1.000209 1.004616 1.002212 0.995749 0.989064 0.994561 1.005213 1.000746 1.003409 0.994610 0.997044 0.994519 0.995889 1.006883 0.998918 1.000167 1.001936 0.998450 1.007586 1.001739 0.999207 1.002278 0.994350 1.002723 1.003746 1.002900 0.995622 1.002224 1.008305 1.000072 0.993350 0.994801 1.002491 0.999860 1.003387 1.000094 1.002266 1.000038 1.000198 0.999787 1.002889 1.001896 1.002962 0.999539 1.010854 0.996236 0.984949 0.993554 0.994455 0.994939 0.999176 1.000176 0.999869 0.999877 1.002968 1.003147 0.996412 0.995334 1.002189 0.996893 1.009816 0.987160 0.994454 1.004301 0.999751 1.004984 0.995630 0.999367 0.999585 1.004371 1.001899 1.012956 1.001108 0.990727 0.994520 0.997806 0.998829 1.002719 1.003732 0.995193 1.005016 1.006642 1.004519 1.000066 1.005299 1.002933 0.998568 1.002459 1.004718 1.002047 0.997707 0.998657 1.009757 1.005497 1.002575 0.998836 0.990492 0.998521 1.008362 0.999302 1.006494 0.986799 1.000646 0.999196 0.994199 1.002688 1.000441 1.002152 0.997343 1.007534 0.992582 0.993424 0.999881 1.000063 0.996772 1.003742 0.998398 1.001553 1.007314 1.002039 0.997791 0.999222 0.999011 0.997431 1.003685 1.001954 0.994015 1.006601 1.010472 0.998141 1.001584 0.997036 0.998763 0.992361 1.004448 0.992908 0.992689 0.995275 1.002068 1.007898 1.009083 1.010309 1.001927 0.997980 0.995256 0.993147 0.997469 1.006727 1.000342 0.999471 0.999075 1.006103 0.998527 0.993016 0.997041 0.995292 0.984639 0.999395 1.010108 0.996412 0.994544 0.995127 1.008488 1.003230 1.012233 0.999736 1.004762 1.008296 0.997724 0.994220 0.995880 0.998950 1.008573 1.001500 1.004770 1.000296 1.008401 1.009632 0.998574 0.995688 0.997025 1.009162 1.004624 0.992146 1.001967 1.003992 1.006002
