0.038169 -0.020315 -0.055824 -0.026191 0.019728 0.059768 0.116522 0.155391 0.108214 0.043702 -0.026631 -0.112125 -0.123669 -0.070418 -0.002296 0.077159 0.051586 0.005060 0.025078 0.037133 0.033458 0.005446 0.011618 -0.002346 -0.093111 -0.098524 0.023762 0.072403 0.057036 0.065382 0.039582 -0.039256 -0.045792 0.070951 0.108696 0.054990 0.063656 0.087774 0.080197 0.049928 0.015219 -0.027816 -0.064001 -0.136880 -0.181035 -0.143481 -0.062615 -0.045883 -0.117808 -0.152051 -0.081998 -0.018445 -0.000292 0.045532 0.106497 0.118406 0.106663 0.064604 -0.016375 0.000601 0.173984 0.298682 0.270747 0.253483 0.233502 0.132061 0.078209 0.080855 0.043184 -0.010196 -0.006735 0.029293 0.016005 -0.036850 0.007725 0.122311 0.096096 -0.012433 -0.032573 0.009432 0.036578 -0.021950 -0.064911 0.029872 0.078737 0.017747 -0.074442 -0.108295 0.002771 0.140995 0.091151 -0.066477 -0.101679 -0.047629 -0.040885 -0.044090 0.039252 0.145158 0.157035 0.112734 0.006375 -0.282657 -0.530537 -0.349888 -0.050860 0.079189 0.073748 0.023378 -0.071040 -0.131887 -0.087678 -0.042017 0.008483 0.012970 0.016311 0.079830 0.143301 0.116790 0.031248 -0.038683 -0.047942 0.024444 0.145035 0.189034 0.138439 0.116410 0.097699 0.009092 -0.067547 -0.109739 -0.146115 -0.222512 -0.312835 -0.273573 -0.153970 -0.052231 0.053429 0.232942 0.312260 0.059280 -0.142118 -0.167729 -0.090240 0.007370 -0.015717 0.017998 0.105565 0.080933 -0.012369 -0.030252 0.093636 0.167116 0.087376 -0.030521 0.027427 0.232959 0.323580 0.264460 0.149228 0.048137 0.019503 0.050914 0.083757 0.153202 0.193737 0.049762 -0.161405 -0.237399 -0.123690 -0.081890 -0.183111 -0.219328 -0.128440 0.056042 0.216654 0.165396 0.038989 -0.048231 -0.066528 0.013581 0.087227 0.070298 0.036590 0.032797 0.012864 0.001695 0.013026 0.010345 0.008737 0.037051
0.199979 0.129853 0.062287 0.029605 0.028269 0.071179 0.139125 0.163587 0.119204 0.075662 0.036721 -0.020406 -0.011954 0.035207 0.053218 0.077967 0.063380 0.049233 0.079235 0.083528 0.031621 -0.017557 0.001014 -0.011548 -0.095212 -0.091848 0.008048 0.031835 -0.010968 -0.018127 -0.032979 -0.082980 -0.083092 -0.013401 0.029744 0.028293 0.065204 0.116219 0.069534 -0.035173 -0.085212 -0.090081 -0.078537 -0.126113 -0.181706 -0.150123 -0.079001 -0.073552 -0.135378 -0.142455 -0.071809 -0.035422 -0.021756 0.035664 0.091388 0.073635 0.014477 -0.057480 -0.081725 0.028520 0.221343 0.314014 0.250756 0.210951 0.210378 0.164778 0.136419 0.113689 0.068694 0.051746 0.103560 0.151535 0.061051 -0.085286 -0.064363 0.086324 0.102286 -0.017407 -0.055999 -0.025212 -0.015662 -0.072459 -0.108143 -0.053589 -0.001537 0.005604 -0.047595 -0.088971 -0.022013 0.066622 0.025912 -0.073113 -0.071844 -0.014902 0.004861 -0.024947 -0.032318 0.030174 0.111469 0.133476 0.068514 -0.110499 -0.262259 -0.177850 -0.002080 0.096733 0.101747 0.043736 -0.050784 -0.110069 -0.086251 -0.022123 0.036334 0.024226 0.017872 0.063111 0.092741 0.054390 -0.018361 -0.078621 -0.107772 -0.059612 0.051454 0.094924 0.057693 0.046220 0.053388 0.027497 0.015241 0.000115 -0.063749 -0.166811 -0.279180 -0.275556 -0.144117 0.029330 0.185614 0.424794 0.561479 0.197736 -0.082017 -0.132195 -0.091247 0.009341 0.016320 0.016375 0.071798 0.082262 0.024449 -0.034533 0.002951 0.071695 0.059009 -0.014921 0.010731 0.125902 0.168173 0.128656 0.072013 0.028622 -0.002535 -0.038334 -0.067933 -0.015952 0.089212 0.064397 -0.100969 -0.209602 -0.133854 -0.070310 -0.139024 -0.184178 -0.085128 0.103105 0.204407 0.122456 -0.041992 -0.152676 -0.101139 0.070214 0.161444 0.085537 -0.007800 -0.030770 -0.059063 -0.084864 -0.071189 -0.039735 -0.002497 0.035279
0.273781 0.258634 0.213631 0.139732 0.086557 0.109530 0.155619 0.147003 0.089394 0.050489 0.030276 0.000391 0.017405 0.059901 0.066633 0.096869 0.122902 0.119538 0.147348 0.181254 0.113844 0.044705 0.037773 -0.021684 -0.117532 -0.129424 -0.061751 -0.044413 -0.085451 -0.065163 -0.037469 -0.060189 -0.073310 -0.051637 -0.004344 0.066958 0.263020 0.430319 0.235848 -0.019951 -0.072933 -0.040210 -0.051565 -0.149464 -0.241953 -0.227906 -0.159485 -0.144240 -0.170492 -0.121228 -0.031171 -0.015749 0.002522 0.078133 0.110739 0.037817 -0.084303 -0.193794 -0.161938 0.010288 0.186116 0.264203 0.192638 0.118074 0.142827 0.214228 0.243706 0.186984 0.113845 0.100693 0.164957 0.209870 0.087504 -0.083659 -0.100032 0.014116 0.064730 0.003686 -0.015182 0.008134 -0.018027 -0.103536 -0.148079 -0.131600 -0.080722 -0.013097 -0.023485 -0.076460 -0.062574 -0.011173 -0.038350 -0.106737 -0.095320 -0.047060 -0.017590 -0.049256 -0.115843 -0.103314 0.025983 0.114854 0.101277 0.017888 -0.048471 -0.029761 0.039827 0.087311 0.077385 0.010160 -0.059743 -0.099711 -0.103878 -0.047328 0.021842 0.051182 0.074718 0.093033 0.056966 -0.026958 -0.098288 -0.108987 -0.099786 -0.068989 -0.017906 0.006498 0.002232 0.001444 0.007837 0.036578 0.112573 0.165747 0.085310 -0.078316 -0.221694 -0.222547 -0.043520 0.184563 0.283657 0.318499 0.357166 0.190527 0.079550 0.012543 -0.017647 0.037096 0.027430 -0.010760 0.026325 0.060744 0.038688 -0.011600 -0.025008 0.023307 0.066497 0.031522 0.018104 0.034843 0.017863 0.016303 0.060514 0.054770 -0.048800 -0.156561 -0.188370 -0.122471 0.049179 0.128170 -0.154440 -0.445784 -0.324033 -0.116945 -0.079521 -0.095942 -0.026069 0.119608 0.173572 0.097965 -0.051222 -0.162869 -0.076272 0.116193 0.170525 0.053893 -0.069065 -0.114356 -0.160320 -0.199176 -0.181852 -0.122494 -0.047404 -0.014212
0.198005 0.229343 0.240661 0.185737 0.108018 0.103602 0.119041 0.076951 0.006625 -0.013839 -0.006186 -0.003862 0.010356 0.036033 0.058670 0.123496 0.185264 0.190356 0.188578 0.221592 0.184604 0.131137 0.055205 -0.082293 -0.179230 -0.184856 -0.101154 -0.057665 -0.084832 -0.028259 0.069085 0.093790 0.043090 0.003929 0.037875 0.153758 0.491357 0.758014 0.444055 0.090537 0.045655 0.086037 0.014669 -0.146445 -0.256525 -0.274713 -0.249028 -0.218177 -0.183080 -0.098427 -0.015185 -0.011663 0.013246 0.103376 0.133503 0.039758 -0.119948 -0.275141 -0.259482 -0.120890 0.005579 0.097012 0.085515 0.030654 0.045029 0.161262 0.235894 0.191955 0.109687 0.084699 0.146771 0.185679 0.104895 0.013893 -0.012040 0.018537 0.025431 -0.016744 -0.018388 0.014268 -0.003639 -0.092538 -0.145083 -0.141718 -0.102408 -0.028567 -0.007928 -0.036291 -0.039919 -0.026104 -0.066639 -0.132593 -0.133612 -0.095488 -0.052807 -0.052257 -0.094297 -0.082735 0.035763 0.117786 0.094682 0.018593 -0.006351 0.016584 0.040487 0.036440 -0.007670 -0.081584 -0.120139 -0.122665 -0.115310 -0.083493 -0.048156 0.023912 0.098674 0.114484 0.060350 -0.029558 -0.093255 -0.067472 -0.025141 -0.020449 -0.036851 -0.016803 0.032193 0.037234 -0.003199 0.023848 0.149155 0.262892 0.219487 0.025206 -0.146250 -0.142703 0.064208 0.268163 0.270085 0.158101 0.124727 0.149734 0.217692 0.178339 0.086690 0.053308 0.018697 -0.004941 0.022702 0.043894 0.050662 0.061695 0.052600 0.050821 0.071261 0.054994 0.052194 0.041752 -0.018208 -0.048383 -0.006097 -0.013649 -0.122614 -0.175629 -0.129798 -0.049233 0.112194 0.209020 -0.225817 -0.717867 -0.545252 -0.200308 -0.092810 -0.084227 -0.045590 0.055072 0.124612 0.103343 0.030515 -0.035843 0.012932 0.119255 0.128797 0.050651 -0.040387 -0.096285 -0.155321 -0.214119 -0.223999 -0.172006 -0.108979 -0.112392
0.093887 0.139846 0.180238 0.138432 0.046069 0.033400 0.049057 -0.002209 -0.070484 -0.061579 -0.013933 0.018173 0.027721 0.043255 0.077568 0.130671 0.175606 0.184975 0.163363 0.167318 0.163972 0.148317 0.016188 -0.170082 -0.220848 -0.165817 -0.054033 -0.001380 -0.033987 -0.009674 0.073609 0.134045 0.099676 0.048653 0.074965 0.143138 0.316285 0.475113 0.332770 0.137576 0.077597 0.061317 -0.004542 -0.099651 -0.160326 -0.195414 -0.220444 -0.193878 -0.114599 -0.056781 -0.044757 -0.062786 -0.046001 0.042487 0.104915 0.062941 -0.060369 -0.213926 -0.241373 -0.190553 -0.133838 -0.033330 0.037631 0.030400 -0.007976 0.040741 0.124056 0.133484 0.066661 0.044809 0.124444 0.168967 0.120638 0.082443 0.074079 0.054247 -0.031458 -0.119021 -0.117157 -0.061526 -0.021213 -0.075038 -0.130187 -0.106822 -0.049863 0.017877 0.035865 0.027058 0.018492 -0.010583 -0.080620 -0.154169 -0.165478 -0.119498 -0.059173 -0.043441 -0.042644 0.000907 0.086339 0.117801 0.045830 -0.061650 -0.070401 -0.010437 0.030071 0.024313 -0.026723 -0.100378 -0.144678 -0.129708 -0.083180 -0.079527 -0.112646 -0.055558 0.032264 0.049467 0.015663 -0.030449 -0.048386 -0.004839 0.028194 0.014375 -0.000773 0.068087 0.175123 0.163214 0.023739 -0.026078 0.078240 0.196951 0.211002 0.063872 -0.073802 -0.071647 0.071794 0.189692 0.166043 0.086300 0.050091 0.087327 0.210704 0.232472 0.113214 0.014641 -0.005202 0.004786 -0.002553 -0.015266 0.009560 0.086173 0.122409 0.098521 0.069221 0.059601 0.111280 0.144380 0.080765 -0.025553 -0.090768 -0.134169 -0.190479 -0.178816 -0.089536 0.001602 0.097615 0.151071 -0.142826 -0.500904 -0.426882 -0.221219 -0.168474 -0.163841 -0.129971 -0.044171 0.032963 0.041066 0.062357 0.096850 0.117116 0.103155 0.055248 -0.002568 -0.067724 -0.092620 -0.117471 -0.159413 -0.179754 -0.149501 -0.138943 -0.188725
0.057429 0.087623 0.096287 0.051404 -0.020499 -0.032426 -0.016475 -0.050257 -0.102436 -0.069884 0.025147 0.075809 0.060115 0.068802 0.113391 0.136342 0.143236 0.119449 0.071177 0.065873 0.081785 0.083780 -0.031288 -0.173888 -0.177707 -0.109942 -0.034052 -0.007312 -0.039602 -0.074703 -0.086084 -0.012853 0.045750 0.045447 0.083954 0.102950 0.080466 0.119772 0.182900 0.148606 0.020613 -0.077952 -0.078496 -0.030320 -0.009388 -0.035770 -0.090015 -0.105315 -0.034713 -0.002491 -0.043719 -0.096811 -0.122183 -0.054211 0.059610 0.103777 0.023452 -0.114073 -0.121840 -0.097078 -0.097804 -0.029782 0.067824 0.087119 0.025391 0.016473 0.085884 0.112879 0.046550 0.041174 0.130774 0.172205 0.133545 0.080809 0.066650 0.035647 -0.083057 -0.182959 -0.182319 -0.114140 -0.018288 -0.035653 -0.104683 -0.090439 -0.024967 0.053941 0.071444 0.062931 0.033056 -0.020083 -0.085024 -0.152310 -0.169111 -0.125360 -0.060965 -0.048809 -0.044871 -0.018080 0.027245 0.056437 -0.003256 -0.103412 -0.108617 -0.047399 0.018089 0.037124 0.001182 -0.041335 -0.078384 -0.080150 -0.035153 -0.045939 -0.113243 -0.096309 -0.038302 -0.036107 -0.056570 -0.052510 -0.011118 0.042824 0.058708 0.035812 0.053854 0.179413 0.305653 0.267681 0.077808 -0.034409 -0.002302 0.056988 0.098078 0.045363 -0.019566 -0.036105 0.002983 0.069129 0.114347 0.114840 0.050970 0.013863 0.115519 0.192314 0.120048 0.036324 0.019320 -0.016363 -0.089401 -0.128304 -0.102394 0.005860 0.100578 0.098731 0.050063 0.056664 0.161932 0.229798 0.156929 0.022107 -0.078499 -0.137326 -0.173863 -0.176960 -0.099862 0.007709 0.066357 0.062409 -0.079636 -0.248249 -0.258792 -0.205227 -0.198618 -0.198500 -0.181332 -0.114688 -0.045508 -0.007109 0.093718 0.205934 0.199144 0.085443 -0.032154 -0.134193 -0.215249 -0.178758 -0.124589 -0.091466 -0.063794 -0.069513 -0.126602 -0.201221
0.024517 0.029195 -0.000722 -0.022574 -0.036118 -0.037289 -0.033872 -0.052323 -0.082270 -0.036291 0.072345 0.119466 0.083622 0.101108 0.156382 0.158584 0.136750 0.065307 -0.022730 -0.020990 0.024195 0.026037 -0.025413 -0.061872 -0.070297 -0.084612 -0.076941 -0.086410 -0.142816 -0.221801 -0.287443 -0.200926 -0.052566 0.015878 0.071579 0.087061 0.003944 -0.020225 0.085331 0.122485 -0.003698 -0.112877 -0.063465 0.042955 0.085181 0.061886 0.016246 -0.002509 0.028961 0.059714 0.030578 -0.044944 -0.098489 -0.050318 0.064411 0.124330 0.032300 -0.098235 -0.061624 -0.001854 0.008883 0.042769 0.098509 0.095323 0.021444 0.005003 0.079748 0.100798 0.038480 0.048417 0.123896 0.165461 0.161685 0.100677 0.048476 -0.002084 -0.088154 -0.138296 -0.127575 -0.069624 0.034141 0.041061 -0.030439 -0.062987 -0.047072 0.000405 0.006839 -0.011495 -0.074956 -0.130047 -0.133092 -0.148263 -0.153424 -0.106560 -0.024817 -0.003762 -0.013237 -0.038150 -0.063640 -0.021384 -0.004334 -0.052499 -0.068431 -0.063047 -0.014450 0.019467 0.004050 0.016064 0.026517 -0.005663 0.000074 0.016408 -0.037698 -0.069981 -0.054845 -0.058410 -0.077205 -0.056033 0.017499 0.091362 0.109951 0.053635 0.052144 0.151049 0.226758 0.211729 0.114631 0.009451 -0.062244 -0.076847 0.030583 0.096632 0.063048 -0.000674 -0.017273 0.067305 0.195298 0.241750 0.139818 -0.009599 -0.018619 0.081196 0.144810 0.132741 0.063515 -0.068951 -0.223608 -0.286274 -0.239345 -0.117280 -0.014375 -0.023752 -0.056707 0.007451 0.159931 0.227231 0.124380 0.012058 -0.021285 -0.053740 -0.104760 -0.133006 -0.060256 0.042505 0.072281 0.017418 -0.098157 -0.184030 -0.178259 -0.154936 -0.158388 -0.161029 -0.158018 -0.106128 -0.027840 0.077659 0.225132 0.286408 0.172939 0.029234 -0.074819 -0.195518 -0.287997 -0.203046 -0.090182 0.004165 0.079987 0.035996 -0.065815 -0.142495
0.030727 0.044147 0.012913 -0.004279 -0.009866 -0.012397 -0.010127 -0.010475 -0.030102 -0.017933 0.036256 0.069782 0.057764 0.088907 0.138885 0.145546 0.122914 0.037533 -0.062104 -0.048444 0.028664 0.027760 0.006377 0.015076 -0.025769 -0.106932 -0.152247 -0.215597 -0.316995 -0.389353 -0.399690 -0.287125 -0.129628 -0.033618 0.033304 0.064899 -0.030464 -0.119618 -0.040419 0.058364 0.041952 0.010003 0.055311 0.098508 0.079320 0.038429 0.046608 0.086694 0.100854 0.138400 0.125323 0.065749 0.037619 0.065769 0.106695 0.087536 -0.051476 -0.169725 -0.102605 0.014548 0.070483 0.086025 0.099101 0.064938 -0.006895 -0.024350 0.016782 0.024130 0.012676 0.044923 0.106955 0.176833 0.216735 0.158279 0.064906 -0.014841 -0.065227 -0.061889 -0.041900 -0.021598 0.038217 0.046461 -0.009028 -0.046309 -0.067866 -0.074264 -0.071849 -0.075804 -0.121386 -0.133452 -0.092574 -0.097843 -0.127134 -0.092017 -0.003002 0.040088 0.052335 0.003218 -0.086879 -0.069066 -0.010773 -0.010077 -0.031185 -0.064963 -0.047955 -0.006644 0.006135 0.035370 0.059277 0.029929 0.045434 0.118741 0.084770 -0.003466 -0.023325 -0.024097 -0.051202 -0.061888 -0.010598 0.083363 0.136388 0.078892 0.039104 0.048504 0.049918 0.088820 0.110200 0.025797 -0.121430 -0.181434 -0.036680 0.054077 -0.007887 -0.053167 0.013508 0.143762 0.246181 0.252456 0.176813 0.060810 -0.006416 0.062241 0.219468 0.256431 0.122933 -0.097689 -0.367130 -0.453765 -0.351233 -0.237562 -0.174675 -0.201912 -0.185250 -0.060792 0.104595 0.168655 0.082736 0.012909 0.046310 0.042999 -0.023405 -0.064138 0.003467 0.068598 0.054363 -0.034331 -0.135427 -0.160304 -0.097511 -0.040315 -0.038591 -0.067958 -0.078985 -0.027645 0.053052 0.175426 0.302584 0.260549 0.053261 -0.058748 -0.070420 -0.110489 -0.148109 -0.075236 0.014006 0.096064 0.148984 0.082736 -0.001668 -0.050949
0.182737 0.247039 0.183609 0.083134 0.022372 0.018191 0.016985 -0.000203 -0.023431 -0.028630 -0.016244 -0.007618 -0.005787 0.025332 0.059923 0.069190 0.046799 -0.021954 -0.079340 -0.029412 0.069490 0.057384 0.016713 -0.010220 -0.075850 -0.149165 -0.214308 -0.310078 -0.404694 -0.420334 -0.331240 -0.198435 -0.102645 -0.032848 0.031552 0.059528 -0.031556 -0.128862 -0.074749 0.014161 0.060465 0.105474 0.142186 0.118869 0.049569 0.010744 0.066970 0.111133 0.115887 0.208204 0.218043 0.159359 0.132125 0.142611 0.141687 0.070775 -0.087385 -0.206023 -0.149383 -0.007432 0.060937 0.060790 0.069415 0.034594 -0.023273 -0.045841 -0.063149 -0.078655 -0.037697 0.016382 0.061399 0.126295 0.162450 0.121408 0.068752 0.051488 0.042904 0.023612 -0.019458 -0.057104 -0.029218 -0.001430 -0.017959 -0.036618 -0.081823 -0.105237 -0.048655 -0.000273 0.009453 0.033221 0.045967 -0.000009 -0.066859 -0.058629 0.004587 0.036990 0.056084 0.020431 -0.065917 -0.090740 -0.049641 -0.007285 -0.006695 -0.039372 -0.043972 -0.002138 0.023059 0.003386 -0.026387 -0.028698 0.035724 0.145197 0.134011 0.043241 0.041560 0.057278 0.010983 -0.059114 -0.057229 0.034349 0.116863 0.110325 0.083646 0.026425 -0.054401 -0.025601 0.038658 0.003883 -0.100462 -0.145728 -0.082814 -0.093009 -0.174982 -0.147280 0.012846 0.152009 0.225729 0.228637 0.200712 0.232361 0.207704 0.138513 0.229158 0.278264 0.150551 -0.087895 -0.394616 -0.453974 -0.338863 -0.289135 -0.275995 -0.288582 -0.219884 -0.096494 0.021981 0.069844 0.038306 0.060916 0.194943 0.224589 0.132124 0.040364 0.043588 0.048808 -0.000460 -0.091367 -0.151834 -0.117700 -0.026595 0.037955 0.043914 -0.004664 -0.031589 0.023722 0.097347 0.160774 0.193830 0.100587 -0.060418 -0.099136 -0.042910 -0.010189 -0.000352 0.039498 0.084113 0.127259 0.120268 0.028589 -0.034340 -0.047014
0.280714 0.410510 0.333509 0.189598 0.117637 0.101932 0.049787 -0.020077 -0.041223 -0.014778 0.023364 0.005704 -0.035469 -0.042755 -0.041483 -0.038893 -0.068788 -0.134293 -0.150441 -0.050918 0.072627 0.054736 -0.029089 -0.116029 -0.162727 -0.161802 -0.192404 -0.273524 -0.311973 -0.245149 -0.102856 -0.006391 -0.006027 -0.000606 0.018633 0.004075 -0.046454 -0.048316 0.001683 0.007676 0.017340 0.072851 0.125303 0.115721 0.056050 0.031399 0.076599 0.053632 0.042729 0.201805 0.253424 0.170447 0.112407 0.110057 0.112638 0.054975 -0.042050 -0.109630 -0.093591 -0.004840 0.056625 0.058573 0.063463 0.038296 -0.008612 -0.046140 -0.109789 -0.159136 -0.108961 -0.037629 -0.012345 0.014793 0.033934 0.019105 0.037889 0.126466 0.189008 0.147919 0.027698 -0.068921 -0.079891 -0.027376 0.014601 -0.002423 -0.083559 -0.111921 -0.024126 0.038055 0.049930 0.048920 0.033354 0.012987 -0.029293 -0.029823 0.008471 0.002914 0.001979 0.009205 -0.038766 -0.078144 -0.038342 0.036187 0.059705 0.030020 0.009372 0.031454 0.032274 -0.048426 -0.145827 -0.154394 -0.064583 0.037576 -0.000626 -0.084097 0.006616 0.104080 0.073345 -0.011164 -0.039338 0.011540 0.079836 0.137950 0.191184 0.131964 -0.038251 -0.092074 -0.037231 -0.007498 -0.039959 -0.066630 -0.072765 -0.136381 -0.188459 -0.120382 -0.020967 0.026883 0.226154 0.410958 0.328107 0.319259 0.241504 -0.026406 0.028276 0.194734 0.173161 0.017234 -0.176744 -0.188102 -0.137434 -0.164485 -0.196451 -0.204501 -0.136545 -0.077953 -0.042284 -0.016916 0.002914 0.118439 0.347515 0.423975 0.316223 0.144336 0.052052 0.006178 -0.028604 -0.057650 -0.062850 -0.027891 -0.000902 0.007081 0.023770 0.007729 -0.036499 -0.020497 0.038316 0.080483 0.080952 0.020702 -0.036762 -0.039273 -0.000934 0.040365 0.065725 0.072054 0.066426 0.077462 0.049588 -0.034518 -0.079051 -0.073683
0.207554 0.330364 0.335182 0.279663 0.235326 0.179205 0.088549 0.006747 -0.041158 -0.026433 0.065694 0.068042 -0.025732 -0.101333 -0.136965 -0.126617 -0.132767 -0.185884 -0.202150 -0.114419 -0.006208 -0.026511 -0.140059 -0.242005 -0.202872 -0.108874 -0.095932 -0.165612 -0.183482 -0.068701 0.041587 0.047282 0.005302 0.003937 0.004229 -0.022938 -0.028112 0.030573 0.059883 0.021439 0.010680 0.044148 0.085286 0.097583 0.065109 0.040948 0.038826 -0.008012 0.042156 0.237137 0.294995 0.172251 0.061240 -0.004803 -0.034307 -0.043943 -0.013582 0.042037 0.062603 0.071686 0.110522 0.140020 0.133961 0.068760 -0.008842 -0.057321 -0.109162 -0.150596 -0.091935 0.005181 0.036315 0.030154 -0.005370 -0.066456 -0.061614 0.032227 0.134281 0.152110 0.066892 -0.012636 -0.072286 -0.055211 0.020605 0.023490 -0.060729 -0.096999 -0.049952 -0.030668 -0.042832 -0.074268 -0.098312 -0.076413 -0.079979 -0.071745 -0.020505 -0.019626 -0.009610 0.016147 -0.052075 -0.115607 -0.077300 0.016594 0.076254 0.062500 0.030715 0.030328 0.031934 -0.047588 -0.177738 -0.216031 -0.144780 -0.097476 -0.202711 -0.313796 -0.164728 0.028438 0.083007 0.067600 0.043391 0.031460 0.062822 0.170973 0.303420 0.284080 0.054087 -0.113793 -0.081784 0.014252 0.029119 -0.010357 -0.036097 -0.086179 -0.128200 -0.087444 -0.102042 -0.149610 0.204974 0.587689 0.399366 0.188579 -0.020363 -0.389932 -0.315681 -0.008885 0.138154 0.119922 0.057425 0.095477 0.113791 0.052513 0.020995 0.013305 0.028454 0.009720 -0.036501 -0.034151 0.006239 0.100732 0.278851 0.389931 0.338712 0.165789 0.039903 -0.018048 -0.012700 0.034006 0.067822 0.052252 -0.017763 -0.044618 0.003607 0.037720 -0.005067 -0.059195 -0.054087 0.010675 0.057146 0.046892 0.034782 0.025556 0.027854 0.070720 0.109858 0.063916 -0.020139 -0.048051 -0.050306 -0.075878 -0.091374 -0.091317
0.130009 0.217317 0.284680 0.298690 0.264096 0.170808 0.086171 0.020920 -0.113239 -0.199148 -0.077534 0.016674 -0.049666 -0.140776 -0.168959 -0.155762 -0.144813 -0.170728 -0.195994 -0.164448 -0.102010 -0.118266 -0.213038 -0.261014 -0.141275 -0.027760 -0.019594 -0.083546 -0.107137 -0.000818 0.040509 -0.032367 -0.046992 0.021386 0.055516 0.057874 0.087349 0.122311 0.087306 0.034951 0.042169 0.075336 0.096804 0.089447 0.051341 0.013516 -0.009188 -0.022052 0.080126 0.219507 0.242421 0.129963 -0.001955 -0.128409 -0.188031 -0.163280 -0.076205 0.055986 0.127338 0.111639 0.148789 0.240030 0.234960 0.089335 -0.043145 -0.066893 -0.044583 -0.037999 0.019404 0.127728 0.177515 0.137765 0.025017 -0.104112 -0.158351 -0.131283 -0.049051 0.016281 -0.005253 -0.030138 -0.075584 -0.076485 0.016792 0.069549 -0.003534 -0.068954 -0.048849 -0.052452 -0.082821 -0.111134 -0.104824 -0.059713 -0.085706 -0.119341 -0.071388 -0.054377 -0.046209 -0.044688 -0.143429 -0.213024 -0.177683 -0.065709 0.030334 0.032043 0.004416 0.006016 0.025074 -0.030161 -0.145120 -0.175928 -0.129094 -0.132775 -0.223824 -0.302169 -0.209987 -0.054858 0.035144 0.079931 0.086669 0.039704 0.029446 0.139618 0.293338 0.327131 0.136373 -0.087574 -0.080542 0.062863 0.111898 0.035270 -0.027588 -0.057478 -0.078207 -0.055458 -0.090471 -0.157244 0.064535 0.319669 0.161531 -0.021672 -0.140270 -0.385844 -0.428315 -0.253723 -0.020520 0.103360 0.120472 0.180685 0.182205 0.104182 0.110155 0.132757 0.111762 0.053828 -0.015420 -0.021158 0.000742 0.019651 0.099031 0.204660 0.214531 0.112846 0.003305 -0.032124 0.006727 0.062494 0.088548 0.089669 0.061029 0.048612 0.063331 0.101055 0.090570 -0.010230 -0.081995 -0.017318 0.057566 0.043745 -0.001330 -0.019390 0.002676 0.068183 0.107251 0.017740 -0.100907 -0.127461 -0.099109 -0.099092 -0.129025 -0.162889
0.064812 0.126820 0.204102 0.238782 0.207705 0.118902 0.083849 0.038636 -0.184231 -0.373549 -0.279210 -0.144823 -0.153609 -0.184373 -0.148963 -0.130503 -0.148066 -0.162202 -0.155065 -0.151334 -0.135989 -0.137495 -0.175192 -0.168613 -0.060522 0.010884 0.030894 0.013283 -0.003900 0.046523 0.027092 -0.054416 -0.032760 0.066949 0.104006 0.107876 0.153090 0.168203 0.108342 0.059754 0.070914 0.106289 0.136445 0.111259 0.047389 -0.013588 -0.056241 -0.069817 -0.023976 -0.026653 -0.049161 -0.029605 -0.061494 -0.151807 -0.175962 -0.143522 -0.105974 -0.009472 0.087244 0.107847 0.153882 0.257835 0.243279 0.071665 -0.048591 -0.019153 0.047099 0.073559 0.117217 0.199641 0.226515 0.170504 0.055235 -0.070878 -0.140446 -0.131717 -0.085952 -0.064730 -0.077657 -0.057742 -0.047070 -0.034910 0.036248 0.094788 0.029277 -0.053483 -0.025801 -0.008174 -0.033024 -0.041367 0.000712 0.082687 0.057323 -0.040093 -0.056174 -0.064221 -0.112306 -0.151419 -0.213027 -0.226624 -0.164970 -0.057323 0.018622 0.012463 -0.000134 0.002941 -0.018063 -0.086963 -0.145939 -0.119020 -0.084415 -0.139802 -0.220333 -0.231291 -0.152894 -0.072656 -0.043035 -0.013953 0.007248 -0.039967 -0.075546 -0.010639 0.134795 0.222118 0.144615 0.000521 0.008975 0.131662 0.157490 0.049554 -0.037549 -0.040132 -0.004258 0.022598 -0.027465 -0.118932 -0.106554 -0.051148 -0.100687 -0.149298 -0.146071 -0.212191 -0.321983 -0.337370 -0.150517 0.048625 0.101596 0.108489 0.065054 -0.008305 0.008997 0.074302 0.089820 0.034848 -0.001712 0.018872 0.001070 -0.043344 -0.008536 0.100624 0.151011 0.092553 -0.024901 -0.058339 -0.006838 0.025400 0.038316 0.109302 0.195020 0.200110 0.143662 0.127081 0.101623 0.009839 -0.043961 0.006763 0.053869 0.019156 -0.046937 -0.063328 -0.030489 0.026150 0.039705 -0.030961 -0.074710 -0.041953 -0.032061 -0.090673 -0.160088 -0.209272
-0.014081 0.016298 0.092263 0.144255 0.135733 0.129994 0.203143 0.182719 -0.079906 -0.315651 -0.316921 -0.263444 -0.248568 -0.200839 -0.105630 -0.088863 -0.162975 -0.200938 -0.153726 -0.117427 -0.087474 -0.061503 -0.066345 -0.067963 -0.056162 -0.037322 0.036359 0.088029 0.087160 0.097403 0.065920 0.027207 0.056969 0.105660 0.086176 0.048261 0.077687 0.105115 0.084483 0.050604 0.064413 0.112956 0.146629 0.101055 0.022155 -0.049182 -0.134979 -0.213157 -0.250553 -0.293120 -0.297163 -0.157600 -0.092988 -0.136170 -0.106325 -0.036987 -0.026772 -0.004655 0.052912 0.087941 0.121720 0.186205 0.162283 0.044836 0.015161 0.077978 0.109631 0.105238 0.136952 0.192123 0.180293 0.117839 0.053484 -0.021670 -0.061883 -0.033246 -0.022203 -0.071182 -0.081173 -0.002834 0.043754 0.021216 0.018070 0.038946 0.002434 -0.045312 -0.018299 0.011803 0.019528 0.037353 0.079666 0.181264 0.200882 0.085899 -0.005498 -0.046853 -0.134476 -0.183880 -0.162553 -0.125338 -0.062645 0.014869 0.052784 0.041147 0.024553 -0.010019 -0.088022 -0.152073 -0.126032 -0.036807 -0.015800 -0.095665 -0.184407 -0.174240 -0.085491 -0.061531 -0.103504 -0.096807 -0.070463 -0.107550 -0.156387 -0.157556 -0.049648 0.036244 0.020326 -0.008618 0.046754 0.143287 0.132801 0.044112 -0.003601 0.025887 0.066214 0.052442 -0.010291 -0.095733 -0.160426 -0.164922 -0.126500 -0.110765 -0.077907 -0.034895 -0.059467 -0.104150 -0.063399 0.058908 0.081660 -0.006882 -0.085959 -0.126483 -0.132720 -0.055783 0.030449 0.007280 0.010428 0.059950 0.004588 -0.094707 -0.072663 0.061133 0.120170 0.045421 -0.052162 -0.057593 -0.010061 0.005232 0.030240 0.132520 0.231233 0.220302 0.142097 0.091947 0.053388 0.018669 0.025137 0.056760 0.071989 0.050033 0.024571 0.019568 0.012240 0.011610 -0.002552 -0.013986 0.042255 0.124428 0.104041 -0.020050 -0.119597 -0.159867
0.005821 -0.013022 0.020541 0.088857 0.142172 0.231005 0.347454 0.256815 -0.047574 -0.231338 -0.255543 -0.254136 -0.233798 -0.187018 -0.109303 -0.088849 -0.164886 -0.224372 -0.168667 -0.080286 0.007986 0.055484 0.051643 0.032660 -0.062543 -0.150467 -0.077413 0.042732 0.077736 0.081033 0.078473 0.092256 0.126764 0.133520 0.079227 0.011806 0.015490 0.056154 0.075632 0.022462 -0.000130 0.050427 0.080795 0.019705 -0.062195 -0.100617 -0.155552 -0.261869 -0.334544 -0.296771 -0.225947 -0.098788 -0.048701 -0.109173 -0.092444 -0.007065 0.008165 0.003853 0.028015 0.045377 0.061609 0.093508 0.083388 0.063495 0.117786 0.156836 0.130500 0.091854 0.106254 0.129000 0.080931 0.010849 -0.011653 -0.021611 -0.015632 0.032968 0.036827 -0.054994 -0.086558 0.017711 0.090664 0.059309 0.010680 -0.008901 -0.030176 -0.047124 -0.022780 0.004375 0.017930 0.034354 0.055913 0.136624 0.167015 0.074535 -0.031528 -0.098138 -0.209098 -0.250410 -0.119895 -0.021008 0.021784 0.054426 0.054204 0.038341 0.011619 -0.056734 -0.129609 -0.130583 -0.042030 0.048501 0.051517 0.004874 -0.052063 -0.066652 -0.043799 -0.076674 -0.130387 -0.101404 -0.048020 -0.058758 -0.113887 -0.171611 -0.130687 -0.094474 -0.118191 -0.111030 -0.032889 0.053411 0.024670 -0.045793 -0.003664 0.084566 0.098533 0.040055 0.008807 -0.025106 -0.111620 -0.134078 -0.040472 0.004389 0.039788 0.094508 0.107490 0.087208 0.058317 0.110545 0.120976 -0.022600 -0.146684 -0.185549 -0.201413 -0.131463 -0.037795 -0.054117 -0.022731 0.049374 -0.015365 -0.146600 -0.129638 0.024371 0.097944 0.013882 -0.040270 0.000338 0.026288 0.021277 0.049319 0.126022 0.180809 0.164358 0.094977 0.029132 0.012185 0.049518 0.086102 0.096715 0.099236 0.103477 0.102836 0.080024 0.041974 0.016717 0.004248 0.033075 0.125534 0.211215 0.199178 0.070202 -0.043786 -0.085353
0.113881 0.040956 -0.004455 0.033301 0.098328 0.199110 0.283066 0.124254 -0.170110 -0.223808 -0.154523 -0.132146 -0.146113 -0.179358 -0.162438 -0.121593 -0.142137 -0.177464 -0.115981 -0.005379 0.087948 0.115262 0.119986 0.141620 0.017585 -0.168407 -0.159567 -0.022429 0.035968 0.024487 0.021480 0.039963 0.075731 0.098530 0.078710 0.040671 0.040180 0.101457 0.154116 0.068278 -0.030197 -0.015855 0.018092 -0.039216 -0.121521 -0.128406 -0.109179 -0.154253 -0.193662 -0.145174 -0.086915 -0.026969 -0.027935 -0.115218 -0.110751 -0.033790 -0.016671 0.001428 0.029470 0.028838 0.028542 0.048826 0.064855 0.093344 0.140049 0.144816 0.110370 0.066895 0.069073 0.074246 0.016454 -0.065507 -0.095750 -0.068437 -0.031989 0.033167 0.084765 0.016724 -0.058229 -0.001245 0.105325 0.140542 0.086246 0.017517 -0.030235 -0.060018 -0.048778 -0.042149 -0.071203 -0.076421 -0.045354 0.006370 0.024141 -0.008619 -0.054423 -0.134038 -0.279277 -0.324808 -0.133566 0.033265 0.083297 0.068376 0.018842 -0.011544 -0.036695 -0.105194 -0.124650 -0.038756 0.065795 0.097140 0.069652 0.050144 0.026162 -0.011108 -0.051869 -0.104356 -0.122448 -0.049494 0.027674 0.035406 -0.009380 -0.091935 -0.128675 -0.130054 -0.131995 -0.125944 -0.077541 -0.016434 -0.068581 -0.174838 -0.115153 -0.013118 0.012183 0.014876 0.048644 0.040162 -0.056579 -0.113023 -0.040662 -0.000837 0.014472 0.068862 0.113979 0.118183 0.064331 0.058464 0.073851 -0.022046 -0.114921 -0.144054 -0.148456 -0.089159 -0.074858 -0.157627 -0.146502 -0.095518 -0.133346 -0.174842 -0.080855 0.088862 0.160315 0.069154 0.032289 0.095036 0.090548 0.040290 0.013229 0.040898 0.103195 0.125814 0.069532 -0.022367 -0.032604 0.035355 0.062994 0.071239 0.091320 0.112644 0.099324 0.050572 0.019671 0.009356 0.015876 0.073220 0.149388 0.184412 0.171474 0.089388 0.015967 -0.008390
0.141106 0.051465 -0.026910 -0.030618 -0.021425 0.018240 0.087716 0.029315 -0.109990 -0.099030 -0.028281 -0.020277 -0.089615 -0.181731 -0.195377 -0.153295 -0.135352 -0.107690 -0.008496 0.098836 0.133898 0.095100 0.070245 0.107597 0.051216 -0.082917 -0.104623 -0.020670 0.021117 -0.013301 -0.048427 -0.069022 -0.064055 -0.017614 0.034975 0.055406 0.039069 0.090566 0.154033 0.087708 -0.019321 -0.035565 0.001462 -0.022256 -0.102991 -0.140502 -0.099701 -0.066043 -0.040425 -0.019356 -0.037507 -0.064549 -0.109370 -0.165105 -0.106946 -0.015198 0.009782 0.037116 0.058068 0.034069 0.008967 0.025330 0.074804 0.115297 0.118595 0.109875 0.096093 0.052512 0.045310 0.059367 0.024332 -0.062370 -0.129129 -0.100166 -0.049808 0.036267 0.164858 0.172442 0.067302 0.012498 0.087069 0.185198 0.160761 0.060687 -0.035810 -0.079273 -0.067099 -0.083667 -0.142336 -0.137572 -0.050122 -0.003816 -0.034339 -0.052938 -0.043598 -0.100658 -0.216929 -0.249341 -0.109197 0.052492 0.122807 0.079627 -0.007198 -0.029886 -0.019894 -0.069772 -0.065294 0.051635 0.144581 0.125401 0.063491 0.033204 0.024782 -0.011107 -0.068814 -0.112844 -0.114469 -0.017823 0.092803 0.120672 0.102753 0.031426 -0.071648 -0.103295 -0.051045 -0.034022 -0.041420 -0.026941 -0.078933 -0.200066 -0.221799 -0.190205 -0.143115 -0.049177 0.033783 0.036329 -0.039670 -0.118798 -0.110438 -0.107684 -0.109446 -0.015356 0.100755 0.131934 0.018496 -0.144000 -0.209634 -0.147384 -0.031351 0.018937 0.003589 -0.001076 -0.093418 -0.243407 -0.271423 -0.257622 -0.228277 -0.095784 0.093411 0.210540 0.214554 0.122264 0.107653 0.171856 0.132278 0.025024 -0.052887 -0.027602 0.073051 0.106722 0.043617 -0.048560 -0.056095 0.007889 0.032874 0.054791 0.077868 0.099299 0.095022 0.066620 0.067355 0.064068 0.057199 0.099334 0.123933 0.090110 0.058995 0.037045 0.032634 0.042817
0.041833 -0.031580 -0.085573 -0.079227 -0.086658 -0.090353 -0.012685 0.045618 0.034521 0.034296 0.032303 0.019227 -0.026728 -0.107351 -0.168108 -0.184616 -0.144544 -0.063052 0.063664 0.172070 0.161434 0.060738 -0.024817 -0.028793 -0.021325 -0.039030 -0.028926 0.024218 0.058717 0.015649 -0.056680 -0.133919 -0.188682 -0.151035 -0.044171 0.012745 -0.048292 -0.056300 -0.024334 -0.051305 -0.076434 -0.031244 0.043615 0.036370 -0.077003 -0.163864 -0.114127 -0.000742 0.075454 0.060298 -0.031396 -0.117555 -0.155119 -0.131852 -0.029642 0.054689 0.070411 0.081061 0.096467 0.058106 0.004156 0.004110 0.070885 0.130208 0.121316 0.098708 0.083750 0.034256 0.021260 0.045257 0.032231 -0.028288 -0.083095 -0.049030 0.006609 0.096940 0.223493 0.228337 0.120425 0.020070 0.043213 0.139033 0.125377 0.020107 -0.076555 -0.091113 -0.066281 -0.104803 -0.147070 -0.083363 0.051925 0.069930 -0.038974 -0.096329 -0.063460 -0.074767 -0.153192 -0.192293 -0.111172 0.019966 0.081633 0.023683 -0.046302 -0.010082 0.043172 -0.005115 -0.022989 0.062865 0.142742 0.100155 0.001150 -0.046078 -0.051201 -0.076446 -0.093036 -0.078626 -0.079841 -0.000216 0.130485 0.178107 0.183595 0.127967 -0.000472 -0.049057 0.035082 0.050248 -0.022755 -0.068120 -0.129456 -0.212073 -0.234115 -0.233637 -0.189145 -0.084904 -0.010105 0.008691 -0.028017 -0.109641 -0.139492 -0.146082 -0.133314 -0.015014 0.109341 0.114387 -0.042027 -0.278755 -0.403911 -0.270063 -0.020757 0.096193 0.072603 0.008940 -0.112910 -0.236050 -0.281391 -0.298450 -0.218191 0.019510 0.216270 0.215574 0.139020 0.088504 0.114892 0.159716 0.106359 -0.003344 -0.068773 -0.023132 0.081560 0.079568 -0.013424 -0.084684 -0.074149 -0.011747 0.036452 0.072483 0.083976 0.116563 0.146839 0.149412 0.168927 0.150080 0.096633 0.095820 0.087896 0.015731 -0.041949 -0.033000 -0.009157 -0.008707
0.007029 -0.062226 -0.094735 -0.082898 -0.101975 -0.120961 -0.027023 0.081017 0.106531 0.082391 0.050428 0.055252 0.066679 0.006980 -0.117593 -0.191564 -0.125193 -0.025062 0.069365 0.152824 0.131144 0.020919 -0.074033 -0.096831 -0.059319 0.006585 0.059871 0.112759 0.151283 0.089548 -0.049059 -0.166933 -0.215492 -0.174838 -0.080460 -0.063333 -0.162192 -0.179927 -0.165412 -0.203397 -0.165375 -0.023153 0.099814 0.079055 -0.047428 -0.124800 -0.067861 0.079526 0.148237 0.093371 -0.022633 -0.113801 -0.119481 -0.047479 0.045371 0.094071 0.089906 0.088157 0.099380 0.064988 0.032123 0.033139 0.067220 0.116608 0.112928 0.080971 0.056817 0.005485 -0.012456 0.017368 0.029126 -0.001951 -0.030246 0.022145 0.085941 0.152726 0.200910 0.149670 0.081434 0.041024 0.069012 0.125882 0.056128 -0.067569 -0.128977 -0.124657 -0.108739 -0.138863 -0.124766 0.003300 0.110756 0.033241 -0.117452 -0.157274 -0.078327 -0.022957 -0.068811 -0.127303 -0.081391 0.013332 0.043591 -0.024798 -0.062794 0.005576 0.040379 -0.034128 -0.070268 -0.015517 0.043740 -0.011211 -0.119352 -0.146856 -0.143293 -0.164895 -0.131115 -0.067044 -0.064781 -0.009909 0.077384 0.095840 0.106880 0.075801 -0.001675 -0.032176 0.024369 -0.000337 -0.104561 -0.147387 -0.181427 -0.204523 -0.175450 -0.173788 -0.142404 -0.073040 -0.037736 -0.020524 -0.038027 -0.107303 -0.121787 -0.101906 -0.084637 0.000410 0.061023 0.018656 -0.118219 -0.282651 -0.372237 -0.282668 -0.094403 -0.010632 -0.032950 -0.070853 -0.105657 -0.149100 -0.226092 -0.292703 -0.215512 0.004493 0.145200 0.078542 -0.005917 0.015321 0.067753 0.072878 0.029453 -0.028184 -0.037530 0.024211 0.092222 0.063450 -0.028899 -0.083557 -0.059404 0.002180 0.045999 0.064837 0.069404 0.121574 0.188241 0.191511 0.168626 0.114014 0.046994 0.060238 0.092088 0.027547 -0.077457 -0.091327 -0.072669 -0.109785
0.208211 0.062894 -0.014372 -0.029422 -0.076834 -0.119485 -0.050825 0.056484 0.102806 0.077606 0.049483 0.050758 0.071145 0.051448 -0.042664 -0.112717 -0.078892 0.002185 0.070427 0.109391 0.089261 0.004299 -0.071272 -0.061730 0.024238 0.112231 0.144315 0.151346 0.147843 0.060366 -0.095162 -0.181698 -0.164891 -0.100630 -0.038342 -0.105569 -0.218957 -0.166117 -0.125483 -0.215681 -0.216973 -0.045439 0.083549 0.040379 -0.025005 -0.024045 0.009761 0.106848 0.137464 0.088234 0.037658 -0.008617 -0.020312 0.027742 0.089978 0.119906 0.082745 0.043028 0.024405 0.009021 0.035495 0.061729 0.048699 0.055559 0.058065 0.047663 0.040595 0.002747 -0.014644 0.001639 0.006433 -0.027258 -0.052815 0.005724 0.080163 0.136228 0.140425 0.087172 0.067025 0.074669 0.109212 0.139039 0.038558 -0.091979 -0.138846 -0.151524 -0.148348 -0.125608 -0.049707 0.106930 0.155246 -0.019117 -0.187408 -0.178341 -0.034927 0.078143 0.066212 -0.019532 -0.048298 -0.001826 0.040492 -0.005693 -0.047321 -0.006886 0.000742 -0.049050 -0.059669 -0.028074 -0.008168 -0.070251 -0.157249 -0.146259 -0.129250 -0.158678 -0.118780 -0.049726 -0.031587 0.003577 0.014243 -0.019020 -0.015093 -0.028100 -0.055474 -0.047184 -0.002653 -0.050123 -0.148688 -0.151538 -0.115006 -0.111544 -0.147894 -0.194473 -0.145707 -0.070401 -0.053820 -0.040263 -0.044776 -0.111017 -0.131611 -0.111752 -0.124334 -0.092691 -0.072235 -0.083552 -0.120486 -0.183957 -0.246022 -0.224448 -0.143995 -0.120805 -0.125304 -0.087494 -0.020501 -0.017446 -0.112477 -0.193302 -0.149565 -0.036052 0.021692 -0.037666 -0.086881 -0.034943 0.032337 0.024338 -0.022153 -0.072958 -0.051894 0.045697 0.097631 0.085624 0.025288 -0.028162 -0.003082 0.050849 0.064250 0.047197 0.030201 0.074537 0.155649 0.140022 0.059804 -0.007536 -0.032176 0.041394 0.140776 0.109670 -0.028386 -0.097141 -0.081423 -0.105693
0.402135 0.179455 0.054801 0.042813 -0.003581 -0.087465 -0.091207 -0.010515 0.051703 0.045419 0.026951 0.000724 0.020971 0.078648 0.060493 -0.008935 -0.046501 0.005575 0.086598 0.108773 0.127247 0.091541 -0.011743 0.003999 0.139591 0.191733 0.157333 0.111112 0.052613 -0.026420 -0.098880 -0.110859 -0.087956 -0.079310 -0.068908 -0.140894 -0.199089 -0.133631 -0.100242 -0.167512 -0.199785 -0.059770 0.053177 -0.000904 -0.030429 0.002898 0.008649 0.049009 0.059559 0.039804 0.086255 0.107285 0.055002 0.044674 0.106947 0.141277 0.055789 -0.042537 -0.090343 -0.062040 0.022160 0.067387 0.033598 0.016520 0.031384 0.043146 0.050013 0.026598 -0.002295 -0.015369 -0.016049 -0.037544 -0.056904 -0.011511 0.048366 0.084584 0.080122 0.071628 0.100395 0.119434 0.121221 0.129958 0.076148 -0.012896 -0.061330 -0.093366 -0.111480 -0.083054 0.006938 0.174829 0.218233 0.030371 -0.146912 -0.131880 0.032993 0.153375 0.148411 0.034907 -0.083888 -0.090279 -0.015702 -0.018584 -0.052491 -0.003807 0.040035 0.037064 0.027508 0.025024 -0.001282 -0.066677 -0.102837 -0.055842 -0.034266 -0.068463 -0.043847 0.016126 0.052620 0.071202 0.041128 -0.022141 -0.038193 -0.046732 -0.058213 -0.004887 0.075720 0.013246 -0.096229 -0.093684 -0.054748 -0.080327 -0.185837 -0.244745 -0.189672 -0.106678 -0.077123 -0.039484 -0.016785 -0.090023 -0.161173 -0.176484 -0.229171 -0.265013 -0.245796 -0.131555 0.012744 0.046334 -0.051933 -0.125211 -0.132203 -0.155661 -0.160447 -0.097429 0.006741 0.062714 0.036032 -0.011343 -0.033549 -0.035712 -0.028019 -0.046745 -0.059999 -0.016795 0.044170 0.055769 0.003850 -0.106075 -0.127686 -0.013609 0.061944 0.083615 0.039112 -0.014637 0.009463 0.043115 0.030664 -0.004069 -0.041356 -0.014480 0.069366 0.050407 -0.042598 -0.082703 -0.049169 0.060899 0.179943 0.169118 0.041797 -0.052913 -0.052000 -0.053139
0.226213 0.106767 0.057112 0.084112 0.066228 -0.032537 -0.109418 -0.084974 -0.026989 -0.009547 -0.000889 -0.006678 0.035544 0.139468 0.159962 0.079746 -0.007756 0.002180 0.054993 0.047477 0.106609 0.146785 0.043528 0.024674 0.135240 0.147445 0.097750 0.069991 0.032379 -0.009334 -0.035204 -0.038246 -0.044913 -0.085153 -0.109357 -0.127114 -0.098710 -0.047001 0.069666 0.195814 0.089411 0.051468 0.101025 0.029829 -0.051501 -0.082180 -0.067064 0.000045 0.007944 -0.014436 0.062446 0.087619 -0.017952 -0.059589 0.017827 0.034913 -0.068913 -0.160098 -0.189842 -0.114900 0.000318 0.048283 0.030984 0.039171 0.061883 0.061512 0.049173 0.014524 -0.045038 -0.067469 -0.028097 -0.007365 -0.017510 -0.015100 -0.013378 0.009038 0.040982 0.081726 0.122372 0.118378 0.078999 0.067981 0.078030 0.062254 0.018135 -0.032959 -0.071782 -0.060122 0.019331 0.159035 0.208647 0.083263 -0.061065 -0.075589 0.032649 0.117526 0.118424 0.011265 -0.138274 -0.174661 -0.098675 -0.062372 -0.038484 0.052905 0.118735 0.072948 -0.014035 -0.011362 -0.009033 -0.040404 -0.023993 0.020359 0.018322 -0.026169 -0.004481 0.061552 0.108425 0.121890 0.097143 0.043815 0.004404 -0.023037 -0.029880 0.054128 0.161541 0.095505 -0.012689 -0.027066 -0.044058 -0.086181 -0.146873 -0.145337 -0.115066 -0.068133 -0.027740 0.023535 0.060890 0.015166 -0.076842 -0.134999 -0.206145 -0.321694 -0.363057 -0.194473 0.071426 0.156303 0.031766 -0.084786 -0.132530 -0.199970 -0.225094 -0.159942 -0.038729 0.061095 0.089065 0.058176 0.016844 0.025241 0.056036 0.055447 0.050607 0.034899 0.014604 0.037265 0.010442 -0.112299 -0.150980 -0.046271 0.018718 0.016766 -0.034430 -0.058577 -0.009415 0.018311 -0.000054 -0.017627 -0.031660 -0.009168 0.044491 -0.001109 -0.099546 -0.113202 -0.059616 0.036143 0.117935 0.102326 0.022629 -0.031995 -0.031277 -0.021865
0.007786 0.040296 0.078381 0.124492 0.135616 0.072700 -0.054184 -0.136571 -0.111352 -0.069242 -0.019160 0.027986 0.083410 0.181755 0.236743 0.180072 0.065965 0.010903 -0.066253 -0.189887 -0.111133 0.033266 0.022167 0.014591 0.078557 0.077929 0.043073 0.034098 0.022468 -0.013034 -0.047840 -0.078489 -0.077699 -0.040180 -0.017819 -0.009750 0.048086 0.228569 0.953208 1.662237 1.043052 0.304018 0.138367 0.041007 -0.077312 -0.138142 -0.089281 0.013900 0.016112 -0.019544 0.051088 0.054301 -0.072170 -0.125982 -0.090817 -0.116110 -0.183291 -0.203549 -0.199297 -0.137654 -0.048439 -0.001893 0.035359 0.079681 0.078932 0.050426 0.019311 -0.027648 -0.099234 -0.116006 -0.049972 -0.011485 -0.026799 -0.055543 -0.091205 -0.065651 0.012078 0.075245 0.090250 0.065649 0.016301 -0.016729 0.008421 0.038741 -0.002083 -0.058534 -0.090738 -0.077709 -0.015047 0.072151 0.099067 0.024144 -0.063673 -0.072261 -0.000384 0.077016 0.080043 -0.040713 -0.163672 -0.170727 -0.107141 -0.044668 0.047777 0.160613 0.180406 0.022843 -0.122752 -0.050800 0.022457 0.021670 0.027521 0.016196 -0.010129 -0.057330 -0.040741 0.021736 0.061325 0.091386 0.104385 0.085375 0.039440 -0.013255 -0.029023 0.053131 0.168440 0.165300 0.118912 0.089878 0.034257 0.014078 0.008430 0.044940 0.080579 0.096047 0.115171 0.123543 0.112280 0.102973 0.046399 -0.028523 -0.081072 -0.199485 -0.292775 -0.190585 -0.015987 -0.015182 -0.124966 -0.189515 -0.209161 -0.275628 -0.291366 -0.190240 -0.048928 0.034892 0.026826 -0.019469 -0.000539 0.123521 0.207825 0.181591 0.131408 0.022599 -0.097432 -0.074912 -0.050391 -0.111720 -0.118580 -0.048300 -0.040553 -0.094620 -0.133297 -0.082087 0.025071 0.063822 0.026653 0.004641 0.027550 0.064108 0.083001 0.023347 -0.069244 -0.102149 -0.100342 -0.052723 -0.012523 -0.022376 -0.049553 -0.068851 -0.051211 -0.018768
0.017350 0.113385 0.150400 0.160066 0.167711 0.164752 0.060264 -0.082013 -0.100358 -0.084726 -0.044818 0.020393 0.079881 0.180446 0.293860 0.292393 0.190748 0.098237 -0.103672 -0.340674 -0.266025 -0.066546 -0.012920 0.000697 0.049259 0.048487 -0.025470 -0.102759 -0.121664 -0.145312 -0.162438 -0.193972 -0.158717 -0.001696 0.073403 0.035452 0.065179 0.425680 1.778309 2.989211 1.893323 0.522695 0.152081 0.045169 -0.044274 -0.075477 -0.039044 0.027619 0.016914 -0.009531 0.063655 0.080258 -0.033055 -0.127982 -0.158002 -0.171865 -0.143902 -0.090037 -0.089076 -0.123098 -0.117810 -0.063196 0.035295 0.084879 0.059117 0.029620 -0.009661 -0.071157 -0.140682 -0.161847 -0.095384 -0.041244 -0.055365 -0.083879 -0.107239 -0.099093 -0.030787 0.032712 0.034402 0.000298 -0.051184 -0.071233 -0.006878 0.049569 -0.007472 -0.074739 -0.104903 -0.090458 -0.041070 0.006339 -0.003511 -0.091249 -0.164706 -0.136689 -0.019547 0.088109 0.064350 -0.064116 -0.130079 -0.120323 -0.072090 0.020773 0.135435 0.221704 0.195325 0.016972 -0.087188 0.000869 0.051438 0.029808 -0.002748 -0.034250 -0.034904 -0.064760 -0.073986 -0.040021 -0.024788 -0.017130 0.014886 0.034683 0.020552 -0.011613 -0.036514 0.007577 0.093690 0.142329 0.170756 0.186103 0.163396 0.139345 0.106510 0.116144 0.157578 0.157787 0.148290 0.125358 0.071375 0.057095 0.034899 0.007095 0.005289 -0.046170 -0.084115 -0.045487 -0.074364 -0.204945 -0.294492 -0.316770 -0.270526 -0.243390 -0.213426 -0.113131 -0.013419 0.012990 -0.045938 -0.123005 -0.076365 0.126441 0.256811 0.219543 0.127687 -0.021354 -0.158370 -0.136538 -0.074766 -0.069788 -0.055350 -0.046828 -0.102194 -0.153067 -0.129846 -0.021591 0.094888 0.132339 0.078381 0.010349 0.012370 0.052759 0.066505 0.040863 -0.002516 -0.045806 -0.090938 -0.098060 -0.099764 -0.096449 -0.091497 -0.119029 -0.113039 -0.077905
0.110104 0.185024 0.172495 0.118185 0.095870 0.131003 0.101624 0.004967 -0.029112 -0.040105 -0.008638 0.030874 0.050198 0.147300 0.308856 0.367636 0.286133 0.184404 0.007486 -0.181549 -0.149543 -0.030365 -0.035218 -0.031989 0.051948 0.050555 -0.109173 -0.267854 -0.280313 -0.293278 -0.310850 -0.297186 -0.202354 -0.035203 0.012679 -0.058791 -0.053732 0.212269 1.099929 1.873230 1.221584 0.400636 0.202266 0.134313 0.069025 0.045676 0.039134 0.032146 -0.004559 -0.021864 0.035097 0.076701 -0.000263 -0.128350 -0.190405 -0.167557 -0.042227 0.089075 0.074627 -0.062626 -0.145477 -0.106481 0.003862 0.067599 0.105345 0.108669 -0.024271 -0.154089 -0.198574 -0.203081 -0.136062 -0.059443 -0.053233 -0.060381 -0.060190 -0.090276 -0.072109 -0.010117 0.004532 -0.045674 -0.114372 -0.114919 0.005570 0.119674 0.081214 -0.003827 -0.060975 -0.064953 -0.044718 -0.031921 -0.056937 -0.156808 -0.224527 -0.171350 -0.043044 0.040741 0.017051 -0.015671 -0.037326 -0.096274 -0.081656 0.041536 0.144480 0.189486 0.152917 0.033256 -0.014756 0.030804 0.031117 0.002864 -0.038037 -0.049546 -0.016643 -0.034141 -0.022050 0.033830 -0.021438 -0.155696 -0.118248 -0.021888 -0.004599 -0.034820 -0.077611 -0.066948 -0.022411 0.028182 0.098412 0.168207 0.199436 0.170854 0.104049 0.076549 0.098928 0.088212 0.033772 -0.004885 -0.015198 -0.001932 0.003252 0.014999 0.034730 0.032443 0.070463 0.122621 0.032427 -0.126600 -0.228251 -0.280978 -0.244492 -0.173808 -0.071267 0.035059 0.042191 -0.008704 -0.068742 -0.134343 -0.092206 0.097950 0.211021 0.166858 0.059027 -0.087147 -0.192565 -0.171223 -0.089423 -0.014173 0.011136 -0.045619 -0.124069 -0.122634 -0.039073 0.062211 0.130601 0.154566 0.101049 -0.003871 -0.057808 -0.034148 -0.011518 -0.006651 -0.000777 -0.010075 -0.041082 -0.074971 -0.106753 -0.108850 -0.094791 -0.106762 -0.097427 -0.068163
0.144679 0.159968 0.135167 0.076039 0.037304 0.058382 0.050481 -0.001751 -0.026512 0.000733 0.103203 0.145725 0.097335 0.139385 0.269509 0.305602 0.182172 0.057968 -0.035313 -0.102418 -0.062690 0.004520 -0.031865 -0.026305 0.073830 0.067678 -0.095022 -0.235270 -0.253241 -0.329813 -0.445763 -0.342381 -0.132413 -0.040568 -0.068670 -0.129069 -0.139512 -0.069223 0.169194 0.417544 0.320788 0.174777 0.213754 0.199209 0.129952 0.092569 0.076422 0.046809 0.013941 -0.000907 0.008419 0.045219 -0.003550 -0.120316 -0.151457 -0.108863 0.004386 0.121037 0.096746 -0.025177 -0.102545 -0.106812 -0.067868 0.001177 0.150835 0.202018 -0.031761 -0.197231 -0.198181 -0.184310 -0.145094 -0.083530 -0.054939 -0.031493 -0.024117 -0.069294 -0.083189 -0.036966 -0.010663 -0.051789 -0.123301 -0.180943 -0.116538 0.073355 0.166437 0.141297 0.078336 0.031306 -0.008554 -0.035128 -0.074969 -0.172227 -0.200899 -0.109738 -0.018405 0.006470 0.027002 0.090844 0.029630 -0.111710 -0.097094 0.072910 0.170818 0.174673 0.133725 0.062200 0.038138 0.048174 0.026957 0.003436 -0.049040 -0.062249 -0.013165 -0.002024 0.081964 0.201706 0.083990 -0.179603 -0.163817 -0.047599 -0.035990 -0.063358 -0.087950 -0.091393 -0.091871 -0.079779 -0.029976 0.035495 0.111067 0.127238 0.064770 0.032899 0.047574 0.015789 -0.080946 -0.110950 -0.047805 0.019401 0.043733 0.029339 0.007420 -0.026571 -0.012725 0.091518 0.131238 0.057156 -0.039156 -0.125213 -0.191240 -0.173928 -0.009315 0.128368 0.068064 -0.046724 -0.077690 -0.076689 -0.017904 0.101012 0.136707 0.084776 0.017301 -0.072515 -0.157631 -0.172284 -0.088193 0.035484 0.056467 -0.044482 -0.129290 -0.114804 -0.025107 0.070504 0.116149 0.119708 0.072500 -0.006321 -0.063139 -0.048711 -0.022742 -0.032687 -0.047665 -0.048559 -0.060054 -0.077621 -0.064294 -0.050569 -0.031757 0.000278 0.028460 0.041845
0.127201 0.105128 0.121125 0.119019 0.069062 0.038589 0.011191 -0.023309 -0.037202 0.018802 0.170081 0.235445 0.160468 0.142227 0.195855 0.165232 0.004030 -0.143465 -0.193569 -0.175555 -0.115462 -0.056037 -0.048993 -0.028361 0.048381 0.064338 -0.018646 -0.093630 -0.080999 -0.183033 -0.438089 -0.310288 -0.014612 0.040214 -0.033604 -0.104646 -0.139723 -0.158073 -0.109942 0.031615 0.074359 -0.003763 0.049852 0.106181 0.090552 0.068181 0.048480 0.042308 0.070047 0.070537 0.033853 0.040032 -0.017463 -0.108534 -0.084116 -0.022898 0.031443 0.071709 0.031404 -0.013302 -0.013787 -0.038157 -0.109809 -0.115639 0.037294 0.128394 -0.011318 -0.080505 -0.079110 -0.110126 -0.126557 -0.091833 -0.055422 -0.023354 -0.018400 -0.050939 -0.077580 -0.069028 -0.036333 -0.017772 -0.044103 -0.182603 -0.275471 -0.078463 0.186204 0.280379 0.221120 0.132422 0.073292 0.066667 0.031727 -0.122360 -0.195035 -0.108817 -0.055151 -0.045302 0.041939 0.122592 0.034057 -0.067344 -0.026007 0.146478 0.232675 0.200140 0.144143 0.090299 0.064873 0.059393 0.026793 -0.025110 -0.105613 -0.119239 -0.052764 -0.012374 0.072969 0.185728 0.138125 -0.012154 -0.041160 -0.037964 -0.056005 -0.029943 -0.002683 -0.029658 -0.081241 -0.132294 -0.155375 -0.128216 -0.007688 0.081283 0.048712 0.035634 0.051354 -0.020124 -0.136357 -0.138120 -0.054076 0.026693 0.059238 0.023539 -0.040772 -0.125711 -0.154394 -0.035224 0.092534 0.092634 0.022516 -0.077252 -0.211795 -0.234587 -0.082835 0.078706 0.069169 -0.030672 -0.037324 -0.001972 0.034811 0.088405 0.092926 0.062875 0.065487 0.048005 -0.028400 -0.083985 -0.026330 0.059909 0.062468 -0.003895 -0.074761 -0.103787 -0.062472 0.020328 0.055756 0.048630 0.034761 0.023704 0.009966 0.036505 0.074970 0.040141 -0.047855 -0.094697 -0.111782 -0.092179 -0.005925 0.042624 0.076798 0.127704 0.139696 0.119969
0.058772 0.059861 0.144605 0.209862 0.139283 0.041964 -0.003767 -0.014012 -0.029219 0.000197 0.131242 0.199713 0.141031 0.113170 0.130432 0.079242 -0.065452 -0.200978 -0.196182 -0.109326 -0.084159 -0.085538 -0.068747 -0.042468 0.019349 0.056157 0.038116 0.028590 0.109421 0.088870 -0.186780 -0.176294 0.045853 0.107758 0.044153 -0.040929 -0.073047 -0.094432 -0.085768 0.032242 0.049132 -0.142314 -0.153301 -0.035864 0.019233 0.006235 -0.047589 -0.046247 0.042348 0.103221 0.091217 0.084015 0.013238 -0.039469 0.021866 0.081181 0.087776 0.068874 0.015688 -0.006282 0.011783 -0.002518 -0.093327 -0.141502 -0.017224 0.116828 0.090116 0.049336 0.001927 -0.062708 -0.108091 -0.095297 -0.065152 -0.050868 -0.047528 -0.037266 -0.046609 -0.078680 -0.057213 0.020096 0.072630 -0.036460 -0.215129 -0.130596 0.124601 0.240058 0.161930 0.068049 0.072562 0.172326 0.223696 0.050639 -0.148657 -0.158299 -0.134128 -0.096479 0.018859 0.044014 0.008145 0.038347 0.054466 0.145202 0.235722 0.226419 0.150286 0.068739 0.022684 0.035611 0.023559 -0.054178 -0.144618 -0.158059 -0.102222 -0.061103 -0.032876 0.015279 0.055232 0.084266 0.077119 0.021000 -0.006613 0.032303 0.042418 -0.013734 -0.073413 -0.134268 -0.185735 -0.188692 -0.051580 0.064620 0.028500 0.011390 0.038749 -0.040283 -0.173247 -0.181120 -0.098822 -0.035460 -0.014019 -0.019582 -0.065188 -0.140352 -0.149584 -0.064336 0.001575 -0.018084 -0.045078 -0.097096 -0.200480 -0.217115 -0.125139 0.021320 0.079946 0.026604 0.051518 0.086674 0.059451 0.074127 0.098316 0.073352 0.080261 0.087144 0.040727 -0.009142 -0.001172 0.022543 0.043991 0.067703 0.049620 0.003176 -0.017770 0.002466 0.001839 0.001550 0.024802 0.043373 0.062112 0.119158 0.171684 0.130688 0.010827 -0.063664 -0.084600 -0.059248 0.013052 0.067080 0.118547 0.145368 0.134338 0.120045
0.002830 0.023793 0.124958 0.203245 0.114682 -0.007959 -0.019385 0.027428 0.019685 0.014068 0.086445 0.124074 0.104095 0.130173 0.142396 0.061424 -0.063954 -0.149451 -0.086493 -0.003212 -0.056795 -0.105245 -0.094617 -0.063972 0.007516 0.053477 0.044394 0.028167 0.061240 0.069228 -0.049070 -0.039285 0.201985 0.382686 0.226979 0.003000 -0.049638 -0.057057 -0.070907 -0.000101 0.006323 -0.156305 -0.196717 -0.090209 -0.016583 -0.033417 -0.096812 -0.113655 -0.046610 0.056821 0.120116 0.154600 0.120999 0.099066 0.135455 0.170569 0.177462 0.141190 0.075045 0.010209 -0.036533 -0.029152 -0.022769 -0.038234 0.042309 0.139937 0.082729 -0.003318 -0.039107 -0.054434 -0.081757 -0.095047 -0.100535 -0.124660 -0.111956 -0.030754 -0.001902 -0.058341 -0.047276 0.056441 0.135485 0.086578 -0.066778 -0.097830 -0.005048 0.039501 -0.013100 -0.075705 -0.035388 0.089602 0.195836 0.134782 -0.072954 -0.136884 -0.092305 -0.031395 0.017135 -0.063199 -0.058927 0.048038 0.027188 0.049495 0.163154 0.216430 0.146973 0.034524 -0.044750 -0.028516 0.007613 -0.019153 -0.068467 -0.108136 -0.109561 -0.075927 -0.057012 -0.023007 0.032994 0.075791 0.070175 0.039173 0.034792 0.045058 0.003963 -0.075762 -0.119154 -0.122683 -0.131450 -0.165547 -0.074814 0.029550 -0.004620 -0.041471 -0.025353 -0.121261 -0.327704 -0.398219 -0.250335 -0.155760 -0.170013 -0.132502 -0.069625 -0.075063 -0.086110 -0.061391 -0.048848 -0.085237 -0.059112 -0.005391 -0.027357 -0.068103 -0.085637 -0.011762 0.050019 0.026071 0.090599 0.141026 0.085522 0.108416 0.158502 0.083350 0.010482 0.005554 0.007602 0.003888 -0.010712 -0.030895 -0.002225 0.068352 0.116729 0.118608 0.079246 0.044918 0.012034 0.012467 0.040881 0.041333 0.049208 0.118627 0.161515 0.112066 0.023748 -0.011516 -0.016056 -0.027876 -0.023579 0.026813 0.093172 0.100672 0.105244 0.134244
0.024401 0.015989 0.047579 0.079690 0.010828 -0.071833 -0.018004 0.084362 0.094530 0.062523 0.051876 0.048344 0.080259 0.161356 0.141153 0.001041 -0.100525 -0.107567 -0.038723 -0.038282 -0.110141 -0.109610 -0.098682 -0.089230 -0.036675 -0.017126 -0.039212 -0.072276 -0.090022 -0.085259 -0.079558 0.074445 0.829821 1.504986 0.866546 0.053933 -0.120959 -0.083056 -0.090897 -0.094673 -0.073882 -0.074869 -0.062932 -0.012900 0.016848 0.008411 -0.006859 -0.048568 -0.069723 0.013501 0.131283 0.209143 0.212248 0.178580 0.157808 0.184563 0.216756 0.177803 0.116010 0.041680 -0.039147 -0.018476 0.055665 0.066677 0.082003 0.081321 -0.066473 -0.154655 -0.073039 -0.004133 -0.016719 -0.065760 -0.140005 -0.211932 -0.196696 -0.080627 0.005167 -0.011759 -0.021341 0.043878 0.098481 0.098831 0.017900 -0.066170 -0.105892 -0.113090 -0.107151 -0.105545 -0.048809 0.020932 0.068291 0.073613 -0.000689 -0.019894 0.038504 0.127896 0.133427 -0.056438 -0.109287 -0.027486 -0.023899 0.002169 0.088652 0.141210 0.125690 0.076747 -0.001990 -0.046474 -0.022957 0.019234 0.056442 0.021907 -0.035673 -0.016789 0.028631 0.081629 0.102265 0.048587 -0.023558 -0.047235 -0.008479 0.009483 -0.043843 -0.123917 -0.152744 -0.123791 -0.084617 -0.079741 -0.055011 -0.008376 -0.007187 -0.019597 -0.040064 -0.209365 -0.479781 -0.567926 -0.349455 -0.233322 -0.298907 -0.270108 -0.102454 -0.013117 -0.046491 -0.078150 -0.054866 -0.048298 -0.007931 0.083743 0.114076 0.039599 -0.075174 -0.072542 -0.010867 0.021275 0.131302 0.186597 0.126132 0.190670 0.252963 0.111828 -0.012650 0.009151 0.048697 0.059030 0.045758 -0.000304 -0.031270 -0.000024 0.064924 0.105164 0.087679 0.058408 0.027986 0.011071 0.014524 -0.004292 -0.008279 0.063805 0.098388 0.040774 -0.010018 0.003566 0.005247 -0.048976 -0.088060 -0.034971 0.040015 0.053302 0.065902 0.095992
0.061589 0.025546 -0.004424 0.021181 0.047394 0.011180 0.031882 0.088343 0.073629 0.029983 -0.004158 -0.008719 0.072204 0.187023 0.132922 -0.055983 -0.136689 -0.071984 -0.012471 -0.070436 -0.126031 -0.076316 -0.023330 0.001266 -0.004002 -0.073803 -0.143153 -0.168641 -0.154661 -0.108592 -0.068889 0.159908 1.335900 2.396630 1.365807 0.123254 -0.128476 -0.086185 -0.100066 -0.141949 -0.084326 0.068668 0.148022 0.126712 0.085968 0.094627 0.142076 0.099368 0.025633 0.047813 0.120877 0.161559 0.172690 0.146884 0.111119 0.131149 0.155821 0.139292 0.118737 0.058474 -0.035384 -0.024440 0.065632 0.114002 0.130679 0.083155 -0.126179 -0.213258 -0.062128 0.032068 0.018645 -0.037140 -0.134663 -0.216148 -0.202180 -0.092352 0.033833 0.044700 -0.047752 -0.077299 -0.036030 0.044615 0.055428 -0.035162 -0.128136 -0.136631 -0.100429 -0.064184 -0.012435 -0.031347 -0.089805 -0.048819 0.044172 0.075725 0.083132 0.199435 0.257778 0.047099 -0.085070 -0.085714 -0.072627 -0.013475 0.071572 0.109827 0.114010 0.106206 0.057421 -0.021886 -0.053576 0.006426 0.121704 0.130283 0.055551 0.064463 0.090833 0.086638 0.062892 -0.018139 -0.124036 -0.159772 -0.080364 -0.020656 -0.062430 -0.132838 -0.166938 -0.158460 -0.071271 0.047486 0.064786 0.080707 0.113793 0.093580 0.029101 -0.154184 -0.318567 -0.313119 -0.175296 -0.167595 -0.272531 -0.291932 -0.146278 -0.022756 -0.070169 -0.134328 -0.099174 -0.043515 -0.025764 -0.007393 0.025159 0.004748 -0.088622 -0.106546 -0.034801 0.065766 0.202284 0.218592 0.137716 0.220396 0.272161 0.131964 0.060369 0.130796 0.173918 0.159970 0.146455 0.112936 0.027200 -0.024916 -0.007099 0.036569 0.047114 0.039841 0.013860 -0.027262 -0.041614 -0.051822 -0.041692 0.023433 0.070075 0.049152 0.021804 0.010813 -0.039320 -0.103103 -0.128606 -0.084289 -0.016502 0.029209 0.043487 0.037628
0.041042 0.005170 -0.026955 0.041856 0.177986 0.180151 0.108843 0.069934 0.035032 0.007843 -0.016024 -0.026599 0.041513 0.173085 0.172881 0.028362 -0.038848 0.032056 0.063150 -0.039519 -0.137414 -0.108157 0.018495 0.126600 0.114783 0.013921 -0.096974 -0.163353 -0.151419 -0.077252 -0.028850 0.076222 0.733768 1.344222 0.761545 0.110894 -0.014021 -0.048862 -0.056903 -0.048962 0.021010 0.169566 0.200602 0.056381 -0.060835 0.034262 0.202350 0.226462 0.169855 0.116137 0.075824 0.057112 0.097819 0.108524 0.071155 0.085828 0.106255 0.096962 0.072671 -0.015784 -0.141935 -0.107161 0.071724 0.178070 0.214093 0.163191 -0.020740 -0.095000 0.009298 0.050369 0.016789 -0.017569 -0.077050 -0.135989 -0.122161 -0.022691 0.091941 0.071660 -0.096575 -0.204803 -0.184284 -0.047574 0.055749 0.012484 -0.102800 -0.118153 -0.069470 -0.048374 -0.080362 -0.296904 -0.503780 -0.302374 0.005039 0.087342 0.041660 0.099925 0.165031 0.045052 -0.055843 -0.090086 -0.095868 -0.031573 0.076363 0.123248 0.101741 0.057219 0.037544 0.022803 -0.010400 0.000324 0.089394 0.123723 0.086378 0.096738 0.069445 -0.008419 -0.036026 -0.052883 -0.123912 -0.150819 -0.062762 0.002547 -0.052672 -0.127170 -0.164411 -0.161448 -0.047364 0.109342 0.145199 0.204297 0.251731 0.158184 0.055852 -0.053557 -0.076938 0.003262 0.055769 -0.015183 -0.109436 -0.140772 -0.093103 -0.051111 -0.116773 -0.157159 -0.118882 -0.082805 -0.127442 -0.201327 -0.159862 -0.058426 -0.055833 -0.068325 -0.025511 0.063748 0.157979 0.128646 0.053371 0.132439 0.191578 0.136283 0.136532 0.208247 0.235136 0.196774 0.170298 0.136808 0.036535 -0.044796 -0.046987 0.005336 0.048444 0.048684 -0.003961 -0.049681 -0.028537 -0.006633 -0.010672 0.009881 0.079225 0.112446 0.083738 0.018144 -0.060301 -0.091365 -0.103668 -0.094843 -0.051303 0.022804 0.057965 0.032181
0.053393 0.019980 -0.009618 0.072669 0.235909 0.269274 0.177714 0.091639 0.043848 0.014285 -0.007611 -0.025335 -0.010182 0.094026 0.184002 0.167998 0.132359 0.157777 0.138812 -0.001560 -0.140370 -0.151294 -0.023159 0.115044 0.130605 0.103300 0.069513 -0.006886 -0.025303 0.014613 -0.013860 -0.071260 0.073167 0.255472 0.194413 0.136000 0.091291 -0.013193 0.006148 0.052782 0.097524 0.157225 0.029927 -0.424826 -0.750777 -0.380882 0.138686 0.339170 0.311299 0.159516 0.013919 -0.022170 0.054146 0.093871 0.056606 0.071013 0.092285 0.066864 0.011399 -0.089805 -0.197854 -0.130095 0.091343 0.202869 0.252469 0.220485 0.090977 0.044085 0.105106 0.098906 0.012612 -0.028367 -0.042303 -0.054640 -0.032774 0.029203 0.087372 0.050521 -0.097670 -0.253551 -0.315559 -0.215377 -0.045699 0.041014 -0.014258 -0.045856 -0.023725 -0.036385 -0.157078 -0.562238 -0.893603 -0.553334 -0.097069 0.032115 -0.015650 -0.010252 0.056162 0.037713 -0.012682 -0.048362 -0.080085 -0.058416 0.006717 0.034973 0.015723 -0.016514 -0.006212 0.048823 0.064410 0.030998 0.050491 0.133781 0.183540 0.155323 0.049689 -0.053561 -0.060784 -0.023550 -0.048260 -0.049932 0.035715 0.089192 -0.000165 -0.104985 -0.133704 -0.119903 -0.028626 0.069994 0.082727 0.148191 0.205953 0.138692 0.041650 -0.045507 -0.020914 0.096566 0.181603 0.158003 0.087284 0.015714 -0.038439 -0.054624 -0.080630 -0.073891 -0.049796 -0.063065 -0.142575 -0.225463 -0.168656 -0.023717 0.039110 0.049982 0.047782 0.059036 0.062002 0.006381 -0.020616 0.065021 0.148685 0.160830 0.162774 0.181601 0.189994 0.152570 0.127277 0.083193 -0.033422 -0.113092 -0.094655 -0.025485 0.052926 0.080593 0.024630 -0.010237 0.061721 0.138054 0.114343 0.049661 0.069581 0.083090 0.053871 0.014757 -0.011296 -0.000883 -0.025832 -0.064722 -0.061190 0.013039 0.083332 0.073551
0.180452 0.114505 0.042395 0.097299 0.239009 0.274955 0.195887 0.104795 0.025341 -0.037115 -0.034708 -0.009488 -0.015124 0.025250 0.138045 0.205301 0.176792 0.146279 0.099354 -0.010523 -0.095094 -0.119629 -0.071190 0.019058 0.051723 0.095353 0.163741 0.121504 0.096683 0.094789 -0.007573 -0.109757 -0.036874 0.104296 0.161393 0.159324 0.089943 0.000055 0.022706 0.034646 0.084616 0.155438 -0.048130 -0.749430 -1.275341 -0.707061 0.108932 0.458071 0.420213 0.181385 -0.013395 -0.036451 0.052945 0.089942 0.043339 0.044771 0.049751 0.029015 -0.002933 -0.062478 -0.114832 -0.065451 0.048775 0.094002 0.159335 0.166257 0.085925 0.057376 0.091200 0.059189 -0.056538 -0.100889 -0.081343 -0.050717 -0.018420 0.005827 0.016304 -0.000159 -0.064498 -0.195165 -0.315357 -0.318580 -0.175937 0.003210 0.055946 0.045330 0.046969 0.020314 -0.099843 -0.380938 -0.584077 -0.373437 -0.093288 -0.042893 -0.147591 -0.179908 -0.063746 0.006019 -0.043477 -0.093555 -0.104280 -0.081657 -0.067413 -0.070240 -0.076690 -0.082182 -0.075912 -0.058275 -0.029588 -0.024188 0.050447 0.360465 0.617488 0.428226 0.101908 -0.065086 -0.052248 0.012948 -0.021906 -0.013570 0.106811 0.160318 0.047967 -0.077644 -0.109892 -0.114657 -0.076446 -0.041620 -0.040283 0.006933 0.062585 0.048358 -0.038900 -0.147275 -0.115740 0.036966 0.200092 0.260269 0.188630 0.053670 -0.053133 -0.075617 -0.057552 -0.015306 0.028294 0.028601 -0.025627 -0.068896 -0.029316 0.053057 0.126141 0.181627 0.149467 0.090368 0.031472 -0.015260 0.020395 0.123719 0.197490 0.194538 0.165617 0.145353 0.129592 0.085746 0.075935 0.072243 -0.013817 -0.076217 -0.045343 0.010787 0.058005 0.095280 0.100818 0.093008 0.164017 0.262567 0.238531 0.109433 0.046413 0.001900 -0.032386 -0.016061 0.026407 0.070403 0.050725 -0.017337 -0.056976 0.000112 0.100070 0.135034
0.265366 0.189277 0.081558 0.091352 0.187488 0.202729 0.137809 0.062022 -0.025589 -0.087374 -0.051996 0.017845 0.036918 0.047600 0.103335 0.140304 0.102220 0.068655 0.037573 -0.008338 -0.022894 -0.060225 -0.108358 -0.094209 -0.055665 0.072175 0.252373 0.207362 0.094329 0.043934 -0.020163 -0.041002 0.040173 0.159547 0.191770 0.138680 0.059830 0.001255 -0.011157 -0.034447 0.062845 0.219984 0.138168 -0.306445 -0.666591 -0.351322 0.194333 0.472054 0.423085 0.158480 -0.052775 -0.037241 0.058861 0.064064 0.010944 -0.002584 -0.015241 -0.007071 0.018750 0.033488 0.036835 0.048612 0.040592 0.012903 0.046318 0.034011 -0.020657 -0.016361 0.025994 0.011056 -0.082883 -0.139327 -0.126206 -0.067819 -0.009660 0.014859 -0.012670 -0.024099 -0.013570 -0.070933 -0.170886 -0.221237 -0.145053 -0.009122 0.054295 0.063860 0.098032 0.091658 -0.008122 -0.101814 -0.113713 -0.052807 -0.016296 -0.112734 -0.298534 -0.352779 -0.222812 -0.177306 -0.293600 -0.273216 -0.115369 0.005677 0.009094 -0.025220 -0.064154 -0.123319 -0.180265 -0.271131 -0.295333 -0.231676 -0.052575 0.461820 0.900221 0.580715 0.092708 -0.102506 -0.068529 0.020087 -0.048120 -0.097231 0.002709 0.035385 -0.058087 -0.125750 -0.114548 -0.120827 -0.109539 -0.082317 -0.065516 -0.070248 -0.085763 -0.100375 -0.130866 -0.186450 -0.168594 -0.050621 0.124864 0.242710 0.200104 0.071587 -0.031451 -0.077208 -0.059919 0.013997 0.108670 0.137609 0.080084 0.018322 -0.008621 0.005382 0.096740 0.199277 0.164923 0.086684 0.015638 -0.011994 0.076048 0.205366 0.254668 0.215131 0.178314 0.156519 0.113648 0.032342 0.001048 0.049158 0.058543 0.065473 0.100870 0.108732 0.080277 0.070517 0.119563 0.155832 0.186809 0.226683 0.194871 0.101612 0.044225 -0.021118 -0.087333 -0.054466 0.048296 0.111695 0.082557 0.001426 -0.058050 -0.034755 0.061061 0.151482
0.248360 0.203279 0.094643 0.072327 0.124078 0.123622 0.069943 0.012034 -0.034603 -0.052546 -0.007567 0.084692 0.208080 0.285290 0.215841 0.153848 0.142578 0.098621 0.045570 0.036690 0.026047 -0.082521 -0.227169 -0.264226 -0.205286 0.033523 0.345127 0.297689 0.076978 -0.022632 -0.035083 0.009695 0.078529 0.146473 0.151219 0.105969 0.044767 -0.000568 -0.023419 -0.047405 0.018048 0.129647 0.135516 0.048382 -0.006179 0.067555 0.218902 0.320932 0.285683 0.081250 -0.136120 -0.091307 0.030255 0.030336 0.005022 -0.004189 -0.030057 -0.032909 0.007026 0.086926 0.120899 0.100913 0.064334 0.027102 0.009014 -0.042596 -0.084992 -0.053709 0.027984 0.059343 0.000118 -0.087688 -0.132649 -0.089401 -0.002989 0.064089 0.011150 -0.050865 -0.014296 0.011647 -0.018677 -0.045619 -0.014488 0.052603 0.092211 0.105601 0.134643 0.117009 0.048450 0.031514 0.067897 0.095919 0.067211 -0.088161 -0.280924 -0.326468 -0.245444 -0.326603 -0.532130 -0.376078 -0.027953 0.148203 0.117583 0.056578 0.006471 -0.075894 -0.163566 -0.306571 -0.394095 -0.350017 -0.207738 0.139269 0.433559 0.210375 -0.094184 -0.160064 -0.090686 -0.007630 -0.058272 -0.160487 -0.137434 -0.123735 -0.179195 -0.180335 -0.097800 -0.074708 -0.064492 -0.018640 -0.018965 -0.083166 -0.134698 -0.138400 -0.125999 -0.132811 -0.114613 -0.050653 0.040616 0.120302 0.133979 0.103700 0.041845 -0.038920 -0.039200 0.036349 0.127776 0.148092 0.073563 -0.008632 -0.059806 -0.064017 0.013607 0.102222 0.083395 0.043411 0.000828 -0.035802 0.023800 0.126974 0.144881 0.114799 0.136102 0.148275 0.104165 0.011947 -0.042397 0.008002 0.062958 0.123425 0.175176 0.157921 0.078745 0.008664 0.034493 0.087314 0.105588 0.117779 0.084479 0.050649 0.053274 0.015811 -0.036836 0.112190 0.349111 0.270106 0.054917 -0.040969 -0.066713 -0.068695 -0.014153 0.078079
0.103764 0.105608 0.048567 0.048060 0.093636 0.083560 0.023788 -0.022534 -0.021737 -0.005218 0.024715 0.129691 0.373011 0.538397 0.395846 0.370866 0.478912 0.293415 0.056402 0.010701 -0.036849 -0.237298 -0.430946 -0.431258 -0.311333 -0.056920 0.243662 0.238644 0.063258 -0.022716 -0.050152 -0.029084 0.047305 0.086263 0.026416 -0.031241 -0.062550 -0.064457 -0.056176 -0.092157 -0.114493 -0.084943 -0.093995 -0.063859 0.046950 0.085354 0.079096 0.104913 0.114214 0.024874 -0.153036 -0.143557 -0.041578 -0.034409 -0.014175 0.016488 -0.009505 -0.061217 -0.062754 0.031407 0.080067 0.051764 0.051185 0.062230 0.007640 -0.053696 -0.060042 -0.007365 0.084216 0.112749 0.067782 -0.014556 -0.092978 -0.102447 -0.041652 0.055864 0.024612 -0.066128 -0.018296 0.062618 0.072723 0.049352 0.052498 0.118545 0.189936 0.213305 0.165236 0.075807 0.048483 0.072135 0.088635 0.129508 0.148284 0.043885 -0.112226 -0.178908 -0.158345 -0.259655 -0.411456 -0.231314 0.076450 0.189660 0.122432 0.045598 0.016440 -0.010199 -0.029035 -0.095551 -0.186722 -0.217247 -0.194296 -0.105000 -0.044596 -0.178800 -0.300387 -0.225277 -0.097573 -0.018016 -0.009808 -0.079817 -0.111004 -0.116908 -0.154887 -0.151943 -0.038343 0.010131 -0.003069 0.010090 -0.033136 -0.097455 -0.099663 -0.069754 -0.055167 -0.064787 -0.040570 0.005538 0.004515 -0.006633 0.033582 0.123306 0.135705 0.029413 -0.005662 0.009922 0.039315 0.061540 0.017557 -0.032999 -0.031556 -0.002949 0.034187 0.065466 0.061607 0.074348 0.045113 -0.023961 -0.009718 0.027829 -0.029800 -0.057679 0.021882 0.079818 0.081305 0.024105 -0.024722 -0.008842 0.026608 0.086628 0.142456 0.126411 0.027762 -0.039391 0.005902 0.042755 0.022959 0.034799 0.025204 0.027658 0.075521 0.080729 0.178354 0.858862 1.520188 0.860982 0.017151 -0.135535 -0.081721 -0.061787 -0.018242 0.042660
-0.003643 0.008773 0.014117 0.061813 0.102855 0.068865 -0.004324 -0.053435 -0.034067 -0.008354 -0.002196 0.084091 0.303188 0.435431 0.364326 0.509445 0.712375 0.390278 0.017015 -0.032427 -0.065378 -0.279819 -0.455408 -0.399341 -0.240080 -0.061801 0.113859 0.139605 0.055736 0.004995 -0.060336 -0.084879 0.011361 0.034424 -0.103765 -0.196106 -0.220594 -0.219070 -0.165298 -0.147091 -0.189448 -0.183377 -0.203972 -0.164320 -0.026509 0.004718 -0.049387 -0.073683 -0.060823 -0.042666 -0.119174 -0.151377 -0.116966 -0.121448 -0.093283 -0.055425 -0.061996 -0.073039 -0.065960 0.010159 0.052081 0.004617 0.005423 0.050144 -0.001250 -0.057488 -0.044163 0.035691 0.142506 0.149915 0.085406 0.015314 -0.032904 -0.045672 -0.028655 0.038336 0.048403 0.018938 0.107623 0.187719 0.177476 0.127731 0.101972 0.164582 0.241529 0.242916 0.128716 0.006960 0.021414 0.061332 0.055342 0.108482 0.184469 0.159550 0.022091 -0.097746 -0.118462 -0.155989 -0.189194 -0.056762 0.107522 0.153726 0.106565 0.061646 0.050703 0.035008 0.040073 0.037528 -0.009768 -0.047885 -0.085159 -0.122703 -0.182603 -0.426088 -0.662660 -0.470405 -0.177392 -0.047106 0.006100 -0.010765 -0.068137 -0.109849 -0.131844 -0.102556 0.012381 0.059013 0.016653 -0.015426 -0.074932 -0.085634 -0.038374 -0.007331 -0.010891 -0.059487 -0.076577 -0.039267 -0.044437 -0.072475 -0.036440 0.082399 0.139573 0.075142 0.048898 -0.005122 -0.041538 0.003456 0.009541 -0.003850 0.052339 0.124479 0.125365 0.090844 0.092495 0.147734 0.123532 0.037650 0.028717 0.007504 -0.087279 -0.113554 -0.055373 -0.004115 0.044740 0.036679 -0.007717 -0.034455 -0.020123 0.028285 0.087374 0.092742 -0.013532 -0.042282 0.067450 0.112661 0.063383 0.040337 0.000784 -0.018985 0.035793 0.076708 0.330909 1.477611 2.472296 1.328162 -0.009197 -0.202632 -0.093228 -0.034957 0.020484 0.049661
0.031262 0.007100 0.028776 0.080537 0.087302 0.039013 -0.020625 -0.065817 -0.052053 -0.028405 -0.027445 0.036034 0.171064 0.220067 0.175059 0.268739 0.373713 0.184225 -0.017985 -0.024063 -0.002331 -0.085273 -0.175872 -0.165844 -0.111423 -0.042888 0.080686 0.153924 0.112607 0.070161 -0.001550 -0.045200 0.037304 0.080043 -0.012022 -0.090481 -0.164000 -0.243223 -0.183502 -0.100581 -0.136891 -0.149825 -0.116981 -0.046260 0.021335 0.006082 -0.050231 -0.128015 -0.167882 -0.108224 -0.107502 -0.135378 -0.127070 -0.144474 -0.140123 -0.145583 -0.150822 -0.046926 0.069285 0.142676 0.116670 -0.005604 -0.074906 -0.035393 -0.021719 -0.049512 -0.057203 0.021287 0.137721 0.135617 0.058263 0.007724 0.015809 0.037499 0.018131 0.009295 0.028382 0.073726 0.208405 0.284201 0.245794 0.169454 0.131767 0.177562 0.225202 0.186174 0.073005 -0.002730 0.030926 0.053467 0.018339 0.026384 0.105957 0.166355 0.079852 -0.049947 -0.084194 -0.089052 -0.083130 0.002928 0.078618 0.100619 0.079522 0.083241 0.106953 0.075688 0.035993 0.029571 0.025711 0.037293 -0.000865 -0.109267 -0.348259 -1.194928 -2.005416 -1.304972 -0.348306 -0.072626 -0.053209 -0.054933 -0.107065 -0.177556 -0.187084 -0.110201 -0.031106 -0.020890 -0.036670 -0.010741 -0.017902 -0.012641 0.003489 0.000487 -0.033912 -0.120173 -0.167947 -0.117550 -0.053287 -0.022921 0.003267 -0.002232 -0.058809 -0.016625 0.087171 0.039996 -0.039775 -0.011153 0.009389 0.019239 0.097671 0.165216 0.138780 0.073375 0.057327 0.110398 0.125098 0.057232 0.012295 -0.013566 -0.029050 -0.029352 -0.063725 -0.103228 -0.062286 -0.035986 -0.065937 -0.098620 -0.085848 -0.035280 0.037701 0.065890 -0.020346 -0.026422 0.091528 0.159463 0.123778 0.061465 -0.029389 -0.090798 -0.060065 -0.048643 0.093228 0.787787 1.376408 0.689299 -0.091310 -0.177607 -0.083146 -0.001313 0.054479 0.031453
0.084471 0.040094 0.048393 0.050233 0.005408 -0.034049 -0.044303 -0.052664 -0.039738 -0.025968 -0.022091 0.042148 0.137916 0.144229 0.080696 0.056946 0.057615 0.023907 -0.011777 0.000444 0.067895 0.131240 0.126521 0.069952 0.005347 0.004363 0.142896 0.254983 0.241815 0.235570 0.193838 0.128904 0.149951 0.198665 0.210640 0.173346 0.048341 -0.090134 -0.083412 -0.046458 -0.086433 -0.066143 0.039701 0.123422 0.098462 0.006003 -0.049827 -0.093524 -0.117345 -0.065536 -0.060742 -0.082764 -0.080745 -0.099316 -0.111677 -0.140172 -0.130567 0.039322 0.237100 0.307670 0.197130 0.005903 -0.129204 -0.109673 -0.027165 -0.011447 -0.052107 -0.040426 0.019773 0.005739 -0.046963 -0.042133 0.005345 0.012888 -0.036902 -0.076383 -0.059853 0.008773 0.138931 0.207897 0.178597 0.107008 0.076542 0.126386 0.179531 0.140965 0.047790 0.004263 0.049623 0.087765 0.066938 0.037548 0.083349 0.164405 0.119230 0.029529 -0.021985 -0.047559 -0.037459 0.020497 0.044789 0.035327 0.000569 0.003935 0.052268 0.062743 0.029573 0.016444 0.019098 0.027503 -0.012667 -0.123819 -0.484858 -1.868531 -3.151356 -1.971143 -0.463957 -0.077960 -0.087358 -0.100524 -0.144092 -0.218296 -0.239690 -0.152215 -0.099073 -0.123482 -0.098141 0.031641 0.094264 0.058494 0.015485 0.001990 -0.043864 -0.157047 -0.224269 -0.165945 -0.059411 0.023181 0.072864 -0.054080 -0.279267 -0.190819 0.059655 0.111565 0.053910 0.076113 0.084860 0.045766 0.077199 0.121451 0.100522 0.054549 0.030020 0.060015 0.102501 0.038796 -0.043020 -0.041391 0.020616 0.043030 -0.037792 -0.147834 -0.160137 -0.141073 -0.144386 -0.150014 -0.146916 -0.121773 -0.094442 -0.084110 -0.063330 -0.013947 0.049998 0.102080 0.082561 0.004039 -0.094780 -0.153028 -0.124336 -0.145278 -0.160597 -0.019099 0.113093 -0.007366 -0.146037 -0.128476 -0.049963 0.038602 0.070864 -0.001437
0.121608 0.062264 0.029503 -0.014724 -0.082839 -0.116331 -0.083712 -0.044686 -0.026319 -0.030842 -0.027131 0.050625 0.138983 0.151283 0.116645 0.071383 0.044732 0.034218 0.010583 -0.001774 0.063904 0.181981 0.221522 0.160224 0.101893 0.112695 0.232437 0.311624 0.313249 0.372675 0.396559 0.346433 0.347138 0.314056 0.253950 0.186703 0.092135 0.030145 0.004999 -0.061175 -0.094188 -0.002252 0.111177 0.162261 0.109376 -0.056401 -0.197673 -0.177559 -0.080209 0.021382 0.026244 -0.013182 -0.020706 -0.019652 -0.055172 -0.124170 -0.106892 0.065505 0.246042 0.298490 0.189398 0.016765 -0.110711 -0.106399 -0.015415 0.022111 -0.039844 -0.097090 -0.098861 -0.111973 -0.125140 -0.081660 -0.032344 -0.057048 -0.119203 -0.146026 -0.131975 -0.075348 0.034068 0.114869 0.108994 0.027554 -0.028459 0.031252 0.128894 0.145331 0.068819 0.012000 0.061941 0.136466 0.171854 0.190464 0.252238 0.283261 0.181519 0.115588 0.046717 -0.017180 -0.022885 0.004875 0.022707 0.033099 0.016486 -0.021505 -0.029746 0.002421 0.024580 0.039151 0.034910 -0.007492 -0.058473 -0.092013 -0.248630 -1.074051 -1.885099 -1.188130 -0.297659 -0.068522 -0.079546 -0.123375 -0.139133 -0.150050 -0.169090 -0.107222 -0.066909 -0.109143 -0.095263 0.024425 0.083051 0.022014 -0.020167 -0.003280 -0.030864 -0.159029 -0.272211 -0.267210 -0.176420 -0.043581 0.066874 -0.049033 -0.301095 -0.260664 0.009134 0.167240 0.194370 0.276096 0.309620 0.151622 0.056349 0.082876 0.110043 0.093612 0.037322 0.020488 0.052742 -0.000438 -0.073621 -0.067122 -0.018674 0.010560 -0.010846 -0.084457 -0.140927 -0.159871 -0.158575 -0.152907 -0.159046 -0.166682 -0.184569 -0.175541 -0.070129 -0.005913 -0.017332 0.003120 0.020735 -0.037244 -0.127179 -0.171363 -0.128641 -0.116111 -0.130331 -0.129439 -0.120200 -0.095628 -0.094593 -0.076406 -0.004812 0.072294 0.074643 -0.001615
0.177255 0.082292 -0.010539 -0.071082 -0.117865 -0.142763 -0.089302 -0.018722 0.003333 -0.023302 -0.042664 0.017552 0.079267 0.105229 0.132529 0.118436 0.108121 0.098826 0.038947 -0.030168 0.002179 0.120540 0.162986 0.118654 0.122628 0.155887 0.220972 0.253727 0.258709 0.345405 0.417964 0.441226 0.470140 0.341363 0.160752 0.047983 0.009012 0.045464 0.047500 -0.051678 -0.115581 -0.053037 0.005591 0.046910 0.043340 -0.126846 -0.341980 -0.312460 -0.136574 0.032102 0.036680 -0.036814 -0.020556 0.038542 -0.015492 -0.137131 -0.125869 0.025397 0.147452 0.175220 0.109792 0.009170 -0.063570 -0.072545 -0.023172 0.001933 -0.062561 -0.107001 -0.090069 -0.082089 -0.075535 -0.044309 -0.027126 -0.066276 -0.120242 -0.127265 -0.118254 -0.090789 -0.000286 0.090433 0.075181 -0.030089 -0.099899 -0.023024 0.100875 0.164929 0.139731 0.110910 0.138205 0.171091 0.198642 0.244343 0.325845 0.300599 0.142505 0.143857 0.126119 0.054948 0.014583 0.007286 0.039918 0.116350 0.162196 0.092287 -0.013084 -0.041108 0.014767 0.083066 0.086762 0.016262 -0.038369 -0.031499 -0.004091 -0.169056 -0.410556 -0.314203 -0.131903 -0.082497 -0.106292 -0.137110 -0.096922 -0.056601 -0.067768 -0.024805 0.019484 -0.004796 -0.041516 -0.050258 -0.045091 -0.070553 -0.075470 -0.034695 -0.020406 -0.119084 -0.256674 -0.303181 -0.222751 -0.052049 0.092779 0.038061 -0.154704 -0.173643 0.024697 0.213003 0.304806 0.420811 0.479271 0.248125 0.051126 0.062970 0.124195 0.120966 0.040720 -0.003820 0.023963 -0.008757 -0.089132 -0.128811 -0.117469 -0.074116 -0.016770 -0.001957 -0.037284 -0.068283 -0.087543 -0.100798 -0.103473 -0.095124 -0.063918 -0.009860 0.027801 -0.007421 -0.073685 -0.069777 -0.010165 -0.019802 -0.077026 -0.102214 -0.068668 -0.042519 -0.019374 -0.004865 0.000949 0.010844 -0.036762 -0.066535 -0.016655 0.048030 0.047429 -0.000240
0.203914 0.090657 -0.027284 -0.065569 -0.069681 -0.075765 -0.030334 0.013091 0.033676 0.026562 -0.000434 0.018540 0.024145 0.029095 0.091771 0.120344 0.132007 0.114842 0.024994 -0.076732 -0.050921 0.059924 0.058326 -0.001739 0.028019 0.048274 0.069515 0.091834 0.098406 0.168428 0.239056 0.286535 0.283769 0.175488 0.069600 0.026435 0.039548 0.094148 0.100366 0.004803 -0.110763 -0.135067 -0.151694 -0.122871 -0.062098 -0.094739 -0.202116 -0.233281 -0.173897 -0.049852 -0.039808 -0.104467 -0.060471 0.037748 -0.003812 -0.114792 -0.079366 0.055406 0.131396 0.116999 0.025977 -0.024819 -0.029529 -0.042681 -0.057222 -0.081531 -0.133154 -0.106398 -0.025551 0.018055 0.028268 0.016344 -0.009516 -0.046568 -0.069447 -0.053960 -0.045739 -0.036780 0.004212 0.039415 -0.002828 -0.084233 -0.124708 -0.042045 0.058820 0.105997 0.148451 0.212373 0.219720 0.150628 0.129600 0.165167 0.159233 -0.063692 -0.279698 -0.045291 0.149584 0.153028 0.115872 0.074001 0.069953 0.139887 0.209857 0.161246 0.036510 -0.045707 0.015217 0.123351 0.112699 0.018794 -0.038978 -0.049413 -0.007551 0.030181 -0.022535 -0.115644 -0.142148 -0.121537 -0.099748 -0.055315 -0.001521 0.003549 -0.010903 0.034443 0.089513 0.092379 0.015869 -0.102129 -0.133216 -0.108876 -0.105111 -0.081393 -0.020921 -0.019325 -0.079810 -0.115416 -0.059874 0.073952 0.187858 0.148518 -0.005909 -0.051781 0.051937 0.169549 0.236036 0.285242 0.304178 0.156775 0.021764 0.039463 0.103397 0.118953 0.061666 0.005722 0.024226 0.028815 -0.039001 -0.128000 -0.170979 -0.137923 -0.048170 0.016926 0.014441 -0.013441 -0.034618 -0.043841 -0.053097 -0.027229 0.063885 0.140406 0.095681 -0.012269 -0.081941 -0.079201 -0.011608 0.023331 0.021987 0.007442 -0.015311 -0.032760 -0.030896 -0.013375 0.024590 0.041689 -0.014408 -0.049757 -0.014131 0.030411 0.032386 0.006434
0.100875 0.042891 0.006905 0.039000 0.043777 0.019191 0.026514 0.032413 0.078703 0.128849 0.109724 0.081757 0.034654 0.011194 0.068683 0.112547 0.119197 0.087967 -0.000379 -0.090138 -0.042252 0.061894 0.016858 -0.058533 -0.019534 -0.006773 -0.026398 -0.010064 0.016977 0.032876 0.038802 0.060051 0.025394 -0.021103 -0.031668 0.016087 0.124696 0.198374 0.150144 0.013924 -0.090841 -0.105480 -0.172635 -0.198920 -0.114973 -0.040183 -0.039549 -0.097527 -0.140517 -0.099989 -0.071033 -0.086658 -0.063398 0.016721 0.024665 -0.019458 0.021331 0.100780 0.126918 0.080844 -0.062434 -0.119792 -0.094019 -0.060859 -0.060750 -0.125124 -0.158851 -0.070230 0.038937 0.087238 0.068057 0.010574 -0.036588 -0.054884 -0.045871 -0.017444 0.015196 0.040023 0.005716 -0.053642 -0.099160 -0.122131 -0.136265 -0.059164 0.012876 0.004146 0.041449 0.129385 0.121373 0.004292 -0.017368 0.058976 0.026575 -0.342953 -0.633827 -0.253936 0.117318 0.192077 0.158554 0.086916 0.043451 0.068455 0.108329 0.085951 0.012389 -0.043499 0.027414 0.142643 0.103817 -0.011957 -0.068820 -0.094306 -0.074271 -0.003253 -0.021597 -0.135667 -0.163430 -0.094495 -0.017671 0.060551 0.078853 0.020193 -0.000271 0.071954 0.149203 0.156867 0.047099 -0.105431 -0.136947 -0.082901 -0.076816 -0.081486 -0.003953 0.097853 0.128133 0.089017 0.065695 0.117404 0.192660 0.160609 0.065804 0.033727 0.054239 0.076491 0.107203 0.132261 0.120969 0.064458 0.014366 0.008217 0.035386 0.061814 0.047877 0.010860 0.032923 0.094789 0.095445 -0.004654 -0.124894 -0.148704 -0.069101 -0.008374 -0.012329 -0.029489 -0.014687 0.018637 0.006017 0.031272 0.138007 0.181506 0.095645 -0.016695 -0.048767 -0.009758 0.052313 0.089799 0.085768 0.030058 -0.038301 -0.069830 -0.114162 -0.138946 -0.069169 -0.009575 -0.010332 0.010286 0.047184 0.046116 0.012319 -0.032971
0.015414 0.016461 0.066896 0.138858 0.104798 0.036570 0.015766 0.018071 0.102543 0.210092 0.200278 0.119866 0.036444 -0.002336 0.038213 0.097201 0.114910 0.090605 0.033219 -0.011285 0.058432 0.135776 0.067762 -0.014937 0.017019 0.051771 0.038642 0.073667 0.136149 0.067198 -0.038208 -0.050361 -0.059735 -0.123730 -0.288210 -0.344278 -0.056388 0.196146 0.169267 0.009288 -0.057309 -0.014126 -0.073269 -0.125716 -0.055489 -0.018270 -0.061634 -0.100456 -0.108753 -0.078429 -0.041615 -0.040978 -0.049828 0.007028 0.063428 0.059279 0.035121 0.019446 0.023914 0.017587 -0.091253 -0.161570 -0.171342 -0.122799 -0.094540 -0.172068 -0.170332 -0.042854 0.055630 0.067939 0.013052 -0.038704 -0.065193 -0.069453 -0.061915 -0.047726 0.018942 0.083606 0.023380 -0.054193 -0.065063 -0.049775 -0.049816 0.004502 0.033094 -0.013568 -0.017664 0.009749 -0.035540 -0.142936 -0.129939 0.005473 0.061670 -0.143608 -0.340112 -0.148918 0.055628 0.100420 0.086871 0.060440 0.036901 0.003129 -0.030411 -0.047761 -0.059133 -0.053826 0.036311 0.152202 0.115205 0.009534 -0.042224 -0.077290 -0.076536 -0.041853 -0.078137 -0.148910 -0.108588 -0.022922 0.020239 0.067418 0.085130 0.027319 0.002255 0.068822 0.147853 0.171532 0.075821 -0.056989 -0.076621 -0.006417 0.028810 0.010729 0.043048 0.155223 0.216729 0.169191 0.086799 0.059178 0.098192 0.103784 0.093274 0.084884 0.054204 0.026092 0.070037 0.159955 0.180215 0.111571 0.010049 -0.058728 -0.058501 -0.025703 -0.003111 -0.002414 0.036717 0.121758 0.138835 0.042462 -0.094495 -0.153436 -0.098142 -0.059906 -0.067874 -0.049116 -0.012732 0.020326 0.022356 0.064435 0.161557 0.156705 0.062409 -0.033372 -0.065867 -0.003823 0.095459 0.148975 0.095463 -0.019917 -0.070432 -0.051595 -0.107564 -0.176595 -0.116034 -0.070557 -0.036941 0.065091 0.126421 0.066623 -0.053935 -0.163149
0.065437 0.043905 0.061137 0.083178 0.003269 -0.068355 -0.049611 -0.021523 0.061972 0.191130 0.209419 0.108811 0.010101 -0.039338 -0.008992 0.086926 0.148930 0.133433 0.078990 0.042550 0.098476 0.152923 0.110423 0.038745 0.031347 0.067536 0.098161 0.168005 0.232903 0.097465 -0.073897 -0.072496 -0.021058 -0.133188 -0.500150 -0.730292 -0.346384 0.085605 0.161215 0.020175 -0.068961 -0.026076 -0.023641 -0.037609 0.008579 -0.012568 -0.105961 -0.135758 -0.127723 -0.087548 -0.047250 -0.042718 -0.044336 0.013814 0.081640 0.049773 -0.056981 -0.146342 -0.146444 -0.064506 -0.047112 -0.110378 -0.179726 -0.170963 -0.230995 -0.391929 -0.350186 -0.170286 -0.061277 -0.044585 -0.071700 -0.071397 -0.069691 -0.074681 -0.075539 -0.091358 -0.034230 0.069219 0.095949 0.109588 0.128111 0.119986 0.107531 0.118510 0.111456 0.071788 0.022622 -0.036365 -0.125588 -0.206164 -0.159498 -0.016542 0.072221 0.014757 -0.085206 -0.084181 -0.056190 -0.053269 -0.040768 0.022915 0.073804 0.005012 -0.096719 -0.132688 -0.121341 -0.083305 0.004130 0.119036 0.120576 0.051179 -0.003161 -0.038603 -0.054608 -0.093881 -0.152056 -0.162682 -0.056851 0.022575 0.010542 0.021185 0.054638 0.041177 0.023436 0.047136 0.084582 0.105707 0.053555 -0.031149 -0.037636 0.023994 0.082734 0.089821 0.080253 0.154942 0.241746 0.236830 0.128703 0.012721 -0.004332 0.021619 0.048833 0.066177 0.051446 0.033450 0.096822 0.220650 0.282396 0.180953 -0.017628 -0.136168 -0.137873 -0.099706 -0.070228 -0.069223 -0.035963 0.034701 0.033761 -0.038212 -0.135540 -0.181398 -0.149177 -0.140864 -0.146137 -0.112472 -0.082406 -0.058752 -0.026028 0.007471 0.012001 -0.071176 -0.092564 -0.078535 -0.101656 -0.065906 0.057600 0.150889 0.114754 0.025648 0.018429 0.064781 0.030956 -0.050426 -0.075413 -0.134949 -0.106552 0.063321 0.170644 0.100040 -0.073684 -0.223247
0.092392 0.045848 0.015201 -0.034287 -0.156371 -0.210744 -0.126694 -0.046141 0.027016 0.118405 0.139652 0.093104 0.054531 0.015119 0.016961 0.105997 0.175454 0.142395 0.062210 -0.013183 0.004567 0.077731 0.113520 0.073653 0.012096 -0.014832 0.014147 0.112303 0.180976 0.053796 -0.128835 -0.129522 -0.047289 -0.132680 -0.378088 -0.483729 -0.191808 0.138810 0.210695 0.014848 -0.271105 -0.369464 -0.206885 -0.052019 0.009040 -0.009277 -0.075932 -0.106839 -0.135894 -0.118640 -0.066773 -0.027007 -0.015796 0.038892 0.111649 0.032979 -0.148337 -0.287906 -0.286056 -0.135463 -0.011823 -0.053894 -0.154129 -0.170184 -0.315614 -0.566066 -0.518114 -0.296420 -0.159736 -0.116669 -0.093325 -0.049888 -0.048679 -0.075306 -0.078981 -0.103833 -0.088597 0.002337 0.115286 0.207444 0.233632 0.212385 0.202471 0.196776 0.191313 0.164138 0.050259 -0.079861 -0.167081 -0.197450 -0.123087 -0.021945 0.006972 -0.034715 -0.081357 -0.099335 -0.125835 -0.175221 -0.181698 -0.076099 0.048708 0.046052 -0.030572 -0.088329 -0.104467 -0.075160 -0.036321 0.013774 0.027781 0.004635 -0.025008 -0.029166 -0.064899 -0.184095 -0.261012 -0.201069 -0.025830 0.068742 0.028750 0.018659 0.041803 0.035558 0.019605 -0.002922 -0.015438 -0.007952 -0.027940 -0.068571 -0.064788 -0.020704 0.056292 0.118983 0.111632 0.153095 0.256729 0.295982 0.171132 -0.001924 -0.060590 -0.058505 -0.039157 0.022122 0.074858 0.084464 0.128984 0.202467 0.231688 0.142272 -0.044043 -0.147171 -0.134847 -0.095620 -0.096826 -0.124828 -0.111280 -0.064784 -0.045916 -0.065948 -0.133237 -0.163272 -0.137603 -0.128724 -0.132119 -0.146789 -0.138041 -0.099124 -0.063341 -0.080418 -0.183964 -0.334955 -0.272445 -0.104633 -0.047150 -0.039217 0.034756 0.113614 0.118585 0.085608 0.084122 0.115383 0.140046 0.091533 -0.039905 -0.191875 -0.160391 0.025515 0.154528 0.127457 0.006005 -0.086220
0.024951 0.031008 0.012495 -0.052565 -0.153805 -0.196549 -0.134331 -0.056823 0.014848 0.064249 0.054402 0.082137 0.160916 0.165517 0.130029 0.141472 0.126550 0.039697 -0.052241 -0.129936 -0.107979 0.000226 0.091085 0.068807 -0.013902 -0.102083 -0.142386 -0.048080 0.058150 0.016858 -0.139335 -0.186927 -0.104553 -0.136049 -0.221845 -0.142197 0.089975 0.286863 0.279287 -0.088482 -0.951437 -1.509258 -0.858448 -0.142379 0.042005 0.046864 0.008319 -0.019991 -0.043201 -0.052806 -0.016710 0.012906 -0.024497 0.027826 0.147968 0.058980 -0.167500 -0.315261 -0.275372 -0.106193 0.021438 -0.007996 -0.108911 -0.112493 -0.155149 -0.298049 -0.294818 -0.124665 0.001703 0.006512 -0.001945 0.023824 -0.017234 -0.091042 -0.093639 -0.085786 -0.102303 -0.080747 0.024929 0.136255 0.185773 0.227781 0.270462 0.256611 0.232158 0.207712 0.077262 -0.051608 -0.092068 -0.087343 -0.032090 0.003550 -0.019013 -0.040890 -0.006455 0.016151 -0.066481 -0.195215 -0.226815 -0.125057 -0.009548 0.029986 0.026180 0.033375 0.037118 0.029266 -0.020466 -0.082443 -0.102438 -0.080938 -0.050766 -0.021163 -0.069849 -0.217344 -0.316274 -0.229867 -0.020872 0.089108 0.049024 0.040888 0.065443 0.056415 0.020269 -0.057356 -0.100733 -0.078628 -0.063305 -0.064204 -0.061678 -0.037554 0.061563 0.157808 0.140763 0.141533 0.218546 0.260444 0.142130 0.001585 -0.005971 0.018075 0.017630 0.041055 0.090061 0.104742 0.102456 0.108545 0.104502 0.074833 -0.031017 -0.102326 -0.061968 0.003586 -0.016137 -0.063224 -0.072146 -0.064179 -0.032167 -0.010766 -0.062442 -0.105987 -0.085911 -0.041974 -0.020934 -0.040464 -0.024623 -0.001711 -0.038190 -0.127727 -0.219680 -0.296573 -0.212057 -0.035846 0.035836 0.013810 0.029462 0.067644 0.073473 0.015216 -0.052130 -0.033991 0.073183 0.133857 0.044969 -0.112366 -0.120820 -0.004088 0.091016 0.096993 0.051597 0.037481
-0.079529 -0.007305 0.001623 -0.030701 -0.055354 -0.076305 -0.086168 -0.082962 -0.026517 0.038078 0.030173 0.077082 0.196591 0.227635 0.194341 0.161443 0.078707 -0.051544 -0.153839 -0.222935 -0.180219 -0.066498 0.010734 -0.004845 -0.049229 -0.132916 -0.218757 -0.140738 -0.019779 -0.013475 -0.170564 -0.263014 -0.105254 -0.046025 -0.135384 -0.089881 0.086373 0.250086 0.245160 -0.173210 -1.469041 -2.424220 -1.374545 -0.189043 0.086395 0.087524 0.054534 0.061299 0.122857 0.106245 0.059727 0.019614 -0.065313 -0.032421 0.111956 0.060076 -0.147223 -0.249461 -0.166918 -0.025221 0.039213 -0.010260 -0.099558 -0.081261 0.008466 0.027784 0.041664 0.171670 0.259961 0.220390 0.158931 0.127013 0.046955 -0.041053 -0.053492 -0.042378 -0.084812 -0.137517 -0.104464 -0.004674 0.074698 0.190936 0.309824 0.296933 0.235164 0.217780 0.129137 0.050705 0.047185 0.043567 0.038493 0.020206 -0.015116 -0.028500 0.050561 0.117521 0.042687 -0.097905 -0.143763 -0.072508 -0.004402 -0.000659 0.030470 0.139094 0.186757 0.121714 0.009363 -0.077079 -0.105454 -0.070137 -0.020742 0.009589 -0.023260 -0.145438 -0.253394 -0.197485 -0.037819 0.046644 0.035767 0.084668 0.185540 0.212657 0.122464 -0.029404 -0.101997 -0.072883 -0.033669 -0.004043 -0.013663 -0.009683 0.086902 0.175926 0.151420 0.106565 0.130273 0.175799 0.105718 0.027063 0.081549 0.155332 0.143073 0.073939 0.054815 0.070136 0.051898 0.025860 0.028257 0.032351 -0.040043 -0.103024 -0.040362 0.078193 0.099349 0.054402 0.038775 0.035557 0.037539 0.046089 0.011940 -0.035049 -0.024292 0.023916 0.056679 0.081048 0.128010 0.128181 0.038655 -0.089364 -0.152132 -0.154470 -0.070923 0.055131 0.091849 0.052924 0.035002 0.038468 0.018236 -0.104454 -0.229207 -0.209648 -0.080758 0.036989 0.055816 -0.025565 -0.063862 -0.022515 0.005057 -0.006751 -0.018431 -0.000480
-0.119074 -0.057314 -0.039493 -0.019186 0.014933 0.006985 -0.039405 -0.097018 -0.079790 0.009666 0.038986 0.066653 0.151391 0.187794 0.187734 0.187326 0.124091 -0.011505 -0.134246 -0.219238 -0.175110 -0.081105 -0.043169 -0.048583 -0.027625 -0.049791 -0.127286 -0.093448 0.016981 0.044806 -0.133373 -0.271071 -0.061379 0.074677 -0.016820 -0.049951 0.028744 0.129726 0.158469 -0.035729 -0.851063 -1.485803 -0.818829 -0.072470 0.059487 0.032219 0.000858 0.016491 0.126789 0.150781 0.081869 0.044898 -0.000492 -0.014114 0.061798 0.031300 -0.117250 -0.155739 -0.051722 0.050878 0.050096 -0.015484 -0.069162 -0.045980 0.043145 0.084763 0.120852 0.249218 0.321834 0.306667 0.283007 0.233409 0.135875 0.056998 0.028206 0.008656 -0.065305 -0.167129 -0.183450 -0.070222 0.033283 0.138972 0.249789 0.246446 0.197337 0.202641 0.161471 0.117018 0.108566 0.079385 0.030771 -0.006503 -0.054087 -0.113408 -0.064862 0.043345 0.078879 0.032688 0.003023 0.042880 0.072554 0.008391 0.010616 0.132751 0.159262 0.051373 -0.017158 0.036899 0.073412 0.068816 0.056199 0.054271 0.027264 -0.087912 -0.191370 -0.156329 -0.077754 -0.039934 0.000157 0.105996 0.261987 0.303341 0.175205 0.021879 -0.048705 -0.032622 -0.005950 0.002371 -0.036652 -0.024095 0.070230 0.146839 0.147578 0.073658 0.023386 0.063011 0.073020 0.029123 0.040272 0.108843 0.123259 0.044309 0.003054 0.031017 0.035750 0.007493 0.021434 0.028567 -0.040224 -0.079486 -0.000025 0.097923 0.100624 0.051992 0.077324 0.136308 0.110535 0.077914 0.061691 0.035804 0.063385 0.103520 0.114488 0.139405 0.183035 0.202798 0.118104 -0.036506 -0.104647 -0.098925 -0.036379 0.074967 0.133787 0.129894 0.102055 0.063316 0.012295 -0.107301 -0.199671 -0.201469 -0.164133 -0.117013 -0.060554 -0.026678 -0.010539 0.005365 -0.045875 -0.101979 -0.064567 0.007446
-0.090278 -0.103469 -0.092052 -0.022713 0.038091 0.038831 0.004110 -0.054812 -0.060792 0.007138 0.019237 -0.016122 0.010588 0.068688 0.115902 0.176266 0.164443 0.042683 -0.057473 -0.132033 -0.117630 -0.055441 -0.018758 -0.005243 0.039728 0.047960 -0.009092 -0.005695 0.087777 0.157444 0.061931 -0.038641 0.104621 0.189908 0.107239 0.057869 0.082277 0.123260 0.135995 0.116507 -0.141880 -0.401162 -0.253282 -0.053005 -0.033397 -0.028690 -0.019066 -0.042477 -0.007389 0.037309 0.039424 0.086446 0.135631 0.122388 0.096093 0.028157 -0.076017 -0.084837 0.007292 0.075353 0.056815 0.038142 0.053547 0.039275 0.040509 0.039922 0.051283 0.150826 0.232562 0.282557 0.331146 0.272308 0.139240 0.063066 0.040720 0.006057 -0.075976 -0.179073 -0.184866 -0.039362 0.049360 0.047658 0.086272 0.128062 0.150572 0.185956 0.182035 0.136446 0.075937 0.024497 -0.018756 -0.052923 -0.124583 -0.233163 -0.236971 -0.121564 0.005909 0.068403 0.095927 0.123537 0.114218 0.016662 0.000836 0.089252 0.063645 -0.064057 -0.070306 0.120218 0.238040 0.209449 0.136864 0.082275 0.024208 -0.067508 -0.133062 -0.132907 -0.132789 -0.120888 -0.056764 0.020242 0.130825 0.164828 0.078393 0.007701 -0.009010 -0.021048 -0.047908 -0.082924 -0.123198 -0.075836 0.008804 0.069143 0.102582 0.030081 -0.074823 -0.066080 -0.002992 -0.007392 -0.056690 -0.044829 -0.003863 -0.010259 -0.020127 -0.006781 0.010069 -0.009021 -0.008639 0.005601 -0.021062 0.009932 0.123903 0.162364 0.111068 0.048860 0.091436 0.192799 0.147880 0.068407 0.045023 0.039026 0.097997 0.146713 0.151460 0.171057 0.200283 0.232545 0.139555 -0.026508 -0.065145 -0.062576 -0.058664 0.030381 0.130912 0.231700 0.289189 0.190279 0.069944 -0.003926 -0.051752 -0.110550 -0.201855 -0.252472 -0.181427 -0.056462 0.016559 0.034503 -0.036027 -0.105631 -0.061805 0.009956
-0.049766 -0.122634 -0.133343 -0.049814 0.015444 0.030652 0.028674 -0.001969 -0.002875 0.022898 -0.011775 -0.132450 -0.191639 -0.087897 0.013661 0.090983 0.130339 0.076162 0.023503 -0.057091 -0.103473 -0.059293 0.022298 0.065301 0.087743 0.080024 0.038846 0.029443 0.052995 0.071601 0.036645 0.023123 0.150951 0.208951 0.148714 0.123999 0.159263 0.203990 0.187393 0.170698 0.058452 -0.143664 -0.206308 -0.154266 -0.099766 -0.022035 0.035637 -0.040276 -0.135603 -0.112838 -0.033231 0.076149 0.172149 0.190720 0.119636 0.002710 -0.087249 -0.100911 -0.047869 0.019957 0.097756 0.264386 0.387990 0.225973 0.060085 0.018006 -0.000763 0.044835 0.144438 0.253553 0.304967 0.197154 0.049987 0.002275 0.011903 -0.015652 -0.079593 -0.145009 -0.120515 0.016547 0.033870 -0.100245 -0.137285 -0.070686 0.015120 0.107952 0.168364 0.132160 0.027081 -0.053790 -0.086638 -0.096854 -0.158191 -0.256221 -0.278251 -0.188996 -0.056630 0.017262 0.052816 0.078604 0.075433 0.027591 0.019564 0.052245 0.001606 -0.084714 -0.069157 0.093626 0.195514 0.174035 0.113403 0.035555 -0.040107 -0.052993 -0.053259 -0.098361 -0.146805 -0.152243 -0.129180 -0.103153 -0.016041 0.056465 0.046799 0.014981 0.019804 -0.013705 -0.072108 -0.125794 -0.167618 -0.142180 -0.109609 -0.059139 0.004479 -0.048977 -0.147875 -0.157363 -0.093484 -0.049147 -0.074012 -0.104408 -0.094912 -0.054994 -0.027653 -0.034495 -0.023848 -0.044647 -0.078064 -0.065267 -0.043192 0.053553 0.190366 0.223886 0.200610 0.133961 0.091592 0.113943 0.056462 -0.020764 -0.048255 -0.035552 0.067652 0.157315 0.181688 0.180517 0.175924 0.168164 0.063457 -0.034659 0.000441 0.014553 -0.039577 -0.030618 0.046886 0.238537 0.404985 0.284943 0.130855 0.098184 0.057597 -0.037671 -0.211260 -0.335833 -0.256561 -0.106733 -0.062513 -0.047324 -0.036530 -0.073010 -0.107961 -0.117455
0.001823 -0.107961 -0.154424 -0.078312 -0.022751 -0.000302 0.032897 0.049299 0.077811 0.067917 0.011322 -0.130746 -0.240826 -0.115653 0.004146 0.029594 0.078135 0.089808 0.063124 -0.013383 -0.094072 -0.082437 0.008201 0.081929 0.094438 0.074125 0.035571 -0.013089 -0.067215 -0.120709 -0.142517 -0.097240 0.044641 0.131844 0.128023 0.138201 0.181204 0.218935 0.176981 0.109650 0.009702 -0.141555 -0.206437 -0.196448 -0.150770 -0.061672 -0.002907 -0.076670 -0.188799 -0.178646 -0.090094 0.011182 0.092982 0.125233 0.066576 -0.045614 -0.120996 -0.170261 -0.182954 -0.101610 0.091402 0.434402 0.658159 0.384262 0.056945 -0.069106 -0.097899 -0.046744 0.092311 0.204455 0.186208 0.058229 -0.038440 -0.038524 0.002941 -0.005232 -0.041687 -0.059640 -0.013916 0.088422 0.062543 -0.130270 -0.239681 -0.220553 -0.137083 -0.029448 0.044548 0.020322 -0.055669 -0.101427 -0.082160 -0.051824 -0.114257 -0.205016 -0.215818 -0.146745 -0.051839 -0.029231 -0.023092 0.023985 0.076543 0.092949 0.069750 0.033105 -0.015593 -0.028431 0.013044 0.094366 0.098678 0.024201 -0.038868 -0.068868 -0.068415 -0.004894 0.000535 -0.076422 -0.124681 -0.128323 -0.120556 -0.098469 -0.036833 0.017254 0.033776 0.010720 0.003586 -0.018727 -0.056475 -0.102274 -0.145434 -0.159317 -0.178019 -0.134160 -0.060464 -0.087538 -0.119424 -0.104732 -0.075475 -0.038735 -0.037042 -0.093217 -0.135513 -0.096966 -0.060731 -0.058313 -0.020177 -0.012671 -0.021080 -0.000905 -0.000132 0.055098 0.155351 0.209130 0.226116 0.158010 0.052484 0.026157 -0.006989 -0.059459 -0.085042 -0.066517 0.058954 0.184848 0.213632 0.171947 0.159849 0.132641 -0.002431 -0.078837 0.002091 0.050611 -0.015447 -0.073176 -0.038128 0.128566 0.271384 0.196918 0.107908 0.115337 0.109611 0.042568 -0.141268 -0.307347 -0.280253 -0.183946 -0.238288 -0.267432 -0.145981 -0.116930 -0.211463 -0.283757
0.009728 -0.118594 -0.174702 -0.114767 -0.079609 -0.053775 0.002778 0.056630 0.097423 0.058463 0.011523 -0.039131 -0.074442 0.013852 0.071946 0.031640 0.028922 0.012335 -0.010331 -0.017661 -0.047551 -0.072276 -0.063743 -0.024599 -0.010174 0.004956 0.004436 -0.048005 -0.097807 -0.151619 -0.173184 -0.115754 0.002498 0.096500 0.137942 0.152193 0.140453 0.112978 0.048043 -0.033982 -0.085579 -0.103976 -0.088266 -0.118286 -0.129480 -0.078062 -0.047948 -0.081981 -0.133362 -0.140432 -0.101440 -0.039905 0.020164 0.045539 0.012489 -0.048763 -0.098534 -0.177029 -0.228502 -0.149247 0.033891 0.290757 0.469456 0.310544 0.053381 -0.103022 -0.129277 -0.067782 0.022881 0.077451 0.040179 -0.052907 -0.079767 -0.023805 -0.006414 -0.040107 -0.039738 0.006032 0.063128 0.129836 0.114963 -0.038480 -0.155634 -0.171489 -0.124652 -0.076227 -0.073280 -0.112026 -0.130468 -0.100884 -0.019686 0.033439 -0.049531 -0.168610 -0.160726 -0.098837 -0.052575 -0.056414 -0.052423 0.005889 0.086005 0.129942 0.120011 0.066626 0.026756 0.047290 0.102064 0.144848 0.081579 -0.061000 -0.157200 -0.112661 0.019959 0.102746 0.030625 -0.069323 -0.100385 -0.093542 -0.053830 0.006873 0.044035 0.026684 0.006471 -0.024292 -0.051905 -0.056729 -0.059282 -0.073436 -0.089494 -0.126570 -0.175330 -0.140612 -0.079243 -0.071340 -0.034346 0.020409 0.035554 0.023575 -0.026440 -0.127463 -0.172120 -0.124225 -0.096275 -0.091997 -0.034259 0.029596 0.092998 0.127220 0.071602 0.024567 0.072702 0.156021 0.193525 0.131339 0.027506 0.027657 0.050640 0.010946 -0.016631 -0.011548 0.061782 0.173674 0.185077 0.112828 0.124964 0.131525 -0.005955 -0.125933 -0.077211 -0.006693 -0.043489 -0.118964 -0.100432 0.036997 0.139790 0.107337 0.067696 0.084222 0.115092 0.098860 -0.051824 -0.250127 -0.309852 -0.263465 -0.337320 -0.392937 -0.246233 -0.194478 -0.274317 -0.324571
-0.050738 -0.159777 -0.184396 -0.158971 -0.173695 -0.150003 -0.077934 -0.019754 -0.003759 -0.045383 -0.057285 -0.031674 0.002712 0.054717 0.076230 0.046340 0.013496 -0.067760 -0.120667 -0.093001 -0.056862 -0.041688 -0.080909 -0.129453 -0.138407 -0.072724 0.001307 0.009272 -0.001544 -0.048975 -0.091306 -0.059670 0.025510 0.116075 0.178140 0.182590 0.096948 -0.007105 -0.080179 -0.127711 -0.092454 -0.018743 0.011666 -0.037740 -0.056891 -0.011472 0.007528 -0.025390 -0.070938 -0.105868 -0.087518 -0.033309 0.017804 0.044950 0.031837 0.013661 -0.005812 -0.078473 -0.118151 -0.013289 0.120120 0.171564 0.214805 0.164375 0.043908 -0.017908 0.076780 0.184818 0.077098 -0.028497 -0.065468 -0.159758 -0.149296 0.011675 -0.005231 -0.125061 -0.114387 -0.007979 0.074124 0.114103 0.097889 0.010927 -0.047073 -0.054749 -0.043213 -0.053476 -0.114881 -0.171916 -0.141980 -0.073218 -0.020191 0.021239 -0.004078 -0.079913 -0.046698 -0.015227 -0.024924 -0.030413 -0.033030 -0.009363 0.043317 0.086056 0.119375 0.106268 0.086184 0.094986 0.115020 0.133209 0.085704 -0.026638 -0.106544 -0.034152 0.142174 0.205741 0.081462 -0.038633 -0.095270 -0.108769 -0.045001 0.056655 0.082281 0.005795 -0.072493 -0.116672 -0.141509 -0.126792 -0.086516 -0.055580 -0.059169 -0.106620 -0.141006 -0.103583 -0.060244 -0.048371 -0.001528 0.068096 0.099664 0.086352 0.008958 -0.108599 -0.146837 -0.092751 -0.066965 -0.092092 -0.078452 -0.003413 0.087158 0.110222 0.020361 -0.061629 -0.009420 0.096893 0.127597 0.054586 -0.043396 -0.027674 0.027947 -0.003561 -0.010414 0.016199 0.050946 0.125699 0.098299 0.004808 0.036924 0.105532 0.040656 -0.094073 -0.125019 -0.068942 -0.076164 -0.154555 -0.163477 -0.018748 0.124974 0.118970 0.078523 0.103796 0.157510 0.149611 0.004168 -0.209122 -0.304982 -0.243534 -0.193254 -0.183657 -0.118104 -0.148259 -0.217648 -0.212775
-0.095358 -0.178986 -0.173252 -0.167602 -0.209548 -0.181741 -0.110031 -0.069797 -0.087199 -0.116397 -0.079240 -0.017756 0.006313 -0.016623 -0.026514 0.011152 0.032820 -0.037130 -0.106692 -0.100722 -0.054998 -0.004176 -0.030829 -0.110005 -0.131633 -0.049135 0.059201 0.096935 0.071966 0.010404 -0.020239 -0.007322 0.026694 0.097259 0.171446 0.197798 0.123224 0.006805 -0.074106 -0.081300 0.009279 0.071986 0.035031 -0.035363 -0.040543 0.015782 0.034891 -0.004045 -0.066373 -0.133688 -0.129532 -0.079800 -0.024056 0.055623 0.073276 0.062131 0.056065 0.002529 -0.009576 0.135776 0.268470 0.214764 0.165217 0.124655 0.063288 0.090734 0.298128 0.458090 0.211960 -0.034186 -0.134487 -0.275981 -0.265820 -0.047190 -0.045161 -0.178282 -0.160611 -0.055832 0.010807 0.025303 0.021235 0.037392 0.089190 0.089858 0.031835 -0.023793 -0.081743 -0.129467 -0.096042 -0.056359 -0.082975 -0.057282 0.028080 0.064516 0.093643 0.058663 0.005718 0.000146 -0.008260 0.001830 0.040494 0.058144 0.086665 0.097916 0.104008 0.106192 0.085609 0.078283 0.067187 0.027635 -0.000893 0.050254 0.159599 0.213224 0.142794 0.036883 -0.053635 -0.104496 -0.068816 0.008156 -0.003824 -0.111078 -0.209428 -0.226165 -0.199978 -0.158606 -0.083033 -0.033668 -0.076843 -0.118697 -0.094855 -0.042409 -0.019574 -0.029686 -0.000633 0.051713 0.089687 0.126355 0.090064 -0.021233 -0.081639 -0.014231 0.040312 0.003697 -0.021990 0.024213 0.081498 0.061751 -0.040193 -0.098141 -0.041711 0.023206 0.009870 -0.066624 -0.151538 -0.146174 -0.068185 -0.046619 -0.037123 -0.005333 0.051692 0.114026 0.076088 -0.013136 -0.025063 0.031630 0.030641 -0.072256 -0.146619 -0.118881 -0.116913 -0.168383 -0.176855 -0.037741 0.140223 0.147167 0.096213 0.151692 0.213762 0.170073 0.012337 -0.168476 -0.234231 -0.160237 -0.043519 0.024327 0.066259 0.009426 -0.072571 -0.071764
-0.057048 -0.102904 -0.073291 -0.056849 -0.081283 -0.067009 -0.054562 -0.063775 -0.111923 -0.137619 -0.053873 0.048748 0.057605 -0.031409 -0.082819 -0.022959 0.037643 0.023976 -0.009408 -0.018940 -0.000904 0.015640 -0.014485 -0.069225 -0.078744 -0.007132 0.085076 0.106441 0.051112 -0.025425 -0.042678 -0.016976 -0.002436 0.030046 0.069135 0.097287 0.102202 0.062801 0.005757 0.028247 0.112523 0.114850 0.041172 -0.005187 0.013342 0.047751 0.035961 -0.005362 -0.071590 -0.157543 -0.179131 -0.157687 -0.126557 -0.024079 0.042186 0.043360 0.016800 -0.048816 -0.063301 0.079508 0.250626 0.235883 0.166283 0.129441 0.107646 0.138321 0.226598 0.278587 0.116394 -0.044260 -0.166675 -0.310092 -0.276184 -0.095241 -0.091328 -0.160554 -0.119743 -0.062934 -0.045408 -0.063793 -0.058903 0.045863 0.196053 0.205487 0.082187 -0.011091 -0.014478 -0.002852 0.002588 -0.036921 -0.140316 -0.156245 -0.040626 0.085251 0.133860 0.062063 -0.000611 0.013608 0.016783 0.047457 0.108538 0.091244 0.063193 0.059046 0.065738 0.044060 -0.002292 -0.007550 0.013779 0.032406 0.048269 0.075335 0.105121 0.143917 0.149325 0.102205 0.042334 -0.009700 -0.023327 -0.027598 -0.089933 -0.182879 -0.239978 -0.215105 -0.147807 -0.096986 -0.035200 -0.018273 -0.103026 -0.129087 -0.062696 -0.004118 -0.002096 -0.025311 0.000280 0.019341 0.003852 0.047536 0.072511 0.001558 -0.043781 0.049335 0.126577 0.110294 0.082744 0.101942 0.129858 0.074388 -0.025334 -0.044163 -0.005337 -0.012178 -0.055665 -0.090166 -0.143316 -0.183812 -0.137373 -0.035190 0.019072 0.013298 0.057991 0.135619 0.161755 0.108675 -0.004076 -0.058056 -0.055474 -0.092004 -0.131951 -0.120451 -0.127907 -0.156390 -0.145323 -0.032906 0.123134 0.119841 0.059894 0.121219 0.167448 0.115563 -0.005891 -0.120199 -0.143444 -0.101826 -0.049651 0.011013 0.105876 0.106991 0.013244 -0.041775
0.002070 0.019093 0.067580 0.077296 0.048253 0.018572 -0.028295 -0.048262 -0.077184 -0.098777 -0.030679 0.059843 0.069950 0.002645 -0.034588 -0.011890 0.003855 -0.001323 -0.008030 -0.016516 -0.011685 -0.017871 -0.037599 -0.053793 -0.048637 -0.009993 0.042254 0.058885 0.012857 -0.053428 -0.075877 -0.060567 -0.049204 -0.031940 -0.027898 -0.029337 -0.009423 -0.015604 -0.033542 0.011381 0.070711 0.059195 0.023711 0.034187 0.076190 0.080336 0.042485 -0.012376 -0.095604 -0.163299 -0.157992 -0.118049 -0.098560 -0.053427 0.009013 0.036744 -0.009080 -0.110417 -0.163143 -0.065891 0.135950 0.199182 0.157765 0.146645 0.117143 0.105625 0.069942 0.024589 -0.012337 -0.041130 -0.136442 -0.279154 -0.252952 -0.120037 -0.091979 -0.094816 -0.071344 -0.067008 -0.060505 -0.072152 -0.071886 -0.007261 0.101431 0.133844 0.060189 -0.013799 0.014691 0.062837 0.056028 -0.027747 -0.177199 -0.240285 -0.159639 -0.013341 0.061563 0.009381 -0.000596 0.060078 0.068991 0.092619 0.152539 0.116109 0.038210 -0.001960 -0.016600 -0.073880 -0.125429 -0.095531 -0.046784 -0.006905 0.038697 0.069191 0.065036 0.094875 0.125520 0.108013 0.085460 0.044952 0.019356 0.001344 -0.050113 -0.094623 -0.090700 -0.062362 -0.046638 -0.044511 -0.020674 -0.018035 -0.073350 -0.086917 -0.049232 0.001626 0.018263 -0.006034 -0.005229 -0.017801 -0.075807 -0.051798 0.017178 -0.007453 -0.038300 0.044699 0.134161 0.150076 0.105767 0.102837 0.141034 0.091315 0.003627 0.022216 0.071032 0.020782 -0.044465 -0.037428 -0.061500 -0.154972 -0.182461 -0.077392 -0.002738 -0.029579 -0.000624 0.096690 0.174224 0.138810 0.008020 -0.079067 -0.087145 -0.074822 -0.057709 -0.037299 -0.060575 -0.097309 -0.083540 -0.016038 0.078103 0.063012 0.002859 0.032175 0.060802 0.044008 -0.000439 -0.045253 -0.063148 -0.082490 -0.118241 -0.098333 0.012857 0.061761 -0.018426 -0.098443
-0.008146 0.047315 0.086625 0.070372 0.031867 -0.013699 -0.063240 -0.052015 -0.029572 -0.044874 -0.052141 -0.026133 -0.004705 -0.014663 0.004766 0.025496 -0.006892 -0.065785 -0.114122 -0.123306 -0.113686 -0.114348 -0.086623 -0.028580 0.013080 0.001523 -0.012898 0.015192 0.011527 -0.024388 -0.036799 -0.053124 -0.072664 -0.057251 -0.039733 -0.045420 -0.070864 -0.105086 -0.084275 -0.013001 0.017062 0.009487 0.022850 0.075942 0.109116 0.074667 0.038822 -0.014004 -0.126454 -0.183994 -0.137632 -0.049327 0.028982 0.053592 0.065858 0.087247 0.050455 -0.034479 -0.095926 -0.101418 0.003205 0.098205 0.162078 0.222251 0.146148 0.084485 0.030662 -0.028022 -0.039578 -0.044136 -0.091780 -0.187471 -0.180131 -0.104000 -0.034594 0.030250 0.010347 -0.053048 -0.059799 -0.052198 -0.052613 -0.070217 -0.057856 0.010037 0.036229 -0.000615 0.014688 0.045716 0.039819 -0.028362 -0.151812 -0.208338 -0.168165 -0.067196 -0.000523 -0.016505 0.022326 0.105852 0.114089 0.085477 0.073880 0.022032 -0.053229 -0.091242 -0.083298 -0.123788 -0.167559 -0.128624 -0.076187 -0.032465 0.036456 0.078991 0.068321 0.100983 0.111316 0.054453 0.020221 -0.010021 -0.020414 0.024235 0.062180 0.076275 0.105005 0.117988 0.055562 -0.012109 0.002590 0.018773 0.001325 0.003097 -0.004720 0.014468 0.044673 0.026074 -0.007972 -0.039964 -0.066070 -0.008979 0.063431 0.019800 -0.044662 0.001538 0.093989 0.118463 0.038828 0.011181 0.053787 0.023578 -0.044966 -0.013572 0.065863 0.045478 0.011173 0.046854 0.036393 -0.083855 -0.171529 -0.135736 -0.107903 -0.143261 -0.109099 0.004559 0.089640 0.031111 -0.046208 -0.054581 -0.037702 0.001988 0.041125 0.059014 0.038180 -0.003338 -0.014586 0.008897 0.064717 0.073719 0.021764 -0.011778 0.000403 0.033026 0.042329 0.024998 -0.015648 -0.081657 -0.152589 -0.154294 -0.083311 -0.051714 -0.093812 -0.128596
-0.070410 0.009222 0.050044 0.026081 -0.018154 -0.060386 -0.085446 -0.059853 -0.026884 -0.043263 -0.090854 -0.078770 -0.029378 -0.016734 0.003944 0.033434 0.016875 -0.052895 -0.137060 -0.152736 -0.157967 -0.188478 -0.137385 -0.012636 0.068293 0.031623 -0.045095 -0.063775 -0.080770 -0.089091 -0.022929 -0.004873 -0.038443 -0.025477 -0.002370 -0.008789 -0.047465 -0.081805 -0.048994 0.025793 0.040125 0.007022 0.012683 0.071932 0.089248 0.039635 0.020422 -0.005217 -0.106889 -0.171635 -0.134929 -0.036873 0.108266 0.189065 0.181365 0.158546 0.117080 0.071700 0.034637 -0.043419 -0.051076 0.053050 0.184460 0.254369 0.160990 0.072334 0.018393 -0.015987 -0.036180 -0.064209 -0.077328 -0.083803 -0.048278 -0.008613 0.073296 0.179909 0.128361 -0.001765 -0.042921 -0.018602 -0.003529 -0.054601 -0.099543 -0.025545 0.029680 -0.013933 -0.027507 0.005498 0.037112 0.015709 -0.050749 -0.085625 -0.078146 -0.027943 0.029872 0.043252 0.065060 0.108491 0.107138 0.053339 -0.008003 -0.068063 -0.119724 -0.123703 -0.077514 -0.076809 -0.099672 -0.089268 -0.067206 -0.005772 0.084265 0.113635 0.089849 0.115825 0.106380 0.027627 -0.026929 -0.073524 -0.093812 -0.000231 0.138107 0.209841 0.218938 0.193903 0.084305 -0.001850 0.053428 0.084541 0.041902 0.037760 0.019741 0.015672 0.043230 0.042381 0.005996 -0.033492 -0.027128 0.061995 0.114019 0.035364 -0.056799 -0.027982 0.060778 0.081007 0.000932 -0.029835 -0.008129 -0.044798 -0.103111 -0.106460 -0.044802 -0.005546 0.043793 0.099008 0.079684 -0.024347 -0.116966 -0.145550 -0.159101 -0.168350 -0.131028 -0.020648 0.064985 -0.001908 -0.045130 -0.012875 0.007645 0.042643 0.071949 0.076993 0.095623 0.076297 0.014935 0.002282 0.058669 0.098818 0.059694 -0.000307 0.010426 0.058989 0.064848 0.036946 -0.013210 -0.086896 -0.151043 -0.150465 -0.120805 -0.129802 -0.138391 -0.112375
-0.060229 0.008452 0.028779 -0.010763 -0.044670 -0.053078 -0.051751 -0.046602 -0.049350 -0.071844 -0.111307 -0.069065 -0.000112 0.000696 -0.036691 -0.039323 -0.001157 -0.003671 -0.037777 -0.026511 -0.057932 -0.143983 -0.121313 -0.011724 0.059000 0.039686 -0.050525 -0.152531 -0.283057 -0.324757 -0.119864 0.025903 0.020688 0.032210 0.040859 0.020418 0.004208 -0.011970 -0.033093 -0.010913 0.026207 0.010764 -0.011250 0.019726 0.035756 0.014208 0.016244 0.013014 -0.052158 -0.124002 -0.120530 -0.024569 0.190004 0.350039 0.300968 0.200353 0.119425 0.077908 0.067496 0.016232 0.002850 0.100378 0.204201 0.222638 0.136980 0.042850 -0.000355 0.021082 0.017472 -0.035032 -0.059468 -0.038416 -0.000521 0.044590 0.143812 0.259858 0.231629 0.108761 0.036250 0.042544 0.050407 -0.010670 -0.076472 -0.024156 -0.003977 -0.075869 -0.100682 -0.040473 0.030090 0.039313 0.007552 -0.021142 -0.022497 0.020753 0.089155 0.117470 0.112511 0.106442 0.076436 0.033681 -0.005432 -0.058919 -0.118495 -0.118896 -0.062360 -0.031171 -0.016198 -0.027434 -0.051476 0.000072 0.082625 0.120961 0.116986 0.120918 0.111133 0.089966 0.067511 0.002132 -0.058686 -0.012410 0.107553 0.183965 0.167531 0.104129 0.016006 -0.024426 0.035471 0.053270 -0.007291 -0.015387 -0.012983 -0.003502 0.021150 0.020143 -0.002467 -0.023746 -0.000113 0.090287 0.119987 0.022489 -0.065940 -0.017251 0.064746 0.075261 0.016217 -0.011204 -0.009524 -0.034526 -0.067279 -0.099274 -0.089275 -0.043610 0.046195 0.089692 0.053492 0.003141 -0.055581 -0.127284 -0.150112 -0.104068 -0.068419 0.000729 0.069699 0.026878 -0.001980 0.022308 0.002423 -0.011551 0.023167 0.043281 0.085694 0.083831 0.011904 -0.011598 0.038440 0.084834 0.049803 -0.003400 0.016212 0.049179 0.036844 0.014970 -0.013296 -0.078817 -0.136315 -0.130623 -0.121245 -0.133747 -0.102475 -0.043424
-0.009003 0.041022 0.031620 -0.046637 -0.062485 -0.005910 -0.001438 -0.073647 -0.144772 -0.165374 -0.160168 -0.074372 0.010983 0.000422 -0.070336 -0.099096 -0.041245 0.005723 0.038708 0.072978 0.015260 -0.083090 -0.077193 -0.022914 0.027584 0.052664 -0.002359 -0.134409 -0.354309 -0.474139 -0.249020 -0.034906 0.009908 0.037089 0.041986 0.015257 0.019613 0.024717 -0.046633 -0.086691 -0.032228 0.013772 0.009851 0.019465 0.025182 0.017565 0.026973 0.022770 -0.034946 -0.113224 -0.125108 0.004526 0.415344 0.752494 0.521923 0.216905 0.070776 0.022009 0.067161 0.104804 0.107321 0.137421 0.155073 0.120639 0.081659 0.057875 0.077984 0.142494 0.136196 0.010039 -0.086100 -0.097316 -0.112433 -0.063648 0.068292 0.207815 0.264316 0.215355 0.124790 0.068888 0.030521 -0.029659 -0.064310 -0.012528 -0.011667 -0.077856 -0.100166 -0.049103 0.010057 0.013163 -0.017910 -0.061070 -0.074268 -0.012532 0.085562 0.113375 0.091932 0.071406 0.039537 0.014025 -0.018937 -0.084915 -0.139383 -0.119226 -0.052492 -0.020170 0.005858 -0.008841 -0.058845 -0.064264 -0.029341 0.041077 0.113022 0.142497 0.171583 0.232689 0.246823 0.176630 0.086521 0.036229 0.025868 0.033041 -0.003267 -0.069207 -0.069718 -0.019817 0.006066 -0.024961 -0.060505 -0.036159 -0.019608 -0.007969 -0.006562 -0.046084 -0.078404 -0.074025 -0.020306 0.069999 0.079441 -0.010046 -0.041794 0.040021 0.092374 0.077303 0.024970 -0.028528 -0.046527 -0.006260 0.037913 0.023975 -0.011377 -0.011545 0.060873 0.083489 0.038405 0.022412 -0.026518 -0.120489 -0.122036 -0.032929 0.009785 0.031361 0.036274 -0.021483 -0.046340 0.001821 -0.024501 -0.074438 -0.015424 0.035734 0.072574 0.058048 -0.009832 -0.033034 0.011120 0.061764 0.038437 0.003797 0.025729 0.035783 0.013847 0.012917 0.023202 -0.007034 -0.042196 -0.044888 -0.059486 -0.083593 -0.057557 -0.023718
-0.054002 0.017343 0.014923 -0.095175 -0.113039 -0.017018 -0.014681 -0.134322 -0.229589 -0.238989 -0.201477 -0.084332 0.023119 0.012266 -0.067689 -0.106076 -0.065466 -0.021305 0.025973 0.055372 0.007658 -0.043418 -0.029500 -0.012701 0.023922 0.056899 0.045617 -0.020138 -0.178154 -0.325308 -0.273817 -0.165937 -0.100991 -0.032756 0.001850 -0.018600 -0.024967 0.006203 -0.033351 -0.098977 -0.062547 0.039482 0.082711 0.077666 0.054956 0.031853 0.042042 0.030768 -0.056216 -0.148591 -0.174352 -0.025524 0.569909 1.090174 0.696833 0.181613 0.010600 0.017499 0.132915 0.220146 0.217264 0.178279 0.106775 0.039625 0.048187 0.102274 0.177669 0.241164 0.214253 0.011933 -0.158632 -0.166395 -0.172065 -0.117877 0.003138 0.129786 0.220052 0.228411 0.155610 0.057970 -0.022477 -0.044269 0.000413 0.063196 0.060602 0.017908 -0.015599 -0.013550 0.007203 -0.007821 -0.036789 -0.092863 -0.129869 -0.049620 0.068222 0.064680 -0.006368 -0.016710 0.038993 0.069692 -0.007096 -0.139487 -0.173204 -0.105856 -0.032342 -0.002701 0.028725 -0.002851 -0.077502 -0.141289 -0.169504 -0.110232 0.011911 0.124444 0.251939 0.360474 0.354480 0.264274 0.165400 0.077866 -0.018694 -0.052455 -0.072726 -0.126458 -0.098178 -0.005042 0.010891 -0.034104 -0.026791 0.030990 0.047141 0.033249 -0.015608 -0.096014 -0.139185 -0.116471 -0.047037 0.013868 0.006559 -0.039257 -0.020234 0.051730 0.088370 0.073011 0.024792 -0.046214 -0.086204 -0.020795 0.078010 0.098049 0.044646 0.013666 0.040131 0.032850 -0.005073 -0.002521 -0.038982 -0.114205 -0.098002 -0.001413 0.084619 0.091467 0.006653 -0.086355 -0.080329 0.036061 0.064952 0.022189 0.054112 0.091873 0.114263 0.066295 -0.033885 -0.055964 0.018066 0.087336 0.080327 0.062203 0.071858 0.055490 0.027481 0.049943 0.095651 0.101150 0.076881 0.049177 0.032096 0.009501 -0.029809 -0.100890
-0.076713 -0.030473 -0.042589 -0.142977 -0.136803 -0.033508 -0.038425 -0.131825 -0.181424 -0.188225 -0.166224 -0.062036 0.053649 0.061903 -0.010011 -0.064479 -0.074182 -0.054511 -0.008867 0.019749 0.026698 0.033149 0.025373 0.009445 0.026180 0.030631 0.031937 0.039619 -0.023663 -0.163287 -0.248448 -0.237155 -0.173289 -0.088465 -0.030541 -0.027670 -0.052707 -0.028423 -0.026741 -0.093042 -0.072582 0.060807 0.118696 0.089354 0.058300 0.033760 0.036526 0.013454 -0.089201 -0.169306 -0.196041 -0.121920 0.269665 0.646322 0.413713 0.060126 -0.030781 0.040221 0.144116 0.189184 0.219472 0.218159 0.128358 0.033964 0.018135 0.067431 0.150144 0.205025 0.196757 0.027177 -0.145355 -0.136445 -0.074447 -0.015093 0.024371 0.071214 0.110834 0.121586 0.108148 0.063514 -0.002886 -0.002342 0.073263 0.126120 0.130209 0.109717 0.072370 0.061893 0.075168 0.040847 -0.005167 -0.082522 -0.138105 -0.048916 0.062468 0.032490 -0.070100 -0.070996 0.080335 0.193246 0.099551 -0.080168 -0.097527 -0.011594 0.040656 0.077859 0.115971 0.022836 -0.102391 -0.172062 -0.210848 -0.202891 -0.142507 -0.000752 0.203337 0.310323 0.241711 0.118549 0.076713 0.080936 0.001824 -0.040424 -0.016186 -0.020701 -0.030696 -0.003561 0.012400 0.006464 0.038286 0.080949 0.101857 0.093453 0.023529 -0.070671 -0.130748 -0.109442 -0.016336 0.035232 0.024896 -0.011527 -0.035332 -0.019870 0.039496 0.075687 0.045572 -0.021966 -0.091383 -0.083706 0.001481 0.072017 0.062754 0.028902 -0.007225 -0.053544 -0.075120 -0.043396 -0.050830 -0.109349 -0.122068 -0.048771 0.076950 0.097921 0.002642 -0.060747 -0.006734 0.129602 0.159937 0.115567 0.130308 0.158071 0.168115 0.099029 -0.040998 -0.069846 0.036971 0.126682 0.135241 0.117565 0.113763 0.080490 0.038758 0.053374 0.088287 0.109229 0.128967 0.126385 0.104409 0.080328 -0.013957 -0.171508
0.074088 0.029711 -0.041694 -0.129255 -0.101429 -0.010404 -0.007419 -0.032199 -0.022320 -0.057932 -0.100863 -0.038200 0.087957 0.152658 0.116832 0.038614 -0.037559 -0.040492 0.014463 0.045338 0.095065 0.140558 0.088291 0.015290 -0.021837 -0.054919 -0.052039 0.015397 0.037893 -0.067816 -0.154156 -0.146435 -0.109266 -0.080269 -0.056426 -0.030806 -0.028724 -0.031332 -0.037762 -0.074085 -0.034210 0.078128 0.099173 0.052402 0.035955 0.023434 0.007366 -0.029085 -0.101442 -0.129806 -0.118682 -0.099259 0.022627 0.171793 0.130050 -0.000420 -0.047886 0.012994 0.061017 0.045131 0.109330 0.198099 0.162907 0.044116 -0.034043 -0.021219 0.063975 0.127973 0.152962 0.070363 -0.064181 -0.082009 0.000639 0.067155 0.048607 0.020167 -0.008753 -0.036913 -0.007870 0.068754 0.091417 0.059810 0.059495 0.078194 0.119644 0.144323 0.144464 0.173053 0.182307 0.093768 0.000545 -0.084522 -0.139724 -0.052617 0.048656 0.007522 -0.087459 -0.095756 0.041866 0.175793 0.147334 0.046656 0.070445 0.150090 0.172076 0.152330 0.122048 -0.006529 -0.124844 -0.147877 -0.149354 -0.181965 -0.207994 -0.112925 0.047587 0.097613 -0.018024 -0.158976 -0.126211 0.016044 0.036086 -0.004986 0.027588 0.067877 0.025405 -0.041301 -0.003260 0.069065 0.107612 0.110904 0.130240 0.140370 0.094428 0.007644 -0.084064 -0.081854 0.047064 0.153770 0.144407 0.034374 -0.088642 -0.118774 -0.025343 0.075455 0.077523 0.013718 -0.072426 -0.111957 -0.078881 0.011034 0.067273 0.059826 0.011235 -0.033872 -0.026106 0.004752 -0.050568 -0.151233 -0.199278 -0.154950 -0.039991 0.025716 0.040864 0.045177 0.084385 0.146774 0.130173 0.107317 0.162710 0.192629 0.175427 0.113250 -0.007974 -0.047177 0.026963 0.103278 0.136943 0.125936 0.104201 0.045914 -0.014769 -0.026631 -0.026055 0.021433 0.113218 0.158557 0.116110 0.066182 -0.023948 -0.154455
0.166183 0.098590 0.003824 -0.100414 -0.128791 -0.077615 -0.026796 0.028399 0.088061 0.047757 -0.038182 -0.009866 0.111060 0.204103 0.186728 0.095627 0.008832 0.013068 0.073380 0.102235 0.165248 0.229336 0.148596 0.031323 -0.061832 -0.132123 -0.119100 -0.003578 0.060822 -0.022213 -0.057715 -0.024140 -0.036072 -0.063760 -0.068423 -0.037179 0.009910 -0.006130 -0.060026 -0.071686 0.013709 0.095077 0.063354 -0.002155 -0.020356 -0.029490 -0.033524 -0.054812 -0.091004 -0.075044 -0.026249 0.007384 0.049431 0.071227 0.024316 -0.067170 -0.119767 -0.064411 -0.020577 -0.058004 -0.001247 0.130136 0.156175 0.050328 -0.042799 -0.037946 0.033960 0.073742 0.095653 0.075064 -0.007277 -0.027650 0.048417 0.109678 0.083017 0.032779 -0.034373 -0.091346 -0.072060 0.030406 0.098533 0.082870 0.061482 0.048372 0.070255 0.119908 0.202223 0.303848 0.284174 0.129972 0.010475 -0.058196 -0.098722 -0.029485 0.048613 -0.013560 -0.101987 -0.117233 -0.036224 0.073816 0.122960 0.139827 0.191018 0.230994 0.232796 0.150096 0.064869 -0.010462 -0.045348 -0.044410 -0.065245 -0.106770 -0.128706 -0.086756 -0.049181 -0.082705 -0.191102 -0.309966 -0.280052 -0.101753 0.000348 -0.015038 0.003671 0.050065 0.016990 -0.077370 -0.022084 0.108607 0.165857 0.155340 0.154620 0.167913 0.159553 0.071794 -0.058467 -0.064413 0.065965 0.194656 0.183704 0.029702 -0.116100 -0.130449 -0.018700 0.099735 0.105891 0.036431 -0.031481 -0.057999 -0.085820 -0.047066 0.053366 0.097762 0.086130 0.071733 0.098930 0.094741 -0.042129 -0.195447 -0.225460 -0.156667 -0.062129 0.007616 0.080181 0.098324 0.083189 0.068969 0.059854 0.085236 0.144024 0.152301 0.111605 0.076494 0.025633 -0.007474 0.012703 0.062865 0.104254 0.093836 0.055995 0.003826 0.024921 0.067644 -0.000618 -0.005670 0.066626 0.102094 0.077130 0.045502 -0.018532 -0.102395
0.030528 0.030841 0.006671 -0.056771 -0.134114 -0.157231 -0.117513 -0.044512 0.030598 0.033068 -0.013803 0.015120 0.106690 0.189321 0.188609 0.098813 0.017712 0.039620 0.120078 0.163782 0.208622 0.241647 0.141934 0.028222 -0.044273 -0.110237 -0.118690 -0.023112 0.029274 -0.042842 -0.050361 -0.020623 -0.066607 -0.088729 -0.063258 -0.021072 0.045716 0.033362 -0.062979 -0.098114 -0.016828 0.041005 -0.006731 -0.084072 -0.116463 -0.106751 -0.057641 -0.054473 -0.093102 -0.066035 0.000405 0.060994 0.113871 0.071713 -0.053218 -0.175697 -0.219326 -0.129590 -0.056311 -0.089861 -0.065845 0.045056 0.099384 0.047291 0.001526 0.014901 0.024366 -0.007842 0.000963 0.032808 0.013568 0.024835 0.086562 0.116044 0.094359 0.057457 -0.008593 -0.042181 -0.029595 0.006125 0.020612 0.025357 0.038458 0.028189 0.030678 0.100916 0.235905 0.369059 0.332704 0.173872 0.060720 0.004086 -0.017420 0.014355 0.046181 -0.013624 -0.072251 -0.064121 0.007307 0.096211 0.143021 0.164522 0.193453 0.214214 0.227891 0.133573 0.019118 -0.009962 0.049373 0.076628 0.024470 -0.019849 0.001457 0.031167 -0.027960 -0.131551 -0.203061 -0.266621 -0.284257 -0.157661 -0.030266 -0.030845 -0.046366 0.008311 0.060894 0.003010 0.001539 0.107766 0.191435 0.194576 0.173943 0.170738 0.171131 0.084537 -0.054979 -0.066239 0.014893 0.094790 0.095890 0.014055 -0.036545 0.002800 0.098684 0.167255 0.123529 0.042316 0.012507 0.038207 0.008898 -0.012650 0.075633 0.137267 0.137305 0.129671 0.141376 0.122291 0.010542 -0.113669 -0.109566 -0.025750 0.031766 0.057591 0.108009 0.095636 0.043950 0.011138 0.035963 0.071505 0.083261 0.073365 0.046717 0.022651 -0.029511 -0.079321 -0.056070 0.019681 0.083744 0.081384 0.048625 0.063778 0.232206 0.338435 0.153247 0.007133 -0.001860 0.012098 0.039218 0.080738 0.047601 -0.048730
-0.124889 -0.066542 -0.008381 0.021944 -0.006569 -0.080853 -0.129801 -0.108652 -0.043809 0.014309 0.031371 0.059306 0.102580 0.168814 0.202268 0.120434 0.018852 0.033553 0.128705 0.182812 0.179868 0.155022 0.069398 0.016367 0.008000 -0.043476 -0.113017 -0.082861 -0.029775 -0.047777 -0.027251 -0.016449 -0.072836 -0.083953 -0.047411 -0.000389 0.062238 0.057183 -0.031210 -0.095128 -0.078995 -0.052043 -0.066110 -0.117774 -0.166824 -0.166661 -0.098925 -0.076466 -0.106903 -0.082290 -0.026693 0.036636 0.113944 0.080959 -0.063145 -0.189724 -0.221927 -0.109843 -0.014604 -0.031578 -0.030385 0.027620 0.057800 0.023266 0.013181 0.022914 -0.031594 -0.090992 -0.056701 0.019146 0.057883 0.099726 0.123592 0.098273 0.063511 0.018943 -0.035710 -0.029653 0.011339 0.016483 -0.037131 -0.070990 -0.051599 -0.031735 0.006437 0.095244 0.174590 0.228819 0.205355 0.114836 0.024443 -0.003279 0.034837 0.055260 0.052857 0.030281 0.014141 0.044986 0.121905 0.181261 0.177517 0.117893 0.098195 0.153578 0.205383 0.146977 0.024268 -0.032470 0.039177 0.111458 0.099348 0.055998 0.081869 0.105566 0.008583 -0.112141 -0.141523 -0.171264 -0.207542 -0.138035 -0.024945 -0.013251 -0.044993 0.026696 0.151708 0.099480 0.002282 0.041371 0.133245 0.157945 0.143490 0.139434 0.155639 0.117005 0.004511 -0.038525 -0.018624 0.017300 0.042373 0.051873 0.092902 0.162848 0.214490 0.223652 0.180332 0.109258 0.043872 0.051255 0.059973 0.037162 0.071874 0.108890 0.096648 0.094919 0.114445 0.120711 0.104119 0.066795 0.059855 0.082688 0.092400 0.115510 0.173758 0.139157 0.051582 0.018315 0.051311 0.053534 0.037284 0.044684 0.055644 0.026565 -0.085905 -0.175466 -0.128685 -0.007960 0.092583 0.098993 0.067398 0.119352 0.296823 0.369710 0.193648 0.027821 -0.016125 -0.003518 0.051425 0.140842 0.139005 0.029231
-0.141499 -0.064218 0.017401 0.084709 0.120684 0.055367 -0.048836 -0.066081 -0.003028 0.066536 0.094394 0.112776 0.132841 0.174452 0.219427 0.158484 0.040835 0.031085 0.123395 0.172228 0.122271 0.066034 0.039090 0.068587 0.090809 0.024797 -0.078181 -0.094074 -0.050359 -0.020999 0.036870 0.062549 0.033152 0.022236 0.019415 0.033498 0.068606 0.050413 -0.011744 -0.053144 -0.072701 -0.090084 -0.079279 -0.069754 -0.119627 -0.174783 -0.142196 -0.092307 -0.076540 -0.052194 -0.037694 -0.018005 0.044433 0.032062 -0.075820 -0.156360 -0.168498 -0.061805 0.040244 0.063178 0.093639 0.180051 0.227873 0.107959 -0.010323 -0.058922 -0.119058 -0.118390 -0.039211 0.042902 0.108391 0.170555 0.163979 0.087080 0.026653 -0.001964 -0.013949 0.027585 0.084265 0.074837 0.007413 -0.051870 -0.081692 -0.085230 -0.050482 0.005571 -0.002483 -0.022901 0.017178 0.041028 -0.030303 -0.062031 -0.005578 0.018538 0.023500 0.047103 0.062691 0.110318 0.179551 0.183531 0.154286 0.075281 0.026782 0.083701 0.137536 0.118125 0.046996 -0.006291 0.023446 0.077848 0.085063 0.046302 0.048690 0.045388 -0.046345 -0.122808 -0.073997 -0.029909 -0.040700 -0.084053 -0.058119 -0.011714 -0.009892 0.050822 0.170907 0.106107 -0.045650 -0.066770 0.030257 0.095863 0.091065 0.105120 0.165600 0.186727 0.100457 0.022249 0.017831 0.044168 0.065723 0.095118 0.150703 0.209640 0.216123 0.193779 0.222870 0.221148 0.105528 0.023721 0.012182 -0.005661 0.004270 0.027511 0.009399 0.018128 0.047987 0.074366 0.127702 0.164190 0.140538 0.112875 0.117758 0.146215 0.173344 0.126612 0.046847 0.041664 0.105938 0.085071 0.031771 0.017683 0.049781 0.069270 -0.003910 -0.100619 -0.099548 -0.017843 0.068609 0.083092 0.050413 0.069620 0.163001 0.215268 0.149842 0.062721 0.034961 0.043618 0.070504 0.131968 0.154398 0.107979
-0.092427 -0.006844 0.068498 0.111558 0.147489 0.118138 0.058876 0.054001 0.078561 0.071829 0.051067 0.086387 0.140903 0.168912 0.204933 0.180438 0.077985 0.046185 0.103259 0.130863 0.084951 0.046747 0.066929 0.134239 0.153468 0.076873 -0.002174 -0.016074 -0.005120 -0.003340 0.027535 0.063209 0.085752 0.106183 0.091799 0.079648 0.078065 0.025539 -0.017182 -0.003951 -0.009275 -0.053595 -0.045642 0.004090 -0.017540 -0.098143 -0.118425 -0.078501 -0.038461 -0.007312 -0.015191 -0.052443 -0.053744 -0.089736 -0.155637 -0.161620 -0.114952 -0.006270 0.084430 0.136032 0.194056 0.335297 0.431676 0.233170 -0.010874 -0.111633 -0.136573 -0.085087 -0.011766 0.036565 0.083233 0.137031 0.122687 0.011020 -0.081237 -0.033163 0.076311 0.154110 0.159262 0.116423 0.102881 0.074801 -0.010513 -0.070966 -0.071921 -0.054209 -0.098429 -0.148271 -0.077971 0.010234 -0.045676 -0.108286 -0.116173 -0.116970 -0.069236 0.009257 0.056863 0.151260 0.236809 0.144968 0.060576 0.027899 0.010361 0.040488 0.069090 0.064248 0.044465 0.055449 0.069832 0.040782 0.011636 -0.005499 -0.019700 -0.045105 -0.102193 -0.132381 -0.032927 0.111448 0.150163 0.009742 -0.075076 -0.042927 -0.013883 0.011993 0.077295 0.061832 -0.017032 -0.070478 -0.016075 0.057654 0.043833 0.072474 0.171238 0.226737 0.166873 0.077573 0.051051 0.049169 0.027812 0.021729 0.057940 0.105717 0.091519 0.058588 0.134899 0.219283 0.153900 0.024314 -0.069651 -0.127515 -0.107650 -0.048594 -0.030495 -0.016557 -0.018574 -0.007332 0.063479 0.125768 0.122740 0.109805 0.124325 0.129163 0.092888 0.018216 -0.043036 -0.012899 0.120524 0.128159 0.011289 -0.084124 -0.064321 0.022175 0.050968 -0.000686 -0.025835 -0.006683 0.031038 0.051701 0.016012 -0.050763 -0.066195 0.017200 0.048289 0.012780 0.015836 0.049573 0.055933 0.066584 0.105254 0.144179
-0.047849 0.009404 0.066300 0.080936 0.076456 0.071595 0.103025 0.147217 0.140453 0.076818 0.020403 0.042407 0.085152 0.126532 0.183609 0.162635 0.070037 0.056125 0.093262 0.082390 0.036285 0.014940 0.060690 0.133221 0.145433 0.096551 0.065117 0.062563 0.047867 -0.004126 -0.024201 0.012552 0.052305 0.055932 0.038059 0.051327 0.061930 0.010150 -0.013422 0.024725 0.030906 -0.012434 -0.009935 0.042402 0.048864 -0.017547 -0.069700 -0.065125 -0.036321 -0.009222 -0.019537 -0.089116 -0.147544 -0.188511 -0.188516 -0.119549 -0.026968 0.056888 0.132210 0.207690 0.232655 0.273517 0.299855 0.158088 -0.012446 -0.053433 -0.013167 0.026495 0.020504 0.009438 0.028831 0.061268 0.053745 -0.045724 -0.147037 -0.080456 0.084279 0.152284 0.083048 0.023015 0.061852 0.076429 0.022982 -0.022379 -0.033495 -0.036470 -0.069860 -0.098702 -0.081543 -0.069692 -0.116595 -0.163457 -0.218581 -0.239719 -0.157412 -0.045858 0.028506 0.186640 0.332601 0.180593 -0.026446 -0.077566 -0.041444 0.001376 0.026615 0.030092 0.027755 0.083270 0.110450 0.036887 -0.015119 -0.029432 -0.064553 -0.078279 -0.096424 -0.112762 -0.018757 0.114702 0.126701 0.000692 -0.085204 -0.074509 -0.020696 -0.002143 0.014330 0.050429 0.070469 0.011498 -0.021162 0.006126 0.007331 0.051374 0.145013 0.207239 0.190358 0.120017 0.059302 0.007381 -0.059736 -0.094906 -0.068878 -0.028605 -0.054490 -0.094393 -0.029847 0.071282 0.079575 -0.013682 -0.145237 -0.252059 -0.236413 -0.112427 -0.006352 0.033948 0.010728 -0.011081 0.006215 0.032047 0.076631 0.119699 0.136719 0.115360 0.040998 -0.073613 -0.151550 -0.125389 0.031034 0.091667 -0.026466 -0.149630 -0.157540 -0.098733 -0.040195 -0.009884 0.010852 0.026995 0.058721 0.074547 0.023137 -0.106750 -0.213006 -0.134670 -0.058444 -0.063657 -0.055313 -0.010563 0.003043 -0.009827 0.016043 0.071272
-0.000047 -0.013147 0.000742 0.006402 -0.012046 -0.009464 0.060624 0.133688 0.152677 0.130608 0.098708 0.066078 0.025371 0.108831 0.251077 0.183827 0.037342 0.027326 0.069933 0.053025 -0.004036 -0.036545 0.022125 0.108274 0.137629 0.124482 0.086536 0.042677 0.018511 -0.020264 -0.021968 0.023831 0.036631 -0.010049 -0.034916 0.004019 0.038313 0.006614 -0.010605 0.022710 0.036113 0.007181 0.005074 0.037393 0.048477 -0.002356 -0.056207 -0.064518 -0.045767 -0.023109 -0.037505 -0.114839 -0.183386 -0.199660 -0.140570 -0.031990 0.040771 0.053015 0.099794 0.206979 0.230554 0.177704 0.125016 0.054146 -0.016060 0.021520 0.135485 0.174110 0.099166 0.005266 -0.026556 -0.021507 -0.014152 -0.054684 -0.129599 -0.121069 -0.004566 0.041297 -0.033389 -0.061400 -0.015861 0.010086 0.012187 0.000351 -0.011799 -0.019229 -0.011429 0.018569 -0.006937 -0.106753 -0.189750 -0.225164 -0.265987 -0.256347 -0.159219 -0.061012 -0.000138 0.120673 0.255351 0.147332 -0.092595 -0.173766 -0.117886 -0.071091 -0.054543 -0.050224 -0.048239 0.025080 0.086971 0.050162 0.002155 -0.037093 -0.079389 -0.049193 -0.036064 -0.067996 -0.016834 0.047639 0.019681 -0.059526 -0.097011 -0.059546 0.033533 0.072605 0.063579 0.086547 0.127535 0.089939 0.029127 0.019440 0.026753 0.066024 0.124570 0.156389 0.150729 0.120136 0.075262 0.000964 -0.078052 -0.097274 -0.072522 -0.076253 -0.130370 -0.157803 -0.093698 -0.006589 0.014323 -0.044975 -0.153134 -0.290428 -0.324960 -0.183130 -0.013481 0.058835 0.047088 0.004552 -0.020075 0.003421 0.081018 0.132571 0.128828 0.091901 0.019847 -0.095338 -0.171567 -0.160525 -0.063303 0.010361 -0.024100 -0.073947 -0.075649 -0.096721 -0.110627 -0.068445 -0.015332 0.056799 0.136483 0.137742 0.070300 -0.028097 -0.123558 -0.135576 -0.115796 -0.095946 -0.083678 -0.058447 -0.046532 -0.063582 -0.071275 -0.060536
-0.032192 -0.102925 -0.118828 -0.090778 -0.064358 -0.032886 0.015011 0.062197 0.124257 0.164967 0.162644 0.116414 0.051687 0.156938 0.343775 0.252519 0.043420 -0.037245 -0.007499 0.030073 0.007607 -0.032706 0.016773 0.097840 0.125114 0.104825 0.036083 -0.041779 -0.066343 -0.063503 -0.021758 0.046650 0.068002 0.030102 -0.000956 0.013866 0.047135 0.034650 0.005817 0.018867 0.058021 0.054271 0.030071 0.034110 0.060123 0.043062 0.004162 -0.012553 -0.015386 -0.001666 -0.014513 -0.074047 -0.126380 -0.153138 -0.109517 -0.003061 0.052849 0.021770 0.030423 0.119742 0.152491 0.105694 0.069379 0.040842 -0.020938 0.024425 0.197396 0.259518 0.167058 0.034115 -0.039288 -0.061221 -0.046973 -0.032734 -0.066873 -0.108989 -0.072107 -0.071255 -0.120782 -0.076262 -0.015451 0.004747 0.004854 -0.021029 -0.038264 -0.041756 -0.002050 0.071013 0.061627 -0.066603 -0.181136 -0.211754 -0.209971 -0.168194 -0.088603 -0.011067 0.052487 0.102749 0.137799 0.037251 -0.129868 -0.157668 -0.089792 -0.065682 -0.093183 -0.119125 -0.124894 -0.036104 0.059662 0.066656 0.031735 0.005756 -0.000431 0.046310 0.031163 -0.047861 -0.033463 0.007969 -0.015852 -0.076624 -0.107647 -0.056974 0.062547 0.130676 0.111380 0.082248 0.090041 0.078858 0.059025 0.063889 0.053535 0.052450 0.064979 0.073435 0.073110 0.091912 0.111641 0.054747 -0.029814 -0.057382 -0.061686 -0.094627 -0.128495 -0.113086 -0.059130 -0.018482 -0.019852 -0.054880 -0.131724 -0.286218 -0.376091 -0.271696 -0.096967 -0.007922 -0.002341 -0.034253 -0.031408 0.045948 0.125558 0.118633 0.080528 0.047558 0.002592 -0.066332 -0.117314 -0.124500 -0.089632 -0.009354 0.051497 0.068155 0.057266 -0.003761 -0.101464 -0.116705 -0.058377 0.064988 0.188334 0.196304 0.116154 0.012935 -0.080336 -0.150502 -0.166361 -0.116138 -0.075416 -0.060883 -0.057741 -0.050528 -0.040898 -0.038999
-0.176334 -0.214373 -0.200154 -0.146453 -0.057484 0.019351 0.009169 -0.022065 0.038422 0.100965 0.102555 0.081484 0.063089 0.112835 0.211323 0.171265 0.022365 -0.072788 -0.045337 0.034975 0.052056 0.022480 0.054828 0.091351 0.074461 0.037241 -0.009191 -0.075595 -0.125553 -0.138947 -0.097470 -0.002965 0.079639 0.099681 0.073319 0.069153 0.105229 0.111467 0.067980 0.058122 0.134309 0.163770 0.095808 0.059088 0.094280 0.121618 0.142659 0.142235 0.081810 0.031975 0.022553 0.016845 -0.013858 -0.069620 -0.078381 -0.014078 0.037435 0.005257 0.001100 0.051322 0.065706 0.041117 0.047972 0.046483 -0.033651 -0.010816 0.159395 0.189802 0.094120 0.008692 -0.024087 -0.008602 0.014718 0.036347 0.054623 0.039007 0.006682 -0.089257 -0.162808 -0.103015 -0.050396 -0.035674 -0.033167 -0.037778 -0.026120 -0.032858 -0.002940 0.083033 0.109408 0.002481 -0.125488 -0.147644 -0.120497 -0.105558 -0.073089 0.034301 0.201423 0.269971 0.215275 0.057205 -0.072716 -0.076786 0.002598 0.033643 -0.032453 -0.114501 -0.151742 -0.068415 0.051669 0.103762 0.103567 0.127986 0.168913 0.175308 0.084319 -0.033322 -0.033137 0.006350 -0.006614 -0.065972 -0.119971 -0.093381 0.024646 0.096840 0.062691 0.004539 -0.007525 -0.001425 0.015238 0.061524 0.069252 0.044062 0.013475 -0.005427 0.010326 0.078179 0.138505 0.124745 0.057385 -0.032688 -0.112023 -0.146114 -0.124975 -0.082158 -0.056204 -0.040085 -0.037109 -0.051272 -0.113403 -0.247184 -0.341628 -0.288722 -0.145742 -0.052627 -0.043970 -0.068972 -0.018649 0.114117 0.178868 0.110774 0.061881 0.058372 0.039239 0.002890 -0.040527 -0.081358 -0.080605 0.020826 0.129640 0.143820 0.080628 0.009926 -0.109104 -0.157272 -0.082801 0.054584 0.169711 0.184886 0.112404 -0.023029 -0.150294 -0.210866 -0.183604 -0.096381 -0.028463 -0.015097 -0.029137 -0.003087 0.039832 0.050380
-0.217649 -0.182266 -0.143245 -0.105252 -0.016969 0.048472 -0.006325 -0.071683 -0.030854 0.020142 0.002476 -0.033679 -0.044891 -0.026916 0.035082 0.064147 -0.007002 -0.048897 0.013746 0.077842 0.072793 0.046807 0.056270 0.040551 -0.006638 -0.006696 0.043678 0.017505 -0.089038 -0.161862 -0.136303 -0.027355 0.088044 0.139017 0.128332 0.104304 0.094294 0.082837 0.050887 0.064627 0.181801 0.235268 0.145064 0.073420 0.067329 0.092706 0.194637 0.260738 0.165746 0.049987 0.044172 0.065683 0.020202 -0.052348 -0.086518 -0.063414 0.010111 0.030262 0.046081 0.071113 0.056478 0.025925 0.040788 0.068672 0.049898 0.085489 0.162249 0.086840 -0.041799 -0.091411 -0.067583 0.031537 0.103967 0.125303 0.158078 0.183821 0.148366 0.018010 -0.099670 -0.121529 -0.125931 -0.114888 -0.083409 -0.034265 0.020964 0.011495 0.009091 0.068490 0.103180 0.031136 -0.084821 -0.092640 -0.061309 -0.145919 -0.368888 -0.414638 0.000376 0.313828 0.303472 0.151822 0.025072 -0.033401 0.008841 0.055464 -0.007175 -0.112140 -0.167171 -0.093596 0.052680 0.159987 0.200817 0.240123 0.273317 0.235799 0.117089 -0.006725 -0.030259 -0.007212 -0.014550 -0.072166 -0.130079 -0.099766 0.005290 0.046132 0.008236 -0.024818 -0.015217 -0.001703 -0.017802 0.010706 0.052114 0.051940 0.030719 -0.001861 -0.000865 0.052722 0.091509 0.105142 0.093348 0.003677 -0.105346 -0.168145 -0.155814 -0.098349 -0.031311 0.042504 0.066311 0.043973 -0.008986 -0.095619 -0.138279 -0.093503 -0.032785 0.001488 -0.018345 -0.073102 -0.015814 0.150371 0.192868 0.077566 0.024542 0.065545 0.088895 0.059292 0.008075 -0.029788 -0.024526 0.054354 0.122752 0.115722 0.041950 -0.044867 -0.148550 -0.167121 -0.084875 0.028882 0.109815 0.106135 0.058617 -0.035324 -0.142090 -0.170913 -0.103946 -0.014861 0.031946 0.036697 0.017393 0.040097 0.077211 0.066286
-0.081446 -0.028889 -0.023631 -0.035201 -0.007770 0.007327 -0.037436 -0.062660 -0.015933 0.027367 0.007949 -0.063997 -0.131894 -0.131129 -0.048008 0.034393 0.012121 0.009876 0.099369 0.120519 0.046938 -0.011488 -0.016553 -0.037424 -0.073470 -0.023202 0.098123 0.101441 -0.011822 -0.073963 -0.042246 0.044696 0.129607 0.169911 0.174840 0.109877 -0.006649 -0.075772 -0.089625 -0.035127 0.104556 0.158705 0.097604 0.038417 -0.003645 -0.002906 0.107844 0.200704 0.140181 0.046330 0.038729 0.022047 -0.048954 -0.105916 -0.134803 -0.122315 -0.014980 0.061125 0.076445 0.078316 0.066885 0.034362 0.027528 0.076715 0.138757 0.179704 0.156602 0.011511 -0.135411 -0.173855 -0.124927 -0.000569 0.117413 0.170346 0.167412 0.172179 0.184656 0.105983 -0.044832 -0.160228 -0.203133 -0.163192 -0.074956 -0.001594 0.054620 0.039652 0.004933 0.004140 0.017074 0.001974 -0.037058 -0.002187 0.036071 -0.285052 -1.479795 -2.361191 -1.241384 -0.032594 0.206745 0.103270 0.022548 -0.036485 -0.029871 0.009358 -0.012720 -0.088181 -0.145940 -0.093042 0.036658 0.138020 0.173108 0.173500 0.139642 0.070318 -0.023300 -0.094105 -0.078827 -0.019682 0.001570 -0.048379 -0.097165 -0.052844 0.026483 0.035179 0.023653 0.053587 0.097224 0.080840 -0.009836 -0.026318 0.020189 0.040921 0.051877 0.041228 0.032781 0.052267 0.050074 0.010985 0.002348 0.006378 -0.012139 -0.090162 -0.146309 -0.091010 0.055778 0.193554 0.216791 0.175942 0.114290 0.015965 -0.008352 0.083018 0.102149 0.069316 0.032248 -0.040241 -0.033027 0.085943 0.093072 -0.030882 -0.069294 0.016453 0.129589 0.156542 0.069289 0.012991 0.028195 0.056280 0.066375 0.072343 0.051835 -0.029912 -0.111326 -0.096951 -0.049488 0.018458 0.071484 0.044532 0.026645 0.017264 -0.028129 -0.044943 -0.009351 0.027707 0.033826 0.039685 0.052080 0.073237 0.079505 0.047532
0.084281 0.112857 0.077272 0.017514 -0.021647 -0.040199 -0.036632 -0.012040 0.016525 0.020775 0.025431 -0.016089 -0.095694 -0.109966 -0.039875 0.052321 0.042182 0.013318 0.076673 0.094221 0.021779 -0.041964 -0.048003 -0.063506 -0.096912 -0.066498 0.011887 0.017919 -0.013379 0.011132 0.056635 0.097482 0.131752 0.143973 0.144772 0.062022 -0.103184 -0.196702 -0.201602 -0.137939 -0.000134 0.043136 0.011374 -0.002960 -0.015783 -0.015905 0.022631 0.060155 0.032992 -0.010249 -0.028813 -0.069217 -0.100388 -0.103184 -0.106399 -0.089073 -0.005923 0.050769 0.032330 0.021006 0.041880 0.024010 -0.004316 0.021865 0.072874 0.096911 0.049694 -0.074860 -0.187954 -0.225895 -0.188232 -0.078026 0.054834 0.127338 0.105805 0.085541 0.122938 0.096988 -0.055943 -0.204649 -0.242333 -0.149406 0.007380 0.092091 0.122588 0.104422 0.059936 -0.000057 -0.042717 -0.036853 0.018605 0.124196 0.172173 -0.322442 -2.282495 -3.859549 -2.241586 -0.364976 0.042660 -0.046614 -0.063549 -0.043861 -0.031436 -0.032704 -0.023911 -0.036947 -0.069242 -0.036290 0.024989 0.052225 0.035100 -0.003952 -0.048726 -0.099889 -0.159388 -0.148445 -0.056321 0.029673 0.042366 0.000016 -0.027134 0.006729 0.050336 0.052322 0.054084 0.103198 0.165854 0.141447 0.022519 -0.020304 0.000667 0.018301 0.026823 0.025126 0.062667 0.140114 0.162497 0.065198 -0.009432 0.010118 0.052782 0.012153 -0.071666 -0.054071 0.070230 0.161412 0.143034 0.095532 0.051004 -0.051228 -0.084575 0.061638 0.103569 0.063721 0.065701 0.026601 -0.014210 -0.002619 -0.042820 -0.129245 -0.130775 -0.051069 0.102486 0.199004 0.081878 -0.016024 0.002936 0.009727 0.007407 0.044113 0.076843 0.026789 -0.038537 -0.028603 -0.012079 0.038055 0.076179 0.052792 0.066627 0.105403 0.095493 0.042818 -0.006554 -0.013330 -0.013350 0.001556 0.050899 0.083501 0.072494 0.042230
0.136703 0.157530 0.147965 0.069889 -0.033971 -0.072262 -0.033893 -0.002255 -0.025882 -0.073530 -0.035841 0.007183 -0.036746 -0.062899 -0.020257 0.056738 0.045596 -0.017265 -0.000880 0.032882 0.011785 -0.033310 -0.055861 -0.075178 -0.095205 -0.090059 -0.077739 -0.089997 -0.059798 0.020212 0.065674 0.073611 0.088295 0.082208 0.045677 -0.036124 -0.140450 -0.174952 -0.161394 -0.109814 -0.006732 -0.000242 -0.040525 -0.016296 0.031565 0.039051 0.013744 -0.011813 -0.060636 -0.088339 -0.095371 -0.119321 -0.109464 -0.075165 -0.047835 -0.012929 0.044082 0.063073 -0.004455 -0.022569 0.024763 0.013341 -0.039056 -0.047637 -0.044606 -0.042665 -0.084256 -0.157604 -0.177695 -0.172997 -0.174834 -0.131470 -0.052049 -0.023593 -0.043168 -0.039991 -0.011819 -0.029835 -0.123362 -0.173673 -0.137947 -0.039789 0.095126 0.190630 0.227190 0.212127 0.171003 0.107273 0.034699 0.001039 0.062578 0.180505 0.216619 -0.075628 -1.177771 -2.057483 -1.200489 -0.228715 -0.084794 -0.168240 -0.093455 0.001983 0.002760 -0.059031 -0.046017 0.010465 0.033727 0.047184 0.013493 -0.018819 -0.035997 -0.044395 -0.007389 -0.008196 -0.093605 -0.097097 0.000129 0.050299 0.001966 -0.059452 -0.047381 0.006761 0.055716 0.079235 0.054739 0.074144 0.176699 0.209987 0.083665 -0.014513 -0.029140 -0.002520 0.011213 0.010513 0.071199 0.202895 0.292664 0.221237 0.103423 0.046788 0.033681 0.008471 -0.055813 -0.058277 0.016624 0.038064 -0.053046 -0.147825 -0.153612 -0.185015 -0.169930 0.014233 0.070008 0.054002 0.090556 0.069883 0.013897 -0.036807 -0.116063 -0.180696 -0.151270 -0.099386 -0.016973 0.048154 -0.036320 -0.118400 -0.107545 -0.095595 -0.069307 -0.010780 0.021768 0.007198 -0.007051 0.012595 0.007243 0.024554 0.055631 0.075984 0.125293 0.172696 0.164014 0.082788 -0.007012 -0.030766 -0.041679 -0.031125 0.029233 0.070130 0.070239 0.064709
0.101523 0.132896 0.181006 0.114346 -0.016376 -0.049364 -0.013945 -0.011826 -0.065427 -0.128817 -0.074140 0.032126 0.014530 -0.050266 -0.055472 0.000197 0.005599 -0.048759 -0.062470 -0.020893 -0.000824 -0.030215 -0.073952 -0.099326 -0.099841 -0.091261 -0.092440 -0.110164 -0.080979 -0.002476 0.026738 0.016582 0.040912 0.050095 0.001443 -0.080610 -0.116273 -0.074769 -0.039272 0.008685 0.067134 0.040801 -0.016239 -0.004399 0.059133 0.085409 0.063749 0.008043 -0.081567 -0.129716 -0.131836 -0.126272 -0.102999 -0.065200 -0.032682 0.012755 0.092234 0.123217 0.040373 0.029617 0.079219 0.045432 -0.041013 -0.067819 -0.074157 -0.063071 -0.083892 -0.125989 -0.064402 0.014663 -0.026389 -0.114582 -0.143026 -0.167504 -0.179267 -0.122034 -0.078714 -0.097975 -0.130349 -0.066928 0.036894 0.102924 0.157275 0.246202 0.293868 0.267605 0.230573 0.221638 0.192501 0.121236 0.106080 0.148966 0.149932 0.072706 -0.150810 -0.301360 -0.161841 -0.061348 -0.150289 -0.195738 -0.047629 0.057156 0.029445 -0.048126 -0.025456 0.068625 0.132419 0.126103 0.020950 -0.005542 0.044511 0.071710 0.136568 0.172055 0.056330 -0.036922 -0.035031 -0.164534 -0.693880 -1.148336 -0.728512 -0.159959 0.060215 0.102473 0.022068 0.018069 0.242297 0.398317 0.205150 -0.015159 -0.062122 -0.012173 0.026928 0.028665 0.051022 0.155163 0.267461 0.243445 0.161611 0.080956 -0.026549 -0.108523 -0.125587 -0.066405 0.007839 0.005446 -0.125035 -0.249160 -0.220580 -0.163895 -0.071100 0.099372 0.132347 0.124330 0.130428 0.078695 0.019080 -0.030656 -0.104132 -0.157297 -0.144156 -0.123921 -0.089067 -0.061980 -0.115216 -0.172955 -0.167966 -0.129820 -0.089754 -0.089406 -0.134060 -0.124191 -0.036016 0.058567 0.052424 -0.005188 -0.016490 0.013390 0.076479 0.142944 0.143793 0.101322 0.072647 0.050996 -0.010284 -0.033640 0.007621 0.029193 0.037894 0.057500
0.058604 0.070506 0.120283 0.086220 0.003115 -0.006835 0.003419 -0.016694 -0.054796 -0.087748 -0.028478 0.069551 0.049294 -0.047704 -0.107167 -0.068818 -0.025531 -0.054594 -0.094735 -0.069102 -0.022040 -0.014831 -0.058882 -0.109360 -0.113605 -0.095607 -0.068853 -0.058816 -0.063064 -0.027376 -0.008346 0.001289 0.047887 0.077993 0.039571 -0.051051 -0.072071 0.002998 0.035068 0.053223 0.081746 0.072407 0.031123 -0.005855 0.009222 0.056598 0.080001 0.048825 -0.032217 -0.102417 -0.123422 -0.096470 -0.067168 -0.041055 -0.024761 0.011479 0.094029 0.125849 0.069058 0.084584 0.110812 0.059277 -0.025364 -0.065231 -0.054932 0.001023 0.030350 0.015589 0.072971 0.168499 0.123113 -0.026706 -0.113896 -0.167123 -0.187823 -0.090826 0.035078 0.060442 0.012796 0.029315 0.093410 0.133140 0.146946 0.224876 0.277144 0.242095 0.211340 0.240571 0.264200 0.214004 0.172168 0.143921 0.077535 0.021887 -0.020878 -0.024955 -0.023310 -0.059754 -0.118885 -0.112507 0.008531 0.088136 0.074368 0.020694 0.036307 0.109109 0.175056 0.163165 0.054470 0.062396 0.141677 0.147321 0.178723 0.243570 0.171285 0.061993 -0.058915 -0.750216 -3.198356 -5.253167 -3.210024 -0.673383 0.086002 0.188237 0.100256 0.085490 0.578460 1.005051 0.573077 0.047158 -0.097416 -0.066622 0.000423 0.039306 0.058518 0.123964 0.215123 0.214782 0.180965 0.115406 -0.056742 -0.195898 -0.141709 0.001561 0.076255 0.074408 -0.042575 -0.150481 -0.120372 -0.047499 0.043165 0.143864 0.133007 0.096703 0.070965 0.032819 0.005805 -0.016366 -0.042579 -0.044649 -0.063346 -0.115237 -0.121818 -0.096683 -0.112457 -0.127019 -0.080834 0.005445 0.039189 -0.036954 -0.169387 -0.186935 -0.051293 0.105793 0.118620 0.003014 -0.073398 -0.081313 -0.017019 0.083557 0.096938 0.092884 0.158018 0.206385 0.105386 0.006483 0.008037 -0.001530 -0.009087 -0.000131
0.019837 0.022645 0.037897 0.013715 -0.016498 -0.007469 -0.009823 -0.013556 0.009463 0.018272 0.026291 0.038314 -0.001248 -0.106615 -0.190074 -0.121750 -0.011147 -0.019656 -0.083193 -0.086968 -0.042965 -0.048771 -0.223549 -0.402074 -0.287793 -0.123638 -0.036458 0.005992 -0.022241 -0.034584 -0.018034 0.018759 0.068400 0.088608 0.051974 -0.018259 -0.035663 0.022750 0.021375 -0.021258 -0.015179 0.013466 0.007113 -0.043039 -0.064812 -0.008482 0.058258 0.096652 0.074457 0.021780 -0.010394 -0.020610 -0.038637 -0.049969 -0.047856 -0.010204 0.056596 0.077007 0.048887 0.069173 0.074439 0.049070 0.008924 -0.032724 -0.012015 0.066192 0.114326 0.101882 0.114032 0.199937 0.174715 0.035271 -0.055004 -0.107366 -0.120526 -0.011582 0.148512 0.166469 0.067949 0.034981 0.067468 0.087611 0.085206 0.148725 0.209018 0.176999 0.134708 0.145341 0.183284 0.179522 0.158310 0.096920 -0.008946 -0.077402 -0.088860 -0.061139 -0.074665 -0.090637 -0.049223 0.001512 0.049090 0.093467 0.096812 0.068069 0.068270 0.111057 0.175422 0.163332 0.061373 0.049880 0.094322 0.096589 0.116288 0.167516 0.155609 0.127963 -0.026901 -1.145403 -5.192464 -8.604158 -5.223220 -1.092228 0.074872 0.264475 0.249133 0.235903 0.882491 1.486956 0.886887 0.159601 -0.073644 -0.112710 -0.065832 0.014834 0.082427 0.124577 0.184136 0.222991 0.229554 0.167181 -0.021432 -0.173198 -0.108546 0.046362 0.155289 0.181795 0.066148 -0.062102 -0.067762 -0.011646 0.030649 0.050509 0.006006 -0.029683 -0.020106 0.002917 0.009989 -0.007682 -0.014047 0.039943 0.063224 -0.018255 -0.092804 -0.087338 -0.055783 -0.012038 0.057298 0.124908 0.119655 0.025211 -0.096263 -0.137207 -0.041889 0.093489 0.104812 -0.011311 -0.092863 -0.097964 -0.037536 0.056661 0.078846 0.082113 0.174370 0.286383 0.193459 0.062252 0.059662 0.035999 0.019901 0.018522
-0.040187 -0.000078 0.020101 -0.005322 -0.032677 -0.021459 -0.026032 -0.026257 0.022909 0.025555 -0.037611 -0.082532 -0.122015 -0.209636 -0.277670 -0.184874 -0.041408 -0.018436 -0.073835 -0.095665 -0.077761 -0.240059 -1.001578 -1.658197 -1.017711 -0.232780 0.011515 0.051665 0.016961 -0.013490 -0.005446 0.018096 0.040083 0.051283 0.042368 0.018428 0.008513 0.036555 0.018016 -0.054351 -0.075010 -0.044491 -0.023800 -0.040972 -0.066670 -0.026090 0.056354 0.157979 0.197391 0.167209 0.094035 -0.008988 -0.083783 -0.112171 -0.115800 -0.075024 -0.007221 0.050262 0.070763 0.081799 0.096914 0.134052 0.106594 0.020202 0.006816 0.054725 0.078467 0.065353 0.049341 0.117574 0.100891 -0.038498 -0.124951 -0.135992 -0.086235 0.029522 0.145114 0.130284 0.041177 0.031733 0.058054 0.036051 0.035275 0.111161 0.153182 0.089530 0.031574 0.033713 0.069561 0.070153 0.033366 -0.029775 -0.092244 -0.126315 -0.109836 -0.065926 -0.098762 -0.134852 -0.053675 0.040947 0.063081 0.032987 -0.023020 -0.002179 0.044062 0.082894 0.154612 0.146951 0.023343 -0.039925 -0.003816 0.032876 0.020992 0.006066 0.037525 0.116795 0.056245 -0.612770 -3.066441 -5.157869 -3.146256 -0.687543 0.009422 0.173341 0.216478 0.200562 0.537534 0.853027 0.489531 0.107071 -0.002157 -0.059786 -0.091255 -0.062350 0.018474 0.075425 0.119972 0.160299 0.189311 0.168375 0.018153 -0.129469 -0.094235 0.048711 0.171939 0.193013 0.083576 -0.039866 -0.075576 -0.044808 -0.038133 -0.066398 -0.091961 -0.062452 -0.002957 0.054607 0.049219 -0.016380 -0.076792 -0.037275 0.065659 0.046450 -0.041031 -0.042093 0.023996 0.101526 0.128971 0.097415 0.067496 0.015017 -0.051484 -0.070306 -0.015562 0.048258 0.029775 -0.062605 -0.114857 -0.079636 -0.022366 0.050315 0.102090 0.091034 0.091406 0.144401 0.104201 0.058338 0.091940 0.068188 0.060829 0.069480
-0.093002 -0.034556 0.014154 0.025423 -0.001748 -0.006980 -0.034754 -0.079676 -0.063059 -0.056617 -0.100730 -0.139735 -0.179256 -0.224983 -0.241866 -0.147205 -0.022428 -0.001694 -0.052946 -0.074087 -0.092153 -0.418146 -1.687742 -2.739581 -1.633270 -0.303493 0.052055 0.053991 0.020113 -0.009915 -0.032781 -0.044225 -0.030423 0.003715 0.030544 0.052814 0.075294 0.086863 0.075625 0.034589 -0.002105 -0.007815 0.004572 -0.011044 -0.054202 -0.032428 0.055389 0.175439 0.240396 0.202373 0.082753 -0.050951 -0.120986 -0.141156 -0.152030 -0.116110 -0.046188 0.040400 0.094345 0.149509 0.317508 0.487289 0.333990 0.059586 -0.062123 -0.080686 -0.074065 -0.054356 -0.063019 -0.009328 0.000134 -0.104048 -0.162816 -0.129278 -0.038768 0.049578 0.091160 0.070978 0.033269 0.036058 0.041202 -0.003620 0.013132 0.092582 0.093977 0.009548 -0.037719 -0.023252 -0.005397 -0.051743 -0.133417 -0.170883 -0.155197 -0.162478 -0.139440 -0.076595 -0.149160 -0.254440 -0.144006 0.004570 0.027243 -0.065931 -0.178726 -0.110224 -0.022308 -0.002287 0.070403 0.110907 0.018117 -0.078448 -0.056910 -0.003510 -0.026504 -0.060359 -0.005692 0.108445 0.102529 -0.060583 -0.616894 -1.131239 -0.747915 -0.240507 -0.063084 0.041708 0.094734 0.070486 0.087714 0.106782 0.001660 -0.055126 -0.051495 -0.068258 -0.113699 -0.136131 -0.061277 0.026216 0.041893 0.033605 0.083007 0.137261 0.047237 -0.068319 -0.043481 0.075983 0.165529 0.148031 0.053830 -0.011309 -0.061332 -0.083312 -0.086812 -0.118274 -0.115126 -0.042648 0.044641 0.129303 0.113112 0.023082 -0.079537 -0.111002 -0.016368 0.015911 -0.036052 -0.031703 0.039065 0.120878 0.116468 0.023315 -0.005173 -0.002791 -0.026092 -0.010151 0.037165 0.062976 0.032737 -0.055366 -0.108460 -0.045611 0.028793 0.096063 0.171514 0.165756 0.077505 0.019164 -0.009673 -0.011601 -0.016269 -0.035232 0.003938 0.049941
-0.037339 -0.019413 0.011762 0.050854 0.052052 0.028500 -0.049064 -0.148472 -0.153970 -0.084854 -0.050550 -0.072792 -0.108844 -0.115174 -0.093819 0.002531 0.091166 0.071611 0.002985 -0.032167 -0.077771 -0.303666 -1.086261 -1.713790 -0.998368 -0.162169 0.031685 0.016910 0.005528 -0.030313 -0.086180 -0.110645 -0.090807 -0.051850 -0.023198 0.036869 0.115011 0.150261 0.159130 0.141559 0.076537 0.026136 0.013396 -0.017166 -0.061839 -0.037706 0.039135 0.128379 0.188301 0.153023 0.060762 -0.012250 -0.054522 -0.080678 -0.103957 -0.091371 -0.060306 -0.008549 0.032454 0.142675 0.471166 0.732421 0.435951 0.015841 -0.159262 -0.189638 -0.179810 -0.140691 -0.111380 -0.055133 -0.020682 -0.054212 -0.064628 -0.023134 0.045050 0.075595 0.036464 -0.014958 -0.043467 -0.052233 -0.052532 -0.054226 0.001738 0.070851 0.068143 -0.008631 -0.075697 -0.062693 -0.047028 -0.131244 -0.231262 -0.230161 -0.181076 -0.186642 -0.144888 -0.051434 -0.174435 -0.367558 -0.240327 -0.055111 -0.027304 -0.080954 -0.119893 -0.049904 -0.020479 -0.069302 -0.025880 0.070952 0.053462 -0.052680 -0.087979 -0.057453 -0.035560 -0.000312 0.076036 0.139882 0.083876 0.030768 -0.026373 -0.145588 -0.184247 -0.129982 -0.060865 -0.016454 -0.002943 -0.032613 -0.093187 -0.113887 -0.112945 -0.122767 -0.157396 -0.173530 -0.164447 -0.143832 -0.043299 0.071131 0.061995 0.013918 0.067287 0.149137 0.113349 0.047800 0.029118 0.044356 0.070002 0.025596 -0.069615 -0.056118 -0.060772 -0.100006 -0.098461 -0.115547 -0.098504 -0.026264 0.059650 0.152109 0.162966 0.127805 0.054195 -0.024038 -0.000218 0.031056 -0.006207 -0.028420 0.007111 0.038791 -0.005054 -0.105383 -0.117283 -0.054479 -0.002146 0.047733 0.073200 0.078868 0.032548 -0.073671 -0.120550 -0.027560 0.092630 0.180897 0.273195 0.290395 0.155638 0.010566 -0.050918 -0.077315 -0.153811 -0.182809 -0.085648 0.027833
0.013206 0.019255 0.026161 0.040389 0.053268 0.041034 -0.038698 -0.149690 -0.158359 -0.042128 0.043514 0.029841 -0.006553 -0.010888 0.007918 0.106550 0.167283 0.109893 0.020368 -0.037256 -0.069297 -0.100840 -0.280119 -0.434659 -0.228704 -0.006595 0.008309 -0.014373 -0.005774 -0.031151 -0.075310 -0.094581 -0.101720 -0.088850 -0.077845 -0.021912 0.073520 0.139709 0.152691 0.113579 0.036530 0.008110 0.022710 -0.007479 -0.058389 -0.049370 0.009467 0.078915 0.121667 0.081844 0.042724 0.038820 0.006937 -0.023454 -0.047573 -0.070898 -0.095219 -0.088187 -0.053056 0.039246 0.236042 0.350258 0.127453 -0.130781 -0.198611 -0.165786 -0.180704 -0.196175 -0.155951 -0.101123 -0.044065 0.015685 0.029703 -0.001997 0.003148 0.021971 -0.016873 -0.072256 -0.115231 -0.141384 -0.149902 -0.119664 -0.027175 0.048771 0.073924 0.010821 -0.111733 -0.128268 -0.070370 -0.109870 -0.176471 -0.166976 -0.147793 -0.139577 -0.053385 0.048745 -0.049458 -0.223948 -0.165395 -0.027036 0.003531 -0.006676 0.029938 0.084334 0.054392 -0.043950 -0.054503 0.006739 0.000886 -0.083579 -0.145296 -0.135110 -0.064554 0.033216 0.110016 0.112590 0.026761 -0.035175 -0.082237 -0.177321 -0.207780 -0.093842 0.009896 0.004898 -0.011772 -0.014955 -0.057195 -0.082875 -0.079860 -0.110127 -0.203338 -0.267599 -0.206381 -0.113211 0.003303 0.110266 0.088315 0.032728 0.087408 0.181830 0.191774 0.128207 0.030179 -0.045244 -0.053079 -0.113725 -0.234495 -0.170623 -0.070215 -0.070297 -0.081649 -0.094181 -0.033790 0.116562 0.228676 0.209572 0.159284 0.157589 0.149857 0.122638 0.130388 0.127590 0.055617 0.016006 0.031604 -0.016299 -0.132110 -0.224689 -0.167736 -0.019236 0.075979 0.084440 0.052839 0.043710 -0.010137 -0.107183 -0.096570 0.032943 0.143267 0.213579 0.294679 0.304507 0.155843 0.016577 -0.033374 -0.087040 -0.204939 -0.259193 -0.129852 0.047594
-0.061817 -0.022124 0.026133 0.067351 0.078644 0.048116 -0.016177 -0.093388 -0.096219 0.007572 0.104751 0.092727 0.019832 -0.029807 -0.025574 0.105564 0.192069 0.096129 -0.017768 -0.052213 -0.046503 0.016955 0.038147 0.001067 0.044483 0.140166 0.147222 0.049622 -0.011923 -0.032712 -0.041695 -0.055207 -0.077204 -0.075502 -0.088399 -0.071667 -0.002911 0.036446 0.002995 -0.055030 -0.075640 -0.028015 0.021444 -0.005393 -0.071408 -0.097304 -0.047956 0.037841 0.083425 0.046690 0.023297 0.037977 0.009571 -0.020705 -0.046748 -0.077322 -0.095273 -0.083935 -0.051193 -0.023934 -0.023441 -0.062224 -0.137039 -0.164353 -0.109433 -0.063715 -0.141051 -0.211679 -0.167148 -0.117521 -0.042178 0.081253 0.072284 -0.059944 -0.112963 -0.067320 -0.045616 -0.071995 -0.121142 -0.139382 -0.147394 -0.131684 -0.055976 0.023778 0.089198 0.077163 -0.067978 -0.151591 -0.090851 -0.052315 -0.048492 -0.071396 -0.110479 -0.099386 -0.006134 0.107640 0.122002 0.040431 0.020057 0.090832 0.108192 0.085565 0.136022 0.184139 0.098783 -0.034429 -0.060279 -0.050709 -0.085122 -0.143237 -0.204293 -0.205176 -0.117520 -0.022472 0.010926 0.005000 0.002355 -0.033737 -0.144063 -0.250785 -0.238666 -0.097282 0.018485 0.051125 0.084614 0.099904 0.044571 -0.029698 -0.053371 -0.071011 -0.154082 -0.239056 -0.182981 -0.079909 0.006488 0.064604 0.043089 -0.003916 0.046987 0.150035 0.186395 0.110573 -0.032787 -0.124150 -0.114115 -0.151153 -0.234716 -0.147117 0.004898 0.018494 -0.046645 -0.096360 0.053336 0.577839 0.964266 0.596498 0.171497 0.086743 0.157924 0.261655 0.291759 0.202246 0.062831 0.038728 0.070972 -0.013988 -0.144588 -0.184981 -0.072359 0.088880 0.128350 0.018917 -0.065401 -0.035587 -0.028575 -0.056421 0.027472 0.154750 0.171734 0.172373 0.208117 0.185716 0.064957 -0.010193 -0.024654 -0.064647 -0.165854 -0.229228 -0.093300 0.115189
-0.171280 -0.085669 0.041097 0.155963 0.157791 0.046896 -0.066058 -0.114512 -0.068428 0.025908 0.092120 0.047202 -0.155679 -0.333082 -0.218961 0.058329 0.158720 0.025815 -0.053847 -0.018574 -0.003319 0.067889 0.165973 0.158762 0.138545 0.253660 0.312240 0.109097 -0.084038 -0.127104 -0.085174 -0.047791 -0.023707 -0.010476 -0.031615 -0.030716 -0.004034 -0.030656 -0.121793 -0.185386 -0.148899 -0.065548 -0.043037 -0.098364 -0.159324 -0.182227 -0.123621 -0.002529 0.098704 0.117051 0.063627 0.013820 -0.038548 -0.064276 -0.062511 -0.049321 -0.022505 0.010738 0.018564 -0.020801 -0.090134 -0.158611 -0.170622 -0.091768 0.029588 0.059644 -0.048717 -0.127781 -0.076118 -0.025572 0.052552 0.182148 0.136791 -0.066225 -0.188780 -0.168691 -0.113632 -0.097130 -0.108461 -0.065427 -0.036459 -0.039487 -0.026892 0.017550 0.104415 0.165321 0.044957 -0.122214 -0.146961 -0.068263 0.012052 -0.022006 -0.101624 -0.114887 -0.042586 0.088937 0.217618 0.221437 0.161352 0.174788 0.182471 0.161791 0.204986 0.225658 0.073480 -0.079136 -0.073253 -0.048702 -0.070870 -0.106768 -0.187595 -0.231704 -0.169958 -0.100234 -0.071094 -0.036364 0.028792 0.018438 -0.116514 -0.221157 -0.191717 -0.098560 -0.027279 0.031277 0.070006 0.058694 0.006862 -0.062498 -0.060965 -0.022546 -0.029233 -0.095738 -0.121898 -0.063867 -0.004998 -0.009574 -0.030113 -0.048202 -0.010751 0.056828 0.084734 0.051626 -0.032004 -0.098535 -0.095361 -0.077909 -0.063460 -0.007217 0.053351 0.049392 -0.010295 -0.076174 0.107302 0.922985 1.571482 0.944061 0.206747 0.032023 0.130666 0.303227 0.338277 0.172884 -0.027802 -0.030212 0.071533 0.035822 -0.054906 -0.078147 -0.044882 0.037338 0.057293 -0.067019 -0.143354 -0.098835 -0.066596 -0.026084 0.098450 0.196011 0.192376 0.172667 0.112067 0.030252 -0.031722 -0.042376 -0.020100 0.014453 -0.020619 -0.087367 0.002009 0.168996
-0.179883 -0.088725 0.037436 0.150452 0.127257 -0.037139 -0.178221 -0.189204 -0.066594 0.069450 0.103145 -0.086673 -0.789269 -1.417881 -0.875822 -0.103770 0.055484 -0.052426 -0.037901 0.033859 0.028588 0.084000 0.208305 0.210547 0.143477 0.201823 0.235622 0.026918 -0.189437 -0.237275 -0.156153 -0.055705 0.031877 0.069121 0.050488 0.058359 0.055730 -0.037731 -0.145946 -0.173837 -0.118893 -0.066595 -0.093873 -0.187811 -0.242279 -0.241986 -0.169847 -0.033174 0.101123 0.167947 0.106042 -0.012437 -0.119926 -0.132658 -0.049616 0.040746 0.085712 0.094999 0.069155 0.010795 -0.041050 -0.094785 -0.110592 -0.031610 0.100738 0.126343 0.032875 -0.011446 0.046786 0.080373 0.113988 0.200837 0.161838 -0.029882 -0.211001 -0.267653 -0.213811 -0.132969 -0.053177 0.060854 0.101880 0.054435 -0.013439 -0.008357 0.084396 0.152751 0.046627 -0.108308 -0.146260 -0.040638 0.057243 0.009891 -0.088327 -0.112844 -0.056962 0.038030 0.162994 0.193969 0.157136 0.173988 0.193804 0.179224 0.185359 0.151297 -0.003072 -0.094356 -0.042189 0.007136 -0.004641 -0.050487 -0.148807 -0.229244 -0.219632 -0.150830 -0.048738 0.030651 0.070170 0.029625 -0.093306 -0.167757 -0.141062 -0.107075 -0.092810 -0.060482 -0.047805 -0.070469 -0.107271 -0.132585 -0.074374 -0.007310 0.026361 -0.024366 -0.108759 -0.078046 -0.032745 -0.072579 -0.051941 0.025183 0.070419 0.055870 0.019110 0.003317 -0.012756 -0.051788 -0.096534 -0.074363 -0.004026 0.007190 -0.020473 -0.006397 -0.007420 -0.058406 0.010786 0.507747 0.936499 0.576437 0.153494 0.052908 0.100138 0.189824 0.203521 0.087271 -0.084146 -0.082249 0.063639 0.113110 0.087509 0.039121 -0.053280 -0.075640 -0.039257 -0.073435 -0.095709 -0.089900 -0.151117 -0.126622 0.077528 0.214492 0.260947 0.255473 0.097697 -0.058316 -0.094251 -0.060886 -0.008733 0.060201 0.074499 0.036677 0.069273 0.148410
-0.087610 -0.054028 0.003554 0.068166 0.037187 -0.108108 -0.238353 -0.243750 -0.097710 0.078464 0.124041 -0.181656 -1.342685 -2.389163 -1.513575 -0.320810 -0.037823 -0.077499 -0.008434 0.070213 0.051239 0.067045 0.145239 0.157746 0.114577 0.143951 0.172760 0.037028 -0.135274 -0.194085 -0.141057 -0.044215 0.065379 0.120042 0.090389 0.078042 0.025350 -0.138034 -0.198195 -0.108055 -0.028458 -0.017234 -0.044333 -0.120794 -0.184354 -0.215573 -0.186855 -0.079570 0.038656 0.116832 0.116968 0.022780 -0.140781 -0.201088 -0.094930 0.057856 0.138376 0.137297 0.097521 0.037395 -0.004553 -0.031203 -0.025463 0.006160 0.051447 0.051909 0.023866 0.036607 0.081238 0.085561 0.090294 0.151577 0.154221 0.062286 -0.081861 -0.203241 -0.222752 -0.155823 -0.034558 0.097888 0.131002 0.060910 -0.028971 -0.013980 0.083982 0.100259 0.016954 0.011171 0.082731 0.161926 0.168468 0.046486 -0.084200 -0.118239 -0.077377 -0.024582 0.050269 0.063781 0.057932 0.113812 0.175925 0.165484 0.112094 0.019182 -0.098742 -0.106653 -0.021507 0.039257 0.015638 -0.060785 -0.135888 -0.187290 -0.211504 -0.154777 -0.020897 0.063496 0.078662 0.012646 -0.099847 -0.144325 -0.114983 -0.111017 -0.127105 -0.103730 -0.066819 -0.064594 -0.098665 -0.051221 0.078166 0.068214 0.009307 -0.049720 -0.096773 -0.064550 -0.065625 -0.122059 -0.041461 0.141123 0.213857 0.136180 0.039856 -0.006863 -0.021752 -0.050087 -0.120856 -0.138635 -0.093813 -0.115309 -0.141181 -0.084563 -0.092806 -0.218117 -0.279602 -0.062123 0.172544 0.140810 0.080595 0.084811 0.087914 0.071507 0.041055 0.003761 -0.071447 -0.060741 0.050753 0.137063 0.176462 0.139922 0.021613 -0.062360 -0.055962 -0.059568 -0.068101 -0.127130 -0.383073 -0.485254 -0.091289 0.190657 0.194160 0.130123 0.004451 -0.112271 -0.146259 -0.091601 -0.005392 0.062579 0.100863 0.111213 0.098026 0.087862
-0.016799 -0.046035 -0.046291 -0.006807 0.008692 -0.061610 -0.160048 -0.187018 -0.090595 0.045666 0.088055 -0.112367 -0.852523 -1.533718 -1.030582 -0.291616 -0.069754 -0.058233 0.008021 0.077633 0.039869 -0.009688 0.010836 0.071714 0.115969 0.174779 0.229268 0.167582 0.040634 -0.046878 -0.069673 -0.030140 0.070632 0.143810 0.109078 0.018091 -0.173697 -0.415004 -0.362161 -0.103434 0.025386 0.043293 0.070889 0.063134 0.010721 -0.073800 -0.125290 -0.074226 0.022918 0.102054 0.129955 0.018826 -0.194378 -0.240131 -0.129960 0.017475 0.130232 0.161948 0.141084 0.064332 -0.006351 0.022564 0.098035 0.045935 -0.083614 -0.153075 -0.098138 -0.028091 -0.006742 -0.021171 -0.011576 0.073562 0.146503 0.166655 0.113147 -0.019159 -0.145261 -0.166742 -0.083776 0.011222 0.056463 0.036041 -0.004431 0.008515 0.083658 0.097997 0.098178 0.193319 0.285406 0.302531 0.246712 0.081071 -0.063980 -0.136814 -0.155185 -0.120586 -0.047299 -0.021494 0.004101 0.097629 0.219660 0.216583 0.090293 -0.055500 -0.144597 -0.118382 -0.027254 0.058631 0.045493 -0.040644 -0.064572 -0.045380 -0.051896 -0.037821 0.015472 0.046354 0.054548 -0.012240 -0.117140 -0.146940 -0.103038 -0.094052 -0.083192 -0.015771 0.029989 0.009124 -0.010311 0.153986 0.353538 0.243309 0.054682 -0.042099 -0.048345 -0.022887 -0.061018 -0.097644 0.004318 0.196514 0.297575 0.250786 0.138496 0.050012 0.028337 -0.000929 -0.111071 -0.192899 -0.198622 -0.224187 -0.194153 -0.084625 -0.103837 -0.322501 -0.465217 -0.259505 -0.003993 0.062258 0.067980 0.081217 0.078173 0.057209 0.017817 -0.020357 -0.057854 -0.031086 0.029171 0.085297 0.141992 0.135536 0.065651 -0.000908 -0.012413 -0.024584 -0.042446 -0.164079 -0.572939 -0.791546 -0.269032 0.129377 0.064701 -0.081958 -0.135338 -0.139467 -0.167126 -0.130642 -0.008832 0.107299 0.170900 0.185181 0.130320 0.072304
-0.026708 -0.060531 -0.084822 -0.079041 -0.025952 0.000456 -0.016861 -0.022071 0.026157 0.098292 0.091689 -0.019677 -0.211919 -0.369121 -0.287243 -0.109325 -0.009312 0.003974 0.024939 0.041579 -0.047596 -0.112608 -0.059215 0.054924 0.140320 0.179965 0.212645 0.207329 0.121012 0.020107 -0.036995 -0.036884 0.032962 0.107289 0.085501 -0.037396 -0.299108 -0.559967 -0.440097 -0.106859 0.051794 0.086049 0.134322 0.173946 0.163979 0.078866 -0.005922 -0.017888 0.026223 0.092655 0.090824 -0.121158 -0.347655 -0.209404 -0.003371 0.070536 0.121097 0.150443 0.137188 0.057417 -0.008081 0.083178 0.199089 0.075572 -0.159334 -0.280208 -0.208896 -0.111912 -0.073251 -0.077838 -0.077669 0.006953 0.113359 0.175126 0.180075 0.101460 0.002048 0.012439 0.039539 0.008534 0.022558 0.039389 0.014330 -0.029702 0.002743 0.064364 0.160713 0.253179 0.260195 0.228603 0.193900 0.071442 -0.037700 -0.103677 -0.162249 -0.152153 -0.097434 -0.062760 0.014316 0.166345 0.310909 0.279152 0.108694 -0.030629 -0.082872 -0.079175 -0.024740 0.099366 0.138002 0.054603 0.039289 0.091024 0.128535 0.125733 0.099159 0.080367 0.076929 0.019430 -0.073941 -0.125796 -0.102517 -0.074834 0.013265 0.151721 0.152730 0.027165 -0.009952 0.189801 0.381840 0.304913 0.143862 0.033119 0.008937 0.012277 -0.009158 0.006459 0.085855 0.224034 0.406964 0.497789 0.355778 0.192521 0.158003 0.117226 -0.037317 -0.163692 -0.201746 -0.248274 -0.216892 -0.068893 0.019085 -0.089482 -0.206375 -0.066758 0.125655 0.149616 0.091758 0.054111 0.064463 0.109075 0.095358 -0.006999 -0.103779 -0.094119 -0.036291 0.020708 0.078955 0.094466 0.072512 0.044950 0.037738 0.044208 0.051175 -0.020908 -0.269666 -0.397790 -0.055917 0.179805 0.056120 -0.122042 -0.149635 -0.084964 -0.111643 -0.157486 -0.074093 0.101951 0.238626 0.272887 0.173515 0.086468
-0.128305 -0.111755 -0.112304 -0.109205 -0.019942 0.068568 0.084124 0.076658 0.105973 0.168113 0.128740 0.008271 -0.028276 0.019773 0.043504 0.063928 0.099763 0.098167 0.080402 0.002397 -0.158648 -0.160060 0.000449 0.109046 0.138251 0.130501 0.177480 0.239082 0.130990 -0.006292 -0.051312 -0.047894 -0.013688 0.029084 0.017080 -0.030154 -0.138778 -0.293520 -0.265859 -0.083043 0.036946 0.072372 0.072707 0.102387 0.134000 0.085790 0.025408 -0.008893 -0.027314 0.008313 0.029980 -0.110950 -0.238064 -0.032866 0.194164 0.197768 0.141330 0.107239 0.084487 0.048912 0.019128 0.072249 0.118495 0.027399 -0.068841 -0.098326 -0.098563 -0.084948 -0.048399 -0.029294 -0.036614 0.024340 0.146655 0.233043 0.242326 0.186848 0.198601 0.363032 0.395329 0.228006 0.134084 0.105109 0.017730 -0.127323 -0.138061 -0.015800 0.126859 0.141354 0.057101 0.014900 0.037374 0.016157 -0.004939 0.000010 -0.021183 -0.024053 -0.020813 -0.003622 0.096272 0.280814 0.381702 0.278499 0.106123 0.025823 0.010323 -0.003399 0.008508 0.134706 0.193903 0.091660 0.051190 0.100986 0.151186 0.156654 0.121594 0.107367 0.129113 0.118979 0.050916 -0.043490 -0.083197 -0.065994 0.054443 0.208552 0.179451 0.018599 -0.030994 0.130304 0.285299 0.271389 0.162236 0.049700 0.013756 0.024248 0.048637 0.098949 0.126343 0.202226 0.470722 0.689467 0.504223 0.281386 0.242457 0.216265 0.088890 -0.024976 -0.097058 -0.204370 -0.240165 -0.113129 0.081223 0.171733 0.137317 0.165764 0.239170 0.201869 0.099698 0.019785 0.025730 0.127705 0.159756 0.033845 -0.136993 -0.212496 -0.146682 -0.012442 0.102260 0.168054 0.170241 0.135982 0.092628 0.078046 0.087687 0.130524 0.130492 0.088549 0.156855 0.203342 0.098252 -0.037763 -0.089271 -0.055174 -0.074727 -0.174228 -0.161345 0.086303 0.454792 0.652624 0.403404 0.140927
-0.244670 -0.160959 -0.124445 -0.094508 0.037526 0.140250 0.125323 0.061578 0.048688 0.103180 0.071621 -0.028033 -0.031543 0.058886 0.118803 0.128446 0.136230 0.171487 0.170318 0.003869 -0.224104 -0.201768 0.004647 0.074603 0.039930 0.039873 0.164861 0.288529 0.147887 -0.036733 -0.072835 -0.045139 -0.015919 -0.002475 -0.037460 -0.028121 0.033735 0.015093 -0.029687 -0.009257 0.045140 0.072260 0.020547 -0.000868 0.027258 0.004099 -0.018121 -0.023290 -0.055740 -0.049390 -0.002392 -0.020759 -0.064174 0.073824 0.272332 0.289893 0.174689 0.069900 0.044242 0.051658 0.029496 0.001467 -0.038100 -0.065089 0.014275 0.112184 0.078070 -0.000682 -0.020689 -0.013454 -0.012471 0.067702 0.249682 0.391748 0.414197 0.358908 0.384716 0.571446 0.635441 0.467705 0.324304 0.255336 0.096149 -0.162438 -0.224496 -0.052848 0.065978 -0.051325 -0.182198 -0.194835 -0.121810 -0.035996 0.038326 0.101647 0.138717 0.134234 0.097865 0.116315 0.209240 0.327420 0.328087 0.175978 0.029572 0.013117 0.028204 0.025322 0.020118 0.104810 0.158995 0.080126 0.035015 0.047718 0.057911 0.075790 0.065248 0.058937 0.106439 0.163058 0.147764 0.047361 -0.050113 -0.074235 0.014195 0.129823 0.126290 0.041874 -0.002787 0.096781 0.230810 0.233925 0.104760 -0.012311 -0.006505 0.027813 0.053582 0.090799 0.082068 0.112457 0.321219 0.498654 0.381666 0.266017 0.262054 0.247724 0.146320 0.028182 -0.080754 -0.202653 -0.242114 -0.129126 0.076213 0.225191 0.188261 0.136734 0.178380 0.159695 0.057838 -0.046293 -0.065452 0.046404 0.113797 0.029004 -0.144407 -0.249691 -0.150518 0.037157 0.167494 0.241519 0.235323 0.197967 0.154040 0.104084 0.067301 0.139593 0.197382 0.119144 0.043689 0.042364 0.031331 -0.005769 -0.081815 -0.096507 -0.065111 -0.118699 -0.138099 0.117124 0.673829 1.050233 0.659429 0.189466
-0.259576 -0.144432 -0.099410 -0.071790 0.052367 0.135145 0.117017 0.046988 -0.005226 -0.005120 -0.042588 -0.088696 -0.053262 0.026604 0.059404 0.039878 0.043834 0.120800 0.163922 0.015672 -0.213305 -0.246793 -0.098636 -0.048706 -0.087078 -0.046197 0.090265 0.175615 0.072146 -0.045996 -0.028036 0.027384 0.064077 0.068804 -0.009415 -0.034619 0.046890 0.072505 0.033689 0.020878 0.062624 0.124601 0.091665 0.032441 0.028519 0.006687 -0.019899 -0.011546 -0.035220 -0.058838 -0.021522 0.001221 -0.025344 0.051412 0.220887 0.281595 0.189307 0.070846 0.028904 0.023528 -0.004030 -0.048850 -0.098072 -0.101706 -0.017949 0.088617 0.082647 0.015103 -0.023466 -0.022611 -0.002079 0.115187 0.318697 0.448850 0.509852 0.488748 0.459042 0.563389 0.617405 0.513430 0.443997 0.417650 0.248256 -0.024793 -0.103253 0.023566 0.035519 -0.174797 -0.296187 -0.279367 -0.186685 -0.054683 0.044052 0.126577 0.206854 0.195127 0.141667 0.160151 0.228418 0.247485 0.141868 -0.029226 -0.116357 -0.050926 -0.001491 0.001031 0.019246 0.090408 0.150138 0.152948 0.127331 0.063313 0.000329 0.010532 0.028185 0.044781 0.113408 0.199710 0.205045 0.111564 -0.010229 -0.057123 -0.003508 0.072118 0.101496 0.083338 0.025305 0.063742 0.184826 0.206709 0.066158 -0.041972 0.005763 0.041389 0.027683 0.018433 0.003774 0.022857 0.108053 0.177291 0.177619 0.202389 0.206516 0.174928 0.096507 -0.027230 -0.155752 -0.254188 -0.255390 -0.136476 0.030551 0.135518 0.057523 -0.020980 0.056909 0.096364 0.000034 -0.114090 -0.134191 -0.037904 0.027880 -0.005779 -0.109659 -0.186461 -0.094994 0.064152 0.150548 0.170033 0.131743 0.119179 0.136966 0.124605 0.106712 0.136498 0.099869 -0.026576 -0.132424 -0.131431 -0.074448 -0.032224 -0.107082 -0.143097 -0.062250 -0.057220 -0.117355 -0.006010 0.415057 0.778066 0.563473 0.219303
-0.173717 -0.090344 -0.056599 -0.041690 0.047245 0.097549 0.088185 0.049253 -0.015626 -0.074185 -0.126962 -0.129597 -0.066965 -0.013740 -0.035693 -0.097982 -0.090960 -0.019154 0.028966 -0.020590 -0.153757 -0.203316 -0.131422 -0.100452 -0.120669 -0.071324 0.008833 0.029931 -0.003197 0.003844 0.098968 0.175376 0.197204 0.176875 0.067183 -0.029319 -0.034648 -0.022028 -0.032818 -0.037319 0.014910 0.094439 0.068542 0.031207 0.062657 0.063027 0.011825 -0.012403 -0.057011 -0.092928 -0.022669 0.044507 0.026165 0.050386 0.143300 0.201935 0.176409 0.095409 0.025244 -0.022285 -0.068425 -0.096056 -0.095556 -0.091062 -0.094515 -0.063339 -0.041769 -0.034085 -0.044610 -0.034996 0.005421 0.165537 0.369587 0.401254 0.425836 0.414548 0.380374 0.508931 0.598696 0.492901 0.444705 0.460643 0.370768 0.225350 0.155092 0.169477 0.132279 -0.036985 -0.182037 -0.254696 -0.219733 -0.093254 0.010257 0.099946 0.190737 0.198367 0.179732 0.178324 0.185981 0.150674 0.011875 -0.150750 -0.202607 -0.129592 -0.092414 -0.090543 -0.020044 0.101175 0.191734 0.260772 0.274196 0.171471 0.031769 -0.020561 0.006099 0.089133 0.206078 0.279422 0.261508 0.169774 0.056999 -0.000022 0.020489 0.076202 0.115127 0.099024 0.035633 0.038803 0.123471 0.192640 0.128733 0.048755 0.065785 0.066983 0.020548 -0.041314 -0.055364 -0.014051 0.025497 0.051271 0.096933 0.153208 0.140650 0.095010 0.044436 -0.047162 -0.147408 -0.211765 -0.200538 -0.100976 0.022504 0.083304 -0.003890 -0.074478 0.006739 0.075096 0.029995 -0.043315 -0.069860 -0.035724 0.002937 0.014605 -0.021699 -0.122425 -0.142697 -0.047497 0.056979 0.101233 0.077357 0.057123 0.052867 0.077459 0.154014 0.166692 0.005149 -0.223921 -0.378216 -0.267319 -0.069423 0.025841 -0.036675 -0.089311 -0.013375 0.016917 -0.083403 -0.117404 0.124666 0.415278 0.410579 0.292052
-0.037996 0.014357 0.042625 0.026135 0.038715 0.044981 0.034104 0.007535 -0.048888 -0.113690 -0.133271 -0.088799 -0.023066 -0.026281 -0.097078 -0.152794 -0.136967 -0.101377 -0.083692 -0.061247 -0.085490 -0.100890 -0.043232 -0.002337 -0.045382 -0.046136 -0.001766 0.009067 0.012036 0.065922 0.159232 0.223413 0.224580 0.174138 0.079372 -0.028879 -0.106414 -0.102846 -0.067264 -0.070931 -0.060262 -0.042276 -0.080340 -0.044719 0.042228 0.058203 0.012054 -0.032190 -0.090384 -0.114165 0.000321 0.115754 0.088030 0.038679 0.044262 0.097292 0.142450 0.109795 0.027847 -0.054169 -0.148778 -0.201245 -0.166039 -0.111417 -0.126708 -0.185350 -0.204830 -0.133017 -0.079302 -0.040733 0.032460 0.233865 0.413231 0.305016 0.199940 0.182407 0.258182 0.629247 0.944214 0.719424 0.502198 0.473776 0.391634 0.286051 0.217720 0.215542 0.238335 0.180062 0.025518 -0.172512 -0.251401 -0.151765 -0.017322 0.064879 0.131885 0.176018 0.178094 0.124354 0.076296 0.052080 -0.011419 -0.107803 -0.168533 -0.190783 -0.201441 -0.146277 -0.017715 0.121197 0.221019 0.314607 0.363383 0.257043 0.054328 -0.056579 -0.032990 0.069233 0.193062 0.259717 0.261573 0.203254 0.112203 0.038292 0.027138 0.086784 0.152775 0.144264 0.097799 0.088160 0.125259 0.218709 0.239359 0.177703 0.127981 0.099682 0.043802 -0.049852 -0.059438 -0.000007 0.033871 0.047619 0.081273 0.128952 0.127506 0.080573 0.038205 -0.010170 -0.071689 -0.118318 -0.107408 -0.031591 0.067868 0.139234 0.088934 0.022949 0.036497 0.068241 0.082146 0.072606 0.035382 0.005500 0.008764 0.029654 0.014172 -0.119558 -0.283276 -0.301580 -0.117062 0.089903 0.180124 0.143676 0.054421 0.057996 0.163665 0.144721 -0.076715 -0.379634 -0.603683 -0.359804 0.009816 0.162872 0.150994 0.126419 0.190612 0.209295 0.082252 0.012341 0.172154 0.335113 0.307241 0.263305
0.050332 0.127722 0.167081 0.095578 0.008857 -0.030390 -0.028832 -0.042913 -0.072136 -0.091775 -0.054577 0.022211 0.066067 0.004796 -0.090128 -0.117875 -0.102644 -0.104125 -0.124457 -0.100408 -0.050525 0.009598 0.171806 0.299477 0.143635 0.015448 0.044255 0.058581 0.043808 0.057462 0.054851 0.046608 0.061352 0.064164 0.057386 0.014181 -0.086671 -0.114439 -0.057138 -0.046318 -0.081165 -0.104537 -0.101844 -0.051021 -0.008316 -0.006543 -0.017601 -0.033405 -0.054071 -0.061646 0.032639 0.127633 0.061700 -0.044062 -0.072886 -0.007877 0.096740 0.123762 0.051782 -0.037690 -0.138233 -0.226685 -0.214384 -0.119452 -0.088545 -0.203758 -0.321927 -0.257099 -0.138131 -0.063740 0.055886 0.282170 0.384947 0.179370 -0.014342 -0.004633 0.202461 0.754821 1.243126 0.928084 0.524905 0.405338 0.294867 0.164233 0.077165 0.075784 0.140570 0.173739 0.099832 -0.028625 -0.089499 -0.048292 0.033960 0.053486 0.072146 0.128498 0.120122 0.027431 -0.045308 -0.055694 -0.022852 -0.013432 -0.036051 -0.091600 -0.113265 -0.016570 0.093661 0.153181 0.195965 0.274596 0.332923 0.226263 -0.000205 -0.103867 -0.069376 -0.037888 0.035490 0.120966 0.135423 0.096323 0.040083 -0.016464 -0.023632 0.068151 0.194182 0.230148 0.210476 0.200333 0.212745 0.249690 0.251628 0.209394 0.150302 0.112471 0.055675 -0.035340 -0.044236 -0.000647 0.037802 0.068405 0.086402 0.129242 0.146656 0.090573 0.041819 0.020770 -0.015460 -0.045147 -0.014819 0.046048 0.097277 0.168614 0.186860 0.140795 0.086533 0.061409 0.066309 0.046364 0.017598 0.000454 -0.024181 -0.040791 -0.043564 -0.153216 -0.522265 -0.816299 -0.519396 -0.042756 0.212344 0.213856 0.115239 0.082807 0.117324 0.078422 -0.050354 -0.236353 -0.415689 -0.202185 0.108884 0.250268 0.296919 0.315222 0.337042 0.305477 0.190485 0.146801 0.233813 0.253381 0.178970 0.151449
0.084625 0.144608 0.176786 0.100444 -0.021684 -0.071511 -0.047758 -0.031143 -0.016551 -0.004750 0.021569 0.063787 0.062752 -0.010688 -0.070412 -0.068577 -0.045575 -0.061426 -0.120916 -0.123379 -0.040262 0.063084 0.306554 0.532097 0.334039 0.126285 0.111400 0.086747 0.032706 0.010064 -0.061968 -0.138226 -0.091901 0.003128 0.076525 0.092685 -0.002349 -0.071624 -0.052581 -0.068405 -0.109201 -0.074097 0.008943 0.022141 -0.012223 -0.013692 0.013401 0.025648 0.020375 0.005564 0.057166 0.104110 0.025758 -0.062117 -0.087467 -0.060687 0.051683 0.147399 0.108516 0.037803 -0.010220 -0.081556 -0.093063 -0.020307 0.011331 -0.112940 -0.295080 -0.287803 -0.165688 -0.077196 0.107457 0.385924 0.419748 0.175677 -0.033153 -0.017557 0.161902 0.450449 0.703709 0.569050 0.317986 0.178393 0.097497 -0.010530 -0.113677 -0.118331 -0.032614 0.046646 0.064147 0.102519 0.167789 0.173207 0.146406 0.070969 0.019601 0.065355 0.085717 0.025828 -0.038356 -0.049522 -0.010012 0.023466 0.069284 0.091305 0.117290 0.179270 0.175936 0.134216 0.128935 0.173561 0.221467 0.157959 -0.025187 -0.122579 -0.145754 -0.211179 -0.121740 0.039849 0.054914 0.006552 -0.036840 -0.088487 -0.084882 0.029208 0.165085 0.215128 0.236074 0.258381 0.242777 0.168916 0.109096 0.106668 0.096512 0.089064 0.067785 -0.003063 -0.031962 -0.037369 -0.013301 0.033760 0.051365 0.086196 0.085413 0.013959 -0.010070 0.001999 0.001500 0.014627 0.058634 0.067230 0.052824 0.124456 0.208264 0.171243 0.060350 0.019079 0.028151 -0.023745 -0.048792 -0.047585 -0.091270 -0.136302 -0.101320 -0.113402 -0.591156 -1.147769 -0.863371 -0.278858 0.045553 0.111579 0.088847 0.075401 0.078547 0.100210 0.105059 0.037767 -0.062271 0.024306 0.154943 0.235085 0.272862 0.262668 0.203724 0.150093 0.123535 0.129339 0.154973 0.116529 0.066531 0.045922
0.023921 0.046799 0.087129 0.085211 0.008183 -0.057507 -0.073853 -0.030520 0.052370 0.074751 0.055593 0.046365 0.003304 -0.062213 -0.076912 -0.053811 -0.018453 -0.031241 -0.108122 -0.132902 -0.072542 -0.054892 0.013329 0.200291 0.213233 0.175752 0.144417 0.052753 -0.014957 -0.016263 -0.067852 -0.150747 -0.113014 -0.020914 0.017222 0.029414 -0.002580 -0.042571 -0.061833 -0.141592 -0.184671 -0.087743 0.037640 0.041985 0.005973 0.034126 0.090331 0.104573 0.067667 0.025536 0.053914 0.093079 0.033252 -0.031990 -0.061376 -0.085618 0.010929 0.159241 0.164505 0.110253 0.088057 0.030019 0.014436 0.071406 0.091966 0.001843 -0.148528 -0.172758 -0.093759 -0.007606 0.205812 0.494199 0.473443 0.236599 0.076199 0.075188 0.148304 0.145406 0.106627 0.099527 0.079853 0.012088 -0.066786 -0.172757 -0.241211 -0.196933 -0.090317 -0.005845 0.037724 0.116792 0.217741 0.241145 0.176949 0.064027 -0.007672 0.029993 0.053703 0.028055 0.011412 0.038460 0.051744 0.024947 0.053233 0.101083 0.160931 0.203488 0.167250 0.123364 0.126701 0.139280 0.156940 0.153822 0.060887 -0.051103 -0.175189 -0.268023 -0.127987 0.042429 0.061474 0.020043 -0.047863 -0.129894 -0.136081 -0.039989 0.050227 0.087529 0.123955 0.156597 0.127001 0.028377 -0.032593 -0.018844 0.000423 0.049728 0.095412 0.065043 0.024439 -0.034402 -0.053072 -0.029485 -0.030942 -0.016868 -0.030466 -0.084596 -0.060767 -0.015728 0.021235 0.057679 0.068749 0.025359 -0.004477 0.055402 0.123287 0.085924 -0.002997 0.008127 0.053115 -0.007624 -0.059277 -0.064685 -0.073281 -0.087947 -0.026255 0.063605 -0.213622 -0.715150 -0.723365 -0.437871 -0.196476 -0.058635 0.028050 0.078625 0.110940 0.185759 0.211668 0.150614 0.111561 0.140452 0.167340 0.198398 0.181873 0.091019 -0.036616 -0.079568 -0.025918 0.026901 0.046061 0.017210 -0.002596 -0.005761
-0.046631 -0.021770 0.038958 0.088703 0.053957 -0.045887 -0.127858 -0.097035 -0.008955 0.002620 -0.007724 0.006372 -0.019897 -0.057771 -0.058406 -0.049894 -0.037992 -0.061067 -0.133800 -0.177481 -0.159454 -0.218377 -0.293371 -0.156498 0.034602 0.161358 0.125176 -0.012632 -0.061133 -0.015336 -0.012482 -0.074470 -0.084778 -0.071890 -0.115331 -0.118643 -0.074530 -0.049285 -0.056806 -0.143217 -0.200505 -0.149678 -0.085616 -0.074073 -0.065199 -0.005133 0.076972 0.095859 0.049739 -0.010675 -0.015685 0.041368 0.035921 -0.023114 -0.069157 -0.098957 -0.025427 0.100410 0.115299 0.072203 0.070702 0.049678 0.036492 0.053234 0.041697 0.000172 -0.033787 -0.019480 0.008287 0.072604 0.199136 0.343733 0.315103 0.162027 0.063846 0.053194 0.094598 0.066083 -0.023656 -0.051109 0.027711 0.048745 -0.089749 -0.258826 -0.330840 -0.283434 -0.142385 -0.012096 0.013875 0.016470 0.062938 0.135019 0.099707 0.001661 -0.028411 0.017470 0.002596 -0.008829 0.044522 0.100762 0.092647 0.013446 -0.021166 0.003573 0.039167 0.058714 0.078535 0.128796 0.183242 0.195926 0.199940 0.229078 0.183937 0.044274 -0.092401 -0.101125 0.000648 0.022298 -0.005971 -0.023131 -0.093827 -0.178115 -0.192162 -0.143286 -0.097714 -0.046998 0.021789 0.059773 0.025327 -0.025262 -0.026653 -0.010997 -0.007211 0.036638 0.099385 0.122350 0.101676 0.019196 -0.003070 0.017490 -0.034665 -0.066182 -0.054073 -0.055361 -0.012048 0.031903 0.067595 0.080901 0.048887 0.004062 0.013871 0.060327 0.072348 0.042204 0.028990 0.087812 0.132897 0.065788 -0.036156 -0.045734 0.016768 0.046062 0.082760 0.154967 0.085507 -0.181793 -0.366838 -0.393333 -0.272536 -0.090983 0.039207 0.095062 0.123929 0.188552 0.187728 0.136515 0.155627 0.179836 0.180857 0.214283 0.178272 0.035551 -0.127956 -0.190154 -0.160212 -0.087672 -0.012680 0.003998 -0.010036 0.000727
-0.002308 0.029993 0.065373 0.072349 0.020347 -0.070266 -0.145799 -0.153277 -0.145288 -0.169418 -0.139848 -0.072003 -0.046194 -0.033842 -0.030971 -0.041703 -0.038075 -0.052655 -0.127856 -0.204737 -0.201125 -0.197338 -0.194790 -0.084278 0.070539 0.171760 0.095549 -0.030107 -0.020872 0.042068 0.046629 -0.029490 -0.121386 -0.214782 -0.292517 -0.235494 -0.109872 -0.028367 0.010899 -0.016953 -0.073935 -0.107198 -0.102180 -0.081440 -0.114956 -0.105108 -0.002807 0.063116 0.051509 -0.034845 -0.101815 -0.034565 0.038571 0.009218 -0.052406 -0.064841 -0.011941 0.024974 0.000022 -0.024580 -0.009785 -0.009327 -0.034343 -0.062988 -0.091456 -0.071222 0.018812 0.083225 0.069472 0.092323 0.110929 0.108660 0.081889 0.013095 -0.039409 -0.046086 0.025493 0.060944 0.026525 0.010618 0.103275 0.118895 -0.070481 -0.269737 -0.350254 -0.304981 -0.104012 0.093002 0.091661 -0.006239 -0.027703 0.068121 0.072995 -0.009000 -0.062065 -0.053892 -0.042465 0.007877 0.094907 0.098829 0.054419 -0.002074 -0.022457 0.021367 -0.014263 -0.101206 -0.054567 0.102326 0.223767 0.263856 0.261869 0.278450 0.219045 0.042674 -0.108705 -0.128968 -0.128148 -0.150077 -0.144266 -0.135682 -0.183114 -0.215371 -0.202044 -0.186052 -0.177130 -0.134952 -0.001855 0.123592 0.090407 0.024910 0.061950 0.089310 0.048778 0.021739 0.057512 0.118243 0.132490 0.076796 0.098307 0.147960 0.063810 -0.022131 -0.011342 0.035196 0.095143 0.115560 0.113699 0.098273 0.053956 0.021159 0.060548 0.105745 0.087510 0.059262 0.096957 0.175629 0.196643 0.121556 -0.018569 -0.044647 0.039065 0.055174 0.031658 0.043162 0.063512 0.022992 -0.061281 -0.159353 -0.118777 0.010032 0.044177 0.040361 0.078244 0.149810 0.133038 0.087344 0.124804 0.152844 0.171469 0.235068 0.211113 0.007859 -0.224885 -0.247975 -0.166867 -0.078557 0.008700 0.054995 0.058185 0.081620
0.046950 0.077008 0.057839 -0.002263 -0.074817 -0.117683 -0.132843 -0.138513 -0.156944 -0.168466 -0.131244 -0.087148 -0.063170 -0.027061 -0.014376 -0.016706 0.013475 0.024364 -0.060495 -0.153988 -0.115300 -0.031015 0.021990 0.118123 0.246149 0.224930 0.056611 -0.012894 0.084293 0.149565 0.119770 0.013863 -0.138444 -0.326630 -0.456612 -0.369290 -0.153025 0.001797 0.083216 0.099729 0.056244 -0.002016 0.011693 0.006784 -0.156215 -0.214349 -0.068579 0.044587 0.048114 -0.028162 -0.093832 -0.043036 0.029290 0.013832 -0.028029 -0.002770 0.050689 0.015785 -0.047706 -0.075568 -0.119808 -0.167595 -0.181789 -0.170855 -0.147582 -0.054042 0.090580 0.152320 0.115143 0.079860 0.009741 -0.033298 -0.024630 -0.030541 -0.049855 -0.040658 0.030399 0.053200 0.018634 0.022581 0.095453 0.068310 -0.088279 -0.198140 -0.213086 -0.143808 0.048512 0.220886 0.184515 0.004546 -0.087119 -0.020325 0.055419 0.040938 -0.143228 -0.281094 -0.114629 0.098529 0.175895 0.080360 -0.009618 -0.023286 -0.003013 0.049874 -0.030076 -0.189549 -0.128850 0.077382 0.204499 0.253153 0.241287 0.224945 0.142730 -0.049494 -0.216960 -0.251596 -0.259998 -0.273812 -0.246402 -0.193432 -0.171765 -0.146688 -0.114124 -0.122184 -0.164262 -0.189132 -0.059227 0.152496 0.185681 0.109285 0.113122 0.112605 0.050726 0.003641 0.042218 0.116024 0.142887 0.119834 0.166050 0.215549 0.114218 -0.007076 -0.012441 0.054092 0.124306 0.127492 0.105713 0.091335 0.057491 0.032435 0.062396 0.093039 0.071887 0.043292 0.089386 0.170174 0.166017 0.101962 0.009630 -0.009648 0.040509 0.019091 -0.034337 -0.046500 -0.021647 0.019407 0.035168 0.008362 0.064431 0.081093 -0.034411 -0.077708 0.010100 0.130149 0.124415 0.041480 0.022502 0.053693 0.117877 0.211200 0.189108 -0.086005 -0.368007 -0.281023 -0.079888 -0.001404 -0.000632 0.031152 0.103284 0.166045
-0.006989 0.028782 -0.006602 -0.089865 -0.146166 -0.137878 -0.095586 -0.074599 -0.087522 -0.089884 -0.075085 -0.069671 -0.063379 -0.023187 0.001945 0.003583 0.043582 0.076508 0.021196 -0.048980 -0.011849 0.045230 0.062598 0.162125 0.313352 0.186167 -0.062768 -0.085857 0.067559 0.163847 0.161994 0.094065 -0.044961 -0.293803 -0.637834 -0.786888 -0.450065 -0.079350 0.076437 0.105871 0.065616 -0.000386 -0.018806 -0.074231 -0.252282 -0.278069 -0.099818 -0.000966 -0.016024 -0.018180 0.019777 0.059523 0.038037 -0.025729 -0.035839 0.048693 0.140975 0.087340 -0.042322 -0.160689 -0.297757 -0.384208 -0.341648 -0.240379 -0.158094 -0.056414 0.078864 0.176402 0.172817 0.107926 0.006248 -0.022147 0.044880 0.084834 0.044426 0.043288 0.090609 0.037096 -0.064762 -0.071187 -0.013631 -0.055616 -0.170032 -0.202177 -0.180045 -0.104602 0.040000 0.140393 0.051699 -0.177483 -0.291668 -0.224745 -0.063277 0.010656 -0.245303 -0.481681 -0.182912 0.148019 0.195191 0.058387 -0.045476 -0.043442 0.002710 0.020525 -0.075394 -0.209504 -0.143835 0.035645 0.141835 0.182601 0.164130 0.132610 0.039630 -0.134526 -0.258382 -0.228068 -0.194991 -0.275896 -0.314349 -0.182881 -0.046026 0.004963 0.008326 -0.015713 -0.080665 -0.154815 -0.121175 0.026102 0.159871 0.157399 0.075957 0.001389 -0.003591 0.017482 0.064677 0.121412 0.139532 0.134267 0.166989 0.172082 0.056810 -0.060204 -0.068730 -0.020501 0.039976 0.056242 0.049805 0.059151 0.049701 0.046302 0.061340 0.059311 0.038747 0.022890 0.050995 0.090097 0.045885 0.000994 0.002928 0.029237 0.052456 0.021318 -0.028253 -0.043492 -0.053646 -0.048646 -0.021074 0.034444 0.127913 0.062267 -0.114422 -0.140514 -0.028227 0.091340 0.105099 0.013894 -0.041090 -0.001627 0.071849 0.153220 0.129281 -0.087728 -0.258424 -0.150807 0.040968 0.102102 -0.016054 -0.068264 0.037056 0.114660
-0.109546 -0.044439 -0.063780 -0.148987 -0.177630 -0.093889 0.007286 0.016661 -0.042093 -0.087032 -0.087438 -0.068042 -0.061554 -0.038724 -0.022969 -0.045441 -0.027315 0.017729 0.033899 0.021540 0.005737 -0.019660 -0.023925 0.028674 0.107152 -0.017971 -0.197764 -0.166901 -0.016679 0.099611 0.152083 0.136691 0.020609 -0.256468 -0.813295 -1.244868 -0.830388 -0.257078 -0.017528 0.042309 -0.008405 -0.122581 -0.200763 -0.239882 -0.281883 -0.225390 -0.059950 0.017472 0.007389 0.059591 0.154584 0.184253 0.114424 0.015525 -0.004315 0.091668 0.219125 0.205983 0.015811 -0.221631 -0.400927 -0.473158 -0.401289 -0.267831 -0.152669 -0.077719 0.026161 0.185635 0.236645 0.217916 0.231559 0.230720 0.250971 0.248793 0.143201 0.103850 0.116563 -0.003915 -0.138344 -0.119512 -0.048136 -0.088169 -0.199688 -0.262138 -0.285921 -0.217953 -0.100558 -0.054900 -0.175678 -0.380844 -0.461569 -0.359441 -0.137275 0.014728 -0.101490 -0.249426 -0.068006 0.121591 0.124502 0.045417 -0.028782 -0.023005 0.051314 0.037605 -0.059657 -0.145334 -0.128421 -0.048279 0.026473 0.061346 0.046031 0.037311 -0.027817 -0.163685 -0.213799 -0.087544 -0.025885 -0.168124 -0.251056 -0.096589 0.079942 0.123757 0.069784 0.043691 0.029947 -0.010545 -0.068925 -0.082085 0.063952 0.141278 0.028149 -0.074977 0.012035 0.100789 0.106912 0.119092 0.133923 0.124953 0.096976 0.038489 -0.047543 -0.077681 -0.043262 -0.026848 -0.004448 0.018871 0.018090 0.036556 0.033746 0.042477 0.060550 0.045876 0.034055 0.042161 0.055615 0.034625 -0.048560 -0.078102 -0.045469 -0.012605 0.012087 0.017816 0.006518 -0.001700 -0.058007 -0.112670 -0.085988 -0.010083 0.048555 -0.008146 -0.078894 -0.042258 0.026703 0.046103 0.020268 -0.048674 -0.096356 -0.063110 0.014163 0.093262 0.085393 -0.013849 -0.054871 0.005247 0.165442 0.294483 0.125783 -0.047485 -0.021334 0.011040
-0.105726 -0.033227 -0.050592 -0.115849 -0.111774 0.049333 0.199669 0.135534 -0.006136 -0.082506 -0.075279 -0.034937 -0.028315 -0.053150 -0.093703 -0.148922 -0.150272 -0.105881 -0.022159 0.042267 0.002393 -0.070556 -0.053395 -0.009587 -0.011985 -0.113242 -0.186026 -0.129686 -0.044140 0.045440 0.112258 0.112872 0.030853 -0.178979 -0.585764 -0.914120 -0.695837 -0.315378 -0.108180 -0.021161 -0.064488 -0.198613 -0.285016 -0.269263 -0.217330 -0.134159 0.016365 0.112776 0.125219 0.148809 0.190808 0.204139 0.157380 0.071649 0.036938 0.109484 0.247840 0.326135 0.186073 -0.078267 -0.267872 -0.324900 -0.254872 -0.170150 -0.088644 -0.056077 0.014558 0.195271 0.266190 0.324729 0.484702 0.525369 0.482963 0.414190 0.274611 0.184461 0.123953 -0.025941 -0.147830 -0.099538 0.011023 0.007351 -0.094467 -0.215557 -0.285923 -0.217552 -0.110836 -0.077344 -0.174258 -0.336654 -0.386181 -0.240562 -0.037971 0.083920 0.083318 0.033886 0.043030 0.016936 -0.050267 -0.047051 -0.027409 0.004278 0.075389 0.058303 -0.002258 -0.055573 -0.123538 -0.153615 -0.086823 -0.009079 -0.015907 -0.022076 -0.056109 -0.154929 -0.155051 0.041514 0.135664 0.004524 -0.078478 0.018488 0.153591 0.173101 0.052700 -0.006594 0.036898 0.084009 0.022768 -0.110263 -0.074097 0.011821 -0.052318 -0.089430 0.090424 0.205822 0.164937 0.124777 0.108093 0.073771 0.011589 -0.064839 -0.095104 -0.019860 0.090256 0.104022 0.075155 0.065928 0.036025 0.022312 0.008507 0.030599 0.026619 0.014235 0.034512 0.056105 0.066469 0.029057 -0.042504 -0.041131 -0.021845 -0.023050 -0.014185 0.005045 0.037548 0.059760 -0.015963 -0.105974 -0.073415 -0.002827 0.014702 -0.011985 -0.000643 0.030989 0.024629 -0.012660 -0.043003 -0.072471 -0.134162 -0.167953 -0.105354 -0.003464 0.032860 0.029298 0.041329 0.040579 0.163468 0.362341 0.262133 0.055073 -0.030300 -0.061214
0.041650 0.046753 0.006721 -0.023769 -0.005764 0.162510 0.320072 0.200009 0.018676 -0.038192 -0.009378 0.023016 0.022155 -0.039532 -0.124517 -0.181229 -0.196288 -0.188180 -0.092821 0.030387 0.022606 -0.035075 0.002492 0.050268 0.009019 -0.096859 -0.131444 -0.076003 -0.045069 -0.006986 0.045461 0.059511 0.017430 -0.088736 -0.239889 -0.360605 -0.362396 -0.252887 -0.119668 -0.037823 -0.058504 -0.130148 -0.162025 -0.133493 -0.108789 -0.064439 0.050865 0.152122 0.174629 0.146244 0.129264 0.145318 0.131310 0.083091 0.079953 0.164239 0.308834 0.441310 0.401776 0.180875 -0.026533 -0.091290 -0.013969 0.024410 0.037132 0.023887 0.045241 0.150020 0.187468 0.254349 0.403711 0.523200 0.594537 0.551975 0.422083 0.306593 0.195899 0.086654 0.014516 0.033239 0.119201 0.130451 0.038157 -0.111316 -0.195405 -0.123961 -0.040071 -0.025744 -0.113403 -0.317398 -0.386189 -0.125480 0.072386 0.064065 0.045660 0.057962 0.039857 -0.060182 -0.155663 -0.116677 -0.052730 -0.034033 0.007520 0.005248 -0.001491 -0.006625 -0.097672 -0.170254 -0.085477 0.055960 0.076206 0.041682 -0.008129 -0.106133 -0.140968 -0.008277 0.081386 0.050537 0.026293 0.056471 0.114803 0.105808 -0.028066 -0.126594 -0.078808 0.037185 0.014640 -0.170798 -0.268058 -0.221341 -0.178905 -0.075581 0.165837 0.263181 0.212928 0.134418 0.054324 -0.006025 -0.045777 -0.075846 -0.032176 0.096030 0.215403 0.227369 0.162179 0.093595 0.038551 0.014856 0.023403 0.069990 0.025878 -0.001340 0.015614 0.003972 0.016327 0.034553 0.021819 0.030011 0.031379 0.047442 0.060531 0.032809 0.035212 0.081785 0.065414 0.021116 0.066349 0.142850 0.178213 0.155150 0.092429 -0.010809 -0.104398 -0.097163 -0.008910 0.060292 -0.030021 -0.204369 -0.229056 -0.132056 -0.058453 -0.014664 0.007608 -0.008259 0.053091 0.210672 0.203496 0.055776 -0.095601 -0.187760
0.200953 0.139309 0.075478 0.046649 0.033727 0.118463 0.214894 0.121357 -0.016425 -0.035409 0.024187 0.067097 0.073188 0.010380 -0.074415 -0.109459 -0.126833 -0.165441 -0.117265 0.014099 0.060662 0.047041 0.067108 0.060808 -0.015106 -0.107519 -0.118385 -0.057267 -0.039517 -0.048847 -0.027560 0.000370 -0.009455 -0.034258 -0.041977 -0.096334 -0.194635 -0.182820 -0.075515 -0.013538 -0.038251 -0.062115 -0.044612 -0.032622 -0.041680 -0.010653 0.070255 0.147023 0.162777 0.115275 0.073159 0.082383 0.099907 0.101124 0.105523 0.162287 0.295934 0.433771 0.453385 0.320127 0.171667 0.108434 0.137533 0.146555 0.135376 0.118240 0.101792 0.075973 0.032913 0.036063 0.111302 0.293671 0.462057 0.465273 0.381365 0.299197 0.225539 0.213307 0.213873 0.192206 0.190822 0.149418 0.060396 -0.032389 -0.042563 0.038973 0.032119 -0.035422 -0.126830 -0.370309 -0.486734 -0.144764 0.107424 0.028623 -0.036887 0.002904 0.027193 -0.025036 -0.078744 -0.053220 -0.029445 -0.045017 -0.022662 -0.024456 -0.006945 0.032818 0.006180 -0.030280 0.010307 0.109325 0.158032 0.126664 0.036845 -0.094656 -0.182491 -0.151347 -0.092314 -0.023523 0.015243 -0.040224 -0.103806 -0.102833 -0.143234 -0.219878 -0.179704 -0.019945 0.015591 -0.145964 -0.320992 -0.368472 -0.227834 0.023999 0.229210 0.256181 0.216012 0.138853 0.043317 -0.022669 -0.053444 -0.051337 0.040301 0.173205 0.247714 0.237516 0.165332 0.080731 0.043268 0.050526 0.073739 0.110115 0.074265 0.048909 0.018351 -0.054225 -0.050273 0.013085 0.053728 0.056452 0.041792 0.110140 0.180404 0.113563 0.030289 0.055332 0.099384 0.121010 0.166965 0.242869 0.325534 0.342426 0.219051 -0.005538 -0.182088 -0.163075 0.003183 0.163982 0.126008 -0.098019 -0.197640 -0.157203 -0.125458 -0.115370 -0.104804 -0.100125 -0.077845 0.022483 0.084154 0.008811 -0.165874 -0.299821
0.288123 0.206758 0.139151 0.089307 0.044073 0.064572 0.089583 0.031218 -0.032929 -0.013085 0.050774 0.082895 0.088372 0.051952 -0.011342 -0.053502 -0.084780 -0.131453 -0.114674 -0.004465 0.079384 0.071816 0.041772 0.006653 -0.048628 -0.092475 -0.083614 -0.046922 -0.040875 -0.053859 -0.039842 0.003306 0.019471 0.020545 0.051954 0.005748 -0.124477 -0.128844 -0.023867 0.028676 0.000138 -0.029561 -0.030219 -0.038483 -0.023256 0.044435 0.110374 0.140614 0.131685 0.101881 0.060942 0.056959 0.120560 0.168880 0.134614 0.100522 0.154972 0.225676 0.258153 0.260500 0.222795 0.159755 0.116930 0.109303 0.100691 0.094702 0.083379 0.013074 -0.051194 -0.106624 -0.126154 0.013088 0.172577 0.217015 0.225217 0.215259 0.162384 0.156237 0.165884 0.162499 0.185476 0.137460 0.043603 -0.013358 0.036092 0.138786 0.057083 -0.077432 -0.133143 -0.246904 -0.287916 -0.066775 0.081195 0.011358 -0.024072 0.002741 0.036714 0.063445 0.079834 0.086527 0.063494 0.044229 0.072523 0.077940 0.094294 0.124373 0.148880 0.139316 0.084843 0.094140 0.147352 0.128312 0.024489 -0.084820 -0.122931 -0.096758 -0.061767 0.003807 0.042319 -0.043042 -0.162586 -0.174928 -0.165153 -0.219533 -0.186813 -0.002664 0.086398 -0.014260 -0.209418 -0.377718 -0.243534 0.043166 0.174467 0.151272 0.129679 0.115297 0.099717 0.072142 0.034797 0.017397 0.066673 0.134607 0.155066 0.128092 0.089727 0.055909 0.054570 0.060077 0.048554 0.057722 0.049143 0.031277 -0.012610 -0.084674 -0.100011 -0.066142 -0.018789 -0.005372 -0.038649 0.015051 0.134137 0.121209 0.031577 0.015442 0.020089 0.025799 0.046219 0.090337 0.173820 0.260693 0.231001 0.056934 -0.123836 -0.145072 -0.011367 0.159797 0.184125 -0.001608 -0.111222 -0.107217 -0.130368 -0.147201 -0.135195 -0.148563 -0.177893 -0.108573 -0.016361 -0.032546 -0.188200 -0.329485
0.182899 0.161257 0.144238 0.082069 0.016948 0.036349 0.033339 0.003571 0.036787 0.107588 0.122479 0.082070 0.059151 0.034243 -0.017691 -0.069662 -0.100425 -0.119568 -0.091925 0.007740 0.094513 0.060327 -0.007530 -0.030122 -0.039377 -0.035888 -0.023262 -0.021084 -0.023667 -0.018267 -0.001470 0.040539 0.077983 0.085201 0.096654 0.055174 -0.049805 -0.056118 0.014179 0.048195 0.038461 0.011022 -0.017601 -0.033311 0.011306 0.103367 0.152596 0.130570 0.100797 0.132726 0.152016 0.142872 0.205035 0.251622 0.176380 0.064063 0.022123 -0.000226 0.027358 0.145775 0.202372 0.147026 0.038321 -0.022571 -0.026704 0.012733 0.044869 0.004951 -0.018948 -0.082445 -0.190265 -0.164805 -0.046222 0.029388 0.102397 0.154402 0.115159 0.073570 0.057710 0.094382 0.205543 0.216751 0.131483 0.024693 -0.051334 -0.051494 -0.074271 -0.080305 -0.049228 -0.033083 -0.004460 0.022818 -0.013235 -0.063778 -0.032224 -0.008433 0.005841 0.065229 0.151318 0.208133 0.200063 0.196708 0.224524 0.232150 0.232672 0.226157 0.233951 0.188306 0.086925 0.090705 0.160188 0.138367 0.034132 -0.029192 -0.017964 0.015501 0.051404 0.114733 0.176730 0.207534 0.159333 0.010656 -0.088522 -0.129580 -0.077746 0.087723 0.171714 0.091715 -0.103786 -0.293445 -0.184255 0.030672 0.069536 0.008129 0.007461 0.073129 0.144106 0.151811 0.116888 0.080946 0.069035 0.053965 0.039060 0.037371 0.042603 0.044052 0.077055 0.074285 0.033383 0.025178 0.009720 -0.041166 -0.095978 -0.129201 -0.139036 -0.120696 -0.080974 -0.089113 -0.184162 -0.208086 -0.077825 0.006531 -0.003269 -0.019002 -0.066473 -0.113534 -0.140684 -0.136772 -0.054324 0.112238 0.203062 0.133023 -0.001821 -0.051947 0.033116 0.145009 0.138279 -0.008658 -0.090347 -0.087686 -0.108430 -0.070296 -0.017856 -0.074566 -0.178568 -0.175790 -0.108891 -0.071091 -0.144382 -0.225941
-0.050706 0.020810 0.076898 0.037624 -0.021843 0.016335 0.004885 -0.018570 0.059776 0.151393 0.139837 0.066224 0.031973 -0.000772 -0.064364 -0.106429 -0.085239 -0.052534 -0.030457 0.014708 0.054363 0.010506 -0.050874 -0.064763 -0.047944 -0.011279 0.009568 0.016326 0.026473 0.037862 0.042316 0.059994 0.111230 0.146868 0.139943 0.101265 0.054649 0.045976 0.041154 0.015569 0.014244 0.014829 0.005251 0.015943 0.054667 0.103791 0.127020 0.101965 0.106628 0.208482 0.278563 0.274389 0.301791 0.263615 0.128084 -0.015806 -0.080096 -0.105495 -0.078256 0.048373 0.140091 0.109337 -0.024266 -0.123799 -0.124834 -0.059655 -0.019919 -0.031100 -0.014445 -0.037835 -0.146771 -0.187838 -0.114023 -0.044695 0.023903 0.101404 0.116736 0.086571 0.060727 0.075581 0.144722 0.169099 0.152400 0.109621 0.000447 -0.099315 -0.100756 -0.003348 0.072896 0.115622 0.111594 -0.013240 -0.159465 -0.176370 -0.080169 -0.030805 -0.042380 -0.027894 0.079481 0.205677 0.253094 0.271444 0.288770 0.271686 0.249461 0.261431 0.259960 0.146292 0.032970 0.094626 0.216032 0.201873 0.096918 0.035716 -0.012550 -0.028013 0.039882 0.131792 0.198522 0.276717 0.260518 0.053000 -0.074253 -0.052660 0.042101 0.191971 0.276719 0.209386 0.054924 -0.072431 -0.033419 0.039469 -0.002670 -0.070532 -0.030376 0.084319 0.154592 0.123780 0.063730 0.020305 0.002999 -0.011062 -0.007445 0.031931 0.021436 -0.029058 0.030755 0.104124 0.129113 0.148751 0.097130 -0.044629 -0.147544 -0.144091 -0.118965 -0.102909 -0.089080 -0.119493 -0.213978 -0.265210 -0.177214 -0.088511 -0.066560 -0.046237 -0.050392 -0.090321 -0.139605 -0.164367 -0.101364 0.111147 0.276930 0.227712 0.105561 0.058049 0.105640 0.129447 0.041092 -0.075288 -0.105868 -0.095070 -0.086269 0.008086 0.095490 0.042718 -0.087852 -0.151643 -0.124470 -0.066402 -0.080089 -0.105520
-0.135786 -0.081248 -0.045024 -0.025154 -0.014401 0.041967 0.032759 -0.003958 0.021693 0.080977 0.115100 0.076775 0.029384 -0.020427 -0.071317 -0.071883 0.012032 0.084212 0.066185 0.006269 -0.031583 -0.055320 -0.067482 -0.085549 -0.080446 -0.046878 -0.010680 0.030033 0.060481 0.088348 0.093166 0.073468 0.097193 0.135098 0.132912 0.107915 0.101647 0.117748 0.072637 -0.047716 -0.072243 -0.004962 0.076363 0.134406 0.113850 0.058801 0.078820 0.236238 0.421259 0.413329 0.321959 0.318872 0.364223 0.241895 0.045983 -0.097484 -0.132390 -0.104721 -0.074421 -0.013350 0.035652 0.014905 -0.088230 -0.159223 -0.162760 -0.123816 -0.117641 -0.148880 -0.139168 -0.095628 -0.091960 -0.105765 -0.100758 -0.097188 -0.083236 -0.015019 0.065167 0.097326 0.100973 0.065900 0.019776 0.033254 0.140845 0.270638 0.260841 0.135596 0.062773 0.105108 0.125533 0.119369 0.058148 -0.125728 -0.250251 -0.199155 -0.100805 -0.058309 -0.053993 -0.050085 0.043036 0.150517 0.184729 0.202733 0.228168 0.209385 0.185883 0.238293 0.251422 0.117282 0.013788 0.088642 0.218465 0.237667 0.167498 0.102417 -0.020277 -0.096229 -0.012029 0.086250 0.105458 0.119333 0.097981 -0.028493 -0.100819 -0.076224 -0.007188 0.139231 0.271553 0.247600 0.146396 0.065197 0.017159 -0.033726 -0.087721 -0.107339 -0.036310 0.087055 0.127464 0.057993 -0.027485 -0.082333 -0.088665 -0.049794 0.005973 0.058314 -0.011244 -0.137139 -0.081013 0.056595 0.163582 0.250057 0.220023 0.043641 -0.088057 -0.072213 -0.045923 -0.081241 -0.099449 -0.096424 -0.110334 -0.135684 -0.108737 -0.082133 -0.083288 -0.029620 0.019696 -0.017520 -0.063015 -0.080604 -0.046929 0.161124 0.360228 0.268940 0.119134 0.084443 0.080437 0.038723 -0.064116 -0.123172 -0.091633 -0.041676 0.017770 0.090228 0.121735 0.117484 0.074889 -0.001645 -0.037884 -0.038495 -0.050972 -0.052907
-0.013867 -0.162571 -0.308850 -0.196097 -0.036259 0.065274 0.095484 0.065332 0.029775 0.055828 0.135804 0.108364 0.017951 -0.034411 -0.031852 0.018875 0.110940 0.162245 0.107816 0.009342 -0.049226 -0.058123 -0.040639 -0.061105 -0.099141 -0.121168 -0.092485 -0.030944 0.009676 0.066019 0.093258 0.048275 0.049144 0.095706 0.116866 0.092669 0.074764 0.125222 0.107130 -0.069012 -0.139846 -0.019070 0.166491 0.243199 0.152868 0.053401 0.215646 0.995687 1.672120 1.088505 0.373614 0.243811 0.279647 0.175574 0.016297 -0.087492 -0.081242 -0.006278 0.025326 -0.003571 -0.059072 -0.115126 -0.178065 -0.176740 -0.153830 -0.133711 -0.152008 -0.211529 -0.233871 -0.184888 -0.101640 -0.048621 -0.068861 -0.115130 -0.153295 -0.106686 0.016672 0.091316 0.114609 0.057020 -0.048170 -0.039737 0.176073 0.406079 0.412463 0.266255 0.156357 0.140582 0.088301 -0.010731 -0.119111 -0.212538 -0.170506 -0.062369 -0.053718 -0.061940 0.008065 0.069747 0.120328 0.122888 0.073358 0.079205 0.115407 0.109359 0.105635 0.152130 0.175003 0.113493 0.043952 0.055672 0.135546 0.212040 0.204639 0.151491 0.038520 -0.037419 0.017885 0.088502 0.068006 0.003595 -0.035035 -0.056629 -0.087423 -0.157422 -0.201701 -0.096264 0.082359 0.159457 0.118804 0.037056 -0.034748 -0.114769 -0.170272 -0.160877 -0.096795 0.003548 0.042271 0.003228 -0.052436 -0.081044 -0.071126 -0.017687 0.053315 0.091663 0.009504 -0.104421 -0.095332 -0.040315 0.045171 0.166654 0.212851 0.137806 0.049400 0.026256 0.000732 -0.078851 -0.087830 -0.032027 0.005025 -0.005209 -0.012827 -0.018840 -0.021140 0.056439 0.093223 0.001527 -0.063587 -0.071210 -0.036454 0.105463 0.232903 0.158684 0.061906 0.035929 -0.023537 -0.088927 -0.143994 -0.124311 -0.022111 0.067326 0.125838 0.122215 0.062042 0.084111 0.145583 0.109002 0.042176 -0.014273 -0.039250 -0.036066
0.038012 -0.267194 -0.564220 -0.387811 -0.122772 0.020080 0.108673 0.100946 0.035831 0.042375 0.117630 0.080487 -0.001903 0.000971 0.041457 0.079264 0.115366 0.119581 0.064563 0.020331 0.034172 0.037628 0.033122 0.000726 -0.086365 -0.166472 -0.148540 -0.066040 -0.020966 0.020107 0.036891 -0.019589 -0.002379 0.075890 0.117397 0.085475 0.044109 0.095194 0.121286 -0.006586 -0.105994 -0.039770 0.114834 0.162490 0.098043 0.073385 0.381446 1.646184 2.713042 1.655588 0.443945 0.205242 0.190389 0.101967 0.001624 -0.042279 0.004974 0.111526 0.137016 0.031976 -0.125191 -0.249733 -0.282528 -0.212711 -0.173284 -0.169900 -0.183813 -0.192080 -0.175548 -0.178674 -0.151780 -0.066139 -0.027459 -0.044676 -0.090053 -0.084497 0.031552 0.136535 0.189610 0.122025 -0.041080 -0.081865 0.141206 0.313203 0.279905 0.210027 0.169454 0.152553 0.071654 -0.079287 -0.192310 -0.151807 0.032113 0.150176 0.085749 -0.007483 0.025387 0.105551 0.131160 0.047998 -0.084731 -0.094863 -0.035523 -0.010615 0.000942 0.008964 0.022391 0.018950 -0.026078 -0.053487 -0.007803 0.097566 0.134506 0.128411 0.101850 0.070835 0.063671 0.073216 0.040741 -0.037071 -0.091961 -0.082350 -0.116070 -0.244542 -0.337930 -0.274770 -0.094627 0.063646 0.079879 0.000711 -0.042506 -0.095473 -0.196044 -0.214533 -0.165338 -0.090577 -0.027599 0.004972 0.013971 0.023825 0.016165 0.029874 0.083442 0.096518 0.038575 -0.007202 -0.047352 -0.104205 -0.072144 0.043122 0.136668 0.162919 0.120878 0.068898 0.018400 -0.057178 -0.048593 0.025559 0.060133 0.039238 0.010938 0.003589 0.014485 0.067556 0.065708 -0.023100 -0.066484 -0.060529 -0.012730 0.074767 0.094983 0.035315 0.009704 -0.003174 -0.057191 -0.098188 -0.140423 -0.112170 0.023713 0.116038 0.115128 0.056876 -0.035720 -0.032018 0.040471 0.035442 0.004597 -0.009142 -0.014656 -0.015748
-0.024927 -0.206100 -0.423047 -0.319495 -0.153233 -0.073335 0.021897 0.056053 0.018986 0.032333 0.067755 0.005913 -0.006376 0.085591 0.121584 0.098014 0.073822 0.048381 -0.006137 -0.014134 0.087283 0.135727 0.109670 0.054164 -0.039412 -0.112676 -0.096884 -0.008658 0.047653 0.060734 0.027257 -0.056710 -0.051738 -0.010573 0.013003 0.016790 0.030490 0.093028 0.137155 0.067977 -0.016913 0.008067 0.078532 0.051592 0.016776 0.051778 0.241751 0.995566 1.658820 1.049940 0.359334 0.226518 0.135898 0.023196 -0.021990 -0.000879 0.060516 0.140227 0.139666 0.032190 -0.132233 -0.268216 -0.268643 -0.190154 -0.188404 -0.209315 -0.204855 -0.160041 -0.090355 -0.098721 -0.105973 -0.005088 0.067937 0.047711 0.012128 0.021499 0.097485 0.207524 0.292210 0.219379 0.034612 -0.042465 0.067472 0.075070 -0.002132 0.034625 0.094805 0.112279 0.063088 -0.033043 -0.072635 0.035027 0.220304 0.299234 0.191745 0.004722 -0.063100 0.012341 0.079006 -0.000610 -0.157455 -0.195925 -0.135933 -0.109870 -0.133322 -0.141927 -0.104492 -0.102671 -0.154528 -0.177182 -0.139402 -0.050551 0.008277 0.071477 0.137054 0.119750 0.007019 -0.080657 -0.089481 -0.065805 -0.083059 -0.104346 -0.157779 -0.229157 -0.254623 -0.221620 -0.097844 0.062728 0.101536 0.040513 -0.004878 -0.075837 -0.208103 -0.237139 -0.188808 -0.137659 -0.049690 0.041971 0.088084 0.101570 0.049684 0.007068 0.033155 0.033219 0.004768 0.024890 0.000087 -0.080665 -0.094855 -0.018005 0.080299 0.124518 0.090288 0.057553 0.033556 -0.025224 -0.032531 0.025637 0.052858 0.030944 -0.014679 -0.053300 -0.059590 -0.041068 -0.053912 -0.081919 -0.050975 -0.019390 0.009679 0.085281 0.071775 -0.012742 -0.045438 -0.034597 0.032412 0.109779 0.024793 -0.044708 0.051698 0.115573 0.083164 0.036877 -0.039004 -0.101532 -0.106382 -0.128957 -0.118869 -0.038072 0.005176 -0.005411
-0.115996 -0.117475 -0.196715 -0.173513 -0.125747 -0.121280 -0.062461 -0.007344 -0.010467 0.004388 0.007673 -0.042130 0.051048 0.199804 0.171866 0.075605 0.038877 0.032705 -0.038944 -0.099164 0.016873 0.113663 0.085620 0.040729 0.014932 -0.012772 -0.028934 0.000799 0.048127 0.082885 0.043804 -0.047405 -0.068401 -0.107708 -0.144804 -0.086375 0.019406 0.091370 0.125557 0.082304 0.043685 0.139564 0.218748 0.102554 0.025629 0.067860 0.099186 0.245371 0.403574 0.320412 0.261545 0.247962 0.097594 -0.030949 -0.032805 0.028360 0.072364 0.080187 0.045191 -0.028021 -0.141389 -0.215529 -0.185722 -0.120791 -0.114553 -0.126884 -0.125243 -0.104553 -0.057882 -0.037963 0.019355 0.143231 0.193684 0.134041 0.091656 0.135126 0.176906 0.236550 0.300635 0.221352 0.063255 -0.001956 0.009897 -0.083465 -0.196845 -0.120830 0.009954 0.058048 0.029273 -0.002794 0.037662 0.147155 0.269010 0.292224 0.152126 -0.051692 -0.150043 -0.094841 -0.004934 -0.012384 -0.082839 -0.118160 -0.111506 -0.138956 -0.214161 -0.220006 -0.140058 -0.156373 -0.238949 -0.250000 -0.213793 -0.170680 -0.115154 -0.009491 0.108175 0.080896 -0.114613 -0.252988 -0.202496 -0.069635 -0.027416 -0.048643 -0.105397 -0.125087 -0.095757 -0.081141 -0.011592 0.110892 0.125133 0.072448 0.037109 -0.045618 -0.176118 -0.210415 -0.164421 -0.130764 -0.070145 0.020005 0.074227 0.078569 0.007366 -0.059698 -0.030872 -0.007913 -0.017044 0.030113 0.036947 -0.035104 -0.071777 -0.023554 0.045978 0.061787 0.034194 0.029749 0.027052 -0.029009 -0.073328 -0.040009 0.004770 0.034325 0.029429 -0.038106 -0.079418 -0.050752 -0.036971 -0.033189 0.006401 -0.001574 -0.020096 0.066489 0.086276 -0.012331 -0.082336 -0.034119 0.150494 0.306164 0.185843 0.058427 0.104966 0.120568 0.079242 0.108503 0.121738 -0.003887 -0.128244 -0.191187 -0.153411 -0.029607 -0.004751 -0.063882
-0.130679 -0.049811 -0.070227 -0.080027 -0.049310 -0.040989 -0.016883 0.004604 -0.032570 -0.070953 -0.072573 -0.037348 0.140025 0.270932 0.158866 0.024359 0.012193 0.058823 0.012895 -0.074589 -0.001944 0.083775 0.048757 0.027046 0.063173 0.053907 -0.001910 -0.053860 -0.084091 -0.054843 -0.038125 -0.055679 -0.043113 -0.094954 -0.155370 -0.056471 0.092992 0.120671 0.093802 0.072039 0.079829 0.215361 0.309576 0.156490 0.052681 0.076762 0.049919 0.022656 0.024608 0.057194 0.158212 0.180988 0.068041 -0.018192 -0.024768 -0.002632 0.011982 -0.011760 -0.049944 -0.076070 -0.131359 -0.159032 -0.156990 -0.112092 -0.024507 0.016147 -0.013339 -0.059667 -0.070498 -0.061561 0.012308 0.127256 0.187916 0.184703 0.191439 0.257787 0.270443 0.226065 0.170218 0.070523 -0.027040 -0.072952 -0.078919 -0.134302 -0.205666 -0.128046 -0.021845 -0.002613 -0.031839 -0.035570 0.047419 0.147518 0.213784 0.196231 0.046846 -0.114502 -0.180068 -0.156268 -0.116428 -0.094280 -0.066906 -0.049375 -0.074509 -0.141826 -0.222065 -0.224285 -0.121945 -0.113753 -0.183417 -0.199212 -0.200466 -0.204053 -0.161353 -0.064871 0.043166 0.019143 -0.145161 -0.240307 -0.194419 -0.104400 -0.045355 -0.014200 -0.031084 -0.029479 0.001097 0.004830 0.052527 0.135044 0.126483 0.086294 0.075022 0.009922 -0.104973 -0.152760 -0.114255 -0.088937 -0.079155 -0.018994 0.038962 0.034647 -0.038496 -0.105395 -0.047540 0.030251 0.028067 0.045167 0.046500 -0.026115 -0.062719 -0.024506 0.005177 -0.004614 -0.014694 -0.008743 -0.013810 -0.058919 -0.105596 -0.092595 -0.050859 0.036226 0.120403 0.076242 0.013549 0.051935 0.093305 0.101605 0.087898 0.021951 -0.023917 0.046045 0.086346 -0.010345 -0.084061 0.007448 0.170343 0.246796 0.159473 0.109187 0.163714 0.160493 0.148959 0.327934 0.476532 0.238954 -0.023886 -0.065168 0.012126 0.076424 -0.005934 -0.126420
-0.086051 0.020320 0.025813 0.028424 0.085757 0.087164 0.053391 0.024744 -0.053781 -0.159922 -0.185558 -0.108418 0.049733 0.112818 0.012997 -0.062441 -0.050665 0.036916 0.080412 0.078132 0.133536 0.159995 0.100261 0.075268 0.121683 0.110651 0.029631 -0.074719 -0.168107 -0.165027 -0.110732 -0.057679 0.000354 -0.008231 -0.038755 0.054034 0.176726 0.152480 0.051178 0.029858 0.056677 0.151849 0.211013 0.081938 0.003476 0.006857 -0.022382 -0.060224 -0.094908 -0.100410 -0.039984 -0.001687 -0.023248 -0.048198 -0.079127 -0.104199 -0.095060 -0.089386 -0.087788 -0.059315 -0.060817 -0.087417 -0.185353 -0.218552 -0.063252 0.026346 -0.026555 -0.103305 -0.127820 -0.115524 -0.055936 0.028316 0.107186 0.202727 0.300338 0.371354 0.334993 0.184616 0.007681 -0.089957 -0.122241 -0.157426 -0.155620 -0.142704 -0.119522 -0.042970 -0.038346 -0.093165 -0.112795 -0.089724 0.006092 0.084762 0.101049 0.064554 -0.064558 -0.169166 -0.181315 -0.188616 -0.223792 -0.222301 -0.155217 -0.061211 -0.064844 -0.165228 -0.238599 -0.224485 -0.094478 -0.000810 -0.010621 -0.049877 -0.116356 -0.162745 -0.128573 -0.042466 0.042749 0.042473 -0.023802 -0.065065 -0.095387 -0.124156 -0.096022 -0.056386 -0.039660 -0.001685 0.028349 0.020346 0.067364 0.140936 0.132648 0.089482 0.054375 0.001038 -0.067740 -0.094046 -0.061832 -0.051759 -0.076957 -0.042724 0.017177 0.022659 -0.021729 -0.071363 -0.019500 0.080562 0.080286 0.045050 0.024064 -0.035336 -0.072607 -0.051916 -0.028895 -0.028191 -0.045110 -0.078573 -0.113801 -0.122143 -0.092615 -0.059649 -0.055638 0.006219 0.109475 0.095967 0.037853 0.067424 0.112490 0.126532 0.108195 0.074182 0.045199 0.060462 0.084647 0.017540 -0.022644 0.063986 0.155555 0.188069 0.146667 0.122232 0.175648 0.195916 0.256291 0.567787 0.795984 0.468311 0.126927 0.119681 0.204262 0.190570 0.047695 -0.084094
-0.066562 0.001342 0.007075 0.052651 0.155972 0.139847 0.053762 0.009671 -0.039092 -0.131316 -0.178244 -0.128446 -0.030373 -0.010073 -0.056431 -0.093477 -0.111222 -0.031027 0.069344 0.129743 0.156277 0.129408 0.095545 0.111983 0.181185 0.192423 0.081746 -0.044936 -0.112615 -0.118036 -0.102814 -0.061877 0.014981 0.050221 0.030614 0.049951 0.096323 0.072402 -0.000134 0.003885 0.014978 0.039380 0.056816 -0.024041 -0.046918 -0.020583 -0.023674 -0.058196 -0.116586 -0.151622 -0.130210 -0.118507 -0.146856 -0.166522 -0.188314 -0.190573 -0.151500 -0.113745 -0.105551 -0.089392 -0.057851 -0.052599 -0.194779 -0.284343 -0.099632 0.008858 -0.044973 -0.128169 -0.151636 -0.099764 -0.025894 0.019884 0.074352 0.218390 0.361960 0.365603 0.248847 0.084714 -0.071762 -0.117282 -0.113474 -0.143048 -0.163204 -0.149454 -0.080587 -0.014774 -0.078743 -0.157052 -0.163739 -0.147647 -0.076061 -0.019736 -0.005369 -0.022802 -0.118802 -0.180665 -0.154334 -0.173587 -0.234145 -0.212613 -0.121170 0.003992 -0.006662 -0.162662 -0.250422 -0.233487 -0.098091 0.064162 0.113799 0.078291 -0.005059 -0.097471 -0.110047 -0.024290 0.078512 0.127492 0.125452 0.067983 -0.021395 -0.080226 -0.050690 -0.034395 -0.041309 -0.016352 -0.010734 -0.033488 0.023080 0.110778 0.102212 0.058266 0.011202 -0.023300 -0.058608 -0.099711 -0.090425 -0.072921 -0.090164 -0.056093 0.011168 0.023865 0.010948 0.006047 0.030640 0.063870 0.028749 -0.031435 -0.047890 -0.052893 -0.065914 -0.046694 0.004403 0.009659 -0.063636 -0.143748 -0.181012 -0.132524 -0.027038 0.030771 0.025589 0.038113 0.070470 0.038397 -0.007900 0.013680 0.044150 0.073450 0.107148 0.114983 0.070772 0.013984 0.021092 0.042882 0.094556 0.156524 0.194559 0.232780 0.197920 0.124920 0.126406 0.146386 0.224978 0.482667 0.675747 0.464191 0.216893 0.186249 0.221275 0.209837 0.125426 0.045847
0.007784 -0.034417 -0.081471 -0.027821 0.091799 0.094233 0.044111 0.023018 -0.001729 -0.053046 -0.077986 -0.033722 0.020815 0.007704 -0.007128 -0.025917 -0.074972 -0.046298 0.049403 0.120736 0.096799 0.036104 0.048679 0.118844 0.229871 0.299802 0.200448 0.062230 0.015631 0.006415 -0.031942 -0.038763 0.015807 0.032855 -0.020005 -0.069077 -0.070665 -0.061681 -0.055505 0.009066 0.047407 0.031732 0.004784 -0.043402 -0.029932 0.017845 0.014300 -0.031109 -0.070544 -0.053276 -0.002393 -0.015361 -0.106270 -0.166985 -0.182159 -0.157655 -0.094610 -0.060178 -0.118980 -0.199087 -0.171900 -0.094078 -0.155321 -0.222588 -0.079347 0.022528 -0.001835 -0.088657 -0.134786 -0.071811 0.038495 0.111919 0.159745 0.263586 0.329841 0.227598 0.090953 0.002095 -0.074662 -0.086937 -0.075226 -0.089186 -0.128746 -0.145126 -0.098700 -0.046555 -0.103478 -0.141310 -0.139319 -0.169610 -0.164493 -0.150376 -0.107616 -0.061753 -0.076489 -0.082460 -0.055920 -0.074588 -0.110461 -0.069454 0.021408 0.120768 0.068109 -0.119880 -0.211903 -0.192021 -0.090113 0.036031 0.084198 0.088816 0.070676 0.004719 -0.038036 0.006553 0.070673 0.115434 0.127198 0.076993 -0.002507 -0.049420 -0.019012 -0.010335 -0.023685 -0.008370 -0.025140 -0.070555 -0.036892 0.035309 0.029732 0.013672 -0.001176 -0.014802 -0.081413 -0.202530 -0.210480 -0.131758 -0.101449 -0.027975 0.066119 0.048702 0.007474 0.028137 0.039479 -0.008289 -0.087738 -0.148994 -0.135654 -0.057962 -0.014613 0.025070 0.074900 -0.004831 -0.171975 -0.207232 -0.159541 -0.068904 0.023441 0.061281 0.091227 0.112971 0.102572 0.035915 -0.045933 -0.043081 0.008949 0.070792 0.118562 0.092543 0.029323 -0.033155 -0.005583 0.111612 0.246187 0.306493 0.284955 0.260265 0.199847 0.090842 0.006108 -0.028512 0.028111 0.253777 0.477264 0.399630 0.213027 0.122562 0.105464 0.142693 0.180170 0.202410
0.094522 -0.017275 -0.106881 -0.103172 -0.048038 -0.017308 0.038838 0.066480 0.024725 -0.014870 -0.010891 0.050956 0.074459 0.025206 0.037279 0.078456 0.056093 0.029081 0.067866 0.112022 0.065592 0.011254 0.029817 0.091744 0.213079 0.350242 0.341512 0.212004 0.133577 0.113580 0.055739 -0.002772 -0.014089 -0.045206 -0.104779 -0.153992 -0.175724 -0.176073 -0.129399 0.011200 0.139362 0.120088 0.032738 -0.016778 -0.017527 -0.025521 -0.076997 -0.108730 -0.058976 0.058629 0.143070 0.141176 0.068301 0.009833 -0.024115 -0.048481 -0.017171 0.002064 -0.137703 -0.328482 -0.276103 -0.091137 -0.041372 -0.126579 -0.140563 -0.067488 -0.037954 -0.113763 -0.167333 -0.104120 0.047806 0.200216 0.275657 0.274616 0.200239 0.065998 -0.008926 -0.036034 -0.077833 -0.096289 -0.075741 -0.048959 -0.097639 -0.156143 -0.176623 -0.152986 -0.146635 -0.087710 -0.050077 -0.110936 -0.166049 -0.198657 -0.150737 -0.073539 -0.037524 -0.035955 -0.036079 -0.028808 -0.026710 0.006080 0.092417 0.188652 0.131584 -0.051559 -0.135726 -0.112591 -0.075364 -0.061783 -0.091089 -0.086802 -0.018478 0.057679 0.097178 0.099153 0.059575 0.048678 0.079525 0.087303 0.026210 -0.059624 -0.088889 -0.093203 -0.067513 -0.004630 0.004984 -0.044318 -0.036712 0.000799 -0.011096 -0.006688 0.028266 0.049837 -0.071817 -0.356136 -0.462010 -0.268425 -0.116084 0.026719 0.144999 0.078417 -0.024210 -0.011942 0.018471 -0.030655 -0.126009 -0.204658 -0.177558 -0.044460 0.049022 0.088634 0.069588 -0.127917 -0.337547 -0.251240 -0.091125 -0.008245 0.011767 0.001519 0.033669 0.062578 0.070674 0.020999 -0.097819 -0.094479 0.019731 0.103640 0.113476 0.050815 0.018418 0.006429 0.051322 0.196324 0.350832 0.417704 0.335377 0.224925 0.168023 0.046725 -0.134593 -0.226445 -0.179240 0.055903 0.320495 0.328060 0.176504 0.051103 0.015105 0.095317 0.222293 0.325768
0.025598 -0.008788 -0.045192 -0.058954 -0.050053 -0.051764 -0.038648 -0.026535 -0.054194 -0.033171 0.019161 0.069578 0.044482 -0.024838 0.000943 0.085605 0.117682 0.097206 0.082744 0.056990 0.001460 -0.014006 -0.013402 -0.010952 0.069280 0.220410 0.281975 0.187520 0.102004 0.098224 0.078922 0.009447 -0.049622 -0.090287 -0.113043 -0.125035 -0.155465 -0.190295 -0.159942 0.015747 0.215750 0.211299 0.080909 0.014638 -0.028627 -0.119960 -0.201588 -0.191710 -0.076953 0.083660 0.180147 0.175768 0.113527 0.081985 0.061196 0.003532 -0.017543 -0.017779 -0.182193 -0.391483 -0.274010 -0.024980 0.064348 -0.067939 -0.219788 -0.204135 -0.153074 -0.190616 -0.206919 -0.146416 -0.006255 0.159732 0.228466 0.147270 0.030024 -0.065999 -0.098537 -0.097809 -0.140736 -0.215584 -0.188950 -0.071500 -0.034293 -0.044148 -0.111150 -0.150632 -0.109405 0.012535 0.072522 0.033312 0.000238 -0.040014 -0.037824 -0.026856 -0.037876 -0.083148 -0.111900 -0.078382 -0.062655 -0.041281 0.080915 0.209546 0.165907 0.000468 -0.083343 -0.080216 -0.079635 -0.137982 -0.237272 -0.249557 -0.122748 0.058707 0.158285 0.133378 0.045850 0.022826 0.071685 0.088863 0.023188 -0.076216 -0.143478 -0.156858 -0.097816 0.012706 0.068780 0.031966 0.023358 0.039617 0.020574 0.009292 0.051287 0.102573 -0.026593 -0.426763 -0.660070 -0.403729 -0.139412 0.039558 0.135441 0.048352 -0.058617 -0.046553 0.018977 0.021503 -0.067533 -0.175484 -0.179128 -0.067477 0.043480 0.080568 0.008942 -0.181794 -0.308451 -0.174027 -0.012641 0.027765 0.001755 -0.049144 -0.063776 -0.052500 -0.024399 -0.038847 -0.123374 -0.091268 0.030916 0.098942 0.107058 0.070166 0.067158 0.097188 0.124605 0.180380 0.252209 0.292417 0.209042 0.120452 0.130169 0.013696 -0.225263 -0.338194 -0.294792 -0.116577 0.107718 0.194366 0.130876 0.027935 0.000975 0.089976 0.197233 0.265776
-0.102956 -0.024826 0.026429 0.059291 0.141939 0.145144 -0.049373 -0.176967 -0.153205 -0.035249 0.056642 0.049574 -0.039124 -0.126242 -0.116427 -0.019446 0.071515 0.093585 0.064976 0.007773 -0.033649 -0.009948 -0.019030 -0.081545 -0.086240 -0.000168 0.068516 0.030137 -0.012457 0.011976 0.041691 0.008648 -0.036677 -0.044713 -0.035501 -0.034035 -0.044829 -0.052694 -0.052713 0.047579 0.190563 0.193490 0.087329 0.016853 -0.052793 -0.147620 -0.174788 -0.115467 -0.001646 0.121839 0.181187 0.119151 0.021706 0.023268 0.067807 0.051997 0.005154 -0.035953 -0.158934 -0.280242 -0.177067 0.008319 0.091985 0.007374 -0.125958 -0.151491 -0.136602 -0.168455 -0.175193 -0.152404 -0.077725 0.050298 0.118635 0.039301 -0.049796 -0.113191 -0.132805 -0.120512 -0.180782 -0.326407 -0.369445 -0.198985 0.065601 0.230336 0.169543 0.052306 0.039418 0.123141 0.161802 0.186993 0.250787 0.235803 0.161647 0.073125 0.021939 -0.029496 -0.087440 -0.090049 -0.101783 -0.105594 0.025837 0.180617 0.173245 0.036439 -0.064273 -0.092082 -0.093583 -0.144564 -0.232506 -0.229661 -0.098481 0.056172 0.125832 0.092598 0.021395 0.011068 0.045605 0.046979 0.020137 -0.029132 -0.092588 -0.117178 -0.097033 -0.018374 0.060740 0.066176 0.062958 0.076866 0.065732 0.031056 0.038254 0.073961 -0.006657 -0.261731 -0.424514 -0.265075 -0.085486 0.028033 0.074377 0.010373 -0.057303 -0.058741 -0.020935 -0.006250 -0.062254 -0.143643 -0.159902 -0.093724 -0.010039 0.016008 -0.040846 -0.127865 -0.156762 -0.080130 -0.005416 -0.001552 -0.009479 -0.012951 -0.011128 -0.027921 -0.039943 -0.059499 -0.097349 -0.073966 -0.025034 -0.012436 0.014311 0.052633 0.098629 0.160029 0.165525 0.128300 0.132305 0.156905 0.090775 0.034405 0.059320 -0.042311 -0.236378 -0.326457 -0.302796 -0.204415 -0.051799 0.049368 0.058828 0.044247 0.062196 0.111930 0.134663 0.143486
-0.066290 0.001090 0.062036 0.126765 0.288570 0.357622 0.048030 -0.190780 -0.125238 0.015087 0.067960 -0.002888 -0.124177 -0.202410 -0.182886 -0.096635 -0.004754 0.027319 0.005470 -0.005963 0.017805 0.063763 0.044820 -0.049964 -0.114956 -0.097203 -0.044516 -0.047129 -0.063944 -0.052742 -0.019562 -0.005478 -0.002636 0.019731 0.036325 0.020648 0.041113 0.112433 0.132065 0.130895 0.129394 0.092709 0.048505 0.002684 -0.064634 -0.100809 -0.046461 0.044436 0.139039 0.206889 0.199397 0.077163 -0.038068 -0.008697 0.089718 0.118986 0.072054 0.021209 -0.048152 -0.113120 -0.097893 -0.034013 0.041977 0.083677 0.070460 0.031085 -0.038282 -0.115401 -0.138668 -0.136311 -0.120259 -0.048986 0.034643 -0.009924 -0.081871 -0.077452 -0.033272 0.001985 -0.053741 -0.245818 -0.455291 -0.387434 0.025956 0.341671 0.307346 0.129665 0.080418 0.159757 0.215024 0.280250 0.348356 0.327699 0.246112 0.151980 0.123860 0.109269 0.040613 -0.013914 -0.043970 -0.068771 0.001082 0.135929 0.154780 0.025703 -0.077154 -0.094623 -0.095952 -0.138225 -0.194149 -0.171008 -0.079814 0.011051 0.067793 0.056372 0.002643 -0.008647 0.000970 0.008451 0.053525 0.062982 0.009180 -0.027795 -0.068713 -0.077151 -0.030971 0.009912 0.033271 0.055536 0.051852 0.011877 -0.002286 0.013771 -0.003037 -0.058090 -0.093418 -0.029785 0.029872 0.048201 0.047526 0.014885 -0.015475 -0.044958 -0.064437 -0.060885 -0.083253 -0.117514 -0.109634 -0.067143 -0.038313 -0.042759 -0.052573 -0.036625 -0.023854 -0.024796 -0.032224 -0.045813 -0.007679 0.070358 0.096439 0.025672 -0.023688 -0.034466 -0.072235 -0.099145 -0.120138 -0.143577 -0.121539 -0.042229 0.047199 0.126313 0.166822 0.180235 0.216995 0.216597 0.101724 0.028107 0.028671 -0.043436 -0.158455 -0.236257 -0.254728 -0.202537 -0.100166 -0.032226 -0.002878 0.045760 0.093562 0.108193 0.099396 0.120184
0.144318 0.171872 0.151887 0.172608 0.269315 0.267603 0.015510 -0.161675 -0.076260 0.041545 0.055653 -0.032200 -0.135257 -0.160629 -0.088067 -0.024586 -0.001998 -0.006475 -0.026498 0.002943 0.070490 0.106879 0.074749 -0.008739 -0.073900 -0.073518 -0.032291 -0.024055 -0.041442 -0.063834 -0.055686 -0.010519 0.036211 0.053367 0.024308 -0.043315 -0.006613 0.141313 0.209698 0.191887 0.147218 0.083208 0.064742 0.037611 -0.015320 0.000120 0.084237 0.144384 0.189727 0.215766 0.182007 0.062167 -0.020377 0.023611 0.106101 0.131765 0.106899 0.095577 0.078448 0.029839 -0.003918 -0.000507 0.036682 0.119243 0.166691 0.110903 -0.008870 -0.099103 -0.136146 -0.165680 -0.180548 -0.099751 0.017329 -0.021269 -0.093703 -0.031952 0.051114 0.115100 0.099149 -0.086465 -0.351303 -0.387024 -0.035722 0.285764 0.278036 0.087629 0.046977 0.161520 0.265397 0.350440 0.349038 0.253003 0.155564 0.093051 0.103478 0.142142 0.116547 0.046148 0.013202 0.008308 0.035655 0.148855 0.217022 0.090253 -0.020572 -0.024424 -0.057705 -0.144444 -0.203148 -0.147324 -0.070896 -0.016963 0.049854 0.061402 0.011867 -0.017622 -0.045608 -0.043937 0.028343 0.055092 0.010824 -0.008841 -0.039748 -0.098108 -0.096626 -0.033364 -0.000219 0.013746 0.007872 -0.041042 -0.080147 -0.058941 0.000973 0.047994 0.074482 0.132169 0.149088 0.098388 0.014336 -0.056173 -0.049370 -0.035338 -0.034539 -0.021291 -0.042458 -0.067517 -0.036870 -0.004463 -0.025094 -0.061932 -0.046015 0.041655 0.084469 0.030130 -0.038720 -0.060690 0.016265 0.127025 0.116247 -0.011259 -0.045614 0.016392 -0.013291 -0.079882 -0.127072 -0.164266 -0.201260 -0.198470 -0.134865 -0.030053 0.091248 0.217925 0.314356 0.298294 0.174581 0.117162 0.104509 0.052997 -0.025772 -0.125024 -0.191444 -0.181771 -0.106643 -0.046301 -0.019948 0.020816 0.053969 0.073567 0.104988 0.165439
0.452548 0.615331 0.443927 0.281292 0.259824 0.160805 -0.005028 -0.129449 -0.103714 -0.012737 0.017519 -0.029312 -0.091978 -0.085231 0.044285 0.135637 0.130026 0.088990 0.036294 0.034454 0.072300 0.061660 0.021734 -0.012169 -0.054914 -0.050747 0.000118 0.021203 -0.000391 -0.035861 -0.048555 -0.010391 0.052545 0.054340 -0.031777 -0.145245 -0.111204 0.070431 0.166241 0.187964 0.208337 0.150180 0.084600 0.031698 -0.021450 -0.005508 0.083474 0.138833 0.154927 0.167433 0.138654 0.055500 0.010473 0.044893 0.081793 0.082476 0.086338 0.087607 0.054703 0.022237 0.098693 0.216872 0.192155 0.165935 0.157179 0.080719 0.005287 -0.014895 -0.077142 -0.253870 -0.394265 -0.243024 -0.019729 -0.001075 -0.045660 -0.009246 0.039703 0.093163 0.096134 0.000755 -0.112568 -0.110040 0.084959 0.264049 0.262493 0.148784 0.116755 0.186209 0.280994 0.370884 0.317693 0.133101 -0.006651 -0.029970 0.021053 0.092036 0.113167 0.050070 0.011093 0.045564 0.097977 0.225275 0.382749 0.284521 0.119384 0.085531 0.027694 -0.075945 -0.151943 -0.102815 -0.022774 0.024487 0.084479 0.090173 0.038356 -0.018106 -0.088770 -0.112954 -0.072722 -0.066813 -0.082024 -0.053731 -0.051432 -0.103693 -0.082927 0.013751 0.008212 -0.000856 0.018743 -0.035026 -0.123320 -0.117386 -0.023796 0.038362 0.084922 0.165469 0.192253 0.141344 -0.007177 -0.149196 -0.120290 -0.024073 0.035877 0.071269 0.043447 -0.013829 -0.006574 0.020753 -0.006491 -0.052929 -0.042767 0.065138 0.124376 0.053870 -0.034552 -0.060286 0.020429 0.132778 0.098384 -0.030496 -0.034811 0.061503 0.039556 -0.037367 -0.080882 -0.116114 -0.196287 -0.278106 -0.247626 -0.127416 -0.007167 0.124440 0.250532 0.289677 0.236937 0.197431 0.145820 0.085928 0.036335 -0.047849 -0.144641 -0.179861 -0.087288 0.022623 0.045080 0.037132 0.030367 0.050005 0.096488 0.144288
0.615453 0.916385 0.638461 0.298089 0.200493 0.117397 0.028766 -0.098466 -0.165372 -0.131356 -0.087971 -0.050668 -0.043744 -0.053184 0.050218 0.171442 0.217207 0.197107 0.120707 0.071504 0.065042 0.003806 -0.054243 -0.028116 -0.033637 -0.025868 0.029518 0.051144 0.033983 0.001782 -0.025043 -0.013342 0.039155 0.046147 -0.033227 -0.126544 -0.108593 0.020396 0.095168 0.132554 0.196059 0.166516 0.053967 -0.038831 -0.092603 -0.097747 -0.018353 0.061010 0.091116 0.122489 0.093979 0.027243 -0.003155 0.030999 0.085429 0.094104 0.080573 0.018454 -0.076753 -0.072196 0.156099 0.403953 0.342451 0.189740 0.090605 0.001651 -0.013598 0.050987 0.009175 -0.260843 -0.528177 -0.351190 -0.054570 0.010690 0.001354 0.009195 0.031018 0.056928 0.038048 0.008148 0.027065 0.073956 0.151424 0.202777 0.190333 0.171447 0.168504 0.139505 0.164506 0.249265 0.196329 0.015982 -0.089203 -0.039945 0.047177 0.101590 0.111712 0.054047 0.005905 0.029539 0.086003 0.198340 0.379651 0.345523 0.175580 0.126172 0.101331 0.054861 -0.020000 -0.064128 -0.056984 -0.002418 0.090009 0.116976 0.075633 0.014013 -0.062151 -0.099689 -0.088016 -0.076860 -0.034725 0.018167 -0.014328 -0.064174 -0.009291 0.079921 0.019558 0.016903 0.082553 0.039083 -0.080625 -0.118588 -0.061211 -0.040538 -0.017689 0.056079 0.112485 0.118050 0.025438 -0.074561 -0.041939 0.058479 0.109392 0.132429 0.103236 0.016271 -0.015087 0.013150 0.025909 0.007795 -0.008120 0.039426 0.067828 0.032264 -0.001159 -0.014537 0.036236 0.127564 0.118984 0.083530 0.101522 0.107223 0.032322 -0.021572 -0.021747 -0.037167 -0.107092 -0.162115 -0.101254 -0.025102 -0.013647 0.027030 0.109411 0.164220 0.156812 0.114975 0.045680 -0.012777 -0.028503 -0.062126 -0.149395 -0.187235 -0.076258 0.058257 0.077530 0.041084 0.023070 0.029841 0.027865 0.025014
0.309875 0.507879 0.327174 0.076648 -0.015021 -0.046631 -0.046084 -0.089801 -0.164955 -0.219019 -0.219282 -0.100772 0.043078 0.065918 0.065481 0.119743 0.171687 0.164409 0.099510 0.065392 0.078364 0.043514 -0.010785 0.008366 -0.007901 0.000666 0.074728 0.104578 0.087897 0.026434 -0.040776 -0.054744 -0.016801 0.013490 -0.011909 -0.040222 -0.025686 0.010445 0.021344 0.013057 0.035883 0.055394 -0.003104 -0.074217 -0.097985 -0.098368 -0.077486 -0.031558 0.024356 0.080261 0.047407 -0.019838 -0.027764 0.042568 0.158797 0.200022 0.135359 -0.020609 -0.153035 -0.108044 0.109429 0.300216 0.249221 0.100403 0.010022 -0.029042 -0.039836 0.021170 0.054199 -0.068011 -0.265558 -0.231648 -0.079412 -0.002936 0.029294 0.017018 0.031285 0.050673 0.023094 0.010502 0.033963 0.061389 0.080814 0.093505 0.097990 0.098849 0.084104 0.006348 -0.014258 0.049918 0.036865 -0.034260 -0.049230 0.053634 0.157519 0.167947 0.106781 0.013365 -0.024527 -0.008999 0.047325 0.145143 0.246163 0.211623 0.091244 0.070830 0.105919 0.110669 0.031282 -0.088349 -0.154758 -0.097586 0.040225 0.115191 0.098803 0.065422 0.051996 0.054989 0.060884 0.078358 0.138486 0.163880 0.083336 0.023095 0.038813 0.051953 -0.009887 0.027051 0.102433 0.072568 -0.027163 -0.086367 -0.062788 -0.064448 -0.080644 -0.047285 0.009695 0.020980 -0.025009 -0.020987 0.051327 0.133644 0.157049 0.144999 0.102210 0.009654 -0.039206 -0.003241 0.071598 0.115263 0.095566 0.061867 0.028907 0.029748 0.064943 0.065066 0.070051 0.094037 0.089488 0.137171 0.165428 0.097960 0.008763 0.004848 0.019060 -0.027751 -0.078803 -0.046635 0.051119 0.093242 0.082908 0.100971 0.096411 0.053795 0.026795 0.006214 -0.033548 -0.084152 -0.103803 -0.129680 -0.213309 -0.237978 -0.133959 -0.050978 -0.068277 -0.055306 0.031150 0.077829 0.020134 -0.048705
0.004445 0.046062 -0.045189 -0.145509 -0.156304 -0.127342 -0.065539 -0.024627 -0.085916 -0.217836 -0.260203 -0.109797 0.102587 0.142300 0.070159 0.064530 0.085920 0.065288 0.026260 0.027266 0.072692 0.115856 0.136459 0.133921 0.079251 0.092403 0.166909 0.165025 0.112349 0.003588 -0.109290 -0.146008 -0.108520 -0.047166 -0.031568 -0.020210 0.016454 0.027507 0.014191 -0.040340 -0.098356 -0.069380 -0.040241 -0.038560 -0.016279 -0.004894 -0.050042 -0.067002 -0.017106 0.036889 0.014078 -0.049008 -0.044012 0.038477 0.156860 0.209572 0.146564 -0.018192 -0.140727 -0.088677 0.032019 0.101320 0.036774 -0.068021 -0.068017 -0.000537 -0.030799 -0.058101 0.001664 0.031451 -0.068423 -0.180451 -0.176749 -0.076739 -0.009467 -0.033067 -0.017387 0.026543 0.049918 0.062528 0.007013 -0.060965 -0.070507 -0.020819 0.033261 0.011259 -0.035744 -0.069245 -0.074619 -0.068738 -0.100366 -0.107177 -0.055152 0.088724 0.216586 0.221463 0.120957 -0.010048 -0.042535 -0.018330 0.050487 0.144781 0.159781 0.068355 -0.027372 -0.028131 0.025612 0.037321 -0.036080 -0.133336 -0.171502 -0.108019 0.013657 0.094580 0.106349 0.086944 0.114121 0.178397 0.184817 0.149685 0.153612 0.156063 0.103678 0.066521 0.050839 0.017397 -0.031525 -0.003236 0.025918 -0.002957 -0.055091 -0.083644 -0.051236 -0.040796 -0.066385 -0.046661 -0.012856 -0.049833 -0.087240 -0.025968 0.047451 0.095397 0.129889 0.138143 0.105775 0.023666 -0.040021 -0.024516 0.060984 0.131001 0.133566 0.102016 0.060318 0.064521 0.100905 0.088910 0.064293 0.033161 0.002329 0.044425 0.078682 0.038804 -0.011427 0.001215 -0.025760 -0.126607 -0.147397 -0.045614 0.046584 0.095617 0.191950 0.286943 0.197908 0.021887 -0.042988 -0.018918 -0.010842 -0.060035 -0.131153 -0.209761 -0.291435 -0.291077 -0.207059 -0.201036 -0.263261 -0.188946 0.019643 0.146576 0.113695 0.040850
-0.035501 -0.037911 -0.116935 -0.152105 -0.091973 -0.035926 0.001853 0.028354 -0.028215 -0.155614 -0.165651 -0.039623 0.088012 0.056128 -0.051558 -0.046754 0.011724 0.030789 0.034540 0.043495 0.050166 0.095241 0.203701 0.255384 0.210348 0.207205 0.217901 0.153794 0.083487 -0.013583 -0.113235 -0.158824 -0.121123 -0.037731 -0.013058 0.000009 0.040924 0.064926 0.105070 0.083420 -0.022254 -0.059826 -0.047137 -0.015170 0.049719 0.073341 0.013225 -0.023774 0.007248 0.039090 0.005630 -0.061667 -0.059092 0.005877 0.069020 0.099102 0.086123 0.002557 -0.084500 -0.065637 -0.012048 0.011326 -0.057387 -0.124228 -0.061623 0.050222 0.009084 -0.099602 -0.078249 -0.012333 -0.059785 -0.181739 -0.222822 -0.151953 -0.080516 -0.069937 -0.023272 0.053462 0.102737 0.094674 -0.021725 -0.152382 -0.164700 -0.088895 -0.028847 -0.066450 -0.117107 -0.073843 -0.022610 -0.045306 -0.106078 -0.118667 -0.059758 0.069487 0.159912 0.163280 0.103693 0.012780 -0.026739 -0.017294 0.040974 0.111771 0.121605 0.040335 -0.044031 -0.081789 -0.084081 -0.088523 -0.134703 -0.176538 -0.145528 -0.067925 0.007854 0.066907 0.109485 0.078277 0.062852 0.136248 0.164033 0.102649 0.054140 0.052342 0.056685 0.058419 0.050736 0.013959 -0.046123 -0.073496 -0.100678 -0.123754 -0.119566 -0.090636 -0.037192 -0.007069 -0.018743 0.006224 0.021487 -0.025177 -0.028670 0.013261 0.005687 -0.009362 0.036997 0.100784 0.099589 0.030100 -0.043033 -0.061008 -0.026476 0.000424 0.024589 0.074814 0.075307 0.060443 0.075363 0.066391 0.025930 -0.026331 -0.061785 -0.043157 0.011368 0.040916 0.016339 -0.013975 -0.073992 -0.155701 -0.149723 -0.068978 -0.027296 0.013525 0.171006 0.320202 0.211700 -0.007549 -0.091765 -0.037677 0.023492 -0.017869 -0.139707 -0.241007 -0.266674 -0.252266 -0.224303 -0.222509 -0.234780 -0.160839 0.022681 0.143336 0.141021 0.101378
-0.049544 -0.017304 -0.036721 0.001075 0.064958 0.056844 0.016171 -0.005261 -0.059541 -0.128436 -0.068168 0.021172 0.048521 -0.040835 -0.178770 -0.172215 -0.044782 0.045536 0.089798 0.103116 0.047148 0.029352 0.165308 0.272196 0.253050 0.217472 0.178961 0.137985 0.137080 0.099781 0.026187 -0.045808 -0.042249 0.026782 0.035592 0.031763 0.056724 0.100298 0.188884 0.201196 0.087623 -0.011531 -0.051633 -0.027351 0.044599 0.067139 0.050007 0.061679 0.085704 0.077020 0.019986 -0.039318 -0.040389 0.003612 0.027692 0.036300 0.060159 0.058801 -0.001936 -0.038935 -0.027162 -0.001102 -0.028690 -0.042412 0.019149 0.087487 0.064033 -0.028291 -0.059873 -0.019295 0.002710 -0.057296 -0.123994 -0.132892 -0.103887 -0.084257 -0.032297 0.036607 0.068805 0.067557 0.000681 -0.093378 -0.101992 -0.052367 -0.023683 -0.091556 -0.167784 -0.092586 -0.001683 -0.002786 -0.028436 -0.024030 0.032901 0.109506 0.116594 0.080137 0.038123 -0.020938 -0.076526 -0.083139 -0.025058 0.030802 0.067274 0.059204 0.015482 -0.056291 -0.115138 -0.141998 -0.169171 -0.184792 -0.131090 -0.063249 -0.010156 0.053430 0.119723 0.084609 0.018318 0.048555 0.084214 0.041103 -0.016567 -0.021041 0.005401 0.023999 0.036716 0.013918 -0.056012 -0.118985 -0.159719 -0.160659 -0.137335 -0.099550 -0.039246 0.043040 0.082710 0.092536 0.074874 0.047690 0.065282 0.039410 -0.058439 -0.118476 -0.079365 0.011528 0.023492 -0.042435 -0.098866 -0.094364 -0.077954 -0.106819 -0.095232 0.001951 0.043424 0.027166 0.028851 0.021310 -0.032239 -0.075227 -0.090474 -0.075762 -0.001425 0.064597 0.038604 -0.025110 -0.074260 -0.082321 -0.046130 -0.028902 -0.078322 -0.115072 -0.017429 0.107370 0.074758 -0.033928 -0.093392 -0.062311 -0.004627 -0.029645 -0.124283 -0.175748 -0.152653 -0.160931 -0.180824 -0.122957 -0.063063 -0.042898 0.017534 0.062438 0.059133 0.025978
-0.119974 -0.064231 -0.014060 0.109450 0.175113 0.098478 0.000353 -0.039723 -0.083497 -0.096575 -0.009646 0.028935 0.009077 -0.055272 -0.159444 -0.179670 -0.086547 -0.001195 0.055127 0.092191 0.029747 -0.037331 0.056874 0.153204 0.136230 0.095237 0.099246 0.171078 0.257224 0.242904 0.155125 0.028543 -0.045187 -0.022461 0.003900 0.023995 0.044671 0.085751 0.144504 0.156915 0.094828 0.018682 -0.011822 -0.002922 -0.010725 -0.030392 0.035201 0.139542 0.156017 0.085546 0.021967 0.030517 0.053059 0.037704 0.011846 -0.004461 0.006709 0.033924 0.000159 -0.044325 -0.044341 -0.018465 -0.011964 0.005806 0.030619 0.039222 0.043855 0.023617 -0.021764 -0.015936 0.035869 0.023788 -0.023601 -0.047757 -0.073465 -0.118121 -0.122778 -0.088340 -0.058073 -0.007603 0.022917 0.011972 0.023962 0.055994 0.055975 -0.045152 -0.142268 -0.092099 -0.039730 -0.042892 -0.030201 -0.004003 0.058337 0.109749 0.085120 0.019416 -0.050187 -0.122589 -0.183168 -0.173491 -0.086302 -0.025576 0.031702 0.094631 0.091564 0.020037 -0.051756 -0.086155 -0.089392 -0.085255 -0.060352 -0.035851 0.031239 0.139583 0.178847 0.104677 0.013175 0.011517 0.042374 0.017813 -0.037405 -0.058382 -0.054342 -0.031973 0.015349 0.018455 -0.037988 -0.093813 -0.113409 -0.099086 -0.097930 -0.101173 -0.065617 0.050011 0.143143 0.129706 0.068726 0.069607 0.111950 0.052579 -0.092117 -0.174229 -0.132204 -0.044019 -0.056530 -0.118573 -0.129900 -0.078015 -0.056385 -0.122608 -0.147907 -0.062925 0.020209 0.044594 0.027351 -0.018277 -0.069993 -0.077291 -0.075744 -0.066047 -0.010040 0.037222 0.021660 -0.017683 -0.030044 0.015133 0.071287 0.050873 -0.075444 -0.184553 -0.137749 -0.034629 -0.003107 -0.007560 -0.045728 -0.079865 -0.060300 -0.042255 -0.068060 -0.083828 -0.062893 -0.069237 -0.085371 -0.017891 0.045986 0.025492 -0.012675 -0.042852 -0.060075 -0.097335
-0.123218 -0.057803 0.007416 0.136218 0.230945 0.175322 0.050290 -0.016239 -0.033010 -0.005238 0.072205 0.072111 0.027678 -0.001153 -0.039261 -0.083733 -0.092630 -0.070647 -0.045876 -0.031428 -0.059244 -0.094315 -0.038257 0.021199 0.013507 -0.012314 0.024531 0.148567 0.246021 0.225331 0.133403 -0.017045 -0.152057 -0.146059 -0.025875 0.057396 0.037071 -0.003103 -0.018126 0.008038 0.033343 0.029163 0.046413 0.047199 -0.052356 -0.123064 -0.000620 0.169426 0.184265 0.076890 0.014616 0.105284 0.179686 0.086837 -0.018608 -0.068016 -0.088128 -0.081300 -0.104008 -0.100773 -0.066174 -0.042009 -0.021811 0.009153 -0.005175 -0.027911 0.004333 0.016915 -0.036252 -0.071064 -0.050864 -0.039700 -0.026681 0.013523 0.007215 -0.077141 -0.155560 -0.174820 -0.157372 -0.091858 0.006650 0.077486 0.116397 0.131009 0.093972 -0.012097 -0.073124 -0.018039 0.021995 -0.010792 -0.037207 -0.025281 0.034616 0.068202 0.031127 -0.041743 -0.116373 -0.167223 -0.202260 -0.175981 -0.081935 -0.005240 0.085418 0.167644 0.144039 0.060717 0.001693 -0.024624 -0.021491 -0.006749 0.010996 0.061798 0.189987 0.318045 0.254818 0.090933 -0.006831 -0.002445 0.040660 0.050739 0.007498 -0.040303 -0.077764 -0.080624 -0.032950 -0.017089 -0.042872 -0.061612 -0.050909 -0.027537 -0.037439 -0.061957 -0.051415 0.047626 0.138976 0.104992 0.018950 0.035240 0.105204 0.076195 -0.045973 -0.120003 -0.063415 -0.006243 -0.078161 -0.138654 -0.100651 -0.033818 -0.034620 -0.117300 -0.175707 -0.121963 -0.005907 0.071938 0.062117 -0.005031 -0.031345 0.012480 0.038089 0.036458 0.041215 0.038440 0.030426 0.010083 0.000693 0.054151 0.120079 0.108607 -0.006718 -0.096102 -0.055949 -0.003390 -0.014604 -0.014480 -0.043062 -0.108968 -0.098900 -0.026449 0.007049 0.002765 0.001302 0.010253 0.008709 0.024973 0.054482 0.033673 -0.030349 -0.092185 -0.156662 -0.243723
-0.072396 0.019673 0.102481 0.204604 0.324657 0.328969 0.180101 0.034925 0.016600 0.071912 0.145486 0.128388 0.047016 0.016813 0.032348 -0.004130 -0.068037 -0.090224 -0.106591 -0.136388 -0.122959 -0.085642 -0.056508 -0.044624 -0.017353 -0.002326 -0.014026 0.019814 0.067049 0.083378 0.057183 -0.054470 -0.196550 -0.189917 -0.010980 0.107686 0.037538 -0.107111 -0.188122 -0.140753 -0.062366 -0.019649 0.025861 0.057991 -0.009736 -0.080975 0.003399 0.138028 0.158082 0.075563 0.008953 0.087460 0.193041 0.116194 -0.006801 -0.075761 -0.123741 -0.152475 -0.176301 -0.133548 -0.067012 -0.027805 0.020098 0.059898 0.015758 -0.013154 0.016933 -0.024672 -0.102289 -0.120402 -0.104197 -0.095846 -0.066986 0.016386 0.072106 0.029995 -0.060038 -0.134358 -0.171766 -0.119967 0.019680 0.116559 0.130213 0.131066 0.100499 -0.020441 -0.090814 -0.002673 0.118714 0.127364 0.052140 0.007770 0.041107 0.062074 0.015779 -0.070787 -0.139983 -0.134752 -0.130551 -0.124416 -0.073226 0.006979 0.116232 0.184613 0.152155 0.085844 0.043255 0.006771 -0.015910 -0.011412 0.033322 0.140694 0.297679 0.405008 0.265899 0.029867 -0.062846 -0.042484 0.007187 0.049543 0.029343 -0.017854 -0.059711 -0.094453 -0.084512 -0.077780 -0.085399 -0.070726 -0.026543 0.010265 0.006135 -0.009970 -0.003870 0.048431 0.087938 0.055459 -0.001365 0.021523 0.090943 0.097422 0.025761 -0.019146 0.031027 0.053047 -0.035428 -0.096714 -0.066034 -0.033018 -0.048359 -0.101041 -0.177092 -0.168140 -0.054418 0.054417 0.083260 0.042783 0.052368 0.142661 0.183551 0.153580 0.113103 0.055825 0.009663 -0.024366 -0.031591 0.040854 0.123784 0.132384 0.071894 0.038057 0.060723 0.021425 -0.071817 -0.074052 -0.042590 -0.062878 -0.054048 0.020068 0.073259 0.078817 0.057135 0.041916 0.029402 0.043193 0.083975 0.031567 -0.071272 -0.136282 -0.223070 -0.346759
-0.026087 0.055518 0.123397 0.177169 0.270949 0.337935 0.251547 0.088074 0.057663 0.106335 0.154326 0.117614 -0.021009 -0.068762 0.022278 0.048492 -0.030279 -0.090807 -0.112572 -0.128914 -0.106459 -0.051968 -0.023871 -0.025815 0.017614 0.053272 -0.010658 -0.076601 -0.076448 -0.011034 0.033663 -0.026889 -0.148286 -0.158112 -0.012022 0.093015 0.027198 -0.139749 -0.239691 -0.182648 -0.095738 -0.048088 -0.007363 0.080439 0.116197 0.054919 0.033099 0.058565 0.066154 0.044138 -0.003924 0.008855 0.091972 0.073768 -0.003097 -0.054360 -0.095132 -0.129410 -0.145331 -0.113674 -0.076416 -0.033939 0.044070 0.097885 0.054758 0.009536 -0.075662 -0.250143 -0.260845 -0.140014 -0.078216 -0.077086 -0.068722 -0.008435 0.044871 0.041254 -0.009103 -0.083205 -0.152544 -0.115457 0.027522 0.101514 0.070453 0.066185 0.086519 -0.008241 -0.097906 -0.024874 0.126788 0.233751 0.199866 0.089083 0.048753 0.062030 0.043705 -0.044063 -0.120897 -0.086055 -0.055246 -0.077851 -0.070310 0.001978 0.094242 0.132143 0.119108 0.100141 0.083844 0.050528 0.010422 -0.026104 -0.011911 0.070492 0.205556 0.335493 0.244150 -0.000465 -0.108261 -0.091107 -0.056126 -0.016686 -0.019523 -0.035232 -0.034556 -0.047071 -0.058574 -0.084893 -0.099977 -0.063304 -0.004215 0.024302 0.012151 0.007491 0.028109 0.045247 0.043229 0.023835 0.008886 0.040858 0.094900 0.110973 0.084426 0.071520 0.098603 0.109264 0.057014 -0.008579 -0.048939 -0.081606 -0.080701 -0.065820 -0.122243 -0.140778 -0.063053 0.027470 0.079276 0.088743 0.101415 0.159074 0.178451 0.153095 0.131093 0.061463 -0.029689 -0.072818 -0.034556 0.067668 0.131750 0.117687 0.094935 0.104435 0.087710 -0.012518 -0.117995 -0.087452 0.013210 0.046330 0.033275 0.054866 0.080179 0.085412 0.069291 0.051376 0.053906 0.134632 0.199957 0.063501 -0.111761 -0.193829 -0.241662 -0.305870
0.046422 0.081721 0.104652 0.113944 0.154075 0.207243 0.183441 0.104781 0.118527 0.152061 0.132996 0.068163 -0.069979 -0.110687 0.007317 0.055366 -0.040009 -0.138064 -0.129657 -0.080761 -0.062135 -0.031364 0.028188 0.050725 0.049282 0.024264 -0.051568 -0.096566 -0.058301 0.044073 0.092513 0.039993 -0.061699 -0.099243 -0.020847 0.054549 0.034515 -0.067248 -0.138668 -0.098018 -0.052363 -0.049006 -0.026430 0.101573 0.206955 0.149770 0.036320 -0.024136 -0.010313 0.022306 -0.002914 -0.036790 -0.007104 -0.020952 -0.073995 -0.073488 -0.049616 -0.051412 -0.066123 -0.088248 -0.107137 -0.072673 0.013724 0.076437 0.060796 0.015499 -0.166019 -0.415671 -0.322226 -0.090000 -0.006610 -0.003498 -0.014032 -0.033013 -0.049211 -0.039379 -0.062281 -0.104904 -0.142558 -0.093521 0.022174 0.052517 0.003530 -0.017729 0.005941 -0.021143 -0.053285 -0.013240 0.100821 0.296208 0.358903 0.205026 0.062531 0.037923 0.043681 -0.022290 -0.086378 -0.043300 -0.006747 -0.029391 -0.030117 0.018101 0.074039 0.088029 0.089943 0.093945 0.091163 0.073977 0.046294 -0.002442 -0.042483 -0.050451 0.017968 0.162609 0.178243 0.006649 -0.115633 -0.106145 -0.074282 -0.049097 -0.050025 -0.036949 -0.001306 0.003266 -0.027075 -0.073419 -0.079907 -0.026163 0.019073 0.014075 -0.014553 -0.004551 0.032833 0.033915 0.014825 0.005396 0.018649 0.063807 0.102718 0.110431 0.122515 0.135483 0.135606 0.135145 0.108754 0.048366 -0.044040 -0.126544 -0.123426 -0.085517 -0.109627 -0.118283 -0.060186 0.026295 0.084745 0.099516 0.055619 0.023114 0.028394 0.065449 0.114089 0.095257 0.014409 -0.015155 0.053549 0.119934 0.108416 0.055272 0.057164 0.108293 0.090537 -0.003355 -0.070142 -0.031198 0.056025 0.099300 0.080289 0.058666 0.044768 0.047646 0.048391 0.046078 0.056302 0.154188 0.208623 0.052166 -0.125459 -0.201683 -0.170844 -0.113303
0.057527 0.080403 0.090126 0.082757 0.101294 0.113919 0.078973 0.050312 0.118434 0.165701 0.080626 -0.039688 -0.135458 -0.129288 -0.053117 -0.048658 -0.130079 -0.203177 -0.150795 -0.034740 0.019795 0.012438 0.035205 0.061543 0.052954 0.001067 -0.062905 -0.061808 0.030372 0.142912 0.146465 0.062799 -0.018199 -0.054410 -0.022774 0.031166 0.055681 0.028321 -0.003944 -0.002142 -0.042583 -0.108248 -0.079560 0.098471 0.255772 0.219825 0.054912 -0.048445 -0.016733 0.035509 0.020044 -0.011413 -0.014532 -0.055973 -0.110259 -0.068870 0.005012 0.030994 0.017832 -0.029447 -0.057987 -0.039232 0.002413 0.035969 0.033400 0.032755 -0.055283 -0.204946 -0.130295 0.021806 0.071584 0.065715 0.016103 -0.080098 -0.129156 -0.093447 -0.115115 -0.140289 -0.112022 -0.003630 0.097635 0.060319 -0.014629 -0.047051 -0.067176 -0.075620 -0.059115 -0.036574 0.040443 0.228289 0.327919 0.198154 0.037808 -0.005363 0.000244 -0.037828 -0.064075 -0.015803 0.015049 0.009341 0.010885 0.022037 0.047702 0.079218 0.120341 0.130686 0.125317 0.104624 0.062747 0.005891 -0.074101 -0.135749 -0.098718 0.030926 0.101730 -0.001834 -0.123093 -0.109339 -0.058555 -0.031895 -0.039006 -0.020757 0.018432 0.011450 -0.024462 -0.062291 -0.061455 -0.016396 0.006721 -0.009764 -0.026867 -0.004057 0.009990 -0.022433 -0.029676 -0.008791 0.008956 0.038952 0.065359 0.088898 0.130861 0.132347 0.093081 0.070547 0.053543 0.013916 -0.065823 -0.135633 -0.120914 -0.102549 -0.140023 -0.143523 -0.069530 0.044322 0.074253 -0.001051 -0.115759 -0.168302 -0.121743 -0.020122 0.070054 0.098275 0.075367 0.067550 0.090915 0.080065 0.031981 -0.010641 0.000323 0.068977 0.099244 0.043043 -0.017640 -0.024803 0.003107 0.046268 0.046752 0.025012 0.016995 0.023583 0.015667 0.019060 0.020786 0.061321 0.087639 0.023323 -0.067318 -0.136609 -0.090457 0.033562
0.019235 0.072971 0.094848 0.064714 0.082468 0.107321 0.063719 0.019693 0.058280 0.094130 0.019129 -0.104450 -0.177490 -0.149661 -0.098048 -0.101262 -0.142673 -0.181427 -0.130766 0.008585 0.104033 0.068692 0.020984 0.015081 0.033931 0.029117 -0.004994 -0.015989 0.057800 0.145140 0.101778 -0.014606 -0.062790 -0.049561 -0.019448 0.021627 0.054045 0.045941 0.036214 0.030271 -0.053149 -0.156160 -0.115785 0.092170 0.275041 0.237619 0.053169 -0.050824 -0.022666 0.017411 0.035135 0.066490 0.049047 -0.030698 -0.070660 -0.000498 0.075257 0.072747 0.035519 0.016412 0.032376 0.029922 0.004110 -0.012694 -0.027425 0.003120 0.018820 -0.007284 0.038054 0.083325 0.085041 0.053763 -0.031939 -0.132610 -0.149646 -0.104357 -0.123309 -0.122127 -0.054740 0.064969 0.140183 0.074113 -0.001215 -0.031336 -0.095021 -0.148395 -0.123278 -0.088300 -0.029846 0.079904 0.144830 0.084411 -0.018926 -0.066259 -0.068435 -0.064947 -0.045292 -0.004530 0.011902 0.014269 0.014788 0.018284 0.049613 0.099972 0.145360 0.148417 0.153049 0.129606 0.046375 -0.061417 -0.165383 -0.186855 -0.130374 -0.043940 0.023840 -0.016583 -0.096427 -0.088877 -0.049790 -0.025690 -0.030535 -0.031398 -0.006803 0.011590 0.014162 -0.011809 -0.026121 -0.008048 -0.000779 -0.005946 0.000786 0.019870 -0.010825 -0.077366 -0.063216 -0.014882 -0.003536 -0.007360 -0.003686 0.026942 0.061767 0.033976 -0.007464 -0.023236 -0.034989 -0.058383 -0.107788 -0.140414 -0.093543 -0.073744 -0.128119 -0.128515 -0.049164 0.047266 0.038377 -0.105407 -0.228761 -0.211175 -0.097719 0.007116 0.061006 0.082982 0.090352 0.081653 0.060088 0.018612 -0.012138 -0.013524 0.002706 0.055031 0.094641 0.046244 -0.039062 -0.101455 -0.111453 -0.069094 -0.051328 -0.031752 0.020135 0.025658 -0.013989 -0.008094 0.008440 0.022114 0.044962 0.062030 0.034494 -0.048495 -0.052535 0.046373
0.006776 0.093155 0.148367 0.104509 0.109996 0.148641 0.104178 0.044431 0.032988 0.035115 0.003565 -0.061399 -0.124275 -0.125443 -0.071373 -0.043198 -0.067696 -0.112661 -0.103149 -0.012180 0.057467 0.048493 0.033814 0.033545 0.058577 0.068893 0.052827 0.026837 0.058588 0.119500 0.064770 -0.062215 -0.095569 -0.023856 0.052397 0.072790 0.038722 -0.002656 0.014083 0.055995 -0.005031 -0.134059 -0.138266 0.011335 0.157498 0.119522 -0.016471 -0.048584 -0.022969 -0.028599 0.001185 0.094045 0.095225 0.013306 -0.003041 0.077293 0.118086 0.042684 -0.015073 0.011447 0.056463 0.042148 -0.017744 -0.074922 -0.100147 -0.061260 -0.014005 0.021334 0.087406 0.098081 0.054407 -0.024883 -0.113602 -0.145379 -0.123029 -0.100516 -0.095530 -0.035246 0.045485 0.099479 0.117247 0.089014 0.082006 0.064839 -0.048396 -0.184293 -0.182097 -0.127115 -0.068877 0.002185 0.050856 0.048872 -0.021521 -0.095838 -0.101484 -0.059964 -0.030704 -0.017686 -0.013872 -0.014901 -0.026581 -0.013616 0.054387 0.137838 0.147255 0.103285 0.086242 0.050060 -0.033783 -0.146439 -0.224568 -0.211476 -0.177483 -0.140109 -0.082664 -0.045054 -0.035400 -0.026673 -0.021292 -0.013203 -0.008259 -0.026113 -0.012383 0.034095 0.049595 0.024096 0.011864 0.033976 0.041701 0.020549 0.006528 0.005948 -0.041100 -0.105550 -0.077989 -0.026634 -0.014644 -0.026699 -0.039998 -0.042210 -0.047335 -0.079382 -0.071579 -0.051786 -0.067457 -0.092239 -0.126383 -0.140284 -0.076762 -0.029370 -0.048785 -0.030926 0.016845 0.056252 0.046687 -0.070270 -0.175732 -0.139595 0.001283 0.084856 0.084400 0.089058 0.099441 0.075125 0.038849 0.005541 0.002423 0.030277 0.045013 0.071109 0.088152 0.032178 -0.058509 -0.117427 -0.128827 -0.114291 -0.103332 -0.057074 0.020189 0.021927 -0.028687 -0.032034 -0.000718 0.031056 0.064671 0.093578 0.069472 -0.004444 -0.016971 0.049606
-0.011918 0.081874 0.183194 0.159433 0.128588 0.131759 0.101289 0.075175 0.060184 0.056233 0.051189 0.005609 -0.064008 -0.095425 -0.057291 -0.029568 -0.067012 -0.113368 -0.096083 -0.022198 0.015649 0.027698 0.062093 0.095466 0.117151 0.101983 0.087801 0.069861 0.074133 0.117604 0.089093 -0.025511 -0.088646 -0.003384 0.129595 0.141627 0.030504 -0.051483 -0.008858 0.079437 0.050394 -0.083596 -0.155979 -0.101081 -0.018391 -0.075330 -0.163030 -0.078665 -0.018589 -0.079299 -0.084859 0.009028 0.051933 0.024475 0.027262 0.079285 0.068076 -0.040787 -0.075906 -0.022786 0.011105 0.006907 -0.034918 -0.092276 -0.096721 -0.048434 -0.013569 0.012108 0.074032 0.098155 0.048299 -0.075474 -0.166859 -0.128599 -0.094919 -0.110954 -0.081266 0.022655 0.114401 0.141746 0.132920 0.119222 0.147478 0.151836 0.030536 -0.149002 -0.199487 -0.140407 -0.045543 0.021777 0.038032 0.038144 0.001088 -0.047961 -0.034819 0.019795 0.031418 0.007679 -0.033979 -0.072642 -0.088801 -0.061114 0.032954 0.151950 0.155640 0.067781 -0.026029 -0.105682 -0.129742 -0.124518 -0.128915 -0.162673 -0.187222 -0.186980 -0.154440 -0.070992 0.012616 0.043009 0.017957 -0.006003 0.011917 0.015476 0.034875 0.062015 0.041297 0.014991 0.026908 0.074933 0.084654 0.032310 -0.016140 -0.032567 -0.068133 -0.106103 -0.082722 -0.063808 -0.068145 -0.054452 -0.044893 -0.062064 -0.077732 -0.083076 -0.049969 -0.023539 -0.029149 -0.044161 -0.071955 -0.086780 -0.021102 0.049716 0.054504 0.051759 0.032720 0.011029 0.007649 -0.026292 -0.073742 -0.074593 0.008189 0.062200 0.053694 0.064027 0.083765 0.058502 0.018481 -0.000522 0.020340 0.048443 0.046692 0.069551 0.082008 0.024397 -0.045445 -0.057351 -0.051125 -0.066509 -0.078178 -0.061705 -0.018933 0.000861 -0.022760 -0.050520 -0.032594 0.026130 0.077898 0.095826 0.066275 0.010168 -0.010654 0.014919
0.014759 0.068939 0.172975 0.167566 0.095059 0.044757 0.037774 0.068331 0.092517 0.170999 0.223146 0.093942 -0.047038 -0.093075 -0.084083 -0.094049 -0.147794 -0.156582 -0.079197 0.031655 0.065602 0.057153 0.078158 0.127050 0.151337 0.097698 0.051607 0.040041 0.045589 0.071921 0.061986 -0.022998 -0.100195 -0.044857 0.084432 0.114799 0.026761 -0.023749 0.033324 0.104926 0.081774 -0.016815 -0.115774 -0.126669 -0.107747 -0.231862 -0.349153 -0.213485 -0.074098 -0.089551 -0.104024 -0.040269 0.041196 0.057741 0.007303 -0.020116 -0.019358 -0.041166 -0.059257 -0.049159 -0.045249 -0.039318 -0.044983 -0.057894 -0.024448 0.023102 0.019423 -0.015806 -0.006977 0.036642 0.027594 -0.075751 -0.163425 -0.118087 -0.103540 -0.150520 -0.117727 -0.004247 0.103880 0.167621 0.167500 0.117525 0.125352 0.161472 0.087187 -0.073725 -0.167082 -0.134971 -0.020549 0.039658 0.018462 0.005927 0.008704 0.004197 0.033606 0.112053 0.152711 0.106860 -0.025616 -0.126239 -0.143131 -0.119240 -0.027688 0.096188 0.117592 0.015998 -0.202980 -0.372073 -0.250894 -0.039853 0.028203 -0.030998 -0.075027 -0.106373 -0.118834 -0.061389 0.022935 0.062856 0.010878 -0.048038 -0.016164 0.039267 0.071178 0.043590 -0.028550 -0.046560 0.002151 0.066891 0.078174 0.025711 -0.024638 -0.047840 -0.074602 -0.086774 -0.079337 -0.106981 -0.140214 -0.109787 -0.057469 -0.034996 -0.020699 -0.004298 0.016169 0.026405 0.035684 0.035851 0.003603 -0.023428 0.034500 0.110092 0.120558 0.083986 0.021510 -0.017546 -0.027531 -0.030659 -0.040930 -0.068119 -0.052736 -0.017530 -0.010217 -0.001424 0.026745 0.036596 0.026948 0.017539 0.024143 0.032334 0.036611 0.069674 0.067118 0.001315 -0.050426 -0.046131 -0.026733 -0.030451 -0.044426 -0.064439 -0.047726 -0.004143 -0.011760 -0.069041 -0.086640 -0.015679 0.077943 0.112029 0.079462 0.008366 -0.055650 -0.081350
0.071102 0.079404 0.135145 0.133349 0.074414 0.011660 0.014646 0.091029 0.153831 0.288200 0.367597 0.157556 -0.043075 -0.091371 -0.130498 -0.329313 -0.520905 -0.354205 -0.095455 0.048166 0.079464 0.063915 0.064404 0.113497 0.158219 0.084552 -0.021478 -0.040978 0.006702 0.044479 0.036727 -0.006474 -0.055822 -0.062720 -0.011547 0.020926 0.017520 0.057518 0.119332 0.127550 0.078368 0.035290 -0.018372 -0.031672 -0.034075 -0.160391 -0.295368 -0.236663 -0.095317 -0.033310 -0.040810 0.026044 0.249261 0.361623 0.136277 -0.074083 -0.073573 -0.018056 -0.042489 -0.088940 -0.107442 -0.105156 -0.086866 -0.047474 0.004497 0.025004 -0.005004 -0.052147 -0.070497 -0.044943 -0.033063 -0.060895 -0.110864 -0.121499 -0.160347 -0.287301 -0.328225 -0.150103 0.031354 0.124977 0.128685 0.077964 0.127253 0.218436 0.188708 0.069233 -0.017004 -0.029255 0.029234 0.049318 -0.004383 -0.035910 -0.012739 0.000769 0.039726 0.166326 0.304722 0.299686 0.081260 -0.095254 -0.139808 -0.148462 -0.082072 0.032884 0.057477 -0.053809 -0.335452 -0.540935 -0.307595 -0.000439 0.086065 0.057761 0.017217 -0.015813 -0.046101 -0.054022 -0.023854 0.005080 -0.022943 -0.060101 -0.022778 0.059345 0.095513 0.015346 -0.094323 -0.098825 -0.020645 0.053176 0.082921 0.039607 -0.027273 -0.070204 -0.105034 -0.105993 -0.086144 -0.098311 -0.135594 -0.142390 -0.096834 -0.030895 0.034383 0.065626 0.050068 0.030556 0.043688 0.060332 0.030023 -0.008842 0.016994 0.050481 0.053410 0.036090 0.017188 0.030578 0.033664 0.005971 -0.026664 -0.070544 -0.101984 -0.102910 -0.089960 -0.068397 -0.028630 0.022316 0.049789 0.046009 0.029827 0.028157 0.047455 0.076266 0.051674 -0.020007 -0.062482 -0.075117 -0.058862 -0.020151 0.006035 -0.006541 -0.004900 0.009882 -0.012753 -0.083595 -0.132298 -0.069941 0.061667 0.133484 0.095384 -0.011691 -0.111595 -0.170929
0.074642 0.084769 0.094848 0.089605 0.082220 0.029949 0.002456 0.104305 0.199817 0.256511 0.252363 0.099661 -0.032089 -0.080599 -0.309270 -1.219243 -2.005851 -1.253535 -0.303666 0.002857 0.055944 0.047184 0.016489 0.034474 0.109931 0.073500 -0.051438 -0.079699 -0.004003 0.066405 0.068284 0.042692 0.013336 -0.037537 -0.044415 -0.022189 0.012926 0.079594 0.131811 0.109208 0.027959 -0.005990 0.000869 0.037520 0.064928 0.001690 -0.105619 -0.105337 -0.002241 0.055903 0.018609 0.095472 0.444310 0.668351 0.337913 -0.026449 -0.096121 -0.048849 -0.052623 -0.086883 -0.091005 -0.080248 -0.066098 -0.050357 -0.041968 -0.042488 -0.042436 -0.034618 -0.031451 -0.046654 -0.060564 -0.040808 -0.042892 -0.114336 -0.296029 -0.779184 -1.099359 -0.581550 -0.048310 0.099502 0.075616 0.036870 0.138745 0.259909 0.248118 0.169328 0.132489 0.122151 0.118862 0.079307 -0.011120 -0.057887 -0.029053 -0.027064 0.003534 0.147586 0.360129 0.432411 0.198019 -0.016867 -0.071772 -0.095129 -0.076621 -0.002920 0.011394 -0.066150 -0.197031 -0.261567 -0.112027 0.031885 0.045950 0.022104 -0.026763 -0.036552 -0.033226 -0.050132 -0.059087 -0.048926 -0.023287 -0.000157 0.030088 0.088151 0.118259 0.055845 -0.033960 -0.057663 -0.020232 0.036949 0.085687 0.057252 -0.019411 -0.087831 -0.140988 -0.132640 -0.076658 -0.048089 -0.081516 -0.135727 -0.138799 -0.085419 0.012244 0.077142 0.040322 -0.019652 -0.031475 -0.018940 -0.030764 -0.044045 -0.023308 -0.027141 -0.037238 -0.020837 0.005784 0.053617 0.071908 0.033964 0.004620 -0.018915 -0.081569 -0.137119 -0.128230 -0.100789 -0.068985 -0.002119 0.041793 0.051377 0.047839 0.048369 0.061100 0.078322 0.050447 -0.012637 -0.048703 -0.075981 -0.070740 -0.009851 0.043001 0.043396 0.028743 0.006152 -0.013823 -0.068401 -0.129561 -0.096934 0.031537 0.125838 0.100537 -0.000958 -0.102360 -0.176582
0.039718 0.072902 0.091400 0.103531 0.111862 0.050870 -0.010981 0.066584 0.162473 0.165268 0.130766 0.095461 0.038647 -0.049046 -0.452801 -1.936293 -3.237107 -2.039987 -0.510261 -0.011721 0.103929 0.090173 -0.017634 -0.084180 -0.025124 -0.008733 -0.082227 -0.102337 -0.041698 0.039089 0.040243 -0.013448 -0.041005 -0.052427 -0.025616 0.001824 0.010007 0.014293 0.046882 0.065398 0.018682 -0.034619 -0.032995 0.002501 0.044041 0.036768 -0.034445 -0.025511 0.072223 0.089757 0.026738 0.068906 0.233792 0.336816 0.175795 -0.026253 -0.081217 -0.047215 -0.029230 -0.032869 -0.010296 0.007744 -0.004958 -0.028284 -0.029764 0.007737 0.044870 0.049670 0.033217 -0.022558 -0.067267 -0.029477 0.022067 -0.049248 -0.356025 -1.162790 -1.718667 -0.921716 -0.077619 0.127142 0.070648 -0.002362 0.044499 0.110133 0.105855 0.098253 0.137276 0.172800 0.153655 0.082272 -0.001833 -0.025479 -0.006621 -0.036543 -0.025860 0.073950 0.208070 0.275725 0.145601 0.014672 -0.001563 -0.006617 -0.035853 -0.033618 -0.015108 -0.023492 -0.019275 0.022494 0.069469 0.059549 -0.006464 -0.071137 -0.143498 -0.133468 -0.046850 0.010214 -0.015755 -0.055377 -0.027609 0.032624 0.073157 0.113307 0.127017 0.098448 0.036480 -0.045223 -0.113911 -0.100713 -0.029781 0.003770 0.000029 -0.048120 -0.116226 -0.111768 -0.057944 -0.028656 -0.046444 -0.103416 -0.159505 -0.164306 -0.058750 0.050499 0.017614 -0.073190 -0.109470 -0.118407 -0.116325 -0.075299 -0.025464 -0.029886 -0.032614 -0.002506 0.015176 0.037773 0.052743 0.032302 0.030716 0.031703 -0.041838 -0.106398 -0.086619 -0.095901 -0.110675 -0.053967 -0.000724 0.025131 0.036767 0.039102 0.047138 0.080397 0.088332 0.043530 -0.024208 -0.090103 -0.095504 -0.040734 0.013075 0.030068 0.019036 -0.003645 -0.003058 -0.054325 -0.142895 -0.155291 -0.055748 0.064310 0.108177 0.074967 -0.001759 -0.075415
-0.083975 -0.004059 0.083689 0.140920 0.150815 0.103422 0.038434 0.028046 0.066961 0.090003 0.113505 0.155941 0.126613 0.025099 -0.216451 -1.063009 -1.863841 -1.215658 -0.326052 0.025424 0.147007 0.104107 -0.063576 -0.184226 -0.174219 -0.135088 -0.115226 -0.086118 -0.046412 -0.005049 -0.028129 -0.086846 -0.096944 -0.069339 -0.015814 0.012154 -0.021273 -0.078634 -0.062338 0.028219 0.071867 0.007036 -0.044180 -0.043654 -0.017479 -0.013578 -0.055553 -0.031543 0.051318 0.040505 -0.002302 0.004611 -0.067655 -0.141653 -0.113862 -0.063528 -0.030592 -0.016445 -0.022829 0.001738 0.056102 0.065122 0.022083 -0.001264 0.045028 0.126088 0.134347 0.070944 0.026116 -0.025236 -0.059940 -0.015008 0.051842 0.018290 -0.194511 -0.683961 -1.003914 -0.551022 -0.054034 0.076169 0.017114 -0.072099 -0.083264 -0.063466 -0.057573 -0.027878 0.034583 0.092171 0.093755 0.042100 -0.000172 0.012897 0.019750 -0.035579 -0.024974 0.047258 0.083657 0.090378 0.047810 0.004591 0.020372 0.043256 -0.000510 -0.050636 -0.020173 0.022415 0.036936 0.062876 0.083558 0.053907 -0.033253 -0.116573 -0.180399 -0.155203 -0.016772 0.098548 0.066547 -0.022278 -0.053547 -0.012303 0.049209 0.099378 0.084118 0.035452 -0.008674 -0.095702 -0.216351 -0.234671 -0.163203 -0.072176 0.024883 0.037811 -0.033960 -0.065760 -0.049906 -0.025019 -0.013078 -0.058841 -0.139831 -0.178326 -0.089169 0.002158 -0.070649 -0.179208 -0.161991 -0.138626 -0.121246 -0.059281 -0.007627 -0.001104 0.020854 0.050000 0.032435 0.006101 0.007672 0.019463 0.042826 0.047776 -0.024166 -0.069120 -0.059258 -0.107876 -0.130661 -0.073712 -0.025549 -0.011693 -0.017516 -0.020321 0.004472 0.089154 0.154164 0.110771 -0.014975 -0.135833 -0.165884 -0.130964 -0.066884 -0.004213 0.015876 0.007143 0.020687 -0.026695 -0.134254 -0.187494 -0.119607 0.016071 0.118413 0.155243 0.139831 0.107107
-0.202506 -0.083451 0.062747 0.134090 0.119728 0.094745 0.064319 0.026996 0.055666 0.106615 0.150783 0.175093 0.125003 0.062667 0.047923 -0.088840 -0.306134 -0.244696 -0.063363 0.062939 0.119619 0.047486 -0.111236 -0.226468 -0.261539 -0.219552 -0.137512 -0.059733 -0.002118 0.029516 0.009592 -0.028866 -0.030787 -0.012140 0.016824 0.015785 -0.041298 -0.115330 -0.119340 -0.004021 0.095718 0.048243 -0.022845 -0.021895 -0.029662 -0.076968 -0.096001 -0.062443 -0.037577 -0.055808 -0.033381 -0.029372 -0.152699 -0.249495 -0.178919 -0.045209 0.018077 -0.016009 -0.058311 -0.002566 0.080369 0.077906 0.023709 0.006152 0.048645 0.104870 0.089549 0.021411 -0.008280 -0.032400 -0.045203 -0.003465 0.048173 0.034721 -0.032728 -0.106453 -0.150474 -0.119682 -0.056364 -0.025935 -0.064121 -0.102909 -0.078978 -0.040683 -0.038510 -0.048514 -0.028975 0.002060 0.004743 -0.015195 -0.015956 0.035906 0.056277 -0.010239 -0.018575 0.033389 0.053408 0.037990 0.010655 -0.022989 -0.011143 0.028796 0.007536 -0.034275 -0.006088 0.030093 0.025796 0.021961 0.029812 0.017767 -0.041126 -0.103450 -0.151142 -0.124962 0.009850 0.126279 0.109150 0.025281 -0.047140 -0.046598 0.000497 0.043865 0.009408 -0.070775 -0.084915 -0.099134 -0.168736 -0.188722 -0.149281 -0.060313 0.054780 0.088610 0.017692 -0.050289 -0.050447 -0.011328 0.016760 -0.018277 -0.072370 -0.109512 -0.089744 -0.084829 -0.210707 -0.306882 -0.198392 -0.102723 -0.047672 -0.001171 0.007726 0.008967 0.047220 0.079784 0.040493 -0.029455 -0.055235 -0.055688 -0.053746 -0.029319 -0.028967 -0.019398 -0.058557 -0.138020 -0.118608 -0.045171 -0.016830 -0.017369 -0.033454 -0.061225 -0.048260 0.056706 0.145754 0.106534 -0.014604 -0.124176 -0.165394 -0.163779 -0.113938 -0.028061 0.014399 0.014440 0.040242 0.039111 -0.022349 -0.080819 -0.063009 -0.002020 0.049763 0.115186 0.183227 0.222140
-0.178641 -0.097318 0.028923 0.084488 0.048418 0.030717 0.022412 0.009777 0.070737 0.135696 0.168212 0.155128 0.084743 0.053640 0.071709 0.061563 -0.007659 -0.049309 -0.005318 0.051246 0.072732 0.023308 -0.074075 -0.176087 -0.243396 -0.169977 -0.059566 0.007149 0.072157 0.135884 0.122236 0.045245 0.030992 0.051256 0.048756 0.012619 -0.031963 -0.068189 -0.086927 -0.034235 0.048417 0.058458 0.021849 0.024597 -0.033036 -0.128965 -0.125785 -0.081335 -0.094551 -0.101372 -0.031248 -0.012133 -0.090431 -0.161322 -0.148184 -0.045491 0.034103 0.017602 -0.011220 0.028947 0.073515 0.039065 -0.008070 0.004447 0.045105 0.071557 0.067008 0.048626 0.043604 0.026770 0.005839 -0.007804 -0.020480 -0.026522 -0.012864 0.057984 0.075706 -0.020672 -0.060209 -0.049895 -0.084840 -0.086484 -0.013613 0.040766 0.017030 -0.022650 -0.009273 0.005376 -0.016670 -0.028806 -0.009059 0.045692 0.064429 -0.003022 -0.047684 -0.032504 0.010129 0.044337 0.038161 -0.021958 -0.048242 -0.017344 -0.002835 0.003970 0.023020 0.022367 0.015715 0.015479 0.008432 -0.003204 -0.020729 -0.043111 -0.104270 -0.122539 -0.017651 0.088479 0.079803 0.009107 -0.051698 -0.043179 -0.004418 0.022844 -0.020801 -0.123862 -0.145067 -0.101439 -0.091289 -0.093092 -0.074934 -0.025651 0.061465 0.104431 0.049366 -0.035402 -0.043149 -0.007487 0.025245 0.028164 0.022974 -0.024099 -0.088710 -0.135375 -0.208763 -0.220974 -0.125726 -0.060531 0.001997 0.027053 -0.000207 -0.009351 0.033277 0.073330 0.030997 -0.053727 -0.114637 -0.229855 -0.333181 -0.212621 -0.040184 0.026791 -0.058100 -0.140399 -0.080824 0.011649 0.030537 0.028929 0.013713 -0.047032 -0.070610 0.001079 0.064734 0.050905 -0.000040 -0.045496 -0.058059 -0.067051 -0.067363 -0.033543 -0.015231 -0.005341 0.026779 0.051981 0.048308 0.034315 0.033978 -0.003626 -0.052834 -0.007363 0.081034 0.140722
-0.064655 -0.079554 -0.031145 0.036793 0.036553 0.031573 0.009542 -0.007721 0.042558 0.075593 0.080813 0.079686 0.068623 0.080546 0.042094 -0.049022 -0.129364 -0.134434 -0.055286 0.000587 0.009954 -0.005497 -0.030590 -0.094527 -0.151745 -0.029578 0.124694 0.169032 0.211524 0.330059 0.327859 0.134756 0.058982 0.065717 0.041682 0.009760 0.007358 0.031958 0.017754 -0.025890 -0.002200 0.052114 0.055760 0.055599 -0.010267 -0.093127 -0.091063 -0.067952 -0.072544 -0.055485 0.004313 0.019596 -0.024683 -0.066613 -0.088074 -0.038799 0.031328 0.051050 0.063174 0.067115 0.031282 -0.042898 -0.061579 0.006755 0.085740 0.110582 0.093829 0.084130 0.087282 0.083305 0.060288 -0.026362 -0.130865 -0.120552 -0.051404 0.054418 0.062628 -0.046713 -0.065443 -0.030947 -0.061149 -0.072512 -0.023255 0.010661 -0.013403 -0.016156 0.066256 0.126626 0.087884 0.058815 0.074927 0.088104 0.073447 0.020381 -0.027695 -0.030145 0.024531 0.103218 0.117794 0.044082 -0.023264 -0.028368 0.006843 0.053646 0.065946 0.045809 0.051281 0.060009 0.041018 0.028675 0.034466 0.026911 -0.060436 -0.132419 -0.070589 0.027845 0.036631 -0.026377 -0.079830 -0.058891 -0.014632 0.011762 -0.029415 -0.129997 -0.174993 -0.130447 -0.066974 -0.022890 -0.001615 -0.012656 0.023683 0.073952 0.060406 0.010853 0.008132 0.024480 0.044250 0.055004 0.053992 0.004600 -0.073041 -0.123002 -0.122072 -0.050915 -0.019688 -0.034399 -0.009515 -0.010021 -0.039650 -0.045752 -0.010362 0.033725 0.003606 -0.087219 -0.181339 -0.371971 -0.510908 -0.292951 -0.030422 0.029314 -0.056500 -0.113394 -0.049573 0.051693 0.077784 0.068347 0.043340 -0.006711 -0.033432 -0.014147 -0.000213 0.005646 -0.000345 -0.022470 -0.017241 -0.015259 -0.042609 -0.058401 -0.054967 -0.002229 0.047973 0.028290 0.006941 0.032170 0.060054 0.010989 -0.055718 -0.023571 0.015673 0.021470
0.059265 -0.025607 -0.038207 0.043512 0.085972 0.092221 0.055055 0.031734 0.049237 0.017910 -0.012648 0.010579 0.069408 0.110331 0.037586 -0.126643 -0.250265 -0.208647 -0.062973 -0.006166 -0.050639 -0.083963 -0.068707 -0.066595 -0.059678 0.070792 0.234456 0.286795 0.325784 0.485671 0.516990 0.249751 0.090212 0.054101 0.040055 0.060500 0.099732 0.123724 0.092861 0.006368 -0.040467 -0.033194 -0.007626 0.027146 -0.000461 -0.060693 -0.073850 -0.076418 -0.070521 -0.027207 0.019107 0.026232 0.010251 0.020905 0.012178 -0.006259 -0.006543 -0.009801 0.020879 0.037828 -0.013190 -0.077278 -0.055220 0.041749 0.138046 0.144085 0.076506 0.011214 -0.015976 0.002110 0.023094 -0.047111 -0.161629 -0.175048 -0.103573 0.020348 0.036560 -0.064866 -0.073466 -0.019002 -0.009694 -0.002207 -0.005014 -0.026261 -0.045533 -0.013028 0.100459 0.180353 0.136588 0.120987 0.145667 0.131772 0.098793 0.073818 0.070969 0.108726 0.169350 0.217205 0.194019 0.109729 0.022187 -0.026375 -0.000262 0.053871 0.065809 0.069024 0.104949 0.116914 0.089744 0.078723 0.089203 0.076693 -0.018878 -0.101746 -0.071216 0.013464 0.060029 0.023587 -0.048327 -0.067711 -0.048028 -0.026747 -0.061025 -0.120646 -0.130994 -0.091336 -0.008423 0.057681 0.063698 0.012366 -0.006646 0.016086 0.021402 0.013670 0.032390 0.051078 0.044948 0.017213 0.019707 0.045627 0.029680 -0.039357 -0.055323 0.014494 0.012162 -0.028038 -0.036642 -0.048797 -0.055456 -0.061292 -0.055436 -0.009534 -0.005220 -0.099409 -0.190403 -0.263140 -0.273605 -0.113022 0.029927 0.042066 -0.027675 -0.090787 -0.068683 0.017539 0.054860 0.038337 -0.003285 -0.014393 0.000936 0.002065 -0.028034 -0.025808 -0.010956 -0.028794 -0.037209 -0.028127 -0.041046 -0.061118 -0.036432 0.070893 0.131117 0.035516 -0.054942 -0.048587 -0.011969 0.006810 0.018552 0.054746 0.035976 -0.012920
0.110965 0.025580 0.002143 0.064591 0.112146 0.110795 0.069385 0.064061 0.086963 0.030117 -0.033033 -0.030716 0.017609 0.048338 0.005302 -0.131678 -0.249696 -0.183501 -0.014776 0.048424 -0.031935 -0.110875 -0.120029 -0.105107 -0.062000 0.027069 0.149958 0.229760 0.265963 0.324397 0.310459 0.148833 0.045410 0.006348 0.025847 0.112821 0.167593 0.116524 0.041390 -0.032392 -0.102748 -0.131150 -0.085325 -0.019760 -0.035598 -0.108081 -0.128375 -0.122240 -0.104870 -0.015467 0.058670 0.053178 0.032820 0.084282 0.110083 0.046028 -0.032459 -0.097929 -0.081073 -0.015189 -0.029095 -0.088367 -0.057498 0.051839 0.147024 0.129894 0.019762 -0.112545 -0.195070 -0.174362 -0.091489 -0.074171 -0.152042 -0.235662 -0.166215 -0.006251 0.025528 -0.075983 -0.100726 -0.038883 0.031110 0.082624 0.052328 -0.008011 -0.035250 -0.000638 0.073100 0.085757 0.019377 0.052279 0.123069 0.143433 0.115509 0.082424 0.106599 0.202106 0.273236 0.256315 0.180688 0.092940 0.005055 -0.051690 -0.028243 0.023399 0.048906 0.086702 0.139859 0.150248 0.118825 0.086962 0.092172 0.095207 0.027579 -0.011641 0.036828 0.104504 0.143087 0.106165 0.009552 -0.054929 -0.057932 -0.044246 -0.083334 -0.107949 -0.061880 -0.021941 0.045127 0.087295 0.067233 0.019587 -0.011321 -0.008762 -0.007969 -0.006466 0.025807 0.059034 0.041884 -0.017317 -0.008428 0.077410 0.118842 0.052599 -0.014888 -0.004816 0.007599 -0.003363 -0.026624 -0.032815 -0.013681 -0.022593 -0.040301 -0.000652 0.022789 -0.053895 -0.109104 -0.083748 -0.024330 0.031732 0.053930 0.036833 -0.027695 -0.101214 -0.113483 -0.051460 -0.011051 -0.013973 -0.036385 -0.017111 0.026282 0.026161 -0.041239 -0.064763 -0.026097 -0.015524 -0.039913 -0.042895 -0.030863 -0.027489 0.006656 0.108849 0.136860 0.013473 -0.090385 -0.108891 -0.091939 -0.018965 0.058144 0.082983 0.029346 -0.039517
0.083623 0.044479 0.033535 0.058627 0.058455 0.014163 -0.017407 0.033606 0.103318 0.072778 0.003564 -0.046100 -0.072576 -0.084384 -0.084654 -0.126325 -0.168607 -0.108245 0.014243 0.104098 0.069320 -0.036404 -0.111764 -0.138078 -0.100699 -0.055762 0.002287 0.080564 0.112098 0.085709 0.034180 -0.012700 -0.034931 -0.044958 0.011854 0.131570 0.164050 0.061919 -0.024340 -0.098908 -0.157519 -0.132032 -0.050744 -0.001474 -0.050726 -0.133067 -0.149111 -0.128198 -0.094561 0.031898 0.119814 0.034785 -0.067267 0.021990 0.114415 0.081174 0.008181 -0.093960 -0.133991 -0.077469 -0.062453 -0.110063 -0.076924 0.037721 0.116943 0.097570 0.007241 -0.130622 -0.244862 -0.258044 -0.176962 -0.106433 -0.132140 -0.215812 -0.136258 0.029397 0.050773 -0.071018 -0.137951 -0.100140 0.007295 0.097582 0.070865 0.007933 -0.013955 0.039426 0.086857 0.028105 -0.060755 0.003857 0.116438 0.173450 0.127135 0.055573 0.077616 0.161283 0.185600 0.137591 0.101754 0.074471 0.010798 -0.024890 -0.018382 0.006466 0.056550 0.122248 0.149649 0.124681 0.092320 0.035733 0.015452 0.048222 0.042436 0.060054 0.145469 0.192314 0.134653 0.027125 -0.034259 -0.049608 -0.036908 -0.039472 -0.090837 -0.103465 -0.053440 -0.029512 0.029920 0.078347 0.068040 0.034262 0.007532 -0.005447 -0.020102 -0.006952 0.039117 0.070805 0.061196 0.009035 -0.018494 0.023044 0.080640 0.065131 -0.005315 -0.019963 0.025810 0.049194 0.025383 0.010233 0.021682 0.021657 0.015604 0.038024 0.039430 -0.013738 -0.026506 -0.005957 0.028110 0.054882 0.054552 0.028251 -0.016538 -0.064223 -0.092435 -0.055985 -0.022717 -0.027343 -0.034077 -0.003505 0.045030 0.053663 -0.016193 -0.071784 -0.048723 -0.023335 -0.035786 -0.053443 -0.036554 -0.014151 0.003891 0.065879 0.081970 -0.007022 -0.079278 -0.100165 -0.110339 -0.054289 0.018338 0.027716 -0.030322 -0.084746
0.046466 0.056022 0.061775 0.065347 0.018147 -0.070221 -0.088232 0.015978 0.108988 0.092943 0.034001 -0.040650 -0.109807 -0.145693 -0.133012 -0.106691 -0.078894 -0.030016 0.040319 0.119010 0.124106 0.046587 -0.029033 -0.078128 -0.090162 -0.100551 -0.095207 -0.035960 -0.006540 -0.008381 -0.015895 -0.044856 -0.075265 -0.059207 0.041764 0.161336 0.149766 0.027958 -0.046799 -0.113125 -0.149945 -0.080351 -0.001940 -0.017578 -0.094286 -0.092184 -0.057303 -0.052006 -0.009717 0.119538 0.168060 -0.037317 -0.247954 -0.125995 0.029308 0.055488 0.040815 -0.047734 -0.143785 -0.162592 -0.139845 -0.124142 -0.079186 0.004773 0.053932 0.062711 0.049418 -0.029409 -0.145116 -0.207590 -0.162471 -0.091859 -0.048809 -0.036996 0.018651 0.111689 0.103610 -0.030381 -0.138645 -0.129969 -0.007759 0.106565 0.072489 -0.005391 -0.008064 0.081361 0.125915 0.055530 -0.002011 0.074680 0.177179 0.209566 0.133640 0.047379 0.047068 0.070828 0.037695 -0.008288 0.024661 0.073243 0.043932 0.021750 -0.002044 -0.016680 0.024966 0.090340 0.084759 0.018120 -0.011665 -0.056701 -0.086222 -0.045433 -0.009512 0.035512 0.109323 -0.000458 -0.670310 -1.294560 -0.835449 -0.195406 0.007774 -0.007377 -0.075918 -0.088213 -0.070409 -0.057673 0.017008 0.095144 0.121293 0.097606 0.061159 0.025944 -0.006745 0.008313 0.036551 0.044888 0.046583 0.016860 -0.053378 -0.074373 -0.012717 0.011514 -0.029187 -0.013058 0.032070 0.054614 0.062068 0.068676 0.072783 0.076887 0.067702 0.050125 0.029038 0.010820 0.041680 0.056724 0.050346 0.060403 0.058260 0.039297 0.027168 0.012134 -0.019134 -0.002457 0.017392 -0.024599 -0.068243 -0.046662 0.009583 0.050460 0.030040 -0.042718 -0.076159 -0.060145 -0.041139 -0.059946 -0.061054 -0.036467 -0.018906 0.022430 0.045069 -0.007740 -0.053001 -0.060368 -0.084633 -0.081022 -0.042019 -0.025684 -0.063863 -0.100021
0.050262 0.063020 0.066353 0.055318 -0.001619 -0.072531 -0.063739 0.037658 0.099421 0.055010 -0.031218 -0.094719 -0.121699 -0.128561 -0.100756 -0.049443 -0.001006 0.032328 0.066168 0.109333 0.114722 0.066460 0.035955 0.014560 -0.043317 -0.107086 -0.117580 -0.063941 -0.048740 -0.028660 0.017749 -0.003017 -0.057787 -0.027473 0.078800 0.161570 0.130988 0.014772 -0.045570 -0.057070 -0.069067 -0.041289 -0.039137 -0.156573 -0.251619 -0.113359 0.012733 0.026837 0.088480 0.196787 0.190118 -0.089016 -0.365030 -0.240312 -0.056385 0.006223 0.030229 -0.014674 -0.108889 -0.191977 -0.183030 -0.144621 -0.146355 -0.113356 -0.078344 -0.046944 0.000296 -0.004572 -0.085564 -0.131128 -0.073959 -0.037555 -0.024983 0.015570 0.056537 0.100629 0.084613 -0.009080 -0.094252 -0.093562 -0.016361 0.051252 0.008954 -0.033962 0.033970 0.147692 0.154162 0.074395 0.080092 0.184790 0.245024 0.217157 0.125134 0.048025 0.007803 -0.017263 -0.037262 -0.026765 0.036688 0.066965 0.018436 -0.012410 -0.023904 -0.025383 -0.023607 -0.011189 -0.043575 -0.117551 -0.126994 -0.113954 -0.127469 -0.130123 -0.104923 -0.063434 -0.087677 -0.819000 -3.733299 -6.209768 -3.784040 -0.812603 0.020466 0.068866 0.005734 -0.013293 -0.026550 -0.021926 0.043082 0.098031 0.130006 0.123297 0.090856 0.069998 0.061318 0.061057 0.028261 -0.010679 -0.013603 -0.013284 -0.069611 -0.095966 -0.032941 -0.005421 -0.037794 -0.026270 -0.015323 0.023746 0.106502 0.156614 0.144568 0.120462 0.086638 0.040671 0.018938 0.034108 0.103827 0.146619 0.103911 0.062180 0.050355 0.031212 0.003908 -0.003878 -0.000809 0.033854 0.058102 0.004556 -0.057976 -0.064118 -0.051301 -0.008730 0.037965 -0.015365 -0.086237 -0.076117 -0.036744 -0.046388 -0.055051 -0.030736 -0.012031 0.011243 0.028009 -0.004824 -0.024541 -0.007428 -0.031059 -0.081300 -0.081068 -0.053776 -0.051609 -0.054388
0.073115 0.077344 0.073344 0.026857 -0.046847 -0.086569 -0.059861 0.030648 0.078512 0.012915 -0.111524 -0.151168 -0.125301 -0.099878 -0.048923 0.003569 0.047006 0.067014 0.079216 0.107250 0.094151 0.031930 0.033980 0.075762 0.033129 -0.034966 -0.037294 -0.006101 -0.040143 -0.059903 -0.003321 0.009073 -0.042087 -0.021619 0.055925 0.090858 0.071569 0.015446 -0.025223 -0.030395 -0.053321 -0.073387 -0.117934 -0.273728 -0.347909 -0.137308 0.029205 0.072943 0.174143 0.320001 0.313895 -0.071186 -0.421380 -0.280836 -0.083389 -0.028520 -0.005623 -0.002790 -0.043599 -0.120547 -0.123230 -0.137057 -0.231381 -0.250916 -0.222973 -0.215248 -0.182968 -0.117405 -0.090584 -0.056502 0.006003 -0.020633 -0.115714 -0.128286 -0.104179 -0.082313 -0.065888 -0.035325 -0.021677 -0.021315 -0.021662 -0.040697 -0.102869 -0.084920 0.070892 0.203143 0.173874 0.077052 0.101438 0.202703 0.222627 0.162828 0.077069 0.025671 -0.019084 -0.060194 -0.060705 0.001694 0.083669 0.068183 -0.020194 -0.060146 -0.045869 -0.020659 -0.025900 -0.047274 -0.113275 -0.180100 -0.154705 -0.106218 -0.125215 -0.149343 -0.122622 -0.107605 -0.230296 -1.502678 -6.303445 -10.290179 -6.194246 -1.317245 -0.005845 0.117161 0.097546 0.094219 0.083756 0.077475 0.107425 0.112734 0.100141 0.076041 0.030966 0.028840 0.089980 0.127508 0.065477 -0.022307 -0.030347 0.025852 0.025335 0.002618 0.034924 0.055156 0.015000 -0.011315 -0.010478 0.080158 0.203496 0.217537 0.138817 0.078796 0.061425 0.040338 0.024258 0.035187 0.100077 0.153082 0.095696 0.014495 -0.001271 -0.011114 -0.034697 -0.029891 0.002837 0.053653 0.082047 0.040242 -0.001537 -0.017627 -0.057864 -0.044100 0.032100 0.025368 -0.031000 -0.032021 -0.033523 -0.046262 -0.022571 0.016390 0.015731 0.000592 0.011393 0.011673 0.007012 0.019654 -0.001614 -0.064515 -0.078157 -0.062309 -0.039659 -0.012522
0.067019 0.093126 0.108099 0.042998 -0.044157 -0.087706 -0.073953 0.020098 0.069587 -0.003459 -0.121377 -0.143023 -0.102262 -0.042181 0.024544 0.053945 0.075378 0.085260 0.086936 0.107270 0.082177 -0.009153 -0.018886 0.070829 0.098693 0.073138 0.070858 0.071078 -0.000327 -0.066038 -0.008707 0.056383 0.031378 0.020125 0.054501 0.025350 -0.024037 -0.042751 -0.065112 -0.078765 -0.105708 -0.123955 -0.121701 -0.174809 -0.206666 -0.091782 0.015315 0.091908 0.232518 0.437683 0.477753 0.067834 -0.247811 -0.111462 0.017494 0.006584 -0.010672 0.003912 0.014704 -0.002081 0.000288 -0.050300 -0.176618 -0.245191 -0.256881 -0.290959 -0.315628 -0.250062 -0.139365 -0.040089 0.025043 -0.029390 -0.169862 -0.188260 -0.167077 -0.164205 -0.129603 -0.019180 0.056267 0.045094 0.004340 -0.056243 -0.158044 -0.160371 -0.004618 0.136859 0.118761 0.029605 0.031472 0.092499 0.093413 0.040590 -0.001235 0.006097 -0.003860 -0.043234 -0.071064 -0.022543 0.063698 0.030377 -0.058403 -0.075442 -0.066466 -0.067344 -0.037621 -0.002683 -0.059652 -0.118387 -0.078259 -0.033745 -0.064561 -0.082485 -0.050725 -0.054204 -0.143232 -0.923496 -3.830750 -6.211323 -3.691145 -0.737127 0.026771 0.093114 0.091328 0.106936 0.117142 0.114142 0.140262 0.141830 0.081452 0.012104 -0.046313 -0.035115 0.073470 0.150036 0.103350 0.034739 0.076547 0.194802 0.202671 0.114620 0.085026 0.127839 0.112415 0.059771 0.048712 0.151279 0.220903 0.117455 -0.001344 -0.013404 0.031020 0.045095 0.022700 -0.000454 0.015517 0.058423 0.026157 -0.058262 -0.082923 -0.069610 -0.055737 -0.047652 -0.016862 0.038724 0.060916 0.025098 0.016287 0.025618 -0.022850 -0.028131 0.049745 0.108433 0.087356 0.041369 -0.037717 -0.062690 -0.009338 0.031350 0.013002 -0.016167 0.011269 0.052053 0.043731 0.017316 -0.022505 -0.065706 -0.049279 -0.031699 -0.013631 0.013435
0.062592 0.090797 0.129365 0.095478 0.029510 -0.020354 -0.017605 0.051241 0.049080 -0.054529 -0.137378 -0.129034 -0.079345 0.004370 0.087838 0.114034 0.099229 0.060227 0.034496 0.054792 0.052748 -0.044228 -0.080841 0.013716 0.091171 0.105971 0.087602 0.073298 0.016388 -0.045068 0.028284 0.140327 0.167207 0.195445 0.234168 0.094623 -0.067596 -0.103803 -0.088778 -0.069234 -0.071487 -0.071004 -0.014985 0.028472 -0.012115 -0.054299 -0.040904 0.043421 0.174663 0.330929 0.364621 0.093834 -0.076159 0.017773 0.062581 0.017614 -0.009647 0.005489 0.032047 0.052630 0.045253 -0.004730 -0.072578 -0.137189 -0.181391 -0.222369 -0.259121 -0.230755 -0.122896 -0.026298 0.009271 -0.056628 -0.161847 -0.152861 -0.114248 -0.091937 -0.053504 0.037617 0.090216 0.073681 0.058146 0.022132 -0.091088 -0.169652 -0.103551 0.019804 0.033880 -0.036268 -0.082759 -0.075587 -0.062871 -0.085743 -0.069529 0.000635 0.022587 -0.015355 -0.067140 -0.040217 0.032275 -0.003420 -0.059499 -0.051650 -0.074898 -0.133499 -0.098775 0.004880 0.023186 -0.002846 0.008687 0.027936 0.019859 0.009263 0.015581 0.011839 0.006084 -0.150344 -0.793612 -1.314256 -0.730644 -0.039013 0.129793 0.113313 0.076752 0.060562 0.039531 0.024944 0.083335 0.128250 0.059938 -0.038028 -0.074246 -0.024895 0.093500 0.155443 0.116761 0.075071 0.131226 0.246707 0.214324 0.076707 0.046682 0.138180 0.175568 0.106774 0.029834 0.101304 0.131295 -0.053219 -0.165022 -0.081928 0.000377 0.000094 -0.048424 -0.089899 -0.094421 -0.039808 -0.012964 -0.071470 -0.121074 -0.115379 -0.101678 -0.124326 -0.111446 -0.040979 -0.010258 -0.022978 0.011837 0.055751 0.013302 -0.013600 0.055630 0.168711 0.170834 0.086116 -0.018197 -0.045683 -0.013042 -0.009399 -0.030481 -0.032355 0.018124 0.080883 0.086333 0.044860 -0.034366 -0.087448 -0.052990 -0.008922 0.027784 0.060437
0.095974 0.087397 0.095711 0.072079 0.048662 0.033288 0.037062 0.058039 0.005514 -0.104446 -0.152540 -0.115481 -0.048146 0.048428 0.135658 0.162238 0.115118 0.012666 -0.034261 0.027346 0.062043 -0.064363 -0.139802 -0.079060 -0.013074 0.016824 0.013609 0.025585 0.004026 -0.040640 0.010769 0.103746 0.176596 0.298783 0.392715 0.191261 -0.051950 -0.116266 -0.078702 -0.021043 0.011680 0.038756 0.119958 0.193418 0.150136 0.029089 -0.031330 0.012701 0.085703 0.160959 0.178435 0.046348 -0.048355 -0.029911 -0.032999 -0.060304 -0.044690 0.012623 0.054484 0.065691 0.021490 -0.026823 -0.017703 -0.028779 -0.059438 -0.069668 -0.069758 -0.059854 -0.017939 0.003738 -0.029769 -0.120048 -0.206340 -0.208294 -0.156994 -0.097979 -0.066219 -0.007017 0.054637 0.080910 0.107552 0.093571 0.001294 -0.097354 -0.092432 -0.000052 0.024058 -0.050873 -0.152695 -0.178121 -0.143730 -0.155035 -0.117629 -0.015002 0.034780 0.007839 -0.041400 -0.022990 0.035414 0.027193 0.007948 -0.000182 -0.058668 -0.148127 -0.149955 -0.051454 0.017470 0.020729 -0.000194 0.005874 0.048331 0.066991 0.059993 0.059121 0.073733 0.064530 -0.020129 -0.088185 -0.019732 0.115601 0.193796 0.190826 0.134032 0.075305 0.020663 -0.011528 0.038590 0.074638 0.002874 -0.086556 -0.076670 0.016113 0.132839 0.173501 0.126280 0.060046 0.053872 0.105359 0.045550 -0.071896 -0.054030 0.059405 0.133678 0.080294 -0.045130 0.008696 0.083215 -0.094087 -0.240662 -0.154604 -0.066927 -0.067099 -0.099273 -0.123043 -0.130172 -0.081617 -0.019683 -0.049337 -0.122042 -0.138557 -0.139007 -0.187854 -0.181107 -0.102365 -0.079611 -0.083880 -0.011414 0.066235 0.046584 0.011645 0.030777 0.104195 0.116017 0.055244 -0.014965 -0.037991 -0.045106 -0.073930 -0.076899 -0.043887 -0.003638 0.044997 0.083305 0.062807 -0.032527 -0.096327 -0.071292 -0.019550 0.034282 0.068279
0.069619 0.023071 -0.027171 -0.042513 0.009478 0.049105 0.038992 0.022713 -0.044851 -0.133892 -0.152831 -0.100622 -0.012147 0.096511 0.149628 0.139762 0.085194 -0.021365 -0.051472 0.050248 0.087497 -0.064668 -0.145676 -0.133262 -0.132091 -0.099626 -0.039262 0.017875 0.024633 -0.000401 -0.002083 -0.012110 0.015838 0.118837 0.191662 0.069180 -0.052033 -0.056105 -0.039144 -0.022279 -0.008323 0.029534 0.131546 0.216202 0.198857 0.109301 0.059169 0.045937 0.024885 0.056440 0.090574 0.037820 -0.025129 -0.055019 -0.077308 -0.079240 -0.039355 0.026960 0.050215 0.032676 -0.011452 -0.044717 -0.004284 0.042706 0.056644 0.060651 0.056165 0.053889 0.054954 0.019278 -0.053558 -0.149555 -0.234119 -0.241148 -0.169215 -0.099201 -0.112119 -0.102244 -0.029106 0.035619 0.077781 0.065202 -0.012609 -0.078915 -0.049055 0.053793 0.083414 -0.009366 -0.160058 -0.208970 -0.152244 -0.139261 -0.111336 -0.018403 0.050385 0.051438 0.025221 0.034270 0.073451 0.086800 0.075486 0.035721 -0.018228 -0.065199 -0.079618 -0.046378 -0.020830 -0.040746 -0.074650 -0.059683 0.017218 0.068376 0.069559 0.064329 0.051876 0.029366 -0.023079 -0.071802 -0.039889 0.065724 0.159581 0.203216 0.177937 0.130691 0.112206 0.080591 0.047804 0.012294 -0.048611 -0.086356 -0.039538 0.045243 0.104218 0.115083 0.078227 0.002875 -0.032212 0.008640 -0.013094 -0.095603 -0.100642 -0.033013 0.045017 0.037781 -0.062872 -0.018199 0.084043 -0.069957 -0.277990 -0.268414 -0.182176 -0.111628 -0.066932 -0.067635 -0.086406 -0.069513 -0.025212 -0.050433 -0.117695 -0.141838 -0.156981 -0.198517 -0.172257 -0.111261 -0.124471 -0.139330 -0.041629 0.052847 0.037229 0.008738 -0.001102 0.025017 0.053989 0.035960 -0.010113 -0.040303 -0.073871 -0.109396 -0.093208 -0.045937 -0.035014 -0.017099 0.035610 0.044912 -0.027431 -0.081976 -0.080573 -0.057367 -0.009446 0.021467
0.005373 -0.043348 -0.098886 -0.084230 0.006297 0.047121 0.003636 -0.047037 -0.141387 -0.229703 -0.199341 -0.096802 0.013851 0.096447 0.086153 0.039391 0.011769 -0.022556 -0.003120 0.058709 0.051319 -0.030510 -0.030360 -0.038863 -0.115556 -0.120777 -0.043941 0.011446 0.016895 -0.024361 -0.157769 -0.325606 -0.267216 -0.107405 -0.044444 -0.063315 -0.020136 0.079574 0.078727 0.005464 -0.072791 -0.073783 0.047362 0.149048 0.145851 0.118442 0.119927 0.083503 -0.004299 -0.001959 0.044011 0.027393 -0.001772 -0.016437 -0.010645 0.014071 0.034304 0.051985 0.031888 -0.006410 -0.027243 -0.048950 -0.027131 0.041563 0.094735 0.099289 0.071626 0.061567 0.064980 0.027734 -0.040752 -0.121321 -0.180723 -0.138287 -0.033805 0.009622 -0.052616 -0.096866 -0.058862 -0.000375 0.023561 0.001801 -0.063747 -0.086477 -0.020409 0.077344 0.102964 0.042944 -0.082257 -0.150938 -0.104561 -0.067646 -0.065522 -0.013991 0.071626 0.110488 0.097219 0.090417 0.107610 0.123312 0.109617 0.058063 0.021796 0.026053 0.028809 0.024564 0.000803 -0.070960 -0.136748 -0.131704 -0.069088 -0.011864 0.010833 0.013681 -0.018864 -0.056514 -0.091638 -0.111079 -0.035179 0.064919 0.122652 0.164865 0.158330 0.140072 0.163249 0.116781 0.003487 -0.057766 -0.065613 -0.055873 -0.016087 0.017658 -0.001185 -0.027036 -0.035157 -0.062568 -0.060933 0.013319 0.036334 -0.028216 -0.065954 -0.028530 0.034535 0.029392 -0.041699 -0.020084 0.050510 -0.060784 -0.250516 -0.290373 -0.233661 -0.150520 -0.088281 -0.058883 -0.037462 -0.029123 -0.034098 -0.067674 -0.100433 -0.125161 -0.148249 -0.148502 -0.106862 -0.095318 -0.131642 -0.125514 -0.024894 0.041559 -0.011104 -0.043488 -0.033614 0.006377 0.049346 0.042714 0.011101 -0.016112 -0.057625 -0.099731 -0.095188 -0.061527 -0.064005 -0.062760 -0.020525 0.012727 -0.009337 -0.036240 -0.061924 -0.096602 -0.080430 -0.045398
-0.039352 -0.071768 -0.088271 -0.062620 -0.001210 0.002248 -0.052522 -0.113896 -0.220369 -0.298019 -0.225447 -0.095406 -0.000306 0.014802 -0.040740 -0.061821 -0.022427 0.038552 0.106524 0.094192 0.024035 -0.000857 0.067619 0.105877 0.035058 -0.023002 -0.035333 -0.053430 -0.059408 -0.191700 -0.760523 -1.264788 -0.799169 -0.209273 -0.053238 -0.018798 0.069548 0.180977 0.175744 0.081682 -0.049422 -0.101605 0.005898 0.106411 0.099773 0.085092 0.106288 0.110968 0.038249 -0.000691 0.021788 0.017274 -0.002857 0.001072 0.027305 0.052024 0.073636 0.097496 0.072036 0.020867 -0.005062 -0.038481 -0.046049 0.014499 0.077089 0.085466 0.078713 0.067171 0.046811 0.009806 -0.034361 -0.070453 -0.085746 -0.021042 0.051378 0.041329 -0.005957 -0.023863 -0.010146 0.004338 -0.018846 -0.055948 -0.109818 -0.101881 -0.026603 0.044229 0.056524 0.045630 0.023316 -0.013052 -0.016912 -0.022183 -0.057127 -0.024045 0.078786 0.115336 0.068080 0.047275 0.072362 0.109361 0.120021 0.082698 0.066181 0.097633 0.116405 0.124190 0.103312 0.005188 -0.100464 -0.134790 -0.132247 -0.102797 -0.056308 -0.039378 -0.070792 -0.109888 -0.135456 -0.116396 0.005568 0.106116 0.143761 0.150949 0.113754 0.077958 0.079256 0.019159 -0.096369 -0.134058 -0.117725 -0.105622 -0.069672 -0.041806 -0.067923 -0.112241 -0.118397 -0.096586 -0.051008 0.011803 0.001063 -0.037789 -0.017559 0.043079 0.080838 0.028734 -0.051980 -0.055429 -0.006960 -0.028665 -0.120444 -0.160804 -0.159110 -0.159143 -0.146982 -0.070370 0.016630 0.014827 -0.051048 -0.094281 -0.087516 -0.100029 -0.108334 -0.067090 -0.010692 -0.044720 -0.129390 -0.124102 -0.043967 -0.010379 -0.058626 -0.065995 -0.024136 0.017568 0.021957 -0.012217 -0.019255 -0.006444 -0.031611 -0.088305 -0.096505 -0.056396 -0.052364 -0.074810 -0.062371 -0.025300 -0.011894 -0.002446 -0.020626 -0.085454 -0.106344 -0.073564
-0.126451 -0.134869 -0.102110 -0.058913 -0.008194 -0.021622 -0.061398 -0.080580 -0.120141 -0.152225 -0.125488 -0.086576 -0.040235 -0.051718 -0.104347 -0.065757 0.043583 0.146950 0.206019 0.138044 0.018442 -0.022056 0.050548 0.140724 0.115358 0.024021 -0.090274 -0.188441 -0.193075 -0.367542 -1.259591 -1.987646 -1.123099 -0.144814 0.078988 0.096463 0.141636 0.170373 0.132042 0.065682 -0.032645 -0.084190 -0.011150 0.074314 0.090433 0.071293 0.057828 0.061354 0.021804 -0.033779 -0.043363 -0.036992 -0.040984 -0.023533 0.003086 0.020170 0.060571 0.109660 0.095052 0.038689 0.000423 -0.031451 -0.024923 0.051651 0.099608 0.082417 0.091600 0.084574 0.037876 -0.011073 -0.059163 -0.089046 -0.099219 -0.052996 0.007379 -0.006367 -0.015941 0.015384 0.020197 -0.015700 -0.068167 -0.097030 -0.139761 -0.130683 -0.048116 0.044410 0.079712 0.094597 0.135288 0.120354 0.053546 -0.010541 -0.050994 -0.021602 0.036498 0.030084 -0.009542 0.015176 0.064854 0.095309 0.102554 0.073422 0.084644 0.146322 0.191851 0.214856 0.189972 0.102018 0.011327 -0.056202 -0.138148 -0.162814 -0.105057 -0.059052 -0.039548 -0.056888 -0.112078 -0.123753 -0.032183 0.068748 0.126829 0.128319 0.077157 0.017662 -0.024177 -0.075918 -0.138766 -0.138527 -0.116749 -0.123698 -0.099588 -0.071150 -0.076146 -0.115222 -0.149882 -0.124179 -0.076367 -0.060722 -0.101064 -0.078174 0.017753 0.078332 0.088825 0.025241 -0.059941 -0.082867 -0.049087 0.000260 0.009154 -0.020947 -0.065778 -0.113812 -0.111710 -0.005270 0.084828 0.048381 -0.048509 -0.099213 -0.081714 -0.064874 -0.047448 -0.022741 0.020498 -0.028701 -0.150665 -0.153571 -0.082341 -0.061310 -0.085656 -0.049762 0.028565 0.047795 -0.007687 -0.063118 -0.054287 -0.024059 -0.044057 -0.105309 -0.099961 -0.020566 0.002569 -0.046898 -0.072804 -0.069229 -0.079518 -0.072666 -0.052620 -0.060899 -0.071926 -0.047996
-0.171130 -0.150372 -0.093957 -0.044797 -0.003667 -0.019076 -0.037411 -0.030694 -0.049252 -0.070351 -0.096322 -0.142046 -0.111674 -0.078170 -0.092894 -0.025211 0.102985 0.206812 0.242750 0.139924 -0.013949 -0.073880 -0.000418 0.112771 0.110787 0.012811 -0.129370 -0.259314 -0.276851 -0.335379 -0.841448 -1.246969 -0.638945 0.047796 0.205385 0.173992 0.156661 0.110379 0.051489 0.004690 -0.048541 -0.062885 -0.009296 0.054101 0.092991 0.075829 0.035664 0.012104 -0.023119 -0.075303 -0.111375 -0.108412 -0.085348 -0.046548 -0.012936 0.001303 0.031047 0.072050 0.057919 -0.056505 -0.141435 -0.091745 0.005727 0.118584 0.159955 0.110066 0.082915 0.072564 0.050876 0.021301 -0.044340 -0.113692 -0.189734 -0.215008 -0.087070 -0.003155 0.008924 0.027086 0.009210 -0.052295 -0.093975 -0.079077 -0.076907 -0.064423 0.001259 0.087451 0.140049 0.181298 0.218899 0.180312 0.094462 0.038074 0.019271 0.009851 -0.021906 -0.075545 -0.072993 0.013576 0.065701 0.054426 0.051187 0.048865 0.082124 0.159349 0.227548 0.235055 0.165490 0.083941 0.028850 -0.046813 -0.157820 -0.207800 -0.148315 -0.048879 0.045057 0.039694 -0.054071 -0.116228 -0.108427 -0.054493 -0.013279 0.004749 0.005097 -0.020212 -0.063616 -0.086239 -0.084858 -0.055247 -0.034717 -0.064261 -0.081237 -0.091173 -0.108602 -0.146449 -0.191813 -0.172825 -0.147924 -0.146317 -0.167561 -0.113253 0.020217 0.083795 0.073304 0.030739 -0.035220 -0.073174 -0.058982 0.006912 0.053037 0.027018 -0.011775 -0.042753 -0.037951 0.041473 0.099101 0.080907 0.030481 -0.027487 -0.048644 -0.029917 -0.031836 -0.070740 -0.070703 -0.095396 -0.136349 -0.080137 -0.020691 -0.025271 -0.055392 -0.020094 0.059861 0.069566 0.004341 -0.031690 -0.020698 -0.027175 -0.064746 -0.098071 -0.074827 0.005126 0.035518 -0.003352 -0.046198 -0.084092 -0.124668 -0.139859 -0.113549 -0.078150 -0.055436 -0.020991
-0.159237 -0.123072 -0.058462 -0.014541 0.001901 -0.010088 -0.010839 -0.016756 -0.078241 -0.124283 -0.159684 -0.211062 -0.170777 -0.091310 -0.072160 -0.019196 0.083996 0.220334 0.278011 0.145124 -0.036617 -0.117398 -0.046139 0.072135 0.078261 0.005515 -0.085978 -0.172120 -0.210795 -0.205336 -0.307621 -0.391056 -0.175905 0.109847 0.206370 0.156600 0.125252 0.091296 0.061381 0.005622 -0.039648 -0.024170 0.013709 0.032566 0.053431 0.069219 0.106161 0.129217 0.081904 0.000092 -0.075814 -0.087226 -0.053923 -0.010182 0.033100 0.026612 -0.003171 0.005846 -0.049125 -0.433038 -0.746881 -0.435032 -0.058349 0.113197 0.154490 0.095313 0.035397 0.014129 0.030881 0.055794 0.013863 -0.064887 -0.196800 -0.308164 -0.149913 0.011961 0.020286 -0.009277 -0.035429 -0.070095 -0.076141 -0.021293 0.020271 0.023635 0.022133 0.021049 0.040150 0.109060 0.150739 0.118052 0.084040 0.091243 0.091880 0.043851 -0.026213 -0.115374 -0.123393 -0.037853 -0.004320 -0.046075 -0.038478 0.015113 0.080362 0.166145 0.234907 0.232170 0.138751 0.044443 -0.014476 -0.076149 -0.140331 -0.177023 -0.130171 -0.019019 0.084695 0.075114 -0.008571 -0.078409 -0.128779 -0.126132 -0.130168 -0.136996 -0.117022 -0.087686 -0.066937 -0.036490 0.008153 0.032339 0.018933 -0.017206 -0.037852 -0.062448 -0.082717 -0.131848 -0.185739 -0.166009 -0.144347 -0.135174 -0.160448 -0.133475 -0.000378 0.077524 0.037690 -0.006492 -0.036505 -0.067564 -0.065196 -0.024195 0.013284 0.014037 0.023466 0.022338 0.001216 0.013365 0.049335 0.093219 0.097828 0.014197 -0.061399 -0.075007 -0.119880 -0.189105 -0.185789 -0.108226 -0.012935 0.076547 0.090828 0.049753 -0.007963 -0.016229 0.023650 0.035957 0.015720 0.025148 0.028875 -0.013706 -0.053094 -0.035836 0.010933 0.053823 0.056624 0.033756 0.009278 -0.025457 -0.057872 -0.068800 -0.067315 -0.070069 -0.056917 -0.026456
-0.199597 -0.154036 -0.063848 0.002483 0.018959 0.003609 -0.014639 -0.036664 -0.103617 -0.151264 -0.166362 -0.188791 -0.152420 -0.063285 0.002122 0.045750 0.087318 0.206268 0.264036 0.140324 -0.018080 -0.102180 -0.059729 0.029079 0.040740 0.006237 -0.025567 -0.050685 -0.087301 -0.097829 -0.089705 -0.079727 -0.015174 0.124452 0.199296 0.125085 0.072116 0.077298 0.086233 0.015197 -0.053228 -0.049649 -0.023482 -0.032624 -0.041750 0.021769 0.183347 0.283963 0.225070 0.110540 0.020383 0.005244 0.013455 0.050521 0.130044 0.100002 -0.030253 -0.085260 -0.168691 -0.742384 -1.259805 -0.753994 -0.150965 0.047661 0.068723 0.023234 -0.021838 -0.041489 -0.005561 0.061176 0.067924 0.032233 -0.038408 -0.148220 -0.113072 -0.029149 -0.044973 -0.091611 -0.090400 -0.068184 -0.025055 0.038361 0.043283 -0.002793 -0.056575 -0.102565 -0.103823 -0.024571 0.034865 0.023651 0.012812 0.051187 0.093180 0.069205 0.015278 -0.067040 -0.094664 -0.058847 -0.059080 -0.101886 -0.081840 -0.007216 0.053601 0.107101 0.154549 0.174243 0.116602 0.043061 -0.006829 -0.049750 -0.076218 -0.091375 -0.065534 0.003721 0.073407 0.068177 0.029928 -0.030028 -0.103665 -0.120974 -0.145705 -0.174584 -0.166321 -0.116335 -0.053803 -0.014061 0.037415 0.083019 0.078944 0.059180 0.029029 -0.029773 -0.044129 -0.067679 -0.119936 -0.136967 -0.135229 -0.105936 -0.107846 -0.090903 -0.009203 0.028325 -0.043262 -0.081246 -0.057321 -0.059487 -0.072707 -0.077097 -0.044715 0.000183 0.039998 0.050752 0.011130 -0.015135 0.013668 0.082752 0.099355 0.001080 -0.102019 -0.146922 -0.190409 -0.219647 -0.167892 -0.015209 0.114054 0.156538 0.118237 0.050467 -0.015772 -0.034642 -0.010459 0.019897 0.035473 0.052779 0.039890 -0.008780 -0.039189 0.002017 0.068433 0.105441 0.084304 0.047072 0.045541 0.051231 0.046066 0.034697 -0.004967 -0.045614 -0.036542 -0.017029
-0.218009 -0.176056 -0.092786 -0.019735 0.015061 -0.003081 -0.049069 -0.073245 -0.118666 -0.135169 -0.094480 -0.087679 -0.097997 -0.054005 0.065255 0.161818 0.135934 0.125272 0.121252 0.071210 0.016506 -0.031609 -0.035575 0.003467 0.028832 0.024601 0.019886 0.020111 -0.001043 -0.011474 0.021082 0.064724 0.097550 0.148602 0.168976 0.098877 0.023523 0.035775 0.070658 -0.002126 -0.155258 -0.227394 -0.120265 -0.065509 -0.096033 -0.038872 0.136701 0.239941 0.199968 0.115884 0.045139 0.004642 -0.027534 0.042139 0.203516 0.197001 0.005051 -0.141440 -0.208004 -0.488344 -0.765461 -0.450853 -0.081018 0.027079 0.028589 0.006260 -0.024385 -0.036223 0.020989 0.089908 0.078816 0.049202 0.064502 0.019508 -0.058403 -0.086977 -0.123075 -0.144128 -0.098859 -0.047492 0.013610 0.065336 0.014194 -0.076391 -0.123447 -0.108098 -0.068898 -0.007100 0.033524 0.014774 -0.015807 0.011404 0.067920 0.053553 0.019205 -0.004496 -0.017604 -0.023322 -0.041077 -0.050038 -0.016305 0.014850 -0.005241 -0.038955 -0.028462 0.021812 0.050944 0.058526 0.023233 -0.038000 -0.057740 -0.021505 0.021635 0.053373 0.093911 0.111833 0.104782 0.036493 -0.044381 -0.068538 -0.097358 -0.122708 -0.110399 -0.069953 -0.032492 -0.017971 0.028131 0.096399 0.123742 0.124895 0.070180 -0.016106 -0.017084 -0.012335 -0.057900 -0.101530 -0.108014 -0.050024 -0.005729 -0.000796 0.005151 -0.008724 -0.103261 -0.149266 -0.097338 -0.067322 -0.083581 -0.104237 -0.080953 -0.061398 -0.047689 -0.014507 -0.021096 -0.021019 0.015186 0.060684 0.062994 -0.009155 -0.094298 -0.139743 -0.141241 -0.100948 -0.024735 0.072047 0.118569 0.103434 0.048812 -0.014512 -0.053117 -0.047804 -0.002722 0.069658 0.082597 0.047532 0.013949 -0.035706 -0.082025 -0.060423 0.007708 0.079071 0.099012 0.062864 0.038180 0.040684 0.057040 0.036376 -0.031707 -0.058808 -0.019063 0.011012
-0.109031 -0.075592 -0.057135 -0.050673 -0.018552 -0.014637 -0.044383 -0.040445 -0.072935 -0.098084 -0.031281 0.005822 -0.040239 -0.047535 0.081892 0.210507 0.158477 0.056291 0.002949 -0.001586 0.005072 -0.024069 -0.054734 -0.044090 -0.006327 0.013897 0.017685 0.012843 0.000805 0.007520 0.046684 0.102984 0.140424 0.124151 0.088979 0.037752 -0.050381 -0.071189 -0.044850 -0.071011 -0.246398 -0.353110 -0.130626 -0.002384 -0.053022 -0.039337 0.050364 0.097997 0.092326 0.073531 0.034698 -0.052018 -0.130486 -0.034774 0.190454 0.275782 0.125424 -0.114334 -0.264501 -0.305044 -0.267908 -0.108404 0.014687 0.047246 0.072815 0.071072 0.021819 0.002331 0.060843 0.089940 0.014601 -0.039476 0.023077 0.049017 -0.028953 -0.088433 -0.134606 -0.143663 -0.067526 -0.010528 0.010052 0.014421 -0.044995 -0.113608 -0.116150 -0.034432 0.028915 0.055640 0.081732 0.075238 0.053832 0.078454 0.110794 0.062256 0.011854 0.019224 0.023911 0.015520 0.008338 0.019851 0.041686 0.018612 -0.053985 -0.135333 -0.176295 -0.138249 -0.036087 0.039242 -0.030633 -0.132106 -0.128900 -0.023722 0.061582 0.065021 0.054163 0.079695 0.114757 0.102331 0.063689 0.028621 -0.019161 -0.058501 -0.044907 0.000520 0.021743 0.023039 0.046023 0.075290 0.074753 0.069183 0.035002 0.006273 0.034063 0.032122 -0.022003 -0.060577 -0.031879 0.026285 0.046613 0.039027 0.042961 0.045766 -0.044737 -0.115870 -0.075538 -0.025585 -0.019777 -0.019555 -0.027886 -0.103758 -0.148170 -0.090460 -0.058480 -0.036292 -0.003924 0.005307 -0.011144 -0.030429 -0.067778 -0.108207 -0.098790 -0.027990 0.057136 0.095869 0.068976 0.010054 -0.036159 -0.061306 -0.073691 -0.061672 -0.004219 0.100816 0.113901 0.028966 -0.029138 -0.086218 -0.155754 -0.165727 -0.113692 -0.009919 0.091778 0.099167 0.048062 0.009759 0.017709 0.002952 -0.050796 -0.055049 -0.007569 0.013544
0.005091 0.038165 0.001457 -0.069626 -0.070788 -0.052854 -0.029944 0.027428 0.005057 -0.045935 0.002905 0.051038 0.020693 0.009861 0.085177 0.138053 0.075130 -0.001634 -0.022758 -0.029064 -0.031967 -0.050970 -0.091699 -0.117802 -0.082790 -0.034263 -0.018072 -0.033642 -0.048363 -0.042624 -0.007801 0.050798 0.099101 0.105975 0.104090 0.060696 -0.049205 -0.114744 -0.129195 -0.082897 -0.096310 -0.107340 0.041728 0.081409 0.001000 -0.024388 -0.020533 -0.017987 -0.001207 0.024357 0.033305 -0.043351 -0.149707 -0.092305 0.124761 0.299744 0.230040 -0.043966 -0.274224 -0.306074 -0.187023 -0.046963 0.035631 0.073517 0.120338 0.120533 0.050759 0.015381 0.041480 0.013805 -0.090363 -0.130956 -0.044327 0.029939 -0.010951 -0.069443 -0.128176 -0.139818 -0.051757 0.006373 -0.011380 -0.065573 -0.122055 -0.141580 -0.082608 0.034175 0.073377 0.073031 0.106561 0.112753 0.107437 0.141858 0.168149 0.126425 0.050790 0.015426 0.016968 0.038498 0.049001 0.051497 0.036752 -0.008128 -0.041950 -0.099826 -0.186399 -0.205050 -0.121747 -0.050169 -0.128016 -0.197206 -0.148861 -0.043504 0.035584 0.029118 -0.016088 -0.011032 0.066716 0.142784 0.137402 0.090842 0.055515 0.010359 -0.004250 0.044493 0.088430 0.086498 0.055976 0.018472 -0.013845 -0.020578 -0.006568 0.019494 0.050331 0.054973 0.020255 -0.022683 0.003184 0.034219 0.016559 0.014020 0.060445 0.122247 0.062979 -0.031365 -0.025882 0.034381 0.071520 0.086611 0.073200 -0.014919 -0.080338 -0.054690 -0.038240 -0.033459 -0.016529 -0.026712 -0.057652 -0.053155 -0.071746 -0.109845 -0.104286 -0.035657 0.068613 0.101580 0.043445 -0.039114 -0.075872 -0.070936 -0.070535 -0.044454 0.021672 0.112808 0.120421 0.019529 -0.056474 -0.101567 -0.165475 -0.204359 -0.184636 -0.066607 0.091606 0.124215 0.059614 0.014783 0.021723 0.011198 -0.044165 -0.068023 -0.048232 -0.054502
0.021864 0.057815 0.030449 -0.043837 -0.073320 -0.062733 -0.008917 0.071439 0.069967 0.030575 0.038665 0.064733 0.078168 0.070142 0.058522 0.021159 -0.038696 -0.044905 0.008364 0.019963 0.006580 -0.017762 -0.077292 -0.144675 -0.122206 -0.055830 -0.024363 -0.023230 -0.049573 -0.082556 -0.033907 0.068550 0.109290 0.137129 0.189274 0.152124 0.031484 -0.056778 -0.107346 -0.050560 0.049730 0.093378 0.092550 0.038488 -0.017655 -0.037211 -0.076370 -0.089670 -0.045720 -0.007246 0.000683 -0.050118 -0.121278 -0.088533 0.067309 0.243935 0.230809 0.021293 -0.197387 -0.259510 -0.162074 -0.060590 0.009412 0.069863 0.112618 0.116303 0.061441 0.028110 0.020206 -0.051204 -0.143620 -0.135436 -0.048130 0.034329 0.009040 -0.082285 -0.151349 -0.116267 -0.005506 0.037746 0.005018 -0.064727 -0.114136 -0.120603 -0.059265 0.044934 0.065744 0.064127 0.089227 0.070636 0.052692 0.087113 0.101254 0.085103 0.042896 0.001272 0.008195 0.042491 0.050683 0.061913 0.055326 0.019825 0.016671 -0.037217 -0.127580 -0.164641 -0.156368 -0.133479 -0.166859 -0.173542 -0.111243 -0.048386 0.001298 0.027588 0.022635 0.011657 0.084906 0.177334 0.145408 0.079783 0.083197 0.076833 0.052064 0.077183 0.123279 0.122988 0.049141 -0.033501 -0.066733 -0.065657 -0.017081 0.032944 0.038749 0.040676 0.030391 -0.010614 -0.009163 0.009232 -0.003104 -0.018683 0.009045 0.085843 0.063993 -0.022566 -0.024758 0.045309 0.100970 0.138600 0.154376 0.112314 0.062229 0.040851 0.017913 0.000294 0.005802 -0.009784 -0.043141 -0.059610 -0.112588 -0.141461 -0.103629 -0.018122 0.104727 0.127276 0.037384 -0.037478 -0.055251 -0.058216 -0.049215 0.005056 0.062781 0.098846 0.082628 0.016952 -0.021394 -0.035793 -0.084448 -0.133906 -0.128568 -0.021792 0.108303 0.092411 -0.001482 -0.009493 0.040621 0.030663 -0.041828 -0.080463 -0.080032 -0.100228
0.015343 0.038390 0.030612 -0.020055 -0.060681 -0.052092 0.005241 0.070057 0.084451 0.073488 0.058450 0.062501 0.092006 0.057238 0.000269 -0.029191 -0.040845 -0.013251 0.046166 0.071725 0.070772 0.036267 -0.028913 -0.101774 -0.100479 -0.035713 0.017824 0.043867 0.011790 -0.054283 -0.010448 0.120018 0.131479 0.103412 0.127152 0.100456 0.021914 -0.064136 -0.137551 -0.099931 0.009974 0.060095 0.009886 -0.056592 -0.061803 -0.034016 -0.062951 -0.076083 -0.031866 -0.025912 -0.060085 -0.109266 -0.134377 -0.090373 0.002758 0.124527 0.165562 0.078486 -0.104178 -0.204990 -0.140046 -0.069068 -0.024105 0.021314 0.039382 0.047625 0.039489 0.043603 0.030426 -0.050885 -0.115352 -0.069521 0.022562 0.092351 0.053369 -0.067404 -0.115571 -0.012613 0.101431 0.107180 0.065314 0.003313 -0.044631 -0.047824 -0.020140 0.014769 0.004844 0.003455 0.037639 0.030050 0.007637 0.007958 -0.037404 -0.041268 -0.005915 0.003576 0.018920 0.032432 0.033789 0.069407 0.087093 0.064243 0.053662 -0.013169 -0.083294 -0.105041 -0.143571 -0.176895 -0.196612 -0.181728 -0.109170 -0.036936 -0.001700 0.061757 0.125372 0.104768 0.124111 0.169811 0.132349 0.076845 0.090516 0.112003 0.095269 0.079304 0.085021 0.090650 0.039810 -0.016828 -0.040257 -0.059008 -0.010881 0.040558 0.011901 -0.009814 -0.010063 -0.019907 -0.013200 0.002007 0.012868 0.010257 0.014002 0.041005 0.015283 -0.029238 -0.008385 0.045314 0.085768 0.145942 0.168835 0.129054 0.105926 0.091753 0.056451 0.022892 0.011275 0.003937 -0.016618 -0.062555 -0.139059 -0.145482 -0.074763 0.021801 0.128904 0.129590 0.030644 -0.020476 -0.014893 -0.013032 0.012108 0.055299 0.066860 0.054868 0.028135 0.024597 0.040224 0.030597 -0.001329 -0.015110 -0.007658 0.029255 0.060437 0.010889 -0.057687 -0.024945 0.039971 0.014191 -0.055318 -0.083131 -0.094532 -0.129013
0.037814 0.034006 0.012333 -0.024851 -0.045978 -0.032493 0.002195 0.031611 0.038457 0.038111 0.020453 0.009346 0.028500 -0.011562 -0.053356 -0.029049 0.026184 0.061407 0.064328 0.061470 0.066433 0.041871 -0.009166 -0.056338 -0.050024 0.027982 0.093301 0.088323 0.058008 0.018024 0.023601 0.116763 0.145843 0.085515 0.036453 0.013578 -0.021113 -0.117425 -0.204183 -0.171354 -0.060715 0.020097 0.002227 -0.041015 -0.022131 0.003093 -0.041602 -0.071831 -0.045195 -0.047900 -0.063291 -0.090022 -0.109789 -0.094344 -0.082626 0.007208 0.125372 0.144973 -0.009778 -0.123698 -0.083220 -0.047075 -0.041527 -0.027000 -0.018478 -0.004689 0.009153 0.019331 -0.008153 -0.068728 -0.065978 0.018645 0.122213 0.166610 0.108263 0.014736 0.000073 0.076050 0.138409 0.145286 0.107405 0.022280 -0.053092 -0.048399 -0.007177 0.000390 -0.034924 -0.054928 -0.022237 0.005599 0.010144 -0.012995 -0.100367 -0.105208 -0.033431 -0.001190 0.011261 0.030422 0.057220 0.091696 0.083163 0.064117 0.080318 0.047001 -0.014554 -0.045476 -0.079296 -0.137143 -0.202422 -0.206690 -0.102025 -0.003872 0.015880 0.097362 0.188850 0.143364 0.103830 0.103337 0.089450 0.077533 0.099450 0.118822 0.104305 0.058634 0.020326 0.045245 0.069156 0.066248 0.045500 0.019812 0.060735 0.082734 0.033386 -0.014887 -0.052377 -0.073848 -0.051904 -0.026489 -0.012913 0.002910 0.020526 0.008027 -0.027564 -0.013748 0.045362 0.067252 0.066878 0.109260 0.090563 0.017151 0.025359 0.070027 0.066734 0.026108 -0.003544 -0.002094 -0.020690 -0.071084 -0.106451 -0.089441 -0.046051 0.017916 0.077941 0.061344 -0.001038 -0.011888 0.013839 0.040655 0.068044 0.054567 0.033717 0.035555 0.012167 0.022091 0.047129 0.039737 0.040460 0.054635 0.043705 0.002410 -0.030243 -0.036822 -0.019549 0.020905 0.024370 -0.035015 -0.083872 -0.102678 -0.142011 -0.203014
0.053934 0.023000 -0.010790 -0.021008 -0.002412 0.008984 -0.005837 -0.031295 -0.055736 -0.047883 -0.045197 -0.055075 -0.035634 -0.044637 -0.072520 -0.045836 0.062890 0.135769 0.099645 0.063965 0.069368 0.041108 -0.022343 -0.047912 -0.007272 0.101603 0.160179 0.096970 0.055551 0.049894 0.043175 0.094279 0.154138 0.131646 0.056159 0.034178 0.014854 -0.062152 -0.122025 -0.111392 -0.020880 0.070688 0.067148 0.028638 0.037032 0.016492 -0.077592 -0.138506 -0.100338 -0.059475 -0.041716 -0.047476 -0.064319 -0.079494 -0.120677 -0.026875 0.121912 0.167603 0.040212 -0.037036 0.009409 0.004546 -0.036654 -0.034120 -0.018621 -0.009370 -0.001157 -0.002302 -0.046755 -0.098440 -0.053857 0.047533 0.146390 0.185306 0.135359 0.088161 0.081215 0.061221 0.054873 0.104139 0.100316 -0.012902 -0.127069 -0.127849 -0.052394 -0.013772 -0.037294 -0.067202 -0.057726 -0.019354 0.002896 -0.022103 -0.087444 -0.086158 -0.023893 -0.021230 -0.031125 0.010930 0.080348 0.119557 0.083393 0.060773 0.118025 0.121519 0.043413 -0.013655 -0.040075 -0.088921 -0.169510 -0.189997 -0.106764 -0.038671 -0.013835 0.097209 0.194030 0.128336 0.054246 0.032946 0.020694 0.030843 0.080730 0.098675 0.096325 0.085223 0.047453 0.067122 0.112467 0.114194 0.107190 0.182638 0.290057 0.233934 0.143838 0.078507 -0.025604 -0.119274 -0.115500 -0.063190 -0.035020 -0.026185 -0.017868 -0.040522 -0.067106 -0.037970 0.031863 0.060654 0.066878 0.091591 0.045146 -0.030940 -0.020082 0.039812 0.079576 0.056359 0.007508 -0.021027 -0.060433 -0.083205 -0.040353 -0.004044 -0.026150 -0.025083 -0.006506 -0.010717 -0.001449 0.029223 0.039234 0.053626 0.058737 0.002123 -0.023776 0.015099 0.014065 0.024879 0.048909 0.057126 0.071486 0.067568 0.028021 -0.044515 -0.079223 -0.036968 0.029895 0.055886 0.017797 -0.047930 -0.094373 -0.127694 -0.170955 -0.204586
0.026591 -0.013054 -0.035469 -0.019588 0.024780 0.044738 0.011245 -0.054366 -0.124512 -0.124593 -0.100906 -0.081293 -0.038321 -0.017755 -0.055142 -0.082064 0.007538 0.104067 0.079952 0.058500 0.096694 0.061677 -0.035657 -0.062535 -0.001979 0.114123 0.164067 0.090181 0.019851 0.002739 0.011766 0.046318 0.095804 0.116022 0.065923 0.054169 0.044273 0.026619 0.029424 0.031601 0.087714 0.121639 0.037756 -0.035455 -0.002319 -0.000127 -0.094508 -0.158757 -0.099667 -0.027762 -0.019146 -0.047930 -0.069606 -0.049431 -0.052849 -0.001093 0.079407 0.117980 0.066908 0.047774 0.072889 0.016422 -0.056953 -0.034616 -0.006976 -0.016906 -0.007602 0.018489 0.008134 -0.021161 0.004859 0.051817 0.075482 0.089495 0.103302 0.120584 0.122161 0.065390 0.018298 0.057014 0.066891 -0.043496 -0.165063 -0.163497 -0.083887 -0.045175 -0.067522 -0.089453 -0.077846 -0.044742 -0.041163 -0.092832 -0.124709 -0.067034 0.015991 -0.013209 -0.066465 -0.048059 0.026039 0.095675 0.084448 0.067525 0.139384 0.178823 0.122394 0.059873 0.000594 -0.079831 -0.150098 -0.147213 -0.107917 -0.095646 -0.088665 -0.015683 0.066210 0.066332 0.034404 0.010715 -0.029414 -0.028033 0.054708 0.081968 0.078959 0.113702 0.103590 0.089471 0.102701 0.093416 0.121965 0.303270 0.462857 0.318209 0.178534 0.129604 0.008346 -0.134714 -0.149059 -0.054338 0.031663 0.042911 0.016046 -0.017051 -0.035486 -0.038250 -0.032394 0.012110 0.093042 0.126598 0.066614 0.026746 0.041536 0.057854 0.099679 0.101676 0.052985 0.008956 -0.037598 -0.060951 -0.017852 0.017672 -0.026666 -0.068784 -0.073919 -0.033224 0.049686 0.084521 0.052959 0.047057 0.036120 -0.027756 -0.048583 0.000663 0.030415 0.069201 0.117119 0.116948 0.075162 0.029839 0.002656 -0.034912 -0.058609 -0.013977 0.052661 0.065987 0.022884 -0.026707 -0.082057 -0.141008 -0.155449 -0.112715
0.021364 -0.004542 -0.007233 0.013870 0.045393 0.068247 0.044049 -0.032623 -0.128549 -0.156960 -0.124611 -0.062888 0.000877 0.030910 -0.006380 -0.061583 -0.030349 0.010686 -0.048288 -0.078937 -0.003042 -0.012746 -0.114730 -0.149123 -0.070935 0.077359 0.171357 0.133882 0.030729 -0.039892 -0.037608 -0.006357 0.031418 0.068034 0.030513 0.003362 -0.006864 0.019378 0.069263 0.100186 0.147334 0.126843 -0.035082 -0.131088 -0.050486 0.001905 -0.051218 -0.097863 -0.045890 0.031330 0.027893 -0.051770 -0.119718 -0.056281 0.031166 0.039935 0.017345 0.031692 0.061572 0.077496 0.044369 -0.039491 -0.092758 -0.045394 -0.020000 -0.038516 -0.013579 0.052146 0.096770 0.099893 0.087035 0.036012 -0.120981 -0.218599 -0.030059 0.145921 0.163622 0.123063 0.078112 0.045459 -0.005873 -0.085052 -0.139781 -0.113568 -0.065436 -0.069367 -0.107895 -0.109903 -0.064101 -0.032463 -0.066993 -0.167482 -0.185952 -0.068063 0.042978 0.010981 -0.054534 -0.057562 -0.011371 0.050095 0.061599 0.061053 0.103988 0.149269 0.138613 0.080700 0.000412 -0.083749 -0.127902 -0.098378 -0.076701 -0.093522 -0.137509 -0.225389 -0.255844 -0.135888 -0.046447 -0.029505 -0.063801 -0.070529 0.028328 0.069349 0.056200 0.091877 0.090929 0.064354 0.077521 0.081958 0.118944 0.237089 0.311240 0.183218 0.097485 0.100242 0.018367 -0.114854 -0.125499 -0.011801 0.104280 0.119515 0.089789 0.053756 0.023082 -0.020826 -0.078518 -0.019997 0.154876 0.224303 0.137501 0.102935 0.107881 0.067649 0.084656 0.121082 0.118315 0.115396 0.095675 0.039587 0.006219 0.005139 -0.036371 -0.096467 -0.116513 -0.039069 0.072060 0.070404 0.027892 0.064941 0.064891 -0.006249 -0.026796 0.006314 0.027997 0.080073 0.145794 0.120629 0.027702 -0.018680 0.005544 0.014763 -0.019939 -0.007120 0.044269 0.065893 0.033723 0.001168 -0.033619 -0.093066 -0.096141 -0.016426
0.088307 0.072117 0.072419 0.081038 0.080914 0.077070 0.046710 -0.013981 -0.096485 -0.134312 -0.086454 -0.010207 0.043843 0.073219 0.053370 0.018997 0.029298 -0.002640 -0.145208 -0.250685 -0.207706 -0.174048 -0.196320 -0.211045 -0.138137 0.012621 0.125566 0.136816 0.063907 -0.019902 -0.028243 -0.002829 0.022489 0.029494 -0.032390 -0.067909 -0.061693 -0.027486 0.016179 0.051641 0.101017 0.112015 0.024417 -0.033612 0.003039 0.023552 -0.004697 -0.045443 -0.023085 0.043563 0.048121 -0.040960 -0.130328 -0.061767 0.084067 0.112422 0.035528 -0.011221 -0.001656 -0.002286 -0.032247 -0.066255 -0.070030 -0.041815 -0.045022 -0.052802 -0.001972 0.084159 0.133841 0.134624 0.100314 -0.013248 -0.302985 -0.491232 -0.159699 0.156348 0.178036 0.129307 0.096310 0.033985 -0.068576 -0.124265 -0.112885 -0.069245 -0.051524 -0.082423 -0.111338 -0.079389 0.008115 0.057580 -0.018430 -0.165158 -0.175006 -0.048310 0.048394 0.024285 -0.023007 -0.027909 -0.023916 -0.015404 0.006720 0.044962 0.053541 0.052649 0.038342 -0.024727 -0.075209 -0.096211 -0.107929 -0.074194 -0.033509 -0.034513 -0.108043 -0.313028 -0.438291 -0.254202 -0.099095 -0.055128 -0.052564 -0.052861 0.017110 0.044411 0.040781 0.081950 0.079407 0.048616 0.052932 0.063604 0.107264 0.156254 0.150724 0.060717 0.020289 0.058406 0.049396 -0.037688 -0.063882 0.008395 0.101300 0.109249 0.081755 0.050743 0.022053 -0.017444 -0.054335 0.025234 0.222063 0.306165 0.221385 0.154046 0.087066 -0.018523 -0.026453 0.048111 0.123231 0.202691 0.239611 0.162720 0.079902 0.057645 0.024971 -0.051471 -0.124365 -0.074277 0.027784 -0.002771 -0.039157 0.039133 0.055341 0.010688 0.005231 0.012152 -0.010686 0.007891 0.050489 0.016736 -0.055142 -0.048763 0.023805 0.045950 0.001121 -0.011748 0.025975 0.075247 0.072638 0.042408 0.035753 0.013387 0.014656 0.082355
0.125465 0.102452 0.088251 0.087430 0.074947 0.049460 0.027934 0.019936 -0.017655 -0.049378 -0.016141 0.033173 0.077542 0.103132 0.077543 0.059493 0.087989 0.054757 -0.100179 -0.250819 -0.285485 -0.256218 -0.196384 -0.159050 -0.094881 -0.006641 0.055974 0.118510 0.145390 0.079541 0.071243 0.112474 0.082124 -0.030923 -0.142743 -0.129391 -0.063212 -0.042393 -0.036900 -0.019703 0.026565 0.096653 0.137287 0.136337 0.090899 0.044336 0.021555 -0.006268 -0.007087 0.032731 0.047107 -0.004269 -0.064315 -0.038335 0.070847 0.151330 0.128990 0.057586 -0.006573 -0.050739 -0.055432 -0.047766 -0.031972 -0.037928 -0.066583 -0.060635 -0.002076 0.081101 0.110673 0.085160 0.060050 0.005235 -0.167295 -0.282991 -0.078635 0.111340 0.116276 0.066439 0.018727 -0.039790 -0.107150 -0.117986 -0.075553 -0.024060 -0.020004 -0.053877 -0.066793 -0.020005 0.072387 0.119364 0.014372 -0.131870 -0.109283 0.001459 0.057509 0.033719 -0.005830 -0.025031 -0.045584 -0.054867 -0.021524 0.030796 0.024951 -0.005277 -0.024725 -0.064696 -0.074763 -0.074874 -0.107465 -0.091152 -0.006305 0.058330 0.022917 -0.113554 -0.198656 -0.105154 -0.024692 0.014239 0.037101 0.014139 -0.002492 -0.016143 0.011537 0.078671 0.076881 0.035457 0.013422 0.036539 0.105455 0.155237 0.136234 0.067905 0.018295 0.054189 0.094803 0.053187 0.009219 0.004710 0.032836 0.019764 -0.020252 -0.038359 -0.020636 -0.003483 0.006089 0.075628 0.219596 0.292855 0.252611 0.157337 0.018625 -0.119199 -0.137084 -0.030736 0.146168 0.342108 0.435683 0.297545 0.148670 0.103080 0.100686 0.069613 -0.044181 -0.077944 -0.013112 -0.047827 -0.125795 -0.108761 -0.050293 0.024103 0.080479 0.057411 -0.024177 -0.067959 -0.072004 -0.096206 -0.123448 -0.080255 0.014075 0.058342 0.043688 0.027164 0.040043 0.089409 0.101404 0.052364 0.038849 0.068026 0.109058 0.154178
0.086580 0.053983 0.034843 0.045105 0.043660 0.023584 0.008552 0.033478 0.052441 0.048004 0.057721 0.086937 0.134395 0.122387 0.031756 -0.005329 0.048546 0.073447 -0.007622 -0.126116 -0.189745 -0.201405 -0.187152 -0.150250 -0.060484 -0.006591 0.015895 0.120098 0.227494 0.160652 0.134085 0.199187 0.116978 -0.116210 -0.280236 -0.225195 -0.075987 -0.032575 -0.054538 -0.042274 0.005496 0.074114 0.139968 0.159547 0.109048 0.055768 0.019981 -0.010050 -0.020131 0.013585 0.060160 0.061745 0.032113 0.013745 0.059631 0.148197 0.173648 0.119527 0.044011 0.004513 -0.003754 -0.020683 -0.016735 -0.045616 -0.097747 -0.082772 -0.034851 0.035822 0.064671 0.026195 0.031420 0.070331 0.035058 -0.002939 0.024654 0.043455 0.051763 0.032471 -0.036890 -0.112235 -0.153164 -0.129522 -0.049484 0.036968 0.040563 0.013770 0.015991 0.054093 0.099293 0.101442 0.007421 -0.072932 -0.000241 0.090554 0.088555 0.029234 -0.027015 -0.051218 -0.045891 -0.027219 0.000400 0.037139 0.040177 0.018633 0.019717 0.032934 0.038747 -0.001516 -0.092811 -0.124894 -0.031860 0.088025 0.087472 0.017037 -0.018846 -0.008839 0.033939 0.110218 0.149680 0.090740 -0.015156 -0.097806 -0.064769 0.026272 0.024876 -0.012442 0.040078 0.163416 0.208297 0.183358 0.126148 0.084624 0.036437 0.054963 0.103198 0.099157 0.067664 -0.006859 -0.082153 -0.146592 -0.183944 -0.158099 -0.069738 -0.005148 -0.010951 0.014887 0.131540 0.210809 0.214394 0.129358 -0.011317 -0.103744 -0.096681 0.006263 0.226333 0.497809 0.600518 0.376850 0.149619 0.071362 0.097252 0.128710 0.032633 -0.038492 0.004881 -0.039943 -0.301503 -0.512621 -0.330243 -0.014192 0.144480 0.114105 0.020838 -0.040223 -0.082416 -0.132963 -0.161772 -0.116737 -0.021158 0.044718 0.077478 0.109060 0.120978 0.111412 0.079019 0.011786 -0.014705 0.046068 0.128392 0.158907
0.037818 0.009901 0.010861 0.038164 0.044556 0.033320 0.002431 0.011157 0.047435 0.064560 0.082832 0.123105 0.164255 0.118720 -0.006023 -0.073122 -0.036927 0.029695 0.046478 0.008255 -0.037134 -0.109044 -0.218310 -0.248217 -0.140652 -0.061252 -0.034408 0.054575 0.148397 0.094962 0.042198 0.099491 0.064952 -0.129883 -0.281751 -0.239733 -0.066613 0.008971 -0.020759 -0.008482 0.053428 0.091582 0.089131 0.054835 0.008769 -0.007150 -0.040029 -0.091320 -0.109213 -0.051301 0.050578 0.106464 0.094114 0.066646 0.084621 0.106691 0.066131 0.020845 0.002259 0.022647 0.035434 -0.005712 -0.027841 -0.064702 -0.133818 -0.120241 -0.072774 -0.014460 0.022573 -0.006680 0.014696 0.075628 0.058979 0.040597 0.027919 0.017881 0.040527 0.026582 -0.045202 -0.110783 -0.148784 -0.153179 -0.069826 0.065090 0.097444 0.076393 0.075542 0.085863 0.068196 0.030954 0.002465 0.033105 0.138827 0.174633 0.103113 -0.002040 -0.071212 -0.075882 -0.030433 0.010257 0.015125 0.036385 0.052734 0.027439 0.032075 0.091319 0.116523 0.070107 -0.025064 -0.088285 -0.050630 0.058323 0.065734 0.000174 -0.020807 -0.025767 0.023842 0.134419 0.201846 0.189114 0.111315 -0.033956 -0.097769 -0.052267 -0.034963 -0.002890 0.282875 0.605983 0.471269 0.204141 0.070969 0.046141 0.015569 0.012340 0.060005 0.096854 0.093824 0.007757 -0.110644 -0.207664 -0.239748 -0.166207 -0.041344 0.010174 -0.057864 -0.093756 -0.002394 0.085232 0.137587 0.106753 0.005624 -0.036997 -0.013888 0.013784 0.114989 0.310572 0.384992 0.255368 0.144743 0.106886 0.112213 0.100244 0.021382 -0.001691 0.080165 0.055556 -0.360172 -0.797769 -0.578508 -0.135485 0.072659 0.074311 0.050327 0.060171 0.024313 -0.069838 -0.119170 -0.075252 0.006712 0.068006 0.129150 0.233882 0.286983 0.201677 0.080414 -0.012893 -0.031219 0.045596 0.116732 0.124645
-0.044493 -0.039823 0.012319 0.059205 0.063905 0.038227 -0.005898 -0.009203 0.011719 0.026999 0.068749 0.130530 0.148331 0.085727 -0.026865 -0.110957 -0.088571 0.010229 0.082137 0.088289 0.054422 -0.040560 -0.202781 -0.283657 -0.192941 -0.107391 -0.073249 -0.016436 0.029627 -0.000206 -0.050737 -0.008401 0.054198 0.001842 -0.087872 -0.094857 0.008112 0.066889 0.031569 0.025239 0.091692 0.125258 0.072313 -0.032292 -0.093974 -0.066198 -0.066766 -0.123825 -0.155797 -0.103659 -0.005497 0.055627 0.056490 0.042825 0.045292 0.016528 -0.073855 -0.121775 -0.126775 -0.104731 -0.083537 -0.107022 -0.103264 -0.100881 -0.176685 -0.225967 -0.190628 -0.100752 -0.021941 -0.038946 -0.050610 -0.012556 -0.012994 -0.005326 0.014560 0.047416 0.059787 0.016748 -0.035670 -0.051765 -0.060676 -0.092073 -0.064634 0.051839 0.115162 0.097726 0.071843 0.045615 -0.010577 -0.049816 -0.017637 0.083871 0.204664 0.205910 0.105196 -0.020382 -0.097167 -0.085692 -0.027922 0.014113 0.005666 0.006340 0.009829 -0.038919 -0.045865 0.039946 0.099942 0.096533 0.067408 0.035569 0.008462 0.042596 0.030861 -0.020436 -0.010913 -0.005280 0.028275 0.117739 0.201975 0.271487 0.277884 0.135557 -0.016008 -0.073443 -0.066345 0.038577 0.489221 0.923730 0.634715 0.209212 0.037884 0.000709 -0.021530 -0.048379 -0.007900 0.055876 0.066086 0.015833 -0.037439 -0.091111 -0.122944 -0.061039 0.032999 0.042938 -0.033472 -0.093883 -0.068515 -0.006847 0.074629 0.115313 0.087949 0.043038 0.039845 -0.010438 -0.063391 -0.000943 0.049987 0.102182 0.203911 0.247195 0.210044 0.128322 0.062877 0.063197 0.164305 0.235373 0.001501 -0.357806 -0.365465 -0.161589 -0.003321 0.027550 0.057636 0.143672 0.134017 0.030300 -0.009794 0.033436 0.084187 0.108752 0.141607 0.241204 0.320002 0.246300 0.098071 -0.021530 -0.029409 0.043173 0.067510 0.061047
-0.052784 -0.045861 0.014410 0.070057 0.079266 0.033223 -0.016684 -0.016004 0.000604 0.015467 0.057148 0.120836 0.118600 0.047546 -0.047380 -0.127966 -0.090941 0.015827 0.058514 0.024763 -0.012115 -0.030151 -0.111611 -0.171767 -0.112161 -0.066890 -0.050554 -0.018150 0.016357 0.015001 -0.021541 -0.016022 0.052219 0.071229 0.054227 0.052826 0.086377 0.086245 0.020121 -0.016006 0.031021 0.072209 0.040461 -0.052095 -0.093035 -0.036045 0.003768 -0.021074 -0.049185 -0.021720 0.020733 0.022394 0.015431 0.007006 -0.012807 -0.044380 -0.101638 -0.133169 -0.161143 -0.192120 -0.206885 -0.207784 -0.163807 -0.148497 -0.225758 -0.316491 -0.301029 -0.189797 -0.077911 -0.067625 -0.104392 -0.088562 -0.049424 -0.016746 0.021110 0.075844 0.048767 -0.015932 -0.037002 -0.012960 0.010362 -0.000905 -0.013462 0.025841 0.081009 0.072523 0.029852 -0.017800 -0.072784 -0.092994 -0.067896 -0.000892 0.117727 0.160782 0.108570 0.006433 -0.070051 -0.069398 -0.042573 -0.022952 -0.031492 -0.048963 -0.055987 -0.097525 -0.094503 0.009908 0.086053 0.106116 0.128444 0.123660 0.053113 0.012031 -0.021064 -0.052039 -0.007944 0.049059 0.084330 0.115027 0.172681 0.251063 0.267215 0.151439 0.013693 -0.078558 -0.088813 0.006071 0.285974 0.545622 0.386463 0.151965 0.039657 -0.006451 -0.029946 -0.083459 -0.077852 -0.035076 -0.025169 -0.022779 0.000979 -0.005309 -0.041012 -0.016493 0.048722 0.061223 0.043959 -0.006058 -0.054204 -0.029027 0.062269 0.139346 0.141755 0.070787 0.056614 0.019479 -0.077884 -0.115481 -0.106782 0.018549 0.192228 0.264810 0.229698 0.152730 0.093572 0.040992 0.088011 0.192006 0.198776 0.093425 -0.018391 -0.043358 0.038571 0.069028 0.115799 0.231056 0.216957 0.082945 0.013813 0.050965 0.096899 0.068834 0.024359 0.095190 0.246165 0.303979 0.216523 0.065726 -0.005252 -0.001929 -0.017908 -0.014517
0.042510 0.011320 -0.000327 0.021241 0.025437 -0.032935 -0.076773 -0.055180 -0.007980 0.024553 0.040728 0.070593 0.056434 -0.002319 -0.061654 -0.099934 -0.054545 0.000389 -0.028870 -0.095207 -0.100822 -0.037020 -0.038630 -0.050366 0.008441 0.035851 0.027302 0.028557 0.065785 0.079896 0.054101 0.043562 0.055942 0.016397 0.026690 0.093960 0.109156 0.025239 -0.099467 -0.144536 -0.093378 -0.021239 0.001680 -0.040555 -0.067425 -0.011416 0.067742 0.085743 0.071857 0.086009 0.085434 0.027474 0.002434 -0.000991 -0.030187 -0.063356 -0.072750 -0.050778 -0.054518 -0.104362 -0.155463 -0.160141 -0.128548 -0.149852 -0.202451 -0.237640 -0.249422 -0.251836 -0.197529 -0.077548 -0.030962 -0.049343 -0.021122 0.024233 0.034631 0.030438 -0.030333 -0.054680 -0.020045 0.013750 0.032442 0.054045 0.059599 0.062455 0.073586 0.036703 -0.024525 -0.064647 -0.072555 -0.058896 -0.074583 -0.092672 -0.020462 0.063428 0.090823 0.042582 -0.004991 -0.000451 -0.001643 -0.028096 -0.063651 -0.103182 -0.104410 -0.095162 -0.055563 0.036706 0.083014 0.102857 0.157681 0.167025 0.081114 -0.009941 -0.076327 -0.122708 -0.067913 0.054250 0.112857 0.099745 0.119847 0.140490 0.139534 0.079823 -0.014358 -0.092057 -0.095304 -0.029868 0.060912 0.159327 0.157185 0.096914 0.032716 0.022006 0.026467 -0.051839 -0.109663 -0.121952 -0.093795 -0.031911 -0.002340 -0.035789 -0.062319 -0.019124 0.061337 0.105700 0.144318 0.113023 0.015842 -0.017621 0.033553 0.094514 0.083014 0.026642 0.049296 0.077862 0.025055 -0.050236 -0.100444 -0.025661 0.086090 0.123136 0.106939 0.058151 -0.000738 -0.069761 -0.063091 -0.034143 0.020338 0.088125 0.073024 0.039215 0.072845 0.079155 0.122108 0.216367 0.199628 0.081728 -0.011743 -0.004873 0.040820 -0.002371 -0.043918 0.112462 0.351818 0.456784 0.389068 0.211744 0.043689 -0.049500 -0.072048 -0.043372
0.098823 0.059240 0.013513 0.001533 0.002517 -0.052567 -0.101686 -0.064919 0.026809 0.084357 0.061529 0.018989 -0.013346 -0.035230 -0.042733 -0.035330 -0.007339 -0.013247 -0.057302 -0.072240 -0.034563 0.016964 -0.007055 -0.020207 0.041046 0.089457 0.080080 0.059748 0.071960 0.064917 0.055517 0.065345 0.044563 -0.052191 -0.032833 0.081573 0.089730 -0.023797 -0.154845 -0.201410 -0.159340 -0.082775 -0.027006 -0.020600 -0.047268 -0.026389 0.047831 0.064167 0.041650 0.047834 0.036326 -0.042549 -0.070624 -0.049420 -0.051530 -0.078576 -0.045616 0.034934 0.059801 0.010561 -0.059420 -0.097426 -0.093586 -0.117463 -0.145040 -0.148070 -0.227112 -0.390976 -0.376485 -0.109089 0.041064 -0.001179 0.017089 0.087570 0.072766 -0.004663 -0.071374 -0.036817 0.033842 0.036675 0.011698 0.051408 0.117662 0.161464 0.115731 0.007139 -0.062510 -0.068629 -0.026796 0.012276 -0.004218 -0.059978 -0.072379 -0.030412 0.002230 -0.020737 0.027732 0.112036 0.119583 0.038378 -0.059830 -0.118242 -0.098363 -0.040982 0.017875 0.076147 0.093738 0.097316 0.143533 0.171206 0.116541 -0.008427 -0.157744 -0.238663 -0.174782 -0.028172 0.060596 0.056864 0.056928 0.038952 0.047363 0.049045 -0.006211 -0.057199 -0.058161 -0.016087 0.031918 0.086559 0.113192 0.080324 0.001923 -0.004048 0.032541 -0.021475 -0.099373 -0.142700 -0.084909 0.026274 0.044944 -0.038631 -0.068322 0.000313 0.089376 0.130873 0.163705 0.156304 0.069961 -0.022653 -0.052066 -0.030285 -0.046616 -0.078566 -0.013611 0.076530 0.089575 0.017605 -0.078075 -0.086704 -0.062711 -0.087619 -0.088929 -0.070053 -0.046641 -0.021376 -0.015256 -0.112503 -0.154111 -0.068350 -0.015152 0.019368 0.028084 -0.023478 -0.028455 0.026841 0.042749 0.017407 -0.015459 -0.033449 -0.018823 -0.024282 0.027477 0.242073 0.407311 0.402737 0.300123 0.146387 -0.006117 -0.101647 -0.081577 -0.002810
0.098282 0.087545 0.066950 0.046305 0.066352 0.057769 -0.003867 0.002312 0.073261 0.114124 0.074149 -0.018306 -0.063266 -0.039161 0.002046 0.021154 0.008612 -0.018024 -0.007867 0.051517 0.083919 0.067176 0.002922 -0.018474 0.029063 0.086709 0.068107 0.018320 0.000827 -0.016899 -0.006190 -0.006681 -0.039721 -0.084682 -0.021885 0.081054 0.079389 0.013147 -0.056784 -0.110543 -0.132328 -0.125137 -0.071275 -0.014916 -0.033793 -0.050682 0.011327 0.022468 -0.025740 -0.033122 -0.023685 -0.086735 -0.134867 -0.123892 -0.112162 -0.121726 -0.063345 0.042578 0.096504 0.068106 -0.007770 -0.080378 -0.086696 -0.074099 -0.103844 -0.146548 -0.294975 -0.495100 -0.442580 -0.194720 -0.077629 -0.082110 -0.005827 0.100355 0.102267 0.014275 -0.054157 -0.017580 0.051108 0.046017 -0.011298 0.018953 0.116625 0.183716 0.108974 -0.011018 -0.038614 -0.016394 0.028522 0.059622 0.063861 0.036751 -0.016694 -0.058546 -0.123338 -0.186429 -0.049704 0.127509 0.185635 0.113896 -0.002842 -0.061051 -0.040474 0.016356 0.072891 0.095640 0.100617 0.091462 0.091495 0.116440 0.125543 0.015485 -0.194970 -0.281779 -0.209162 -0.082160 0.038308 0.068160 0.039087 0.008529 0.028830 0.041297 0.006055 -0.008734 -0.010966 0.003572 0.058652 0.103540 0.131122 0.127717 0.031275 -0.039045 -0.017893 -0.023900 -0.081731 -0.148826 -0.109228 0.019481 0.075684 0.005004 -0.041907 0.007050 0.075142 0.078610 0.046565 0.047639 0.051172 -0.003361 -0.055138 -0.064658 -0.113800 -0.184469 -0.122573 0.012577 0.078755 0.025886 -0.067577 -0.129298 -0.175127 -0.230368 -0.222509 -0.132224 0.007962 0.153869 0.180383 0.009254 -0.149747 -0.183289 -0.162437 -0.068570 -0.048001 -0.131127 -0.165850 -0.119880 -0.078374 -0.064532 -0.050565 -0.058550 -0.054216 -0.000193 0.096529 0.204125 0.215365 0.145449 0.063194 -0.022249 -0.090591 -0.121756 -0.052186 0.067144
0.076168 0.095006 0.097262 0.096767 0.145342 0.172870 0.104927 0.057117 0.038145 0.018563 -0.005908 -0.078919 -0.101521 -0.031480 0.038529 0.035602 -0.027237 -0.064711 -0.018318 0.080271 0.119863 0.063366 -0.004503 0.008016 0.059332 0.089729 0.043587 -0.012843 -0.032089 -0.042511 -0.029291 -0.067689 -0.124330 -0.119490 -0.021410 0.057654 0.069172 0.070485 0.038256 -0.045437 -0.140009 -0.188193 -0.117343 0.000687 0.018533 -0.004523 0.054237 0.070336 -0.000681 -0.030130 0.014533 -0.001996 -0.089436 -0.156601 -0.182893 -0.154245 -0.075646 0.021479 0.093983 0.083813 0.016171 -0.046907 -0.065930 -0.073748 -0.144833 -0.208495 -0.284541 -0.342718 -0.290915 -0.211738 -0.164341 -0.111096 -0.020565 0.058705 0.062486 -0.005334 -0.068704 -0.053101 0.018896 0.051224 -0.019765 -0.029657 0.070792 0.148752 0.086856 0.019753 0.053795 0.092394 0.108327 0.092444 0.066905 0.049307 0.002517 -0.065206 -0.159188 -0.230071 -0.128867 0.017605 0.113664 0.123630 0.075612 0.043550 0.028358 0.040639 0.101568 0.106648 0.073069 0.045023 0.021841 0.027379 0.075035 0.040356 -0.114196 -0.168348 -0.110399 -0.006404 0.130235 0.153750 0.077031 0.037346 0.042730 0.007799 -0.031997 -0.026681 -0.013505 0.003985 0.059097 0.105870 0.142841 0.161269 0.089795 0.000661 0.000774 0.007502 -0.045727 -0.132109 -0.139710 -0.057701 -0.009816 -0.035593 -0.044750 0.012870 0.059365 -0.001438 -0.121851 -0.124091 -0.023611 0.012249 0.015516 0.037555 -0.024401 -0.158722 -0.163326 -0.048489 0.021469 -0.010294 -0.057523 -0.102190 -0.142714 -0.163278 -0.159940 -0.097661 0.026692 0.162640 0.203917 0.106422 -0.040830 -0.175275 -0.224892 -0.130398 -0.081913 -0.137216 -0.174692 -0.151123 -0.099308 -0.064168 -0.055553 -0.094668 -0.107055 -0.017170 0.085146 0.092637 0.017031 -0.050796 -0.071525 -0.101533 -0.129346 -0.102020 -0.003728 0.105226
0.061557 0.071653 0.078506 0.105636 0.148418 0.150497 0.095204 0.053865 -0.013394 -0.083230 -0.104502 -0.133567 -0.119744 -0.032756 0.034532 0.020664 -0.049340 -0.107889 -0.090295 0.004901 0.072913 0.028265 -0.007320 0.036302 0.095924 0.113997 0.096703 0.084380 0.044017 0.001487 -0.018117 -0.089686 -0.157508 -0.135232 -0.027218 0.024848 0.037467 0.083228 0.051620 -0.044023 -0.141490 -0.191024 -0.112365 0.042915 0.111398 0.096017 0.122544 0.126862 0.067358 0.045856 0.104283 0.111887 0.007948 -0.117006 -0.155889 -0.076049 -0.005053 0.029898 0.072663 0.076258 0.041814 0.001370 -0.035489 -0.078346 -0.181766 -0.233537 -0.201204 -0.127535 -0.080167 -0.090473 -0.071013 -0.022019 0.011679 0.033988 0.021564 -0.022160 -0.077789 -0.102571 -0.066145 -0.012996 -0.067249 -0.095391 0.019412 0.145882 0.140444 0.108571 0.151823 0.189120 0.180790 0.118368 0.026161 -0.032691 -0.063195 -0.103723 -0.158539 -0.185422 -0.148584 -0.082947 0.007247 0.087748 0.131737 0.142417 0.097793 0.059444 0.112819 0.122119 0.047710 -0.009256 -0.026173 -0.038885 -0.001730 0.029294 -0.025716 -0.032895 0.025440 0.149290 0.279825 0.224951 0.092711 0.048705 0.038235 -0.026986 -0.070317 -0.078911 -0.068026 -0.029844 0.027446 0.065430 0.076002 0.079215 0.071578 0.054677 0.074076 0.070579 0.015872 -0.051496 -0.080510 -0.076318 -0.080873 -0.090831 -0.067310 0.028401 0.098571 0.006553 -0.197552 -0.285428 -0.216172 -0.111577 -0.014629 0.070944 0.062186 -0.051352 -0.111400 -0.078043 -0.043875 -0.038634 -0.013155 0.007533 0.010422 0.020626 0.008598 -0.025119 -0.022672 0.019821 0.039211 0.007142 -0.077944 -0.161866 -0.179421 -0.127159 -0.104804 -0.125736 -0.146223 -0.144783 -0.078533 0.018519 0.039917 -0.062266 -0.127386 -0.046073 0.053433 0.029238 -0.059859 -0.120819 -0.131262 -0.158448 -0.175806 -0.110053 -0.017466 0.043503
0.088189 0.055445 0.058612 0.092906 0.090343 0.034498 -0.011682 -0.011907 -0.057369 -0.120649 -0.128316 -0.125250 -0.097588 -0.036165 -0.004854 -0.008131 -0.030158 -0.076690 -0.092528 -0.037650 0.021945 0.023653 0.046867 0.087104 0.108805 0.117374 0.146143 0.179662 0.136854 0.059462 -0.007565 -0.070889 -0.088581 -0.055558 0.018116 0.022640 -0.010421 0.016740 -0.017655 -0.082608 -0.120479 -0.128871 -0.070975 0.044871 0.119204 0.114747 0.121529 0.134863 0.122083 0.143533 0.200247 0.180577 0.080161 -0.022798 -0.013322 0.066705 0.064021 0.024355 0.030506 0.061063 0.080224 0.047360 0.001554 -0.014401 -0.088891 -0.155996 -0.132903 -0.038517 0.009738 -0.024572 -0.018583 0.018008 0.019634 0.003877 -0.005738 -0.000168 -0.029529 -0.088795 -0.134885 -0.097074 -0.084452 -0.079183 0.027107 0.154859 0.189288 0.180618 0.194827 0.178411 0.133577 0.073771 -0.042912 -0.144632 -0.167168 -0.169047 -0.194262 -0.175561 -0.130703 -0.096992 -0.039105 0.058068 0.135200 0.166945 0.123018 0.060838 0.095403 0.131564 0.065788 -0.009648 -0.034757 -0.061899 -0.037153 0.037165 0.052464 0.065103 0.132726 0.275951 0.367473 0.230526 0.083494 0.063339 0.060170 0.007280 -0.036617 -0.073006 -0.085335 -0.051142 0.003126 0.017363 -0.020624 -0.043932 -0.009876 0.045571 0.094418 0.101894 0.074563 0.041797 0.018589 -0.004285 -0.020781 -0.042760 -0.050458 0.042685 0.132539 0.064341 -0.124179 -0.272373 -0.277814 -0.130857 0.004954 0.048301 0.034728 -0.004526 -0.042636 -0.072834 -0.074450 -0.032352 0.049204 0.121960 0.161905 0.180785 0.130213 -0.017503 -0.117450 -0.107729 -0.089232 -0.132825 -0.227355 -0.261618 -0.218180 -0.180924 -0.174049 -0.132469 -0.096641 -0.109059 -0.080254 0.027140 0.071038 -0.013038 -0.056529 0.014916 0.082949 0.041417 -0.033337 -0.105875 -0.167089 -0.214606 -0.214513 -0.138009 -0.081197 -0.068070
0.078006 0.036144 0.037090 0.056867 0.022723 -0.062721 -0.122723 -0.137763 -0.159536 -0.151024 -0.083789 -0.043637 -0.033391 -0.027566 -0.041732 -0.035261 -0.011230 -0.025899 -0.053412 -0.051382 -0.026105 0.016842 0.093269 0.132202 0.107412 0.091908 0.116019 0.154099 0.142512 0.074540 0.017262 0.029247 0.075453 0.069469 0.052261 0.015436 -0.041761 -0.037880 -0.046331 -0.079327 -0.098495 -0.099209 -0.069402 -0.012921 0.030988 0.028904 0.037938 0.070420 0.089507 0.133540 0.192781 0.175487 0.110848 0.056533 0.099844 0.131081 0.037980 -0.036355 -0.038337 -0.009211 0.044463 0.061351 0.040186 0.057743 0.033947 -0.078008 -0.153195 -0.095797 -0.052314 -0.090925 -0.070071 0.011860 0.044055 0.012130 -0.003136 0.023446 0.043220 0.039363 -0.022265 -0.027513 0.010776 0.028366 0.071986 0.140166 0.190650 0.215363 0.200103 0.119276 0.054182 0.033717 -0.044560 -0.142699 -0.193739 -0.217359 -0.243272 -0.167055 -0.060311 -0.041226 -0.039416 0.015474 0.055719 0.083197 0.073236 0.018076 0.038606 0.118424 0.104526 0.029032 -0.015071 -0.044826 -0.017355 0.083419 0.135759 0.140824 0.183770 0.256825 0.254222 0.159853 0.114663 0.128018 0.126070 0.097739 0.063499 0.026795 -0.002051 -0.010148 0.010306 0.011197 -0.037438 -0.076173 -0.051836 0.012263 0.064766 0.106822 0.125396 0.096877 0.062394 0.060170 0.073289 0.039529 -0.001785 0.055766 0.134315 0.137173 0.085373 -0.008920 -0.070669 0.005576 0.075169 0.026094 -0.043058 -0.038429 -0.030657 -0.064170 -0.078969 -0.035525 0.046677 0.137960 0.233271 0.281970 0.190805 -0.025783 -0.151761 -0.120669 -0.084321 -0.154686 -0.294612 -0.363896 -0.324952 -0.262956 -0.207819 -0.115323 -0.060565 -0.089933 -0.107738 -0.027035 0.047262 0.027022 0.021941 0.079091 0.116867 0.081095 0.025264 -0.053561 -0.137914 -0.180058 -0.181691 -0.146601 -0.130512 -0.135968
0.002012 -0.054770 -0.074074 -0.045670 -0.032765 -0.080801 -0.146886 -0.209354 -0.236806 -0.165403 -0.025858 0.039504 0.024721 -0.014789 -0.048791 -0.024387 0.025420 0.020971 -0.028515 -0.084885 -0.105926 -0.061433 0.031045 0.071004 0.034084 0.029134 0.070180 0.097486 0.089455 0.059436 0.067351 0.140087 0.199323 0.161881 0.089457 0.013061 -0.080683 -0.077304 -0.000993 0.020221 -0.035987 -0.077125 -0.068530 -0.066788 -0.083971 -0.100018 -0.086680 -0.053596 -0.023100 0.032678 0.109574 0.129862 0.099594 0.079426 0.123640 0.102048 -0.058402 -0.159633 -0.148545 -0.116048 -0.050531 0.028374 0.067192 0.106582 0.104658 -0.043163 -0.203583 -0.198043 -0.163665 -0.186165 -0.149656 -0.019143 0.071715 0.057647 0.026350 0.036550 0.091424 0.164185 0.155293 0.120268 0.125304 0.104677 0.054315 0.066981 0.147039 0.196839 0.166648 0.083454 0.028520 0.018448 -0.005027 -0.051176 -0.146226 -0.242967 -0.260440 -0.111066 0.054022 0.063387 0.006658 -0.004410 -0.010732 0.004061 0.021404 -0.029865 -0.033402 0.058420 0.099998 0.062368 0.022289 -0.005943 0.007677 0.112307 0.205886 0.225324 0.206610 0.183253 0.126234 0.113066 0.138050 0.134144 0.117743 0.119626 0.133182 0.148228 0.115603 0.059671 0.059257 0.082930 0.040871 -0.026645 -0.033219 0.020356 0.077536 0.145041 0.180488 0.119424 0.039407 0.031914 0.078321 0.072835 0.026820 0.017895 0.061196 0.146744 0.240124 0.234835 0.123749 0.031488 -0.017188 -0.073665 -0.095994 -0.033548 0.003384 -0.038728 -0.069924 -0.047680 -0.003243 0.073038 0.198007 0.266976 0.165553 -0.046922 -0.139195 -0.068307 -0.014615 -0.089849 -0.246171 -0.339545 -0.301103 -0.180802 -0.078188 -0.067280 -0.133608 -0.178779 -0.120456 -0.017783 0.039156 0.020539 0.002621 0.028615 0.049809 0.059174 0.044923 -0.013854 -0.081149 -0.113596 -0.130095 -0.125907 -0.119079 -0.125050
-0.037645 -0.146859 -0.208043 -0.142992 -0.046624 -0.025283 -0.055807 -0.120048 -0.172017 -0.134053 -0.026243 0.036626 0.043640 0.012433 -0.029649 -0.017447 0.025383 0.011899 -0.054758 -0.140006 -0.185688 -0.154441 -0.066687 -0.015005 -0.037473 -0.033373 0.021533 0.041167 0.029501 0.034105 0.066911 0.105472 0.140426 0.154071 0.132073 0.049769 -0.083761 -0.076272 0.107693 0.215575 0.086492 -0.023451 -0.026953 -0.064188 -0.129392 -0.149957 -0.131186 -0.104761 -0.070169 -0.005393 0.079431 0.106968 0.065876 0.051200 0.087185 0.045900 -0.116590 -0.225459 -0.193995 -0.139445 -0.075636 0.018837 0.095912 0.146833 0.146288 -0.004353 -0.186377 -0.220219 -0.221610 -0.278848 -0.275321 -0.117144 0.029984 0.056505 0.017062 0.007022 0.060928 0.149648 0.174231 0.150090 0.190871 0.190926 0.049574 -0.010603 0.056623 0.080201 0.046979 0.033053 0.037666 0.007840 -0.040629 -0.058096 -0.144400 -0.260075 -0.222474 -0.020232 0.148514 0.134266 0.036403 -0.014382 -0.028786 -0.004696 0.028977 -0.028130 -0.082547 -0.038063 0.039125 0.072850 0.064960 0.036031 0.020122 0.101509 0.223902 0.257367 0.154384 0.062987 0.037809 0.068836 0.077959 0.049272 0.033162 0.048882 0.109160 0.186340 0.150740 0.063464 0.072362 0.139535 0.126684 0.047579 0.007844 0.048690 0.117567 0.172969 0.175061 0.079606 -0.038567 -0.073329 -0.008625 0.037740 0.031994 0.028910 0.067669 0.145442 0.240365 0.274407 0.162052 -0.030486 -0.133326 -0.118883 -0.072215 -0.013130 0.020981 -0.022563 -0.059871 -0.044205 -0.024258 0.033840 0.122229 0.141217 0.047200 -0.105299 -0.139477 -0.036908 0.032543 0.002556 -0.105066 -0.192372 -0.168152 -0.034214 0.059594 -0.029641 -0.198915 -0.212704 -0.025291 0.089962 0.046574 -0.027638 -0.053615 -0.043676 -0.044005 -0.007672 0.032766 0.010855 -0.054338 -0.095030 -0.101005 -0.071852 -0.043234 -0.046544
-0.031725 -0.158371 -0.247754 -0.185769 -0.061351 0.017463 0.035720 0.004148 -0.041333 -0.064777 -0.052046 -0.000825 0.056916 0.050933 -0.026171 -0.079745 -0.060954 -0.052291 -0.086296 -0.144710 -0.175796 -0.145084 -0.072525 -0.012985 -0.014418 -0.041942 -0.039847 -0.022168 0.000420 0.023302 0.046428 0.034641 0.009486 0.033526 0.078953 0.057096 -0.037107 -0.013141 0.202970 0.344197 0.166595 0.009583 0.006744 -0.027411 -0.098476 -0.116685 -0.094980 -0.066052 -0.026789 0.031278 0.085196 0.078338 0.013295 -0.008018 0.021808 0.005058 -0.097802 -0.193560 -0.166693 -0.106966 -0.055460 0.011963 0.079224 0.118919 0.113353 0.009167 -0.127286 -0.174993 -0.220235 -0.334657 -0.370169 -0.190885 -0.000731 0.054311 -0.010199 -0.065557 -0.043531 0.055929 0.125995 0.114545 0.205898 0.275549 0.104854 -0.023055 -0.017302 -0.028672 -0.051026 -0.007875 0.089995 0.077405 -0.050387 -0.094190 -0.125266 -0.185131 -0.106580 0.054691 0.152036 0.116308 0.026892 -0.021684 -0.026271 0.028784 0.089018 0.031177 -0.070533 -0.098407 -0.054929 -0.003617 0.034974 0.039600 0.017363 0.056237 0.139655 0.150755 0.036899 -0.051429 -0.029690 0.015942 0.004869 -0.005639 0.019650 0.052004 0.100867 0.147645 0.107193 0.040977 0.050251 0.097659 0.099663 0.067961 0.054915 0.088989 0.129331 0.097266 0.024817 -0.059710 -0.149999 -0.178014 -0.115485 -0.040798 0.020767 0.092377 0.131086 0.128474 0.137853 0.156446 0.077471 -0.078197 -0.113378 -0.008957 0.026565 -0.009817 -0.022450 -0.034356 -0.038028 -0.020453 -0.002787 0.040556 0.037363 -0.031250 -0.097148 -0.168517 -0.174998 -0.100193 -0.037542 0.012524 0.007169 -0.047759 -0.044923 0.055816 0.117571 0.016570 -0.114435 -0.068337 0.089791 0.122526 0.020662 -0.050886 -0.047074 -0.031826 -0.045446 -0.039512 0.006883 0.018717 -0.044380 -0.091950 -0.076382 -0.023482 0.017666 0.019956
-0.047723 -0.142192 -0.210258 -0.166364 -0.061144 0.027403 0.040568 0.005877 -0.010129 -0.022865 -0.034298 0.021249 0.107133 0.097941 -0.031903 -0.127563 -0.098462 -0.041645 -0.040356 -0.079336 -0.094298 -0.063098 -0.028624 0.013682 0.034730 -0.022923 -0.062267 -0.012925 0.055027 0.068844 0.080649 0.047478 -0.051142 -0.063502 0.022661 0.061590 0.023563 0.036604 0.136122 0.201028 0.109327 0.034476 0.032616 -0.023865 -0.094657 -0.088164 -0.041925 -0.006177 0.025375 0.051360 0.058568 0.025754 -0.030817 -0.058313 -0.044008 -0.014834 -0.051815 -0.135500 -0.128339 -0.094529 -0.065494 -0.020584 0.028368 0.046298 0.033337 -0.015844 -0.081683 -0.098879 -0.142725 -0.262539 -0.289194 -0.144721 -0.008105 0.027706 -0.049448 -0.126711 -0.110732 0.039006 0.177068 0.125687 0.138408 0.209020 0.107583 -0.003520 -0.050345 -0.083942 -0.096466 -0.046296 0.100153 0.138810 0.008816 -0.051826 -0.046739 -0.046689 0.009887 0.059564 0.083083 0.082695 0.058855 0.035246 0.010752 0.052187 0.129018 0.112703 0.041965 -0.008063 -0.046113 -0.058323 -0.008550 0.013542 -0.013913 0.003559 0.054389 0.053049 -0.022425 -0.074211 -0.032321 0.014423 0.014506 0.042894 0.115400 0.185371 0.208141 0.163077 0.091797 0.064944 0.074844 0.053639 0.007982 0.012999 0.060966 0.114599 0.107390 -0.031021 -0.172135 -0.250311 -0.290915 -0.245384 -0.133653 -0.040120 0.030812 0.098233 0.112964 0.095535 0.102021 0.094123 0.000519 -0.107971 -0.047465 0.106067 0.067949 -0.068075 -0.100063 -0.048828 0.003792 0.027785 0.054932 0.059948 -0.055753 -0.168066 -0.204153 -0.248855 -0.264995 -0.214728 -0.148076 -0.060281 -0.015377 -0.017304 0.032593 0.144775 0.202391 0.094003 -0.026380 0.007478 0.047549 0.001184 -0.076106 -0.091132 -0.035919 0.006712 0.005678 -0.012528 0.002217 0.028122 -0.000559 -0.022304 -0.000931 0.036255 0.069152 0.064732
-0.053572 -0.120875 -0.148186 -0.096995 -0.011135 0.051987 0.022665 -0.050825 -0.057649 -0.028830 -0.010306 0.059361 0.171560 0.157679 -0.022361 -0.121107 -0.057856 0.022884 0.018220 -0.028345 -0.035637 -0.015684 -0.023709 0.008391 0.063467 -0.004777 -0.061630 0.004453 0.086029 0.086217 0.077138 0.016692 -0.106280 -0.081273 0.056103 0.112330 0.089857 0.077875 0.052679 0.033724 0.048165 0.085694 0.072967 -0.048514 -0.134626 -0.091416 -0.010352 0.039161 0.064725 0.047037 0.018199 -0.007399 -0.037217 -0.077517 -0.080637 -0.016833 -0.006853 -0.056188 -0.053727 -0.064113 -0.070102 -0.044794 -0.012242 -0.005536 -0.024777 -0.046132 -0.051683 -0.012053 -0.023588 -0.131174 -0.146152 -0.075152 -0.042205 -0.031254 -0.076495 -0.118368 -0.070888 0.091150 0.232690 0.155587 0.094348 0.123060 0.069652 -0.005425 -0.072156 -0.113565 -0.117532 -0.085395 0.039392 0.103036 0.038102 -0.000438 -0.006596 -0.006103 -0.001777 -0.021527 0.006541 0.090074 0.138326 0.133824 0.075123 0.065963 0.131922 0.161875 0.151858 0.122386 0.036441 -0.034891 -0.003531 -0.008743 -0.066512 -0.054999 -0.014058 -0.006541 -0.036930 -0.053531 -0.015305 0.026301 0.062029 0.135840 0.227592 0.305061 0.319887 0.231416 0.114400 0.086661 0.098164 0.035560 -0.046070 -0.028989 0.036301 0.105251 0.080478 -0.116543 -0.296830 -0.387881 -0.396513 -0.269955 -0.076577 0.042185 0.086154 0.087683 0.074150 0.095030 0.157447 0.136643 -0.018465 -0.150462 -0.037930 0.123642 0.012396 -0.171806 -0.161978 -0.038100 0.044032 0.063993 0.098147 0.073015 -0.107326 -0.215141 -0.237618 -0.305917 -0.342798 -0.271363 -0.166486 -0.089826 -0.076807 -0.044745 0.089477 0.261969 0.341381 0.197726 0.019668 0.001184 -0.035400 -0.110555 -0.156942 -0.147330 -0.061111 0.012579 0.023846 0.007750 0.014850 0.054116 0.056638 0.058243 0.067997 0.088098 0.125414 0.114164
